[Header]
Application Name	LabSolutions
Version	5.101
Data File Name	C:\Users\User\Desktop\Mervan_EnyzmeML\Kinetics\Kinetics\PEP\R0.lcd
Output Date	11.3.2026.
Output Time	14:13:42

[File Information]
Type	Data File
Generated	22.7.2022. 7:44:12
Generated by	System Administrator
Modified	22.7.2022. 9:13:42
Modified by	System Administrator

[Sample Information]
Operator Name	System Administrator
Acquired	22.7.2022. 7:44:29
Sample Type	0:Unknown
Level	0
Sample Name	
Sample ID	
ISTD Amount1	1
ISTD Amount2	1
ISTD Amount3	1
ISTD Amount4	1
ISTD Amount5	1
ISTD Amount6	1
ISTD Amount7	1
ISTD Amount8	1
ISTD Amount9	1
ISTD Amount10	1
ISTD Amount11	1
ISTD Amount12	1
ISTD Amount13	1
ISTD Amount14	1
ISTD Amount15	1
ISTD Amount16	1
ISTD Amount17	1
ISTD Amount18	1
ISTD Amount19	1
ISTD Amount20	1
ISTD Amount21	1
ISTD Amount22	1
ISTD Amount23	1
ISTD Amount24	1
ISTD Amount25	1
ISTD Amount26	1
ISTD Amount27	1
ISTD Amount28	1
ISTD Amount29	1
ISTD Amount30	1
ISTD Amount31	1
ISTD Amount32	1
Sample Amount	1
Dilution Factor	1
Vial#	31
Injection Volume	15

[Original Files]
Data File	C:\LabSolutions\Data\Project1\Mervan\Method development\2022-07-19 (PEP)\S0.lcd
Method File	C:\LabSolutions\Data\Project1\Mervan\Mervan Derivatization - Short - Isocratic.lcm
Batch File	C:\LabSolutions\Data\Project1\Mervan batch.lcb
Report Format File	c:\LabSolutions\System\DEFAULT.lsr

[File Description]


[Configuration]
Instrument Name	LC40_01
Instrument #	1
Line #	1
# of Detectors	1
Detector ID	PDA
Detector Name	PDA
# of Channels	1

[Peak Table(PDA-Ch1)]
# of Peaks	2
Peak#	R.Time	I.Time	F.Time	Area	Height	A/H	Conc.	Mark	ID#	Name	k'	Plate #	Plate Ht.	Tailing	Resolution	Sep.Factor	Area Ratio	Height Ratio	Conc. %	Norm Conc.
1	10,024	9,888	10,304	10972	1079	10,164	0,106	   			0,000	18236	8,226	1,332	0,000	0,000	0	0	0,000	0,000
2	10,612	10,325	11,051	10364912	1043554	9,932	99,894	   			0,059	24379	6,153	1,172	2,067	0,000	0	0	0,000	0,000

[Compound Results(PDA)]
# of IDs	0

[Group Results(PDA)]
# of Groups	0

[LC Status Trace(Pump A Pressure)]
Interval(msec)	1000
# of Points	1921
Start Time(min)	0,000
End Time(min)	32,000
Intensity Units	bar
Intensity Multiplier	0,980665
R.Time (min)	Intensity
0,00000	78,4
0,01667	78,4
0,03333	76,8
0,05000	77,0
0,06667	77,8
0,08333	78,3
0,10000	78,7
0,11667	79,2
0,13333	79,4
0,15000	79,3
0,16667	79,0
0,18333	78,8
0,20000	78,9
0,21667	79,0
0,23333	79,1
0,25000	79,1
0,26667	79,2
0,28333	79,1
0,30000	79,2
0,31667	79,2
0,33333	79,3
0,35000	79,3
0,36667	79,3
0,38333	79,3
0,40000	79,2
0,41667	79,3
0,43333	79,3
0,45000	79,3
0,46667	79,3
0,48333	79,3
0,50000	79,2
0,51667	79,2
0,53333	79,3
0,55000	79,3
0,56667	79,3
0,58333	79,3
0,60000	79,3
0,61667	79,2
0,63333	79,3
0,65000	79,3
0,66667	79,3
0,68333	79,3
0,70000	79,3
0,71667	79,2
0,73333	79,2
0,75000	79,3
0,76667	79,3
0,78333	79,3
0,80000	79,3
0,81667	79,2
0,83333	79,3
0,85000	79,2
0,86667	79,2
0,88333	79,2
0,90000	79,2
0,91667	79,2
0,93333	79,3
0,95000	79,3
0,96667	79,2
0,98333	79,2
1,00000	79,3
1,01667	79,2
1,03333	79,2
1,05000	79,2
1,06667	79,2
1,08333	79,2
1,10000	79,2
1,11667	79,1
1,13333	79,2
1,15000	79,3
1,16667	79,2
1,18333	79,1
1,20000	79,2
1,21667	79,2
1,23333	79,2
1,25000	79,2
1,26667	79,2
1,28333	79,2
1,30000	79,2
1,31667	79,2
1,33333	79,2
1,35000	79,3
1,36667	79,1
1,38333	79,1
1,40000	79,2
1,41667	79,1
1,43333	79,2
1,45000	79,1
1,46667	79,1
1,48333	79,1
1,50000	79,2
1,51667	79,2
1,53333	79,1
1,55000	79,1
1,56667	79,1
1,58333	79,1
1,60000	79,1
1,61667	79,1
1,63333	79,1
1,65000	79,0
1,66667	79,1
1,68333	79,1
1,70000	79,1
1,71667	79,1
1,73333	79,1
1,75000	79,1
1,76667	79,1
1,78333	79,1
1,80000	79,0
1,81667	79,1
1,83333	79,1
1,85000	79,1
1,86667	79,1
1,88333	79,1
1,90000	79,1
1,91667	79,1
1,93333	79,0
1,95000	79,1
1,96667	79,0
1,98333	79,0
2,00000	79,0
2,01667	79,0
2,03333	79,0
2,05000	79,0
2,06667	79,0
2,08333	79,0
2,10000	79,0
2,11667	79,0
2,13333	79,0
2,15000	79,0
2,16667	79,0
2,18333	79,0
2,20000	79,0
2,21667	79,0
2,23333	79,0
2,25000	79,0
2,26667	79,0
2,28333	79,0
2,30000	79,0
2,31667	79,0
2,33333	79,0
2,35000	79,0
2,36667	79,0
2,38333	79,0
2,40000	79,0
2,41667	79,0
2,43333	79,0
2,45000	79,0
2,46667	78,9
2,48333	79,0
2,50000	79,0
2,51667	79,0
2,53333	79,1
2,55000	79,0
2,56667	79,1
2,58333	79,0
2,60000	79,0
2,61667	79,0
2,63333	79,0
2,65000	79,0
2,66667	79,0
2,68333	79,0
2,70000	79,0
2,71667	79,0
2,73333	79,0
2,75000	79,1
2,76667	79,0
2,78333	79,0
2,80000	79,1
2,81667	79,1
2,83333	79,0
2,85000	79,1
2,86667	79,1
2,88333	79,0
2,90000	79,0
2,91667	79,0
2,93333	79,1
2,95000	79,1
2,96667	79,1
2,98333	79,1
3,00000	79,1
3,01667	79,1
3,03333	79,1
3,05000	79,1
3,06667	79,1
3,08333	79,0
3,10000	79,1
3,11667	79,1
3,13333	79,1
3,15000	79,1
3,16667	79,1
3,18333	79,1
3,20000	79,1
3,21667	79,1
3,23333	79,1
3,25000	79,1
3,26667	79,1
3,28333	79,1
3,30000	79,1
3,31667	79,1
3,33333	79,1
3,35000	79,1
3,36667	79,3
3,38333	79,2
3,40000	79,2
3,41667	79,2
3,43333	79,2
3,45000	79,2
3,46667	79,2
3,48333	79,2
3,50000	79,2
3,51667	79,2
3,53333	79,2
3,55000	79,2
3,56667	79,2
3,58333	79,2
3,60000	79,2
3,61667	79,3
3,63333	79,2
3,65000	79,2
3,66667	79,3
3,68333	79,3
3,70000	79,2
3,71667	79,3
3,73333	79,3
3,75000	79,3
3,76667	79,3
3,78333	79,3
3,80000	79,3
3,81667	79,3
3,83333	79,4
3,85000	79,4
3,86667	79,3
3,88333	79,3
3,90000	79,4
3,91667	79,3
3,93333	79,3
3,95000	79,3
3,96667	79,4
3,98333	79,4
4,00000	79,4
4,01667	79,4
4,03333	79,4
4,05000	79,3
4,06667	79,4
4,08333	79,4
4,10000	79,4
4,11667	79,4
4,13333	79,4
4,15000	79,4
4,16667	79,4
4,18333	79,5
4,20000	79,4
4,21667	79,4
4,23333	79,4
4,25000	79,5
4,26667	79,6
4,28333	79,9
4,30000	79,9
4,31667	80,1
4,33333	80,2
4,35000	80,3
4,36667	80,2
4,38333	80,2
4,40000	80,2
4,41667	80,3
4,43333	80,2
4,45000	80,2
4,46667	80,2
4,48333	80,1
4,50000	80,2
4,51667	80,1
4,53333	80,0
4,55000	80,1
4,56667	80,1
4,58333	80,0
4,60000	80,0
4,61667	80,0
4,63333	79,9
4,65000	79,8
4,66667	79,8
4,68333	79,7
4,70000	79,7
4,71667	79,7
4,73333	79,5
4,75000	79,5
4,76667	79,5
4,78333	79,5
4,80000	79,4
4,81667	79,4
4,83333	79,4
4,85000	79,3
4,86667	79,3
4,88333	79,3
4,90000	79,2
4,91667	79,3
4,93333	79,2
4,95000	79,2
4,96667	79,2
4,98333	79,2
5,00000	79,2
5,01667	79,2
5,03333	79,2
5,05000	79,2
5,06667	79,4
5,08333	79,4
5,10000	79,5
5,11667	79,5
5,13333	79,5
5,15000	79,5
5,16667	79,6
5,18333	79,6
5,20000	79,6
5,21667	79,6
5,23333	79,5
5,25000	79,6
5,26667	79,6
5,28333	79,6
5,30000	79,6
5,31667	79,6
5,33333	79,6
5,35000	79,7
5,36667	79,7
5,38333	79,7
5,40000	79,7
5,41667	79,7
5,43333	79,7
5,45000	79,7
5,46667	79,6
5,48333	79,7
5,50000	79,7
5,51667	79,7
5,53333	79,7
5,55000	79,7
5,56667	79,7
5,58333	79,8
5,60000	79,8
5,61667	79,8
5,63333	79,8
5,65000	79,8
5,66667	79,8
5,68333	79,9
5,70000	79,9
5,71667	79,8
5,73333	79,9
5,75000	79,8
5,76667	79,9
5,78333	79,9
5,80000	79,8
5,81667	79,8
5,83333	79,8
5,85000	79,8
5,86667	79,9
5,88333	79,8
5,90000	79,8
5,91667	79,9
5,93333	79,8
5,95000	79,9
5,96667	79,9
5,98333	79,9
6,00000	79,9
6,01667	79,9
6,03333	80,0
6,05000	79,9
6,06667	80,0
6,08333	79,9
6,10000	80,0
6,11667	79,9
6,13333	79,9
6,15000	79,9
6,16667	79,9
6,18333	79,9
6,20000	79,9
6,21667	80,0
6,23333	79,9
6,25000	80,0
6,26667	80,0
6,28333	80,0
6,30000	80,1
6,31667	80,1
6,33333	80,0
6,35000	80,0
6,36667	80,0
6,38333	80,1
6,40000	80,0
6,41667	80,0
6,43333	80,0
6,45000	80,0
6,46667	80,1
6,48333	80,1
6,50000	80,0
6,51667	80,1
6,53333	80,0
6,55000	80,1
6,56667	80,1
6,58333	80,1
6,60000	80,1
6,61667	80,1
6,63333	80,1
6,65000	80,1
6,66667	80,1
6,68333	80,2
6,70000	80,1
6,71667	80,1
6,73333	80,1
6,75000	80,1
6,76667	80,2
6,78333	80,1
6,80000	80,2
6,81667	80,2
6,83333	80,1
6,85000	80,1
6,86667	80,1
6,88333	80,1
6,90000	80,1
6,91667	80,2
6,93333	80,2
6,95000	80,2
6,96667	80,3
6,98333	80,2
7,00000	80,2
7,01667	80,2
7,03333	80,2
7,05000	80,2
7,06667	80,1
7,08333	80,2
7,10000	80,2
7,11667	80,2
7,13333	80,3
7,15000	80,2
7,16667	80,3
7,18333	80,3
7,20000	80,3
7,21667	80,3
7,23333	80,3
7,25000	80,3
7,26667	80,3
7,28333	80,4
7,30000	80,3
7,31667	80,3
7,33333	80,2
7,35000	80,3
7,36667	80,3
7,38333	80,3
7,40000	80,3
7,41667	80,3
7,43333	80,3
7,45000	80,3
7,46667	80,3
7,48333	80,4
7,50000	80,3
7,51667	80,3
7,53333	80,3
7,55000	80,3
7,56667	80,3
7,58333	80,4
7,60000	80,4
7,61667	80,3
7,63333	80,4
7,65000	80,3
7,66667	80,4
7,68333	80,3
7,70000	80,3
7,71667	80,3
7,73333	80,4
7,75000	80,4
7,76667	80,3
7,78333	80,3
7,80000	80,3
7,81667	80,4
7,83333	80,3
7,85000	80,3
7,86667	80,3
7,88333	80,4
7,90000	80,4
7,91667	80,4
7,93333	80,3
7,95000	80,3
7,96667	80,4
7,98333	80,4
8,00000	80,4
8,01667	80,4
8,03333	80,4
8,05000	80,4
8,06667	80,4
8,08333	80,4
8,10000	80,4
8,11667	80,4
8,13333	80,4
8,15000	80,4
8,16667	80,4
8,18333	80,4
8,20000	80,3
8,21667	80,4
8,23333	80,4
8,25000	80,4
8,26667	80,3
8,28333	80,4
8,30000	80,4
8,31667	80,4
8,33333	80,4
8,35000	80,4
8,36667	80,4
8,38333	80,4
8,40000	80,4
8,41667	80,3
8,43333	80,4
8,45000	80,4
8,46667	80,4
8,48333	80,3
8,50000	80,4
8,51667	80,4
8,53333	80,4
8,55000	80,4
8,56667	80,4
8,58333	80,4
8,60000	80,3
8,61667	80,4
8,63333	80,4
8,65000	80,4
8,66667	80,4
8,68333	80,4
8,70000	80,4
8,71667	80,4
8,73333	80,3
8,75000	80,4
8,76667	80,3
8,78333	80,4
8,80000	80,4
8,81667	80,3
8,83333	80,3
8,85000	80,3
8,86667	80,4
8,88333	80,4
8,90000	80,4
8,91667	80,3
8,93333	80,4
8,95000	80,3
8,96667	80,4
8,98333	80,4
9,00000	80,4
9,01667	80,4
9,03333	80,4
9,05000	80,4
9,06667	80,3
9,08333	80,3
9,10000	80,3
9,11667	80,3
9,13333	80,4
9,15000	80,3
9,16667	80,3
9,18333	80,3
9,20000	80,2
9,21667	80,4
9,23333	80,3
9,25000	80,3
9,26667	80,3
9,28333	80,3
9,30000	80,3
9,31667	80,3
9,33333	80,3
9,35000	80,3
9,36667	80,3
9,38333	80,3
9,40000	80,3
9,41667	80,3
9,43333	80,3
9,45000	80,3
9,46667	80,3
9,48333	80,3
9,50000	80,3
9,51667	80,3
9,53333	80,4
9,55000	80,3
9,56667	80,3
9,58333	80,4
9,60000	80,4
9,61667	80,3
9,63333	80,3
9,65000	80,2
9,66667	80,3
9,68333	80,2
9,70000	80,2
9,71667	80,3
9,73333	80,3
9,75000	80,3
9,76667	80,2
9,78333	80,3
9,80000	80,3
9,81667	80,3
9,83333	80,2
9,85000	80,3
9,86667	80,3
9,88333	80,2
9,90000	80,3
9,91667	80,3
9,93333	80,3
9,95000	80,3
9,96667	80,3
9,98333	80,2
10,00000	80,2
10,01667	80,3
10,03333	80,2
10,05000	80,3
10,06667	80,2
10,08333	80,3
10,10000	80,2
10,11667	80,2
10,13333	80,3
10,15000	80,3
10,16667	80,2
10,18333	80,2
10,20000	80,1
10,21667	80,2
10,23333	80,2
10,25000	80,2
10,26667	80,2
10,28333	80,2
10,30000	80,2
10,31667	80,1
10,33333	80,1
10,35000	80,2
10,36667	80,1
10,38333	80,2
10,40000	80,2
10,41667	80,2
10,43333	80,1
10,45000	80,2
10,46667	80,1
10,48333	80,2
10,50000	80,2
10,51667	80,2
10,53333	80,1
10,55000	80,1
10,56667	80,1
10,58333	80,2
10,60000	80,1
10,61667	80,1
10,63333	80,2
10,65000	80,1
10,66667	80,1
10,68333	80,1
10,70000	80,1
10,71667	80,1
10,73333	80,1
10,75000	80,1
10,76667	80,0
10,78333	80,1
10,80000	80,1
10,81667	80,1
10,83333	80,1
10,85000	80,0
10,86667	80,0
10,88333	80,1
10,90000	80,1
10,91667	80,1
10,93333	80,1
10,95000	80,0
10,96667	80,0
10,98333	80,0
11,00000	80,0
11,01667	80,0
11,03333	80,0
11,05000	80,0
11,06667	80,0
11,08333	80,1
11,10000	80,1
11,11667	80,0
11,13333	80,0
11,15000	80,1
11,16667	80,0
11,18333	80,0
11,20000	80,0
11,21667	80,0
11,23333	80,0
11,25000	80,0
11,26667	80,0
11,28333	80,0
11,30000	80,0
11,31667	80,0
11,33333	80,0
11,35000	80,0
11,36667	80,0
11,38333	80,0
11,40000	80,0
11,41667	80,0
11,43333	80,0
11,45000	79,9
11,46667	80,0
11,48333	80,0
11,50000	80,0
11,51667	79,9
11,53333	79,9
11,55000	79,9
11,56667	79,9
11,58333	79,9
11,60000	79,9
11,61667	79,9
11,63333	79,9
11,65000	79,9
11,66667	79,9
11,68333	79,9
11,70000	80,0
11,71667	79,8
11,73333	79,9
11,75000	79,8
11,76667	79,8
11,78333	79,9
11,80000	79,9
11,81667	79,9
11,83333	79,9
11,85000	79,8
11,86667	79,8
11,88333	79,9
11,90000	79,9
11,91667	79,8
11,93333	79,9
11,95000	79,8
11,96667	79,9
11,98333	79,9
12,00000	79,9
12,01667	79,8
12,03333	79,8
12,05000	79,8
12,06667	79,8
12,08333	79,9
12,10000	79,9
12,11667	79,8
12,13333	79,8
12,15000	79,8
12,16667	79,8
12,18333	79,8
12,20000	79,8
12,21667	79,8
12,23333	79,8
12,25000	79,8
12,26667	79,8
12,28333	79,8
12,30000	79,8
12,31667	79,8
12,33333	79,7
12,35000	79,7
12,36667	79,8
12,38333	79,8
12,40000	79,8
12,41667	79,7
12,43333	79,8
12,45000	79,7
12,46667	79,8
12,48333	79,8
12,50000	79,8
12,51667	79,7
12,53333	79,8
12,55000	79,7
12,56667	79,8
12,58333	79,8
12,60000	79,7
12,61667	79,7
12,63333	79,8
12,65000	79,7
12,66667	79,7
12,68333	79,7
12,70000	79,7
12,71667	79,7
12,73333	79,7
12,75000	79,7
12,76667	79,7
12,78333	79,7
12,80000	79,7
12,81667	79,7
12,83333	79,7
12,85000	79,7
12,86667	79,8
12,88333	79,7
12,90000	79,7
12,91667	79,7
12,93333	79,7
12,95000	79,7
12,96667	79,7
12,98333	79,7
13,00000	79,7
13,01667	79,6
13,03333	79,7
13,05000	79,6
13,06667	79,7
13,08333	79,7
13,10000	79,7
13,11667	79,7
13,13333	79,7
13,15000	79,7
13,16667	79,7
13,18333	79,7
13,20000	79,7
13,21667	79,7
13,23333	79,7
13,25000	79,6
13,26667	79,6
13,28333	79,6
13,30000	79,6
13,31667	79,6
13,33333	79,6
13,35000	79,6
13,36667	79,7
13,38333	79,7
13,40000	79,6
13,41667	79,6
13,43333	79,7
13,45000	79,6
13,46667	79,7
13,48333	79,7
13,50000	79,6
13,51667	79,6
13,53333	79,7
13,55000	79,6
13,56667	79,6
13,58333	79,6
13,60000	79,7
13,61667	79,6
13,63333	79,6
13,65000	79,6
13,66667	79,6
13,68333	79,7
13,70000	79,7
13,71667	79,6
13,73333	79,6
13,75000	79,6
13,76667	79,6
13,78333	79,6
13,80000	79,6
13,81667	79,6
13,83333	79,6
13,85000	79,5
13,86667	79,6
13,88333	79,6
13,90000	79,6
13,91667	79,6
13,93333	79,6
13,95000	79,5
13,96667	79,6
13,98333	79,5
14,00000	79,6
14,01667	79,5
14,03333	79,6
14,05000	79,5
14,06667	79,5
14,08333	79,6
14,10000	79,6
14,11667	79,6
14,13333	79,6
14,15000	79,6
14,16667	79,6
14,18333	79,5
14,20000	79,6
14,21667	79,5
14,23333	79,6
14,25000	79,5
14,26667	79,6
14,28333	79,5
14,30000	79,5
14,31667	79,5
14,33333	79,5
14,35000	79,5
14,36667	79,6
14,38333	79,5
14,40000	79,5
14,41667	79,5
14,43333	79,5
14,45000	79,5
14,46667	79,5
14,48333	79,5
14,50000	79,5
14,51667	79,5
14,53333	79,6
14,55000	79,5
14,56667	79,6
14,58333	79,5
14,60000	79,6
14,61667	79,5
14,63333	79,6
14,65000	79,5
14,66667	79,5
14,68333	79,5
14,70000	79,5
14,71667	79,5
14,73333	79,5
14,75000	79,5
14,76667	79,5
14,78333	79,6
14,80000	79,5
14,81667	79,5
14,83333	79,5
14,85000	79,5
14,86667	79,6
14,88333	79,5
14,90000	79,5
14,91667	79,5
14,93333	79,6
14,95000	79,5
14,96667	79,5
14,98333	79,6
15,00000	79,5
15,01667	79,5
15,03333	79,5
15,05000	79,4
15,06667	79,5
15,08333	79,5
15,10000	79,5
15,11667	79,5
15,13333	79,5
15,15000	79,5
15,16667	79,5
15,18333	79,5
15,20000	79,5
15,21667	79,5
15,23333	79,5
15,25000	79,4
15,26667	79,6
15,28333	79,5
15,30000	79,5
15,31667	79,5
15,33333	79,5
15,35000	79,5
15,36667	79,5
15,38333	79,5
15,40000	79,5
15,41667	79,5
15,43333	79,5
15,45000	79,5
15,46667	79,5
15,48333	79,5
15,50000	79,5
15,51667	79,4
15,53333	79,5
15,55000	79,5
15,56667	79,5
15,58333	79,5
15,60000	79,5
15,61667	79,5
15,63333	79,5
15,65000	79,5
15,66667	79,5
15,68333	79,5
15,70000	79,5
15,71667	79,5
15,73333	79,5
15,75000	79,5
15,76667	79,5
15,78333	79,5
15,80000	79,5
15,81667	79,5
15,83333	79,5
15,85000	79,5
15,86667	79,5
15,88333	79,5
15,90000	79,5
15,91667	79,5
15,93333	79,5
15,95000	79,5
15,96667	79,5
15,98333	79,5
16,00000	79,5
16,01667	79,4
16,03333	79,5
16,05000	79,5
16,06667	79,4
16,08333	79,5
16,10000	79,5
16,11667	79,5
16,13333	79,5
16,15000	79,4
16,16667	79,5
16,18333	79,5
16,20000	79,5
16,21667	79,5
16,23333	79,5
16,25000	79,5
16,26667	79,5
16,28333	79,5
16,30000	79,5
16,31667	79,4
16,33333	79,5
16,35000	79,4
16,36667	79,6
16,38333	79,5
16,40000	79,5
16,41667	79,5
16,43333	79,5
16,45000	79,5
16,46667	79,5
16,48333	79,5
16,50000	79,5
16,51667	79,5
16,53333	79,4
16,55000	79,5
16,56667	79,4
16,58333	79,4
16,60000	79,5
16,61667	79,5
16,63333	79,5
16,65000	79,5
16,66667	79,4
16,68333	79,5
16,70000	79,4
16,71667	79,5
16,73333	79,5
16,75000	79,5
16,76667	79,4
16,78333	79,4
16,80000	79,5
16,81667	79,5
16,83333	79,5
16,85000	79,5
16,86667	79,4
16,88333	79,4
16,90000	79,4
16,91667	79,4
16,93333	79,5
16,95000	79,4
16,96667	79,5
16,98333	79,4
17,00000	79,5
17,01667	79,5
17,03333	79,4
17,05000	79,5
17,06667	79,5
17,08333	79,5
17,10000	79,5
17,11667	79,4
17,13333	79,5
17,15000	79,5
17,16667	79,4
17,18333	79,4
17,20000	79,4
17,21667	79,4
17,23333	79,4
17,25000	79,4
17,26667	79,4
17,28333	79,4
17,30000	79,4
17,31667	79,4
17,33333	79,4
17,35000	79,5
17,36667	79,4
17,38333	79,5
17,40000	79,4
17,41667	79,4
17,43333	79,4
17,45000	79,4
17,46667	79,4
17,48333	79,4
17,50000	79,4
17,51667	79,4
17,53333	79,4
17,55000	79,4
17,56667	79,4
17,58333	79,4
17,60000	79,4
17,61667	79,3
17,63333	79,4
17,65000	79,4
17,66667	79,4
17,68333	79,4
17,70000	79,3
17,71667	79,4
17,73333	79,4
17,75000	79,3
17,76667	79,5
17,78333	79,3
17,80000	79,3
17,81667	79,3
17,83333	79,3
17,85000	79,3
17,86667	79,3
17,88333	79,4
17,90000	79,3
17,91667	79,3
17,93333	79,3
17,95000	79,4
17,96667	79,3
17,98333	79,4
18,00000	79,3
18,01667	79,3
18,03333	79,3
18,05000	79,3
18,06667	79,3
18,08333	79,3
18,10000	79,3
18,11667	79,3
18,13333	79,3
18,15000	79,3
18,16667	79,4
18,18333	79,3
18,20000	79,3
18,21667	79,2
18,23333	79,2
18,25000	79,3
18,26667	79,2
18,28333	79,3
18,30000	79,3
18,31667	79,2
18,33333	79,3
18,35000	79,2
18,36667	79,2
18,38333	79,3
18,40000	79,2
18,41667	79,2
18,43333	79,2
18,45000	79,2
18,46667	79,2
18,48333	79,1
18,50000	79,2
18,51667	79,1
18,53333	79,1
18,55000	79,1
18,56667	79,1
18,58333	79,1
18,60000	79,1
18,61667	79,2
18,63333	79,1
18,65000	79,2
18,66667	79,1
18,68333	79,2
18,70000	79,1
18,71667	79,1
18,73333	79,1
18,75000	79,2
18,76667	79,1
18,78333	79,1
18,80000	79,1
18,81667	79,0
18,83333	79,1
18,85000	79,1
18,86667	79,1
18,88333	79,1
18,90000	79,0
18,91667	79,0
18,93333	79,1
18,95000	79,0
18,96667	79,1
18,98333	79,0
19,00000	79,0
19,01667	79,0
19,03333	79,0
19,05000	79,0
19,06667	79,0
19,08333	79,0
19,10000	79,0
19,11667	79,0
19,13333	79,0
19,15000	79,0
19,16667	78,9
19,18333	78,9
19,20000	79,0
19,21667	78,9
19,23333	78,9
19,25000	78,9
19,26667	78,9
19,28333	78,9
19,30000	78,9
19,31667	78,9
19,33333	78,8
19,35000	78,9
19,36667	78,8
19,38333	78,9
19,40000	78,9
19,41667	78,9
19,43333	78,9
19,45000	78,9
19,46667	78,8
19,48333	78,8
19,50000	78,8
19,51667	78,8
19,53333	78,8
19,55000	78,7
19,56667	78,7
19,58333	78,8
19,60000	78,7
19,61667	78,7
19,63333	78,8
19,65000	78,7
19,66667	78,7
19,68333	78,7
19,70000	78,7
19,71667	78,7
19,73333	78,7
19,75000	78,7
19,76667	78,7
19,78333	78,7
19,80000	78,6
19,81667	78,7
19,83333	78,6
19,85000	78,6
19,86667	78,7
19,88333	78,6
19,90000	78,6
19,91667	78,6
19,93333	78,6
19,95000	78,6
19,96667	78,6
19,98333	78,6
20,00000	78,5
20,01667	78,6
20,03333	78,6
20,05000	78,5
20,06667	78,5
20,08333	78,6
20,10000	78,5
20,11667	78,6
20,13333	78,5
20,15000	78,4
20,16667	78,5
20,18333	78,5
20,20000	78,5
20,21667	78,5
20,23333	78,4
20,25000	78,5
20,26667	78,4
20,28333	78,4
20,30000	78,4
20,31667	78,4
20,33333	78,5
20,35000	78,4
20,36667	78,4
20,38333	78,4
20,40000	78,4
20,41667	78,3
20,43333	78,4
20,45000	78,3
20,46667	78,3
20,48333	78,3
20,50000	78,3
20,51667	78,3
20,53333	78,3
20,55000	78,2
20,56667	78,3
20,58333	78,2
20,60000	78,2
20,61667	78,2
20,63333	78,2
20,65000	78,2
20,66667	78,2
20,68333	78,2
20,70000	78,1
20,71667	78,1
20,73333	78,1
20,75000	78,1
20,76667	78,0
20,78333	78,1
20,80000	78,0
20,81667	78,0
20,83333	78,0
20,85000	78,0
20,86667	77,9
20,88333	77,9
20,90000	77,9
20,91667	77,9
20,93333	77,9
20,95000	77,8
20,96667	77,8
20,98333	77,7
21,00000	77,8
21,01667	77,7
21,03333	77,7
21,05000	77,6
21,06667	77,6
21,08333	77,6
21,10000	77,5
21,11667	77,5
21,13333	77,5
21,15000	77,4
21,16667	77,4
21,18333	77,4
21,20000	77,3
21,21667	77,3
21,23333	77,2
21,25000	77,2
21,26667	77,1
21,28333	77,1
21,30000	77,1
21,31667	77,1
21,33333	77,0
21,35000	76,9
21,36667	76,9
21,38333	76,8
21,40000	76,7
21,41667	76,7
21,43333	76,7
21,45000	76,7
21,46667	76,6
21,48333	76,5
21,50000	76,5
21,51667	76,5
21,53333	76,4
21,55000	76,4
21,56667	76,3
21,58333	76,2
21,60000	76,2
21,61667	76,2
21,63333	76,1
21,65000	76,2
21,66667	76,0
21,68333	75,9
21,70000	75,9
21,71667	75,8
21,73333	75,7
21,75000	75,8
21,76667	75,7
21,78333	75,6
21,80000	75,5
21,81667	75,6
21,83333	75,4
21,85000	75,4
21,86667	75,3
21,88333	75,3
21,90000	75,2
21,91667	75,2
21,93333	75,0
21,95000	75,0
21,96667	74,9
21,98333	74,9
22,00000	74,9
22,01667	74,8
22,03333	74,7
22,05000	74,6
22,06667	74,6
22,08333	74,4
22,10000	74,5
22,11667	74,4
22,13333	74,4
22,15000	74,3
22,16667	74,2
22,18333	74,2
22,20000	74,1
22,21667	74,0
22,23333	73,9
22,25000	73,9
22,26667	73,8
22,28333	73,7
22,30000	73,7
22,31667	73,6
22,33333	73,5
22,35000	73,5
22,36667	73,3
22,38333	73,3
22,40000	73,3
22,41667	73,2
22,43333	73,0
22,45000	73,0
22,46667	72,9
22,48333	72,8
22,50000	72,7
22,51667	72,7
22,53333	72,6
22,55000	72,6
22,56667	72,5
22,58333	72,4
22,60000	72,3
22,61667	72,2
22,63333	72,1
22,65000	72,0
22,66667	72,0
22,68333	71,9
22,70000	71,8
22,71667	71,7
22,73333	71,6
22,75000	71,6
22,76667	71,5
22,78333	71,4
22,80000	71,4
22,81667	71,3
22,83333	71,1
22,85000	71,1
22,86667	71,0
22,88333	70,9
22,90000	70,8
22,91667	70,7
22,93333	70,6
22,95000	70,6
22,96667	70,4
22,98333	70,3
23,00000	70,3
23,01667	70,2
23,03333	70,0
23,05000	70,0
23,06667	69,9
23,08333	69,7
23,10000	69,7
23,11667	69,6
23,13333	69,4
23,15000	69,4
23,16667	69,3
23,18333	69,1
23,20000	69,1
23,21667	68,9
23,23333	68,8
23,25000	68,8
23,26667	68,7
23,28333	68,5
23,30000	68,4
23,31667	68,3
23,33333	68,1
23,35000	68,0
23,36667	67,9
23,38333	67,7
23,40000	67,7
23,41667	67,6
23,43333	67,4
23,45000	67,3
23,46667	67,2
23,48333	67,0
23,50000	67,0
23,51667	66,9
23,53333	66,7
23,55000	66,7
23,56667	66,5
23,58333	66,3
23,60000	66,3
23,61667	66,2
23,63333	66,0
23,65000	66,0
23,66667	65,8
23,68333	65,7
23,70000	65,6
23,71667	65,5
23,73333	65,4
23,75000	65,3
23,76667	65,2
23,78333	65,1
23,80000	65,0
23,81667	64,9
23,83333	64,7
23,85000	64,7
23,86667	64,6
23,88333	64,5
23,90000	64,4
23,91667	64,3
23,93333	64,1
23,95000	64,1
23,96667	64,0
23,98333	63,9
24,00000	63,8
24,01667	63,7
24,03333	63,6
24,05000	63,5
24,06667	63,4
24,08333	63,3
24,10000	63,3
24,11667	63,2
24,13333	63,1
24,15000	63,0
24,16667	62,8
24,18333	62,8
24,20000	62,7
24,21667	62,6
24,23333	62,5
24,25000	62,4
24,26667	62,2
24,28333	62,2
24,30000	62,1
24,31667	62,0
24,33333	61,9
24,35000	61,8
24,36667	61,8
24,38333	61,6
24,40000	61,5
24,41667	61,5
24,43333	61,3
24,45000	61,3
24,46667	61,2
24,48333	61,0
24,50000	61,0
24,51667	60,9
24,53333	60,7
24,55000	60,7
24,56667	60,5
24,58333	60,4
24,60000	60,4
24,61667	60,3
24,63333	60,1
24,65000	60,1
24,66667	59,9
24,68333	59,8
24,70000	59,7
24,71667	59,6
24,73333	59,5
24,75000	59,4
24,76667	59,3
24,78333	59,2
24,80000	59,1
24,81667	59,0
24,83333	58,9
24,85000	58,8
24,86667	58,7
24,88333	58,6
24,90000	58,5
24,91667	58,4
24,93333	58,2
24,95000	58,2
24,96667	58,0
24,98333	57,9
25,00000	57,9
25,01667	57,8
25,03333	57,6
25,05000	57,6
25,06667	57,4
25,08333	57,3
25,10000	57,3
25,11667	57,2
25,13333	57,1
25,15000	57,0
25,16667	56,9
25,18333	56,7
25,20000	56,6
25,21667	56,6
25,23333	56,4
25,25000	56,3
25,26667	56,3
25,28333	56,1
25,30000	56,1
25,31667	55,9
25,33333	55,8
25,35000	55,7
25,36667	55,6
25,38333	55,5
25,40000	55,5
25,41667	55,3
25,43333	55,2
25,45000	55,1
25,46667	55,0
25,48333	54,9
25,50000	54,8
25,51667	54,8
25,53333	54,6
25,55000	54,6
25,56667	54,5
25,58333	54,4
25,60000	54,3
25,61667	54,3
25,63333	54,1
25,65000	54,0
25,66667	54,0
25,68333	53,8
25,70000	53,8
25,71667	53,7
25,73333	53,7
25,75000	53,6
25,76667	53,5
25,78333	53,4
25,80000	53,3
25,81667	53,3
25,83333	53,2
25,85000	53,1
25,86667	53,0
25,88333	53,0
25,90000	53,0
25,91667	52,9
25,93333	52,8
25,95000	52,8
25,96667	52,7
25,98333	52,7
26,00000	52,7
26,01667	52,7
26,03333	52,6
26,05000	52,6
26,06667	52,6
26,08333	52,6
26,10000	52,5
26,11667	52,5
26,13333	52,5
26,15000	52,4
26,16667	52,4
26,18333	52,4
26,20000	52,4
26,21667	52,4
26,23333	52,3
26,25000	52,3
26,26667	52,3
26,28333	52,3
26,30000	52,4
26,31667	52,3
26,33333	52,4
26,35000	52,3
26,36667	52,4
26,38333	52,4
26,40000	52,4
26,41667	52,5
26,43333	52,4
26,45000	52,5
26,46667	52,6
26,48333	52,5
26,50000	52,6
26,51667	52,6
26,53333	52,7
26,55000	52,7
26,56667	52,8
26,58333	52,8
26,60000	52,8
26,61667	52,9
26,63333	52,9
26,65000	52,9
26,66667	53,0
26,68333	53,0
26,70000	53,1
26,71667	53,1
26,73333	53,2
26,75000	53,2
26,76667	53,2
26,78333	53,3
26,80000	53,3
26,81667	53,4
26,83333	53,5
26,85000	53,5
26,86667	53,5
26,88333	53,6
26,90000	53,7
26,91667	53,7
26,93333	53,8
26,95000	53,8
26,96667	53,9
26,98333	54,0
27,00000	54,0
27,01667	54,1
27,03333	54,2
27,05000	54,2
27,06667	54,3
27,08333	54,4
27,10000	54,4
27,11667	54,5
27,13333	54,6
27,15000	54,7
27,16667	54,7
27,18333	54,8
27,20000	54,9
27,21667	54,9
27,23333	55,1
27,25000	55,1
27,26667	55,3
27,28333	55,3
27,30000	55,4
27,31667	55,5
27,33333	55,6
27,35000	55,7
27,36667	55,8
27,38333	55,9
27,40000	56,0
27,41667	56,0
27,43333	56,2
27,45000	56,2
27,46667	56,3
27,48333	56,5
27,50000	56,6
27,51667	56,7
27,53333	56,8
27,55000	56,8
27,56667	56,9
27,58333	57,1
27,60000	57,2
27,61667	57,2
27,63333	57,4
27,65000	57,4
27,66667	57,7
27,68333	57,7
27,70000	57,8
27,71667	58,0
27,73333	58,1
27,75000	58,2
27,76667	58,3
27,78333	58,5
27,80000	58,5
27,81667	58,7
27,83333	58,8
27,85000	58,9
27,86667	59,0
27,88333	59,1
27,90000	59,2
27,91667	59,4
27,93333	59,6
27,95000	59,6
27,96667	59,7
27,98333	59,9
28,00000	60,0
28,01667	60,0
28,03333	60,2
28,05000	60,3
28,06667	60,5
28,08333	60,6
28,10000	60,6
28,11667	60,7
28,13333	60,9
28,15000	60,9
28,16667	61,1
28,18333	61,2
28,20000	61,2
28,21667	61,4
28,23333	61,6
28,25000	61,6
28,26667	61,7
28,28333	61,9
28,30000	61,9
28,31667	62,0
28,33333	62,3
28,35000	62,3
28,36667	62,3
28,38333	62,5
28,40000	62,6
28,41667	62,6
28,43333	62,9
28,45000	62,9
28,46667	63,0
28,48333	63,1
28,50000	63,2
28,51667	63,2
28,53333	63,5
28,55000	63,5
28,56667	63,7
28,58333	63,7
28,60000	63,8
28,61667	63,9
28,63333	64,0
28,65000	64,1
28,66667	64,2
28,68333	64,4
28,70000	64,4
28,71667	64,4
28,73333	64,6
28,75000	64,7
28,76667	64,8
28,78333	64,9
28,80000	65,0
28,81667	65,1
28,83333	65,3
28,85000	65,3
28,86667	65,4
28,88333	65,5
28,90000	65,6
28,91667	65,7
28,93333	65,9
28,95000	65,9
28,96667	66,0
28,98333	66,1
29,00000	66,2
29,01667	66,3
29,03333	66,5
29,05000	66,5
29,06667	66,6
29,08333	66,8
29,10000	66,7
29,11667	66,8
29,13333	67,0
29,15000	67,1
29,16667	67,2
29,18333	67,4
29,20000	67,5
29,21667	67,4
29,23333	67,6
29,25000	67,7
29,26667	67,8
29,28333	67,9
29,30000	67,9
29,31667	68,0
29,33333	68,0
29,35000	68,1
29,36667	68,2
29,38333	68,4
29,40000	68,4
29,41667	68,5
29,43333	68,6
29,45000	68,7
29,46667	68,7
29,48333	68,8
29,50000	68,9
29,51667	69,0
29,53333	69,1
29,55000	69,2
29,56667	69,3
29,58333	69,4
29,60000	69,5
29,61667	69,6
29,63333	69,9
29,65000	69,9
29,66667	70,1
29,68333	70,2
29,70000	70,2
29,71667	70,4
29,73333	70,5
29,75000	70,6
29,76667	70,7
29,78333	70,9
29,80000	71,0
29,81667	71,1
29,83333	71,2
29,85000	71,3
29,86667	71,4
29,88333	71,6
29,90000	71,6
29,91667	71,7
29,93333	71,9
29,95000	72,0
29,96667	72,1
29,98333	72,3
30,00000	72,4
30,01667	72,4
30,03333	72,6
30,05000	72,6
30,06667	72,7
30,08333	72,8
30,10000	72,8
30,11667	73,0
30,13333	73,1
30,15000	73,2
30,16667	73,3
30,18333	73,5
30,20000	73,4
30,21667	73,5
30,23333	73,7
30,25000	73,7
30,26667	73,8
30,28333	73,9
30,30000	73,9
30,31667	74,0
30,33333	74,0
30,35000	74,1
30,36667	74,3
30,38333	74,4
30,40000	74,4
30,41667	74,5
30,43333	74,6
30,45000	74,6
30,46667	74,7
30,48333	74,8
30,50000	74,8
30,51667	74,9
30,53333	75,0
30,55000	75,1
30,56667	75,0
30,58333	75,1
30,60000	75,2
30,61667	75,2
30,63333	75,3
30,65000	75,4
30,66667	75,4
30,68333	75,5
30,70000	75,5
30,71667	75,6
30,73333	75,8
30,75000	75,7
30,76667	75,8
30,78333	75,9
30,80000	75,9
30,81667	75,9
30,83333	76,0
30,85000	76,0
30,86667	76,1
30,88333	76,2
30,90000	76,2
30,91667	76,3
30,93333	76,3
30,95000	76,3
30,96667	76,4
30,98333	76,5
31,00000	76,5
31,01667	76,6
31,03333	76,6
31,05000	76,6
31,06667	76,6
31,08333	76,7
31,10000	76,8
31,11667	76,8
31,13333	76,8
31,15000	76,8
31,16667	76,9
31,18333	76,9
31,20000	76,9
31,21667	77,0
31,23333	77,1
31,25000	77,1
31,26667	77,2
31,28333	77,3
31,30000	77,2
31,31667	77,2
31,33333	77,3
31,35000	77,3
31,36667	77,4
31,38333	77,4
31,40000	77,4
31,41667	77,5
31,43333	77,4
31,45000	77,5
31,46667	77,5
31,48333	77,6
31,50000	77,6
31,51667	77,7
31,53333	77,7
31,55000	77,7
31,56667	77,7
31,58333	77,7
31,60000	77,8
31,61667	77,8
31,63333	77,9
31,65000	77,9
31,66667	77,9
31,68333	77,9
31,70000	77,9
31,71667	77,9
31,73333	78,0
31,75000	78,1
31,76667	78,1
31,78333	78,1
31,80000	78,2
31,81667	78,1
31,83333	78,2
31,85000	78,2
31,86667	78,2
31,88333	78,2
31,90000	78,2
31,91667	78,3
31,93333	78,3
31,95000	78,3
31,96667	78,3
31,98333	78,4
32,00000	78,4

[LC Status Trace(Pump A Degasser Pressure)]
Interval(msec)	1000
# of Points	1921
Start Time(min)	0,000
End Time(min)	32,000
Intensity Units	bar
Intensity Multiplier	0,980665
R.Time (min)	Intensity
0,00000	954,4
0,01667	954,4
0,03333	954,4
0,05000	954,4
0,06667	955,4
0,08333	955,4
0,10000	955,4
0,11667	955,4
0,13333	955,4
0,15000	955,4
0,16667	954,4
0,18333	954,4
0,20000	954,4
0,21667	954,4
0,23333	954,4
0,25000	954,4
0,26667	953,4
0,28333	953,4
0,30000	953,4
0,31667	954,4
0,33333	954,4
0,35000	954,4
0,36667	954,4
0,38333	954,4
0,40000	954,4
0,41667	954,4
0,43333	954,4
0,45000	954,4
0,46667	954,4
0,48333	954,4
0,50000	954,4
0,51667	953,4
0,53333	953,4
0,55000	953,4
0,56667	954,4
0,58333	954,4
0,60000	954,4
0,61667	954,4
0,63333	954,4
0,65000	954,4
0,66667	954,4
0,68333	954,4
0,70000	954,4
0,71667	954,4
0,73333	954,4
0,75000	954,4
0,76667	955,4
0,78333	955,4
0,80000	955,4
0,81667	954,4
0,83333	954,4
0,85000	954,4
0,86667	954,4
0,88333	954,4
0,90000	954,4
0,91667	954,4
0,93333	954,4
0,95000	954,4
0,96667	955,4
0,98333	955,4
1,00000	955,4
1,01667	954,4
1,03333	954,4
1,05000	954,4
1,06667	953,4
1,08333	953,4
1,10000	953,4
1,11667	955,4
1,13333	955,4
1,15000	955,4
1,16667	954,4
1,18333	954,4
1,20000	954,4
1,21667	955,4
1,23333	955,4
1,25000	955,4
1,26667	954,4
1,28333	954,4
1,30000	954,4
1,31667	955,4
1,33333	955,4
1,35000	955,4
1,36667	954,4
1,38333	954,4
1,40000	954,4
1,41667	955,4
1,43333	955,4
1,45000	955,4
1,46667	954,4
1,48333	954,4
1,50000	954,4
1,51667	953,4
1,53333	953,4
1,55000	953,4
1,56667	955,4
1,58333	955,4
1,60000	955,4
1,61667	955,4
1,63333	955,4
1,65000	955,4
1,66667	954,4
1,68333	954,4
1,70000	954,4
1,71667	954,4
1,73333	954,4
1,75000	954,4
1,76667	954,4
1,78333	954,4
1,80000	954,4
1,81667	953,4
1,83333	953,4
1,85000	953,4
1,86667	955,4
1,88333	955,4
1,90000	955,4
1,91667	954,4
1,93333	954,4
1,95000	954,4
1,96667	954,4
1,98333	954,4
2,00000	954,4
2,01667	954,4
2,03333	954,4
2,05000	954,4
2,06667	953,4
2,08333	953,4
2,10000	953,4
2,11667	954,4
2,13333	954,4
2,15000	954,4
2,16667	955,4
2,18333	955,4
2,20000	955,4
2,21667	954,4
2,23333	954,4
2,25000	954,4
2,26667	954,4
2,28333	954,4
2,30000	954,4
2,31667	954,4
2,33333	954,4
2,35000	954,4
2,36667	953,4
2,38333	953,4
2,40000	953,4
2,41667	955,4
2,43333	955,4
2,45000	955,4
2,46667	955,4
2,48333	955,4
2,50000	955,4
2,51667	954,4
2,53333	954,4
2,55000	954,4
2,56667	954,4
2,58333	954,4
2,60000	954,4
2,61667	953,4
2,63333	953,4
2,65000	953,4
2,66667	954,4
2,68333	954,4
2,70000	954,4
2,71667	955,4
2,73333	955,4
2,75000	955,4
2,76667	954,4
2,78333	954,4
2,80000	954,4
2,81667	954,4
2,83333	954,4
2,85000	954,4
2,86667	954,4
2,88333	954,4
2,90000	954,4
2,91667	953,4
2,93333	953,4
2,95000	953,4
2,96667	954,4
2,98333	954,4
3,00000	954,4
3,01667	955,4
3,03333	955,4
3,05000	955,4
3,06667	954,4
3,08333	954,4
3,10000	954,4
3,11667	954,4
3,13333	954,4
3,15000	954,4
3,16667	953,4
3,18333	953,4
3,20000	953,4
3,21667	954,4
3,23333	954,4
3,25000	954,4
3,26667	955,4
3,28333	955,4
3,30000	955,4
3,31667	955,4
3,33333	955,4
3,35000	955,4
3,36667	954,4
3,38333	954,4
3,40000	954,4
3,41667	954,4
3,43333	954,4
3,45000	954,4
3,46667	953,4
3,48333	953,4
3,50000	953,4
3,51667	954,4
3,53333	954,4
3,55000	954,4
3,56667	955,4
3,58333	955,4
3,60000	955,4
3,61667	955,4
3,63333	955,4
3,65000	955,4
3,66667	954,4
3,68333	954,4
3,70000	954,4
3,71667	955,4
3,73333	955,4
3,75000	955,4
3,76667	954,4
3,78333	954,4
3,80000	954,4
3,81667	953,4
3,83333	953,4
3,85000	953,4
3,86667	954,4
3,88333	954,4
3,90000	954,4
3,91667	955,4
3,93333	955,4
3,95000	955,4
3,96667	954,4
3,98333	954,4
4,00000	954,4
4,01667	954,4
4,03333	954,4
4,05000	954,4
4,06667	953,4
4,08333	953,4
4,10000	953,4
4,11667	954,4
4,13333	954,4
4,15000	954,4
4,16667	955,4
4,18333	955,4
4,20000	955,4
4,21667	954,4
4,23333	954,4
4,25000	954,4
4,26667	954,4
4,28333	954,4
4,30000	954,4
4,31667	954,4
4,33333	954,4
4,35000	954,4
4,36667	954,4
4,38333	954,4
4,40000	954,4
4,41667	955,4
4,43333	955,4
4,45000	955,4
4,46667	955,4
4,48333	955,4
4,50000	955,4
4,51667	954,4
4,53333	954,4
4,55000	954,4
4,56667	954,4
4,58333	954,4
4,60000	954,4
4,61667	953,4
4,63333	953,4
4,65000	953,4
4,66667	954,4
4,68333	954,4
4,70000	954,4
4,71667	955,4
4,73333	955,4
4,75000	955,4
4,76667	954,4
4,78333	954,4
4,80000	954,4
4,81667	954,4
4,83333	954,4
4,85000	954,4
4,86667	954,4
4,88333	954,4
4,90000	954,4
4,91667	953,4
4,93333	953,4
4,95000	953,4
4,96667	953,4
4,98333	953,4
5,00000	953,4
5,01667	955,4
5,03333	955,4
5,05000	955,4
5,06667	954,4
5,08333	954,4
5,10000	954,4
5,11667	954,4
5,13333	954,4
5,15000	954,4
5,16667	954,4
5,18333	954,4
5,20000	954,4
5,21667	953,4
5,23333	953,4
5,25000	953,4
5,26667	953,4
5,28333	953,4
5,30000	953,4
5,31667	955,4
5,33333	955,4
5,35000	955,4
5,36667	954,4
5,38333	954,4
5,40000	954,4
5,41667	954,4
5,43333	954,4
5,45000	954,4
5,46667	953,4
5,48333	953,4
5,50000	953,4
5,51667	954,4
5,53333	954,4
5,55000	954,4
5,56667	955,4
5,58333	955,4
5,60000	955,4
5,61667	954,4
5,63333	954,4
5,65000	954,4
5,66667	954,4
5,68333	954,4
5,70000	954,4
5,71667	954,4
5,73333	954,4
5,75000	954,4
5,76667	953,4
5,78333	953,4
5,80000	953,4
5,81667	955,4
5,83333	955,4
5,85000	955,4
5,86667	954,4
5,88333	954,4
5,90000	954,4
5,91667	954,4
5,93333	954,4
5,95000	954,4
5,96667	954,4
5,98333	954,4
6,00000	954,4
6,01667	953,4
6,03333	953,4
6,05000	953,4
6,06667	954,4
6,08333	954,4
6,10000	954,4
6,11667	954,4
6,13333	954,4
6,15000	954,4
6,16667	954,4
6,18333	954,4
6,20000	954,4
6,21667	954,4
6,23333	954,4
6,25000	954,4
6,26667	953,4
6,28333	953,4
6,30000	953,4
6,31667	954,4
6,33333	954,4
6,35000	954,4
6,36667	955,4
6,38333	955,4
6,40000	955,4
6,41667	954,4
6,43333	954,4
6,45000	954,4
6,46667	954,4
6,48333	954,4
6,50000	954,4
6,51667	954,4
6,53333	954,4
6,55000	954,4
6,56667	953,4
6,58333	953,4
6,60000	953,4
6,61667	954,4
6,63333	954,4
6,65000	954,4
6,66667	955,4
6,68333	955,4
6,70000	955,4
6,71667	954,4
6,73333	954,4
6,75000	954,4
6,76667	954,4
6,78333	954,4
6,80000	954,4
6,81667	954,4
6,83333	954,4
6,85000	954,4
6,86667	953,4
6,88333	953,4
6,90000	953,4
6,91667	955,4
6,93333	955,4
6,95000	955,4
6,96667	955,4
6,98333	955,4
7,00000	955,4
7,01667	954,4
7,03333	954,4
7,05000	954,4
7,06667	954,4
7,08333	954,4
7,10000	954,4
7,11667	953,4
7,13333	953,4
7,15000	953,4
7,16667	954,4
7,18333	954,4
7,20000	954,4
7,21667	955,4
7,23333	955,4
7,25000	955,4
7,26667	954,4
7,28333	954,4
7,30000	954,4
7,31667	954,4
7,33333	954,4
7,35000	954,4
7,36667	954,4
7,38333	954,4
7,40000	954,4
7,41667	953,4
7,43333	953,4
7,45000	953,4
7,46667	954,4
7,48333	954,4
7,50000	954,4
7,51667	954,4
7,53333	954,4
7,55000	954,4
7,56667	954,4
7,58333	954,4
7,60000	954,4
7,61667	954,4
7,63333	954,4
7,65000	954,4
7,66667	953,4
7,68333	953,4
7,70000	953,4
7,71667	954,4
7,73333	954,4
7,75000	954,4
7,76667	954,4
7,78333	954,4
7,80000	954,4
7,81667	954,4
7,83333	954,4
7,85000	954,4
7,86667	954,4
7,88333	954,4
7,90000	954,4
7,91667	953,4
7,93333	953,4
7,95000	953,4
7,96667	953,4
7,98333	953,4
8,00000	953,4
8,01667	955,4
8,03333	955,4
8,05000	955,4
8,06667	954,4
8,08333	954,4
8,10000	954,4
8,11667	954,4
8,13333	954,4
8,15000	954,4
8,16667	954,4
8,18333	954,4
8,20000	954,4
8,21667	953,4
8,23333	953,4
8,25000	953,4
8,26667	955,4
8,28333	955,4
8,30000	955,4
8,31667	954,4
8,33333	954,4
8,35000	954,4
8,36667	954,4
8,38333	954,4
8,40000	954,4
8,41667	954,4
8,43333	954,4
8,45000	954,4
8,46667	953,4
8,48333	953,4
8,50000	953,4
8,51667	954,4
8,53333	954,4
8,55000	954,4
8,56667	955,4
8,58333	955,4
8,60000	955,4
8,61667	954,4
8,63333	954,4
8,65000	954,4
8,66667	954,4
8,68333	954,4
8,70000	954,4
8,71667	953,4
8,73333	953,4
8,75000	953,4
8,76667	954,4
8,78333	954,4
8,80000	954,4
8,81667	955,4
8,83333	955,4
8,85000	955,4
8,86667	954,4
8,88333	954,4
8,90000	954,4
8,91667	954,4
8,93333	954,4
8,95000	954,4
8,96667	954,4
8,98333	954,4
9,00000	954,4
9,01667	954,4
9,03333	954,4
9,05000	954,4
9,06667	955,4
9,08333	955,4
9,10000	955,4
9,11667	954,4
9,13333	954,4
9,15000	954,4
9,16667	954,4
9,18333	954,4
9,20000	954,4
9,21667	954,4
9,23333	954,4
9,25000	954,4
9,26667	953,4
9,28333	953,4
9,30000	953,4
9,31667	955,4
9,33333	955,4
9,35000	955,4
9,36667	955,4
9,38333	955,4
9,40000	955,4
9,41667	954,4
9,43333	954,4
9,45000	954,4
9,46667	954,4
9,48333	954,4
9,50000	954,4
9,51667	953,4
9,53333	953,4
9,55000	953,4
9,56667	954,4
9,58333	954,4
9,60000	954,4
9,61667	955,4
9,63333	955,4
9,65000	955,4
9,66667	954,4
9,68333	954,4
9,70000	954,4
9,71667	954,4
9,73333	954,4
9,75000	954,4
9,76667	953,4
9,78333	953,4
9,80000	953,4
9,81667	954,4
9,83333	954,4
9,85000	954,4
9,86667	955,4
9,88333	955,4
9,90000	955,4
9,91667	954,4
9,93333	954,4
9,95000	954,4
9,96667	954,4
9,98333	954,4
10,00000	954,4
10,01667	953,4
10,03333	953,4
10,05000	953,4
10,06667	954,4
10,08333	954,4
10,10000	954,4
10,11667	955,4
10,13333	955,4
10,15000	955,4
10,16667	954,4
10,18333	954,4
10,20000	954,4
10,21667	954,4
10,23333	954,4
10,25000	954,4
10,26667	954,4
10,28333	954,4
10,30000	954,4
10,31667	953,4
10,33333	953,4
10,35000	953,4
10,36667	954,4
10,38333	954,4
10,40000	954,4
10,41667	954,4
10,43333	954,4
10,45000	954,4
10,46667	954,4
10,48333	954,4
10,50000	954,4
10,51667	954,4
10,53333	954,4
10,55000	954,4
10,56667	953,4
10,58333	953,4
10,60000	953,4
10,61667	955,4
10,63333	955,4
10,65000	955,4
10,66667	955,4
10,68333	955,4
10,70000	955,4
10,71667	954,4
10,73333	954,4
10,75000	954,4
10,76667	954,4
10,78333	954,4
10,80000	954,4
10,81667	953,4
10,83333	953,4
10,85000	953,4
10,86667	954,4
10,88333	954,4
10,90000	954,4
10,91667	955,4
10,93333	955,4
10,95000	955,4
10,96667	954,4
10,98333	954,4
11,00000	954,4
11,01667	954,4
11,03333	954,4
11,05000	954,4
11,06667	954,4
11,08333	954,4
11,10000	954,4
11,11667	953,4
11,13333	953,4
11,15000	953,4
11,16667	955,4
11,18333	955,4
11,20000	955,4
11,21667	954,4
11,23333	954,4
11,25000	954,4
11,26667	954,4
11,28333	954,4
11,30000	954,4
11,31667	954,4
11,33333	954,4
11,35000	954,4
11,36667	953,4
11,38333	953,4
11,40000	953,4
11,41667	955,4
11,43333	955,4
11,45000	955,4
11,46667	954,4
11,48333	954,4
11,50000	954,4
11,51667	954,4
11,53333	954,4
11,55000	954,4
11,56667	954,4
11,58333	954,4
11,60000	954,4
11,61667	953,4
11,63333	953,4
11,65000	953,4
11,66667	954,4
11,68333	954,4
11,70000	954,4
11,71667	954,4
11,73333	954,4
11,75000	954,4
11,76667	954,4
11,78333	954,4
11,80000	954,4
11,81667	954,4
11,83333	954,4
11,85000	954,4
11,86667	953,4
11,88333	953,4
11,90000	953,4
11,91667	954,4
11,93333	954,4
11,95000	954,4
11,96667	955,4
11,98333	955,4
12,00000	955,4
12,01667	954,4
12,03333	954,4
12,05000	954,4
12,06667	954,4
12,08333	954,4
12,10000	954,4
12,11667	954,4
12,13333	954,4
12,15000	954,4
12,16667	954,4
12,18333	954,4
12,20000	954,4
12,21667	955,4
12,23333	955,4
12,25000	955,4
12,26667	954,4
12,28333	954,4
12,30000	954,4
12,31667	954,4
12,33333	954,4
12,35000	954,4
12,36667	953,4
12,38333	953,4
12,40000	953,4
12,41667	954,4
12,43333	954,4
12,45000	954,4
12,46667	955,4
12,48333	955,4
12,50000	955,4
12,51667	954,4
12,53333	954,4
12,55000	954,4
12,56667	954,4
12,58333	954,4
12,60000	954,4
12,61667	954,4
12,63333	954,4
12,65000	954,4
12,66667	953,4
12,68333	953,4
12,70000	953,4
12,71667	955,4
12,73333	955,4
12,75000	955,4
12,76667	954,4
12,78333	954,4
12,80000	954,4
12,81667	954,4
12,83333	954,4
12,85000	954,4
12,86667	954,4
12,88333	954,4
12,90000	954,4
12,91667	953,4
12,93333	953,4
12,95000	953,4
12,96667	955,4
12,98333	955,4
13,00000	955,4
13,01667	954,4
13,03333	954,4
13,05000	954,4
13,06667	954,4
13,08333	954,4
13,10000	954,4
13,11667	954,4
13,13333	954,4
13,15000	954,4
13,16667	954,4
13,18333	954,4
13,20000	954,4
13,21667	955,4
13,23333	955,4
13,25000	955,4
13,26667	954,4
13,28333	954,4
13,30000	954,4
13,31667	954,4
13,33333	954,4
13,35000	954,4
13,36667	954,4
13,38333	954,4
13,40000	954,4
13,41667	953,4
13,43333	953,4
13,45000	953,4
13,46667	954,4
13,48333	954,4
13,50000	954,4
13,51667	955,4
13,53333	955,4
13,55000	955,4
13,56667	954,4
13,58333	954,4
13,60000	954,4
13,61667	954,4
13,63333	954,4
13,65000	954,4
13,66667	954,4
13,68333	954,4
13,70000	954,4
13,71667	954,4
13,73333	954,4
13,75000	954,4
13,76667	955,4
13,78333	955,4
13,80000	955,4
13,81667	954,4
13,83333	954,4
13,85000	954,4
13,86667	954,4
13,88333	954,4
13,90000	954,4
13,91667	954,4
13,93333	954,4
13,95000	954,4
13,96667	953,4
13,98333	953,4
14,00000	953,4
14,01667	954,4
14,03333	954,4
14,05000	954,4
14,06667	955,4
14,08333	955,4
14,10000	955,4
14,11667	954,4
14,13333	954,4
14,15000	954,4
14,16667	954,4
14,18333	954,4
14,20000	954,4
14,21667	954,4
14,23333	954,4
14,25000	954,4
14,26667	953,4
14,28333	953,4
14,30000	953,4
14,31667	954,4
14,33333	954,4
14,35000	954,4
14,36667	954,4
14,38333	954,4
14,40000	954,4
14,41667	954,4
14,43333	954,4
14,45000	954,4
14,46667	954,4
14,48333	954,4
14,50000	954,4
14,51667	953,4
14,53333	953,4
14,55000	953,4
14,56667	954,4
14,58333	954,4
14,60000	954,4
14,61667	955,4
14,63333	955,4
14,65000	955,4
14,66667	954,4
14,68333	954,4
14,70000	954,4
14,71667	954,4
14,73333	954,4
14,75000	954,4
14,76667	954,4
14,78333	954,4
14,80000	954,4
14,81667	954,4
14,83333	954,4
14,85000	954,4
14,86667	955,4
14,88333	955,4
14,90000	955,4
14,91667	954,4
14,93333	954,4
14,95000	954,4
14,96667	954,4
14,98333	954,4
15,00000	954,4
15,01667	953,4
15,03333	953,4
15,05000	953,4
15,06667	954,4
15,08333	954,4
15,10000	954,4
15,11667	955,4
15,13333	955,4
15,15000	955,4
15,16667	954,4
15,18333	954,4
15,20000	954,4
15,21667	954,4
15,23333	954,4
15,25000	954,4
15,26667	953,4
15,28333	953,4
15,30000	953,4
15,31667	954,4
15,33333	954,4
15,35000	954,4
15,36667	955,4
15,38333	955,4
15,40000	955,4
15,41667	954,4
15,43333	954,4
15,45000	954,4
15,46667	954,4
15,48333	954,4
15,50000	954,4
15,51667	954,4
15,53333	954,4
15,55000	954,4
15,56667	954,4
15,58333	954,4
15,60000	954,4
15,61667	955,4
15,63333	955,4
15,65000	955,4
15,66667	954,4
15,68333	954,4
15,70000	954,4
15,71667	954,4
15,73333	954,4
15,75000	954,4
15,76667	953,4
15,78333	953,4
15,80000	953,4
15,81667	953,4
15,83333	953,4
15,85000	953,4
15,86667	955,4
15,88333	955,4
15,90000	955,4
15,91667	954,4
15,93333	954,4
15,95000	954,4
15,96667	954,4
15,98333	954,4
16,00000	954,4
16,01667	954,4
16,03333	954,4
16,05000	954,4
16,06667	953,4
16,08333	953,4
16,10000	953,4
16,11667	955,4
16,13333	955,4
16,15000	955,4
16,16667	955,4
16,18333	955,4
16,20000	955,4
16,21667	954,4
16,23333	954,4
16,25000	954,4
16,26667	954,4
16,28333	954,4
16,30000	954,4
16,31667	953,4
16,33333	953,4
16,35000	953,4
16,36667	954,4
16,38333	954,4
16,40000	954,4
16,41667	955,4
16,43333	955,4
16,45000	955,4
16,46667	954,4
16,48333	954,4
16,50000	954,4
16,51667	954,4
16,53333	954,4
16,55000	954,4
16,56667	953,4
16,58333	953,4
16,60000	953,4
16,61667	954,4
16,63333	954,4
16,65000	954,4
16,66667	955,4
16,68333	955,4
16,70000	955,4
16,71667	954,4
16,73333	954,4
16,75000	954,4
16,76667	954,4
16,78333	954,4
16,80000	954,4
16,81667	953,4
16,83333	953,4
16,85000	953,4
16,86667	955,4
16,88333	955,4
16,90000	955,4
16,91667	955,4
16,93333	955,4
16,95000	955,4
16,96667	954,4
16,98333	954,4
17,00000	954,4
17,01667	954,4
17,03333	954,4
17,05000	954,4
17,06667	953,4
17,08333	953,4
17,10000	953,4
17,11667	954,4
17,13333	954,4
17,15000	954,4
17,16667	955,4
17,18333	955,4
17,20000	955,4
17,21667	954,4
17,23333	954,4
17,25000	954,4
17,26667	954,4
17,28333	954,4
17,30000	954,4
17,31667	953,4
17,33333	953,4
17,35000	953,4
17,36667	955,4
17,38333	955,4
17,40000	955,4
17,41667	955,4
17,43333	955,4
17,45000	955,4
17,46667	954,4
17,48333	954,4
17,50000	954,4
17,51667	954,4
17,53333	954,4
17,55000	954,4
17,56667	953,4
17,58333	953,4
17,60000	953,4
17,61667	954,4
17,63333	954,4
17,65000	954,4
17,66667	954,4
17,68333	954,4
17,70000	954,4
17,71667	954,4
17,73333	954,4
17,75000	954,4
17,76667	954,4
17,78333	954,4
17,80000	954,4
17,81667	953,4
17,83333	953,4
17,85000	953,4
17,86667	955,4
17,88333	955,4
17,90000	955,4
17,91667	954,4
17,93333	954,4
17,95000	954,4
17,96667	954,4
17,98333	954,4
18,00000	954,4
18,01667	954,4
18,03333	954,4
18,05000	954,4
18,06667	953,4
18,08333	953,4
18,10000	953,4
18,11667	954,4
18,13333	954,4
18,15000	954,4
18,16667	954,4
18,18333	954,4
18,20000	954,4
18,21667	954,4
18,23333	954,4
18,25000	954,4
18,26667	954,4
18,28333	954,4
18,30000	954,4
18,31667	954,4
18,33333	954,4
18,35000	954,4
18,36667	954,4
18,38333	954,4
18,40000	954,4
18,41667	954,4
18,43333	954,4
18,45000	954,4
18,46667	954,4
18,48333	954,4
18,50000	954,4
18,51667	954,4
18,53333	954,4
18,55000	954,4
18,56667	953,4
18,58333	953,4
18,60000	953,4
18,61667	955,4
18,63333	955,4
18,65000	955,4
18,66667	954,4
18,68333	954,4
18,70000	954,4
18,71667	954,4
18,73333	954,4
18,75000	954,4
18,76667	954,4
18,78333	954,4
18,80000	954,4
18,81667	953,4
18,83333	953,4
18,85000	953,4
18,86667	954,4
18,88333	954,4
18,90000	954,4
18,91667	954,4
18,93333	954,4
18,95000	954,4
18,96667	954,4
18,98333	954,4
19,00000	954,4
19,01667	954,4
19,03333	954,4
19,05000	954,4
19,06667	953,4
19,08333	953,4
19,10000	953,4
19,11667	955,4
19,13333	955,4
19,15000	955,4
19,16667	954,4
19,18333	954,4
19,20000	954,4
19,21667	954,4
19,23333	954,4
19,25000	954,4
19,26667	954,4
19,28333	954,4
19,30000	954,4
19,31667	954,4
19,33333	954,4
19,35000	954,4
19,36667	955,4
19,38333	955,4
19,40000	955,4
19,41667	954,4
19,43333	954,4
19,45000	954,4
19,46667	954,4
19,48333	954,4
19,50000	954,4
19,51667	953,4
19,53333	953,4
19,55000	953,4
19,56667	954,4
19,58333	954,4
19,60000	954,4
19,61667	955,4
19,63333	955,4
19,65000	955,4
19,66667	954,4
19,68333	954,4
19,70000	954,4
19,71667	954,4
19,73333	954,4
19,75000	954,4
19,76667	953,4
19,78333	953,4
19,80000	953,4
19,81667	954,4
19,83333	954,4
19,85000	954,4
19,86667	955,4
19,88333	955,4
19,90000	955,4
19,91667	954,4
19,93333	954,4
19,95000	954,4
19,96667	954,4
19,98333	954,4
20,00000	954,4
20,01667	953,4
20,03333	953,4
20,05000	953,4
20,06667	954,4
20,08333	954,4
20,10000	954,4
20,11667	955,4
20,13333	955,4
20,15000	955,4
20,16667	954,4
20,18333	954,4
20,20000	954,4
20,21667	954,4
20,23333	954,4
20,25000	954,4
20,26667	953,4
20,28333	953,4
20,30000	953,4
20,31667	955,4
20,33333	955,4
20,35000	955,4
20,36667	954,4
20,38333	954,4
20,40000	954,4
20,41667	954,4
20,43333	954,4
20,45000	954,4
20,46667	954,4
20,48333	954,4
20,50000	954,4
20,51667	953,4
20,53333	953,4
20,55000	953,4
20,56667	955,4
20,58333	955,4
20,60000	955,4
20,61667	954,4
20,63333	954,4
20,65000	954,4
20,66667	954,4
20,68333	954,4
20,70000	954,4
20,71667	953,4
20,73333	953,4
20,75000	953,4
20,76667	954,4
20,78333	954,4
20,80000	954,4
20,81667	954,4
20,83333	954,4
20,85000	954,4
20,86667	954,4
20,88333	954,4
20,90000	954,4
20,91667	954,4
20,93333	954,4
20,95000	954,4
20,96667	954,4
20,98333	954,4
21,00000	954,4
21,01667	955,4
21,03333	955,4
21,05000	955,4
21,06667	954,4
21,08333	954,4
21,10000	954,4
21,11667	954,4
21,13333	954,4
21,15000	954,4
21,16667	953,4
21,18333	953,4
21,20000	953,4
21,21667	954,4
21,23333	954,4
21,25000	954,4
21,26667	954,4
21,28333	954,4
21,30000	954,4
21,31667	954,4
21,33333	954,4
21,35000	954,4
21,36667	953,4
21,38333	953,4
21,40000	953,4
21,41667	954,4
21,43333	954,4
21,45000	954,4
21,46667	954,4
21,48333	954,4
21,50000	954,4
21,51667	954,4
21,53333	954,4
21,55000	954,4
21,56667	954,4
21,58333	954,4
21,60000	954,4
21,61667	953,4
21,63333	953,4
21,65000	953,4
21,66667	955,4
21,68333	955,4
21,70000	955,4
21,71667	954,4
21,73333	954,4
21,75000	954,4
21,76667	954,4
21,78333	954,4
21,80000	954,4
21,81667	954,4
21,83333	954,4
21,85000	954,4
21,86667	955,4
21,88333	955,4
21,90000	955,4
21,91667	954,4
21,93333	954,4
21,95000	954,4
21,96667	954,4
21,98333	954,4
22,00000	954,4
22,01667	953,4
22,03333	953,4
22,05000	953,4
22,06667	955,4
22,08333	955,4
22,10000	955,4
22,11667	954,4
22,13333	954,4
22,15000	954,4
22,16667	954,4
22,18333	954,4
22,20000	954,4
22,21667	953,4
22,23333	953,4
22,25000	953,4
22,26667	955,4
22,28333	955,4
22,30000	955,4
22,31667	954,4
22,33333	954,4
22,35000	954,4
22,36667	954,4
22,38333	954,4
22,40000	954,4
22,41667	953,4
22,43333	953,4
22,45000	953,4
22,46667	954,4
22,48333	954,4
22,50000	954,4
22,51667	954,4
22,53333	954,4
22,55000	954,4
22,56667	954,4
22,58333	954,4
22,60000	954,4
22,61667	953,4
22,63333	953,4
22,65000	953,4
22,66667	954,4
22,68333	954,4
22,70000	954,4
22,71667	954,4
22,73333	954,4
22,75000	954,4
22,76667	954,4
22,78333	954,4
22,80000	954,4
22,81667	954,4
22,83333	954,4
22,85000	954,4
22,86667	954,4
22,88333	954,4
22,90000	954,4
22,91667	954,4
22,93333	954,4
22,95000	954,4
22,96667	954,4
22,98333	954,4
23,00000	954,4
23,01667	953,4
23,03333	953,4
23,05000	953,4
23,06667	954,4
23,08333	954,4
23,10000	954,4
23,11667	954,4
23,13333	954,4
23,15000	954,4
23,16667	954,4
23,18333	954,4
23,20000	954,4
23,21667	954,4
23,23333	954,4
23,25000	954,4
23,26667	954,4
23,28333	954,4
23,30000	954,4
23,31667	954,4
23,33333	954,4
23,35000	954,4
23,36667	954,4
23,38333	954,4
23,40000	954,4
23,41667	953,4
23,43333	953,4
23,45000	953,4
23,46667	954,4
23,48333	954,4
23,50000	954,4
23,51667	954,4
23,53333	954,4
23,55000	954,4
23,56667	954,4
23,58333	954,4
23,60000	954,4
23,61667	953,4
23,63333	953,4
23,65000	953,4
23,66667	955,4
23,68333	955,4
23,70000	955,4
23,71667	954,4
23,73333	954,4
23,75000	954,4
23,76667	954,4
23,78333	954,4
23,80000	954,4
23,81667	953,4
23,83333	953,4
23,85000	953,4
23,86667	954,4
23,88333	954,4
23,90000	954,4
23,91667	954,4
23,93333	954,4
23,95000	954,4
23,96667	954,4
23,98333	954,4
24,00000	954,4
24,01667	953,4
24,03333	953,4
24,05000	953,4
24,06667	955,4
24,08333	955,4
24,10000	955,4
24,11667	954,4
24,13333	954,4
24,15000	954,4
24,16667	954,4
24,18333	954,4
24,20000	954,4
24,21667	953,4
24,23333	953,4
24,25000	953,4
24,26667	954,4
24,28333	954,4
24,30000	954,4
24,31667	954,4
24,33333	954,4
24,35000	954,4
24,36667	954,4
24,38333	954,4
24,40000	954,4
24,41667	953,4
24,43333	953,4
24,45000	953,4
24,46667	955,4
24,48333	955,4
24,50000	955,4
24,51667	954,4
24,53333	954,4
24,55000	954,4
24,56667	954,4
24,58333	954,4
24,60000	954,4
24,61667	954,4
24,63333	954,4
24,65000	954,4
24,66667	954,4
24,68333	954,4
24,70000	954,4
24,71667	955,4
24,73333	955,4
24,75000	955,4
24,76667	954,4
24,78333	954,4
24,80000	954,4
24,81667	954,4
24,83333	954,4
24,85000	954,4
24,86667	954,4
24,88333	954,4
24,90000	954,4
24,91667	954,4
24,93333	954,4
24,95000	954,4
24,96667	954,4
24,98333	954,4
25,00000	954,4
25,01667	953,4
25,03333	953,4
25,05000	953,4
25,06667	954,4
25,08333	954,4
25,10000	954,4
25,11667	954,4
25,13333	954,4
25,15000	954,4
25,16667	954,4
25,18333	954,4
25,20000	954,4
25,21667	953,4
25,23333	953,4
25,25000	953,4
25,26667	954,4
25,28333	954,4
25,30000	954,4
25,31667	954,4
25,33333	954,4
25,35000	954,4
25,36667	954,4
25,38333	954,4
25,40000	954,4
25,41667	953,4
25,43333	953,4
25,45000	953,4
25,46667	955,4
25,48333	955,4
25,50000	955,4
25,51667	954,4
25,53333	954,4
25,55000	954,4
25,56667	954,4
25,58333	954,4
25,60000	954,4
25,61667	953,4
25,63333	953,4
25,65000	953,4
25,66667	955,4
25,68333	955,4
25,70000	955,4
25,71667	954,4
25,73333	954,4
25,75000	954,4
25,76667	954,4
25,78333	954,4
25,80000	954,4
25,81667	953,4
25,83333	953,4
25,85000	953,4
25,86667	955,4
25,88333	955,4
25,90000	955,4
25,91667	954,4
25,93333	954,4
25,95000	954,4
25,96667	954,4
25,98333	954,4
26,00000	954,4
26,01667	954,4
26,03333	954,4
26,05000	954,4
26,06667	955,4
26,08333	955,4
26,10000	955,4
26,11667	954,4
26,13333	954,4
26,15000	954,4
26,16667	954,4
26,18333	954,4
26,20000	954,4
26,21667	953,4
26,23333	953,4
26,25000	953,4
26,26667	954,4
26,28333	954,4
26,30000	954,4
26,31667	955,4
26,33333	955,4
26,35000	955,4
26,36667	954,4
26,38333	954,4
26,40000	954,4
26,41667	954,4
26,43333	954,4
26,45000	954,4
26,46667	953,4
26,48333	953,4
26,50000	953,4
26,51667	954,4
26,53333	954,4
26,55000	954,4
26,56667	954,4
26,58333	954,4
26,60000	954,4
26,61667	954,4
26,63333	954,4
26,65000	954,4
26,66667	954,4
26,68333	954,4
26,70000	954,4
26,71667	953,4
26,73333	953,4
26,75000	953,4
26,76667	954,4
26,78333	954,4
26,80000	954,4
26,81667	954,4
26,83333	955,4
26,85000	955,4
26,86667	954,4
26,88333	954,4
26,90000	954,4
26,91667	954,4
26,93333	954,4
26,95000	954,4
26,96667	953,4
26,98333	953,4
27,00000	953,4
27,01667	954,4
27,03333	954,4
27,05000	954,4
27,06667	955,4
27,08333	955,4
27,10000	955,4
27,11667	954,4
27,13333	954,4
27,15000	954,4
27,16667	954,4
27,18333	954,4
27,20000	954,4
27,21667	954,4
27,23333	953,4
27,25000	953,4
27,26667	954,4
27,28333	954,4
27,30000	954,4
27,31667	955,4
27,33333	955,4
27,35000	955,4
27,36667	954,4
27,38333	954,4
27,40000	954,4
27,41667	954,4
27,43333	954,4
27,45000	954,4
27,46667	953,4
27,48333	953,4
27,50000	953,4
27,51667	954,4
27,53333	954,4
27,55000	954,4
27,56667	955,4
27,58333	955,4
27,60000	955,4
27,61667	954,4
27,63333	954,4
27,65000	954,4
27,66667	955,4
27,68333	955,4
27,70000	955,4
27,71667	953,4
27,73333	953,4
27,75000	953,4
27,76667	954,4
27,78333	954,4
27,80000	954,4
27,81667	955,4
27,83333	955,4
27,85000	955,4
27,86667	954,4
27,88333	954,4
27,90000	954,4
27,91667	954,4
27,93333	954,4
27,95000	954,4
27,96667	954,4
27,98333	954,4
28,00000	954,4
28,01667	953,4
28,03333	953,4
28,05000	953,4
28,06667	955,4
28,08333	955,4
28,10000	955,4
28,11667	954,4
28,13333	954,4
28,15000	954,4
28,16667	954,4
28,18333	954,4
28,20000	954,4
28,21667	954,4
28,23333	954,4
28,25000	954,4
28,26667	953,4
28,28333	953,4
28,30000	953,4
28,31667	954,4
28,33333	954,4
28,35000	954,4
28,36667	955,4
28,38333	955,4
28,40000	955,4
28,41667	954,4
28,43333	954,4
28,45000	954,4
28,46667	954,4
28,48333	954,4
28,50000	954,4
28,51667	953,4
28,53333	953,4
28,55000	953,4
28,56667	953,4
28,58333	953,4
28,60000	953,4
28,61667	955,4
28,63333	955,4
28,65000	955,4
28,66667	955,4
28,68333	955,4
28,70000	955,4
28,71667	954,4
28,73333	954,4
28,75000	954,4
28,76667	954,4
28,78333	954,4
28,80000	954,4
28,81667	954,4
28,83333	954,4
28,85000	954,4
28,86667	953,4
28,88333	953,4
28,90000	953,4
28,91667	954,4
28,93333	954,4
28,95000	954,4
28,96667	955,4
28,98333	955,4
29,00000	955,4
29,01667	954,4
29,03333	954,4
29,05000	954,4
29,06667	954,4
29,08333	954,4
29,10000	954,4
29,11667	954,4
29,13333	954,4
29,15000	954,4
29,16667	953,4
29,18333	953,4
29,20000	953,4
29,21667	954,4
29,23333	954,4
29,25000	954,4
29,26667	954,4
29,28333	954,4
29,30000	954,4
29,31667	954,4
29,33333	954,4
29,35000	954,4
29,36667	954,4
29,38333	954,4
29,40000	954,4
29,41667	954,4
29,43333	954,4
29,45000	954,4
29,46667	953,4
29,48333	953,4
29,50000	953,4
29,51667	954,4
29,53333	954,4
29,55000	954,4
29,56667	955,4
29,58333	955,4
29,60000	955,4
29,61667	954,4
29,63333	954,4
29,65000	954,4
29,66667	954,4
29,68333	954,4
29,70000	954,4
29,71667	954,4
29,73333	954,4
29,75000	954,4
29,76667	954,4
29,78333	954,4
29,80000	954,4
29,81667	955,4
29,83333	955,4
29,85000	955,4
29,86667	954,4
29,88333	954,4
29,90000	954,4
29,91667	954,4
29,93333	954,4
29,95000	954,4
29,96667	954,4
29,98333	954,4
30,00000	954,4
30,01667	953,4
30,03333	953,4
30,05000	953,4
30,06667	954,4
30,08333	954,4
30,10000	954,4
30,11667	955,4
30,13333	955,4
30,15000	955,4
30,16667	954,4
30,18333	954,4
30,20000	954,4
30,21667	954,4
30,23333	954,4
30,25000	954,4
30,26667	954,4
30,28333	954,4
30,30000	954,4
30,31667	953,4
30,33333	953,4
30,35000	953,4
30,36667	954,4
30,38333	954,4
30,40000	954,4
30,41667	954,4
30,43333	954,4
30,45000	954,4
30,46667	954,4
30,48333	954,4
30,50000	954,4
30,51667	954,4
30,53333	954,4
30,55000	954,4
30,56667	953,4
30,58333	953,4
30,60000	953,4
30,61667	954,4
30,63333	954,4
30,65000	954,4
30,66667	955,4
30,68333	955,4
30,70000	955,4
30,71667	954,4
30,73333	954,4
30,75000	954,4
30,76667	954,4
30,78333	954,4
30,80000	954,4
30,81667	953,4
30,83333	953,4
30,85000	953,4
30,86667	953,4
30,88333	953,4
30,90000	953,4
30,91667	954,4
30,93333	954,4
30,95000	954,4
30,96667	954,4
30,98333	954,4
31,00000	954,4
31,01667	954,4
31,03333	954,4
31,05000	954,4
31,06667	954,4
31,08333	954,4
31,10000	954,4
31,11667	953,4
31,13333	953,4
31,15000	953,4
31,16667	954,4
31,18333	954,4
31,20000	954,4
31,21667	955,4
31,23333	955,4
31,25000	955,4
31,26667	954,4
31,28333	954,4
31,30000	954,4
31,31667	954,4
31,33333	954,4
31,35000	954,4
31,36667	953,4
31,38333	953,4
31,40000	953,4
31,41667	953,4
31,43333	954,4
31,45000	954,4
31,46667	955,4
31,48333	955,4
31,50000	955,4
31,51667	954,4
31,53333	954,4
31,55000	954,4
31,56667	954,4
31,58333	954,4
31,60000	954,4
31,61667	953,4
31,63333	953,4
31,65000	953,4
31,66667	954,4
31,68333	954,4
31,70000	954,4
31,71667	955,4
31,73333	955,4
31,75000	955,4
31,76667	954,4
31,78333	954,4
31,80000	954,4
31,81667	954,4
31,83333	954,4
31,85000	954,4
31,86667	954,4
31,88333	954,4
31,90000	954,4
31,91667	953,4
31,93333	953,4
31,95000	953,4
31,96667	955,4
31,98333	955,4
32,00000	955,4

[LC Status Trace(Pump B Pressure)]
Interval(msec)	1000
# of Points	1921
Start Time(min)	0,000
End Time(min)	32,000
Intensity Units	bar
Intensity Multiplier	0,980665
R.Time (min)	Intensity
0,00000	78,7
0,01667	78,7
0,03333	76,6
0,05000	76,9
0,06667	77,5
0,08333	77,9
0,10000	78,7
0,11667	79,0
0,13333	79,2
0,15000	79,1
0,16667	78,8
0,18333	78,7
0,20000	78,7
0,21667	78,8
0,23333	78,8
0,25000	79,0
0,26667	79,0
0,28333	79,0
0,30000	79,0
0,31667	79,1
0,33333	79,1
0,35000	79,1
0,36667	79,1
0,38333	79,1
0,40000	79,0
0,41667	79,1
0,43333	79,1
0,45000	79,1
0,46667	79,1
0,48333	79,1
0,50000	79,1
0,51667	79,1
0,53333	79,1
0,55000	79,1
0,56667	79,1
0,58333	79,1
0,60000	79,1
0,61667	79,0
0,63333	79,0
0,65000	79,1
0,66667	79,1
0,68333	79,1
0,70000	79,1
0,71667	79,0
0,73333	79,0
0,75000	79,1
0,76667	79,1
0,78333	79,1
0,80000	79,1
0,81667	79,0
0,83333	79,1
0,85000	79,1
0,86667	79,1
0,88333	79,1
0,90000	79,0
0,91667	79,0
0,93333	79,0
0,95000	79,0
0,96667	79,1
0,98333	79,1
1,00000	79,0
1,01667	79,0
1,03333	79,0
1,05000	79,1
1,06667	79,0
1,08333	79,0
1,10000	79,0
1,11667	79,0
1,13333	79,0
1,15000	79,0
1,16667	79,0
1,18333	79,0
1,20000	78,9
1,21667	79,0
1,23333	79,0
1,25000	79,0
1,26667	79,0
1,28333	79,0
1,30000	78,9
1,31667	79,1
1,33333	79,0
1,35000	79,0
1,36667	79,0
1,38333	78,9
1,40000	79,0
1,41667	79,0
1,43333	79,0
1,45000	79,0
1,46667	78,9
1,48333	79,0
1,50000	78,9
1,51667	78,9
1,53333	78,9
1,55000	78,9
1,56667	78,9
1,58333	79,0
1,60000	78,9
1,61667	78,9
1,63333	78,9
1,65000	78,9
1,66667	78,9
1,68333	78,9
1,70000	78,9
1,71667	78,9
1,73333	78,9
1,75000	79,0
1,76667	78,8
1,78333	78,9
1,80000	78,9
1,81667	78,9
1,83333	78,9
1,85000	78,9
1,86667	79,0
1,88333	78,8
1,90000	78,9
1,91667	78,9
1,93333	78,9
1,95000	78,8
1,96667	78,8
1,98333	78,8
2,00000	78,8
2,01667	78,9
2,03333	78,8
2,05000	78,8
2,06667	78,8
2,08333	78,8
2,10000	78,8
2,11667	78,8
2,13333	78,9
2,15000	78,8
2,16667	78,8
2,18333	78,7
2,20000	78,8
2,21667	78,8
2,23333	78,8
2,25000	78,9
2,26667	78,7
2,28333	78,8
2,30000	78,8
2,31667	78,8
2,33333	78,8
2,35000	78,8
2,36667	78,8
2,38333	78,8
2,40000	78,8
2,41667	78,8
2,43333	78,9
2,45000	78,8
2,46667	78,8
2,48333	78,8
2,50000	78,8
2,51667	78,8
2,53333	78,9
2,55000	78,8
2,56667	78,8
2,58333	78,8
2,60000	78,9
2,61667	78,8
2,63333	78,8
2,65000	78,8
2,66667	78,8
2,68333	78,8
2,70000	78,8
2,71667	78,8
2,73333	78,9
2,75000	78,8
2,76667	78,8
2,78333	78,8
2,80000	78,8
2,81667	78,8
2,83333	78,8
2,85000	78,9
2,86667	78,8
2,88333	78,8
2,90000	78,8
2,91667	78,8
2,93333	78,8
2,95000	78,8
2,96667	78,9
2,98333	78,9
3,00000	78,9
3,01667	78,8
3,03333	78,9
3,05000	78,9
3,06667	78,9
3,08333	78,9
3,10000	78,8
3,11667	78,9
3,13333	78,9
3,15000	78,9
3,16667	78,9
3,18333	78,9
3,20000	79,0
3,21667	78,9
3,23333	78,9
3,25000	78,9
3,26667	79,0
3,28333	78,9
3,30000	79,0
3,31667	78,9
3,33333	78,9
3,35000	78,9
3,36667	79,0
3,38333	79,0
3,40000	78,9
3,41667	79,0
3,43333	79,0
3,45000	79,0
3,46667	79,0
3,48333	79,0
3,50000	79,0
3,51667	79,0
3,53333	79,0
3,55000	79,0
3,56667	79,0
3,58333	78,9
3,60000	79,0
3,61667	79,0
3,63333	79,1
3,65000	79,1
3,66667	79,0
3,68333	79,1
3,70000	79,1
3,71667	79,1
3,73333	79,1
3,75000	79,1
3,76667	79,1
3,78333	79,1
3,80000	79,1
3,81667	79,0
3,83333	79,1
3,85000	79,1
3,86667	79,1
3,88333	79,1
3,90000	79,2
3,91667	79,2
3,93333	79,1
3,95000	79,1
3,96667	79,1
3,98333	79,1
4,00000	79,1
4,01667	79,2
4,03333	79,2
4,05000	79,1
4,06667	79,2
4,08333	79,2
4,10000	79,2
4,11667	79,2
4,13333	79,2
4,15000	79,2
4,16667	79,2
4,18333	79,2
4,20000	79,2
4,21667	79,2
4,23333	79,3
4,25000	79,3
4,26667	79,4
4,28333	79,6
4,30000	79,7
4,31667	79,8
4,33333	79,9
4,35000	80,0
4,36667	80,0
4,38333	80,0
4,40000	80,0
4,41667	80,0
4,43333	80,0
4,45000	80,0
4,46667	80,0
4,48333	79,9
4,50000	79,9
4,51667	79,9
4,53333	79,9
4,55000	79,8
4,56667	79,8
4,58333	79,7
4,60000	79,8
4,61667	79,7
4,63333	79,6
4,65000	79,6
4,66667	79,5
4,68333	79,4
4,70000	79,5
4,71667	79,4
4,73333	79,4
4,75000	79,3
4,76667	79,3
4,78333	79,2
4,80000	79,2
4,81667	79,1
4,83333	79,2
4,85000	79,0
4,86667	79,1
4,88333	79,1
4,90000	79,0
4,91667	79,0
4,93333	79,0
4,95000	79,0
4,96667	79,0
4,98333	79,0
5,00000	78,9
5,01667	79,0
5,03333	79,0
5,05000	79,1
5,06667	79,1
5,08333	79,2
5,10000	79,2
5,11667	79,3
5,13333	79,3
5,15000	79,3
5,16667	79,3
5,18333	79,3
5,20000	79,4
5,21667	79,4
5,23333	79,4
5,25000	79,4
5,26667	79,4
5,28333	79,3
5,30000	79,4
5,31667	79,4
5,33333	79,4
5,35000	79,5
5,36667	79,4
5,38333	79,4
5,40000	79,5
5,41667	79,5
5,43333	79,4
5,45000	79,4
5,46667	79,5
5,48333	79,5
5,50000	79,5
5,51667	79,5
5,53333	79,5
5,55000	79,5
5,56667	79,5
5,58333	79,6
5,60000	79,6
5,61667	79,5
5,63333	79,5
5,65000	79,6
5,66667	79,6
5,68333	79,6
5,70000	79,6
5,71667	79,6
5,73333	79,6
5,75000	79,6
5,76667	79,6
5,78333	79,6
5,80000	79,5
5,81667	79,5
5,83333	79,6
5,85000	79,6
5,86667	79,6
5,88333	79,6
5,90000	79,7
5,91667	79,7
5,93333	79,6
5,95000	79,6
5,96667	79,6
5,98333	79,6
6,00000	79,6
6,01667	79,6
6,03333	79,6
6,05000	79,7
6,06667	79,6
6,08333	79,6
6,10000	79,7
6,11667	79,7
6,13333	79,7
6,15000	79,7
6,16667	79,7
6,18333	79,7
6,20000	79,7
6,21667	79,7
6,23333	79,7
6,25000	79,7
6,26667	79,8
6,28333	79,7
6,30000	79,8
6,31667	79,7
6,33333	79,7
6,35000	79,8
6,36667	79,7
6,38333	79,9
6,40000	79,8
6,41667	79,8
6,43333	79,8
6,45000	79,8
6,46667	79,8
6,48333	79,8
6,50000	79,8
6,51667	79,8
6,53333	79,8
6,55000	79,8
6,56667	79,8
6,58333	79,8
6,60000	79,8
6,61667	79,8
6,63333	79,8
6,65000	79,9
6,66667	79,8
6,68333	79,9
6,70000	79,9
6,71667	79,9
6,73333	80,0
6,75000	79,8
6,76667	79,9
6,78333	79,8
6,80000	79,9
6,81667	79,9
6,83333	79,9
6,85000	79,9
6,86667	79,9
6,88333	79,9
6,90000	79,9
6,91667	79,9
6,93333	79,9
6,95000	79,9
6,96667	79,9
6,98333	79,9
7,00000	80,0
7,01667	80,0
7,03333	80,0
7,05000	80,0
7,06667	79,9
7,08333	79,9
7,10000	79,9
7,11667	80,0
7,13333	80,0
7,15000	80,0
7,16667	80,0
7,18333	80,0
7,20000	80,0
7,21667	80,0
7,23333	80,0
7,25000	80,0
7,26667	80,0
7,28333	80,0
7,30000	80,0
7,31667	80,0
7,33333	80,0
7,35000	80,0
7,36667	80,1
7,38333	80,0
7,40000	80,0
7,41667	80,0
7,43333	80,1
7,45000	80,0
7,46667	80,0
7,48333	80,1
7,50000	80,0
7,51667	80,1
7,53333	80,0
7,55000	80,1
7,56667	80,1
7,58333	80,1
7,60000	80,1
7,61667	80,1
7,63333	80,1
7,65000	80,0
7,66667	80,1
7,68333	80,0
7,70000	80,1
7,71667	80,0
7,73333	80,1
7,75000	80,1
7,76667	80,0
7,78333	80,1
7,80000	80,1
7,81667	80,1
7,83333	80,0
7,85000	80,1
7,86667	80,0
7,88333	80,1
7,90000	80,1
7,91667	80,1
7,93333	80,1
7,95000	80,1
7,96667	80,2
7,98333	80,0
8,00000	80,1
8,01667	80,1
8,03333	80,1
8,05000	80,1
8,06667	80,1
8,08333	80,1
8,10000	80,1
8,11667	80,2
8,13333	80,1
8,15000	80,1
8,16667	80,1
8,18333	80,1
8,20000	80,1
8,21667	80,1
8,23333	80,0
8,25000	80,1
8,26667	80,1
8,28333	80,1
8,30000	80,1
8,31667	80,1
8,33333	80,1
8,35000	80,1
8,36667	80,1
8,38333	80,1
8,40000	80,1
8,41667	80,1
8,43333	80,1
8,45000	80,1
8,46667	80,1
8,48333	80,1
8,50000	80,1
8,51667	80,1
8,53333	80,1
8,55000	80,1
8,56667	80,1
8,58333	80,1
8,60000	80,1
8,61667	80,1
8,63333	80,1
8,65000	80,1
8,66667	80,1
8,68333	80,2
8,70000	80,1
8,71667	80,1
8,73333	80,1
8,75000	80,1
8,76667	80,1
8,78333	80,1
8,80000	80,1
8,81667	80,1
8,83333	80,2
8,85000	80,1
8,86667	80,1
8,88333	80,0
8,90000	80,1
8,91667	80,1
8,93333	80,1
8,95000	80,1
8,96667	80,1
8,98333	80,0
9,00000	80,1
9,01667	80,0
9,03333	80,1
9,05000	80,1
9,06667	80,1
9,08333	80,0
9,10000	80,1
9,11667	80,1
9,13333	80,1
9,15000	80,0
9,16667	80,1
9,18333	80,1
9,20000	80,0
9,21667	80,0
9,23333	80,0
9,25000	80,1
9,26667	80,0
9,28333	80,1
9,30000	80,0
9,31667	80,1
9,33333	80,0
9,35000	80,0
9,36667	80,0
9,38333	80,0
9,40000	80,0
9,41667	80,0
9,43333	80,0
9,45000	80,0
9,46667	80,1
9,48333	80,0
9,50000	80,1
9,51667	80,0
9,53333	80,0
9,55000	80,0
9,56667	80,0
9,58333	80,1
9,60000	80,1
9,61667	80,0
9,63333	80,1
9,65000	79,9
9,66667	80,0
9,68333	79,9
9,70000	80,0
9,71667	79,9
9,73333	80,0
9,75000	80,0
9,76667	80,0
9,78333	80,0
9,80000	80,0
9,81667	80,0
9,83333	80,0
9,85000	80,0
9,86667	80,0
9,88333	80,0
9,90000	80,0
9,91667	80,0
9,93333	79,9
9,95000	80,0
9,96667	80,0
9,98333	79,9
10,00000	79,9
10,01667	80,0
10,03333	79,9
10,05000	80,0
10,06667	79,9
10,08333	80,0
10,10000	79,9
10,11667	79,9
10,13333	80,0
10,15000	79,9
10,16667	79,9
10,18333	79,9
10,20000	79,9
10,21667	79,9
10,23333	79,8
10,25000	79,9
10,26667	79,8
10,28333	79,9
10,30000	79,8
10,31667	79,9
10,33333	79,9
10,35000	79,9
10,36667	79,9
10,38333	79,9
10,40000	79,9
10,41667	79,9
10,43333	79,9
10,45000	79,9
10,46667	79,8
10,48333	80,0
10,50000	79,8
10,51667	79,8
10,53333	79,8
10,55000	79,9
10,56667	79,8
10,58333	79,8
10,60000	79,9
10,61667	79,8
10,63333	79,8
10,65000	79,8
10,66667	79,8
10,68333	79,9
10,70000	79,8
10,71667	79,9
10,73333	79,9
10,75000	79,9
10,76667	79,8
10,78333	79,8
10,80000	79,8
10,81667	79,8
10,83333	79,9
10,85000	79,7
10,86667	79,8
10,88333	79,8
10,90000	79,8
10,91667	79,8
10,93333	79,8
10,95000	79,9
10,96667	79,8
10,98333	79,8
11,00000	79,7
11,01667	79,8
11,03333	79,8
11,05000	79,7
11,06667	79,8
11,08333	79,7
11,10000	79,8
11,11667	79,7
11,13333	79,8
11,15000	79,8
11,16667	79,8
11,18333	79,7
11,20000	79,7
11,21667	79,7
11,23333	79,7
11,25000	79,7
11,26667	79,7
11,28333	79,7
11,30000	79,7
11,31667	79,7
11,33333	79,7
11,35000	79,7
11,36667	79,7
11,38333	79,7
11,40000	79,7
11,41667	79,7
11,43333	79,7
11,45000	79,7
11,46667	79,7
11,48333	79,7
11,50000	79,7
11,51667	79,6
11,53333	79,7
11,55000	79,6
11,56667	79,7
11,58333	79,6
11,60000	79,6
11,61667	79,7
11,63333	79,6
11,65000	79,6
11,66667	79,6
11,68333	79,6
11,70000	79,6
11,71667	79,5
11,73333	79,6
11,75000	79,6
11,76667	79,6
11,78333	79,6
11,80000	79,6
11,81667	79,6
11,83333	79,6
11,85000	79,6
11,86667	79,6
11,88333	79,6
11,90000	79,6
11,91667	79,6
11,93333	79,6
11,95000	79,6
11,96667	79,6
11,98333	79,6
12,00000	79,6
12,01667	79,6
12,03333	79,6
12,05000	79,5
12,06667	79,6
12,08333	79,5
12,10000	79,5
12,11667	79,5
12,13333	79,5
12,15000	79,5
12,16667	79,6
12,18333	79,5
12,20000	79,5
12,21667	79,5
12,23333	79,5
12,25000	79,5
12,26667	79,5
12,28333	79,6
12,30000	79,5
12,31667	79,5
12,33333	79,5
12,35000	79,5
12,36667	79,5
12,38333	79,4
12,40000	79,5
12,41667	79,4
12,43333	79,5
12,45000	79,5
12,46667	79,5
12,48333	79,5
12,50000	79,5
12,51667	79,4
12,53333	79,4
12,55000	79,5
12,56667	79,5
12,58333	79,5
12,60000	79,5
12,61667	79,5
12,63333	79,5
12,65000	79,4
12,66667	79,5
12,68333	79,4
12,70000	79,4
12,71667	79,4
12,73333	79,4
12,75000	79,4
12,76667	79,4
12,78333	79,4
12,80000	79,4
12,81667	79,4
12,83333	79,5
12,85000	79,4
12,86667	79,4
12,88333	79,4
12,90000	79,5
12,91667	79,4
12,93333	79,4
12,95000	79,4
12,96667	79,4
12,98333	79,4
13,00000	79,4
13,01667	79,4
13,03333	79,4
13,05000	79,4
13,06667	79,5
13,08333	79,4
13,10000	79,4
13,11667	79,4
13,13333	79,4
13,15000	79,4
13,16667	79,4
13,18333	79,4
13,20000	79,4
13,21667	79,4
13,23333	79,4
13,25000	79,4
13,26667	79,3
13,28333	79,3
13,30000	79,3
13,31667	79,3
13,33333	79,4
13,35000	79,4
13,36667	79,4
13,38333	79,3
13,40000	79,3
13,41667	79,3
13,43333	79,4
13,45000	79,3
13,46667	79,3
13,48333	79,3
13,50000	79,4
13,51667	79,3
13,53333	79,3
13,55000	79,3
13,56667	79,3
13,58333	79,3
13,60000	79,3
13,61667	79,4
13,63333	79,3
13,65000	79,3
13,66667	79,3
13,68333	79,3
13,70000	79,4
13,71667	79,3
13,73333	79,3
13,75000	79,3
13,76667	79,4
13,78333	79,3
13,80000	79,3
13,81667	79,3
13,83333	79,3
13,85000	79,4
13,86667	79,3
13,88333	79,3
13,90000	79,3
13,91667	79,3
13,93333	79,3
13,95000	79,3
13,96667	79,3
13,98333	79,2
14,00000	79,3
14,01667	79,3
14,03333	79,3
14,05000	79,3
14,06667	79,3
14,08333	79,3
14,10000	79,3
14,11667	79,3
14,13333	79,3
14,15000	79,3
14,16667	79,3
14,18333	79,3
14,20000	79,3
14,21667	79,2
14,23333	79,3
14,25000	79,2
14,26667	79,2
14,28333	79,3
14,30000	79,2
14,31667	79,2
14,33333	79,2
14,35000	79,3
14,36667	79,3
14,38333	79,2
14,40000	79,3
14,41667	79,2
14,43333	79,3
14,45000	79,2
14,46667	79,2
14,48333	79,2
14,50000	79,2
14,51667	79,3
14,53333	79,3
14,55000	79,2
14,56667	79,3
14,58333	79,2
14,60000	79,2
14,61667	79,2
14,63333	79,2
14,65000	79,2
14,66667	79,3
14,68333	79,2
14,70000	79,3
14,71667	79,2
14,73333	79,2
14,75000	79,2
14,76667	79,2
14,78333	79,2
14,80000	79,2
14,81667	79,2
14,83333	79,3
14,85000	79,2
14,86667	79,2
14,88333	79,2
14,90000	79,3
14,91667	79,2
14,93333	79,2
14,95000	79,2
14,96667	79,2
14,98333	79,2
15,00000	79,2
15,01667	79,2
15,03333	79,2
15,05000	79,1
15,06667	79,3
15,08333	79,2
15,10000	79,2
15,11667	79,1
15,13333	79,2
15,15000	79,2
15,16667	79,2
15,18333	79,2
15,20000	79,2
15,21667	79,2
15,23333	79,2
15,25000	79,2
15,26667	79,2
15,28333	79,1
15,30000	79,2
15,31667	79,1
15,33333	79,2
15,35000	79,2
15,36667	79,2
15,38333	79,2
15,40000	79,2
15,41667	79,1
15,43333	79,2
15,45000	79,2
15,46667	79,2
15,48333	79,2
15,50000	79,2
15,51667	79,2
15,53333	79,2
15,55000	79,2
15,56667	79,3
15,58333	79,2
15,60000	79,2
15,61667	79,2
15,63333	79,2
15,65000	79,2
15,66667	79,2
15,68333	79,2
15,70000	79,2
15,71667	79,1
15,73333	79,2
15,75000	79,1
15,76667	79,2
15,78333	79,1
15,80000	79,2
15,81667	79,2
15,83333	79,2
15,85000	79,2
15,86667	79,2
15,88333	79,2
15,90000	79,2
15,91667	79,2
15,93333	79,2
15,95000	79,1
15,96667	79,3
15,98333	79,1
16,00000	79,2
16,01667	79,1
16,03333	79,1
16,05000	79,1
16,06667	79,2
16,08333	79,1
16,10000	79,2
16,11667	79,1
16,13333	79,2
16,15000	79,1
16,16667	79,2
16,18333	79,2
16,20000	79,2
16,21667	79,1
16,23333	79,2
16,25000	79,2
16,26667	79,1
16,28333	79,2
16,30000	79,2
16,31667	79,2
16,33333	79,2
16,35000	79,2
16,36667	79,2
16,38333	79,2
16,40000	79,2
16,41667	79,2
16,43333	79,2
16,45000	79,2
16,46667	79,2
16,48333	79,2
16,50000	79,2
16,51667	79,2
16,53333	79,2
16,55000	79,2
16,56667	79,1
16,58333	79,2
16,60000	79,1
16,61667	79,2
16,63333	79,2
16,65000	79,2
16,66667	79,1
16,68333	79,3
16,70000	79,1
16,71667	79,2
16,73333	79,2
16,75000	79,2
16,76667	79,2
16,78333	79,1
16,80000	79,2
16,81667	79,2
16,83333	79,2
16,85000	79,1
16,86667	79,1
16,88333	79,1
16,90000	79,1
16,91667	79,1
16,93333	79,2
16,95000	79,1
16,96667	79,2
16,98333	79,1
17,00000	79,2
17,01667	79,1
17,03333	79,1
17,05000	79,1
17,06667	79,1
17,08333	79,1
17,10000	79,1
17,11667	79,1
17,13333	79,1
17,15000	79,1
17,16667	79,1
17,18333	79,1
17,20000	79,1
17,21667	79,1
17,23333	79,1
17,25000	79,1
17,26667	79,1
17,28333	79,1
17,30000	79,1
17,31667	79,1
17,33333	79,1
17,35000	79,1
17,36667	79,1
17,38333	79,1
17,40000	79,0
17,41667	79,1
17,43333	79,1
17,45000	79,1
17,46667	79,1
17,48333	79,1
17,50000	79,1
17,51667	79,1
17,53333	79,1
17,55000	79,0
17,56667	79,1
17,58333	79,0
17,60000	79,1
17,61667	79,1
17,63333	79,1
17,65000	79,1
17,66667	79,0
17,68333	79,0
17,70000	79,0
17,71667	79,1
17,73333	79,0
17,75000	79,0
17,76667	79,0
17,78333	79,0
17,80000	79,0
17,81667	79,0
17,83333	79,0
17,85000	79,0
17,86667	79,0
17,88333	79,0
17,90000	79,0
17,91667	79,0
17,93333	79,0
17,95000	79,0
17,96667	79,0
17,98333	79,0
18,00000	79,0
18,01667	79,0
18,03333	79,0
18,05000	79,0
18,06667	79,0
18,08333	79,0
18,10000	78,9
18,11667	79,0
18,13333	78,9
18,15000	78,9
18,16667	79,0
18,18333	78,9
18,20000	78,9
18,21667	79,0
18,23333	78,9
18,25000	79,0
18,26667	78,9
18,28333	79,0
18,30000	78,9
18,31667	78,9
18,33333	78,9
18,35000	78,9
18,36667	78,9
18,38333	79,0
18,40000	78,9
18,41667	78,9
18,43333	78,9
18,45000	78,9
18,46667	78,9
18,48333	78,8
18,50000	78,8
18,51667	78,8
18,53333	78,8
18,55000	78,8
18,56667	78,8
18,58333	78,8
18,60000	78,8
18,61667	78,8
18,63333	78,8
18,65000	78,8
18,66667	78,8
18,68333	78,8
18,70000	78,9
18,71667	78,8
18,73333	78,8
18,75000	78,8
18,76667	78,8
18,78333	78,8
18,80000	78,8
18,81667	78,7
18,83333	78,8
18,85000	78,7
18,86667	78,7
18,88333	78,8
18,90000	78,7
18,91667	78,7
18,93333	78,7
18,95000	78,6
18,96667	78,7
18,98333	78,7
19,00000	78,6
19,01667	78,7
19,03333	78,7
19,05000	78,6
19,06667	78,7
19,08333	78,6
19,10000	78,7
19,11667	78,6
19,13333	78,6
19,15000	78,7
19,16667	78,6
19,18333	78,6
19,20000	78,6
19,21667	78,6
19,23333	78,5
19,25000	78,6
19,26667	78,6
19,28333	78,6
19,30000	78,6
19,31667	78,5
19,33333	78,5
19,35000	78,6
19,36667	78,4
19,38333	78,5
19,40000	78,5
19,41667	78,5
19,43333	78,5
19,45000	78,5
19,46667	78,5
19,48333	78,5
19,50000	78,5
19,51667	78,4
19,53333	78,4
19,55000	78,4
19,56667	78,4
19,58333	78,4
19,60000	78,4
19,61667	78,4
19,63333	78,4
19,65000	78,4
19,66667	78,4
19,68333	78,4
19,70000	78,3
19,71667	78,4
19,73333	78,4
19,75000	78,3
19,76667	78,4
19,78333	78,3
19,80000	78,3
19,81667	78,3
19,83333	78,3
19,85000	78,2
19,86667	78,3
19,88333	78,3
19,90000	78,2
19,91667	78,3
19,93333	78,3
19,95000	78,2
19,96667	78,3
19,98333	78,2
20,00000	78,2
20,01667	78,2
20,03333	78,2
20,05000	78,2
20,06667	78,2
20,08333	78,2
20,10000	78,2
20,11667	78,2
20,13333	78,1
20,15000	78,2
20,16667	78,1
20,18333	78,1
20,20000	78,1
20,21667	78,1
20,23333	78,1
20,25000	78,1
20,26667	78,1
20,28333	78,1
20,30000	78,1
20,31667	78,0
20,33333	78,0
20,35000	78,0
20,36667	78,0
20,38333	78,0
20,40000	78,0
20,41667	77,9
20,43333	78,0
20,45000	78,0
20,46667	77,9
20,48333	77,9
20,50000	77,9
20,51667	77,9
20,53333	77,9
20,55000	77,9
20,56667	77,9
20,58333	77,9
20,60000	77,9
20,61667	77,9
20,63333	77,8
20,65000	77,7
20,66667	77,8
20,68333	77,8
20,70000	77,7
20,71667	77,7
20,73333	77,7
20,75000	77,6
20,76667	77,7
20,78333	77,6
20,80000	77,6
20,81667	77,6
20,83333	77,6
20,85000	77,5
20,86667	77,6
20,88333	77,5
20,90000	77,4
20,91667	77,4
20,93333	77,4
20,95000	77,4
20,96667	77,3
20,98333	77,3
21,00000	77,3
21,01667	77,3
21,03333	77,3
21,05000	77,2
21,06667	77,2
21,08333	77,2
21,10000	77,1
21,11667	77,1
21,13333	77,1
21,15000	77,0
21,16667	76,9
21,18333	76,9
21,20000	76,9
21,21667	76,8
21,23333	76,8
21,25000	76,8
21,26667	76,7
21,28333	76,7
21,30000	76,6
21,31667	76,6
21,33333	76,5
21,35000	76,5
21,36667	76,4
21,38333	76,4
21,40000	76,3
21,41667	76,3
21,43333	76,3
21,45000	76,3
21,46667	76,1
21,48333	76,1
21,50000	76,0
21,51667	76,0
21,53333	76,0
21,55000	75,9
21,56667	75,8
21,58333	75,8
21,60000	75,7
21,61667	75,8
21,63333	75,6
21,65000	75,6
21,66667	75,5
21,68333	75,5
21,70000	75,5
21,71667	75,4
21,73333	75,3
21,75000	75,3
21,76667	75,2
21,78333	75,1
21,80000	75,0
21,81667	75,0
21,83333	75,0
21,85000	75,0
21,86667	74,9
21,88333	74,9
21,90000	74,7
21,91667	74,7
21,93333	74,6
21,95000	74,5
21,96667	74,5
21,98333	74,4
22,00000	74,3
22,01667	74,4
22,03333	74,2
22,05000	74,2
22,06667	74,1
22,08333	74,0
22,10000	74,0
22,11667	73,9
22,13333	73,9
22,15000	73,8
22,16667	73,7
22,18333	73,7
22,20000	73,6
22,21667	73,5
22,23333	73,5
22,25000	73,4
22,26667	73,3
22,28333	73,2
22,30000	73,1
22,31667	73,1
22,33333	73,0
22,35000	72,9
22,36667	72,9
22,38333	72,8
22,40000	72,7
22,41667	72,6
22,43333	72,5
22,45000	72,5
22,46667	72,4
22,48333	72,3
22,50000	72,3
22,51667	72,1
22,53333	72,1
22,55000	72,0
22,56667	72,0
22,58333	71,9
22,60000	71,8
22,61667	71,7
22,63333	71,7
22,65000	71,5
22,66667	71,5
22,68333	71,4
22,70000	71,3
22,71667	71,2
22,73333	71,1
22,75000	71,0
22,76667	71,0
22,78333	70,9
22,80000	70,8
22,81667	70,7
22,83333	70,6
22,85000	70,5
22,86667	70,5
22,88333	70,4
22,90000	70,3
22,91667	70,2
22,93333	70,1
22,95000	70,0
22,96667	69,9
22,98333	69,8
23,00000	69,7
23,01667	69,6
23,03333	69,6
23,05000	69,4
23,06667	69,3
23,08333	69,2
23,10000	69,1
23,11667	69,0
23,13333	68,9
23,15000	68,8
23,16667	68,7
23,18333	68,6
23,20000	68,5
23,21667	68,4
23,23333	68,3
23,25000	68,2
23,26667	68,1
23,28333	67,9
23,30000	67,8
23,31667	67,7
23,33333	67,6
23,35000	67,4
23,36667	67,4
23,38333	67,2
23,40000	67,1
23,41667	67,0
23,43333	66,9
23,45000	66,7
23,46667	66,7
23,48333	66,5
23,50000	66,4
23,51667	66,3
23,53333	66,2
23,55000	66,0
23,56667	66,0
23,58333	65,8
23,60000	65,7
23,61667	65,6
23,63333	65,5
23,65000	65,4
23,66667	65,3
23,68333	65,2
23,70000	65,1
23,71667	65,0
23,73333	64,9
23,75000	64,8
23,76667	64,7
23,78333	64,5
23,80000	64,4
23,81667	64,4
23,83333	64,3
23,85000	64,1
23,86667	64,1
23,88333	64,0
23,90000	63,9
23,91667	63,8
23,93333	63,6
23,95000	63,5
23,96667	63,5
23,98333	63,4
24,00000	63,3
24,01667	63,2
24,03333	63,1
24,05000	63,0
24,06667	62,9
24,08333	62,8
24,10000	62,7
24,11667	62,6
24,13333	62,6
24,15000	62,4
24,16667	62,3
24,18333	62,2
24,20000	62,1
24,21667	62,1
24,23333	62,0
24,25000	61,8
24,26667	61,7
24,28333	61,6
24,30000	61,6
24,31667	61,5
24,33333	61,3
24,35000	61,3
24,36667	61,2
24,38333	61,1
24,40000	61,0
24,41667	60,9
24,43333	60,8
24,45000	60,7
24,46667	60,6
24,48333	60,5
24,50000	60,4
24,51667	60,3
24,53333	60,3
24,55000	60,1
24,56667	60,0
24,58333	59,9
24,60000	59,8
24,61667	59,7
24,63333	59,6
24,65000	59,5
24,66667	59,4
24,68333	59,3
24,70000	59,2
24,71667	59,1
24,73333	59,0
24,75000	58,9
24,76667	58,8
24,78333	58,7
24,80000	58,6
24,81667	58,5
24,83333	58,4
24,85000	58,3
24,86667	58,2
24,88333	58,1
24,90000	57,9
24,91667	57,8
24,93333	57,8
24,95000	57,6
24,96667	57,5
24,98333	57,4
25,00000	57,3
25,01667	57,2
25,03333	57,1
25,05000	57,0
25,06667	56,9
25,08333	56,8
25,10000	56,7
25,11667	56,6
25,13333	56,6
25,15000	56,5
25,16667	56,4
25,18333	56,3
25,20000	56,1
25,21667	56,0
25,23333	55,9
25,25000	55,8
25,26667	55,8
25,28333	55,7
25,30000	55,5
25,31667	55,5
25,33333	55,5
25,35000	55,3
25,36667	55,1
25,38333	55,1
25,40000	55,0
25,41667	54,8
25,43333	54,7
25,45000	54,7
25,46667	54,6
25,48333	54,5
25,50000	54,4
25,51667	54,3
25,53333	54,2
25,55000	54,1
25,56667	54,1
25,58333	53,9
25,60000	53,9
25,61667	53,8
25,63333	53,7
25,65000	53,6
25,66667	53,5
25,68333	53,4
25,70000	53,4
25,71667	53,3
25,73333	53,3
25,75000	53,1
25,76667	53,1
25,78333	53,0
25,80000	52,9
25,81667	52,8
25,83333	52,8
25,85000	52,7
25,86667	52,7
25,88333	52,6
25,90000	52,5
25,91667	52,5
25,93333	52,4
25,95000	52,4
25,96667	52,3
25,98333	52,3
26,00000	52,3
26,01667	52,3
26,03333	52,3
26,05000	52,2
26,06667	52,2
26,08333	52,2
26,10000	52,1
26,11667	52,1
26,13333	52,1
26,15000	52,1
26,16667	52,0
26,18333	52,0
26,20000	52,0
26,21667	52,0
26,23333	52,0
26,25000	52,0
26,26667	52,0
26,28333	52,0
26,30000	52,0
26,31667	52,0
26,33333	52,0
26,35000	52,0
26,36667	52,0
26,38333	52,0
26,40000	52,0
26,41667	52,1
26,43333	52,1
26,45000	52,1
26,46667	52,2
26,48333	52,3
26,50000	52,3
26,51667	52,3
26,53333	52,3
26,55000	52,3
26,56667	52,4
26,58333	52,4
26,60000	52,5
26,61667	52,6
26,63333	52,6
26,65000	52,6
26,66667	52,6
26,68333	52,7
26,70000	52,7
26,71667	52,8
26,73333	52,8
26,75000	52,9
26,76667	52,9
26,78333	53,0
26,80000	53,0
26,81667	53,1
26,83333	53,1
26,85000	53,1
26,86667	53,3
26,88333	53,3
26,90000	53,3
26,91667	53,4
26,93333	53,5
26,95000	53,5
26,96667	53,6
26,98333	53,7
27,00000	53,7
27,01667	53,8
27,03333	53,9
27,05000	53,9
27,06667	54,0
27,08333	54,1
27,10000	54,2
27,11667	54,2
27,13333	54,3
27,15000	54,4
27,16667	54,4
27,18333	54,5
27,20000	54,6
27,21667	54,7
27,23333	54,7
27,25000	54,9
27,26667	55,0
27,28333	55,0
27,30000	55,1
27,31667	55,2
27,33333	55,3
27,35000	55,4
27,36667	55,5
27,38333	55,6
27,40000	55,7
27,41667	55,8
27,43333	55,9
27,45000	56,0
27,46667	56,0
27,48333	56,2
27,50000	56,2
27,51667	56,3
27,53333	56,5
27,55000	56,6
27,56667	56,7
27,58333	56,8
27,60000	56,9
27,61667	57,0
27,63333	57,0
27,65000	57,2
27,66667	57,4
27,68333	57,5
27,70000	57,6
27,71667	57,7
27,73333	57,8
27,75000	58,0
27,76667	58,0
27,78333	58,2
27,80000	58,3
27,81667	58,4
27,83333	58,6
27,85000	58,7
27,86667	58,8
27,88333	58,9
27,90000	59,0
27,91667	59,2
27,93333	59,2
27,95000	59,4
27,96667	59,5
27,98333	59,7
28,00000	59,7
28,01667	59,8
28,03333	59,8
28,05000	60,0
28,06667	60,2
28,08333	60,3
28,10000	60,4
28,11667	60,5
28,13333	60,6
28,15000	60,7
28,16667	60,9
28,18333	61,0
28,20000	61,1
28,21667	61,1
28,23333	61,3
28,25000	61,4
28,26667	61,4
28,28333	61,6
28,30000	61,7
28,31667	61,8
28,33333	62,0
28,35000	62,0
28,36667	62,1
28,38333	62,2
28,40000	62,4
28,41667	62,4
28,43333	62,4
28,45000	62,7
28,46667	62,8
28,48333	62,9
28,50000	63,0
28,51667	63,1
28,53333	63,2
28,55000	63,3
28,56667	63,4
28,58333	63,5
28,60000	63,7
28,61667	63,8
28,63333	63,8
28,65000	63,9
28,66667	64,0
28,68333	64,1
28,70000	64,3
28,71667	64,3
28,73333	64,4
28,75000	64,5
28,76667	64,6
28,78333	64,7
28,80000	64,9
28,81667	64,9
28,83333	65,0
28,85000	65,1
28,86667	65,2
28,88333	65,3
28,90000	65,4
28,91667	65,5
28,93333	65,7
28,95000	65,7
28,96667	65,8
28,98333	65,9
29,00000	66,1
29,01667	66,2
29,03333	66,3
29,05000	66,4
29,06667	66,5
29,08333	66,6
29,10000	66,6
29,11667	66,7
29,13333	66,9
29,15000	66,9
29,16667	67,0
29,18333	67,2
29,20000	67,2
29,21667	67,3
29,23333	67,4
29,25000	67,5
29,26667	67,6
29,28333	67,7
29,30000	67,8
29,31667	67,8
29,33333	67,9
29,35000	67,9
29,36667	68,1
29,38333	68,2
29,40000	68,2
29,41667	68,4
29,43333	68,4
29,45000	68,5
29,46667	68,5
29,48333	68,6
29,50000	68,8
29,51667	68,8
29,53333	68,8
29,55000	69,0
29,56667	69,1
29,58333	69,2
29,60000	69,3
29,61667	69,5
29,63333	69,5
29,65000	69,8
29,66667	69,9
29,68333	70,0
29,70000	70,1
29,71667	70,2
29,73333	70,3
29,75000	70,5
29,76667	70,6
29,78333	70,7
29,80000	70,8
29,81667	70,9
29,83333	71,0
29,85000	71,2
29,86667	71,2
29,88333	71,4
29,90000	71,5
29,91667	71,6
29,93333	71,6
29,95000	71,8
29,96667	71,9
29,98333	72,0
30,00000	72,2
30,01667	72,3
30,03333	72,3
30,05000	72,5
30,06667	72,6
30,08333	72,6
30,10000	72,7
30,11667	72,8
30,13333	72,9
30,15000	73,0
30,16667	73,1
30,18333	73,2
30,20000	73,2
30,21667	73,3
30,23333	73,5
30,25000	73,5
30,26667	73,6
30,28333	73,7
30,30000	73,8
30,31667	73,8
30,33333	73,8
30,35000	73,9
30,36667	74,1
30,38333	74,2
30,40000	74,2
30,41667	74,3
30,43333	74,4
30,45000	74,4
30,46667	74,5
30,48333	74,6
30,50000	74,7
30,51667	74,8
30,53333	74,8
30,55000	74,8
30,56667	74,9
30,58333	74,9
30,60000	75,0
30,61667	75,1
30,63333	75,1
30,65000	75,2
30,66667	75,2
30,68333	75,4
30,70000	75,4
30,71667	75,4
30,73333	75,4
30,75000	75,5
30,76667	75,7
30,78333	75,7
30,80000	75,7
30,81667	75,7
30,83333	75,8
30,85000	75,8
30,86667	75,9
30,88333	76,0
30,90000	76,0
30,91667	76,1
30,93333	76,1
30,95000	76,1
30,96667	76,2
30,98333	76,2
31,00000	76,3
31,01667	76,4
31,03333	76,4
31,05000	76,4
31,06667	76,5
31,08333	76,4
31,10000	76,5
31,11667	76,6
31,13333	76,6
31,15000	76,7
31,16667	76,7
31,18333	76,7
31,20000	76,7
31,21667	76,8
31,23333	76,9
31,25000	76,9
31,26667	77,0
31,28333	77,0
31,30000	77,0
31,31667	77,1
31,33333	77,1
31,35000	77,1
31,36667	77,2
31,38333	77,2
31,40000	77,3
31,41667	77,3
31,43333	77,2
31,45000	77,3
31,46667	77,3
31,48333	77,4
31,50000	77,5
31,51667	77,5
31,53333	77,5
31,55000	77,5
31,56667	77,5
31,58333	77,5
31,60000	77,6
31,61667	77,7
31,63333	77,6
31,65000	77,7
31,66667	77,7
31,68333	77,7
31,70000	77,8
31,71667	77,8
31,73333	77,9
31,75000	77,9
31,76667	77,9
31,78333	77,9
31,80000	77,9
31,81667	77,9
31,83333	77,9
31,85000	78,0
31,86667	78,0
31,88333	78,0
31,90000	78,0
31,91667	78,1
31,93333	78,1
31,95000	78,1
31,96667	78,2
31,98333	78,2
32,00000	78,2

[LC Status Trace(Pump B Degasser Pressure)]
Interval(msec)	1000
# of Points	1921
Start Time(min)	0,000
End Time(min)	32,000
Intensity Units	bar
Intensity Multiplier	0,980665
R.Time (min)	Intensity
0,00000	0,00
0,01667	0,00
0,03333	0,00
0,05000	0,00
0,06667	0,00
0,08333	0,00
0,10000	0,00
0,11667	0,00
0,13333	0,00
0,15000	0,00
0,16667	0,00
0,18333	0,00
0,20000	0,00
0,21667	0,00
0,23333	0,00
0,25000	0,00
0,26667	0,00
0,28333	0,00
0,30000	0,00
0,31667	0,00
0,33333	0,00
0,35000	0,00
0,36667	0,00
0,38333	0,00
0,40000	0,00
0,41667	0,00
0,43333	0,00
0,45000	0,00
0,46667	0,00
0,48333	0,00
0,50000	0,00
0,51667	0,00
0,53333	0,00
0,55000	0,00
0,56667	0,00
0,58333	0,00
0,60000	0,00
0,61667	0,00
0,63333	0,00
0,65000	0,00
0,66667	0,00
0,68333	0,00
0,70000	0,00
0,71667	0,00
0,73333	0,00
0,75000	0,00
0,76667	0,00
0,78333	0,00
0,80000	0,00
0,81667	0,00
0,83333	0,00
0,85000	0,00
0,86667	0,00
0,88333	0,00
0,90000	0,00
0,91667	0,00
0,93333	0,00
0,95000	0,00
0,96667	0,00
0,98333	0,00
1,00000	0,00
1,01667	0,00
1,03333	0,00
1,05000	0,00
1,06667	0,00
1,08333	0,00
1,10000	0,00
1,11667	0,00
1,13333	0,00
1,15000	0,00
1,16667	0,00
1,18333	0,00
1,20000	0,00
1,21667	0,00
1,23333	0,00
1,25000	0,00
1,26667	0,00
1,28333	0,00
1,30000	0,00
1,31667	0,00
1,33333	0,00
1,35000	0,00
1,36667	0,00
1,38333	0,00
1,40000	0,00
1,41667	0,00
1,43333	0,00
1,45000	0,00
1,46667	0,00
1,48333	0,00
1,50000	0,00
1,51667	0,00
1,53333	0,00
1,55000	0,00
1,56667	0,00
1,58333	0,00
1,60000	0,00
1,61667	0,00
1,63333	0,00
1,65000	0,00
1,66667	0,00
1,68333	0,00
1,70000	0,00
1,71667	0,00
1,73333	0,00
1,75000	0,00
1,76667	0,00
1,78333	0,00
1,80000	0,00
1,81667	0,00
1,83333	0,00
1,85000	0,00
1,86667	0,00
1,88333	0,00
1,90000	0,00
1,91667	0,00
1,93333	0,00
1,95000	0,00
1,96667	0,00
1,98333	0,00
2,00000	0,00
2,01667	0,00
2,03333	0,00
2,05000	0,00
2,06667	0,00
2,08333	0,00
2,10000	0,00
2,11667	0,00
2,13333	0,00
2,15000	0,00
2,16667	0,00
2,18333	0,00
2,20000	0,00
2,21667	0,00
2,23333	0,00
2,25000	0,00
2,26667	0,00
2,28333	0,00
2,30000	0,00
2,31667	0,00
2,33333	0,00
2,35000	0,00
2,36667	0,00
2,38333	0,00
2,40000	0,00
2,41667	0,00
2,43333	0,00
2,45000	0,00
2,46667	0,00
2,48333	0,00
2,50000	0,00
2,51667	0,00
2,53333	0,00
2,55000	0,00
2,56667	0,00
2,58333	0,00
2,60000	0,00
2,61667	0,00
2,63333	0,00
2,65000	0,00
2,66667	0,00
2,68333	0,00
2,70000	0,00
2,71667	0,00
2,73333	0,00
2,75000	0,00
2,76667	0,00
2,78333	0,00
2,80000	0,00
2,81667	0,00
2,83333	0,00
2,85000	0,00
2,86667	0,00
2,88333	0,00
2,90000	0,00
2,91667	0,00
2,93333	0,00
2,95000	0,00
2,96667	0,00
2,98333	0,00
3,00000	0,00
3,01667	0,00
3,03333	0,00
3,05000	0,00
3,06667	0,00
3,08333	0,00
3,10000	0,00
3,11667	0,00
3,13333	0,00
3,15000	0,00
3,16667	0,00
3,18333	0,00
3,20000	0,00
3,21667	0,00
3,23333	0,00
3,25000	0,00
3,26667	0,00
3,28333	0,00
3,30000	0,00
3,31667	0,00
3,33333	0,00
3,35000	0,00
3,36667	0,00
3,38333	0,00
3,40000	0,00
3,41667	0,00
3,43333	0,00
3,45000	0,00
3,46667	0,00
3,48333	0,00
3,50000	0,00
3,51667	0,00
3,53333	0,00
3,55000	0,00
3,56667	0,00
3,58333	0,00
3,60000	0,00
3,61667	0,00
3,63333	0,00
3,65000	0,00
3,66667	0,00
3,68333	0,00
3,70000	0,00
3,71667	0,00
3,73333	0,00
3,75000	0,00
3,76667	0,00
3,78333	0,00
3,80000	0,00
3,81667	0,00
3,83333	0,00
3,85000	0,00
3,86667	0,00
3,88333	0,00
3,90000	0,00
3,91667	0,00
3,93333	0,00
3,95000	0,00
3,96667	0,00
3,98333	0,00
4,00000	0,00
4,01667	0,00
4,03333	0,00
4,05000	0,00
4,06667	0,00
4,08333	0,00
4,10000	0,00
4,11667	0,00
4,13333	0,00
4,15000	0,00
4,16667	0,00
4,18333	0,00
4,20000	0,00
4,21667	0,00
4,23333	0,00
4,25000	0,00
4,26667	0,00
4,28333	0,00
4,30000	0,00
4,31667	0,00
4,33333	0,00
4,35000	0,00
4,36667	0,00
4,38333	0,00
4,40000	0,00
4,41667	0,00
4,43333	0,00
4,45000	0,00
4,46667	0,00
4,48333	0,00
4,50000	0,00
4,51667	0,00
4,53333	0,00
4,55000	0,00
4,56667	0,00
4,58333	0,00
4,60000	0,00
4,61667	0,00
4,63333	0,00
4,65000	0,00
4,66667	0,00
4,68333	0,00
4,70000	0,00
4,71667	0,00
4,73333	0,00
4,75000	0,00
4,76667	0,00
4,78333	0,00
4,80000	0,00
4,81667	0,00
4,83333	0,00
4,85000	0,00
4,86667	0,00
4,88333	0,00
4,90000	0,00
4,91667	0,00
4,93333	0,00
4,95000	0,00
4,96667	0,00
4,98333	0,00
5,00000	0,00
5,01667	0,00
5,03333	0,00
5,05000	0,00
5,06667	0,00
5,08333	0,00
5,10000	0,00
5,11667	0,00
5,13333	0,00
5,15000	0,00
5,16667	0,00
5,18333	0,00
5,20000	0,00
5,21667	0,00
5,23333	0,00
5,25000	0,00
5,26667	0,00
5,28333	0,00
5,30000	0,00
5,31667	0,00
5,33333	0,00
5,35000	0,00
5,36667	0,00
5,38333	0,00
5,40000	0,00
5,41667	0,00
5,43333	0,00
5,45000	0,00
5,46667	0,00
5,48333	0,00
5,50000	0,00
5,51667	0,00
5,53333	0,00
5,55000	0,00
5,56667	0,00
5,58333	0,00
5,60000	0,00
5,61667	0,00
5,63333	0,00
5,65000	0,00
5,66667	0,00
5,68333	0,00
5,70000	0,00
5,71667	0,00
5,73333	0,00
5,75000	0,00
5,76667	0,00
5,78333	0,00
5,80000	0,00
5,81667	0,00
5,83333	0,00
5,85000	0,00
5,86667	0,00
5,88333	0,00
5,90000	0,00
5,91667	0,00
5,93333	0,00
5,95000	0,00
5,96667	0,00
5,98333	0,00
6,00000	0,00
6,01667	0,00
6,03333	0,00
6,05000	0,00
6,06667	0,00
6,08333	0,00
6,10000	0,00
6,11667	0,00
6,13333	0,00
6,15000	0,00
6,16667	0,00
6,18333	0,00
6,20000	0,00
6,21667	0,00
6,23333	0,00
6,25000	0,00
6,26667	0,00
6,28333	0,00
6,30000	0,00
6,31667	0,00
6,33333	0,00
6,35000	0,00
6,36667	0,00
6,38333	0,00
6,40000	0,00
6,41667	0,00
6,43333	0,00
6,45000	0,00
6,46667	0,00
6,48333	0,00
6,50000	0,00
6,51667	0,00
6,53333	0,00
6,55000	0,00
6,56667	0,00
6,58333	0,00
6,60000	0,00
6,61667	0,00
6,63333	0,00
6,65000	0,00
6,66667	0,00
6,68333	0,00
6,70000	0,00
6,71667	0,00
6,73333	0,00
6,75000	0,00
6,76667	0,00
6,78333	0,00
6,80000	0,00
6,81667	0,00
6,83333	0,00
6,85000	0,00
6,86667	0,00
6,88333	0,00
6,90000	0,00
6,91667	0,00
6,93333	0,00
6,95000	0,00
6,96667	0,00
6,98333	0,00
7,00000	0,00
7,01667	0,00
7,03333	0,00
7,05000	0,00
7,06667	0,00
7,08333	0,00
7,10000	0,00
7,11667	0,00
7,13333	0,00
7,15000	0,00
7,16667	0,00
7,18333	0,00
7,20000	0,00
7,21667	0,00
7,23333	0,00
7,25000	0,00
7,26667	0,00
7,28333	0,00
7,30000	0,00
7,31667	0,00
7,33333	0,00
7,35000	0,00
7,36667	0,00
7,38333	0,00
7,40000	0,00
7,41667	0,00
7,43333	0,00
7,45000	0,00
7,46667	0,00
7,48333	0,00
7,50000	0,00
7,51667	0,00
7,53333	0,00
7,55000	0,00
7,56667	0,00
7,58333	0,00
7,60000	0,00
7,61667	0,00
7,63333	0,00
7,65000	0,00
7,66667	0,00
7,68333	0,00
7,70000	0,00
7,71667	0,00
7,73333	0,00
7,75000	0,00
7,76667	0,00
7,78333	0,00
7,80000	0,00
7,81667	0,00
7,83333	0,00
7,85000	0,00
7,86667	0,00
7,88333	0,00
7,90000	0,00
7,91667	0,00
7,93333	0,00
7,95000	0,00
7,96667	0,00
7,98333	0,00
8,00000	0,00
8,01667	0,00
8,03333	0,00
8,05000	0,00
8,06667	0,00
8,08333	0,00
8,10000	0,00
8,11667	0,00
8,13333	0,00
8,15000	0,00
8,16667	0,00
8,18333	0,00
8,20000	0,00
8,21667	0,00
8,23333	0,00
8,25000	0,00
8,26667	0,00
8,28333	0,00
8,30000	0,00
8,31667	0,00
8,33333	0,00
8,35000	0,00
8,36667	0,00
8,38333	0,00
8,40000	0,00
8,41667	0,00
8,43333	0,00
8,45000	0,00
8,46667	0,00
8,48333	0,00
8,50000	0,00
8,51667	0,00
8,53333	0,00
8,55000	0,00
8,56667	0,00
8,58333	0,00
8,60000	0,00
8,61667	0,00
8,63333	0,00
8,65000	0,00
8,66667	0,00
8,68333	0,00
8,70000	0,00
8,71667	0,00
8,73333	0,00
8,75000	0,00
8,76667	0,00
8,78333	0,00
8,80000	0,00
8,81667	0,00
8,83333	0,00
8,85000	0,00
8,86667	0,00
8,88333	0,00
8,90000	0,00
8,91667	0,00
8,93333	0,00
8,95000	0,00
8,96667	0,00
8,98333	0,00
9,00000	0,00
9,01667	0,00
9,03333	0,00
9,05000	0,00
9,06667	0,00
9,08333	0,00
9,10000	0,00
9,11667	0,00
9,13333	0,00
9,15000	0,00
9,16667	0,00
9,18333	0,00
9,20000	0,00
9,21667	0,00
9,23333	0,00
9,25000	0,00
9,26667	0,00
9,28333	0,00
9,30000	0,00
9,31667	0,00
9,33333	0,00
9,35000	0,00
9,36667	0,00
9,38333	0,00
9,40000	0,00
9,41667	0,00
9,43333	0,00
9,45000	0,00
9,46667	0,00
9,48333	0,00
9,50000	0,00
9,51667	0,00
9,53333	0,00
9,55000	0,00
9,56667	0,00
9,58333	0,00
9,60000	0,00
9,61667	0,00
9,63333	0,00
9,65000	0,00
9,66667	0,00
9,68333	0,00
9,70000	0,00
9,71667	0,00
9,73333	0,00
9,75000	0,00
9,76667	0,00
9,78333	0,00
9,80000	0,00
9,81667	0,00
9,83333	0,00
9,85000	0,00
9,86667	0,00
9,88333	0,00
9,90000	0,00
9,91667	0,00
9,93333	0,00
9,95000	0,00
9,96667	0,00
9,98333	0,00
10,00000	0,00
10,01667	0,00
10,03333	0,00
10,05000	0,00
10,06667	0,00
10,08333	0,00
10,10000	0,00
10,11667	0,00
10,13333	0,00
10,15000	0,00
10,16667	0,00
10,18333	0,00
10,20000	0,00
10,21667	0,00
10,23333	0,00
10,25000	0,00
10,26667	0,00
10,28333	0,00
10,30000	0,00
10,31667	0,00
10,33333	0,00
10,35000	0,00
10,36667	0,00
10,38333	0,00
10,40000	0,00
10,41667	0,00
10,43333	0,00
10,45000	0,00
10,46667	0,00
10,48333	0,00
10,50000	0,00
10,51667	0,00
10,53333	0,00
10,55000	0,00
10,56667	0,00
10,58333	0,00
10,60000	0,00
10,61667	0,00
10,63333	0,00
10,65000	0,00
10,66667	0,00
10,68333	0,00
10,70000	0,00
10,71667	0,00
10,73333	0,00
10,75000	0,00
10,76667	0,00
10,78333	0,00
10,80000	0,00
10,81667	0,00
10,83333	0,00
10,85000	0,00
10,86667	0,00
10,88333	0,00
10,90000	0,00
10,91667	0,00
10,93333	0,00
10,95000	0,00
10,96667	0,00
10,98333	0,00
11,00000	0,00
11,01667	0,00
11,03333	0,00
11,05000	0,00
11,06667	0,00
11,08333	0,00
11,10000	0,00
11,11667	0,00
11,13333	0,00
11,15000	0,00
11,16667	0,00
11,18333	0,00
11,20000	0,00
11,21667	0,00
11,23333	0,00
11,25000	0,00
11,26667	0,00
11,28333	0,00
11,30000	0,00
11,31667	0,00
11,33333	0,00
11,35000	0,00
11,36667	0,00
11,38333	0,00
11,40000	0,00
11,41667	0,00
11,43333	0,00
11,45000	0,00
11,46667	0,00
11,48333	0,00
11,50000	0,00
11,51667	0,00
11,53333	0,00
11,55000	0,00
11,56667	0,00
11,58333	0,00
11,60000	0,00
11,61667	0,00
11,63333	0,00
11,65000	0,00
11,66667	0,00
11,68333	0,00
11,70000	0,00
11,71667	0,00
11,73333	0,00
11,75000	0,00
11,76667	0,00
11,78333	0,00
11,80000	0,00
11,81667	0,00
11,83333	0,00
11,85000	0,00
11,86667	0,00
11,88333	0,00
11,90000	0,00
11,91667	0,00
11,93333	0,00
11,95000	0,00
11,96667	0,00
11,98333	0,00
12,00000	0,00
12,01667	0,00
12,03333	0,00
12,05000	0,00
12,06667	0,00
12,08333	0,00
12,10000	0,00
12,11667	0,00
12,13333	0,00
12,15000	0,00
12,16667	0,00
12,18333	0,00
12,20000	0,00
12,21667	0,00
12,23333	0,00
12,25000	0,00
12,26667	0,00
12,28333	0,00
12,30000	0,00
12,31667	0,00
12,33333	0,00
12,35000	0,00
12,36667	0,00
12,38333	0,00
12,40000	0,00
12,41667	0,00
12,43333	0,00
12,45000	0,00
12,46667	0,00
12,48333	0,00
12,50000	0,00
12,51667	0,00
12,53333	0,00
12,55000	0,00
12,56667	0,00
12,58333	0,00
12,60000	0,00
12,61667	0,00
12,63333	0,00
12,65000	0,00
12,66667	0,00
12,68333	0,00
12,70000	0,00
12,71667	0,00
12,73333	0,00
12,75000	0,00
12,76667	0,00
12,78333	0,00
12,80000	0,00
12,81667	0,00
12,83333	0,00
12,85000	0,00
12,86667	0,00
12,88333	0,00
12,90000	0,00
12,91667	0,00
12,93333	0,00
12,95000	0,00
12,96667	0,00
12,98333	0,00
13,00000	0,00
13,01667	0,00
13,03333	0,00
13,05000	0,00
13,06667	0,00
13,08333	0,00
13,10000	0,00
13,11667	0,00
13,13333	0,00
13,15000	0,00
13,16667	0,00
13,18333	0,00
13,20000	0,00
13,21667	0,00
13,23333	0,00
13,25000	0,00
13,26667	0,00
13,28333	0,00
13,30000	0,00
13,31667	0,00
13,33333	0,00
13,35000	0,00
13,36667	0,00
13,38333	0,00
13,40000	0,00
13,41667	0,00
13,43333	0,00
13,45000	0,00
13,46667	0,00
13,48333	0,00
13,50000	0,00
13,51667	0,00
13,53333	0,00
13,55000	0,00
13,56667	0,00
13,58333	0,00
13,60000	0,00
13,61667	0,00
13,63333	0,00
13,65000	0,00
13,66667	0,00
13,68333	0,00
13,70000	0,00
13,71667	0,00
13,73333	0,00
13,75000	0,00
13,76667	0,00
13,78333	0,00
13,80000	0,00
13,81667	0,00
13,83333	0,00
13,85000	0,00
13,86667	0,00
13,88333	0,00
13,90000	0,00
13,91667	0,00
13,93333	0,00
13,95000	0,00
13,96667	0,00
13,98333	0,00
14,00000	0,00
14,01667	0,00
14,03333	0,00
14,05000	0,00
14,06667	0,00
14,08333	0,00
14,10000	0,00
14,11667	0,00
14,13333	0,00
14,15000	0,00
14,16667	0,00
14,18333	0,00
14,20000	0,00
14,21667	0,00
14,23333	0,00
14,25000	0,00
14,26667	0,00
14,28333	0,00
14,30000	0,00
14,31667	0,00
14,33333	0,00
14,35000	0,00
14,36667	0,00
14,38333	0,00
14,40000	0,00
14,41667	0,00
14,43333	0,00
14,45000	0,00
14,46667	0,00
14,48333	0,00
14,50000	0,00
14,51667	0,00
14,53333	0,00
14,55000	0,00
14,56667	0,00
14,58333	0,00
14,60000	0,00
14,61667	0,00
14,63333	0,00
14,65000	0,00
14,66667	0,00
14,68333	0,00
14,70000	0,00
14,71667	0,00
14,73333	0,00
14,75000	0,00
14,76667	0,00
14,78333	0,00
14,80000	0,00
14,81667	0,00
14,83333	0,00
14,85000	0,00
14,86667	0,00
14,88333	0,00
14,90000	0,00
14,91667	0,00
14,93333	0,00
14,95000	0,00
14,96667	0,00
14,98333	0,00
15,00000	0,00
15,01667	0,00
15,03333	0,00
15,05000	0,00
15,06667	0,00
15,08333	0,00
15,10000	0,00
15,11667	0,00
15,13333	0,00
15,15000	0,00
15,16667	0,00
15,18333	0,00
15,20000	0,00
15,21667	0,00
15,23333	0,00
15,25000	0,00
15,26667	0,00
15,28333	0,00
15,30000	0,00
15,31667	0,00
15,33333	0,00
15,35000	0,00
15,36667	0,00
15,38333	0,00
15,40000	0,00
15,41667	0,00
15,43333	0,00
15,45000	0,00
15,46667	0,00
15,48333	0,00
15,50000	0,00
15,51667	0,00
15,53333	0,00
15,55000	0,00
15,56667	0,00
15,58333	0,00
15,60000	0,00
15,61667	0,00
15,63333	0,00
15,65000	0,00
15,66667	0,00
15,68333	0,00
15,70000	0,00
15,71667	0,00
15,73333	0,00
15,75000	0,00
15,76667	0,00
15,78333	0,00
15,80000	0,00
15,81667	0,00
15,83333	0,00
15,85000	0,00
15,86667	0,00
15,88333	0,00
15,90000	0,00
15,91667	0,00
15,93333	0,00
15,95000	0,00
15,96667	0,00
15,98333	0,00
16,00000	0,00
16,01667	0,00
16,03333	0,00
16,05000	0,00
16,06667	0,00
16,08333	0,00
16,10000	0,00
16,11667	0,00
16,13333	0,00
16,15000	0,00
16,16667	0,00
16,18333	0,00
16,20000	0,00
16,21667	0,00
16,23333	0,00
16,25000	0,00
16,26667	0,00
16,28333	0,00
16,30000	0,00
16,31667	0,00
16,33333	0,00
16,35000	0,00
16,36667	0,00
16,38333	0,00
16,40000	0,00
16,41667	0,00
16,43333	0,00
16,45000	0,00
16,46667	0,00
16,48333	0,00
16,50000	0,00
16,51667	0,00
16,53333	0,00
16,55000	0,00
16,56667	0,00
16,58333	0,00
16,60000	0,00
16,61667	0,00
16,63333	0,00
16,65000	0,00
16,66667	0,00
16,68333	0,00
16,70000	0,00
16,71667	0,00
16,73333	0,00
16,75000	0,00
16,76667	0,00
16,78333	0,00
16,80000	0,00
16,81667	0,00
16,83333	0,00
16,85000	0,00
16,86667	0,00
16,88333	0,00
16,90000	0,00
16,91667	0,00
16,93333	0,00
16,95000	0,00
16,96667	0,00
16,98333	0,00
17,00000	0,00
17,01667	0,00
17,03333	0,00
17,05000	0,00
17,06667	0,00
17,08333	0,00
17,10000	0,00
17,11667	0,00
17,13333	0,00
17,15000	0,00
17,16667	0,00
17,18333	0,00
17,20000	0,00
17,21667	0,00
17,23333	0,00
17,25000	0,00
17,26667	0,00
17,28333	0,00
17,30000	0,00
17,31667	0,00
17,33333	0,00
17,35000	0,00
17,36667	0,00
17,38333	0,00
17,40000	0,00
17,41667	0,00
17,43333	0,00
17,45000	0,00
17,46667	0,00
17,48333	0,00
17,50000	0,00
17,51667	0,00
17,53333	0,00
17,55000	0,00
17,56667	0,00
17,58333	0,00
17,60000	0,00
17,61667	0,00
17,63333	0,00
17,65000	0,00
17,66667	0,00
17,68333	0,00
17,70000	0,00
17,71667	0,00
17,73333	0,00
17,75000	0,00
17,76667	0,00
17,78333	0,00
17,80000	0,00
17,81667	0,00
17,83333	0,00
17,85000	0,00
17,86667	0,00
17,88333	0,00
17,90000	0,00
17,91667	0,00
17,93333	0,00
17,95000	0,00
17,96667	0,00
17,98333	0,00
18,00000	0,00
18,01667	0,00
18,03333	0,00
18,05000	0,00
18,06667	0,00
18,08333	0,00
18,10000	0,00
18,11667	0,00
18,13333	0,00
18,15000	0,00
18,16667	0,00
18,18333	0,00
18,20000	0,00
18,21667	0,00
18,23333	0,00
18,25000	0,00
18,26667	0,00
18,28333	0,00
18,30000	0,00
18,31667	0,00
18,33333	0,00
18,35000	0,00
18,36667	0,00
18,38333	0,00
18,40000	0,00
18,41667	0,00
18,43333	0,00
18,45000	0,00
18,46667	0,00
18,48333	0,00
18,50000	0,00
18,51667	0,00
18,53333	0,00
18,55000	0,00
18,56667	0,00
18,58333	0,00
18,60000	0,00
18,61667	0,00
18,63333	0,00
18,65000	0,00
18,66667	0,00
18,68333	0,00
18,70000	0,00
18,71667	0,00
18,73333	0,00
18,75000	0,00
18,76667	0,00
18,78333	0,00
18,80000	0,00
18,81667	0,00
18,83333	0,00
18,85000	0,00
18,86667	0,00
18,88333	0,00
18,90000	0,00
18,91667	0,00
18,93333	0,00
18,95000	0,00
18,96667	0,00
18,98333	0,00
19,00000	0,00
19,01667	0,00
19,03333	0,00
19,05000	0,00
19,06667	0,00
19,08333	0,00
19,10000	0,00
19,11667	0,00
19,13333	0,00
19,15000	0,00
19,16667	0,00
19,18333	0,00
19,20000	0,00
19,21667	0,00
19,23333	0,00
19,25000	0,00
19,26667	0,00
19,28333	0,00
19,30000	0,00
19,31667	0,00
19,33333	0,00
19,35000	0,00
19,36667	0,00
19,38333	0,00
19,40000	0,00
19,41667	0,00
19,43333	0,00
19,45000	0,00
19,46667	0,00
19,48333	0,00
19,50000	0,00
19,51667	0,00
19,53333	0,00
19,55000	0,00
19,56667	0,00
19,58333	0,00
19,60000	0,00
19,61667	0,00
19,63333	0,00
19,65000	0,00
19,66667	0,00
19,68333	0,00
19,70000	0,00
19,71667	0,00
19,73333	0,00
19,75000	0,00
19,76667	0,00
19,78333	0,00
19,80000	0,00
19,81667	0,00
19,83333	0,00
19,85000	0,00
19,86667	0,00
19,88333	0,00
19,90000	0,00
19,91667	0,00
19,93333	0,00
19,95000	0,00
19,96667	0,00
19,98333	0,00
20,00000	0,00
20,01667	0,00
20,03333	0,00
20,05000	0,00
20,06667	0,00
20,08333	0,00
20,10000	0,00
20,11667	0,00
20,13333	0,00
20,15000	0,00
20,16667	0,00
20,18333	0,00
20,20000	0,00
20,21667	0,00
20,23333	0,00
20,25000	0,00
20,26667	0,00
20,28333	0,00
20,30000	0,00
20,31667	0,00
20,33333	0,00
20,35000	0,00
20,36667	0,00
20,38333	0,00
20,40000	0,00
20,41667	0,00
20,43333	0,00
20,45000	0,00
20,46667	0,00
20,48333	0,00
20,50000	0,00
20,51667	0,00
20,53333	0,00
20,55000	0,00
20,56667	0,00
20,58333	0,00
20,60000	0,00
20,61667	0,00
20,63333	0,00
20,65000	0,00
20,66667	0,00
20,68333	0,00
20,70000	0,00
20,71667	0,00
20,73333	0,00
20,75000	0,00
20,76667	0,00
20,78333	0,00
20,80000	0,00
20,81667	0,00
20,83333	0,00
20,85000	0,00
20,86667	0,00
20,88333	0,00
20,90000	0,00
20,91667	0,00
20,93333	0,00
20,95000	0,00
20,96667	0,00
20,98333	0,00
21,00000	0,00
21,01667	0,00
21,03333	0,00
21,05000	0,00
21,06667	0,00
21,08333	0,00
21,10000	0,00
21,11667	0,00
21,13333	0,00
21,15000	0,00
21,16667	0,00
21,18333	0,00
21,20000	0,00
21,21667	0,00
21,23333	0,00
21,25000	0,00
21,26667	0,00
21,28333	0,00
21,30000	0,00
21,31667	0,00
21,33333	0,00
21,35000	0,00
21,36667	0,00
21,38333	0,00
21,40000	0,00
21,41667	0,00
21,43333	0,00
21,45000	0,00
21,46667	0,00
21,48333	0,00
21,50000	0,00
21,51667	0,00
21,53333	0,00
21,55000	0,00
21,56667	0,00
21,58333	0,00
21,60000	0,00
21,61667	0,00
21,63333	0,00
21,65000	0,00
21,66667	0,00
21,68333	0,00
21,70000	0,00
21,71667	0,00
21,73333	0,00
21,75000	0,00
21,76667	0,00
21,78333	0,00
21,80000	0,00
21,81667	0,00
21,83333	0,00
21,85000	0,00
21,86667	0,00
21,88333	0,00
21,90000	0,00
21,91667	0,00
21,93333	0,00
21,95000	0,00
21,96667	0,00
21,98333	0,00
22,00000	0,00
22,01667	0,00
22,03333	0,00
22,05000	0,00
22,06667	0,00
22,08333	0,00
22,10000	0,00
22,11667	0,00
22,13333	0,00
22,15000	0,00
22,16667	0,00
22,18333	0,00
22,20000	0,00
22,21667	0,00
22,23333	0,00
22,25000	0,00
22,26667	0,00
22,28333	0,00
22,30000	0,00
22,31667	0,00
22,33333	0,00
22,35000	0,00
22,36667	0,00
22,38333	0,00
22,40000	0,00
22,41667	0,00
22,43333	0,00
22,45000	0,00
22,46667	0,00
22,48333	0,00
22,50000	0,00
22,51667	0,00
22,53333	0,00
22,55000	0,00
22,56667	0,00
22,58333	0,00
22,60000	0,00
22,61667	0,00
22,63333	0,00
22,65000	0,00
22,66667	0,00
22,68333	0,00
22,70000	0,00
22,71667	0,00
22,73333	0,00
22,75000	0,00
22,76667	0,00
22,78333	0,00
22,80000	0,00
22,81667	0,00
22,83333	0,00
22,85000	0,00
22,86667	0,00
22,88333	0,00
22,90000	0,00
22,91667	0,00
22,93333	0,00
22,95000	0,00
22,96667	0,00
22,98333	0,00
23,00000	0,00
23,01667	0,00
23,03333	0,00
23,05000	0,00
23,06667	0,00
23,08333	0,00
23,10000	0,00
23,11667	0,00
23,13333	0,00
23,15000	0,00
23,16667	0,00
23,18333	0,00
23,20000	0,00
23,21667	0,00
23,23333	0,00
23,25000	0,00
23,26667	0,00
23,28333	0,00
23,30000	0,00
23,31667	0,00
23,33333	0,00
23,35000	0,00
23,36667	0,00
23,38333	0,00
23,40000	0,00
23,41667	0,00
23,43333	0,00
23,45000	0,00
23,46667	0,00
23,48333	0,00
23,50000	0,00
23,51667	0,00
23,53333	0,00
23,55000	0,00
23,56667	0,00
23,58333	0,00
23,60000	0,00
23,61667	0,00
23,63333	0,00
23,65000	0,00
23,66667	0,00
23,68333	0,00
23,70000	0,00
23,71667	0,00
23,73333	0,00
23,75000	0,00
23,76667	0,00
23,78333	0,00
23,80000	0,00
23,81667	0,00
23,83333	0,00
23,85000	0,00
23,86667	0,00
23,88333	0,00
23,90000	0,00
23,91667	0,00
23,93333	0,00
23,95000	0,00
23,96667	0,00
23,98333	0,00
24,00000	0,00
24,01667	0,00
24,03333	0,00
24,05000	0,00
24,06667	0,00
24,08333	0,00
24,10000	0,00
24,11667	0,00
24,13333	0,00
24,15000	0,00
24,16667	0,00
24,18333	0,00
24,20000	0,00
24,21667	0,00
24,23333	0,00
24,25000	0,00
24,26667	0,00
24,28333	0,00
24,30000	0,00
24,31667	0,00
24,33333	0,00
24,35000	0,00
24,36667	0,00
24,38333	0,00
24,40000	0,00
24,41667	0,00
24,43333	0,00
24,45000	0,00
24,46667	0,00
24,48333	0,00
24,50000	0,00
24,51667	0,00
24,53333	0,00
24,55000	0,00
24,56667	0,00
24,58333	0,00
24,60000	0,00
24,61667	0,00
24,63333	0,00
24,65000	0,00
24,66667	0,00
24,68333	0,00
24,70000	0,00
24,71667	0,00
24,73333	0,00
24,75000	0,00
24,76667	0,00
24,78333	0,00
24,80000	0,00
24,81667	0,00
24,83333	0,00
24,85000	0,00
24,86667	0,00
24,88333	0,00
24,90000	0,00
24,91667	0,00
24,93333	0,00
24,95000	0,00
24,96667	0,00
24,98333	0,00
25,00000	0,00
25,01667	0,00
25,03333	0,00
25,05000	0,00
25,06667	0,00
25,08333	0,00
25,10000	0,00
25,11667	0,00
25,13333	0,00
25,15000	0,00
25,16667	0,00
25,18333	0,00
25,20000	0,00
25,21667	0,00
25,23333	0,00
25,25000	0,00
25,26667	0,00
25,28333	0,00
25,30000	0,00
25,31667	0,00
25,33333	0,00
25,35000	0,00
25,36667	0,00
25,38333	0,00
25,40000	0,00
25,41667	0,00
25,43333	0,00
25,45000	0,00
25,46667	0,00
25,48333	0,00
25,50000	0,00
25,51667	0,00
25,53333	0,00
25,55000	0,00
25,56667	0,00
25,58333	0,00
25,60000	0,00
25,61667	0,00
25,63333	0,00
25,65000	0,00
25,66667	0,00
25,68333	0,00
25,70000	0,00
25,71667	0,00
25,73333	0,00
25,75000	0,00
25,76667	0,00
25,78333	0,00
25,80000	0,00
25,81667	0,00
25,83333	0,00
25,85000	0,00
25,86667	0,00
25,88333	0,00
25,90000	0,00
25,91667	0,00
25,93333	0,00
25,95000	0,00
25,96667	0,00
25,98333	0,00
26,00000	0,00
26,01667	0,00
26,03333	0,00
26,05000	0,00
26,06667	0,00
26,08333	0,00
26,10000	0,00
26,11667	0,00
26,13333	0,00
26,15000	0,00
26,16667	0,00
26,18333	0,00
26,20000	0,00
26,21667	0,00
26,23333	0,00
26,25000	0,00
26,26667	0,00
26,28333	0,00
26,30000	0,00
26,31667	0,00
26,33333	0,00
26,35000	0,00
26,36667	0,00
26,38333	0,00
26,40000	0,00
26,41667	0,00
26,43333	0,00
26,45000	0,00
26,46667	0,00
26,48333	0,00
26,50000	0,00
26,51667	0,00
26,53333	0,00
26,55000	0,00
26,56667	0,00
26,58333	0,00
26,60000	0,00
26,61667	0,00
26,63333	0,00
26,65000	0,00
26,66667	0,00
26,68333	0,00
26,70000	0,00
26,71667	0,00
26,73333	0,00
26,75000	0,00
26,76667	0,00
26,78333	0,00
26,80000	0,00
26,81667	0,00
26,83333	0,00
26,85000	0,00
26,86667	0,00
26,88333	0,00
26,90000	0,00
26,91667	0,00
26,93333	0,00
26,95000	0,00
26,96667	0,00
26,98333	0,00
27,00000	0,00
27,01667	0,00
27,03333	0,00
27,05000	0,00
27,06667	0,00
27,08333	0,00
27,10000	0,00
27,11667	0,00
27,13333	0,00
27,15000	0,00
27,16667	0,00
27,18333	0,00
27,20000	0,00
27,21667	0,00
27,23333	0,00
27,25000	0,00
27,26667	0,00
27,28333	0,00
27,30000	0,00
27,31667	0,00
27,33333	0,00
27,35000	0,00
27,36667	0,00
27,38333	0,00
27,40000	0,00
27,41667	0,00
27,43333	0,00
27,45000	0,00
27,46667	0,00
27,48333	0,00
27,50000	0,00
27,51667	0,00
27,53333	0,00
27,55000	0,00
27,56667	0,00
27,58333	0,00
27,60000	0,00
27,61667	0,00
27,63333	0,00
27,65000	0,00
27,66667	0,00
27,68333	0,00
27,70000	0,00
27,71667	0,00
27,73333	0,00
27,75000	0,00
27,76667	0,00
27,78333	0,00
27,80000	0,00
27,81667	0,00
27,83333	0,00
27,85000	0,00
27,86667	0,00
27,88333	0,00
27,90000	0,00
27,91667	0,00
27,93333	0,00
27,95000	0,00
27,96667	0,00
27,98333	0,00
28,00000	0,00
28,01667	0,00
28,03333	0,00
28,05000	0,00
28,06667	0,00
28,08333	0,00
28,10000	0,00
28,11667	0,00
28,13333	0,00
28,15000	0,00
28,16667	0,00
28,18333	0,00
28,20000	0,00
28,21667	0,00
28,23333	0,00
28,25000	0,00
28,26667	0,00
28,28333	0,00
28,30000	0,00
28,31667	0,00
28,33333	0,00
28,35000	0,00
28,36667	0,00
28,38333	0,00
28,40000	0,00
28,41667	0,00
28,43333	0,00
28,45000	0,00
28,46667	0,00
28,48333	0,00
28,50000	0,00
28,51667	0,00
28,53333	0,00
28,55000	0,00
28,56667	0,00
28,58333	0,00
28,60000	0,00
28,61667	0,00
28,63333	0,00
28,65000	0,00
28,66667	0,00
28,68333	0,00
28,70000	0,00
28,71667	0,00
28,73333	0,00
28,75000	0,00
28,76667	0,00
28,78333	0,00
28,80000	0,00
28,81667	0,00
28,83333	0,00
28,85000	0,00
28,86667	0,00
28,88333	0,00
28,90000	0,00
28,91667	0,00
28,93333	0,00
28,95000	0,00
28,96667	0,00
28,98333	0,00
29,00000	0,00
29,01667	0,00
29,03333	0,00
29,05000	0,00
29,06667	0,00
29,08333	0,00
29,10000	0,00
29,11667	0,00
29,13333	0,00
29,15000	0,00
29,16667	0,00
29,18333	0,00
29,20000	0,00
29,21667	0,00
29,23333	0,00
29,25000	0,00
29,26667	0,00
29,28333	0,00
29,30000	0,00
29,31667	0,00
29,33333	0,00
29,35000	0,00
29,36667	0,00
29,38333	0,00
29,40000	0,00
29,41667	0,00
29,43333	0,00
29,45000	0,00
29,46667	0,00
29,48333	0,00
29,50000	0,00
29,51667	0,00
29,53333	0,00
29,55000	0,00
29,56667	0,00
29,58333	0,00
29,60000	0,00
29,61667	0,00
29,63333	0,00
29,65000	0,00
29,66667	0,00
29,68333	0,00
29,70000	0,00
29,71667	0,00
29,73333	0,00
29,75000	0,00
29,76667	0,00
29,78333	0,00
29,80000	0,00
29,81667	0,00
29,83333	0,00
29,85000	0,00
29,86667	0,00
29,88333	0,00
29,90000	0,00
29,91667	0,00
29,93333	0,00
29,95000	0,00
29,96667	0,00
29,98333	0,00
30,00000	0,00
30,01667	0,00
30,03333	0,00
30,05000	0,00
30,06667	0,00
30,08333	0,00
30,10000	0,00
30,11667	0,00
30,13333	0,00
30,15000	0,00
30,16667	0,00
30,18333	0,00
30,20000	0,00
30,21667	0,00
30,23333	0,00
30,25000	0,00
30,26667	0,00
30,28333	0,00
30,30000	0,00
30,31667	0,00
30,33333	0,00
30,35000	0,00
30,36667	0,00
30,38333	0,00
30,40000	0,00
30,41667	0,00
30,43333	0,00
30,45000	0,00
30,46667	0,00
30,48333	0,00
30,50000	0,00
30,51667	0,00
30,53333	0,00
30,55000	0,00
30,56667	0,00
30,58333	0,00
30,60000	0,00
30,61667	0,00
30,63333	0,00
30,65000	0,00
30,66667	0,00
30,68333	0,00
30,70000	0,00
30,71667	0,00
30,73333	0,00
30,75000	0,00
30,76667	0,00
30,78333	0,00
30,80000	0,00
30,81667	0,00
30,83333	0,00
30,85000	0,00
30,86667	0,00
30,88333	0,00
30,90000	0,00
30,91667	0,00
30,93333	0,00
30,95000	0,00
30,96667	0,00
30,98333	0,00
31,00000	0,00
31,01667	0,00
31,03333	0,00
31,05000	0,00
31,06667	0,00
31,08333	0,00
31,10000	0,00
31,11667	0,00
31,13333	0,00
31,15000	0,00
31,16667	0,00
31,18333	0,00
31,20000	0,00
31,21667	0,00
31,23333	0,00
31,25000	0,00
31,26667	0,00
31,28333	0,00
31,30000	0,00
31,31667	0,00
31,33333	0,00
31,35000	0,00
31,36667	0,00
31,38333	0,00
31,40000	0,00
31,41667	0,00
31,43333	0,00
31,45000	0,00
31,46667	0,00
31,48333	0,00
31,50000	0,00
31,51667	0,00
31,53333	0,00
31,55000	0,00
31,56667	0,00
31,58333	0,00
31,60000	0,00
31,61667	0,00
31,63333	0,00
31,65000	0,00
31,66667	0,00
31,68333	0,00
31,70000	0,00
31,71667	0,00
31,73333	0,00
31,75000	0,00
31,76667	0,00
31,78333	0,00
31,80000	0,00
31,81667	0,00
31,83333	0,00
31,85000	0,00
31,86667	0,00
31,88333	0,00
31,90000	0,00
31,91667	0,00
31,93333	0,00
31,95000	0,00
31,96667	0,00
31,98333	0,00
32,00000	0,00

[LC Status Trace(Sample Cooler Temp.)]
Interval(msec)	1000
# of Points	1921
Start Time(min)	0,000
End Time(min)	32,000
Intensity Units	C
Intensity Multiplier	1
R.Time (min)	Intensity
0,00000	3,97
0,01667	3,97
0,03333	3,97
0,05000	3,97
0,06667	3,97
0,08333	4,00
0,10000	3,99
0,11667	4,00
0,13333	4,00
0,15000	3,99
0,16667	4,00
0,18333	4,01
0,20000	3,99
0,21667	4,00
0,23333	4,01
0,25000	3,99
0,26667	4,01
0,28333	4,01
0,30000	3,99
0,31667	4,01
0,33333	4,01
0,35000	4,00
0,36667	4,01
0,38333	4,01
0,40000	3,99
0,41667	4,01
0,43333	4,01
0,45000	4,00
0,46667	4,01
0,48333	4,01
0,50000	4,00
0,51667	4,01
0,53333	4,01
0,55000	4,00
0,56667	4,01
0,58333	4,01
0,60000	4,00
0,61667	4,01
0,63333	4,01
0,65000	4,00
0,66667	4,01
0,68333	4,01
0,70000	4,00
0,71667	4,01
0,73333	4,01
0,75000	4,00
0,76667	4,01
0,78333	4,01
0,80000	4,00
0,81667	4,01
0,83333	4,01
0,85000	4,00
0,86667	4,01
0,88333	4,01
0,90000	4,00
0,91667	4,01
0,93333	4,01
0,95000	4,00
0,96667	4,01
0,98333	4,01
1,00000	4,00
1,01667	4,01
1,03333	4,01
1,05000	4,00
1,06667	4,01
1,08333	4,01
1,10000	4,00
1,11667	4,01
1,13333	4,01
1,15000	4,00
1,16667	4,01
1,18333	4,01
1,20000	4,00
1,21667	4,01
1,23333	4,01
1,25000	4,00
1,26667	4,01
1,28333	4,01
1,30000	4,00
1,31667	4,01
1,33333	4,01
1,35000	4,00
1,36667	4,01
1,38333	4,01
1,40000	4,00
1,41667	4,01
1,43333	4,01
1,45000	4,00
1,46667	4,01
1,48333	4,01
1,50000	4,00
1,51667	4,01
1,53333	4,01
1,55000	4,00
1,56667	4,01
1,58333	4,02
1,60000	4,00
1,61667	4,01
1,63333	4,01
1,65000	4,00
1,66667	4,01
1,68333	4,02
1,70000	4,00
1,71667	4,01
1,73333	4,02
1,75000	4,00
1,76667	4,02
1,78333	4,02
1,80000	4,00
1,81667	4,01
1,83333	4,01
1,85000	4,00
1,86667	4,02
1,88333	4,02
1,90000	4,00
1,91667	4,01
1,93333	4,01
1,95000	4,00
1,96667	4,02
1,98333	4,01
2,00000	4,00
2,01667	4,01
2,03333	4,01
2,05000	4,00
2,06667	4,01
2,08333	4,01
2,10000	4,00
2,11667	4,01
2,13333	4,01
2,15000	4,00
2,16667	4,01
2,18333	4,01
2,20000	4,00
2,21667	4,01
2,23333	4,01
2,25000	4,00
2,26667	4,01
2,28333	4,01
2,30000	4,00
2,31667	4,01
2,33333	4,01
2,35000	4,00
2,36667	4,01
2,38333	4,01
2,40000	4,00
2,41667	4,01
2,43333	4,01
2,45000	4,00
2,46667	4,01
2,48333	4,01
2,50000	4,00
2,51667	4,01
2,53333	4,01
2,55000	4,00
2,56667	4,01
2,58333	4,01
2,60000	4,00
2,61667	4,01
2,63333	4,01
2,65000	4,00
2,66667	4,01
2,68333	4,01
2,70000	4,00
2,71667	4,01
2,73333	4,01
2,75000	4,00
2,76667	4,01
2,78333	4,01
2,80000	4,00
2,81667	4,01
2,83333	4,01
2,85000	4,00
2,86667	4,01
2,88333	4,01
2,90000	4,00
2,91667	4,01
2,93333	4,01
2,95000	4,00
2,96667	4,01
2,98333	4,01
3,00000	4,00
3,01667	4,01
3,03333	4,01
3,05000	4,00
3,06667	4,01
3,08333	4,01
3,10000	4,00
3,11667	4,01
3,13333	4,01
3,15000	4,00
3,16667	4,01
3,18333	4,01
3,20000	4,00
3,21667	4,01
3,23333	4,01
3,25000	4,00
3,26667	4,01
3,28333	4,01
3,30000	4,00
3,31667	4,01
3,33333	4,01
3,35000	4,00
3,36667	4,01
3,38333	4,01
3,40000	3,99
3,41667	4,01
3,43333	4,01
3,45000	3,99
3,46667	4,01
3,48333	4,00
3,50000	3,99
3,51667	4,01
3,53333	4,01
3,55000	3,99
3,56667	4,01
3,58333	4,00
3,60000	3,99
3,61667	4,00
3,63333	4,00
3,65000	3,99
3,66667	4,00
3,68333	4,00
3,70000	3,99
3,71667	4,00
3,73333	4,00
3,75000	3,99
3,76667	4,00
3,78333	4,00
3,80000	3,99
3,81667	4,00
3,83333	4,00
3,85000	3,99
3,86667	4,00
3,88333	4,00
3,90000	3,99
3,91667	4,00
3,93333	4,00
3,95000	3,99
3,96667	4,00
3,98333	4,00
4,00000	3,99
4,01667	4,00
4,03333	4,00
4,05000	3,99
4,06667	4,00
4,08333	4,00
4,10000	3,99
4,11667	4,00
4,13333	4,00
4,15000	3,99
4,16667	4,00
4,18333	4,00
4,20000	3,99
4,21667	4,00
4,23333	4,00
4,25000	3,99
4,26667	4,00
4,28333	4,00
4,30000	3,99
4,31667	4,00
4,33333	4,00
4,35000	3,99
4,36667	4,00
4,38333	4,00
4,40000	3,99
4,41667	4,00
4,43333	4,00
4,45000	3,99
4,46667	4,00
4,48333	4,00
4,50000	3,99
4,51667	4,00
4,53333	4,00
4,55000	3,99
4,56667	4,00
4,58333	4,00
4,60000	3,99
4,61667	4,00
4,63333	4,00
4,65000	3,99
4,66667	4,00
4,68333	4,00
4,70000	3,99
4,71667	4,00
4,73333	4,00
4,75000	3,99
4,76667	4,00
4,78333	4,00
4,80000	3,99
4,81667	4,00
4,83333	4,00
4,85000	3,99
4,86667	4,00
4,88333	4,00
4,90000	3,99
4,91667	4,00
4,93333	4,00
4,95000	3,99
4,96667	4,00
4,98333	4,00
5,00000	3,99
5,01667	4,00
5,03333	4,00
5,05000	3,99
5,06667	4,00
5,08333	4,00
5,10000	3,99
5,11667	4,00
5,13333	4,00
5,15000	3,99
5,16667	4,00
5,18333	4,00
5,20000	3,99
5,21667	4,00
5,23333	4,00
5,25000	3,99
5,26667	4,00
5,28333	4,00
5,30000	3,99
5,31667	4,00
5,33333	4,00
5,35000	3,99
5,36667	4,00
5,38333	4,00
5,40000	3,99
5,41667	4,00
5,43333	4,00
5,45000	3,99
5,46667	4,00
5,48333	4,00
5,50000	3,99
5,51667	4,00
5,53333	4,00
5,55000	3,99
5,56667	4,00
5,58333	4,00
5,60000	3,99
5,61667	4,00
5,63333	4,00
5,65000	3,99
5,66667	4,00
5,68333	4,00
5,70000	3,99
5,71667	4,00
5,73333	4,00
5,75000	3,99
5,76667	4,00
5,78333	4,00
5,80000	3,99
5,81667	4,00
5,83333	4,00
5,85000	3,99
5,86667	4,00
5,88333	4,00
5,90000	3,99
5,91667	4,00
5,93333	4,00
5,95000	3,99
5,96667	4,00
5,98333	4,00
6,00000	3,99
6,01667	4,00
6,03333	4,00
6,05000	3,99
6,06667	4,00
6,08333	4,00
6,10000	3,99
6,11667	4,00
6,13333	4,00
6,15000	3,99
6,16667	4,00
6,18333	4,00
6,20000	3,99
6,21667	4,00
6,23333	4,00
6,25000	3,99
6,26667	4,00
6,28333	4,00
6,30000	3,99
6,31667	4,00
6,33333	4,00
6,35000	3,99
6,36667	4,00
6,38333	4,00
6,40000	3,99
6,41667	4,00
6,43333	4,00
6,45000	3,99
6,46667	4,00
6,48333	4,00
6,50000	3,99
6,51667	4,00
6,53333	4,00
6,55000	3,99
6,56667	4,00
6,58333	4,01
6,60000	3,99
6,61667	4,00
6,63333	4,00
6,65000	3,99
6,66667	4,00
6,68333	4,00
6,70000	3,99
6,71667	4,01
6,73333	4,00
6,75000	3,99
6,76667	4,01
6,78333	4,01
6,80000	3,99
6,81667	4,01
6,83333	4,01
6,85000	3,99
6,86667	4,01
6,88333	4,01
6,90000	3,99
6,91667	4,01
6,93333	4,01
6,95000	3,99
6,96667	4,01
6,98333	4,01
7,00000	3,99
7,01667	4,01
7,03333	4,01
7,05000	4,00
7,06667	4,01
7,08333	4,01
7,10000	4,00
7,11667	4,01
7,13333	4,01
7,15000	3,99
7,16667	4,01
7,18333	4,01
7,20000	4,00
7,21667	4,01
7,23333	4,01
7,25000	4,00
7,26667	4,01
7,28333	4,01
7,30000	4,00
7,31667	4,01
7,33333	4,01
7,35000	4,00
7,36667	4,01
7,38333	4,01
7,40000	4,00
7,41667	4,01
7,43333	4,01
7,45000	4,00
7,46667	4,01
7,48333	4,01
7,50000	4,00
7,51667	4,01
7,53333	4,01
7,55000	4,00
7,56667	4,01
7,58333	4,01
7,60000	4,00
7,61667	4,01
7,63333	4,01
7,65000	4,00
7,66667	4,01
7,68333	4,01
7,70000	4,00
7,71667	4,01
7,73333	4,01
7,75000	4,00
7,76667	4,01
7,78333	4,01
7,80000	4,00
7,81667	4,01
7,83333	4,01
7,85000	4,00
7,86667	4,01
7,88333	4,01
7,90000	4,00
7,91667	4,01
7,93333	4,01
7,95000	4,00
7,96667	4,01
7,98333	4,01
8,00000	4,00
8,01667	4,01
8,03333	4,01
8,05000	4,00
8,06667	4,01
8,08333	4,01
8,10000	4,00
8,11667	4,01
8,13333	4,01
8,15000	4,00
8,16667	4,01
8,18333	4,01
8,20000	4,00
8,21667	4,01
8,23333	4,01
8,25000	4,00
8,26667	4,01
8,28333	4,01
8,30000	4,00
8,31667	4,01
8,33333	4,01
8,35000	4,00
8,36667	4,01
8,38333	4,01
8,40000	4,00
8,41667	4,01
8,43333	4,01
8,45000	4,00
8,46667	4,01
8,48333	4,01
8,50000	4,00
8,51667	4,01
8,53333	4,01
8,55000	4,00
8,56667	4,01
8,58333	4,01
8,60000	4,00
8,61667	4,01
8,63333	4,01
8,65000	4,00
8,66667	4,01
8,68333	4,01
8,70000	4,00
8,71667	4,01
8,73333	4,01
8,75000	4,00
8,76667	4,01
8,78333	4,01
8,80000	4,00
8,81667	4,01
8,83333	4,01
8,85000	4,00
8,86667	4,01
8,88333	4,01
8,90000	4,00
8,91667	4,01
8,93333	4,01
8,95000	4,00
8,96667	4,01
8,98333	4,01
9,00000	4,00
9,01667	4,01
9,03333	4,01
9,05000	4,00
9,06667	4,01
9,08333	4,01
9,10000	4,00
9,11667	4,01
9,13333	4,01
9,15000	4,00
9,16667	4,01
9,18333	4,01
9,20000	4,00
9,21667	4,01
9,23333	4,01
9,25000	4,00
9,26667	4,01
9,28333	4,01
9,30000	4,00
9,31667	4,01
9,33333	4,01
9,35000	4,00
9,36667	4,01
9,38333	4,01
9,40000	4,00
9,41667	4,01
9,43333	4,01
9,45000	4,00
9,46667	4,01
9,48333	4,01
9,50000	4,00
9,51667	4,01
9,53333	4,01
9,55000	4,00
9,56667	4,01
9,58333	4,01
9,60000	4,00
9,61667	4,01
9,63333	4,01
9,65000	4,00
9,66667	4,01
9,68333	4,01
9,70000	4,00
9,71667	4,01
9,73333	4,01
9,75000	4,00
9,76667	4,01
9,78333	4,01
9,80000	4,00
9,81667	4,01
9,83333	4,01
9,85000	4,00
9,86667	4,01
9,88333	4,01
9,90000	4,00
9,91667	4,01
9,93333	4,01
9,95000	4,00
9,96667	4,01
9,98333	4,01
10,00000	4,00
10,01667	4,01
10,03333	4,01
10,05000	4,00
10,06667	4,01
10,08333	4,01
10,10000	4,00
10,11667	4,01
10,13333	4,01
10,15000	4,00
10,16667	4,01
10,18333	4,01
10,20000	4,00
10,21667	4,01
10,23333	4,01
10,25000	4,00
10,26667	4,01
10,28333	4,01
10,30000	4,00
10,31667	4,01
10,33333	4,01
10,35000	4,00
10,36667	4,01
10,38333	4,01
10,40000	4,00
10,41667	4,01
10,43333	4,01
10,45000	4,00
10,46667	4,01
10,48333	4,01
10,50000	4,00
10,51667	4,01
10,53333	4,01
10,55000	4,00
10,56667	4,01
10,58333	4,01
10,60000	4,00
10,61667	4,01
10,63333	4,01
10,65000	4,00
10,66667	4,01
10,68333	4,01
10,70000	4,00
10,71667	4,01
10,73333	4,01
10,75000	4,00
10,76667	4,01
10,78333	4,01
10,80000	4,00
10,81667	4,01
10,83333	4,01
10,85000	4,00
10,86667	4,01
10,88333	4,01
10,90000	4,00
10,91667	4,01
10,93333	4,01
10,95000	4,00
10,96667	4,01
10,98333	4,01
11,00000	4,00
11,01667	4,01
11,03333	4,01
11,05000	4,00
11,06667	4,01
11,08333	4,01
11,10000	4,00
11,11667	4,01
11,13333	4,01
11,15000	4,00
11,16667	4,01
11,18333	4,01
11,20000	4,00
11,21667	4,01
11,23333	4,01
11,25000	4,00
11,26667	4,01
11,28333	4,01
11,30000	4,00
11,31667	4,01
11,33333	4,01
11,35000	4,00
11,36667	4,01
11,38333	4,01
11,40000	4,00
11,41667	4,01
11,43333	4,01
11,45000	4,00
11,46667	4,01
11,48333	4,01
11,50000	4,00
11,51667	4,01
11,53333	4,01
11,55000	4,00
11,56667	4,01
11,58333	4,01
11,60000	4,00
11,61667	4,01
11,63333	4,01
11,65000	4,00
11,66667	4,01
11,68333	4,01
11,70000	4,00
11,71667	4,01
11,73333	4,01
11,75000	4,00
11,76667	4,01
11,78333	4,01
11,80000	4,00
11,81667	4,01
11,83333	4,01
11,85000	4,00
11,86667	4,01
11,88333	4,01
11,90000	4,00
11,91667	4,01
11,93333	4,01
11,95000	4,00
11,96667	4,01
11,98333	4,01
12,00000	4,00
12,01667	4,01
12,03333	4,01
12,05000	4,00
12,06667	4,01
12,08333	4,01
12,10000	4,00
12,11667	4,01
12,13333	4,01
12,15000	4,00
12,16667	4,01
12,18333	4,01
12,20000	4,00
12,21667	4,01
12,23333	4,01
12,25000	4,00
12,26667	4,01
12,28333	4,01
12,30000	4,00
12,31667	4,01
12,33333	4,01
12,35000	4,00
12,36667	4,02
12,38333	4,01
12,40000	4,00
12,41667	4,01
12,43333	4,01
12,45000	4,00
12,46667	4,02
12,48333	4,01
12,50000	4,00
12,51667	4,01
12,53333	4,02
12,55000	4,00
12,56667	4,01
12,58333	4,01
12,60000	4,00
12,61667	4,02
12,63333	4,02
12,65000	4,00
12,66667	4,01
12,68333	4,01
12,70000	4,00
12,71667	4,01
12,73333	4,02
12,75000	4,00
12,76667	4,01
12,78333	4,01
12,80000	4,00
12,81667	4,01
12,83333	4,01
12,85000	4,00
12,86667	4,01
12,88333	4,01
12,90000	4,00
12,91667	4,01
12,93333	4,01
12,95000	4,00
12,96667	4,01
12,98333	4,01
13,00000	4,00
13,01667	4,01
13,03333	4,01
13,05000	4,00
13,06667	4,01
13,08333	4,01
13,10000	4,00
13,11667	4,01
13,13333	4,01
13,15000	4,00
13,16667	4,01
13,18333	4,01
13,20000	4,00
13,21667	4,01
13,23333	4,01
13,25000	4,00
13,26667	4,01
13,28333	4,01
13,30000	4,00
13,31667	4,01
13,33333	4,01
13,35000	4,00
13,36667	4,01
13,38333	4,01
13,40000	4,00
13,41667	4,01
13,43333	4,01
13,45000	4,00
13,46667	4,01
13,48333	4,02
13,50000	4,00
13,51667	4,01
13,53333	4,01
13,55000	4,00
13,56667	4,01
13,58333	4,01
13,60000	4,00
13,61667	4,01
13,63333	4,01
13,65000	4,00
13,66667	4,01
13,68333	4,01
13,70000	4,00
13,71667	4,01
13,73333	4,01
13,75000	4,00
13,76667	4,01
13,78333	4,01
13,80000	4,00
13,81667	4,01
13,83333	4,01
13,85000	4,00
13,86667	4,01
13,88333	4,01
13,90000	4,00
13,91667	4,01
13,93333	4,01
13,95000	4,00
13,96667	4,01
13,98333	4,01
14,00000	4,00
14,01667	4,01
14,03333	4,01
14,05000	4,00
14,06667	4,01
14,08333	4,01
14,10000	4,00
14,11667	4,01
14,13333	4,01
14,15000	4,00
14,16667	4,01
14,18333	4,01
14,20000	4,00
14,21667	4,01
14,23333	4,01
14,25000	4,00
14,26667	4,01
14,28333	4,01
14,30000	4,00
14,31667	4,01
14,33333	4,01
14,35000	4,00
14,36667	4,01
14,38333	4,01
14,40000	4,00
14,41667	4,01
14,43333	4,01
14,45000	4,00
14,46667	4,01
14,48333	4,01
14,50000	4,00
14,51667	4,01
14,53333	4,01
14,55000	4,00
14,56667	4,01
14,58333	4,01
14,60000	4,00
14,61667	4,01
14,63333	4,01
14,65000	4,00
14,66667	4,01
14,68333	4,01
14,70000	4,00
14,71667	4,01
14,73333	4,01
14,75000	4,00
14,76667	4,01
14,78333	4,01
14,80000	4,00
14,81667	4,01
14,83333	4,01
14,85000	4,00
14,86667	4,01
14,88333	4,01
14,90000	4,00
14,91667	4,01
14,93333	4,01
14,95000	4,00
14,96667	4,01
14,98333	4,01
15,00000	4,00
15,01667	4,01
15,03333	4,01
15,05000	4,00
15,06667	4,02
15,08333	4,01
15,10000	4,00
15,11667	4,01
15,13333	4,01
15,15000	4,00
15,16667	4,02
15,18333	4,01
15,20000	4,00
15,21667	4,02
15,23333	4,01
15,25000	4,00
15,26667	4,02
15,28333	4,02
15,30000	4,00
15,31667	4,02
15,33333	4,02
15,35000	4,01
15,36667	4,02
15,38333	4,02
15,40000	4,00
15,41667	4,02
15,43333	4,02
15,45000	4,01
15,46667	4,02
15,48333	4,02
15,50000	4,00
15,51667	4,02
15,53333	4,02
15,55000	4,01
15,56667	4,02
15,58333	4,02
15,60000	4,00
15,61667	4,02
15,63333	4,02
15,65000	4,01
15,66667	4,02
15,68333	4,02
15,70000	4,01
15,71667	4,02
15,73333	4,02
15,75000	4,01
15,76667	4,02
15,78333	4,02
15,80000	4,01
15,81667	4,02
15,83333	4,02
15,85000	4,01
15,86667	4,02
15,88333	4,02
15,90000	4,01
15,91667	4,02
15,93333	4,02
15,95000	4,01
15,96667	4,02
15,98333	4,02
16,00000	4,01
16,01667	4,02
16,03333	4,02
16,05000	4,01
16,06667	4,02
16,08333	4,02
16,10000	4,01
16,11667	4,02
16,13333	4,02
16,15000	4,01
16,16667	4,02
16,18333	4,02
16,20000	4,01
16,21667	4,02
16,23333	4,02
16,25000	4,01
16,26667	4,02
16,28333	4,02
16,30000	4,01
16,31667	4,02
16,33333	4,02
16,35000	4,01
16,36667	4,02
16,38333	4,02
16,40000	4,01
16,41667	4,02
16,43333	4,02
16,45000	4,01
16,46667	4,02
16,48333	4,02
16,50000	4,01
16,51667	4,02
16,53333	4,02
16,55000	4,01
16,56667	4,02
16,58333	4,02
16,60000	4,01
16,61667	4,02
16,63333	4,02
16,65000	4,01
16,66667	4,02
16,68333	4,02
16,70000	4,01
16,71667	4,02
16,73333	4,02
16,75000	4,01
16,76667	4,02
16,78333	4,02
16,80000	4,01
16,81667	4,02
16,83333	4,02
16,85000	4,01
16,86667	4,02
16,88333	4,02
16,90000	4,01
16,91667	4,02
16,93333	4,02
16,95000	4,01
16,96667	4,02
16,98333	4,02
17,00000	4,01
17,01667	4,02
17,03333	4,02
17,05000	4,01
17,06667	4,02
17,08333	4,02
17,10000	4,00
17,11667	4,02
17,13333	4,02
17,15000	4,00
17,16667	4,02
17,18333	4,01
17,20000	4,00
17,21667	4,02
17,23333	4,02
17,25000	4,00
17,26667	4,02
17,28333	4,02
17,30000	4,00
17,31667	4,02
17,33333	4,02
17,35000	4,00
17,36667	4,01
17,38333	4,01
17,40000	4,00
17,41667	4,01
17,43333	4,01
17,45000	4,00
17,46667	4,01
17,48333	4,01
17,50000	4,00
17,51667	4,01
17,53333	4,01
17,55000	4,00
17,56667	4,01
17,58333	4,01
17,60000	4,00
17,61667	4,01
17,63333	4,01
17,65000	4,00
17,66667	4,01
17,68333	4,01
17,70000	4,00
17,71667	4,01
17,73333	4,01
17,75000	4,00
17,76667	4,01
17,78333	4,01
17,80000	4,00
17,81667	4,01
17,83333	4,01
17,85000	4,00
17,86667	4,01
17,88333	4,01
17,90000	4,00
17,91667	4,01
17,93333	4,01
17,95000	4,00
17,96667	4,01
17,98333	4,01
18,00000	4,00
18,01667	4,01
18,03333	4,01
18,05000	4,00
18,06667	4,01
18,08333	4,01
18,10000	4,00
18,11667	4,01
18,13333	4,01
18,15000	4,00
18,16667	4,01
18,18333	4,01
18,20000	4,00
18,21667	4,01
18,23333	4,01
18,25000	4,00
18,26667	4,01
18,28333	4,01
18,30000	4,00
18,31667	4,01
18,33333	4,01
18,35000	4,00
18,36667	4,01
18,38333	4,01
18,40000	4,00
18,41667	4,01
18,43333	4,01
18,45000	4,00
18,46667	4,01
18,48333	4,01
18,50000	4,00
18,51667	4,01
18,53333	4,01
18,55000	4,00
18,56667	4,01
18,58333	4,01
18,60000	4,00
18,61667	4,01
18,63333	4,01
18,65000	4,00
18,66667	4,01
18,68333	4,01
18,70000	4,00
18,71667	4,01
18,73333	4,01
18,75000	4,00
18,76667	4,01
18,78333	4,01
18,80000	3,99
18,81667	4,01
18,83333	4,01
18,85000	4,00
18,86667	4,01
18,88333	4,01
18,90000	4,00
18,91667	4,01
18,93333	4,01
18,95000	3,99
18,96667	4,01
18,98333	4,00
19,00000	4,00
19,01667	4,01
19,03333	4,01
19,05000	4,00
19,06667	4,01
19,08333	4,01
19,10000	4,00
19,11667	4,01
19,13333	4,01
19,15000	4,00
19,16667	4,01
19,18333	4,01
19,20000	4,00
19,21667	4,00
19,23333	4,01
19,25000	3,99
19,26667	4,01
19,28333	4,01
19,30000	4,00
19,31667	4,01
19,33333	4,00
19,35000	3,99
19,36667	4,00
19,38333	4,01
19,40000	3,99
19,41667	4,00
19,43333	4,00
19,45000	3,99
19,46667	4,01
19,48333	4,01
19,50000	3,99
19,51667	4,01
19,53333	4,00
19,55000	3,99
19,56667	4,01
19,58333	4,01
19,60000	3,99
19,61667	4,00
19,63333	4,01
19,65000	3,99
19,66667	4,00
19,68333	4,01
19,70000	3,99
19,71667	4,01
19,73333	4,01
19,75000	3,99
19,76667	4,01
19,78333	4,00
19,80000	3,99
19,81667	4,01
19,83333	4,00
19,85000	4,00
19,86667	4,00
19,88333	4,01
19,90000	3,99
19,91667	4,00
19,93333	4,00
19,95000	3,99
19,96667	4,01
19,98333	4,01
20,00000	3,99
20,01667	4,00
20,03333	4,01
20,05000	3,99
20,06667	4,01
20,08333	4,00
20,10000	3,99
20,11667	4,01
20,13333	4,01
20,15000	3,99
20,16667	4,01
20,18333	4,00
20,20000	3,99
20,21667	4,01
20,23333	4,01
20,25000	3,99
20,26667	4,00
20,28333	4,00
20,30000	3,99
20,31667	4,01
20,33333	4,01
20,35000	3,99
20,36667	4,00
20,38333	4,00
20,40000	3,99
20,41667	4,01
20,43333	4,01
20,45000	3,99
20,46667	4,01
20,48333	4,01
20,50000	3,99
20,51667	4,01
20,53333	4,01
20,55000	3,99
20,56667	4,01
20,58333	4,01
20,60000	4,00
20,61667	4,01
20,63333	4,01
20,65000	3,99
20,66667	4,00
20,68333	4,01
20,70000	3,99
20,71667	4,01
20,73333	4,01
20,75000	3,99
20,76667	4,00
20,78333	4,01
20,80000	4,00
20,81667	4,01
20,83333	4,01
20,85000	4,00
20,86667	4,01
20,88333	4,01
20,90000	4,00
20,91667	4,01
20,93333	4,01
20,95000	4,00
20,96667	4,01
20,98333	4,01
21,00000	4,00
21,01667	4,01
21,03333	4,01
21,05000	4,00
21,06667	4,01
21,08333	4,01
21,10000	4,00
21,11667	4,01
21,13333	4,01
21,15000	4,00
21,16667	4,01
21,18333	4,01
21,20000	4,00
21,21667	4,01
21,23333	4,01
21,25000	4,00
21,26667	4,01
21,28333	4,01
21,30000	4,00
21,31667	4,01
21,33333	4,01
21,35000	4,00
21,36667	4,01
21,38333	4,01
21,40000	4,00
21,41667	4,01
21,43333	4,01
21,45000	4,00
21,46667	4,01
21,48333	4,01
21,50000	4,00
21,51667	4,01
21,53333	4,01
21,55000	4,00
21,56667	4,01
21,58333	4,01
21,60000	4,00
21,61667	4,01
21,63333	4,01
21,65000	4,00
21,66667	4,01
21,68333	4,01
21,70000	4,00
21,71667	4,01
21,73333	4,01
21,75000	4,00
21,76667	4,01
21,78333	4,01
21,80000	4,00
21,81667	4,01
21,83333	4,01
21,85000	4,00
21,86667	4,01
21,88333	4,01
21,90000	4,00
21,91667	4,01
21,93333	4,01
21,95000	4,00
21,96667	4,01
21,98333	4,01
22,00000	4,00
22,01667	4,01
22,03333	4,01
22,05000	4,00
22,06667	4,01
22,08333	4,01
22,10000	4,00
22,11667	4,01
22,13333	4,01
22,15000	4,00
22,16667	4,01
22,18333	4,01
22,20000	4,00
22,21667	4,01
22,23333	4,01
22,25000	4,00
22,26667	4,01
22,28333	4,01
22,30000	4,00
22,31667	4,01
22,33333	4,01
22,35000	4,00
22,36667	4,01
22,38333	4,01
22,40000	4,00
22,41667	4,01
22,43333	4,01
22,45000	4,00
22,46667	4,01
22,48333	4,01
22,50000	4,00
22,51667	4,01
22,53333	4,01
22,55000	4,00
22,56667	4,01
22,58333	4,01
22,60000	4,00
22,61667	4,01
22,63333	4,01
22,65000	4,00
22,66667	4,01
22,68333	4,01
22,70000	4,00
22,71667	4,01
22,73333	4,01
22,75000	4,00
22,76667	4,01
22,78333	4,01
22,80000	4,00
22,81667	4,01
22,83333	4,01
22,85000	4,00
22,86667	4,01
22,88333	4,01
22,90000	4,00
22,91667	4,01
22,93333	4,01
22,95000	4,00
22,96667	4,01
22,98333	4,01
23,00000	4,00
23,01667	4,01
23,03333	4,01
23,05000	4,00
23,06667	4,01
23,08333	4,01
23,10000	4,00
23,11667	4,01
23,13333	4,01
23,15000	4,00
23,16667	4,01
23,18333	4,01
23,20000	4,00
23,21667	4,01
23,23333	4,01
23,25000	4,00
23,26667	4,01
23,28333	4,01
23,30000	4,00
23,31667	4,01
23,33333	4,01
23,35000	4,00
23,36667	4,01
23,38333	4,01
23,40000	4,00
23,41667	4,01
23,43333	4,01
23,45000	4,00
23,46667	4,01
23,48333	4,01
23,50000	4,00
23,51667	4,01
23,53333	4,01
23,55000	4,00
23,56667	4,01
23,58333	4,01
23,60000	4,00
23,61667	4,01
23,63333	4,01
23,65000	4,00
23,66667	4,01
23,68333	4,01
23,70000	4,00
23,71667	4,01
23,73333	4,01
23,75000	4,00
23,76667	4,01
23,78333	4,01
23,80000	4,00
23,81667	4,01
23,83333	4,01
23,85000	4,00
23,86667	4,01
23,88333	4,01
23,90000	4,00
23,91667	4,01
23,93333	4,01
23,95000	3,99
23,96667	4,01
23,98333	4,01
24,00000	4,00
24,01667	4,01
24,03333	4,01
24,05000	4,00
24,06667	4,01
24,08333	4,01
24,10000	4,00
24,11667	4,01
24,13333	4,01
24,15000	4,00
24,16667	4,01
24,18333	4,01
24,20000	3,99
24,21667	4,01
24,23333	4,01
24,25000	3,99
24,26667	4,01
24,28333	4,01
24,30000	3,99
24,31667	4,00
24,33333	4,01
24,35000	3,99
24,36667	4,00
24,38333	4,01
24,40000	3,99
24,41667	4,01
24,43333	4,00
24,45000	3,99
24,46667	4,01
24,48333	4,00
24,50000	3,99
24,51667	4,01
24,53333	4,01
24,55000	3,99
24,56667	4,00
24,58333	4,00
24,60000	3,99
24,61667	4,00
24,63333	4,01
24,65000	3,99
24,66667	4,00
24,68333	4,00
24,70000	3,99
24,71667	4,01
24,73333	4,00
24,75000	3,99
24,76667	4,00
24,78333	4,00
24,80000	3,99
24,81667	4,01
24,83333	4,00
24,85000	3,99
24,86667	4,00
24,88333	4,00
24,90000	3,99
24,91667	4,00
24,93333	4,01
24,95000	3,99
24,96667	4,00
24,98333	4,01
25,00000	3,99
25,01667	4,01
25,03333	4,00
25,05000	3,99
25,06667	4,00
25,08333	4,00
25,10000	3,99
25,11667	4,00
25,13333	4,00
25,15000	3,99
25,16667	4,00
25,18333	4,00
25,20000	3,99
25,21667	4,00
25,23333	4,00
25,25000	3,99
25,26667	4,00
25,28333	4,00
25,30000	3,99
25,31667	4,00
25,33333	4,01
25,35000	3,99
25,36667	4,00
25,38333	4,00
25,40000	3,99
25,41667	4,00
25,43333	4,00
25,45000	3,99
25,46667	4,00
25,48333	4,00
25,50000	3,99
25,51667	4,00
25,53333	4,00
25,55000	3,99
25,56667	4,01
25,58333	4,00
25,60000	3,99
25,61667	4,00
25,63333	4,00
25,65000	3,99
25,66667	4,00
25,68333	4,00
25,70000	3,99
25,71667	4,00
25,73333	4,00
25,75000	3,99
25,76667	4,00
25,78333	4,00
25,80000	3,99
25,81667	4,00
25,83333	4,00
25,85000	3,99
25,86667	4,00
25,88333	4,00
25,90000	3,99
25,91667	4,00
25,93333	4,00
25,95000	3,99
25,96667	4,00
25,98333	4,00
26,00000	3,99
26,01667	4,00
26,03333	4,00
26,05000	3,99
26,06667	4,00
26,08333	4,00
26,10000	3,99
26,11667	4,00
26,13333	4,00
26,15000	3,99
26,16667	4,00
26,18333	4,00
26,20000	3,99
26,21667	4,00
26,23333	4,00
26,25000	3,99
26,26667	4,00
26,28333	4,00
26,30000	3,99
26,31667	4,00
26,33333	4,00
26,35000	3,99
26,36667	4,00
26,38333	4,00
26,40000	3,99
26,41667	4,00
26,43333	4,00
26,45000	3,99
26,46667	4,00
26,48333	4,00
26,50000	3,99
26,51667	4,00
26,53333	4,00
26,55000	3,99
26,56667	4,00
26,58333	4,00
26,60000	3,99
26,61667	4,00
26,63333	4,00
26,65000	3,99
26,66667	4,00
26,68333	4,00
26,70000	3,99
26,71667	4,00
26,73333	4,00
26,75000	3,99
26,76667	4,00
26,78333	4,00
26,80000	3,99
26,81667	4,00
26,83333	4,00
26,85000	3,99
26,86667	4,00
26,88333	4,00
26,90000	3,99
26,91667	4,00
26,93333	4,00
26,95000	3,99
26,96667	4,00
26,98333	4,00
27,00000	3,99
27,01667	4,00
27,03333	4,00
27,05000	3,99
27,06667	4,00
27,08333	4,00
27,10000	3,99
27,11667	4,00
27,13333	4,00
27,15000	3,99
27,16667	4,00
27,18333	4,00
27,20000	3,99
27,21667	4,00
27,23333	4,00
27,25000	3,99
27,26667	4,00
27,28333	4,00
27,30000	3,99
27,31667	4,00
27,33333	4,00
27,35000	3,99
27,36667	4,00
27,38333	4,00
27,40000	3,99
27,41667	4,00
27,43333	4,00
27,45000	3,99
27,46667	4,00
27,48333	4,00
27,50000	3,99
27,51667	4,00
27,53333	4,00
27,55000	3,99
27,56667	4,00
27,58333	4,00
27,60000	3,99
27,61667	4,00
27,63333	4,00
27,65000	3,99
27,66667	4,00
27,68333	4,00
27,70000	3,99
27,71667	4,00
27,73333	4,00
27,75000	3,99
27,76667	4,00
27,78333	4,00
27,80000	3,99
27,81667	4,00
27,83333	4,00
27,85000	3,99
27,86667	4,00
27,88333	4,00
27,90000	3,99
27,91667	4,00
27,93333	4,00
27,95000	3,99
27,96667	4,00
27,98333	4,00
28,00000	3,99
28,01667	4,00
28,03333	4,00
28,05000	3,99
28,06667	4,00
28,08333	4,00
28,10000	3,99
28,11667	4,00
28,13333	4,00
28,15000	3,99
28,16667	4,00
28,18333	4,00
28,20000	3,99
28,21667	4,00
28,23333	4,00
28,25000	3,99
28,26667	4,00
28,28333	4,00
28,30000	3,99
28,31667	4,00
28,33333	4,00
28,35000	3,99
28,36667	4,00
28,38333	4,00
28,40000	3,99
28,41667	4,00
28,43333	4,00
28,45000	3,99
28,46667	4,00
28,48333	4,00
28,50000	3,99
28,51667	4,00
28,53333	4,00
28,55000	3,99
28,56667	4,01
28,58333	4,00
28,60000	3,99
28,61667	4,00
28,63333	4,00
28,65000	3,99
28,66667	4,00
28,68333	4,00
28,70000	3,99
28,71667	4,00
28,73333	4,00
28,75000	3,99
28,76667	4,00
28,78333	4,00
28,80000	3,99
28,81667	4,00
28,83333	4,00
28,85000	3,99
28,86667	4,00
28,88333	4,00
28,90000	3,99
28,91667	4,00
28,93333	4,00
28,95000	3,99
28,96667	4,00
28,98333	4,00
29,00000	3,99
29,01667	4,01
29,03333	4,01
29,05000	3,99
29,06667	4,01
29,08333	4,00
29,10000	3,99
29,11667	4,00
29,13333	4,00
29,15000	3,99
29,16667	4,00
29,18333	4,00
29,20000	3,99
29,21667	4,01
29,23333	4,01
29,25000	3,99
29,26667	4,00
29,28333	4,00
29,30000	3,99
29,31667	4,01
29,33333	4,01
29,35000	3,99
29,36667	4,01
29,38333	4,00
29,40000	3,99
29,41667	4,01
29,43333	4,01
29,45000	3,99
29,46667	4,00
29,48333	4,01
29,50000	4,00
29,51667	4,01
29,53333	4,01
29,55000	3,99
29,56667	4,00
29,58333	4,00
29,60000	3,99
29,61667	4,01
29,63333	4,00
29,65000	3,99
29,66667	4,01
29,68333	4,01
29,70000	4,00
29,71667	4,01
29,73333	4,01
29,75000	3,99
29,76667	4,01
29,78333	4,01
29,80000	4,00
29,81667	4,00
29,83333	4,00
29,85000	3,99
29,86667	4,01
29,88333	4,01
29,90000	3,99
29,91667	4,00
29,93333	4,00
29,95000	3,99
29,96667	4,00
29,98333	4,01
30,00000	3,99
30,01667	4,01
30,03333	4,01
30,05000	3,99
30,06667	4,01
30,08333	4,01
30,10000	3,99
30,11667	4,00
30,13333	4,01
30,15000	3,99
30,16667	4,01
30,18333	4,01
30,20000	3,99
30,21667	4,01
30,23333	4,01
30,25000	3,99
30,26667	4,01
30,28333	4,01
30,30000	3,99
30,31667	4,01
30,33333	4,01
30,35000	4,00
30,36667	4,01
30,38333	4,01
30,40000	4,00
30,41667	4,01
30,43333	4,01
30,45000	4,00
30,46667	4,01
30,48333	4,01
30,50000	4,00
30,51667	4,01
30,53333	4,01
30,55000	4,00
30,56667	4,01
30,58333	4,01
30,60000	4,00
30,61667	4,01
30,63333	4,01
30,65000	4,00
30,66667	4,01
30,68333	4,01
30,70000	4,00
30,71667	4,01
30,73333	4,01
30,75000	4,00
30,76667	4,01
30,78333	4,01
30,80000	4,00
30,81667	4,01
30,83333	4,01
30,85000	4,00
30,86667	4,01
30,88333	4,01
30,90000	4,00
30,91667	4,01
30,93333	4,01
30,95000	4,00
30,96667	4,01
30,98333	4,01
31,00000	4,00
31,01667	4,01
31,03333	4,01
31,05000	4,00
31,06667	4,01
31,08333	4,01
31,10000	4,00
31,11667	4,01
31,13333	4,01
31,15000	4,00
31,16667	4,01
31,18333	4,01
31,20000	4,00
31,21667	4,01
31,23333	4,01
31,25000	4,00
31,26667	4,01
31,28333	4,01
31,30000	4,00
31,31667	4,01
31,33333	4,01
31,35000	4,00
31,36667	4,01
31,38333	4,01
31,40000	4,00
31,41667	4,01
31,43333	4,01
31,45000	4,00
31,46667	4,01
31,48333	4,01
31,50000	4,00
31,51667	4,01
31,53333	4,01
31,55000	4,00
31,56667	4,01
31,58333	4,01
31,60000	4,00
31,61667	4,01
31,63333	4,01
31,65000	4,00
31,66667	4,01
31,68333	4,01
31,70000	4,00
31,71667	4,01
31,73333	4,01
31,75000	4,00
31,76667	4,01
31,78333	4,01
31,80000	4,00
31,81667	4,01
31,83333	4,01
31,85000	4,00
31,86667	4,01
31,88333	4,01
31,90000	4,00
31,91667	4,01
31,93333	4,01
31,95000	4,00
31,96667	4,01
31,98333	4,01
32,00000	4,00

[LC Status Trace(Oven Temp.)]
Interval(msec)	1000
# of Points	1921
Start Time(min)	0,000
End Time(min)	32,000
Intensity Units	C
Intensity Multiplier	1
R.Time (min)	Intensity
0,00000	50,00
0,01667	50,00
0,03333	50,00
0,05000	50,00
0,06667	50,00
0,08333	50,00
0,10000	50,00
0,11667	50,00
0,13333	50,00
0,15000	50,00
0,16667	50,00
0,18333	50,00
0,20000	50,00
0,21667	50,00
0,23333	50,00
0,25000	50,00
0,26667	50,00
0,28333	50,00
0,30000	50,00
0,31667	50,00
0,33333	50,00
0,35000	50,00
0,36667	50,00
0,38333	49,99
0,40000	49,99
0,41667	49,99
0,43333	49,99
0,45000	49,99
0,46667	49,99
0,48333	49,99
0,50000	49,99
0,51667	49,99
0,53333	49,99
0,55000	49,99
0,56667	49,99
0,58333	49,99
0,60000	49,99
0,61667	49,99
0,63333	49,99
0,65000	49,99
0,66667	49,99
0,68333	49,99
0,70000	49,99
0,71667	49,99
0,73333	49,99
0,75000	49,99
0,76667	49,99
0,78333	49,99
0,80000	49,99
0,81667	50,00
0,83333	50,00
0,85000	50,00
0,86667	50,00
0,88333	50,00
0,90000	50,00
0,91667	50,00
0,93333	50,00
0,95000	50,00
0,96667	50,00
0,98333	50,00
1,00000	50,00
1,01667	50,00
1,03333	50,00
1,05000	50,00
1,06667	50,00
1,08333	50,00
1,10000	50,00
1,11667	50,00
1,13333	50,00
1,15000	50,00
1,16667	50,00
1,18333	50,00
1,20000	50,00
1,21667	50,00
1,23333	50,00
1,25000	50,00
1,26667	50,00
1,28333	50,00
1,30000	50,00
1,31667	50,00
1,33333	50,00
1,35000	50,00
1,36667	50,00
1,38333	50,00
1,40000	50,00
1,41667	50,00
1,43333	50,00
1,45000	50,00
1,46667	50,00
1,48333	50,00
1,50000	49,99
1,51667	49,99
1,53333	49,99
1,55000	49,99
1,56667	49,99
1,58333	49,99
1,60000	49,99
1,61667	49,99
1,63333	49,99
1,65000	49,99
1,66667	49,99
1,68333	49,99
1,70000	49,99
1,71667	49,99
1,73333	49,99
1,75000	49,99
1,76667	49,99
1,78333	49,99
1,80000	49,99
1,81667	49,99
1,83333	49,99
1,85000	49,99
1,86667	49,99
1,88333	49,99
1,90000	49,99
1,91667	49,99
1,93333	49,99
1,95000	49,99
1,96667	49,99
1,98333	49,99
2,00000	49,99
2,01667	49,99
2,03333	49,99
2,05000	49,99
2,06667	49,99
2,08333	49,99
2,10000	49,99
2,11667	49,99
2,13333	49,99
2,15000	49,99
2,16667	49,99
2,18333	49,99
2,20000	49,99
2,21667	50,00
2,23333	50,00
2,25000	50,00
2,26667	50,00
2,28333	50,00
2,30000	50,00
2,31667	50,00
2,33333	50,00
2,35000	50,00
2,36667	50,00
2,38333	50,00
2,40000	50,00
2,41667	50,00
2,43333	50,00
2,45000	50,00
2,46667	50,00
2,48333	50,00
2,50000	50,00
2,51667	50,00
2,53333	50,00
2,55000	50,00
2,56667	50,00
2,58333	50,00
2,60000	50,00
2,61667	50,00
2,63333	50,00
2,65000	50,00
2,66667	50,00
2,68333	50,00
2,70000	50,00
2,71667	50,00
2,73333	50,00
2,75000	50,00
2,76667	50,00
2,78333	50,00
2,80000	50,00
2,81667	50,00
2,83333	50,00
2,85000	50,00
2,86667	50,00
2,88333	50,00
2,90000	50,00
2,91667	50,00
2,93333	50,00
2,95000	50,00
2,96667	50,00
2,98333	50,00
3,00000	50,00
3,01667	50,00
3,03333	50,00
3,05000	50,00
3,06667	50,00
3,08333	50,00
3,10000	50,00
3,11667	50,00
3,13333	50,00
3,15000	50,00
3,16667	50,00
3,18333	50,00
3,20000	50,00
3,21667	50,00
3,23333	50,00
3,25000	50,00
3,26667	50,00
3,28333	50,00
3,30000	50,00
3,31667	50,00
3,33333	50,00
3,35000	50,00
3,36667	50,00
3,38333	50,00
3,40000	50,00
3,41667	50,00
3,43333	50,00
3,45000	50,00
3,46667	50,00
3,48333	50,00
3,50000	50,00
3,51667	50,00
3,53333	50,00
3,55000	50,00
3,56667	50,00
3,58333	50,00
3,60000	50,00
3,61667	50,00
3,63333	50,00
3,65000	50,00
3,66667	50,00
3,68333	50,00
3,70000	50,00
3,71667	50,00
3,73333	50,00
3,75000	50,00
3,76667	50,00
3,78333	50,00
3,80000	50,00
3,81667	50,00
3,83333	50,00
3,85000	50,00
3,86667	49,99
3,88333	49,99
3,90000	49,99
3,91667	49,99
3,93333	49,99
3,95000	49,99
3,96667	49,99
3,98333	49,99
4,00000	49,99
4,01667	49,99
4,03333	49,99
4,05000	49,99
4,06667	49,99
4,08333	49,99
4,10000	49,99
4,11667	49,99
4,13333	49,99
4,15000	49,99
4,16667	49,99
4,18333	49,99
4,20000	49,99
4,21667	49,99
4,23333	49,99
4,25000	49,99
4,26667	49,99
4,28333	49,99
4,30000	49,99
4,31667	49,99
4,33333	49,99
4,35000	49,99
4,36667	49,99
4,38333	49,99
4,40000	49,99
4,41667	49,99
4,43333	49,99
4,45000	49,99
4,46667	49,99
4,48333	49,99
4,50000	49,99
4,51667	49,99
4,53333	49,99
4,55000	49,99
4,56667	49,99
4,58333	49,99
4,60000	49,99
4,61667	49,99
4,63333	49,99
4,65000	49,99
4,66667	49,99
4,68333	49,99
4,70000	49,99
4,71667	49,99
4,73333	49,99
4,75000	49,99
4,76667	50,00
4,78333	50,00
4,80000	50,00
4,81667	50,00
4,83333	50,00
4,85000	50,00
4,86667	50,00
4,88333	50,00
4,90000	50,00
4,91667	50,00
4,93333	50,00
4,95000	50,00
4,96667	50,00
4,98333	50,00
5,00000	50,00
5,01667	50,00
5,03333	50,00
5,05000	50,00
5,06667	50,00
5,08333	50,00
5,10000	50,00
5,11667	50,00
5,13333	50,00
5,15000	50,00
5,16667	50,00
5,18333	50,00
5,20000	50,00
5,21667	50,00
5,23333	50,00
5,25000	50,00
5,26667	50,00
5,28333	50,00
5,30000	50,00
5,31667	50,00
5,33333	50,00
5,35000	50,00
5,36667	50,00
5,38333	50,00
5,40000	50,00
5,41667	50,00
5,43333	50,00
5,45000	50,00
5,46667	50,00
5,48333	50,00
5,50000	50,00
5,51667	50,00
5,53333	50,00
5,55000	50,00
5,56667	50,00
5,58333	50,00
5,60000	50,00
5,61667	50,00
5,63333	50,00
5,65000	50,00
5,66667	50,00
5,68333	50,00
5,70000	50,00
5,71667	49,99
5,73333	49,99
5,75000	49,99
5,76667	49,99
5,78333	49,99
5,80000	49,99
5,81667	49,99
5,83333	49,99
5,85000	49,99
5,86667	49,99
5,88333	49,99
5,90000	49,99
5,91667	49,99
5,93333	49,99
5,95000	49,99
5,96667	49,99
5,98333	49,99
6,00000	49,99
6,01667	49,99
6,03333	49,99
6,05000	49,99
6,06667	49,99
6,08333	49,99
6,10000	49,99
6,11667	49,99
6,13333	49,99
6,15000	49,99
6,16667	49,99
6,18333	49,99
6,20000	49,99
6,21667	49,99
6,23333	49,99
6,25000	49,99
6,26667	49,99
6,28333	49,99
6,30000	49,99
6,31667	49,99
6,33333	49,99
6,35000	49,99
6,36667	49,99
6,38333	49,99
6,40000	49,99
6,41667	49,99
6,43333	49,99
6,45000	49,99
6,46667	49,99
6,48333	49,99
6,50000	49,99
6,51667	49,99
6,53333	49,99
6,55000	49,99
6,56667	49,99
6,58333	50,00
6,60000	50,00
6,61667	50,00
6,63333	50,00
6,65000	50,00
6,66667	50,00
6,68333	50,00
6,70000	50,00
6,71667	50,00
6,73333	50,00
6,75000	50,00
6,76667	50,00
6,78333	50,00
6,80000	50,00
6,81667	50,00
6,83333	50,00
6,85000	50,00
6,86667	50,00
6,88333	50,00
6,90000	50,00
6,91667	50,00
6,93333	50,00
6,95000	50,00
6,96667	50,00
6,98333	50,00
7,00000	50,00
7,01667	50,00
7,03333	50,00
7,05000	50,00
7,06667	50,00
7,08333	50,00
7,10000	50,00
7,11667	50,00
7,13333	50,00
7,15000	50,00
7,16667	50,00
7,18333	50,00
7,20000	50,00
7,21667	50,00
7,23333	50,00
7,25000	50,00
7,26667	50,00
7,28333	50,00
7,30000	50,00
7,31667	50,00
7,33333	50,00
7,35000	50,00
7,36667	50,00
7,38333	50,00
7,40000	50,00
7,41667	50,00
7,43333	50,00
7,45000	50,00
7,46667	50,00
7,48333	50,00
7,50000	50,00
7,51667	50,00
7,53333	50,00
7,55000	50,00
7,56667	50,00
7,58333	50,00
7,60000	50,00
7,61667	50,00
7,63333	50,00
7,65000	50,00
7,66667	50,00
7,68333	50,00
7,70000	50,00
7,71667	50,00
7,73333	50,00
7,75000	50,00
7,76667	50,00
7,78333	50,00
7,80000	50,00
7,81667	50,00
7,83333	50,00
7,85000	50,00
7,86667	50,00
7,88333	50,00
7,90000	50,00
7,91667	50,00
7,93333	50,00
7,95000	50,00
7,96667	50,00
7,98333	50,00
8,00000	50,00
8,01667	50,00
8,03333	50,00
8,05000	50,00
8,06667	50,00
8,08333	50,00
8,10000	50,00
8,11667	50,00
8,13333	50,00
8,15000	50,00
8,16667	50,00
8,18333	50,00
8,20000	50,00
8,21667	50,00
8,23333	50,00
8,25000	50,00
8,26667	50,00
8,28333	50,00
8,30000	50,00
8,31667	49,99
8,33333	49,99
8,35000	49,99
8,36667	49,99
8,38333	49,99
8,40000	49,99
8,41667	49,99
8,43333	49,99
8,45000	49,99
8,46667	49,99
8,48333	49,99
8,50000	49,99
8,51667	49,99
8,53333	49,99
8,55000	49,99
8,56667	49,99
8,58333	49,99
8,60000	49,99
8,61667	49,99
8,63333	49,99
8,65000	49,99
8,66667	49,99
8,68333	49,99
8,70000	49,99
8,71667	49,99
8,73333	49,99
8,75000	49,99
8,76667	49,99
8,78333	49,99
8,80000	49,99
8,81667	49,99
8,83333	49,99
8,85000	49,99
8,86667	49,99
8,88333	49,99
8,90000	49,99
8,91667	49,99
8,93333	49,99
8,95000	49,99
8,96667	49,99
8,98333	49,99
9,00000	49,99
9,01667	49,99
9,03333	49,99
9,05000	49,99
9,06667	49,99
9,08333	49,99
9,10000	49,99
9,11667	49,99
9,13333	49,99
9,15000	49,99
9,16667	49,99
9,18333	49,99
9,20000	49,99
9,21667	49,99
9,23333	49,99
9,25000	49,99
9,26667	49,99
9,28333	49,99
9,30000	49,99
9,31667	49,99
9,33333	49,99
9,35000	49,99
9,36667	49,99
9,38333	49,99
9,40000	49,99
9,41667	50,00
9,43333	50,00
9,45000	50,00
9,46667	50,00
9,48333	50,00
9,50000	50,00
9,51667	50,00
9,53333	50,00
9,55000	50,00
9,56667	50,00
9,58333	50,00
9,60000	50,00
9,61667	50,00
9,63333	50,00
9,65000	50,00
9,66667	50,00
9,68333	50,00
9,70000	50,00
9,71667	50,00
9,73333	50,00
9,75000	50,00
9,76667	50,00
9,78333	50,00
9,80000	50,00
9,81667	50,00
9,83333	50,00
9,85000	50,00
9,86667	50,00
9,88333	50,00
9,90000	50,00
9,91667	50,00
9,93333	50,00
9,95000	50,00
9,96667	50,00
9,98333	50,00
10,00000	50,00
10,01667	50,00
10,03333	50,00
10,05000	50,00
10,06667	50,00
10,08333	50,00
10,10000	50,00
10,11667	50,00
10,13333	50,00
10,15000	50,00
10,16667	50,00
10,18333	50,00
10,20000	50,00
10,21667	50,00
10,23333	50,00
10,25000	50,00
10,26667	49,99
10,28333	49,99
10,30000	49,99
10,31667	49,99
10,33333	49,99
10,35000	49,99
10,36667	49,99
10,38333	49,99
10,40000	49,99
10,41667	49,99
10,43333	49,99
10,45000	49,99
10,46667	49,99
10,48333	49,99
10,50000	49,99
10,51667	49,99
10,53333	49,99
10,55000	49,99
10,56667	49,99
10,58333	49,99
10,60000	49,99
10,61667	49,99
10,63333	49,99
10,65000	49,99
10,66667	49,99
10,68333	49,99
10,70000	49,99
10,71667	49,99
10,73333	49,99
10,75000	49,99
10,76667	50,00
10,78333	50,00
10,80000	50,00
10,81667	50,00
10,83333	50,00
10,85000	50,00
10,86667	50,00
10,88333	50,00
10,90000	50,00
10,91667	50,00
10,93333	50,00
10,95000	50,00
10,96667	50,00
10,98333	50,00
11,00000	50,00
11,01667	50,00
11,03333	50,00
11,05000	50,00
11,06667	50,00
11,08333	50,00
11,10000	50,00
11,11667	50,00
11,13333	50,00
11,15000	50,00
11,16667	50,00
11,18333	50,00
11,20000	50,00
11,21667	50,00
11,23333	50,00
11,25000	50,00
11,26667	50,00
11,28333	50,00
11,30000	49,99
11,31667	49,99
11,33333	49,99
11,35000	49,99
11,36667	49,99
11,38333	49,99
11,40000	49,99
11,41667	49,99
11,43333	49,99
11,45000	49,99
11,46667	49,99
11,48333	49,99
11,50000	49,99
11,51667	49,99
11,53333	49,99
11,55000	49,99
11,56667	49,99
11,58333	49,99
11,60000	49,99
11,61667	49,99
11,63333	49,99
11,65000	49,99
11,66667	49,99
11,68333	49,99
11,70000	49,99
11,71667	50,00
11,73333	50,00
11,75000	50,00
11,76667	50,00
11,78333	50,00
11,80000	50,00
11,81667	50,00
11,83333	50,00
11,85000	50,00
11,86667	50,00
11,88333	50,00
11,90000	50,00
11,91667	50,00
11,93333	50,00
11,95000	50,00
11,96667	50,00
11,98333	50,00
12,00000	50,00
12,01667	50,00
12,03333	50,00
12,05000	50,00
12,06667	50,00
12,08333	50,00
12,10000	50,00
12,11667	50,00
12,13333	50,00
12,15000	50,00
12,16667	50,00
12,18333	50,00
12,20000	50,00
12,21667	50,00
12,23333	50,00
12,25000	50,00
12,26667	50,00
12,28333	50,00
12,30000	50,00
12,31667	50,00
12,33333	50,00
12,35000	50,00
12,36667	50,00
12,38333	50,00
12,40000	50,00
12,41667	50,00
12,43333	50,00
12,45000	50,00
12,46667	50,00
12,48333	50,00
12,50000	50,00
12,51667	50,00
12,53333	50,00
12,55000	50,00
12,56667	50,00
12,58333	50,00
12,60000	50,00
12,61667	50,00
12,63333	50,00
12,65000	50,00
12,66667	50,00
12,68333	50,00
12,70000	50,00
12,71667	50,00
12,73333	50,00
12,75000	50,00
12,76667	50,00
12,78333	50,00
12,80000	50,00
12,81667	50,00
12,83333	50,00
12,85000	50,00
12,86667	50,00
12,88333	49,99
12,90000	49,99
12,91667	49,99
12,93333	49,99
12,95000	49,99
12,96667	49,99
12,98333	49,99
13,00000	49,99
13,01667	49,99
13,03333	49,99
13,05000	49,99
13,06667	49,99
13,08333	49,99
13,10000	49,99
13,11667	49,99
13,13333	49,99
13,15000	49,99
13,16667	49,99
13,18333	49,99
13,20000	49,99
13,21667	49,99
13,23333	49,99
13,25000	49,99
13,26667	49,99
13,28333	49,99
13,30000	49,99
13,31667	49,99
13,33333	49,99
13,35000	49,99
13,36667	49,99
13,38333	49,99
13,40000	49,99
13,41667	49,99
13,43333	49,99
13,45000	49,99
13,46667	49,99
13,48333	49,99
13,50000	49,99
13,51667	49,99
13,53333	49,99
13,55000	49,99
13,56667	49,99
13,58333	49,99
13,60000	50,00
13,61667	50,00
13,63333	50,00
13,65000	50,00
13,66667	50,00
13,68333	50,00
13,70000	50,00
13,71667	50,00
13,73333	50,00
13,75000	50,00
13,76667	50,00
13,78333	50,00
13,80000	50,00
13,81667	50,00
13,83333	50,00
13,85000	50,00
13,86667	50,00
13,88333	50,00
13,90000	50,00
13,91667	50,00
13,93333	50,00
13,95000	50,00
13,96667	50,00
13,98333	50,00
14,00000	50,00
14,01667	50,00
14,03333	50,00
14,05000	50,00
14,06667	50,00
14,08333	50,00
14,10000	50,00
14,11667	50,00
14,13333	50,00
14,15000	50,00
14,16667	50,00
14,18333	50,00
14,20000	50,00
14,21667	50,00
14,23333	50,00
14,25000	50,00
14,26667	50,00
14,28333	50,00
14,30000	50,00
14,31667	50,00
14,33333	50,00
14,35000	50,00
14,36667	50,00
14,38333	50,00
14,40000	50,00
14,41667	50,00
14,43333	50,00
14,45000	50,00
14,46667	50,00
14,48333	50,00
14,50000	50,00
14,51667	50,00
14,53333	50,00
14,55000	50,00
14,56667	50,00
14,58333	50,00
14,60000	50,00
14,61667	50,00
14,63333	50,00
14,65000	50,00
14,66667	50,00
14,68333	50,00
14,70000	50,00
14,71667	50,00
14,73333	50,00
14,75000	50,00
14,76667	50,00
14,78333	50,00
14,80000	50,00
14,81667	50,00
14,83333	50,00
14,85000	50,00
14,86667	50,00
14,88333	50,00
14,90000	50,00
14,91667	50,00
14,93333	50,00
14,95000	50,00
14,96667	50,00
14,98333	50,00
15,00000	49,99
15,01667	49,99
15,03333	49,99
15,05000	49,99
15,06667	49,99
15,08333	49,99
15,10000	49,99
15,11667	49,99
15,13333	49,99
15,15000	49,99
15,16667	49,99
15,18333	49,99
15,20000	49,99
15,21667	49,99
15,23333	49,99
15,25000	49,99
15,26667	49,99
15,28333	49,99
15,30000	49,99
15,31667	49,99
15,33333	49,99
15,35000	49,99
15,36667	49,99
15,38333	49,99
15,40000	49,99
15,41667	49,99
15,43333	49,99
15,45000	49,99
15,46667	49,99
15,48333	49,99
15,50000	49,99
15,51667	49,99
15,53333	49,99
15,55000	49,99
15,56667	49,99
15,58333	49,99
15,60000	49,99
15,61667	49,99
15,63333	49,99
15,65000	49,99
15,66667	49,99
15,68333	49,99
15,70000	49,99
15,71667	49,99
15,73333	49,99
15,75000	49,99
15,76667	49,99
15,78333	49,99
15,80000	50,00
15,81667	50,00
15,83333	50,00
15,85000	50,00
15,86667	50,00
15,88333	50,00
15,90000	50,00
15,91667	50,00
15,93333	50,00
15,95000	50,00
15,96667	50,00
15,98333	50,00
16,00000	50,00
16,01667	50,00
16,03333	50,00
16,05000	50,00
16,06667	50,00
16,08333	50,00
16,10000	50,00
16,11667	50,00
16,13333	50,00
16,15000	50,00
16,16667	50,00
16,18333	50,00
16,20000	50,00
16,21667	50,00
16,23333	50,00
16,25000	50,00
16,26667	49,99
16,28333	49,99
16,30000	49,99
16,31667	49,99
16,33333	49,99
16,35000	49,99
16,36667	49,99
16,38333	49,99
16,40000	49,99
16,41667	49,99
16,43333	49,99
16,45000	49,99
16,46667	49,99
16,48333	49,99
16,50000	49,99
16,51667	49,99
16,53333	49,99
16,55000	49,99
16,56667	49,99
16,58333	49,99
16,60000	49,99
16,61667	49,99
16,63333	49,99
16,65000	49,99
16,66667	50,00
16,68333	50,00
16,70000	50,00
16,71667	50,00
16,73333	50,00
16,75000	50,00
16,76667	50,00
16,78333	50,00
16,80000	50,00
16,81667	50,00
16,83333	50,00
16,85000	50,00
16,86667	50,00
16,88333	50,00
16,90000	50,00
16,91667	50,00
16,93333	50,00
16,95000	50,00
16,96667	50,00
16,98333	50,00
17,00000	50,00
17,01667	50,00
17,03333	50,00
17,05000	50,00
17,06667	50,00
17,08333	50,00
17,10000	50,00
17,11667	50,00
17,13333	50,00
17,15000	50,00
17,16667	50,00
17,18333	50,00
17,20000	50,00
17,21667	50,00
17,23333	50,00
17,25000	50,00
17,26667	50,00
17,28333	50,00
17,30000	50,00
17,31667	50,00
17,33333	50,00
17,35000	50,00
17,36667	50,00
17,38333	50,00
17,40000	50,00
17,41667	49,99
17,43333	49,99
17,45000	49,99
17,46667	49,99
17,48333	49,99
17,50000	49,99
17,51667	49,99
17,53333	49,99
17,55000	49,99
17,56667	49,99
17,58333	49,99
17,60000	49,99
17,61667	49,99
17,63333	49,99
17,65000	49,99
17,66667	49,99
17,68333	49,99
17,70000	49,99
17,71667	49,99
17,73333	49,99
17,75000	49,99
17,76667	49,99
17,78333	49,99
17,80000	49,99
17,81667	49,99
17,83333	49,99
17,85000	49,99
17,86667	49,99
17,88333	50,00
17,90000	50,00
17,91667	50,00
17,93333	50,00
17,95000	50,00
17,96667	50,00
17,98333	50,00
18,00000	50,00
18,01667	50,00
18,03333	50,00
18,05000	50,00
18,06667	50,00
18,08333	50,00
18,10000	50,00
18,11667	50,00
18,13333	50,00
18,15000	50,00
18,16667	50,00
18,18333	50,00
18,20000	50,00
18,21667	50,00
18,23333	50,00
18,25000	50,00
18,26667	50,00
18,28333	50,00
18,30000	50,00
18,31667	50,00
18,33333	50,00
18,35000	50,00
18,36667	50,00
18,38333	50,00
18,40000	50,00
18,41667	50,00
18,43333	50,00
18,45000	50,00
18,46667	50,00
18,48333	50,00
18,50000	50,00
18,51667	50,00
18,53333	50,00
18,55000	50,00
18,56667	50,00
18,58333	50,00
18,60000	50,00
18,61667	50,00
18,63333	50,00
18,65000	50,00
18,66667	50,00
18,68333	50,00
18,70000	50,00
18,71667	50,00
18,73333	50,00
18,75000	50,00
18,76667	50,00
18,78333	50,00
18,80000	50,00
18,81667	50,00
18,83333	50,00
18,85000	50,00
18,86667	50,00
18,88333	50,00
18,90000	50,00
18,91667	50,00
18,93333	50,00
18,95000	50,00
18,96667	50,00
18,98333	50,00
19,00000	50,00
19,01667	50,00
19,03333	50,00
19,05000	50,00
19,06667	50,00
19,08333	49,99
19,10000	49,99
19,11667	49,99
19,13333	49,99
19,15000	49,99
19,16667	49,99
19,18333	49,99
19,20000	49,99
19,21667	49,99
19,23333	49,99
19,25000	49,99
19,26667	49,99
19,28333	49,99
19,30000	49,99
19,31667	49,99
19,33333	49,99
19,35000	49,99
19,36667	49,99
19,38333	49,99
19,40000	49,99
19,41667	49,99
19,43333	49,99
19,45000	49,99
19,46667	49,99
19,48333	49,99
19,50000	49,99
19,51667	49,99
19,53333	49,99
19,55000	49,99
19,56667	49,99
19,58333	49,99
19,60000	49,99
19,61667	49,99
19,63333	49,99
19,65000	49,99
19,66667	49,99
19,68333	49,99
19,70000	49,99
19,71667	49,99
19,73333	49,99
19,75000	49,99
19,76667	49,99
19,78333	49,99
19,80000	49,99
19,81667	49,99
19,83333	49,99
19,85000	49,99
19,86667	49,99
19,88333	49,99
19,90000	49,99
19,91667	49,99
19,93333	49,99
19,95000	49,99
19,96667	49,99
19,98333	49,99
20,00000	49,99
20,01667	50,00
20,03333	50,00
20,05000	50,00
20,06667	50,00
20,08333	50,00
20,10000	50,00
20,11667	50,00
20,13333	50,00
20,15000	50,00
20,16667	50,00
20,18333	50,00
20,20000	50,00
20,21667	50,00
20,23333	50,00
20,25000	50,00
20,26667	50,00
20,28333	50,00
20,30000	50,00
20,31667	50,00
20,33333	50,00
20,35000	50,00
20,36667	50,00
20,38333	50,00
20,40000	50,00
20,41667	50,00
20,43333	50,00
20,45000	50,00
20,46667	50,00
20,48333	50,00
20,50000	50,00
20,51667	50,00
20,53333	50,00
20,55000	50,00
20,56667	50,00
20,58333	50,00
20,60000	49,99
20,61667	49,99
20,63333	49,99
20,65000	49,99
20,66667	49,99
20,68333	49,99
20,70000	49,99
20,71667	49,99
20,73333	49,99
20,75000	49,99
20,76667	49,99
20,78333	49,99
20,80000	49,99
20,81667	49,99
20,83333	49,99
20,85000	49,99
20,86667	49,99
20,88333	49,99
20,90000	49,99
20,91667	49,99
20,93333	49,99
20,95000	49,99
20,96667	49,99
20,98333	49,99
21,00000	49,99
21,01667	49,99
21,03333	49,99
21,05000	49,99
21,06667	49,99
21,08333	49,99
21,10000	49,99
21,11667	49,99
21,13333	49,99
21,15000	49,99
21,16667	49,99
21,18333	49,99
21,20000	49,99
21,21667	50,00
21,23333	50,00
21,25000	50,00
21,26667	50,00
21,28333	50,00
21,30000	50,00
21,31667	50,00
21,33333	50,00
21,35000	50,00
21,36667	50,00
21,38333	50,00
21,40000	50,00
21,41667	50,00
21,43333	50,00
21,45000	50,00
21,46667	50,00
21,48333	50,00
21,50000	50,00
21,51667	50,00
21,53333	50,00
21,55000	50,00
21,56667	50,00
21,58333	50,00
21,60000	50,00
21,61667	50,00
21,63333	50,00
21,65000	50,00
21,66667	50,00
21,68333	50,00
21,70000	50,00
21,71667	50,00
21,73333	50,00
21,75000	50,00
21,76667	50,00
21,78333	50,00
21,80000	50,00
21,81667	50,00
21,83333	50,00
21,85000	50,00
21,86667	50,00
21,88333	50,00
21,90000	50,00
21,91667	50,00
21,93333	50,00
21,95000	50,00
21,96667	50,00
21,98333	50,00
22,00000	50,00
22,01667	50,00
22,03333	50,00
22,05000	50,00
22,06667	50,00
22,08333	50,00
22,10000	50,00
22,11667	50,00
22,13333	50,00
22,15000	50,00
22,16667	50,00
22,18333	50,00
22,20000	50,00
22,21667	50,00
22,23333	50,00
22,25000	50,00
22,26667	50,00
22,28333	50,00
22,30000	50,00
22,31667	50,00
22,33333	50,00
22,35000	50,00
22,36667	50,00
22,38333	50,00
22,40000	50,00
22,41667	50,00
22,43333	50,00
22,45000	50,00
22,46667	50,00
22,48333	50,00
22,50000	50,00
22,51667	50,00
22,53333	50,00
22,55000	50,00
22,56667	50,00
22,58333	50,00
22,60000	50,00
22,61667	50,00
22,63333	50,00
22,65000	50,00
22,66667	50,00
22,68333	50,00
22,70000	50,00
22,71667	50,00
22,73333	50,00
22,75000	50,00
22,76667	50,00
22,78333	50,00
22,80000	50,00
22,81667	50,00
22,83333	50,00
22,85000	50,00
22,86667	50,00
22,88333	50,00
22,90000	50,00
22,91667	50,00
22,93333	50,00
22,95000	50,00
22,96667	50,00
22,98333	50,00
23,00000	50,00
23,01667	50,00
23,03333	50,00
23,05000	50,00
23,06667	50,00
23,08333	50,00
23,10000	50,00
23,11667	50,00
23,13333	50,00
23,15000	50,00
23,16667	50,00
23,18333	50,00
23,20000	50,00
23,21667	50,00
23,23333	50,00
23,25000	50,00
23,26667	50,00
23,28333	50,00
23,30000	50,00
23,31667	50,00
23,33333	50,00
23,35000	50,00
23,36667	50,00
23,38333	50,00
23,40000	50,00
23,41667	50,00
23,43333	50,00
23,45000	50,00
23,46667	50,00
23,48333	50,00
23,50000	50,00
23,51667	50,00
23,53333	50,00
23,55000	50,00
23,56667	50,00
23,58333	50,00
23,60000	50,00
23,61667	50,00
23,63333	50,00
23,65000	50,00
23,66667	50,00
23,68333	50,00
23,70000	50,00
23,71667	50,00
23,73333	50,00
23,75000	50,00
23,76667	50,00
23,78333	50,00
23,80000	50,00
23,81667	50,00
23,83333	50,00
23,85000	50,00
23,86667	50,00
23,88333	50,00
23,90000	50,00
23,91667	50,00
23,93333	50,00
23,95000	50,00
23,96667	49,99
23,98333	49,99
24,00000	49,99
24,01667	49,99
24,03333	49,99
24,05000	49,99
24,06667	49,99
24,08333	49,99
24,10000	49,99
24,11667	49,99
24,13333	49,99
24,15000	49,99
24,16667	49,99
24,18333	49,99
24,20000	49,99
24,21667	49,99
24,23333	49,99
24,25000	49,99
24,26667	49,99
24,28333	49,99
24,30000	49,99
24,31667	49,99
24,33333	49,99
24,35000	49,99
24,36667	49,99
24,38333	49,99
24,40000	49,99
24,41667	49,99
24,43333	49,99
24,45000	49,99
24,46667	49,99
24,48333	49,99
24,50000	49,99
24,51667	49,99
24,53333	49,99
24,55000	49,99
24,56667	49,99
24,58333	49,99
24,60000	49,99
24,61667	49,99
24,63333	49,99
24,65000	49,99
24,66667	49,99
24,68333	49,99
24,70000	49,99
24,71667	49,99
24,73333	49,99
24,75000	50,00
24,76667	49,99
24,78333	49,99
24,80000	49,99
24,81667	49,99
24,83333	49,99
24,85000	49,99
24,86667	49,99
24,88333	49,99
24,90000	49,99
24,91667	49,99
24,93333	49,99
24,95000	49,99
24,96667	49,99
24,98333	49,99
25,00000	49,99
25,01667	49,99
25,03333	49,99
25,05000	49,99
25,06667	50,00
25,08333	50,00
25,10000	50,00
25,11667	50,00
25,13333	50,00
25,15000	50,00
25,16667	50,00
25,18333	49,99
25,20000	49,99
25,21667	49,99
25,23333	49,99
25,25000	49,99
25,26667	49,99
25,28333	49,99
25,30000	49,99
25,31667	49,99
25,33333	49,99
25,35000	49,99
25,36667	49,99
25,38333	49,99
25,40000	49,99
25,41667	49,99
25,43333	50,00
25,45000	50,00
25,46667	50,00
25,48333	50,00
25,50000	50,00
25,51667	50,00
25,53333	50,00
25,55000	50,00
25,56667	50,00
25,58333	50,00
25,60000	50,00
25,61667	50,00
25,63333	49,99
25,65000	49,99
25,66667	49,99
25,68333	49,99
25,70000	49,99
25,71667	49,99
25,73333	49,99
25,75000	49,99
25,76667	49,99
25,78333	49,99
25,80000	49,99
25,81667	49,99
25,83333	49,99
25,85000	49,99
25,86667	49,99
25,88333	49,99
25,90000	49,99
25,91667	49,99
25,93333	49,99
25,95000	49,99
25,96667	50,00
25,98333	49,99
26,00000	49,99
26,01667	49,99
26,03333	49,99
26,05000	49,99
26,06667	49,99
26,08333	49,99
26,10000	49,99
26,11667	49,99
26,13333	49,99
26,15000	49,99
26,16667	49,99
26,18333	49,99
26,20000	49,99
26,21667	49,99
26,23333	49,99
26,25000	49,99
26,26667	49,99
26,28333	49,99
26,30000	49,99
26,31667	49,99
26,33333	49,99
26,35000	49,99
26,36667	49,99
26,38333	49,99
26,40000	49,99
26,41667	49,99
26,43333	49,99
26,45000	49,99
26,46667	49,99
26,48333	49,99
26,50000	49,99
26,51667	49,99
26,53333	49,99
26,55000	49,99
26,56667	49,99
26,58333	49,99
26,60000	49,99
26,61667	49,99
26,63333	49,99
26,65000	49,99
26,66667	49,99
26,68333	49,99
26,70000	49,99
26,71667	49,99
26,73333	49,99
26,75000	49,99
26,76667	49,99
26,78333	49,99
26,80000	49,99
26,81667	49,99
26,83333	49,99
26,85000	49,99
26,86667	49,99
26,88333	49,99
26,90000	49,99
26,91667	49,99
26,93333	49,99
26,95000	49,99
26,96667	49,99
26,98333	49,99
27,00000	49,99
27,01667	49,99
27,03333	49,99
27,05000	49,99
27,06667	49,99
27,08333	49,99
27,10000	49,99
27,11667	49,99
27,13333	49,99
27,15000	49,99
27,16667	49,99
27,18333	49,99
27,20000	49,99
27,21667	49,99
27,23333	49,99
27,25000	49,99
27,26667	49,99
27,28333	49,99
27,30000	49,99
27,31667	49,99
27,33333	49,99
27,35000	49,99
27,36667	49,99
27,38333	49,99
27,40000	49,99
27,41667	49,99
27,43333	49,99
27,45000	49,99
27,46667	49,99
27,48333	49,99
27,50000	49,99
27,51667	49,99
27,53333	49,99
27,55000	49,99
27,56667	49,99
27,58333	49,99
27,60000	49,99
27,61667	49,99
27,63333	49,99
27,65000	49,99
27,66667	49,99
27,68333	49,99
27,70000	49,99
27,71667	49,99
27,73333	49,99
27,75000	49,99
27,76667	49,99
27,78333	49,99
27,80000	49,99
27,81667	49,99
27,83333	49,99
27,85000	49,99
27,86667	49,99
27,88333	49,99
27,90000	49,99
27,91667	49,99
27,93333	49,99
27,95000	49,99
27,96667	49,99
27,98333	49,99
28,00000	49,99
28,01667	49,99
28,03333	49,99
28,05000	49,99
28,06667	50,00
28,08333	50,00
28,10000	50,00
28,11667	50,00
28,13333	50,00
28,15000	50,00
28,16667	50,00
28,18333	50,00
28,20000	50,00
28,21667	50,00
28,23333	50,00
28,25000	50,00
28,26667	50,00
28,28333	50,00
28,30000	50,00
28,31667	50,00
28,33333	50,00
28,35000	50,00
28,36667	50,00
28,38333	50,00
28,40000	50,00
28,41667	49,99
28,43333	49,99
28,45000	49,99
28,46667	49,99
28,48333	49,99
28,50000	49,99
28,51667	49,99
28,53333	49,99
28,55000	49,99
28,56667	49,99
28,58333	49,99
28,60000	49,99
28,61667	49,99
28,63333	49,99
28,65000	49,99
28,66667	49,99
28,68333	49,99
28,70000	49,99
28,71667	49,99
28,73333	49,99
28,75000	49,99
28,76667	49,99
28,78333	49,99
28,80000	49,99
28,81667	49,99
28,83333	49,99
28,85000	49,99
28,86667	49,99
28,88333	49,99
28,90000	49,99
28,91667	49,99
28,93333	49,99
28,95000	49,99
28,96667	49,99
28,98333	49,99
29,00000	49,99
29,01667	49,99
29,03333	49,99
29,05000	49,99
29,06667	49,99
29,08333	49,99
29,10000	49,99
29,11667	49,99
29,13333	49,99
29,15000	49,99
29,16667	49,99
29,18333	49,99
29,20000	49,99
29,21667	49,99
29,23333	49,99
29,25000	49,99
29,26667	49,99
29,28333	49,99
29,30000	49,99
29,31667	49,99
29,33333	49,99
29,35000	49,99
29,36667	49,99
29,38333	49,99
29,40000	49,99
29,41667	49,99
29,43333	49,99
29,45000	49,99
29,46667	49,99
29,48333	49,99
29,50000	49,99
29,51667	49,99
29,53333	49,99
29,55000	49,99
29,56667	49,99
29,58333	49,99
29,60000	49,99
29,61667	49,99
29,63333	49,99
29,65000	49,99
29,66667	49,99
29,68333	49,99
29,70000	49,99
29,71667	49,99
29,73333	49,99
29,75000	49,99
29,76667	49,99
29,78333	49,99
29,80000	49,99
29,81667	49,99
29,83333	49,99
29,85000	49,99
29,86667	49,99
29,88333	49,99
29,90000	49,99
29,91667	49,99
29,93333	50,00
29,95000	50,00
29,96667	50,00
29,98333	50,00
30,00000	50,00
30,01667	50,00
30,03333	50,00
30,05000	50,00
30,06667	50,00
30,08333	50,00
30,10000	50,00
30,11667	50,00
30,13333	50,00
30,15000	50,00
30,16667	50,00
30,18333	50,00
30,20000	50,00
30,21667	50,00
30,23333	50,00
30,25000	50,00
30,26667	50,00
30,28333	50,00
30,30000	50,00
30,31667	50,00
30,33333	50,00
30,35000	50,00
30,36667	50,00
30,38333	50,00
30,40000	50,00
30,41667	50,00
30,43333	50,00
30,45000	50,00
30,46667	50,00
30,48333	50,00
30,50000	50,00
30,51667	50,00
30,53333	50,00
30,55000	50,00
30,56667	50,00
30,58333	50,00
30,60000	50,00
30,61667	50,00
30,63333	50,00
30,65000	50,00
30,66667	50,00
30,68333	50,00
30,70000	50,00
30,71667	50,00
30,73333	50,00
30,75000	50,00
30,76667	50,00
30,78333	50,00
30,80000	50,00
30,81667	50,00
30,83333	50,00
30,85000	50,00
30,86667	50,00
30,88333	50,00
30,90000	50,00
30,91667	50,00
30,93333	50,00
30,95000	50,00
30,96667	50,00
30,98333	50,00
31,00000	50,00
31,01667	50,00
31,03333	50,00
31,05000	50,00
31,06667	50,00
31,08333	50,00
31,10000	50,00
31,11667	50,00
31,13333	50,00
31,15000	50,00
31,16667	50,00
31,18333	50,00
31,20000	50,00
31,21667	50,00
31,23333	50,00
31,25000	50,00
31,26667	50,00
31,28333	50,00
31,30000	50,00
31,31667	50,00
31,33333	50,00
31,35000	50,00
31,36667	50,00
31,38333	50,00
31,40000	50,00
31,41667	50,00
31,43333	50,00
31,45000	50,00
31,46667	50,00
31,48333	50,00
31,50000	50,00
31,51667	50,00
31,53333	50,00
31,55000	50,00
31,56667	50,00
31,58333	50,00
31,60000	50,00
31,61667	50,00
31,63333	50,00
31,65000	50,00
31,66667	50,00
31,68333	50,00
31,70000	50,00
31,71667	50,00
31,73333	50,00
31,75000	50,00
31,76667	50,00
31,78333	50,00
31,80000	50,00
31,81667	50,00
31,83333	50,00
31,85000	50,00
31,86667	50,00
31,88333	50,00
31,90000	50,00
31,91667	50,00
31,93333	50,00
31,95000	50,00
31,96667	50,00
31,98333	50,00
32,00000	50,00

[LC Status Trace(Room Temp.)]
Interval(msec)	1000
# of Points	1921
Start Time(min)	0,000
End Time(min)	32,000
Intensity Units	C
Intensity Multiplier	1
R.Time (min)	Intensity
0,00000	28,73
0,01667	28,73
0,03333	28,73
0,05000	28,74
0,06667	28,74
0,08333	28,74
0,10000	28,75
0,11667	28,75
0,13333	28,75
0,15000	28,75
0,16667	28,75
0,18333	28,75
0,20000	28,75
0,21667	28,75
0,23333	28,75
0,25000	28,75
0,26667	28,74
0,28333	28,74
0,30000	28,74
0,31667	28,74
0,33333	28,73
0,35000	28,73
0,36667	28,73
0,38333	28,73
0,40000	28,73
0,41667	28,73
0,43333	28,73
0,45000	28,73
0,46667	28,73
0,48333	28,73
0,50000	28,73
0,51667	28,73
0,53333	28,73
0,55000	28,73
0,56667	28,73
0,58333	28,73
0,60000	28,73
0,61667	28,73
0,63333	28,73
0,65000	28,73
0,66667	28,74
0,68333	28,75
0,70000	28,75
0,71667	28,75
0,73333	28,75
0,75000	28,75
0,76667	28,76
0,78333	28,76
0,80000	28,76
0,81667	28,76
0,83333	28,76
0,85000	28,76
0,86667	28,76
0,88333	28,76
0,90000	28,76
0,91667	28,76
0,93333	28,76
0,95000	28,76
0,96667	28,76
0,98333	28,76
1,00000	28,76
1,01667	28,76
1,03333	28,75
1,05000	28,75
1,06667	28,75
1,08333	28,75
1,10000	28,75
1,11667	28,74
1,13333	28,74
1,15000	28,74
1,16667	28,74
1,18333	28,74
1,20000	28,74
1,21667	28,74
1,23333	28,74
1,25000	28,74
1,26667	28,74
1,28333	28,75
1,30000	28,75
1,31667	28,75
1,33333	28,75
1,35000	28,75
1,36667	28,75
1,38333	28,75
1,40000	28,74
1,41667	28,74
1,43333	28,74
1,45000	28,73
1,46667	28,73
1,48333	28,73
1,50000	28,72
1,51667	28,72
1,53333	28,72
1,55000	28,72
1,56667	28,71
1,58333	28,70
1,60000	28,70
1,61667	28,69
1,63333	28,68
1,65000	28,68
1,66667	28,68
1,68333	28,68
1,70000	28,68
1,71667	28,68
1,73333	28,68
1,75000	28,68
1,76667	28,69
1,78333	28,69
1,80000	28,69
1,81667	28,69
1,83333	28,69
1,85000	28,69
1,86667	28,69
1,88333	28,69
1,90000	28,69
1,91667	28,69
1,93333	28,68
1,95000	28,68
1,96667	28,68
1,98333	28,68
2,00000	28,68
2,01667	28,68
2,03333	28,68
2,05000	28,68
2,06667	28,67
2,08333	28,67
2,10000	28,67
2,11667	28,67
2,13333	28,67
2,15000	28,67
2,16667	28,67
2,18333	28,67
2,20000	28,67
2,21667	28,67
2,23333	28,67
2,25000	28,67
2,26667	28,68
2,28333	28,68
2,30000	28,68
2,31667	28,68
2,33333	28,69
2,35000	28,69
2,36667	28,69
2,38333	28,69
2,40000	28,69
2,41667	28,70
2,43333	28,70
2,45000	28,70
2,46667	28,71
2,48333	28,71
2,50000	28,71
2,51667	28,71
2,53333	28,71
2,55000	28,72
2,56667	28,72
2,58333	28,72
2,60000	28,71
2,61667	28,71
2,63333	28,71
2,65000	28,71
2,66667	28,71
2,68333	28,71
2,70000	28,71
2,71667	28,71
2,73333	28,72
2,75000	28,72
2,76667	28,72
2,78333	28,72
2,80000	28,72
2,81667	28,71
2,83333	28,71
2,85000	28,71
2,86667	28,70
2,88333	28,70
2,90000	28,70
2,91667	28,69
2,93333	28,69
2,95000	28,70
2,96667	28,70
2,98333	28,70
3,00000	28,70
3,01667	28,71
3,03333	28,71
3,05000	28,71
3,06667	28,71
3,08333	28,70
3,10000	28,71
3,11667	28,71
3,13333	28,71
3,15000	28,71
3,16667	28,71
3,18333	28,72
3,20000	28,72
3,21667	28,72
3,23333	28,72
3,25000	28,72
3,26667	28,72
3,28333	28,72
3,30000	28,72
3,31667	28,72
3,33333	28,72
3,35000	28,71
3,36667	28,72
3,38333	28,72
3,40000	28,72
3,41667	28,72
3,43333	28,72
3,45000	28,73
3,46667	28,73
3,48333	28,73
3,50000	28,73
3,51667	28,73
3,53333	28,73
3,55000	28,73
3,56667	28,73
3,58333	28,73
3,60000	28,73
3,61667	28,73
3,63333	28,73
3,65000	28,73
3,66667	28,73
3,68333	28,73
3,70000	28,73
3,71667	28,74
3,73333	28,74
3,75000	28,74
3,76667	28,75
3,78333	28,75
3,80000	28,75
3,81667	28,76
3,83333	28,76
3,85000	28,76
3,86667	28,76
3,88333	28,77
3,90000	28,77
3,91667	28,77
3,93333	28,77
3,95000	28,77
3,96667	28,78
3,98333	28,78
4,00000	28,78
4,01667	28,79
4,03333	28,79
4,05000	28,79
4,06667	28,80
4,08333	28,80
4,10000	28,80
4,11667	28,80
4,13333	28,80
4,15000	28,81
4,16667	28,81
4,18333	28,82
4,20000	28,82
4,21667	28,82
4,23333	28,82
4,25000	28,82
4,26667	28,82
4,28333	28,82
4,30000	28,82
4,31667	28,83
4,33333	28,83
4,35000	28,83
4,36667	28,83
4,38333	28,83
4,40000	28,83
4,41667	28,83
4,43333	28,83
4,45000	28,82
4,46667	28,82
4,48333	28,82
4,50000	28,82
4,51667	28,82
4,53333	28,82
4,55000	28,82
4,56667	28,82
4,58333	28,82
4,60000	28,82
4,61667	28,82
4,63333	28,81
4,65000	28,81
4,66667	28,81
4,68333	28,80
4,70000	28,80
4,71667	28,80
4,73333	28,79
4,75000	28,79
4,76667	28,79
4,78333	28,79
4,80000	28,79
4,81667	28,78
4,83333	28,78
4,85000	28,78
4,86667	28,77
4,88333	28,77
4,90000	28,77
4,91667	28,78
4,93333	28,78
4,95000	28,78
4,96667	28,79
4,98333	28,79
5,00000	28,80
5,01667	28,80
5,03333	28,80
5,05000	28,81
5,06667	28,81
5,08333	28,82
5,10000	28,82
5,11667	28,83
5,13333	28,84
5,15000	28,84
5,16667	28,84
5,18333	28,84
5,20000	28,84
5,21667	28,84
5,23333	28,85
5,25000	28,85
5,26667	28,84
5,28333	28,84
5,30000	28,84
5,31667	28,84
5,33333	28,84
5,35000	28,84
5,36667	28,84
5,38333	28,84
5,40000	28,84
5,41667	28,84
5,43333	28,84
5,45000	28,84
5,46667	28,84
5,48333	28,84
5,50000	28,84
5,51667	28,84
5,53333	28,84
5,55000	28,84
5,56667	28,84
5,58333	28,84
5,60000	28,84
5,61667	28,84
5,63333	28,84
5,65000	28,84
5,66667	28,84
5,68333	28,84
5,70000	28,84
5,71667	28,84
5,73333	28,84
5,75000	28,84
5,76667	28,84
5,78333	28,83
5,80000	28,83
5,81667	28,83
5,83333	28,83
5,85000	28,83
5,86667	28,82
5,88333	28,83
5,90000	28,83
5,91667	28,83
5,93333	28,84
5,95000	28,84
5,96667	28,84
5,98333	28,85
6,00000	28,85
6,01667	28,85
6,03333	28,85
6,05000	28,85
6,06667	28,86
6,08333	28,86
6,10000	28,86
6,11667	28,86
6,13333	28,86
6,15000	28,86
6,16667	28,86
6,18333	28,86
6,20000	28,86
6,21667	28,86
6,23333	28,86
6,25000	28,86
6,26667	28,86
6,28333	28,85
6,30000	28,85
6,31667	28,85
6,33333	28,85
6,35000	28,85
6,36667	28,86
6,38333	28,86
6,40000	28,86
6,41667	28,86
6,43333	28,86
6,45000	28,86
6,46667	28,87
6,48333	28,87
6,50000	28,87
6,51667	28,87
6,53333	28,87
6,55000	28,88
6,56667	28,88
6,58333	28,88
6,60000	28,88
6,61667	28,88
6,63333	28,88
6,65000	28,88
6,66667	28,88
6,68333	28,89
6,70000	28,89
6,71667	28,89
6,73333	28,88
6,75000	28,88
6,76667	28,88
6,78333	28,89
6,80000	28,89
6,81667	28,89
6,83333	28,89
6,85000	28,90
6,86667	28,90
6,88333	28,90
6,90000	28,90
6,91667	28,90
6,93333	28,91
6,95000	28,91
6,96667	28,91
6,98333	28,91
7,00000	28,91
7,01667	28,91
7,03333	28,91
7,05000	28,91
7,06667	28,91
7,08333	28,91
7,10000	28,91
7,11667	28,91
7,13333	28,91
7,15000	28,91
7,16667	28,91
7,18333	28,91
7,20000	28,91
7,21667	28,91
7,23333	28,91
7,25000	28,91
7,26667	28,91
7,28333	28,91
7,30000	28,91
7,31667	28,91
7,33333	28,91
7,35000	28,91
7,36667	28,91
7,38333	28,91
7,40000	28,91
7,41667	28,91
7,43333	28,90
7,45000	28,90
7,46667	28,90
7,48333	28,90
7,50000	28,90
7,51667	28,90
7,53333	28,90
7,55000	28,90
7,56667	28,90
7,58333	28,90
7,60000	28,90
7,61667	28,90
7,63333	28,90
7,65000	28,91
7,66667	28,91
7,68333	28,91
7,70000	28,91
7,71667	28,92
7,73333	28,92
7,75000	28,92
7,76667	28,91
7,78333	28,91
7,80000	28,91
7,81667	28,91
7,83333	28,91
7,85000	28,91
7,86667	28,91
7,88333	28,92
7,90000	28,92
7,91667	28,92
7,93333	28,92
7,95000	28,93
7,96667	28,93
7,98333	28,93
8,00000	28,93
8,01667	28,94
8,03333	28,94
8,05000	28,94
8,06667	28,94
8,08333	28,94
8,10000	28,94
8,11667	28,94
8,13333	28,94
8,15000	28,94
8,16667	28,94
8,18333	28,94
8,20000	28,94
8,21667	28,95
8,23333	28,95
8,25000	28,95
8,26667	28,95
8,28333	28,95
8,30000	28,95
8,31667	28,95
8,33333	28,94
8,35000	28,94
8,36667	28,94
8,38333	28,94
8,40000	28,94
8,41667	28,94
8,43333	28,94
8,45000	28,94
8,46667	28,93
8,48333	28,93
8,50000	28,93
8,51667	28,93
8,53333	28,93
8,55000	28,93
8,56667	28,93
8,58333	28,93
8,60000	28,93
8,61667	28,94
8,63333	28,94
8,65000	28,94
8,66667	28,94
8,68333	28,95
8,70000	28,95
8,71667	28,95
8,73333	28,96
8,75000	28,96
8,76667	28,96
8,78333	28,96
8,80000	28,96
8,81667	28,97
8,83333	28,97
8,85000	28,97
8,86667	28,97
8,88333	28,97
8,90000	28,97
8,91667	28,97
8,93333	28,97
8,95000	28,97
8,96667	28,97
8,98333	28,97
9,00000	28,97
9,01667	28,98
9,03333	28,98
9,05000	28,98
9,06667	28,98
9,08333	28,98
9,10000	28,98
9,11667	28,99
9,13333	28,99
9,15000	28,99
9,16667	28,99
9,18333	28,99
9,20000	28,99
9,21667	28,99
9,23333	28,99
9,25000	28,99
9,26667	29,00
9,28333	29,00
9,30000	29,00
9,31667	29,00
9,33333	29,00
9,35000	29,00
9,36667	29,00
9,38333	29,00
9,40000	29,00
9,41667	29,00
9,43333	29,00
9,45000	29,00
9,46667	29,00
9,48333	29,00
9,50000	29,00
9,51667	29,00
9,53333	29,00
9,55000	29,00
9,56667	29,00
9,58333	29,00
9,60000	29,00
9,61667	29,00
9,63333	29,00
9,65000	29,00
9,66667	29,01
9,68333	29,01
9,70000	29,01
9,71667	29,01
9,73333	29,00
9,75000	29,00
9,76667	29,00
9,78333	28,99
9,80000	28,99
9,81667	28,99
9,83333	28,99
9,85000	28,99
9,86667	28,99
9,88333	28,99
9,90000	28,99
9,91667	28,99
9,93333	28,99
9,95000	28,99
9,96667	28,99
9,98333	28,99
10,00000	28,99
10,01667	28,99
10,03333	28,99
10,05000	28,99
10,06667	28,99
10,08333	28,99
10,10000	28,99
10,11667	28,99
10,13333	29,00
10,15000	29,00
10,16667	29,00
10,18333	29,01
10,20000	29,01
10,21667	29,01
10,23333	29,01
10,25000	29,01
10,26667	29,01
10,28333	29,01
10,30000	29,01
10,31667	29,00
10,33333	29,00
10,35000	29,00
10,36667	28,99
10,38333	28,99
10,40000	28,99
10,41667	28,99
10,43333	28,99
10,45000	28,99
10,46667	28,99
10,48333	28,99
10,50000	28,99
10,51667	28,99
10,53333	29,00
10,55000	29,00
10,56667	29,00
10,58333	29,00
10,60000	29,00
10,61667	29,00
10,63333	29,00
10,65000	29,00
10,66667	29,00
10,68333	29,01
10,70000	29,01
10,71667	29,01
10,73333	29,01
10,75000	29,01
10,76667	29,02
10,78333	29,02
10,80000	29,02
10,81667	29,02
10,83333	29,02
10,85000	29,02
10,86667	29,03
10,88333	29,03
10,90000	29,03
10,91667	29,03
10,93333	29,03
10,95000	29,03
10,96667	29,03
10,98333	29,03
11,00000	29,04
11,01667	29,04
11,03333	29,04
11,05000	29,04
11,06667	29,04
11,08333	29,04
11,10000	29,04
11,11667	29,04
11,13333	29,04
11,15000	29,04
11,16667	29,04
11,18333	29,04
11,20000	29,04
11,21667	29,04
11,23333	29,04
11,25000	29,03
11,26667	29,03
11,28333	29,03
11,30000	29,03
11,31667	29,03
11,33333	29,02
11,35000	29,02
11,36667	29,02
11,38333	29,02
11,40000	29,02
11,41667	29,03
11,43333	29,03
11,45000	29,03
11,46667	29,03
11,48333	29,04
11,50000	29,04
11,51667	29,04
11,53333	29,04
11,55000	29,04
11,56667	29,05
11,58333	29,05
11,60000	29,05
11,61667	29,05
11,63333	29,05
11,65000	29,05
11,66667	29,05
11,68333	29,06
11,70000	29,06
11,71667	29,06
11,73333	29,06
11,75000	29,06
11,76667	29,06
11,78333	29,06
11,80000	29,06
11,81667	29,06
11,83333	29,06
11,85000	29,06
11,86667	29,06
11,88333	29,06
11,90000	29,06
11,91667	29,06
11,93333	29,06
11,95000	29,06
11,96667	29,06
11,98333	29,06
12,00000	29,06
12,01667	29,05
12,03333	29,05
12,05000	29,05
12,06667	29,05
12,08333	29,05
12,10000	29,05
12,11667	29,05
12,13333	29,05
12,15000	29,05
12,16667	29,05
12,18333	29,05
12,20000	29,06
12,21667	29,06
12,23333	29,06
12,25000	29,06
12,26667	29,06
12,28333	29,06
12,30000	29,06
12,31667	29,06
12,33333	29,06
12,35000	29,06
12,36667	29,06
12,38333	29,06
12,40000	29,06
12,41667	29,06
12,43333	29,05
12,45000	29,05
12,46667	29,05
12,48333	29,05
12,50000	29,05
12,51667	29,06
12,53333	29,06
12,55000	29,06
12,56667	29,06
12,58333	29,05
12,60000	29,05
12,61667	29,05
12,63333	29,05
12,65000	29,05
12,66667	29,05
12,68333	29,05
12,70000	29,05
12,71667	29,05
12,73333	29,05
12,75000	29,05
12,76667	29,05
12,78333	29,04
12,80000	29,04
12,81667	29,04
12,83333	29,04
12,85000	29,04
12,86667	29,04
12,88333	29,04
12,90000	29,04
12,91667	29,05
12,93333	29,05
12,95000	29,05
12,96667	29,05
12,98333	29,05
13,00000	29,05
13,01667	29,05
13,03333	29,05
13,05000	29,05
13,06667	29,05
13,08333	29,05
13,10000	29,05
13,11667	29,06
13,13333	29,06
13,15000	29,06
13,16667	29,06
13,18333	29,06
13,20000	29,06
13,21667	29,06
13,23333	29,06
13,25000	29,06
13,26667	29,06
13,28333	29,06
13,30000	29,06
13,31667	29,06
13,33333	29,06
13,35000	29,06
13,36667	29,06
13,38333	29,06
13,40000	29,06
13,41667	29,06
13,43333	29,06
13,45000	29,06
13,46667	29,05
13,48333	29,05
13,50000	29,05
13,51667	29,05
13,53333	29,05
13,55000	29,05
13,56667	29,05
13,58333	29,05
13,60000	29,05
13,61667	29,05
13,63333	29,05
13,65000	29,05
13,66667	29,05
13,68333	29,04
13,70000	29,04
13,71667	29,04
13,73333	29,04
13,75000	29,04
13,76667	29,04
13,78333	29,04
13,80000	29,04
13,81667	29,04
13,83333	29,04
13,85000	29,05
13,86667	29,05
13,88333	29,05
13,90000	29,05
13,91667	29,05
13,93333	29,05
13,95000	29,05
13,96667	29,05
13,98333	29,06
14,00000	29,06
14,01667	29,06
14,03333	29,06
14,05000	29,06
14,06667	29,06
14,08333	29,06
14,10000	29,06
14,11667	29,06
14,13333	29,06
14,15000	29,06
14,16667	29,05
14,18333	29,05
14,20000	29,05
14,21667	29,05
14,23333	29,05
14,25000	29,05
14,26667	29,04
14,28333	29,04
14,30000	29,04
14,31667	29,04
14,33333	29,04
14,35000	29,04
14,36667	29,04
14,38333	29,04
14,40000	29,04
14,41667	29,04
14,43333	29,04
14,45000	29,04
14,46667	29,04
14,48333	29,04
14,50000	29,04
14,51667	29,03
14,53333	29,03
14,55000	29,03
14,56667	29,03
14,58333	29,03
14,60000	29,03
14,61667	29,03
14,63333	29,03
14,65000	29,03
14,66667	29,03
14,68333	29,03
14,70000	29,03
14,71667	29,03
14,73333	29,03
14,75000	29,03
14,76667	29,04
14,78333	29,04
14,80000	29,04
14,81667	29,04
14,83333	29,04
14,85000	29,04
14,86667	29,05
14,88333	29,05
14,90000	29,05
14,91667	29,06
14,93333	29,06
14,95000	29,06
14,96667	29,06
14,98333	29,06
15,00000	29,06
15,01667	29,06
15,03333	29,05
15,05000	29,05
15,06667	29,05
15,08333	29,05
15,10000	29,05
15,11667	29,04
15,13333	29,05
15,15000	29,05
15,16667	29,05
15,18333	29,05
15,20000	29,05
15,21667	29,05
15,23333	29,06
15,25000	29,06
15,26667	29,06
15,28333	29,06
15,30000	29,06
15,31667	29,06
15,33333	29,06
15,35000	29,06
15,36667	29,06
15,38333	29,06
15,40000	29,06
15,41667	29,06
15,43333	29,07
15,45000	29,07
15,46667	29,07
15,48333	29,07
15,50000	29,07
15,51667	29,07
15,53333	29,08
15,55000	29,08
15,56667	29,08
15,58333	29,09
15,60000	29,09
15,61667	29,09
15,63333	29,09
15,65000	29,09
15,66667	29,10
15,68333	29,10
15,70000	29,10
15,71667	29,10
15,73333	29,10
15,75000	29,09
15,76667	29,09
15,78333	29,09
15,80000	29,08
15,81667	29,08
15,83333	29,07
15,85000	29,07
15,86667	29,07
15,88333	29,07
15,90000	29,07
15,91667	29,07
15,93333	29,07
15,95000	29,07
15,96667	29,07
15,98333	29,07
16,00000	29,07
16,01667	29,07
16,03333	29,07
16,05000	29,07
16,06667	29,07
16,08333	29,07
16,10000	29,07
16,11667	29,07
16,13333	29,07
16,15000	29,07
16,16667	29,07
16,18333	29,07
16,20000	29,07
16,21667	29,07
16,23333	29,07
16,25000	29,06
16,26667	29,06
16,28333	29,06
16,30000	29,06
16,31667	29,06
16,33333	29,06
16,35000	29,06
16,36667	29,06
16,38333	29,06
16,40000	29,06
16,41667	29,06
16,43333	29,07
16,45000	29,07
16,46667	29,07
16,48333	29,07
16,50000	29,07
16,51667	29,08
16,53333	29,08
16,55000	29,08
16,56667	29,08
16,58333	29,08
16,60000	29,08
16,61667	29,09
16,63333	29,09
16,65000	29,09
16,66667	29,09
16,68333	29,09
16,70000	29,09
16,71667	29,09
16,73333	29,09
16,75000	29,09
16,76667	29,09
16,78333	29,10
16,80000	29,10
16,81667	29,10
16,83333	29,11
16,85000	29,11
16,86667	29,11
16,88333	29,12
16,90000	29,12
16,91667	29,12
16,93333	29,12
16,95000	29,12
16,96667	29,11
16,98333	29,11
17,00000	29,11
17,01667	29,11
17,03333	29,10
17,05000	29,10
17,06667	29,10
17,08333	29,10
17,10000	29,10
17,11667	29,10
17,13333	29,11
17,15000	29,11
17,16667	29,11
17,18333	29,12
17,20000	29,12
17,21667	29,12
17,23333	29,12
17,25000	29,12
17,26667	29,13
17,28333	29,12
17,30000	29,12
17,31667	29,12
17,33333	29,12
17,35000	29,12
17,36667	29,12
17,38333	29,12
17,40000	29,12
17,41667	29,12
17,43333	29,12
17,45000	29,12
17,46667	29,13
17,48333	29,13
17,50000	29,13
17,51667	29,13
17,53333	29,13
17,55000	29,13
17,56667	29,13
17,58333	29,13
17,60000	29,13
17,61667	29,14
17,63333	29,14
17,65000	29,14
17,66667	29,13
17,68333	29,13
17,70000	29,13
17,71667	29,13
17,73333	29,13
17,75000	29,13
17,76667	29,13
17,78333	29,13
17,80000	29,13
17,81667	29,12
17,83333	29,12
17,85000	29,12
17,86667	29,11
17,88333	29,11
17,90000	29,11
17,91667	29,11
17,93333	29,11
17,95000	29,11
17,96667	29,11
17,98333	29,11
18,00000	29,11
18,01667	29,11
18,03333	29,11
18,05000	29,11
18,06667	29,11
18,08333	29,11
18,10000	29,11
18,11667	29,11
18,13333	29,11
18,15000	29,11
18,16667	29,12
18,18333	29,12
18,20000	29,12
18,21667	29,12
18,23333	29,12
18,25000	29,12
18,26667	29,12
18,28333	29,12
18,30000	29,12
18,31667	29,12
18,33333	29,12
18,35000	29,12
18,36667	29,13
18,38333	29,13
18,40000	29,13
18,41667	29,12
18,43333	29,12
18,45000	29,12
18,46667	29,12
18,48333	29,12
18,50000	29,12
18,51667	29,12
18,53333	29,12
18,55000	29,12
18,56667	29,12
18,58333	29,12
18,60000	29,12
18,61667	29,12
18,63333	29,12
18,65000	29,12
18,66667	29,12
18,68333	29,12
18,70000	29,12
18,71667	29,12
18,73333	29,12
18,75000	29,12
18,76667	29,11
18,78333	29,11
18,80000	29,11
18,81667	29,11
18,83333	29,11
18,85000	29,11
18,86667	29,11
18,88333	29,11
18,90000	29,11
18,91667	29,11
18,93333	29,11
18,95000	29,11
18,96667	29,11
18,98333	29,11
19,00000	29,11
19,01667	29,11
19,03333	29,10
19,05000	29,10
19,06667	29,10
19,08333	29,10
19,10000	29,10
19,11667	29,11
19,13333	29,11
19,15000	29,11
19,16667	29,11
19,18333	29,11
19,20000	29,11
19,21667	29,11
19,23333	29,11
19,25000	29,11
19,26667	29,11
19,28333	29,11
19,30000	29,11
19,31667	29,11
19,33333	29,11
19,35000	29,11
19,36667	29,11
19,38333	29,11
19,40000	29,11
19,41667	29,11
19,43333	29,12
19,45000	29,12
19,46667	29,12
19,48333	29,12
19,50000	29,12
19,51667	29,12
19,53333	29,12
19,55000	29,12
19,56667	29,12
19,58333	29,12
19,60000	29,12
19,61667	29,12
19,63333	29,12
19,65000	29,11
19,66667	29,11
19,68333	29,11
19,70000	29,11
19,71667	29,11
19,73333	29,11
19,75000	29,11
19,76667	29,11
19,78333	29,11
19,80000	29,11
19,81667	29,11
19,83333	29,12
19,85000	29,12
19,86667	29,12
19,88333	29,12
19,90000	29,12
19,91667	29,12
19,93333	29,12
19,95000	29,12
19,96667	29,12
19,98333	29,12
20,00000	29,12
20,01667	29,12
20,03333	29,12
20,05000	29,11
20,06667	29,11
20,08333	29,11
20,10000	29,11
20,11667	29,10
20,13333	29,10
20,15000	29,10
20,16667	29,10
20,18333	29,10
20,20000	29,10
20,21667	29,10
20,23333	29,11
20,25000	29,11
20,26667	29,11
20,28333	29,11
20,30000	29,11
20,31667	29,11
20,33333	29,11
20,35000	29,10
20,36667	29,10
20,38333	29,10
20,40000	29,09
20,41667	29,09
20,43333	29,09
20,45000	29,08
20,46667	29,08
20,48333	29,08
20,50000	29,08
20,51667	29,08
20,53333	29,08
20,55000	29,08
20,56667	29,08
20,58333	29,09
20,60000	29,09
20,61667	29,09
20,63333	29,09
20,65000	29,09
20,66667	29,09
20,68333	29,08
20,70000	29,08
20,71667	29,08
20,73333	29,08
20,75000	29,08
20,76667	29,08
20,78333	29,09
20,80000	29,09
20,81667	29,09
20,83333	29,08
20,85000	29,08
20,86667	29,08
20,88333	29,08
20,90000	29,09
20,91667	29,09
20,93333	29,09
20,95000	29,10
20,96667	29,10
20,98333	29,10
21,00000	29,10
21,01667	29,10
21,03333	29,11
21,05000	29,11
21,06667	29,11
21,08333	29,11
21,10000	29,11
21,11667	29,11
21,13333	29,11
21,15000	29,11
21,16667	29,12
21,18333	29,12
21,20000	29,12
21,21667	29,12
21,23333	29,12
21,25000	29,12
21,26667	29,12
21,28333	29,12
21,30000	29,12
21,31667	29,12
21,33333	29,12
21,35000	29,12
21,36667	29,12
21,38333	29,12
21,40000	29,12
21,41667	29,12
21,43333	29,12
21,45000	29,12
21,46667	29,12
21,48333	29,12
21,50000	29,12
21,51667	29,11
21,53333	29,11
21,55000	29,11
21,56667	29,10
21,58333	29,10
21,60000	29,10
21,61667	29,10
21,63333	29,10
21,65000	29,10
21,66667	29,09
21,68333	29,09
21,70000	29,09
21,71667	29,09
21,73333	29,09
21,75000	29,09
21,76667	29,09
21,78333	29,09
21,80000	29,09
21,81667	29,09
21,83333	29,08
21,85000	29,08
21,86667	29,08
21,88333	29,08
21,90000	29,08
21,91667	29,08
21,93333	29,08
21,95000	29,08
21,96667	29,08
21,98333	29,08
22,00000	29,08
22,01667	29,08
22,03333	29,08
22,05000	29,08
22,06667	29,07
22,08333	29,07
22,10000	29,07
22,11667	29,07
22,13333	29,07
22,15000	29,06
22,16667	29,06
22,18333	29,06
22,20000	29,06
22,21667	29,06
22,23333	29,06
22,25000	29,06
22,26667	29,07
22,28333	29,07
22,30000	29,07
22,31667	29,08
22,33333	29,08
22,35000	29,08
22,36667	29,08
22,38333	29,08
22,40000	29,08
22,41667	29,08
22,43333	29,09
22,45000	29,09
22,46667	29,09
22,48333	29,09
22,50000	29,09
22,51667	29,09
22,53333	29,09
22,55000	29,09
22,56667	29,09
22,58333	29,09
22,60000	29,09
22,61667	29,09
22,63333	29,09
22,65000	29,09
22,66667	29,08
22,68333	29,08
22,70000	29,08
22,71667	29,09
22,73333	29,09
22,75000	29,09
22,76667	29,09
22,78333	29,09
22,80000	29,10
22,81667	29,10
22,83333	29,10
22,85000	29,09
22,86667	29,09
22,88333	29,09
22,90000	29,09
22,91667	29,09
22,93333	29,09
22,95000	29,09
22,96667	29,09
22,98333	29,09
23,00000	29,09
23,01667	29,09
23,03333	29,10
23,05000	29,10
23,06667	29,10
23,08333	29,10
23,10000	29,10
23,11667	29,09
23,13333	29,09
23,15000	29,09
23,16667	29,09
23,18333	29,08
23,20000	29,08
23,21667	29,08
23,23333	29,08
23,25000	29,08
23,26667	29,08
23,28333	29,08
23,30000	29,08
23,31667	29,09
23,33333	29,09
23,35000	29,09
23,36667	29,09
23,38333	29,10
23,40000	29,10
23,41667	29,10
23,43333	29,10
23,45000	29,09
23,46667	29,09
23,48333	29,09
23,50000	29,09
23,51667	29,09
23,53333	29,09
23,55000	29,09
23,56667	29,09
23,58333	29,09
23,60000	29,09
23,61667	29,10
23,63333	29,10
23,65000	29,10
23,66667	29,10
23,68333	29,10
23,70000	29,10
23,71667	29,10
23,73333	29,10
23,75000	29,10
23,76667	29,10
23,78333	29,10
23,80000	29,10
23,81667	29,11
23,83333	29,11
23,85000	29,11
23,86667	29,11
23,88333	29,11
23,90000	29,11
23,91667	29,11
23,93333	29,12
23,95000	29,12
23,96667	29,12
23,98333	29,12
24,00000	29,12
24,01667	29,12
24,03333	29,12
24,05000	29,12
24,06667	29,12
24,08333	29,13
24,10000	29,13
24,11667	29,13
24,13333	29,13
24,15000	29,13
24,16667	29,13
24,18333	29,14
24,20000	29,14
24,21667	29,14
24,23333	29,14
24,25000	29,14
24,26667	29,14
24,28333	29,14
24,30000	29,14
24,31667	29,14
24,33333	29,14
24,35000	29,14
24,36667	29,14
24,38333	29,14
24,40000	29,14
24,41667	29,14
24,43333	29,14
24,45000	29,14
24,46667	29,14
24,48333	29,14
24,50000	29,14
24,51667	29,13
24,53333	29,13
24,55000	29,13
24,56667	29,13
24,58333	29,13
24,60000	29,13
24,61667	29,13
24,63333	29,13
24,65000	29,13
24,66667	29,13
24,68333	29,13
24,70000	29,13
24,71667	29,13
24,73333	29,13
24,75000	29,13
24,76667	29,13
24,78333	29,13
24,80000	29,13
24,81667	29,13
24,83333	29,13
24,85000	29,13
24,86667	29,13
24,88333	29,13
24,90000	29,13
24,91667	29,13
24,93333	29,12
24,95000	29,12
24,96667	29,12
24,98333	29,12
25,00000	29,12
25,01667	29,11
25,03333	29,11
25,05000	29,11
25,06667	29,12
25,08333	29,12
25,10000	29,12
25,11667	29,12
25,13333	29,12
25,15000	29,12
25,16667	29,12
25,18333	29,12
25,20000	29,12
25,21667	29,11
25,23333	29,11
25,25000	29,11
25,26667	29,11
25,28333	29,11
25,30000	29,10
25,31667	29,10
25,33333	29,10
25,35000	29,10
25,36667	29,10
25,38333	29,10
25,40000	29,10
25,41667	29,10
25,43333	29,10
25,45000	29,10
25,46667	29,11
25,48333	29,11
25,50000	29,11
25,51667	29,11
25,53333	29,12
25,55000	29,12
25,56667	29,12
25,58333	29,12
25,60000	29,12
25,61667	29,12
25,63333	29,12
25,65000	29,12
25,66667	29,12
25,68333	29,12
25,70000	29,13
25,71667	29,13
25,73333	29,13
25,75000	29,13
25,76667	29,13
25,78333	29,13
25,80000	29,13
25,81667	29,13
25,83333	29,13
25,85000	29,13
25,86667	29,13
25,88333	29,13
25,90000	29,13
25,91667	29,14
25,93333	29,14
25,95000	29,14
25,96667	29,15
25,98333	29,15
26,00000	29,15
26,01667	29,16
26,03333	29,16
26,05000	29,16
26,06667	29,17
26,08333	29,18
26,10000	29,18
26,11667	29,18
26,13333	29,18
26,15000	29,18
26,16667	29,19
26,18333	29,19
26,20000	29,19
26,21667	29,19
26,23333	29,19
26,25000	29,19
26,26667	29,18
26,28333	29,17
26,30000	29,17
26,31667	29,17
26,33333	29,17
26,35000	29,17
26,36667	29,17
26,38333	29,17
26,40000	29,17
26,41667	29,17
26,43333	29,17
26,45000	29,17
26,46667	29,17
26,48333	29,16
26,50000	29,16
26,51667	29,16
26,53333	29,16
26,55000	29,16
26,56667	29,16
26,58333	29,16
26,60000	29,15
26,61667	29,15
26,63333	29,15
26,65000	29,15
26,66667	29,15
26,68333	29,15
26,70000	29,15
26,71667	29,15
26,73333	29,15
26,75000	29,15
26,76667	29,15
26,78333	29,14
26,80000	29,14
26,81667	29,14
26,83333	29,14
26,85000	29,14
26,86667	29,13
26,88333	29,13
26,90000	29,13
26,91667	29,12
26,93333	29,12
26,95000	29,12
26,96667	29,12
26,98333	29,12
27,00000	29,12
27,01667	29,12
27,03333	29,12
27,05000	29,11
27,06667	29,11
27,08333	29,11
27,10000	29,11
27,11667	29,10
27,13333	29,10
27,15000	29,10
27,16667	29,09
27,18333	29,09
27,20000	29,09
27,21667	29,09
27,23333	29,09
27,25000	29,09
27,26667	29,09
27,28333	29,09
27,30000	29,09
27,31667	29,09
27,33333	29,09
27,35000	29,09
27,36667	29,09
27,38333	29,09
27,40000	29,09
27,41667	29,09
27,43333	29,09
27,45000	29,09
27,46667	29,09
27,48333	29,09
27,50000	29,09
27,51667	29,08
27,53333	29,08
27,55000	29,08
27,56667	29,08
27,58333	29,08
27,60000	29,08
27,61667	29,07
27,63333	29,07
27,65000	29,08
27,66667	29,08
27,68333	29,08
27,70000	29,08
27,71667	29,08
27,73333	29,08
27,75000	29,08
27,76667	29,08
27,78333	29,08
27,80000	29,08
27,81667	29,08
27,83333	29,08
27,85000	29,08
27,86667	29,07
27,88333	29,07
27,90000	29,07
27,91667	29,07
27,93333	29,07
27,95000	29,07
27,96667	29,07
27,98333	29,07
28,00000	29,07
28,01667	29,07
28,03333	29,07
28,05000	29,07
28,06667	29,07
28,08333	29,07
28,10000	29,07
28,11667	29,07
28,13333	29,08
28,15000	29,07
28,16667	29,07
28,18333	29,07
28,20000	29,07
28,21667	29,07
28,23333	29,08
28,25000	29,08
28,26667	29,08
28,28333	29,08
28,30000	29,08
28,31667	29,08
28,33333	29,08
28,35000	29,08
28,36667	29,08
28,38333	29,08
28,40000	29,08
28,41667	29,08
28,43333	29,08
28,45000	29,08
28,46667	29,09
28,48333	29,09
28,50000	29,09
28,51667	29,09
28,53333	29,09
28,55000	29,09
28,56667	29,10
28,58333	29,10
28,60000	29,10
28,61667	29,10
28,63333	29,10
28,65000	29,10
28,66667	29,11
28,68333	29,11
28,70000	29,11
28,71667	29,11
28,73333	29,11
28,75000	29,12
28,76667	29,12
28,78333	29,12
28,80000	29,12
28,81667	29,12
28,83333	29,12
28,85000	29,12
28,86667	29,12
28,88333	29,12
28,90000	29,12
28,91667	29,12
28,93333	29,12
28,95000	29,12
28,96667	29,12
28,98333	29,13
29,00000	29,13
29,01667	29,13
29,03333	29,13
29,05000	29,13
29,06667	29,14
29,08333	29,14
29,10000	29,14
29,11667	29,14
29,13333	29,13
29,15000	29,13
29,16667	29,13
29,18333	29,14
29,20000	29,14
29,21667	29,14
29,23333	29,14
29,25000	29,14
29,26667	29,14
29,28333	29,13
29,30000	29,13
29,31667	29,13
29,33333	29,13
29,35000	29,13
29,36667	29,13
29,38333	29,13
29,40000	29,13
29,41667	29,13
29,43333	29,14
29,45000	29,14
29,46667	29,15
29,48333	29,15
29,50000	29,15
29,51667	29,15
29,53333	29,15
29,55000	29,15
29,56667	29,15
29,58333	29,15
29,60000	29,15
29,61667	29,15
29,63333	29,16
29,65000	29,16
29,66667	29,16
29,68333	29,16
29,70000	29,17
29,71667	29,17
29,73333	29,17
29,75000	29,17
29,76667	29,17
29,78333	29,17
29,80000	29,17
29,81667	29,16
29,83333	29,16
29,85000	29,16
29,86667	29,16
29,88333	29,16
29,90000	29,16
29,91667	29,16
29,93333	29,16
29,95000	29,16
29,96667	29,17
29,98333	29,17
30,00000	29,17
30,01667	29,17
30,03333	29,18
30,05000	29,18
30,06667	29,18
30,08333	29,18
30,10000	29,18
30,11667	29,18
30,13333	29,18
30,15000	29,18
30,16667	29,18
30,18333	29,18
30,20000	29,18
30,21667	29,18
30,23333	29,18
30,25000	29,18
30,26667	29,18
30,28333	29,18
30,30000	29,18
30,31667	29,18
30,33333	29,18
30,35000	29,18
30,36667	29,18
30,38333	29,18
30,40000	29,18
30,41667	29,18
30,43333	29,17
30,45000	29,17
30,46667	29,17
30,48333	29,16
30,50000	29,16
30,51667	29,16
30,53333	29,17
30,55000	29,17
30,56667	29,17
30,58333	29,17
30,60000	29,17
30,61667	29,18
30,63333	29,18
30,65000	29,18
30,66667	29,19
30,68333	29,18
30,70000	29,18
30,71667	29,18
30,73333	29,18
30,75000	29,18
30,76667	29,18
30,78333	29,18
30,80000	29,18
30,81667	29,18
30,83333	29,18
30,85000	29,18
30,86667	29,18
30,88333	29,18
30,90000	29,18
30,91667	29,19
30,93333	29,19
30,95000	29,19
30,96667	29,19
30,98333	29,19
31,00000	29,19
31,01667	29,19
31,03333	29,19
31,05000	29,19
31,06667	29,18
31,08333	29,18
31,10000	29,18
31,11667	29,18
31,13333	29,18
31,15000	29,18
31,16667	29,18
31,18333	29,18
31,20000	29,18
31,21667	29,18
31,23333	29,18
31,25000	29,18
31,26667	29,18
31,28333	29,18
31,30000	29,18
31,31667	29,17
31,33333	29,17
31,35000	29,17
31,36667	29,17
31,38333	29,17
31,40000	29,17
31,41667	29,17
31,43333	29,16
31,45000	29,16
31,46667	29,16
31,48333	29,16
31,50000	29,16
31,51667	29,17
31,53333	29,17
31,55000	29,17
31,56667	29,17
31,58333	29,17
31,60000	29,17
31,61667	29,17
31,63333	29,17
31,65000	29,17
31,66667	29,17
31,68333	29,17
31,70000	29,17
31,71667	29,18
31,73333	29,18
31,75000	29,18
31,76667	29,18
31,78333	29,18
31,80000	29,18
31,81667	29,19
31,83333	29,19
31,85000	29,19
31,86667	29,19
31,88333	29,20
31,90000	29,20
31,91667	29,20
31,93333	29,20
31,95000	29,20
31,96667	29,20
31,98333	29,20
32,00000	29,20

[LC Status Trace(PDA Cell Temp.)]
Interval(msec)	1000
# of Points	1921
Start Time(min)	0,000
End Time(min)	32,000
Intensity Units	C
Intensity Multiplier	1
R.Time (min)	Intensity
0,00000	50,00
0,01667	50,00
0,03333	50,00
0,05000	50,00
0,06667	50,00
0,08333	50,00
0,10000	50,00
0,11667	50,00
0,13333	50,00
0,15000	50,00
0,16667	49,99
0,18333	49,99
0,20000	49,99
0,21667	49,99
0,23333	49,99
0,25000	49,99
0,26667	49,99
0,28333	49,99
0,30000	49,99
0,31667	49,99
0,33333	49,99
0,35000	49,99
0,36667	49,99
0,38333	49,99
0,40000	49,99
0,41667	49,99
0,43333	49,99
0,45000	49,99
0,46667	49,99
0,48333	49,99
0,50000	49,99
0,51667	49,99
0,53333	49,99
0,55000	49,99
0,56667	49,99
0,58333	49,99
0,60000	49,99
0,61667	49,99
0,63333	49,99
0,65000	49,99
0,66667	49,99
0,68333	49,99
0,70000	49,99
0,71667	49,99
0,73333	49,99
0,75000	49,99
0,76667	49,99
0,78333	49,99
0,80000	49,99
0,81667	49,99
0,83333	49,99
0,85000	49,99
0,86667	50,00
0,88333	50,00
0,90000	50,00
0,91667	50,00
0,93333	50,00
0,95000	50,00
0,96667	50,00
0,98333	50,00
1,00000	50,00
1,01667	50,00
1,03333	50,00
1,05000	50,00
1,06667	50,00
1,08333	50,00
1,10000	50,00
1,11667	50,00
1,13333	50,00
1,15000	50,00
1,16667	50,00
1,18333	50,00
1,20000	49,99
1,21667	49,99
1,23333	49,99
1,25000	49,99
1,26667	49,99
1,28333	49,99
1,30000	49,99
1,31667	49,99
1,33333	49,99
1,35000	49,99
1,36667	49,99
1,38333	49,99
1,40000	49,99
1,41667	49,99
1,43333	49,99
1,45000	49,99
1,46667	49,99
1,48333	49,99
1,50000	49,99
1,51667	49,99
1,53333	49,99
1,55000	49,99
1,56667	49,99
1,58333	49,99
1,60000	49,99
1,61667	49,99
1,63333	49,99
1,65000	49,99
1,66667	49,99
1,68333	49,99
1,70000	49,99
1,71667	49,99
1,73333	49,99
1,75000	50,00
1,76667	50,00
1,78333	50,00
1,80000	50,00
1,81667	50,00
1,83333	50,00
1,85000	50,00
1,86667	50,00
1,88333	50,00
1,90000	50,00
1,91667	50,00
1,93333	50,00
1,95000	50,00
1,96667	50,00
1,98333	50,00
2,00000	50,00
2,01667	50,00
2,03333	50,00
2,05000	50,00
2,06667	50,00
2,08333	50,00
2,10000	50,00
2,11667	50,00
2,13333	50,00
2,15000	50,00
2,16667	50,00
2,18333	50,00
2,20000	50,00
2,21667	50,00
2,23333	50,00
2,25000	50,00
2,26667	50,00
2,28333	50,00
2,30000	49,99
2,31667	49,99
2,33333	49,99
2,35000	49,99
2,36667	49,99
2,38333	49,99
2,40000	49,99
2,41667	49,99
2,43333	49,99
2,45000	49,99
2,46667	49,99
2,48333	49,99
2,50000	49,99
2,51667	49,99
2,53333	49,99
2,55000	49,99
2,56667	49,99
2,58333	49,99
2,60000	49,99
2,61667	49,99
2,63333	49,99
2,65000	49,99
2,66667	49,99
2,68333	49,99
2,70000	49,99
2,71667	49,99
2,73333	49,99
2,75000	49,99
2,76667	49,99
2,78333	49,99
2,80000	50,00
2,81667	50,00
2,83333	50,00
2,85000	50,00
2,86667	50,00
2,88333	50,00
2,90000	50,00
2,91667	50,00
2,93333	50,00
2,95000	50,00
2,96667	50,00
2,98333	49,99
3,00000	49,99
3,01667	49,99
3,03333	49,99
3,05000	49,99
3,06667	49,99
3,08333	49,99
3,10000	49,99
3,11667	49,99
3,13333	49,99
3,15000	49,99
3,16667	49,99
3,18333	50,00
3,20000	50,00
3,21667	50,00
3,23333	50,00
3,25000	50,00
3,26667	50,00
3,28333	50,00
3,30000	50,00
3,31667	50,00
3,33333	50,00
3,35000	50,00
3,36667	50,00
3,38333	50,00
3,40000	50,00
3,41667	50,00
3,43333	50,00
3,45000	50,00
3,46667	50,00
3,48333	50,00
3,50000	50,00
3,51667	50,00
3,53333	50,00
3,55000	50,00
3,56667	50,00
3,58333	50,00
3,60000	50,00
3,61667	50,00
3,63333	50,00
3,65000	50,00
3,66667	50,00
3,68333	50,00
3,70000	50,00
3,71667	50,00
3,73333	50,00
3,75000	50,00
3,76667	50,00
3,78333	50,00
3,80000	50,00
3,81667	50,00
3,83333	50,00
3,85000	50,00
3,86667	50,00
3,88333	50,00
3,90000	50,00
3,91667	50,00
3,93333	50,00
3,95000	50,00
3,96667	50,00
3,98333	50,00
4,00000	50,00
4,01667	50,00
4,03333	50,00
4,05000	50,00
4,06667	50,00
4,08333	50,00
4,10000	50,00
4,11667	50,00
4,13333	50,00
4,15000	50,00
4,16667	50,00
4,18333	50,00
4,20000	50,00
4,21667	50,00
4,23333	50,00
4,25000	50,00
4,26667	50,00
4,28333	50,00
4,30000	50,00
4,31667	50,00
4,33333	50,00
4,35000	50,00
4,36667	50,00
4,38333	50,00
4,40000	50,00
4,41667	50,00
4,43333	50,00
4,45000	50,00
4,46667	50,00
4,48333	50,00
4,50000	50,00
4,51667	50,00
4,53333	50,00
4,55000	50,00
4,56667	50,00
4,58333	50,00
4,60000	50,00
4,61667	50,00
4,63333	50,00
4,65000	50,00
4,66667	50,00
4,68333	50,00
4,70000	50,00
4,71667	50,00
4,73333	49,99
4,75000	49,99
4,76667	49,99
4,78333	49,99
4,80000	49,99
4,81667	49,99
4,83333	49,99
4,85000	49,99
4,86667	49,99
4,88333	49,99
4,90000	49,99
4,91667	49,99
4,93333	49,99
4,95000	49,99
4,96667	49,99
4,98333	49,99
5,00000	49,99
5,01667	49,99
5,03333	49,99
5,05000	49,99
5,06667	49,99
5,08333	49,99
5,10000	49,99
5,11667	49,99
5,13333	49,99
5,15000	49,99
5,16667	49,99
5,18333	49,99
5,20000	49,99
5,21667	49,99
5,23333	49,99
5,25000	49,99
5,26667	49,99
5,28333	49,99
5,30000	49,99
5,31667	49,99
5,33333	49,99
5,35000	49,99
5,36667	49,99
5,38333	49,99
5,40000	50,00
5,41667	50,00
5,43333	50,00
5,45000	50,00
5,46667	50,00
5,48333	50,00
5,50000	50,00
5,51667	50,00
5,53333	50,00
5,55000	50,00
5,56667	50,00
5,58333	50,00
5,60000	50,00
5,61667	50,00
5,63333	50,00
5,65000	50,00
5,66667	50,00
5,68333	50,00
5,70000	50,00
5,71667	50,00
5,73333	50,00
5,75000	50,00
5,76667	50,00
5,78333	50,00
5,80000	50,00
5,81667	50,00
5,83333	50,00
5,85000	50,00
5,86667	50,00
5,88333	50,00
5,90000	50,00
5,91667	50,00
5,93333	50,00
5,95000	50,00
5,96667	50,00
5,98333	50,00
6,00000	50,00
6,01667	50,00
6,03333	50,00
6,05000	50,00
6,06667	50,00
6,08333	50,00
6,10000	50,00
6,11667	50,00
6,13333	50,00
6,15000	50,00
6,16667	50,00
6,18333	50,00
6,20000	50,00
6,21667	50,00
6,23333	50,00
6,25000	50,00
6,26667	50,00
6,28333	50,00
6,30000	50,00
6,31667	50,00
6,33333	50,00
6,35000	50,00
6,36667	50,00
6,38333	50,00
6,40000	50,00
6,41667	50,00
6,43333	50,00
6,45000	50,00
6,46667	50,00
6,48333	50,00
6,50000	50,00
6,51667	50,00
6,53333	50,00
6,55000	50,00
6,56667	50,00
6,58333	50,00
6,60000	50,00
6,61667	50,00
6,63333	50,00
6,65000	50,00
6,66667	50,00
6,68333	50,00
6,70000	50,00
6,71667	50,00
6,73333	50,00
6,75000	50,00
6,76667	50,00
6,78333	50,00
6,80000	50,00
6,81667	50,00
6,83333	50,00
6,85000	50,00
6,86667	50,00
6,88333	50,00
6,90000	50,00
6,91667	50,00
6,93333	50,00
6,95000	50,00
6,96667	50,00
6,98333	49,99
7,00000	49,99
7,01667	49,99
7,03333	49,99
7,05000	49,99
7,06667	49,99
7,08333	49,99
7,10000	50,00
7,11667	50,00
7,13333	50,00
7,15000	50,00
7,16667	50,00
7,18333	50,00
7,20000	50,00
7,21667	50,00
7,23333	50,00
7,25000	50,00
7,26667	50,00
7,28333	50,00
7,30000	50,00
7,31667	50,00
7,33333	50,00
7,35000	50,00
7,36667	50,00
7,38333	50,00
7,40000	50,00
7,41667	50,00
7,43333	50,00
7,45000	50,00
7,46667	50,00
7,48333	50,00
7,50000	50,00
7,51667	50,00
7,53333	50,00
7,55000	50,00
7,56667	50,00
7,58333	50,00
7,60000	50,00
7,61667	50,00
7,63333	50,00
7,65000	50,00
7,66667	50,00
7,68333	50,00
7,70000	50,00
7,71667	50,00
7,73333	50,00
7,75000	50,00
7,76667	50,00
7,78333	50,00
7,80000	50,00
7,81667	50,00
7,83333	50,00
7,85000	50,00
7,86667	50,00
7,88333	49,99
7,90000	49,99
7,91667	49,99
7,93333	49,99
7,95000	49,99
7,96667	49,99
7,98333	49,99
8,00000	49,99
8,01667	49,99
8,03333	49,99
8,05000	49,99
8,06667	49,99
8,08333	50,00
8,10000	50,00
8,11667	50,00
8,13333	50,00
8,15000	50,00
8,16667	50,00
8,18333	50,00
8,20000	50,00
8,21667	50,00
8,23333	50,00
8,25000	50,00
8,26667	50,00
8,28333	50,00
8,30000	50,00
8,31667	50,00
8,33333	50,00
8,35000	50,00
8,36667	50,00
8,38333	50,00
8,40000	50,00
8,41667	50,00
8,43333	50,00
8,45000	50,00
8,46667	50,00
8,48333	50,00
8,50000	50,00
8,51667	50,00
8,53333	50,00
8,55000	50,00
8,56667	50,00
8,58333	50,00
8,60000	49,99
8,61667	49,99
8,63333	49,99
8,65000	49,99
8,66667	49,99
8,68333	49,99
8,70000	49,99
8,71667	49,99
8,73333	49,99
8,75000	49,99
8,76667	49,99
8,78333	49,99
8,80000	49,99
8,81667	49,99
8,83333	49,99
8,85000	49,99
8,86667	49,99
8,88333	49,99
8,90000	49,99
8,91667	49,99
8,93333	49,99
8,95000	49,99
8,96667	49,99
8,98333	49,99
9,00000	49,99
9,01667	49,99
9,03333	49,99
9,05000	49,99
9,06667	49,99
9,08333	49,99
9,10000	50,00
9,11667	50,00
9,13333	50,00
9,15000	50,00
9,16667	50,00
9,18333	50,00
9,20000	50,00
9,21667	50,00
9,23333	50,00
9,25000	50,00
9,26667	50,00
9,28333	50,00
9,30000	50,00
9,31667	50,00
9,33333	50,00
9,35000	50,00
9,36667	50,00
9,38333	50,00
9,40000	50,00
9,41667	50,00
9,43333	50,00
9,45000	50,00
9,46667	50,00
9,48333	50,00
9,50000	50,00
9,51667	50,00
9,53333	50,00
9,55000	50,00
9,56667	50,00
9,58333	50,00
9,60000	50,00
9,61667	50,00
9,63333	50,00
9,65000	50,00
9,66667	50,00
9,68333	50,00
9,70000	50,00
9,71667	50,00
9,73333	50,00
9,75000	50,00
9,76667	50,00
9,78333	50,00
9,80000	50,00
9,81667	50,00
9,83333	50,00
9,85000	50,00
9,86667	50,00
9,88333	50,00
9,90000	50,00
9,91667	50,00
9,93333	50,00
9,95000	50,00
9,96667	50,00
9,98333	50,00
10,00000	50,00
10,01667	50,00
10,03333	50,00
10,05000	50,00
10,06667	50,00
10,08333	50,00
10,10000	50,00
10,11667	50,00
10,13333	50,00
10,15000	50,00
10,16667	50,00
10,18333	50,00
10,20000	50,00
10,21667	50,00
10,23333	50,00
10,25000	50,00
10,26667	50,00
10,28333	50,00
10,30000	50,00
10,31667	49,99
10,33333	49,99
10,35000	49,99
10,36667	49,99
10,38333	49,99
10,40000	49,99
10,41667	49,99
10,43333	49,99
10,45000	49,99
10,46667	49,99
10,48333	49,99
10,50000	49,99
10,51667	49,99
10,53333	49,99
10,55000	49,99
10,56667	49,99
10,58333	49,99
10,60000	49,99
10,61667	49,99
10,63333	49,99
10,65000	49,99
10,66667	49,99
10,68333	49,99
10,70000	50,00
10,71667	50,00
10,73333	50,00
10,75000	50,00
10,76667	50,00
10,78333	50,00
10,80000	50,00
10,81667	50,00
10,83333	50,00
10,85000	50,00
10,86667	50,00
10,88333	50,00
10,90000	50,00
10,91667	50,00
10,93333	50,00
10,95000	50,00
10,96667	50,00
10,98333	50,00
11,00000	50,00
11,01667	50,00
11,03333	50,00
11,05000	50,00
11,06667	50,00
11,08333	50,00
11,10000	50,00
11,11667	50,00
11,13333	50,00
11,15000	50,00
11,16667	50,00
11,18333	50,00
11,20000	50,00
11,21667	50,00
11,23333	50,00
11,25000	50,00
11,26667	50,00
11,28333	50,00
11,30000	50,00
11,31667	50,00
11,33333	50,00
11,35000	50,00
11,36667	50,00
11,38333	50,00
11,40000	50,00
11,41667	50,00
11,43333	50,00
11,45000	50,00
11,46667	50,00
11,48333	50,00
11,50000	50,00
11,51667	50,00
11,53333	50,00
11,55000	50,00
11,56667	50,00
11,58333	50,00
11,60000	50,00
11,61667	50,00
11,63333	50,00
11,65000	50,00
11,66667	50,00
11,68333	50,00
11,70000	50,00
11,71667	50,00
11,73333	50,00
11,75000	50,00
11,76667	50,00
11,78333	50,00
11,80000	50,00
11,81667	50,00
11,83333	50,00
11,85000	50,00
11,86667	50,00
11,88333	50,00
11,90000	50,00
11,91667	50,00
11,93333	50,00
11,95000	50,00
11,96667	49,99
11,98333	49,99
12,00000	49,99
12,01667	49,99
12,03333	49,99
12,05000	49,99
12,06667	49,99
12,08333	49,99
12,10000	49,99
12,11667	49,99
12,13333	49,99
12,15000	49,99
12,16667	49,99
12,18333	50,00
12,20000	50,00
12,21667	50,00
12,23333	50,00
12,25000	50,00
12,26667	50,00
12,28333	50,00
12,30000	50,00
12,31667	50,00
12,33333	50,00
12,35000	50,00
12,36667	50,00
12,38333	50,00
12,40000	50,00
12,41667	50,00
12,43333	50,00
12,45000	50,00
12,46667	50,00
12,48333	50,00
12,50000	50,00
12,51667	50,00
12,53333	50,00
12,55000	50,00
12,56667	50,00
12,58333	50,00
12,60000	50,00
12,61667	50,00
12,63333	50,00
12,65000	50,00
12,66667	50,00
12,68333	50,00
12,70000	50,00
12,71667	50,00
12,73333	50,00
12,75000	50,00
12,76667	50,00
12,78333	50,00
12,80000	50,00
12,81667	50,00
12,83333	50,00
12,85000	50,00
12,86667	50,00
12,88333	50,00
12,90000	50,00
12,91667	50,00
12,93333	50,00
12,95000	50,00
12,96667	50,00
12,98333	50,00
13,00000	50,00
13,01667	50,00
13,03333	50,00
13,05000	50,00
13,06667	50,00
13,08333	50,00
13,10000	50,00
13,11667	49,99
13,13333	49,99
13,15000	49,99
13,16667	49,99
13,18333	49,99
13,20000	49,99
13,21667	49,99
13,23333	49,99
13,25000	49,99
13,26667	49,99
13,28333	49,99
13,30000	49,99
13,31667	49,99
13,33333	49,99
13,35000	49,99
13,36667	49,99
13,38333	49,99
13,40000	49,99
13,41667	49,99
13,43333	49,99
13,45000	49,99
13,46667	49,99
13,48333	49,99
13,50000	49,99
13,51667	49,99
13,53333	49,99
13,55000	49,99
13,56667	49,99
13,58333	49,99
13,60000	49,99
13,61667	49,99
13,63333	49,99
13,65000	49,99
13,66667	50,00
13,68333	50,00
13,70000	50,00
13,71667	50,00
13,73333	50,00
13,75000	50,00
13,76667	50,00
13,78333	50,00
13,80000	50,00
13,81667	50,00
13,83333	50,00
13,85000	50,00
13,86667	50,00
13,88333	50,00
13,90000	50,00
13,91667	50,00
13,93333	50,00
13,95000	50,00
13,96667	50,00
13,98333	50,00
14,00000	50,00
14,01667	50,00
14,03333	50,00
14,05000	49,99
14,06667	49,99
14,08333	49,99
14,10000	49,99
14,11667	49,99
14,13333	49,99
14,15000	49,99
14,16667	49,99
14,18333	49,99
14,20000	49,99
14,21667	49,99
14,23333	49,99
14,25000	49,99
14,26667	49,99
14,28333	49,99
14,30000	50,00
14,31667	50,00
14,33333	50,00
14,35000	50,00
14,36667	50,00
14,38333	50,00
14,40000	50,00
14,41667	50,00
14,43333	50,00
14,45000	50,00
14,46667	50,00
14,48333	50,00
14,50000	50,00
14,51667	50,00
14,53333	50,00
14,55000	50,00
14,56667	50,00
14,58333	50,00
14,60000	50,00
14,61667	50,00
14,63333	50,00
14,65000	50,00
14,66667	50,00
14,68333	50,00
14,70000	50,00
14,71667	50,00
14,73333	50,00
14,75000	50,00
14,76667	50,00
14,78333	50,00
14,80000	50,00
14,81667	50,00
14,83333	50,00
14,85000	50,00
14,86667	49,99
14,88333	49,99
14,90000	49,99
14,91667	49,99
14,93333	49,99
14,95000	49,99
14,96667	49,99
14,98333	49,99
15,00000	49,99
15,01667	49,99
15,03333	49,99
15,05000	50,00
15,06667	50,00
15,08333	50,00
15,10000	50,00
15,11667	50,00
15,13333	50,00
15,15000	50,00
15,16667	50,00
15,18333	50,00
15,20000	50,00
15,21667	50,00
15,23333	50,00
15,25000	50,00
15,26667	50,00
15,28333	50,00
15,30000	50,00
15,31667	50,00
15,33333	50,00
15,35000	50,00
15,36667	50,00
15,38333	50,00
15,40000	50,00
15,41667	50,00
15,43333	50,00
15,45000	50,00
15,46667	50,00
15,48333	50,00
15,50000	49,99
15,51667	49,99
15,53333	49,99
15,55000	49,99
15,56667	49,99
15,58333	49,99
15,60000	49,99
15,61667	49,99
15,63333	49,99
15,65000	49,99
15,66667	49,99
15,68333	49,99
15,70000	49,99
15,71667	49,99
15,73333	49,99
15,75000	49,99
15,76667	49,99
15,78333	49,99
15,80000	49,99
15,81667	49,99
15,83333	49,99
15,85000	49,99
15,86667	50,00
15,88333	50,00
15,90000	50,00
15,91667	50,00
15,93333	50,00
15,95000	50,00
15,96667	50,00
15,98333	50,00
16,00000	50,00
16,01667	50,00
16,03333	50,00
16,05000	50,00
16,06667	50,00
16,08333	50,00
16,10000	50,00
16,11667	50,00
16,13333	50,00
16,15000	50,00
16,16667	50,00
16,18333	50,00
16,20000	50,00
16,21667	50,00
16,23333	50,00
16,25000	50,00
16,26667	50,00
16,28333	50,00
16,30000	50,00
16,31667	50,00
16,33333	50,00
16,35000	50,00
16,36667	50,00
16,38333	50,00
16,40000	50,00
16,41667	50,00
16,43333	50,00
16,45000	50,00
16,46667	50,00
16,48333	50,00
16,50000	50,00
16,51667	50,00
16,53333	50,00
16,55000	50,00
16,56667	50,00
16,58333	50,00
16,60000	50,00
16,61667	50,00
16,63333	50,00
16,65000	50,00
16,66667	50,00
16,68333	50,00
16,70000	50,00
16,71667	50,00
16,73333	50,00
16,75000	50,00
16,76667	50,00
16,78333	50,00
16,80000	50,00
16,81667	50,00
16,83333	50,00
16,85000	50,00
16,86667	50,00
16,88333	50,00
16,90000	50,00
16,91667	50,00
16,93333	50,00
16,95000	50,00
16,96667	50,00
16,98333	50,00
17,00000	50,00
17,01667	50,00
17,03333	50,00
17,05000	50,00
17,06667	50,00
17,08333	50,00
17,10000	50,00
17,11667	50,00
17,13333	50,00
17,15000	50,00
17,16667	50,00
17,18333	50,00
17,20000	50,00
17,21667	50,00
17,23333	50,00
17,25000	50,00
17,26667	50,00
17,28333	50,00
17,30000	50,00
17,31667	50,00
17,33333	50,00
17,35000	50,00
17,36667	50,00
17,38333	50,00
17,40000	50,00
17,41667	50,00
17,43333	50,00
17,45000	50,00
17,46667	50,00
17,48333	50,00
17,50000	50,00
17,51667	50,00
17,53333	50,00
17,55000	50,00
17,56667	50,00
17,58333	50,00
17,60000	50,00
17,61667	50,00
17,63333	50,00
17,65000	50,00
17,66667	50,00
17,68333	50,00
17,70000	50,00
17,71667	50,00
17,73333	50,00
17,75000	50,00
17,76667	50,00
17,78333	50,00
17,80000	50,00
17,81667	50,00
17,83333	50,00
17,85000	50,00
17,86667	50,00
17,88333	50,00
17,90000	50,00
17,91667	50,00
17,93333	50,00
17,95000	50,00
17,96667	50,00
17,98333	50,00
18,00000	50,00
18,01667	49,99
18,03333	49,99
18,05000	49,99
18,06667	49,99
18,08333	49,99
18,10000	49,99
18,11667	49,99
18,13333	49,99
18,15000	49,99
18,16667	49,99
18,18333	49,99
18,20000	49,99
18,21667	49,99
18,23333	49,99
18,25000	49,99
18,26667	49,99
18,28333	49,99
18,30000	49,99
18,31667	49,99
18,33333	49,99
18,35000	49,99
18,36667	49,99
18,38333	49,99
18,40000	49,99
18,41667	49,99
18,43333	49,99
18,45000	50,00
18,46667	50,00
18,48333	50,00
18,50000	50,00
18,51667	50,00
18,53333	50,00
18,55000	50,00
18,56667	50,00
18,58333	50,00
18,60000	50,00
18,61667	50,00
18,63333	50,00
18,65000	50,00
18,66667	50,00
18,68333	50,00
18,70000	50,00
18,71667	50,00
18,73333	50,00
18,75000	50,00
18,76667	50,00
18,78333	50,00
18,80000	50,00
18,81667	50,00
18,83333	50,00
18,85000	50,00
18,86667	50,00
18,88333	50,00
18,90000	50,00
18,91667	50,00
18,93333	50,00
18,95000	50,00
18,96667	50,00
18,98333	50,00
19,00000	50,00
19,01667	50,00
19,03333	50,00
19,05000	50,00
19,06667	50,00
19,08333	49,99
19,10000	50,00
19,11667	50,00
19,13333	50,00
19,15000	50,00
19,16667	50,00
19,18333	50,00
19,20000	50,00
19,21667	50,00
19,23333	50,00
19,25000	50,00
19,26667	50,00
19,28333	50,00
19,30000	50,00
19,31667	50,00
19,33333	50,00
19,35000	50,00
19,36667	50,00
19,38333	50,00
19,40000	50,00
19,41667	50,00
19,43333	50,00
19,45000	50,00
19,46667	50,00
19,48333	50,00
19,50000	50,00
19,51667	50,00
19,53333	50,00
19,55000	50,00
19,56667	50,00
19,58333	50,00
19,60000	50,00
19,61667	50,00
19,63333	50,00
19,65000	50,00
19,66667	50,00
19,68333	50,00
19,70000	50,00
19,71667	50,00
19,73333	50,00
19,75000	50,00
19,76667	50,00
19,78333	49,99
19,80000	49,99
19,81667	49,99
19,83333	49,99
19,85000	49,99
19,86667	49,99
19,88333	49,99
19,90000	49,99
19,91667	49,99
19,93333	49,99
19,95000	49,99
19,96667	49,99
19,98333	49,99
20,00000	49,99
20,01667	49,99
20,03333	49,99
20,05000	49,99
20,06667	49,99
20,08333	49,99
20,10000	49,99
20,11667	49,99
20,13333	49,99
20,15000	49,99
20,16667	49,99
20,18333	49,99
20,20000	49,99
20,21667	49,99
20,23333	49,99
20,25000	49,99
20,26667	49,99
20,28333	49,99
20,30000	49,99
20,31667	49,99
20,33333	49,99
20,35000	49,99
20,36667	50,00
20,38333	50,00
20,40000	50,00
20,41667	50,00
20,43333	50,00
20,45000	50,00
20,46667	50,00
20,48333	50,00
20,50000	50,00
20,51667	50,00
20,53333	50,00
20,55000	50,00
20,56667	50,00
20,58333	50,00
20,60000	50,00
20,61667	50,00
20,63333	50,00
20,65000	50,00
20,66667	50,00
20,68333	50,00
20,70000	50,00
20,71667	50,00
20,73333	50,00
20,75000	50,00
20,76667	50,00
20,78333	50,00
20,80000	50,00
20,81667	50,00
20,83333	50,00
20,85000	50,00
20,86667	50,00
20,88333	50,00
20,90000	50,00
20,91667	50,00
20,93333	50,00
20,95000	50,00
20,96667	50,00
20,98333	50,00
21,00000	50,00
21,01667	50,00
21,03333	50,00
21,05000	50,00
21,06667	50,00
21,08333	50,00
21,10000	50,00
21,11667	50,00
21,13333	50,00
21,15000	49,99
21,16667	49,99
21,18333	49,99
21,20000	49,99
21,21667	49,99
21,23333	49,99
21,25000	49,99
21,26667	50,00
21,28333	49,99
21,30000	50,00
21,31667	50,00
21,33333	50,00
21,35000	50,00
21,36667	50,00
21,38333	50,00
21,40000	50,00
21,41667	50,00
21,43333	50,00
21,45000	50,00
21,46667	50,00
21,48333	50,00
21,50000	50,00
21,51667	50,00
21,53333	50,00
21,55000	50,00
21,56667	50,00
21,58333	50,00
21,60000	50,00
21,61667	50,00
21,63333	50,00
21,65000	50,00
21,66667	50,00
21,68333	50,00
21,70000	50,00
21,71667	50,00
21,73333	50,00
21,75000	50,00
21,76667	50,00
21,78333	50,00
21,80000	50,00
21,81667	50,00
21,83333	50,00
21,85000	50,00
21,86667	50,00
21,88333	50,00
21,90000	50,00
21,91667	50,00
21,93333	50,00
21,95000	50,00
21,96667	50,00
21,98333	49,99
22,00000	49,99
22,01667	49,99
22,03333	49,99
22,05000	49,99
22,06667	49,99
22,08333	49,99
22,10000	49,99
22,11667	49,99
22,13333	49,99
22,15000	49,99
22,16667	49,99
22,18333	49,99
22,20000	49,99
22,21667	49,99
22,23333	49,99
22,25000	49,99
22,26667	49,99
22,28333	49,99
22,30000	49,99
22,31667	49,99
22,33333	49,99
22,35000	49,99
22,36667	49,99
22,38333	49,99
22,40000	49,99
22,41667	49,99
22,43333	50,00
22,45000	50,00
22,46667	50,00
22,48333	50,00
22,50000	50,00
22,51667	50,00
22,53333	50,00
22,55000	50,00
22,56667	50,00
22,58333	50,00
22,60000	50,00
22,61667	50,00
22,63333	50,00
22,65000	50,00
22,66667	50,00
22,68333	50,00
22,70000	50,00
22,71667	50,00
22,73333	50,00
22,75000	50,00
22,76667	50,00
22,78333	50,00
22,80000	50,00
22,81667	50,00
22,83333	50,00
22,85000	50,00
22,86667	50,00
22,88333	50,00
22,90000	50,00
22,91667	50,00
22,93333	50,00
22,95000	50,00
22,96667	50,00
22,98333	50,00
23,00000	50,00
23,01667	50,00
23,03333	50,00
23,05000	50,00
23,06667	50,00
23,08333	50,00
23,10000	49,99
23,11667	49,99
23,13333	49,99
23,15000	49,99
23,16667	49,99
23,18333	49,99
23,20000	49,99
23,21667	49,99
23,23333	49,99
23,25000	49,99
23,26667	49,99
23,28333	49,99
23,30000	49,99
23,31667	49,99
23,33333	49,99
23,35000	49,99
23,36667	49,99
23,38333	49,99
23,40000	49,99
23,41667	49,99
23,43333	49,99
23,45000	49,99
23,46667	49,99
23,48333	49,99
23,50000	49,99
23,51667	49,99
23,53333	49,99
23,55000	49,99
23,56667	49,99
23,58333	49,99
23,60000	49,99
23,61667	49,99
23,63333	49,99
23,65000	49,99
23,66667	49,99
23,68333	49,99
23,70000	49,99
23,71667	49,99
23,73333	49,99
23,75000	49,99
23,76667	49,99
23,78333	49,99
23,80000	49,99
23,81667	49,99
23,83333	50,00
23,85000	50,00
23,86667	50,00
23,88333	50,00
23,90000	50,00
23,91667	50,00
23,93333	50,00
23,95000	50,00
23,96667	50,00
23,98333	50,00
24,00000	50,00
24,01667	50,00
24,03333	50,00
24,05000	50,00
24,06667	50,00
24,08333	50,00
24,10000	50,00
24,11667	50,00
24,13333	50,00
24,15000	50,00
24,16667	50,00
24,18333	50,00
24,20000	50,00
24,21667	50,00
24,23333	50,00
24,25000	50,00
24,26667	50,00
24,28333	50,00
24,30000	50,00
24,31667	50,00
24,33333	50,00
24,35000	50,00
24,36667	50,00
24,38333	50,00
24,40000	50,00
24,41667	50,00
24,43333	50,00
24,45000	50,00
24,46667	50,00
24,48333	50,00
24,50000	50,00
24,51667	50,00
24,53333	50,00
24,55000	50,00
24,56667	50,00
24,58333	50,00
24,60000	50,00
24,61667	50,00
24,63333	50,00
24,65000	50,00
24,66667	50,00
24,68333	50,00
24,70000	50,00
24,71667	50,00
24,73333	50,00
24,75000	50,00
24,76667	50,00
24,78333	50,00
24,80000	50,00
24,81667	50,00
24,83333	50,00
24,85000	50,00
24,86667	50,00
24,88333	50,00
24,90000	50,00
24,91667	50,00
24,93333	50,00
24,95000	50,00
24,96667	50,00
24,98333	50,00
25,00000	50,00
25,01667	50,00
25,03333	50,00
25,05000	50,00
25,06667	50,00
25,08333	50,00
25,10000	50,00
25,11667	50,00
25,13333	50,00
25,15000	50,00
25,16667	50,00
25,18333	50,00
25,20000	50,00
25,21667	50,00
25,23333	50,00
25,25000	50,00
25,26667	50,00
25,28333	50,00
25,30000	50,00
25,31667	50,00
25,33333	50,00
25,35000	50,00
25,36667	50,00
25,38333	50,00
25,40000	50,00
25,41667	50,00
25,43333	50,00
25,45000	50,00
25,46667	50,00
25,48333	50,00
25,50000	50,00
25,51667	50,00
25,53333	50,00
25,55000	50,00
25,56667	50,00
25,58333	50,00
25,60000	50,00
25,61667	50,00
25,63333	50,00
25,65000	50,00
25,66667	50,00
25,68333	50,00
25,70000	50,00
25,71667	50,00
25,73333	50,00
25,75000	50,00
25,76667	50,00
25,78333	50,00
25,80000	50,00
25,81667	50,00
25,83333	50,00
25,85000	50,00
25,86667	50,00
25,88333	50,00
25,90000	50,00
25,91667	50,00
25,93333	50,00
25,95000	50,00
25,96667	50,00
25,98333	50,00
26,00000	50,00
26,01667	50,00
26,03333	50,00
26,05000	50,00
26,06667	50,00
26,08333	50,00
26,10000	50,00
26,11667	50,00
26,13333	50,00
26,15000	50,00
26,16667	50,00
26,18333	50,00
26,20000	50,00
26,21667	50,00
26,23333	50,00
26,25000	50,00
26,26667	50,00
26,28333	50,00
26,30000	50,00
26,31667	50,00
26,33333	50,00
26,35000	50,00
26,36667	50,00
26,38333	50,00
26,40000	50,00
26,41667	50,00
26,43333	50,00
26,45000	50,00
26,46667	50,00
26,48333	50,00
26,50000	50,00
26,51667	50,00
26,53333	50,00
26,55000	50,00
26,56667	50,00
26,58333	50,00
26,60000	50,00
26,61667	50,00
26,63333	50,00
26,65000	50,00
26,66667	50,00
26,68333	50,00
26,70000	50,00
26,71667	50,00
26,73333	50,00
26,75000	50,00
26,76667	50,00
26,78333	50,00
26,80000	50,00
26,81667	50,00
26,83333	50,00
26,85000	50,00
26,86667	50,00
26,88333	50,00
26,90000	50,00
26,91667	50,00
26,93333	50,00
26,95000	50,00
26,96667	50,00
26,98333	50,00
27,00000	50,00
27,01667	50,00
27,03333	50,00
27,05000	50,00
27,06667	50,00
27,08333	50,00
27,10000	50,00
27,11667	50,00
27,13333	50,00
27,15000	50,00
27,16667	50,00
27,18333	50,00
27,20000	50,00
27,21667	50,00
27,23333	50,00
27,25000	50,00
27,26667	50,00
27,28333	50,00
27,30000	50,00
27,31667	50,00
27,33333	50,00
27,35000	50,00
27,36667	50,00
27,38333	50,00
27,40000	50,00
27,41667	50,00
27,43333	50,00
27,45000	50,00
27,46667	50,00
27,48333	50,00
27,50000	50,00
27,51667	50,00
27,53333	50,00
27,55000	50,00
27,56667	50,00
27,58333	50,00
27,60000	50,00
27,61667	50,00
27,63333	50,00
27,65000	50,00
27,66667	50,00
27,68333	50,00
27,70000	50,00
27,71667	50,00
27,73333	50,00
27,75000	50,00
27,76667	50,00
27,78333	50,00
27,80000	50,00
27,81667	50,00
27,83333	50,00
27,85000	50,00
27,86667	50,00
27,88333	50,00
27,90000	50,00
27,91667	50,00
27,93333	50,00
27,95000	50,00
27,96667	50,00
27,98333	49,99
28,00000	49,99
28,01667	49,99
28,03333	49,99
28,05000	49,99
28,06667	49,99
28,08333	49,99
28,10000	49,99
28,11667	49,99
28,13333	49,99
28,15000	49,99
28,16667	49,99
28,18333	49,99
28,20000	49,99
28,21667	49,99
28,23333	49,99
28,25000	49,99
28,26667	49,99
28,28333	49,99
28,30000	49,99
28,31667	49,99
28,33333	49,99
28,35000	49,99
28,36667	49,99
28,38333	49,99
28,40000	49,99
28,41667	49,99
28,43333	49,99
28,45000	49,99
28,46667	49,99
28,48333	49,99
28,50000	49,99
28,51667	49,99
28,53333	49,99
28,55000	49,99
28,56667	49,99
28,58333	49,99
28,60000	49,99
28,61667	49,99
28,63333	49,99
28,65000	50,00
28,66667	50,00
28,68333	50,00
28,70000	50,00
28,71667	50,00
28,73333	50,00
28,75000	50,00
28,76667	50,00
28,78333	50,00
28,80000	50,00
28,81667	50,00
28,83333	50,00
28,85000	50,00
28,86667	50,00
28,88333	50,00
28,90000	50,00
28,91667	50,00
28,93333	50,00
28,95000	50,00
28,96667	50,00
28,98333	50,00
29,00000	50,00
29,01667	50,00
29,03333	50,00
29,05000	50,00
29,06667	50,00
29,08333	50,00
29,10000	50,00
29,11667	50,00
29,13333	50,00
29,15000	50,00
29,16667	50,00
29,18333	50,00
29,20000	50,00
29,21667	50,00
29,23333	50,00
29,25000	50,00
29,26667	50,00
29,28333	50,00
29,30000	50,00
29,31667	50,00
29,33333	50,00
29,35000	50,00
29,36667	50,00
29,38333	50,00
29,40000	50,00
29,41667	50,00
29,43333	50,00
29,45000	50,00
29,46667	50,00
29,48333	50,00
29,50000	50,00
29,51667	50,00
29,53333	50,00
29,55000	50,00
29,56667	50,00
29,58333	50,00
29,60000	50,00
29,61667	50,00
29,63333	50,00
29,65000	50,00
29,66667	50,00
29,68333	50,00
29,70000	50,00
29,71667	50,00
29,73333	49,99
29,75000	49,99
29,76667	49,99
29,78333	49,99
29,80000	49,99
29,81667	49,99
29,83333	49,99
29,85000	49,99
29,86667	49,99
29,88333	49,99
29,90000	49,99
29,91667	49,99
29,93333	49,99
29,95000	49,99
29,96667	49,99
29,98333	49,99
30,00000	49,99
30,01667	49,99
30,03333	49,99
30,05000	49,99
30,06667	49,99
30,08333	49,99
30,10000	49,99
30,11667	49,99
30,13333	49,99
30,15000	49,99
30,16667	49,99
30,18333	49,99
30,20000	49,99
30,21667	49,99
30,23333	49,99
30,25000	49,99
30,26667	49,99
30,28333	49,99
30,30000	49,99
30,31667	49,99
30,33333	49,99
30,35000	49,99
30,36667	49,99
30,38333	49,99
30,40000	49,99
30,41667	49,99
30,43333	49,99
30,45000	49,99
30,46667	49,99
30,48333	49,99
30,50000	49,99
30,51667	49,99
30,53333	49,99
30,55000	49,99
30,56667	49,99
30,58333	49,99
30,60000	49,99
30,61667	49,99
30,63333	49,99
30,65000	49,99
30,66667	49,99
30,68333	49,99
30,70000	49,99
30,71667	49,99
30,73333	49,99
30,75000	49,99
30,76667	49,99
30,78333	49,99
30,80000	49,99
30,81667	49,99
30,83333	49,99
30,85000	49,99
30,86667	49,99
30,88333	49,99
30,90000	49,99
30,91667	49,99
30,93333	49,99
30,95000	49,99
30,96667	49,99
30,98333	49,99
31,00000	49,99
31,01667	49,99
31,03333	49,99
31,05000	49,99
31,06667	49,99
31,08333	49,99
31,10000	49,99
31,11667	49,99
31,13333	49,99
31,15000	49,99
31,16667	49,99
31,18333	49,99
31,20000	49,99
31,21667	49,99
31,23333	49,99
31,25000	49,99
31,26667	49,99
31,28333	49,99
31,30000	49,99
31,31667	49,99
31,33333	49,99
31,35000	49,99
31,36667	49,99
31,38333	49,99
31,40000	49,99
31,41667	49,99
31,43333	49,99
31,45000	49,99
31,46667	49,99
31,48333	49,99
31,50000	49,99
31,51667	49,99
31,53333	49,99
31,55000	49,99
31,56667	49,99
31,58333	49,99
31,60000	49,99
31,61667	49,99
31,63333	49,99
31,65000	49,99
31,66667	49,99
31,68333	49,99
31,70000	49,99
31,71667	49,99
31,73333	49,99
31,75000	49,99
31,76667	49,99
31,78333	49,99
31,80000	49,99
31,81667	49,99
31,83333	49,99
31,85000	49,99
31,86667	49,99
31,88333	49,99
31,90000	49,99
31,91667	49,99
31,93333	49,99
31,95000	49,99
31,96667	49,99
31,98333	49,99
32,00000	49,99

[LC Status Trace(PDA Optical Unit Temp.)]
Interval(msec)	1000
# of Points	1921
Start Time(min)	0,000
End Time(min)	32,000
Intensity Units	C
Intensity Multiplier	1
R.Time (min)	Intensity
0,00000	47,00
0,01667	47,00
0,03333	47,00
0,05000	47,00
0,06667	47,00
0,08333	47,00
0,10000	47,00
0,11667	47,00
0,13333	47,00
0,15000	47,00
0,16667	47,00
0,18333	47,00
0,20000	47,00
0,21667	47,00
0,23333	47,00
0,25000	47,00
0,26667	47,00
0,28333	47,00
0,30000	47,00
0,31667	47,00
0,33333	47,00
0,35000	47,00
0,36667	47,00
0,38333	47,00
0,40000	47,00
0,41667	47,00
0,43333	47,00
0,45000	47,00
0,46667	47,00
0,48333	47,00
0,50000	47,00
0,51667	47,00
0,53333	47,00
0,55000	47,00
0,56667	47,00
0,58333	47,00
0,60000	47,00
0,61667	47,00
0,63333	47,00
0,65000	47,00
0,66667	47,00
0,68333	47,00
0,70000	47,00
0,71667	47,00
0,73333	47,00
0,75000	47,00
0,76667	47,00
0,78333	47,00
0,80000	47,00
0,81667	47,00
0,83333	47,00
0,85000	47,00
0,86667	47,00
0,88333	47,00
0,90000	47,00
0,91667	47,00
0,93333	47,00
0,95000	47,00
0,96667	47,00
0,98333	47,00
1,00000	47,00
1,01667	47,00
1,03333	47,00
1,05000	47,00
1,06667	47,00
1,08333	47,00
1,10000	47,00
1,11667	47,00
1,13333	47,00
1,15000	47,00
1,16667	47,00
1,18333	47,00
1,20000	47,00
1,21667	47,00
1,23333	47,00
1,25000	47,00
1,26667	47,00
1,28333	47,00
1,30000	47,00
1,31667	47,00
1,33333	47,00
1,35000	47,00
1,36667	47,00
1,38333	47,00
1,40000	47,00
1,41667	47,00
1,43333	47,00
1,45000	47,00
1,46667	47,00
1,48333	47,00
1,50000	47,00
1,51667	47,00
1,53333	47,00
1,55000	47,00
1,56667	47,00
1,58333	47,00
1,60000	47,00
1,61667	47,00
1,63333	47,00
1,65000	47,00
1,66667	47,00
1,68333	47,00
1,70000	47,00
1,71667	47,00
1,73333	47,00
1,75000	47,00
1,76667	47,00
1,78333	47,00
1,80000	47,00
1,81667	47,00
1,83333	47,00
1,85000	47,00
1,86667	47,00
1,88333	47,00
1,90000	47,00
1,91667	47,00
1,93333	47,00
1,95000	47,00
1,96667	47,00
1,98333	47,00
2,00000	47,00
2,01667	47,00
2,03333	47,00
2,05000	47,00
2,06667	47,00
2,08333	47,00
2,10000	47,00
2,11667	47,00
2,13333	47,00
2,15000	47,00
2,16667	47,00
2,18333	47,00
2,20000	47,00
2,21667	47,00
2,23333	47,00
2,25000	47,00
2,26667	47,00
2,28333	47,00
2,30000	47,00
2,31667	47,00
2,33333	47,00
2,35000	47,00
2,36667	47,00
2,38333	47,00
2,40000	47,00
2,41667	47,00
2,43333	47,00
2,45000	47,00
2,46667	47,00
2,48333	47,00
2,50000	47,00
2,51667	47,00
2,53333	47,00
2,55000	47,00
2,56667	47,00
2,58333	47,00
2,60000	47,00
2,61667	47,00
2,63333	47,00
2,65000	47,00
2,66667	47,00
2,68333	47,00
2,70000	47,00
2,71667	47,00
2,73333	47,00
2,75000	47,00
2,76667	47,00
2,78333	47,00
2,80000	47,00
2,81667	47,00
2,83333	47,00
2,85000	47,00
2,86667	47,00
2,88333	47,00
2,90000	47,00
2,91667	47,00
2,93333	47,00
2,95000	47,00
2,96667	47,00
2,98333	47,00
3,00000	47,00
3,01667	47,00
3,03333	47,00
3,05000	47,00
3,06667	47,00
3,08333	47,00
3,10000	47,00
3,11667	47,00
3,13333	47,00
3,15000	47,00
3,16667	47,00
3,18333	47,00
3,20000	47,00
3,21667	47,00
3,23333	47,00
3,25000	47,00
3,26667	47,00
3,28333	47,00
3,30000	47,00
3,31667	47,00
3,33333	47,00
3,35000	47,00
3,36667	47,00
3,38333	47,00
3,40000	47,00
3,41667	47,00
3,43333	47,00
3,45000	47,00
3,46667	47,00
3,48333	47,00
3,50000	47,00
3,51667	47,00
3,53333	47,00
3,55000	47,00
3,56667	47,00
3,58333	47,00
3,60000	47,00
3,61667	47,00
3,63333	47,00
3,65000	47,00
3,66667	47,00
3,68333	47,00
3,70000	47,00
3,71667	47,00
3,73333	47,00
3,75000	47,00
3,76667	47,00
3,78333	47,00
3,80000	47,00
3,81667	47,00
3,83333	47,00
3,85000	47,00
3,86667	47,00
3,88333	47,00
3,90000	47,00
3,91667	47,00
3,93333	47,00
3,95000	47,00
3,96667	47,00
3,98333	47,00
4,00000	47,00
4,01667	47,00
4,03333	47,00
4,05000	47,00
4,06667	47,00
4,08333	47,00
4,10000	47,00
4,11667	47,00
4,13333	47,00
4,15000	47,00
4,16667	47,00
4,18333	47,00
4,20000	47,00
4,21667	47,00
4,23333	47,00
4,25000	47,00
4,26667	47,00
4,28333	47,00
4,30000	47,00
4,31667	47,00
4,33333	47,00
4,35000	47,00
4,36667	47,00
4,38333	47,00
4,40000	47,00
4,41667	47,00
4,43333	47,00
4,45000	47,00
4,46667	47,00
4,48333	47,00
4,50000	47,00
4,51667	47,00
4,53333	47,00
4,55000	47,00
4,56667	47,00
4,58333	47,00
4,60000	47,00
4,61667	47,00
4,63333	47,00
4,65000	47,00
4,66667	47,00
4,68333	47,00
4,70000	47,00
4,71667	47,00
4,73333	47,00
4,75000	47,00
4,76667	47,00
4,78333	47,00
4,80000	47,00
4,81667	47,00
4,83333	47,00
4,85000	47,00
4,86667	47,00
4,88333	47,00
4,90000	47,00
4,91667	47,00
4,93333	47,00
4,95000	47,00
4,96667	47,00
4,98333	47,00
5,00000	47,00
5,01667	47,00
5,03333	47,00
5,05000	47,00
5,06667	47,00
5,08333	47,00
5,10000	47,00
5,11667	47,00
5,13333	47,00
5,15000	47,00
5,16667	47,00
5,18333	47,00
5,20000	47,00
5,21667	47,00
5,23333	47,00
5,25000	47,00
5,26667	47,00
5,28333	47,00
5,30000	47,00
5,31667	47,00
5,33333	47,00
5,35000	47,00
5,36667	47,00
5,38333	47,00
5,40000	47,00
5,41667	47,00
5,43333	47,00
5,45000	47,00
5,46667	47,00
5,48333	47,00
5,50000	47,00
5,51667	47,00
5,53333	47,00
5,55000	47,00
5,56667	47,00
5,58333	47,00
5,60000	47,00
5,61667	47,00
5,63333	47,00
5,65000	47,00
5,66667	47,00
5,68333	47,00
5,70000	47,00
5,71667	47,00
5,73333	47,00
5,75000	47,00
5,76667	47,00
5,78333	47,00
5,80000	47,00
5,81667	47,00
5,83333	47,00
5,85000	47,00
5,86667	47,00
5,88333	47,00
5,90000	47,00
5,91667	47,00
5,93333	47,00
5,95000	47,00
5,96667	47,00
5,98333	47,00
6,00000	47,00
6,01667	47,00
6,03333	47,00
6,05000	47,00
6,06667	47,00
6,08333	47,00
6,10000	47,00
6,11667	47,00
6,13333	47,00
6,15000	47,00
6,16667	47,00
6,18333	47,00
6,20000	47,00
6,21667	47,00
6,23333	47,00
6,25000	47,00
6,26667	47,00
6,28333	47,00
6,30000	47,00
6,31667	47,01
6,33333	47,01
6,35000	47,01
6,36667	47,01
6,38333	47,01
6,40000	47,01
6,41667	47,01
6,43333	47,01
6,45000	47,01
6,46667	47,01
6,48333	47,01
6,50000	47,01
6,51667	47,01
6,53333	47,01
6,55000	47,01
6,56667	47,01
6,58333	47,01
6,60000	47,01
6,61667	47,01
6,63333	47,01
6,65000	47,01
6,66667	47,01
6,68333	47,01
6,70000	47,01
6,71667	47,01
6,73333	47,01
6,75000	47,01
6,76667	47,01
6,78333	47,01
6,80000	47,01
6,81667	47,01
6,83333	47,01
6,85000	47,01
6,86667	47,01
6,88333	47,01
6,90000	47,01
6,91667	47,01
6,93333	47,01
6,95000	47,01
6,96667	47,01
6,98333	47,01
7,00000	47,01
7,01667	47,01
7,03333	47,01
7,05000	47,01
7,06667	47,01
7,08333	47,01
7,10000	47,01
7,11667	47,01
7,13333	47,01
7,15000	47,01
7,16667	47,01
7,18333	47,01
7,20000	47,01
7,21667	47,01
7,23333	47,01
7,25000	47,01
7,26667	47,01
7,28333	47,01
7,30000	47,01
7,31667	47,01
7,33333	47,01
7,35000	47,01
7,36667	47,01
7,38333	47,01
7,40000	47,01
7,41667	47,01
7,43333	47,01
7,45000	47,01
7,46667	47,01
7,48333	47,01
7,50000	47,01
7,51667	47,01
7,53333	47,01
7,55000	47,01
7,56667	47,01
7,58333	47,01
7,60000	47,01
7,61667	47,01
7,63333	47,01
7,65000	47,01
7,66667	47,01
7,68333	47,01
7,70000	47,01
7,71667	47,01
7,73333	47,01
7,75000	47,01
7,76667	47,01
7,78333	47,01
7,80000	47,01
7,81667	47,01
7,83333	47,01
7,85000	47,01
7,86667	47,01
7,88333	47,01
7,90000	47,01
7,91667	47,01
7,93333	47,01
7,95000	47,01
7,96667	47,01
7,98333	47,01
8,00000	47,01
8,01667	47,02
8,03333	47,02
8,05000	47,02
8,06667	47,02
8,08333	47,02
8,10000	47,02
8,11667	47,02
8,13333	47,02
8,15000	47,02
8,16667	47,02
8,18333	47,02
8,20000	47,02
8,21667	47,02
8,23333	47,02
8,25000	47,02
8,26667	47,02
8,28333	47,02
8,30000	47,02
8,31667	47,02
8,33333	47,02
8,35000	47,02
8,36667	47,02
8,38333	47,02
8,40000	47,02
8,41667	47,02
8,43333	47,02
8,45000	47,02
8,46667	47,02
8,48333	47,02
8,50000	47,02
8,51667	47,02
8,53333	47,02
8,55000	47,02
8,56667	47,02
8,58333	47,02
8,60000	47,02
8,61667	47,02
8,63333	47,02
8,65000	47,02
8,66667	47,02
8,68333	47,02
8,70000	47,02
8,71667	47,02
8,73333	47,02
8,75000	47,02
8,76667	47,02
8,78333	47,02
8,80000	47,02
8,81667	47,02
8,83333	47,02
8,85000	47,02
8,86667	47,02
8,88333	47,02
8,90000	47,02
8,91667	47,02
8,93333	47,02
8,95000	47,02
8,96667	47,02
8,98333	47,02
9,00000	47,02
9,01667	47,02
9,03333	47,02
9,05000	47,02
9,06667	47,02
9,08333	47,02
9,10000	47,02
9,11667	47,02
9,13333	47,02
9,15000	47,02
9,16667	47,02
9,18333	47,02
9,20000	47,02
9,21667	47,02
9,23333	47,02
9,25000	47,02
9,26667	47,02
9,28333	47,02
9,30000	47,02
9,31667	47,02
9,33333	47,02
9,35000	47,02
9,36667	47,02
9,38333	47,02
9,40000	47,02
9,41667	47,02
9,43333	47,02
9,45000	47,02
9,46667	47,02
9,48333	47,02
9,50000	47,02
9,51667	47,02
9,53333	47,02
9,55000	47,02
9,56667	47,02
9,58333	47,02
9,60000	47,02
9,61667	47,02
9,63333	47,02
9,65000	47,02
9,66667	47,02
9,68333	47,02
9,70000	47,02
9,71667	47,02
9,73333	47,02
9,75000	47,02
9,76667	47,02
9,78333	47,02
9,80000	47,02
9,81667	47,02
9,83333	47,02
9,85000	47,02
9,86667	47,02
9,88333	47,02
9,90000	47,02
9,91667	47,02
9,93333	47,02
9,95000	47,02
9,96667	47,02
9,98333	47,02
10,00000	47,03
10,01667	47,03
10,03333	47,03
10,05000	47,03
10,06667	47,03
10,08333	47,03
10,10000	47,03
10,11667	47,03
10,13333	47,03
10,15000	47,03
10,16667	47,03
10,18333	47,03
10,20000	47,03
10,21667	47,03
10,23333	47,03
10,25000	47,03
10,26667	47,03
10,28333	47,03
10,30000	47,03
10,31667	47,03
10,33333	47,03
10,35000	47,03
10,36667	47,03
10,38333	47,03
10,40000	47,03
10,41667	47,03
10,43333	47,03
10,45000	47,03
10,46667	47,03
10,48333	47,03
10,50000	47,03
10,51667	47,03
10,53333	47,03
10,55000	47,03
10,56667	47,03
10,58333	47,03
10,60000	47,03
10,61667	47,03
10,63333	47,03
10,65000	47,03
10,66667	47,03
10,68333	47,03
10,70000	47,03
10,71667	47,03
10,73333	47,03
10,75000	47,03
10,76667	47,03
10,78333	47,03
10,80000	47,03
10,81667	47,03
10,83333	47,03
10,85000	47,03
10,86667	47,03
10,88333	47,03
10,90000	47,03
10,91667	47,03
10,93333	47,03
10,95000	47,03
10,96667	47,03
10,98333	47,03
11,00000	47,03
11,01667	47,03
11,03333	47,03
11,05000	47,03
11,06667	47,03
11,08333	47,03
11,10000	47,03
11,11667	47,03
11,13333	47,03
11,15000	47,03
11,16667	47,03
11,18333	47,03
11,20000	47,03
11,21667	47,03
11,23333	47,03
11,25000	47,03
11,26667	47,03
11,28333	47,03
11,30000	47,03
11,31667	47,03
11,33333	47,03
11,35000	47,03
11,36667	47,03
11,38333	47,03
11,40000	47,03
11,41667	47,03
11,43333	47,03
11,45000	47,03
11,46667	47,03
11,48333	47,03
11,50000	47,03
11,51667	47,03
11,53333	47,03
11,55000	47,03
11,56667	47,03
11,58333	47,03
11,60000	47,03
11,61667	47,03
11,63333	47,03
11,65000	47,03
11,66667	47,03
11,68333	47,03
11,70000	47,03
11,71667	47,03
11,73333	47,03
11,75000	47,03
11,76667	47,03
11,78333	47,03
11,80000	47,03
11,81667	47,03
11,83333	47,03
11,85000	47,03
11,86667	47,03
11,88333	47,03
11,90000	47,03
11,91667	47,04
11,93333	47,04
11,95000	47,04
11,96667	47,04
11,98333	47,04
12,00000	47,04
12,01667	47,04
12,03333	47,04
12,05000	47,04
12,06667	47,04
12,08333	47,04
12,10000	47,04
12,11667	47,04
12,13333	47,04
12,15000	47,04
12,16667	47,04
12,18333	47,04
12,20000	47,04
12,21667	47,04
12,23333	47,04
12,25000	47,04
12,26667	47,04
12,28333	47,04
12,30000	47,04
12,31667	47,04
12,33333	47,04
12,35000	47,04
12,36667	47,04
12,38333	47,04
12,40000	47,04
12,41667	47,04
12,43333	47,04
12,45000	47,04
12,46667	47,04
12,48333	47,04
12,50000	47,04
12,51667	47,04
12,53333	47,04
12,55000	47,04
12,56667	47,04
12,58333	47,04
12,60000	47,04
12,61667	47,04
12,63333	47,04
12,65000	47,04
12,66667	47,04
12,68333	47,04
12,70000	47,04
12,71667	47,04
12,73333	47,04
12,75000	47,04
12,76667	47,04
12,78333	47,04
12,80000	47,04
12,81667	47,04
12,83333	47,04
12,85000	47,04
12,86667	47,04
12,88333	47,04
12,90000	47,04
12,91667	47,04
12,93333	47,04
12,95000	47,04
12,96667	47,04
12,98333	47,04
13,00000	47,04
13,01667	47,04
13,03333	47,04
13,05000	47,04
13,06667	47,04
13,08333	47,04
13,10000	47,04
13,11667	47,04
13,13333	47,04
13,15000	47,04
13,16667	47,04
13,18333	47,04
13,20000	47,04
13,21667	47,04
13,23333	47,04
13,25000	47,04
13,26667	47,04
13,28333	47,04
13,30000	47,04
13,31667	47,04
13,33333	47,04
13,35000	47,04
13,36667	47,04
13,38333	47,04
13,40000	47,04
13,41667	47,04
13,43333	47,04
13,45000	47,04
13,46667	47,04
13,48333	47,04
13,50000	47,04
13,51667	47,04
13,53333	47,04
13,55000	47,04
13,56667	47,04
13,58333	47,04
13,60000	47,04
13,61667	47,04
13,63333	47,04
13,65000	47,04
13,66667	47,04
13,68333	47,04
13,70000	47,04
13,71667	47,04
13,73333	47,04
13,75000	47,04
13,76667	47,04
13,78333	47,04
13,80000	47,04
13,81667	47,04
13,83333	47,04
13,85000	47,04
13,86667	47,04
13,88333	47,05
13,90000	47,05
13,91667	47,05
13,93333	47,05
13,95000	47,05
13,96667	47,05
13,98333	47,05
14,00000	47,05
14,01667	47,05
14,03333	47,05
14,05000	47,05
14,06667	47,05
14,08333	47,05
14,10000	47,05
14,11667	47,05
14,13333	47,05
14,15000	47,05
14,16667	47,05
14,18333	47,05
14,20000	47,05
14,21667	47,05
14,23333	47,05
14,25000	47,05
14,26667	47,05
14,28333	47,05
14,30000	47,05
14,31667	47,05
14,33333	47,05
14,35000	47,05
14,36667	47,05
14,38333	47,05
14,40000	47,05
14,41667	47,05
14,43333	47,05
14,45000	47,05
14,46667	47,05
14,48333	47,05
14,50000	47,05
14,51667	47,05
14,53333	47,05
14,55000	47,05
14,56667	47,05
14,58333	47,05
14,60000	47,05
14,61667	47,05
14,63333	47,05
14,65000	47,05
14,66667	47,05
14,68333	47,05
14,70000	47,05
14,71667	47,05
14,73333	47,05
14,75000	47,05
14,76667	47,05
14,78333	47,05
14,80000	47,05
14,81667	47,05
14,83333	47,05
14,85000	47,05
14,86667	47,05
14,88333	47,05
14,90000	47,05
14,91667	47,05
14,93333	47,05
14,95000	47,05
14,96667	47,05
14,98333	47,05
15,00000	47,05
15,01667	47,05
15,03333	47,05
15,05000	47,05
15,06667	47,05
15,08333	47,05
15,10000	47,05
15,11667	47,05
15,13333	47,05
15,15000	47,05
15,16667	47,05
15,18333	47,05
15,20000	47,05
15,21667	47,05
15,23333	47,05
15,25000	47,05
15,26667	47,05
15,28333	47,05
15,30000	47,05
15,31667	47,05
15,33333	47,05
15,35000	47,05
15,36667	47,05
15,38333	47,05
15,40000	47,05
15,41667	47,05
15,43333	47,05
15,45000	47,05
15,46667	47,05
15,48333	47,05
15,50000	47,05
15,51667	47,05
15,53333	47,05
15,55000	47,05
15,56667	47,05
15,58333	47,05
15,60000	47,05
15,61667	47,05
15,63333	47,05
15,65000	47,05
15,66667	47,05
15,68333	47,05
15,70000	47,05
15,71667	47,05
15,73333	47,05
15,75000	47,05
15,76667	47,05
15,78333	47,05
15,80000	47,05
15,81667	47,05
15,83333	47,05
15,85000	47,05
15,86667	47,05
15,88333	47,05
15,90000	47,05
15,91667	47,05
15,93333	47,05
15,95000	47,05
15,96667	47,05
15,98333	47,05
16,00000	47,05
16,01667	47,05
16,03333	47,05
16,05000	47,05
16,06667	47,05
16,08333	47,05
16,10000	47,05
16,11667	47,05
16,13333	47,05
16,15000	47,05
16,16667	47,05
16,18333	47,05
16,20000	47,05
16,21667	47,05
16,23333	47,05
16,25000	47,05
16,26667	47,05
16,28333	47,05
16,30000	47,05
16,31667	47,05
16,33333	47,05
16,35000	47,05
16,36667	47,05
16,38333	47,05
16,40000	47,05
16,41667	47,05
16,43333	47,05
16,45000	47,05
16,46667	47,05
16,48333	47,05
16,50000	47,05
16,51667	47,05
16,53333	47,06
16,55000	47,06
16,56667	47,06
16,58333	47,06
16,60000	47,06
16,61667	47,06
16,63333	47,06
16,65000	47,06
16,66667	47,06
16,68333	47,06
16,70000	47,06
16,71667	47,06
16,73333	47,06
16,75000	47,06
16,76667	47,06
16,78333	47,06
16,80000	47,06
16,81667	47,06
16,83333	47,06
16,85000	47,06
16,86667	47,06
16,88333	47,06
16,90000	47,06
16,91667	47,06
16,93333	47,06
16,95000	47,06
16,96667	47,06
16,98333	47,06
17,00000	47,06
17,01667	47,06
17,03333	47,06
17,05000	47,06
17,06667	47,06
17,08333	47,06
17,10000	47,06
17,11667	47,06
17,13333	47,06
17,15000	47,06
17,16667	47,06
17,18333	47,06
17,20000	47,06
17,21667	47,06
17,23333	47,06
17,25000	47,06
17,26667	47,06
17,28333	47,06
17,30000	47,06
17,31667	47,06
17,33333	47,06
17,35000	47,06
17,36667	47,06
17,38333	47,06
17,40000	47,06
17,41667	47,06
17,43333	47,06
17,45000	47,06
17,46667	47,06
17,48333	47,06
17,50000	47,06
17,51667	47,06
17,53333	47,06
17,55000	47,06
17,56667	47,06
17,58333	47,06
17,60000	47,06
17,61667	47,06
17,63333	47,06
17,65000	47,06
17,66667	47,06
17,68333	47,06
17,70000	47,06
17,71667	47,06
17,73333	47,06
17,75000	47,06
17,76667	47,06
17,78333	47,06
17,80000	47,06
17,81667	47,06
17,83333	47,06
17,85000	47,06
17,86667	47,06
17,88333	47,06
17,90000	47,06
17,91667	47,06
17,93333	47,06
17,95000	47,06
17,96667	47,06
17,98333	47,06
18,00000	47,06
18,01667	47,06
18,03333	47,06
18,05000	47,06
18,06667	47,06
18,08333	47,06
18,10000	47,06
18,11667	47,06
18,13333	47,06
18,15000	47,06
18,16667	47,06
18,18333	47,06
18,20000	47,06
18,21667	47,06
18,23333	47,06
18,25000	47,06
18,26667	47,06
18,28333	47,06
18,30000	47,06
18,31667	47,06
18,33333	47,06
18,35000	47,06
18,36667	47,06
18,38333	47,06
18,40000	47,06
18,41667	47,06
18,43333	47,06
18,45000	47,06
18,46667	47,06
18,48333	47,06
18,50000	47,06
18,51667	47,06
18,53333	47,06
18,55000	47,06
18,56667	47,06
18,58333	47,06
18,60000	47,06
18,61667	47,06
18,63333	47,06
18,65000	47,06
18,66667	47,06
18,68333	47,06
18,70000	47,06
18,71667	47,06
18,73333	47,06
18,75000	47,06
18,76667	47,06
18,78333	47,06
18,80000	47,06
18,81667	47,06
18,83333	47,06
18,85000	47,06
18,86667	47,06
18,88333	47,06
18,90000	47,06
18,91667	47,06
18,93333	47,06
18,95000	47,06
18,96667	47,06
18,98333	47,06
19,00000	47,06
19,01667	47,06
19,03333	47,06
19,05000	47,06
19,06667	47,06
19,08333	47,06
19,10000	47,06
19,11667	47,06
19,13333	47,06
19,15000	47,06
19,16667	47,06
19,18333	47,06
19,20000	47,06
19,21667	47,06
19,23333	47,06
19,25000	47,06
19,26667	47,06
19,28333	47,07
19,30000	47,07
19,31667	47,07
19,33333	47,07
19,35000	47,07
19,36667	47,07
19,38333	47,07
19,40000	47,07
19,41667	47,07
19,43333	47,07
19,45000	47,06
19,46667	47,07
19,48333	47,07
19,50000	47,06
19,51667	47,06
19,53333	47,06
19,55000	47,07
19,56667	47,06
19,58333	47,06
19,60000	47,07
19,61667	47,07
19,63333	47,07
19,65000	47,07
19,66667	47,07
19,68333	47,07
19,70000	47,07
19,71667	47,07
19,73333	47,07
19,75000	47,07
19,76667	47,07
19,78333	47,07
19,80000	47,07
19,81667	47,07
19,83333	47,07
19,85000	47,07
19,86667	47,07
19,88333	47,07
19,90000	47,07
19,91667	47,07
19,93333	47,07
19,95000	47,07
19,96667	47,07
19,98333	47,07
20,00000	47,07
20,01667	47,07
20,03333	47,07
20,05000	47,07
20,06667	47,07
20,08333	47,07
20,10000	47,07
20,11667	47,07
20,13333	47,07
20,15000	47,07
20,16667	47,07
20,18333	47,07
20,20000	47,07
20,21667	47,07
20,23333	47,07
20,25000	47,07
20,26667	47,07
20,28333	47,07
20,30000	47,07
20,31667	47,07
20,33333	47,07
20,35000	47,07
20,36667	47,07
20,38333	47,07
20,40000	47,07
20,41667	47,07
20,43333	47,07
20,45000	47,07
20,46667	47,07
20,48333	47,07
20,50000	47,07
20,51667	47,07
20,53333	47,07
20,55000	47,07
20,56667	47,07
20,58333	47,07
20,60000	47,07
20,61667	47,07
20,63333	47,07
20,65000	47,07
20,66667	47,07
20,68333	47,07
20,70000	47,07
20,71667	47,07
20,73333	47,07
20,75000	47,07
20,76667	47,07
20,78333	47,07
20,80000	47,07
20,81667	47,07
20,83333	47,07
20,85000	47,07
20,86667	47,07
20,88333	47,07
20,90000	47,07
20,91667	47,07
20,93333	47,07
20,95000	47,07
20,96667	47,07
20,98333	47,07
21,00000	47,07
21,01667	47,07
21,03333	47,07
21,05000	47,07
21,06667	47,07
21,08333	47,07
21,10000	47,07
21,11667	47,07
21,13333	47,07
21,15000	47,07
21,16667	47,07
21,18333	47,07
21,20000	47,07
21,21667	47,07
21,23333	47,07
21,25000	47,07
21,26667	47,07
21,28333	47,07
21,30000	47,07
21,31667	47,07
21,33333	47,07
21,35000	47,07
21,36667	47,07
21,38333	47,07
21,40000	47,07
21,41667	47,07
21,43333	47,07
21,45000	47,07
21,46667	47,07
21,48333	47,07
21,50000	47,07
21,51667	47,07
21,53333	47,07
21,55000	47,07
21,56667	47,07
21,58333	47,07
21,60000	47,07
21,61667	47,07
21,63333	47,07
21,65000	47,07
21,66667	47,07
21,68333	47,07
21,70000	47,07
21,71667	47,07
21,73333	47,07
21,75000	47,07
21,76667	47,07
21,78333	47,07
21,80000	47,07
21,81667	47,07
21,83333	47,07
21,85000	47,07
21,86667	47,07
21,88333	47,07
21,90000	47,07
21,91667	47,07
21,93333	47,07
21,95000	47,07
21,96667	47,07
21,98333	47,07
22,00000	47,07
22,01667	47,07
22,03333	47,07
22,05000	47,07
22,06667	47,07
22,08333	47,07
22,10000	47,07
22,11667	47,07
22,13333	47,07
22,15000	47,07
22,16667	47,07
22,18333	47,07
22,20000	47,07
22,21667	47,07
22,23333	47,07
22,25000	47,07
22,26667	47,07
22,28333	47,07
22,30000	47,07
22,31667	47,07
22,33333	47,07
22,35000	47,07
22,36667	47,07
22,38333	47,07
22,40000	47,07
22,41667	47,07
22,43333	47,07
22,45000	47,07
22,46667	47,07
22,48333	47,07
22,50000	47,07
22,51667	47,07
22,53333	47,07
22,55000	47,07
22,56667	47,07
22,58333	47,07
22,60000	47,07
22,61667	47,07
22,63333	47,07
22,65000	47,07
22,66667	47,07
22,68333	47,07
22,70000	47,07
22,71667	47,07
22,73333	47,07
22,75000	47,07
22,76667	47,07
22,78333	47,07
22,80000	47,07
22,81667	47,07
22,83333	47,07
22,85000	47,07
22,86667	47,06
22,88333	47,06
22,90000	47,06
22,91667	47,06
22,93333	47,06
22,95000	47,06
22,96667	47,06
22,98333	47,06
23,00000	47,06
23,01667	47,06
23,03333	47,06
23,05000	47,06
23,06667	47,06
23,08333	47,06
23,10000	47,07
23,11667	47,07
23,13333	47,07
23,15000	47,07
23,16667	47,07
23,18333	47,07
23,20000	47,07
23,21667	47,07
23,23333	47,07
23,25000	47,07
23,26667	47,07
23,28333	47,07
23,30000	47,07
23,31667	47,07
23,33333	47,07
23,35000	47,07
23,36667	47,07
23,38333	47,07
23,40000	47,07
23,41667	47,07
23,43333	47,06
23,45000	47,06
23,46667	47,06
23,48333	47,06
23,50000	47,06
23,51667	47,06
23,53333	47,06
23,55000	47,06
23,56667	47,06
23,58333	47,06
23,60000	47,06
23,61667	47,06
23,63333	47,06
23,65000	47,06
23,66667	47,06
23,68333	47,06
23,70000	47,06
23,71667	47,06
23,73333	47,07
23,75000	47,06
23,76667	47,06
23,78333	47,06
23,80000	47,07
23,81667	47,06
23,83333	47,07
23,85000	47,06
23,86667	47,07
23,88333	47,06
23,90000	47,06
23,91667	47,07
23,93333	47,06
23,95000	47,06
23,96667	47,06
23,98333	47,06
24,00000	47,06
24,01667	47,06
24,03333	47,06
24,05000	47,06
24,06667	47,06
24,08333	47,06
24,10000	47,06
24,11667	47,06
24,13333	47,06
24,15000	47,06
24,16667	47,06
24,18333	47,06
24,20000	47,06
24,21667	47,06
24,23333	47,06
24,25000	47,06
24,26667	47,06
24,28333	47,06
24,30000	47,06
24,31667	47,06
24,33333	47,06
24,35000	47,06
24,36667	47,06
24,38333	47,06
24,40000	47,06
24,41667	47,06
24,43333	47,06
24,45000	47,06
24,46667	47,06
24,48333	47,06
24,50000	47,06
24,51667	47,06
24,53333	47,06
24,55000	47,06
24,56667	47,06
24,58333	47,06
24,60000	47,06
24,61667	47,06
24,63333	47,06
24,65000	47,06
24,66667	47,06
24,68333	47,06
24,70000	47,06
24,71667	47,06
24,73333	47,06
24,75000	47,06
24,76667	47,06
24,78333	47,06
24,80000	47,06
24,81667	47,06
24,83333	47,06
24,85000	47,06
24,86667	47,06
24,88333	47,06
24,90000	47,06
24,91667	47,06
24,93333	47,06
24,95000	47,06
24,96667	47,06
24,98333	47,06
25,00000	47,06
25,01667	47,06
25,03333	47,06
25,05000	47,06
25,06667	47,06
25,08333	47,06
25,10000	47,06
25,11667	47,06
25,13333	47,06
25,15000	47,06
25,16667	47,06
25,18333	47,06
25,20000	47,06
25,21667	47,06
25,23333	47,06
25,25000	47,06
25,26667	47,06
25,28333	47,06
25,30000	47,06
25,31667	47,06
25,33333	47,06
25,35000	47,06
25,36667	47,06
25,38333	47,06
25,40000	47,06
25,41667	47,06
25,43333	47,06
25,45000	47,06
25,46667	47,06
25,48333	47,06
25,50000	47,06
25,51667	47,06
25,53333	47,06
25,55000	47,06
25,56667	47,06
25,58333	47,06
25,60000	47,06
25,61667	47,06
25,63333	47,06
25,65000	47,06
25,66667	47,06
25,68333	47,06
25,70000	47,06
25,71667	47,06
25,73333	47,06
25,75000	47,06
25,76667	47,06
25,78333	47,06
25,80000	47,06
25,81667	47,06
25,83333	47,06
25,85000	47,06
25,86667	47,06
25,88333	47,06
25,90000	47,06
25,91667	47,06
25,93333	47,06
25,95000	47,06
25,96667	47,06
25,98333	47,06
26,00000	47,06
26,01667	47,06
26,03333	47,06
26,05000	47,06
26,06667	47,06
26,08333	47,06
26,10000	47,06
26,11667	47,06
26,13333	47,06
26,15000	47,06
26,16667	47,06
26,18333	47,06
26,20000	47,06
26,21667	47,06
26,23333	47,06
26,25000	47,06
26,26667	47,06
26,28333	47,06
26,30000	47,06
26,31667	47,06
26,33333	47,06
26,35000	47,06
26,36667	47,06
26,38333	47,06
26,40000	47,06
26,41667	47,06
26,43333	47,06
26,45000	47,06
26,46667	47,06
26,48333	47,06
26,50000	47,06
26,51667	47,06
26,53333	47,06
26,55000	47,06
26,56667	47,06
26,58333	47,06
26,60000	47,06
26,61667	47,06
26,63333	47,06
26,65000	47,06
26,66667	47,06
26,68333	47,06
26,70000	47,06
26,71667	47,06
26,73333	47,06
26,75000	47,06
26,76667	47,06
26,78333	47,06
26,80000	47,06
26,81667	47,06
26,83333	47,06
26,85000	47,06
26,86667	47,06
26,88333	47,06
26,90000	47,06
26,91667	47,06
26,93333	47,06
26,95000	47,06
26,96667	47,06
26,98333	47,06
27,00000	47,06
27,01667	47,06
27,03333	47,06
27,05000	47,06
27,06667	47,06
27,08333	47,06
27,10000	47,06
27,11667	47,06
27,13333	47,06
27,15000	47,06
27,16667	47,06
27,18333	47,06
27,20000	47,06
27,21667	47,06
27,23333	47,06
27,25000	47,06
27,26667	47,06
27,28333	47,06
27,30000	47,06
27,31667	47,06
27,33333	47,06
27,35000	47,06
27,36667	47,06
27,38333	47,06
27,40000	47,06
27,41667	47,06
27,43333	47,06
27,45000	47,06
27,46667	47,06
27,48333	47,06
27,50000	47,06
27,51667	47,06
27,53333	47,06
27,55000	47,06
27,56667	47,06
27,58333	47,06
27,60000	47,06
27,61667	47,06
27,63333	47,06
27,65000	47,06
27,66667	47,06
27,68333	47,06
27,70000	47,06
27,71667	47,06
27,73333	47,06
27,75000	47,06
27,76667	47,06
27,78333	47,06
27,80000	47,05
27,81667	47,05
27,83333	47,05
27,85000	47,05
27,86667	47,05
27,88333	47,05
27,90000	47,05
27,91667	47,05
27,93333	47,05
27,95000	47,05
27,96667	47,05
27,98333	47,05
28,00000	47,05
28,01667	47,05
28,03333	47,05
28,05000	47,05
28,06667	47,05
28,08333	47,05
28,10000	47,05
28,11667	47,05
28,13333	47,05
28,15000	47,05
28,16667	47,05
28,18333	47,05
28,20000	47,05
28,21667	47,05
28,23333	47,05
28,25000	47,05
28,26667	47,05
28,28333	47,05
28,30000	47,05
28,31667	47,05
28,33333	47,05
28,35000	47,05
28,36667	47,05
28,38333	47,05
28,40000	47,05
28,41667	47,05
28,43333	47,05
28,45000	47,05
28,46667	47,05
28,48333	47,05
28,50000	47,05
28,51667	47,05
28,53333	47,05
28,55000	47,05
28,56667	47,05
28,58333	47,05
28,60000	47,05
28,61667	47,05
28,63333	47,05
28,65000	47,05
28,66667	47,05
28,68333	47,05
28,70000	47,05
28,71667	47,05
28,73333	47,05
28,75000	47,05
28,76667	47,05
28,78333	47,05
28,80000	47,05
28,81667	47,05
28,83333	47,05
28,85000	47,05
28,86667	47,05
28,88333	47,05
28,90000	47,05
28,91667	47,05
28,93333	47,05
28,95000	47,05
28,96667	47,05
28,98333	47,05
29,00000	47,05
29,01667	47,05
29,03333	47,05
29,05000	47,05
29,06667	47,05
29,08333	47,05
29,10000	47,05
29,11667	47,05
29,13333	47,05
29,15000	47,05
29,16667	47,05
29,18333	47,05
29,20000	47,05
29,21667	47,05
29,23333	47,05
29,25000	47,05
29,26667	47,05
29,28333	47,05
29,30000	47,05
29,31667	47,05
29,33333	47,05
29,35000	47,05
29,36667	47,05
29,38333	47,05
29,40000	47,05
29,41667	47,05
29,43333	47,05
29,45000	47,05
29,46667	47,05
29,48333	47,05
29,50000	47,05
29,51667	47,05
29,53333	47,05
29,55000	47,05
29,56667	47,05
29,58333	47,05
29,60000	47,05
29,61667	47,05
29,63333	47,05
29,65000	47,05
29,66667	47,05
29,68333	47,05
29,70000	47,05
29,71667	47,05
29,73333	47,05
29,75000	47,05
29,76667	47,05
29,78333	47,05
29,80000	47,05
29,81667	47,05
29,83333	47,05
29,85000	47,05
29,86667	47,05
29,88333	47,05
29,90000	47,05
29,91667	47,05
29,93333	47,05
29,95000	47,05
29,96667	47,05
29,98333	47,05
30,00000	47,05
30,01667	47,05
30,03333	47,05
30,05000	47,05
30,06667	47,05
30,08333	47,05
30,10000	47,05
30,11667	47,05
30,13333	47,05
30,15000	47,05
30,16667	47,05
30,18333	47,05
30,20000	47,05
30,21667	47,05
30,23333	47,05
30,25000	47,05
30,26667	47,05
30,28333	47,05
30,30000	47,05
30,31667	47,05
30,33333	47,05
30,35000	47,05
30,36667	47,05
30,38333	47,05
30,40000	47,05
30,41667	47,05
30,43333	47,05
30,45000	47,05
30,46667	47,05
30,48333	47,05
30,50000	47,05
30,51667	47,05
30,53333	47,05
30,55000	47,05
30,56667	47,05
30,58333	47,05
30,60000	47,05
30,61667	47,05
30,63333	47,05
30,65000	47,05
30,66667	47,05
30,68333	47,05
30,70000	47,05
30,71667	47,05
30,73333	47,05
30,75000	47,05
30,76667	47,05
30,78333	47,05
30,80000	47,05
30,81667	47,05
30,83333	47,05
30,85000	47,05
30,86667	47,05
30,88333	47,05
30,90000	47,05
30,91667	47,05
30,93333	47,05
30,95000	47,05
30,96667	47,05
30,98333	47,05
31,00000	47,05
31,01667	47,05
31,03333	47,05
31,05000	47,05
31,06667	47,05
31,08333	47,05
31,10000	47,05
31,11667	47,05
31,13333	47,05
31,15000	47,05
31,16667	47,05
31,18333	47,05
31,20000	47,05
31,21667	47,05
31,23333	47,05
31,25000	47,05
31,26667	47,05
31,28333	47,05
31,30000	47,05
31,31667	47,05
31,33333	47,05
31,35000	47,05
31,36667	47,05
31,38333	47,05
31,40000	47,05
31,41667	47,05
31,43333	47,05
31,45000	47,05
31,46667	47,05
31,48333	47,05
31,50000	47,05
31,51667	47,05
31,53333	47,05
31,55000	47,05
31,56667	47,05
31,58333	47,05
31,60000	47,05
31,61667	47,05
31,63333	47,05
31,65000	47,05
31,66667	47,05
31,68333	47,05
31,70000	47,05
31,71667	47,05
31,73333	47,05
31,75000	47,05
31,76667	47,05
31,78333	47,05
31,80000	47,05
31,81667	47,05
31,83333	47,04
31,85000	47,05
31,86667	47,04
31,88333	47,04
31,90000	47,04
31,91667	47,04
31,93333	47,04
31,95000	47,04
31,96667	47,04
31,98333	47,04
32,00000	47,04

[LC Status Trace(PDA Lamp Housing Temp.)]
Interval(msec)	1000
# of Points	1921
Start Time(min)	0,000
End Time(min)	32,000
Intensity Units	C
Intensity Multiplier	1
R.Time (min)	Intensity
0,00000	53,39
0,01667	53,39
0,03333	53,39
0,05000	53,39
0,06667	53,40
0,08333	53,40
0,10000	53,40
0,11667	53,40
0,13333	53,40
0,15000	53,40
0,16667	53,40
0,18333	53,39
0,20000	53,41
0,21667	53,41
0,23333	53,41
0,25000	53,41
0,26667	53,41
0,28333	53,41
0,30000	53,41
0,31667	53,41
0,33333	53,41
0,35000	53,41
0,36667	53,42
0,38333	53,42
0,40000	53,42
0,41667	53,42
0,43333	53,42
0,45000	53,42
0,46667	53,42
0,48333	53,42
0,50000	53,41
0,51667	53,41
0,53333	53,41
0,55000	53,41
0,56667	53,41
0,58333	53,42
0,60000	53,42
0,61667	53,42
0,63333	53,41
0,65000	53,41
0,66667	53,41
0,68333	53,41
0,70000	53,40
0,71667	53,40
0,73333	53,40
0,75000	53,40
0,76667	53,40
0,78333	53,40
0,80000	53,39
0,81667	53,40
0,83333	53,39
0,85000	53,39
0,86667	53,40
0,88333	53,40
0,90000	53,41
0,91667	53,41
0,93333	53,42
0,95000	53,41
0,96667	53,41
0,98333	53,41
1,00000	53,41
1,01667	53,41
1,03333	53,41
1,05000	53,40
1,06667	53,41
1,08333	53,41
1,10000	53,42
1,11667	53,42
1,13333	53,43
1,15000	53,42
1,16667	53,42
1,18333	53,42
1,20000	53,42
1,21667	53,42
1,23333	53,42
1,25000	53,42
1,26667	53,42
1,28333	53,41
1,30000	53,41
1,31667	53,41
1,33333	53,41
1,35000	53,41
1,36667	53,40
1,38333	53,40
1,40000	53,40
1,41667	53,40
1,43333	53,40
1,45000	53,40
1,46667	53,40
1,48333	53,41
1,50000	53,41
1,51667	53,41
1,53333	53,41
1,55000	53,41
1,56667	53,40
1,58333	53,40
1,60000	53,40
1,61667	53,39
1,63333	53,39
1,65000	53,39
1,66667	53,40
1,68333	53,41
1,70000	53,42
1,71667	53,42
1,73333	53,42
1,75000	53,41
1,76667	53,40
1,78333	53,40
1,80000	53,39
1,81667	53,39
1,83333	53,39
1,85000	53,39
1,86667	53,39
1,88333	53,40
1,90000	53,40
1,91667	53,40
1,93333	53,40
1,95000	53,40
1,96667	53,40
1,98333	53,40
2,00000	53,40
2,01667	53,41
2,03333	53,41
2,05000	53,41
2,06667	53,41
2,08333	53,40
2,10000	53,40
2,11667	53,40
2,13333	53,40
2,15000	53,39
2,16667	53,40
2,18333	53,40
2,20000	53,40
2,21667	53,40
2,23333	53,40
2,25000	53,40
2,26667	53,40
2,28333	53,40
2,30000	53,40
2,31667	53,40
2,33333	53,40
2,35000	53,40
2,36667	53,40
2,38333	53,40
2,40000	53,40
2,41667	53,40
2,43333	53,40
2,45000	53,39
2,46667	53,40
2,48333	53,40
2,50000	53,40
2,51667	53,41
2,53333	53,41
2,55000	53,40
2,56667	53,40
2,58333	53,40
2,60000	53,40
2,61667	53,40
2,63333	53,39
2,65000	53,40
2,66667	53,40
2,68333	53,40
2,70000	53,40
2,71667	53,41
2,73333	53,42
2,75000	53,42
2,76667	53,42
2,78333	53,42
2,80000	53,41
2,81667	53,41
2,83333	53,40
2,85000	53,40
2,86667	53,39
2,88333	53,39
2,90000	53,39
2,91667	53,38
2,93333	53,39
2,95000	53,39
2,96667	53,40
2,98333	53,41
3,00000	53,40
3,01667	53,40
3,03333	53,40
3,05000	53,40
3,06667	53,40
3,08333	53,40
3,10000	53,40
3,11667	53,40
3,13333	53,41
3,15000	53,40
3,16667	53,41
3,18333	53,41
3,20000	53,41
3,21667	53,41
3,23333	53,42
3,25000	53,42
3,26667	53,41
3,28333	53,41
3,30000	53,41
3,31667	53,41
3,33333	53,40
3,35000	53,40
3,36667	53,40
3,38333	53,41
3,40000	53,40
3,41667	53,40
3,43333	53,40
3,45000	53,39
3,46667	53,39
3,48333	53,40
3,50000	53,40
3,51667	53,40
3,53333	53,41
3,55000	53,41
3,56667	53,41
3,58333	53,41
3,60000	53,41
3,61667	53,41
3,63333	53,41
3,65000	53,41
3,66667	53,41
3,68333	53,41
3,70000	53,41
3,71667	53,41
3,73333	53,40
3,75000	53,40
3,76667	53,40
3,78333	53,40
3,80000	53,40
3,81667	53,40
3,83333	53,40
3,85000	53,41
3,86667	53,41
3,88333	53,42
3,90000	53,41
3,91667	53,41
3,93333	53,42
3,95000	53,42
3,96667	53,42
3,98333	53,42
4,00000	53,41
4,01667	53,41
4,03333	53,41
4,05000	53,41
4,06667	53,41
4,08333	53,41
4,10000	53,41
4,11667	53,40
4,13333	53,40
4,15000	53,40
4,16667	53,40
4,18333	53,41
4,20000	53,40
4,21667	53,41
4,23333	53,41
4,25000	53,41
4,26667	53,41
4,28333	53,40
4,30000	53,40
4,31667	53,40
4,33333	53,40
4,35000	53,41
4,36667	53,40
4,38333	53,40
4,40000	53,40
4,41667	53,41
4,43333	53,41
4,45000	53,41
4,46667	53,41
4,48333	53,41
4,50000	53,41
4,51667	53,40
4,53333	53,40
4,55000	53,39
4,56667	53,40
4,58333	53,40
4,60000	53,40
4,61667	53,41
4,63333	53,40
4,65000	53,40
4,66667	53,41
4,68333	53,40
4,70000	53,40
4,71667	53,40
4,73333	53,41
4,75000	53,41
4,76667	53,41
4,78333	53,41
4,80000	53,41
4,81667	53,41
4,83333	53,40
4,85000	53,40
4,86667	53,40
4,88333	53,41
4,90000	53,42
4,91667	53,42
4,93333	53,42
4,95000	53,41
4,96667	53,41
4,98333	53,41
5,00000	53,42
5,01667	53,42
5,03333	53,42
5,05000	53,42
5,06667	53,42
5,08333	53,42
5,10000	53,42
5,11667	53,42
5,13333	53,42
5,15000	53,42
5,16667	53,42
5,18333	53,42
5,20000	53,41
5,21667	53,41
5,23333	53,41
5,25000	53,41
5,26667	53,40
5,28333	53,41
5,30000	53,41
5,31667	53,41
5,33333	53,41
5,35000	53,41
5,36667	53,41
5,38333	53,41
5,40000	53,41
5,41667	53,41
5,43333	53,42
5,45000	53,43
5,46667	53,42
5,48333	53,42
5,50000	53,42
5,51667	53,43
5,53333	53,43
5,55000	53,43
5,56667	53,42
5,58333	53,42
5,60000	53,43
5,61667	53,43
5,63333	53,42
5,65000	53,42
5,66667	53,43
5,68333	53,42
5,70000	53,42
5,71667	53,42
5,73333	53,42
5,75000	53,42
5,76667	53,42
5,78333	53,42
5,80000	53,42
5,81667	53,42
5,83333	53,42
5,85000	53,42
5,86667	53,42
5,88333	53,42
5,90000	53,43
5,91667	53,43
5,93333	53,42
5,95000	53,42
5,96667	53,43
5,98333	53,43
6,00000	53,43
6,01667	53,43
6,03333	53,43
6,05000	53,43
6,06667	53,43
6,08333	53,42
6,10000	53,43
6,11667	53,42
6,13333	53,43
6,15000	53,44
6,16667	53,44
6,18333	53,44
6,20000	53,44
6,21667	53,44
6,23333	53,43
6,25000	53,43
6,26667	53,43
6,28333	53,42
6,30000	53,42
6,31667	53,42
6,33333	53,42
6,35000	53,42
6,36667	53,43
6,38333	53,43
6,40000	53,43
6,41667	53,43
6,43333	53,42
6,45000	53,43
6,46667	53,43
6,48333	53,42
6,50000	53,42
6,51667	53,42
6,53333	53,42
6,55000	53,42
6,56667	53,42
6,58333	53,42
6,60000	53,42
6,61667	53,42
6,63333	53,42
6,65000	53,42
6,66667	53,42
6,68333	53,42
6,70000	53,41
6,71667	53,41
6,73333	53,41
6,75000	53,41
6,76667	53,41
6,78333	53,41
6,80000	53,41
6,81667	53,42
6,83333	53,42
6,85000	53,42
6,86667	53,42
6,88333	53,41
6,90000	53,41
6,91667	53,41
6,93333	53,41
6,95000	53,41
6,96667	53,41
6,98333	53,41
7,00000	53,41
7,01667	53,42
7,03333	53,42
7,05000	53,42
7,06667	53,42
7,08333	53,42
7,10000	53,42
7,11667	53,42
7,13333	53,42
7,15000	53,43
7,16667	53,43
7,18333	53,42
7,20000	53,42
7,21667	53,43
7,23333	53,43
7,25000	53,43
7,26667	53,43
7,28333	53,43
7,30000	53,42
7,31667	53,42
7,33333	53,43
7,35000	53,43
7,36667	53,42
7,38333	53,42
7,40000	53,42
7,41667	53,42
7,43333	53,42
7,45000	53,42
7,46667	53,42
7,48333	53,42
7,50000	53,43
7,51667	53,43
7,53333	53,43
7,55000	53,43
7,56667	53,43
7,58333	53,43
7,60000	53,43
7,61667	53,43
7,63333	53,43
7,65000	53,44
7,66667	53,44
7,68333	53,43
7,70000	53,43
7,71667	53,43
7,73333	53,43
7,75000	53,43
7,76667	53,43
7,78333	53,43
7,80000	53,44
7,81667	53,43
7,83333	53,43
7,85000	53,43
7,86667	53,43
7,88333	53,43
7,90000	53,44
7,91667	53,43
7,93333	53,43
7,95000	53,43
7,96667	53,43
7,98333	53,44
8,00000	53,44
8,01667	53,44
8,03333	53,44
8,05000	53,44
8,06667	53,44
8,08333	53,44
8,10000	53,43
8,11667	53,44
8,13333	53,44
8,15000	53,43
8,16667	53,44
8,18333	53,44
8,20000	53,43
8,21667	53,43
8,23333	53,42
8,25000	53,43
8,26667	53,44
8,28333	53,45
8,30000	53,44
8,31667	53,44
8,33333	53,44
8,35000	53,43
8,36667	53,43
8,38333	53,43
8,40000	53,43
8,41667	53,43
8,43333	53,43
8,45000	53,43
8,46667	53,44
8,48333	53,44
8,50000	53,44
8,51667	53,43
8,53333	53,43
8,55000	53,43
8,56667	53,42
8,58333	53,42
8,60000	53,42
8,61667	53,43
8,63333	53,43
8,65000	53,43
8,66667	53,43
8,68333	53,43
8,70000	53,43
8,71667	53,43
8,73333	53,43
8,75000	53,44
8,76667	53,44
8,78333	53,44
8,80000	53,44
8,81667	53,44
8,83333	53,45
8,85000	53,45
8,86667	53,45
8,88333	53,44
8,90000	53,43
8,91667	53,43
8,93333	53,43
8,95000	53,44
8,96667	53,44
8,98333	53,44
9,00000	53,44
9,01667	53,43
9,03333	53,44
9,05000	53,43
9,06667	53,43
9,08333	53,43
9,10000	53,44
9,11667	53,44
9,13333	53,45
9,15000	53,45
9,16667	53,45
9,18333	53,46
9,20000	53,46
9,21667	53,45
9,23333	53,45
9,25000	53,45
9,26667	53,45
9,28333	53,46
9,30000	53,46
9,31667	53,46
9,33333	53,45
9,35000	53,45
9,36667	53,45
9,38333	53,45
9,40000	53,45
9,41667	53,45
9,43333	53,45
9,45000	53,46
9,46667	53,46
9,48333	53,46
9,50000	53,46
9,51667	53,45
9,53333	53,45
9,55000	53,45
9,56667	53,45
9,58333	53,45
9,60000	53,44
9,61667	53,45
9,63333	53,45
9,65000	53,46
9,66667	53,45
9,68333	53,45
9,70000	53,46
9,71667	53,46
9,73333	53,46
9,75000	53,45
9,76667	53,44
9,78333	53,44
9,80000	53,44
9,81667	53,44
9,83333	53,44
9,85000	53,43
9,86667	53,44
9,88333	53,45
9,90000	53,45
9,91667	53,45
9,93333	53,45
9,95000	53,45
9,96667	53,45
9,98333	53,45
10,00000	53,45
10,01667	53,45
10,03333	53,46
10,05000	53,46
10,06667	53,46
10,08333	53,46
10,10000	53,47
10,11667	53,46
10,13333	53,46
10,15000	53,45
10,16667	53,45
10,18333	53,45
10,20000	53,45
10,21667	53,45
10,23333	53,45
10,25000	53,45
10,26667	53,45
10,28333	53,46
10,30000	53,46
10,31667	53,46
10,33333	53,46
10,35000	53,46
10,36667	53,46
10,38333	53,46
10,40000	53,46
10,41667	53,46
10,43333	53,46
10,45000	53,46
10,46667	53,46
10,48333	53,46
10,50000	53,46
10,51667	53,46
10,53333	53,46
10,55000	53,46
10,56667	53,46
10,58333	53,46
10,60000	53,46
10,61667	53,46
10,63333	53,46
10,65000	53,46
10,66667	53,46
10,68333	53,46
10,70000	53,47
10,71667	53,47
10,73333	53,46
10,75000	53,47
10,76667	53,47
10,78333	53,47
10,80000	53,48
10,81667	53,48
10,83333	53,48
10,85000	53,48
10,86667	53,48
10,88333	53,47
10,90000	53,47
10,91667	53,47
10,93333	53,47
10,95000	53,47
10,96667	53,47
10,98333	53,47
11,00000	53,47
11,01667	53,46
11,03333	53,47
11,05000	53,46
11,06667	53,46
11,08333	53,46
11,10000	53,46
11,11667	53,46
11,13333	53,46
11,15000	53,46
11,16667	53,46
11,18333	53,47
11,20000	53,47
11,21667	53,46
11,23333	53,47
11,25000	53,47
11,26667	53,47
11,28333	53,48
11,30000	53,48
11,31667	53,48
11,33333	53,48
11,35000	53,47
11,36667	53,48
11,38333	53,48
11,40000	53,48
11,41667	53,48
11,43333	53,48
11,45000	53,48
11,46667	53,49
11,48333	53,49
11,50000	53,48
11,51667	53,47
11,53333	53,48
11,55000	53,48
11,56667	53,47
11,58333	53,47
11,60000	53,47
11,61667	53,46
11,63333	53,47
11,65000	53,47
11,66667	53,46
11,68333	53,46
11,70000	53,46
11,71667	53,46
11,73333	53,46
11,75000	53,46
11,76667	53,46
11,78333	53,46
11,80000	53,46
11,81667	53,46
11,83333	53,46
11,85000	53,46
11,86667	53,46
11,88333	53,46
11,90000	53,46
11,91667	53,46
11,93333	53,46
11,95000	53,46
11,96667	53,46
11,98333	53,47
12,00000	53,47
12,01667	53,46
12,03333	53,46
12,05000	53,45
12,06667	53,45
12,08333	53,45
12,10000	53,45
12,11667	53,45
12,13333	53,45
12,15000	53,45
12,16667	53,45
12,18333	53,45
12,20000	53,45
12,21667	53,46
12,23333	53,46
12,25000	53,46
12,26667	53,47
12,28333	53,47
12,30000	53,47
12,31667	53,47
12,33333	53,48
12,35000	53,48
12,36667	53,47
12,38333	53,47
12,40000	53,47
12,41667	53,47
12,43333	53,47
12,45000	53,47
12,46667	53,48
12,48333	53,49
12,50000	53,48
12,51667	53,48
12,53333	53,48
12,55000	53,48
12,56667	53,49
12,58333	53,48
12,60000	53,48
12,61667	53,47
12,63333	53,47
12,65000	53,47
12,66667	53,47
12,68333	53,47
12,70000	53,47
12,71667	53,48
12,73333	53,48
12,75000	53,48
12,76667	53,49
12,78333	53,49
12,80000	53,48
12,81667	53,48
12,83333	53,48
12,85000	53,48
12,86667	53,48
12,88333	53,48
12,90000	53,48
12,91667	53,49
12,93333	53,49
12,95000	53,49
12,96667	53,48
12,98333	53,48
13,00000	53,48
13,01667	53,48
13,03333	53,47
13,05000	53,47
13,06667	53,47
13,08333	53,48
13,10000	53,48
13,11667	53,48
13,13333	53,48
13,15000	53,47
13,16667	53,47
13,18333	53,46
13,20000	53,47
13,21667	53,47
13,23333	53,47
13,25000	53,47
13,26667	53,47
13,28333	53,47
13,30000	53,47
13,31667	53,47
13,33333	53,47
13,35000	53,47
13,36667	53,47
13,38333	53,47
13,40000	53,47
13,41667	53,47
13,43333	53,48
13,45000	53,48
13,46667	53,48
13,48333	53,47
13,50000	53,48
13,51667	53,48
13,53333	53,48
13,55000	53,48
13,56667	53,47
13,58333	53,48
13,60000	53,48
13,61667	53,48
13,63333	53,48
13,65000	53,48
13,66667	53,48
13,68333	53,48
13,70000	53,49
13,71667	53,50
13,73333	53,49
13,75000	53,48
13,76667	53,48
13,78333	53,48
13,80000	53,48
13,81667	53,48
13,83333	53,48
13,85000	53,49
13,86667	53,49
13,88333	53,49
13,90000	53,49
13,91667	53,49
13,93333	53,49
13,95000	53,50
13,96667	53,50
13,98333	53,50
14,00000	53,50
14,01667	53,50
14,03333	53,49
14,05000	53,49
14,06667	53,50
14,08333	53,50
14,10000	53,49
14,11667	53,49
14,13333	53,50
14,15000	53,50
14,16667	53,49
14,18333	53,49
14,20000	53,48
14,21667	53,48
14,23333	53,48
14,25000	53,48
14,26667	53,48
14,28333	53,49
14,30000	53,49
14,31667	53,49
14,33333	53,49
14,35000	53,50
14,36667	53,51
14,38333	53,51
14,40000	53,51
14,41667	53,50
14,43333	53,49
14,45000	53,48
14,46667	53,48
14,48333	53,47
14,50000	53,48
14,51667	53,48
14,53333	53,49
14,55000	53,49
14,56667	53,49
14,58333	53,49
14,60000	53,49
14,61667	53,49
14,63333	53,49
14,65000	53,49
14,66667	53,49
14,68333	53,48
14,70000	53,48
14,71667	53,48
14,73333	53,49
14,75000	53,49
14,76667	53,49
14,78333	53,49
14,80000	53,49
14,81667	53,50
14,83333	53,50
14,85000	53,51
14,86667	53,51
14,88333	53,51
14,90000	53,51
14,91667	53,51
14,93333	53,50
14,95000	53,50
14,96667	53,49
14,98333	53,49
15,00000	53,48
15,01667	53,48
15,03333	53,48
15,05000	53,48
15,06667	53,48
15,08333	53,49
15,10000	53,49
15,11667	53,49
15,13333	53,49
15,15000	53,49
15,16667	53,50
15,18333	53,50
15,20000	53,50
15,21667	53,50
15,23333	53,49
15,25000	53,50
15,26667	53,50
15,28333	53,50
15,30000	53,50
15,31667	53,51
15,33333	53,51
15,35000	53,51
15,36667	53,51
15,38333	53,51
15,40000	53,51
15,41667	53,51
15,43333	53,50
15,45000	53,50
15,46667	53,50
15,48333	53,50
15,50000	53,50
15,51667	53,50
15,53333	53,50
15,55000	53,50
15,56667	53,50
15,58333	53,50
15,60000	53,50
15,61667	53,50
15,63333	53,50
15,65000	53,50
15,66667	53,50
15,68333	53,49
15,70000	53,49
15,71667	53,49
15,73333	53,49
15,75000	53,49
15,76667	53,49
15,78333	53,50
15,80000	53,50
15,81667	53,50
15,83333	53,50
15,85000	53,50
15,86667	53,50
15,88333	53,50
15,90000	53,50
15,91667	53,50
15,93333	53,50
15,95000	53,50
15,96667	53,49
15,98333	53,50
16,00000	53,49
16,01667	53,49
16,03333	53,49
16,05000	53,49
16,06667	53,49
16,08333	53,49
16,10000	53,49
16,11667	53,49
16,13333	53,49
16,15000	53,49
16,16667	53,49
16,18333	53,49
16,20000	53,50
16,21667	53,50
16,23333	53,50
16,25000	53,50
16,26667	53,50
16,28333	53,50
16,30000	53,50
16,31667	53,51
16,33333	53,51
16,35000	53,50
16,36667	53,50
16,38333	53,50
16,40000	53,50
16,41667	53,50
16,43333	53,50
16,45000	53,50
16,46667	53,50
16,48333	53,50
16,50000	53,51
16,51667	53,51
16,53333	53,51
16,55000	53,50
16,56667	53,50
16,58333	53,50
16,60000	53,50
16,61667	53,50
16,63333	53,50
16,65000	53,50
16,66667	53,50
16,68333	53,50
16,70000	53,50
16,71667	53,51
16,73333	53,51
16,75000	53,51
16,76667	53,52
16,78333	53,52
16,80000	53,51
16,81667	53,51
16,83333	53,51
16,85000	53,51
16,86667	53,50
16,88333	53,50
16,90000	53,50
16,91667	53,51
16,93333	53,52
16,95000	53,52
16,96667	53,52
16,98333	53,52
17,00000	53,52
17,01667	53,51
17,03333	53,52
17,05000	53,52
17,06667	53,52
17,08333	53,52
17,10000	53,52
17,11667	53,53
17,13333	53,53
17,15000	53,52
17,16667	53,52
17,18333	53,52
17,20000	53,52
17,21667	53,52
17,23333	53,52
17,25000	53,51
17,26667	53,50
17,28333	53,51
17,30000	53,51
17,31667	53,51
17,33333	53,50
17,35000	53,50
17,36667	53,50
17,38333	53,50
17,40000	53,51
17,41667	53,51
17,43333	53,51
17,45000	53,51
17,46667	53,51
17,48333	53,51
17,50000	53,51
17,51667	53,51
17,53333	53,51
17,55000	53,51
17,56667	53,51
17,58333	53,51
17,60000	53,51
17,61667	53,51
17,63333	53,51
17,65000	53,50
17,66667	53,50
17,68333	53,50
17,70000	53,50
17,71667	53,52
17,73333	53,52
17,75000	53,52
17,76667	53,52
17,78333	53,52
17,80000	53,52
17,81667	53,52
17,83333	53,53
17,85000	53,52
17,86667	53,52
17,88333	53,52
17,90000	53,52
17,91667	53,51
17,93333	53,51
17,95000	53,51
17,96667	53,52
17,98333	53,52
18,00000	53,52
18,01667	53,52
18,03333	53,52
18,05000	53,52
18,06667	53,52
18,08333	53,53
18,10000	53,53
18,11667	53,53
18,13333	53,53
18,15000	53,52
18,16667	53,52
18,18333	53,52
18,20000	53,52
18,21667	53,52
18,23333	53,52
18,25000	53,51
18,26667	53,52
18,28333	53,52
18,30000	53,51
18,31667	53,52
18,33333	53,52
18,35000	53,53
18,36667	53,53
18,38333	53,54
18,40000	53,54
18,41667	53,53
18,43333	53,52
18,45000	53,52
18,46667	53,52
18,48333	53,52
18,50000	53,52
18,51667	53,52
18,53333	53,52
18,55000	53,52
18,56667	53,52
18,58333	53,51
18,60000	53,51
18,61667	53,52
18,63333	53,52
18,65000	53,52
18,66667	53,53
18,68333	53,53
18,70000	53,54
18,71667	53,53
18,73333	53,53
18,75000	53,53
18,76667	53,53
18,78333	53,53
18,80000	53,53
18,81667	53,53
18,83333	53,53
18,85000	53,54
18,86667	53,53
18,88333	53,53
18,90000	53,53
18,91667	53,53
18,93333	53,53
18,95000	53,53
18,96667	53,53
18,98333	53,54
19,00000	53,53
19,01667	53,53
19,03333	53,53
19,05000	53,52
19,06667	53,52
19,08333	53,52
19,10000	53,52
19,11667	53,53
19,13333	53,53
19,15000	53,54
19,16667	53,55
19,18333	53,54
19,20000	53,54
19,21667	53,54
19,23333	53,53
19,25000	53,52
19,26667	53,52
19,28333	53,52
19,30000	53,52
19,31667	53,52
19,33333	53,52
19,35000	53,52
19,36667	53,52
19,38333	53,52
19,40000	53,52
19,41667	53,52
19,43333	53,53
19,45000	53,53
19,46667	53,53
19,48333	53,53
19,50000	53,53
19,51667	53,54
19,53333	53,54
19,55000	53,53
19,56667	53,53
19,58333	53,53
19,60000	53,53
19,61667	53,53
19,63333	53,53
19,65000	53,53
19,66667	53,53
19,68333	53,53
19,70000	53,53
19,71667	53,52
19,73333	53,52
19,75000	53,52
19,76667	53,53
19,78333	53,53
19,80000	53,52
19,81667	53,52
19,83333	53,51
19,85000	53,51
19,86667	53,51
19,88333	53,51
19,90000	53,51
19,91667	53,51
19,93333	53,51
19,95000	53,52
19,96667	53,52
19,98333	53,52
20,00000	53,52
20,01667	53,53
20,03333	53,52
20,05000	53,52
20,06667	53,52
20,08333	53,52
20,10000	53,52
20,11667	53,52
20,13333	53,53
20,15000	53,53
20,16667	53,53
20,18333	53,52
20,20000	53,52
20,21667	53,53
20,23333	53,53
20,25000	53,53
20,26667	53,52
20,28333	53,52
20,30000	53,52
20,31667	53,52
20,33333	53,52
20,35000	53,52
20,36667	53,52
20,38333	53,52
20,40000	53,52
20,41667	53,52
20,43333	53,52
20,45000	53,52
20,46667	53,52
20,48333	53,52
20,50000	53,53
20,51667	53,53
20,53333	53,52
20,55000	53,52
20,56667	53,52
20,58333	53,52
20,60000	53,53
20,61667	53,53
20,63333	53,53
20,65000	53,52
20,66667	53,52
20,68333	53,52
20,70000	53,52
20,71667	53,51
20,73333	53,51
20,75000	53,51
20,76667	53,52
20,78333	53,52
20,80000	53,53
20,81667	53,53
20,83333	53,53
20,85000	53,53
20,86667	53,52
20,88333	53,52
20,90000	53,52
20,91667	53,53
20,93333	53,53
20,95000	53,52
20,96667	53,52
20,98333	53,53
21,00000	53,52
21,01667	53,53
21,03333	53,53
21,05000	53,52
21,06667	53,53
21,08333	53,53
21,10000	53,53
21,11667	53,53
21,13333	53,53
21,15000	53,53
21,16667	53,53
21,18333	53,53
21,20000	53,53
21,21667	53,52
21,23333	53,52
21,25000	53,52
21,26667	53,52
21,28333	53,52
21,30000	53,53
21,31667	53,53
21,33333	53,53
21,35000	53,53
21,36667	53,53
21,38333	53,53
21,40000	53,53
21,41667	53,53
21,43333	53,53
21,45000	53,52
21,46667	53,52
21,48333	53,52
21,50000	53,52
21,51667	53,52
21,53333	53,52
21,55000	53,52
21,56667	53,52
21,58333	53,52
21,60000	53,52
21,61667	53,51
21,63333	53,51
21,65000	53,51
21,66667	53,50
21,68333	53,50
21,70000	53,51
21,71667	53,51
21,73333	53,52
21,75000	53,53
21,76667	53,53
21,78333	53,53
21,80000	53,52
21,81667	53,51
21,83333	53,52
21,85000	53,52
21,86667	53,52
21,88333	53,52
21,90000	53,52
21,91667	53,52
21,93333	53,53
21,95000	53,53
21,96667	53,54
21,98333	53,53
22,00000	53,52
22,01667	53,52
22,03333	53,51
22,05000	53,52
22,06667	53,53
22,08333	53,53
22,10000	53,53
22,11667	53,53
22,13333	53,53
22,15000	53,52
22,16667	53,52
22,18333	53,52
22,20000	53,52
22,21667	53,52
22,23333	53,52
22,25000	53,52
22,26667	53,54
22,28333	53,54
22,30000	53,54
22,31667	53,55
22,33333	53,55
22,35000	53,55
22,36667	53,55
22,38333	53,54
22,40000	53,54
22,41667	53,54
22,43333	53,53
22,45000	53,53
22,46667	53,54
22,48333	53,54
22,50000	53,53
22,51667	53,54
22,53333	53,54
22,55000	53,54
22,56667	53,54
22,58333	53,54
22,60000	53,53
22,61667	53,53
22,63333	53,53
22,65000	53,53
22,66667	53,52
22,68333	53,52
22,70000	53,52
22,71667	53,52
22,73333	53,51
22,75000	53,52
22,76667	53,52
22,78333	53,52
22,80000	53,52
22,81667	53,51
22,83333	53,51
22,85000	53,51
22,86667	53,51
22,88333	53,51
22,90000	53,52
22,91667	53,52
22,93333	53,52
22,95000	53,52
22,96667	53,53
22,98333	53,53
23,00000	53,53
23,01667	53,53
23,03333	53,53
23,05000	53,53
23,06667	53,53
23,08333	53,53
23,10000	53,54
23,11667	53,54
23,13333	53,54
23,15000	53,53
23,16667	53,54
23,18333	53,54
23,20000	53,54
23,21667	53,53
23,23333	53,53
23,25000	53,53
23,26667	53,53
23,28333	53,53
23,30000	53,53
23,31667	53,53
23,33333	53,54
23,35000	53,54
23,36667	53,54
23,38333	53,54
23,40000	53,55
23,41667	53,55
23,43333	53,54
23,45000	53,54
23,46667	53,53
23,48333	53,53
23,50000	53,53
23,51667	53,54
23,53333	53,54
23,55000	53,54
23,56667	53,54
23,58333	53,54
23,60000	53,54
23,61667	53,53
23,63333	53,53
23,65000	53,52
23,66667	53,52
23,68333	53,53
23,70000	53,53
23,71667	53,54
23,73333	53,54
23,75000	53,54
23,76667	53,53
23,78333	53,53
23,80000	53,53
23,81667	53,53
23,83333	53,53
23,85000	53,53
23,86667	53,53
23,88333	53,53
23,90000	53,53
23,91667	53,53
23,93333	53,53
23,95000	53,52
23,96667	53,52
23,98333	53,53
24,00000	53,53
24,01667	53,53
24,03333	53,54
24,05000	53,54
24,06667	53,55
24,08333	53,54
24,10000	53,54
24,11667	53,53
24,13333	53,53
24,15000	53,53
24,16667	53,53
24,18333	53,53
24,20000	53,53
24,21667	53,53
24,23333	53,52
24,25000	53,51
24,26667	53,51
24,28333	53,52
24,30000	53,52
24,31667	53,52
24,33333	53,52
24,35000	53,52
24,36667	53,52
24,38333	53,52
24,40000	53,52
24,41667	53,52
24,43333	53,53
24,45000	53,52
24,46667	53,52
24,48333	53,53
24,50000	53,53
24,51667	53,53
24,53333	53,52
24,55000	53,52
24,56667	53,53
24,58333	53,54
24,60000	53,54
24,61667	53,53
24,63333	53,53
24,65000	53,53
24,66667	53,53
24,68333	53,54
24,70000	53,54
24,71667	53,54
24,73333	53,54
24,75000	53,53
24,76667	53,53
24,78333	53,52
24,80000	53,52
24,81667	53,52
24,83333	53,52
24,85000	53,53
24,86667	53,52
24,88333	53,52
24,90000	53,53
24,91667	53,53
24,93333	53,53
24,95000	53,53
24,96667	53,54
24,98333	53,54
25,00000	53,54
25,01667	53,54
25,03333	53,54
25,05000	53,54
25,06667	53,54
25,08333	53,53
25,10000	53,52
25,11667	53,52
25,13333	53,52
25,15000	53,52
25,16667	53,53
25,18333	53,53
25,20000	53,53
25,21667	53,53
25,23333	53,52
25,25000	53,52
25,26667	53,53
25,28333	53,53
25,30000	53,54
25,31667	53,54
25,33333	53,54
25,35000	53,53
25,36667	53,53
25,38333	53,54
25,40000	53,54
25,41667	53,54
25,43333	53,54
25,45000	53,53
25,46667	53,53
25,48333	53,53
25,50000	53,52
25,51667	53,52
25,53333	53,52
25,55000	53,53
25,56667	53,52
25,58333	53,52
25,60000	53,52
25,61667	53,53
25,63333	53,53
25,65000	53,53
25,66667	53,52
25,68333	53,52
25,70000	53,52
25,71667	53,52
25,73333	53,53
25,75000	53,53
25,76667	53,52
25,78333	53,52
25,80000	53,52
25,81667	53,52
25,83333	53,53
25,85000	53,53
25,86667	53,53
25,88333	53,53
25,90000	53,53
25,91667	53,53
25,93333	53,52
25,95000	53,53
25,96667	53,52
25,98333	53,52
26,00000	53,52
26,01667	53,52
26,03333	53,52
26,05000	53,53
26,06667	53,53
26,08333	53,53
26,10000	53,53
26,11667	53,53
26,13333	53,53
26,15000	53,52
26,16667	53,52
26,18333	53,52
26,20000	53,53
26,21667	53,53
26,23333	53,53
26,25000	53,53
26,26667	53,54
26,28333	53,55
26,30000	53,55
26,31667	53,55
26,33333	53,54
26,35000	53,54
26,36667	53,54
26,38333	53,54
26,40000	53,54
26,41667	53,53
26,43333	53,53
26,45000	53,54
26,46667	53,55
26,48333	53,55
26,50000	53,55
26,51667	53,54
26,53333	53,54
26,55000	53,54
26,56667	53,54
26,58333	53,54
26,60000	53,55
26,61667	53,55
26,63333	53,55
26,65000	53,54
26,66667	53,54
26,68333	53,54
26,70000	53,54
26,71667	53,53
26,73333	53,52
26,75000	53,52
26,76667	53,53
26,78333	53,53
26,80000	53,53
26,81667	53,52
26,83333	53,52
26,85000	53,52
26,86667	53,52
26,88333	53,52
26,90000	53,53
26,91667	53,53
26,93333	53,54
26,95000	53,54
26,96667	53,54
26,98333	53,53
27,00000	53,53
27,01667	53,53
27,03333	53,52
27,05000	53,53
27,06667	53,53
27,08333	53,53
27,10000	53,53
27,11667	53,53
27,13333	53,53
27,15000	53,53
27,16667	53,54
27,18333	53,54
27,20000	53,54
27,21667	53,54
27,23333	53,53
27,25000	53,53
27,26667	53,53
27,28333	53,53
27,30000	53,53
27,31667	53,53
27,33333	53,52
27,35000	53,52
27,36667	53,53
27,38333	53,52
27,40000	53,51
27,41667	53,51
27,43333	53,52
27,45000	53,52
27,46667	53,52
27,48333	53,52
27,50000	53,53
27,51667	53,53
27,53333	53,52
27,55000	53,52
27,56667	53,52
27,58333	53,52
27,60000	53,53
27,61667	53,53
27,63333	53,53
27,65000	53,53
27,66667	53,53
27,68333	53,52
27,70000	53,51
27,71667	53,51
27,73333	53,51
27,75000	53,51
27,76667	53,51
27,78333	53,52
27,80000	53,52
27,81667	53,52
27,83333	53,53
27,85000	53,53
27,86667	53,53
27,88333	53,52
27,90000	53,53
27,91667	53,53
27,93333	53,53
27,95000	53,53
27,96667	53,53
27,98333	53,54
28,00000	53,54
28,01667	53,54
28,03333	53,55
28,05000	53,54
28,06667	53,53
28,08333	53,53
28,10000	53,53
28,11667	53,53
28,13333	53,53
28,15000	53,53
28,16667	53,53
28,18333	53,53
28,20000	53,53
28,21667	53,54
28,23333	53,54
28,25000	53,54
28,26667	53,53
28,28333	53,53
28,30000	53,54
28,31667	53,54
28,33333	53,54
28,35000	53,55
28,36667	53,54
28,38333	53,54
28,40000	53,54
28,41667	53,54
28,43333	53,54
28,45000	53,54
28,46667	53,54
28,48333	53,54
28,50000	53,54
28,51667	53,53
28,53333	53,53
28,55000	53,53
28,56667	53,53
28,58333	53,54
28,60000	53,54
28,61667	53,54
28,63333	53,54
28,65000	53,54
28,66667	53,54
28,68333	53,55
28,70000	53,55
28,71667	53,54
28,73333	53,54
28,75000	53,54
28,76667	53,54
28,78333	53,54
28,80000	53,53
28,81667	53,54
28,83333	53,54
28,85000	53,53
28,86667	53,53
28,88333	53,53
28,90000	53,53
28,91667	53,52
28,93333	53,52
28,95000	53,52
28,96667	53,52
28,98333	53,52
29,00000	53,52
29,01667	53,52
29,03333	53,52
29,05000	53,52
29,06667	53,53
29,08333	53,54
29,10000	53,55
29,11667	53,54
29,13333	53,54
29,15000	53,54
29,16667	53,54
29,18333	53,53
29,20000	53,53
29,21667	53,54
29,23333	53,54
29,25000	53,54
29,26667	53,55
29,28333	53,55
29,30000	53,54
29,31667	53,54
29,33333	53,54
29,35000	53,54
29,36667	53,54
29,38333	53,54
29,40000	53,54
29,41667	53,54
29,43333	53,54
29,45000	53,55
29,46667	53,55
29,48333	53,55
29,50000	53,54
29,51667	53,55
29,53333	53,55
29,55000	53,56
29,56667	53,55
29,58333	53,55
29,60000	53,54
29,61667	53,54
29,63333	53,54
29,65000	53,54
29,66667	53,54
29,68333	53,54
29,70000	53,53
29,71667	53,54
29,73333	53,54
29,75000	53,54
29,76667	53,54
29,78333	53,54
29,80000	53,54
29,81667	53,53
29,83333	53,52
29,85000	53,52
29,86667	53,53
29,88333	53,54
29,90000	53,53
29,91667	53,53
29,93333	53,53
29,95000	53,53
29,96667	53,53
29,98333	53,53
30,00000	53,53
30,01667	53,53
30,03333	53,54
30,05000	53,54
30,06667	53,53
30,08333	53,53
30,10000	53,53
30,11667	53,52
30,13333	53,52
30,15000	53,52
30,16667	53,53
30,18333	53,53
30,20000	53,53
30,21667	53,53
30,23333	53,53
30,25000	53,53
30,26667	53,53
30,28333	53,53
30,30000	53,53
30,31667	53,54
30,33333	53,53
30,35000	53,53
30,36667	53,53
30,38333	53,54
30,40000	53,55
30,41667	53,55
30,43333	53,54
30,45000	53,54
30,46667	53,54
30,48333	53,54
30,50000	53,54
30,51667	53,53
30,53333	53,53
30,55000	53,53
30,56667	53,53
30,58333	53,54
30,60000	53,54
30,61667	53,54
30,63333	53,53
30,65000	53,52
30,66667	53,52
30,68333	53,52
30,70000	53,52
30,71667	53,53
30,73333	53,53
30,75000	53,53
30,76667	53,53
30,78333	53,53
30,80000	53,54
30,81667	53,53
30,83333	53,53
30,85000	53,53
30,86667	53,53
30,88333	53,53
30,90000	53,54
30,91667	53,54
30,93333	53,54
30,95000	53,54
30,96667	53,54
30,98333	53,53
31,00000	53,53
31,01667	53,53
31,03333	53,53
31,05000	53,53
31,06667	53,53
31,08333	53,53
31,10000	53,53
31,11667	53,53
31,13333	53,53
31,15000	53,52
31,16667	53,52
31,18333	53,52
31,20000	53,52
31,21667	53,53
31,23333	53,53
31,25000	53,53
31,26667	53,53
31,28333	53,53
31,30000	53,53
31,31667	53,54
31,33333	53,53
31,35000	53,53
31,36667	53,53
31,38333	53,53
31,40000	53,53
31,41667	53,53
31,43333	53,54
31,45000	53,55
31,46667	53,55
31,48333	53,55
31,50000	53,55
31,51667	53,54
31,53333	53,54
31,55000	53,55
31,56667	53,55
31,58333	53,54
31,60000	53,54
31,61667	53,53
31,63333	53,53
31,65000	53,53
31,66667	53,53
31,68333	53,53
31,70000	53,53
31,71667	53,54
31,73333	53,54
31,75000	53,55
31,76667	53,55
31,78333	53,54
31,80000	53,53
31,81667	53,53
31,83333	53,53
31,85000	53,53
31,86667	53,53
31,88333	53,54
31,90000	53,55
31,91667	53,55
31,93333	53,53
31,95000	53,53
31,96667	53,53
31,98333	53,53
32,00000	53,53

[PDA Multi Chromatogram(Ch1)]
# of Points	      3001
Interval(msec)	640
Start Time(min)	0
End Time(min)	32
Intensity Units	mAU
Intensity Multiplier	1
Type	MultiChrom
Wavelength(nm)	215
Bandwidth(nm)	4
R.Time (min)	Intensity
0,00000	0
0,01067	0
0,02133	-349
0,03200	-698
0,04267	-1039
0,05333	-1378
0,06400	-1719
0,07467	-2055
0,08533	-2391
0,09600	-2727
0,10667	-3063
0,11733	-3397
0,12800	-3728
0,13867	-4060
0,14933	-4393
0,16000	-4725
0,17067	-5058
0,18133	-5389
0,19200	-5716
0,20267	-6039
0,21333	-6362
0,22400	-6683
0,23467	-7000
0,24533	-7314
0,25600	-7627
0,26667	-7936
0,27733	-8242
0,28800	-8547
0,29867	-8849
0,30933	-9151
0,32000	-9451
0,33067	-9746
0,34133	-10041
0,35200	-10333
0,36267	-10621
0,37333	-10908
0,38400	-11192
0,39467	-11473
0,40533	-11752
0,41600	-12029
0,42667	-12306
0,43733	-12583
0,44800	-12858
0,45867	-13129
0,46933	-13401
0,48000	-13671
0,49067	-13942
0,50133	-14212
0,51200	-14476
0,52267	-14739
0,53333	-15002
0,54400	-15266
0,55467	-15529
0,56533	-15790
0,57600	-16052
0,58667	-16316
0,59733	-16580
0,60800	-16847
0,61867	-17113
0,62933	-17381
0,64000	-17650
0,65067	-17919
0,66133	-18191
0,67200	-18467
0,68267	-18745
0,69333	-19025
0,70400	-19307
0,71467	-19589
0,72533	-19872
0,73600	-20158
0,74667	-20444
0,75733	-20730
0,76800	-21017
0,77867	-21306
0,78933	-21595
0,80000	-21886
0,81067	-22177
0,82133	-22463
0,83200	-22752
0,84267	-23039
0,85333	-23322
0,86400	-23608
0,87467	-23894
0,88533	-24179
0,89600	-24461
0,90667	-24741
0,91733	-25019
0,92800	-25292
0,93867	-25563
0,94933	-25830
0,96000	-26092
0,97067	-26351
0,98133	-26602
0,99200	-26847
1,00267	-27085
1,01333	-27313
1,02400	-27533
1,03467	-27738
1,04533	-27931
1,05600	-28110
1,06667	-28276
1,07733	-28427
1,08800	-28562
1,09867	-28678
1,10933	-28776
1,12000	-28854
1,13067	-28914
1,14133	-28954
1,15200	-28974
1,16267	-28976
1,17333	-28958
1,18400	-28921
1,19467	-28864
1,20533	-28786
1,21600	-28688
1,22667	-28569
1,23733	-28431
1,24800	-28272
1,25867	-28094
1,26933	-27895
1,28000	-27680
1,29067	-27446
1,30133	-27192
1,31200	-26920
1,32267	-26630
1,33333	-26320
1,34400	-25992
1,35467	-25650
1,36533	-25290
1,37600	-24910
1,38667	-24512
1,39733	-24099
1,40800	-23671
1,41867	-23224
1,42933	-22761
1,44000	-22282
1,45067	-21789
1,46133	-21283
1,47200	-20761
1,48267	-20226
1,49333	-19676
1,50400	-19116
1,51467	-18547
1,52533	-17969
1,53600	-17379
1,54667	-16780
1,55733	-16176
1,56800	-15564
1,57867	-14944
1,58933	-14319
1,60000	-13690
1,61067	-13057
1,62133	-12422
1,63200	-11785
1,64267	-11148
1,65333	-10512
1,66400	-9877
1,67467	-9240
1,68533	-8604
1,69600	-7972
1,70667	-7346
1,71733	-6724
1,72800	-6109
1,73867	-5494
1,74933	-4881
1,76000	-4278
1,77067	-3680
1,78133	-3085
1,79200	-2498
1,80267	-1915
1,81333	-1338
1,82400	-767
1,83467	-201
1,84533	358
1,85600	908
1,86667	1452
1,87733	1989
1,88800	2520
1,89867	3042
1,90933	3554
1,92000	4061
1,93067	4557
1,94133	5042
1,95200	5519
1,96267	5990
1,97333	6451
1,98400	6899
1,99467	7338
2,00533	7768
2,01600	8187
2,02667	8594
2,03733	8993
2,04800	9385
2,05867	9766
2,06933	10137
2,08000	10497
2,09067	10850
2,10133	11194
2,11200	11528
2,12267	11855
2,13333	12172
2,14400	12481
2,15467	12784
2,16533	13083
2,17600	13371
2,18667	13648
2,19733	13919
2,20800	14184
2,21867	14442
2,22933	14695
2,24000	14939
2,25067	15176
2,26133	15410
2,27200	15636
2,28267	15855
2,29333	16070
2,30400	16284
2,31467	16492
2,32533	16694
2,33600	16894
2,34667	17092
2,35733	17285
2,36800	17475
2,37867	17660
2,38933	17841
2,40000	18020
2,41067	18196
2,42133	18370
2,43200	18537
2,44267	18701
2,45333	18863
2,46400	19019
2,47467	19173
2,48533	19327
2,49600	19474
2,50667	19614
2,51733	19754
2,52800	19894
2,53867	20029
2,54933	20158
2,56000	20285
2,57067	20411
2,58133	20533
2,59200	20653
2,60267	20767
2,61333	20881
2,62400	20995
2,63467	21109
2,64533	21221
2,65600	21328
2,66667	21434
2,67733	21539
2,68800	21640
2,69867	21737
2,70933	21833
2,72000	21930
2,73067	22024
2,74133	22114
2,75200	22202
2,76267	22284
2,77333	22365
2,78400	22445
2,79467	22522
2,80533	22601
2,81600	22677
2,82667	22749
2,83733	22822
2,84800	22893
2,85867	22967
2,86933	23039
2,88000	23111
2,89067	23183
2,90133	23254
2,91200	23322
2,92267	23389
2,93333	23459
2,94400	23528
2,95467	23597
2,96533	23664
2,97600	23731
2,98667	23794
2,99733	23856
3,00800	23917
3,01867	23976
3,02933	24034
3,04000	24092
3,05067	24150
3,06133	24206
3,07200	24262
3,08267	24316
3,09333	24370
3,10400	24425
3,11467	24479
3,12533	24533
3,13600	24587
3,14667	24639
3,15733	24689
3,16800	24743
3,17867	24798
3,18933	24851
3,20000	24902
3,21067	24951
3,22133	25001
3,23200	25052
3,24267	25103
3,25333	25151
3,26400	25197
3,27467	25241
3,28533	25284
3,29600	25326
3,30667	25368
3,31733	25412
3,32800	25457
3,33867	25502
3,34933	25546
3,36000	25588
3,37067	25636
3,38133	25686
3,39200	25737
3,40267	25787
3,41333	25837
3,42400	25889
3,43467	25940
3,44533	25989
3,45600	26037
3,46667	26085
3,47733	26133
3,48800	26180
3,49867	26224
3,50933	26266
3,52000	26308
3,53067	26350
3,54133	26390
3,55200	26417
3,56267	26406
3,57333	26302
3,58400	26030
3,59467	25499
3,60533	24640
3,61600	23432
3,62667	21901
3,63733	20131
3,64800	18253
3,65867	16447
3,66933	14929
3,68000	13997
3,69067	14364
3,70133	17793
3,71200	26892
3,72267	42894
3,73333	63291
3,74400	82634
3,75467	96211
3,76533	102608
3,77600	103185
3,78667	100209
3,79733	95596
3,80800	90507
3,81867	85358
3,82933	80038
3,84000	74332
3,85067	68296
3,86133	62245
3,87200	56530
3,88267	51409
3,89333	47007
3,90400	43351
3,91467	40407
3,92533	38104
3,93600	36346
3,94667	35029
3,95733	34063
3,96800	33373
3,97867	32903
3,98933	32611
4,00000	32474
4,01067	32476
4,02133	32613
4,03200	32882
4,04267	33276
4,05333	33783
4,06400	34156
4,07467	31420
4,08533	18325
4,09600	-8576
4,10667	-43553
4,11733	-78424
4,12800	-108444
4,13867	-131477
4,14933	-146666
4,16000	-154733
4,17067	-156423
4,18133	-154943
4,19200	-157489
4,20267	-166735
4,21333	-176969
4,22400	-178139
4,23467	-159795
4,24533	-88610
4,25600	183631
4,26667	668311
4,27733	1090386
4,28800	1311549
4,29867	1386622
4,30933	1356365
4,32000	1249281
4,33067	1093515
4,34133	915203
4,35200	734339
4,36267	563218
4,37333	409174
4,38400	277368
4,39467	170640
4,40533	88902
4,41600	29049
4,42667	-13967
4,43733	-45058
4,44800	-68043
4,45867	-85650
4,46933	-99585
4,48000	-110780
4,49067	-119788
4,50133	-127028
4,51200	-132841
4,52267	-137484
4,53333	-141148
4,54400	-144010
4,55467	-146238
4,56533	-147982
4,57600	-149365
4,58667	-150473
4,59733	-151366
4,60800	-152092
4,61867	-152682
4,62933	-153160
4,64000	-153551
4,65067	-153868
4,66133	-154128
4,67200	-154343
4,68267	-154522
4,69333	-154678
4,70400	-154821
4,71467	-154956
4,72533	-155092
4,73600	-155232
4,74667	-155378
4,75733	-155528
4,76800	-155686
4,77867	-155853
4,78933	-156034
4,80000	-156227
4,81067	-156435
4,82133	-156660
4,83200	-156904
4,84267	-157176
4,85333	-157479
4,86400	-157807
4,87467	-158153
4,88533	-158509
4,89600	-158870
4,90667	-159228
4,91733	-159579
4,92800	-159916
4,93867	-160233
4,94933	-160525
4,96000	-160789
4,97067	-161032
4,98133	-161270
4,99200	-161529
5,00267	-157847
5,01333	-40217
5,02400	445011
5,03467	1132170
5,04533	1639743
5,05600	1945738
5,06667	2125598
5,07733	2225566
5,08800	2271336
5,09867	2275775
5,10933	2248553
5,12000	2202372
5,13067	2151643
5,14133	2107398
5,15200	2073668
5,16267	2049959
5,17333	2034392
5,18400	2024407
5,19467	2018363
5,20533	2015213
5,21600	2014103
5,22667	2014488
5,23733	2015813
5,24800	2018032
5,25867	2021139
5,26933	2024547
5,28000	2027936
5,29067	2031515
5,30133	2035152
5,31200	2038748
5,32267	2042166
5,33333	2045349
5,34400	2048019
5,35467	2050042
5,36533	2051718
5,37600	2053106
5,38667	2054145
5,39733	2054698
5,40800	2054819
5,41867	2054539
5,42933	2053869
5,44000	2053023
5,45067	2052158
5,46133	2051042
5,47200	2049844
5,48267	2048906
5,49333	2047946
5,50400	2046704
5,51467	2045675
5,52533	2045106
5,53600	2044989
5,54667	2045483
5,55733	2046641
5,56800	2052173
5,57867	2069620
5,58933	2105802
5,60000	2157053
5,61067	2208656
5,62133	2248934
5,63200	2274573
5,64267	2287072
5,65333	2290363
5,66400	2288137
5,67467	2282615
5,68533	2275193
5,69600	2265693
5,70667	2252422
5,71733	2233894
5,72800	2209325
5,73867	2178863
5,74933	2143381
5,76000	2103937
5,77067	2061435
5,78133	2015851
5,79200	1966699
5,80267	1913450
5,81333	1855864
5,82400	1794095
5,83467	1729037
5,84533	1661976
5,85600	1594084
5,86667	1526155
5,87733	1458167
5,88800	1389770
5,89867	1320546
5,90933	1250506
5,92000	1180305
5,93067	1110826
5,94133	1043101
5,95200	978018
5,96267	916303
5,97333	858398
5,98400	804476
5,99467	754526
6,00533	708417
6,01600	665927
6,02667	626807
6,03733	590785
6,04800	557594
6,05867	526982
6,06933	498721
6,08000	472631
6,09067	448532
6,10133	426264
6,11200	405683
6,12267	386647
6,13333	369039
6,14400	352757
6,15467	337698
6,16533	323760
6,17600	310844
6,18667	298865
6,19733	287752
6,20800	277436
6,21867	267836
6,22933	258892
6,24000	250557
6,25067	242778
6,26133	235500
6,27200	228682
6,28267	222284
6,29333	216273
6,30400	210619
6,31467	205292
6,32533	200266
6,33600	195516
6,34667	191014
6,35733	186747
6,36800	182703
6,37867	178865
6,38933	175213
6,40000	171734
6,41067	168416
6,42133	165250
6,43200	162228
6,44267	159343
6,45333	156583
6,46400	153939
6,47467	151408
6,48533	148985
6,49600	146662
6,50667	144432
6,51733	142287
6,52800	140228
6,53867	138251
6,54933	136349
6,56000	134519
6,57067	132752
6,58133	131050
6,59200	129407
6,60267	127820
6,61333	126289
6,62400	124811
6,63467	123380
6,64533	121996
6,65600	120657
6,66667	119362
6,67733	118108
6,68800	116889
6,69867	115706
6,70933	114559
6,72000	113449
6,73067	112373
6,74133	111330
6,75200	110317
6,76267	109331
6,77333	108375
6,78400	107451
6,79467	106558
6,80533	105687
6,81600	104838
6,82667	104016
6,83733	103225
6,84800	102458
6,85867	101716
6,86933	101007
6,88000	100332
6,89067	99684
6,90133	99058
6,91200	98451
6,92267	97859
6,93333	97281
6,94400	96719
6,95467	96173
6,96533	95640
6,97600	95121
6,98667	94616
6,99733	94121
7,00800	93629
7,01867	93141
7,02933	92658
7,04000	92177
7,05067	91696
7,06133	91215
7,07200	90737
7,08267	90260
7,09333	89788
7,10400	89334
7,11467	89415
7,12533	106807
7,13600	226025
7,14667	530894
7,15733	923466
7,16800	1251030
7,17867	1481286
7,18933	1633391
7,20000	1730140
7,21067	1789790
7,22133	1825263
7,23200	1844886
7,24267	1853579
7,25333	1854338
7,26400	1849020
7,27467	1838443
7,28533	1823274
7,29600	1803886
7,30667	1779991
7,31733	1751226
7,32800	1716729
7,33867	1675192
7,34933	1624862
7,36000	1563546
7,37067	1488983
7,38133	1399711
7,39200	1296137
7,40267	1180794
7,41333	1058231
7,42400	934034
7,43467	813633
7,44533	701407
7,45600	600237
7,46667	511517
7,47733	435404
7,48800	371233
7,49867	317893
7,50933	274080
7,52000	238470
7,53067	209808
7,54133	186945
7,55200	168854
7,56267	154640
7,57333	143532
7,58400	134874
7,59467	128122
7,60533	122838
7,61600	118672
7,62667	115347
7,63733	112650
7,64800	110424
7,65867	108550
7,66933	106939
7,68000	105526
7,69067	104265
7,70133	103124
7,71200	102076
7,72267	101106
7,73333	100201
7,74400	99350
7,75467	98545
7,76533	97779
7,77600	97054
7,78667	96360
7,79733	95695
7,80800	95064
7,81867	94456
7,82933	93872
7,84000	93309
7,85067	92769
7,86133	92252
7,87200	91755
7,88267	91278
7,89333	90819
7,90400	90378
7,91467	89953
7,92533	89547
7,93600	89159
7,94667	88784
7,95733	88422
7,96800	88073
7,97867	87737
7,98933	87412
8,00000	87099
8,01067	86796
8,02133	86501
8,03200	86216
8,04267	85935
8,05333	85658
8,06400	85390
8,07467	85127
8,08533	84870
8,09600	84615
8,10667	84363
8,11733	84115
8,12800	83868
8,13867	83625
8,14933	83387
8,16000	83151
8,17067	82918
8,18133	82687
8,19200	82457
8,20267	82228
8,21333	81997
8,22400	81768
8,23467	81540
8,24533	81311
8,25600	81085
8,26667	80864
8,27733	80650
8,28800	80441
8,29867	80237
8,30933	80039
8,32000	79843
8,33067	79649
8,34133	79459
8,35200	79270
8,36267	79084
8,37333	78900
8,38400	78718
8,39467	78538
8,40533	78359
8,41600	78180
8,42667	78001
8,43733	77825
8,44800	77652
8,45867	77482
8,46933	77313
8,48000	77144
8,49067	76980
8,50133	76821
8,51200	76664
8,52267	76509
8,53333	76355
8,54400	76204
8,55467	76059
8,56533	75915
8,57600	75777
8,58667	75640
8,59733	75505
8,60800	75370
8,61867	75238
8,62933	75110
8,64000	74985
8,65067	74862
8,66133	74739
8,67200	74615
8,68267	74492
8,69333	74368
8,70400	74245
8,71467	74121
8,72533	73998
8,73600	73875
8,74667	73753
8,75733	73633
8,76800	73514
8,77867	73397
8,78933	73284
8,80000	73168
8,81067	73054
8,82133	72942
8,83200	72832
8,84267	72728
8,85333	72626
8,86400	72530
8,87467	72439
8,88533	72347
8,89600	72256
8,90667	72170
8,91733	72085
8,92800	72002
8,93867	71925
8,94933	71854
8,96000	71779
8,97067	71704
8,98133	71634
8,99200	71563
9,00267	71495
9,01333	71430
9,02400	71368
9,03467	71305
9,04533	71245
9,05600	71186
9,06667	71127
9,07733	71070
9,08800	71014
9,09867	70957
9,10933	70900
9,12000	70845
9,13067	70790
9,14133	70736
9,15200	70685
9,16267	70638
9,17333	70594
9,18400	70551
9,19467	70514
9,20533	70480
9,21600	70444
9,22667	70409
9,23733	70381
9,24800	70357
9,25867	70333
9,26933	70309
9,28000	70284
9,29067	70255
9,30133	70220
9,31200	70179
9,32267	70132
9,33333	70078
9,34400	70020
9,35467	69961
9,36533	69895
9,37600	69824
9,38667	69752
9,39733	69679
9,40800	69607
9,41867	69534
9,42933	69459
9,44000	69386
9,45067	69313
9,46133	69236
9,47200	69158
9,48267	69081
9,49333	69001
9,50400	68917
9,51467	68833
9,52533	68748
9,53600	68662
9,54667	68576
9,55733	68489
9,56800	68405
9,57867	68321
9,58933	68237
9,60000	68156
9,61067	68077
9,62133	67998
9,63200	67922
9,64267	67851
9,65333	67782
9,66400	67715
9,67467	67649
9,68533	67584
9,69600	67519
9,70667	67458
9,71733	67399
9,72800	67341
9,73867	67288
9,74933	67237
9,76000	67190
9,77067	67147
9,78133	67105
9,79200	67070
9,80267	67038
9,81333	67011
9,82400	66987
9,83467	66960
9,84533	66936
9,85600	66917
9,86667	66904
9,87733	66897
9,88800	66897
9,89867	66906
9,90933	66922
9,92000	66949
9,93067	66993
9,94133	67050
9,95200	67116
9,96267	67192
9,97333	67275
9,98400	67358
9,99467	67433
10,00533	67490
10,01600	67525
10,02667	67533
10,03733	67512
10,04800	67465
10,05867	67395
10,06933	67303
10,08000	67198
10,09067	67086
10,10133	66971
10,11200	66859
10,12267	66745
10,13333	66629
10,14400	66513
10,15467	66399
10,16533	66290
10,17600	66190
10,18667	66101
10,19733	66022
10,20800	65952
10,21867	65893
10,22933	65843
10,24000	65796
10,25067	65751
10,26133	65708
10,27200	65665
10,28267	65623
10,29333	65583
10,30400	65546
10,31467	65518
10,32533	65504
10,33600	65514
10,34667	65564
10,35733	65683
10,36800	65905
10,37867	66298
10,38933	66969
10,40000	68081
10,41067	69914
10,42133	72903
10,43200	77707
10,44267	85271
10,45333	96906
10,46400	114321
10,47467	139594
10,48533	175061
10,49600	223095
10,50667	285694
10,51733	363902
10,52800	457208
10,53867	562979
10,54933	676237
10,56000	790008
10,57067	896190
10,58133	986799
10,59200	1055109
10,60267	1096323
10,61333	1107924
10,62400	1089815
10,63467	1044316
10,64533	976118
10,65600	891713
10,66667	798331
10,67733	702842
10,68800	610823
10,69867	526072
10,70933	450616
10,72000	385042
10,73067	328958
10,74133	281456
10,75200	241446
10,76267	207858
10,77333	179757
10,78400	156342
10,79467	136947
10,80533	121010
10,81600	108032
10,82667	97583
10,83733	89273
10,84800	82746
10,85867	77689
10,86933	73824
10,88000	70903
10,89067	68721
10,90133	67108
10,91200	65924
10,92267	65062
10,93333	64434
10,94400	63977
10,95467	63642
10,96533	63393
10,97600	63207
10,98667	63067
10,99733	62956
11,00800	62867
11,01867	62794
11,02933	62734
11,04000	62682
11,05067	62634
11,06133	62592
11,07200	62552
11,08267	62513
11,09333	62479
11,10400	62447
11,11467	62413
11,12533	62381
11,13600	62353
11,14667	62325
11,15733	62295
11,16800	62264
11,17867	62237
11,18933	62212
11,20000	62186
11,21067	62160
11,22133	62136
11,23200	62112
11,24267	62086
11,25333	62064
11,26400	62040
11,27467	62015
11,28533	61991
11,29600	61968
11,30667	61948
11,31733	61932
11,32800	61917
11,33867	61906
11,34933	61894
11,36000	61881
11,37067	61871
11,38133	61865
11,39200	61865
11,40267	61865
11,41333	61868
11,42400	61873
11,43467	61877
11,44533	61881
11,45600	61880
11,46667	61878
11,47733	61873
11,48800	61861
11,49867	61844
11,50933	61820
11,52000	61796
11,53067	61767
11,54133	61733
11,55200	61697
11,56267	61661
11,57333	61629
11,58400	61600
11,59467	61573
11,60533	61547
11,61600	61524
11,62667	61505
11,63733	61487
11,64800	61473
11,65867	61462
11,66933	61453
11,68000	61447
11,69067	61448
11,70133	61453
11,71200	61461
11,72267	61471
11,73333	61481
11,74400	61480
11,75467	61467
11,76533	61445
11,77600	61417
11,78667	61385
11,79733	61351
11,80800	61315
11,81867	61279
11,82933	61247
11,84000	61217
11,85067	61190
11,86133	61169
11,87200	61149
11,88267	61128
11,89333	61109
11,90400	61093
11,91467	61081
11,92533	61073
11,93600	61067
11,94667	61062
11,95733	61062
11,96800	61063
11,97867	61064
11,98933	61067
12,00000	61070
12,01067	61075
12,02133	61078
12,03200	61082
12,04267	61093
12,05333	61113
12,06400	61147
12,07467	61201
12,08533	61281
12,09600	61383
12,10667	61503
12,11733	61628
12,12800	61748
12,13867	61845
12,14933	61904
12,16000	61918
12,17067	61891
12,18133	61829
12,19200	61743
12,20267	61651
12,21333	61564
12,22400	61482
12,23467	61411
12,24533	61350
12,25600	61297
12,26667	61253
12,27733	61217
12,28800	61185
12,29867	61157
12,30933	61132
12,32000	61111
12,33067	61090
12,34133	61070
12,35200	61052
12,36267	61034
12,37333	61015
12,38400	60997
12,39467	60978
12,40533	60959
12,41600	60937
12,42667	60910
12,43733	60879
12,44800	60845
12,45867	60812
12,46933	60772
12,48000	60726
12,49067	60679
12,50133	60627
12,51200	60570
12,52267	60512
12,53333	60448
12,54400	60374
12,55467	60299
12,56533	60217
12,57600	60128
12,58667	60036
12,59733	59942
12,60800	59842
12,61867	59736
12,62933	59623
12,64000	59504
12,65067	59379
12,66133	59247
12,67200	59112
12,68267	58978
12,69333	58845
12,70400	58719
12,71467	58608
12,72533	58523
12,73600	58476
12,74667	58470
12,75733	58510
12,76800	58589
12,77867	58690
12,78933	58785
12,80000	58844
12,81067	58844
12,82133	58773
12,83200	58634
12,84267	58445
12,85333	58228
12,86400	57999
12,87467	57769
12,88533	57545
12,89600	57330
12,90667	57124
12,91733	56926
12,92800	56736
12,93867	56559
12,94933	56396
12,96000	56244
12,97067	56101
12,98133	55971
12,99200	55850
13,00267	55742
13,01333	55643
13,02400	55551
13,03467	55465
13,04533	55385
13,05600	55311
13,06667	55242
13,07733	55172
13,08800	55104
13,09867	55041
13,10933	54981
13,12000	54927
13,13067	54877
13,14133	54832
13,15200	54800
13,16267	54776
13,17333	54758
13,18400	54745
13,19467	54731
13,20533	54714
13,21600	54692
13,22667	54661
13,23733	54621
13,24800	54576
13,25867	54527
13,26933	54477
13,28000	54428
13,29067	54381
13,30133	54339
13,31200	54302
13,32267	54276
13,33333	54255
13,34400	54239
13,35467	54231
13,36533	54228
13,37600	54234
13,38667	54243
13,39733	54250
13,40800	54252
13,41867	54245
13,42933	54226
13,44000	54195
13,45067	54153
13,46133	54104
13,47200	54050
13,48267	53997
13,49333	53948
13,50400	53904
13,51467	53864
13,52533	53828
13,53600	53797
13,54667	53771
13,55733	53747
13,56800	53726
13,57867	53704
13,58933	53685
13,60000	53669
13,61067	53654
13,62133	53640
13,63200	53628
13,64267	53615
13,65333	53609
13,66400	53603
13,67467	53593
13,68533	53586
13,69600	53580
13,70667	53578
13,71733	53576
13,72800	53577
13,73867	53581
13,74933	53580
13,76000	53579
13,77067	53577
13,78133	53570
13,79200	53560
13,80267	53549
13,81333	53540
13,82400	53530
13,83467	53517
13,84533	53503
13,85600	53490
13,86667	53479
13,87733	53471
13,88800	53464
13,89867	53454
13,90933	53447
13,92000	53440
13,93067	53433
13,94133	53431
13,95200	53437
13,96267	53450
13,97333	53472
13,98400	53509
13,99467	53559
14,00533	53618
14,01600	53685
14,02667	53757
14,03733	53826
14,04800	53883
14,05867	53924
14,06933	53947
14,08000	53946
14,09067	53924
14,10133	53885
14,11200	53835
14,12267	53777
14,13333	53715
14,14400	53654
14,15467	53600
14,16533	53551
14,17600	53511
14,18667	53479
14,19733	53450
14,20800	53431
14,21867	53421
14,22933	53414
14,24000	53412
14,25067	53413
14,26133	53414
14,27200	53417
14,28267	53420
14,29333	53423
14,30400	53428
14,31467	53433
14,32533	53435
14,33600	53436
14,34667	53432
14,35733	53429
14,36800	53424
14,37867	53417
14,38933	53406
14,40000	53393
14,41067	53378
14,42133	53361
14,43200	53344
14,44267	53329
14,45333	53315
14,46400	53298
14,47467	53284
14,48533	53272
14,49600	53257
14,50667	53242
14,51733	53227
14,52800	53212
14,53867	53200
14,54933	53186
14,56000	53172
14,57067	53159
14,58133	53148
14,59200	53140
14,60267	53131
14,61333	53123
14,62400	53116
14,63467	53110
14,64533	53107
14,65600	53107
14,66667	53106
14,67733	53105
14,68800	53103
14,69867	53104
14,70933	53104
14,72000	53100
14,73067	53098
14,74133	53098
14,75200	53096
14,76267	53094
14,77333	53092
14,78400	53090
14,79467	53087
14,80533	53084
14,81600	53083
14,82667	53083
14,83733	53084
14,84800	53086
14,85867	53088
14,86933	53091
14,88000	53094
14,89067	53097
14,90133	53103
14,91200	53110
14,92267	53120
14,93333	53132
14,94400	53143
14,95467	53153
14,96533	53165
14,97600	53178
14,98667	53186
14,99733	53190
15,00800	53188
15,01867	53180
15,02933	53172
15,04000	53164
15,05067	53152
15,06133	53138
15,07200	53125
15,08267	53113
15,09333	53103
15,10400	53098
15,11467	53096
15,12533	53092
15,13600	53088
15,14667	53087
15,15733	53086
15,16800	53088
15,17867	53091
15,18933	53090
15,20000	53090
15,21067	53092
15,22133	53094
15,23200	53096
15,24267	53097
15,25333	53098
15,26400	53097
15,27467	53096
15,28533	53098
15,29600	53098
15,30667	53095
15,31733	53099
15,32800	53104
15,33867	53105
15,34933	53107
15,36000	53110
15,37067	53108
15,38133	53105
15,39200	53102
15,40267	53097
15,41333	53087
15,42400	53075
15,43467	53059
15,44533	53038
15,45600	53011
15,46667	52981
15,47733	52949
15,48800	52916
15,49867	52879
15,50933	52836
15,52000	52791
15,53067	52744
15,54133	52694
15,55200	52639
15,56267	52584
15,57333	52528
15,58400	52468
15,59467	52403
15,60533	52335
15,61600	52266
15,62667	52197
15,63733	52125
15,64800	52055
15,65867	51982
15,66933	51910
15,68000	51842
15,69067	51774
15,70133	51705
15,71200	51635
15,72267	51565
15,73333	51499
15,74400	51433
15,75467	51370
15,76533	51308
15,77600	51247
15,78667	51187
15,79733	51130
15,80800	51077
15,81867	51025
15,82933	50973
15,84000	50921
15,85067	50870
15,86133	50823
15,87200	50779
15,88267	50739
15,89333	50698
15,90400	50659
15,91467	50622
15,92533	50586
15,93600	50552
15,94667	50521
15,95733	50491
15,96800	50459
15,97867	50429
15,98933	50402
16,00000	50374
16,01067	50346
16,02133	50321
16,03200	50298
16,04267	50274
16,05333	50250
16,06400	50228
16,07467	50205
16,08533	50184
16,09600	50166
16,10667	50145
16,11733	50125
16,12800	50109
16,13867	50096
16,14933	50080
16,16000	50066
16,17067	50053
16,18133	50040
16,19200	50027
16,20267	50015
16,21333	50000
16,22400	49987
16,23467	49976
16,24533	49964
16,25600	49953
16,26667	49943
16,27733	49934
16,28800	49925
16,29867	49918
16,30933	49910
16,32000	49903
16,33067	49896
16,34133	49889
16,35200	49885
16,36267	49877
16,37333	49868
16,38400	49861
16,39467	49854
16,40533	49844
16,41600	49836
16,42667	49832
16,43733	49829
16,44800	49822
16,45867	49814
16,46933	49806
16,48000	49798
16,49067	49790
16,50133	49783
16,51200	49775
16,52267	49769
16,53333	49763
16,54400	49754
16,55467	49744
16,56533	49736
16,57600	49727
16,58667	49718
16,59733	49710
16,60800	49703
16,61867	49694
16,62933	49686
16,64000	49677
16,65067	49667
16,66133	49658
16,67200	49648
16,68267	49638
16,69333	49628
16,70400	49620
16,71467	49611
16,72533	49603
16,73600	49595
16,74667	49587
16,75733	49580
16,76800	49573
16,77867	49566
16,78933	49558
16,80000	49550
16,81067	49546
16,82133	49542
16,83200	49537
16,84267	49535
16,85333	49536
16,86400	49538
16,87467	49537
16,88533	49536
16,89600	49535
16,90667	49535
16,91733	49533
16,92800	49530
16,93867	49524
16,94933	49513
16,96000	49504
16,97067	49493
16,98133	49481
16,99200	49468
17,00267	49453
17,01333	49441
17,02400	49430
17,03467	49419
17,04533	49406
17,05600	49393
17,06667	49381
17,07733	49368
17,08800	49357
17,09867	49346
17,10933	49336
17,12000	49327
17,13067	49320
17,14133	49311
17,15200	49304
17,16267	49299
17,17333	49295
17,18400	49291
17,19467	49288
17,20533	49287
17,21600	49285
17,22667	49282
17,23733	49278
17,24800	49274
17,25867	49268
17,26933	49259
17,28000	49251
17,29067	49242
17,30133	49233
17,31200	49227
17,32267	49223
17,33333	49217
17,34400	49210
17,35467	49203
17,36533	49196
17,37600	49188
17,38667	49181
17,39733	49172
17,40800	49163
17,41867	49155
17,42933	49144
17,44000	49131
17,45067	49118
17,46133	49104
17,47200	49092
17,48267	49081
17,49333	49073
17,50400	49063
17,51467	49051
17,52533	49043
17,53600	49038
17,54667	49029
17,55733	49018
17,56800	49008
17,57867	49000
17,58933	48995
17,60000	48986
17,61067	48977
17,62133	48971
17,63200	48966
17,64267	48960
17,65333	48951
17,66400	48945
17,67467	48940
17,68533	48935
17,69600	48928
17,70667	48918
17,71733	48908
17,72800	48902
17,73867	48895
17,74933	48890
17,76000	48884
17,77067	48879
17,78133	48876
17,79200	48872
17,80267	48868
17,81333	48865
17,82400	48862
17,83467	48859
17,84533	48856
17,85600	48858
17,86667	48860
17,87733	48865
17,88800	48869
17,89867	48874
17,90933	48886
17,92000	48906
17,93067	48938
17,94133	48985
17,95200	49057
17,96267	49158
17,97333	49294
17,98400	49475
17,99467	49713
18,00533	50018
18,01600	50395
18,02667	50851
18,03733	51392
18,04800	52017
18,05867	52716
18,06933	53488
18,08000	54320
18,09067	55195
18,10133	56102
18,11200	57024
18,12267	57940
18,13333	58836
18,14400	59708
18,15467	60543
18,16533	61337
18,17600	62088
18,18667	62791
18,19733	63448
18,20800	64060
18,21867	64627
18,22933	65143
18,24000	65606
18,25067	66010
18,26133	66339
18,27200	66578
18,28267	66713
18,29333	66723
18,30400	66595
18,31467	66320
18,32533	65894
18,33600	65317
18,34667	64599
18,35733	63758
18,36800	62816
18,37867	61800
18,38933	60742
18,40000	59670
18,41067	58610
18,42133	57589
18,43200	56623
18,44267	55725
18,45333	54900
18,46400	54149
18,47467	53472
18,48533	52870
18,49600	52335
18,50667	51857
18,51733	51434
18,52800	51063
18,53867	50735
18,54933	50443
18,56000	50188
18,57067	49966
18,58133	49770
18,59200	49599
18,60267	49449
18,61333	49319
18,62400	49205
18,63467	49111
18,64533	49032
18,65600	48967
18,66667	48912
18,67733	48867
18,68800	48832
18,69867	48804
18,70933	48785
18,72000	48772
18,73067	48760
18,74133	48754
18,75200	48752
18,76267	48754
18,77333	48758
18,78400	48764
18,79467	48769
18,80533	48773
18,81600	48777
18,82667	48782
18,83733	48789
18,84800	48795
18,85867	48799
18,86933	48803
18,88000	48807
18,89067	48811
18,90133	48815
18,91200	48817
18,92267	48818
18,93333	48817
18,94400	48819
18,95467	48824
18,96533	48831
18,97600	48840
18,98667	48854
18,99733	48877
19,00800	48907
19,01867	48947
19,02933	49000
19,04000	49067
19,05067	49146
19,06133	49234
19,07200	49336
19,08267	49448
19,09333	49564
19,10400	49681
19,11467	49795
19,12533	49901
19,13600	49996
19,14667	50074
19,15733	50133
19,16800	50172
19,17867	50187
19,18933	50179
19,20000	50146
19,21067	50093
19,22133	50022
19,23200	49937
19,24267	49842
19,25333	49740
19,26400	49636
19,27467	49531
19,28533	49427
19,29600	49328
19,30667	49231
19,31733	49141
19,32800	49057
19,33867	48980
19,34933	48910
19,36000	48845
19,37067	48787
19,38133	48733
19,39200	48683
19,40267	48638
19,41333	48597
19,42400	48560
19,43467	48527
19,44533	48498
19,45600	48471
19,46667	48445
19,47733	48422
19,48800	48398
19,49867	48378
19,50933	48364
19,52000	48349
19,53067	48335
19,54133	48321
19,55200	48306
19,56267	48293
19,57333	48281
19,58400	48269
19,59467	48259
19,60533	48253
19,61600	48246
19,62667	48240
19,63733	48235
19,64800	48230
19,65867	48226
19,66933	48225
19,68000	48224
19,69067	48223
19,70133	48221
19,71200	48220
19,72267	48217
19,73333	48216
19,74400	48216
19,75467	48217
19,76533	48217
19,77600	48215
19,78667	48216
19,79733	48218
19,80800	48216
19,81867	48215
19,82933	48214
19,84000	48212
19,85067	48211
19,86133	48209
19,87200	48207
19,88267	48207
19,89333	48201
19,90400	48198
19,91467	48195
19,92533	48191
19,93600	48189
19,94667	48187
19,95733	48186
19,96800	48186
19,97867	48183
19,98933	48181
20,00000	48179
20,01067	48175
20,02133	48172
20,03200	48170
20,04267	48169
20,05333	48166
20,06400	48165
20,07467	48167
20,08533	48169
20,09600	48169
20,10667	48168
20,11733	48166
20,12800	48164
20,13867	48161
20,14933	48158
20,16000	48156
20,17067	48152
20,18133	48148
20,19200	48144
20,20267	48141
20,21333	48139
20,22400	48135
20,23467	48133
20,24533	48134
20,25600	48132
20,26667	48129
20,27733	48132
20,28800	48138
20,29867	48143
20,30933	48149
20,32000	48156
20,33067	48168
20,34133	48184
20,35200	48203
20,36267	48228
20,37333	48259
20,38400	48298
20,39467	48343
20,40533	48395
20,41600	48455
20,42667	48524
20,43733	48599
20,44800	48684
20,45867	48776
20,46933	48877
20,48000	48989
20,49067	49111
20,50133	49239
20,51200	49377
20,52267	49526
20,53333	49682
20,54400	49845
20,55467	50016
20,56533	50192
20,57600	50376
20,58667	50567
20,59733	50764
20,60800	50964
20,61867	51166
20,62933	51372
20,64000	51581
20,65067	51787
20,66133	51996
20,67200	52208
20,68267	52417
20,69333	52626
20,70400	52832
20,71467	53034
20,72533	53231
20,73600	53424
20,74667	53613
20,75733	53796
20,76800	53975
20,77867	54151
20,78933	54323
20,80000	54487
20,81067	54646
20,82133	54803
20,83200	54955
20,84267	55102
20,85333	55243
20,86400	55378
20,87467	55507
20,88533	55635
20,89600	55759
20,90667	55876
20,91733	55990
20,92800	56100
20,93867	56207
20,94933	56309
20,96000	56404
20,97067	56497
20,98133	56585
20,99200	56671
21,00267	56754
21,01333	56831
21,02400	56905
21,03467	56976
21,04533	57044
21,05600	57108
21,06667	57170
21,07733	57228
21,08800	57281
21,09867	57329
21,10933	57377
21,12000	57424
21,13067	57470
21,14133	57511
21,15200	57550
21,16267	57587
21,17333	57621
21,18400	57658
21,19467	57696
21,20533	57731
21,21600	57763
21,22667	57796
21,23733	57829
21,24800	57861
21,25867	57892
21,26933	57922
21,28000	57950
21,29067	57977
21,30133	58004
21,31200	58030
21,32267	58054
21,33333	58079
21,34400	58104
21,35467	58134
21,36533	58163
21,37600	58190
21,38667	58214
21,39733	58234
21,40800	58258
21,41867	58281
21,42933	58304
21,44000	58330
21,45067	58354
21,46133	58375
21,47200	58397
21,48267	58420
21,49333	58444
21,50400	58468
21,51467	58494
21,52533	58522
21,53600	58545
21,54667	58569
21,55733	58596
21,56800	58623
21,57867	58650
21,58933	58675
21,60000	58701
21,61067	58725
21,62133	58748
21,63200	58771
21,64267	58796
21,65333	58820
21,66400	58841
21,67467	58862
21,68533	58882
21,69600	58903
21,70667	58924
21,71733	58947
21,72800	58969
21,73867	58990
21,74933	59014
21,76000	59040
21,77067	59067
21,78133	59095
21,79200	59121
21,80267	59146
21,81333	59174
21,82400	59201
21,83467	59226
21,84533	59251
21,85600	59277
21,86667	59302
21,87733	59327
21,88800	59351
21,89867	59377
21,90933	59400
21,92000	59421
21,93067	59446
21,94133	59469
21,95200	59490
21,96267	59510
21,97333	59530
21,98400	59550
21,99467	59571
22,00533	59594
22,01600	59618
22,02667	59644
22,03733	59669
22,04800	59694
22,05867	59719
22,06933	59750
22,08000	59786
22,09067	59819
22,10133	59854
22,11200	59893
22,12267	59930
22,13333	59966
22,14400	60004
22,15467	60041
22,16533	60075
22,17600	60108
22,18667	60143
22,19733	60178
22,20800	60213
22,21867	60245
22,22933	60274
22,24000	60303
22,25067	60330
22,26133	60355
22,27200	60378
22,28267	60397
22,29333	60416
22,30400	60433
22,31467	60444
22,32533	60452
22,33600	60459
22,34667	60461
22,35733	60461
22,36800	60459
22,37867	60452
22,38933	60439
22,40000	60426
22,41067	60411
22,42133	60395
22,43200	60376
22,44267	60353
22,45333	60330
22,46400	60307
22,47467	60281
22,48533	60253
22,49600	60225
22,50667	60198
22,51733	60167
22,52800	60136
22,53867	60105
22,54933	60075
22,56000	60045
22,57067	60017
22,58133	59991
22,59200	59966
22,60267	59941
22,61333	59920
22,62400	59902
22,63467	59885
22,64533	59868
22,65600	59856
22,66667	59847
22,67733	59843
22,68800	59840
22,69867	59840
22,70933	59847
22,72000	59854
22,73067	59862
22,74133	59876
22,75200	59895
22,76267	59913
22,77333	59929
22,78400	59950
22,79467	59971
22,80533	59990
22,81600	60008
22,82667	60028
22,83733	60049
22,84800	60068
22,85867	60085
22,86933	60104
22,88000	60120
22,89067	60133
22,90133	60146
22,91200	60159
22,92267	60166
22,93333	60172
22,94400	60181
22,95467	60187
22,96533	60193
22,97600	60198
22,98667	60200
22,99733	60204
23,00800	60208
23,01867	60210
23,02933	60210
23,04000	60210
23,05067	60211
23,06133	60209
23,07200	60206
23,08267	60206
23,09333	60207
23,10400	60210
23,11467	60215
23,12533	60221
23,13600	60231
23,14667	60243
23,15733	60252
23,16800	60262
23,17867	60273
23,18933	60285
23,20000	60299
23,21067	60314
23,22133	60328
23,23200	60339
23,24267	60350
23,25333	60362
23,26400	60373
23,27467	60380
23,28533	60384
23,29600	60389
23,30667	60393
23,31733	60396
23,32800	60400
23,33867	60406
23,34933	60413
23,36000	60421
23,37067	60429
23,38133	60435
23,39200	60444
23,40267	60455
23,41333	60465
23,42400	60475
23,43467	60484
23,44533	60494
23,45600	60502
23,46667	60512
23,47733	60523
23,48800	60536
23,49867	60550
23,50933	60558
23,52000	60564
23,53067	60571
23,54133	60576
23,55200	60582
23,56267	60589
23,57333	60596
23,58400	60605
23,59467	60615
23,60533	60630
23,61600	60642
23,62667	60652
23,63733	60663
23,64800	60673
23,65867	60684
23,66933	60698
23,68000	60711
23,69067	60720
23,70133	60731
23,71200	60742
23,72267	60750
23,73333	60757
23,74400	60764
23,75467	60770
23,76533	60771
23,77600	60772
23,78667	60774
23,79733	60777
23,80800	60780
23,81867	60783
23,82933	60786
23,84000	60787
23,85067	60786
23,86133	60787
23,87200	60788
23,88267	60787
23,89333	60788
23,90400	60788
23,91467	60786
23,92533	60785
23,93600	60785
23,94667	60784
23,95733	60785
23,96800	60786
23,97867	60785
23,98933	60785
24,00000	60787
24,01067	60793
24,02133	60800
24,03200	60809
24,04267	60821
24,05333	60837
24,06400	60855
24,07467	60871
24,08533	60889
24,09600	60909
24,10667	60933
24,11733	60960
24,12800	60989
24,13867	61025
24,14933	61075
24,16000	61141
24,17067	61229
24,18133	61343
24,19200	61485
24,20267	61658
24,21333	61867
24,22400	62115
24,23467	62405
24,24533	62739
24,25600	63117
24,26667	63535
24,27733	63997
24,28800	64501
24,29867	65043
24,30933	65620
24,32000	66224
24,33067	66854
24,34133	67511
24,35200	68185
24,36267	68872
24,37333	69570
24,38400	70270
24,39467	70966
24,40533	71654
24,41600	72327
24,42667	72983
24,43733	73615
24,44800	74219
24,45867	74792
24,46933	75334
24,48000	75840
24,49067	76315
24,50133	76752
24,51200	77147
24,52267	77504
24,53333	77824
24,54400	78103
24,55467	78349
24,56533	78562
24,57600	78741
24,58667	78887
24,59733	79000
24,60800	79084
24,61867	79142
24,62933	79177
24,64000	79193
24,65067	79195
24,66133	79196
24,67200	79218
24,68267	79293
24,69333	79473
24,70400	79828
24,71467	80426
24,72533	81328
24,73600	82562
24,74667	84086
24,75733	85774
24,76800	87432
24,77867	88834
24,78933	89778
24,80000	90139
24,81067	89889
24,82133	89095
24,83200	87896
24,84267	86452
24,85333	84909
24,86400	83371
24,87467	81904
24,88533	80536
24,89600	79270
24,90667	78108
24,91733	77039
24,92800	76053
24,93867	75147
24,94933	74317
24,96000	73557
24,97067	72862
24,98133	72231
24,99200	71657
25,00267	71129
25,01333	70645
25,02400	70198
25,03467	69776
25,04533	69373
25,05600	68985
25,06667	68609
25,07733	68244
25,08800	67884
25,09867	67526
25,10933	67172
25,12000	66820
25,13067	66467
25,14133	66115
25,15200	65757
25,16267	65393
25,17333	65023
25,18400	64645
25,19467	64264
25,20533	63886
25,21600	63513
25,22667	63142
25,23733	62776
25,24800	62416
25,25867	62064
25,26933	61726
25,28000	61414
25,29067	61130
25,30133	60861
25,31200	60590
25,32267	60305
25,33333	60003
25,34400	59680
25,35467	59333
25,36533	58959
25,37600	58563
25,38667	58157
25,39733	57750
25,40800	57347
25,41867	56956
25,42933	56575
25,44000	56205
25,45067	55847
25,46133	55500
25,47200	55167
25,48267	54849
25,49333	54539
25,50400	54239
25,51467	53948
25,52533	53669
25,53600	53419
25,54667	53203
25,55733	53010
25,56800	52810
25,57867	52565
25,58933	52264
25,60000	51914
25,61067	51531
25,62133	51134
25,63200	50740
25,64267	50359
25,65333	49995
25,66400	49645
25,67467	49312
25,68533	48997
25,69600	48693
25,70667	48400
25,71733	48116
25,72800	47841
25,73867	47574
25,74933	47314
25,76000	47061
25,77067	46813
25,78133	46576
25,79200	46349
25,80267	46126
25,81333	45909
25,82400	45701
25,83467	45500
25,84533	45312
25,85600	45137
25,86667	44971
25,87733	44805
25,88800	44639
25,89867	44475
25,90933	44314
25,92000	44166
25,93067	44041
25,94133	43936
25,95200	43837
25,96267	43729
25,97333	43603
25,98400	43455
25,99467	43292
26,00533	43122
26,01600	42952
26,02667	42786
26,03733	42625
26,04800	42473
26,05867	42330
26,06933	42198
26,08000	42076
26,09067	41957
26,10133	41842
26,11200	41735
26,12267	41645
26,13333	41615
26,14400	41761
26,15467	42285
26,16533	43373
26,17600	45024
26,18667	47007
26,19733	49074
26,20800	51203
26,21867	53632
26,22933	56674
26,24000	60553
26,25067	65353
26,26133	71027
26,27200	77347
26,28267	83720
26,29333	89098
26,30400	92268
26,31467	92451
26,32533	89723
26,33600	84905
26,34667	79077
26,35733	73136
26,36800	67621
26,37867	62763
26,38933	58603
26,40000	55095
26,41067	52166
26,42133	49747
26,43200	47777
26,44267	46184
26,45333	44902
26,46400	43876
26,47467	43055
26,48533	42392
26,49600	41853
26,50667	41407
26,51733	41034
26,52800	40717
26,53867	40440
26,54933	40190
26,56000	39957
26,57067	39740
26,58133	39535
26,59200	39342
26,60267	39169
26,61333	39030
26,62400	38942
26,63467	38937
26,64533	39048
26,65600	39303
26,66667	39705
26,67733	40223
26,68800	40797
26,69867	41352
26,70933	41814
26,72000	42134
26,73067	42288
26,74133	42275
26,75200	42114
26,76267	41835
26,77333	41472
26,78400	41054
26,79467	40606
26,80533	40147
26,81600	39691
26,82667	39264
26,83733	38887
26,84800	38581
26,85867	38364
26,86933	38257
26,88000	38307
26,89067	38602
26,90133	39263
26,91200	40400
26,92267	42081
26,93333	44326
26,94400	47033
26,95467	49869
26,96533	52299
26,97600	53817
26,98667	54231
26,99733	53728
27,00800	52693
27,01867	51521
27,02933	50528
27,04000	49950
27,05067	49982
27,06133	50719
27,07200	52013
27,08267	53442
27,09333	54490
27,10400	54837
27,11467	54509
27,12533	53874
27,13600	53718
27,14667	55554
27,15733	61594
27,16800	73446
27,17867	90018
27,18933	106993
27,20000	119197
27,21067	123782
27,22133	121297
27,23200	114291
27,24267	105384
27,25333	96277
27,26400	87768
27,27467	80140
27,28533	73465
27,29600	67761
27,30667	63027
27,31733	59227
27,32800	56288
27,33867	54100
27,34933	52538
27,36000	51474
27,37067	50785
27,38133	50370
27,39200	50144
27,40267	50045
27,41333	50038
27,42400	50093
27,43467	50185
27,44533	50301
27,45600	50436
27,46667	50593
27,47733	50764
27,48800	50948
27,49867	51147
27,50933	51370
27,52000	51635
27,53067	51976
27,54133	52404
27,55200	52901
27,56267	53423
27,57333	53921
27,58400	54378
27,59467	54781
27,60533	55100
27,61600	55310
27,62667	55418
27,63733	55466
27,64800	55507
27,65867	55557
27,66933	55592
27,68000	55585
27,69067	55535
27,70133	55468
27,71200	55411
27,72267	55354
27,73333	55260
27,74400	55104
27,75467	54888
27,76533	54634
27,77600	54374
27,78667	54131
27,79733	53924
27,80800	53764
27,81867	53646
27,82933	53559
27,84000	53506
27,85067	53478
27,86133	53465
27,87200	53461
27,88267	53459
27,89333	53456
27,90400	53452
27,91467	53450
27,92533	53454
27,93600	53468
27,94667	53490
27,95733	53521
27,96800	53558
27,97867	53595
27,98933	53618
28,00000	53630
28,01067	53634
28,02133	53628
28,03200	53612
28,04267	53589
28,05333	53565
28,06400	53541
28,07467	53519
28,08533	53507
28,09600	53500
28,10667	53497
28,11733	53499
28,12800	53504
28,13867	53507
28,14933	53504
28,16000	53498
28,17067	53491
28,18133	53487
28,19200	53481
28,20267	53478
28,21333	53479
28,22400	53483
28,23467	53486
28,24533	53487
28,25600	53487
28,26667	53490
28,27733	53495
28,28800	53501
28,29867	53506
28,30933	53510
28,32000	53514
28,33067	53517
28,34133	53516
28,35200	53515
28,36267	53513
28,37333	53513
28,38400	53517
28,39467	53530
28,40533	53557
28,41600	53598
28,42667	53651
28,43733	53712
28,44800	53774
28,45867	53831
28,46933	53883
28,48000	53929
28,49067	53965
28,50133	53996
28,51200	54014
28,52267	54020
28,53333	54013
28,54400	53996
28,55467	53975
28,56533	53963
28,57600	53972
28,58667	54021
28,59733	54129
28,60800	54307
28,61867	54561
28,62933	54867
28,64000	55173
28,65067	55423
28,66133	55573
28,67200	55606
28,68267	55532
28,69333	55388
28,70400	55203
28,71467	55003
28,72533	54809
28,73600	54626
28,74667	54457
28,75733	54307
28,76800	54181
28,77867	54078
28,78933	53992
28,80000	53924
28,81067	53870
28,82133	53826
28,83200	53790
28,84267	53756
28,85333	53727
28,86400	53705
28,87467	53683
28,88533	53661
28,89600	53643
28,90667	53632
28,91733	53626
28,92800	53626
28,93867	53636
28,94933	53651
28,96000	53668
28,97067	53682
28,98133	53690
28,99200	53692
29,00267	53690
29,01333	53688
29,02400	53686
29,03467	53688
29,04533	53694
29,05600	53699
29,06667	53706
29,07733	53708
29,08800	53706
29,09867	53702
29,10933	53690
29,12000	53675
29,13067	53656
29,14133	53637
29,15200	53620
29,16267	53606
29,17333	53600
29,18400	53601
29,19467	53611
29,20533	53629
29,21600	53648
29,22667	53669
29,23733	53688
29,24800	53702
29,25867	53718
29,26933	53736
29,28000	53759
29,29067	53796
29,30133	53850
29,31200	53927
29,32267	54032
29,33333	54175
29,34400	54365
29,35467	54609
29,36533	54913
29,37600	55287
29,38667	55740
29,39733	56280
29,40800	56926
29,41867	57706
29,42933	58637
29,44000	59743
29,45067	61047
29,46133	62577
29,47200	64357
29,48267	66402
29,49333	68718
29,50400	71308
29,51467	74152
29,52533	77208
29,53600	80402
29,54667	83633
29,55733	86784
29,56800	89729
29,57867	92369
29,58933	94645
29,60000	96530
29,61067	98031
29,62133	99187
29,63200	100052
29,64267	100682
29,65333	101135
29,66400	101466
29,67467	101729
29,68533	101961
29,69600	102194
29,70667	102455
29,71733	102769
29,72800	103143
29,73867	103585
29,74933	104104
29,76000	104701
29,77067	105367
29,78133	106093
29,79200	106865
29,80267	107661
29,81333	108462
29,82400	109248
29,83467	110004
29,84533	110718
29,85600	111381
29,86667	111981
29,87733	112518
29,88800	112990
29,89867	113399
29,90933	113751
29,92000	114044
29,93067	114279
29,94133	114459
29,95200	114587
29,96267	114670
29,97333	114707
29,98400	114699
29,99467	114652
30,00533	114565
30,01600	114435
30,02667	114268
30,03733	114064
30,04800	113822
30,05867	113544
30,06933	113235
30,08000	112895
30,09067	112526
30,10133	112132
30,11200	111718
30,12267	111287
30,13333	110839
30,14400	110375
30,15467	109898
30,16533	109412
30,17600	108917
30,18667	108415
30,19733	107908
30,20800	107395
30,21867	106875
30,22933	106350
30,24000	105820
30,25067	105287
30,26133	104748
30,27200	104205
30,28267	103658
30,29333	103105
30,30400	102552
30,31467	101998
30,32533	101442
30,33600	100884
30,34667	100321
30,35733	99755
30,36800	99187
30,37867	98615
30,38933	98042
30,40000	97469
30,41067	96892
30,42133	96309
30,43200	95720
30,44267	95129
30,45333	94539
30,46400	93950
30,47467	93358
30,48533	92765
30,49600	92173
30,50667	91578
30,51733	90984
30,52800	90392
30,53867	89802
30,54933	89211
30,56000	88617
30,57067	88023
30,58133	87431
30,59200	86843
30,60267	86254
30,61333	85664
30,62400	85077
30,63467	84493
30,64533	83911
30,65600	83327
30,66667	82746
30,67733	82169
30,68800	81591
30,69867	81013
30,70933	80438
30,72000	79867
30,73067	79296
30,74133	78726
30,75200	78159
30,76267	77591
30,77333	77022
30,78400	76458
30,79467	75894
30,80533	75331
30,81600	74769
30,82667	74205
30,83733	73640
30,84800	73074
30,85867	72511
30,86933	71949
30,88000	71387
30,89067	70821
30,90133	70254
30,91200	69690
30,92267	69127
30,93333	68562
30,94400	67993
30,95467	67424
30,96533	66855
30,97600	66284
30,98667	65714
30,99733	65145
31,00800	64578
31,01867	64015
31,02933	63449
31,04000	62883
31,05067	62318
31,06133	61752
31,07200	61185
31,08267	60617
31,09333	60052
31,10400	59487
31,11467	58923
31,12533	58358
31,13600	57790
31,14667	57224
31,15733	56662
31,16800	56099
31,17867	55536
31,18933	54974
31,20000	54411
31,21067	53851
31,22133	53289
31,23200	52727
31,24267	52165
31,25333	51604
31,26400	51043
31,27467	50481
31,28533	49919
31,29600	49358
31,30667	48798
31,31733	48238
31,32800	47678
31,33867	47119
31,34933	46561
31,36000	46004
31,37067	45446
31,38133	44893
31,39200	44342
31,40267	43793
31,41333	43244
31,42400	42697
31,43467	42159
31,44533	41625
31,45600	41095
31,46667	40567
31,47733	40042
31,48800	39520
31,49867	39005
31,50933	38495
31,52000	37989
31,53067	37485
31,54133	36987
31,55200	36495
31,56267	36006
31,57333	35517
31,58400	35032
31,59467	34554
31,60533	34079
31,61600	33606
31,62667	33133
31,63733	32658
31,64800	32186
31,65867	31713
31,66933	31238
31,68000	30763
31,69067	30288
31,70133	29814
31,71200	29335
31,72267	28853
31,73333	28370
31,74400	27885
31,75467	27399
31,76533	26913
31,77600	26425
31,78667	25934
31,79733	25443
31,80800	24955
31,81867	24465
31,82933	23975
31,84000	23485
31,85067	22992
31,86133	22497
31,87200	22006
31,88267	21516
31,89333	21028
31,90400	20545
31,91467	20065
31,92533	19589
31,93600	19117
31,94667	18647
31,95733	18178
31,96800	17716
31,97867	17257
31,98933	16800
32,00000	16346


[Fraction Collection Report]
# of Fractions	0
