[Header]
Application Name	LabSolutions
Version	5.101
Data File Name	C:\Users\User\Desktop\Mervan_EnyzmeML\Kinetics\Kinetics\ManNAc\G (1).lcd
Output Date	11.3.2026.
Output Time	14:07:46

[File Information]
Type	Data File
Generated	26.7.2022. 19:28:03
Generated by	System Administrator
Modified	28.7.2022. 9:06:47
Modified by	System Administrator

[Sample Information]
Operator Name	System Administrator
Acquired	26.7.2022. 19:28:20
Sample Type	0:Unknown
Level	0
Sample Name	
Sample ID	
ISTD Amount1	1
ISTD Amount2	1
ISTD Amount3	1
ISTD Amount4	1
ISTD Amount5	1
ISTD Amount6	1
ISTD Amount7	1
ISTD Amount8	1
ISTD Amount9	1
ISTD Amount10	1
ISTD Amount11	1
ISTD Amount12	1
ISTD Amount13	1
ISTD Amount14	1
ISTD Amount15	1
ISTD Amount16	1
ISTD Amount17	1
ISTD Amount18	1
ISTD Amount19	1
ISTD Amount20	1
ISTD Amount21	1
ISTD Amount22	1
ISTD Amount23	1
ISTD Amount24	1
ISTD Amount25	1
ISTD Amount26	1
ISTD Amount27	1
ISTD Amount28	1
ISTD Amount29	1
ISTD Amount30	1
ISTD Amount31	1
ISTD Amount32	1
Sample Amount	1
Dilution Factor	1
Vial#	1
Injection Volume	15

[Original Files]
Data File	C:\LabSolutions\Data\Project1\Mervan\Method development\2022-07-25 (ManNAc)\I0.lcd
Method File	C:\LabSolutions\Data\Project1\Mervan\Mervan Derivatization - Short - Isocratic.lcm
Batch File	C:\LabSolutions\Data\Project1\Mervan batch.lcb
Report Format File	c:\LabSolutions\System\DEFAULT.lsr

[File Description]


[Configuration]
Instrument Name	LC40_01
Instrument #	1
Line #	1
# of Detectors	1
Detector ID	PDA
Detector Name	PDA
# of Channels	1

[Peak Table(PDA-Ch1)]
# of Peaks	2
Peak#	R.Time	I.Time	F.Time	Area	Height	A/H	Conc.	Mark	ID#	Name	k'	Plate #	Plate Ht.	Tailing	Resolution	Sep.Factor	Area Ratio	Height Ratio	Conc. %	Norm Conc.
1	9,976	9,856	10,219	11472	1233	9,306	0,500	   			0,000	22165	6,767	1,363	0,000	0,000	0	0	0,000	0,000
2	10,601	10,336	11,029	2284439	234465	9,743	99,500	   			0,063	25155	5,963	1,152	2,333	0,000	0	0	0,000	0,000

[Compound Results(PDA)]
# of IDs	0

[Group Results(PDA)]
# of Groups	0

[LC Status Trace(Pump A Pressure)]
Interval(msec)	1000
# of Points	1921
Start Time(min)	0,000
End Time(min)	32,000
Intensity Units	bar
Intensity Multiplier	0,980665
R.Time (min)	Intensity
0,00000	80,9
0,01667	80,9
0,03333	79,2
0,05000	79,3
0,06667	79,9
0,08333	80,3
0,10000	80,8
0,11667	81,4
0,13333	81,5
0,15000	81,4
0,16667	81,0
0,18333	80,8
0,20000	80,8
0,21667	81,0
0,23333	81,1
0,25000	81,1
0,26667	81,2
0,28333	81,3
0,30000	81,3
0,31667	81,3
0,33333	81,4
0,35000	81,3
0,36667	81,3
0,38333	81,3
0,40000	81,3
0,41667	81,3
0,43333	81,3
0,45000	81,3
0,46667	81,3
0,48333	81,3
0,50000	81,4
0,51667	81,3
0,53333	81,3
0,55000	81,4
0,56667	81,3
0,58333	81,3
0,60000	81,3
0,61667	81,3
0,63333	81,2
0,65000	81,2
0,66667	81,3
0,68333	81,3
0,70000	81,3
0,71667	81,3
0,73333	81,3
0,75000	81,3
0,76667	81,4
0,78333	81,3
0,80000	81,3
0,81667	81,3
0,83333	81,2
0,85000	81,3
0,86667	81,3
0,88333	81,3
0,90000	81,2
0,91667	81,3
0,93333	81,2
0,95000	81,3
0,96667	81,3
0,98333	81,3
1,00000	81,3
1,01667	81,3
1,03333	81,2
1,05000	81,3
1,06667	81,3
1,08333	81,3
1,10000	81,3
1,11667	81,2
1,13333	81,2
1,15000	81,3
1,16667	81,3
1,18333	81,3
1,20000	81,4
1,21667	81,2
1,23333	81,2
1,25000	81,3
1,26667	81,3
1,28333	81,3
1,30000	81,3
1,31667	81,2
1,33333	81,3
1,35000	81,3
1,36667	81,3
1,38333	81,2
1,40000	81,2
1,41667	81,2
1,43333	81,2
1,45000	81,3
1,46667	81,2
1,48333	81,2
1,50000	81,2
1,51667	81,2
1,53333	81,3
1,55000	81,3
1,56667	81,2
1,58333	81,2
1,60000	81,2
1,61667	81,2
1,63333	81,2
1,65000	81,2
1,66667	81,2
1,68333	81,2
1,70000	81,2
1,71667	81,2
1,73333	81,1
1,75000	81,2
1,76667	81,2
1,78333	81,2
1,80000	81,2
1,81667	81,1
1,83333	81,2
1,85000	81,2
1,86667	81,1
1,88333	81,1
1,90000	81,1
1,91667	81,2
1,93333	81,1
1,95000	81,1
1,96667	81,1
1,98333	81,1
2,00000	81,1
2,01667	81,1
2,03333	81,2
2,05000	81,1
2,06667	81,1
2,08333	81,1
2,10000	81,2
2,11667	81,1
2,13333	81,0
2,15000	81,1
2,16667	81,1
2,18333	81,1
2,20000	81,0
2,21667	81,1
2,23333	81,1
2,25000	81,1
2,26667	81,0
2,28333	81,1
2,30000	81,1
2,31667	81,1
2,33333	81,1
2,35000	81,0
2,36667	81,1
2,38333	81,1
2,40000	81,1
2,41667	81,1
2,43333	81,1
2,45000	81,1
2,46667	81,1
2,48333	81,1
2,50000	81,1
2,51667	81,1
2,53333	81,1
2,55000	81,1
2,56667	81,1
2,58333	81,1
2,60000	81,1
2,61667	81,2
2,63333	81,1
2,65000	81,1
2,66667	81,1
2,68333	81,1
2,70000	81,1
2,71667	81,2
2,73333	81,1
2,75000	81,2
2,76667	81,1
2,78333	81,1
2,80000	81,1
2,81667	81,1
2,83333	81,1
2,85000	81,1
2,86667	81,2
2,88333	81,2
2,90000	81,2
2,91667	81,1
2,93333	81,2
2,95000	81,2
2,96667	81,1
2,98333	81,2
3,00000	81,2
3,01667	81,2
3,03333	81,1
3,05000	81,2
3,06667	81,2
3,08333	81,2
3,10000	81,1
3,11667	81,3
3,13333	81,3
3,15000	81,4
3,16667	81,2
3,18333	81,2
3,20000	81,2
3,21667	81,2
3,23333	81,2
3,25000	81,3
3,26667	81,3
3,28333	81,2
3,30000	81,2
3,31667	81,3
3,33333	81,3
3,35000	81,3
3,36667	81,3
3,38333	81,3
3,40000	81,3
3,41667	81,3
3,43333	81,3
3,45000	81,3
3,46667	81,3
3,48333	81,4
3,50000	81,3
3,51667	81,4
3,53333	81,3
3,55000	81,4
3,56667	81,4
3,58333	81,4
3,60000	81,3
3,61667	81,4
3,63333	81,4
3,65000	81,4
3,66667	81,4
3,68333	81,4
3,70000	81,4
3,71667	81,4
3,73333	81,5
3,75000	81,5
3,76667	81,4
3,78333	81,4
3,80000	81,4
3,81667	81,5
3,83333	81,4
3,85000	81,5
3,86667	81,5
3,88333	81,4
3,90000	81,4
3,91667	81,5
3,93333	81,4
3,95000	81,5
3,96667	81,6
3,98333	81,6
4,00000	81,5
4,01667	81,5
4,03333	81,6
4,05000	81,6
4,06667	81,6
4,08333	81,6
4,10000	81,6
4,11667	81,6
4,13333	81,6
4,15000	81,6
4,16667	81,5
4,18333	81,6
4,20000	81,6
4,21667	81,5
4,23333	81,6
4,25000	81,6
4,26667	81,6
4,28333	81,7
4,30000	81,9
4,31667	82,2
4,33333	82,3
4,35000	82,2
4,36667	82,3
4,38333	82,3
4,40000	82,4
4,41667	82,4
4,43333	82,4
4,45000	82,3
4,46667	82,4
4,48333	82,3
4,50000	82,3
4,51667	82,3
4,53333	82,3
4,55000	82,3
4,56667	82,2
4,58333	82,2
4,60000	82,2
4,61667	82,2
4,63333	82,1
4,65000	82,0
4,66667	82,0
4,68333	82,0
4,70000	81,9
4,71667	81,9
4,73333	81,8
4,75000	81,8
4,76667	81,7
4,78333	81,7
4,80000	81,7
4,81667	81,7
4,83333	81,6
4,85000	81,6
4,86667	81,5
4,88333	81,5
4,90000	81,5
4,91667	81,4
4,93333	81,4
4,95000	81,4
4,96667	81,4
4,98333	81,4
5,00000	81,3
5,01667	81,4
5,03333	81,4
5,05000	81,4
5,06667	81,5
5,08333	81,6
5,10000	81,5
5,11667	81,7
5,13333	81,7
5,15000	81,7
5,16667	81,7
5,18333	81,7
5,20000	81,7
5,21667	81,7
5,23333	81,8
5,25000	81,7
5,26667	81,8
5,28333	81,8
5,30000	81,7
5,31667	81,9
5,33333	81,8
5,35000	81,8
5,36667	81,9
5,38333	81,8
5,40000	81,8
5,41667	81,9
5,43333	81,8
5,45000	81,9
5,46667	81,9
5,48333	81,8
5,50000	81,9
5,51667	81,9
5,53333	81,9
5,55000	81,9
5,56667	81,9
5,58333	81,9
5,60000	81,9
5,61667	81,9
5,63333	81,9
5,65000	82,0
5,66667	81,9
5,68333	82,0
5,70000	82,0
5,71667	82,0
5,73333	82,0
5,75000	82,1
5,76667	82,1
5,78333	82,1
5,80000	82,1
5,81667	82,1
5,83333	82,1
5,85000	82,1
5,86667	82,1
5,88333	82,1
5,90000	82,0
5,91667	82,1
5,93333	82,1
5,95000	82,1
5,96667	82,1
5,98333	82,0
6,00000	82,1
6,01667	82,1
6,03333	82,1
6,05000	82,1
6,06667	82,1
6,08333	82,1
6,10000	82,2
6,11667	82,1
6,13333	82,2
6,15000	82,2
6,16667	82,2
6,18333	82,2
6,20000	82,2
6,21667	82,2
6,23333	82,2
6,25000	82,1
6,26667	82,2
6,28333	82,2
6,30000	82,2
6,31667	82,2
6,33333	82,2
6,35000	82,2
6,36667	82,3
6,38333	82,3
6,40000	82,3
6,41667	82,2
6,43333	82,2
6,45000	82,3
6,46667	82,3
6,48333	82,3
6,50000	82,2
6,51667	82,2
6,53333	82,3
6,55000	82,3
6,56667	82,3
6,58333	82,3
6,60000	82,3
6,61667	82,3
6,63333	82,3
6,65000	82,3
6,66667	82,3
6,68333	82,3
6,70000	82,3
6,71667	82,4
6,73333	82,3
6,75000	82,3
6,76667	82,3
6,78333	82,3
6,80000	82,3
6,81667	82,4
6,83333	82,3
6,85000	82,4
6,86667	82,3
6,88333	82,4
6,90000	82,4
6,91667	82,4
6,93333	82,4
6,95000	82,4
6,96667	82,5
6,98333	82,5
7,00000	82,4
7,01667	82,4
7,03333	82,4
7,05000	82,4
7,06667	82,4
7,08333	82,4
7,10000	82,4
7,11667	82,4
7,13333	82,5
7,15000	82,5
7,16667	82,4
7,18333	82,4
7,20000	82,4
7,21667	82,6
7,23333	82,4
7,25000	82,5
7,26667	82,4
7,28333	82,5
7,30000	82,5
7,31667	82,5
7,33333	82,5
7,35000	82,4
7,36667	82,5
7,38333	82,4
7,40000	82,5
7,41667	82,5
7,43333	82,6
7,45000	82,5
7,46667	82,5
7,48333	82,5
7,50000	82,5
7,51667	82,5
7,53333	82,5
7,55000	82,5
7,56667	82,5
7,58333	82,5
7,60000	82,5
7,61667	82,6
7,63333	82,5
7,65000	82,5
7,66667	82,5
7,68333	82,5
7,70000	82,6
7,71667	82,5
7,73333	82,6
7,75000	82,5
7,76667	82,5
7,78333	82,6
7,80000	82,5
7,81667	82,5
7,83333	82,5
7,85000	82,5
7,86667	82,5
7,88333	82,6
7,90000	82,5
7,91667	82,5
7,93333	82,5
7,95000	82,5
7,96667	82,5
7,98333	82,5
8,00000	82,5
8,01667	82,5
8,03333	82,5
8,05000	82,5
8,06667	82,5
8,08333	82,5
8,10000	82,5
8,11667	82,5
8,13333	82,5
8,15000	82,5
8,16667	82,5
8,18333	82,6
8,20000	82,6
8,21667	82,6
8,23333	82,5
8,25000	82,6
8,26667	82,5
8,28333	82,6
8,30000	82,6
8,31667	82,6
8,33333	82,6
8,35000	82,5
8,36667	82,6
8,38333	82,5
8,40000	82,6
8,41667	82,5
8,43333	82,5
8,45000	82,6
8,46667	82,6
8,48333	82,5
8,50000	82,5
8,51667	82,5
8,53333	82,6
8,55000	82,6
8,56667	82,5
8,58333	82,6
8,60000	82,5
8,61667	82,6
8,63333	82,6
8,65000	82,5
8,66667	82,5
8,68333	82,6
8,70000	82,6
8,71667	82,5
8,73333	82,5
8,75000	82,5
8,76667	82,6
8,78333	82,6
8,80000	82,6
8,81667	82,6
8,83333	82,6
8,85000	82,5
8,86667	82,5
8,88333	82,5
8,90000	82,6
8,91667	82,5
8,93333	82,5
8,95000	82,5
8,96667	82,6
8,98333	82,5
9,00000	82,5
9,01667	82,5
9,03333	82,5
9,05000	82,6
9,06667	82,5
9,08333	82,5
9,10000	82,5
9,11667	82,6
9,13333	82,5
9,15000	82,5
9,16667	82,5
9,18333	82,6
9,20000	82,5
9,21667	82,5
9,23333	82,5
9,25000	82,5
9,26667	82,5
9,28333	82,5
9,30000	82,4
9,31667	82,5
9,33333	82,5
9,35000	82,5
9,36667	82,4
9,38333	82,6
9,40000	82,5
9,41667	82,5
9,43333	82,5
9,45000	82,5
9,46667	82,5
9,48333	82,5
9,50000	82,5
9,51667	82,5
9,53333	82,5
9,55000	82,4
9,56667	82,5
9,58333	82,5
9,60000	82,5
9,61667	82,4
9,63333	82,5
9,65000	82,5
9,66667	82,5
9,68333	82,4
9,70000	82,5
9,71667	82,4
9,73333	82,5
9,75000	82,5
9,76667	82,6
9,78333	82,4
9,80000	82,5
9,81667	82,5
9,83333	82,5
9,85000	82,5
9,86667	82,5
9,88333	82,5
9,90000	82,4
9,91667	82,4
9,93333	82,4
9,95000	82,4
9,96667	82,4
9,98333	82,4
10,00000	82,4
10,01667	82,4
10,03333	82,4
10,05000	82,4
10,06667	82,4
10,08333	82,4
10,10000	82,4
10,11667	82,4
10,13333	82,4
10,15000	82,5
10,16667	82,3
10,18333	82,3
10,20000	82,3
10,21667	82,3
10,23333	82,2
10,25000	82,2
10,26667	82,1
10,28333	82,2
10,30000	82,2
10,31667	82,2
10,33333	82,2
10,35000	82,2
10,36667	82,2
10,38333	82,3
10,40000	82,2
10,41667	82,2
10,43333	82,2
10,45000	82,2
10,46667	82,2
10,48333	82,2
10,50000	82,2
10,51667	82,1
10,53333	82,2
10,55000	82,2
10,56667	82,2
10,58333	82,2
10,60000	82,2
10,61667	82,2
10,63333	82,1
10,65000	82,1
10,66667	82,2
10,68333	82,2
10,70000	82,2
10,71667	82,1
10,73333	82,2
10,75000	82,1
10,76667	82,2
10,78333	82,1
10,80000	82,1
10,81667	82,1
10,83333	82,1
10,85000	82,1
10,86667	82,1
10,88333	82,2
10,90000	82,2
10,91667	82,1
10,93333	82,1
10,95000	82,1
10,96667	82,1
10,98333	82,1
11,00000	82,1
11,01667	82,1
11,03333	82,2
11,05000	82,1
11,06667	82,1
11,08333	82,1
11,10000	82,1
11,11667	82,1
11,13333	82,1
11,15000	82,0
11,16667	82,1
11,18333	82,1
11,20000	82,1
11,21667	82,0
11,23333	82,1
11,25000	82,1
11,26667	82,0
11,28333	82,1
11,30000	82,1
11,31667	82,1
11,33333	82,0
11,35000	82,0
11,36667	82,0
11,38333	82,0
11,40000	82,0
11,41667	82,0
11,43333	82,0
11,45000	81,9
11,46667	82,0
11,48333	82,0
11,50000	82,0
11,51667	82,0
11,53333	82,0
11,55000	81,9
11,56667	82,0
11,58333	82,0
11,60000	82,0
11,61667	82,0
11,63333	82,1
11,65000	81,9
11,66667	82,0
11,68333	82,0
11,70000	82,0
11,71667	82,0
11,73333	82,0
11,75000	81,9
11,76667	81,9
11,78333	81,9
11,80000	82,0
11,81667	82,0
11,83333	82,0
11,85000	81,9
11,86667	82,0
11,88333	82,0
11,90000	81,9
11,91667	81,9
11,93333	81,9
11,95000	81,9
11,96667	82,0
11,98333	81,9
12,00000	81,9
12,01667	81,9
12,03333	81,9
12,05000	81,8
12,06667	81,9
12,08333	81,9
12,10000	82,0
12,11667	81,9
12,13333	81,9
12,15000	81,8
12,16667	81,9
12,18333	81,9
12,20000	81,8
12,21667	81,9
12,23333	81,9
12,25000	81,8
12,26667	81,9
12,28333	81,8
12,30000	81,9
12,31667	81,8
12,33333	81,8
12,35000	81,8
12,36667	81,9
12,38333	81,8
12,40000	81,8
12,41667	81,9
12,43333	81,8
12,45000	81,8
12,46667	81,8
12,48333	81,8
12,50000	81,9
12,51667	81,9
12,53333	81,8
12,55000	81,8
12,56667	81,8
12,58333	81,8
12,60000	81,7
12,61667	81,8
12,63333	81,8
12,65000	81,7
12,66667	81,8
12,68333	81,8
12,70000	81,9
12,71667	81,8
12,73333	81,8
12,75000	81,7
12,76667	81,8
12,78333	81,8
12,80000	81,8
12,81667	81,8
12,83333	81,8
12,85000	81,7
12,86667	81,7
12,88333	81,8
12,90000	81,8
12,91667	81,8
12,93333	81,8
12,95000	81,7
12,96667	81,8
12,98333	81,7
13,00000	81,8
13,01667	81,7
13,03333	81,8
13,05000	81,7
13,06667	81,7
13,08333	81,8
13,10000	81,8
13,11667	81,7
13,13333	81,7
13,15000	81,7
13,16667	81,7
13,18333	81,7
13,20000	81,7
13,21667	81,7
13,23333	81,7
13,25000	81,7
13,26667	81,7
13,28333	81,7
13,30000	81,7
13,31667	81,7
13,33333	81,7
13,35000	81,6
13,36667	81,7
13,38333	81,7
13,40000	81,7
13,41667	81,7
13,43333	81,7
13,45000	81,7
13,46667	81,7
13,48333	81,7
13,50000	81,7
13,51667	81,7
13,53333	81,7
13,55000	81,7
13,56667	81,7
13,58333	81,7
13,60000	81,6
13,61667	81,7
13,63333	81,7
13,65000	81,6
13,66667	81,7
13,68333	81,7
13,70000	81,7
13,71667	81,6
13,73333	81,6
13,75000	81,6
13,76667	81,6
13,78333	81,6
13,80000	81,6
13,81667	81,7
13,83333	81,6
13,85000	81,6
13,86667	81,7
13,88333	81,6
13,90000	81,6
13,91667	81,6
13,93333	81,7
13,95000	81,6
13,96667	81,7
13,98333	81,6
14,00000	81,6
14,01667	81,6
14,03333	81,7
14,05000	81,6
14,06667	81,6
14,08333	81,6
14,10000	81,7
14,11667	81,6
14,13333	81,6
14,15000	81,6
14,16667	81,6
14,18333	81,6
14,20000	81,6
14,21667	81,6
14,23333	81,6
14,25000	81,6
14,26667	81,6
14,28333	81,6
14,30000	81,7
14,31667	81,6
14,33333	81,6
14,35000	81,6
14,36667	81,7
14,38333	81,6
14,40000	81,6
14,41667	81,7
14,43333	81,6
14,45000	81,6
14,46667	81,6
14,48333	81,6
14,50000	81,6
14,51667	81,6
14,53333	81,7
14,55000	81,6
14,56667	81,6
14,58333	81,6
14,60000	81,6
14,61667	81,6
14,63333	81,6
14,65000	81,6
14,66667	81,5
14,68333	81,6
14,70000	81,6
14,71667	81,6
14,73333	81,6
14,75000	81,5
14,76667	81,6
14,78333	81,5
14,80000	81,5
14,81667	81,6
14,83333	81,6
14,85000	81,6
14,86667	81,6
14,88333	81,6
14,90000	81,6
14,91667	81,6
14,93333	81,6
14,95000	81,5
14,96667	81,6
14,98333	81,6
15,00000	81,6
15,01667	81,5
15,03333	81,6
15,05000	81,6
15,06667	81,6
15,08333	81,6
15,10000	81,6
15,11667	81,6
15,13333	81,5
15,15000	81,6
15,16667	81,6
15,18333	81,6
15,20000	81,6
15,21667	81,5
15,23333	81,6
15,25000	81,5
15,26667	81,6
15,28333	81,5
15,30000	81,6
15,31667	81,6
15,33333	81,5
15,35000	81,5
15,36667	81,6
15,38333	81,6
15,40000	81,5
15,41667	81,5
15,43333	81,7
15,45000	81,5
15,46667	81,6
15,48333	81,5
15,50000	81,5
15,51667	81,5
15,53333	81,6
15,55000	81,6
15,56667	81,6
15,58333	81,5
15,60000	81,6
15,61667	81,5
15,63333	81,5
15,65000	81,5
15,66667	81,5
15,68333	81,5
15,70000	81,5
15,71667	81,5
15,73333	81,5
15,75000	81,5
15,76667	81,6
15,78333	81,5
15,80000	81,5
15,81667	81,5
15,83333	81,6
15,85000	81,5
15,86667	81,6
15,88333	81,5
15,90000	81,6
15,91667	81,5
15,93333	81,5
15,95000	81,5
15,96667	81,5
15,98333	81,6
16,00000	81,5
16,01667	81,5
16,03333	81,5
16,05000	81,6
16,06667	81,5
16,08333	81,5
16,10000	81,6
16,11667	81,5
16,13333	81,6
16,15000	81,6
16,16667	81,6
16,18333	81,5
16,20000	81,5
16,21667	81,5
16,23333	81,5
16,25000	81,5
16,26667	81,5
16,28333	81,5
16,30000	81,6
16,31667	81,5
16,33333	81,5
16,35000	81,5
16,36667	81,6
16,38333	81,5
16,40000	81,5
16,41667	81,6
16,43333	81,5
16,45000	81,5
16,46667	81,5
16,48333	81,6
16,50000	81,5
16,51667	81,5
16,53333	81,5
16,55000	81,5
16,56667	81,5
16,58333	81,5
16,60000	81,5
16,61667	81,5
16,63333	81,5
16,65000	81,5
16,66667	81,5
16,68333	81,5
16,70000	81,5
16,71667	81,5
16,73333	81,5
16,75000	81,5
16,76667	81,5
16,78333	81,4
16,80000	81,5
16,81667	81,5
16,83333	81,5
16,85000	81,5
16,86667	81,5
16,88333	81,5
16,90000	81,5
16,91667	81,4
16,93333	81,5
16,95000	81,4
16,96667	81,5
16,98333	81,5
17,00000	81,5
17,01667	81,5
17,03333	81,5
17,05000	81,5
17,06667	81,4
17,08333	81,5
17,10000	81,5
17,11667	81,5
17,13333	81,4
17,15000	81,5
17,16667	81,5
17,18333	81,5
17,20000	81,4
17,21667	81,4
17,23333	81,4
17,25000	81,5
17,26667	81,5
17,28333	81,4
17,30000	81,4
17,31667	81,4
17,33333	81,4
17,35000	81,4
17,36667	81,4
17,38333	81,4
17,40000	81,5
17,41667	81,5
17,43333	81,5
17,45000	81,4
17,46667	81,5
17,48333	81,4
17,50000	81,4
17,51667	81,4
17,53333	81,4
17,55000	81,4
17,56667	81,4
17,58333	81,4
17,60000	81,4
17,61667	81,4
17,63333	81,4
17,65000	81,4
17,66667	81,4
17,68333	81,4
17,70000	81,4
17,71667	81,4
17,73333	81,4
17,75000	81,4
17,76667	81,4
17,78333	81,3
17,80000	81,4
17,81667	81,4
17,83333	81,3
17,85000	81,3
17,86667	81,3
17,88333	81,4
17,90000	81,3
17,91667	81,4
17,93333	81,3
17,95000	81,4
17,96667	81,3
17,98333	81,3
18,00000	81,4
18,01667	81,3
18,03333	81,3
18,05000	81,3
18,06667	81,2
18,08333	81,3
18,10000	81,3
18,11667	81,3
18,13333	81,4
18,15000	81,3
18,16667	81,3
18,18333	81,3
18,20000	81,3
18,21667	81,3
18,23333	81,2
18,25000	81,2
18,26667	81,3
18,28333	81,3
18,30000	81,2
18,31667	81,2
18,33333	81,3
18,35000	81,3
18,36667	81,3
18,38333	81,3
18,40000	81,3
18,41667	81,2
18,43333	81,3
18,45000	81,2
18,46667	81,3
18,48333	81,2
18,50000	81,2
18,51667	81,2
18,53333	81,3
18,55000	81,2
18,56667	81,2
18,58333	81,2
18,60000	81,1
18,61667	81,2
18,63333	81,2
18,65000	81,1
18,66667	81,2
18,68333	81,1
18,70000	81,2
18,71667	81,2
18,73333	81,1
18,75000	81,1
18,76667	81,1
18,78333	81,1
18,80000	81,1
18,81667	81,1
18,83333	81,1
18,85000	81,1
18,86667	81,1
18,88333	81,1
18,90000	81,0
18,91667	81,0
18,93333	81,1
18,95000	81,0
18,96667	81,1
18,98333	81,1
19,00000	81,1
19,01667	81,0
19,03333	81,0
19,05000	81,0
19,06667	81,0
19,08333	81,1
19,10000	81,0
19,11667	81,0
19,13333	81,0
19,15000	81,0
19,16667	81,0
19,18333	80,9
19,20000	81,0
19,21667	81,0
19,23333	80,9
19,25000	80,9
19,26667	80,9
19,28333	80,9
19,30000	80,9
19,31667	81,0
19,33333	80,9
19,35000	80,9
19,36667	80,9
19,38333	80,8
19,40000	80,8
19,41667	80,8
19,43333	80,8
19,45000	80,8
19,46667	80,8
19,48333	80,9
19,50000	80,8
19,51667	80,8
19,53333	80,8
19,55000	80,8
19,56667	80,7
19,58333	80,7
19,60000	80,7
19,61667	80,7
19,63333	80,8
19,65000	80,7
19,66667	80,7
19,68333	80,7
19,70000	80,7
19,71667	80,7
19,73333	80,7
19,75000	80,7
19,76667	80,7
19,78333	80,7
19,80000	80,6
19,81667	80,6
19,83333	80,7
19,85000	80,6
19,86667	80,6
19,88333	80,6
19,90000	80,6
19,91667	80,5
19,93333	80,6
19,95000	80,6
19,96667	80,6
19,98333	80,6
20,00000	80,6
20,01667	80,5
20,03333	80,5
20,05000	80,6
20,06667	80,5
20,08333	80,5
20,10000	80,5
20,11667	80,5
20,13333	80,5
20,15000	80,5
20,16667	80,4
20,18333	80,4
20,20000	80,4
20,21667	80,4
20,23333	80,3
20,25000	80,4
20,26667	80,4
20,28333	80,4
20,30000	80,4
20,31667	80,4
20,33333	80,4
20,35000	80,4
20,36667	80,3
20,38333	80,4
20,40000	80,3
20,41667	80,3
20,43333	80,3
20,45000	80,3
20,46667	80,3
20,48333	80,3
20,50000	80,2
20,51667	80,3
20,53333	80,2
20,55000	80,2
20,56667	80,2
20,58333	80,2
20,60000	80,2
20,61667	80,2
20,63333	80,2
20,65000	80,2
20,66667	80,1
20,68333	80,1
20,70000	80,1
20,71667	80,1
20,73333	80,0
20,75000	80,0
20,76667	80,0
20,78333	80,0
20,80000	80,0
20,81667	79,9
20,83333	79,9
20,85000	80,0
20,86667	79,8
20,88333	79,8
20,90000	79,8
20,91667	79,8
20,93333	79,8
20,95000	79,7
20,96667	79,8
20,98333	79,7
21,00000	79,7
21,01667	79,6
21,03333	79,6
21,05000	79,6
21,06667	79,6
21,08333	79,5
21,10000	79,4
21,11667	79,5
21,13333	79,5
21,15000	79,4
21,16667	79,3
21,18333	79,3
21,20000	79,3
21,21667	79,2
21,23333	79,1
21,25000	79,1
21,26667	79,1
21,28333	79,1
21,30000	79,0
21,31667	79,0
21,33333	78,9
21,35000	78,9
21,36667	78,8
21,38333	78,8
21,40000	78,7
21,41667	78,7
21,43333	78,6
21,45000	78,5
21,46667	78,5
21,48333	78,5
21,50000	78,4
21,51667	78,3
21,53333	78,3
21,55000	78,3
21,56667	78,2
21,58333	78,2
21,60000	78,1
21,61667	78,0
21,63333	78,0
21,65000	78,0
21,66667	77,9
21,68333	77,9
21,70000	77,8
21,71667	77,7
21,73333	77,6
21,75000	77,7
21,76667	77,6
21,78333	77,5
21,80000	77,5
21,81667	77,4
21,83333	77,3
21,85000	77,3
21,86667	77,2
21,88333	77,1
21,90000	77,1
21,91667	77,0
21,93333	76,9
21,95000	76,9
21,96667	76,8
21,98333	76,7
22,00000	76,7
22,01667	76,6
22,03333	76,5
22,05000	76,5
22,06667	76,4
22,08333	76,3
22,10000	76,3
22,11667	76,2
22,13333	76,1
22,15000	76,1
22,16667	76,0
22,18333	75,9
22,20000	75,9
22,21667	75,8
22,23333	75,8
22,25000	75,7
22,26667	75,5
22,28333	75,5
22,30000	75,4
22,31667	75,3
22,33333	75,3
22,35000	75,2
22,36667	75,1
22,38333	75,0
22,40000	75,0
22,41667	74,9
22,43333	74,7
22,45000	74,7
22,46667	74,6
22,48333	74,5
22,50000	74,4
22,51667	74,3
22,53333	74,2
22,55000	74,2
22,56667	74,1
22,58333	74,0
22,60000	74,0
22,61667	73,9
22,63333	73,8
22,65000	73,7
22,66667	73,6
22,68333	73,5
22,70000	73,5
22,71667	73,4
22,73333	73,2
22,75000	73,2
22,76667	73,1
22,78333	73,0
22,80000	72,9
22,81667	72,8
22,83333	72,8
22,85000	72,7
22,86667	72,6
22,88333	72,5
22,90000	72,4
22,91667	72,3
22,93333	72,2
22,95000	72,1
22,96667	72,0
22,98333	71,9
23,00000	71,8
23,01667	71,7
23,03333	71,6
23,05000	71,6
23,06667	71,4
23,08333	71,3
23,10000	71,3
23,11667	71,1
23,13333	70,9
23,15000	70,9
23,16667	70,7
23,18333	70,6
23,20000	70,6
23,21667	70,4
23,23333	70,3
23,25000	70,2
23,26667	70,1
23,28333	69,9
23,30000	69,9
23,31667	69,7
23,33333	69,5
23,35000	69,5
23,36667	69,3
23,38333	69,2
23,40000	69,1
23,41667	68,9
23,43333	68,8
23,45000	68,7
23,46667	68,5
23,48333	68,4
23,50000	68,3
23,51667	68,1
23,53333	68,0
23,55000	68,0
23,56667	67,8
23,58333	67,7
23,60000	67,6
23,61667	67,5
23,63333	67,3
23,65000	67,3
23,66667	67,1
23,68333	67,0
23,70000	66,9
23,71667	66,8
23,73333	66,6
23,75000	66,6
23,76667	66,5
23,78333	66,3
23,80000	66,3
23,81667	66,1
23,83333	66,0
23,85000	66,0
23,86667	65,8
23,88333	65,7
23,90000	65,7
23,91667	65,5
23,93333	65,4
23,95000	65,4
23,96667	65,2
23,98333	65,1
24,00000	65,1
24,01667	64,9
24,03333	64,8
24,05000	64,8
24,06667	64,6
24,08333	64,5
24,10000	64,5
24,11667	64,3
24,13333	64,2
24,15000	64,2
24,16667	64,1
24,18333	64,0
24,20000	63,9
24,21667	63,8
24,23333	63,7
24,25000	63,6
24,26667	63,4
24,28333	63,4
24,30000	63,3
24,31667	63,1
24,33333	63,1
24,35000	63,0
24,36667	62,9
24,38333	62,8
24,40000	62,7
24,41667	62,6
24,43333	62,5
24,45000	62,4
24,46667	62,3
24,48333	62,2
24,50000	62,2
24,51667	62,0
24,53333	61,9
24,55000	61,9
24,56667	61,7
24,58333	61,6
24,60000	61,5
24,61667	61,4
24,63333	61,3
24,65000	61,2
24,66667	61,1
24,68333	61,0
24,70000	61,0
24,71667	60,8
24,73333	60,7
24,75000	60,6
24,76667	60,5
24,78333	60,4
24,80000	60,3
24,81667	60,2
24,83333	60,1
24,85000	60,0
24,86667	59,9
24,88333	59,8
24,90000	59,7
24,91667	59,6
24,93333	59,5
24,95000	59,4
24,96667	59,3
24,98333	59,2
25,00000	59,1
25,01667	58,9
25,03333	58,8
25,05000	58,8
25,06667	58,6
25,08333	58,5
25,10000	58,5
25,11667	58,3
25,13333	58,3
25,15000	58,2
25,16667	58,0
25,18333	58,0
25,20000	57,9
25,21667	57,7
25,23333	57,6
25,25000	57,5
25,26667	57,4
25,28333	57,3
25,30000	57,3
25,31667	57,1
25,33333	57,1
25,35000	57,0
25,36667	56,9
25,38333	56,7
25,40000	56,7
25,41667	56,5
25,43333	56,5
25,45000	56,4
25,46667	56,3
25,48333	56,2
25,50000	56,1
25,51667	56,0
25,53333	55,9
25,55000	55,8
25,56667	55,7
25,58333	55,6
25,60000	55,6
25,61667	55,4
25,63333	55,3
25,65000	55,3
25,66667	55,2
25,68333	55,1
25,70000	55,0
25,71667	54,9
25,73333	54,9
25,75000	54,8
25,76667	54,7
25,78333	54,6
25,80000	54,6
25,81667	54,4
25,83333	54,4
25,85000	54,3
25,86667	54,3
25,88333	54,2
25,90000	54,2
25,91667	54,1
25,93333	54,1
25,95000	54,0
25,96667	54,0
25,98333	54,0
26,00000	53,9
26,01667	53,9
26,03333	53,9
26,05000	53,9
26,06667	53,9
26,08333	53,8
26,10000	53,8
26,11667	53,8
26,13333	53,8
26,15000	53,8
26,16667	53,8
26,18333	53,7
26,20000	53,7
26,21667	53,7
26,23333	53,7
26,25000	53,7
26,26667	53,7
26,28333	53,7
26,30000	53,7
26,31667	53,8
26,33333	53,8
26,35000	53,8
26,36667	53,8
26,38333	53,8
26,40000	53,9
26,41667	53,9
26,43333	53,9
26,45000	54,0
26,46667	54,0
26,48333	54,1
26,50000	54,1
26,51667	54,2
26,53333	54,2
26,55000	54,3
26,56667	54,4
26,58333	54,4
26,60000	54,4
26,61667	54,5
26,63333	54,6
26,65000	54,6
26,66667	54,6
26,68333	54,7
26,70000	54,8
26,71667	54,8
26,73333	54,9
26,75000	54,9
26,76667	55,0
26,78333	55,0
26,80000	55,1
26,81667	55,1
26,83333	55,2
26,85000	55,2
26,86667	55,3
26,88333	55,4
26,90000	55,5
26,91667	55,5
26,93333	55,6
26,95000	55,7
26,96667	55,7
26,98333	55,8
27,00000	55,8
27,01667	56,0
27,03333	56,0
27,05000	56,1
27,06667	56,2
27,08333	56,2
27,10000	56,3
27,11667	56,5
27,13333	56,5
27,15000	56,5
27,16667	56,7
27,18333	56,8
27,20000	56,8
27,21667	57,0
27,23333	57,0
27,25000	57,1
27,26667	57,3
27,28333	57,3
27,30000	57,4
27,31667	57,5
27,33333	57,6
27,35000	57,6
27,36667	57,8
27,38333	57,9
27,40000	57,9
27,41667	58,1
27,43333	58,1
27,45000	58,3
27,46667	58,4
27,48333	58,5
27,50000	58,6
27,51667	58,7
27,53333	58,9
27,55000	58,9
27,56667	59,1
27,58333	59,2
27,60000	59,3
27,61667	59,4
27,63333	59,5
27,65000	59,6
27,66667	59,8
27,68333	59,9
27,70000	59,9
27,71667	60,2
27,73333	60,2
27,75000	60,3
27,76667	60,5
27,78333	60,7
27,80000	60,7
27,81667	60,8
27,83333	61,1
27,85000	61,2
27,86667	61,3
27,88333	61,4
27,90000	61,4
27,91667	61,6
27,93333	61,7
27,95000	61,8
27,96667	62,0
27,98333	62,2
28,00000	62,2
28,01667	62,3
28,03333	62,5
28,05000	62,5
28,06667	62,7
28,08333	62,8
28,10000	62,9
28,11667	63,0
28,13333	63,1
28,15000	63,2
28,16667	63,4
28,18333	63,5
28,20000	63,5
28,21667	63,7
28,23333	63,8
28,25000	63,8
28,26667	64,0
28,28333	64,1
28,30000	64,1
28,31667	64,3
28,33333	64,4
28,35000	64,5
28,36667	64,6
28,38333	64,7
28,40000	64,8
28,41667	65,0
28,43333	65,1
28,45000	65,1
28,46667	65,3
28,48333	65,4
28,50000	65,4
28,51667	65,6
28,53333	65,7
28,55000	65,7
28,56667	65,9
28,58333	66,0
28,60000	66,0
28,61667	66,2
28,63333	66,3
28,65000	66,4
28,66667	66,5
28,68333	66,6
28,70000	66,6
28,71667	66,8
28,73333	66,9
28,75000	67,0
28,76667	67,2
28,78333	67,3
28,80000	67,3
28,81667	67,5
28,83333	67,5
28,85000	67,6
28,86667	67,7
28,88333	67,8
28,90000	67,9
28,91667	68,0
28,93333	68,1
28,95000	68,1
28,96667	68,3
28,98333	68,5
29,00000	68,5
29,01667	68,6
29,03333	68,7
29,05000	68,7
29,06667	68,9
29,08333	69,0
29,10000	69,1
29,11667	69,2
29,13333	69,3
29,15000	69,3
29,16667	69,4
29,18333	69,5
29,20000	69,6
29,21667	69,7
29,23333	69,8
29,25000	69,8
29,26667	69,9
29,28333	70,0
29,30000	70,0
29,31667	70,2
29,33333	70,3
29,35000	70,3
29,36667	70,4
29,38333	70,5
29,40000	70,5
29,41667	70,6
29,43333	70,7
29,45000	70,8
29,46667	70,9
29,48333	71,0
29,50000	71,1
29,51667	71,1
29,53333	71,2
29,55000	71,2
29,56667	71,4
29,58333	71,5
29,60000	71,5
29,61667	71,8
29,63333	71,9
29,65000	71,9
29,66667	72,0
29,68333	72,2
29,70000	72,3
29,71667	72,5
29,73333	72,6
29,75000	72,6
29,76667	72,7
29,78333	72,8
29,80000	72,9
29,81667	73,1
29,83333	73,2
29,85000	73,3
29,86667	73,4
29,88333	73,6
29,90000	73,6
29,91667	73,8
29,93333	73,9
29,95000	74,0
29,96667	74,2
29,98333	74,3
30,00000	74,4
30,01667	74,4
30,03333	74,5
30,05000	74,6
30,06667	74,8
30,08333	74,9
30,10000	74,9
30,11667	75,1
30,13333	75,1
30,15000	75,1
30,16667	75,4
30,18333	75,4
30,20000	75,5
30,21667	75,6
30,23333	75,7
30,25000	75,8
30,26667	75,8
30,28333	75,9
30,30000	75,9
30,31667	76,1
30,33333	76,2
30,35000	76,2
30,36667	76,3
30,38333	76,3
30,40000	76,4
30,41667	76,5
30,43333	76,6
30,45000	76,7
30,46667	76,7
30,48333	76,8
30,50000	76,9
30,51667	76,9
30,53333	76,9
30,55000	77,0
30,56667	77,1
30,58333	77,2
30,60000	77,3
30,61667	77,3
30,63333	77,4
30,65000	77,3
30,66667	77,5
30,68333	77,6
30,70000	77,6
30,71667	77,7
30,73333	77,7
30,75000	77,7
30,76667	77,8
30,78333	77,8
30,80000	77,9
30,81667	78,0
30,83333	78,0
30,85000	78,1
30,86667	78,2
30,88333	78,1
30,90000	78,2
30,91667	78,3
30,93333	78,4
30,95000	78,4
30,96667	78,5
30,98333	78,5
31,00000	78,6
31,01667	78,5
31,03333	78,6
31,05000	78,6
31,06667	78,7
31,08333	78,7
31,10000	78,8
31,11667	78,8
31,13333	78,9
31,15000	78,9
31,16667	78,9
31,18333	79,1
31,20000	79,0
31,21667	79,1
31,23333	79,2
31,25000	79,2
31,26667	79,1
31,28333	79,2
31,30000	79,3
31,31667	79,3
31,33333	79,4
31,35000	79,4
31,36667	79,4
31,38333	79,4
31,40000	79,4
31,41667	79,5
31,43333	79,6
31,45000	79,5
31,46667	79,6
31,48333	79,6
31,50000	79,7
31,51667	79,6
31,53333	79,7
31,55000	79,7
31,56667	79,8
31,58333	79,8
31,60000	79,8
31,61667	79,9
31,63333	79,8
31,65000	79,9
31,66667	79,9
31,68333	80,0
31,70000	80,0
31,71667	80,0
31,73333	80,1
31,75000	80,0
31,76667	80,0
31,78333	80,1
31,80000	80,2
31,81667	80,2
31,83333	80,2
31,85000	80,3
31,86667	80,2
31,88333	80,2
31,90000	80,2
31,91667	80,3
31,93333	80,3
31,95000	80,4
31,96667	80,4
31,98333	80,4
32,00000	80,3

[LC Status Trace(Pump A Degasser Pressure)]
Interval(msec)	1000
# of Points	1921
Start Time(min)	0,000
End Time(min)	32,000
Intensity Units	bar
Intensity Multiplier	0,980665
R.Time (min)	Intensity
0,00000	953,4
0,01667	953,4
0,03333	953,4
0,05000	953,4
0,06667	952,4
0,08333	952,4
0,10000	952,4
0,11667	953,4
0,13333	953,4
0,15000	953,4
0,16667	953,4
0,18333	953,4
0,20000	953,4
0,21667	953,4
0,23333	953,4
0,25000	953,4
0,26667	953,4
0,28333	953,4
0,30000	953,4
0,31667	952,4
0,33333	952,4
0,35000	952,4
0,36667	953,4
0,38333	953,4
0,40000	953,4
0,41667	953,4
0,43333	953,4
0,45000	953,4
0,46667	953,4
0,48333	953,4
0,50000	953,4
0,51667	953,4
0,53333	953,4
0,55000	953,4
0,56667	952,4
0,58333	952,4
0,60000	952,4
0,61667	952,4
0,63333	952,4
0,65000	952,4
0,66667	951,3
0,68333	951,3
0,70000	951,3
0,71667	953,4
0,73333	953,4
0,75000	953,4
0,76667	952,4
0,78333	952,4
0,80000	952,4
0,81667	954,4
0,83333	954,4
0,85000	954,4
0,86667	953,4
0,88333	953,4
0,90000	953,4
0,91667	954,4
0,93333	954,4
0,95000	954,4
0,96667	953,4
0,98333	953,4
1,00000	953,4
1,01667	953,4
1,03333	953,4
1,05000	953,4
1,06667	953,4
1,08333	953,4
1,10000	953,4
1,11667	953,4
1,13333	953,4
1,15000	953,4
1,16667	953,4
1,18333	953,4
1,20000	953,4
1,21667	952,4
1,23333	952,4
1,25000	952,4
1,26667	953,4
1,28333	953,4
1,30000	953,4
1,31667	953,4
1,33333	953,4
1,35000	953,4
1,36667	954,4
1,38333	954,4
1,40000	954,4
1,41667	954,4
1,43333	954,4
1,45000	954,4
1,46667	953,4
1,48333	953,4
1,50000	953,4
1,51667	953,4
1,53333	953,4
1,55000	953,4
1,56667	953,4
1,58333	953,4
1,60000	953,4
1,61667	953,4
1,63333	953,4
1,65000	953,4
1,66667	953,4
1,68333	953,4
1,70000	953,4
1,71667	953,4
1,73333	953,4
1,75000	953,4
1,76667	954,4
1,78333	954,4
1,80000	954,4
1,81667	953,4
1,83333	953,4
1,85000	953,4
1,86667	952,4
1,88333	952,4
1,90000	952,4
1,91667	953,4
1,93333	953,4
1,95000	953,4
1,96667	953,4
1,98333	953,4
2,00000	953,4
2,01667	952,4
2,03333	952,4
2,05000	952,4
2,06667	953,4
2,08333	953,4
2,10000	953,4
2,11667	953,4
2,13333	953,4
2,15000	953,4
2,16667	952,4
2,18333	952,4
2,20000	952,4
2,21667	953,4
2,23333	953,4
2,25000	953,4
2,26667	953,4
2,28333	953,4
2,30000	953,4
2,31667	953,4
2,33333	953,4
2,35000	953,4
2,36667	953,4
2,38333	953,4
2,40000	953,4
2,41667	952,4
2,43333	952,4
2,45000	952,4
2,46667	953,4
2,48333	953,4
2,50000	953,4
2,51667	953,4
2,53333	953,4
2,55000	953,4
2,56667	953,4
2,58333	953,4
2,60000	953,4
2,61667	953,4
2,63333	953,4
2,65000	953,4
2,66667	952,4
2,68333	952,4
2,70000	952,4
2,71667	954,4
2,73333	954,4
2,75000	954,4
2,76667	953,4
2,78333	953,4
2,80000	953,4
2,81667	952,4
2,83333	952,4
2,85000	952,4
2,86667	954,4
2,88333	954,4
2,90000	954,4
2,91667	953,4
2,93333	953,4
2,95000	953,4
2,96667	953,4
2,98333	953,4
3,00000	953,4
3,01667	953,4
3,03333	953,4
3,05000	953,4
3,06667	952,4
3,08333	952,4
3,10000	952,4
3,11667	954,4
3,13333	954,4
3,15000	954,4
3,16667	953,4
3,18333	953,4
3,20000	953,4
3,21667	952,4
3,23333	952,4
3,25000	952,4
3,26667	954,4
3,28333	954,4
3,30000	954,4
3,31667	954,4
3,33333	954,4
3,35000	954,4
3,36667	952,4
3,38333	952,4
3,40000	952,4
3,41667	953,4
3,43333	953,4
3,45000	953,4
3,46667	953,4
3,48333	953,4
3,50000	953,4
3,51667	953,4
3,53333	953,4
3,55000	953,4
3,56667	953,4
3,58333	953,4
3,60000	953,4
3,61667	952,4
3,63333	952,4
3,65000	952,4
3,66667	954,4
3,68333	954,4
3,70000	954,4
3,71667	953,4
3,73333	953,4
3,75000	953,4
3,76667	952,4
3,78333	952,4
3,80000	952,4
3,81667	954,4
3,83333	954,4
3,85000	954,4
3,86667	953,4
3,88333	953,4
3,90000	953,4
3,91667	953,4
3,93333	953,4
3,95000	953,4
3,96667	953,4
3,98333	953,4
4,00000	953,4
4,01667	953,4
4,03333	953,4
4,05000	953,4
4,06667	953,4
4,08333	953,4
4,10000	953,4
4,11667	953,4
4,13333	953,4
4,15000	953,4
4,16667	952,4
4,18333	952,4
4,20000	952,4
4,21667	954,4
4,23333	954,4
4,25000	954,4
4,26667	953,4
4,28333	953,4
4,30000	953,4
4,31667	952,4
4,33333	952,4
4,35000	952,4
4,36667	953,4
4,38333	953,4
4,40000	953,4
4,41667	953,4
4,43333	953,4
4,45000	953,4
4,46667	953,4
4,48333	953,4
4,50000	953,4
4,51667	953,4
4,53333	953,4
4,55000	953,4
4,56667	952,4
4,58333	952,4
4,60000	952,4
4,61667	954,4
4,63333	954,4
4,65000	954,4
4,66667	953,4
4,68333	953,4
4,70000	953,4
4,71667	952,4
4,73333	952,4
4,75000	952,4
4,76667	953,4
4,78333	953,4
4,80000	953,4
4,81667	953,4
4,83333	953,4
4,85000	953,4
4,86667	953,4
4,88333	953,4
4,90000	953,4
4,91667	953,4
4,93333	953,4
4,95000	953,4
4,96667	953,4
4,98333	953,4
5,00000	953,4
5,01667	954,4
5,03333	954,4
5,05000	954,4
5,06667	953,4
5,08333	953,4
5,10000	953,4
5,11667	952,4
5,13333	952,4
5,15000	952,4
5,16667	954,4
5,18333	954,4
5,20000	954,4
5,21667	953,4
5,23333	953,4
5,25000	953,4
5,26667	952,4
5,28333	952,4
5,30000	952,4
5,31667	953,4
5,33333	953,4
5,35000	953,4
5,36667	953,4
5,38333	953,4
5,40000	953,4
5,41667	954,4
5,43333	954,4
5,45000	954,4
5,46667	953,4
5,48333	953,4
5,50000	953,4
5,51667	952,4
5,53333	952,4
5,55000	952,4
5,56667	954,4
5,58333	954,4
5,60000	954,4
5,61667	953,4
5,63333	953,4
5,65000	953,4
5,66667	952,4
5,68333	952,4
5,70000	952,4
5,71667	953,4
5,73333	953,4
5,75000	953,4
5,76667	953,4
5,78333	953,4
5,80000	953,4
5,81667	953,4
5,83333	953,4
5,85000	953,4
5,86667	953,4
5,88333	953,4
5,90000	953,4
5,91667	952,4
5,93333	952,4
5,95000	952,4
5,96667	954,4
5,98333	954,4
6,00000	954,4
6,01667	953,4
6,03333	953,4
6,05000	953,4
6,06667	952,4
6,08333	952,4
6,10000	952,4
6,11667	953,4
6,13333	953,4
6,15000	953,4
6,16667	953,4
6,18333	953,4
6,20000	953,4
6,21667	953,4
6,23333	953,4
6,25000	953,4
6,26667	953,4
6,28333	953,4
6,30000	953,4
6,31667	952,4
6,33333	952,4
6,35000	952,4
6,36667	954,4
6,38333	954,4
6,40000	954,4
6,41667	953,4
6,43333	953,4
6,45000	953,4
6,46667	952,4
6,48333	952,4
6,50000	952,4
6,51667	953,4
6,53333	953,4
6,55000	953,4
6,56667	953,4
6,58333	953,4
6,60000	953,4
6,61667	952,4
6,63333	952,4
6,65000	952,4
6,66667	953,4
6,68333	953,4
6,70000	953,4
6,71667	953,4
6,73333	953,4
6,75000	953,4
6,76667	953,4
6,78333	953,4
6,80000	953,4
6,81667	953,4
6,83333	953,4
6,85000	953,4
6,86667	952,4
6,88333	952,4
6,90000	952,4
6,91667	954,4
6,93333	954,4
6,95000	954,4
6,96667	953,4
6,98333	953,4
7,00000	953,4
7,01667	953,4
7,03333	953,4
7,05000	953,4
7,06667	953,4
7,08333	953,4
7,10000	953,4
7,11667	953,4
7,13333	953,4
7,15000	953,4
7,16667	953,4
7,18333	953,4
7,20000	953,4
7,21667	953,4
7,23333	953,4
7,25000	953,4
7,26667	952,4
7,28333	952,4
7,30000	952,4
7,31667	953,4
7,33333	953,4
7,35000	953,4
7,36667	953,4
7,38333	953,4
7,40000	953,4
7,41667	952,4
7,43333	952,4
7,45000	952,4
7,46667	953,4
7,48333	953,4
7,50000	953,4
7,51667	953,4
7,53333	953,4
7,55000	953,4
7,56667	953,4
7,58333	953,4
7,60000	953,4
7,61667	953,4
7,63333	953,4
7,65000	953,4
7,66667	952,4
7,68333	952,4
7,70000	952,4
7,71667	954,4
7,73333	954,4
7,75000	954,4
7,76667	953,4
7,78333	953,4
7,80000	953,4
7,81667	952,4
7,83333	952,4
7,85000	952,4
7,86667	953,4
7,88333	953,4
7,90000	953,4
7,91667	953,4
7,93333	953,4
7,95000	953,4
7,96667	953,4
7,98333	953,4
8,00000	953,4
8,01667	953,4
8,03333	953,4
8,05000	953,4
8,06667	952,4
8,08333	952,4
8,10000	952,4
8,11667	953,4
8,13333	953,4
8,15000	953,4
8,16667	953,4
8,18333	953,4
8,20000	953,4
8,21667	952,4
8,23333	952,4
8,25000	952,4
8,26667	953,4
8,28333	953,4
8,30000	953,4
8,31667	953,4
8,33333	953,4
8,35000	953,4
8,36667	953,4
8,38333	953,4
8,40000	953,4
8,41667	953,4
8,43333	953,4
8,45000	953,4
8,46667	952,4
8,48333	952,4
8,50000	952,4
8,51667	954,4
8,53333	954,4
8,55000	954,4
8,56667	953,4
8,58333	953,4
8,60000	953,4
8,61667	952,4
8,63333	952,4
8,65000	952,4
8,66667	953,4
8,68333	953,4
8,70000	953,4
8,71667	953,4
8,73333	953,4
8,75000	953,4
8,76667	953,4
8,78333	953,4
8,80000	953,4
8,81667	953,4
8,83333	953,4
8,85000	953,4
8,86667	952,4
8,88333	952,4
8,90000	952,4
8,91667	954,4
8,93333	954,4
8,95000	954,4
8,96667	953,4
8,98333	953,4
9,00000	953,4
9,01667	952,4
9,03333	952,4
9,05000	952,4
9,06667	953,4
9,08333	953,4
9,10000	953,4
9,11667	953,4
9,13333	953,4
9,15000	953,4
9,16667	953,4
9,18333	953,4
9,20000	953,4
9,21667	953,4
9,23333	953,4
9,25000	953,4
9,26667	952,4
9,28333	952,4
9,30000	952,4
9,31667	954,4
9,33333	954,4
9,35000	954,4
9,36667	953,4
9,38333	953,4
9,40000	953,4
9,41667	952,4
9,43333	952,4
9,45000	952,4
9,46667	953,4
9,48333	953,4
9,50000	953,4
9,51667	953,4
9,53333	953,4
9,55000	953,4
9,56667	953,4
9,58333	953,4
9,60000	953,4
9,61667	953,4
9,63333	953,4
9,65000	953,4
9,66667	952,4
9,68333	952,4
9,70000	952,4
9,71667	954,4
9,73333	954,4
9,75000	954,4
9,76667	953,4
9,78333	953,4
9,80000	953,4
9,81667	952,4
9,83333	952,4
9,85000	952,4
9,86667	953,4
9,88333	953,4
9,90000	953,4
9,91667	953,4
9,93333	953,4
9,95000	953,4
9,96667	953,4
9,98333	953,4
10,00000	953,4
10,01667	953,4
10,03333	953,4
10,05000	953,4
10,06667	952,4
10,08333	952,4
10,10000	952,4
10,11667	954,4
10,13333	954,4
10,15000	954,4
10,16667	953,4
10,18333	953,4
10,20000	953,4
10,21667	952,4
10,23333	952,4
10,25000	952,4
10,26667	953,4
10,28333	953,4
10,30000	953,4
10,31667	953,4
10,33333	953,4
10,35000	953,4
10,36667	954,4
10,38333	954,4
10,40000	954,4
10,41667	953,4
10,43333	953,4
10,45000	953,4
10,46667	952,4
10,48333	952,4
10,50000	952,4
10,51667	953,4
10,53333	953,4
10,55000	953,4
10,56667	953,4
10,58333	953,4
10,60000	953,4
10,61667	953,4
10,63333	953,4
10,65000	953,4
10,66667	953,4
10,68333	953,4
10,70000	953,4
10,71667	953,4
10,73333	953,4
10,75000	953,4
10,76667	954,4
10,78333	954,4
10,80000	954,4
10,81667	953,4
10,83333	953,4
10,85000	953,4
10,86667	952,4
10,88333	952,4
10,90000	952,4
10,91667	953,4
10,93333	953,4
10,95000	953,4
10,96667	953,4
10,98333	953,4
11,00000	953,4
11,01667	953,4
11,03333	953,4
11,05000	953,4
11,06667	953,4
11,08333	953,4
11,10000	953,4
11,11667	952,4
11,13333	952,4
11,15000	952,4
11,16667	954,4
11,18333	954,4
11,20000	954,4
11,21667	953,4
11,23333	953,4
11,25000	953,4
11,26667	952,4
11,28333	952,4
11,30000	952,4
11,31667	953,4
11,33333	953,4
11,35000	953,4
11,36667	953,4
11,38333	953,4
11,40000	953,4
11,41667	953,4
11,43333	953,4
11,45000	953,4
11,46667	953,4
11,48333	953,4
11,50000	953,4
11,51667	952,4
11,53333	952,4
11,55000	952,4
11,56667	954,4
11,58333	954,4
11,60000	954,4
11,61667	953,4
11,63333	953,4
11,65000	953,4
11,66667	952,4
11,68333	952,4
11,70000	952,4
11,71667	953,4
11,73333	953,4
11,75000	953,4
11,76667	953,4
11,78333	953,4
11,80000	953,4
11,81667	953,4
11,83333	953,4
11,85000	953,4
11,86667	953,4
11,88333	953,4
11,90000	953,4
11,91667	952,4
11,93333	952,4
11,95000	952,4
11,96667	954,4
11,98333	954,4
12,00000	954,4
12,01667	953,4
12,03333	953,4
12,05000	953,4
12,06667	952,4
12,08333	952,4
12,10000	952,4
12,11667	953,4
12,13333	953,4
12,15000	953,4
12,16667	953,4
12,18333	953,4
12,20000	953,4
12,21667	953,4
12,23333	953,4
12,25000	953,4
12,26667	953,4
12,28333	953,4
12,30000	953,4
12,31667	952,4
12,33333	952,4
12,35000	952,4
12,36667	954,4
12,38333	954,4
12,40000	954,4
12,41667	953,4
12,43333	953,4
12,45000	953,4
12,46667	952,4
12,48333	952,4
12,50000	952,4
12,51667	953,4
12,53333	953,4
12,55000	953,4
12,56667	953,4
12,58333	953,4
12,60000	953,4
12,61667	953,4
12,63333	953,4
12,65000	953,4
12,66667	953,4
12,68333	953,4
12,70000	953,4
12,71667	952,4
12,73333	952,4
12,75000	952,4
12,76667	954,4
12,78333	954,4
12,80000	954,4
12,81667	952,4
12,83333	952,4
12,85000	952,4
12,86667	952,4
12,88333	952,4
12,90000	952,4
12,91667	953,4
12,93333	953,4
12,95000	953,4
12,96667	953,4
12,98333	953,4
13,00000	953,4
13,01667	953,4
13,03333	953,4
13,05000	953,4
13,06667	953,4
13,08333	953,4
13,10000	953,4
13,11667	952,4
13,13333	952,4
13,15000	952,4
13,16667	954,4
13,18333	954,4
13,20000	954,4
13,21667	953,4
13,23333	953,4
13,25000	953,4
13,26667	953,4
13,28333	953,4
13,30000	953,4
13,31667	953,4
13,33333	953,4
13,35000	953,4
13,36667	953,4
13,38333	953,4
13,40000	953,4
13,41667	953,4
13,43333	953,4
13,45000	953,4
13,46667	953,4
13,48333	953,4
13,50000	953,4
13,51667	952,4
13,53333	952,4
13,55000	952,4
13,56667	954,4
13,58333	954,4
13,60000	954,4
13,61667	953,4
13,63333	953,4
13,65000	953,4
13,66667	953,4
13,68333	953,4
13,70000	953,4
13,71667	953,4
13,73333	953,4
13,75000	953,4
13,76667	952,4
13,78333	952,4
13,80000	952,4
13,81667	954,4
13,83333	954,4
13,85000	954,4
13,86667	953,4
13,88333	953,4
13,90000	953,4
13,91667	952,4
13,93333	952,4
13,95000	952,4
13,96667	953,4
13,98333	953,4
14,00000	953,4
14,01667	953,4
14,03333	953,4
14,05000	953,4
14,06667	953,4
14,08333	953,4
14,10000	953,4
14,11667	953,4
14,13333	953,4
14,15000	953,4
14,16667	952,4
14,18333	952,4
14,20000	952,4
14,21667	954,4
14,23333	954,4
14,25000	954,4
14,26667	953,4
14,28333	953,4
14,30000	953,4
14,31667	952,4
14,33333	952,4
14,35000	952,4
14,36667	953,4
14,38333	953,4
14,40000	953,4
14,41667	953,4
14,43333	953,4
14,45000	953,4
14,46667	954,4
14,48333	954,4
14,50000	954,4
14,51667	953,4
14,53333	953,4
14,55000	953,4
14,56667	952,4
14,58333	952,4
14,60000	952,4
14,61667	954,4
14,63333	954,4
14,65000	954,4
14,66667	953,4
14,68333	953,4
14,70000	953,4
14,71667	952,4
14,73333	952,4
14,75000	952,4
14,76667	953,4
14,78333	953,4
14,80000	953,4
14,81667	952,4
14,83333	952,4
14,85000	952,4
14,86667	953,4
14,88333	953,4
14,90000	953,4
14,91667	953,4
14,93333	953,4
14,95000	953,4
14,96667	952,4
14,98333	952,4
15,00000	952,4
15,01667	953,4
15,03333	953,4
15,05000	953,4
15,06667	953,4
15,08333	953,4
15,10000	953,4
15,11667	953,4
15,13333	953,4
15,15000	953,4
15,16667	953,4
15,18333	953,4
15,20000	953,4
15,21667	953,4
15,23333	953,4
15,25000	953,4
15,26667	953,4
15,28333	953,4
15,30000	953,4
15,31667	953,4
15,33333	953,4
15,35000	953,4
15,36667	952,4
15,38333	952,4
15,40000	952,4
15,41667	954,4
15,43333	954,4
15,45000	954,4
15,46667	953,4
15,48333	953,4
15,50000	953,4
15,51667	952,4
15,53333	952,4
15,55000	952,4
15,56667	953,4
15,58333	953,4
15,60000	953,4
15,61667	953,4
15,63333	953,4
15,65000	953,4
15,66667	953,4
15,68333	953,4
15,70000	953,4
15,71667	953,4
15,73333	953,4
15,75000	953,4
15,76667	952,4
15,78333	952,4
15,80000	952,4
15,81667	954,4
15,83333	954,4
15,85000	954,4
15,86667	953,4
15,88333	953,4
15,90000	953,4
15,91667	952,4
15,93333	952,4
15,95000	952,4
15,96667	953,4
15,98333	953,4
16,00000	953,4
16,01667	953,4
16,03333	953,4
16,05000	953,4
16,06667	953,4
16,08333	953,4
16,10000	953,4
16,11667	953,4
16,13333	953,4
16,15000	953,4
16,16667	952,4
16,18333	952,4
16,20000	952,4
16,21667	954,4
16,23333	954,4
16,25000	954,4
16,26667	953,4
16,28333	953,4
16,30000	953,4
16,31667	952,4
16,33333	952,4
16,35000	952,4
16,36667	953,4
16,38333	953,4
16,40000	953,4
16,41667	953,4
16,43333	953,4
16,45000	953,4
16,46667	953,4
16,48333	953,4
16,50000	953,4
16,51667	953,4
16,53333	953,4
16,55000	953,4
16,56667	952,4
16,58333	952,4
16,60000	952,4
16,61667	954,4
16,63333	954,4
16,65000	954,4
16,66667	953,4
16,68333	953,4
16,70000	953,4
16,71667	952,4
16,73333	952,4
16,75000	952,4
16,76667	953,4
16,78333	953,4
16,80000	953,4
16,81667	953,4
16,83333	953,4
16,85000	953,4
16,86667	953,4
16,88333	953,4
16,90000	953,4
16,91667	953,4
16,93333	953,4
16,95000	953,4
16,96667	952,4
16,98333	952,4
17,00000	952,4
17,01667	953,4
17,03333	953,4
17,05000	953,4
17,06667	953,4
17,08333	953,4
17,10000	953,4
17,11667	952,4
17,13333	952,4
17,15000	952,4
17,16667	953,4
17,18333	953,4
17,20000	953,4
17,21667	953,4
17,23333	953,4
17,25000	953,4
17,26667	953,4
17,28333	953,4
17,30000	953,4
17,31667	953,4
17,33333	953,4
17,35000	953,4
17,36667	952,4
17,38333	952,4
17,40000	952,4
17,41667	954,4
17,43333	954,4
17,45000	954,4
17,46667	953,4
17,48333	953,4
17,50000	953,4
17,51667	952,4
17,53333	952,4
17,55000	952,4
17,56667	953,4
17,58333	953,4
17,60000	953,4
17,61667	953,4
17,63333	953,4
17,65000	953,4
17,66667	953,4
17,68333	953,4
17,70000	953,4
17,71667	953,4
17,73333	953,4
17,75000	953,4
17,76667	952,4
17,78333	952,4
17,80000	952,4
17,81667	954,4
17,83333	954,4
17,85000	954,4
17,86667	953,4
17,88333	953,4
17,90000	953,4
17,91667	952,4
17,93333	952,4
17,95000	952,4
17,96667	953,4
17,98333	953,4
18,00000	953,4
18,01667	953,4
18,03333	953,4
18,05000	953,4
18,06667	953,4
18,08333	953,4
18,10000	953,4
18,11667	952,4
18,13333	952,4
18,15000	952,4
18,16667	952,4
18,18333	952,4
18,20000	952,4
18,21667	954,4
18,23333	954,4
18,25000	954,4
18,26667	953,4
18,28333	953,4
18,30000	953,4
18,31667	953,4
18,33333	953,4
18,35000	953,4
18,36667	953,4
18,38333	953,4
18,40000	953,4
18,41667	953,4
18,43333	953,4
18,45000	953,4
18,46667	953,4
18,48333	953,4
18,50000	953,4
18,51667	952,4
18,53333	952,4
18,55000	952,4
18,56667	952,4
18,58333	952,4
18,60000	952,4
18,61667	954,4
18,63333	954,4
18,65000	954,4
18,66667	953,4
18,68333	953,4
18,70000	953,4
18,71667	952,4
18,73333	952,4
18,75000	952,4
18,76667	953,4
18,78333	953,4
18,80000	953,4
18,81667	953,4
18,83333	953,4
18,85000	953,4
18,86667	953,4
18,88333	953,4
18,90000	953,4
18,91667	953,4
18,93333	953,4
18,95000	953,4
18,96667	952,4
18,98333	952,4
19,00000	952,4
19,01667	954,4
19,03333	954,4
19,05000	954,4
19,06667	953,4
19,08333	953,4
19,10000	953,4
19,11667	952,4
19,13333	952,4
19,15000	952,4
19,16667	953,4
19,18333	953,4
19,20000	953,4
19,21667	953,4
19,23333	953,4
19,25000	953,4
19,26667	954,4
19,28333	954,4
19,30000	954,4
19,31667	953,4
19,33333	953,4
19,35000	953,4
19,36667	952,4
19,38333	952,4
19,40000	952,4
19,41667	953,4
19,43333	953,4
19,45000	953,4
19,46667	953,4
19,48333	953,4
19,50000	953,4
19,51667	953,4
19,53333	953,4
19,55000	953,4
19,56667	953,4
19,58333	953,4
19,60000	953,4
19,61667	952,4
19,63333	952,4
19,65000	952,4
19,66667	954,4
19,68333	954,4
19,70000	954,4
19,71667	953,4
19,73333	953,4
19,75000	953,4
19,76667	952,4
19,78333	952,4
19,80000	952,4
19,81667	953,4
19,83333	953,4
19,85000	953,4
19,86667	953,4
19,88333	953,4
19,90000	953,4
19,91667	954,4
19,93333	954,4
19,95000	954,4
19,96667	953,4
19,98333	953,4
20,00000	953,4
20,01667	952,4
20,03333	952,4
20,05000	952,4
20,06667	953,4
20,08333	953,4
20,10000	953,4
20,11667	953,4
20,13333	953,4
20,15000	953,4
20,16667	953,4
20,18333	953,4
20,20000	953,4
20,21667	953,4
20,23333	953,4
20,25000	953,4
20,26667	952,4
20,28333	952,4
20,30000	952,4
20,31667	954,4
20,33333	954,4
20,35000	954,4
20,36667	953,4
20,38333	953,4
20,40000	953,4
20,41667	953,4
20,43333	953,4
20,45000	953,4
20,46667	953,4
20,48333	953,4
20,50000	953,4
20,51667	952,4
20,53333	952,4
20,55000	952,4
20,56667	954,4
20,58333	954,4
20,60000	954,4
20,61667	953,4
20,63333	953,4
20,65000	953,4
20,66667	952,4
20,68333	952,4
20,70000	952,4
20,71667	953,4
20,73333	953,4
20,75000	953,4
20,76667	953,4
20,78333	953,4
20,80000	953,4
20,81667	954,4
20,83333	954,4
20,85000	954,4
20,86667	953,4
20,88333	953,4
20,90000	953,4
20,91667	952,4
20,93333	952,4
20,95000	952,4
20,96667	953,4
20,98333	953,4
21,00000	953,4
21,01667	953,4
21,03333	953,4
21,05000	953,4
21,06667	953,4
21,08333	953,4
21,10000	953,4
21,11667	953,4
21,13333	953,4
21,15000	953,4
21,16667	951,3
21,18333	951,3
21,20000	951,3
21,21667	953,4
21,23333	953,4
21,25000	953,4
21,26667	953,4
21,28333	953,4
21,30000	953,4
21,31667	953,4
21,33333	953,4
21,35000	953,4
21,36667	953,4
21,38333	953,4
21,40000	953,4
21,41667	952,4
21,43333	952,4
21,45000	952,4
21,46667	953,4
21,48333	953,4
21,50000	953,4
21,51667	953,4
21,53333	953,4
21,55000	953,4
21,56667	953,4
21,58333	953,4
21,60000	953,4
21,61667	953,4
21,63333	953,4
21,65000	953,4
21,66667	952,4
21,68333	952,4
21,70000	952,4
21,71667	953,4
21,73333	953,4
21,75000	953,4
21,76667	953,4
21,78333	953,4
21,80000	953,4
21,81667	954,4
21,83333	954,4
21,85000	954,4
21,86667	953,4
21,88333	953,4
21,90000	953,4
21,91667	952,4
21,93333	952,4
21,95000	952,4
21,96667	953,4
21,98333	953,4
22,00000	953,4
22,01667	953,4
22,03333	953,4
22,05000	953,4
22,06667	954,4
22,08333	954,4
22,10000	954,4
22,11667	953,4
22,13333	953,4
22,15000	953,4
22,16667	952,4
22,18333	952,4
22,20000	952,4
22,21667	953,4
22,23333	953,4
22,25000	953,4
22,26667	952,4
22,28333	952,4
22,30000	952,4
22,31667	954,4
22,33333	954,4
22,35000	954,4
22,36667	952,4
22,38333	952,4
22,40000	952,4
22,41667	953,4
22,43333	953,4
22,45000	953,4
22,46667	953,4
22,48333	953,4
22,50000	953,4
22,51667	952,4
22,53333	952,4
22,55000	952,4
22,56667	953,4
22,58333	953,4
22,60000	953,4
22,61667	953,4
22,63333	953,4
22,65000	953,4
22,66667	954,4
22,68333	954,4
22,70000	954,4
22,71667	953,4
22,73333	953,4
22,75000	953,4
22,76667	953,4
22,78333	953,4
22,80000	953,4
22,81667	953,4
22,83333	953,4
22,85000	953,4
22,86667	952,4
22,88333	952,4
22,90000	952,4
22,91667	954,4
22,93333	954,4
22,95000	954,4
22,96667	953,4
22,98333	953,4
23,00000	953,4
23,01667	953,4
23,03333	953,4
23,05000	953,4
23,06667	953,4
23,08333	953,4
23,10000	953,4
23,11667	952,4
23,13333	952,4
23,15000	952,4
23,16667	953,4
23,18333	953,4
23,20000	953,4
23,21667	952,4
23,23333	952,4
23,25000	952,4
23,26667	954,4
23,28333	954,4
23,30000	954,4
23,31667	953,4
23,33333	953,4
23,35000	953,4
23,36667	953,4
23,38333	953,4
23,40000	953,4
23,41667	953,4
23,43333	953,4
23,45000	953,4
23,46667	952,4
23,48333	952,4
23,50000	952,4
23,51667	954,4
23,53333	954,4
23,55000	954,4
23,56667	953,4
23,58333	953,4
23,60000	953,4
23,61667	954,4
23,63333	954,4
23,65000	954,4
23,66667	953,4
23,68333	953,4
23,70000	953,4
23,71667	952,4
23,73333	952,4
23,75000	952,4
23,76667	953,4
23,78333	953,4
23,80000	953,4
23,81667	952,4
23,83333	952,4
23,85000	952,4
23,86667	954,4
23,88333	954,4
23,90000	954,4
23,91667	954,4
23,93333	954,4
23,95000	954,4
23,96667	953,4
23,98333	953,4
24,00000	953,4
24,01667	953,4
24,03333	953,4
24,05000	953,4
24,06667	953,4
24,08333	953,4
24,10000	953,4
24,11667	954,4
24,13333	954,4
24,15000	954,4
24,16667	953,4
24,18333	953,4
24,20000	953,4
24,21667	952,4
24,23333	952,4
24,25000	952,4
24,26667	953,4
24,28333	953,4
24,30000	953,4
24,31667	952,4
24,33333	952,4
24,35000	952,4
24,36667	953,4
24,38333	953,4
24,40000	953,4
24,41667	953,4
24,43333	953,4
24,45000	953,4
24,46667	954,4
24,48333	954,4
24,50000	954,4
24,51667	953,4
24,53333	953,4
24,55000	953,4
24,56667	952,4
24,58333	952,4
24,60000	952,4
24,61667	953,4
24,63333	953,4
24,65000	953,4
24,66667	952,4
24,68333	952,4
24,70000	952,4
24,71667	954,4
24,73333	954,4
24,75000	954,4
24,76667	953,4
24,78333	953,4
24,80000	953,4
24,81667	953,4
24,83333	953,4
24,85000	953,4
24,86667	953,4
24,88333	953,4
24,90000	953,4
24,91667	952,4
24,93333	952,4
24,95000	952,4
24,96667	953,4
24,98333	953,4
25,00000	953,4
25,01667	952,4
25,03333	952,4
25,05000	952,4
25,06667	954,4
25,08333	954,4
25,10000	954,4
25,11667	953,4
25,13333	953,4
25,15000	953,4
25,16667	953,4
25,18333	953,4
25,20000	953,4
25,21667	953,4
25,23333	953,4
25,25000	953,4
25,26667	952,4
25,28333	952,4
25,30000	952,4
25,31667	953,4
25,33333	953,4
25,35000	953,4
25,36667	953,4
25,38333	953,4
25,40000	953,4
25,41667	953,4
25,43333	953,4
25,45000	953,4
25,46667	953,4
25,48333	953,4
25,50000	953,4
25,51667	952,4
25,53333	952,4
25,55000	952,4
25,56667	953,4
25,58333	953,4
25,60000	953,4
25,61667	953,4
25,63333	953,4
25,65000	953,4
25,66667	953,4
25,68333	953,4
25,70000	953,4
25,71667	953,4
25,73333	953,4
25,75000	953,4
25,76667	952,4
25,78333	952,4
25,80000	952,4
25,81667	953,4
25,83333	953,4
25,85000	953,4
25,86667	953,4
25,88333	953,4
25,90000	953,4
25,91667	953,4
25,93333	953,4
25,95000	953,4
25,96667	953,4
25,98333	953,4
26,00000	953,4
26,01667	952,4
26,03333	952,4
26,05000	952,4
26,06667	954,4
26,08333	954,4
26,10000	954,4
26,11667	954,4
26,13333	954,4
26,15000	954,4
26,16667	952,4
26,18333	952,4
26,20000	952,4
26,21667	953,4
26,23333	953,4
26,25000	953,4
26,26667	953,4
26,28333	953,4
26,30000	953,4
26,31667	954,4
26,33333	954,4
26,35000	954,4
26,36667	953,4
26,38333	953,4
26,40000	953,4
26,41667	952,4
26,43333	952,4
26,45000	952,4
26,46667	953,4
26,48333	953,4
26,50000	953,4
26,51667	953,4
26,53333	953,4
26,55000	953,4
26,56667	953,4
26,58333	953,4
26,60000	953,4
26,61667	953,4
26,63333	953,4
26,65000	953,4
26,66667	953,4
26,68333	953,4
26,70000	953,4
26,71667	954,4
26,73333	954,4
26,75000	954,4
26,76667	953,4
26,78333	953,4
26,80000	953,4
26,81667	952,4
26,83333	952,4
26,85000	952,4
26,86667	953,4
26,88333	953,4
26,90000	953,4
26,91667	953,4
26,93333	953,4
26,95000	953,4
26,96667	953,4
26,98333	953,4
27,00000	953,4
27,01667	953,4
27,03333	953,4
27,05000	953,4
27,06667	952,4
27,08333	952,4
27,10000	952,4
27,11667	954,4
27,13333	954,4
27,15000	954,4
27,16667	953,4
27,18333	953,4
27,20000	953,4
27,21667	952,4
27,23333	952,4
27,25000	952,4
27,26667	953,4
27,28333	953,4
27,30000	953,4
27,31667	953,4
27,33333	953,4
27,35000	953,4
27,36667	953,4
27,38333	953,4
27,40000	953,4
27,41667	953,4
27,43333	953,4
27,45000	953,4
27,46667	952,4
27,48333	952,4
27,50000	952,4
27,51667	954,4
27,53333	954,4
27,55000	954,4
27,56667	954,4
27,58333	954,4
27,60000	954,4
27,61667	952,4
27,63333	952,4
27,65000	952,4
27,66667	953,4
27,68333	953,4
27,70000	953,4
27,71667	952,4
27,73333	952,4
27,75000	952,4
27,76667	953,4
27,78333	953,4
27,80000	953,4
27,81667	953,4
27,83333	953,4
27,85000	953,4
27,86667	952,4
27,88333	952,4
27,90000	952,4
27,91667	954,4
27,93333	954,4
27,95000	954,4
27,96667	953,4
27,98333	953,4
28,00000	953,4
28,01667	952,4
28,03333	952,4
28,05000	952,4
28,06667	953,4
28,08333	953,4
28,10000	953,4
28,11667	953,4
28,13333	953,4
28,15000	953,4
28,16667	953,4
28,18333	953,4
28,20000	953,4
28,21667	953,4
28,23333	953,4
28,25000	953,4
28,26667	952,4
28,28333	952,4
28,30000	952,4
28,31667	954,4
28,33333	954,4
28,35000	953,4
28,36667	953,4
28,38333	953,4
28,40000	953,4
28,41667	952,4
28,43333	952,4
28,45000	952,4
28,46667	954,4
28,48333	954,4
28,50000	954,4
28,51667	953,4
28,53333	953,4
28,55000	953,4
28,56667	953,4
28,58333	953,4
28,60000	953,4
28,61667	954,4
28,63333	954,4
28,65000	954,4
28,66667	952,4
28,68333	952,4
28,70000	952,4
28,71667	952,4
28,73333	952,4
28,75000	952,4
28,76667	953,4
28,78333	953,4
28,80000	953,4
28,81667	953,4
28,83333	953,4
28,85000	953,4
28,86667	953,4
28,88333	953,4
28,90000	953,4
28,91667	953,4
28,93333	953,4
28,95000	953,4
28,96667	953,4
28,98333	953,4
29,00000	953,4
29,01667	953,4
29,03333	953,4
29,05000	953,4
29,06667	953,4
29,08333	953,4
29,10000	953,4
29,11667	952,4
29,13333	952,4
29,15000	952,4
29,16667	954,4
29,18333	954,4
29,20000	954,4
29,21667	953,4
29,23333	953,4
29,25000	953,4
29,26667	952,4
29,28333	952,4
29,30000	952,4
29,31667	954,4
29,33333	954,4
29,35000	954,4
29,36667	953,4
29,38333	953,4
29,40000	953,4
29,41667	952,4
29,43333	952,4
29,45000	952,4
29,46667	953,4
29,48333	953,4
29,50000	953,4
29,51667	953,4
29,53333	953,4
29,55000	953,4
29,56667	953,4
29,58333	953,4
29,60000	953,4
29,61667	953,4
29,63333	953,4
29,65000	953,4
29,66667	953,4
29,68333	953,4
29,70000	953,4
29,71667	953,4
29,73333	953,4
29,75000	953,4
29,76667	953,4
29,78333	953,4
29,80000	953,4
29,81667	952,4
29,83333	952,4
29,85000	952,4
29,86667	954,4
29,88333	954,4
29,90000	954,4
29,91667	953,4
29,93333	953,4
29,95000	953,4
29,96667	952,4
29,98333	952,4
30,00000	952,4
30,01667	953,4
30,03333	953,4
30,05000	953,4
30,06667	953,4
30,08333	953,4
30,10000	953,4
30,11667	953,4
30,13333	953,4
30,15000	953,4
30,16667	953,4
30,18333	953,4
30,20000	953,4
30,21667	953,4
30,23333	953,4
30,25000	953,4
30,26667	953,4
30,28333	953,4
30,30000	953,4
30,31667	953,4
30,33333	953,4
30,35000	953,4
30,36667	952,4
30,38333	952,4
30,40000	952,4
30,41667	954,4
30,43333	954,4
30,45000	954,4
30,46667	953,4
30,48333	953,4
30,50000	953,4
30,51667	952,4
30,53333	952,4
30,55000	952,4
30,56667	954,4
30,58333	954,4
30,60000	954,4
30,61667	953,4
30,63333	953,4
30,65000	953,4
30,66667	953,4
30,68333	953,4
30,70000	953,4
30,71667	953,4
30,73333	953,4
30,75000	953,4
30,76667	953,4
30,78333	953,4
30,80000	953,4
30,81667	953,4
30,83333	953,4
30,85000	953,4
30,86667	953,4
30,88333	953,4
30,90000	953,4
30,91667	952,4
30,93333	952,4
30,95000	952,4
30,96667	954,4
30,98333	954,4
31,00000	954,4
31,01667	953,4
31,03333	953,4
31,05000	953,4
31,06667	952,4
31,08333	952,4
31,10000	952,4
31,11667	954,4
31,13333	954,4
31,15000	954,4
31,16667	953,4
31,18333	953,4
31,20000	953,4
31,21667	953,4
31,23333	953,4
31,25000	953,4
31,26667	953,4
31,28333	953,4
31,30000	953,4
31,31667	953,4
31,33333	953,4
31,35000	953,4
31,36667	953,4
31,38333	953,4
31,40000	953,4
31,41667	953,4
31,43333	953,4
31,45000	953,4
31,46667	953,4
31,48333	953,4
31,50000	953,4
31,51667	954,4
31,53333	954,4
31,55000	954,4
31,56667	953,4
31,58333	953,4
31,60000	953,4
31,61667	952,4
31,63333	952,4
31,65000	952,4
31,66667	954,4
31,68333	954,4
31,70000	954,4
31,71667	953,4
31,73333	953,4
31,75000	953,4
31,76667	952,4
31,78333	952,4
31,80000	952,4
31,81667	954,4
31,83333	954,4
31,85000	954,4
31,86667	953,4
31,88333	953,4
31,90000	953,4
31,91667	953,4
31,93333	953,4
31,95000	953,4
31,96667	953,4
31,98333	953,4
32,00000	953,4

[LC Status Trace(Pump B Pressure)]
Interval(msec)	1000
# of Points	1921
Start Time(min)	0,000
End Time(min)	32,000
Intensity Units	bar
Intensity Multiplier	0,980665
R.Time (min)	Intensity
0,00000	79,5
0,01667	79,5
0,03333	79,1
0,05000	79,3
0,06667	79,5
0,08333	80,5
0,10000	80,9
0,11667	81,2
0,13333	81,3
0,15000	81,1
0,16667	81,0
0,18333	80,6
0,20000	80,6
0,21667	80,8
0,23333	80,9
0,25000	80,9
0,26667	81,0
0,28333	81,0
0,30000	81,0
0,31667	81,0
0,33333	81,1
0,35000	81,1
0,36667	81,1
0,38333	81,1
0,40000	81,2
0,41667	81,0
0,43333	81,1
0,45000	81,2
0,46667	81,1
0,48333	81,1
0,50000	81,1
0,51667	81,1
0,53333	81,1
0,55000	81,1
0,56667	81,1
0,58333	81,1
0,60000	81,2
0,61667	81,1
0,63333	81,1
0,65000	81,1
0,66667	81,0
0,68333	81,1
0,70000	81,1
0,71667	81,1
0,73333	81,0
0,75000	81,0
0,76667	81,1
0,78333	81,1
0,80000	81,1
0,81667	81,1
0,83333	81,0
0,85000	81,1
0,86667	81,1
0,88333	81,0
0,90000	81,1
0,91667	81,1
0,93333	81,0
0,95000	81,0
0,96667	81,1
0,98333	81,1
1,00000	81,1
1,01667	81,1
1,03333	81,1
1,05000	81,1
1,06667	81,0
1,08333	81,0
1,10000	81,1
1,11667	81,0
1,13333	81,0
1,15000	81,1
1,16667	81,1
1,18333	81,1
1,20000	81,1
1,21667	81,0
1,23333	81,1
1,25000	81,1
1,26667	81,0
1,28333	81,0
1,30000	81,0
1,31667	81,0
1,33333	81,1
1,35000	81,1
1,36667	81,1
1,38333	81,0
1,40000	80,9
1,41667	81,0
1,43333	81,0
1,45000	81,1
1,46667	81,0
1,48333	81,0
1,50000	81,0
1,51667	81,0
1,53333	81,0
1,55000	81,0
1,56667	81,0
1,58333	81,0
1,60000	81,0
1,61667	81,0
1,63333	80,9
1,65000	80,9
1,66667	80,9
1,68333	81,0
1,70000	81,0
1,71667	81,0
1,73333	80,9
1,75000	80,9
1,76667	81,0
1,78333	81,0
1,80000	81,0
1,81667	80,9
1,83333	80,9
1,85000	81,0
1,86667	80,9
1,88333	80,9
1,90000	80,8
1,91667	80,9
1,93333	80,9
1,95000	80,9
1,96667	80,9
1,98333	80,9
2,00000	80,9
2,01667	80,9
2,03333	80,9
2,05000	80,8
2,06667	80,9
2,08333	80,9
2,10000	80,9
2,11667	80,9
2,13333	80,9
2,15000	80,9
2,16667	80,9
2,18333	80,8
2,20000	80,8
2,21667	80,8
2,23333	80,9
2,25000	80,9
2,26667	80,8
2,28333	80,9
2,30000	80,9
2,31667	80,9
2,33333	80,8
2,35000	80,8
2,36667	80,8
2,38333	80,8
2,40000	80,9
2,41667	80,8
2,43333	80,9
2,45000	80,9
2,46667	80,9
2,48333	80,8
2,50000	80,8
2,51667	80,8
2,53333	80,9
2,55000	80,9
2,56667	80,9
2,58333	80,9
2,60000	80,9
2,61667	80,9
2,63333	80,9
2,65000	80,9
2,66667	80,9
2,68333	80,8
2,70000	80,8
2,71667	80,8
2,73333	80,9
2,75000	80,9
2,76667	80,9
2,78333	80,9
2,80000	80,9
2,81667	80,9
2,83333	80,9
2,85000	80,9
2,86667	80,9
2,88333	81,0
2,90000	80,9
2,91667	80,9
2,93333	80,9
2,95000	81,0
2,96667	80,9
2,98333	81,0
3,00000	80,9
3,01667	81,0
3,03333	80,9
3,05000	80,9
3,06667	81,0
3,08333	81,0
3,10000	80,9
3,11667	81,0
3,13333	81,0
3,15000	81,1
3,16667	81,0
3,18333	81,0
3,20000	81,0
3,21667	81,0
3,23333	81,0
3,25000	81,1
3,26667	81,1
3,28333	81,0
3,30000	81,0
3,31667	81,0
3,33333	81,0
3,35000	81,0
3,36667	81,1
3,38333	81,1
3,40000	81,1
3,41667	81,0
3,43333	81,1
3,45000	81,1
3,46667	81,1
3,48333	81,1
3,50000	81,1
3,51667	81,1
3,53333	81,1
3,55000	81,1
3,56667	81,1
3,58333	81,1
3,60000	81,1
3,61667	81,1
3,63333	81,2
3,65000	81,1
3,66667	81,1
3,68333	81,2
3,70000	81,2
3,71667	81,2
3,73333	81,2
3,75000	81,2
3,76667	81,2
3,78333	81,1
3,80000	81,2
3,81667	81,3
3,83333	81,2
3,85000	81,2
3,86667	81,2
3,88333	81,2
3,90000	81,2
3,91667	81,2
3,93333	81,2
3,95000	81,2
3,96667	81,3
3,98333	81,2
4,00000	81,2
4,01667	81,3
4,03333	81,3
4,05000	81,3
4,06667	81,3
4,08333	81,3
4,10000	81,4
4,11667	81,3
4,13333	81,4
4,15000	81,3
4,16667	81,3
4,18333	81,3
4,20000	81,4
4,21667	81,3
4,23333	81,3
4,25000	81,3
4,26667	81,4
4,28333	81,6
4,30000	81,7
4,31667	81,9
4,33333	82,0
4,35000	82,0
4,36667	82,1
4,38333	82,2
4,40000	82,2
4,41667	82,2
4,43333	82,1
4,45000	82,1
4,46667	82,1
4,48333	82,0
4,50000	82,0
4,51667	82,1
4,53333	82,0
4,55000	82,0
4,56667	82,0
4,58333	81,9
4,60000	81,9
4,61667	81,9
4,63333	81,9
4,65000	81,7
4,66667	81,8
4,68333	81,6
4,70000	81,6
4,71667	81,6
4,73333	81,5
4,75000	81,4
4,76667	81,5
4,78333	81,4
4,80000	81,3
4,81667	81,3
4,83333	81,3
4,85000	81,3
4,86667	81,3
4,88333	81,2
4,90000	81,2
4,91667	81,2
4,93333	81,2
4,95000	81,1
4,96667	81,1
4,98333	81,1
5,00000	81,0
5,01667	81,1
5,03333	81,2
5,05000	81,1
5,06667	81,2
5,08333	81,3
5,10000	81,3
5,11667	81,4
5,13333	81,4
5,15000	81,4
5,16667	81,4
5,18333	81,5
5,20000	81,4
5,21667	81,5
5,23333	81,5
5,25000	81,5
5,26667	81,5
5,28333	81,5
5,30000	81,5
5,31667	81,6
5,33333	81,5
5,35000	81,6
5,36667	81,6
5,38333	81,5
5,40000	81,6
5,41667	81,6
5,43333	81,6
5,45000	81,6
5,46667	81,6
5,48333	81,6
5,50000	81,7
5,51667	81,7
5,53333	81,7
5,55000	81,6
5,56667	81,7
5,58333	81,7
5,60000	81,7
5,61667	81,7
5,63333	81,7
5,65000	81,7
5,66667	81,7
5,68333	81,7
5,70000	81,8
5,71667	81,7
5,73333	81,8
5,75000	81,8
5,76667	81,8
5,78333	81,8
5,80000	81,8
5,81667	81,9
5,83333	81,9
5,85000	81,7
5,86667	81,8
5,88333	81,8
5,90000	81,8
5,91667	81,8
5,93333	81,8
5,95000	81,8
5,96667	81,8
5,98333	81,8
6,00000	81,8
6,01667	81,8
6,03333	81,8
6,05000	81,9
6,06667	81,8
6,08333	81,9
6,10000	81,9
6,11667	81,8
6,13333	82,0
6,15000	81,9
6,16667	81,9
6,18333	81,9
6,20000	81,9
6,21667	81,9
6,23333	81,8
6,25000	81,9
6,26667	81,9
6,28333	81,9
6,30000	82,0
6,31667	81,9
6,33333	82,0
6,35000	82,0
6,36667	82,0
6,38333	82,0
6,40000	82,0
6,41667	81,9
6,43333	82,0
6,45000	82,0
6,46667	82,0
6,48333	82,0
6,50000	82,0
6,51667	82,0
6,53333	82,0
6,55000	82,0
6,56667	82,0
6,58333	82,0
6,60000	82,0
6,61667	82,0
6,63333	82,0
6,65000	82,0
6,66667	82,0
6,68333	82,0
6,70000	82,0
6,71667	82,0
6,73333	82,1
6,75000	82,0
6,76667	82,0
6,78333	82,0
6,80000	82,1
6,81667	82,1
6,83333	82,1
6,85000	82,1
6,86667	82,1
6,88333	82,1
6,90000	82,1
6,91667	82,1
6,93333	82,1
6,95000	82,0
6,96667	82,1
6,98333	82,1
7,00000	82,1
7,01667	82,1
7,03333	82,1
7,05000	82,1
7,06667	82,1
7,08333	82,1
7,10000	82,2
7,11667	82,1
7,13333	82,2
7,15000	82,1
7,16667	82,1
7,18333	82,1
7,20000	82,2
7,21667	82,2
7,23333	82,2
7,25000	82,1
7,26667	82,1
7,28333	82,2
7,30000	82,1
7,31667	82,2
7,33333	82,2
7,35000	82,2
7,36667	82,2
7,38333	82,2
7,40000	82,2
7,41667	82,2
7,43333	82,2
7,45000	82,2
7,46667	82,2
7,48333	82,2
7,50000	82,2
7,51667	82,2
7,53333	82,2
7,55000	82,2
7,56667	82,2
7,58333	82,2
7,60000	82,3
7,61667	82,3
7,63333	82,2
7,65000	82,2
7,66667	82,2
7,68333	82,3
7,70000	82,2
7,71667	82,2
7,73333	82,2
7,75000	82,2
7,76667	82,2
7,78333	82,3
7,80000	82,2
7,81667	82,2
7,83333	82,2
7,85000	82,2
7,86667	82,2
7,88333	82,3
7,90000	82,3
7,91667	82,2
7,93333	82,2
7,95000	82,3
7,96667	82,2
7,98333	82,2
8,00000	82,2
8,01667	82,2
8,03333	82,2
8,05000	82,2
8,06667	82,2
8,08333	82,2
8,10000	82,3
8,11667	82,2
8,13333	82,2
8,15000	82,2
8,16667	82,2
8,18333	82,3
8,20000	82,2
8,21667	82,2
8,23333	82,3
8,25000	82,3
8,26667	82,3
8,28333	82,3
8,30000	82,3
8,31667	82,3
8,33333	82,2
8,35000	82,3
8,36667	82,3
8,38333	82,3
8,40000	82,4
8,41667	82,2
8,43333	82,2
8,45000	82,2
8,46667	82,3
8,48333	82,2
8,50000	82,2
8,51667	82,2
8,53333	82,3
8,55000	82,3
8,56667	82,2
8,58333	82,2
8,60000	82,2
8,61667	82,3
8,63333	82,2
8,65000	82,3
8,66667	82,3
8,68333	82,3
8,70000	82,2
8,71667	82,2
8,73333	82,2
8,75000	82,2
8,76667	82,3
8,78333	82,2
8,80000	82,2
8,81667	82,3
8,83333	82,2
8,85000	82,2
8,86667	82,2
8,88333	82,3
8,90000	82,2
8,91667	82,2
8,93333	82,2
8,95000	82,2
8,96667	82,2
8,98333	82,2
9,00000	82,2
9,01667	82,1
9,03333	82,3
9,05000	82,2
9,06667	82,2
9,08333	82,1
9,10000	82,2
9,11667	82,2
9,13333	82,2
9,15000	82,2
9,16667	82,2
9,18333	82,2
9,20000	82,2
9,21667	82,2
9,23333	82,2
9,25000	82,2
9,26667	82,2
9,28333	82,1
9,30000	82,1
9,31667	82,2
9,33333	82,2
9,35000	82,2
9,36667	82,2
9,38333	82,2
9,40000	82,1
9,41667	82,2
9,43333	82,2
9,45000	82,2
9,46667	82,2
9,48333	82,2
9,50000	82,2
9,51667	82,2
9,53333	82,1
9,55000	82,1
9,56667	82,2
9,58333	82,1
9,60000	82,2
9,61667	82,1
9,63333	82,2
9,65000	82,1
9,66667	82,2
9,68333	82,2
9,70000	82,2
9,71667	82,1
9,73333	82,2
9,75000	82,1
9,76667	82,2
9,78333	82,1
9,80000	82,2
9,81667	82,2
9,83333	82,1
9,85000	82,1
9,86667	82,1
9,88333	82,1
9,90000	82,1
9,91667	82,1
9,93333	82,2
9,95000	82,2
9,96667	82,1
9,98333	82,1
10,00000	82,1
10,01667	82,1
10,03333	82,1
10,05000	82,1
10,06667	82,1
10,08333	82,1
10,10000	82,1
10,11667	82,1
10,13333	82,1
10,15000	82,1
10,16667	82,0
10,18333	82,0
10,20000	81,9
10,21667	82,0
10,23333	81,9
10,25000	81,9
10,26667	81,9
10,28333	81,9
10,30000	81,9
10,31667	81,9
10,33333	81,9
10,35000	81,9
10,36667	81,9
10,38333	81,9
10,40000	81,8
10,41667	81,9
10,43333	81,8
10,45000	81,9
10,46667	81,9
10,48333	81,9
10,50000	81,8
10,51667	81,8
10,53333	81,9
10,55000	81,9
10,56667	81,8
10,58333	81,8
10,60000	81,9
10,61667	81,9
10,63333	81,8
10,65000	81,9
10,66667	81,8
10,68333	81,9
10,70000	81,9
10,71667	81,9
10,73333	81,8
10,75000	81,8
10,76667	81,9
10,78333	81,8
10,80000	81,8
10,81667	81,8
10,83333	81,8
10,85000	81,8
10,86667	81,8
10,88333	81,9
10,90000	81,8
10,91667	81,8
10,93333	81,7
10,95000	81,8
10,96667	81,9
10,98333	81,8
11,00000	81,8
11,01667	81,8
11,03333	81,8
11,05000	81,8
11,06667	81,8
11,08333	81,8
11,10000	81,8
11,11667	81,8
11,13333	81,7
11,15000	81,8
11,16667	81,8
11,18333	81,8
11,20000	81,7
11,21667	81,7
11,23333	81,7
11,25000	81,7
11,26667	81,7
11,28333	81,8
11,30000	81,7
11,31667	81,7
11,33333	81,7
11,35000	81,7
11,36667	81,7
11,38333	81,7
11,40000	81,8
11,41667	81,7
11,43333	81,7
11,45000	81,7
11,46667	81,7
11,48333	81,7
11,50000	81,7
11,51667	81,7
11,53333	81,6
11,55000	81,7
11,56667	81,7
11,58333	81,7
11,60000	81,7
11,61667	81,7
11,63333	81,6
11,65000	81,6
11,66667	81,7
11,68333	81,7
11,70000	81,7
11,71667	81,6
11,73333	81,7
11,75000	81,6
11,76667	81,6
11,78333	81,7
11,80000	81,6
11,81667	81,6
11,83333	81,7
11,85000	81,7
11,86667	81,6
11,88333	81,6
11,90000	81,7
11,91667	81,6
11,93333	81,6
11,95000	81,6
11,96667	81,6
11,98333	81,6
12,00000	81,6
12,01667	81,6
12,03333	81,6
12,05000	81,6
12,06667	81,6
12,08333	81,6
12,10000	81,6
12,11667	81,5
12,13333	81,6
12,15000	81,5
12,16667	81,6
12,18333	81,5
12,20000	81,5
12,21667	81,5
12,23333	81,6
12,25000	81,6
12,26667	81,5
12,28333	81,5
12,30000	81,6
12,31667	81,5
12,33333	81,5
12,35000	81,5
12,36667	81,5
12,38333	81,5
12,40000	81,5
12,41667	81,5
12,43333	81,5
12,45000	81,5
12,46667	81,5
12,48333	81,5
12,50000	81,5
12,51667	81,5
12,53333	81,5
12,55000	81,5
12,56667	81,5
12,58333	81,4
12,60000	81,5
12,61667	81,5
12,63333	81,5
12,65000	81,4
12,66667	81,5
12,68333	81,5
12,70000	81,5
12,71667	81,5
12,73333	81,5
12,75000	81,4
12,76667	81,5
12,78333	81,4
12,80000	81,5
12,81667	81,5
12,83333	81,5
12,85000	81,5
12,86667	81,5
12,88333	81,4
12,90000	81,5
12,91667	81,5
12,93333	81,4
12,95000	81,4
12,96667	81,5
12,98333	81,4
13,00000	81,4
13,01667	81,4
13,03333	81,5
13,05000	81,4
13,06667	81,4
13,08333	81,5
13,10000	81,4
13,11667	81,4
13,13333	81,3
13,15000	81,4
13,16667	81,4
13,18333	81,4
13,20000	81,4
13,21667	81,4
13,23333	81,4
13,25000	81,4
13,26667	81,4
13,28333	81,4
13,30000	81,4
13,31667	81,4
13,33333	81,4
13,35000	81,4
13,36667	81,4
13,38333	81,4
13,40000	81,4
13,41667	81,4
13,43333	81,4
13,45000	81,4
13,46667	81,4
13,48333	81,4
13,50000	81,4
13,51667	81,4
13,53333	81,4
13,55000	81,4
13,56667	81,4
13,58333	81,4
13,60000	81,3
13,61667	81,3
13,63333	81,4
13,65000	81,3
13,66667	81,4
13,68333	81,4
13,70000	81,4
13,71667	81,3
13,73333	81,3
13,75000	81,4
13,76667	81,3
13,78333	81,3
13,80000	81,3
13,81667	81,3
13,83333	81,3
13,85000	81,3
13,86667	81,3
13,88333	81,3
13,90000	81,3
13,91667	81,3
13,93333	81,3
13,95000	81,3
13,96667	81,3
13,98333	81,3
14,00000	81,3
14,01667	81,3
14,03333	81,3
14,05000	81,3
14,06667	81,3
14,08333	81,3
14,10000	81,3
14,11667	81,3
14,13333	81,3
14,15000	81,3
14,16667	81,3
14,18333	81,3
14,20000	81,3
14,21667	81,3
14,23333	81,3
14,25000	81,3
14,26667	81,3
14,28333	81,3
14,30000	81,4
14,31667	81,3
14,33333	81,3
14,35000	81,3
14,36667	81,3
14,38333	81,3
14,40000	81,3
14,41667	81,3
14,43333	81,3
14,45000	81,3
14,46667	81,3
14,48333	81,3
14,50000	81,3
14,51667	81,3
14,53333	81,4
14,55000	81,3
14,56667	81,3
14,58333	81,3
14,60000	81,3
14,61667	81,2
14,63333	81,3
14,65000	81,2
14,66667	81,2
14,68333	81,3
14,70000	81,3
14,71667	81,3
14,73333	81,2
14,75000	81,2
14,76667	81,3
14,78333	81,2
14,80000	81,3
14,81667	81,3
14,83333	81,3
14,85000	81,2
14,86667	81,3
14,88333	81,3
14,90000	81,3
14,91667	81,3
14,93333	81,3
14,95000	81,2
14,96667	81,3
14,98333	81,2
15,00000	81,3
15,01667	81,2
15,03333	81,3
15,05000	81,2
15,06667	81,2
15,08333	81,3
15,10000	81,2
15,11667	81,2
15,13333	81,2
15,15000	81,3
15,16667	81,3
15,18333	81,2
15,20000	81,3
15,21667	81,2
15,23333	81,3
15,25000	81,2
15,26667	81,3
15,28333	81,2
15,30000	81,3
15,31667	81,3
15,33333	81,2
15,35000	81,2
15,36667	81,3
15,38333	81,2
15,40000	81,2
15,41667	81,2
15,43333	81,3
15,45000	81,2
15,46667	81,2
15,48333	81,2
15,50000	81,3
15,51667	81,2
15,53333	81,3
15,55000	81,2
15,56667	81,3
15,58333	81,2
15,60000	81,2
15,61667	81,2
15,63333	81,2
15,65000	81,2
15,66667	81,2
15,68333	81,2
15,70000	81,2
15,71667	81,2
15,73333	81,2
15,75000	81,2
15,76667	81,2
15,78333	81,2
15,80000	81,2
15,81667	81,2
15,83333	81,2
15,85000	81,2
15,86667	81,2
15,88333	81,2
15,90000	81,2
15,91667	81,2
15,93333	81,2
15,95000	81,2
15,96667	81,2
15,98333	81,2
16,00000	81,2
16,01667	81,2
16,03333	81,2
16,05000	81,2
16,06667	81,2
16,08333	81,2
16,10000	81,3
16,11667	81,2
16,13333	81,3
16,15000	81,2
16,16667	81,3
16,18333	81,2
16,20000	81,2
16,21667	81,2
16,23333	81,2
16,25000	81,2
16,26667	81,2
16,28333	81,2
16,30000	81,3
16,31667	81,2
16,33333	81,2
16,35000	81,2
16,36667	81,2
16,38333	81,2
16,40000	81,2
16,41667	81,2
16,43333	81,2
16,45000	81,2
16,46667	81,2
16,48333	81,2
16,50000	81,2
16,51667	81,2
16,53333	81,2
16,55000	81,2
16,56667	81,2
16,58333	81,2
16,60000	81,2
16,61667	81,2
16,63333	81,1
16,65000	81,2
16,66667	81,1
16,68333	81,2
16,70000	81,2
16,71667	81,2
16,73333	81,2
16,75000	81,2
16,76667	81,1
16,78333	81,2
16,80000	81,1
16,81667	81,1
16,83333	81,2
16,85000	81,1
16,86667	81,2
16,88333	81,1
16,90000	81,2
16,91667	81,1
16,93333	81,2
16,95000	81,1
16,96667	81,1
16,98333	81,2
17,00000	81,2
17,01667	81,2
17,03333	81,1
17,05000	81,2
17,06667	81,1
17,08333	81,1
17,10000	81,1
17,11667	81,2
17,13333	81,1
17,15000	81,1
17,16667	81,1
17,18333	81,2
17,20000	81,1
17,21667	81,1
17,23333	81,1
17,25000	81,1
17,26667	81,1
17,28333	81,1
17,30000	81,1
17,31667	81,1
17,33333	81,1
17,35000	81,2
17,36667	81,2
17,38333	81,1
17,40000	81,1
17,41667	81,1
17,43333	81,1
17,45000	81,1
17,46667	81,0
17,48333	81,1
17,50000	81,1
17,51667	81,1
17,53333	81,1
17,55000	81,0
17,56667	81,1
17,58333	81,1
17,60000	81,1
17,61667	81,1
17,63333	81,0
17,65000	81,1
17,66667	81,0
17,68333	81,0
17,70000	81,1
17,71667	81,1
17,73333	81,1
17,75000	81,0
17,76667	81,0
17,78333	81,0
17,80000	81,0
17,81667	81,1
17,83333	81,0
17,85000	81,0
17,86667	81,0
17,88333	81,0
17,90000	81,0
17,91667	81,1
17,93333	81,0
17,95000	81,0
17,96667	81,0
17,98333	80,9
18,00000	81,0
18,01667	81,0
18,03333	81,0
18,05000	81,0
18,06667	80,9
18,08333	81,0
18,10000	81,0
18,11667	81,0
18,13333	80,9
18,15000	80,9
18,16667	81,0
18,18333	80,9
18,20000	81,0
18,21667	81,0
18,23333	80,9
18,25000	80,9
18,26667	80,9
18,28333	80,9
18,30000	81,0
18,31667	80,9
18,33333	81,0
18,35000	80,9
18,36667	80,9
18,38333	80,9
18,40000	80,9
18,41667	80,9
18,43333	80,9
18,45000	80,9
18,46667	80,9
18,48333	80,8
18,50000	80,9
18,51667	80,8
18,53333	80,8
18,55000	80,9
18,56667	80,9
18,58333	80,8
18,60000	80,8
18,61667	80,8
18,63333	80,8
18,65000	80,8
18,66667	80,8
18,68333	80,8
18,70000	80,8
18,71667	80,8
18,73333	80,7
18,75000	80,8
18,76667	80,8
18,78333	80,7
18,80000	80,8
18,81667	80,8
18,83333	80,7
18,85000	80,7
18,86667	80,7
18,88333	80,7
18,90000	80,8
18,91667	80,6
18,93333	80,8
18,95000	80,7
18,96667	80,7
18,98333	80,7
19,00000	80,7
19,01667	80,7
19,03333	80,7
19,05000	80,6
19,06667	80,6
19,08333	80,7
19,10000	80,6
19,11667	80,7
19,13333	80,7
19,15000	80,6
19,16667	80,6
19,18333	80,6
19,20000	80,7
19,21667	80,6
19,23333	80,6
19,25000	80,6
19,26667	80,6
19,28333	80,5
19,30000	80,6
19,31667	80,6
19,33333	80,5
19,35000	80,6
19,36667	80,5
19,38333	80,5
19,40000	80,5
19,41667	80,5
19,43333	80,5
19,45000	80,5
19,46667	80,5
19,48333	80,5
19,50000	80,5
19,51667	80,4
19,53333	80,5
19,55000	80,4
19,56667	80,4
19,58333	80,4
19,60000	80,4
19,61667	80,4
19,63333	80,4
19,65000	80,4
19,66667	80,4
19,68333	80,4
19,70000	80,4
19,71667	80,3
19,73333	80,4
19,75000	80,4
19,76667	80,4
19,78333	80,3
19,80000	80,3
19,81667	80,3
19,83333	80,3
19,85000	80,3
19,86667	80,2
19,88333	80,2
19,90000	80,2
19,91667	80,2
19,93333	80,2
19,95000	80,2
19,96667	80,2
19,98333	80,2
20,00000	80,2
20,01667	80,2
20,03333	80,2
20,05000	80,2
20,06667	80,2
20,08333	80,1
20,10000	80,1
20,11667	80,1
20,13333	80,1
20,15000	80,1
20,16667	80,1
20,18333	80,1
20,20000	80,1
20,21667	80,0
20,23333	80,0
20,25000	80,1
20,26667	80,0
20,28333	80,0
20,30000	80,1
20,31667	80,0
20,33333	80,0
20,35000	79,9
20,36667	80,0
20,38333	80,0
20,40000	80,0
20,41667	79,9
20,43333	79,9
20,45000	79,9
20,46667	79,9
20,48333	79,9
20,50000	79,8
20,51667	79,9
20,53333	79,8
20,55000	79,8
20,56667	79,9
20,58333	79,8
20,60000	79,8
20,61667	79,8
20,63333	79,8
20,65000	79,7
20,66667	79,7
20,68333	79,7
20,70000	79,7
20,71667	79,7
20,73333	79,6
20,75000	79,6
20,76667	79,6
20,78333	79,6
20,80000	79,6
20,81667	79,5
20,83333	79,5
20,85000	79,4
20,86667	79,5
20,88333	79,4
20,90000	79,4
20,91667	79,4
20,93333	79,3
20,95000	79,4
20,96667	79,4
20,98333	79,4
21,00000	79,2
21,01667	79,2
21,03333	79,2
21,05000	79,1
21,06667	79,2
21,08333	79,1
21,10000	79,1
21,11667	79,1
21,13333	79,0
21,15000	78,9
21,16667	78,9
21,18333	78,8
21,20000	78,8
21,21667	78,8
21,23333	78,7
21,25000	78,7
21,26667	78,7
21,28333	78,6
21,30000	78,6
21,31667	78,5
21,33333	78,4
21,35000	78,4
21,36667	78,4
21,38333	78,4
21,40000	78,2
21,41667	78,2
21,43333	78,2
21,45000	78,1
21,46667	78,1
21,48333	78,0
21,50000	78,0
21,51667	77,9
21,53333	77,8
21,55000	77,9
21,56667	77,8
21,58333	77,7
21,60000	77,6
21,61667	77,6
21,63333	77,5
21,65000	77,5
21,66667	77,4
21,68333	77,5
21,70000	77,3
21,71667	77,3
21,73333	77,2
21,75000	77,1
21,76667	77,2
21,78333	77,0
21,80000	77,0
21,81667	76,9
21,83333	76,9
21,85000	76,8
21,86667	76,7
21,88333	76,7
21,90000	76,6
21,91667	76,5
21,93333	76,5
21,95000	76,4
21,96667	76,3
21,98333	76,2
22,00000	76,2
22,01667	76,2
22,03333	76,1
22,05000	76,0
22,06667	76,0
22,08333	75,8
22,10000	75,8
22,11667	75,7
22,13333	75,6
22,15000	75,6
22,16667	75,5
22,18333	75,5
22,20000	75,4
22,21667	75,3
22,23333	75,3
22,25000	75,2
22,26667	75,1
22,28333	75,0
22,30000	74,9
22,31667	74,8
22,33333	74,8
22,35000	74,7
22,36667	74,7
22,38333	74,5
22,40000	74,4
22,41667	74,4
22,43333	74,3
22,45000	74,3
22,46667	74,2
22,48333	74,0
22,50000	74,0
22,51667	73,9
22,53333	73,8
22,55000	73,7
22,56667	73,6
22,58333	73,5
22,60000	73,5
22,61667	73,4
22,63333	73,3
22,65000	73,2
22,66667	73,2
22,68333	73,0
22,70000	72,9
22,71667	72,9
22,73333	72,7
22,75000	72,7
22,76667	72,7
22,78333	72,5
22,80000	72,4
22,81667	72,4
22,83333	72,3
22,85000	72,2
22,86667	72,1
22,88333	72,0
22,90000	71,9
22,91667	71,8
22,93333	71,7
22,95000	71,6
22,96667	71,5
22,98333	71,4
23,00000	71,3
23,01667	71,2
23,03333	71,1
23,05000	71,0
23,06667	70,9
23,08333	70,8
23,10000	70,7
23,11667	70,6
23,13333	70,5
23,15000	70,4
23,16667	70,3
23,18333	70,1
23,20000	70,0
23,21667	69,9
23,23333	69,8
23,25000	69,7
23,26667	69,6
23,28333	69,4
23,30000	69,3
23,31667	69,2
23,33333	69,1
23,35000	68,9
23,36667	68,8
23,38333	68,7
23,40000	68,5
23,41667	68,4
23,43333	68,3
23,45000	68,2
23,46667	68,1
23,48333	67,9
23,50000	67,8
23,51667	67,7
23,53333	67,6
23,55000	67,5
23,56667	67,4
23,58333	67,2
23,60000	67,1
23,61667	67,0
23,63333	66,9
23,65000	66,8
23,66667	66,7
23,68333	66,5
23,70000	66,4
23,71667	66,3
23,73333	66,2
23,75000	66,1
23,76667	66,0
23,78333	65,9
23,80000	65,8
23,81667	65,7
23,83333	65,5
23,85000	65,5
23,86667	65,4
23,88333	65,2
23,90000	65,2
23,91667	65,1
23,93333	64,9
23,95000	64,9
23,96667	64,8
23,98333	64,6
24,00000	64,6
24,01667	64,5
24,03333	64,4
24,05000	64,3
24,06667	64,2
24,08333	64,1
24,10000	64,0
24,11667	63,9
24,13333	63,8
24,15000	63,7
24,16667	63,6
24,18333	63,5
24,20000	63,4
24,21667	63,4
24,23333	63,3
24,25000	63,2
24,26667	63,1
24,28333	63,0
24,30000	62,9
24,31667	62,8
24,33333	62,7
24,35000	62,6
24,36667	62,6
24,38333	62,4
24,40000	62,3
24,41667	62,2
24,43333	62,1
24,45000	62,0
24,46667	62,0
24,48333	61,8
24,50000	61,7
24,51667	61,6
24,53333	61,5
24,55000	61,4
24,56667	61,3
24,58333	61,2
24,60000	61,1
24,61667	61,0
24,63333	60,9
24,65000	60,8
24,66667	60,7
24,68333	60,6
24,70000	60,5
24,71667	60,4
24,73333	60,3
24,75000	60,2
24,76667	60,2
24,78333	60,0
24,80000	59,9
24,81667	59,8
24,83333	59,7
24,85000	59,6
24,86667	59,5
24,88333	59,4
24,90000	59,3
24,91667	59,2
24,93333	59,1
24,95000	59,0
24,96667	58,9
24,98333	58,8
25,00000	58,7
25,01667	58,6
25,03333	58,5
25,05000	58,3
25,06667	58,3
25,08333	58,2
25,10000	58,1
25,11667	58,0
25,13333	57,9
25,15000	57,8
25,16667	57,8
25,18333	57,6
25,20000	57,5
25,21667	57,4
25,23333	57,3
25,25000	57,2
25,26667	57,1
25,28333	57,0
25,30000	56,9
25,31667	56,8
25,33333	56,7
25,35000	56,6
25,36667	56,5
25,38333	56,4
25,40000	56,3
25,41667	56,2
25,43333	56,1
25,45000	56,1
25,46667	56,1
25,48333	55,9
25,50000	55,7
25,51667	55,7
25,53333	55,6
25,55000	55,4
25,56667	55,4
25,58333	55,3
25,60000	55,2
25,61667	55,2
25,63333	55,1
25,65000	55,0
25,66667	54,9
25,68333	54,8
25,70000	54,7
25,71667	54,6
25,73333	54,6
25,75000	54,5
25,76667	54,4
25,78333	54,3
25,80000	54,3
25,81667	54,2
25,83333	54,1
25,85000	54,0
25,86667	54,1
25,88333	54,0
25,90000	53,9
25,91667	53,9
25,93333	53,8
25,95000	53,8
25,96667	53,8
25,98333	53,7
26,00000	53,7
26,01667	53,7
26,03333	53,6
26,05000	53,7
26,06667	53,6
26,08333	53,6
26,10000	53,6
26,11667	53,6
26,13333	53,5
26,15000	53,5
26,16667	53,5
26,18333	53,5
26,20000	53,5
26,21667	53,5
26,23333	53,5
26,25000	53,5
26,26667	53,5
26,28333	53,5
26,30000	53,5
26,31667	53,6
26,33333	53,6
26,35000	53,6
26,36667	53,6
26,38333	53,6
26,40000	53,7
26,41667	53,7
26,43333	53,7
26,45000	53,7
26,46667	53,8
26,48333	53,9
26,50000	54,0
26,51667	54,0
26,53333	54,0
26,55000	54,1
26,56667	54,2
26,58333	54,2
26,60000	54,2
26,61667	54,3
26,63333	54,4
26,65000	54,5
26,66667	54,4
26,68333	54,6
26,70000	54,6
26,71667	54,6
26,73333	54,7
26,75000	54,7
26,76667	54,8
26,78333	54,9
26,80000	54,9
26,81667	54,9
26,83333	55,0
26,85000	55,1
26,86667	55,2
26,88333	55,2
26,90000	55,4
26,91667	55,4
26,93333	55,4
26,95000	55,5
26,96667	55,6
26,98333	55,6
27,00000	55,8
27,01667	55,8
27,03333	55,9
27,05000	56,0
27,06667	56,0
27,08333	56,1
27,10000	56,2
27,11667	56,3
27,13333	56,3
27,15000	56,4
27,16667	56,5
27,18333	56,6
27,20000	56,7
27,21667	56,8
27,23333	56,9
27,25000	57,0
27,26667	57,1
27,28333	57,2
27,30000	57,2
27,31667	57,4
27,33333	57,4
27,35000	57,5
27,36667	57,7
27,38333	57,7
27,40000	57,8
27,41667	58,0
27,43333	58,0
27,45000	58,1
27,46667	58,2
27,48333	58,3
27,50000	58,5
27,51667	58,5
27,53333	58,7
27,55000	58,8
27,56667	58,9
27,58333	59,1
27,60000	59,1
27,61667	59,2
27,63333	59,3
27,65000	59,5
27,66667	59,6
27,68333	59,8
27,70000	59,9
27,71667	60,0
27,73333	60,1
27,75000	60,2
27,76667	60,2
27,78333	60,5
27,80000	60,6
27,81667	60,7
27,83333	60,9
27,85000	61,0
27,86667	61,0
27,88333	61,3
27,90000	61,4
27,91667	61,5
27,93333	61,6
27,95000	61,7
27,96667	61,8
27,98333	62,0
28,00000	62,0
28,01667	62,2
28,03333	62,4
28,05000	62,4
28,06667	62,6
28,08333	62,6
28,10000	62,8
28,11667	62,8
28,13333	63,0
28,15000	63,1
28,16667	63,1
28,18333	63,3
28,20000	63,4
28,21667	63,6
28,23333	63,7
28,25000	63,7
28,26667	63,8
28,28333	63,9
28,30000	64,1
28,31667	64,2
28,33333	64,3
28,35000	64,4
28,36667	64,5
28,38333	64,6
28,40000	64,7
28,41667	64,9
28,43333	64,9
28,45000	65,0
28,46667	65,2
28,48333	65,2
28,50000	65,4
28,51667	65,5
28,53333	65,6
28,55000	65,6
28,56667	65,7
28,58333	65,8
28,60000	66,0
28,61667	66,0
28,63333	66,2
28,65000	66,3
28,66667	66,4
28,68333	66,5
28,70000	66,6
28,71667	66,7
28,73333	66,8
28,75000	66,9
28,76667	67,0
28,78333	67,2
28,80000	67,2
28,81667	67,3
28,83333	67,4
28,85000	67,5
28,86667	67,6
28,88333	67,8
28,90000	67,8
28,91667	67,9
28,93333	67,9
28,95000	68,1
28,96667	68,2
28,98333	68,4
29,00000	68,4
29,01667	68,5
29,03333	68,6
29,05000	68,6
29,06667	68,7
29,08333	68,9
29,10000	69,0
29,11667	69,1
29,13333	69,1
29,15000	69,2
29,16667	69,3
29,18333	69,4
29,20000	69,5
29,21667	69,6
29,23333	69,7
29,25000	69,8
29,26667	69,8
29,28333	69,8
29,30000	69,9
29,31667	70,0
29,33333	70,2
29,35000	70,2
29,36667	70,3
29,38333	70,4
29,40000	70,4
29,41667	70,5
29,43333	70,6
29,45000	70,7
29,46667	70,7
29,48333	70,9
29,50000	71,0
29,51667	70,9
29,53333	71,1
29,55000	71,1
29,56667	71,3
29,58333	71,4
29,60000	71,5
29,61667	71,7
29,63333	71,7
29,65000	71,8
29,66667	71,9
29,68333	72,0
29,70000	72,2
29,71667	72,3
29,73333	72,4
29,75000	72,5
29,76667	72,6
29,78333	72,7
29,80000	72,8
29,81667	72,9
29,83333	73,1
29,85000	73,2
29,86667	73,3
29,88333	73,5
29,90000	73,5
29,91667	73,6
29,93333	73,8
29,95000	73,9
29,96667	74,1
29,98333	74,1
30,00000	74,2
30,01667	74,3
30,03333	74,4
30,05000	74,5
30,06667	74,6
30,08333	74,8
30,10000	74,8
30,11667	74,9
30,13333	75,0
30,15000	75,0
30,16667	75,1
30,18333	75,3
30,20000	75,4
30,21667	75,4
30,23333	75,5
30,25000	75,6
30,26667	75,6
30,28333	75,7
30,30000	75,9
30,31667	75,8
30,33333	76,0
30,35000	76,1
30,36667	76,1
30,38333	76,2
30,40000	76,3
30,41667	76,4
30,43333	76,5
30,45000	76,5
30,46667	76,5
30,48333	76,7
30,50000	76,7
30,51667	76,8
30,53333	76,7
30,55000	76,8
30,56667	76,9
30,58333	77,0
30,60000	77,1
30,61667	77,1
30,63333	77,2
30,65000	77,2
30,66667	77,3
30,68333	77,4
30,70000	77,4
30,71667	77,6
30,73333	77,6
30,75000	77,6
30,76667	77,6
30,78333	77,6
30,80000	77,8
30,81667	77,8
30,83333	77,9
30,85000	77,9
30,86667	77,9
30,88333	78,0
30,90000	78,1
30,91667	78,1
30,93333	78,2
30,95000	78,3
30,96667	78,3
30,98333	78,3
31,00000	78,4
31,01667	78,3
31,03333	78,4
31,05000	78,5
31,06667	78,5
31,08333	78,5
31,10000	78,7
31,11667	78,6
31,13333	78,7
31,15000	78,7
31,16667	78,7
31,18333	78,9
31,20000	78,9
31,21667	78,9
31,23333	79,0
31,25000	78,9
31,26667	78,9
31,28333	79,0
31,30000	79,1
31,31667	79,1
31,33333	79,1
31,35000	79,2
31,36667	79,2
31,38333	79,2
31,40000	79,2
31,41667	79,4
31,43333	79,3
31,45000	79,4
31,46667	79,4
31,48333	79,4
31,50000	79,4
31,51667	79,4
31,53333	79,5
31,55000	79,5
31,56667	79,5
31,58333	79,6
31,60000	79,6
31,61667	79,7
31,63333	79,6
31,65000	79,8
31,66667	79,7
31,68333	79,8
31,70000	79,9
31,71667	79,8
31,73333	79,9
31,75000	79,8
31,76667	79,8
31,78333	79,9
31,80000	79,9
31,81667	80,0
31,83333	80,1
31,85000	80,1
31,86667	80,0
31,88333	80,0
31,90000	80,1
31,91667	80,2
31,93333	80,1
31,95000	80,1
31,96667	80,2
31,98333	80,2
32,00000	80,2

[LC Status Trace(Pump B Degasser Pressure)]
Interval(msec)	1000
# of Points	1921
Start Time(min)	0,000
End Time(min)	32,000
Intensity Units	bar
Intensity Multiplier	0,980665
R.Time (min)	Intensity
0,00000	0,00
0,01667	0,00
0,03333	0,00
0,05000	0,00
0,06667	0,00
0,08333	0,00
0,10000	0,00
0,11667	0,00
0,13333	0,00
0,15000	0,00
0,16667	0,00
0,18333	0,00
0,20000	0,00
0,21667	0,00
0,23333	0,00
0,25000	0,00
0,26667	0,00
0,28333	0,00
0,30000	0,00
0,31667	0,00
0,33333	0,00
0,35000	0,00
0,36667	0,00
0,38333	0,00
0,40000	0,00
0,41667	0,00
0,43333	0,00
0,45000	0,00
0,46667	0,00
0,48333	0,00
0,50000	0,00
0,51667	0,00
0,53333	0,00
0,55000	0,00
0,56667	0,00
0,58333	0,00
0,60000	0,00
0,61667	0,00
0,63333	0,00
0,65000	0,00
0,66667	0,00
0,68333	0,00
0,70000	0,00
0,71667	0,00
0,73333	0,00
0,75000	0,00
0,76667	0,00
0,78333	0,00
0,80000	0,00
0,81667	0,00
0,83333	0,00
0,85000	0,00
0,86667	0,00
0,88333	0,00
0,90000	0,00
0,91667	0,00
0,93333	0,00
0,95000	0,00
0,96667	0,00
0,98333	0,00
1,00000	0,00
1,01667	0,00
1,03333	0,00
1,05000	0,00
1,06667	0,00
1,08333	0,00
1,10000	0,00
1,11667	0,00
1,13333	0,00
1,15000	0,00
1,16667	0,00
1,18333	0,00
1,20000	0,00
1,21667	0,00
1,23333	0,00
1,25000	0,00
1,26667	0,00
1,28333	0,00
1,30000	0,00
1,31667	0,00
1,33333	0,00
1,35000	0,00
1,36667	0,00
1,38333	0,00
1,40000	0,00
1,41667	0,00
1,43333	0,00
1,45000	0,00
1,46667	0,00
1,48333	0,00
1,50000	0,00
1,51667	0,00
1,53333	0,00
1,55000	0,00
1,56667	0,00
1,58333	0,00
1,60000	0,00
1,61667	0,00
1,63333	0,00
1,65000	0,00
1,66667	0,00
1,68333	0,00
1,70000	0,00
1,71667	0,00
1,73333	0,00
1,75000	0,00
1,76667	0,00
1,78333	0,00
1,80000	0,00
1,81667	0,00
1,83333	0,00
1,85000	0,00
1,86667	0,00
1,88333	0,00
1,90000	0,00
1,91667	0,00
1,93333	0,00
1,95000	0,00
1,96667	0,00
1,98333	0,00
2,00000	0,00
2,01667	0,00
2,03333	0,00
2,05000	0,00
2,06667	0,00
2,08333	0,00
2,10000	0,00
2,11667	0,00
2,13333	0,00
2,15000	0,00
2,16667	0,00
2,18333	0,00
2,20000	0,00
2,21667	0,00
2,23333	0,00
2,25000	0,00
2,26667	0,00
2,28333	0,00
2,30000	0,00
2,31667	0,00
2,33333	0,00
2,35000	0,00
2,36667	0,00
2,38333	0,00
2,40000	0,00
2,41667	0,00
2,43333	0,00
2,45000	0,00
2,46667	0,00
2,48333	0,00
2,50000	0,00
2,51667	0,00
2,53333	0,00
2,55000	0,00
2,56667	0,00
2,58333	0,00
2,60000	0,00
2,61667	0,00
2,63333	0,00
2,65000	0,00
2,66667	0,00
2,68333	0,00
2,70000	0,00
2,71667	0,00
2,73333	0,00
2,75000	0,00
2,76667	0,00
2,78333	0,00
2,80000	0,00
2,81667	0,00
2,83333	0,00
2,85000	0,00
2,86667	0,00
2,88333	0,00
2,90000	0,00
2,91667	0,00
2,93333	0,00
2,95000	0,00
2,96667	0,00
2,98333	0,00
3,00000	0,00
3,01667	0,00
3,03333	0,00
3,05000	0,00
3,06667	0,00
3,08333	0,00
3,10000	0,00
3,11667	0,00
3,13333	0,00
3,15000	0,00
3,16667	0,00
3,18333	0,00
3,20000	0,00
3,21667	0,00
3,23333	0,00
3,25000	0,00
3,26667	0,00
3,28333	0,00
3,30000	0,00
3,31667	0,00
3,33333	0,00
3,35000	0,00
3,36667	0,00
3,38333	0,00
3,40000	0,00
3,41667	0,00
3,43333	0,00
3,45000	0,00
3,46667	0,00
3,48333	0,00
3,50000	0,00
3,51667	0,00
3,53333	0,00
3,55000	0,00
3,56667	0,00
3,58333	0,00
3,60000	0,00
3,61667	0,00
3,63333	0,00
3,65000	0,00
3,66667	0,00
3,68333	0,00
3,70000	0,00
3,71667	0,00
3,73333	0,00
3,75000	0,00
3,76667	0,00
3,78333	0,00
3,80000	0,00
3,81667	0,00
3,83333	0,00
3,85000	0,00
3,86667	0,00
3,88333	0,00
3,90000	0,00
3,91667	0,00
3,93333	0,00
3,95000	0,00
3,96667	0,00
3,98333	0,00
4,00000	0,00
4,01667	0,00
4,03333	0,00
4,05000	0,00
4,06667	0,00
4,08333	0,00
4,10000	0,00
4,11667	0,00
4,13333	0,00
4,15000	0,00
4,16667	0,00
4,18333	0,00
4,20000	0,00
4,21667	0,00
4,23333	0,00
4,25000	0,00
4,26667	0,00
4,28333	0,00
4,30000	0,00
4,31667	0,00
4,33333	0,00
4,35000	0,00
4,36667	0,00
4,38333	0,00
4,40000	0,00
4,41667	0,00
4,43333	0,00
4,45000	0,00
4,46667	0,00
4,48333	0,00
4,50000	0,00
4,51667	0,00
4,53333	0,00
4,55000	0,00
4,56667	0,00
4,58333	0,00
4,60000	0,00
4,61667	0,00
4,63333	0,00
4,65000	0,00
4,66667	0,00
4,68333	0,00
4,70000	0,00
4,71667	0,00
4,73333	0,00
4,75000	0,00
4,76667	0,00
4,78333	0,00
4,80000	0,00
4,81667	0,00
4,83333	0,00
4,85000	0,00
4,86667	0,00
4,88333	0,00
4,90000	0,00
4,91667	0,00
4,93333	0,00
4,95000	0,00
4,96667	0,00
4,98333	0,00
5,00000	0,00
5,01667	0,00
5,03333	0,00
5,05000	0,00
5,06667	0,00
5,08333	0,00
5,10000	0,00
5,11667	0,00
5,13333	0,00
5,15000	0,00
5,16667	0,00
5,18333	0,00
5,20000	0,00
5,21667	0,00
5,23333	0,00
5,25000	0,00
5,26667	0,00
5,28333	0,00
5,30000	0,00
5,31667	0,00
5,33333	0,00
5,35000	0,00
5,36667	0,00
5,38333	0,00
5,40000	0,00
5,41667	0,00
5,43333	0,00
5,45000	0,00
5,46667	0,00
5,48333	0,00
5,50000	0,00
5,51667	0,00
5,53333	0,00
5,55000	0,00
5,56667	0,00
5,58333	0,00
5,60000	0,00
5,61667	0,00
5,63333	0,00
5,65000	0,00
5,66667	0,00
5,68333	0,00
5,70000	0,00
5,71667	0,00
5,73333	0,00
5,75000	0,00
5,76667	0,00
5,78333	0,00
5,80000	0,00
5,81667	0,00
5,83333	0,00
5,85000	0,00
5,86667	0,00
5,88333	0,00
5,90000	0,00
5,91667	0,00
5,93333	0,00
5,95000	0,00
5,96667	0,00
5,98333	0,00
6,00000	0,00
6,01667	0,00
6,03333	0,00
6,05000	0,00
6,06667	0,00
6,08333	0,00
6,10000	0,00
6,11667	0,00
6,13333	0,00
6,15000	0,00
6,16667	0,00
6,18333	0,00
6,20000	0,00
6,21667	0,00
6,23333	0,00
6,25000	0,00
6,26667	0,00
6,28333	0,00
6,30000	0,00
6,31667	0,00
6,33333	0,00
6,35000	0,00
6,36667	0,00
6,38333	0,00
6,40000	0,00
6,41667	0,00
6,43333	0,00
6,45000	0,00
6,46667	0,00
6,48333	0,00
6,50000	0,00
6,51667	0,00
6,53333	0,00
6,55000	0,00
6,56667	0,00
6,58333	0,00
6,60000	0,00
6,61667	0,00
6,63333	0,00
6,65000	0,00
6,66667	0,00
6,68333	0,00
6,70000	0,00
6,71667	0,00
6,73333	0,00
6,75000	0,00
6,76667	0,00
6,78333	0,00
6,80000	0,00
6,81667	0,00
6,83333	0,00
6,85000	0,00
6,86667	0,00
6,88333	0,00
6,90000	0,00
6,91667	0,00
6,93333	0,00
6,95000	0,00
6,96667	0,00
6,98333	0,00
7,00000	0,00
7,01667	0,00
7,03333	0,00
7,05000	0,00
7,06667	0,00
7,08333	0,00
7,10000	0,00
7,11667	0,00
7,13333	0,00
7,15000	0,00
7,16667	0,00
7,18333	0,00
7,20000	0,00
7,21667	0,00
7,23333	0,00
7,25000	0,00
7,26667	0,00
7,28333	0,00
7,30000	0,00
7,31667	0,00
7,33333	0,00
7,35000	0,00
7,36667	0,00
7,38333	0,00
7,40000	0,00
7,41667	0,00
7,43333	0,00
7,45000	0,00
7,46667	0,00
7,48333	0,00
7,50000	0,00
7,51667	0,00
7,53333	0,00
7,55000	0,00
7,56667	0,00
7,58333	0,00
7,60000	0,00
7,61667	0,00
7,63333	0,00
7,65000	0,00
7,66667	0,00
7,68333	0,00
7,70000	0,00
7,71667	0,00
7,73333	0,00
7,75000	0,00
7,76667	0,00
7,78333	0,00
7,80000	0,00
7,81667	0,00
7,83333	0,00
7,85000	0,00
7,86667	0,00
7,88333	0,00
7,90000	0,00
7,91667	0,00
7,93333	0,00
7,95000	0,00
7,96667	0,00
7,98333	0,00
8,00000	0,00
8,01667	0,00
8,03333	0,00
8,05000	0,00
8,06667	0,00
8,08333	0,00
8,10000	0,00
8,11667	0,00
8,13333	0,00
8,15000	0,00
8,16667	0,00
8,18333	0,00
8,20000	0,00
8,21667	0,00
8,23333	0,00
8,25000	0,00
8,26667	0,00
8,28333	0,00
8,30000	0,00
8,31667	0,00
8,33333	0,00
8,35000	0,00
8,36667	0,00
8,38333	0,00
8,40000	0,00
8,41667	0,00
8,43333	0,00
8,45000	0,00
8,46667	0,00
8,48333	0,00
8,50000	0,00
8,51667	0,00
8,53333	0,00
8,55000	0,00
8,56667	0,00
8,58333	0,00
8,60000	0,00
8,61667	0,00
8,63333	0,00
8,65000	0,00
8,66667	0,00
8,68333	0,00
8,70000	0,00
8,71667	0,00
8,73333	0,00
8,75000	0,00
8,76667	0,00
8,78333	0,00
8,80000	0,00
8,81667	0,00
8,83333	0,00
8,85000	0,00
8,86667	0,00
8,88333	0,00
8,90000	0,00
8,91667	0,00
8,93333	0,00
8,95000	0,00
8,96667	0,00
8,98333	0,00
9,00000	0,00
9,01667	0,00
9,03333	0,00
9,05000	0,00
9,06667	0,00
9,08333	0,00
9,10000	0,00
9,11667	0,00
9,13333	0,00
9,15000	0,00
9,16667	0,00
9,18333	0,00
9,20000	0,00
9,21667	0,00
9,23333	0,00
9,25000	0,00
9,26667	0,00
9,28333	0,00
9,30000	0,00
9,31667	0,00
9,33333	0,00
9,35000	0,00
9,36667	0,00
9,38333	0,00
9,40000	0,00
9,41667	0,00
9,43333	0,00
9,45000	0,00
9,46667	0,00
9,48333	0,00
9,50000	0,00
9,51667	0,00
9,53333	0,00
9,55000	0,00
9,56667	0,00
9,58333	0,00
9,60000	0,00
9,61667	0,00
9,63333	0,00
9,65000	0,00
9,66667	0,00
9,68333	0,00
9,70000	0,00
9,71667	0,00
9,73333	0,00
9,75000	0,00
9,76667	0,00
9,78333	0,00
9,80000	0,00
9,81667	0,00
9,83333	0,00
9,85000	0,00
9,86667	0,00
9,88333	0,00
9,90000	0,00
9,91667	0,00
9,93333	0,00
9,95000	0,00
9,96667	0,00
9,98333	0,00
10,00000	0,00
10,01667	0,00
10,03333	0,00
10,05000	0,00
10,06667	0,00
10,08333	0,00
10,10000	0,00
10,11667	0,00
10,13333	0,00
10,15000	0,00
10,16667	0,00
10,18333	0,00
10,20000	0,00
10,21667	0,00
10,23333	0,00
10,25000	0,00
10,26667	0,00
10,28333	0,00
10,30000	0,00
10,31667	0,00
10,33333	0,00
10,35000	0,00
10,36667	0,00
10,38333	0,00
10,40000	0,00
10,41667	0,00
10,43333	0,00
10,45000	0,00
10,46667	0,00
10,48333	0,00
10,50000	0,00
10,51667	0,00
10,53333	0,00
10,55000	0,00
10,56667	0,00
10,58333	0,00
10,60000	0,00
10,61667	0,00
10,63333	0,00
10,65000	0,00
10,66667	0,00
10,68333	0,00
10,70000	0,00
10,71667	0,00
10,73333	0,00
10,75000	0,00
10,76667	0,00
10,78333	0,00
10,80000	0,00
10,81667	0,00
10,83333	0,00
10,85000	0,00
10,86667	0,00
10,88333	0,00
10,90000	0,00
10,91667	0,00
10,93333	0,00
10,95000	0,00
10,96667	0,00
10,98333	0,00
11,00000	0,00
11,01667	0,00
11,03333	0,00
11,05000	0,00
11,06667	0,00
11,08333	0,00
11,10000	0,00
11,11667	0,00
11,13333	0,00
11,15000	0,00
11,16667	0,00
11,18333	0,00
11,20000	0,00
11,21667	0,00
11,23333	0,00
11,25000	0,00
11,26667	0,00
11,28333	0,00
11,30000	0,00
11,31667	0,00
11,33333	0,00
11,35000	0,00
11,36667	0,00
11,38333	0,00
11,40000	0,00
11,41667	0,00
11,43333	0,00
11,45000	0,00
11,46667	0,00
11,48333	0,00
11,50000	0,00
11,51667	0,00
11,53333	0,00
11,55000	0,00
11,56667	0,00
11,58333	0,00
11,60000	0,00
11,61667	0,00
11,63333	0,00
11,65000	0,00
11,66667	0,00
11,68333	0,00
11,70000	0,00
11,71667	0,00
11,73333	0,00
11,75000	0,00
11,76667	0,00
11,78333	0,00
11,80000	0,00
11,81667	0,00
11,83333	0,00
11,85000	0,00
11,86667	0,00
11,88333	0,00
11,90000	0,00
11,91667	0,00
11,93333	0,00
11,95000	0,00
11,96667	0,00
11,98333	0,00
12,00000	0,00
12,01667	0,00
12,03333	0,00
12,05000	0,00
12,06667	0,00
12,08333	0,00
12,10000	0,00
12,11667	0,00
12,13333	0,00
12,15000	0,00
12,16667	0,00
12,18333	0,00
12,20000	0,00
12,21667	0,00
12,23333	0,00
12,25000	0,00
12,26667	0,00
12,28333	0,00
12,30000	0,00
12,31667	0,00
12,33333	0,00
12,35000	0,00
12,36667	0,00
12,38333	0,00
12,40000	0,00
12,41667	0,00
12,43333	0,00
12,45000	0,00
12,46667	0,00
12,48333	0,00
12,50000	0,00
12,51667	0,00
12,53333	0,00
12,55000	0,00
12,56667	0,00
12,58333	0,00
12,60000	0,00
12,61667	0,00
12,63333	0,00
12,65000	0,00
12,66667	0,00
12,68333	0,00
12,70000	0,00
12,71667	0,00
12,73333	0,00
12,75000	0,00
12,76667	0,00
12,78333	0,00
12,80000	0,00
12,81667	0,00
12,83333	0,00
12,85000	0,00
12,86667	0,00
12,88333	0,00
12,90000	0,00
12,91667	0,00
12,93333	0,00
12,95000	0,00
12,96667	0,00
12,98333	0,00
13,00000	0,00
13,01667	0,00
13,03333	0,00
13,05000	0,00
13,06667	0,00
13,08333	0,00
13,10000	0,00
13,11667	0,00
13,13333	0,00
13,15000	0,00
13,16667	0,00
13,18333	0,00
13,20000	0,00
13,21667	0,00
13,23333	0,00
13,25000	0,00
13,26667	0,00
13,28333	0,00
13,30000	0,00
13,31667	0,00
13,33333	0,00
13,35000	0,00
13,36667	0,00
13,38333	0,00
13,40000	0,00
13,41667	0,00
13,43333	0,00
13,45000	0,00
13,46667	0,00
13,48333	0,00
13,50000	0,00
13,51667	0,00
13,53333	0,00
13,55000	0,00
13,56667	0,00
13,58333	0,00
13,60000	0,00
13,61667	0,00
13,63333	0,00
13,65000	0,00
13,66667	0,00
13,68333	0,00
13,70000	0,00
13,71667	0,00
13,73333	0,00
13,75000	0,00
13,76667	0,00
13,78333	0,00
13,80000	0,00
13,81667	0,00
13,83333	0,00
13,85000	0,00
13,86667	0,00
13,88333	0,00
13,90000	0,00
13,91667	0,00
13,93333	0,00
13,95000	0,00
13,96667	0,00
13,98333	0,00
14,00000	0,00
14,01667	0,00
14,03333	0,00
14,05000	0,00
14,06667	0,00
14,08333	0,00
14,10000	0,00
14,11667	0,00
14,13333	0,00
14,15000	0,00
14,16667	0,00
14,18333	0,00
14,20000	0,00
14,21667	0,00
14,23333	0,00
14,25000	0,00
14,26667	0,00
14,28333	0,00
14,30000	0,00
14,31667	0,00
14,33333	0,00
14,35000	0,00
14,36667	0,00
14,38333	0,00
14,40000	0,00
14,41667	0,00
14,43333	0,00
14,45000	0,00
14,46667	0,00
14,48333	0,00
14,50000	0,00
14,51667	0,00
14,53333	0,00
14,55000	0,00
14,56667	0,00
14,58333	0,00
14,60000	0,00
14,61667	0,00
14,63333	0,00
14,65000	0,00
14,66667	0,00
14,68333	0,00
14,70000	0,00
14,71667	0,00
14,73333	0,00
14,75000	0,00
14,76667	0,00
14,78333	0,00
14,80000	0,00
14,81667	0,00
14,83333	0,00
14,85000	0,00
14,86667	0,00
14,88333	0,00
14,90000	0,00
14,91667	0,00
14,93333	0,00
14,95000	0,00
14,96667	0,00
14,98333	0,00
15,00000	0,00
15,01667	0,00
15,03333	0,00
15,05000	0,00
15,06667	0,00
15,08333	0,00
15,10000	0,00
15,11667	0,00
15,13333	0,00
15,15000	0,00
15,16667	0,00
15,18333	0,00
15,20000	0,00
15,21667	0,00
15,23333	0,00
15,25000	0,00
15,26667	0,00
15,28333	0,00
15,30000	0,00
15,31667	0,00
15,33333	0,00
15,35000	0,00
15,36667	0,00
15,38333	0,00
15,40000	0,00
15,41667	0,00
15,43333	0,00
15,45000	0,00
15,46667	0,00
15,48333	0,00
15,50000	0,00
15,51667	0,00
15,53333	0,00
15,55000	0,00
15,56667	0,00
15,58333	0,00
15,60000	0,00
15,61667	0,00
15,63333	0,00
15,65000	0,00
15,66667	0,00
15,68333	0,00
15,70000	0,00
15,71667	0,00
15,73333	0,00
15,75000	0,00
15,76667	0,00
15,78333	0,00
15,80000	0,00
15,81667	0,00
15,83333	0,00
15,85000	0,00
15,86667	0,00
15,88333	0,00
15,90000	0,00
15,91667	0,00
15,93333	0,00
15,95000	0,00
15,96667	0,00
15,98333	0,00
16,00000	0,00
16,01667	0,00
16,03333	0,00
16,05000	0,00
16,06667	0,00
16,08333	0,00
16,10000	0,00
16,11667	0,00
16,13333	0,00
16,15000	0,00
16,16667	0,00
16,18333	0,00
16,20000	0,00
16,21667	0,00
16,23333	0,00
16,25000	0,00
16,26667	0,00
16,28333	0,00
16,30000	0,00
16,31667	0,00
16,33333	0,00
16,35000	0,00
16,36667	0,00
16,38333	0,00
16,40000	0,00
16,41667	0,00
16,43333	0,00
16,45000	0,00
16,46667	0,00
16,48333	0,00
16,50000	0,00
16,51667	0,00
16,53333	0,00
16,55000	0,00
16,56667	0,00
16,58333	0,00
16,60000	0,00
16,61667	0,00
16,63333	0,00
16,65000	0,00
16,66667	0,00
16,68333	0,00
16,70000	0,00
16,71667	0,00
16,73333	0,00
16,75000	0,00
16,76667	0,00
16,78333	0,00
16,80000	0,00
16,81667	0,00
16,83333	0,00
16,85000	0,00
16,86667	0,00
16,88333	0,00
16,90000	0,00
16,91667	0,00
16,93333	0,00
16,95000	0,00
16,96667	0,00
16,98333	0,00
17,00000	0,00
17,01667	0,00
17,03333	0,00
17,05000	0,00
17,06667	0,00
17,08333	0,00
17,10000	0,00
17,11667	0,00
17,13333	0,00
17,15000	0,00
17,16667	0,00
17,18333	0,00
17,20000	0,00
17,21667	0,00
17,23333	0,00
17,25000	0,00
17,26667	0,00
17,28333	0,00
17,30000	0,00
17,31667	0,00
17,33333	0,00
17,35000	0,00
17,36667	0,00
17,38333	0,00
17,40000	0,00
17,41667	0,00
17,43333	0,00
17,45000	0,00
17,46667	0,00
17,48333	0,00
17,50000	0,00
17,51667	0,00
17,53333	0,00
17,55000	0,00
17,56667	0,00
17,58333	0,00
17,60000	0,00
17,61667	0,00
17,63333	0,00
17,65000	0,00
17,66667	0,00
17,68333	0,00
17,70000	0,00
17,71667	0,00
17,73333	0,00
17,75000	0,00
17,76667	0,00
17,78333	0,00
17,80000	0,00
17,81667	0,00
17,83333	0,00
17,85000	0,00
17,86667	0,00
17,88333	0,00
17,90000	0,00
17,91667	0,00
17,93333	0,00
17,95000	0,00
17,96667	0,00
17,98333	0,00
18,00000	0,00
18,01667	0,00
18,03333	0,00
18,05000	0,00
18,06667	0,00
18,08333	0,00
18,10000	0,00
18,11667	0,00
18,13333	0,00
18,15000	0,00
18,16667	0,00
18,18333	0,00
18,20000	0,00
18,21667	0,00
18,23333	0,00
18,25000	0,00
18,26667	0,00
18,28333	0,00
18,30000	0,00
18,31667	0,00
18,33333	0,00
18,35000	0,00
18,36667	0,00
18,38333	0,00
18,40000	0,00
18,41667	0,00
18,43333	0,00
18,45000	0,00
18,46667	0,00
18,48333	0,00
18,50000	0,00
18,51667	0,00
18,53333	0,00
18,55000	0,00
18,56667	0,00
18,58333	0,00
18,60000	0,00
18,61667	0,00
18,63333	0,00
18,65000	0,00
18,66667	0,00
18,68333	0,00
18,70000	0,00
18,71667	0,00
18,73333	0,00
18,75000	0,00
18,76667	0,00
18,78333	0,00
18,80000	0,00
18,81667	0,00
18,83333	0,00
18,85000	0,00
18,86667	0,00
18,88333	0,00
18,90000	0,00
18,91667	0,00
18,93333	0,00
18,95000	0,00
18,96667	0,00
18,98333	0,00
19,00000	0,00
19,01667	0,00
19,03333	0,00
19,05000	0,00
19,06667	0,00
19,08333	0,00
19,10000	0,00
19,11667	0,00
19,13333	0,00
19,15000	0,00
19,16667	0,00
19,18333	0,00
19,20000	0,00
19,21667	0,00
19,23333	0,00
19,25000	0,00
19,26667	0,00
19,28333	0,00
19,30000	0,00
19,31667	0,00
19,33333	0,00
19,35000	0,00
19,36667	0,00
19,38333	0,00
19,40000	0,00
19,41667	0,00
19,43333	0,00
19,45000	0,00
19,46667	0,00
19,48333	0,00
19,50000	0,00
19,51667	0,00
19,53333	0,00
19,55000	0,00
19,56667	0,00
19,58333	0,00
19,60000	0,00
19,61667	0,00
19,63333	0,00
19,65000	0,00
19,66667	0,00
19,68333	0,00
19,70000	0,00
19,71667	0,00
19,73333	0,00
19,75000	0,00
19,76667	0,00
19,78333	0,00
19,80000	0,00
19,81667	0,00
19,83333	0,00
19,85000	0,00
19,86667	0,00
19,88333	0,00
19,90000	0,00
19,91667	0,00
19,93333	0,00
19,95000	0,00
19,96667	0,00
19,98333	0,00
20,00000	0,00
20,01667	0,00
20,03333	0,00
20,05000	0,00
20,06667	0,00
20,08333	0,00
20,10000	0,00
20,11667	0,00
20,13333	0,00
20,15000	0,00
20,16667	0,00
20,18333	0,00
20,20000	0,00
20,21667	0,00
20,23333	0,00
20,25000	0,00
20,26667	0,00
20,28333	0,00
20,30000	0,00
20,31667	0,00
20,33333	0,00
20,35000	0,00
20,36667	0,00
20,38333	0,00
20,40000	0,00
20,41667	0,00
20,43333	0,00
20,45000	0,00
20,46667	0,00
20,48333	0,00
20,50000	0,00
20,51667	0,00
20,53333	0,00
20,55000	0,00
20,56667	0,00
20,58333	0,00
20,60000	0,00
20,61667	0,00
20,63333	0,00
20,65000	0,00
20,66667	0,00
20,68333	0,00
20,70000	0,00
20,71667	0,00
20,73333	0,00
20,75000	0,00
20,76667	0,00
20,78333	0,00
20,80000	0,00
20,81667	0,00
20,83333	0,00
20,85000	0,00
20,86667	0,00
20,88333	0,00
20,90000	0,00
20,91667	0,00
20,93333	0,00
20,95000	0,00
20,96667	0,00
20,98333	0,00
21,00000	0,00
21,01667	0,00
21,03333	0,00
21,05000	0,00
21,06667	0,00
21,08333	0,00
21,10000	0,00
21,11667	0,00
21,13333	0,00
21,15000	0,00
21,16667	0,00
21,18333	0,00
21,20000	0,00
21,21667	0,00
21,23333	0,00
21,25000	0,00
21,26667	0,00
21,28333	0,00
21,30000	0,00
21,31667	0,00
21,33333	0,00
21,35000	0,00
21,36667	0,00
21,38333	0,00
21,40000	0,00
21,41667	0,00
21,43333	0,00
21,45000	0,00
21,46667	0,00
21,48333	0,00
21,50000	0,00
21,51667	0,00
21,53333	0,00
21,55000	0,00
21,56667	0,00
21,58333	0,00
21,60000	0,00
21,61667	0,00
21,63333	0,00
21,65000	0,00
21,66667	0,00
21,68333	0,00
21,70000	0,00
21,71667	0,00
21,73333	0,00
21,75000	0,00
21,76667	0,00
21,78333	0,00
21,80000	0,00
21,81667	0,00
21,83333	0,00
21,85000	0,00
21,86667	0,00
21,88333	0,00
21,90000	0,00
21,91667	0,00
21,93333	0,00
21,95000	0,00
21,96667	0,00
21,98333	0,00
22,00000	0,00
22,01667	0,00
22,03333	0,00
22,05000	0,00
22,06667	0,00
22,08333	0,00
22,10000	0,00
22,11667	0,00
22,13333	0,00
22,15000	0,00
22,16667	0,00
22,18333	0,00
22,20000	0,00
22,21667	0,00
22,23333	0,00
22,25000	0,00
22,26667	0,00
22,28333	0,00
22,30000	0,00
22,31667	0,00
22,33333	0,00
22,35000	0,00
22,36667	0,00
22,38333	0,00
22,40000	0,00
22,41667	0,00
22,43333	0,00
22,45000	0,00
22,46667	0,00
22,48333	0,00
22,50000	0,00
22,51667	0,00
22,53333	0,00
22,55000	0,00
22,56667	0,00
22,58333	0,00
22,60000	0,00
22,61667	0,00
22,63333	0,00
22,65000	0,00
22,66667	0,00
22,68333	0,00
22,70000	0,00
22,71667	0,00
22,73333	0,00
22,75000	0,00
22,76667	0,00
22,78333	0,00
22,80000	0,00
22,81667	0,00
22,83333	0,00
22,85000	0,00
22,86667	0,00
22,88333	0,00
22,90000	0,00
22,91667	0,00
22,93333	0,00
22,95000	0,00
22,96667	0,00
22,98333	0,00
23,00000	0,00
23,01667	0,00
23,03333	0,00
23,05000	0,00
23,06667	0,00
23,08333	0,00
23,10000	0,00
23,11667	0,00
23,13333	0,00
23,15000	0,00
23,16667	0,00
23,18333	0,00
23,20000	0,00
23,21667	0,00
23,23333	0,00
23,25000	0,00
23,26667	0,00
23,28333	0,00
23,30000	0,00
23,31667	0,00
23,33333	0,00
23,35000	0,00
23,36667	0,00
23,38333	0,00
23,40000	0,00
23,41667	0,00
23,43333	0,00
23,45000	0,00
23,46667	0,00
23,48333	0,00
23,50000	0,00
23,51667	0,00
23,53333	0,00
23,55000	0,00
23,56667	0,00
23,58333	0,00
23,60000	0,00
23,61667	0,00
23,63333	0,00
23,65000	0,00
23,66667	0,00
23,68333	0,00
23,70000	0,00
23,71667	0,00
23,73333	0,00
23,75000	0,00
23,76667	0,00
23,78333	0,00
23,80000	0,00
23,81667	0,00
23,83333	0,00
23,85000	0,00
23,86667	0,00
23,88333	0,00
23,90000	0,00
23,91667	0,00
23,93333	0,00
23,95000	0,00
23,96667	0,00
23,98333	0,00
24,00000	0,00
24,01667	0,00
24,03333	0,00
24,05000	0,00
24,06667	0,00
24,08333	0,00
24,10000	0,00
24,11667	0,00
24,13333	0,00
24,15000	0,00
24,16667	0,00
24,18333	0,00
24,20000	0,00
24,21667	0,00
24,23333	0,00
24,25000	0,00
24,26667	0,00
24,28333	0,00
24,30000	0,00
24,31667	0,00
24,33333	0,00
24,35000	0,00
24,36667	0,00
24,38333	0,00
24,40000	0,00
24,41667	0,00
24,43333	0,00
24,45000	0,00
24,46667	0,00
24,48333	0,00
24,50000	0,00
24,51667	0,00
24,53333	0,00
24,55000	0,00
24,56667	0,00
24,58333	0,00
24,60000	0,00
24,61667	0,00
24,63333	0,00
24,65000	0,00
24,66667	0,00
24,68333	0,00
24,70000	0,00
24,71667	0,00
24,73333	0,00
24,75000	0,00
24,76667	0,00
24,78333	0,00
24,80000	0,00
24,81667	0,00
24,83333	0,00
24,85000	0,00
24,86667	0,00
24,88333	0,00
24,90000	0,00
24,91667	0,00
24,93333	0,00
24,95000	0,00
24,96667	0,00
24,98333	0,00
25,00000	0,00
25,01667	0,00
25,03333	0,00
25,05000	0,00
25,06667	0,00
25,08333	0,00
25,10000	0,00
25,11667	0,00
25,13333	0,00
25,15000	0,00
25,16667	0,00
25,18333	0,00
25,20000	0,00
25,21667	0,00
25,23333	0,00
25,25000	0,00
25,26667	0,00
25,28333	0,00
25,30000	0,00
25,31667	0,00
25,33333	0,00
25,35000	0,00
25,36667	0,00
25,38333	0,00
25,40000	0,00
25,41667	0,00
25,43333	0,00
25,45000	0,00
25,46667	0,00
25,48333	0,00
25,50000	0,00
25,51667	0,00
25,53333	0,00
25,55000	0,00
25,56667	0,00
25,58333	0,00
25,60000	0,00
25,61667	0,00
25,63333	0,00
25,65000	0,00
25,66667	0,00
25,68333	0,00
25,70000	0,00
25,71667	0,00
25,73333	0,00
25,75000	0,00
25,76667	0,00
25,78333	0,00
25,80000	0,00
25,81667	0,00
25,83333	0,00
25,85000	0,00
25,86667	0,00
25,88333	0,00
25,90000	0,00
25,91667	0,00
25,93333	0,00
25,95000	0,00
25,96667	0,00
25,98333	0,00
26,00000	0,00
26,01667	0,00
26,03333	0,00
26,05000	0,00
26,06667	0,00
26,08333	0,00
26,10000	0,00
26,11667	0,00
26,13333	0,00
26,15000	0,00
26,16667	0,00
26,18333	0,00
26,20000	0,00
26,21667	0,00
26,23333	0,00
26,25000	0,00
26,26667	0,00
26,28333	0,00
26,30000	0,00
26,31667	0,00
26,33333	0,00
26,35000	0,00
26,36667	0,00
26,38333	0,00
26,40000	0,00
26,41667	0,00
26,43333	0,00
26,45000	0,00
26,46667	0,00
26,48333	0,00
26,50000	0,00
26,51667	0,00
26,53333	0,00
26,55000	0,00
26,56667	0,00
26,58333	0,00
26,60000	0,00
26,61667	0,00
26,63333	0,00
26,65000	0,00
26,66667	0,00
26,68333	0,00
26,70000	0,00
26,71667	0,00
26,73333	0,00
26,75000	0,00
26,76667	0,00
26,78333	0,00
26,80000	0,00
26,81667	0,00
26,83333	0,00
26,85000	0,00
26,86667	0,00
26,88333	0,00
26,90000	0,00
26,91667	0,00
26,93333	0,00
26,95000	0,00
26,96667	0,00
26,98333	0,00
27,00000	0,00
27,01667	0,00
27,03333	0,00
27,05000	0,00
27,06667	0,00
27,08333	0,00
27,10000	0,00
27,11667	0,00
27,13333	0,00
27,15000	0,00
27,16667	0,00
27,18333	0,00
27,20000	0,00
27,21667	0,00
27,23333	0,00
27,25000	0,00
27,26667	0,00
27,28333	0,00
27,30000	0,00
27,31667	0,00
27,33333	0,00
27,35000	0,00
27,36667	0,00
27,38333	0,00
27,40000	0,00
27,41667	0,00
27,43333	0,00
27,45000	0,00
27,46667	0,00
27,48333	0,00
27,50000	0,00
27,51667	0,00
27,53333	0,00
27,55000	0,00
27,56667	0,00
27,58333	0,00
27,60000	0,00
27,61667	0,00
27,63333	0,00
27,65000	0,00
27,66667	0,00
27,68333	0,00
27,70000	0,00
27,71667	0,00
27,73333	0,00
27,75000	0,00
27,76667	0,00
27,78333	0,00
27,80000	0,00
27,81667	0,00
27,83333	0,00
27,85000	0,00
27,86667	0,00
27,88333	0,00
27,90000	0,00
27,91667	0,00
27,93333	0,00
27,95000	0,00
27,96667	0,00
27,98333	0,00
28,00000	0,00
28,01667	0,00
28,03333	0,00
28,05000	0,00
28,06667	0,00
28,08333	0,00
28,10000	0,00
28,11667	0,00
28,13333	0,00
28,15000	0,00
28,16667	0,00
28,18333	0,00
28,20000	0,00
28,21667	0,00
28,23333	0,00
28,25000	0,00
28,26667	0,00
28,28333	0,00
28,30000	0,00
28,31667	0,00
28,33333	0,00
28,35000	0,00
28,36667	0,00
28,38333	0,00
28,40000	0,00
28,41667	0,00
28,43333	0,00
28,45000	0,00
28,46667	0,00
28,48333	0,00
28,50000	0,00
28,51667	0,00
28,53333	0,00
28,55000	0,00
28,56667	0,00
28,58333	0,00
28,60000	0,00
28,61667	0,00
28,63333	0,00
28,65000	0,00
28,66667	0,00
28,68333	0,00
28,70000	0,00
28,71667	0,00
28,73333	0,00
28,75000	0,00
28,76667	0,00
28,78333	0,00
28,80000	0,00
28,81667	0,00
28,83333	0,00
28,85000	0,00
28,86667	0,00
28,88333	0,00
28,90000	0,00
28,91667	0,00
28,93333	0,00
28,95000	0,00
28,96667	0,00
28,98333	0,00
29,00000	0,00
29,01667	0,00
29,03333	0,00
29,05000	0,00
29,06667	0,00
29,08333	0,00
29,10000	0,00
29,11667	0,00
29,13333	0,00
29,15000	0,00
29,16667	0,00
29,18333	0,00
29,20000	0,00
29,21667	0,00
29,23333	0,00
29,25000	0,00
29,26667	0,00
29,28333	0,00
29,30000	0,00
29,31667	0,00
29,33333	0,00
29,35000	0,00
29,36667	0,00
29,38333	0,00
29,40000	0,00
29,41667	0,00
29,43333	0,00
29,45000	0,00
29,46667	0,00
29,48333	0,00
29,50000	0,00
29,51667	0,00
29,53333	0,00
29,55000	0,00
29,56667	0,00
29,58333	0,00
29,60000	0,00
29,61667	0,00
29,63333	0,00
29,65000	0,00
29,66667	0,00
29,68333	0,00
29,70000	0,00
29,71667	0,00
29,73333	0,00
29,75000	0,00
29,76667	0,00
29,78333	0,00
29,80000	0,00
29,81667	0,00
29,83333	0,00
29,85000	0,00
29,86667	0,00
29,88333	0,00
29,90000	0,00
29,91667	0,00
29,93333	0,00
29,95000	0,00
29,96667	0,00
29,98333	0,00
30,00000	0,00
30,01667	0,00
30,03333	0,00
30,05000	0,00
30,06667	0,00
30,08333	0,00
30,10000	0,00
30,11667	0,00
30,13333	0,00
30,15000	0,00
30,16667	0,00
30,18333	0,00
30,20000	0,00
30,21667	0,00
30,23333	0,00
30,25000	0,00
30,26667	0,00
30,28333	0,00
30,30000	0,00
30,31667	0,00
30,33333	0,00
30,35000	0,00
30,36667	0,00
30,38333	0,00
30,40000	0,00
30,41667	0,00
30,43333	0,00
30,45000	0,00
30,46667	0,00
30,48333	0,00
30,50000	0,00
30,51667	0,00
30,53333	0,00
30,55000	0,00
30,56667	0,00
30,58333	0,00
30,60000	0,00
30,61667	0,00
30,63333	0,00
30,65000	0,00
30,66667	0,00
30,68333	0,00
30,70000	0,00
30,71667	0,00
30,73333	0,00
30,75000	0,00
30,76667	0,00
30,78333	0,00
30,80000	0,00
30,81667	0,00
30,83333	0,00
30,85000	0,00
30,86667	0,00
30,88333	0,00
30,90000	0,00
30,91667	0,00
30,93333	0,00
30,95000	0,00
30,96667	0,00
30,98333	0,00
31,00000	0,00
31,01667	0,00
31,03333	0,00
31,05000	0,00
31,06667	0,00
31,08333	0,00
31,10000	0,00
31,11667	0,00
31,13333	0,00
31,15000	0,00
31,16667	0,00
31,18333	0,00
31,20000	0,00
31,21667	0,00
31,23333	0,00
31,25000	0,00
31,26667	0,00
31,28333	0,00
31,30000	0,00
31,31667	0,00
31,33333	0,00
31,35000	0,00
31,36667	0,00
31,38333	0,00
31,40000	0,00
31,41667	0,00
31,43333	0,00
31,45000	0,00
31,46667	0,00
31,48333	0,00
31,50000	0,00
31,51667	0,00
31,53333	0,00
31,55000	0,00
31,56667	0,00
31,58333	0,00
31,60000	0,00
31,61667	0,00
31,63333	0,00
31,65000	0,00
31,66667	0,00
31,68333	0,00
31,70000	0,00
31,71667	0,00
31,73333	0,00
31,75000	0,00
31,76667	0,00
31,78333	0,00
31,80000	0,00
31,81667	0,00
31,83333	0,00
31,85000	0,00
31,86667	0,00
31,88333	0,00
31,90000	0,00
31,91667	0,00
31,93333	0,00
31,95000	0,00
31,96667	0,00
31,98333	0,00
32,00000	0,00

[LC Status Trace(Sample Cooler Temp.)]
Interval(msec)	1000
# of Points	1921
Start Time(min)	0,000
End Time(min)	32,000
Intensity Units	C
Intensity Multiplier	1
R.Time (min)	Intensity
0,00000	4,28
0,01667	4,28
0,03333	4,28
0,05000	4,28
0,06667	4,32
0,08333	4,32
0,10000	4,31
0,11667	4,32
0,13333	4,32
0,15000	4,31
0,16667	4,32
0,18333	4,32
0,20000	4,31
0,21667	4,32
0,23333	4,32
0,25000	4,31
0,26667	4,32
0,28333	4,32
0,30000	4,31
0,31667	4,32
0,33333	4,32
0,35000	4,31
0,36667	4,32
0,38333	4,32
0,40000	4,31
0,41667	4,32
0,43333	4,32
0,45000	4,31
0,46667	4,31
0,48333	4,32
0,50000	4,31
0,51667	4,32
0,53333	4,32
0,55000	4,32
0,56667	4,32
0,58333	4,32
0,60000	4,31
0,61667	4,32
0,63333	4,32
0,65000	4,31
0,66667	4,32
0,68333	4,32
0,70000	4,32
0,71667	4,32
0,73333	4,32
0,75000	4,31
0,76667	4,32
0,78333	4,32
0,80000	4,31
0,81667	4,32
0,83333	4,32
0,85000	4,31
0,86667	4,32
0,88333	4,32
0,90000	4,31
0,91667	4,32
0,93333	4,32
0,95000	4,31
0,96667	4,32
0,98333	4,32
1,00000	4,31
1,01667	4,31
1,03333	4,32
1,05000	4,31
1,06667	4,32
1,08333	4,32
1,10000	4,31
1,11667	4,33
1,13333	4,33
1,15000	4,31
1,16667	4,33
1,18333	4,33
1,20000	4,31
1,21667	4,33
1,23333	4,33
1,25000	4,32
1,26667	4,33
1,28333	4,33
1,30000	4,32
1,31667	4,33
1,33333	4,33
1,35000	4,32
1,36667	4,33
1,38333	4,33
1,40000	4,32
1,41667	4,33
1,43333	4,33
1,45000	4,32
1,46667	4,33
1,48333	4,33
1,50000	4,32
1,51667	4,33
1,53333	4,33
1,55000	4,32
1,56667	4,33
1,58333	4,33
1,60000	4,32
1,61667	4,33
1,63333	4,33
1,65000	4,32
1,66667	4,33
1,68333	4,33
1,70000	4,32
1,71667	4,33
1,73333	4,33
1,75000	4,32
1,76667	4,33
1,78333	4,33
1,80000	4,32
1,81667	4,33
1,83333	4,33
1,85000	4,32
1,86667	4,34
1,88333	4,34
1,90000	4,32
1,91667	4,34
1,93333	4,34
1,95000	4,32
1,96667	4,34
1,98333	4,34
2,00000	4,32
2,01667	4,34
2,03333	4,34
2,05000	4,33
2,06667	4,34
2,08333	4,34
2,10000	4,33
2,11667	4,34
2,13333	4,34
2,15000	4,33
2,16667	4,34
2,18333	4,34
2,20000	4,33
2,21667	4,34
2,23333	4,34
2,25000	4,33
2,26667	4,34
2,28333	4,34
2,30000	4,33
2,31667	4,34
2,33333	4,34
2,35000	4,33
2,36667	4,34
2,38333	4,34
2,40000	4,33
2,41667	4,34
2,43333	4,34
2,45000	4,33
2,46667	4,34
2,48333	4,34
2,50000	4,33
2,51667	4,34
2,53333	4,34
2,55000	4,33
2,56667	4,34
2,58333	4,34
2,60000	4,32
2,61667	4,34
2,63333	4,34
2,65000	4,32
2,66667	4,33
2,68333	4,33
2,70000	4,32
2,71667	4,33
2,73333	4,33
2,75000	4,33
2,76667	4,33
2,78333	4,33
2,80000	4,32
2,81667	4,33
2,83333	4,33
2,85000	4,32
2,86667	4,33
2,88333	4,33
2,90000	4,32
2,91667	4,33
2,93333	4,33
2,95000	4,32
2,96667	4,33
2,98333	4,33
3,00000	4,32
3,01667	4,33
3,03333	4,33
3,05000	4,31
3,06667	4,33
3,08333	4,33
3,10000	4,31
3,11667	4,33
3,13333	4,33
3,15000	4,33
3,16667	4,32
3,18333	4,33
3,20000	4,31
3,21667	4,33
3,23333	4,33
3,25000	4,31
3,26667	4,33
3,28333	4,33
3,30000	4,31
3,31667	4,33
3,33333	4,33
3,35000	4,31
3,36667	4,33
3,38333	4,33
3,40000	4,31
3,41667	4,33
3,43333	4,32
3,45000	4,31
3,46667	4,33
3,48333	4,33
3,50000	4,31
3,51667	4,33
3,53333	4,32
3,55000	4,32
3,56667	4,33
3,58333	4,33
3,60000	4,31
3,61667	4,33
3,63333	4,33
3,65000	4,32
3,66667	4,33
3,68333	4,33
3,70000	4,32
3,71667	4,33
3,73333	4,33
3,75000	4,32
3,76667	4,33
3,78333	4,33
3,80000	4,32
3,81667	4,33
3,83333	4,33
3,85000	4,32
3,86667	4,33
3,88333	4,33
3,90000	4,32
3,91667	4,33
3,93333	4,33
3,95000	4,33
3,96667	4,33
3,98333	4,33
4,00000	4,32
4,01667	4,33
4,03333	4,33
4,05000	4,32
4,06667	4,33
4,08333	4,33
4,10000	4,32
4,11667	4,33
4,13333	4,33
4,15000	4,32
4,16667	4,33
4,18333	4,33
4,20000	4,32
4,21667	4,33
4,23333	4,33
4,25000	4,32
4,26667	4,33
4,28333	4,33
4,30000	4,32
4,31667	4,33
4,33333	4,33
4,35000	4,33
4,36667	4,33
4,38333	4,33
4,40000	4,32
4,41667	4,34
4,43333	4,33
4,45000	4,32
4,46667	4,33
4,48333	4,33
4,50000	4,32
4,51667	4,34
4,53333	4,34
4,55000	4,32
4,56667	4,33
4,58333	4,34
4,60000	4,32
4,61667	4,34
4,63333	4,34
4,65000	4,34
4,66667	4,34
4,68333	4,34
4,70000	4,32
4,71667	4,34
4,73333	4,34
4,75000	4,32
4,76667	4,34
4,78333	4,34
4,80000	4,32
4,81667	4,34
4,83333	4,34
4,85000	4,32
4,86667	4,34
4,88333	4,34
4,90000	4,32
4,91667	4,34
4,93333	4,34
4,95000	4,32
4,96667	4,34
4,98333	4,34
5,00000	4,32
5,01667	4,34
5,03333	4,34
5,05000	4,34
5,06667	4,34
5,08333	4,34
5,10000	4,32
5,11667	4,34
5,13333	4,33
5,15000	4,32
5,16667	4,34
5,18333	4,34
5,20000	4,32
5,21667	4,34
5,23333	4,34
5,25000	4,32
5,26667	4,34
5,28333	4,34
5,30000	4,32
5,31667	4,33
5,33333	4,34
5,35000	4,32
5,36667	4,33
5,38333	4,33
5,40000	4,32
5,41667	4,33
5,43333	4,33
5,45000	4,33
5,46667	4,33
5,48333	4,33
5,50000	4,32
5,51667	4,33
5,53333	4,33
5,55000	4,32
5,56667	4,33
5,58333	4,33
5,60000	4,32
5,61667	4,33
5,63333	4,33
5,65000	4,32
5,66667	4,33
5,68333	4,33
5,70000	4,32
5,71667	4,33
5,73333	4,33
5,75000	4,32
5,76667	4,33
5,78333	4,33
5,80000	4,32
5,81667	4,33
5,83333	4,33
5,85000	4,33
5,86667	4,33
5,88333	4,33
5,90000	4,32
5,91667	4,33
5,93333	4,33
5,95000	4,32
5,96667	4,33
5,98333	4,33
6,00000	4,32
6,01667	4,33
6,03333	4,33
6,05000	4,32
6,06667	4,33
6,08333	4,33
6,10000	4,32
6,11667	4,33
6,13333	4,33
6,15000	4,32
6,16667	4,33
6,18333	4,33
6,20000	4,32
6,21667	4,33
6,23333	4,33
6,25000	4,33
6,26667	4,33
6,28333	4,33
6,30000	4,32
6,31667	4,33
6,33333	4,33
6,35000	4,31
6,36667	4,33
6,38333	4,33
6,40000	4,32
6,41667	4,33
6,43333	4,33
6,45000	4,31
6,46667	4,33
6,48333	4,33
6,50000	4,31
6,51667	4,33
6,53333	4,33
6,55000	4,31
6,56667	4,33
6,58333	4,33
6,60000	4,31
6,61667	4,32
6,63333	4,32
6,65000	4,32
6,66667	4,33
6,68333	4,33
6,70000	4,31
6,71667	4,32
6,73333	4,32
6,75000	4,31
6,76667	4,32
6,78333	4,32
6,80000	4,31
6,81667	4,32
6,83333	4,32
6,85000	4,31
6,86667	4,32
6,88333	4,32
6,90000	4,31
6,91667	4,32
6,93333	4,32
6,95000	4,31
6,96667	4,32
6,98333	4,32
7,00000	4,31
7,01667	4,32
7,03333	4,32
7,05000	4,32
7,06667	4,32
7,08333	4,32
7,10000	4,31
7,11667	4,32
7,13333	4,32
7,15000	4,31
7,16667	4,32
7,18333	4,32
7,20000	4,31
7,21667	4,32
7,23333	4,32
7,25000	4,31
7,26667	4,32
7,28333	4,32
7,30000	4,31
7,31667	4,32
7,33333	4,32
7,35000	4,32
7,36667	4,32
7,38333	4,32
7,40000	4,31
7,41667	4,32
7,43333	4,32
7,45000	4,31
7,46667	4,32
7,48333	4,32
7,50000	4,31
7,51667	4,32
7,53333	4,32
7,55000	4,31
7,56667	4,32
7,58333	4,32
7,60000	4,31
7,61667	4,32
7,63333	4,32
7,65000	4,30
7,66667	4,32
7,68333	4,32
7,70000	4,31
7,71667	4,32
7,73333	4,32
7,75000	4,32
7,76667	4,32
7,78333	4,32
7,80000	4,30
7,81667	4,32
7,83333	4,32
7,85000	4,30
7,86667	4,32
7,88333	4,32
7,90000	4,30
7,91667	4,31
7,93333	4,31
7,95000	4,30
7,96667	4,31
7,98333	4,31
8,00000	4,30
8,01667	4,31
8,03333	4,31
8,05000	4,30
8,06667	4,31
8,08333	4,31
8,10000	4,30
8,11667	4,31
8,13333	4,31
8,15000	4,31
8,16667	4,31
8,18333	4,31
8,20000	4,30
8,21667	4,31
8,23333	4,31
8,25000	4,30
8,26667	4,31
8,28333	4,31
8,30000	4,30
8,31667	4,31
8,33333	4,31
8,35000	4,30
8,36667	4,31
8,38333	4,31
8,40000	4,30
8,41667	4,31
8,43333	4,31
8,45000	4,30
8,46667	4,31
8,48333	4,31
8,50000	4,30
8,51667	4,31
8,53333	4,31
8,55000	4,31
8,56667	4,31
8,58333	4,31
8,60000	4,30
8,61667	4,31
8,63333	4,31
8,65000	4,30
8,66667	4,31
8,68333	4,31
8,70000	4,29
8,71667	4,31
8,73333	4,31
8,75000	4,29
8,76667	4,31
8,78333	4,31
8,80000	4,29
8,81667	4,31
8,83333	4,31
8,85000	4,29
8,86667	4,30
8,88333	4,30
8,90000	4,29
8,91667	4,30
8,93333	4,30
8,95000	4,30
8,96667	4,30
8,98333	4,30
9,00000	4,29
9,01667	4,30
9,03333	4,30
9,05000	4,29
9,06667	4,30
9,08333	4,30
9,10000	4,29
9,11667	4,30
9,13333	4,30
9,15000	4,29
9,16667	4,30
9,18333	4,30
9,20000	4,29
9,21667	4,30
9,23333	4,30
9,25000	4,29
9,26667	4,30
9,28333	4,30
9,30000	4,29
9,31667	4,30
9,33333	4,30
9,35000	4,30
9,36667	4,30
9,38333	4,30
9,40000	4,29
9,41667	4,30
9,43333	4,30
9,45000	4,29
9,46667	4,30
9,48333	4,30
9,50000	4,29
9,51667	4,30
9,53333	4,30
9,55000	4,29
9,56667	4,30
9,58333	4,30
9,60000	4,28
9,61667	4,30
9,63333	4,30
9,65000	4,28
9,66667	4,30
9,68333	4,30
9,70000	4,28
9,71667	4,29
9,73333	4,30
9,75000	4,30
9,76667	4,29
9,78333	4,29
9,80000	4,28
9,81667	4,29
9,83333	4,30
9,85000	4,28
9,86667	4,29
9,88333	4,29
9,90000	4,28
9,91667	4,29
9,93333	4,29
9,95000	4,28
9,96667	4,29
9,98333	4,29
10,00000	4,28
10,01667	4,29
10,03333	4,29
10,05000	4,29
10,06667	4,29
10,08333	4,29
10,10000	4,28
10,11667	4,29
10,13333	4,29
10,15000	4,28
10,16667	4,29
10,18333	4,29
10,20000	4,28
10,21667	4,29
10,23333	4,29
10,25000	4,28
10,26667	4,29
10,28333	4,29
10,30000	4,28
10,31667	4,29
10,33333	4,29
10,35000	4,27
10,36667	4,29
10,38333	4,29
10,40000	4,27
10,41667	4,29
10,43333	4,29
10,45000	4,29
10,46667	4,28
10,48333	4,28
10,50000	4,27
10,51667	4,28
10,53333	4,28
10,55000	4,27
10,56667	4,28
10,58333	4,28
10,60000	4,27
10,61667	4,28
10,63333	4,28
10,65000	4,27
10,66667	4,28
10,68333	4,28
10,70000	4,27
10,71667	4,28
10,73333	4,28
10,75000	4,27
10,76667	4,28
10,78333	4,28
10,80000	4,27
10,81667	4,28
10,83333	4,28
10,85000	4,28
10,86667	4,28
10,88333	4,28
10,90000	4,26
10,91667	4,27
10,93333	4,27
10,95000	4,26
10,96667	4,27
10,98333	4,27
11,00000	4,26
11,01667	4,27
11,03333	4,27
11,05000	4,26
11,06667	4,27
11,08333	4,27
11,10000	4,26
11,11667	4,27
11,13333	4,27
11,15000	4,26
11,16667	4,27
11,18333	4,27
11,20000	4,26
11,21667	4,27
11,23333	4,27
11,25000	4,27
11,26667	4,27
11,28333	4,27
11,30000	4,26
11,31667	4,27
11,33333	4,27
11,35000	4,26
11,36667	4,27
11,38333	4,27
11,40000	4,25
11,41667	4,27
11,43333	4,27
11,45000	4,25
11,46667	4,27
11,48333	4,27
11,50000	4,25
11,51667	4,27
11,53333	4,27
11,55000	4,25
11,56667	4,26
11,58333	4,26
11,60000	4,25
11,61667	4,26
11,63333	4,26
11,65000	4,26
11,66667	4,26
11,68333	4,26
11,70000	4,25
11,71667	4,26
11,73333	4,26
11,75000	4,25
11,76667	4,26
11,78333	4,26
11,80000	4,25
11,81667	4,26
11,83333	4,26
11,85000	4,25
11,86667	4,26
11,88333	4,26
11,90000	4,25
11,91667	4,26
11,93333	4,26
11,95000	4,25
11,96667	4,26
11,98333	4,26
12,00000	4,25
12,01667	4,26
12,03333	4,26
12,05000	4,26
12,06667	4,26
12,08333	4,26
12,10000	4,25
12,11667	4,26
12,13333	4,26
12,15000	4,24
12,16667	4,26
12,18333	4,26
12,20000	4,24
12,21667	4,26
12,23333	4,26
12,25000	4,24
12,26667	4,26
12,28333	4,26
12,30000	4,24
12,31667	4,25
12,33333	4,25
12,35000	4,24
12,36667	4,26
12,38333	4,26
12,40000	4,24
12,41667	4,25
12,43333	4,25
12,45000	4,25
12,46667	4,25
12,48333	4,25
12,50000	4,24
12,51667	4,25
12,53333	4,25
12,55000	4,24
12,56667	4,25
12,58333	4,25
12,60000	4,24
12,61667	4,25
12,63333	4,25
12,65000	4,24
12,66667	4,25
12,68333	4,25
12,70000	4,24
12,71667	4,25
12,73333	4,25
12,75000	4,25
12,76667	4,25
12,78333	4,25
12,80000	4,24
12,81667	4,25
12,83333	4,25
12,85000	4,24
12,86667	4,25
12,88333	4,25
12,90000	4,24
12,91667	4,25
12,93333	4,25
12,95000	4,24
12,96667	4,25
12,98333	4,25
13,00000	4,24
13,01667	4,25
13,03333	4,25
13,05000	4,24
13,06667	4,25
13,08333	4,25
13,10000	4,24
13,11667	4,25
13,13333	4,25
13,15000	4,25
13,16667	4,25
13,18333	4,25
13,20000	4,24
13,21667	4,25
13,23333	4,25
13,25000	4,24
13,26667	4,25
13,28333	4,25
13,30000	4,24
13,31667	4,25
13,33333	4,25
13,35000	4,24
13,36667	4,25
13,38333	4,25
13,40000	4,24
13,41667	4,25
13,43333	4,25
13,45000	4,24
13,46667	4,25
13,48333	4,25
13,50000	4,24
13,51667	4,25
13,53333	4,25
13,55000	4,25
13,56667	4,25
13,58333	4,25
13,60000	4,24
13,61667	4,25
13,63333	4,25
13,65000	4,24
13,66667	4,25
13,68333	4,25
13,70000	4,24
13,71667	4,25
13,73333	4,25
13,75000	4,24
13,76667	4,25
13,78333	4,25
13,80000	4,24
13,81667	4,25
13,83333	4,25
13,85000	4,24
13,86667	4,25
13,88333	4,25
13,90000	4,24
13,91667	4,25
13,93333	4,25
13,95000	4,25
13,96667	4,25
13,98333	4,25
14,00000	4,24
14,01667	4,25
14,03333	4,25
14,05000	4,24
14,06667	4,25
14,08333	4,25
14,10000	4,24
14,11667	4,25
14,13333	4,25
14,15000	4,24
14,16667	4,25
14,18333	4,25
14,20000	4,24
14,21667	4,25
14,23333	4,25
14,25000	4,24
14,26667	4,25
14,28333	4,25
14,30000	4,24
14,31667	4,25
14,33333	4,25
14,35000	4,25
14,36667	4,25
14,38333	4,25
14,40000	4,24
14,41667	4,25
14,43333	4,25
14,45000	4,24
14,46667	4,25
14,48333	4,25
14,50000	4,24
14,51667	4,25
14,53333	4,25
14,55000	4,24
14,56667	4,25
14,58333	4,25
14,60000	4,24
14,61667	4,25
14,63333	4,25
14,65000	4,24
14,66667	4,25
14,68333	4,25
14,70000	4,24
14,71667	4,25
14,73333	4,25
14,75000	4,25
14,76667	4,25
14,78333	4,25
14,80000	4,24
14,81667	4,25
14,83333	4,25
14,85000	4,24
14,86667	4,25
14,88333	4,25
14,90000	4,24
14,91667	4,25
14,93333	4,25
14,95000	4,24
14,96667	4,25
14,98333	4,25
15,00000	4,24
15,01667	4,25
15,03333	4,25
15,05000	4,24
15,06667	4,25
15,08333	4,25
15,10000	4,24
15,11667	4,25
15,13333	4,25
15,15000	4,25
15,16667	4,25
15,18333	4,25
15,20000	4,24
15,21667	4,25
15,23333	4,25
15,25000	4,24
15,26667	4,25
15,28333	4,25
15,30000	4,24
15,31667	4,25
15,33333	4,25
15,35000	4,24
15,36667	4,25
15,38333	4,25
15,40000	4,24
15,41667	4,25
15,43333	4,25
15,45000	4,25
15,46667	4,25
15,48333	4,25
15,50000	4,24
15,51667	4,25
15,53333	4,25
15,55000	4,24
15,56667	4,25
15,58333	4,25
15,60000	4,24
15,61667	4,25
15,63333	4,25
15,65000	4,24
15,66667	4,25
15,68333	4,25
15,70000	4,24
15,71667	4,25
15,73333	4,25
15,75000	4,24
15,76667	4,25
15,78333	4,25
15,80000	4,24
15,81667	4,25
15,83333	4,25
15,85000	4,25
15,86667	4,25
15,88333	4,25
15,90000	4,24
15,91667	4,25
15,93333	4,25
15,95000	4,24
15,96667	4,25
15,98333	4,25
16,00000	4,24
16,01667	4,25
16,03333	4,25
16,05000	4,24
16,06667	4,25
16,08333	4,25
16,10000	4,24
16,11667	4,25
16,13333	4,25
16,15000	4,24
16,16667	4,25
16,18333	4,25
16,20000	4,24
16,21667	4,25
16,23333	4,25
16,25000	4,25
16,26667	4,25
16,28333	4,25
16,30000	4,24
16,31667	4,25
16,33333	4,25
16,35000	4,24
16,36667	4,25
16,38333	4,25
16,40000	4,24
16,41667	4,25
16,43333	4,25
16,45000	4,23
16,46667	4,24
16,48333	4,24
16,50000	4,23
16,51667	4,24
16,53333	4,24
16,55000	4,23
16,56667	4,24
16,58333	4,24
16,60000	4,23
16,61667	4,24
16,63333	4,24
16,65000	4,24
16,66667	4,24
16,68333	4,24
16,70000	4,22
16,71667	4,24
16,73333	4,24
16,75000	4,22
16,76667	4,23
16,78333	4,23
16,80000	4,22
16,81667	4,23
16,83333	4,23
16,85000	4,22
16,86667	4,23
16,88333	4,23
16,90000	4,22
16,91667	4,23
16,93333	4,23
16,95000	4,22
16,96667	4,23
16,98333	4,23
17,00000	4,22
17,01667	4,23
17,03333	4,23
17,05000	4,23
17,06667	4,23
17,08333	4,23
17,10000	4,22
17,11667	4,23
17,13333	4,23
17,15000	4,22
17,16667	4,23
17,18333	4,23
17,20000	4,22
17,21667	4,23
17,23333	4,23
17,25000	4,22
17,26667	4,23
17,28333	4,23
17,30000	4,21
17,31667	4,23
17,33333	4,23
17,35000	4,22
17,36667	4,23
17,38333	4,23
17,40000	4,21
17,41667	4,23
17,43333	4,23
17,45000	4,23
17,46667	4,23
17,48333	4,23
17,50000	4,21
17,51667	4,23
17,53333	4,23
17,55000	4,21
17,56667	4,23
17,58333	4,23
17,60000	4,21
17,61667	4,23
17,63333	4,23
17,65000	4,21
17,66667	4,23
17,68333	4,23
17,70000	4,21
17,71667	4,23
17,73333	4,23
17,75000	4,21
17,76667	4,23
17,78333	4,23
17,80000	4,22
17,81667	4,23
17,83333	4,23
17,85000	4,23
17,86667	4,23
17,88333	4,23
17,90000	4,22
17,91667	4,23
17,93333	4,23
17,95000	4,22
17,96667	4,23
17,98333	4,23
18,00000	4,22
18,01667	4,23
18,03333	4,23
18,05000	4,22
18,06667	4,23
18,08333	4,23
18,10000	4,22
18,11667	4,23
18,13333	4,23
18,15000	4,23
18,16667	4,23
18,18333	4,23
18,20000	4,22
18,21667	4,23
18,23333	4,23
18,25000	4,22
18,26667	4,23
18,28333	4,23
18,30000	4,22
18,31667	4,23
18,33333	4,23
18,35000	4,22
18,36667	4,23
18,38333	4,23
18,40000	4,22
18,41667	4,23
18,43333	4,23
18,45000	4,22
18,46667	4,23
18,48333	4,23
18,50000	4,22
18,51667	4,23
18,53333	4,23
18,55000	4,23
18,56667	4,23
18,58333	4,23
18,60000	4,22
18,61667	4,23
18,63333	4,23
18,65000	4,22
18,66667	4,24
18,68333	4,24
18,70000	4,22
18,71667	4,24
18,73333	4,24
18,75000	4,22
18,76667	4,24
18,78333	4,24
18,80000	4,22
18,81667	4,24
18,83333	4,24
18,85000	4,23
18,86667	4,24
18,88333	4,24
18,90000	4,22
18,91667	4,24
18,93333	4,24
18,95000	4,24
18,96667	4,24
18,98333	4,24
19,00000	4,23
19,01667	4,24
19,03333	4,24
19,05000	4,23
19,06667	4,24
19,08333	4,24
19,10000	4,23
19,11667	4,24
19,13333	4,24
19,15000	4,23
19,16667	4,24
19,18333	4,24
19,20000	4,23
19,21667	4,24
19,23333	4,24
19,25000	4,23
19,26667	4,24
19,28333	4,24
19,30000	4,23
19,31667	4,24
19,33333	4,24
19,35000	4,24
19,36667	4,24
19,38333	4,24
19,40000	4,23
19,41667	4,25
19,43333	4,25
19,45000	4,23
19,46667	4,25
19,48333	4,25
19,50000	4,24
19,51667	4,25
19,53333	4,25
19,55000	4,24
19,56667	4,25
19,58333	4,25
19,60000	4,24
19,61667	4,25
19,63333	4,25
19,65000	4,24
19,66667	4,25
19,68333	4,25
19,70000	4,24
19,71667	4,25
19,73333	4,25
19,75000	4,25
19,76667	4,25
19,78333	4,25
19,80000	4,24
19,81667	4,25
19,83333	4,25
19,85000	4,24
19,86667	4,25
19,88333	4,25
19,90000	4,24
19,91667	4,25
19,93333	4,25
19,95000	4,24
19,96667	4,25
19,98333	4,25
20,00000	4,24
20,01667	4,25
20,03333	4,25
20,05000	4,24
20,06667	4,26
20,08333	4,25
20,10000	4,24
20,11667	4,25
20,13333	4,26
20,15000	4,26
20,16667	4,26
20,18333	4,26
20,20000	4,24
20,21667	4,26
20,23333	4,26
20,25000	4,25
20,26667	4,26
20,28333	4,26
20,30000	4,24
20,31667	4,26
20,33333	4,26
20,35000	4,25
20,36667	4,26
20,38333	4,26
20,40000	4,25
20,41667	4,26
20,43333	4,26
20,45000	4,25
20,46667	4,26
20,48333	4,26
20,50000	4,25
20,51667	4,26
20,53333	4,26
20,55000	4,26
20,56667	4,26
20,58333	4,26
20,60000	4,25
20,61667	4,26
20,63333	4,26
20,65000	4,25
20,66667	4,26
20,68333	4,26
20,70000	4,25
20,71667	4,26
20,73333	4,26
20,75000	4,25
20,76667	4,26
20,78333	4,26
20,80000	4,25
20,81667	4,26
20,83333	4,26
20,85000	4,26
20,86667	4,26
20,88333	4,26
20,90000	4,25
20,91667	4,26
20,93333	4,26
20,95000	4,25
20,96667	4,26
20,98333	4,26
21,00000	4,25
21,01667	4,26
21,03333	4,26
21,05000	4,25
21,06667	4,26
21,08333	4,26
21,10000	4,25
21,11667	4,26
21,13333	4,26
21,15000	4,25
21,16667	4,26
21,18333	4,26
21,20000	4,25
21,21667	4,27
21,23333	4,26
21,25000	4,26
21,26667	4,27
21,28333	4,27
21,30000	4,25
21,31667	4,27
21,33333	4,26
21,35000	4,25
21,36667	4,27
21,38333	4,27
21,40000	4,25
21,41667	4,27
21,43333	4,27
21,45000	4,25
21,46667	4,27
21,48333	4,27
21,50000	4,25
21,51667	4,27
21,53333	4,27
21,55000	4,26
21,56667	4,27
21,58333	4,27
21,60000	4,25
21,61667	4,27
21,63333	4,27
21,65000	4,27
21,66667	4,27
21,68333	4,27
21,70000	4,25
21,71667	4,27
21,73333	4,27
21,75000	4,26
21,76667	4,27
21,78333	4,27
21,80000	4,26
21,81667	4,27
21,83333	4,27
21,85000	4,26
21,86667	4,27
21,88333	4,27
21,90000	4,26
21,91667	4,27
21,93333	4,27
21,95000	4,26
21,96667	4,27
21,98333	4,27
22,00000	4,26
22,01667	4,27
22,03333	4,27
22,05000	4,27
22,06667	4,27
22,08333	4,27
22,10000	4,26
22,11667	4,27
22,13333	4,27
22,15000	4,26
22,16667	4,27
22,18333	4,27
22,20000	4,26
22,21667	4,27
22,23333	4,27
22,25000	4,26
22,26667	4,27
22,28333	4,27
22,30000	4,26
22,31667	4,27
22,33333	4,27
22,35000	4,26
22,36667	4,27
22,38333	4,27
22,40000	4,26
22,41667	4,27
22,43333	4,27
22,45000	4,27
22,46667	4,27
22,48333	4,27
22,50000	4,26
22,51667	4,27
22,53333	4,27
22,55000	4,26
22,56667	4,27
22,58333	4,27
22,60000	4,26
22,61667	4,27
22,63333	4,27
22,65000	4,26
22,66667	4,27
22,68333	4,27
22,70000	4,26
22,71667	4,27
22,73333	4,27
22,75000	4,26
22,76667	4,27
22,78333	4,27
22,80000	4,26
22,81667	4,27
22,83333	4,27
22,85000	4,27
22,86667	4,27
22,88333	4,27
22,90000	4,26
22,91667	4,27
22,93333	4,27
22,95000	4,26
22,96667	4,27
22,98333	4,27
23,00000	4,26
23,01667	4,27
23,03333	4,27
23,05000	4,26
23,06667	4,27
23,08333	4,27
23,10000	4,26
23,11667	4,27
23,13333	4,27
23,15000	4,26
23,16667	4,27
23,18333	4,27
23,20000	4,26
23,21667	4,27
23,23333	4,27
23,25000	4,27
23,26667	4,27
23,28333	4,27
23,30000	4,26
23,31667	4,27
23,33333	4,27
23,35000	4,26
23,36667	4,27
23,38333	4,27
23,40000	4,26
23,41667	4,27
23,43333	4,27
23,45000	4,26
23,46667	4,27
23,48333	4,27
23,50000	4,26
23,51667	4,27
23,53333	4,27
23,55000	4,27
23,56667	4,27
23,58333	4,27
23,60000	4,26
23,61667	4,27
23,63333	4,27
23,65000	4,26
23,66667	4,27
23,68333	4,27
23,70000	4,26
23,71667	4,27
23,73333	4,27
23,75000	4,26
23,76667	4,27
23,78333	4,27
23,80000	4,26
23,81667	4,27
23,83333	4,27
23,85000	4,26
23,86667	4,27
23,88333	4,27
23,90000	4,26
23,91667	4,27
23,93333	4,27
23,95000	4,27
23,96667	4,27
23,98333	4,27
24,00000	4,26
24,01667	4,27
24,03333	4,27
24,05000	4,26
24,06667	4,27
24,08333	4,28
24,10000	4,26
24,11667	4,28
24,13333	4,28
24,15000	4,26
24,16667	4,28
24,18333	4,28
24,20000	4,26
24,21667	4,28
24,23333	4,27
24,25000	4,26
24,26667	4,28
24,28333	4,28
24,30000	4,26
24,31667	4,28
24,33333	4,27
24,35000	4,27
24,36667	4,28
24,38333	4,28
24,40000	4,26
24,41667	4,27
24,43333	4,27
24,45000	4,26
24,46667	4,28
24,48333	4,28
24,50000	4,26
24,51667	4,28
24,53333	4,28
24,55000	4,26
24,56667	4,28
24,58333	4,28
24,60000	4,26
24,61667	4,28
24,63333	4,28
24,65000	4,26
24,66667	4,28
24,68333	4,27
24,70000	4,26
24,71667	4,28
24,73333	4,28
24,75000	4,28
24,76667	4,28
24,78333	4,28
24,80000	4,26
24,81667	4,28
24,83333	4,28
24,85000	4,26
24,86667	4,28
24,88333	4,28
24,90000	4,26
24,91667	4,28
24,93333	4,28
24,95000	4,26
24,96667	4,28
24,98333	4,27
25,00000	4,26
25,01667	4,28
25,03333	4,28
25,05000	4,26
25,06667	4,28
25,08333	4,28
25,10000	4,26
25,11667	4,28
25,13333	4,28
25,15000	4,28
25,16667	4,28
25,18333	4,27
25,20000	4,26
25,21667	4,28
25,23333	4,28
25,25000	4,26
25,26667	4,27
25,28333	4,28
25,30000	4,26
25,31667	4,28
25,33333	4,28
25,35000	4,26
25,36667	4,28
25,38333	4,28
25,40000	4,26
25,41667	4,28
25,43333	4,28
25,45000	4,26
25,46667	4,28
25,48333	4,28
25,50000	4,26
25,51667	4,28
25,53333	4,28
25,55000	4,28
25,56667	4,28
25,58333	4,28
25,60000	4,26
25,61667	4,28
25,63333	4,28
25,65000	4,26
25,66667	4,28
25,68333	4,28
25,70000	4,26
25,71667	4,28
25,73333	4,28
25,75000	4,26
25,76667	4,28
25,78333	4,28
25,80000	4,26
25,81667	4,27
25,83333	4,28
25,85000	4,26
25,86667	4,28
25,88333	4,28
25,90000	4,26
25,91667	4,28
25,93333	4,28
25,95000	4,28
25,96667	4,28
25,98333	4,28
26,00000	4,26
26,01667	4,28
26,03333	4,28
26,05000	4,26
26,06667	4,28
26,08333	4,28
26,10000	4,26
26,11667	4,27
26,13333	4,27
26,15000	4,26
26,16667	4,28
26,18333	4,27
26,20000	4,26
26,21667	4,27
26,23333	4,27
26,25000	4,27
26,26667	4,27
26,28333	4,27
26,30000	4,26
26,31667	4,27
26,33333	4,27
26,35000	4,26
26,36667	4,27
26,38333	4,27
26,40000	4,26
26,41667	4,27
26,43333	4,27
26,45000	4,26
26,46667	4,27
26,48333	4,27
26,50000	4,26
26,51667	4,27
26,53333	4,27
26,55000	4,26
26,56667	4,27
26,58333	4,27
26,60000	4,26
26,61667	4,27
26,63333	4,27
26,65000	4,27
26,66667	4,27
26,68333	4,27
26,70000	4,26
26,71667	4,27
26,73333	4,27
26,75000	4,26
26,76667	4,27
26,78333	4,27
26,80000	4,26
26,81667	4,27
26,83333	4,27
26,85000	4,26
26,86667	4,27
26,88333	4,27
26,90000	4,26
26,91667	4,27
26,93333	4,27
26,95000	4,26
26,96667	4,27
26,98333	4,27
27,00000	4,26
27,01667	4,27
27,03333	4,27
27,05000	4,27
27,06667	4,27
27,08333	4,27
27,10000	4,26
27,11667	4,27
27,13333	4,27
27,15000	4,26
27,16667	4,27
27,18333	4,27
27,20000	4,26
27,21667	4,27
27,23333	4,27
27,25000	4,26
27,26667	4,27
27,28333	4,27
27,30000	4,26
27,31667	4,27
27,33333	4,27
27,35000	4,26
27,36667	4,27
27,38333	4,27
27,40000	4,26
27,41667	4,27
27,43333	4,27
27,45000	4,27
27,46667	4,27
27,48333	4,27
27,50000	4,26
27,51667	4,27
27,53333	4,27
27,55000	4,26
27,56667	4,27
27,58333	4,27
27,60000	4,26
27,61667	4,27
27,63333	4,27
27,65000	4,26
27,66667	4,27
27,68333	4,27
27,70000	4,26
27,71667	4,27
27,73333	4,27
27,75000	4,26
27,76667	4,27
27,78333	4,27
27,80000	4,26
27,81667	4,27
27,83333	4,27
27,85000	4,27
27,86667	4,27
27,88333	4,27
27,90000	4,26
27,91667	4,27
27,93333	4,27
27,95000	4,26
27,96667	4,27
27,98333	4,27
28,00000	4,26
28,01667	4,27
28,03333	4,27
28,05000	4,26
28,06667	4,27
28,08333	4,27
28,10000	4,26
28,11667	4,27
28,13333	4,27
28,15000	4,26
28,16667	4,27
28,18333	4,27
28,20000	4,26
28,21667	4,27
28,23333	4,27
28,25000	4,27
28,26667	4,27
28,28333	4,27
28,30000	4,26
28,31667	4,27
28,33333	4,27
28,35000	4,26
28,36667	4,27
28,38333	4,27
28,40000	4,26
28,41667	4,27
28,43333	4,27
28,45000	4,26
28,46667	4,27
28,48333	4,27
28,50000	4,26
28,51667	4,27
28,53333	4,27
28,55000	4,26
28,56667	4,27
28,58333	4,27
28,60000	4,26
28,61667	4,27
28,63333	4,27
28,65000	4,27
28,66667	4,27
28,68333	4,27
28,70000	4,26
28,71667	4,27
28,73333	4,27
28,75000	4,26
28,76667	4,27
28,78333	4,27
28,80000	4,26
28,81667	4,27
28,83333	4,27
28,85000	4,25
28,86667	4,27
28,88333	4,27
28,90000	4,25
28,91667	4,27
28,93333	4,26
28,95000	4,26
28,96667	4,26
28,98333	4,26
29,00000	4,25
29,01667	4,26
29,03333	4,26
29,05000	4,25
29,06667	4,26
29,08333	4,26
29,10000	4,25
29,11667	4,26
29,13333	4,26
29,15000	4,25
29,16667	4,26
29,18333	4,26
29,20000	4,25
29,21667	4,26
29,23333	4,26
29,25000	4,25
29,26667	4,26
29,28333	4,26
29,30000	4,25
29,31667	4,26
29,33333	4,26
29,35000	4,26
29,36667	4,26
29,38333	4,26
29,40000	4,24
29,41667	4,26
29,43333	4,26
29,45000	4,24
29,46667	4,25
29,48333	4,25
29,50000	4,24
29,51667	4,25
29,53333	4,25
29,55000	4,24
29,56667	4,25
29,58333	4,25
29,60000	4,24
29,61667	4,25
29,63333	4,25
29,65000	4,24
29,66667	4,25
29,68333	4,25
29,70000	4,24
29,71667	4,25
29,73333	4,25
29,75000	4,25
29,76667	4,25
29,78333	4,25
29,80000	4,24
29,81667	4,25
29,83333	4,25
29,85000	4,24
29,86667	4,25
29,88333	4,25
29,90000	4,24
29,91667	4,25
29,93333	4,25
29,95000	4,23
29,96667	4,25
29,98333	4,25
30,00000	4,23
30,01667	4,24
30,03333	4,24
30,05000	4,23
30,06667	4,24
30,08333	4,24
30,10000	4,23
30,11667	4,24
30,13333	4,24
30,15000	4,24
30,16667	4,24
30,18333	4,24
30,20000	4,23
30,21667	4,24
30,23333	4,24
30,25000	4,23
30,26667	4,24
30,28333	4,24
30,30000	4,23
30,31667	4,24
30,33333	4,24
30,35000	4,23
30,36667	4,24
30,38333	4,24
30,40000	4,23
30,41667	4,24
30,43333	4,24
30,45000	4,23
30,46667	4,24
30,48333	4,24
30,50000	4,23
30,51667	4,24
30,53333	4,24
30,55000	4,24
30,56667	4,24
30,58333	4,24
30,60000	4,23
30,61667	4,24
30,63333	4,24
30,65000	4,23
30,66667	4,24
30,68333	4,24
30,70000	4,23
30,71667	4,24
30,73333	4,24
30,75000	4,23
30,76667	4,24
30,78333	4,24
30,80000	4,22
30,81667	4,24
30,83333	4,24
30,85000	4,22
30,86667	4,24
30,88333	4,24
30,90000	4,22
30,91667	4,24
30,93333	4,24
30,95000	4,24
30,96667	4,24
30,98333	4,24
31,00000	4,22
31,01667	4,24
31,03333	4,24
31,05000	4,22
31,06667	4,24
31,08333	4,24
31,10000	4,22
31,11667	4,24
31,13333	4,24
31,15000	4,22
31,16667	4,23
31,18333	4,23
31,20000	4,22
31,21667	4,23
31,23333	4,23
31,25000	4,22
31,26667	4,23
31,28333	4,23
31,30000	4,22
31,31667	4,24
31,33333	4,23
31,35000	4,23
31,36667	4,23
31,38333	4,23
31,40000	4,22
31,41667	4,23
31,43333	4,23
31,45000	4,22
31,46667	4,23
31,48333	4,23
31,50000	4,22
31,51667	4,23
31,53333	4,23
31,55000	4,22
31,56667	4,23
31,58333	4,23
31,60000	4,22
31,61667	4,23
31,63333	4,23
31,65000	4,23
31,66667	4,23
31,68333	4,23
31,70000	4,22
31,71667	4,23
31,73333	4,23
31,75000	4,22
31,76667	4,23
31,78333	4,23
31,80000	4,22
31,81667	4,23
31,83333	4,23
31,85000	4,22
31,86667	4,23
31,88333	4,23
31,90000	4,22
31,91667	4,23
31,93333	4,23
31,95000	4,22
31,96667	4,23
31,98333	4,23
32,00000	4,22

[LC Status Trace(Oven Temp.)]
Interval(msec)	1000
# of Points	1921
Start Time(min)	0,000
End Time(min)	32,000
Intensity Units	C
Intensity Multiplier	1
R.Time (min)	Intensity
0,00000	49,99
0,01667	49,99
0,03333	49,99
0,05000	49,99
0,06667	49,99
0,08333	49,99
0,10000	49,99
0,11667	49,99
0,13333	49,99
0,15000	49,99
0,16667	49,99
0,18333	49,99
0,20000	49,99
0,21667	49,99
0,23333	49,99
0,25000	49,99
0,26667	49,99
0,28333	49,99
0,30000	49,99
0,31667	49,99
0,33333	50,00
0,35000	50,00
0,36667	50,00
0,38333	50,00
0,40000	50,00
0,41667	50,00
0,43333	50,00
0,45000	50,00
0,46667	50,00
0,48333	50,00
0,50000	50,00
0,51667	50,00
0,53333	50,00
0,55000	50,00
0,56667	50,00
0,58333	50,00
0,60000	50,00
0,61667	50,00
0,63333	50,00
0,65000	50,00
0,66667	50,00
0,68333	50,00
0,70000	50,00
0,71667	50,00
0,73333	50,00
0,75000	50,00
0,76667	50,00
0,78333	50,00
0,80000	50,00
0,81667	50,00
0,83333	50,00
0,85000	50,00
0,86667	50,00
0,88333	50,00
0,90000	50,00
0,91667	50,00
0,93333	50,00
0,95000	50,00
0,96667	50,00
0,98333	50,00
1,00000	50,00
1,01667	50,00
1,03333	50,00
1,05000	50,00
1,06667	50,00
1,08333	50,00
1,10000	50,00
1,11667	50,00
1,13333	50,00
1,15000	50,00
1,16667	50,00
1,18333	50,00
1,20000	50,00
1,21667	50,00
1,23333	49,99
1,25000	49,99
1,26667	49,99
1,28333	49,99
1,30000	49,99
1,31667	49,99
1,33333	49,99
1,35000	49,99
1,36667	49,99
1,38333	49,99
1,40000	49,99
1,41667	49,99
1,43333	49,99
1,45000	49,99
1,46667	49,99
1,48333	49,99
1,50000	49,99
1,51667	49,99
1,53333	49,99
1,55000	49,99
1,56667	49,99
1,58333	49,99
1,60000	49,99
1,61667	49,99
1,63333	49,99
1,65000	49,99
1,66667	49,99
1,68333	49,99
1,70000	49,99
1,71667	49,99
1,73333	49,99
1,75000	49,99
1,76667	49,99
1,78333	49,99
1,80000	49,99
1,81667	49,99
1,83333	49,99
1,85000	49,99
1,86667	49,99
1,88333	49,99
1,90000	49,99
1,91667	49,99
1,93333	49,99
1,95000	49,99
1,96667	49,99
1,98333	49,99
2,00000	49,99
2,01667	49,99
2,03333	49,99
2,05000	49,99
2,06667	49,99
2,08333	49,99
2,10000	49,99
2,11667	49,99
2,13333	49,99
2,15000	49,99
2,16667	49,99
2,18333	49,99
2,20000	49,99
2,21667	49,99
2,23333	49,99
2,25000	49,99
2,26667	49,99
2,28333	50,00
2,30000	50,00
2,31667	50,00
2,33333	50,00
2,35000	50,00
2,36667	50,00
2,38333	50,00
2,40000	50,00
2,41667	50,00
2,43333	50,00
2,45000	50,00
2,46667	50,00
2,48333	50,00
2,50000	50,00
2,51667	50,00
2,53333	50,00
2,55000	50,00
2,56667	50,00
2,58333	50,00
2,60000	50,00
2,61667	50,00
2,63333	50,00
2,65000	50,00
2,66667	50,00
2,68333	50,00
2,70000	50,00
2,71667	50,00
2,73333	50,00
2,75000	50,00
2,76667	50,00
2,78333	50,00
2,80000	50,00
2,81667	50,00
2,83333	50,00
2,85000	50,00
2,86667	50,00
2,88333	50,00
2,90000	50,00
2,91667	50,00
2,93333	50,00
2,95000	50,00
2,96667	50,00
2,98333	50,00
3,00000	50,00
3,01667	50,00
3,03333	50,00
3,05000	50,00
3,06667	50,00
3,08333	50,00
3,10000	50,00
3,11667	49,99
3,13333	49,99
3,15000	49,99
3,16667	49,99
3,18333	49,99
3,20000	49,99
3,21667	49,99
3,23333	49,99
3,25000	49,99
3,26667	49,99
3,28333	49,99
3,30000	49,99
3,31667	49,99
3,33333	49,99
3,35000	49,99
3,36667	49,99
3,38333	49,99
3,40000	49,99
3,41667	49,99
3,43333	49,99
3,45000	49,99
3,46667	49,99
3,48333	49,99
3,50000	49,99
3,51667	49,99
3,53333	49,99
3,55000	49,99
3,56667	49,99
3,58333	49,99
3,60000	49,99
3,61667	49,99
3,63333	49,99
3,65000	49,99
3,66667	49,99
3,68333	49,99
3,70000	49,99
3,71667	49,99
3,73333	49,99
3,75000	49,99
3,76667	49,99
3,78333	49,99
3,80000	49,99
3,81667	49,99
3,83333	49,99
3,85000	49,99
3,86667	49,99
3,88333	49,99
3,90000	49,99
3,91667	49,99
3,93333	49,99
3,95000	49,99
3,96667	49,99
3,98333	49,99
4,00000	49,99
4,01667	49,99
4,03333	49,99
4,05000	49,99
4,06667	49,99
4,08333	49,99
4,10000	50,00
4,11667	50,00
4,13333	50,00
4,15000	50,00
4,16667	50,00
4,18333	50,00
4,20000	50,00
4,21667	50,00
4,23333	50,00
4,25000	50,00
4,26667	50,00
4,28333	50,00
4,30000	50,00
4,31667	50,00
4,33333	50,00
4,35000	50,00
4,36667	50,00
4,38333	50,00
4,40000	50,00
4,41667	50,00
4,43333	50,00
4,45000	50,00
4,46667	50,00
4,48333	50,00
4,50000	50,00
4,51667	50,00
4,53333	50,00
4,55000	50,00
4,56667	50,00
4,58333	50,00
4,60000	50,00
4,61667	50,00
4,63333	50,00
4,65000	50,00
4,66667	50,00
4,68333	50,00
4,70000	50,00
4,71667	50,00
4,73333	50,00
4,75000	50,00
4,76667	50,00
4,78333	50,00
4,80000	50,00
4,81667	50,00
4,83333	50,00
4,85000	50,00
4,86667	50,00
4,88333	50,00
4,90000	50,00
4,91667	50,00
4,93333	50,00
4,95000	50,00
4,96667	50,00
4,98333	50,00
5,00000	50,00
5,01667	50,00
5,03333	50,00
5,05000	50,00
5,06667	49,99
5,08333	49,99
5,10000	49,99
5,11667	49,99
5,13333	49,99
5,15000	49,99
5,16667	49,99
5,18333	49,99
5,20000	49,99
5,21667	49,99
5,23333	49,99
5,25000	49,99
5,26667	49,99
5,28333	49,99
5,30000	49,99
5,31667	49,99
5,33333	49,99
5,35000	49,99
5,36667	49,99
5,38333	49,99
5,40000	49,99
5,41667	49,99
5,43333	49,99
5,45000	49,99
5,46667	49,99
5,48333	49,99
5,50000	49,99
5,51667	49,99
5,53333	49,99
5,55000	49,99
5,56667	49,99
5,58333	49,99
5,60000	49,99
5,61667	49,99
5,63333	49,99
5,65000	49,99
5,66667	49,99
5,68333	49,99
5,70000	49,99
5,71667	49,99
5,73333	49,99
5,75000	49,99
5,76667	49,99
5,78333	49,99
5,80000	49,99
5,81667	49,99
5,83333	49,99
5,85000	49,99
5,86667	49,99
5,88333	49,99
5,90000	49,99
5,91667	49,99
5,93333	49,99
5,95000	49,99
5,96667	49,99
5,98333	49,99
6,00000	49,99
6,01667	49,99
6,03333	49,99
6,05000	49,99
6,06667	49,99
6,08333	49,99
6,10000	49,99
6,11667	49,99
6,13333	49,99
6,15000	49,99
6,16667	49,99
6,18333	49,99
6,20000	49,99
6,21667	49,99
6,23333	50,00
6,25000	50,00
6,26667	50,00
6,28333	50,00
6,30000	50,00
6,31667	50,00
6,33333	50,00
6,35000	50,00
6,36667	50,00
6,38333	50,00
6,40000	50,00
6,41667	50,00
6,43333	50,00
6,45000	50,00
6,46667	50,00
6,48333	50,00
6,50000	50,00
6,51667	50,00
6,53333	50,00
6,55000	50,00
6,56667	50,00
6,58333	50,00
6,60000	50,00
6,61667	50,00
6,63333	50,00
6,65000	50,00
6,66667	50,00
6,68333	50,00
6,70000	50,00
6,71667	50,00
6,73333	50,00
6,75000	50,00
6,76667	50,00
6,78333	50,00
6,80000	50,00
6,81667	50,00
6,83333	50,00
6,85000	50,00
6,86667	50,00
6,88333	50,00
6,90000	50,00
6,91667	50,00
6,93333	50,00
6,95000	50,00
6,96667	50,00
6,98333	50,00
7,00000	50,00
7,01667	50,00
7,03333	50,00
7,05000	50,00
7,06667	50,00
7,08333	50,00
7,10000	50,00
7,11667	50,00
7,13333	50,00
7,15000	50,00
7,16667	50,00
7,18333	50,00
7,20000	50,00
7,21667	50,00
7,23333	50,00
7,25000	50,00
7,26667	50,00
7,28333	50,00
7,30000	50,00
7,31667	50,00
7,33333	50,00
7,35000	50,00
7,36667	50,00
7,38333	50,00
7,40000	50,00
7,41667	50,00
7,43333	50,00
7,45000	50,00
7,46667	50,00
7,48333	50,00
7,50000	50,00
7,51667	49,99
7,53333	49,99
7,55000	49,99
7,56667	49,99
7,58333	49,99
7,60000	49,99
7,61667	49,99
7,63333	49,99
7,65000	49,99
7,66667	49,99
7,68333	49,99
7,70000	49,99
7,71667	49,99
7,73333	49,99
7,75000	49,99
7,76667	49,99
7,78333	49,99
7,80000	49,99
7,81667	49,99
7,83333	49,99
7,85000	49,99
7,86667	49,99
7,88333	49,99
7,90000	49,99
7,91667	49,99
7,93333	49,99
7,95000	49,99
7,96667	49,99
7,98333	49,99
8,00000	49,99
8,01667	49,99
8,03333	49,99
8,05000	49,99
8,06667	49,99
8,08333	49,99
8,10000	49,99
8,11667	49,99
8,13333	49,99
8,15000	49,99
8,16667	49,99
8,18333	49,99
8,20000	49,99
8,21667	49,99
8,23333	50,00
8,25000	50,00
8,26667	50,00
8,28333	49,99
8,30000	49,99
8,31667	49,99
8,33333	49,99
8,35000	49,99
8,36667	49,99
8,38333	49,99
8,40000	49,99
8,41667	49,99
8,43333	49,99
8,45000	49,99
8,46667	49,99
8,48333	49,99
8,50000	49,99
8,51667	49,99
8,53333	49,99
8,55000	49,99
8,56667	49,99
8,58333	49,99
8,60000	50,00
8,61667	50,00
8,63333	50,00
8,65000	50,00
8,66667	50,00
8,68333	50,00
8,70000	50,00
8,71667	50,00
8,73333	50,00
8,75000	50,00
8,76667	50,00
8,78333	50,00
8,80000	50,00
8,81667	50,00
8,83333	50,00
8,85000	50,00
8,86667	50,00
8,88333	50,00
8,90000	50,00
8,91667	50,00
8,93333	50,00
8,95000	50,00
8,96667	50,00
8,98333	50,00
9,00000	50,00
9,01667	50,00
9,03333	50,00
9,05000	50,00
9,06667	50,00
9,08333	50,00
9,10000	50,00
9,11667	50,00
9,13333	50,00
9,15000	50,00
9,16667	50,00
9,18333	50,00
9,20000	50,00
9,21667	50,00
9,23333	50,00
9,25000	50,00
9,26667	49,99
9,28333	49,99
9,30000	49,99
9,31667	49,99
9,33333	49,99
9,35000	49,99
9,36667	49,99
9,38333	49,99
9,40000	49,99
9,41667	49,99
9,43333	49,99
9,45000	49,99
9,46667	49,99
9,48333	49,99
9,50000	49,99
9,51667	49,99
9,53333	49,99
9,55000	49,99
9,56667	49,99
9,58333	49,99
9,60000	49,99
9,61667	49,99
9,63333	49,99
9,65000	49,99
9,66667	49,99
9,68333	49,99
9,70000	49,99
9,71667	49,99
9,73333	49,99
9,75000	49,99
9,76667	49,99
9,78333	49,99
9,80000	50,00
9,81667	50,00
9,83333	50,00
9,85000	50,00
9,86667	50,00
9,88333	50,00
9,90000	50,00
9,91667	50,00
9,93333	50,00
9,95000	50,00
9,96667	50,00
9,98333	50,00
10,00000	50,00
10,01667	50,00
10,03333	50,00
10,05000	50,00
10,06667	49,99
10,08333	49,99
10,10000	49,99
10,11667	49,99
10,13333	49,99
10,15000	49,99
10,16667	49,99
10,18333	49,99
10,20000	49,99
10,21667	49,99
10,23333	49,99
10,25000	49,99
10,26667	49,99
10,28333	49,99
10,30000	49,99
10,31667	49,99
10,33333	49,99
10,35000	49,99
10,36667	49,99
10,38333	49,99
10,40000	49,99
10,41667	49,99
10,43333	49,99
10,45000	49,99
10,46667	49,99
10,48333	49,99
10,50000	49,99
10,51667	50,00
10,53333	50,00
10,55000	50,00
10,56667	50,00
10,58333	50,00
10,60000	50,00
10,61667	50,00
10,63333	50,00
10,65000	50,00
10,66667	50,00
10,68333	50,00
10,70000	50,00
10,71667	50,00
10,73333	50,00
10,75000	50,00
10,76667	50,00
10,78333	50,00
10,80000	50,00
10,81667	50,00
10,83333	50,00
10,85000	50,00
10,86667	50,00
10,88333	50,00
10,90000	50,00
10,91667	50,00
10,93333	50,00
10,95000	50,00
10,96667	50,00
10,98333	50,00
11,00000	50,00
11,01667	50,00
11,03333	50,00
11,05000	50,00
11,06667	50,00
11,08333	50,00
11,10000	50,00
11,11667	50,00
11,13333	50,00
11,15000	50,00
11,16667	50,00
11,18333	50,00
11,20000	50,00
11,21667	50,00
11,23333	50,00
11,25000	50,00
11,26667	50,00
11,28333	50,00
11,30000	50,00
11,31667	50,00
11,33333	50,00
11,35000	50,00
11,36667	50,00
11,38333	50,00
11,40000	50,00
11,41667	50,00
11,43333	50,00
11,45000	50,00
11,46667	50,00
11,48333	50,00
11,50000	50,00
11,51667	50,00
11,53333	50,00
11,55000	50,00
11,56667	50,00
11,58333	50,00
11,60000	50,00
11,61667	50,00
11,63333	50,00
11,65000	50,00
11,66667	50,00
11,68333	49,99
11,70000	49,99
11,71667	49,99
11,73333	49,99
11,75000	49,99
11,76667	49,99
11,78333	49,99
11,80000	49,99
11,81667	49,99
11,83333	49,99
11,85000	49,99
11,86667	49,99
11,88333	49,99
11,90000	49,99
11,91667	49,99
11,93333	49,99
11,95000	49,99
11,96667	49,99
11,98333	49,99
12,00000	49,99
12,01667	49,99
12,03333	49,99
12,05000	49,99
12,06667	49,99
12,08333	49,99
12,10000	49,99
12,11667	49,99
12,13333	49,99
12,15000	49,99
12,16667	49,99
12,18333	49,99
12,20000	49,99
12,21667	49,99
12,23333	49,99
12,25000	50,00
12,26667	50,00
12,28333	50,00
12,30000	50,00
12,31667	50,00
12,33333	50,00
12,35000	50,00
12,36667	50,00
12,38333	49,99
12,40000	49,99
12,41667	49,99
12,43333	49,99
12,45000	49,99
12,46667	49,99
12,48333	49,99
12,50000	49,99
12,51667	49,99
12,53333	49,99
12,55000	49,99
12,56667	49,99
12,58333	49,99
12,60000	49,99
12,61667	49,99
12,63333	49,99
12,65000	49,99
12,66667	49,99
12,68333	49,99
12,70000	49,99
12,71667	49,99
12,73333	49,99
12,75000	49,99
12,76667	49,99
12,78333	49,99
12,80000	49,99
12,81667	49,99
12,83333	49,99
12,85000	49,99
12,86667	49,99
12,88333	49,99
12,90000	49,99
12,91667	49,99
12,93333	49,99
12,95000	49,99
12,96667	49,99
12,98333	49,99
13,00000	49,99
13,01667	49,99
13,03333	49,99
13,05000	49,99
13,06667	49,99
13,08333	49,99
13,10000	49,99
13,11667	49,99
13,13333	50,00
13,15000	50,00
13,16667	50,00
13,18333	50,00
13,20000	50,00
13,21667	50,00
13,23333	50,00
13,25000	50,00
13,26667	50,00
13,28333	50,00
13,30000	50,00
13,31667	50,00
13,33333	50,00
13,35000	50,00
13,36667	50,00
13,38333	50,00
13,40000	50,00
13,41667	50,00
13,43333	50,00
13,45000	50,00
13,46667	50,00
13,48333	50,00
13,50000	50,00
13,51667	50,00
13,53333	50,00
13,55000	50,00
13,56667	50,00
13,58333	50,00
13,60000	50,00
13,61667	50,00
13,63333	50,00
13,65000	50,00
13,66667	50,00
13,68333	50,00
13,70000	50,00
13,71667	50,00
13,73333	50,00
13,75000	50,00
13,76667	50,00
13,78333	50,00
13,80000	50,00
13,81667	50,00
13,83333	50,00
13,85000	50,00
13,86667	50,00
13,88333	49,99
13,90000	49,99
13,91667	49,99
13,93333	49,99
13,95000	49,99
13,96667	49,99
13,98333	49,99
14,00000	49,99
14,01667	49,99
14,03333	49,99
14,05000	49,99
14,06667	49,99
14,08333	49,99
14,10000	49,99
14,11667	49,99
14,13333	49,99
14,15000	49,99
14,16667	49,99
14,18333	49,99
14,20000	49,99
14,21667	49,99
14,23333	49,99
14,25000	49,99
14,26667	49,99
14,28333	49,99
14,30000	49,99
14,31667	49,99
14,33333	49,99
14,35000	49,99
14,36667	49,99
14,38333	49,99
14,40000	49,99
14,41667	49,99
14,43333	49,99
14,45000	49,99
14,46667	49,99
14,48333	49,99
14,50000	49,99
14,51667	49,99
14,53333	49,99
14,55000	49,99
14,56667	49,99
14,58333	49,99
14,60000	49,99
14,61667	49,99
14,63333	49,99
14,65000	49,99
14,66667	49,99
14,68333	49,99
14,70000	49,99
14,71667	49,99
14,73333	49,99
14,75000	49,99
14,76667	49,99
14,78333	50,00
14,80000	50,00
14,81667	50,00
14,83333	50,00
14,85000	50,00
14,86667	50,00
14,88333	50,00
14,90000	50,00
14,91667	50,00
14,93333	50,00
14,95000	50,00
14,96667	50,00
14,98333	50,00
15,00000	50,00
15,01667	50,00
15,03333	50,00
15,05000	50,00
15,06667	50,00
15,08333	50,00
15,10000	50,00
15,11667	50,00
15,13333	50,00
15,15000	50,00
15,16667	50,00
15,18333	50,00
15,20000	50,00
15,21667	50,00
15,23333	50,00
15,25000	50,00
15,26667	50,00
15,28333	50,00
15,30000	50,00
15,31667	50,00
15,33333	50,00
15,35000	50,00
15,36667	50,00
15,38333	50,00
15,40000	50,00
15,41667	50,00
15,43333	50,00
15,45000	50,00
15,46667	50,00
15,48333	50,00
15,50000	50,00
15,51667	50,00
15,53333	50,00
15,55000	50,00
15,56667	50,00
15,58333	50,00
15,60000	50,00
15,61667	50,00
15,63333	50,00
15,65000	50,00
15,66667	50,00
15,68333	50,00
15,70000	50,00
15,71667	50,00
15,73333	50,00
15,75000	50,00
15,76667	50,00
15,78333	50,00
15,80000	50,00
15,81667	50,00
15,83333	50,00
15,85000	50,00
15,86667	50,00
15,88333	50,00
15,90000	50,00
15,91667	50,00
15,93333	50,00
15,95000	50,00
15,96667	50,00
15,98333	50,00
16,00000	50,00
16,01667	50,00
16,03333	49,99
16,05000	49,99
16,06667	49,99
16,08333	49,99
16,10000	49,99
16,11667	49,99
16,13333	49,99
16,15000	49,99
16,16667	49,99
16,18333	49,99
16,20000	49,99
16,21667	49,99
16,23333	49,99
16,25000	49,99
16,26667	49,99
16,28333	49,99
16,30000	49,99
16,31667	49,99
16,33333	49,99
16,35000	49,99
16,36667	49,99
16,38333	49,99
16,40000	49,99
16,41667	49,99
16,43333	49,99
16,45000	49,99
16,46667	49,99
16,48333	49,99
16,50000	49,99
16,51667	49,99
16,53333	49,99
16,55000	49,99
16,56667	49,99
16,58333	49,99
16,60000	49,99
16,61667	49,99
16,63333	49,99
16,65000	49,99
16,66667	49,99
16,68333	49,99
16,70000	49,99
16,71667	49,99
16,73333	49,99
16,75000	49,99
16,76667	49,99
16,78333	49,99
16,80000	49,99
16,81667	49,99
16,83333	49,99
16,85000	49,99
16,86667	49,99
16,88333	49,99
16,90000	49,99
16,91667	49,99
16,93333	49,99
16,95000	49,99
16,96667	49,99
16,98333	49,99
17,00000	49,99
17,01667	49,99
17,03333	49,99
17,05000	49,99
17,06667	50,00
17,08333	50,00
17,10000	50,00
17,11667	50,00
17,13333	50,00
17,15000	50,00
17,16667	50,00
17,18333	50,00
17,20000	50,00
17,21667	50,00
17,23333	50,00
17,25000	50,00
17,26667	50,00
17,28333	50,00
17,30000	50,00
17,31667	50,00
17,33333	50,00
17,35000	50,00
17,36667	50,00
17,38333	50,00
17,40000	50,00
17,41667	50,00
17,43333	50,00
17,45000	50,00
17,46667	50,00
17,48333	50,00
17,50000	50,00
17,51667	50,00
17,53333	50,00
17,55000	50,00
17,56667	50,00
17,58333	50,00
17,60000	50,00
17,61667	50,00
17,63333	50,00
17,65000	50,00
17,66667	50,00
17,68333	50,00
17,70000	50,00
17,71667	50,00
17,73333	49,99
17,75000	49,99
17,76667	49,99
17,78333	49,99
17,80000	49,99
17,81667	49,99
17,83333	49,99
17,85000	49,99
17,86667	49,99
17,88333	49,99
17,90000	49,99
17,91667	49,99
17,93333	49,99
17,95000	49,99
17,96667	49,99
17,98333	49,99
18,00000	49,99
18,01667	49,99
18,03333	49,99
18,05000	49,99
18,06667	49,99
18,08333	49,99
18,10000	49,99
18,11667	49,99
18,13333	49,99
18,15000	49,99
18,16667	49,99
18,18333	49,99
18,20000	49,99
18,21667	49,99
18,23333	49,99
18,25000	49,99
18,26667	49,99
18,28333	49,99
18,30000	49,99
18,31667	49,99
18,33333	49,99
18,35000	49,99
18,36667	49,99
18,38333	49,99
18,40000	49,99
18,41667	49,99
18,43333	49,99
18,45000	49,99
18,46667	49,99
18,48333	49,99
18,50000	49,99
18,51667	49,99
18,53333	49,99
18,55000	49,99
18,56667	49,99
18,58333	49,99
18,60000	49,99
18,61667	49,99
18,63333	49,99
18,65000	49,99
18,66667	49,99
18,68333	49,99
18,70000	49,99
18,71667	49,99
18,73333	49,99
18,75000	49,99
18,76667	49,99
18,78333	49,99
18,80000	49,99
18,81667	49,99
18,83333	49,99
18,85000	49,99
18,86667	49,99
18,88333	49,99
18,90000	49,99
18,91667	49,99
18,93333	49,99
18,95000	49,99
18,96667	49,99
18,98333	49,99
19,00000	49,99
19,01667	49,99
19,03333	49,99
19,05000	49,99
19,06667	50,00
19,08333	50,00
19,10000	50,00
19,11667	50,00
19,13333	50,00
19,15000	50,00
19,16667	50,00
19,18333	50,00
19,20000	50,00
19,21667	50,00
19,23333	50,00
19,25000	50,00
19,26667	50,00
19,28333	50,00
19,30000	50,00
19,31667	50,00
19,33333	50,00
19,35000	50,00
19,36667	50,00
19,38333	50,00
19,40000	50,00
19,41667	50,00
19,43333	50,00
19,45000	50,00
19,46667	50,00
19,48333	50,00
19,50000	50,00
19,51667	50,00
19,53333	50,00
19,55000	50,00
19,56667	50,00
19,58333	50,00
19,60000	50,00
19,61667	50,00
19,63333	50,00
19,65000	50,00
19,66667	50,00
19,68333	50,00
19,70000	50,00
19,71667	50,00
19,73333	50,00
19,75000	50,00
19,76667	50,00
19,78333	50,00
19,80000	50,00
19,81667	50,00
19,83333	50,00
19,85000	50,00
19,86667	50,00
19,88333	49,99
19,90000	49,99
19,91667	49,99
19,93333	49,99
19,95000	49,99
19,96667	49,99
19,98333	49,99
20,00000	49,99
20,01667	49,99
20,03333	49,99
20,05000	49,99
20,06667	49,99
20,08333	49,99
20,10000	49,99
20,11667	49,99
20,13333	49,99
20,15000	49,99
20,16667	49,99
20,18333	49,99
20,20000	49,99
20,21667	49,99
20,23333	49,99
20,25000	49,99
20,26667	49,99
20,28333	49,99
20,30000	49,99
20,31667	49,99
20,33333	49,99
20,35000	49,99
20,36667	49,99
20,38333	49,99
20,40000	49,99
20,41667	49,99
20,43333	49,99
20,45000	49,99
20,46667	49,99
20,48333	49,99
20,50000	49,99
20,51667	49,99
20,53333	50,00
20,55000	50,00
20,56667	50,00
20,58333	50,00
20,60000	50,00
20,61667	50,00
20,63333	50,00
20,65000	50,00
20,66667	50,00
20,68333	50,00
20,70000	50,00
20,71667	50,00
20,73333	50,00
20,75000	50,00
20,76667	50,00
20,78333	50,00
20,80000	50,00
20,81667	50,00
20,83333	50,00
20,85000	50,00
20,86667	50,00
20,88333	50,00
20,90000	50,00
20,91667	50,00
20,93333	50,00
20,95000	50,00
20,96667	50,00
20,98333	50,00
21,00000	50,00
21,01667	50,00
21,03333	50,00
21,05000	50,00
21,06667	50,00
21,08333	50,00
21,10000	50,00
21,11667	50,00
21,13333	50,00
21,15000	50,00
21,16667	50,00
21,18333	50,00
21,20000	50,00
21,21667	50,00
21,23333	50,00
21,25000	50,00
21,26667	50,00
21,28333	50,00
21,30000	50,00
21,31667	50,00
21,33333	50,00
21,35000	50,00
21,36667	50,00
21,38333	50,00
21,40000	50,00
21,41667	50,00
21,43333	50,00
21,45000	50,00
21,46667	50,00
21,48333	50,00
21,50000	50,00
21,51667	50,00
21,53333	50,00
21,55000	50,00
21,56667	50,00
21,58333	50,00
21,60000	50,00
21,61667	50,00
21,63333	50,00
21,65000	50,00
21,66667	50,00
21,68333	50,00
21,70000	50,00
21,71667	50,00
21,73333	50,00
21,75000	50,00
21,76667	50,00
21,78333	50,00
21,80000	50,00
21,81667	50,00
21,83333	50,00
21,85000	50,00
21,86667	50,00
21,88333	50,00
21,90000	50,00
21,91667	50,00
21,93333	50,00
21,95000	50,00
21,96667	50,00
21,98333	50,00
22,00000	50,00
22,01667	50,00
22,03333	50,00
22,05000	50,00
22,06667	50,00
22,08333	50,00
22,10000	50,00
22,11667	50,00
22,13333	50,00
22,15000	50,00
22,16667	50,00
22,18333	50,00
22,20000	50,00
22,21667	50,00
22,23333	50,00
22,25000	50,00
22,26667	50,00
22,28333	50,00
22,30000	50,00
22,31667	50,00
22,33333	50,00
22,35000	50,00
22,36667	50,00
22,38333	49,99
22,40000	49,99
22,41667	49,99
22,43333	49,99
22,45000	49,99
22,46667	49,99
22,48333	49,99
22,50000	49,99
22,51667	49,99
22,53333	49,99
22,55000	49,99
22,56667	49,99
22,58333	49,99
22,60000	49,99
22,61667	49,99
22,63333	49,99
22,65000	49,99
22,66667	49,99
22,68333	49,99
22,70000	49,99
22,71667	49,99
22,73333	49,99
22,75000	50,00
22,76667	50,00
22,78333	50,00
22,80000	50,00
22,81667	50,00
22,83333	50,00
22,85000	50,00
22,86667	50,00
22,88333	50,00
22,90000	50,00
22,91667	50,00
22,93333	50,00
22,95000	50,00
22,96667	50,00
22,98333	50,00
23,00000	50,00
23,01667	50,00
23,03333	50,00
23,05000	50,00
23,06667	50,00
23,08333	50,00
23,10000	50,00
23,11667	50,00
23,13333	50,00
23,15000	50,00
23,16667	50,00
23,18333	50,00
23,20000	50,00
23,21667	50,00
23,23333	50,00
23,25000	50,00
23,26667	50,00
23,28333	50,00
23,30000	50,00
23,31667	50,00
23,33333	50,00
23,35000	50,00
23,36667	50,00
23,38333	50,00
23,40000	50,00
23,41667	50,00
23,43333	50,00
23,45000	50,00
23,46667	50,00
23,48333	50,00
23,50000	50,00
23,51667	50,00
23,53333	50,00
23,55000	50,00
23,56667	50,00
23,58333	50,00
23,60000	50,00
23,61667	50,00
23,63333	50,00
23,65000	50,00
23,66667	50,00
23,68333	50,00
23,70000	50,00
23,71667	50,00
23,73333	50,00
23,75000	50,00
23,76667	50,00
23,78333	50,00
23,80000	50,00
23,81667	50,00
23,83333	50,00
23,85000	50,00
23,86667	50,00
23,88333	50,00
23,90000	50,00
23,91667	50,00
23,93333	50,00
23,95000	50,00
23,96667	50,00
23,98333	50,00
24,00000	50,00
24,01667	50,00
24,03333	50,00
24,05000	50,00
24,06667	49,99
24,08333	49,99
24,10000	49,99
24,11667	49,99
24,13333	49,99
24,15000	49,99
24,16667	49,99
24,18333	49,99
24,20000	49,99
24,21667	49,99
24,23333	49,99
24,25000	49,99
24,26667	49,99
24,28333	49,99
24,30000	49,99
24,31667	49,99
24,33333	49,99
24,35000	49,99
24,36667	49,99
24,38333	49,99
24,40000	49,99
24,41667	49,99
24,43333	49,99
24,45000	49,99
24,46667	49,99
24,48333	49,99
24,50000	49,99
24,51667	49,99
24,53333	49,99
24,55000	49,99
24,56667	49,99
24,58333	49,99
24,60000	49,99
24,61667	49,99
24,63333	49,99
24,65000	49,99
24,66667	49,99
24,68333	49,99
24,70000	49,99
24,71667	49,99
24,73333	49,99
24,75000	49,99
24,76667	49,99
24,78333	49,99
24,80000	49,99
24,81667	50,00
24,83333	50,00
24,85000	50,00
24,86667	50,00
24,88333	50,00
24,90000	50,00
24,91667	50,00
24,93333	50,00
24,95000	50,00
24,96667	50,00
24,98333	50,00
25,00000	50,00
25,01667	50,00
25,03333	50,00
25,05000	50,00
25,06667	50,00
25,08333	50,00
25,10000	50,00
25,11667	50,00
25,13333	50,00
25,15000	50,00
25,16667	50,00
25,18333	50,00
25,20000	50,00
25,21667	50,00
25,23333	50,00
25,25000	50,00
25,26667	50,00
25,28333	50,00
25,30000	50,00
25,31667	50,00
25,33333	50,00
25,35000	50,00
25,36667	50,00
25,38333	50,00
25,40000	50,00
25,41667	50,00
25,43333	50,00
25,45000	50,00
25,46667	50,00
25,48333	50,00
25,50000	50,00
25,51667	50,00
25,53333	50,00
25,55000	50,00
25,56667	50,00
25,58333	49,99
25,60000	49,99
25,61667	49,99
25,63333	49,99
25,65000	49,99
25,66667	49,99
25,68333	49,99
25,70000	49,99
25,71667	49,99
25,73333	49,99
25,75000	49,99
25,76667	49,99
25,78333	49,99
25,80000	49,99
25,81667	49,99
25,83333	50,00
25,85000	50,00
25,86667	50,00
25,88333	50,00
25,90000	50,00
25,91667	50,00
25,93333	50,00
25,95000	50,00
25,96667	50,00
25,98333	50,00
26,00000	50,00
26,01667	50,00
26,03333	50,00
26,05000	50,00
26,06667	50,00
26,08333	50,00
26,10000	50,00
26,11667	50,00
26,13333	50,00
26,15000	50,00
26,16667	50,00
26,18333	50,00
26,20000	50,00
26,21667	50,00
26,23333	50,00
26,25000	50,00
26,26667	50,00
26,28333	50,00
26,30000	50,00
26,31667	50,00
26,33333	50,00
26,35000	50,00
26,36667	50,00
26,38333	50,00
26,40000	50,00
26,41667	50,00
26,43333	50,00
26,45000	50,00
26,46667	50,00
26,48333	49,99
26,50000	49,99
26,51667	49,99
26,53333	49,99
26,55000	49,99
26,56667	49,99
26,58333	49,99
26,60000	49,99
26,61667	49,99
26,63333	49,99
26,65000	49,99
26,66667	49,99
26,68333	49,99
26,70000	49,99
26,71667	49,99
26,73333	49,99
26,75000	49,99
26,76667	49,99
26,78333	49,99
26,80000	49,99
26,81667	49,99
26,83333	49,99
26,85000	49,99
26,86667	49,99
26,88333	49,99
26,90000	49,99
26,91667	49,99
26,93333	49,99
26,95000	49,99
26,96667	49,99
26,98333	49,99
27,00000	49,99
27,01667	49,99
27,03333	49,99
27,05000	49,99
27,06667	49,99
27,08333	49,99
27,10000	49,99
27,11667	49,99
27,13333	49,99
27,15000	49,99
27,16667	49,99
27,18333	49,99
27,20000	49,99
27,21667	49,99
27,23333	49,99
27,25000	49,99
27,26667	49,99
27,28333	49,99
27,30000	49,99
27,31667	49,99
27,33333	49,99
27,35000	49,99
27,36667	49,99
27,38333	49,99
27,40000	49,99
27,41667	49,99
27,43333	49,99
27,45000	49,99
27,46667	49,99
27,48333	49,99
27,50000	49,99
27,51667	49,99
27,53333	49,99
27,55000	49,99
27,56667	49,99
27,58333	49,99
27,60000	49,99
27,61667	49,99
27,63333	49,99
27,65000	49,99
27,66667	49,99
27,68333	49,99
27,70000	49,99
27,71667	49,99
27,73333	49,99
27,75000	49,99
27,76667	49,99
27,78333	49,99
27,80000	49,99
27,81667	49,99
27,83333	49,99
27,85000	49,99
27,86667	49,99
27,88333	49,99
27,90000	49,99
27,91667	49,99
27,93333	49,99
27,95000	49,99
27,96667	49,99
27,98333	49,99
28,00000	49,99
28,01667	49,99
28,03333	49,99
28,05000	49,99
28,06667	49,99
28,08333	49,99
28,10000	49,99
28,11667	49,99
28,13333	49,99
28,15000	49,99
28,16667	49,99
28,18333	49,99
28,20000	49,99
28,21667	49,99
28,23333	49,99
28,25000	49,99
28,26667	49,99
28,28333	49,99
28,30000	49,99
28,31667	49,99
28,33333	49,99
28,35000	49,99
28,36667	49,99
28,38333	49,99
28,40000	49,99
28,41667	49,99
28,43333	49,99
28,45000	49,99
28,46667	49,99
28,48333	49,99
28,50000	49,99
28,51667	49,99
28,53333	49,99
28,55000	49,99
28,56667	49,99
28,58333	49,99
28,60000	49,99
28,61667	49,99
28,63333	49,99
28,65000	49,99
28,66667	49,99
28,68333	49,99
28,70000	49,99
28,71667	49,99
28,73333	49,99
28,75000	49,99
28,76667	49,99
28,78333	49,99
28,80000	49,99
28,81667	49,99
28,83333	49,99
28,85000	49,99
28,86667	49,99
28,88333	49,99
28,90000	49,99
28,91667	49,99
28,93333	49,99
28,95000	49,99
28,96667	49,99
28,98333	49,99
29,00000	49,99
29,01667	49,99
29,03333	49,99
29,05000	49,99
29,06667	49,99
29,08333	49,99
29,10000	49,99
29,11667	49,99
29,13333	49,99
29,15000	49,99
29,16667	49,99
29,18333	49,99
29,20000	49,99
29,21667	49,99
29,23333	49,99
29,25000	49,99
29,26667	49,99
29,28333	49,99
29,30000	49,99
29,31667	49,99
29,33333	49,99
29,35000	49,99
29,36667	49,99
29,38333	49,99
29,40000	49,99
29,41667	49,99
29,43333	49,99
29,45000	49,99
29,46667	49,99
29,48333	49,99
29,50000	49,99
29,51667	49,99
29,53333	49,99
29,55000	49,99
29,56667	49,99
29,58333	49,99
29,60000	49,99
29,61667	49,99
29,63333	49,99
29,65000	49,99
29,66667	49,99
29,68333	49,99
29,70000	49,99
29,71667	49,99
29,73333	49,99
29,75000	49,99
29,76667	49,99
29,78333	49,99
29,80000	49,99
29,81667	49,99
29,83333	49,99
29,85000	49,99
29,86667	49,99
29,88333	49,99
29,90000	49,99
29,91667	49,99
29,93333	49,99
29,95000	49,99
29,96667	49,99
29,98333	49,99
30,00000	49,99
30,01667	49,99
30,03333	49,99
30,05000	49,99
30,06667	49,99
30,08333	50,00
30,10000	50,00
30,11667	50,00
30,13333	50,00
30,15000	50,00
30,16667	50,00
30,18333	50,00
30,20000	50,00
30,21667	50,00
30,23333	50,00
30,25000	50,00
30,26667	50,00
30,28333	50,00
30,30000	50,00
30,31667	50,00
30,33333	50,00
30,35000	50,00
30,36667	50,00
30,38333	50,00
30,40000	50,00
30,41667	50,00
30,43333	50,00
30,45000	50,00
30,46667	50,00
30,48333	50,00
30,50000	50,00
30,51667	50,00
30,53333	50,00
30,55000	50,00
30,56667	50,00
30,58333	50,00
30,60000	50,00
30,61667	50,00
30,63333	50,00
30,65000	50,00
30,66667	50,00
30,68333	50,00
30,70000	50,00
30,71667	50,00
30,73333	50,00
30,75000	50,00
30,76667	50,00
30,78333	50,00
30,80000	50,00
30,81667	50,00
30,83333	50,00
30,85000	50,00
30,86667	50,00
30,88333	50,00
30,90000	50,00
30,91667	50,00
30,93333	50,00
30,95000	50,00
30,96667	50,00
30,98333	50,00
31,00000	50,00
31,01667	50,00
31,03333	50,00
31,05000	50,00
31,06667	50,00
31,08333	50,00
31,10000	50,00
31,11667	50,00
31,13333	50,00
31,15000	50,00
31,16667	50,00
31,18333	50,00
31,20000	50,00
31,21667	50,00
31,23333	50,00
31,25000	50,00
31,26667	50,00
31,28333	50,00
31,30000	50,00
31,31667	50,00
31,33333	50,00
31,35000	50,00
31,36667	50,00
31,38333	50,00
31,40000	50,00
31,41667	50,00
31,43333	50,00
31,45000	50,00
31,46667	50,00
31,48333	50,00
31,50000	50,00
31,51667	50,00
31,53333	50,00
31,55000	50,00
31,56667	49,99
31,58333	49,99
31,60000	49,99
31,61667	49,99
31,63333	49,99
31,65000	49,99
31,66667	49,99
31,68333	49,99
31,70000	49,99
31,71667	49,99
31,73333	49,99
31,75000	49,99
31,76667	49,99
31,78333	49,99
31,80000	49,99
31,81667	49,99
31,83333	49,99
31,85000	49,99
31,86667	49,99
31,88333	49,99
31,90000	49,99
31,91667	49,99
31,93333	49,99
31,95000	49,99
31,96667	49,99
31,98333	49,99
32,00000	49,99

[LC Status Trace(Room Temp.)]
Interval(msec)	1000
# of Points	1921
Start Time(min)	0,000
End Time(min)	32,000
Intensity Units	C
Intensity Multiplier	1
R.Time (min)	Intensity
0,00000	33,16
0,01667	33,16
0,03333	33,16
0,05000	33,16
0,06667	33,16
0,08333	33,16
0,10000	33,16
0,11667	33,16
0,13333	33,16
0,15000	33,16
0,16667	33,16
0,18333	33,16
0,20000	33,16
0,21667	33,17
0,23333	33,17
0,25000	33,17
0,26667	33,17
0,28333	33,17
0,30000	33,17
0,31667	33,18
0,33333	33,18
0,35000	33,18
0,36667	33,18
0,38333	33,19
0,40000	33,19
0,41667	33,19
0,43333	33,20
0,45000	33,20
0,46667	33,20
0,48333	33,20
0,50000	33,20
0,51667	33,20
0,53333	33,20
0,55000	33,21
0,56667	33,21
0,58333	33,21
0,60000	33,21
0,61667	33,21
0,63333	33,21
0,65000	33,21
0,66667	33,21
0,68333	33,20
0,70000	33,20
0,71667	33,19
0,73333	33,19
0,75000	33,19
0,76667	33,19
0,78333	33,18
0,80000	33,18
0,81667	33,18
0,83333	33,19
0,85000	33,19
0,86667	33,19
0,88333	33,19
0,90000	33,19
0,91667	33,19
0,93333	33,20
0,95000	33,20
0,96667	33,20
0,98333	33,20
1,00000	33,20
1,01667	33,20
1,03333	33,20
1,05000	33,20
1,06667	33,20
1,08333	33,19
1,10000	33,19
1,11667	33,19
1,13333	33,20
1,15000	33,20
1,16667	33,20
1,18333	33,21
1,20000	33,21
1,21667	33,21
1,23333	33,21
1,25000	33,21
1,26667	33,21
1,28333	33,21
1,30000	33,21
1,31667	33,21
1,33333	33,21
1,35000	33,22
1,36667	33,22
1,38333	33,22
1,40000	33,22
1,41667	33,22
1,43333	33,22
1,45000	33,22
1,46667	33,22
1,48333	33,22
1,50000	33,22
1,51667	33,23
1,53333	33,23
1,55000	33,23
1,56667	33,23
1,58333	33,23
1,60000	33,23
1,61667	33,23
1,63333	33,23
1,65000	33,23
1,66667	33,22
1,68333	33,22
1,70000	33,22
1,71667	33,22
1,73333	33,22
1,75000	33,21
1,76667	33,21
1,78333	33,21
1,80000	33,21
1,81667	33,21
1,83333	33,21
1,85000	33,21
1,86667	33,21
1,88333	33,21
1,90000	33,21
1,91667	33,21
1,93333	33,21
1,95000	33,21
1,96667	33,21
1,98333	33,21
2,00000	33,21
2,01667	33,21
2,03333	33,21
2,05000	33,21
2,06667	33,21
2,08333	33,21
2,10000	33,21
2,11667	33,21
2,13333	33,22
2,15000	33,22
2,16667	33,22
2,18333	33,22
2,20000	33,22
2,21667	33,22
2,23333	33,22
2,25000	33,22
2,26667	33,22
2,28333	33,21
2,30000	33,21
2,31667	33,20
2,33333	33,20
2,35000	33,20
2,36667	33,19
2,38333	33,19
2,40000	33,19
2,41667	33,19
2,43333	33,19
2,45000	33,19
2,46667	33,19
2,48333	33,19
2,50000	33,18
2,51667	33,18
2,53333	33,18
2,55000	33,18
2,56667	33,17
2,58333	33,17
2,60000	33,17
2,61667	33,17
2,63333	33,17
2,65000	33,17
2,66667	33,17
2,68333	33,17
2,70000	33,17
2,71667	33,17
2,73333	33,17
2,75000	33,17
2,76667	33,17
2,78333	33,18
2,80000	33,18
2,81667	33,18
2,83333	33,18
2,85000	33,18
2,86667	33,18
2,88333	33,18
2,90000	33,18
2,91667	33,18
2,93333	33,18
2,95000	33,19
2,96667	33,19
2,98333	33,19
3,00000	33,19
3,01667	33,19
3,03333	33,19
3,05000	33,19
3,06667	33,20
3,08333	33,20
3,10000	33,20
3,11667	33,20
3,13333	33,21
3,15000	33,21
3,16667	33,21
3,18333	33,21
3,20000	33,21
3,21667	33,21
3,23333	33,21
3,25000	33,22
3,26667	33,22
3,28333	33,22
3,30000	33,22
3,31667	33,22
3,33333	33,22
3,35000	33,22
3,36667	33,22
3,38333	33,22
3,40000	33,22
3,41667	33,22
3,43333	33,21
3,45000	33,21
3,46667	33,21
3,48333	33,21
3,50000	33,21
3,51667	33,21
3,53333	33,21
3,55000	33,21
3,56667	33,21
3,58333	33,21
3,60000	33,21
3,61667	33,21
3,63333	33,20
3,65000	33,20
3,66667	33,20
3,68333	33,20
3,70000	33,20
3,71667	33,20
3,73333	33,20
3,75000	33,20
3,76667	33,20
3,78333	33,20
3,80000	33,20
3,81667	33,19
3,83333	33,18
3,85000	33,18
3,86667	33,18
3,88333	33,18
3,90000	33,18
3,91667	33,18
3,93333	33,18
3,95000	33,18
3,96667	33,18
3,98333	33,18
4,00000	33,18
4,01667	33,18
4,03333	33,18
4,05000	33,18
4,06667	33,18
4,08333	33,18
4,10000	33,18
4,11667	33,18
4,13333	33,18
4,15000	33,18
4,16667	33,18
4,18333	33,18
4,20000	33,18
4,21667	33,17
4,23333	33,17
4,25000	33,17
4,26667	33,16
4,28333	33,16
4,30000	33,16
4,31667	33,15
4,33333	33,15
4,35000	33,15
4,36667	33,15
4,38333	33,15
4,40000	33,15
4,41667	33,15
4,43333	33,15
4,45000	33,15
4,46667	33,15
4,48333	33,15
4,50000	33,15
4,51667	33,15
4,53333	33,15
4,55000	33,15
4,56667	33,15
4,58333	33,15
4,60000	33,15
4,61667	33,15
4,63333	33,15
4,65000	33,15
4,66667	33,15
4,68333	33,15
4,70000	33,15
4,71667	33,15
4,73333	33,16
4,75000	33,16
4,76667	33,16
4,78333	33,16
4,80000	33,16
4,81667	33,16
4,83333	33,16
4,85000	33,16
4,86667	33,17
4,88333	33,17
4,90000	33,17
4,91667	33,17
4,93333	33,17
4,95000	33,17
4,96667	33,17
4,98333	33,18
5,00000	33,18
5,01667	33,18
5,03333	33,18
5,05000	33,18
5,06667	33,19
5,08333	33,19
5,10000	33,19
5,11667	33,19
5,13333	33,19
5,15000	33,19
5,16667	33,19
5,18333	33,19
5,20000	33,19
5,21667	33,19
5,23333	33,20
5,25000	33,20
5,26667	33,20
5,28333	33,20
5,30000	33,20
5,31667	33,20
5,33333	33,20
5,35000	33,20
5,36667	33,20
5,38333	33,20
5,40000	33,20
5,41667	33,20
5,43333	33,19
5,45000	33,19
5,46667	33,18
5,48333	33,17
5,50000	33,17
5,51667	33,16
5,53333	33,15
5,55000	33,15
5,56667	33,15
5,58333	33,15
5,60000	33,14
5,61667	33,14
5,63333	33,14
5,65000	33,14
5,66667	33,14
5,68333	33,14
5,70000	33,13
5,71667	33,13
5,73333	33,13
5,75000	33,13
5,76667	33,13
5,78333	33,13
5,80000	33,13
5,81667	33,13
5,83333	33,14
5,85000	33,14
5,86667	33,14
5,88333	33,15
5,90000	33,15
5,91667	33,15
5,93333	33,16
5,95000	33,16
5,96667	33,16
5,98333	33,16
6,00000	33,17
6,01667	33,17
6,03333	33,17
6,05000	33,17
6,06667	33,18
6,08333	33,18
6,10000	33,18
6,11667	33,18
6,13333	33,18
6,15000	33,18
6,16667	33,18
6,18333	33,17
6,20000	33,17
6,21667	33,17
6,23333	33,17
6,25000	33,17
6,26667	33,17
6,28333	33,16
6,30000	33,16
6,31667	33,16
6,33333	33,16
6,35000	33,16
6,36667	33,16
6,38333	33,16
6,40000	33,16
6,41667	33,16
6,43333	33,16
6,45000	33,16
6,46667	33,16
6,48333	33,16
6,50000	33,16
6,51667	33,16
6,53333	33,17
6,55000	33,17
6,56667	33,17
6,58333	33,17
6,60000	33,17
6,61667	33,17
6,63333	33,18
6,65000	33,18
6,66667	33,18
6,68333	33,18
6,70000	33,18
6,71667	33,18
6,73333	33,19
6,75000	33,19
6,76667	33,19
6,78333	33,19
6,80000	33,19
6,81667	33,19
6,83333	33,19
6,85000	33,19
6,86667	33,19
6,88333	33,18
6,90000	33,18
6,91667	33,18
6,93333	33,19
6,95000	33,19
6,96667	33,19
6,98333	33,19
7,00000	33,19
7,01667	33,20
7,03333	33,20
7,05000	33,20
7,06667	33,20
7,08333	33,20
7,10000	33,20
7,11667	33,20
7,13333	33,21
7,15000	33,21
7,16667	33,21
7,18333	33,21
7,20000	33,21
7,21667	33,21
7,23333	33,20
7,25000	33,20
7,26667	33,20
7,28333	33,19
7,30000	33,19
7,31667	33,19
7,33333	33,19
7,35000	33,19
7,36667	33,18
7,38333	33,18
7,40000	33,18
7,41667	33,18
7,43333	33,18
7,45000	33,18
7,46667	33,18
7,48333	33,19
7,50000	33,19
7,51667	33,19
7,53333	33,19
7,55000	33,19
7,56667	33,19
7,58333	33,20
7,60000	33,20
7,61667	33,20
7,63333	33,20
7,65000	33,20
7,66667	33,20
7,68333	33,20
7,70000	33,20
7,71667	33,20
7,73333	33,20
7,75000	33,20
7,76667	33,20
7,78333	33,21
7,80000	33,21
7,81667	33,21
7,83333	33,21
7,85000	33,21
7,86667	33,21
7,88333	33,21
7,90000	33,21
7,91667	33,21
7,93333	33,20
7,95000	33,20
7,96667	33,20
7,98333	33,21
8,00000	33,21
8,01667	33,21
8,03333	33,21
8,05000	33,21
8,06667	33,21
8,08333	33,21
8,10000	33,20
8,11667	33,20
8,13333	33,20
8,15000	33,19
8,16667	33,19
8,18333	33,19
8,20000	33,19
8,21667	33,18
8,23333	33,18
8,25000	33,18
8,26667	33,18
8,28333	33,18
8,30000	33,18
8,31667	33,18
8,33333	33,19
8,35000	33,19
8,36667	33,19
8,38333	33,20
8,40000	33,20
8,41667	33,20
8,43333	33,20
8,45000	33,20
8,46667	33,20
8,48333	33,20
8,50000	33,20
8,51667	33,20
8,53333	33,20
8,55000	33,20
8,56667	33,20
8,58333	33,20
8,60000	33,21
8,61667	33,21
8,63333	33,21
8,65000	33,21
8,66667	33,21
8,68333	33,22
8,70000	33,22
8,71667	33,22
8,73333	33,23
8,75000	33,23
8,76667	33,23
8,78333	33,24
8,80000	33,24
8,81667	33,24
8,83333	33,24
8,85000	33,25
8,86667	33,25
8,88333	33,25
8,90000	33,25
8,91667	33,25
8,93333	33,25
8,95000	33,25
8,96667	33,25
8,98333	33,24
9,00000	33,24
9,01667	33,24
9,03333	33,24
9,05000	33,24
9,06667	33,23
9,08333	33,23
9,10000	33,23
9,11667	33,22
9,13333	33,22
9,15000	33,22
9,16667	33,22
9,18333	33,22
9,20000	33,22
9,21667	33,21
9,23333	33,21
9,25000	33,21
9,26667	33,21
9,28333	33,21
9,30000	33,21
9,31667	33,21
9,33333	33,22
9,35000	33,22
9,36667	33,22
9,38333	33,22
9,40000	33,22
9,41667	33,23
9,43333	33,23
9,45000	33,23
9,46667	33,23
9,48333	33,23
9,50000	33,23
9,51667	33,23
9,53333	33,24
9,55000	33,24
9,56667	33,24
9,58333	33,24
9,60000	33,24
9,61667	33,24
9,63333	33,24
9,65000	33,24
9,66667	33,24
9,68333	33,24
9,70000	33,24
9,71667	33,24
9,73333	33,24
9,75000	33,24
9,76667	33,24
9,78333	33,24
9,80000	33,24
9,81667	33,24
9,83333	33,24
9,85000	33,24
9,86667	33,24
9,88333	33,24
9,90000	33,24
9,91667	33,24
9,93333	33,24
9,95000	33,24
9,96667	33,25
9,98333	33,25
10,00000	33,25
10,01667	33,25
10,03333	33,25
10,05000	33,25
10,06667	33,25
10,08333	33,25
10,10000	33,25
10,11667	33,25
10,13333	33,25
10,15000	33,26
10,16667	33,26
10,18333	33,26
10,20000	33,26
10,21667	33,26
10,23333	33,27
10,25000	33,27
10,26667	33,27
10,28333	33,27
10,30000	33,27
10,31667	33,27
10,33333	33,27
10,35000	33,27
10,36667	33,27
10,38333	33,26
10,40000	33,26
10,41667	33,26
10,43333	33,26
10,45000	33,26
10,46667	33,27
10,48333	33,27
10,50000	33,27
10,51667	33,27
10,53333	33,27
10,55000	33,27
10,56667	33,26
10,58333	33,26
10,60000	33,26
10,61667	33,26
10,63333	33,26
10,65000	33,26
10,66667	33,27
10,68333	33,27
10,70000	33,27
10,71667	33,27
10,73333	33,27
10,75000	33,27
10,76667	33,27
10,78333	33,28
10,80000	33,28
10,81667	33,28
10,83333	33,28
10,85000	33,28
10,86667	33,28
10,88333	33,28
10,90000	33,28
10,91667	33,29
10,93333	33,29
10,95000	33,29
10,96667	33,29
10,98333	33,29
11,00000	33,29
11,01667	33,29
11,03333	33,29
11,05000	33,29
11,06667	33,29
11,08333	33,29
11,10000	33,29
11,11667	33,29
11,13333	33,28
11,15000	33,28
11,16667	33,28
11,18333	33,28
11,20000	33,28
11,21667	33,28
11,23333	33,28
11,25000	33,28
11,26667	33,28
11,28333	33,28
11,30000	33,28
11,31667	33,27
11,33333	33,27
11,35000	33,27
11,36667	33,27
11,38333	33,27
11,40000	33,26
11,41667	33,26
11,43333	33,26
11,45000	33,26
11,46667	33,26
11,48333	33,26
11,50000	33,26
11,51667	33,26
11,53333	33,26
11,55000	33,26
11,56667	33,26
11,58333	33,26
11,60000	33,26
11,61667	33,26
11,63333	33,26
11,65000	33,26
11,66667	33,26
11,68333	33,26
11,70000	33,26
11,71667	33,26
11,73333	33,26
11,75000	33,26
11,76667	33,26
11,78333	33,26
11,80000	33,26
11,81667	33,26
11,83333	33,26
11,85000	33,26
11,86667	33,26
11,88333	33,26
11,90000	33,26
11,91667	33,27
11,93333	33,27
11,95000	33,27
11,96667	33,27
11,98333	33,27
12,00000	33,27
12,01667	33,27
12,03333	33,27
12,05000	33,27
12,06667	33,28
12,08333	33,28
12,10000	33,28
12,11667	33,28
12,13333	33,28
12,15000	33,28
12,16667	33,27
12,18333	33,27
12,20000	33,27
12,21667	33,27
12,23333	33,27
12,25000	33,27
12,26667	33,27
12,28333	33,27
12,30000	33,27
12,31667	33,27
12,33333	33,27
12,35000	33,27
12,36667	33,27
12,38333	33,27
12,40000	33,27
12,41667	33,27
12,43333	33,27
12,45000	33,27
12,46667	33,27
12,48333	33,27
12,50000	33,27
12,51667	33,27
12,53333	33,27
12,55000	33,26
12,56667	33,26
12,58333	33,26
12,60000	33,26
12,61667	33,26
12,63333	33,26
12,65000	33,26
12,66667	33,26
12,68333	33,26
12,70000	33,27
12,71667	33,27
12,73333	33,27
12,75000	33,27
12,76667	33,28
12,78333	33,28
12,80000	33,28
12,81667	33,28
12,83333	33,28
12,85000	33,28
12,86667	33,28
12,88333	33,28
12,90000	33,28
12,91667	33,28
12,93333	33,28
12,95000	33,28
12,96667	33,27
12,98333	33,27
13,00000	33,27
13,01667	33,27
13,03333	33,27
13,05000	33,27
13,06667	33,27
13,08333	33,27
13,10000	33,27
13,11667	33,27
13,13333	33,27
13,15000	33,27
13,16667	33,27
13,18333	33,27
13,20000	33,27
13,21667	33,26
13,23333	33,26
13,25000	33,26
13,26667	33,26
13,28333	33,25
13,30000	33,25
13,31667	33,25
13,33333	33,25
13,35000	33,25
13,36667	33,24
13,38333	33,24
13,40000	33,24
13,41667	33,24
13,43333	33,24
13,45000	33,24
13,46667	33,24
13,48333	33,24
13,50000	33,24
13,51667	33,24
13,53333	33,24
13,55000	33,24
13,56667	33,24
13,58333	33,24
13,60000	33,24
13,61667	33,24
13,63333	33,25
13,65000	33,25
13,66667	33,25
13,68333	33,25
13,70000	33,25
13,71667	33,25
13,73333	33,25
13,75000	33,25
13,76667	33,25
13,78333	33,25
13,80000	33,25
13,81667	33,25
13,83333	33,25
13,85000	33,25
13,86667	33,25
13,88333	33,25
13,90000	33,25
13,91667	33,24
13,93333	33,24
13,95000	33,24
13,96667	33,24
13,98333	33,24
14,00000	33,24
14,01667	33,24
14,03333	33,24
14,05000	33,24
14,06667	33,24
14,08333	33,24
14,10000	33,24
14,11667	33,24
14,13333	33,24
14,15000	33,24
14,16667	33,24
14,18333	33,24
14,20000	33,24
14,21667	33,24
14,23333	33,23
14,25000	33,23
14,26667	33,23
14,28333	33,23
14,30000	33,23
14,31667	33,23
14,33333	33,24
14,35000	33,24
14,36667	33,24
14,38333	33,24
14,40000	33,24
14,41667	33,24
14,43333	33,24
14,45000	33,24
14,46667	33,23
14,48333	33,23
14,50000	33,23
14,51667	33,23
14,53333	33,23
14,55000	33,23
14,56667	33,23
14,58333	33,23
14,60000	33,23
14,61667	33,23
14,63333	33,23
14,65000	33,23
14,66667	33,23
14,68333	33,23
14,70000	33,23
14,71667	33,23
14,73333	33,23
14,75000	33,23
14,76667	33,23
14,78333	33,24
14,80000	33,24
14,81667	33,24
14,83333	33,24
14,85000	33,24
14,86667	33,24
14,88333	33,24
14,90000	33,24
14,91667	33,24
14,93333	33,24
14,95000	33,24
14,96667	33,24
14,98333	33,24
15,00000	33,24
15,01667	33,24
15,03333	33,25
15,05000	33,25
15,06667	33,25
15,08333	33,25
15,10000	33,25
15,11667	33,25
15,13333	33,24
15,15000	33,24
15,16667	33,24
15,18333	33,24
15,20000	33,24
15,21667	33,24
15,23333	33,24
15,25000	33,24
15,26667	33,24
15,28333	33,24
15,30000	33,24
15,31667	33,24
15,33333	33,24
15,35000	33,24
15,36667	33,24
15,38333	33,24
15,40000	33,24
15,41667	33,25
15,43333	33,25
15,45000	33,25
15,46667	33,25
15,48333	33,25
15,50000	33,25
15,51667	33,25
15,53333	33,24
15,55000	33,24
15,56667	33,24
15,58333	33,24
15,60000	33,24
15,61667	33,24
15,63333	33,24
15,65000	33,25
15,66667	33,25
15,68333	33,25
15,70000	33,25
15,71667	33,25
15,73333	33,25
15,75000	33,25
15,76667	33,25
15,78333	33,25
15,80000	33,25
15,81667	33,25
15,83333	33,24
15,85000	33,24
15,86667	33,24
15,88333	33,24
15,90000	33,24
15,91667	33,24
15,93333	33,24
15,95000	33,24
15,96667	33,24
15,98333	33,24
16,00000	33,24
16,01667	33,24
16,03333	33,24
16,05000	33,23
16,06667	33,23
16,08333	33,23
16,10000	33,23
16,11667	33,23
16,13333	33,23
16,15000	33,22
16,16667	33,22
16,18333	33,22
16,20000	33,22
16,21667	33,21
16,23333	33,21
16,25000	33,21
16,26667	33,21
16,28333	33,20
16,30000	33,20
16,31667	33,20
16,33333	33,20
16,35000	33,20
16,36667	33,20
16,38333	33,20
16,40000	33,20
16,41667	33,20
16,43333	33,20
16,45000	33,20
16,46667	33,20
16,48333	33,20
16,50000	33,20
16,51667	33,20
16,53333	33,20
16,55000	33,20
16,56667	33,19
16,58333	33,19
16,60000	33,19
16,61667	33,19
16,63333	33,19
16,65000	33,19
16,66667	33,20
16,68333	33,20
16,70000	33,20
16,71667	33,20
16,73333	33,20
16,75000	33,20
16,76667	33,20
16,78333	33,20
16,80000	33,20
16,81667	33,20
16,83333	33,20
16,85000	33,20
16,86667	33,20
16,88333	33,21
16,90000	33,21
16,91667	33,21
16,93333	33,21
16,95000	33,21
16,96667	33,22
16,98333	33,22
17,00000	33,22
17,01667	33,22
17,03333	33,22
17,05000	33,22
17,06667	33,22
17,08333	33,22
17,10000	33,22
17,11667	33,22
17,13333	33,22
17,15000	33,22
17,16667	33,22
17,18333	33,22
17,20000	33,22
17,21667	33,22
17,23333	33,22
17,25000	33,23
17,26667	33,23
17,28333	33,23
17,30000	33,23
17,31667	33,23
17,33333	33,23
17,35000	33,23
17,36667	33,23
17,38333	33,23
17,40000	33,23
17,41667	33,23
17,43333	33,24
17,45000	33,24
17,46667	33,24
17,48333	33,24
17,50000	33,24
17,51667	33,25
17,53333	33,25
17,55000	33,25
17,56667	33,25
17,58333	33,25
17,60000	33,25
17,61667	33,25
17,63333	33,25
17,65000	33,25
17,66667	33,25
17,68333	33,25
17,70000	33,25
17,71667	33,26
17,73333	33,26
17,75000	33,26
17,76667	33,26
17,78333	33,26
17,80000	33,26
17,81667	33,26
17,83333	33,27
17,85000	33,27
17,86667	33,27
17,88333	33,27
17,90000	33,27
17,91667	33,28
17,93333	33,28
17,95000	33,28
17,96667	33,28
17,98333	33,27
18,00000	33,27
18,01667	33,27
18,03333	33,27
18,05000	33,27
18,06667	33,26
18,08333	33,26
18,10000	33,26
18,11667	33,26
18,13333	33,26
18,15000	33,26
18,16667	33,26
18,18333	33,26
18,20000	33,26
18,21667	33,26
18,23333	33,26
18,25000	33,26
18,26667	33,26
18,28333	33,26
18,30000	33,26
18,31667	33,26
18,33333	33,26
18,35000	33,26
18,36667	33,26
18,38333	33,26
18,40000	33,26
18,41667	33,26
18,43333	33,26
18,45000	33,26
18,46667	33,25
18,48333	33,25
18,50000	33,25
18,51667	33,25
18,53333	33,25
18,55000	33,25
18,56667	33,25
18,58333	33,25
18,60000	33,26
18,61667	33,26
18,63333	33,26
18,65000	33,26
18,66667	33,26
18,68333	33,26
18,70000	33,26
18,71667	33,26
18,73333	33,26
18,75000	33,26
18,76667	33,26
18,78333	33,26
18,80000	33,26
18,81667	33,27
18,83333	33,27
18,85000	33,27
18,86667	33,27
18,88333	33,27
18,90000	33,27
18,91667	33,27
18,93333	33,27
18,95000	33,27
18,96667	33,27
18,98333	33,27
19,00000	33,27
19,01667	33,27
19,03333	33,27
19,05000	33,27
19,06667	33,27
19,08333	33,27
19,10000	33,27
19,11667	33,27
19,13333	33,26
19,15000	33,26
19,16667	33,26
19,18333	33,26
19,20000	33,26
19,21667	33,26
19,23333	33,26
19,25000	33,26
19,26667	33,26
19,28333	33,26
19,30000	33,27
19,31667	33,27
19,33333	33,27
19,35000	33,28
19,36667	33,28
19,38333	33,28
19,40000	33,29
19,41667	33,29
19,43333	33,29
19,45000	33,29
19,46667	33,28
19,48333	33,28
19,50000	33,28
19,51667	33,27
19,53333	33,26
19,55000	33,26
19,56667	33,26
19,58333	33,26
19,60000	33,26
19,61667	33,25
19,63333	33,25
19,65000	33,25
19,66667	33,24
19,68333	33,24
19,70000	33,24
19,71667	33,23
19,73333	33,23
19,75000	33,23
19,76667	33,22
19,78333	33,22
19,80000	33,22
19,81667	33,22
19,83333	33,22
19,85000	33,21
19,86667	33,21
19,88333	33,21
19,90000	33,21
19,91667	33,21
19,93333	33,21
19,95000	33,21
19,96667	33,21
19,98333	33,21
20,00000	33,21
20,01667	33,21
20,03333	33,21
20,05000	33,21
20,06667	33,22
20,08333	33,22
20,10000	33,22
20,11667	33,22
20,13333	33,22
20,15000	33,22
20,16667	33,22
20,18333	33,22
20,20000	33,22
20,21667	33,22
20,23333	33,21
20,25000	33,21
20,26667	33,21
20,28333	33,21
20,30000	33,21
20,31667	33,21
20,33333	33,21
20,35000	33,21
20,36667	33,21
20,38333	33,21
20,40000	33,21
20,41667	33,21
20,43333	33,21
20,45000	33,21
20,46667	33,21
20,48333	33,21
20,50000	33,21
20,51667	33,21
20,53333	33,21
20,55000	33,21
20,56667	33,21
20,58333	33,21
20,60000	33,21
20,61667	33,21
20,63333	33,21
20,65000	33,21
20,66667	33,21
20,68333	33,21
20,70000	33,20
20,71667	33,20
20,73333	33,21
20,75000	33,21
20,76667	33,21
20,78333	33,21
20,80000	33,21
20,81667	33,22
20,83333	33,22
20,85000	33,22
20,86667	33,23
20,88333	33,23
20,90000	33,23
20,91667	33,23
20,93333	33,23
20,95000	33,23
20,96667	33,22
20,98333	33,22
21,00000	33,22
21,01667	33,22
21,03333	33,22
21,05000	33,22
21,06667	33,23
21,08333	33,23
21,10000	33,23
21,11667	33,23
21,13333	33,23
21,15000	33,23
21,16667	33,24
21,18333	33,24
21,20000	33,24
21,21667	33,24
21,23333	33,24
21,25000	33,24
21,26667	33,24
21,28333	33,24
21,30000	33,24
21,31667	33,24
21,33333	33,24
21,35000	33,24
21,36667	33,24
21,38333	33,24
21,40000	33,24
21,41667	33,23
21,43333	33,23
21,45000	33,23
21,46667	33,23
21,48333	33,23
21,50000	33,23
21,51667	33,23
21,53333	33,23
21,55000	33,23
21,56667	33,23
21,58333	33,23
21,60000	33,23
21,61667	33,23
21,63333	33,23
21,65000	33,23
21,66667	33,23
21,68333	33,23
21,70000	33,23
21,71667	33,23
21,73333	33,23
21,75000	33,23
21,76667	33,23
21,78333	33,23
21,80000	33,23
21,81667	33,23
21,83333	33,24
21,85000	33,24
21,86667	33,24
21,88333	33,24
21,90000	33,24
21,91667	33,24
21,93333	33,24
21,95000	33,25
21,96667	33,25
21,98333	33,25
22,00000	33,25
22,01667	33,25
22,03333	33,25
22,05000	33,25
22,06667	33,26
22,08333	33,26
22,10000	33,26
22,11667	33,27
22,13333	33,27
22,15000	33,27
22,16667	33,27
22,18333	33,27
22,20000	33,27
22,21667	33,27
22,23333	33,27
22,25000	33,27
22,26667	33,27
22,28333	33,27
22,30000	33,28
22,31667	33,28
22,33333	33,27
22,35000	33,27
22,36667	33,27
22,38333	33,27
22,40000	33,27
22,41667	33,27
22,43333	33,26
22,45000	33,26
22,46667	33,26
22,48333	33,27
22,50000	33,27
22,51667	33,27
22,53333	33,27
22,55000	33,27
22,56667	33,27
22,58333	33,27
22,60000	33,27
22,61667	33,27
22,63333	33,27
22,65000	33,27
22,66667	33,27
22,68333	33,27
22,70000	33,27
22,71667	33,27
22,73333	33,27
22,75000	33,27
22,76667	33,27
22,78333	33,27
22,80000	33,27
22,81667	33,27
22,83333	33,27
22,85000	33,27
22,86667	33,27
22,88333	33,27
22,90000	33,27
22,91667	33,27
22,93333	33,27
22,95000	33,27
22,96667	33,27
22,98333	33,27
23,00000	33,27
23,01667	33,27
23,03333	33,27
23,05000	33,27
23,06667	33,28
23,08333	33,28
23,10000	33,28
23,11667	33,29
23,13333	33,29
23,15000	33,29
23,16667	33,30
23,18333	33,30
23,20000	33,30
23,21667	33,30
23,23333	33,30
23,25000	33,30
23,26667	33,30
23,28333	33,30
23,30000	33,30
23,31667	33,30
23,33333	33,30
23,35000	33,30
23,36667	33,30
23,38333	33,31
23,40000	33,31
23,41667	33,31
23,43333	33,31
23,45000	33,31
23,46667	33,31
23,48333	33,31
23,50000	33,31
23,51667	33,31
23,53333	33,31
23,55000	33,31
23,56667	33,31
23,58333	33,31
23,60000	33,31
23,61667	33,31
23,63333	33,30
23,65000	33,30
23,66667	33,30
23,68333	33,29
23,70000	33,29
23,71667	33,29
23,73333	33,28
23,75000	33,28
23,76667	33,27
23,78333	33,26
23,80000	33,26
23,81667	33,26
23,83333	33,26
23,85000	33,26
23,86667	33,25
23,88333	33,25
23,90000	33,25
23,91667	33,25
23,93333	33,25
23,95000	33,26
23,96667	33,26
23,98333	33,26
24,00000	33,26
24,01667	33,26
24,03333	33,26
24,05000	33,26
24,06667	33,26
24,08333	33,27
24,10000	33,27
24,11667	33,27
24,13333	33,27
24,15000	33,27
24,16667	33,27
24,18333	33,27
24,20000	33,27
24,21667	33,27
24,23333	33,27
24,25000	33,27
24,26667	33,27
24,28333	33,27
24,30000	33,27
24,31667	33,27
24,33333	33,27
24,35000	33,27
24,36667	33,27
24,38333	33,27
24,40000	33,27
24,41667	33,27
24,43333	33,27
24,45000	33,27
24,46667	33,27
24,48333	33,27
24,50000	33,27
24,51667	33,27
24,53333	33,27
24,55000	33,27
24,56667	33,27
24,58333	33,28
24,60000	33,28
24,61667	33,28
24,63333	33,28
24,65000	33,28
24,66667	33,28
24,68333	33,28
24,70000	33,28
24,71667	33,29
24,73333	33,29
24,75000	33,29
24,76667	33,29
24,78333	33,29
24,80000	33,29
24,81667	33,29
24,83333	33,29
24,85000	33,29
24,86667	33,29
24,88333	33,29
24,90000	33,29
24,91667	33,29
24,93333	33,29
24,95000	33,29
24,96667	33,29
24,98333	33,29
25,00000	33,29
25,01667	33,29
25,03333	33,29
25,05000	33,29
25,06667	33,29
25,08333	33,30
25,10000	33,30
25,11667	33,30
25,13333	33,30
25,15000	33,30
25,16667	33,30
25,18333	33,30
25,20000	33,30
25,21667	33,30
25,23333	33,31
25,25000	33,31
25,26667	33,31
25,28333	33,31
25,30000	33,31
25,31667	33,31
25,33333	33,30
25,35000	33,30
25,36667	33,30
25,38333	33,30
25,40000	33,30
25,41667	33,30
25,43333	33,30
25,45000	33,30
25,46667	33,30
25,48333	33,30
25,50000	33,30
25,51667	33,30
25,53333	33,30
25,55000	33,30
25,56667	33,30
25,58333	33,30
25,60000	33,29
25,61667	33,29
25,63333	33,29
25,65000	33,28
25,66667	33,27
25,68333	33,27
25,70000	33,27
25,71667	33,27
25,73333	33,27
25,75000	33,27
25,76667	33,27
25,78333	33,27
25,80000	33,27
25,81667	33,27
25,83333	33,27
25,85000	33,27
25,86667	33,28
25,88333	33,28
25,90000	33,28
25,91667	33,28
25,93333	33,28
25,95000	33,28
25,96667	33,29
25,98333	33,29
26,00000	33,29
26,01667	33,29
26,03333	33,29
26,05000	33,29
26,06667	33,29
26,08333	33,29
26,10000	33,29
26,11667	33,30
26,13333	33,30
26,15000	33,30
26,16667	33,30
26,18333	33,30
26,20000	33,30
26,21667	33,30
26,23333	33,30
26,25000	33,30
26,26667	33,30
26,28333	33,30
26,30000	33,30
26,31667	33,30
26,33333	33,30
26,35000	33,30
26,36667	33,31
26,38333	33,31
26,40000	33,31
26,41667	33,32
26,43333	33,32
26,45000	33,32
26,46667	33,32
26,48333	33,32
26,50000	33,32
26,51667	33,32
26,53333	33,32
26,55000	33,32
26,56667	33,32
26,58333	33,32
26,60000	33,32
26,61667	33,33
26,63333	33,33
26,65000	33,33
26,66667	33,33
26,68333	33,32
26,70000	33,32
26,71667	33,32
26,73333	33,32
26,75000	33,32
26,76667	33,31
26,78333	33,31
26,80000	33,31
26,81667	33,31
26,83333	33,31
26,85000	33,31
26,86667	33,31
26,88333	33,31
26,90000	33,31
26,91667	33,31
26,93333	33,31
26,95000	33,31
26,96667	33,31
26,98333	33,31
27,00000	33,31
27,01667	33,31
27,03333	33,31
27,05000	33,30
27,06667	33,30
27,08333	33,30
27,10000	33,29
27,11667	33,29
27,13333	33,29
27,15000	33,29
27,16667	33,29
27,18333	33,28
27,20000	33,28
27,21667	33,28
27,23333	33,28
27,25000	33,28
27,26667	33,28
27,28333	33,28
27,30000	33,28
27,31667	33,28
27,33333	33,28
27,35000	33,28
27,36667	33,27
27,38333	33,27
27,40000	33,27
27,41667	33,27
27,43333	33,27
27,45000	33,27
27,46667	33,27
27,48333	33,27
27,50000	33,27
27,51667	33,27
27,53333	33,28
27,55000	33,28
27,56667	33,28
27,58333	33,29
27,60000	33,29
27,61667	33,29
27,63333	33,29
27,65000	33,29
27,66667	33,29
27,68333	33,29
27,70000	33,29
27,71667	33,29
27,73333	33,29
27,75000	33,29
27,76667	33,29
27,78333	33,29
27,80000	33,29
27,81667	33,29
27,83333	33,29
27,85000	33,28
27,86667	33,28
27,88333	33,28
27,90000	33,27
27,91667	33,27
27,93333	33,27
27,95000	33,27
27,96667	33,27
27,98333	33,27
28,00000	33,27
28,01667	33,26
28,03333	33,26
28,05000	33,26
28,06667	33,26
28,08333	33,26
28,10000	33,26
28,11667	33,26
28,13333	33,26
28,15000	33,26
28,16667	33,26
28,18333	33,27
28,20000	33,27
28,21667	33,27
28,23333	33,27
28,25000	33,27
28,26667	33,27
28,28333	33,27
28,30000	33,27
28,31667	33,27
28,33333	33,27
28,35000	33,28
28,36667	33,28
28,38333	33,28
28,40000	33,28
28,41667	33,28
28,43333	33,27
28,45000	33,27
28,46667	33,27
28,48333	33,27
28,50000	33,27
28,51667	33,27
28,53333	33,27
28,55000	33,28
28,56667	33,28
28,58333	33,28
28,60000	33,28
28,61667	33,28
28,63333	33,28
28,65000	33,29
28,66667	33,29
28,68333	33,29
28,70000	33,29
28,71667	33,29
28,73333	33,29
28,75000	33,29
28,76667	33,29
28,78333	33,29
28,80000	33,29
28,81667	33,29
28,83333	33,29
28,85000	33,29
28,86667	33,29
28,88333	33,28
28,90000	33,28
28,91667	33,28
28,93333	33,28
28,95000	33,28
28,96667	33,28
28,98333	33,28
29,00000	33,28
29,01667	33,28
29,03333	33,28
29,05000	33,28
29,06667	33,28
29,08333	33,28
29,10000	33,28
29,11667	33,28
29,13333	33,28
29,15000	33,28
29,16667	33,28
29,18333	33,28
29,20000	33,28
29,21667	33,28
29,23333	33,28
29,25000	33,28
29,26667	33,28
29,28333	33,27
29,30000	33,27
29,31667	33,27
29,33333	33,26
29,35000	33,26
29,36667	33,25
29,38333	33,25
29,40000	33,25
29,41667	33,25
29,43333	33,24
29,45000	33,24
29,46667	33,24
29,48333	33,24
29,50000	33,24
29,51667	33,24
29,53333	33,24
29,55000	33,24
29,56667	33,24
29,58333	33,24
29,60000	33,24
29,61667	33,24
29,63333	33,24
29,65000	33,24
29,66667	33,24
29,68333	33,24
29,70000	33,24
29,71667	33,25
29,73333	33,25
29,75000	33,25
29,76667	33,25
29,78333	33,25
29,80000	33,25
29,81667	33,25
29,83333	33,25
29,85000	33,25
29,86667	33,25
29,88333	33,25
29,90000	33,25
29,91667	33,25
29,93333	33,25
29,95000	33,25
29,96667	33,25
29,98333	33,25
30,00000	33,25
30,01667	33,25
30,03333	33,25
30,05000	33,25
30,06667	33,25
30,08333	33,25
30,10000	33,25
30,11667	33,25
30,13333	33,25
30,15000	33,25
30,16667	33,25
30,18333	33,25
30,20000	33,25
30,21667	33,25
30,23333	33,25
30,25000	33,25
30,26667	33,25
30,28333	33,25
30,30000	33,25
30,31667	33,25
30,33333	33,25
30,35000	33,26
30,36667	33,26
30,38333	33,26
30,40000	33,26
30,41667	33,26
30,43333	33,26
30,45000	33,26
30,46667	33,27
30,48333	33,27
30,50000	33,27
30,51667	33,27
30,53333	33,27
30,55000	33,27
30,56667	33,27
30,58333	33,27
30,60000	33,27
30,61667	33,27
30,63333	33,27
30,65000	33,27
30,66667	33,27
30,68333	33,27
30,70000	33,27
30,71667	33,27
30,73333	33,27
30,75000	33,27
30,76667	33,27
30,78333	33,27
30,80000	33,27
30,81667	33,27
30,83333	33,27
30,85000	33,27
30,86667	33,27
30,88333	33,27
30,90000	33,27
30,91667	33,27
30,93333	33,27
30,95000	33,27
30,96667	33,26
30,98333	33,26
31,00000	33,26
31,01667	33,26
31,03333	33,26
31,05000	33,26
31,06667	33,26
31,08333	33,26
31,10000	33,26
31,11667	33,26
31,13333	33,26
31,15000	33,26
31,16667	33,26
31,18333	33,26
31,20000	33,26
31,21667	33,26
31,23333	33,26
31,25000	33,26
31,26667	33,26
31,28333	33,26
31,30000	33,26
31,31667	33,26
31,33333	33,26
31,35000	33,26
31,36667	33,26
31,38333	33,26
31,40000	33,26
31,41667	33,27
31,43333	33,27
31,45000	33,27
31,46667	33,27
31,48333	33,27
31,50000	33,27
31,51667	33,27
31,53333	33,27
31,55000	33,26
31,56667	33,26
31,58333	33,26
31,60000	33,27
31,61667	33,27
31,63333	33,26
31,65000	33,26
31,66667	33,26
31,68333	33,26
31,70000	33,26
31,71667	33,26
31,73333	33,26
31,75000	33,26
31,76667	33,27
31,78333	33,27
31,80000	33,27
31,81667	33,27
31,83333	33,26
31,85000	33,26
31,86667	33,26
31,88333	33,26
31,90000	33,26
31,91667	33,26
31,93333	33,26
31,95000	33,26
31,96667	33,26
31,98333	33,26
32,00000	33,25

[LC Status Trace(PDA Cell Temp.)]
Interval(msec)	1000
# of Points	1921
Start Time(min)	0,000
End Time(min)	32,000
Intensity Units	C
Intensity Multiplier	1
R.Time (min)	Intensity
0,00000	49,99
0,01667	49,99
0,03333	49,99
0,05000	49,99
0,06667	50,00
0,08333	50,00
0,10000	50,00
0,11667	50,00
0,13333	50,00
0,15000	50,00
0,16667	50,00
0,18333	50,00
0,20000	50,00
0,21667	50,00
0,23333	50,00
0,25000	50,00
0,26667	50,00
0,28333	50,00
0,30000	49,99
0,31667	49,99
0,33333	49,99
0,35000	49,99
0,36667	49,99
0,38333	49,99
0,40000	49,99
0,41667	49,99
0,43333	49,99
0,45000	49,99
0,46667	49,99
0,48333	49,99
0,50000	49,99
0,51667	49,99
0,53333	49,99
0,55000	49,99
0,56667	49,99
0,58333	49,99
0,60000	49,99
0,61667	49,99
0,63333	49,99
0,65000	49,99
0,66667	49,99
0,68333	50,00
0,70000	50,00
0,71667	50,00
0,73333	50,00
0,75000	50,00
0,76667	50,00
0,78333	50,00
0,80000	50,00
0,81667	50,00
0,83333	50,00
0,85000	50,00
0,86667	50,00
0,88333	50,00
0,90000	50,00
0,91667	50,00
0,93333	49,99
0,95000	49,99
0,96667	49,99
0,98333	49,99
1,00000	49,99
1,01667	49,99
1,03333	49,99
1,05000	49,99
1,06667	49,99
1,08333	49,99
1,10000	49,99
1,11667	49,99
1,13333	49,99
1,15000	49,99
1,16667	49,99
1,18333	49,99
1,20000	49,99
1,21667	49,99
1,23333	49,99
1,25000	49,99
1,26667	50,00
1,28333	50,00
1,30000	50,00
1,31667	50,00
1,33333	50,00
1,35000	50,00
1,36667	50,00
1,38333	50,00
1,40000	50,00
1,41667	50,00
1,43333	50,00
1,45000	49,99
1,46667	49,99
1,48333	50,00
1,50000	49,99
1,51667	49,99
1,53333	49,99
1,55000	49,99
1,56667	49,99
1,58333	49,99
1,60000	49,99
1,61667	49,99
1,63333	49,99
1,65000	49,99
1,66667	49,99
1,68333	49,99
1,70000	49,99
1,71667	49,99
1,73333	49,99
1,75000	49,99
1,76667	49,99
1,78333	49,99
1,80000	49,99
1,81667	49,99
1,83333	49,99
1,85000	50,00
1,86667	50,00
1,88333	50,00
1,90000	50,00
1,91667	50,00
1,93333	50,00
1,95000	50,00
1,96667	50,00
1,98333	50,00
2,00000	50,00
2,01667	50,00
2,03333	50,00
2,05000	50,00
2,06667	50,00
2,08333	50,00
2,10000	50,00
2,11667	50,00
2,13333	50,00
2,15000	50,00
2,16667	50,00
2,18333	50,00
2,20000	50,00
2,21667	50,00
2,23333	50,00
2,25000	50,00
2,26667	50,00
2,28333	49,99
2,30000	49,99
2,31667	49,99
2,33333	49,99
2,35000	49,99
2,36667	49,99
2,38333	49,99
2,40000	49,99
2,41667	49,99
2,43333	49,99
2,45000	49,99
2,46667	49,99
2,48333	49,99
2,50000	49,99
2,51667	49,99
2,53333	49,99
2,55000	49,99
2,56667	50,00
2,58333	49,99
2,60000	50,00
2,61667	50,00
2,63333	50,00
2,65000	50,00
2,66667	50,00
2,68333	50,00
2,70000	50,00
2,71667	50,00
2,73333	50,00
2,75000	50,00
2,76667	50,00
2,78333	50,00
2,80000	50,00
2,81667	50,00
2,83333	50,00
2,85000	50,00
2,86667	50,00
2,88333	50,00
2,90000	50,00
2,91667	50,00
2,93333	50,00
2,95000	50,00
2,96667	50,00
2,98333	50,00
3,00000	50,00
3,01667	50,00
3,03333	50,00
3,05000	50,00
3,06667	50,00
3,08333	50,00
3,10000	50,00
3,11667	50,00
3,13333	50,00
3,15000	49,99
3,16667	50,00
3,18333	50,00
3,20000	50,00
3,21667	50,00
3,23333	50,00
3,25000	50,00
3,26667	50,00
3,28333	50,00
3,30000	50,00
3,31667	50,00
3,33333	50,00
3,35000	50,00
3,36667	50,00
3,38333	50,00
3,40000	50,00
3,41667	50,00
3,43333	50,00
3,45000	50,00
3,46667	50,00
3,48333	50,00
3,50000	50,00
3,51667	50,00
3,53333	50,00
3,55000	50,00
3,56667	50,00
3,58333	50,00
3,60000	50,00
3,61667	50,00
3,63333	50,00
3,65000	50,00
3,66667	50,00
3,68333	50,00
3,70000	50,00
3,71667	50,00
3,73333	50,00
3,75000	50,00
3,76667	50,00
3,78333	50,00
3,80000	50,00
3,81667	50,00
3,83333	50,00
3,85000	50,00
3,86667	50,00
3,88333	50,00
3,90000	50,00
3,91667	50,00
3,93333	50,00
3,95000	50,00
3,96667	50,00
3,98333	50,00
4,00000	50,00
4,01667	50,00
4,03333	50,00
4,05000	50,00
4,06667	50,00
4,08333	50,00
4,10000	50,00
4,11667	50,00
4,13333	50,00
4,15000	50,00
4,16667	50,00
4,18333	50,00
4,20000	50,00
4,21667	50,00
4,23333	50,00
4,25000	50,00
4,26667	50,00
4,28333	50,00
4,30000	49,99
4,31667	49,99
4,33333	49,99
4,35000	49,99
4,36667	49,99
4,38333	49,99
4,40000	49,99
4,41667	49,99
4,43333	49,99
4,45000	49,99
4,46667	49,99
4,48333	49,99
4,50000	49,99
4,51667	49,99
4,53333	49,99
4,55000	49,99
4,56667	49,99
4,58333	49,99
4,60000	49,99
4,61667	49,99
4,63333	49,99
4,65000	49,99
4,66667	49,99
4,68333	49,99
4,70000	49,99
4,71667	49,99
4,73333	49,99
4,75000	49,99
4,76667	49,99
4,78333	49,99
4,80000	49,99
4,81667	49,99
4,83333	49,99
4,85000	49,99
4,86667	49,99
4,88333	49,99
4,90000	49,99
4,91667	49,99
4,93333	49,99
4,95000	49,99
4,96667	49,99
4,98333	49,99
5,00000	49,99
5,01667	49,99
5,03333	49,99
5,05000	49,99
5,06667	49,99
5,08333	49,99
5,10000	49,99
5,11667	49,99
5,13333	49,99
5,15000	49,99
5,16667	49,99
5,18333	49,99
5,20000	49,99
5,21667	50,00
5,23333	50,00
5,25000	50,00
5,26667	50,00
5,28333	50,00
5,30000	50,00
5,31667	50,00
5,33333	50,00
5,35000	50,00
5,36667	50,00
5,38333	50,00
5,40000	50,00
5,41667	50,00
5,43333	50,00
5,45000	50,00
5,46667	50,00
5,48333	50,00
5,50000	50,00
5,51667	50,00
5,53333	50,00
5,55000	50,00
5,56667	50,00
5,58333	50,00
5,60000	50,00
5,61667	50,00
5,63333	50,00
5,65000	50,00
5,66667	50,00
5,68333	50,00
5,70000	50,00
5,71667	50,00
5,73333	50,00
5,75000	50,00
5,76667	50,00
5,78333	50,00
5,80000	50,00
5,81667	50,00
5,83333	50,00
5,85000	50,00
5,86667	50,00
5,88333	50,00
5,90000	50,00
5,91667	50,00
5,93333	49,99
5,95000	49,99
5,96667	49,99
5,98333	49,99
6,00000	49,99
6,01667	49,99
6,03333	49,99
6,05000	49,99
6,06667	49,99
6,08333	49,99
6,10000	49,99
6,11667	49,99
6,13333	49,99
6,15000	49,99
6,16667	49,99
6,18333	49,99
6,20000	49,99
6,21667	49,99
6,23333	49,99
6,25000	49,99
6,26667	49,99
6,28333	50,00
6,30000	50,00
6,31667	50,00
6,33333	50,00
6,35000	50,00
6,36667	50,00
6,38333	50,00
6,40000	50,00
6,41667	50,00
6,43333	50,00
6,45000	50,00
6,46667	50,00
6,48333	50,00
6,50000	50,00
6,51667	50,00
6,53333	50,00
6,55000	50,00
6,56667	50,00
6,58333	50,00
6,60000	50,00
6,61667	50,00
6,63333	50,00
6,65000	50,00
6,66667	50,00
6,68333	50,00
6,70000	50,00
6,71667	50,00
6,73333	50,00
6,75000	50,00
6,76667	50,00
6,78333	50,00
6,80000	50,00
6,81667	50,00
6,83333	50,00
6,85000	50,00
6,86667	50,00
6,88333	50,00
6,90000	50,00
6,91667	50,00
6,93333	50,00
6,95000	50,00
6,96667	50,00
6,98333	50,00
7,00000	50,00
7,01667	50,00
7,03333	50,00
7,05000	50,00
7,06667	50,00
7,08333	50,00
7,10000	50,00
7,11667	50,00
7,13333	50,00
7,15000	50,00
7,16667	50,00
7,18333	50,00
7,20000	50,00
7,21667	50,00
7,23333	50,00
7,25000	50,00
7,26667	50,00
7,28333	50,00
7,30000	50,00
7,31667	50,00
7,33333	50,00
7,35000	50,00
7,36667	50,00
7,38333	50,00
7,40000	50,00
7,41667	50,00
7,43333	50,00
7,45000	50,00
7,46667	50,00
7,48333	50,00
7,50000	50,00
7,51667	50,00
7,53333	50,00
7,55000	50,00
7,56667	50,00
7,58333	50,00
7,60000	50,00
7,61667	50,00
7,63333	50,00
7,65000	50,00
7,66667	50,00
7,68333	50,00
7,70000	50,00
7,71667	50,00
7,73333	50,00
7,75000	50,00
7,76667	50,00
7,78333	50,00
7,80000	50,00
7,81667	49,99
7,83333	49,99
7,85000	49,99
7,86667	49,99
7,88333	49,99
7,90000	49,99
7,91667	49,99
7,93333	49,99
7,95000	49,99
7,96667	49,99
7,98333	49,99
8,00000	49,99
8,01667	50,00
8,03333	49,99
8,05000	50,00
8,06667	50,00
8,08333	50,00
8,10000	50,00
8,11667	50,00
8,13333	50,00
8,15000	50,00
8,16667	50,00
8,18333	50,00
8,20000	50,00
8,21667	50,00
8,23333	50,00
8,25000	50,00
8,26667	50,00
8,28333	50,00
8,30000	50,00
8,31667	50,00
8,33333	50,00
8,35000	50,00
8,36667	50,00
8,38333	50,00
8,40000	50,00
8,41667	50,00
8,43333	50,00
8,45000	50,00
8,46667	50,00
8,48333	50,00
8,50000	50,00
8,51667	50,00
8,53333	50,00
8,55000	50,00
8,56667	50,00
8,58333	50,00
8,60000	50,00
8,61667	50,00
8,63333	50,00
8,65000	50,00
8,66667	50,00
8,68333	50,00
8,70000	50,00
8,71667	50,00
8,73333	50,00
8,75000	50,00
8,76667	50,00
8,78333	50,00
8,80000	50,00
8,81667	50,00
8,83333	50,00
8,85000	50,00
8,86667	50,00
8,88333	50,00
8,90000	49,99
8,91667	49,99
8,93333	49,99
8,95000	49,99
8,96667	49,99
8,98333	49,99
9,00000	49,99
9,01667	49,99
9,03333	50,00
9,05000	50,00
9,06667	50,00
9,08333	50,00
9,10000	50,00
9,11667	50,00
9,13333	50,00
9,15000	50,00
9,16667	50,00
9,18333	50,00
9,20000	50,00
9,21667	50,00
9,23333	50,00
9,25000	50,00
9,26667	50,00
9,28333	50,00
9,30000	50,00
9,31667	50,00
9,33333	50,00
9,35000	50,00
9,36667	50,00
9,38333	50,00
9,40000	50,00
9,41667	50,00
9,43333	50,00
9,45000	50,00
9,46667	50,00
9,48333	50,00
9,50000	50,00
9,51667	50,00
9,53333	50,00
9,55000	50,00
9,56667	50,00
9,58333	50,00
9,60000	50,00
9,61667	50,00
9,63333	50,00
9,65000	50,00
9,66667	50,00
9,68333	50,00
9,70000	50,00
9,71667	50,00
9,73333	50,00
9,75000	50,00
9,76667	50,00
9,78333	50,00
9,80000	50,00
9,81667	50,00
9,83333	50,00
9,85000	50,00
9,86667	50,00
9,88333	50,00
9,90000	50,00
9,91667	50,00
9,93333	50,00
9,95000	50,00
9,96667	50,00
9,98333	50,00
10,00000	50,00
10,01667	49,99
10,03333	49,99
10,05000	49,99
10,06667	49,99
10,08333	49,99
10,10000	50,00
10,11667	50,00
10,13333	50,00
10,15000	50,00
10,16667	50,00
10,18333	50,00
10,20000	50,00
10,21667	50,00
10,23333	50,00
10,25000	50,00
10,26667	50,00
10,28333	50,00
10,30000	50,00
10,31667	50,00
10,33333	50,00
10,35000	50,00
10,36667	50,00
10,38333	50,00
10,40000	50,00
10,41667	50,00
10,43333	50,00
10,45000	50,00
10,46667	50,00
10,48333	50,00
10,50000	50,00
10,51667	50,00
10,53333	50,00
10,55000	50,00
10,56667	50,00
10,58333	50,00
10,60000	50,00
10,61667	50,00
10,63333	50,00
10,65000	50,00
10,66667	50,00
10,68333	50,00
10,70000	50,00
10,71667	50,00
10,73333	50,00
10,75000	50,00
10,76667	50,00
10,78333	50,00
10,80000	50,00
10,81667	50,00
10,83333	50,00
10,85000	50,00
10,86667	50,00
10,88333	50,00
10,90000	50,00
10,91667	50,00
10,93333	50,00
10,95000	50,00
10,96667	50,00
10,98333	50,00
11,00000	50,00
11,01667	50,00
11,03333	50,00
11,05000	50,00
11,06667	50,00
11,08333	50,00
11,10000	50,00
11,11667	50,00
11,13333	50,00
11,15000	50,00
11,16667	50,00
11,18333	50,00
11,20000	50,00
11,21667	50,00
11,23333	50,00
11,25000	50,00
11,26667	50,00
11,28333	50,00
11,30000	50,00
11,31667	50,00
11,33333	50,00
11,35000	50,00
11,36667	50,00
11,38333	50,00
11,40000	50,00
11,41667	50,00
11,43333	50,00
11,45000	50,00
11,46667	50,00
11,48333	50,00
11,50000	50,00
11,51667	50,00
11,53333	50,00
11,55000	50,00
11,56667	50,00
11,58333	50,00
11,60000	50,00
11,61667	50,00
11,63333	50,00
11,65000	50,00
11,66667	50,00
11,68333	50,00
11,70000	50,00
11,71667	50,00
11,73333	50,00
11,75000	50,00
11,76667	50,00
11,78333	50,00
11,80000	50,00
11,81667	50,00
11,83333	50,00
11,85000	50,00
11,86667	50,00
11,88333	50,00
11,90000	50,00
11,91667	50,00
11,93333	50,00
11,95000	50,00
11,96667	50,00
11,98333	50,00
12,00000	50,00
12,01667	50,00
12,03333	50,00
12,05000	50,00
12,06667	50,00
12,08333	50,00
12,10000	50,00
12,11667	50,00
12,13333	50,00
12,15000	50,00
12,16667	50,00
12,18333	50,00
12,20000	50,00
12,21667	50,00
12,23333	50,00
12,25000	50,00
12,26667	50,00
12,28333	50,00
12,30000	50,00
12,31667	50,00
12,33333	50,00
12,35000	50,00
12,36667	50,00
12,38333	50,00
12,40000	50,00
12,41667	50,00
12,43333	50,00
12,45000	50,00
12,46667	50,00
12,48333	50,00
12,50000	50,00
12,51667	50,00
12,53333	50,00
12,55000	50,00
12,56667	50,00
12,58333	50,00
12,60000	50,00
12,61667	50,00
12,63333	50,00
12,65000	50,00
12,66667	50,00
12,68333	50,00
12,70000	50,00
12,71667	49,99
12,73333	49,99
12,75000	49,99
12,76667	49,99
12,78333	49,99
12,80000	49,99
12,81667	49,99
12,83333	49,99
12,85000	49,99
12,86667	49,99
12,88333	49,99
12,90000	49,99
12,91667	49,99
12,93333	49,99
12,95000	49,99
12,96667	49,99
12,98333	49,99
13,00000	49,99
13,01667	49,99
13,03333	49,99
13,05000	49,99
13,06667	49,99
13,08333	49,99
13,10000	49,99
13,11667	49,99
13,13333	49,99
13,15000	49,99
13,16667	49,99
13,18333	49,99
13,20000	49,99
13,21667	49,99
13,23333	49,99
13,25000	50,00
13,26667	50,00
13,28333	49,99
13,30000	49,99
13,31667	50,00
13,33333	50,00
13,35000	49,99
13,36667	49,99
13,38333	49,99
13,40000	49,99
13,41667	49,99
13,43333	49,99
13,45000	49,99
13,46667	49,99
13,48333	49,99
13,50000	49,99
13,51667	49,99
13,53333	49,99
13,55000	49,99
13,56667	49,99
13,58333	49,99
13,60000	49,99
13,61667	49,99
13,63333	49,99
13,65000	49,99
13,66667	49,99
13,68333	49,99
13,70000	49,99
13,71667	49,99
13,73333	49,99
13,75000	49,99
13,76667	49,99
13,78333	49,99
13,80000	49,99
13,81667	49,99
13,83333	49,99
13,85000	50,00
13,86667	50,00
13,88333	50,00
13,90000	50,00
13,91667	50,00
13,93333	50,00
13,95000	50,00
13,96667	50,00
13,98333	50,00
14,00000	50,00
14,01667	50,00
14,03333	50,00
14,05000	50,00
14,06667	50,00
14,08333	50,00
14,10000	50,00
14,11667	50,00
14,13333	50,00
14,15000	50,00
14,16667	50,00
14,18333	50,00
14,20000	50,00
14,21667	50,00
14,23333	50,00
14,25000	50,00
14,26667	50,00
14,28333	50,00
14,30000	50,00
14,31667	50,00
14,33333	50,00
14,35000	50,00
14,36667	50,00
14,38333	50,00
14,40000	50,00
14,41667	50,00
14,43333	50,00
14,45000	50,00
14,46667	50,00
14,48333	50,00
14,50000	50,00
14,51667	50,00
14,53333	50,00
14,55000	50,00
14,56667	50,00
14,58333	50,00
14,60000	50,00
14,61667	50,00
14,63333	50,00
14,65000	50,00
14,66667	50,00
14,68333	50,00
14,70000	50,00
14,71667	50,00
14,73333	50,00
14,75000	50,00
14,76667	50,00
14,78333	50,00
14,80000	50,00
14,81667	50,00
14,83333	50,00
14,85000	50,00
14,86667	50,00
14,88333	50,00
14,90000	50,00
14,91667	50,00
14,93333	50,00
14,95000	50,00
14,96667	50,00
14,98333	50,00
15,00000	50,00
15,01667	50,00
15,03333	50,00
15,05000	50,00
15,06667	50,00
15,08333	49,99
15,10000	49,99
15,11667	49,99
15,13333	49,99
15,15000	49,99
15,16667	49,99
15,18333	49,99
15,20000	49,99
15,21667	49,99
15,23333	49,99
15,25000	49,99
15,26667	49,99
15,28333	49,99
15,30000	49,99
15,31667	49,99
15,33333	49,99
15,35000	49,99
15,36667	49,99
15,38333	49,99
15,40000	49,99
15,41667	49,99
15,43333	49,99
15,45000	49,99
15,46667	49,99
15,48333	49,99
15,50000	49,99
15,51667	49,99
15,53333	49,99
15,55000	49,99
15,56667	49,99
15,58333	49,99
15,60000	49,99
15,61667	49,99
15,63333	49,99
15,65000	50,00
15,66667	50,00
15,68333	50,00
15,70000	50,00
15,71667	50,00
15,73333	50,00
15,75000	50,00
15,76667	50,00
15,78333	50,00
15,80000	50,00
15,81667	50,00
15,83333	50,00
15,85000	50,00
15,86667	50,00
15,88333	50,00
15,90000	50,00
15,91667	50,00
15,93333	50,00
15,95000	50,00
15,96667	50,00
15,98333	50,00
16,00000	50,00
16,01667	50,00
16,03333	50,00
16,05000	50,00
16,06667	50,00
16,08333	50,00
16,10000	50,00
16,11667	50,00
16,13333	50,00
16,15000	50,00
16,16667	50,00
16,18333	50,00
16,20000	50,00
16,21667	50,00
16,23333	50,00
16,25000	49,99
16,26667	49,99
16,28333	49,99
16,30000	49,99
16,31667	49,99
16,33333	49,99
16,35000	49,99
16,36667	49,99
16,38333	49,99
16,40000	50,00
16,41667	50,00
16,43333	50,00
16,45000	50,00
16,46667	50,00
16,48333	50,00
16,50000	50,00
16,51667	50,00
16,53333	50,00
16,55000	50,00
16,56667	50,00
16,58333	50,00
16,60000	50,00
16,61667	50,00
16,63333	50,00
16,65000	50,00
16,66667	50,00
16,68333	50,00
16,70000	50,00
16,71667	50,00
16,73333	50,00
16,75000	50,00
16,76667	50,00
16,78333	50,00
16,80000	50,00
16,81667	50,00
16,83333	50,00
16,85000	50,00
16,86667	50,00
16,88333	50,00
16,90000	50,00
16,91667	50,00
16,93333	50,00
16,95000	50,00
16,96667	50,00
16,98333	50,00
17,00000	50,00
17,01667	50,00
17,03333	50,00
17,05000	50,00
17,06667	50,00
17,08333	50,00
17,10000	50,00
17,11667	50,00
17,13333	50,00
17,15000	50,00
17,16667	50,00
17,18333	50,00
17,20000	50,00
17,21667	50,00
17,23333	50,00
17,25000	50,00
17,26667	50,00
17,28333	50,00
17,30000	50,00
17,31667	50,00
17,33333	50,00
17,35000	50,00
17,36667	50,00
17,38333	50,00
17,40000	50,00
17,41667	50,00
17,43333	50,00
17,45000	49,99
17,46667	49,99
17,48333	49,99
17,50000	49,99
17,51667	49,99
17,53333	49,99
17,55000	49,99
17,56667	49,99
17,58333	49,99
17,60000	49,99
17,61667	49,99
17,63333	49,99
17,65000	49,99
17,66667	49,99
17,68333	49,99
17,70000	49,99
17,71667	49,99
17,73333	49,99
17,75000	49,99
17,76667	49,99
17,78333	49,99
17,80000	49,99
17,81667	49,99
17,83333	50,00
17,85000	50,00
17,86667	50,00
17,88333	50,00
17,90000	50,00
17,91667	50,00
17,93333	50,00
17,95000	50,00
17,96667	50,00
17,98333	50,00
18,00000	50,00
18,01667	50,00
18,03333	50,00
18,05000	50,00
18,06667	50,00
18,08333	50,00
18,10000	50,00
18,11667	50,00
18,13333	50,00
18,15000	50,00
18,16667	50,00
18,18333	50,00
18,20000	50,00
18,21667	50,00
18,23333	50,00
18,25000	50,00
18,26667	50,00
18,28333	50,00
18,30000	50,00
18,31667	50,00
18,33333	50,00
18,35000	50,00
18,36667	50,00
18,38333	50,00
18,40000	50,00
18,41667	50,00
18,43333	50,00
18,45000	50,00
18,46667	50,00
18,48333	50,00
18,50000	50,00
18,51667	50,00
18,53333	50,00
18,55000	50,00
18,56667	50,00
18,58333	50,00
18,60000	50,00
18,61667	50,00
18,63333	50,00
18,65000	50,00
18,66667	50,00
18,68333	50,00
18,70000	50,00
18,71667	50,00
18,73333	50,00
18,75000	50,00
18,76667	50,00
18,78333	50,00
18,80000	50,00
18,81667	50,00
18,83333	50,00
18,85000	50,00
18,86667	50,00
18,88333	50,00
18,90000	50,00
18,91667	50,00
18,93333	50,00
18,95000	50,00
18,96667	50,00
18,98333	50,00
19,00000	50,00
19,01667	50,00
19,03333	50,00
19,05000	50,00
19,06667	50,00
19,08333	50,00
19,10000	50,00
19,11667	50,00
19,13333	50,00
19,15000	50,00
19,16667	50,00
19,18333	50,00
19,20000	50,00
19,21667	50,00
19,23333	50,00
19,25000	50,00
19,26667	50,00
19,28333	50,00
19,30000	50,00
19,31667	50,00
19,33333	50,00
19,35000	50,00
19,36667	50,00
19,38333	50,00
19,40000	50,00
19,41667	50,00
19,43333	50,00
19,45000	50,00
19,46667	50,00
19,48333	50,00
19,50000	50,00
19,51667	50,00
19,53333	50,00
19,55000	50,00
19,56667	50,00
19,58333	50,00
19,60000	50,00
19,61667	50,00
19,63333	50,00
19,65000	50,00
19,66667	50,00
19,68333	50,00
19,70000	50,00
19,71667	50,00
19,73333	50,00
19,75000	50,00
19,76667	50,00
19,78333	50,00
19,80000	50,00
19,81667	50,00
19,83333	49,99
19,85000	49,99
19,86667	49,99
19,88333	49,99
19,90000	49,99
19,91667	49,99
19,93333	49,99
19,95000	49,99
19,96667	49,99
19,98333	49,99
20,00000	49,99
20,01667	49,99
20,03333	49,99
20,05000	49,99
20,06667	49,99
20,08333	49,99
20,10000	49,99
20,11667	49,99
20,13333	49,99
20,15000	49,99
20,16667	49,99
20,18333	49,99
20,20000	49,99
20,21667	49,99
20,23333	49,99
20,25000	49,99
20,26667	49,99
20,28333	49,99
20,30000	49,99
20,31667	49,99
20,33333	49,99
20,35000	49,99
20,36667	49,99
20,38333	50,00
20,40000	50,00
20,41667	50,00
20,43333	50,00
20,45000	50,00
20,46667	50,00
20,48333	50,00
20,50000	50,00
20,51667	50,00
20,53333	50,00
20,55000	50,00
20,56667	50,00
20,58333	50,00
20,60000	50,00
20,61667	50,00
20,63333	50,00
20,65000	50,00
20,66667	50,00
20,68333	50,00
20,70000	50,00
20,71667	50,00
20,73333	50,00
20,75000	50,00
20,76667	50,00
20,78333	50,00
20,80000	49,99
20,81667	50,00
20,83333	50,00
20,85000	50,00
20,86667	49,99
20,88333	50,00
20,90000	50,00
20,91667	50,00
20,93333	50,00
20,95000	50,00
20,96667	50,00
20,98333	50,00
21,00000	50,00
21,01667	50,00
21,03333	50,00
21,05000	50,00
21,06667	50,00
21,08333	50,00
21,10000	50,00
21,11667	50,00
21,13333	49,99
21,15000	49,99
21,16667	49,99
21,18333	49,99
21,20000	49,99
21,21667	49,99
21,23333	49,99
21,25000	49,99
21,26667	49,99
21,28333	49,99
21,30000	49,99
21,31667	49,99
21,33333	49,99
21,35000	49,99
21,36667	49,99
21,38333	49,99
21,40000	49,99
21,41667	49,99
21,43333	49,99
21,45000	49,99
21,46667	49,99
21,48333	49,99
21,50000	49,99
21,51667	49,99
21,53333	49,99
21,55000	49,99
21,56667	49,99
21,58333	49,99
21,60000	49,99
21,61667	49,99
21,63333	49,99
21,65000	49,99
21,66667	49,99
21,68333	49,99
21,70000	50,00
21,71667	50,00
21,73333	50,00
21,75000	50,00
21,76667	50,00
21,78333	50,00
21,80000	50,00
21,81667	50,00
21,83333	50,00
21,85000	50,00
21,86667	50,00
21,88333	50,00
21,90000	50,00
21,91667	50,00
21,93333	50,00
21,95000	50,00
21,96667	50,00
21,98333	50,00
22,00000	50,00
22,01667	50,00
22,03333	49,99
22,05000	49,99
22,06667	49,99
22,08333	49,99
22,10000	49,99
22,11667	49,99
22,13333	49,99
22,15000	49,99
22,16667	49,99
22,18333	49,99
22,20000	49,99
22,21667	50,00
22,23333	50,00
22,25000	50,00
22,26667	50,00
22,28333	50,00
22,30000	50,00
22,31667	50,00
22,33333	50,00
22,35000	50,00
22,36667	50,00
22,38333	50,00
22,40000	50,00
22,41667	50,00
22,43333	50,00
22,45000	50,00
22,46667	50,00
22,48333	50,00
22,50000	50,00
22,51667	50,00
22,53333	50,00
22,55000	50,00
22,56667	50,00
22,58333	50,00
22,60000	50,00
22,61667	50,00
22,63333	50,00
22,65000	50,00
22,66667	50,00
22,68333	50,00
22,70000	50,00
22,71667	50,00
22,73333	50,00
22,75000	50,00
22,76667	50,00
22,78333	50,00
22,80000	50,00
22,81667	50,00
22,83333	50,00
22,85000	50,00
22,86667	50,00
22,88333	50,00
22,90000	50,00
22,91667	50,00
22,93333	50,00
22,95000	50,00
22,96667	50,00
22,98333	50,00
23,00000	50,00
23,01667	50,00
23,03333	50,00
23,05000	50,00
23,06667	50,00
23,08333	50,00
23,10000	50,00
23,11667	50,00
23,13333	50,00
23,15000	50,00
23,16667	50,00
23,18333	50,00
23,20000	50,00
23,21667	50,00
23,23333	50,00
23,25000	50,00
23,26667	50,00
23,28333	50,00
23,30000	50,00
23,31667	50,00
23,33333	50,00
23,35000	50,00
23,36667	50,00
23,38333	50,00
23,40000	50,00
23,41667	50,00
23,43333	50,00
23,45000	50,00
23,46667	50,00
23,48333	50,00
23,50000	50,00
23,51667	50,00
23,53333	50,00
23,55000	50,00
23,56667	50,00
23,58333	50,00
23,60000	50,00
23,61667	50,00
23,63333	50,00
23,65000	50,00
23,66667	50,00
23,68333	50,00
23,70000	50,00
23,71667	50,00
23,73333	50,00
23,75000	49,99
23,76667	50,00
23,78333	50,00
23,80000	50,00
23,81667	50,00
23,83333	50,00
23,85000	50,00
23,86667	50,00
23,88333	50,00
23,90000	50,00
23,91667	50,00
23,93333	50,00
23,95000	50,00
23,96667	50,00
23,98333	50,00
24,00000	50,00
24,01667	50,00
24,03333	50,00
24,05000	50,00
24,06667	50,00
24,08333	50,00
24,10000	50,00
24,11667	50,00
24,13333	50,00
24,15000	50,00
24,16667	50,00
24,18333	50,00
24,20000	50,00
24,21667	50,00
24,23333	50,00
24,25000	50,00
24,26667	50,00
24,28333	50,00
24,30000	50,00
24,31667	50,00
24,33333	50,00
24,35000	50,00
24,36667	50,00
24,38333	50,00
24,40000	50,00
24,41667	50,00
24,43333	50,00
24,45000	50,00
24,46667	50,00
24,48333	50,00
24,50000	50,00
24,51667	50,00
24,53333	50,00
24,55000	50,00
24,56667	50,00
24,58333	50,00
24,60000	50,00
24,61667	50,00
24,63333	50,00
24,65000	50,00
24,66667	49,99
24,68333	49,99
24,70000	49,99
24,71667	49,99
24,73333	49,99
24,75000	49,99
24,76667	49,99
24,78333	49,99
24,80000	49,99
24,81667	49,99
24,83333	49,99
24,85000	49,99
24,86667	49,99
24,88333	49,99
24,90000	49,99
24,91667	50,00
24,93333	50,00
24,95000	50,00
24,96667	50,00
24,98333	50,00
25,00000	50,00
25,01667	50,00
25,03333	50,00
25,05000	50,00
25,06667	50,00
25,08333	50,00
25,10000	50,00
25,11667	50,00
25,13333	50,00
25,15000	50,00
25,16667	50,00
25,18333	50,00
25,20000	50,00
25,21667	50,00
25,23333	50,00
25,25000	50,00
25,26667	50,00
25,28333	50,00
25,30000	50,00
25,31667	50,00
25,33333	50,00
25,35000	50,00
25,36667	50,00
25,38333	50,00
25,40000	50,00
25,41667	50,00
25,43333	50,00
25,45000	50,00
25,46667	50,00
25,48333	50,00
25,50000	50,00
25,51667	50,00
25,53333	50,00
25,55000	50,00
25,56667	50,00
25,58333	50,00
25,60000	50,00
25,61667	50,00
25,63333	50,00
25,65000	50,00
25,66667	50,00
25,68333	50,00
25,70000	50,00
25,71667	50,00
25,73333	50,00
25,75000	50,00
25,76667	50,00
25,78333	50,00
25,80000	50,00
25,81667	50,00
25,83333	50,00
25,85000	50,00
25,86667	50,00
25,88333	50,00
25,90000	50,00
25,91667	50,00
25,93333	50,00
25,95000	50,00
25,96667	50,00
25,98333	50,00
26,00000	50,00
26,01667	50,00
26,03333	50,00
26,05000	50,00
26,06667	50,00
26,08333	50,00
26,10000	50,00
26,11667	50,00
26,13333	50,00
26,15000	50,00
26,16667	50,00
26,18333	50,00
26,20000	50,00
26,21667	50,00
26,23333	50,00
26,25000	50,00
26,26667	50,00
26,28333	50,00
26,30000	50,00
26,31667	50,00
26,33333	49,99
26,35000	49,99
26,36667	49,99
26,38333	49,99
26,40000	49,99
26,41667	49,99
26,43333	49,99
26,45000	49,99
26,46667	49,99
26,48333	49,99
26,50000	49,99
26,51667	49,99
26,53333	49,99
26,55000	49,99
26,56667	49,99
26,58333	49,99
26,60000	49,99
26,61667	49,99
26,63333	50,00
26,65000	50,00
26,66667	50,00
26,68333	50,00
26,70000	50,00
26,71667	50,00
26,73333	50,00
26,75000	50,00
26,76667	50,00
26,78333	50,00
26,80000	50,00
26,81667	50,00
26,83333	50,00
26,85000	50,00
26,86667	50,00
26,88333	50,00
26,90000	50,00
26,91667	50,00
26,93333	50,00
26,95000	50,00
26,96667	50,00
26,98333	50,00
27,00000	50,00
27,01667	50,00
27,03333	50,00
27,05000	50,00
27,06667	50,00
27,08333	50,00
27,10000	50,00
27,11667	50,00
27,13333	50,00
27,15000	50,00
27,16667	50,00
27,18333	50,00
27,20000	50,00
27,21667	50,00
27,23333	50,00
27,25000	50,00
27,26667	50,00
27,28333	50,00
27,30000	50,00
27,31667	50,00
27,33333	50,00
27,35000	50,00
27,36667	49,99
27,38333	49,99
27,40000	49,99
27,41667	49,99
27,43333	49,99
27,45000	49,99
27,46667	49,99
27,48333	49,99
27,50000	49,99
27,51667	49,99
27,53333	49,99
27,55000	49,99
27,56667	49,99
27,58333	49,99
27,60000	49,99
27,61667	50,00
27,63333	50,00
27,65000	50,00
27,66667	50,00
27,68333	50,00
27,70000	50,00
27,71667	50,00
27,73333	50,00
27,75000	50,00
27,76667	50,00
27,78333	50,00
27,80000	50,00
27,81667	50,00
27,83333	50,00
27,85000	50,00
27,86667	50,00
27,88333	50,00
27,90000	50,00
27,91667	50,00
27,93333	50,00
27,95000	50,00
27,96667	50,00
27,98333	50,00
28,00000	50,00
28,01667	50,00
28,03333	50,00
28,05000	50,00
28,06667	50,00
28,08333	50,00
28,10000	50,00
28,11667	50,00
28,13333	50,00
28,15000	50,00
28,16667	50,00
28,18333	50,00
28,20000	50,00
28,21667	50,00
28,23333	50,00
28,25000	50,00
28,26667	50,00
28,28333	50,00
28,30000	50,00
28,31667	50,00
28,33333	50,00
28,35000	50,00
28,36667	50,00
28,38333	50,00
28,40000	50,00
28,41667	50,00
28,43333	50,00
28,45000	49,99
28,46667	49,99
28,48333	49,99
28,50000	49,99
28,51667	49,99
28,53333	49,99
28,55000	49,99
28,56667	49,99
28,58333	49,99
28,60000	49,99
28,61667	49,99
28,63333	49,99
28,65000	49,99
28,66667	49,99
28,68333	49,99
28,70000	49,99
28,71667	49,99
28,73333	49,99
28,75000	49,99
28,76667	49,99
28,78333	49,99
28,80000	49,99
28,81667	49,99
28,83333	49,99
28,85000	49,99
28,86667	49,99
28,88333	49,99
28,90000	49,99
28,91667	49,99
28,93333	49,99
28,95000	50,00
28,96667	50,00
28,98333	50,00
29,00000	50,00
29,01667	50,00
29,03333	50,00
29,05000	50,00
29,06667	50,00
29,08333	50,00
29,10000	50,00
29,11667	50,00
29,13333	50,00
29,15000	50,00
29,16667	50,00
29,18333	50,00
29,20000	50,00
29,21667	50,00
29,23333	50,00
29,25000	50,00
29,26667	50,00
29,28333	50,00
29,30000	50,00
29,31667	50,00
29,33333	50,00
29,35000	50,00
29,36667	50,00
29,38333	50,00
29,40000	50,00
29,41667	50,00
29,43333	50,00
29,45000	49,99
29,46667	49,99
29,48333	49,99
29,50000	49,99
29,51667	49,99
29,53333	49,99
29,55000	49,99
29,56667	49,99
29,58333	49,99
29,60000	49,99
29,61667	49,99
29,63333	49,99
29,65000	49,99
29,66667	49,99
29,68333	49,99
29,70000	49,99
29,71667	49,99
29,73333	49,99
29,75000	49,99
29,76667	49,99
29,78333	49,99
29,80000	49,99
29,81667	49,99
29,83333	49,99
29,85000	49,99
29,86667	49,99
29,88333	49,99
29,90000	49,99
29,91667	49,99
29,93333	49,99
29,95000	49,99
29,96667	49,99
29,98333	49,99
30,00000	49,99
30,01667	49,99
30,03333	49,99
30,05000	49,99
30,06667	49,99
30,08333	49,99
30,10000	49,99
30,11667	49,99
30,13333	49,99
30,15000	49,99
30,16667	49,99
30,18333	49,99
30,20000	49,99
30,21667	49,99
30,23333	49,99
30,25000	49,99
30,26667	49,99
30,28333	49,99
30,30000	49,99
30,31667	49,99
30,33333	49,99
30,35000	49,99
30,36667	49,99
30,38333	49,99
30,40000	49,99
30,41667	49,99
30,43333	49,99
30,45000	49,99
30,46667	49,99
30,48333	49,99
30,50000	49,99
30,51667	49,99
30,53333	49,99
30,55000	49,99
30,56667	49,99
30,58333	49,99
30,60000	49,99
30,61667	49,99
30,63333	49,99
30,65000	49,99
30,66667	49,99
30,68333	49,99
30,70000	49,99
30,71667	49,99
30,73333	49,99
30,75000	49,99
30,76667	49,99
30,78333	49,99
30,80000	49,99
30,81667	49,99
30,83333	49,99
30,85000	49,99
30,86667	49,99
30,88333	49,99
30,90000	49,99
30,91667	50,00
30,93333	50,00
30,95000	50,00
30,96667	50,00
30,98333	50,00
31,00000	50,00
31,01667	50,00
31,03333	49,99
31,05000	49,99
31,06667	49,99
31,08333	49,99
31,10000	49,99
31,11667	49,99
31,13333	49,99
31,15000	49,99
31,16667	49,99
31,18333	49,99
31,20000	49,99
31,21667	49,99
31,23333	49,99
31,25000	49,99
31,26667	49,99
31,28333	49,99
31,30000	49,99
31,31667	49,99
31,33333	49,99
31,35000	49,99
31,36667	49,99
31,38333	49,99
31,40000	49,99
31,41667	49,99
31,43333	49,99
31,45000	49,99
31,46667	49,99
31,48333	49,99
31,50000	49,99
31,51667	49,99
31,53333	49,99
31,55000	49,99
31,56667	49,99
31,58333	49,99
31,60000	49,99
31,61667	49,99
31,63333	49,99
31,65000	49,99
31,66667	49,99
31,68333	49,99
31,70000	49,99
31,71667	49,99
31,73333	49,99
31,75000	49,99
31,76667	49,99
31,78333	49,99
31,80000	49,99
31,81667	49,99
31,83333	49,99
31,85000	49,99
31,86667	49,99
31,88333	49,99
31,90000	49,99
31,91667	49,99
31,93333	49,99
31,95000	49,99
31,96667	49,99
31,98333	49,99
32,00000	49,99

[LC Status Trace(PDA Optical Unit Temp.)]
Interval(msec)	1000
# of Points	1921
Start Time(min)	0,000
End Time(min)	32,000
Intensity Units	C
Intensity Multiplier	1
R.Time (min)	Intensity
0,00000	47,00
0,01667	47,00
0,03333	47,00
0,05000	47,00
0,06667	47,00
0,08333	47,00
0,10000	47,00
0,11667	47,00
0,13333	47,00
0,15000	47,00
0,16667	47,00
0,18333	47,00
0,20000	47,00
0,21667	47,00
0,23333	47,00
0,25000	47,00
0,26667	47,00
0,28333	47,00
0,30000	47,00
0,31667	47,00
0,33333	47,00
0,35000	47,00
0,36667	47,00
0,38333	47,00
0,40000	47,00
0,41667	47,00
0,43333	47,00
0,45000	47,00
0,46667	47,00
0,48333	47,00
0,50000	47,00
0,51667	47,00
0,53333	47,00
0,55000	47,00
0,56667	47,00
0,58333	47,00
0,60000	47,00
0,61667	47,00
0,63333	47,00
0,65000	47,00
0,66667	47,00
0,68333	47,00
0,70000	47,00
0,71667	47,00
0,73333	47,00
0,75000	47,00
0,76667	47,00
0,78333	47,00
0,80000	47,00
0,81667	47,00
0,83333	47,00
0,85000	47,00
0,86667	47,00
0,88333	47,00
0,90000	47,00
0,91667	47,00
0,93333	47,00
0,95000	47,00
0,96667	47,00
0,98333	47,00
1,00000	47,00
1,01667	47,00
1,03333	47,00
1,05000	47,00
1,06667	47,00
1,08333	47,00
1,10000	47,00
1,11667	47,00
1,13333	47,00
1,15000	47,00
1,16667	47,00
1,18333	47,00
1,20000	47,00
1,21667	47,00
1,23333	47,00
1,25000	47,00
1,26667	47,00
1,28333	47,00
1,30000	47,00
1,31667	47,00
1,33333	47,00
1,35000	47,00
1,36667	47,00
1,38333	47,00
1,40000	47,00
1,41667	47,00
1,43333	47,00
1,45000	47,00
1,46667	47,00
1,48333	47,00
1,50000	47,00
1,51667	47,00
1,53333	47,00
1,55000	47,00
1,56667	47,00
1,58333	47,00
1,60000	47,00
1,61667	47,00
1,63333	47,00
1,65000	47,00
1,66667	47,00
1,68333	47,00
1,70000	47,00
1,71667	47,00
1,73333	47,00
1,75000	47,00
1,76667	47,00
1,78333	47,00
1,80000	47,00
1,81667	47,00
1,83333	47,00
1,85000	47,00
1,86667	47,00
1,88333	47,00
1,90000	47,00
1,91667	47,00
1,93333	47,00
1,95000	47,00
1,96667	47,00
1,98333	47,00
2,00000	47,00
2,01667	47,00
2,03333	47,00
2,05000	47,00
2,06667	47,00
2,08333	47,00
2,10000	47,00
2,11667	47,00
2,13333	47,00
2,15000	47,00
2,16667	47,00
2,18333	47,00
2,20000	47,00
2,21667	47,00
2,23333	47,00
2,25000	47,00
2,26667	47,00
2,28333	47,00
2,30000	47,00
2,31667	47,00
2,33333	47,00
2,35000	47,00
2,36667	47,00
2,38333	47,00
2,40000	47,00
2,41667	47,00
2,43333	47,00
2,45000	47,00
2,46667	47,00
2,48333	47,00
2,50000	47,00
2,51667	47,00
2,53333	47,00
2,55000	47,00
2,56667	47,00
2,58333	47,00
2,60000	47,00
2,61667	47,00
2,63333	47,00
2,65000	47,00
2,66667	47,00
2,68333	47,00
2,70000	47,00
2,71667	47,00
2,73333	47,00
2,75000	47,00
2,76667	47,00
2,78333	47,00
2,80000	47,00
2,81667	47,00
2,83333	47,00
2,85000	47,00
2,86667	47,00
2,88333	47,00
2,90000	47,00
2,91667	47,00
2,93333	47,00
2,95000	47,00
2,96667	47,00
2,98333	47,00
3,00000	47,00
3,01667	47,00
3,03333	47,00
3,05000	47,00
3,06667	47,00
3,08333	47,00
3,10000	47,00
3,11667	47,00
3,13333	47,00
3,15000	47,00
3,16667	47,00
3,18333	47,00
3,20000	47,00
3,21667	47,00
3,23333	47,00
3,25000	47,00
3,26667	47,00
3,28333	47,00
3,30000	47,00
3,31667	47,00
3,33333	47,00
3,35000	47,00
3,36667	47,00
3,38333	47,00
3,40000	47,00
3,41667	47,00
3,43333	47,00
3,45000	47,00
3,46667	47,00
3,48333	47,00
3,50000	47,00
3,51667	47,00
3,53333	47,00
3,55000	47,00
3,56667	47,00
3,58333	47,00
3,60000	47,00
3,61667	47,00
3,63333	47,00
3,65000	47,00
3,66667	47,00
3,68333	47,00
3,70000	47,00
3,71667	47,00
3,73333	47,00
3,75000	47,00
3,76667	47,00
3,78333	47,00
3,80000	47,00
3,81667	47,00
3,83333	47,00
3,85000	47,00
3,86667	47,00
3,88333	47,00
3,90000	47,00
3,91667	47,00
3,93333	47,00
3,95000	47,00
3,96667	47,00
3,98333	47,00
4,00000	47,00
4,01667	47,00
4,03333	47,00
4,05000	47,00
4,06667	47,00
4,08333	47,00
4,10000	47,00
4,11667	47,00
4,13333	47,00
4,15000	47,00
4,16667	47,00
4,18333	47,00
4,20000	47,00
4,21667	47,00
4,23333	47,00
4,25000	47,00
4,26667	47,00
4,28333	47,00
4,30000	47,00
4,31667	47,00
4,33333	47,00
4,35000	47,00
4,36667	47,00
4,38333	47,00
4,40000	47,00
4,41667	47,00
4,43333	47,00
4,45000	47,00
4,46667	47,00
4,48333	47,00
4,50000	47,00
4,51667	47,00
4,53333	47,00
4,55000	47,00
4,56667	47,00
4,58333	47,00
4,60000	47,00
4,61667	47,00
4,63333	47,00
4,65000	47,00
4,66667	47,00
4,68333	47,00
4,70000	47,00
4,71667	47,00
4,73333	47,00
4,75000	47,00
4,76667	47,00
4,78333	47,00
4,80000	47,00
4,81667	47,00
4,83333	47,00
4,85000	47,00
4,86667	47,00
4,88333	47,00
4,90000	47,00
4,91667	47,00
4,93333	47,00
4,95000	47,00
4,96667	47,00
4,98333	47,00
5,00000	47,00
5,01667	47,00
5,03333	47,00
5,05000	47,00
5,06667	47,00
5,08333	47,00
5,10000	47,00
5,11667	47,00
5,13333	47,00
5,15000	47,00
5,16667	47,00
5,18333	47,00
5,20000	47,00
5,21667	47,00
5,23333	47,00
5,25000	47,00
5,26667	47,00
5,28333	47,00
5,30000	47,00
5,31667	47,00
5,33333	47,00
5,35000	47,00
5,36667	47,00
5,38333	47,00
5,40000	47,00
5,41667	47,00
5,43333	47,00
5,45000	47,00
5,46667	47,00
5,48333	47,00
5,50000	47,00
5,51667	47,00
5,53333	47,00
5,55000	47,00
5,56667	47,00
5,58333	47,00
5,60000	47,00
5,61667	47,00
5,63333	47,00
5,65000	47,00
5,66667	47,00
5,68333	47,00
5,70000	47,00
5,71667	47,00
5,73333	47,00
5,75000	47,00
5,76667	47,00
5,78333	47,00
5,80000	47,00
5,81667	47,00
5,83333	47,00
5,85000	47,00
5,86667	47,00
5,88333	47,00
5,90000	47,00
5,91667	47,00
5,93333	47,00
5,95000	47,00
5,96667	47,00
5,98333	47,00
6,00000	47,00
6,01667	47,00
6,03333	47,00
6,05000	47,00
6,06667	47,00
6,08333	47,00
6,10000	47,00
6,11667	47,00
6,13333	47,00
6,15000	47,01
6,16667	47,00
6,18333	47,01
6,20000	47,00
6,21667	47,01
6,23333	47,01
6,25000	47,00
6,26667	47,01
6,28333	47,01
6,30000	47,01
6,31667	47,00
6,33333	47,01
6,35000	47,00
6,36667	47,00
6,38333	47,00
6,40000	47,00
6,41667	47,00
6,43333	47,00
6,45000	47,00
6,46667	47,00
6,48333	47,00
6,50000	47,00
6,51667	47,00
6,53333	47,00
6,55000	47,00
6,56667	47,00
6,58333	47,00
6,60000	47,01
6,61667	47,01
6,63333	47,01
6,65000	47,01
6,66667	47,01
6,68333	47,01
6,70000	47,01
6,71667	47,01
6,73333	47,00
6,75000	47,00
6,76667	47,00
6,78333	47,00
6,80000	47,00
6,81667	47,00
6,83333	47,00
6,85000	47,00
6,86667	47,00
6,88333	47,00
6,90000	47,00
6,91667	47,00
6,93333	47,00
6,95000	47,00
6,96667	47,01
6,98333	47,01
7,00000	47,01
7,01667	47,01
7,03333	47,01
7,05000	47,01
7,06667	47,01
7,08333	47,01
7,10000	47,01
7,11667	47,01
7,13333	47,01
7,15000	47,01
7,16667	47,01
7,18333	47,01
7,20000	47,01
7,21667	47,01
7,23333	47,01
7,25000	47,01
7,26667	47,01
7,28333	47,01
7,30000	47,00
7,31667	47,00
7,33333	47,00
7,35000	47,00
7,36667	47,00
7,38333	47,00
7,40000	47,00
7,41667	47,00
7,43333	47,00
7,45000	47,00
7,46667	47,00
7,48333	47,00
7,50000	47,00
7,51667	47,00
7,53333	47,00
7,55000	47,00
7,56667	47,01
7,58333	47,00
7,60000	47,01
7,61667	47,01
7,63333	47,01
7,65000	47,01
7,66667	47,01
7,68333	47,01
7,70000	47,01
7,71667	47,01
7,73333	47,01
7,75000	47,01
7,76667	47,01
7,78333	47,01
7,80000	47,00
7,81667	47,00
7,83333	47,00
7,85000	47,00
7,86667	47,00
7,88333	47,00
7,90000	47,00
7,91667	47,00
7,93333	47,00
7,95000	47,00
7,96667	47,01
7,98333	47,01
8,00000	47,01
8,01667	47,01
8,03333	47,01
8,05000	47,01
8,06667	47,01
8,08333	47,01
8,10000	47,00
8,11667	47,01
8,13333	47,01
8,15000	47,00
8,16667	47,00
8,18333	47,00
8,20000	47,00
8,21667	47,00
8,23333	47,00
8,25000	47,00
8,26667	47,00
8,28333	47,00
8,30000	47,00
8,31667	47,00
8,33333	47,00
8,35000	47,00
8,36667	47,00
8,38333	47,00
8,40000	47,00
8,41667	47,00
8,43333	47,01
8,45000	47,00
8,46667	47,00
8,48333	47,01
8,50000	47,01
8,51667	47,01
8,53333	47,01
8,55000	47,01
8,56667	47,01
8,58333	47,01
8,60000	47,00
8,61667	47,01
8,63333	47,00
8,65000	47,01
8,66667	47,00
8,68333	47,00
8,70000	47,00
8,71667	47,00
8,73333	47,00
8,75000	47,00
8,76667	47,00
8,78333	47,00
8,80000	47,00
8,81667	47,00
8,83333	47,01
8,85000	47,00
8,86667	47,01
8,88333	47,00
8,90000	47,01
8,91667	47,00
8,93333	47,01
8,95000	47,01
8,96667	47,01
8,98333	47,01
9,00000	47,00
9,01667	47,01
9,03333	47,01
9,05000	47,00
9,06667	47,00
9,08333	47,00
9,10000	47,00
9,11667	47,00
9,13333	47,00
9,15000	47,00
9,16667	47,00
9,18333	47,00
9,20000	47,00
9,21667	47,00
9,23333	47,00
9,25000	47,00
9,26667	47,00
9,28333	47,00
9,30000	47,00
9,31667	47,00
9,33333	47,00
9,35000	47,00
9,36667	47,00
9,38333	47,00
9,40000	47,00
9,41667	47,00
9,43333	47,01
9,45000	47,01
9,46667	47,00
9,48333	47,01
9,50000	47,01
9,51667	47,00
9,53333	47,01
9,55000	47,01
9,56667	47,01
9,58333	47,01
9,60000	47,00
9,61667	47,01
9,63333	47,00
9,65000	47,00
9,66667	47,00
9,68333	47,00
9,70000	47,00
9,71667	47,00
9,73333	47,00
9,75000	47,00
9,76667	47,00
9,78333	47,00
9,80000	47,00
9,81667	47,00
9,83333	47,00
9,85000	47,00
9,86667	47,00
9,88333	47,00
9,90000	47,00
9,91667	47,00
9,93333	47,00
9,95000	47,00
9,96667	47,00
9,98333	47,00
10,00000	47,00
10,01667	47,00
10,03333	47,00
10,05000	47,00
10,06667	47,00
10,08333	47,00
10,10000	47,00
10,11667	47,00
10,13333	47,00
10,15000	47,00
10,16667	47,00
10,18333	47,01
10,20000	47,01
10,21667	47,01
10,23333	47,01
10,25000	47,00
10,26667	47,01
10,28333	47,00
10,30000	47,01
10,31667	47,00
10,33333	47,00
10,35000	47,00
10,36667	47,00
10,38333	47,00
10,40000	47,00
10,41667	47,00
10,43333	47,00
10,45000	47,00
10,46667	47,00
10,48333	47,00
10,50000	47,00
10,51667	47,00
10,53333	47,00
10,55000	47,00
10,56667	47,00
10,58333	47,00
10,60000	47,00
10,61667	47,00
10,63333	47,00
10,65000	47,00
10,66667	47,00
10,68333	47,01
10,70000	47,00
10,71667	47,01
10,73333	47,01
10,75000	47,01
10,76667	47,01
10,78333	47,01
10,80000	47,01
10,81667	47,01
10,83333	47,01
10,85000	47,01
10,86667	47,01
10,88333	47,00
10,90000	47,00
10,91667	47,00
10,93333	47,00
10,95000	47,00
10,96667	47,00
10,98333	47,00
11,00000	47,00
11,01667	47,00
11,03333	47,00
11,05000	47,00
11,06667	47,00
11,08333	47,00
11,10000	47,00
11,11667	47,00
11,13333	47,00
11,15000	47,00
11,16667	47,00
11,18333	47,00
11,20000	47,00
11,21667	47,00
11,23333	47,00
11,25000	47,00
11,26667	47,00
11,28333	47,00
11,30000	47,00
11,31667	47,00
11,33333	47,00
11,35000	47,00
11,36667	47,00
11,38333	47,00
11,40000	47,00
11,41667	47,00
11,43333	47,00
11,45000	47,00
11,46667	47,00
11,48333	47,00
11,50000	47,00
11,51667	47,00
11,53333	47,00
11,55000	47,00
11,56667	47,00
11,58333	47,00
11,60000	47,00
11,61667	47,00
11,63333	47,00
11,65000	47,00
11,66667	47,00
11,68333	47,00
11,70000	47,00
11,71667	47,01
11,73333	47,00
11,75000	47,00
11,76667	47,01
11,78333	47,00
11,80000	47,00
11,81667	47,01
11,83333	47,01
11,85000	47,01
11,86667	47,01
11,88333	47,01
11,90000	47,01
11,91667	47,01
11,93333	47,01
11,95000	47,01
11,96667	47,01
11,98333	47,01
12,00000	47,01
12,01667	47,01
12,03333	47,00
12,05000	47,00
12,06667	47,00
12,08333	47,00
12,10000	47,00
12,11667	47,00
12,13333	47,00
12,15000	47,00
12,16667	47,00
12,18333	47,00
12,20000	47,00
12,21667	47,00
12,23333	47,01
12,25000	47,00
12,26667	47,00
12,28333	47,01
12,30000	47,01
12,31667	47,01
12,33333	47,01
12,35000	47,01
12,36667	47,01
12,38333	47,01
12,40000	47,01
12,41667	47,01
12,43333	47,01
12,45000	47,01
12,46667	47,01
12,48333	47,01
12,50000	47,00
12,51667	47,00
12,53333	47,00
12,55000	47,00
12,56667	47,00
12,58333	47,00
12,60000	47,00
12,61667	47,00
12,63333	47,00
12,65000	47,00
12,66667	47,00
12,68333	47,00
12,70000	47,00
12,71667	47,01
12,73333	47,01
12,75000	47,00
12,76667	47,00
12,78333	47,01
12,80000	47,00
12,81667	47,01
12,83333	47,01
12,85000	47,01
12,86667	47,00
12,88333	47,01
12,90000	47,01
12,91667	47,00
12,93333	47,00
12,95000	47,00
12,96667	47,00
12,98333	47,00
13,00000	47,00
13,01667	47,00
13,03333	47,00
13,05000	47,00
13,06667	47,00
13,08333	47,00
13,10000	47,00
13,11667	47,00
13,13333	47,00
13,15000	47,00
13,16667	47,00
13,18333	47,00
13,20000	47,00
13,21667	47,01
13,23333	47,00
13,25000	47,00
13,26667	47,01
13,28333	47,00
13,30000	47,01
13,31667	47,00
13,33333	47,00
13,35000	47,00
13,36667	47,00
13,38333	47,00
13,40000	47,01
13,41667	47,00
13,43333	47,01
13,45000	47,01
13,46667	47,00
13,48333	47,01
13,50000	47,00
13,51667	47,00
13,53333	47,00
13,55000	47,00
13,56667	47,00
13,58333	47,00
13,60000	47,00
13,61667	47,01
13,63333	47,00
13,65000	47,00
13,66667	47,00
13,68333	47,00
13,70000	47,01
13,71667	47,01
13,73333	47,01
13,75000	47,01
13,76667	47,01
13,78333	47,01
13,80000	47,01
13,81667	47,01
13,83333	47,01
13,85000	47,01
13,86667	47,01
13,88333	47,01
13,90000	47,01
13,91667	47,01
13,93333	47,01
13,95000	47,01
13,96667	47,01
13,98333	47,01
14,00000	47,01
14,01667	47,01
14,03333	47,01
14,05000	47,01
14,06667	47,01
14,08333	47,01
14,10000	47,01
14,11667	47,01
14,13333	47,01
14,15000	47,01
14,16667	47,01
14,18333	47,01
14,20000	47,01
14,21667	47,01
14,23333	47,01
14,25000	47,01
14,26667	47,01
14,28333	47,01
14,30000	47,01
14,31667	47,01
14,33333	47,01
14,35000	47,01
14,36667	47,01
14,38333	47,01
14,40000	47,01
14,41667	47,01
14,43333	47,01
14,45000	47,01
14,46667	47,00
14,48333	47,01
14,50000	47,00
14,51667	47,01
14,53333	47,00
14,55000	47,00
14,56667	47,00
14,58333	47,00
14,60000	47,00
14,61667	47,00
14,63333	47,00
14,65000	47,00
14,66667	47,00
14,68333	47,00
14,70000	47,00
14,71667	47,01
14,73333	47,00
14,75000	47,01
14,76667	47,01
14,78333	47,01
14,80000	47,01
14,81667	47,01
14,83333	47,01
14,85000	47,01
14,86667	47,01
14,88333	47,01
14,90000	47,01
14,91667	47,01
14,93333	47,01
14,95000	47,01
14,96667	47,01
14,98333	47,01
15,00000	47,01
15,01667	47,01
15,03333	47,01
15,05000	47,01
15,06667	47,01
15,08333	47,01
15,10000	47,01
15,11667	47,01
15,13333	47,01
15,15000	47,01
15,16667	47,01
15,18333	47,00
15,20000	47,01
15,21667	47,00
15,23333	47,00
15,25000	47,00
15,26667	47,00
15,28333	47,00
15,30000	47,00
15,31667	47,01
15,33333	47,00
15,35000	47,01
15,36667	47,01
15,38333	47,01
15,40000	47,01
15,41667	47,01
15,43333	47,01
15,45000	47,01
15,46667	47,01
15,48333	47,01
15,50000	47,01
15,51667	47,01
15,53333	47,01
15,55000	47,01
15,56667	47,01
15,58333	47,01
15,60000	47,01
15,61667	47,00
15,63333	47,01
15,65000	47,01
15,66667	47,00
15,68333	47,00
15,70000	47,00
15,71667	47,01
15,73333	47,00
15,75000	47,00
15,76667	47,00
15,78333	47,00
15,80000	47,01
15,81667	47,00
15,83333	47,00
15,85000	47,00
15,86667	47,00
15,88333	47,00
15,90000	47,00
15,91667	47,00
15,93333	47,00
15,95000	47,00
15,96667	47,00
15,98333	47,00
16,00000	47,00
16,01667	47,00
16,03333	47,00
16,05000	47,00
16,06667	47,00
16,08333	47,01
16,10000	47,00
16,11667	47,01
16,13333	47,01
16,15000	47,01
16,16667	47,01
16,18333	47,01
16,20000	47,01
16,21667	47,01
16,23333	47,01
16,25000	47,01
16,26667	47,01
16,28333	47,01
16,30000	47,00
16,31667	47,01
16,33333	47,00
16,35000	47,00
16,36667	47,00
16,38333	47,00
16,40000	47,00
16,41667	47,00
16,43333	47,00
16,45000	47,00
16,46667	47,00
16,48333	47,00
16,50000	47,01
16,51667	47,00
16,53333	47,00
16,55000	47,01
16,56667	47,01
16,58333	47,01
16,60000	47,01
16,61667	47,00
16,63333	47,01
16,65000	47,01
16,66667	47,01
16,68333	47,01
16,70000	47,00
16,71667	47,00
16,73333	47,00
16,75000	47,00
16,76667	47,00
16,78333	47,00
16,80000	47,00
16,81667	47,00
16,83333	47,00
16,85000	47,01
16,86667	47,01
16,88333	47,00
16,90000	47,01
16,91667	47,01
16,93333	47,01
16,95000	47,01
16,96667	47,01
16,98333	47,01
17,00000	47,01
17,01667	47,01
17,03333	47,01
17,05000	47,01
17,06667	47,01
17,08333	47,01
17,10000	47,01
17,11667	47,01
17,13333	47,01
17,15000	47,01
17,16667	47,01
17,18333	47,01
17,20000	47,01
17,21667	47,01
17,23333	47,01
17,25000	47,00
17,26667	47,00
17,28333	47,00
17,30000	47,00
17,31667	47,00
17,33333	47,00
17,35000	47,00
17,36667	47,00
17,38333	47,00
17,40000	47,00
17,41667	47,00
17,43333	47,00
17,45000	47,00
17,46667	47,00
17,48333	47,00
17,50000	47,00
17,51667	47,00
17,53333	47,00
17,55000	47,00
17,56667	47,01
17,58333	47,00
17,60000	47,01
17,61667	47,01
17,63333	47,01
17,65000	47,01
17,66667	47,01
17,68333	47,01
17,70000	47,01
17,71667	47,01
17,73333	47,01
17,75000	47,01
17,76667	47,01
17,78333	47,01
17,80000	47,01
17,81667	47,00
17,83333	47,01
17,85000	47,01
17,86667	47,00
17,88333	47,00
17,90000	47,00
17,91667	47,00
17,93333	47,00
17,95000	47,00
17,96667	47,00
17,98333	47,00
18,00000	47,00
18,01667	47,00
18,03333	47,00
18,05000	47,00
18,06667	47,00
18,08333	47,00
18,10000	47,00
18,11667	47,01
18,13333	47,00
18,15000	47,01
18,16667	47,01
18,18333	47,01
18,20000	47,01
18,21667	47,01
18,23333	47,01
18,25000	47,01
18,26667	47,01
18,28333	47,01
18,30000	47,01
18,31667	47,01
18,33333	47,01
18,35000	47,01
18,36667	47,01
18,38333	47,01
18,40000	47,00
18,41667	47,00
18,43333	47,00
18,45000	47,00
18,46667	47,00
18,48333	47,00
18,50000	47,00
18,51667	47,00
18,53333	47,00
18,55000	47,00
18,56667	47,00
18,58333	47,00
18,60000	47,00
18,61667	47,00
18,63333	47,00
18,65000	47,00
18,66667	47,00
18,68333	47,00
18,70000	47,00
18,71667	47,01
18,73333	47,01
18,75000	47,00
18,76667	47,01
18,78333	47,01
18,80000	47,01
18,81667	47,01
18,83333	47,01
18,85000	47,01
18,86667	47,01
18,88333	47,01
18,90000	47,01
18,91667	47,01
18,93333	47,01
18,95000	47,01
18,96667	47,01
18,98333	47,00
19,00000	47,00
19,01667	47,00
19,03333	47,00
19,05000	47,00
19,06667	47,00
19,08333	47,00
19,10000	47,00
19,11667	47,00
19,13333	47,00
19,15000	47,01
19,16667	47,01
19,18333	47,01
19,20000	47,01
19,21667	47,01
19,23333	47,01
19,25000	47,01
19,26667	47,01
19,28333	47,01
19,30000	47,01
19,31667	47,01
19,33333	47,01
19,35000	47,01
19,36667	47,01
19,38333	47,01
19,40000	47,01
19,41667	47,01
19,43333	47,01
19,45000	47,01
19,46667	47,00
19,48333	47,01
19,50000	47,01
19,51667	47,00
19,53333	47,00
19,55000	47,00
19,56667	47,00
19,58333	47,00
19,60000	47,00
19,61667	47,01
19,63333	47,00
19,65000	47,01
19,66667	47,01
19,68333	47,01
19,70000	47,01
19,71667	47,01
19,73333	47,01
19,75000	47,01
19,76667	47,01
19,78333	47,01
19,80000	47,01
19,81667	47,01
19,83333	47,01
19,85000	47,01
19,86667	47,00
19,88333	47,00
19,90000	47,00
19,91667	47,00
19,93333	47,00
19,95000	47,00
19,96667	47,00
19,98333	47,00
20,00000	47,01
20,01667	47,00
20,03333	47,01
20,05000	47,01
20,06667	47,01
20,08333	47,01
20,10000	47,01
20,11667	47,01
20,13333	47,01
20,15000	47,01
20,16667	47,01
20,18333	47,01
20,20000	47,01
20,21667	47,01
20,23333	47,01
20,25000	47,01
20,26667	47,01
20,28333	47,01
20,30000	47,01
20,31667	47,01
20,33333	47,01
20,35000	47,01
20,36667	47,01
20,38333	47,01
20,40000	47,01
20,41667	47,01
20,43333	47,01
20,45000	47,01
20,46667	47,01
20,48333	47,01
20,50000	47,01
20,51667	47,01
20,53333	47,00
20,55000	47,00
20,56667	47,00
20,58333	47,00
20,60000	47,00
20,61667	47,00
20,63333	47,00
20,65000	47,00
20,66667	47,00
20,68333	47,00
20,70000	47,00
20,71667	47,00
20,73333	47,00
20,75000	47,00
20,76667	47,00
20,78333	47,00
20,80000	47,00
20,81667	47,00
20,83333	47,00
20,85000	47,01
20,86667	47,00
20,88333	47,00
20,90000	47,00
20,91667	47,01
20,93333	47,01
20,95000	47,01
20,96667	47,01
20,98333	47,00
21,00000	47,01
21,01667	47,01
21,03333	47,01
21,05000	47,00
21,06667	47,00
21,08333	47,00
21,10000	47,00
21,11667	47,00
21,13333	47,00
21,15000	47,00
21,16667	47,00
21,18333	47,00
21,20000	47,00
21,21667	47,00
21,23333	47,00
21,25000	47,00
21,26667	47,00
21,28333	47,00
21,30000	47,00
21,31667	47,00
21,33333	47,00
21,35000	47,00
21,36667	47,00
21,38333	47,00
21,40000	47,00
21,41667	47,00
21,43333	47,00
21,45000	47,00
21,46667	47,01
21,48333	47,01
21,50000	47,00
21,51667	47,00
21,53333	47,01
21,55000	47,01
21,56667	47,01
21,58333	47,00
21,60000	47,00
21,61667	47,01
21,63333	47,01
21,65000	47,01
21,66667	47,01
21,68333	47,00
21,70000	47,01
21,71667	47,00
21,73333	47,01
21,75000	47,01
21,76667	47,01
21,78333	47,01
21,80000	47,01
21,81667	47,01
21,83333	47,01
21,85000	47,01
21,86667	47,01
21,88333	47,01
21,90000	47,00
21,91667	47,01
21,93333	47,01
21,95000	47,00
21,96667	47,00
21,98333	47,00
22,00000	47,00
22,01667	47,00
22,03333	47,00
22,05000	47,00
22,06667	47,00
22,08333	47,00
22,10000	47,00
22,11667	47,00
22,13333	47,00
22,15000	47,00
22,16667	47,00
22,18333	47,00
22,20000	47,00
22,21667	47,00
22,23333	47,00
22,25000	47,00
22,26667	47,00
22,28333	47,00
22,30000	47,01
22,31667	47,01
22,33333	47,01
22,35000	47,01
22,36667	47,01
22,38333	47,01
22,40000	47,01
22,41667	47,01
22,43333	47,01
22,45000	47,01
22,46667	47,01
22,48333	47,01
22,50000	47,00
22,51667	47,01
22,53333	47,01
22,55000	47,00
22,56667	47,00
22,58333	47,00
22,60000	47,00
22,61667	47,00
22,63333	47,00
22,65000	47,00
22,66667	47,00
22,68333	47,00
22,70000	47,01
22,71667	47,00
22,73333	47,01
22,75000	47,01
22,76667	47,01
22,78333	47,01
22,80000	47,01
22,81667	47,01
22,83333	47,00
22,85000	47,00
22,86667	47,01
22,88333	47,01
22,90000	47,01
22,91667	47,00
22,93333	47,01
22,95000	47,00
22,96667	47,01
22,98333	47,01
23,00000	47,01
23,01667	47,01
23,03333	47,01
23,05000	47,01
23,06667	47,01
23,08333	47,01
23,10000	47,01
23,11667	47,01
23,13333	47,01
23,15000	47,01
23,16667	47,01
23,18333	47,01
23,20000	47,01
23,21667	47,00
23,23333	47,00
23,25000	47,00
23,26667	47,01
23,28333	47,00
23,30000	47,00
23,31667	47,00
23,33333	47,01
23,35000	47,00
23,36667	47,01
23,38333	47,01
23,40000	47,01
23,41667	47,01
23,43333	47,01
23,45000	47,01
23,46667	47,01
23,48333	47,01
23,50000	47,01
23,51667	47,01
23,53333	47,01
23,55000	47,01
23,56667	47,01
23,58333	47,01
23,60000	47,01
23,61667	47,00
23,63333	47,00
23,65000	47,01
23,66667	47,00
23,68333	47,00
23,70000	47,00
23,71667	47,00
23,73333	47,00
23,75000	47,00
23,76667	47,00
23,78333	47,00
23,80000	47,00
23,81667	47,00
23,83333	47,00
23,85000	47,00
23,86667	47,00
23,88333	47,00
23,90000	47,01
23,91667	47,01
23,93333	47,01
23,95000	47,01
23,96667	47,01
23,98333	47,01
24,00000	47,01
24,01667	47,01
24,03333	47,01
24,05000	47,01
24,06667	47,01
24,08333	47,01
24,10000	47,01
24,11667	47,01
24,13333	47,01
24,15000	47,00
24,16667	47,00
24,18333	47,01
24,20000	47,01
24,21667	47,01
24,23333	47,01
24,25000	47,01
24,26667	47,01
24,28333	47,01
24,30000	47,01
24,31667	47,00
24,33333	47,01
24,35000	47,01
24,36667	47,01
24,38333	47,00
24,40000	47,00
24,41667	47,00
24,43333	47,00
24,45000	47,01
24,46667	47,00
24,48333	47,00
24,50000	47,00
24,51667	47,00
24,53333	47,00
24,55000	47,00
24,56667	47,00
24,58333	47,00
24,60000	47,00
24,61667	47,00
24,63333	47,00
24,65000	47,00
24,66667	47,00
24,68333	47,00
24,70000	47,00
24,71667	47,00
24,73333	47,00
24,75000	47,00
24,76667	47,00
24,78333	47,00
24,80000	47,00
24,81667	47,00
24,83333	47,00
24,85000	47,00
24,86667	47,00
24,88333	47,00
24,90000	47,00
24,91667	47,00
24,93333	47,00
24,95000	47,00
24,96667	47,00
24,98333	47,00
25,00000	47,00
25,01667	47,00
25,03333	47,00
25,05000	47,00
25,06667	47,00
25,08333	47,00
25,10000	47,00
25,11667	47,00
25,13333	47,00
25,15000	47,00
25,16667	47,00
25,18333	47,00
25,20000	47,00
25,21667	47,00
25,23333	47,00
25,25000	47,00
25,26667	47,00
25,28333	47,00
25,30000	47,00
25,31667	47,00
25,33333	47,00
25,35000	47,00
25,36667	47,00
25,38333	47,00
25,40000	47,00
25,41667	47,00
25,43333	47,00
25,45000	47,00
25,46667	47,00
25,48333	47,00
25,50000	47,00
25,51667	47,00
25,53333	47,00
25,55000	47,00
25,56667	47,00
25,58333	47,00
25,60000	47,00
25,61667	47,00
25,63333	47,00
25,65000	47,00
25,66667	47,00
25,68333	47,00
25,70000	47,00
25,71667	47,00
25,73333	47,00
25,75000	47,00
25,76667	47,00
25,78333	47,00
25,80000	47,00
25,81667	47,00
25,83333	47,00
25,85000	47,00
25,86667	47,00
25,88333	47,00
25,90000	47,00
25,91667	47,00
25,93333	47,00
25,95000	47,00
25,96667	47,00
25,98333	47,00
26,00000	47,00
26,01667	47,00
26,03333	47,00
26,05000	47,00
26,06667	47,00
26,08333	47,00
26,10000	47,00
26,11667	47,00
26,13333	47,00
26,15000	47,00
26,16667	47,00
26,18333	47,00
26,20000	47,00
26,21667	47,00
26,23333	47,00
26,25000	47,00
26,26667	47,00
26,28333	47,00
26,30000	47,00
26,31667	47,00
26,33333	47,00
26,35000	47,00
26,36667	47,00
26,38333	47,00
26,40000	47,00
26,41667	47,00
26,43333	47,00
26,45000	47,00
26,46667	47,00
26,48333	47,00
26,50000	47,00
26,51667	47,00
26,53333	47,00
26,55000	47,00
26,56667	47,00
26,58333	47,00
26,60000	47,00
26,61667	47,00
26,63333	47,00
26,65000	47,00
26,66667	47,00
26,68333	47,00
26,70000	47,00
26,71667	47,00
26,73333	47,00
26,75000	47,00
26,76667	47,00
26,78333	47,00
26,80000	47,00
26,81667	47,00
26,83333	47,00
26,85000	47,00
26,86667	47,00
26,88333	47,00
26,90000	47,00
26,91667	47,00
26,93333	47,00
26,95000	47,00
26,96667	47,00
26,98333	47,00
27,00000	47,00
27,01667	47,00
27,03333	47,00
27,05000	47,00
27,06667	47,00
27,08333	47,00
27,10000	47,00
27,11667	47,00
27,13333	47,00
27,15000	47,00
27,16667	47,00
27,18333	47,00
27,20000	47,00
27,21667	47,00
27,23333	47,00
27,25000	47,00
27,26667	47,00
27,28333	47,00
27,30000	47,00
27,31667	47,00
27,33333	47,00
27,35000	47,00
27,36667	47,00
27,38333	47,00
27,40000	47,00
27,41667	47,00
27,43333	47,00
27,45000	47,00
27,46667	47,00
27,48333	47,00
27,50000	47,00
27,51667	47,00
27,53333	47,00
27,55000	47,00
27,56667	47,00
27,58333	47,00
27,60000	47,00
27,61667	47,00
27,63333	47,00
27,65000	47,00
27,66667	47,00
27,68333	47,00
27,70000	47,00
27,71667	47,00
27,73333	47,00
27,75000	47,00
27,76667	47,00
27,78333	47,00
27,80000	47,00
27,81667	47,00
27,83333	47,00
27,85000	47,00
27,86667	47,00
27,88333	47,00
27,90000	47,00
27,91667	47,00
27,93333	47,00
27,95000	47,00
27,96667	47,00
27,98333	47,00
28,00000	47,00
28,01667	47,00
28,03333	47,00
28,05000	47,00
28,06667	47,00
28,08333	47,00
28,10000	47,00
28,11667	47,00
28,13333	47,00
28,15000	47,00
28,16667	47,00
28,18333	47,00
28,20000	47,00
28,21667	47,00
28,23333	47,00
28,25000	47,00
28,26667	47,00
28,28333	47,00
28,30000	47,00
28,31667	47,00
28,33333	47,00
28,35000	47,00
28,36667	47,00
28,38333	47,00
28,40000	47,00
28,41667	47,00
28,43333	47,00
28,45000	47,00
28,46667	47,00
28,48333	47,00
28,50000	47,00
28,51667	47,00
28,53333	47,00
28,55000	47,00
28,56667	47,00
28,58333	47,00
28,60000	47,00
28,61667	47,00
28,63333	47,00
28,65000	47,00
28,66667	47,00
28,68333	47,00
28,70000	47,00
28,71667	47,00
28,73333	47,00
28,75000	47,00
28,76667	47,00
28,78333	47,00
28,80000	47,00
28,81667	47,00
28,83333	47,00
28,85000	47,00
28,86667	47,00
28,88333	47,00
28,90000	47,00
28,91667	47,00
28,93333	47,00
28,95000	47,00
28,96667	47,00
28,98333	47,00
29,00000	47,00
29,01667	47,00
29,03333	47,00
29,05000	47,00
29,06667	47,00
29,08333	47,00
29,10000	47,00
29,11667	47,00
29,13333	47,00
29,15000	47,00
29,16667	47,00
29,18333	47,00
29,20000	47,00
29,21667	47,00
29,23333	47,00
29,25000	47,00
29,26667	47,00
29,28333	47,00
29,30000	47,00
29,31667	47,00
29,33333	47,00
29,35000	47,00
29,36667	47,00
29,38333	47,00
29,40000	47,00
29,41667	47,00
29,43333	47,00
29,45000	47,00
29,46667	47,00
29,48333	47,00
29,50000	47,00
29,51667	47,00
29,53333	47,00
29,55000	47,00
29,56667	47,00
29,58333	47,00
29,60000	47,00
29,61667	47,00
29,63333	47,00
29,65000	47,00
29,66667	47,00
29,68333	47,00
29,70000	47,00
29,71667	47,00
29,73333	47,00
29,75000	47,00
29,76667	47,00
29,78333	47,00
29,80000	47,00
29,81667	47,00
29,83333	47,00
29,85000	47,00
29,86667	47,00
29,88333	47,00
29,90000	47,00
29,91667	47,00
29,93333	47,00
29,95000	47,00
29,96667	47,00
29,98333	47,00
30,00000	47,00
30,01667	47,00
30,03333	47,00
30,05000	47,00
30,06667	47,00
30,08333	47,00
30,10000	47,00
30,11667	47,00
30,13333	47,00
30,15000	47,00
30,16667	47,00
30,18333	47,00
30,20000	47,00
30,21667	47,00
30,23333	47,00
30,25000	47,00
30,26667	47,00
30,28333	47,00
30,30000	47,00
30,31667	47,00
30,33333	47,00
30,35000	47,00
30,36667	47,00
30,38333	47,00
30,40000	47,00
30,41667	47,00
30,43333	47,00
30,45000	47,00
30,46667	47,00
30,48333	47,00
30,50000	47,00
30,51667	47,00
30,53333	47,00
30,55000	47,00
30,56667	47,00
30,58333	47,00
30,60000	47,00
30,61667	47,00
30,63333	47,00
30,65000	47,00
30,66667	47,00
30,68333	47,00
30,70000	47,00
30,71667	47,00
30,73333	47,00
30,75000	47,00
30,76667	47,00
30,78333	47,00
30,80000	47,00
30,81667	47,00
30,83333	47,00
30,85000	47,00
30,86667	47,00
30,88333	47,00
30,90000	47,00
30,91667	47,00
30,93333	47,00
30,95000	47,00
30,96667	47,00
30,98333	47,00
31,00000	47,00
31,01667	47,00
31,03333	47,00
31,05000	47,00
31,06667	47,00
31,08333	47,00
31,10000	47,00
31,11667	47,00
31,13333	47,00
31,15000	47,00
31,16667	47,00
31,18333	47,00
31,20000	47,00
31,21667	47,00
31,23333	47,00
31,25000	47,00
31,26667	47,00
31,28333	47,00
31,30000	47,00
31,31667	47,00
31,33333	47,00
31,35000	47,00
31,36667	47,00
31,38333	47,00
31,40000	47,00
31,41667	47,00
31,43333	47,00
31,45000	47,00
31,46667	47,00
31,48333	47,00
31,50000	47,00
31,51667	47,00
31,53333	47,00
31,55000	47,00
31,56667	47,00
31,58333	47,00
31,60000	47,00
31,61667	47,00
31,63333	47,00
31,65000	47,00
31,66667	47,00
31,68333	47,00
31,70000	47,00
31,71667	47,00
31,73333	47,00
31,75000	47,00
31,76667	47,00
31,78333	47,00
31,80000	47,00
31,81667	47,00
31,83333	47,00
31,85000	47,00
31,86667	47,00
31,88333	47,00
31,90000	47,00
31,91667	47,00
31,93333	47,00
31,95000	47,00
31,96667	47,00
31,98333	47,00
32,00000	47,00

[LC Status Trace(PDA Lamp Housing Temp.)]
Interval(msec)	1000
# of Points	1921
Start Time(min)	0,000
End Time(min)	32,000
Intensity Units	C
Intensity Multiplier	1
R.Time (min)	Intensity
0,00000	54,02
0,01667	54,02
0,03333	54,02
0,05000	54,02
0,06667	54,02
0,08333	54,02
0,10000	54,02
0,11667	54,02
0,13333	54,02
0,15000	54,02
0,16667	54,02
0,18333	54,02
0,20000	54,02
0,21667	54,02
0,23333	54,02
0,25000	54,02
0,26667	54,02
0,28333	54,03
0,30000	54,02
0,31667	54,02
0,33333	54,02
0,35000	54,03
0,36667	54,02
0,38333	54,02
0,40000	54,03
0,41667	54,03
0,43333	54,03
0,45000	54,03
0,46667	54,03
0,48333	54,03
0,50000	54,02
0,51667	54,02
0,53333	54,02
0,55000	54,02
0,56667	54,02
0,58333	54,02
0,60000	54,02
0,61667	54,02
0,63333	54,01
0,65000	54,01
0,66667	54,01
0,68333	54,02
0,70000	54,02
0,71667	54,02
0,73333	54,02
0,75000	54,03
0,76667	54,03
0,78333	54,03
0,80000	54,03
0,81667	54,03
0,83333	54,03
0,85000	54,03
0,86667	54,03
0,88333	54,03
0,90000	54,03
0,91667	54,04
0,93333	54,04
0,95000	54,04
0,96667	54,04
0,98333	54,04
1,00000	54,03
1,01667	54,03
1,03333	54,03
1,05000	54,03
1,06667	54,03
1,08333	54,03
1,10000	54,03
1,11667	54,03
1,13333	54,03
1,15000	54,03
1,16667	54,02
1,18333	54,02
1,20000	54,02
1,21667	54,02
1,23333	54,02
1,25000	54,02
1,26667	54,02
1,28333	54,01
1,30000	54,02
1,31667	54,02
1,33333	54,02
1,35000	54,02
1,36667	54,02
1,38333	54,02
1,40000	54,02
1,41667	54,02
1,43333	54,02
1,45000	54,02
1,46667	54,02
1,48333	54,02
1,50000	54,02
1,51667	54,02
1,53333	54,01
1,55000	54,02
1,56667	54,02
1,58333	54,02
1,60000	54,02
1,61667	54,03
1,63333	54,03
1,65000	54,03
1,66667	54,04
1,68333	54,03
1,70000	54,03
1,71667	54,03
1,73333	54,03
1,75000	54,04
1,76667	54,04
1,78333	54,04
1,80000	54,04
1,81667	54,04
1,83333	54,04
1,85000	54,04
1,86667	54,03
1,88333	54,03
1,90000	54,03
1,91667	54,04
1,93333	54,04
1,95000	54,03
1,96667	54,03
1,98333	54,04
2,00000	54,03
2,01667	54,03
2,03333	54,03
2,05000	54,03
2,06667	54,03
2,08333	54,04
2,10000	54,03
2,11667	54,03
2,13333	54,03
2,15000	54,03
2,16667	54,03
2,18333	54,03
2,20000	54,03
2,21667	54,03
2,23333	54,02
2,25000	54,02
2,26667	54,02
2,28333	54,02
2,30000	54,03
2,31667	54,03
2,33333	54,03
2,35000	54,03
2,36667	54,03
2,38333	54,03
2,40000	54,03
2,41667	54,03
2,43333	54,03
2,45000	54,03
2,46667	54,03
2,48333	54,03
2,50000	54,03
2,51667	54,03
2,53333	54,04
2,55000	54,04
2,56667	54,04
2,58333	54,04
2,60000	54,04
2,61667	54,03
2,63333	54,03
2,65000	54,03
2,66667	54,03
2,68333	54,03
2,70000	54,03
2,71667	54,03
2,73333	54,04
2,75000	54,04
2,76667	54,04
2,78333	54,04
2,80000	54,04
2,81667	54,04
2,83333	54,04
2,85000	54,04
2,86667	54,04
2,88333	54,03
2,90000	54,03
2,91667	54,03
2,93333	54,03
2,95000	54,03
2,96667	54,03
2,98333	54,03
3,00000	54,03
3,01667	54,03
3,03333	54,03
3,05000	54,03
3,06667	54,03
3,08333	54,03
3,10000	54,03
3,11667	54,02
3,13333	54,02
3,15000	54,02
3,16667	54,02
3,18333	54,02
3,20000	54,02
3,21667	54,02
3,23333	54,02
3,25000	54,03
3,26667	54,03
3,28333	54,03
3,30000	54,03
3,31667	54,03
3,33333	54,02
3,35000	54,03
3,36667	54,02
3,38333	54,02
3,40000	54,03
3,41667	54,03
3,43333	54,03
3,45000	54,03
3,46667	54,03
3,48333	54,03
3,50000	54,03
3,51667	54,03
3,53333	54,02
3,55000	54,03
3,56667	54,03
3,58333	54,03
3,60000	54,03
3,61667	54,03
3,63333	54,03
3,65000	54,03
3,66667	54,03
3,68333	54,03
3,70000	54,03
3,71667	54,04
3,73333	54,03
3,75000	54,03
3,76667	54,04
3,78333	54,03
3,80000	54,03
3,81667	54,03
3,83333	54,03
3,85000	54,03
3,86667	54,03
3,88333	54,04
3,90000	54,04
3,91667	54,04
3,93333	54,04
3,95000	54,04
3,96667	54,04
3,98333	54,04
4,00000	54,04
4,01667	54,03
4,03333	54,04
4,05000	54,03
4,06667	54,03
4,08333	54,03
4,10000	54,03
4,11667	54,03
4,13333	54,03
4,15000	54,03
4,16667	54,04
4,18333	54,03
4,20000	54,03
4,21667	54,03
4,23333	54,04
4,25000	54,04
4,26667	54,03
4,28333	54,03
4,30000	54,03
4,31667	54,03
4,33333	54,04
4,35000	54,04
4,36667	54,03
4,38333	54,03
4,40000	54,03
4,41667	54,03
4,43333	54,03
4,45000	54,03
4,46667	54,03
4,48333	54,04
4,50000	54,03
4,51667	54,03
4,53333	54,03
4,55000	54,03
4,56667	54,04
4,58333	54,04
4,60000	54,04
4,61667	54,04
4,63333	54,03
4,65000	54,03
4,66667	54,03
4,68333	54,03
4,70000	54,03
4,71667	54,03
4,73333	54,03
4,75000	54,03
4,76667	54,03
4,78333	54,03
4,80000	54,03
4,81667	54,03
4,83333	54,03
4,85000	54,03
4,86667	54,04
4,88333	54,03
4,90000	54,03
4,91667	54,04
4,93333	54,03
4,95000	54,03
4,96667	54,02
4,98333	54,02
5,00000	54,02
5,01667	54,02
5,03333	54,02
5,05000	54,02
5,06667	54,02
5,08333	54,02
5,10000	54,02
5,11667	54,02
5,13333	54,03
5,15000	54,03
5,16667	54,03
5,18333	54,03
5,20000	54,03
5,21667	54,03
5,23333	54,03
5,25000	54,03
5,26667	54,03
5,28333	54,03
5,30000	54,03
5,31667	54,03
5,33333	54,04
5,35000	54,03
5,36667	54,03
5,38333	54,04
5,40000	54,04
5,41667	54,05
5,43333	54,04
5,45000	54,04
5,46667	54,04
5,48333	54,04
5,50000	54,04
5,51667	54,04
5,53333	54,03
5,55000	54,03
5,56667	54,04
5,58333	54,04
5,60000	54,04
5,61667	54,04
5,63333	54,04
5,65000	54,04
5,66667	54,04
5,68333	54,04
5,70000	54,04
5,71667	54,04
5,73333	54,04
5,75000	54,04
5,76667	54,03
5,78333	54,03
5,80000	54,04
5,81667	54,04
5,83333	54,04
5,85000	54,04
5,86667	54,03
5,88333	54,03
5,90000	54,02
5,91667	54,02
5,93333	54,02
5,95000	54,02
5,96667	54,03
5,98333	54,03
6,00000	54,03
6,01667	54,03
6,03333	54,03
6,05000	54,03
6,06667	54,03
6,08333	54,03
6,10000	54,03
6,11667	54,03
6,13333	54,03
6,15000	54,03
6,16667	54,02
6,18333	54,02
6,20000	54,03
6,21667	54,03
6,23333	54,03
6,25000	54,03
6,26667	54,03
6,28333	54,03
6,30000	54,03
6,31667	54,03
6,33333	54,03
6,35000	54,03
6,36667	54,03
6,38333	54,03
6,40000	54,03
6,41667	54,04
6,43333	54,03
6,45000	54,03
6,46667	54,04
6,48333	54,04
6,50000	54,04
6,51667	54,04
6,53333	54,04
6,55000	54,04
6,56667	54,04
6,58333	54,03
6,60000	54,03
6,61667	54,04
6,63333	54,03
6,65000	54,04
6,66667	54,04
6,68333	54,04
6,70000	54,04
6,71667	54,04
6,73333	54,04
6,75000	54,04
6,76667	54,03
6,78333	54,03
6,80000	54,03
6,81667	54,03
6,83333	54,03
6,85000	54,03
6,86667	54,03
6,88333	54,03
6,90000	54,03
6,91667	54,03
6,93333	54,03
6,95000	54,03
6,96667	54,03
6,98333	54,04
7,00000	54,03
7,01667	54,03
7,03333	54,03
7,05000	54,03
7,06667	54,03
7,08333	54,03
7,10000	54,04
7,11667	54,04
7,13333	54,03
7,15000	54,03
7,16667	54,04
7,18333	54,04
7,20000	54,03
7,21667	54,03
7,23333	54,03
7,25000	54,04
7,26667	54,05
7,28333	54,04
7,30000	54,04
7,31667	54,05
7,33333	54,05
7,35000	54,05
7,36667	54,05
7,38333	54,05
7,40000	54,05
7,41667	54,05
7,43333	54,05
7,45000	54,05
7,46667	54,04
7,48333	54,04
7,50000	54,04
7,51667	54,03
7,53333	54,03
7,55000	54,04
7,56667	54,04
7,58333	54,04
7,60000	54,04
7,61667	54,03
7,63333	54,03
7,65000	54,03
7,66667	54,02
7,68333	54,02
7,70000	54,03
7,71667	54,03
7,73333	54,03
7,75000	54,03
7,76667	54,03
7,78333	54,03
7,80000	54,03
7,81667	54,03
7,83333	54,03
7,85000	54,03
7,86667	54,03
7,88333	54,03
7,90000	54,03
7,91667	54,03
7,93333	54,03
7,95000	54,03
7,96667	54,03
7,98333	54,03
8,00000	54,02
8,01667	54,02
8,03333	54,02
8,05000	54,02
8,06667	54,02
8,08333	54,03
8,10000	54,03
8,11667	54,03
8,13333	54,03
8,15000	54,03
8,16667	54,02
8,18333	54,02
8,20000	54,03
8,21667	54,03
8,23333	54,03
8,25000	54,03
8,26667	54,03
8,28333	54,03
8,30000	54,03
8,31667	54,04
8,33333	54,03
8,35000	54,04
8,36667	54,04
8,38333	54,04
8,40000	54,04
8,41667	54,04
8,43333	54,03
8,45000	54,03
8,46667	54,03
8,48333	54,03
8,50000	54,03
8,51667	54,03
8,53333	54,03
8,55000	54,03
8,56667	54,03
8,58333	54,03
8,60000	54,03
8,61667	54,03
8,63333	54,04
8,65000	54,03
8,66667	54,04
8,68333	54,04
8,70000	54,04
8,71667	54,04
8,73333	54,04
8,75000	54,03
8,76667	54,03
8,78333	54,04
8,80000	54,04
8,81667	54,04
8,83333	54,04
8,85000	54,04
8,86667	54,04
8,88333	54,04
8,90000	54,04
8,91667	54,04
8,93333	54,04
8,95000	54,04
8,96667	54,03
8,98333	54,03
9,00000	54,03
9,01667	54,03
9,03333	54,03
9,05000	54,03
9,06667	54,03
9,08333	54,02
9,10000	54,02
9,11667	54,02
9,13333	54,02
9,15000	54,02
9,16667	54,02
9,18333	54,02
9,20000	54,02
9,21667	54,02
9,23333	54,02
9,25000	54,01
9,26667	54,02
9,28333	54,02
9,30000	54,02
9,31667	54,02
9,33333	54,02
9,35000	54,02
9,36667	54,03
9,38333	54,03
9,40000	54,04
9,41667	54,03
9,43333	54,03
9,45000	54,03
9,46667	54,02
9,48333	54,03
9,50000	54,03
9,51667	54,03
9,53333	54,02
9,55000	54,02
9,56667	54,02
9,58333	54,03
9,60000	54,03
9,61667	54,03
9,63333	54,03
9,65000	54,03
9,66667	54,03
9,68333	54,02
9,70000	54,03
9,71667	54,03
9,73333	54,03
9,75000	54,02
9,76667	54,02
9,78333	54,02
9,80000	54,02
9,81667	54,02
9,83333	54,02
9,85000	54,02
9,86667	54,02
9,88333	54,03
9,90000	54,03
9,91667	54,03
9,93333	54,03
9,95000	54,03
9,96667	54,03
9,98333	54,03
10,00000	54,03
10,01667	54,03
10,03333	54,03
10,05000	54,03
10,06667	54,04
10,08333	54,03
10,10000	54,03
10,11667	54,03
10,13333	54,03
10,15000	54,03
10,16667	54,03
10,18333	54,03
10,20000	54,03
10,21667	54,03
10,23333	54,02
10,25000	54,02
10,26667	54,02
10,28333	54,02
10,30000	54,03
10,31667	54,03
10,33333	54,02
10,35000	54,02
10,36667	54,02
10,38333	54,03
10,40000	54,03
10,41667	54,03
10,43333	54,03
10,45000	54,03
10,46667	54,02
10,48333	54,02
10,50000	54,02
10,51667	54,02
10,53333	54,02
10,55000	54,02
10,56667	54,02
10,58333	54,02
10,60000	54,02
10,61667	54,03
10,63333	54,03
10,65000	54,02
10,66667	54,02
10,68333	54,02
10,70000	54,02
10,71667	54,02
10,73333	54,02
10,75000	54,02
10,76667	54,03
10,78333	54,03
10,80000	54,03
10,81667	54,03
10,83333	54,02
10,85000	54,02
10,86667	54,03
10,88333	54,03
10,90000	54,03
10,91667	54,03
10,93333	54,01
10,95000	54,02
10,96667	54,02
10,98333	54,02
11,00000	54,03
11,01667	54,03
11,03333	54,02
11,05000	54,02
11,06667	54,02
11,08333	54,03
11,10000	54,03
11,11667	54,02
11,13333	54,02
11,15000	54,03
11,16667	54,03
11,18333	54,03
11,20000	54,03
11,21667	54,03
11,23333	54,03
11,25000	54,03
11,26667	54,03
11,28333	54,03
11,30000	54,02
11,31667	54,02
11,33333	54,02
11,35000	54,02
11,36667	54,02
11,38333	54,03
11,40000	54,03
11,41667	54,03
11,43333	54,02
11,45000	54,02
11,46667	54,03
11,48333	54,03
11,50000	54,03
11,51667	54,03
11,53333	54,03
11,55000	54,03
11,56667	54,03
11,58333	54,02
11,60000	54,02
11,61667	54,02
11,63333	54,03
11,65000	54,03
11,66667	54,02
11,68333	54,02
11,70000	54,02
11,71667	54,02
11,73333	54,02
11,75000	54,02
11,76667	54,03
11,78333	54,03
11,80000	54,03
11,81667	54,03
11,83333	54,03
11,85000	54,03
11,86667	54,03
11,88333	54,03
11,90000	54,03
11,91667	54,03
11,93333	54,03
11,95000	54,04
11,96667	54,04
11,98333	54,04
12,00000	54,04
12,01667	54,04
12,03333	54,04
12,05000	54,04
12,06667	54,04
12,08333	54,05
12,10000	54,05
12,11667	54,05
12,13333	54,04
12,15000	54,04
12,16667	54,04
12,18333	54,04
12,20000	54,04
12,21667	54,04
12,23333	54,04
12,25000	54,03
12,26667	54,03
12,28333	54,03
12,30000	54,03
12,31667	54,02
12,33333	54,02
12,35000	54,02
12,36667	54,02
12,38333	54,02
12,40000	54,02
12,41667	54,02
12,43333	54,02
12,45000	54,03
12,46667	54,03
12,48333	54,03
12,50000	54,03
12,51667	54,03
12,53333	54,03
12,55000	54,03
12,56667	54,03
12,58333	54,03
12,60000	54,02
12,61667	54,02
12,63333	54,02
12,65000	54,02
12,66667	54,03
12,68333	54,03
12,70000	54,03
12,71667	54,03
12,73333	54,04
12,75000	54,03
12,76667	54,03
12,78333	54,03
12,80000	54,04
12,81667	54,03
12,83333	54,03
12,85000	54,03
12,86667	54,02
12,88333	54,02
12,90000	54,02
12,91667	54,02
12,93333	54,02
12,95000	54,02
12,96667	54,02
12,98333	54,02
13,00000	54,02
13,01667	54,02
13,03333	54,02
13,05000	54,03
13,06667	54,02
13,08333	54,02
13,10000	54,02
13,11667	54,02
13,13333	54,02
13,15000	54,03
13,16667	54,02
13,18333	54,02
13,20000	54,03
13,21667	54,03
13,23333	54,03
13,25000	54,03
13,26667	54,03
13,28333	54,03
13,30000	54,03
13,31667	54,03
13,33333	54,03
13,35000	54,03
13,36667	54,03
13,38333	54,04
13,40000	54,04
13,41667	54,04
13,43333	54,04
13,45000	54,04
13,46667	54,04
13,48333	54,04
13,50000	54,04
13,51667	54,04
13,53333	54,04
13,55000	54,04
13,56667	54,04
13,58333	54,03
13,60000	54,03
13,61667	54,03
13,63333	54,04
13,65000	54,04
13,66667	54,03
13,68333	54,03
13,70000	54,03
13,71667	54,03
13,73333	54,03
13,75000	54,03
13,76667	54,03
13,78333	54,03
13,80000	54,03
13,81667	54,03
13,83333	54,03
13,85000	54,03
13,86667	54,03
13,88333	54,03
13,90000	54,03
13,91667	54,03
13,93333	54,03
13,95000	54,03
13,96667	54,03
13,98333	54,03
14,00000	54,03
14,01667	54,03
14,03333	54,03
14,05000	54,03
14,06667	54,03
14,08333	54,03
14,10000	54,02
14,11667	54,02
14,13333	54,02
14,15000	54,03
14,16667	54,03
14,18333	54,03
14,20000	54,03
14,21667	54,03
14,23333	54,03
14,25000	54,03
14,26667	54,03
14,28333	54,02
14,30000	54,03
14,31667	54,03
14,33333	54,03
14,35000	54,03
14,36667	54,03
14,38333	54,03
14,40000	54,04
14,41667	54,04
14,43333	54,03
14,45000	54,04
14,46667	54,04
14,48333	54,04
14,50000	54,04
14,51667	54,04
14,53333	54,03
14,55000	54,03
14,56667	54,03
14,58333	54,02
14,60000	54,02
14,61667	54,02
14,63333	54,02
14,65000	54,02
14,66667	54,03
14,68333	54,03
14,70000	54,03
14,71667	54,03
14,73333	54,03
14,75000	54,03
14,76667	54,03
14,78333	54,03
14,80000	54,03
14,81667	54,03
14,83333	54,03
14,85000	54,03
14,86667	54,04
14,88333	54,03
14,90000	54,02
14,91667	54,02
14,93333	54,03
14,95000	54,03
14,96667	54,03
14,98333	54,03
15,00000	54,02
15,01667	54,02
15,03333	54,02
15,05000	54,03
15,06667	54,02
15,08333	54,02
15,10000	54,02
15,11667	54,02
15,13333	54,02
15,15000	54,02
15,16667	54,02
15,18333	54,02
15,20000	54,02
15,21667	54,01
15,23333	54,02
15,25000	54,02
15,26667	54,02
15,28333	54,03
15,30000	54,03
15,31667	54,03
15,33333	54,03
15,35000	54,03
15,36667	54,03
15,38333	54,03
15,40000	54,03
15,41667	54,03
15,43333	54,03
15,45000	54,03
15,46667	54,04
15,48333	54,04
15,50000	54,04
15,51667	54,04
15,53333	54,03
15,55000	54,03
15,56667	54,03
15,58333	54,03
15,60000	54,03
15,61667	54,03
15,63333	54,03
15,65000	54,03
15,66667	54,03
15,68333	54,03
15,70000	54,03
15,71667	54,03
15,73333	54,03
15,75000	54,03
15,76667	54,03
15,78333	54,03
15,80000	54,03
15,81667	54,03
15,83333	54,03
15,85000	54,03
15,86667	54,03
15,88333	54,03
15,90000	54,03
15,91667	54,03
15,93333	54,02
15,95000	54,02
15,96667	54,03
15,98333	54,02
16,00000	54,02
16,01667	54,02
16,03333	54,02
16,05000	54,02
16,06667	54,02
16,08333	54,02
16,10000	54,02
16,11667	54,02
16,13333	54,02
16,15000	54,02
16,16667	54,02
16,18333	54,02
16,20000	54,02
16,21667	54,02
16,23333	54,03
16,25000	54,02
16,26667	54,03
16,28333	54,03
16,30000	54,02
16,31667	54,03
16,33333	54,03
16,35000	54,03
16,36667	54,03
16,38333	54,03
16,40000	54,03
16,41667	54,03
16,43333	54,02
16,45000	54,03
16,46667	54,03
16,48333	54,03
16,50000	54,03
16,51667	54,03
16,53333	54,03
16,55000	54,03
16,56667	54,03
16,58333	54,03
16,60000	54,03
16,61667	54,03
16,63333	54,03
16,65000	54,03
16,66667	54,03
16,68333	54,03
16,70000	54,04
16,71667	54,03
16,73333	54,03
16,75000	54,03
16,76667	54,04
16,78333	54,04
16,80000	54,04
16,81667	54,04
16,83333	54,04
16,85000	54,04
16,86667	54,04
16,88333	54,04
16,90000	54,04
16,91667	54,03
16,93333	54,03
16,95000	54,02
16,96667	54,02
16,98333	54,02
17,00000	54,03
17,01667	54,03
17,03333	54,03
17,05000	54,02
17,06667	54,02
17,08333	54,02
17,10000	54,03
17,11667	54,03
17,13333	54,03
17,15000	54,03
17,16667	54,03
17,18333	54,03
17,20000	54,03
17,21667	54,03
17,23333	54,03
17,25000	54,03
17,26667	54,03
17,28333	54,03
17,30000	54,02
17,31667	54,02
17,33333	54,02
17,35000	54,02
17,36667	54,03
17,38333	54,03
17,40000	54,03
17,41667	54,02
17,43333	54,02
17,45000	54,02
17,46667	54,03
17,48333	54,03
17,50000	54,03
17,51667	54,03
17,53333	54,03
17,55000	54,03
17,56667	54,03
17,58333	54,03
17,60000	54,03
17,61667	54,03
17,63333	54,04
17,65000	54,03
17,66667	54,03
17,68333	54,03
17,70000	54,03
17,71667	54,03
17,73333	54,03
17,75000	54,03
17,76667	54,04
17,78333	54,04
17,80000	54,04
17,81667	54,04
17,83333	54,04
17,85000	54,04
17,86667	54,04
17,88333	54,04
17,90000	54,04
17,91667	54,04
17,93333	54,04
17,95000	54,04
17,96667	54,05
17,98333	54,05
18,00000	54,05
18,01667	54,05
18,03333	54,05
18,05000	54,05
18,06667	54,04
18,08333	54,05
18,10000	54,04
18,11667	54,04
18,13333	54,04
18,15000	54,04
18,16667	54,04
18,18333	54,04
18,20000	54,03
18,21667	54,03
18,23333	54,03
18,25000	54,03
18,26667	54,03
18,28333	54,02
18,30000	54,02
18,31667	54,01
18,33333	54,01
18,35000	54,02
18,36667	54,02
18,38333	54,02
18,40000	54,02
18,41667	54,02
18,43333	54,03
18,45000	54,03
18,46667	54,02
18,48333	54,03
18,50000	54,03
18,51667	54,03
18,53333	54,03
18,55000	54,03
18,56667	54,03
18,58333	54,03
18,60000	54,03
18,61667	54,03
18,63333	54,03
18,65000	54,03
18,66667	54,04
18,68333	54,04
18,70000	54,04
18,71667	54,05
18,73333	54,05
18,75000	54,04
18,76667	54,04
18,78333	54,04
18,80000	54,04
18,81667	54,04
18,83333	54,04
18,85000	54,04
18,86667	54,04
18,88333	54,04
18,90000	54,04
18,91667	54,04
18,93333	54,03
18,95000	54,03
18,96667	54,02
18,98333	54,02
19,00000	54,03
19,01667	54,03
19,03333	54,03
19,05000	54,03
19,06667	54,03
19,08333	54,03
19,10000	54,03
19,11667	54,02
19,13333	54,03
19,15000	54,03
19,16667	54,03
19,18333	54,03
19,20000	54,03
19,21667	54,03
19,23333	54,04
19,25000	54,04
19,26667	54,03
19,28333	54,03
19,30000	54,03
19,31667	54,03
19,33333	54,04
19,35000	54,04
19,36667	54,04
19,38333	54,04
19,40000	54,03
19,41667	54,03
19,43333	54,03
19,45000	54,03
19,46667	54,03
19,48333	54,03
19,50000	54,03
19,51667	54,03
19,53333	54,04
19,55000	54,04
19,56667	54,03
19,58333	54,04
19,60000	54,04
19,61667	54,04
19,63333	54,03
19,65000	54,04
19,66667	54,04
19,68333	54,04
19,70000	54,04
19,71667	54,04
19,73333	54,04
19,75000	54,04
19,76667	54,04
19,78333	54,04
19,80000	54,04
19,81667	54,05
19,83333	54,04
19,85000	54,04
19,86667	54,04
19,88333	54,04
19,90000	54,04
19,91667	54,04
19,93333	54,04
19,95000	54,04
19,96667	54,04
19,98333	54,04
20,00000	54,04
20,01667	54,04
20,03333	54,05
20,05000	54,04
20,06667	54,04
20,08333	54,04
20,10000	54,04
20,11667	54,04
20,13333	54,04
20,15000	54,04
20,16667	54,05
20,18333	54,05
20,20000	54,05
20,21667	54,04
20,23333	54,04
20,25000	54,03
20,26667	54,03
20,28333	54,03
20,30000	54,03
20,31667	54,03
20,33333	54,04
20,35000	54,04
20,36667	54,04
20,38333	54,04
20,40000	54,04
20,41667	54,03
20,43333	54,04
20,45000	54,04
20,46667	54,04
20,48333	54,05
20,50000	54,04
20,51667	54,03
20,53333	54,03
20,55000	54,03
20,56667	54,03
20,58333	54,02
20,60000	54,02
20,61667	54,03
20,63333	54,03
20,65000	54,03
20,66667	54,03
20,68333	54,03
20,70000	54,03
20,71667	54,04
20,73333	54,03
20,75000	54,03
20,76667	54,03
20,78333	54,04
20,80000	54,04
20,81667	54,04
20,83333	54,04
20,85000	54,04
20,86667	54,04
20,88333	54,04
20,90000	54,04
20,91667	54,04
20,93333	54,03
20,95000	54,03
20,96667	54,03
20,98333	54,04
21,00000	54,04
21,01667	54,04
21,03333	54,04
21,05000	54,04
21,06667	54,04
21,08333	54,04
21,10000	54,04
21,11667	54,04
21,13333	54,04
21,15000	54,04
21,16667	54,04
21,18333	54,04
21,20000	54,03
21,21667	54,04
21,23333	54,04
21,25000	54,04
21,26667	54,04
21,28333	54,03
21,30000	54,03
21,31667	54,03
21,33333	54,04
21,35000	54,04
21,36667	54,04
21,38333	54,04
21,40000	54,04
21,41667	54,04
21,43333	54,03
21,45000	54,03
21,46667	54,04
21,48333	54,04
21,50000	54,04
21,51667	54,04
21,53333	54,04
21,55000	54,04
21,56667	54,04
21,58333	54,04
21,60000	54,03
21,61667	54,03
21,63333	54,03
21,65000	54,03
21,66667	54,03
21,68333	54,03
21,70000	54,03
21,71667	54,04
21,73333	54,04
21,75000	54,03
21,76667	54,03
21,78333	54,03
21,80000	54,02
21,81667	54,02
21,83333	54,02
21,85000	54,03
21,86667	54,02
21,88333	54,02
21,90000	54,03
21,91667	54,03
21,93333	54,04
21,95000	54,04
21,96667	54,03
21,98333	54,03
22,00000	54,03
22,01667	54,03
22,03333	54,02
22,05000	54,03
22,06667	54,03
22,08333	54,03
22,10000	54,03
22,11667	54,04
22,13333	54,03
22,15000	54,03
22,16667	54,03
22,18333	54,03
22,20000	54,04
22,21667	54,04
22,23333	54,03
22,25000	54,03
22,26667	54,03
22,28333	54,02
22,30000	54,02
22,31667	54,03
22,33333	54,03
22,35000	54,02
22,36667	54,03
22,38333	54,03
22,40000	54,03
22,41667	54,03
22,43333	54,04
22,45000	54,03
22,46667	54,03
22,48333	54,03
22,50000	54,03
22,51667	54,03
22,53333	54,03
22,55000	54,03
22,56667	54,03
22,58333	54,03
22,60000	54,03
22,61667	54,04
22,63333	54,03
22,65000	54,03
22,66667	54,03
22,68333	54,03
22,70000	54,03
22,71667	54,03
22,73333	54,03
22,75000	54,03
22,76667	54,04
22,78333	54,04
22,80000	54,03
22,81667	54,03
22,83333	54,03
22,85000	54,03
22,86667	54,03
22,88333	54,03
22,90000	54,03
22,91667	54,03
22,93333	54,03
22,95000	54,03
22,96667	54,03
22,98333	54,04
23,00000	54,04
23,01667	54,04
23,03333	54,04
23,05000	54,03
23,06667	54,04
23,08333	54,03
23,10000	54,04
23,11667	54,03
23,13333	54,04
23,15000	54,04
23,16667	54,04
23,18333	54,04
23,20000	54,03
23,21667	54,03
23,23333	54,03
23,25000	54,02
23,26667	54,02
23,28333	54,03
23,30000	54,03
23,31667	54,03
23,33333	54,03
23,35000	54,03
23,36667	54,03
23,38333	54,03
23,40000	54,03
23,41667	54,03
23,43333	54,03
23,45000	54,04
23,46667	54,04
23,48333	54,04
23,50000	54,04
23,51667	54,04
23,53333	54,04
23,55000	54,04
23,56667	54,04
23,58333	54,04
23,60000	54,04
23,61667	54,03
23,63333	54,03
23,65000	54,03
23,66667	54,03
23,68333	54,03
23,70000	54,02
23,71667	54,02
23,73333	54,03
23,75000	54,03
23,76667	54,03
23,78333	54,03
23,80000	54,03
23,81667	54,03
23,83333	54,03
23,85000	54,04
23,86667	54,04
23,88333	54,03
23,90000	54,03
23,91667	54,03
23,93333	54,04
23,95000	54,03
23,96667	54,03
23,98333	54,04
24,00000	54,04
24,01667	54,04
24,03333	54,04
24,05000	54,04
24,06667	54,04
24,08333	54,05
24,10000	54,04
24,11667	54,04
24,13333	54,04
24,15000	54,03
24,16667	54,03
24,18333	54,03
24,20000	54,03
24,21667	54,03
24,23333	54,04
24,25000	54,04
24,26667	54,04
24,28333	54,04
24,30000	54,04
24,31667	54,04
24,33333	54,04
24,35000	54,03
24,36667	54,03
24,38333	54,03
24,40000	54,04
24,41667	54,03
24,43333	54,03
24,45000	54,03
24,46667	54,04
24,48333	54,03
24,50000	54,03
24,51667	54,04
24,53333	54,04
24,55000	54,03
24,56667	54,03
24,58333	54,03
24,60000	54,03
24,61667	54,02
24,63333	54,02
24,65000	54,03
24,66667	54,03
24,68333	54,03
24,70000	54,03
24,71667	54,03
24,73333	54,03
24,75000	54,03
24,76667	54,03
24,78333	54,03
24,80000	54,03
24,81667	54,04
24,83333	54,04
24,85000	54,04
24,86667	54,04
24,88333	54,04
24,90000	54,04
24,91667	54,04
24,93333	54,04
24,95000	54,04
24,96667	54,04
24,98333	54,04
25,00000	54,03
25,01667	54,03
25,03333	54,03
25,05000	54,03
25,06667	54,03
25,08333	54,03
25,10000	54,02
25,11667	54,02
25,13333	54,02
25,15000	54,02
25,16667	54,03
25,18333	54,03
25,20000	54,02
25,21667	54,02
25,23333	54,03
25,25000	54,04
25,26667	54,04
25,28333	54,03
25,30000	54,04
25,31667	54,04
25,33333	54,04
25,35000	54,04
25,36667	54,04
25,38333	54,03
25,40000	54,03
25,41667	54,04
25,43333	54,04
25,45000	54,04
25,46667	54,04
25,48333	54,04
25,50000	54,04
25,51667	54,04
25,53333	54,03
25,55000	54,04
25,56667	54,03
25,58333	54,03
25,60000	54,03
25,61667	54,03
25,63333	54,03
25,65000	54,03
25,66667	54,03
25,68333	54,03
25,70000	54,03
25,71667	54,04
25,73333	54,04
25,75000	54,03
25,76667	54,03
25,78333	54,03
25,80000	54,02
25,81667	54,02
25,83333	54,02
25,85000	54,01
25,86667	54,02
25,88333	54,02
25,90000	54,03
25,91667	54,03
25,93333	54,03
25,95000	54,02
25,96667	54,02
25,98333	54,02
26,00000	54,02
26,01667	54,02
26,03333	54,02
26,05000	54,02
26,06667	54,02
26,08333	54,02
26,10000	54,02
26,11667	54,02
26,13333	54,02
26,15000	54,02
26,16667	54,02
26,18333	54,02
26,20000	54,02
26,21667	54,02
26,23333	54,03
26,25000	54,02
26,26667	54,01
26,28333	54,01
26,30000	54,01
26,31667	54,01
26,33333	54,01
26,35000	54,01
26,36667	54,01
26,38333	54,01
26,40000	54,01
26,41667	54,02
26,43333	54,01
26,45000	54,01
26,46667	54,02
26,48333	54,02
26,50000	54,02
26,51667	54,02
26,53333	54,02
26,55000	54,02
26,56667	54,02
26,58333	54,03
26,60000	54,03
26,61667	54,03
26,63333	54,02
26,65000	54,02
26,66667	54,02
26,68333	54,03
26,70000	54,03
26,71667	54,03
26,73333	54,03
26,75000	54,03
26,76667	54,03
26,78333	54,03
26,80000	54,02
26,81667	54,02
26,83333	54,02
26,85000	54,02
26,86667	54,02
26,88333	54,02
26,90000	54,02
26,91667	54,02
26,93333	54,03
26,95000	54,03
26,96667	54,03
26,98333	54,03
27,00000	54,02
27,01667	54,02
27,03333	54,02
27,05000	54,03
27,06667	54,03
27,08333	54,03
27,10000	54,03
27,11667	54,03
27,13333	54,02
27,15000	54,02
27,16667	54,02
27,18333	54,02
27,20000	54,02
27,21667	54,03
27,23333	54,03
27,25000	54,03
27,26667	54,03
27,28333	54,03
27,30000	54,03
27,31667	54,04
27,33333	54,04
27,35000	54,04
27,36667	54,03
27,38333	54,03
27,40000	54,03
27,41667	54,03
27,43333	54,03
27,45000	54,04
27,46667	54,03
27,48333	54,03
27,50000	54,03
27,51667	54,03
27,53333	54,03
27,55000	54,03
27,56667	54,03
27,58333	54,03
27,60000	54,03
27,61667	54,03
27,63333	54,03
27,65000	54,03
27,66667	54,03
27,68333	54,03
27,70000	54,03
27,71667	54,04
27,73333	54,04
27,75000	54,03
27,76667	54,03
27,78333	54,03
27,80000	54,04
27,81667	54,04
27,83333	54,03
27,85000	54,03
27,86667	54,04
27,88333	54,04
27,90000	54,04
27,91667	54,03
27,93333	54,03
27,95000	54,03
27,96667	54,03
27,98333	54,03
28,00000	54,03
28,01667	54,03
28,03333	54,03
28,05000	54,02
28,06667	54,02
28,08333	54,02
28,10000	54,03
28,11667	54,03
28,13333	54,03
28,15000	54,03
28,16667	54,03
28,18333	54,03
28,20000	54,03
28,21667	54,03
28,23333	54,03
28,25000	54,03
28,26667	54,03
28,28333	54,04
28,30000	54,03
28,31667	54,03
28,33333	54,03
28,35000	54,03
28,36667	54,02
28,38333	54,02
28,40000	54,02
28,41667	54,02
28,43333	54,02
28,45000	54,02
28,46667	54,02
28,48333	54,02
28,50000	54,02
28,51667	54,02
28,53333	54,03
28,55000	54,03
28,56667	54,03
28,58333	54,03
28,60000	54,03
28,61667	54,02
28,63333	54,02
28,65000	54,02
28,66667	54,02
28,68333	54,02
28,70000	54,02
28,71667	54,03
28,73333	54,02
28,75000	54,02
28,76667	54,02
28,78333	54,02
28,80000	54,02
28,81667	54,02
28,83333	54,02
28,85000	54,01
28,86667	54,01
28,88333	54,02
28,90000	54,02
28,91667	54,02
28,93333	54,02
28,95000	54,02
28,96667	54,03
28,98333	54,03
29,00000	54,03
29,01667	54,02
29,03333	54,03
29,05000	54,03
29,06667	54,03
29,08333	54,02
29,10000	54,02
29,11667	54,02
29,13333	54,02
29,15000	54,03
29,16667	54,02
29,18333	54,02
29,20000	54,02
29,21667	54,02
29,23333	54,03
29,25000	54,03
29,26667	54,03
29,28333	54,03
29,30000	54,02
29,31667	54,02
29,33333	54,02
29,35000	54,02
29,36667	54,02
29,38333	54,02
29,40000	54,02
29,41667	54,02
29,43333	54,02
29,45000	54,02
29,46667	54,02
29,48333	54,02
29,50000	54,02
29,51667	54,03
29,53333	54,03
29,55000	54,03
29,56667	54,03
29,58333	54,04
29,60000	54,04
29,61667	54,04
29,63333	54,03
29,65000	54,03
29,66667	54,03
29,68333	54,03
29,70000	54,03
29,71667	54,03
29,73333	54,02
29,75000	54,02
29,76667	54,02
29,78333	54,02
29,80000	54,02
29,81667	54,02
29,83333	54,02
29,85000	54,02
29,86667	54,02
29,88333	54,01
29,90000	54,01
29,91667	54,02
29,93333	54,02
29,95000	54,03
29,96667	54,03
29,98333	54,02
30,00000	54,03
30,01667	54,04
30,03333	54,04
30,05000	54,04
30,06667	54,04
30,08333	54,04
30,10000	54,03
30,11667	54,03
30,13333	54,03
30,15000	54,02
30,16667	54,02
30,18333	54,02
30,20000	54,03
30,21667	54,03
30,23333	54,03
30,25000	54,03
30,26667	54,02
30,28333	54,03
30,30000	54,03
30,31667	54,03
30,33333	54,03
30,35000	54,03
30,36667	54,03
30,38333	54,03
30,40000	54,04
30,41667	54,04
30,43333	54,04
30,45000	54,04
30,46667	54,04
30,48333	54,04
30,50000	54,04
30,51667	54,04
30,53333	54,04
30,55000	54,04
30,56667	54,03
30,58333	54,03
30,60000	54,03
30,61667	54,03
30,63333	54,04
30,65000	54,04
30,66667	54,04
30,68333	54,04
30,70000	54,03
30,71667	54,03
30,73333	54,03
30,75000	54,02
30,76667	54,02
30,78333	54,03
30,80000	54,03
30,81667	54,03
30,83333	54,03
30,85000	54,03
30,86667	54,03
30,88333	54,03
30,90000	54,03
30,91667	54,03
30,93333	54,03
30,95000	54,03
30,96667	54,03
30,98333	54,03
31,00000	54,03
31,01667	54,02
31,03333	54,02
31,05000	54,02
31,06667	54,02
31,08333	54,02
31,10000	54,02
31,11667	54,02
31,13333	54,02
31,15000	54,02
31,16667	54,02
31,18333	54,02
31,20000	54,01
31,21667	54,01
31,23333	54,01
31,25000	54,01
31,26667	54,01
31,28333	54,02
31,30000	54,02
31,31667	54,02
31,33333	54,03
31,35000	54,03
31,36667	54,03
31,38333	54,02
31,40000	54,02
31,41667	54,03
31,43333	54,03
31,45000	54,02
31,46667	54,02
31,48333	54,02
31,50000	54,02
31,51667	54,02
31,53333	54,02
31,55000	54,02
31,56667	54,02
31,58333	54,02
31,60000	54,03
31,61667	54,03
31,63333	54,03
31,65000	54,02
31,66667	54,02
31,68333	54,02
31,70000	54,02
31,71667	54,02
31,73333	54,02
31,75000	54,03
31,76667	54,03
31,78333	54,03
31,80000	54,03
31,81667	54,04
31,83333	54,03
31,85000	54,02
31,86667	54,03
31,88333	54,03
31,90000	54,03
31,91667	54,03
31,93333	54,02
31,95000	54,02
31,96667	54,03
31,98333	54,03
32,00000	54,03

[PDA Multi Chromatogram(Ch1)]
# of Points	      3001
Interval(msec)	640
Start Time(min)	0
End Time(min)	32
Intensity Units	mAU
Intensity Multiplier	1
Type	MultiChrom
Wavelength(nm)	215
Bandwidth(nm)	4
R.Time (min)	Intensity
0,00000	0
0,01067	0
0,02133	-337
0,03200	-671
0,04267	-1007
0,05333	-1339
0,06400	-1669
0,07467	-1996
0,08533	-2324
0,09600	-2649
0,10667	-2974
0,11733	-3298
0,12800	-3621
0,13867	-3942
0,14933	-4263
0,16000	-4583
0,17067	-4906
0,18133	-5230
0,19200	-5552
0,20267	-5870
0,21333	-6189
0,22400	-6503
0,23467	-6815
0,24533	-7125
0,25600	-7432
0,26667	-7737
0,27733	-8039
0,28800	-8340
0,29867	-8639
0,30933	-8934
0,32000	-9227
0,33067	-9519
0,34133	-9808
0,35200	-10093
0,36267	-10377
0,37333	-10660
0,38400	-10940
0,39467	-11217
0,40533	-11492
0,41600	-11766
0,42667	-12038
0,43733	-12311
0,44800	-12583
0,45867	-12854
0,46933	-13122
0,48000	-13389
0,49067	-13655
0,50133	-13920
0,51200	-14185
0,52267	-14445
0,53333	-14705
0,54400	-14965
0,55467	-15221
0,56533	-15477
0,57600	-15733
0,58667	-15989
0,59733	-16242
0,60800	-16496
0,61867	-16752
0,62933	-17007
0,64000	-17264
0,65067	-17523
0,66133	-17784
0,67200	-18046
0,68267	-18309
0,69333	-18577
0,70400	-18847
0,71467	-19118
0,72533	-19389
0,73600	-19662
0,74667	-19938
0,75733	-20216
0,76800	-20492
0,77867	-20771
0,78933	-21053
0,80000	-21335
0,81067	-21617
0,82133	-21897
0,83200	-22175
0,84267	-22454
0,85333	-22732
0,86400	-23009
0,87467	-23284
0,88533	-23559
0,89600	-23834
0,90667	-24106
0,91733	-24373
0,92800	-24640
0,93867	-24906
0,94933	-25168
0,96000	-25427
0,97067	-25682
0,98133	-25933
0,99200	-26179
1,00267	-26417
1,01333	-26648
1,02400	-26872
1,03467	-27090
1,04533	-27297
1,05600	-27492
1,06667	-27673
1,07733	-27839
1,08800	-27992
1,09867	-28132
1,10933	-28255
1,12000	-28360
1,13067	-28447
1,14133	-28515
1,15200	-28567
1,16267	-28599
1,17333	-28612
1,18400	-28607
1,19467	-28583
1,20533	-28539
1,21600	-28474
1,22667	-28389
1,23733	-28286
1,24800	-28163
1,25867	-28020
1,26933	-27858
1,28000	-27677
1,29067	-27476
1,30133	-27256
1,31200	-27018
1,32267	-26762
1,33333	-26486
1,34400	-26192
1,35467	-25880
1,36533	-25550
1,37600	-25204
1,38667	-24838
1,39733	-24454
1,40800	-24056
1,41867	-23638
1,42933	-23205
1,44000	-22757
1,45067	-22293
1,46133	-21817
1,47200	-21329
1,48267	-20827
1,49333	-20311
1,50400	-19782
1,51467	-19240
1,52533	-18688
1,53600	-18127
1,54667	-17558
1,55733	-16982
1,56800	-16395
1,57867	-15801
1,58933	-15200
1,60000	-14594
1,61067	-13981
1,62133	-13366
1,63200	-12747
1,64267	-12123
1,65333	-11496
1,66400	-10868
1,67467	-10240
1,68533	-9613
1,69600	-8986
1,70667	-8360
1,71733	-7740
1,72800	-7121
1,73867	-6507
1,74933	-5899
1,76000	-5294
1,77067	-4695
1,78133	-4105
1,79200	-3518
1,80267	-2936
1,81333	-2362
1,82400	-1794
1,83467	-1234
1,84533	-681
1,85600	-134
1,86667	405
1,87733	937
1,88800	1463
1,89867	1980
1,90933	2488
1,92000	2989
1,93067	3482
1,94133	3967
1,95200	4443
1,96267	4910
1,97333	5369
1,98400	5820
1,99467	6262
2,00533	6693
2,01600	7116
2,02667	7530
2,03733	7934
2,04800	8327
2,05867	8712
2,06933	9088
2,08000	9452
2,09067	9808
2,10133	10159
2,11200	10500
2,12267	10830
2,13333	11154
2,14400	11473
2,15467	11782
2,16533	12083
2,17600	12377
2,18667	12662
2,19733	12942
2,20800	13217
2,21867	13483
2,22933	13740
2,24000	13990
2,25067	14235
2,26133	14477
2,27200	14711
2,28267	14936
2,29333	15157
2,30400	15373
2,31467	15581
2,32533	15786
2,33600	15987
2,34667	16184
2,35733	16377
2,36800	16568
2,37867	16756
2,38933	16939
2,40000	17119
2,41067	17297
2,42133	17471
2,43200	17643
2,44267	17814
2,45333	17984
2,46400	18150
2,47467	18312
2,48533	18475
2,49600	18634
2,50667	18787
2,51733	18936
2,52800	19083
2,53867	19227
2,54933	19367
2,56000	19502
2,57067	19631
2,58133	19758
2,59200	19885
2,60267	20009
2,61333	20129
2,62400	20247
2,63467	20364
2,64533	20481
2,65600	20596
2,66667	20708
2,67733	20817
2,68800	20925
2,69867	21035
2,70933	21142
2,72000	21248
2,73067	21355
2,74133	21458
2,75200	21559
2,76267	21659
2,77333	21756
2,78400	21848
2,79467	21936
2,80533	22025
2,81600	22112
2,82667	22197
2,83733	22281
2,84800	22366
2,85867	22448
2,86933	22526
2,88000	22602
2,89067	22679
2,90133	22756
2,91200	22833
2,92267	22907
2,93333	22981
2,94400	23055
2,95467	23131
2,96533	23211
2,97600	23288
2,98667	23362
2,99733	23437
3,00800	23512
3,01867	23586
3,02933	23660
3,04000	23733
3,05067	23802
3,06133	23871
3,07200	23940
3,08267	24004
3,09333	24069
3,10400	24137
3,11467	24200
3,12533	24261
3,13600	24323
3,14667	24385
3,15733	24449
3,16800	24513
3,17867	24576
3,18933	24641
3,20000	24707
3,21067	24770
3,22133	24832
3,23200	24897
3,24267	24961
3,25333	25023
3,26400	25084
3,27467	25144
3,28533	25198
3,29600	25253
3,30667	25307
3,31733	25359
3,32800	25411
3,33867	25460
3,34933	25509
3,36000	25558
3,37067	25609
3,38133	25659
3,39200	25707
3,40267	25758
3,41333	25811
3,42400	25863
3,43467	25915
3,44533	25968
3,45600	26021
3,46667	26074
3,47733	26130
3,48800	26185
3,49867	26239
3,50933	26294
3,52000	26349
3,53067	26403
3,54133	26453
3,55200	26505
3,56267	26554
3,57333	26591
3,58400	26592
3,59467	26507
3,60533	26258
3,61600	25760
3,62667	24940
3,63733	23772
3,64800	22277
3,65867	20530
3,66933	18654
3,68000	16820
3,69067	15262
3,70133	14379
3,71200	15063
3,72267	19119
3,73333	28902
3,74400	45397
3,75467	66147
3,76533	85907
3,77600	100001
3,78667	106868
3,79733	107720
3,80800	104781
3,81867	100006
3,82933	94625
3,84000	89121
3,85067	83430
3,86133	77363
3,87200	70990
3,88267	64643
3,89333	58687
3,90400	53383
3,91467	48854
3,92533	45126
3,93600	42161
3,94667	39878
3,95733	38169
3,96800	36929
3,97867	36060
3,98933	35481
4,00000	35134
4,01067	34972
4,02133	34971
4,03200	35116
4,04267	35396
4,05333	35798
4,06400	36307
4,07467	36850
4,08533	36121
4,09600	28219
4,10667	7020
4,11733	-25205
4,12800	-60519
4,13867	-92879
4,14933	-119332
4,16000	-137397
4,17067	-146179
4,18133	-147912
4,19200	-147000
4,20267	-150201
4,21333	-161192
4,22400	-176089
4,23467	-188863
4,24533	-192874
4,25600	-179531
4,26667	-138278
4,27733	17498
4,28800	419819
4,29867	894427
4,30933	1189817
4,32000	1316561
4,33067	1328818
4,34133	1257781
4,35200	1130193
4,36267	971291
4,37333	801609
4,38400	634436
4,39467	477065
4,40533	335486
4,41600	216105
4,42667	122438
4,43733	53061
4,44800	3236
4,45867	-32523
4,46933	-58898
4,48000	-79209
4,49067	-95492
4,50133	-108830
4,51200	-119725
4,52267	-128417
4,53333	-135139
4,54400	-140185
4,55467	-143880
4,56533	-146559
4,57600	-148536
4,58667	-150077
4,59733	-151381
4,60800	-152564
4,61867	-153676
4,62933	-154724
4,64000	-155698
4,65067	-156584
4,66133	-157368
4,67200	-158045
4,68267	-158623
4,69333	-159112
4,70400	-159527
4,71467	-159883
4,72533	-160193
4,73600	-160470
4,74667	-160725
4,75733	-160965
4,76800	-161195
4,77867	-161416
4,78933	-161634
4,80000	-161857
4,81067	-162084
4,82133	-162318
4,83200	-162563
4,84267	-162824
4,85333	-163105
4,86400	-163409
4,87467	-163736
4,88533	-164081
4,89600	-164435
4,90667	-164796
4,91733	-165156
4,92800	-165514
4,93867	-165862
4,94933	-166196
4,96000	-166512
4,97067	-166799
4,98133	-167048
4,99200	-167265
5,00267	-167463
5,01333	-167463
5,02400	-118600
5,03467	220607
5,04533	875086
5,05600	1470713
5,06667	1840491
5,07733	2058313
5,08800	2180559
5,09867	2240809
5,10933	2256669
5,12000	2239352
5,13067	2200881
5,14133	2154746
5,15200	2112457
5,16267	2079415
5,17333	2055944
5,18400	2040171
5,19467	2029844
5,20533	2023379
5,21600	2019888
5,22667	2018428
5,23733	2018200
5,24800	2018961
5,25867	2020550
5,26933	2022734
5,28000	2025450
5,29067	2028392
5,30133	2031579
5,31200	2034839
5,32267	2037789
5,33333	2040567
5,34400	2043050
5,35467	2045044
5,36533	2046683
5,37600	2048155
5,38667	2049155
5,39733	2049720
5,40800	2050053
5,41867	2050079
5,42933	2049689
5,44000	2048822
5,45067	2047705
5,46133	2046412
5,47200	2045226
5,48267	2044002
5,49333	2042857
5,50400	2042042
5,51467	2041349
5,52533	2040813
5,53600	2040562
5,54667	2040630
5,55733	2041198
5,56800	2042462
5,57867	2044244
5,58933	2046440
5,60000	2048943
5,61067	2051958
5,62133	2055518
5,63200	2059378
5,64267	2063562
5,65333	2068093
5,66400	2072912
5,67467	2078657
5,68533	2089556
5,69600	2112441
5,70667	2150935
5,71733	2197771
5,72800	2239765
5,73867	2270223
5,74933	2288434
5,76000	2296996
5,77067	2299233
5,78133	2296996
5,79200	2291475
5,80267	2282866
5,81333	2270167
5,82400	2252827
5,83467	2230168
5,84533	2201707
5,85600	2167542
5,86667	2128102
5,87733	2084084
5,88800	2035664
5,89867	1982754
5,90933	1925581
5,92000	1864685
5,93067	1800648
5,94133	1734181
5,95200	1665890
5,96267	1596446
5,97333	1526167
5,98400	1455078
5,99467	1383286
6,00533	1311039
6,01600	1238843
6,02667	1167388
6,03733	1097451
6,04800	1029933
6,05867	965562
6,06933	904857
6,08000	848134
6,09067	795457
6,10133	746757
6,11200	701846
6,12267	660479
6,13333	622355
6,14400	587185
6,15467	554714
6,16533	524710
6,17600	496971
6,18667	471317
6,19733	447584
6,20800	425606
6,21867	405265
6,22933	386438
6,24000	369002
6,25067	352858
6,26133	337905
6,27200	324045
6,28267	311195
6,29333	299275
6,30400	288208
6,31467	277917
6,32533	268338
6,33600	259417
6,34667	251098
6,35733	243327
6,36800	236063
6,37867	229261
6,38933	222881
6,40000	216890
6,41067	211258
6,42133	205956
6,43200	200954
6,44267	196228
6,45333	191758
6,46400	187525
6,47467	183513
6,48533	179702
6,49600	176080
6,50667	172636
6,51733	169351
6,52800	166217
6,53867	163228
6,54933	160371
6,56000	157640
6,57067	155029
6,58133	152530
6,59200	150135
6,60267	147836
6,61333	145633
6,62400	143515
6,63467	141479
6,64533	139519
6,65600	137635
6,66667	135821
6,67733	134072
6,68800	132382
6,69867	130752
6,70933	129181
6,72000	127666
6,73067	126203
6,74133	124785
6,75200	123411
6,76267	122080
6,77333	120792
6,78400	119545
6,79467	118339
6,80533	117172
6,81600	116041
6,82667	114946
6,83733	113888
6,84800	112861
6,85867	111871
6,86933	110923
6,88000	110017
6,89067	109161
6,90133	108360
6,91200	107609
6,92267	106904
6,93333	106233
6,94400	105583
6,95467	104948
6,96533	104327
6,97600	103721
6,98667	103130
6,99733	102544
7,00800	101957
7,01867	101368
7,02933	100772
7,04000	100172
7,05067	99573
7,06133	98976
7,07200	98379
7,08267	97780
7,09333	97177
7,10400	96572
7,11467	96167
7,12533	108562
7,13600	223229
7,14667	546022
7,15733	963315
7,16800	1299044
7,17867	1530512
7,18933	1682019
7,20000	1777746
7,21067	1836570
7,22133	1871703
7,23200	1891477
7,24267	1900895
7,25333	1902788
7,26400	1899024
7,27467	1890831
7,28533	1878824
7,29600	1863426
7,30667	1844857
7,31733	1822913
7,32800	1797415
7,33867	1767813
7,34933	1733064
7,36000	1691881
7,37067	1642282
7,38133	1581820
7,39200	1508055
7,40267	1419260
7,41333	1315432
7,42400	1199196
7,43467	1075356
7,44533	949746
7,45600	828035
7,46667	714751
7,47733	612808
7,48800	523549
7,49867	447083
7,50933	382704
7,52000	329266
7,53067	285446
7,54133	249895
7,55200	221333
7,56267	198590
7,57333	180622
7,58400	166514
7,59467	155474
7,60533	146836
7,61600	140054
7,62667	134697
7,63733	130413
7,64800	126930
7,65867	124048
7,66933	121617
7,68000	119525
7,69067	117691
7,70133	116058
7,71200	114583
7,72267	113241
7,73333	112004
7,74400	110854
7,75467	109784
7,76533	108783
7,77600	107840
7,78667	106951
7,79733	106108
7,80800	105309
7,81867	104553
7,82933	103834
7,84000	103146
7,85067	102488
7,86133	101860
7,87200	101258
7,88267	100679
7,89333	100125
7,90400	99598
7,91467	99090
7,92533	98596
7,93600	98118
7,94667	97656
7,95733	97207
7,96800	96774
7,97867	96356
7,98933	95948
8,00000	95556
8,01067	95173
8,02133	94800
8,03200	94438
8,04267	94082
8,05333	93734
8,06400	93398
8,07467	93070
8,08533	92751
8,09600	92442
8,10667	92136
8,11733	91834
8,12800	91539
8,13867	91248
8,14933	90961
8,16000	90680
8,17067	90399
8,18133	90115
8,19200	89834
8,20267	89555
8,21333	89279
8,22400	89008
8,23467	88739
8,24533	88475
8,25600	88216
8,26667	87960
8,27733	87707
8,28800	87456
8,29867	87208
8,30933	86963
8,32000	86719
8,33067	86476
8,34133	86238
8,35200	86000
8,36267	85763
8,37333	85532
8,38400	85304
8,39467	85081
8,40533	84859
8,41600	84638
8,42667	84423
8,43733	84208
8,44800	83992
8,45867	83778
8,46933	83571
8,48000	83366
8,49067	83164
8,50133	82963
8,51200	82764
8,52267	82568
8,53333	82377
8,54400	82188
8,55467	82002
8,56533	81822
8,57600	81642
8,58667	81464
8,59733	81292
8,60800	81122
8,61867	80954
8,62933	80788
8,64000	80627
8,65067	80467
8,66133	80307
8,67200	80151
8,68267	79997
8,69333	79842
8,70400	79688
8,71467	79535
8,72533	79381
8,73600	79229
8,74667	79076
8,75733	78923
8,76800	78766
8,77867	78608
8,78933	78454
8,80000	78302
8,81067	78152
8,82133	78001
8,83200	77852
8,84267	77705
8,85333	77564
8,86400	77430
8,87467	77297
8,88533	77168
8,89600	77044
8,90667	76923
8,91733	76805
8,92800	76689
8,93867	76580
8,94933	76477
8,96000	76378
8,97067	76280
8,98133	76184
8,99200	76093
9,00267	76005
9,01333	75918
9,02400	75834
9,03467	75750
9,04533	75666
9,05600	75583
9,06667	75501
9,07733	75421
9,08800	75340
9,09867	75261
9,10933	75185
9,12000	75106
9,13067	75027
9,14133	74950
9,15200	74873
9,16267	74796
9,17333	74723
9,18400	74651
9,19467	74579
9,20533	74507
9,21600	74439
9,22667	74377
9,23733	74316
9,24800	74254
9,25867	74192
9,26933	74127
9,28000	74060
9,29067	73996
9,30133	73935
9,31200	73873
9,32267	73809
9,33333	73747
9,34400	73681
9,35467	73613
9,36533	73545
9,37600	73477
9,38667	73407
9,39733	73334
9,40800	73258
9,41867	73183
9,42933	73106
9,44000	73030
9,45067	72950
9,46133	72869
9,47200	72784
9,48267	72695
9,49333	72602
9,50400	72511
9,51467	72417
9,52533	72322
9,53600	72226
9,54667	72126
9,55733	72028
9,56800	71932
9,57867	71834
9,58933	71735
9,60000	71639
9,61067	71545
9,62133	71449
9,63200	71356
9,64267	71266
9,65333	71178
9,66400	71090
9,67467	71003
9,68533	70921
9,69600	70845
9,70667	70774
9,71733	70711
9,72800	70655
9,73867	70604
9,74933	70554
9,76000	70508
9,77067	70466
9,78133	70425
9,79200	70385
9,80267	70346
9,81333	70309
9,82400	70275
9,83467	70246
9,84533	70226
9,85600	70219
9,86667	70228
9,87733	70253
9,88800	70294
9,89867	70357
9,90933	70437
9,92000	70523
9,93067	70615
9,94133	70705
9,95200	70781
9,96267	70837
9,97333	70863
9,98400	70855
9,99467	70814
10,00533	70739
10,01600	70628
10,02667	70489
10,03733	70334
10,04800	70169
10,05867	70002
10,06933	69839
10,08000	69683
10,09067	69534
10,10133	69393
10,11200	69263
10,12267	69145
10,13333	69037
10,14400	68939
10,15467	68849
10,16533	68765
10,17600	68691
10,18667	68622
10,19733	68557
10,20800	68498
10,21867	68443
10,22933	68391
10,24000	68339
10,25067	68285
10,26133	68235
10,27200	68187
10,28267	68141
10,29333	68098
10,30400	68059
10,31467	68028
10,32533	68010
10,33600	68007
10,34667	68026
10,35733	68078
10,36800	68180
10,37867	68356
10,38933	68651
10,40000	69128
10,41067	69891
10,42133	71090
10,43200	72938
10,44267	75718
10,45333	79785
10,46400	85562
10,47467	93514
10,48533	104111
10,49600	117762
10,50667	134717
10,51733	154935
10,52800	177974
10,53867	202926
10,54933	228400
10,56000	252627
10,57067	273675
10,58133	289715
10,59200	299301
10,60267	301626
10,61333	296665
10,62400	285159
10,63467	268464
10,64533	248314
10,65600	226499
10,66667	204606
10,67733	183844
10,68800	164991
10,69867	148409
10,70933	134146
10,72000	122061
10,73067	111907
10,74133	103413
10,75200	96327
10,76267	90431
10,77333	85540
10,78400	81504
10,79467	78199
10,80533	75516
10,81600	73359
10,82667	71644
10,83733	70298
10,84800	69253
10,85867	68452
10,86933	67841
10,88000	67380
10,89067	67035
10,90133	66777
10,91200	66582
10,92267	66432
10,93333	66314
10,94400	66219
10,95467	66144
10,96533	66078
10,97600	66018
10,98667	65965
10,99733	65914
11,00800	65868
11,01867	65828
11,02933	65791
11,04000	65761
11,05067	65732
11,06133	65701
11,07200	65671
11,08267	65642
11,09333	65617
11,10400	65589
11,11467	65561
11,12533	65537
11,13600	65512
11,14667	65486
11,15733	65460
11,16800	65434
11,17867	65407
11,18933	65380
11,20000	65351
11,21067	65324
11,22133	65298
11,23200	65273
11,24267	65249
11,25333	65223
11,26400	65200
11,27467	65185
11,28533	65178
11,29600	65172
11,30667	65175
11,31733	65182
11,32800	65189
11,33867	65196
11,34933	65201
11,36000	65202
11,37067	65200
11,38133	65189
11,39200	65171
11,40267	65148
11,41333	65123
11,42400	65094
11,43467	65058
11,44533	65016
11,45600	64974
11,46667	64933
11,47733	64891
11,48800	64849
11,49867	64810
11,50933	64772
11,52000	64739
11,53067	64711
11,54133	64682
11,55200	64657
11,56267	64634
11,57333	64612
11,58400	64589
11,59467	64568
11,60533	64553
11,61600	64544
11,62667	64538
11,63733	64539
11,64800	64544
11,65867	64554
11,66933	64562
11,68000	64560
11,69067	64545
11,70133	64518
11,71200	64483
11,72267	64439
11,73333	64393
11,74400	64348
11,75467	64304
11,76533	64262
11,77600	64222
11,78667	64186
11,79733	64155
11,80800	64125
11,81867	64093
11,82933	64064
11,84000	64037
11,85067	64010
11,86133	63986
11,87200	63963
11,88267	63941
11,89333	63925
11,90400	63912
11,91467	63897
11,92533	63884
11,93600	63872
11,94667	63860
11,95733	63852
11,96800	63848
11,97867	63853
11,98933	63873
12,00000	63915
12,01067	63986
12,02133	64087
12,03200	64208
12,04267	64336
12,05333	64452
12,06400	64539
12,07467	64578
12,08533	64566
12,09600	64506
12,10667	64410
12,11733	64295
12,12800	64175
12,13867	64062
12,14933	63964
12,16000	63883
12,17067	63818
12,18133	63758
12,19200	63710
12,20267	63672
12,21333	63638
12,22400	63608
12,23467	63578
12,24533	63550
12,25600	63527
12,26667	63507
12,27733	63488
12,28800	63471
12,29867	63453
12,30933	63438
12,32000	63427
12,33067	63416
12,34133	63403
12,35200	63392
12,36267	63383
12,37333	63374
12,38400	63365
12,39467	63355
12,40533	63344
12,41600	63328
12,42667	63311
12,43733	63293
12,44800	63273
12,45867	63252
12,46933	63227
12,48000	63202
12,49067	63173
12,50133	63141
12,51200	63107
12,52267	63070
12,53333	63029
12,54400	62984
12,55467	62935
12,56533	62880
12,57600	62817
12,58667	62748
12,59733	62670
12,60800	62578
12,61867	62478
12,62933	62379
12,64000	62286
12,65067	62208
12,66133	62160
12,67200	62154
12,68267	62196
12,69333	62279
12,70400	62388
12,71467	62489
12,72533	62549
12,73600	62543
12,74667	62454
12,75733	62279
12,76800	62036
12,77867	61755
12,78933	61463
12,80000	61172
12,81067	60895
12,82133	60639
12,83200	60399
12,84267	60176
12,85333	59964
12,86400	59763
12,87467	59574
12,88533	59390
12,89600	59212
12,90667	59042
12,91733	58880
12,92800	58725
12,93867	58575
12,94933	58432
12,96000	58297
12,97067	58172
12,98133	58051
12,99200	57936
13,00267	57829
13,01333	57732
13,02400	57641
13,03467	57557
13,04533	57480
13,05600	57406
13,06667	57336
13,07733	57274
13,08800	57219
13,09867	57176
13,10933	57139
13,12000	57108
13,13067	57074
13,14133	57033
13,15200	56983
13,16267	56923
13,17333	56854
13,18400	56776
13,19467	56695
13,20533	56618
13,21600	56547
13,22667	56482
13,23733	56426
13,24800	56379
13,25867	56336
13,26933	56299
13,28000	56266
13,29067	56236
13,30133	56207
13,31200	56178
13,32267	56152
13,33333	56125
13,34400	56097
13,35467	56075
13,36533	56060
13,37600	56049
13,38667	56038
13,39733	56027
13,40800	56009
13,41867	55983
13,42933	55947
13,44000	55903
13,45067	55855
13,46133	55804
13,47200	55756
13,48267	55711
13,49333	55667
13,50400	55627
13,51467	55589
13,52533	55552
13,53600	55519
13,54667	55485
13,55733	55453
13,56800	55424
13,57867	55399
13,58933	55378
13,60000	55360
13,61067	55343
13,62133	55326
13,63200	55312
13,64267	55302
13,65333	55289
13,66400	55278
13,67467	55266
13,68533	55254
13,69600	55243
13,70667	55232
13,71733	55221
13,72800	55211
13,73867	55203
13,74933	55196
13,76000	55189
13,77067	55182
13,78133	55182
13,79200	55193
13,80267	55210
13,81333	55236
13,82400	55274
13,83467	55326
13,84533	55387
13,85600	55460
13,86667	55542
13,87733	55624
13,88800	55703
13,89867	55767
13,90933	55807
13,92000	55822
13,93067	55809
13,94133	55770
13,95200	55710
13,96267	55636
13,97333	55555
13,98400	55472
13,99467	55395
14,00533	55328
14,01600	55269
14,02667	55215
14,03733	55172
14,04800	55137
14,05867	55106
14,06933	55077
14,08000	55053
14,09067	55037
14,10133	55025
14,11200	55014
14,12267	55008
14,13333	55009
14,14400	55014
14,15467	55020
14,16533	55028
14,17600	55036
14,18667	55049
14,19733	55060
14,20800	55069
14,21867	55077
14,22933	55081
14,24000	55079
14,25067	55072
14,26133	55062
14,27200	55047
14,28267	55029
14,29333	55010
14,30400	54990
14,31467	54969
14,32533	54949
14,33600	54928
14,34667	54908
14,35733	54890
14,36800	54872
14,37867	54857
14,38933	54843
14,40000	54830
14,41067	54816
14,42133	54802
14,43200	54788
14,44267	54778
14,45333	54772
14,46400	54766
14,47467	54760
14,48533	54754
14,49600	54749
14,50667	54744
14,51733	54738
14,52800	54734
14,53867	54728
14,54933	54722
14,56000	54716
14,57067	54712
14,58133	54705
14,59200	54699
14,60267	54692
14,61333	54686
14,62400	54680
14,63467	54674
14,64533	54666
14,65600	54656
14,66667	54649
14,67733	54642
14,68800	54635
14,69867	54630
14,70933	54626
14,72000	54622
14,73067	54618
14,74133	54613
14,75200	54609
14,76267	54606
14,77333	54601
14,78400	54595
14,79467	54591
14,80533	54588
14,81600	54585
14,82667	54583
14,83733	54579
14,84800	54576
14,85867	54576
14,86933	54579
14,88000	54583
14,89067	54586
14,90133	54588
14,91200	54590
14,92267	54594
14,93333	54594
14,94400	54591
14,95467	54590
14,96533	54584
14,97600	54574
14,98667	54565
14,99733	54555
15,00800	54539
15,01867	54524
15,02933	54509
15,04000	54495
15,05067	54484
15,06133	54475
15,07200	54466
15,08267	54459
15,09333	54454
15,10400	54449
15,11467	54447
15,12533	54447
15,13600	54448
15,14667	54448
15,15733	54448
15,16800	54450
15,17867	54450
15,18933	54450
15,20000	54451
15,21067	54451
15,22133	54450
15,23200	54448
15,24267	54445
15,25333	54441
15,26400	54439
15,27467	54437
15,28533	54432
15,29600	54428
15,30667	54426
15,31733	54422
15,32800	54418
15,33867	54420
15,34933	54420
15,36000	54418
15,37067	54417
15,38133	54415
15,39200	54415
15,40267	54412
15,41333	54402
15,42400	54391
15,43467	54380
15,44533	54367
15,45600	54349
15,46667	54329
15,47733	54306
15,48800	54281
15,49867	54253
15,50933	54222
15,52000	54189
15,53067	54153
15,54133	54114
15,55200	54072
15,56267	54027
15,57333	53978
15,58400	53924
15,59467	53868
15,60533	53811
15,61600	53751
15,62667	53691
15,63733	53628
15,64800	53563
15,65867	53493
15,66933	53422
15,68000	53348
15,69067	53275
15,70133	53204
15,71200	53132
15,72267	53060
15,73333	52991
15,74400	52919
15,75467	52846
15,76533	52777
15,77600	52711
15,78667	52647
15,79733	52583
15,80800	52518
15,81867	52460
15,82933	52402
15,84000	52344
15,85067	52290
15,86133	52238
15,87200	52189
15,88267	52141
15,89333	52093
15,90400	52049
15,91467	52008
15,92533	51967
15,93600	51925
15,94667	51885
15,95733	51846
15,96800	51811
15,97867	51778
15,98933	51741
16,00000	51702
16,01067	51667
16,02133	51635
16,03200	51603
16,04267	51570
16,05333	51539
16,06400	51508
16,07467	51477
16,08533	51449
16,09600	51421
16,10667	51392
16,11733	51365
16,12800	51340
16,13867	51317
16,14933	51296
16,16000	51276
16,17067	51253
16,18133	51232
16,19200	51213
16,20267	51193
16,21333	51172
16,22400	51154
16,23467	51137
16,24533	51120
16,25600	51102
16,26667	51084
16,27733	51072
16,28800	51058
16,29867	51046
16,30933	51034
16,32000	51022
16,33067	51012
16,34133	51002
16,35200	50992
16,36267	50983
16,37333	50975
16,38400	50968
16,39467	50962
16,40533	50956
16,41600	50952
16,42667	50946
16,43733	50939
16,44800	50934
16,45867	50929
16,46933	50923
16,48000	50916
16,49067	50910
16,50133	50907
16,51200	50902
16,52267	50894
16,53333	50887
16,54400	50882
16,55467	50877
16,56533	50867
16,57600	50856
16,58667	50847
16,59733	50837
16,60800	50827
16,61867	50815
16,62933	50805
16,64000	50795
16,65067	50783
16,66133	50773
16,67200	50763
16,68267	50754
16,69333	50745
16,70400	50737
16,71467	50730
16,72533	50721
16,73600	50715
16,74667	50710
16,75733	50705
16,76800	50699
16,77867	50692
16,78933	50688
16,80000	50684
16,81067	50675
16,82133	50665
16,83200	50654
16,84267	50643
16,85333	50629
16,86400	50615
16,87467	50597
16,88533	50580
16,89600	50565
16,90667	50550
16,91733	50537
16,92800	50522
16,93867	50508
16,94933	50496
16,96000	50485
16,97067	50472
16,98133	50458
16,99200	50446
17,00267	50434
17,01333	50422
17,02400	50410
17,03467	50399
17,04533	50390
17,05600	50380
17,06667	50367
17,07733	50354
17,08800	50344
17,09867	50335
17,10933	50324
17,12000	50313
17,13067	50302
17,14133	50292
17,15200	50282
17,16267	50271
17,17333	50262
17,18400	50255
17,19467	50249
17,20533	50239
17,21600	50229
17,22667	50223
17,23733	50218
17,24800	50213
17,25867	50205
17,26933	50197
17,28000	50191
17,29067	50184
17,30133	50178
17,31200	50173
17,32267	50171
17,33333	50169
17,34400	50164
17,35467	50159
17,36533	50159
17,37600	50162
17,38667	50161
17,39733	50160
17,40800	50158
17,41867	50157
17,42933	50155
17,44000	50151
17,45067	50145
17,46133	50141
17,47200	50137
17,48267	50132
17,49333	50129
17,50400	50126
17,51467	50120
17,52533	50113
17,53600	50105
17,54667	50097
17,55733	50092
17,56800	50087
17,57867	50080
17,58933	50072
17,60000	50067
17,61067	50061
17,62133	50055
17,63200	50050
17,64267	50046
17,65333	50042
17,66400	50040
17,67467	50037
17,68533	50032
17,69600	50029
17,70667	50024
17,71733	50020
17,72800	50017
17,73867	50013
17,74933	50008
17,76000	50003
17,77067	50000
17,78133	50001
17,79200	50005
17,80267	50014
17,81333	50025
17,82400	50044
17,83467	50074
17,84533	50121
17,85600	50190
17,86667	50292
17,87733	50433
17,88800	50618
17,89867	50856
17,90933	51161
17,92000	51540
17,93067	51999
17,94133	52540
17,95200	53163
17,96267	53866
17,97333	54639
17,98400	55472
17,99467	56350
18,00533	57255
18,01600	58168
18,02667	59080
18,03733	59972
18,04800	60830
18,05867	61645
18,06933	62414
18,08000	63130
18,09067	63798
18,10133	64419
18,11200	64992
18,12267	65526
18,13333	66019
18,14400	66470
18,15467	66878
18,16533	67235
18,17600	67533
18,18667	67753
18,19733	67880
18,20800	67900
18,21867	67794
18,22933	67550
18,24000	67159
18,25067	66621
18,26133	65940
18,27200	65128
18,28267	64209
18,29333	63211
18,30400	62162
18,31467	61093
18,32533	60031
18,33600	59000
18,34667	58020
18,35733	57106
18,36800	56267
18,37867	55509
18,38933	54828
18,40000	54222
18,41067	53690
18,42133	53221
18,43200	52807
18,44267	52446
18,45333	52134
18,46400	51864
18,47467	51627
18,48533	51422
18,49600	51244
18,50667	51092
18,51733	50960
18,52800	50851
18,53867	50764
18,54933	50688
18,56000	50625
18,57067	50573
18,58133	50530
18,59200	50500
18,60267	50478
18,61333	50460
18,62400	50447
18,63467	50439
18,64533	50437
18,65600	50436
18,66667	50435
18,67733	50436
18,68800	50441
18,69867	50447
18,70933	50454
18,72000	50459
18,73067	50466
18,74133	50473
18,75200	50477
18,76267	50483
18,77333	50487
18,78400	50493
18,79467	50502
18,80533	50513
18,81600	50522
18,82667	50531
18,83733	50546
18,84800	50567
18,85867	50591
18,86933	50620
18,88000	50655
18,89067	50695
18,90133	50742
18,91200	50795
18,92267	50857
18,93333	50923
18,94400	50989
18,95467	51057
18,96533	51125
18,97600	51188
18,98667	51240
18,99733	51283
19,00800	51314
19,01867	51329
19,02933	51332
19,04000	51319
19,05067	51290
19,06133	51248
19,07200	51195
19,08267	51135
19,09333	51068
19,10400	50998
19,11467	50924
19,12533	50848
19,13600	50777
19,14667	50705
19,15733	50636
19,16800	50570
19,17867	50508
19,18933	50449
19,20000	50396
19,21067	50347
19,22133	50301
19,23200	50257
19,24267	50216
19,25333	50177
19,26400	50141
19,27467	50108
19,28533	50078
19,29600	50050
19,30667	50023
19,31733	49996
19,32800	49972
19,33867	49950
19,34933	49929
19,36000	49909
19,37067	49890
19,38133	49874
19,39200	49860
19,40267	49846
19,41333	49830
19,42400	49813
19,43467	49798
19,44533	49784
19,45600	49770
19,46667	49755
19,47733	49740
19,48800	49727
19,49867	49716
19,50933	49702
19,52000	49687
19,53067	49673
19,54133	49658
19,55200	49645
19,56267	49631
19,57333	49620
19,58400	49608
19,59467	49597
19,60533	49586
19,61600	49573
19,62667	49562
19,63733	49552
19,64800	49544
19,65867	49537
19,66933	49530
19,68000	49522
19,69067	49513
19,70133	49508
19,71200	49506
19,72267	49502
19,73333	49496
19,74400	49493
19,75467	49489
19,76533	49487
19,77600	49485
19,78667	49481
19,79733	49476
19,80800	49474
19,81867	49471
19,82933	49464
19,84000	49461
19,85067	49457
19,86133	49450
19,87200	49447
19,88267	49446
19,89333	49445
19,90400	49440
19,91467	49436
19,92533	49431
19,93600	49423
19,94667	49418
19,95733	49415
19,96800	49410
19,97867	49405
19,98933	49400
20,00000	49396
20,01067	49392
20,02133	49390
20,03200	49385
20,04267	49380
20,05333	49377
20,06400	49377
20,07467	49374
20,08533	49368
20,09600	49361
20,10667	49358
20,11733	49355
20,12800	49348
20,13867	49344
20,14933	49342
20,16000	49341
20,17067	49338
20,18133	49334
20,19200	49328
20,20267	49322
20,21333	49316
20,22400	49311
20,23467	49307
20,24533	49302
20,25600	49300
20,26667	49296
20,27733	49293
20,28800	49290
20,29867	49290
20,30933	49290
20,32000	49293
20,33067	49300
20,34133	49306
20,35200	49317
20,36267	49335
20,37333	49354
20,38400	49377
20,39467	49404
20,40533	49439
20,41600	49478
20,42667	49526
20,43733	49582
20,44800	49644
20,45867	49715
20,46933	49793
20,48000	49880
20,49067	49974
20,50133	50077
20,51200	50191
20,52267	50312
20,53333	50444
20,54400	50585
20,55467	50732
20,56533	50884
20,57600	51041
20,58667	51207
20,59733	51383
20,60800	51563
20,61867	51746
20,62933	51933
20,64000	52127
20,65067	52329
20,66133	52533
20,67200	52735
20,68267	52936
20,69333	53139
20,70400	53344
20,71467	53549
20,72533	53752
20,73600	53955
20,74667	54154
20,75733	54351
20,76800	54547
20,77867	54740
20,78933	54928
20,80000	55111
20,81067	55290
20,82133	55464
20,83200	55632
20,84267	55795
20,85333	55954
20,86400	56107
20,87467	56255
20,88533	56398
20,89600	56536
20,90667	56669
20,91733	56797
20,92800	56922
20,93867	57041
20,94933	57153
20,96000	57260
20,97067	57362
20,98133	57461
20,99200	57555
21,00267	57642
21,01333	57730
21,02400	57816
21,03467	57895
21,04533	57973
21,05600	58049
21,06667	58120
21,07733	58189
21,08800	58254
21,09867	58315
21,10933	58374
21,12000	58433
21,13067	58486
21,14133	58540
21,15200	58598
21,16267	58653
21,17333	58702
21,18400	58751
21,19467	58799
21,20533	58845
21,21600	58890
21,22667	58936
21,23733	58977
21,24800	59019
21,25867	59059
21,26933	59097
21,28000	59134
21,29067	59173
21,30133	59208
21,31200	59240
21,32267	59270
21,33333	59300
21,34400	59330
21,35467	59356
21,36533	59383
21,37600	59408
21,38667	59432
21,39733	59458
21,40800	59478
21,41867	59498
21,42933	59519
21,44000	59537
21,45067	59558
21,46133	59578
21,47200	59597
21,48267	59615
21,49333	59632
21,50400	59649
21,51467	59665
21,52533	59683
21,53600	59703
21,54667	59723
21,55733	59743
21,56800	59763
21,57867	59782
21,58933	59800
21,60000	59819
21,61067	59839
21,62133	59859
21,63200	59879
21,64267	59900
21,65333	59921
21,66400	59943
21,67467	59965
21,68533	59985
21,69600	60005
21,70667	60028
21,71733	60051
21,72800	60076
21,73867	60101
21,74933	60130
21,76000	60158
21,77067	60187
21,78133	60220
21,79200	60256
21,80267	60294
21,81333	60329
21,82400	60367
21,83467	60408
21,84533	60449
21,85600	60490
21,86667	60528
21,87733	60568
21,88800	60610
21,89867	60653
21,90933	60696
21,92000	60739
21,93067	60779
21,94133	60817
21,95200	60856
21,96267	60895
21,97333	60932
21,98400	60966
21,99467	61001
22,00533	61036
22,01600	61070
22,02667	61101
22,03733	61132
22,04800	61163
22,05867	61194
22,06933	61224
22,08000	61255
22,09067	61284
22,10133	61308
22,11200	61331
22,12267	61351
22,13333	61369
22,14400	61384
22,15467	61396
22,16533	61408
22,17600	61418
22,18667	61421
22,19733	61419
22,20800	61415
22,21867	61413
22,22933	61407
22,24000	61398
22,25067	61391
22,26133	61382
22,27200	61368
22,28267	61356
22,29333	61344
22,30400	61329
22,31467	61311
22,32533	61290
22,33600	61269
22,34667	61249
22,35733	61229
22,36800	61207
22,37867	61187
22,38933	61166
22,40000	61145
22,41067	61124
22,42133	61105
22,43200	61089
22,44267	61073
22,45333	61058
22,46400	61042
22,47467	61026
22,48533	61010
22,49600	60994
22,50667	60982
22,51733	60973
22,52800	60960
22,53867	60946
22,54933	60933
22,56000	60920
22,57067	60907
22,58133	60895
22,59200	60884
22,60267	60873
22,61333	60860
22,62400	60848
22,63467	60835
22,64533	60823
22,65600	60813
22,66667	60804
22,67733	60794
22,68800	60785
22,69867	60779
22,70933	60777
22,72000	60776
22,73067	60775
22,74133	60775
22,75200	60775
22,76267	60779
22,77333	60787
22,78400	60800
22,79467	60814
22,80533	60826
22,81600	60842
22,82667	60859
22,83733	60874
22,84800	60890
22,85867	60909
22,86933	60927
22,88000	60942
22,89067	60957
22,90133	60974
22,91200	60991
22,92267	61006
22,93333	61019
22,94400	61030
22,95467	61043
22,96533	61057
22,97600	61069
22,98667	61079
22,99733	61090
23,00800	61101
23,01867	61112
23,02933	61124
23,04000	61133
23,05067	61144
23,06133	61154
23,07200	61165
23,08267	61178
23,09333	61188
23,10400	61198
23,11467	61208
23,12533	61217
23,13600	61225
23,14667	61231
23,15733	61238
23,16800	61244
23,17867	61248
23,18933	61253
23,20000	61255
23,21067	61255
23,22133	61255
23,23200	61254
23,24267	61249
23,25333	61243
23,26400	61238
23,27467	61233
23,28533	61227
23,29600	61222
23,30667	61218
23,31733	61214
23,32800	61211
23,33867	61211
23,34933	61208
23,36000	61207
23,37067	61209
23,38133	61214
23,39200	61217
23,40267	61221
23,41333	61227
23,42400	61230
23,43467	61231
23,44533	61236
23,45600	61242
23,46667	61248
23,47733	61255
23,48800	61260
23,49867	61262
23,50933	61266
23,52000	61271
23,53067	61274
23,54133	61277
23,55200	61279
23,56267	61278
23,57333	61279
23,58400	61282
23,59467	61281
23,60533	61279
23,61600	61279
23,62667	61280
23,63733	61284
23,64800	61288
23,65867	61291
23,66933	61294
23,68000	61299
23,69067	61307
23,70133	61315
23,71200	61323
23,72267	61335
23,73333	61347
23,74400	61360
23,75467	61371
23,76533	61383
23,77600	61397
23,78667	61409
23,79733	61420
23,80800	61430
23,81867	61441
23,82933	61453
23,84000	61463
23,85067	61470
23,86133	61479
23,87200	61483
23,88267	61483
23,89333	61482
23,90400	61480
23,91467	61476
23,92533	61471
23,93600	61466
23,94667	61458
23,95733	61452
23,96800	61445
23,97867	61439
23,98933	61435
24,00000	61433
24,01067	61433
24,02133	61435
24,03200	61439
24,04267	61440
24,05333	61445
24,06400	61450
24,07467	61455
24,08533	61462
24,09600	61471
24,10667	61481
24,11733	61494
24,12800	61508
24,13867	61523
24,14933	61544
24,16000	61569
24,17067	61605
24,18133	61651
24,19200	61708
24,20267	61779
24,21333	61871
24,22400	61987
24,23467	62134
24,24533	62316
24,25600	62534
24,26667	62789
24,27733	63089
24,28800	63433
24,29867	63819
24,30933	64250
24,32000	64728
24,33067	65248
24,34133	65808
24,35200	66401
24,36267	67030
24,37333	67690
24,38400	68371
24,39467	69070
24,40533	69785
24,41600	70509
24,42667	71239
24,43733	71966
24,44800	72683
24,45867	73385
24,46933	74067
24,48000	74728
24,49067	75359
24,50133	75959
24,51200	76522
24,52267	77051
24,53333	77543
24,54400	77994
24,55467	78405
24,56533	78780
24,57600	79118
24,58667	79423
24,59733	79703
24,60800	79967
24,61867	80229
24,62933	80517
24,64000	80865
24,65067	81316
24,66133	81923
24,67200	82736
24,68267	83781
24,69333	85047
24,70400	86480
24,71467	87967
24,72533	89355
24,73600	90487
24,74667	91225
24,75733	91489
24,76800	91266
24,77867	90616
24,78933	89640
24,80000	88454
24,81067	87167
24,82133	85865
24,83200	84604
24,84267	83415
24,85333	82305
24,86400	81274
24,87467	80316
24,88533	79427
24,89600	78603
24,90667	77834
24,91733	77119
24,92800	76460
24,93867	75848
24,94933	75282
24,96000	74759
24,97067	74275
24,98133	73825
24,99200	73404
25,00267	73009
25,01333	72634
25,02400	72272
25,03467	71918
25,04533	71568
25,05600	71218
25,06667	70867
25,07733	70519
25,08800	70171
25,09867	69828
25,10933	69486
25,12000	69144
25,13067	68802
25,14133	68451
25,15200	68092
25,16267	67721
25,17333	67344
25,18400	66961
25,19467	66570
25,20533	66176
25,21600	65783
25,22667	65394
25,23733	65006
25,24800	64617
25,25867	64227
25,26933	63832
25,28000	63436
25,29067	63041
25,30133	62652
25,31200	62278
25,32267	61931
25,33333	61605
25,34400	61279
25,35467	60928
25,36533	60535
25,37600	60113
25,38667	59676
25,39733	59234
25,40800	58798
25,41867	58374
25,42933	57963
25,44000	57561
25,45067	57170
25,46133	56784
25,47200	56402
25,48267	56032
25,49333	55681
25,50400	55344
25,51467	55017
25,52533	54695
25,53600	54388
25,54667	54115
25,55733	53889
25,56800	53693
25,57867	53488
25,58933	53226
25,60000	52892
25,61067	52497
25,62133	52069
25,63200	51633
25,64267	51208
25,65333	50799
25,66400	50410
25,67467	50037
25,68533	49678
25,69600	49331
25,70667	48996
25,71733	48676
25,72800	48369
25,73867	48074
25,74933	47783
25,76000	47497
25,77067	47219
25,78133	46949
25,79200	46690
25,80267	46447
25,81333	46215
25,82400	45987
25,83467	45762
25,84533	45535
25,85600	45309
25,86667	45088
25,87733	44875
25,88800	44669
25,89867	44463
25,90933	44257
25,92000	44058
25,93067	43873
25,94133	43711
25,95200	43573
25,96267	43445
25,97333	43310
25,98400	43153
25,99467	42973
26,00533	42781
26,01600	42585
26,02667	42392
26,03733	42202
26,04800	42017
26,05867	41839
26,06933	41668
26,08000	41506
26,09067	41350
26,10133	41200
26,11200	41057
26,12267	40921
26,13333	40804
26,14400	40740
26,15467	40803
26,16533	41157
26,17600	42032
26,18667	43586
26,19733	45757
26,20800	48339
26,21867	51196
26,22933	54389
26,24000	58110
26,25067	62539
26,26133	67747
26,27200	73627
26,28267	79757
26,29333	85282
26,30400	89071
26,31467	90203
26,32533	88460
26,33600	84396
26,34667	78983
26,35733	73164
26,36800	67585
26,37867	62562
26,38933	58192
26,40000	54465
26,41067	51327
26,42133	48724
26,43200	46591
26,44267	44858
26,45333	43465
26,46400	42352
26,47467	41466
26,48533	40761
26,49600	40199
26,50667	39747
26,51733	39379
26,52800	39072
26,53867	38812
26,54933	38588
26,56000	38388
26,57067	38202
26,58133	38031
26,59200	37871
26,60267	37723
26,61333	37600
26,62400	37514
26,63467	37488
26,64533	37554
26,65600	37731
26,66667	38027
26,67733	38416
26,68800	38845
26,69867	39251
26,70933	39578
26,72000	39787
26,73067	39855
26,74133	39781
26,75200	39576
26,76267	39264
26,77333	38872
26,78400	38429
26,79467	37960
26,80533	37481
26,81600	37003
26,82667	36544
26,83733	36121
26,84800	35747
26,85867	35435
26,86933	35198
26,88000	35059
26,89067	35074
26,90133	35366
26,91200	36102
26,92267	37421
26,93333	39383
26,94400	41913
26,95467	44749
26,96533	47417
26,97600	49385
26,98667	50313
26,99733	50213
27,00800	49380
27,01867	48209
27,02933	47055
27,04000	46191
27,05067	45818
27,06133	46084
27,07200	46991
27,08267	48274
27,09333	49459
27,10400	50122
27,11467	50111
27,12533	49578
27,13600	48953
27,14667	49114
27,15733	51800
27,16800	59507
27,17867	73844
27,18933	93150
27,20000	112264
27,21067	125488
27,22133	130017
27,23200	126767
27,24267	118662
27,25333	108556
27,26400	98262
27,27467	88631
27,28533	79977
27,29600	72396
27,30667	65925
27,31733	60565
27,32800	56282
27,33867	52986
27,34933	50549
27,36000	48821
27,37067	47649
27,38133	46892
27,39200	46431
27,40267	46175
27,41333	46057
27,42400	46033
27,43467	46071
27,44533	46145
27,45600	46244
27,46667	46366
27,47733	46509
27,48800	46675
27,49867	46864
27,50933	47078
27,52000	47329
27,53067	47640
27,54133	48035
27,55200	48505
27,56267	49016
27,57333	49520
27,58400	49988
27,59467	50413
27,60533	50776
27,61600	51051
27,62667	51229
27,63733	51336
27,64800	51421
27,65867	51514
27,66933	51599
27,68000	51647
27,69067	51655
27,70133	51644
27,71200	51619
27,72267	51571
27,73333	51476
27,74400	51312
27,75467	51088
27,76533	50830
27,77600	50571
27,78667	50337
27,79733	50141
27,80800	49984
27,81867	49866
27,82933	49779
27,84000	49719
27,85067	49682
27,86133	49662
27,87200	49650
27,88267	49643
27,89333	49640
27,90400	49639
27,91467	49649
27,92533	49672
27,93600	49706
27,94667	49747
27,95733	49786
27,96800	49815
27,97867	49832
27,98933	49838
28,00000	49834
28,01067	49828
28,02133	49819
28,03200	49806
28,04267	49790
28,05333	49776
28,06400	49764
28,07467	49755
28,08533	49754
28,09600	49757
28,10667	49760
28,11733	49766
28,12800	49771
28,13867	49772
28,14933	49769
28,16000	49762
28,17067	49756
28,18133	49751
28,19200	49747
28,20267	49745
28,21333	49744
28,22400	49744
28,23467	49743
28,24533	49741
28,25600	49740
28,26667	49738
28,27733	49736
28,28800	49736
28,29867	49737
28,30933	49737
28,32000	49736
28,33067	49734
28,34133	49729
28,35200	49727
28,36267	49730
28,37333	49739
28,38400	49762
28,39467	49798
28,40533	49851
28,41600	49916
28,42667	49987
28,43733	50058
28,44800	50125
28,45867	50188
28,46933	50244
28,48000	50293
28,49067	50335
28,50133	50366
28,51200	50382
28,52267	50388
28,53333	50387
28,54400	50390
28,55467	50408
28,56533	50454
28,57600	50544
28,58667	50690
28,59733	50895
28,60800	51148
28,61867	51402
28,62933	51606
28,64000	51722
28,65067	51731
28,66133	51642
28,67200	51487
28,68267	51302
28,69333	51112
28,70400	50932
28,71467	50774
28,72533	50636
28,73600	50519
28,74667	50425
28,75733	50355
28,76800	50304
28,77867	50267
28,78933	50238
28,80000	50214
28,81067	50193
28,82133	50176
28,83200	50160
28,84267	50141
28,85333	50120
28,86400	50099
28,87467	50082
28,88533	50071
28,89600	50062
28,90667	50059
28,91733	50070
28,92800	50088
28,93867	50108
28,94933	50129
28,96000	50146
28,97067	50156
28,98133	50161
28,99200	50168
29,00267	50174
29,01333	50181
29,02400	50189
29,03467	50197
29,04533	50203
29,05600	50205
29,06667	50205
29,07733	50204
29,08800	50197
29,09867	50183
29,10933	50169
29,12000	50154
29,13067	50134
29,14133	50116
29,15200	50101
29,16267	50092
29,17333	50090
29,18400	50091
29,19467	50091
29,20533	50091
29,21600	50090
29,22667	50092
29,23733	50095
29,24800	50099
29,25867	50104
29,26933	50112
29,28000	50128
29,29067	50155
29,30133	50197
29,31200	50257
29,32267	50336
29,33333	50439
29,34400	50565
29,35467	50717
29,36533	50897
29,37600	51107
29,38667	51361
29,39733	51671
29,40800	52051
29,41867	52520
29,42933	53097
29,44000	53803
29,45067	54653
29,46133	55673
29,47200	56887
29,48267	58321
29,49333	60001
29,50400	61955
29,51467	64206
29,52533	66759
29,53600	69600
29,54667	72682
29,55733	75934
29,56800	79260
29,57867	82535
29,58933	85627
29,60000	88430
29,61067	90870
29,62133	92901
29,63200	94523
29,64267	95776
29,65333	96711
29,66400	97389
29,67467	97877
29,68533	98236
29,69600	98521
29,70667	98770
29,71733	99017
29,72800	99294
29,73867	99619
29,74933	100008
29,76000	100468
29,77067	101006
29,78133	101626
29,79200	102321
29,80267	103081
29,81333	103896
29,82400	104745
29,83467	105599
29,84533	106442
29,85600	107259
29,86667	108034
29,87733	108756
29,88800	109413
29,89867	110001
29,90933	110518
29,92000	110964
29,93067	111342
29,94133	111660
29,95200	111917
29,96267	112117
29,97333	112265
29,98400	112361
29,99467	112407
30,00533	112412
30,01600	112374
30,02667	112292
30,03733	112175
30,04800	112020
30,05867	111825
30,06933	111591
30,08000	111325
30,09067	111029
30,10133	110702
30,11200	110347
30,12267	109966
30,13333	109560
30,14400	109135
30,15467	108698
30,16533	108245
30,17600	107777
30,18667	107303
30,19733	106824
30,20800	106338
30,21867	105843
30,22933	105339
30,24000	104828
30,25067	104311
30,26133	103789
30,27200	103261
30,28267	102727
30,29333	102187
30,30400	101639
30,31467	101086
30,32533	100527
30,33600	99963
30,34667	99399
30,35733	98833
30,36800	98264
30,37867	97692
30,38933	97119
30,40000	96543
30,41067	95967
30,42133	95390
30,43200	94810
30,44267	94226
30,45333	93636
30,46400	93044
30,47467	92452
30,48533	91860
30,49600	91267
30,50667	90669
30,51733	90073
30,52800	89480
30,53867	88885
30,54933	88289
30,56000	87693
30,57067	87101
30,58133	86509
30,59200	85916
30,60267	85323
30,61333	84729
30,62400	84136
30,63467	83547
30,64533	82960
30,65600	82375
30,66667	81790
30,67733	81205
30,68800	80621
30,69867	80041
30,70933	79463
30,72000	78884
30,73067	78308
30,74133	77739
30,75200	77170
30,76267	76599
30,77333	76029
30,78400	75462
30,79467	74900
30,80533	74341
30,81600	73779
30,82667	73221
30,83733	72665
30,84800	72107
30,85867	71545
30,86933	70983
30,88000	70423
30,89067	69864
30,90133	69304
30,91200	68743
30,92267	68184
30,93333	67622
30,94400	67057
30,95467	66493
30,96533	65932
30,97600	65371
30,98667	64808
30,99733	64245
31,00800	63684
31,01867	63120
31,02933	62556
31,04000	61996
31,05067	61436
31,06133	60879
31,07200	60321
31,08267	59759
31,09333	59200
31,10400	58647
31,11467	58093
31,12533	57536
31,13600	56980
31,14667	56425
31,15733	55866
31,16800	55306
31,17867	54748
31,18933	54191
31,20000	53634
31,21067	53076
31,22133	52519
31,23200	51964
31,24267	51408
31,25333	50855
31,26400	50304
31,27467	49751
31,28533	49196
31,29600	48642
31,30667	48090
31,31733	47535
31,32800	46981
31,33867	46428
31,34933	45875
31,36000	45326
31,37067	44779
31,38133	44232
31,39200	43685
31,40267	43139
31,41333	42597
31,42400	42058
31,43467	41522
31,44533	40988
31,45600	40458
31,46667	39932
31,47733	39411
31,48800	38894
31,49867	38381
31,50933	37873
31,52000	37371
31,53067	36873
31,54133	36379
31,55200	35892
31,56267	35409
31,57333	34928
31,58400	34451
31,59467	33980
31,60533	33510
31,61600	33043
31,62667	32580
31,63733	32116
31,64800	31654
31,65867	31193
31,66933	30733
31,68000	30272
31,69067	29808
31,70133	29343
31,71200	28877
31,72267	28411
31,73333	27942
31,74400	27472
31,75467	26998
31,76533	26522
31,77600	26044
31,78667	25564
31,79733	25081
31,80800	24597
31,81867	24115
31,82933	23635
31,84000	23148
31,85067	22661
31,86133	22177
31,87200	21693
31,88267	21208
31,89333	20726
31,90400	20247
31,91467	19769
31,92533	19293
31,93600	18817
31,94667	18348
31,95733	17883
31,96800	17419
31,97867	16961
31,98933	16507
32,00000	16055


[Fraction Collection Report]
# of Fractions	0
