[Header]
Application Name	LabSolutions
Version	5.101
Data File Name	C:\Users\User\Desktop\Mervan_EnyzmeML\Kinetics\Kinetics\PEP\O1.lcd
Output Date	11.3.2026.
Output Time	14:13:39

[File Information]
Type	Data File
Generated	20.7.2022. 10:55:45
Generated by	System Administrator
Modified	20.7.2022. 15:37:50
Modified by	System Administrator

[Sample Information]
Operator Name	System Administrator
Acquired	20.7.2022. 10:56:01
Sample Type	0:Unknown
Level	0
Sample Name	
Sample ID	
ISTD Amount1	1
ISTD Amount2	1
ISTD Amount3	1
ISTD Amount4	1
ISTD Amount5	1
ISTD Amount6	1
ISTD Amount7	1
ISTD Amount8	1
ISTD Amount9	1
ISTD Amount10	1
ISTD Amount11	1
ISTD Amount12	1
ISTD Amount13	1
ISTD Amount14	1
ISTD Amount15	1
ISTD Amount16	1
ISTD Amount17	1
ISTD Amount18	1
ISTD Amount19	1
ISTD Amount20	1
ISTD Amount21	1
ISTD Amount22	1
ISTD Amount23	1
ISTD Amount24	1
ISTD Amount25	1
ISTD Amount26	1
ISTD Amount27	1
ISTD Amount28	1
ISTD Amount29	1
ISTD Amount30	1
ISTD Amount31	1
ISTD Amount32	1
Sample Amount	1
Dilution Factor	1
Vial#	14
Injection Volume	15

[Original Files]
Data File	C:\LabSolutions\Data\Project1\Mervan\Method development\2022-07-19 (PEP)\O1.lcd
Method File	C:\LabSolutions\Data\Project1\Mervan\Mervan Derivatization - Short - Isocratic.lcm
Batch File	C:\LabSolutions\Data\Project1\Mervan batch.lcb
Report Format File	c:\LabSolutions\System\DEFAULT.lsr

[File Description]


[Configuration]
Instrument Name	LC40_01
Instrument #	1
Line #	1
# of Detectors	1
Detector ID	PDA
Detector Name	PDA
# of Channels	1

[Peak Table(PDA-Ch1)]
# of Peaks	2
Peak#	R.Time	I.Time	F.Time	Area	Height	A/H	Conc.	Mark	ID#	Name	k'	Plate #	Plate Ht.	Tailing	Resolution	Sep.Factor	Area Ratio	Height Ratio	Conc. %	Norm Conc.
1	10,198	10,005	10,421	111263	16445	6,766	1,085	   			0,000	44285	3,387	1,298	0,000	0,000	0	0	0,000	0,000
2	10,703	10,432	11,136	10142933	1005576	10,087	98,915	   			0,050	24139	6,214	1,157	2,153	0,000	0	0	0,000	0,000

[Compound Results(PDA)]
# of IDs	0

[Group Results(PDA)]
# of Groups	0

[LC Status Trace(Pump A Pressure)]
Interval(msec)	1000
# of Points	1921
Start Time(min)	0,000
End Time(min)	32,000
Intensity Units	bar
Intensity Multiplier	0,980665
R.Time (min)	Intensity
0,00000	76,9
0,01667	76,9
0,03333	76,9
0,05000	76,9
0,06667	77,7
0,08333	78,2
0,10000	78,9
0,11667	79,4
0,13333	79,5
0,15000	79,4
0,16667	79,0
0,18333	78,9
0,20000	79,0
0,21667	79,1
0,23333	79,2
0,25000	79,2
0,26667	79,2
0,28333	79,2
0,30000	79,3
0,31667	79,3
0,33333	79,3
0,35000	79,3
0,36667	79,3
0,38333	79,3
0,40000	79,3
0,41667	79,3
0,43333	79,3
0,45000	79,3
0,46667	79,3
0,48333	79,4
0,50000	79,3
0,51667	79,3
0,53333	79,3
0,55000	79,3
0,56667	79,4
0,58333	79,4
0,60000	79,3
0,61667	79,3
0,63333	79,3
0,65000	79,3
0,66667	79,3
0,68333	79,3
0,70000	79,3
0,71667	79,3
0,73333	79,3
0,75000	79,3
0,76667	79,3
0,78333	79,3
0,80000	79,3
0,81667	79,3
0,83333	79,3
0,85000	79,3
0,86667	79,3
0,88333	79,4
0,90000	79,2
0,91667	79,2
0,93333	79,2
0,95000	79,3
0,96667	79,3
0,98333	79,3
1,00000	79,3
1,01667	79,3
1,03333	79,3
1,05000	79,3
1,06667	79,3
1,08333	79,3
1,10000	79,2
1,11667	79,3
1,13333	79,3
1,15000	79,3
1,16667	79,3
1,18333	79,2
1,20000	79,2
1,21667	79,3
1,23333	79,3
1,25000	79,2
1,26667	79,2
1,28333	79,2
1,30000	79,2
1,31667	79,3
1,33333	79,3
1,35000	79,3
1,36667	79,2
1,38333	79,2
1,40000	79,2
1,41667	79,3
1,43333	79,3
1,45000	79,3
1,46667	79,1
1,48333	79,2
1,50000	79,2
1,51667	79,2
1,53333	79,2
1,55000	79,3
1,56667	79,2
1,58333	79,1
1,60000	79,2
1,61667	79,2
1,63333	79,1
1,65000	79,1
1,66667	79,2
1,68333	79,2
1,70000	79,2
1,71667	79,1
1,73333	79,1
1,75000	79,1
1,76667	79,2
1,78333	79,2
1,80000	79,1
1,81667	79,2
1,83333	79,2
1,85000	79,2
1,86667	79,1
1,88333	79,1
1,90000	79,1
1,91667	79,1
1,93333	79,1
1,95000	79,1
1,96667	79,0
1,98333	79,1
2,00000	79,1
2,01667	79,1
2,03333	79,0
2,05000	79,0
2,06667	79,1
2,08333	79,0
2,10000	79,0
2,11667	79,1
2,13333	79,1
2,15000	79,1
2,16667	79,1
2,18333	79,1
2,20000	79,1
2,21667	79,1
2,23333	79,1
2,25000	79,1
2,26667	79,0
2,28333	79,1
2,30000	79,1
2,31667	79,1
2,33333	79,1
2,35000	79,1
2,36667	79,1
2,38333	79,1
2,40000	79,0
2,41667	79,1
2,43333	79,1
2,45000	79,1
2,46667	79,1
2,48333	79,0
2,50000	79,0
2,51667	79,0
2,53333	79,1
2,55000	79,1
2,56667	79,1
2,58333	79,1
2,60000	79,1
2,61667	79,1
2,63333	79,1
2,65000	79,1
2,66667	79,1
2,68333	79,1
2,70000	79,1
2,71667	79,1
2,73333	79,1
2,75000	79,1
2,76667	79,0
2,78333	79,2
2,80000	79,1
2,81667	79,1
2,83333	79,1
2,85000	79,1
2,86667	79,2
2,88333	79,2
2,90000	79,1
2,91667	79,1
2,93333	79,1
2,95000	79,1
2,96667	79,1
2,98333	79,1
3,00000	79,2
3,01667	79,1
3,03333	79,1
3,05000	79,1
3,06667	79,2
3,08333	79,1
3,10000	79,2
3,11667	79,2
3,13333	79,2
3,15000	79,2
3,16667	79,2
3,18333	79,2
3,20000	79,2
3,21667	79,2
3,23333	79,2
3,25000	79,3
3,26667	79,2
3,28333	79,2
3,30000	79,2
3,31667	79,3
3,33333	79,2
3,35000	79,2
3,36667	79,3
3,38333	79,3
3,40000	79,2
3,41667	79,2
3,43333	79,2
3,45000	79,2
3,46667	79,2
3,48333	79,3
3,50000	79,3
3,51667	79,2
3,53333	79,2
3,55000	79,3
3,56667	79,3
3,58333	79,2
3,60000	79,3
3,61667	79,3
3,63333	79,3
3,65000	79,3
3,66667	79,3
3,68333	79,4
3,70000	79,3
3,71667	79,4
3,73333	79,4
3,75000	79,4
3,76667	79,3
3,78333	79,4
3,80000	79,4
3,81667	79,3
3,83333	79,4
3,85000	79,4
3,86667	79,4
3,88333	79,4
3,90000	79,4
3,91667	79,5
3,93333	79,5
3,95000	79,4
3,96667	79,5
3,98333	79,5
4,00000	79,4
4,01667	79,5
4,03333	79,5
4,05000	79,5
4,06667	79,5
4,08333	79,5
4,10000	79,5
4,11667	79,5
4,13333	79,5
4,15000	79,5
4,16667	79,5
4,18333	79,5
4,20000	79,5
4,21667	79,5
4,23333	79,5
4,25000	79,5
4,26667	79,9
4,28333	80,1
4,30000	80,2
4,31667	80,2
4,33333	80,2
4,35000	80,3
4,36667	80,3
4,38333	80,3
4,40000	80,3
4,41667	80,3
4,43333	80,2
4,45000	80,2
4,46667	80,2
4,48333	80,2
4,50000	80,3
4,51667	80,2
4,53333	80,1
4,55000	80,1
4,56667	80,1
4,58333	80,1
4,60000	80,0
4,61667	80,0
4,63333	80,0
4,65000	79,9
4,66667	79,9
4,68333	79,8
4,70000	79,8
4,71667	79,8
4,73333	79,7
4,75000	79,7
4,76667	79,6
4,78333	79,5
4,80000	79,5
4,81667	79,5
4,83333	79,4
4,85000	79,4
4,86667	79,4
4,88333	79,3
4,90000	79,3
4,91667	79,3
4,93333	79,3
4,95000	79,3
4,96667	79,2
4,98333	79,2
5,00000	79,2
5,01667	79,3
5,03333	79,3
5,05000	79,2
5,06667	79,4
5,08333	79,4
5,10000	79,4
5,11667	79,6
5,13333	79,6
5,15000	79,5
5,16667	79,6
5,18333	79,6
5,20000	79,6
5,21667	79,7
5,23333	79,6
5,25000	79,6
5,26667	79,7
5,28333	79,7
5,30000	79,7
5,31667	79,7
5,33333	79,6
5,35000	79,6
5,36667	79,7
5,38333	79,7
5,40000	79,7
5,41667	79,8
5,43333	79,7
5,45000	79,7
5,46667	79,8
5,48333	79,8
5,50000	79,8
5,51667	79,8
5,53333	79,8
5,55000	79,8
5,56667	79,8
5,58333	79,8
5,60000	79,8
5,61667	79,8
5,63333	79,8
5,65000	79,8
5,66667	79,9
5,68333	79,9
5,70000	79,9
5,71667	79,9
5,73333	79,9
5,75000	79,9
5,76667	79,9
5,78333	80,0
5,80000	79,9
5,81667	80,0
5,83333	80,0
5,85000	79,9
5,86667	80,0
5,88333	79,9
5,90000	80,0
5,91667	80,0
5,93333	79,9
5,95000	79,9
5,96667	80,0
5,98333	79,9
6,00000	80,0
6,01667	80,0
6,03333	80,0
6,05000	80,0
6,06667	80,0
6,08333	80,0
6,10000	80,0
6,11667	80,0
6,13333	80,1
6,15000	80,1
6,16667	80,1
6,18333	80,0
6,20000	80,0
6,21667	80,0
6,23333	80,1
6,25000	80,0
6,26667	80,1
6,28333	80,0
6,30000	80,1
6,31667	80,0
6,33333	80,0
6,35000	80,1
6,36667	80,1
6,38333	80,2
6,40000	80,1
6,41667	80,1
6,43333	80,1
6,45000	80,1
6,46667	80,1
6,48333	80,2
6,50000	80,1
6,51667	80,2
6,53333	80,1
6,55000	80,1
6,56667	80,2
6,58333	80,1
6,60000	80,1
6,61667	80,1
6,63333	80,1
6,65000	80,2
6,66667	80,2
6,68333	80,2
6,70000	80,2
6,71667	80,2
6,73333	80,2
6,75000	80,2
6,76667	80,2
6,78333	80,2
6,80000	80,3
6,81667	80,2
6,83333	80,2
6,85000	80,2
6,86667	80,2
6,88333	80,3
6,90000	80,3
6,91667	80,2
6,93333	80,2
6,95000	80,2
6,96667	80,3
6,98333	80,2
7,00000	80,3
7,01667	80,3
7,03333	80,2
7,05000	80,2
7,06667	80,2
7,08333	80,3
7,10000	80,3
7,11667	80,3
7,13333	80,3
7,15000	80,3
7,16667	80,3
7,18333	80,3
7,20000	80,3
7,21667	80,3
7,23333	80,3
7,25000	80,3
7,26667	80,3
7,28333	80,3
7,30000	80,3
7,31667	80,4
7,33333	80,4
7,35000	80,3
7,36667	80,4
7,38333	80,3
7,40000	80,3
7,41667	80,3
7,43333	80,4
7,45000	80,4
7,46667	80,3
7,48333	80,3
7,50000	80,3
7,51667	80,4
7,53333	80,3
7,55000	80,3
7,56667	80,3
7,58333	80,3
7,60000	80,4
7,61667	80,4
7,63333	80,4
7,65000	80,4
7,66667	80,4
7,68333	80,3
7,70000	80,4
7,71667	80,3
7,73333	80,4
7,75000	80,4
7,76667	80,4
7,78333	80,4
7,80000	80,4
7,81667	80,4
7,83333	80,4
7,85000	80,3
7,86667	80,4
7,88333	80,4
7,90000	80,4
7,91667	80,4
7,93333	80,4
7,95000	80,4
7,96667	80,4
7,98333	80,4
8,00000	80,4
8,01667	80,3
8,03333	80,4
8,05000	80,4
8,06667	80,4
8,08333	80,4
8,10000	80,5
8,11667	80,4
8,13333	80,3
8,15000	80,4
8,16667	80,4
8,18333	80,4
8,20000	80,4
8,21667	80,4
8,23333	80,4
8,25000	80,4
8,26667	80,4
8,28333	80,4
8,30000	80,4
8,31667	80,4
8,33333	80,3
8,35000	80,3
8,36667	80,4
8,38333	80,4
8,40000	80,4
8,41667	80,4
8,43333	80,4
8,45000	80,4
8,46667	80,5
8,48333	80,4
8,50000	80,4
8,51667	80,4
8,53333	80,4
8,55000	80,4
8,56667	80,4
8,58333	80,4
8,60000	80,5
8,61667	80,5
8,63333	80,4
8,65000	80,4
8,66667	80,4
8,68333	80,5
8,70000	80,4
8,71667	80,4
8,73333	80,4
8,75000	80,4
8,76667	80,3
8,78333	80,4
8,80000	80,4
8,81667	80,4
8,83333	80,4
8,85000	80,4
8,86667	80,4
8,88333	80,4
8,90000	80,5
8,91667	80,4
8,93333	80,4
8,95000	80,4
8,96667	80,4
8,98333	80,4
9,00000	80,4
9,01667	80,4
9,03333	80,4
9,05000	80,4
9,06667	80,4
9,08333	80,4
9,10000	80,4
9,11667	80,4
9,13333	80,4
9,15000	80,4
9,16667	80,5
9,18333	80,4
9,20000	80,3
9,21667	80,4
9,23333	80,4
9,25000	80,4
9,26667	80,3
9,28333	80,4
9,30000	80,4
9,31667	80,4
9,33333	80,4
9,35000	80,3
9,36667	80,3
9,38333	80,4
9,40000	80,3
9,41667	80,3
9,43333	80,4
9,45000	80,4
9,46667	80,3
9,48333	80,3
9,50000	80,3
9,51667	80,4
9,53333	80,4
9,55000	80,4
9,56667	80,3
9,58333	80,3
9,60000	80,3
9,61667	80,4
9,63333	80,4
9,65000	80,3
9,66667	80,4
9,68333	80,3
9,70000	80,4
9,71667	80,3
9,73333	80,3
9,75000	80,3
9,76667	80,3
9,78333	80,3
9,80000	80,3
9,81667	80,3
9,83333	80,2
9,85000	80,2
9,86667	80,3
9,88333	80,3
9,90000	80,3
9,91667	80,2
9,93333	80,3
9,95000	80,3
9,96667	80,3
9,98333	80,3
10,00000	80,3
10,01667	80,3
10,03333	80,2
10,05000	80,3
10,06667	80,3
10,08333	80,3
10,10000	80,3
10,11667	80,3
10,13333	80,3
10,15000	80,2
10,16667	80,3
10,18333	80,3
10,20000	80,2
10,21667	80,3
10,23333	80,3
10,25000	80,3
10,26667	80,2
10,28333	80,3
10,30000	80,2
10,31667	80,2
10,33333	80,2
10,35000	80,2
10,36667	80,2
10,38333	80,2
10,40000	80,2
10,41667	80,3
10,43333	80,3
10,45000	80,2
10,46667	80,2
10,48333	80,2
10,50000	80,2
10,51667	80,2
10,53333	80,2
10,55000	80,2
10,56667	80,2
10,58333	80,2
10,60000	80,2
10,61667	80,2
10,63333	80,2
10,65000	80,2
10,66667	80,1
10,68333	80,1
10,70000	80,1
10,71667	80,1
10,73333	80,1
10,75000	80,1
10,76667	80,2
10,78333	80,1
10,80000	80,1
10,81667	80,2
10,83333	80,2
10,85000	80,1
10,86667	80,1
10,88333	80,1
10,90000	80,1
10,91667	80,1
10,93333	80,1
10,95000	80,1
10,96667	80,1
10,98333	80,1
11,00000	80,1
11,01667	80,1
11,03333	80,1
11,05000	80,1
11,06667	80,1
11,08333	80,0
11,10000	80,1
11,11667	80,0
11,13333	80,1
11,15000	80,1
11,16667	80,1
11,18333	80,1
11,20000	80,0
11,21667	80,1
11,23333	80,0
11,25000	80,0
11,26667	80,0
11,28333	80,1
11,30000	80,1
11,31667	80,0
11,33333	80,1
11,35000	80,1
11,36667	80,0
11,38333	80,0
11,40000	80,0
11,41667	80,0
11,43333	80,1
11,45000	80,1
11,46667	80,0
11,48333	79,9
11,50000	80,1
11,51667	80,0
11,53333	80,0
11,55000	80,0
11,56667	80,0
11,58333	79,9
11,60000	80,0
11,61667	80,0
11,63333	80,0
11,65000	80,0
11,66667	80,0
11,68333	80,0
11,70000	79,9
11,71667	80,0
11,73333	80,0
11,75000	79,9
11,76667	80,0
11,78333	79,9
11,80000	79,9
11,81667	80,0
11,83333	80,0
11,85000	80,0
11,86667	79,9
11,88333	79,9
11,90000	79,9
11,91667	79,9
11,93333	79,9
11,95000	79,9
11,96667	79,9
11,98333	79,9
12,00000	80,0
12,01667	79,9
12,03333	79,9
12,05000	79,9
12,06667	79,9
12,08333	79,9
12,10000	79,9
12,11667	79,8
12,13333	79,9
12,15000	79,8
12,16667	79,9
12,18333	79,8
12,20000	79,9
12,21667	79,9
12,23333	79,9
12,25000	79,9
12,26667	79,9
12,28333	79,9
12,30000	79,8
12,31667	79,8
12,33333	79,8
12,35000	79,9
12,36667	79,8
12,38333	79,8
12,40000	79,8
12,41667	79,8
12,43333	79,8
12,45000	79,8
12,46667	79,8
12,48333	79,8
12,50000	79,8
12,51667	79,8
12,53333	79,8
12,55000	79,8
12,56667	79,8
12,58333	79,8
12,60000	79,8
12,61667	79,8
12,63333	79,8
12,65000	79,8
12,66667	79,8
12,68333	79,7
12,70000	79,8
12,71667	79,8
12,73333	79,8
12,75000	79,8
12,76667	79,8
12,78333	79,7
12,80000	79,7
12,81667	79,7
12,83333	79,8
12,85000	79,7
12,86667	79,7
12,88333	79,8
12,90000	79,7
12,91667	79,7
12,93333	79,8
12,95000	79,8
12,96667	79,8
12,98333	79,7
13,00000	79,7
13,01667	79,7
13,03333	79,7
13,05000	79,7
13,06667	79,7
13,08333	79,6
13,10000	79,7
13,11667	79,7
13,13333	79,7
13,15000	79,7
13,16667	79,7
13,18333	79,7
13,20000	79,7
13,21667	79,8
13,23333	79,7
13,25000	79,7
13,26667	79,7
13,28333	79,7
13,30000	79,7
13,31667	79,7
13,33333	79,8
13,35000	79,8
13,36667	79,7
13,38333	79,7
13,40000	79,7
13,41667	79,7
13,43333	79,7
13,45000	79,7
13,46667	79,6
13,48333	79,6
13,50000	79,7
13,51667	79,7
13,53333	79,7
13,55000	79,6
13,56667	79,7
13,58333	79,6
13,60000	79,7
13,61667	79,6
13,63333	79,7
13,65000	79,7
13,66667	79,6
13,68333	79,6
13,70000	79,6
13,71667	79,6
13,73333	79,7
13,75000	79,7
13,76667	79,6
13,78333	79,6
13,80000	79,7
13,81667	79,6
13,83333	79,7
13,85000	79,7
13,86667	79,6
13,88333	79,7
13,90000	79,6
13,91667	79,6
13,93333	79,6
13,95000	79,6
13,96667	79,6
13,98333	79,6
14,00000	79,7
14,01667	79,6
14,03333	79,6
14,05000	79,6
14,06667	79,6
14,08333	79,6
14,10000	79,6
14,11667	79,7
14,13333	79,6
14,15000	79,6
14,16667	79,6
14,18333	79,5
14,20000	79,6
14,21667	79,6
14,23333	79,6
14,25000	79,6
14,26667	79,6
14,28333	79,6
14,30000	79,6
14,31667	79,6
14,33333	79,6
14,35000	79,6
14,36667	79,6
14,38333	79,6
14,40000	79,6
14,41667	79,6
14,43333	79,6
14,45000	79,6
14,46667	79,6
14,48333	79,6
14,50000	79,6
14,51667	79,6
14,53333	79,6
14,55000	79,6
14,56667	79,5
14,58333	79,5
14,60000	79,6
14,61667	79,6
14,63333	79,6
14,65000	79,6
14,66667	79,6
14,68333	79,6
14,70000	79,6
14,71667	79,6
14,73333	79,6
14,75000	79,6
14,76667	79,6
14,78333	79,6
14,80000	79,5
14,81667	79,5
14,83333	79,6
14,85000	79,6
14,86667	79,5
14,88333	79,5
14,90000	79,6
14,91667	79,5
14,93333	79,6
14,95000	79,6
14,96667	79,6
14,98333	79,6
15,00000	79,5
15,01667	79,5
15,03333	79,6
15,05000	79,6
15,06667	79,6
15,08333	79,5
15,10000	79,6
15,11667	79,6
15,13333	79,6
15,15000	79,5
15,16667	79,5
15,18333	79,5
15,20000	79,5
15,21667	79,5
15,23333	79,5
15,25000	79,5
15,26667	79,5
15,28333	79,5
15,30000	79,6
15,31667	79,5
15,33333	79,6
15,35000	79,6
15,36667	79,6
15,38333	79,5
15,40000	79,5
15,41667	79,5
15,43333	79,5
15,45000	79,5
15,46667	79,5
15,48333	79,5
15,50000	79,5
15,51667	79,5
15,53333	79,5
15,55000	79,5
15,56667	79,5
15,58333	79,5
15,60000	79,5
15,61667	79,5
15,63333	79,6
15,65000	79,6
15,66667	79,5
15,68333	79,5
15,70000	79,5
15,71667	79,5
15,73333	79,5
15,75000	79,5
15,76667	79,6
15,78333	79,5
15,80000	79,5
15,81667	79,5
15,83333	79,5
15,85000	79,6
15,86667	79,5
15,88333	79,5
15,90000	79,5
15,91667	79,5
15,93333	79,5
15,95000	79,5
15,96667	79,5
15,98333	79,5
16,00000	79,5
16,01667	79,4
16,03333	79,5
16,05000	79,5
16,06667	79,5
16,08333	79,5
16,10000	79,5
16,11667	79,5
16,13333	79,5
16,15000	79,5
16,16667	79,5
16,18333	79,4
16,20000	79,5
16,21667	79,5
16,23333	79,5
16,25000	79,5
16,26667	79,5
16,28333	79,5
16,30000	79,5
16,31667	79,5
16,33333	79,5
16,35000	79,5
16,36667	79,5
16,38333	79,5
16,40000	79,5
16,41667	79,5
16,43333	79,5
16,45000	79,5
16,46667	79,5
16,48333	79,6
16,50000	79,5
16,51667	79,5
16,53333	79,5
16,55000	79,5
16,56667	79,5
16,58333	79,5
16,60000	79,5
16,61667	79,5
16,63333	79,5
16,65000	79,4
16,66667	79,5
16,68333	79,5
16,70000	79,5
16,71667	79,6
16,73333	79,5
16,75000	79,5
16,76667	79,5
16,78333	79,5
16,80000	79,5
16,81667	79,5
16,83333	79,5
16,85000	79,5
16,86667	79,5
16,88333	79,5
16,90000	79,5
16,91667	79,5
16,93333	79,5
16,95000	79,5
16,96667	79,5
16,98333	79,5
17,00000	79,5
17,01667	79,5
17,03333	79,5
17,05000	79,5
17,06667	79,5
17,08333	79,5
17,10000	79,4
17,11667	79,5
17,13333	79,5
17,15000	79,5
17,16667	79,5
17,18333	79,5
17,20000	79,5
17,21667	79,4
17,23333	79,5
17,25000	79,5
17,26667	79,4
17,28333	79,4
17,30000	79,5
17,31667	79,4
17,33333	79,5
17,35000	79,4
17,36667	79,4
17,38333	79,4
17,40000	79,4
17,41667	79,5
17,43333	79,4
17,45000	79,4
17,46667	79,5
17,48333	79,4
17,50000	79,4
17,51667	79,4
17,53333	79,4
17,55000	79,4
17,56667	79,4
17,58333	79,4
17,60000	79,4
17,61667	79,4
17,63333	79,4
17,65000	79,4
17,66667	79,4
17,68333	79,4
17,70000	79,4
17,71667	79,4
17,73333	79,4
17,75000	79,4
17,76667	79,4
17,78333	79,3
17,80000	79,4
17,81667	79,4
17,83333	79,4
17,85000	79,4
17,86667	79,3
17,88333	79,4
17,90000	79,3
17,91667	79,3
17,93333	79,3
17,95000	79,3
17,96667	79,4
17,98333	79,3
18,00000	79,4
18,01667	79,3
18,03333	79,3
18,05000	79,3
18,06667	79,3
18,08333	79,3
18,10000	79,3
18,11667	79,3
18,13333	79,2
18,15000	79,3
18,16667	79,3
18,18333	79,3
18,20000	79,3
18,21667	79,3
18,23333	79,3
18,25000	79,3
18,26667	79,2
18,28333	79,3
18,30000	79,3
18,31667	79,2
18,33333	79,3
18,35000	79,3
18,36667	79,3
18,38333	79,2
18,40000	79,2
18,41667	79,2
18,43333	79,2
18,45000	79,2
18,46667	79,2
18,48333	79,2
18,50000	79,2
18,51667	79,2
18,53333	79,2
18,55000	79,2
18,56667	79,1
18,58333	79,2
18,60000	79,2
18,61667	79,2
18,63333	79,1
18,65000	79,2
18,66667	79,2
18,68333	79,1
18,70000	79,1
18,71667	79,1
18,73333	79,1
18,75000	79,1
18,76667	79,2
18,78333	79,2
18,80000	79,1
18,81667	79,1
18,83333	79,1
18,85000	79,1
18,86667	79,1
18,88333	79,1
18,90000	79,1
18,91667	79,0
18,93333	79,1
18,95000	79,1
18,96667	79,1
18,98333	79,0
19,00000	79,0
19,01667	79,0
19,03333	79,0
19,05000	79,0
19,06667	79,0
19,08333	78,9
19,10000	79,0
19,11667	79,0
19,13333	79,0
19,15000	79,0
19,16667	78,9
19,18333	79,0
19,20000	79,0
19,21667	78,9
19,23333	79,0
19,25000	79,0
19,26667	78,9
19,28333	78,9
19,30000	79,0
19,31667	78,9
19,33333	78,9
19,35000	78,9
19,36667	78,8
19,38333	78,9
19,40000	78,9
19,41667	78,8
19,43333	78,9
19,45000	78,9
19,46667	78,8
19,48333	78,9
19,50000	78,8
19,51667	78,8
19,53333	78,8
19,55000	78,8
19,56667	78,8
19,58333	78,8
19,60000	78,8
19,61667	78,8
19,63333	78,8
19,65000	78,8
19,66667	78,8
19,68333	78,7
19,70000	78,7
19,71667	78,7
19,73333	78,7
19,75000	78,7
19,76667	78,7
19,78333	78,7
19,80000	78,7
19,81667	78,7
19,83333	78,6
19,85000	78,7
19,86667	78,8
19,88333	78,6
19,90000	78,6
19,91667	78,7
19,93333	78,6
19,95000	78,6
19,96667	78,7
19,98333	78,6
20,00000	78,6
20,01667	78,6
20,03333	78,6
20,05000	78,6
20,06667	78,6
20,08333	78,5
20,10000	78,5
20,11667	78,5
20,13333	78,5
20,15000	78,5
20,16667	78,5
20,18333	78,5
20,20000	78,5
20,21667	78,4
20,23333	78,5
20,25000	78,5
20,26667	78,4
20,28333	78,4
20,30000	78,4
20,31667	78,4
20,33333	78,4
20,35000	78,4
20,36667	78,4
20,38333	78,3
20,40000	78,4
20,41667	78,3
20,43333	78,4
20,45000	78,4
20,46667	78,4
20,48333	78,3
20,50000	78,3
20,51667	78,3
20,53333	78,3
20,55000	78,3
20,56667	78,2
20,58333	78,2
20,60000	78,3
20,61667	78,3
20,63333	78,2
20,65000	78,2
20,66667	78,2
20,68333	78,2
20,70000	78,2
20,71667	78,2
20,73333	78,1
20,75000	78,1
20,76667	78,1
20,78333	78,1
20,80000	78,0
20,81667	78,0
20,83333	78,0
20,85000	78,0
20,86667	78,0
20,88333	77,9
20,90000	77,9
20,91667	77,9
20,93333	77,9
20,95000	77,9
20,96667	77,8
20,98333	77,7
21,00000	77,8
21,01667	77,7
21,03333	77,7
21,05000	77,7
21,06667	77,7
21,08333	77,6
21,10000	77,6
21,11667	77,5
21,13333	77,5
21,15000	77,5
21,16667	77,4
21,18333	77,4
21,20000	77,3
21,21667	77,3
21,23333	77,3
21,25000	77,3
21,26667	77,1
21,28333	77,1
21,30000	77,1
21,31667	77,1
21,33333	77,0
21,35000	77,0
21,36667	76,9
21,38333	76,8
21,40000	76,8
21,41667	76,7
21,43333	76,7
21,45000	76,7
21,46667	76,6
21,48333	76,6
21,50000	76,6
21,51667	76,5
21,53333	76,4
21,55000	76,4
21,56667	76,3
21,58333	76,3
21,60000	76,2
21,61667	76,2
21,63333	76,1
21,65000	76,1
21,66667	76,0
21,68333	75,9
21,70000	75,9
21,71667	75,8
21,73333	75,8
21,75000	75,8
21,76667	75,6
21,78333	75,6
21,80000	75,5
21,81667	75,5
21,83333	75,4
21,85000	75,4
21,86667	75,3
21,88333	75,3
21,90000	75,2
21,91667	75,1
21,93333	75,1
21,95000	75,1
21,96667	74,9
21,98333	74,9
22,00000	74,8
22,01667	74,8
22,03333	74,8
22,05000	74,7
22,06667	74,5
22,08333	74,5
22,10000	74,5
22,11667	74,4
22,13333	74,4
22,15000	74,3
22,16667	74,2
22,18333	74,1
22,20000	74,1
22,21667	74,0
22,23333	73,9
22,25000	73,9
22,26667	73,8
22,28333	73,7
22,30000	73,7
22,31667	73,5
22,33333	73,5
22,35000	73,5
22,36667	73,3
22,38333	73,2
22,40000	73,2
22,41667	73,1
22,43333	73,1
22,45000	73,0
22,46667	72,8
22,48333	72,8
22,50000	72,8
22,51667	72,7
22,53333	72,6
22,55000	72,6
22,56667	72,4
22,58333	72,4
22,60000	72,3
22,61667	72,2
22,63333	72,1
22,65000	72,1
22,66667	72,0
22,68333	71,9
22,70000	71,9
22,71667	71,8
22,73333	71,7
22,75000	71,6
22,76667	71,5
22,78333	71,4
22,80000	71,3
22,81667	71,3
22,83333	71,3
22,85000	71,2
22,86667	71,0
22,88333	70,9
22,90000	70,8
22,91667	70,7
22,93333	70,7
22,95000	70,6
22,96667	70,4
22,98333	70,4
23,00000	70,3
23,01667	70,2
23,03333	70,1
23,05000	70,1
23,06667	69,9
23,08333	69,9
23,10000	69,8
23,11667	69,6
23,13333	69,6
23,15000	69,5
23,16667	69,3
23,18333	69,2
23,20000	69,1
23,21667	68,9
23,23333	68,9
23,25000	68,8
23,26667	68,6
23,28333	68,5
23,30000	68,4
23,31667	68,3
23,33333	68,1
23,35000	68,1
23,36667	67,9
23,38333	67,8
23,40000	67,6
23,41667	67,6
23,43333	67,4
23,45000	67,4
23,46667	67,2
23,48333	67,1
23,50000	67,0
23,51667	66,9
23,53333	66,8
23,55000	66,8
23,56667	66,6
23,58333	66,4
23,60000	66,3
23,61667	66,2
23,63333	66,1
23,65000	66,1
23,66667	65,9
23,68333	65,8
23,70000	65,7
23,71667	65,6
23,73333	65,5
23,75000	65,5
23,76667	65,3
23,78333	65,2
23,80000	65,1
23,81667	64,9
23,83333	64,8
23,85000	64,8
23,86667	64,6
23,88333	64,6
23,90000	64,4
23,91667	64,4
23,93333	64,3
23,95000	64,2
23,96667	64,1
23,98333	63,9
24,00000	63,9
24,01667	63,8
24,03333	63,7
24,05000	63,6
24,06667	63,5
24,08333	63,4
24,10000	63,3
24,11667	63,2
24,13333	63,1
24,15000	63,1
24,16667	62,9
24,18333	62,9
24,20000	62,8
24,21667	62,6
24,23333	62,5
24,25000	62,5
24,26667	62,3
24,28333	62,3
24,30000	62,1
24,31667	62,1
24,33333	62,0
24,35000	61,9
24,36667	61,8
24,38333	61,7
24,40000	61,6
24,41667	61,5
24,43333	61,5
24,45000	61,4
24,46667	61,2
24,48333	61,1
24,50000	61,0
24,51667	60,9
24,53333	60,8
24,55000	60,8
24,56667	60,6
24,58333	60,5
24,60000	60,4
24,61667	60,3
24,63333	60,2
24,65000	60,2
24,66667	60,0
24,68333	59,9
24,70000	59,8
24,71667	59,6
24,73333	59,6
24,75000	59,6
24,76667	59,3
24,78333	59,2
24,80000	59,1
24,81667	59,0
24,83333	59,0
24,85000	58,9
24,86667	58,7
24,88333	58,7
24,90000	58,5
24,91667	58,4
24,93333	58,3
24,95000	58,3
24,96667	58,1
24,98333	58,0
25,00000	57,9
25,01667	57,8
25,03333	57,7
25,05000	57,7
25,06667	57,5
25,08333	57,4
25,10000	57,3
25,11667	57,2
25,13333	57,1
25,15000	57,1
25,16667	56,9
25,18333	56,8
25,20000	56,7
25,21667	56,6
25,23333	56,5
25,25000	56,5
25,26667	56,3
25,28333	56,2
25,30000	56,1
25,31667	56,0
25,33333	55,9
25,35000	55,9
25,36667	55,6
25,38333	55,6
25,40000	55,5
25,41667	55,3
25,43333	55,3
25,45000	55,3
25,46667	55,1
25,48333	55,0
25,50000	54,9
25,51667	54,8
25,53333	54,7
25,55000	54,7
25,56667	54,6
25,58333	54,5
25,60000	54,4
25,61667	54,3
25,63333	54,3
25,65000	54,2
25,66667	54,1
25,68333	54,0
25,70000	53,9
25,71667	53,8
25,73333	53,7
25,75000	53,7
25,76667	53,6
25,78333	53,5
25,80000	53,5
25,81667	53,3
25,83333	53,3
25,85000	53,3
25,86667	53,1
25,88333	53,1
25,90000	53,0
25,91667	52,9
25,93333	52,9
25,95000	52,9
25,96667	52,9
25,98333	52,8
26,00000	52,8
26,01667	52,7
26,03333	52,7
26,05000	52,7
26,06667	52,7
26,08333	52,6
26,10000	52,6
26,11667	52,6
26,13333	52,5
26,15000	52,5
26,16667	52,5
26,18333	52,5
26,20000	52,5
26,21667	52,5
26,23333	52,4
26,25000	52,4
26,26667	52,4
26,28333	52,4
26,30000	52,4
26,31667	52,4
26,33333	52,4
26,35000	52,4
26,36667	52,5
26,38333	52,5
26,40000	52,4
26,41667	52,5
26,43333	52,5
26,45000	52,5
26,46667	52,6
26,48333	52,6
26,50000	52,6
26,51667	52,7
26,53333	52,8
26,55000	52,8
26,56667	52,8
26,58333	52,9
26,60000	52,9
26,61667	53,0
26,63333	52,9
26,65000	53,0
26,66667	53,1
26,68333	53,1
26,70000	53,1
26,71667	53,2
26,73333	53,2
26,75000	53,3
26,76667	53,3
26,78333	53,4
26,80000	53,4
26,81667	53,5
26,83333	53,5
26,85000	53,5
26,86667	53,7
26,88333	53,7
26,90000	53,7
26,91667	53,9
26,93333	53,8
26,95000	53,8
26,96667	54,0
26,98333	54,1
27,00000	54,1
27,01667	54,2
27,03333	54,3
27,05000	54,3
27,06667	54,4
27,08333	54,5
27,10000	54,5
27,11667	54,6
27,13333	54,7
27,15000	54,7
27,16667	54,8
27,18333	54,9
27,20000	55,0
27,21667	55,1
27,23333	55,2
27,25000	55,2
27,26667	55,3
27,28333	55,4
27,30000	55,5
27,31667	55,6
27,33333	55,7
27,35000	55,7
27,36667	55,9
27,38333	56,0
27,40000	56,1
27,41667	56,1
27,43333	56,2
27,45000	56,3
27,46667	56,4
27,48333	56,6
27,50000	56,6
27,51667	56,8
27,53333	56,8
27,55000	56,9
27,56667	57,1
27,58333	57,2
27,60000	57,3
27,61667	57,4
27,63333	57,5
27,65000	57,5
27,66667	57,7
27,68333	57,8
27,70000	57,9
27,71667	58,1
27,73333	58,2
27,75000	58,2
27,76667	58,4
27,78333	58,7
27,80000	58,7
27,81667	58,8
27,83333	58,9
27,85000	58,9
27,86667	59,1
27,88333	59,3
27,90000	59,5
27,91667	59,5
27,93333	59,6
27,95000	59,7
27,96667	59,9
27,98333	59,9
28,00000	60,1
28,01667	60,2
28,03333	60,4
28,05000	60,4
28,06667	60,6
28,08333	60,7
28,10000	60,7
28,11667	60,9
28,13333	61,0
28,15000	61,0
28,16667	61,2
28,18333	61,4
28,20000	61,5
28,21667	61,5
28,23333	61,6
28,25000	61,7
28,26667	61,9
28,28333	62,0
28,30000	62,1
28,31667	62,2
28,33333	62,3
28,35000	62,3
28,36667	62,5
28,38333	62,5
28,40000	62,7
28,41667	62,8
28,43333	62,9
28,45000	62,9
28,46667	63,1
28,48333	63,2
28,50000	63,3
28,51667	63,5
28,53333	63,6
28,55000	63,6
28,56667	63,7
28,58333	63,8
28,60000	63,9
28,61667	64,1
28,63333	64,1
28,65000	64,1
28,66667	64,4
28,68333	64,5
28,70000	64,6
28,71667	64,7
28,73333	64,8
28,75000	64,8
28,76667	65,0
28,78333	65,0
28,80000	65,2
28,81667	65,3
28,83333	65,4
28,85000	65,4
28,86667	65,5
28,88333	65,6
28,90000	65,8
28,91667	65,9
28,93333	65,9
28,95000	66,0
28,96667	66,2
28,98333	66,3
29,00000	66,4
29,01667	66,5
29,03333	66,6
29,05000	66,6
29,06667	66,8
29,08333	66,8
29,10000	67,0
29,11667	67,1
29,13333	67,2
29,15000	67,2
29,16667	67,4
29,18333	67,4
29,20000	67,5
29,21667	67,6
29,23333	67,7
29,25000	67,7
29,26667	67,9
29,28333	68,0
29,30000	68,2
29,31667	68,1
29,33333	68,1
29,35000	68,2
29,36667	68,4
29,38333	68,5
29,40000	68,5
29,41667	68,7
29,43333	68,7
29,45000	68,8
29,46667	68,9
29,48333	68,9
29,50000	69,1
29,51667	69,2
29,53333	69,3
29,55000	69,3
29,56667	69,5
29,58333	69,5
29,60000	69,6
29,61667	69,9
29,63333	70,0
29,65000	70,0
29,66667	70,2
29,68333	70,2
29,70000	70,4
29,71667	70,5
29,73333	70,6
29,75000	70,7
29,76667	70,9
29,78333	71,0
29,80000	71,1
29,81667	71,2
29,83333	71,3
29,85000	71,3
29,86667	71,6
29,88333	71,6
29,90000	71,8
29,91667	71,9
29,93333	72,1
29,95000	72,1
29,96667	72,2
29,98333	72,3
30,00000	72,4
30,01667	72,6
30,03333	72,7
30,05000	72,7
30,06667	72,8
30,08333	72,9
30,10000	73,0
30,11667	73,1
30,13333	73,2
30,15000	73,2
30,16667	73,4
30,18333	73,5
30,20000	73,5
30,21667	73,6
30,23333	73,7
30,25000	73,7
30,26667	73,9
30,28333	73,9
30,30000	74,0
30,31667	74,1
30,33333	74,1
30,35000	74,1
30,36667	74,4
30,38333	74,4
30,40000	74,5
30,41667	74,6
30,43333	74,6
30,45000	74,6
30,46667	74,7
30,48333	74,9
30,50000	74,9
30,51667	75,0
30,53333	75,0
30,55000	75,1
30,56667	75,2
30,58333	75,2
30,60000	75,3
30,61667	75,3
30,63333	75,4
30,65000	75,4
30,66667	75,5
30,68333	75,5
30,70000	75,6
30,71667	75,7
30,73333	75,8
30,75000	75,8
30,76667	75,9
30,78333	75,9
30,80000	75,9
30,81667	75,9
30,83333	76,0
30,85000	76,0
30,86667	76,1
30,88333	76,2
30,90000	76,2
30,91667	76,3
30,93333	76,3
30,95000	76,3
30,96667	76,4
30,98333	76,5
31,00000	76,5
31,01667	76,5
31,03333	76,6
31,05000	76,7
31,06667	76,6
31,08333	76,7
31,10000	76,8
31,11667	76,9
31,13333	76,9
31,15000	76,9
31,16667	77,0
31,18333	76,9
31,20000	77,0
31,21667	77,1
31,23333	77,1
31,25000	77,1
31,26667	77,2
31,28333	77,2
31,30000	77,2
31,31667	77,2
31,33333	77,2
31,35000	77,3
31,36667	77,3
31,38333	77,4
31,40000	77,4
31,41667	77,5
31,43333	77,5
31,45000	77,5
31,46667	77,6
31,48333	77,6
31,50000	77,6
31,51667	77,6
31,53333	77,7
31,55000	77,7
31,56667	77,6
31,58333	77,7
31,60000	77,8
31,61667	77,8
31,63333	77,8
31,65000	77,8
31,66667	77,9
31,68333	77,9
31,70000	77,9
31,71667	78,0
31,73333	78,0
31,75000	78,0
31,76667	78,1
31,78333	78,1
31,80000	78,1
31,81667	78,1
31,83333	78,2
31,85000	78,2
31,86667	78,2
31,88333	78,2
31,90000	78,2
31,91667	78,2
31,93333	78,2
31,95000	78,2
31,96667	78,3
31,98333	78,3
32,00000	78,4

[LC Status Trace(Pump A Degasser Pressure)]
Interval(msec)	1000
# of Points	1921
Start Time(min)	0,000
End Time(min)	32,000
Intensity Units	bar
Intensity Multiplier	0,980665
R.Time (min)	Intensity
0,00000	953,4
0,01667	953,4
0,03333	953,4
0,05000	953,4
0,06667	955,4
0,08333	955,4
0,10000	954,4
0,11667	954,4
0,13333	954,4
0,15000	954,4
0,16667	954,4
0,18333	954,4
0,20000	953,4
0,21667	953,4
0,23333	953,4
0,25000	953,4
0,26667	954,4
0,28333	954,4
0,30000	953,4
0,31667	953,4
0,33333	953,4
0,35000	953,4
0,36667	953,4
0,38333	953,4
0,40000	953,4
0,41667	953,4
0,43333	953,4
0,45000	953,4
0,46667	954,4
0,48333	954,4
0,50000	954,4
0,51667	954,4
0,53333	954,4
0,55000	954,4
0,56667	953,4
0,58333	953,4
0,60000	954,4
0,61667	954,4
0,63333	954,4
0,65000	954,4
0,66667	954,4
0,68333	954,4
0,70000	954,4
0,71667	953,4
0,73333	953,4
0,75000	953,4
0,76667	954,4
0,78333	954,4
0,80000	953,4
0,81667	953,4
0,83333	953,4
0,85000	953,4
0,86667	954,4
0,88333	954,4
0,90000	954,4
0,91667	954,4
0,93333	954,4
0,95000	954,4
0,96667	953,4
0,98333	953,4
1,00000	954,4
1,01667	954,4
1,03333	954,4
1,05000	954,4
1,06667	954,4
1,08333	954,4
1,10000	954,4
1,11667	954,4
1,13333	954,4
1,15000	954,4
1,16667	954,4
1,18333	954,4
1,20000	953,4
1,21667	953,4
1,23333	953,4
1,25000	953,4
1,26667	955,4
1,28333	955,4
1,30000	954,4
1,31667	954,4
1,33333	954,4
1,35000	954,4
1,36667	954,4
1,38333	954,4
1,40000	954,4
1,41667	954,4
1,43333	954,4
1,45000	954,4
1,46667	955,4
1,48333	955,4
1,50000	954,4
1,51667	954,4
1,53333	954,4
1,55000	954,4
1,56667	954,4
1,58333	954,4
1,60000	953,4
1,61667	953,4
1,63333	953,4
1,65000	953,4
1,66667	955,4
1,68333	955,4
1,70000	953,4
1,71667	953,4
1,73333	953,4
1,75000	953,4
1,76667	953,4
1,78333	953,4
1,80000	955,4
1,81667	955,4
1,83333	955,4
1,85000	955,4
1,86667	954,4
1,88333	954,4
1,90000	953,4
1,91667	953,4
1,93333	953,4
1,95000	953,4
1,96667	954,4
1,98333	954,4
2,00000	954,4
2,01667	954,4
2,03333	954,4
2,05000	954,4
2,06667	954,4
2,08333	954,4
2,10000	953,4
2,11667	953,4
2,13333	953,4
2,15000	953,4
2,16667	955,4
2,18333	955,4
2,20000	954,4
2,21667	954,4
2,23333	954,4
2,25000	954,4
2,26667	954,4
2,28333	954,4
2,30000	954,4
2,31667	954,4
2,33333	954,4
2,35000	954,4
2,36667	954,4
2,38333	954,4
2,40000	954,4
2,41667	954,4
2,43333	954,4
2,45000	954,4
2,46667	953,4
2,48333	953,4
2,50000	955,4
2,51667	955,4
2,53333	955,4
2,55000	955,4
2,56667	954,4
2,58333	954,4
2,60000	954,4
2,61667	954,4
2,63333	954,4
2,65000	954,4
2,66667	954,4
2,68333	954,4
2,70000	955,4
2,71667	955,4
2,73333	955,4
2,75000	955,4
2,76667	954,4
2,78333	954,4
2,80000	953,4
2,81667	953,4
2,83333	953,4
2,85000	953,4
2,86667	954,4
2,88333	954,4
2,90000	954,4
2,91667	954,4
2,93333	954,4
2,95000	954,4
2,96667	954,4
2,98333	954,4
3,00000	953,4
3,01667	953,4
3,03333	953,4
3,05000	953,4
3,06667	954,4
3,08333	954,4
3,10000	954,4
3,11667	954,4
3,13333	954,4
3,15000	954,4
3,16667	954,4
3,18333	954,4
3,20000	953,4
3,21667	953,4
3,23333	953,4
3,25000	953,4
3,26667	954,4
3,28333	954,4
3,30000	954,4
3,31667	954,4
3,33333	954,4
3,35000	954,4
3,36667	954,4
3,38333	954,4
3,40000	953,4
3,41667	953,4
3,43333	953,4
3,45000	953,4
3,46667	954,4
3,48333	954,4
3,50000	953,4
3,51667	953,4
3,53333	953,4
3,55000	953,4
3,56667	954,4
3,58333	954,4
3,60000	954,4
3,61667	954,4
3,63333	954,4
3,65000	954,4
3,66667	955,4
3,68333	955,4
3,70000	954,4
3,71667	954,4
3,73333	954,4
3,75000	954,4
3,76667	954,4
3,78333	954,4
3,80000	954,4
3,81667	953,4
3,83333	953,4
3,85000	953,4
3,86667	954,4
3,88333	954,4
3,90000	954,4
3,91667	954,4
3,93333	954,4
3,95000	954,4
3,96667	954,4
3,98333	954,4
4,00000	953,4
4,01667	953,4
4,03333	953,4
4,05000	953,4
4,06667	955,4
4,08333	955,4
4,10000	954,4
4,11667	954,4
4,13333	954,4
4,15000	954,4
4,16667	954,4
4,18333	954,4
4,20000	953,4
4,21667	953,4
4,23333	953,4
4,25000	953,4
4,26667	954,4
4,28333	954,4
4,30000	954,4
4,31667	954,4
4,33333	954,4
4,35000	954,4
4,36667	953,4
4,38333	953,4
4,40000	953,4
4,41667	953,4
4,43333	953,4
4,45000	953,4
4,46667	954,4
4,48333	954,4
4,50000	954,4
4,51667	954,4
4,53333	954,4
4,55000	954,4
4,56667	953,4
4,58333	953,4
4,60000	954,4
4,61667	954,4
4,63333	954,4
4,65000	954,4
4,66667	954,4
4,68333	954,4
4,70000	954,4
4,71667	954,4
4,73333	954,4
4,75000	954,4
4,76667	954,4
4,78333	954,4
4,80000	955,4
4,81667	955,4
4,83333	955,4
4,85000	955,4
4,86667	954,4
4,88333	954,4
4,90000	954,4
4,91667	954,4
4,93333	954,4
4,95000	954,4
4,96667	954,4
4,98333	954,4
5,00000	955,4
5,01667	955,4
5,03333	955,4
5,05000	955,4
5,06667	954,4
5,08333	954,4
5,10000	953,4
5,11667	953,4
5,13333	953,4
5,15000	953,4
5,16667	954,4
5,18333	954,4
5,20000	954,4
5,21667	954,4
5,23333	954,4
5,25000	954,4
5,26667	954,4
5,28333	954,4
5,30000	954,4
5,31667	953,4
5,33333	953,4
5,35000	953,4
5,36667	954,4
5,38333	954,4
5,40000	954,4
5,41667	954,4
5,43333	954,4
5,45000	954,4
5,46667	954,4
5,48333	954,4
5,50000	953,4
5,51667	953,4
5,53333	953,4
5,55000	953,4
5,56667	954,4
5,58333	954,4
5,60000	954,4
5,61667	954,4
5,63333	954,4
5,65000	954,4
5,66667	954,4
5,68333	954,4
5,70000	953,4
5,71667	953,4
5,73333	953,4
5,75000	953,4
5,76667	954,4
5,78333	954,4
5,80000	954,4
5,81667	954,4
5,83333	954,4
5,85000	954,4
5,86667	953,4
5,88333	953,4
5,90000	954,4
5,91667	954,4
5,93333	954,4
5,95000	954,4
5,96667	954,4
5,98333	954,4
6,00000	954,4
6,01667	954,4
6,03333	954,4
6,05000	954,4
6,06667	953,4
6,08333	953,4
6,10000	953,4
6,11667	955,4
6,13333	955,4
6,15000	955,4
6,16667	954,4
6,18333	954,4
6,20000	953,4
6,21667	953,4
6,23333	953,4
6,25000	953,4
6,26667	954,4
6,28333	954,4
6,30000	954,4
6,31667	954,4
6,33333	954,4
6,35000	954,4
6,36667	954,4
6,38333	954,4
6,40000	953,4
6,41667	953,4
6,43333	953,4
6,45000	953,4
6,46667	955,4
6,48333	955,4
6,50000	953,4
6,51667	953,4
6,53333	953,4
6,55000	953,4
6,56667	953,4
6,58333	953,4
6,60000	953,4
6,61667	953,4
6,63333	953,4
6,65000	953,4
6,66667	955,4
6,68333	955,4
6,70000	953,4
6,71667	953,4
6,73333	953,4
6,75000	953,4
6,76667	953,4
6,78333	953,4
6,80000	954,4
6,81667	954,4
6,83333	954,4
6,85000	954,4
6,86667	954,4
6,88333	954,4
6,90000	954,4
6,91667	954,4
6,93333	954,4
6,95000	954,4
6,96667	953,4
6,98333	953,4
7,00000	954,4
7,01667	954,4
7,03333	954,4
7,05000	954,4
7,06667	954,4
7,08333	954,4
7,10000	953,4
7,11667	953,4
7,13333	953,4
7,15000	953,4
7,16667	955,4
7,18333	955,4
7,20000	954,4
7,21667	954,4
7,23333	954,4
7,25000	954,4
7,26667	954,4
7,28333	954,4
7,30000	953,4
7,31667	953,4
7,33333	953,4
7,35000	953,4
7,36667	955,4
7,38333	955,4
7,40000	954,4
7,41667	954,4
7,43333	954,4
7,45000	954,4
7,46667	953,4
7,48333	953,4
7,50000	954,4
7,51667	954,4
7,53333	954,4
7,55000	954,4
7,56667	954,4
7,58333	954,4
7,60000	954,4
7,61667	954,4
7,63333	954,4
7,65000	954,4
7,66667	953,4
7,68333	953,4
7,70000	953,4
7,71667	953,4
7,73333	953,4
7,75000	953,4
7,76667	954,4
7,78333	954,4
7,80000	954,4
7,81667	954,4
7,83333	954,4
7,85000	954,4
7,86667	953,4
7,88333	953,4
7,90000	953,4
7,91667	953,4
7,93333	953,4
7,95000	953,4
7,96667	954,4
7,98333	954,4
8,00000	954,4
8,01667	954,4
8,03333	954,4
8,05000	954,4
8,06667	953,4
8,08333	953,4
8,10000	954,4
8,11667	954,4
8,13333	954,4
8,15000	954,4
8,16667	954,4
8,18333	954,4
8,20000	954,4
8,21667	954,4
8,23333	954,4
8,25000	954,4
8,26667	953,4
8,28333	953,4
8,30000	955,4
8,31667	955,4
8,33333	955,4
8,35000	955,4
8,36667	954,4
8,38333	954,4
8,40000	954,4
8,41667	954,4
8,43333	954,4
8,45000	954,4
8,46667	953,4
8,48333	953,4
8,50000	955,4
8,51667	955,4
8,53333	955,4
8,55000	955,4
8,56667	954,4
8,58333	954,4
8,60000	954,4
8,61667	954,4
8,63333	954,4
8,65000	954,4
8,66667	954,4
8,68333	954,4
8,70000	954,4
8,71667	954,4
8,73333	954,4
8,75000	954,4
8,76667	954,4
8,78333	954,4
8,80000	954,4
8,81667	953,4
8,83333	953,4
8,85000	953,4
8,86667	954,4
8,88333	954,4
8,90000	954,4
8,91667	954,4
8,93333	954,4
8,95000	954,4
8,96667	954,4
8,98333	954,4
9,00000	953,4
9,01667	953,4
9,03333	953,4
9,05000	953,4
9,06667	955,4
9,08333	955,4
9,10000	954,4
9,11667	954,4
9,13333	954,4
9,15000	954,4
9,16667	954,4
9,18333	954,4
9,20000	954,4
9,21667	954,4
9,23333	954,4
9,25000	954,4
9,26667	954,4
9,28333	954,4
9,30000	954,4
9,31667	954,4
9,33333	954,4
9,35000	954,4
9,36667	954,4
9,38333	954,4
9,40000	954,4
9,41667	954,4
9,43333	954,4
9,45000	954,4
9,46667	954,4
9,48333	954,4
9,50000	954,4
9,51667	954,4
9,53333	954,4
9,55000	954,4
9,56667	953,4
9,58333	953,4
9,60000	953,4
9,61667	955,4
9,63333	955,4
9,65000	955,4
9,66667	954,4
9,68333	954,4
9,70000	954,4
9,71667	954,4
9,73333	954,4
9,75000	954,4
9,76667	953,4
9,78333	953,4
9,80000	955,4
9,81667	955,4
9,83333	955,4
9,85000	955,4
9,86667	954,4
9,88333	954,4
9,90000	954,4
9,91667	954,4
9,93333	954,4
9,95000	954,4
9,96667	954,4
9,98333	954,4
10,00000	954,4
10,01667	954,4
10,03333	954,4
10,05000	954,4
10,06667	954,4
10,08333	954,4
10,10000	954,4
10,11667	954,4
10,13333	954,4
10,15000	954,4
10,16667	953,4
10,18333	953,4
10,20000	954,4
10,21667	954,4
10,23333	954,4
10,25000	954,4
10,26667	954,4
10,28333	954,4
10,30000	953,4
10,31667	953,4
10,33333	953,4
10,35000	953,4
10,36667	954,4
10,38333	954,4
10,40000	954,4
10,41667	954,4
10,43333	954,4
10,45000	954,4
10,46667	954,4
10,48333	954,4
10,50000	953,4
10,51667	953,4
10,53333	953,4
10,55000	953,4
10,56667	954,4
10,58333	954,4
10,60000	954,4
10,61667	954,4
10,63333	954,4
10,65000	954,4
10,66667	954,4
10,68333	954,4
10,70000	954,4
10,71667	953,4
10,73333	953,4
10,75000	953,4
10,76667	954,4
10,78333	954,4
10,80000	954,4
10,81667	954,4
10,83333	954,4
10,85000	954,4
10,86667	954,4
10,88333	954,4
10,90000	953,4
10,91667	953,4
10,93333	953,4
10,95000	953,4
10,96667	954,4
10,98333	954,4
11,00000	954,4
11,01667	954,4
11,03333	954,4
11,05000	954,4
11,06667	954,4
11,08333	954,4
11,10000	954,4
11,11667	953,4
11,13333	953,4
11,15000	953,4
11,16667	955,4
11,18333	955,4
11,20000	954,4
11,21667	954,4
11,23333	954,4
11,25000	954,4
11,26667	953,4
11,28333	953,4
11,30000	954,4
11,31667	954,4
11,33333	954,4
11,35000	954,4
11,36667	954,4
11,38333	954,4
11,40000	954,4
11,41667	954,4
11,43333	954,4
11,45000	954,4
11,46667	952,4
11,48333	952,4
11,50000	952,4
11,51667	954,4
11,53333	954,4
11,55000	954,4
11,56667	954,4
11,58333	954,4
11,60000	953,4
11,61667	953,4
11,63333	953,4
11,65000	953,4
11,66667	955,4
11,68333	955,4
11,70000	954,4
11,71667	954,4
11,73333	954,4
11,75000	954,4
11,76667	954,4
11,78333	954,4
11,80000	953,4
11,81667	953,4
11,83333	953,4
11,85000	953,4
11,86667	954,4
11,88333	954,4
11,90000	954,4
11,91667	954,4
11,93333	954,4
11,95000	954,4
11,96667	954,4
11,98333	954,4
12,00000	953,4
12,01667	953,4
12,03333	953,4
12,05000	953,4
12,06667	954,4
12,08333	954,4
12,10000	954,4
12,11667	954,4
12,13333	954,4
12,15000	954,4
12,16667	953,4
12,18333	953,4
12,20000	955,4
12,21667	955,4
12,23333	955,4
12,25000	955,4
12,26667	954,4
12,28333	954,4
12,30000	954,4
12,31667	954,4
12,33333	954,4
12,35000	954,4
12,36667	954,4
12,38333	954,4
12,40000	954,4
12,41667	954,4
12,43333	954,4
12,45000	954,4
12,46667	954,4
12,48333	954,4
12,50000	953,4
12,51667	953,4
12,53333	953,4
12,55000	953,4
12,56667	955,4
12,58333	955,4
12,60000	954,4
12,61667	954,4
12,63333	954,4
12,65000	954,4
12,66667	954,4
12,68333	954,4
12,70000	954,4
12,71667	954,4
12,73333	954,4
12,75000	954,4
12,76667	954,4
12,78333	954,4
12,80000	954,4
12,81667	954,4
12,83333	954,4
12,85000	954,4
12,86667	953,4
12,88333	953,4
12,90000	954,4
12,91667	954,4
12,93333	954,4
12,95000	954,4
12,96667	954,4
12,98333	954,4
13,00000	954,4
13,01667	954,4
13,03333	954,4
13,05000	954,4
13,06667	953,4
13,08333	953,4
13,10000	955,4
13,11667	955,4
13,13333	955,4
13,15000	955,4
13,16667	953,4
13,18333	953,4
13,20000	954,4
13,21667	954,4
13,23333	954,4
13,25000	954,4
13,26667	954,4
13,28333	954,4
13,30000	954,4
13,31667	954,4
13,33333	954,4
13,35000	954,4
13,36667	954,4
13,38333	954,4
13,40000	954,4
13,41667	953,4
13,43333	953,4
13,45000	953,4
13,46667	954,4
13,48333	954,4
13,50000	954,4
13,51667	954,4
13,53333	954,4
13,55000	954,4
13,56667	954,4
13,58333	954,4
13,60000	953,4
13,61667	953,4
13,63333	953,4
13,65000	953,4
13,66667	955,4
13,68333	955,4
13,70000	954,4
13,71667	954,4
13,73333	954,4
13,75000	954,4
13,76667	954,4
13,78333	954,4
13,80000	954,4
13,81667	954,4
13,83333	954,4
13,85000	954,4
13,86667	955,4
13,88333	955,4
13,90000	954,4
13,91667	954,4
13,93333	954,4
13,95000	954,4
13,96667	953,4
13,98333	953,4
14,00000	955,4
14,01667	955,4
14,03333	955,4
14,05000	955,4
14,06667	954,4
14,08333	954,4
14,10000	954,4
14,11667	954,4
14,13333	954,4
14,15000	954,4
14,16667	953,4
14,18333	953,4
14,20000	953,4
14,21667	954,4
14,23333	954,4
14,25000	954,4
14,26667	954,4
14,28333	954,4
14,30000	954,4
14,31667	954,4
14,33333	954,4
14,35000	954,4
14,36667	953,4
14,38333	953,4
14,40000	954,4
14,41667	954,4
14,43333	954,4
14,45000	954,4
14,46667	954,4
14,48333	954,4
14,50000	954,4
14,51667	954,4
14,53333	954,4
14,55000	954,4
14,56667	953,4
14,58333	953,4
14,60000	953,4
14,61667	954,4
14,63333	954,4
14,65000	954,4
14,66667	954,4
14,68333	954,4
14,70000	954,4
14,71667	954,4
14,73333	954,4
14,75000	954,4
14,76667	953,4
14,78333	953,4
14,80000	954,4
14,81667	954,4
14,83333	954,4
14,85000	954,4
14,86667	953,4
14,88333	953,4
14,90000	954,4
14,91667	954,4
14,93333	954,4
14,95000	954,4
14,96667	954,4
14,98333	954,4
15,00000	954,4
15,01667	954,4
15,03333	954,4
15,05000	954,4
15,06667	954,4
15,08333	954,4
15,10000	953,4
15,11667	953,4
15,13333	953,4
15,15000	953,4
15,16667	955,4
15,18333	955,4
15,20000	954,4
15,21667	954,4
15,23333	954,4
15,25000	954,4
15,26667	953,4
15,28333	953,4
15,30000	954,4
15,31667	954,4
15,33333	954,4
15,35000	954,4
15,36667	954,4
15,38333	954,4
15,40000	954,4
15,41667	954,4
15,43333	954,4
15,45000	954,4
15,46667	953,4
15,48333	953,4
15,50000	954,4
15,51667	954,4
15,53333	954,4
15,55000	954,4
15,56667	954,4
15,58333	954,4
15,60000	954,4
15,61667	954,4
15,63333	954,4
15,65000	954,4
15,66667	953,4
15,68333	953,4
15,70000	953,4
15,71667	954,4
15,73333	954,4
15,75000	954,4
15,76667	953,4
15,78333	953,4
15,80000	954,4
15,81667	954,4
15,83333	954,4
15,85000	954,4
15,86667	953,4
15,88333	953,4
15,90000	954,4
15,91667	954,4
15,93333	954,4
15,95000	954,4
15,96667	954,4
15,98333	954,4
16,00000	953,4
16,01667	953,4
16,03333	953,4
16,05000	953,4
16,06667	954,4
16,08333	954,4
16,10000	954,4
16,11667	954,4
16,13333	954,4
16,15000	954,4
16,16667	954,4
16,18333	954,4
16,20000	953,4
16,21667	953,4
16,23333	953,4
16,25000	953,4
16,26667	955,4
16,28333	955,4
16,30000	954,4
16,31667	954,4
16,33333	954,4
16,35000	954,4
16,36667	953,4
16,38333	953,4
16,40000	954,4
16,41667	954,4
16,43333	954,4
16,45000	954,4
16,46667	954,4
16,48333	954,4
16,50000	954,4
16,51667	954,4
16,53333	954,4
16,55000	954,4
16,56667	954,4
16,58333	954,4
16,60000	953,4
16,61667	953,4
16,63333	953,4
16,65000	953,4
16,66667	954,4
16,68333	954,4
16,70000	954,4
16,71667	954,4
16,73333	954,4
16,75000	954,4
16,76667	953,4
16,78333	953,4
16,80000	954,4
16,81667	954,4
16,83333	954,4
16,85000	954,4
16,86667	954,4
16,88333	954,4
16,90000	953,4
16,91667	953,4
16,93333	953,4
16,95000	953,4
16,96667	955,4
16,98333	955,4
17,00000	954,4
17,01667	954,4
17,03333	954,4
17,05000	954,4
17,06667	954,4
17,08333	954,4
17,10000	953,4
17,11667	953,4
17,13333	953,4
17,15000	953,4
17,16667	955,4
17,18333	955,4
17,20000	954,4
17,21667	954,4
17,23333	954,4
17,25000	954,4
17,26667	953,4
17,28333	953,4
17,30000	953,4
17,31667	954,4
17,33333	954,4
17,35000	954,4
17,36667	954,4
17,38333	954,4
17,40000	954,4
17,41667	954,4
17,43333	954,4
17,45000	954,4
17,46667	953,4
17,48333	953,4
17,50000	954,4
17,51667	954,4
17,53333	954,4
17,55000	954,4
17,56667	954,4
17,58333	954,4
17,60000	953,4
17,61667	953,4
17,63333	953,4
17,65000	953,4
17,66667	955,4
17,68333	955,4
17,70000	955,4
17,71667	954,4
17,73333	954,4
17,75000	954,4
17,76667	954,4
17,78333	954,4
17,80000	953,4
17,81667	953,4
17,83333	953,4
17,85000	953,4
17,86667	955,4
17,88333	955,4
17,90000	954,4
17,91667	954,4
17,93333	954,4
17,95000	954,4
17,96667	953,4
17,98333	953,4
18,00000	954,4
18,01667	954,4
18,03333	954,4
18,05000	954,4
18,06667	954,4
18,08333	954,4
18,10000	954,4
18,11667	954,4
18,13333	954,4
18,15000	954,4
18,16667	953,4
18,18333	953,4
18,20000	955,4
18,21667	955,4
18,23333	955,4
18,25000	955,4
18,26667	954,4
18,28333	954,4
18,30000	953,4
18,31667	953,4
18,33333	953,4
18,35000	953,4
18,36667	955,4
18,38333	955,4
18,40000	955,4
18,41667	954,4
18,43333	954,4
18,45000	954,4
18,46667	954,4
18,48333	954,4
18,50000	954,4
18,51667	954,4
18,53333	954,4
18,55000	954,4
18,56667	954,4
18,58333	954,4
18,60000	954,4
18,61667	954,4
18,63333	954,4
18,65000	954,4
18,66667	953,4
18,68333	953,4
18,70000	954,4
18,71667	954,4
18,73333	954,4
18,75000	954,4
18,76667	954,4
18,78333	954,4
18,80000	954,4
18,81667	954,4
18,83333	954,4
18,85000	954,4
18,86667	953,4
18,88333	953,4
18,90000	955,4
18,91667	955,4
18,93333	955,4
18,95000	955,4
18,96667	954,4
18,98333	954,4
19,00000	953,4
19,01667	953,4
19,03333	953,4
19,05000	953,4
19,06667	954,4
19,08333	954,4
19,10000	954,4
19,11667	954,4
19,13333	954,4
19,15000	954,4
19,16667	954,4
19,18333	954,4
19,20000	954,4
19,21667	952,4
19,23333	952,4
19,25000	952,4
19,26667	954,4
19,28333	954,4
19,30000	954,4
19,31667	954,4
19,33333	954,4
19,35000	954,4
19,36667	953,4
19,38333	953,4
19,40000	955,4
19,41667	955,4
19,43333	955,4
19,45000	955,4
19,46667	954,4
19,48333	954,4
19,50000	954,4
19,51667	954,4
19,53333	954,4
19,55000	954,4
19,56667	954,4
19,58333	954,4
19,60000	954,4
19,61667	954,4
19,63333	954,4
19,65000	954,4
19,66667	954,4
19,68333	954,4
19,70000	953,4
19,71667	953,4
19,73333	953,4
19,75000	953,4
19,76667	955,4
19,78333	955,4
19,80000	954,4
19,81667	954,4
19,83333	954,4
19,85000	954,4
19,86667	953,4
19,88333	953,4
19,90000	954,4
19,91667	954,4
19,93333	954,4
19,95000	954,4
19,96667	954,4
19,98333	954,4
20,00000	954,4
20,01667	954,4
20,03333	954,4
20,05000	954,4
20,06667	953,4
20,08333	953,4
20,10000	954,4
20,11667	954,4
20,13333	954,4
20,15000	954,4
20,16667	954,4
20,18333	954,4
20,20000	953,4
20,21667	953,4
20,23333	953,4
20,25000	953,4
20,26667	954,4
20,28333	954,4
20,30000	953,4
20,31667	953,4
20,33333	953,4
20,35000	953,4
20,36667	954,4
20,38333	954,4
20,40000	954,4
20,41667	954,4
20,43333	954,4
20,45000	954,4
20,46667	954,4
20,48333	954,4
20,50000	954,4
20,51667	954,4
20,53333	954,4
20,55000	954,4
20,56667	953,4
20,58333	953,4
20,60000	954,4
20,61667	954,4
20,63333	954,4
20,65000	954,4
20,66667	954,4
20,68333	954,4
20,70000	953,4
20,71667	953,4
20,73333	953,4
20,75000	953,4
20,76667	954,4
20,78333	954,4
20,80000	954,4
20,81667	954,4
20,83333	954,4
20,85000	954,4
20,86667	954,4
20,88333	954,4
20,90000	952,4
20,91667	952,4
20,93333	952,4
20,95000	952,4
20,96667	954,4
20,98333	954,4
21,00000	953,4
21,01667	953,4
21,03333	953,4
21,05000	953,4
21,06667	953,4
21,08333	953,4
21,10000	953,4
21,11667	954,4
21,13333	954,4
21,15000	954,4
21,16667	954,4
21,18333	954,4
21,20000	953,4
21,21667	953,4
21,23333	953,4
21,25000	953,4
21,26667	954,4
21,28333	954,4
21,30000	954,4
21,31667	954,4
21,33333	954,4
21,35000	954,4
21,36667	953,4
21,38333	953,4
21,40000	955,4
21,41667	955,4
21,43333	955,4
21,45000	955,4
21,46667	954,4
21,48333	954,4
21,50000	954,4
21,51667	953,4
21,53333	953,4
21,55000	953,4
21,56667	955,4
21,58333	955,4
21,60000	954,4
21,61667	954,4
21,63333	954,4
21,65000	954,4
21,66667	953,4
21,68333	953,4
21,70000	954,4
21,71667	954,4
21,73333	954,4
21,75000	954,4
21,76667	954,4
21,78333	954,4
21,80000	954,4
21,81667	954,4
21,83333	954,4
21,85000	954,4
21,86667	954,4
21,88333	954,4
21,90000	954,4
21,91667	954,4
21,93333	954,4
21,95000	954,4
21,96667	953,4
21,98333	953,4
22,00000	954,4
22,01667	954,4
22,03333	954,4
22,05000	954,4
22,06667	953,4
22,08333	953,4
22,10000	953,4
22,11667	953,4
22,13333	953,4
22,15000	953,4
22,16667	954,4
22,18333	954,4
22,20000	954,4
22,21667	954,4
22,23333	954,4
22,25000	954,4
22,26667	953,4
22,28333	953,4
22,30000	953,4
22,31667	954,4
22,33333	954,4
22,35000	954,4
22,36667	954,4
22,38333	954,4
22,40000	954,4
22,41667	954,4
22,43333	954,4
22,45000	954,4
22,46667	954,4
22,48333	954,4
22,50000	954,4
22,51667	954,4
22,53333	954,4
22,55000	954,4
22,56667	954,4
22,58333	954,4
22,60000	954,4
22,61667	954,4
22,63333	954,4
22,65000	954,4
22,66667	954,4
22,68333	954,4
22,70000	954,4
22,71667	954,4
22,73333	954,4
22,75000	954,4
22,76667	954,4
22,78333	954,4
22,80000	954,4
22,81667	954,4
22,83333	954,4
22,85000	954,4
22,86667	954,4
22,88333	954,4
22,90000	953,4
22,91667	953,4
22,93333	953,4
22,95000	953,4
22,96667	954,4
22,98333	954,4
23,00000	954,4
23,01667	954,4
23,03333	954,4
23,05000	954,4
23,06667	953,4
23,08333	953,4
23,10000	953,4
23,11667	954,4
23,13333	954,4
23,15000	954,4
23,16667	954,4
23,18333	954,4
23,20000	953,4
23,21667	953,4
23,23333	953,4
23,25000	953,4
23,26667	954,4
23,28333	954,4
23,30000	954,4
23,31667	954,4
23,33333	954,4
23,35000	954,4
23,36667	953,4
23,38333	953,4
23,40000	955,4
23,41667	955,4
23,43333	955,4
23,45000	955,4
23,46667	954,4
23,48333	954,4
23,50000	953,4
23,51667	953,4
23,53333	953,4
23,55000	953,4
23,56667	955,4
23,58333	955,4
23,60000	954,4
23,61667	954,4
23,63333	954,4
23,65000	954,4
23,66667	953,4
23,68333	953,4
23,70000	954,4
23,71667	954,4
23,73333	954,4
23,75000	954,4
23,76667	954,4
23,78333	954,4
23,80000	954,4
23,81667	953,4
23,83333	953,4
23,85000	953,4
23,86667	954,4
23,88333	954,4
23,90000	954,4
23,91667	954,4
23,93333	954,4
23,95000	954,4
23,96667	954,4
23,98333	954,4
24,00000	954,4
24,01667	954,4
24,03333	954,4
24,05000	954,4
24,06667	954,4
24,08333	954,4
24,10000	954,4
24,11667	954,4
24,13333	954,4
24,15000	954,4
24,16667	954,4
24,18333	954,4
24,20000	954,4
24,21667	954,4
24,23333	954,4
24,25000	954,4
24,26667	954,4
24,28333	954,4
24,30000	954,4
24,31667	954,4
24,33333	954,4
24,35000	954,4
24,36667	954,4
24,38333	954,4
24,40000	953,4
24,41667	953,4
24,43333	953,4
24,45000	953,4
24,46667	954,4
24,48333	954,4
24,50000	954,4
24,51667	954,4
24,53333	954,4
24,55000	954,4
24,56667	953,4
24,58333	953,4
24,60000	953,4
24,61667	955,4
24,63333	955,4
24,65000	955,4
24,66667	954,4
24,68333	954,4
24,70000	954,4
24,71667	954,4
24,73333	954,4
24,75000	954,4
24,76667	953,4
24,78333	953,4
24,80000	954,4
24,81667	954,4
24,83333	954,4
24,85000	954,4
24,86667	954,4
24,88333	954,4
24,90000	953,4
24,91667	953,4
24,93333	953,4
24,95000	953,4
24,96667	954,4
24,98333	954,4
25,00000	954,4
25,01667	954,4
25,03333	954,4
25,05000	954,4
25,06667	953,4
25,08333	953,4
25,10000	954,4
25,11667	954,4
25,13333	954,4
25,15000	954,4
25,16667	954,4
25,18333	954,4
25,20000	954,4
25,21667	954,4
25,23333	954,4
25,25000	954,4
25,26667	954,4
25,28333	954,4
25,30000	954,4
25,31667	954,4
25,33333	954,4
25,35000	954,4
25,36667	954,4
25,38333	954,4
25,40000	954,4
25,41667	954,4
25,43333	954,4
25,45000	954,4
25,46667	953,4
25,48333	953,4
25,50000	955,4
25,51667	955,4
25,53333	955,4
25,55000	955,4
25,56667	954,4
25,58333	954,4
25,60000	954,4
25,61667	954,4
25,63333	954,4
25,65000	954,4
25,66667	954,4
25,68333	954,4
25,70000	954,4
25,71667	954,4
25,73333	954,4
25,75000	954,4
25,76667	953,4
25,78333	953,4
25,80000	953,4
25,81667	954,4
25,83333	954,4
25,85000	954,4
25,86667	954,4
25,88333	954,4
25,90000	954,4
25,91667	954,4
25,93333	954,4
25,95000	954,4
25,96667	953,4
25,98333	953,4
26,00000	954,4
26,01667	954,4
26,03333	954,4
26,05000	954,4
26,06667	954,4
26,08333	954,4
26,10000	953,4
26,11667	953,4
26,13333	953,4
26,15000	953,4
26,16667	954,4
26,18333	954,4
26,20000	954,4
26,21667	954,4
26,23333	954,4
26,25000	954,4
26,26667	953,4
26,28333	953,4
26,30000	955,4
26,31667	955,4
26,33333	955,4
26,35000	955,4
26,36667	954,4
26,38333	954,4
26,40000	953,4
26,41667	953,4
26,43333	953,4
26,45000	953,4
26,46667	954,4
26,48333	954,4
26,50000	954,4
26,51667	954,4
26,53333	954,4
26,55000	954,4
26,56667	954,4
26,58333	954,4
26,60000	953,4
26,61667	953,4
26,63333	953,4
26,65000	953,4
26,66667	955,4
26,68333	955,4
26,70000	954,4
26,71667	954,4
26,73333	954,4
26,75000	954,4
26,76667	954,4
26,78333	954,4
26,80000	953,4
26,81667	953,4
26,83333	953,4
26,85000	953,4
26,86667	955,4
26,88333	955,4
26,90000	955,4
26,91667	954,4
26,93333	954,4
26,95000	954,4
26,96667	954,4
26,98333	954,4
27,00000	953,4
27,01667	953,4
27,03333	953,4
27,05000	953,4
27,06667	954,4
27,08333	954,4
27,10000	954,4
27,11667	954,4
27,13333	954,4
27,15000	954,4
27,16667	954,4
27,18333	954,4
27,20000	953,4
27,21667	953,4
27,23333	953,4
27,25000	953,4
27,26667	954,4
27,28333	954,4
27,30000	954,4
27,31667	954,4
27,33333	954,4
27,35000	954,4
27,36667	954,4
27,38333	954,4
27,40000	953,4
27,41667	953,4
27,43333	953,4
27,45000	953,4
27,46667	954,4
27,48333	954,4
27,50000	953,4
27,51667	953,4
27,53333	953,4
27,55000	953,4
27,56667	954,4
27,58333	954,4
27,60000	954,4
27,61667	954,4
27,63333	954,4
27,65000	954,4
27,66667	954,4
27,68333	954,4
27,70000	954,4
27,71667	954,4
27,73333	954,4
27,75000	954,4
27,76667	953,4
27,78333	953,4
27,80000	954,4
27,81667	954,4
27,83333	954,4
27,85000	954,4
27,86667	954,4
27,88333	954,4
27,90000	954,4
27,91667	954,4
27,93333	954,4
27,95000	954,4
27,96667	953,4
27,98333	953,4
28,00000	954,4
28,01667	954,4
28,03333	954,4
28,05000	954,4
28,06667	954,4
28,08333	954,4
28,10000	954,4
28,11667	954,4
28,13333	954,4
28,15000	954,4
28,16667	953,4
28,18333	953,4
28,20000	954,4
28,21667	954,4
28,23333	954,4
28,25000	954,4
28,26667	954,4
28,28333	954,4
28,30000	954,4
28,31667	954,4
28,33333	954,4
28,35000	954,4
28,36667	953,4
28,38333	953,4
28,40000	953,4
28,41667	953,4
28,43333	953,4
28,45000	953,4
28,46667	954,4
28,48333	954,4
28,50000	954,4
28,51667	954,4
28,53333	954,4
28,55000	954,4
28,56667	954,4
28,58333	954,4
28,60000	953,4
28,61667	953,4
28,63333	953,4
28,65000	953,4
28,66667	954,4
28,68333	954,4
28,70000	954,4
28,71667	954,4
28,73333	954,4
28,75000	954,4
28,76667	954,4
28,78333	954,4
28,80000	953,4
28,81667	953,4
28,83333	953,4
28,85000	953,4
28,86667	954,4
28,88333	954,4
28,90000	954,4
28,91667	954,4
28,93333	954,4
28,95000	954,4
28,96667	954,4
28,98333	954,4
29,00000	953,4
29,01667	953,4
29,03333	953,4
29,05000	953,4
29,06667	953,4
29,08333	953,4
29,10000	954,4
29,11667	954,4
29,13333	954,4
29,15000	954,4
29,16667	954,4
29,18333	954,4
29,20000	954,4
29,21667	954,4
29,23333	954,4
29,25000	954,4
29,26667	953,4
29,28333	953,4
29,30000	955,4
29,31667	955,4
29,33333	955,4
29,35000	955,4
29,36667	954,4
29,38333	954,4
29,40000	954,4
29,41667	954,4
29,43333	954,4
29,45000	954,4
29,46667	953,4
29,48333	953,4
29,50000	954,4
29,51667	954,4
29,53333	954,4
29,55000	954,4
29,56667	954,4
29,58333	954,4
29,60000	954,4
29,61667	954,4
29,63333	954,4
29,65000	954,4
29,66667	953,4
29,68333	953,4
29,70000	954,4
29,71667	954,4
29,73333	954,4
29,75000	954,4
29,76667	954,4
29,78333	954,4
29,80000	954,4
29,81667	954,4
29,83333	954,4
29,85000	954,4
29,86667	953,4
29,88333	953,4
29,90000	954,4
29,91667	954,4
29,93333	954,4
29,95000	954,4
29,96667	954,4
29,98333	954,4
30,00000	954,4
30,01667	954,4
30,03333	954,4
30,05000	954,4
30,06667	953,4
30,08333	953,4
30,10000	954,4
30,11667	954,4
30,13333	954,4
30,15000	954,4
30,16667	954,4
30,18333	954,4
30,20000	954,4
30,21667	954,4
30,23333	954,4
30,25000	954,4
30,26667	953,4
30,28333	953,4
30,30000	954,4
30,31667	954,4
30,33333	954,4
30,35000	954,4
30,36667	954,4
30,38333	954,4
30,40000	954,4
30,41667	954,4
30,43333	954,4
30,45000	954,4
30,46667	953,4
30,48333	953,4
30,50000	954,4
30,51667	954,4
30,53333	954,4
30,55000	954,4
30,56667	954,4
30,58333	954,4
30,60000	954,4
30,61667	954,4
30,63333	954,4
30,65000	954,4
30,66667	953,4
30,68333	953,4
30,70000	954,4
30,71667	954,4
30,73333	954,4
30,75000	954,4
30,76667	954,4
30,78333	954,4
30,80000	954,4
30,81667	954,4
30,83333	954,4
30,85000	954,4
30,86667	953,4
30,88333	953,4
30,90000	955,4
30,91667	955,4
30,93333	955,4
30,95000	955,4
30,96667	954,4
30,98333	954,4
31,00000	954,4
31,01667	954,4
31,03333	954,4
31,05000	954,4
31,06667	953,4
31,08333	953,4
31,10000	955,4
31,11667	955,4
31,13333	955,4
31,15000	955,4
31,16667	954,4
31,18333	954,4
31,20000	954,4
31,21667	954,4
31,23333	954,4
31,25000	954,4
31,26667	953,4
31,28333	953,4
31,30000	954,4
31,31667	954,4
31,33333	954,4
31,35000	954,4
31,36667	953,4
31,38333	953,4
31,40000	954,4
31,41667	954,4
31,43333	954,4
31,45000	954,4
31,46667	954,4
31,48333	954,4
31,50000	954,4
31,51667	954,4
31,53333	954,4
31,55000	954,4
31,56667	954,4
31,58333	954,4
31,60000	953,4
31,61667	953,4
31,63333	953,4
31,65000	953,4
31,66667	954,4
31,68333	954,4
31,70000	954,4
31,71667	954,4
31,73333	954,4
31,75000	954,4
31,76667	954,4
31,78333	954,4
31,80000	953,4
31,81667	953,4
31,83333	953,4
31,85000	953,4
31,86667	954,4
31,88333	954,4
31,90000	954,4
31,91667	954,4
31,93333	954,4
31,95000	954,4
31,96667	954,4
31,98333	954,4
32,00000	953,4

[LC Status Trace(Pump B Pressure)]
Interval(msec)	1000
# of Points	1921
Start Time(min)	0,000
End Time(min)	32,000
Intensity Units	bar
Intensity Multiplier	0,980665
R.Time (min)	Intensity
0,00000	78,3
0,01667	78,3
0,03333	76,6
0,05000	76,7
0,06667	77,3
0,08333	77,9
0,10000	78,3
0,11667	79,1
0,13333	79,3
0,15000	79,2
0,16667	78,9
0,18333	78,7
0,20000	78,7
0,21667	78,9
0,23333	79,0
0,25000	79,0
0,26667	79,1
0,28333	79,0
0,30000	79,1
0,31667	79,1
0,33333	79,1
0,35000	79,1
0,36667	79,1
0,38333	79,1
0,40000	79,0
0,41667	79,1
0,43333	79,1
0,45000	79,1
0,46667	79,2
0,48333	79,1
0,50000	79,1
0,51667	79,1
0,53333	79,1
0,55000	79,2
0,56667	79,1
0,58333	79,1
0,60000	79,1
0,61667	79,0
0,63333	79,1
0,65000	79,1
0,66667	79,1
0,68333	79,1
0,70000	79,1
0,71667	79,1
0,73333	79,1
0,75000	79,1
0,76667	79,1
0,78333	79,1
0,80000	79,1
0,81667	79,1
0,83333	79,0
0,85000	79,1
0,86667	79,1
0,88333	79,1
0,90000	79,1
0,91667	79,1
0,93333	79,1
0,95000	79,1
0,96667	79,1
0,98333	79,1
1,00000	79,1
1,01667	79,0
1,03333	79,0
1,05000	79,1
1,06667	79,0
1,08333	79,1
1,10000	79,1
1,11667	79,1
1,13333	79,1
1,15000	79,1
1,16667	79,1
1,18333	79,0
1,20000	79,0
1,21667	79,0
1,23333	79,0
1,25000	79,0
1,26667	79,0
1,28333	79,0
1,30000	79,0
1,31667	79,1
1,33333	79,1
1,35000	79,2
1,36667	79,0
1,38333	79,0
1,40000	79,0
1,41667	79,0
1,43333	79,0
1,45000	79,0
1,46667	78,9
1,48333	79,0
1,50000	79,0
1,51667	79,1
1,53333	79,0
1,55000	79,0
1,56667	78,9
1,58333	79,0
1,60000	79,0
1,61667	79,0
1,63333	78,9
1,65000	78,9
1,66667	79,0
1,68333	79,0
1,70000	79,0
1,71667	78,8
1,73333	78,9
1,75000	78,9
1,76667	78,9
1,78333	78,9
1,80000	78,9
1,81667	78,9
1,83333	78,9
1,85000	78,9
1,86667	78,9
1,88333	78,9
1,90000	78,9
1,91667	78,9
1,93333	78,9
1,95000	78,9
1,96667	78,9
1,98333	78,9
2,00000	78,9
2,01667	78,9
2,03333	78,8
2,05000	78,8
2,06667	78,8
2,08333	78,8
2,10000	78,8
2,11667	78,8
2,13333	78,8
2,15000	78,8
2,16667	78,9
2,18333	78,8
2,20000	78,8
2,21667	78,9
2,23333	78,8
2,25000	78,8
2,26667	78,8
2,28333	78,9
2,30000	78,9
2,31667	78,8
2,33333	78,8
2,35000	78,8
2,36667	78,9
2,38333	78,8
2,40000	78,8
2,41667	78,8
2,43333	78,9
2,45000	78,8
2,46667	78,8
2,48333	78,8
2,50000	78,8
2,51667	78,8
2,53333	78,8
2,55000	78,8
2,56667	78,8
2,58333	78,8
2,60000	78,8
2,61667	78,8
2,63333	78,8
2,65000	78,8
2,66667	78,9
2,68333	78,8
2,70000	78,8
2,71667	78,9
2,73333	78,9
2,75000	78,9
2,76667	78,8
2,78333	78,8
2,80000	78,9
2,81667	78,9
2,83333	78,8
2,85000	78,9
2,86667	78,9
2,88333	78,9
2,90000	78,9
2,91667	78,8
2,93333	78,9
2,95000	78,9
2,96667	78,8
2,98333	78,9
3,00000	78,9
3,01667	78,9
3,03333	78,9
3,05000	78,9
3,06667	78,9
3,08333	78,9
3,10000	78,9
3,11667	78,9
3,13333	78,9
3,15000	78,9
3,16667	79,0
3,18333	79,0
3,20000	78,9
3,21667	78,9
3,23333	79,0
3,25000	79,0
3,26667	79,0
3,28333	78,9
3,30000	79,0
3,31667	78,9
3,33333	79,0
3,35000	78,9
3,36667	79,1
3,38333	79,0
3,40000	79,0
3,41667	79,0
3,43333	79,0
3,45000	78,9
3,46667	78,9
3,48333	79,1
3,50000	79,1
3,51667	79,0
3,53333	79,0
3,55000	79,0
3,56667	79,0
3,58333	79,1
3,60000	79,0
3,61667	79,0
3,63333	79,1
3,65000	79,0
3,66667	79,1
3,68333	79,1
3,70000	79,1
3,71667	79,1
3,73333	79,2
3,75000	79,1
3,76667	79,1
3,78333	79,1
3,80000	79,1
3,81667	79,0
3,83333	79,2
3,85000	79,1
3,86667	79,2
3,88333	79,1
3,90000	79,2
3,91667	79,2
3,93333	79,1
3,95000	79,2
3,96667	79,3
3,98333	79,2
4,00000	79,2
4,01667	79,3
4,03333	79,2
4,05000	79,2
4,06667	79,2
4,08333	79,3
4,10000	79,3
4,11667	79,2
4,13333	79,2
4,15000	79,3
4,16667	79,3
4,18333	79,3
4,20000	79,2
4,21667	79,2
4,23333	79,3
4,25000	79,3
4,26667	79,6
4,28333	79,8
4,30000	79,8
4,31667	80,0
4,33333	80,1
4,35000	80,1
4,36667	80,1
4,38333	80,0
4,40000	80,1
4,41667	80,0
4,43333	80,0
4,45000	80,0
4,46667	80,0
4,48333	79,9
4,50000	80,0
4,51667	79,9
4,53333	79,9
4,55000	79,9
4,56667	79,9
4,58333	79,8
4,60000	79,8
4,61667	79,8
4,63333	79,7
4,65000	79,6
4,66667	79,6
4,68333	79,5
4,70000	79,5
4,71667	79,5
4,73333	79,4
4,75000	79,3
4,76667	79,3
4,78333	79,3
4,80000	79,2
4,81667	79,2
4,83333	79,2
4,85000	79,1
4,86667	79,1
4,88333	79,1
4,90000	79,0
4,91667	79,1
4,93333	79,0
4,95000	79,0
4,96667	79,0
4,98333	79,0
5,00000	79,0
5,01667	79,0
5,03333	79,0
5,05000	79,0
5,06667	79,1
5,08333	79,2
5,10000	79,2
5,11667	79,3
5,13333	79,3
5,15000	79,2
5,16667	79,3
5,18333	79,4
5,20000	79,3
5,21667	79,4
5,23333	79,4
5,25000	79,3
5,26667	79,4
5,28333	79,4
5,30000	79,4
5,31667	79,5
5,33333	79,3
5,35000	79,4
5,36667	79,5
5,38333	79,4
5,40000	79,5
5,41667	79,5
5,43333	79,5
5,45000	79,5
5,46667	79,5
5,48333	79,5
5,50000	79,6
5,51667	79,6
5,53333	79,5
5,55000	79,5
5,56667	79,5
5,58333	79,6
5,60000	79,6
5,61667	79,5
5,63333	79,6
5,65000	79,6
5,66667	79,6
5,68333	79,6
5,70000	79,7
5,71667	79,6
5,73333	79,7
5,75000	79,6
5,76667	79,7
5,78333	79,7
5,80000	79,7
5,81667	79,7
5,83333	79,7
5,85000	79,6
5,86667	79,7
5,88333	79,7
5,90000	79,6
5,91667	79,7
5,93333	79,6
5,95000	79,6
5,96667	79,7
5,98333	79,6
6,00000	79,7
6,01667	79,7
6,03333	79,8
6,05000	79,7
6,06667	79,7
6,08333	79,7
6,10000	79,8
6,11667	79,7
6,13333	79,8
6,15000	79,8
6,16667	79,8
6,18333	79,7
6,20000	79,7
6,21667	79,8
6,23333	79,8
6,25000	79,7
6,26667	79,8
6,28333	79,7
6,30000	79,8
6,31667	79,8
6,33333	79,8
6,35000	79,8
6,36667	79,8
6,38333	79,8
6,40000	79,8
6,41667	79,7
6,43333	79,8
6,45000	79,8
6,46667	79,8
6,48333	79,9
6,50000	79,8
6,51667	79,8
6,53333	79,8
6,55000	79,9
6,56667	79,9
6,58333	79,8
6,60000	79,8
6,61667	79,8
6,63333	79,9
6,65000	79,9
6,66667	79,9
6,68333	79,9
6,70000	79,9
6,71667	79,9
6,73333	79,9
6,75000	79,9
6,76667	79,9
6,78333	79,9
6,80000	80,0
6,81667	80,0
6,83333	79,9
6,85000	79,9
6,86667	79,9
6,88333	79,9
6,90000	79,9
6,91667	79,9
6,93333	79,9
6,95000	80,0
6,96667	80,0
6,98333	79,9
7,00000	79,9
7,01667	80,0
7,03333	79,9
7,05000	80,0
7,06667	80,0
7,08333	80,0
7,10000	80,0
7,11667	80,0
7,13333	80,0
7,15000	80,0
7,16667	80,0
7,18333	80,0
7,20000	80,0
7,21667	80,1
7,23333	80,0
7,25000	80,0
7,26667	80,0
7,28333	80,1
7,30000	80,1
7,31667	80,0
7,33333	80,1
7,35000	80,0
7,36667	80,1
7,38333	80,0
7,40000	80,1
7,41667	80,0
7,43333	80,0
7,45000	80,1
7,46667	80,0
7,48333	80,1
7,50000	80,0
7,51667	80,1
7,53333	80,0
7,55000	80,0
7,56667	80,0
7,58333	80,1
7,60000	80,1
7,61667	80,0
7,63333	80,1
7,65000	80,0
7,66667	80,1
7,68333	80,0
7,70000	80,1
7,71667	80,0
7,73333	80,1
7,75000	80,1
7,76667	80,1
7,78333	80,1
7,80000	80,0
7,81667	80,1
7,83333	80,0
7,85000	80,1
7,86667	80,0
7,88333	80,1
7,90000	80,1
7,91667	80,1
7,93333	80,1
7,95000	80,0
7,96667	80,1
7,98333	80,1
8,00000	80,1
8,01667	80,0
8,03333	80,1
8,05000	80,1
8,06667	80,1
8,08333	80,1
8,10000	80,0
8,11667	80,1
8,13333	80,1
8,15000	80,1
8,16667	80,1
8,18333	80,1
8,20000	80,1
8,21667	80,1
8,23333	80,1
8,25000	80,1
8,26667	80,1
8,28333	80,1
8,30000	80,1
8,31667	80,1
8,33333	80,1
8,35000	80,0
8,36667	80,1
8,38333	80,1
8,40000	80,1
8,41667	80,1
8,43333	80,1
8,45000	80,1
8,46667	80,1
8,48333	80,1
8,50000	80,1
8,51667	80,1
8,53333	80,1
8,55000	80,1
8,56667	80,1
8,58333	80,1
8,60000	80,1
8,61667	80,1
8,63333	80,1
8,65000	80,1
8,66667	80,1
8,68333	80,1
8,70000	80,1
8,71667	80,1
8,73333	80,1
8,75000	80,1
8,76667	80,1
8,78333	80,1
8,80000	80,1
8,81667	80,1
8,83333	80,1
8,85000	80,0
8,86667	80,1
8,88333	80,0
8,90000	80,1
8,91667	80,0
8,93333	80,1
8,95000	80,1
8,96667	80,1
8,98333	80,0
9,00000	80,1
9,01667	80,2
9,03333	80,1
9,05000	80,1
9,06667	80,1
9,08333	80,1
9,10000	80,1
9,11667	80,1
9,13333	80,1
9,15000	80,1
9,16667	80,1
9,18333	80,1
9,20000	80,0
9,21667	80,1
9,23333	80,0
9,25000	80,1
9,26667	80,0
9,28333	80,1
9,30000	80,1
9,31667	80,1
9,33333	80,0
9,35000	80,1
9,36667	80,0
9,38333	80,1
9,40000	80,1
9,41667	80,1
9,43333	80,0
9,45000	80,0
9,46667	80,1
9,48333	80,0
9,50000	80,0
9,51667	80,0
9,53333	80,1
9,55000	80,0
9,56667	80,0
9,58333	80,0
9,60000	80,1
9,61667	80,0
9,63333	80,0
9,65000	80,0
9,66667	80,1
9,68333	80,0
9,70000	80,0
9,71667	80,0
9,73333	80,1
9,75000	80,0
9,76667	80,0
9,78333	80,0
9,80000	80,0
9,81667	79,9
9,83333	79,9
9,85000	79,9
9,86667	80,0
9,88333	80,0
9,90000	79,9
9,91667	80,0
9,93333	80,0
9,95000	80,0
9,96667	80,0
9,98333	80,0
10,00000	79,9
10,01667	80,0
10,03333	80,0
10,05000	80,0
10,06667	79,9
10,08333	80,0
10,10000	80,0
10,11667	80,0
10,13333	79,9
10,15000	80,0
10,16667	80,0
10,18333	79,9
10,20000	80,0
10,21667	80,0
10,23333	79,9
10,25000	79,9
10,26667	79,9
10,28333	80,0
10,30000	80,0
10,31667	79,9
10,33333	79,9
10,35000	79,9
10,36667	79,9
10,38333	79,9
10,40000	79,9
10,41667	79,9
10,43333	79,9
10,45000	79,9
10,46667	79,9
10,48333	79,9
10,50000	79,9
10,51667	79,9
10,53333	79,8
10,55000	79,9
10,56667	79,9
10,58333	79,9
10,60000	79,9
10,61667	79,9
10,63333	79,9
10,65000	79,8
10,66667	79,8
10,68333	79,8
10,70000	79,8
10,71667	79,8
10,73333	79,8
10,75000	79,8
10,76667	79,8
10,78333	79,8
10,80000	79,8
10,81667	79,9
10,83333	79,8
10,85000	79,7
10,86667	79,9
10,88333	79,8
10,90000	79,8
10,91667	79,8
10,93333	79,8
10,95000	79,7
10,96667	79,8
10,98333	79,8
11,00000	79,8
11,01667	79,8
11,03333	79,8
11,05000	79,7
11,06667	79,8
11,08333	79,8
11,10000	79,8
11,11667	79,7
11,13333	79,8
11,15000	79,8
11,16667	79,8
11,18333	79,7
11,20000	79,7
11,21667	79,7
11,23333	79,7
11,25000	79,7
11,26667	79,7
11,28333	79,7
11,30000	79,8
11,31667	79,7
11,33333	79,7
11,35000	79,6
11,36667	79,7
11,38333	79,7
11,40000	79,7
11,41667	79,7
11,43333	79,7
11,45000	79,7
11,46667	79,7
11,48333	79,7
11,50000	79,7
11,51667	79,7
11,53333	79,7
11,55000	79,6
11,56667	79,7
11,58333	79,6
11,60000	79,7
11,61667	79,7
11,63333	79,7
11,65000	79,6
11,66667	79,6
11,68333	79,6
11,70000	79,7
11,71667	79,6
11,73333	79,6
11,75000	79,6
11,76667	79,6
11,78333	79,6
11,80000	79,6
11,81667	79,6
11,83333	79,6
11,85000	79,6
11,86667	79,7
11,88333	79,6
11,90000	79,6
11,91667	79,6
11,93333	79,6
11,95000	79,5
11,96667	79,6
11,98333	79,6
12,00000	79,6
12,01667	79,6
12,03333	79,6
12,05000	79,6
12,06667	79,5
12,08333	79,6
12,10000	79,6
12,11667	79,5
12,13333	79,5
12,15000	79,5
12,16667	79,5
12,18333	79,5
12,20000	79,5
12,21667	79,5
12,23333	79,5
12,25000	79,5
12,26667	79,5
12,28333	79,5
12,30000	79,5
12,31667	79,6
12,33333	79,5
12,35000	79,5
12,36667	79,5
12,38333	79,5
12,40000	79,5
12,41667	79,5
12,43333	79,5
12,45000	79,5
12,46667	79,5
12,48333	79,5
12,50000	79,5
12,51667	79,5
12,53333	79,5
12,55000	79,5
12,56667	79,5
12,58333	79,5
12,60000	79,5
12,61667	79,5
12,63333	79,5
12,65000	79,4
12,66667	79,4
12,68333	79,4
12,70000	79,5
12,71667	79,4
12,73333	79,4
12,75000	79,4
12,76667	79,4
12,78333	79,4
12,80000	79,4
12,81667	79,4
12,83333	79,4
12,85000	79,4
12,86667	79,5
12,88333	79,4
12,90000	79,5
12,91667	79,4
12,93333	79,4
12,95000	79,4
12,96667	79,4
12,98333	79,4
13,00000	79,4
13,01667	79,4
13,03333	79,4
13,05000	79,4
13,06667	79,4
13,08333	79,3
13,10000	79,4
13,11667	79,3
13,13333	79,4
13,15000	79,4
13,16667	79,4
13,18333	79,3
13,20000	79,4
13,21667	79,3
13,23333	79,4
13,25000	79,4
13,26667	79,4
13,28333	79,4
13,30000	79,4
13,31667	79,4
13,33333	79,4
13,35000	79,3
13,36667	79,4
13,38333	79,3
13,40000	79,3
13,41667	79,3
13,43333	79,4
13,45000	79,3
13,46667	79,3
13,48333	79,4
13,50000	79,4
13,51667	79,3
13,53333	79,4
13,55000	79,3
13,56667	79,4
13,58333	79,3
13,60000	79,3
13,61667	79,3
13,63333	79,3
13,65000	79,3
13,66667	79,3
13,68333	79,3
13,70000	79,3
13,71667	79,3
13,73333	79,3
13,75000	79,3
13,76667	79,4
13,78333	79,3
13,80000	79,3
13,81667	79,3
13,83333	79,4
13,85000	79,3
13,86667	79,3
13,88333	79,3
13,90000	79,3
13,91667	79,3
13,93333	79,3
13,95000	79,2
13,96667	79,3
13,98333	79,3
14,00000	79,3
14,01667	79,3
14,03333	79,3
14,05000	79,3
14,06667	79,3
14,08333	79,2
14,10000	79,3
14,11667	79,2
14,13333	79,3
14,15000	79,3
14,16667	79,3
14,18333	79,2
14,20000	79,3
14,21667	79,2
14,23333	79,3
14,25000	79,3
14,26667	79,3
14,28333	79,3
14,30000	79,3
14,31667	79,3
14,33333	79,2
14,35000	79,3
14,36667	79,3
14,38333	79,2
14,40000	79,3
14,41667	79,2
14,43333	79,4
14,45000	79,3
14,46667	79,3
14,48333	79,2
14,50000	79,3
14,51667	79,2
14,53333	79,3
14,55000	79,3
14,56667	79,2
14,58333	79,2
14,60000	79,3
14,61667	79,2
14,63333	79,3
14,65000	79,2
14,66667	79,2
14,68333	79,2
14,70000	79,3
14,71667	79,2
14,73333	79,2
14,75000	79,3
14,76667	79,3
14,78333	79,2
14,80000	79,2
14,81667	79,2
14,83333	79,2
14,85000	79,2
14,86667	79,2
14,88333	79,2
14,90000	79,2
14,91667	79,2
14,93333	79,2
14,95000	79,2
14,96667	79,2
14,98333	79,2
15,00000	79,2
15,01667	79,2
15,03333	79,3
15,05000	79,3
15,06667	79,2
15,08333	79,2
15,10000	79,3
15,11667	79,2
15,13333	79,2
15,15000	79,2
15,16667	79,2
15,18333	79,2
15,20000	79,2
15,21667	79,2
15,23333	79,2
15,25000	79,2
15,26667	79,2
15,28333	79,2
15,30000	79,2
15,31667	79,2
15,33333	79,2
15,35000	79,2
15,36667	79,2
15,38333	79,2
15,40000	79,2
15,41667	79,2
15,43333	79,2
15,45000	79,3
15,46667	79,2
15,48333	79,2
15,50000	79,3
15,51667	79,2
15,53333	79,2
15,55000	79,2
15,56667	79,2
15,58333	79,2
15,60000	79,2
15,61667	79,2
15,63333	79,2
15,65000	79,2
15,66667	79,2
15,68333	79,2
15,70000	79,2
15,71667	79,2
15,73333	79,2
15,75000	79,2
15,76667	79,3
15,78333	79,1
15,80000	79,2
15,81667	79,2
15,83333	79,2
15,85000	79,2
15,86667	79,2
15,88333	79,2
15,90000	79,2
15,91667	79,1
15,93333	79,2
15,95000	79,2
15,96667	79,2
15,98333	79,1
16,00000	79,2
16,01667	79,1
16,03333	79,2
16,05000	79,3
16,06667	79,2
16,08333	79,1
16,10000	79,2
16,11667	79,1
16,13333	79,2
16,15000	79,2
16,16667	79,2
16,18333	79,1
16,20000	79,2
16,21667	79,1
16,23333	79,2
16,25000	79,2
16,26667	79,2
16,28333	79,1
16,30000	79,2
16,31667	79,2
16,33333	79,2
16,35000	79,1
16,36667	79,2
16,38333	79,2
16,40000	79,2
16,41667	79,2
16,43333	79,2
16,45000	79,2
16,46667	79,2
16,48333	79,2
16,50000	79,2
16,51667	79,3
16,53333	79,2
16,55000	79,1
16,56667	79,2
16,58333	79,2
16,60000	79,2
16,61667	79,2
16,63333	79,1
16,65000	79,2
16,66667	79,1
16,68333	79,2
16,70000	79,2
16,71667	79,2
16,73333	79,1
16,75000	79,2
16,76667	79,2
16,78333	79,2
16,80000	79,2
16,81667	79,2
16,83333	79,2
16,85000	79,2
16,86667	79,2
16,88333	79,2
16,90000	79,2
16,91667	79,1
16,93333	79,2
16,95000	79,2
16,96667	79,2
16,98333	79,1
17,00000	79,2
17,01667	79,1
17,03333	79,2
17,05000	79,1
17,06667	79,1
17,08333	79,1
17,10000	79,1
17,11667	79,2
17,13333	79,1
17,15000	79,1
17,16667	79,1
17,18333	79,1
17,20000	79,1
17,21667	79,1
17,23333	79,1
17,25000	79,2
17,26667	79,1
17,28333	79,1
17,30000	79,2
17,31667	79,1
17,33333	79,1
17,35000	79,1
17,36667	79,1
17,38333	79,1
17,40000	79,1
17,41667	79,1
17,43333	79,1
17,45000	79,1
17,46667	79,2
17,48333	79,1
17,50000	79,1
17,51667	79,1
17,53333	79,1
17,55000	79,1
17,56667	79,1
17,58333	79,0
17,60000	79,1
17,61667	79,1
17,63333	79,1
17,65000	79,0
17,66667	79,1
17,68333	79,1
17,70000	79,1
17,71667	79,1
17,73333	79,0
17,75000	79,0
17,76667	79,1
17,78333	79,0
17,80000	79,0
17,81667	79,0
17,83333	79,0
17,85000	79,0
17,86667	79,0
17,88333	79,0
17,90000	79,0
17,91667	79,0
17,93333	79,0
17,95000	79,0
17,96667	79,0
17,98333	79,0
18,00000	79,0
18,01667	79,0
18,03333	79,0
18,05000	78,9
18,06667	79,0
18,08333	78,9
18,10000	79,0
18,11667	79,0
18,13333	78,9
18,15000	79,0
18,16667	79,0
18,18333	78,9
18,20000	79,0
18,21667	78,9
18,23333	79,0
18,25000	78,9
18,26667	78,9
18,28333	78,9
18,30000	78,9
18,31667	78,9
18,33333	79,0
18,35000	78,9
18,36667	78,9
18,38333	78,9
18,40000	78,9
18,41667	78,9
18,43333	78,8
18,45000	78,9
18,46667	78,9
18,48333	78,8
18,50000	78,8
18,51667	78,8
18,53333	78,8
18,55000	78,9
18,56667	78,8
18,58333	78,8
18,60000	78,8
18,61667	78,8
18,63333	78,8
18,65000	78,8
18,66667	78,8
18,68333	78,8
18,70000	78,8
18,71667	78,8
18,73333	78,7
18,75000	78,8
18,76667	78,8
18,78333	78,8
18,80000	78,8
18,81667	78,7
18,83333	78,8
18,85000	78,7
18,86667	78,7
18,88333	78,7
18,90000	78,7
18,91667	78,7
18,93333	78,7
18,95000	78,7
18,96667	78,7
18,98333	78,7
19,00000	78,7
19,01667	78,7
19,03333	78,6
19,05000	78,7
19,06667	78,6
19,08333	78,6
19,10000	78,7
19,11667	78,6
19,13333	78,6
19,15000	78,7
19,16667	78,6
19,18333	78,6
19,20000	78,6
19,21667	78,6
19,23333	78,6
19,25000	78,6
19,26667	78,5
19,28333	78,6
19,30000	78,5
19,31667	78,5
19,33333	78,6
19,35000	78,6
19,36667	78,5
19,38333	78,5
19,40000	78,5
19,41667	78,5
19,43333	78,5
19,45000	78,5
19,46667	78,5
19,48333	78,5
19,50000	78,4
19,51667	78,5
19,53333	78,5
19,55000	78,5
19,56667	78,5
19,58333	78,4
19,60000	78,4
19,61667	78,5
19,63333	78,4
19,65000	78,4
19,66667	78,4
19,68333	78,4
19,70000	78,4
19,71667	78,4
19,73333	78,3
19,75000	78,3
19,76667	78,4
19,78333	78,3
19,80000	78,3
19,81667	78,4
19,83333	78,3
19,85000	78,3
19,86667	78,3
19,88333	78,3
19,90000	78,2
19,91667	78,3
19,93333	78,3
19,95000	78,2
19,96667	78,3
19,98333	78,2
20,00000	78,2
20,01667	78,3
20,03333	78,2
20,05000	78,2
20,06667	78,3
20,08333	78,2
20,10000	78,2
20,11667	78,2
20,13333	78,1
20,15000	78,1
20,16667	78,1
20,18333	78,1
20,20000	78,1
20,21667	78,1
20,23333	78,1
20,25000	78,0
20,26667	78,1
20,28333	78,0
20,30000	78,0
20,31667	78,1
20,33333	78,0
20,35000	78,0
20,36667	78,0
20,38333	78,1
20,40000	78,0
20,41667	77,9
20,43333	78,0
20,45000	78,0
20,46667	77,9
20,48333	77,9
20,50000	77,9
20,51667	77,9
20,53333	77,9
20,55000	77,9
20,56667	77,9
20,58333	77,8
20,60000	77,8
20,61667	77,9
20,63333	77,8
20,65000	77,8
20,66667	77,8
20,68333	77,8
20,70000	77,8
20,71667	77,7
20,73333	77,7
20,75000	77,7
20,76667	77,7
20,78333	77,6
20,80000	77,6
20,81667	77,6
20,83333	77,5
20,85000	77,6
20,86667	77,6
20,88333	77,5
20,90000	77,5
20,91667	77,5
20,93333	77,4
20,95000	77,4
20,96667	77,3
20,98333	77,3
21,00000	77,3
21,01667	77,3
21,03333	77,3
21,05000	77,2
21,06667	77,2
21,08333	77,2
21,10000	77,1
21,11667	77,1
21,13333	77,1
21,15000	77,1
21,16667	77,0
21,18333	77,0
21,20000	76,9
21,21667	76,9
21,23333	76,9
21,25000	76,8
21,26667	76,7
21,28333	76,7
21,30000	76,6
21,31667	76,6
21,33333	76,5
21,35000	76,5
21,36667	76,4
21,38333	76,4
21,40000	76,4
21,41667	76,3
21,43333	76,3
21,45000	76,2
21,46667	76,1
21,48333	76,1
21,50000	76,1
21,51667	76,0
21,53333	75,9
21,55000	75,9
21,56667	75,8
21,58333	75,8
21,60000	75,8
21,61667	75,7
21,63333	75,7
21,65000	75,6
21,66667	75,5
21,68333	75,5
21,70000	75,4
21,71667	75,3
21,73333	75,3
21,75000	75,3
21,76667	75,2
21,78333	75,1
21,80000	75,1
21,81667	75,0
21,83333	75,0
21,85000	74,9
21,86667	74,8
21,88333	74,8
21,90000	74,7
21,91667	74,6
21,93333	74,6
21,95000	74,5
21,96667	74,5
21,98333	74,4
22,00000	74,4
22,01667	74,3
22,03333	74,2
22,05000	74,2
22,06667	74,1
22,08333	74,0
22,10000	74,0
22,11667	73,9
22,13333	73,8
22,15000	73,8
22,16667	73,7
22,18333	73,6
22,20000	73,5
22,21667	73,5
22,23333	73,4
22,25000	73,4
22,26667	73,3
22,28333	73,2
22,30000	73,2
22,31667	73,1
22,33333	73,0
22,35000	73,0
22,36667	72,8
22,38333	72,8
22,40000	72,7
22,41667	72,6
22,43333	72,5
22,45000	72,5
22,46667	72,4
22,48333	72,3
22,50000	72,3
22,51667	72,2
22,53333	72,1
22,55000	72,1
22,56667	71,9
22,58333	71,9
22,60000	71,9
22,61667	71,7
22,63333	71,6
22,65000	71,6
22,66667	71,4
22,68333	71,4
22,70000	71,4
22,71667	71,2
22,73333	71,1
22,75000	71,1
22,76667	71,0
22,78333	70,9
22,80000	70,8
22,81667	70,7
22,83333	70,6
22,85000	70,6
22,86667	70,5
22,88333	70,4
22,90000	70,3
22,91667	70,2
22,93333	70,1
22,95000	70,1
22,96667	69,9
22,98333	69,8
23,00000	69,8
23,01667	69,6
23,03333	69,6
23,05000	69,5
23,06667	69,4
23,08333	69,3
23,10000	69,2
23,11667	69,1
23,13333	69,0
23,15000	68,9
23,16667	68,7
23,18333	68,6
23,20000	68,6
23,21667	68,4
23,23333	68,3
23,25000	68,3
23,26667	68,1
23,28333	68,0
23,30000	67,9
23,31667	67,7
23,33333	67,6
23,35000	67,5
23,36667	67,4
23,38333	67,3
23,40000	67,2
23,41667	67,0
23,43333	66,9
23,45000	66,8
23,46667	66,7
23,48333	66,6
23,50000	66,5
23,51667	66,4
23,53333	66,3
23,55000	66,2
23,56667	66,0
23,58333	65,9
23,60000	65,9
23,61667	65,7
23,63333	65,6
23,65000	65,5
23,66667	65,4
23,68333	65,3
23,70000	65,2
23,71667	65,1
23,73333	65,0
23,75000	64,9
23,76667	64,8
23,78333	64,6
23,80000	64,6
23,81667	64,4
23,83333	64,3
23,85000	64,3
23,86667	64,2
23,88333	64,0
23,90000	64,0
23,91667	63,9
23,93333	63,7
23,95000	63,7
23,96667	63,6
23,98333	63,4
24,00000	63,4
24,01667	63,3
24,03333	63,2
24,05000	63,1
24,06667	63,0
24,08333	62,9
24,10000	62,8
24,11667	62,7
24,13333	62,6
24,15000	62,6
24,16667	62,4
24,18333	62,3
24,20000	62,3
24,21667	62,1
24,23333	62,0
24,25000	62,0
24,26667	61,9
24,28333	61,7
24,30000	61,7
24,31667	61,6
24,33333	61,5
24,35000	61,4
24,36667	61,3
24,38333	61,2
24,40000	61,2
24,41667	61,0
24,43333	60,9
24,45000	60,9
24,46667	60,7
24,48333	60,6
24,50000	60,6
24,51667	60,4
24,53333	60,3
24,55000	60,3
24,56667	60,1
24,58333	60,0
24,60000	60,0
24,61667	59,8
24,63333	59,7
24,65000	59,7
24,66667	59,5
24,68333	59,4
24,70000	59,3
24,71667	59,2
24,73333	59,1
24,75000	59,0
24,76667	58,8
24,78333	58,7
24,80000	58,7
24,81667	58,6
24,83333	58,4
24,85000	58,4
24,86667	58,3
24,88333	58,1
24,90000	58,0
24,91667	57,9
24,93333	57,8
24,95000	57,8
24,96667	57,6
24,98333	57,5
25,00000	57,5
25,01667	57,3
25,03333	57,2
25,05000	57,2
25,06667	57,0
25,08333	56,9
25,10000	56,9
25,11667	56,8
25,13333	56,6
25,15000	56,6
25,16667	56,4
25,18333	56,4
25,20000	56,3
25,21667	56,1
25,23333	56,0
25,25000	56,0
25,26667	55,8
25,28333	55,7
25,30000	55,7
25,31667	55,6
25,33333	55,5
25,35000	55,4
25,36667	55,2
25,38333	55,1
25,40000	55,1
25,41667	54,9
25,43333	54,9
25,45000	54,8
25,46667	54,7
25,48333	54,6
25,50000	54,5
25,51667	54,4
25,53333	54,3
25,55000	54,3
25,56667	54,2
25,58333	54,1
25,60000	54,0
25,61667	53,9
25,63333	53,8
25,65000	53,8
25,66667	53,7
25,68333	53,6
25,70000	53,5
25,71667	53,4
25,73333	53,3
25,75000	53,3
25,76667	53,2
25,78333	53,1
25,80000	53,1
25,81667	53,0
25,83333	52,9
25,85000	52,8
25,86667	52,8
25,88333	52,7
25,90000	52,7
25,91667	52,6
25,93333	52,5
25,95000	52,5
25,96667	52,4
25,98333	52,5
26,00000	52,4
26,01667	52,4
26,03333	52,3
26,05000	52,3
26,06667	52,3
26,08333	52,3
26,10000	52,3
26,11667	52,2
26,13333	52,2
26,15000	52,2
26,16667	52,2
26,18333	52,1
26,20000	52,1
26,21667	52,2
26,23333	52,1
26,25000	52,1
26,26667	52,1
26,28333	52,1
26,30000	52,1
26,31667	52,1
26,33333	52,1
26,35000	52,1
26,36667	52,1
26,38333	52,1
26,40000	52,2
26,41667	52,2
26,43333	52,2
26,45000	52,2
26,46667	52,3
26,48333	52,3
26,50000	52,3
26,51667	52,4
26,53333	52,4
26,55000	52,5
26,56667	52,5
26,58333	52,6
26,60000	52,6
26,61667	52,7
26,63333	52,7
26,65000	52,7
26,66667	52,7
26,68333	52,9
26,70000	52,8
26,71667	52,9
26,73333	53,0
26,75000	53,0
26,76667	53,0
26,78333	53,1
26,80000	53,1
26,81667	53,2
26,83333	53,2
26,85000	53,3
26,86667	53,4
26,88333	53,4
26,90000	53,4
26,91667	53,5
26,93333	53,6
26,95000	53,6
26,96667	53,7
26,98333	53,8
27,00000	53,9
27,01667	53,9
27,03333	54,0
27,05000	54,0
27,06667	54,1
27,08333	54,2
27,10000	54,2
27,11667	54,3
27,13333	54,4
27,15000	54,4
27,16667	54,5
27,18333	54,6
27,20000	54,7
27,21667	54,8
27,23333	54,9
27,25000	55,0
27,26667	55,0
27,28333	55,1
27,30000	55,2
27,31667	55,3
27,33333	55,4
27,35000	55,4
27,36667	55,6
27,38333	55,7
27,40000	55,7
27,41667	55,8
27,43333	56,0
27,45000	56,0
27,46667	56,2
27,48333	56,3
27,50000	56,4
27,51667	56,5
27,53333	56,7
27,55000	56,7
27,56667	56,8
27,58333	56,9
27,60000	57,1
27,61667	57,1
27,63333	57,2
27,65000	57,3
27,66667	57,5
27,68333	57,6
27,70000	57,7
27,71667	57,8
27,73333	58,0
27,75000	58,0
27,76667	58,2
27,78333	58,3
27,80000	58,4
27,81667	58,6
27,83333	58,7
27,85000	58,7
27,86667	59,0
27,88333	59,1
27,90000	59,1
27,91667	59,3
27,93333	59,4
27,95000	59,5
27,96667	59,7
27,98333	59,7
28,00000	59,8
28,01667	60,0
28,03333	60,1
28,05000	60,2
28,06667	60,3
28,08333	60,5
28,10000	60,5
28,11667	60,7
28,13333	60,8
28,15000	60,8
28,16667	61,0
28,18333	61,1
28,20000	61,2
28,21667	61,3
28,23333	61,5
28,25000	61,5
28,26667	61,7
28,28333	61,8
28,30000	61,8
28,31667	62,0
28,33333	62,2
28,35000	62,2
28,36667	62,3
28,38333	62,4
28,40000	62,5
28,41667	62,6
28,43333	62,8
28,45000	62,8
28,46667	62,9
28,48333	63,0
28,50000	63,1
28,51667	63,2
28,53333	63,4
28,55000	63,4
28,56667	63,5
28,58333	63,6
28,60000	63,7
28,61667	63,8
28,63333	63,9
28,65000	64,0
28,66667	64,2
28,68333	64,3
28,70000	64,4
28,71667	64,4
28,73333	64,6
28,75000	64,7
28,76667	64,8
28,78333	64,8
28,80000	64,9
28,81667	65,2
28,83333	65,2
28,85000	65,3
28,86667	65,4
28,88333	65,5
28,90000	65,6
28,91667	65,8
28,93333	65,8
28,95000	65,9
28,96667	66,0
28,98333	66,1
29,00000	66,2
29,01667	66,3
29,03333	66,4
29,05000	66,5
29,06667	66,6
29,08333	66,7
29,10000	66,7
29,11667	66,9
29,13333	67,0
29,15000	67,0
29,16667	67,2
29,18333	67,3
29,20000	67,3
29,21667	67,4
29,23333	67,5
29,25000	67,6
29,26667	67,8
29,28333	67,8
29,30000	67,9
29,31667	67,9
29,33333	68,0
29,35000	68,0
29,36667	68,2
29,38333	68,3
29,40000	68,3
29,41667	68,4
29,43333	68,6
29,45000	68,6
29,46667	68,7
29,48333	68,8
29,50000	68,8
29,51667	69,0
29,53333	69,1
29,55000	69,2
29,56667	69,3
29,58333	69,4
29,60000	69,4
29,61667	69,6
29,63333	69,8
29,65000	69,8
29,66667	70,0
29,68333	70,1
29,70000	70,1
29,71667	70,4
29,73333	70,5
29,75000	70,6
29,76667	70,7
29,78333	70,8
29,80000	70,9
29,81667	71,0
29,83333	71,1
29,85000	71,2
29,86667	71,4
29,88333	71,5
29,90000	71,5
29,91667	71,7
29,93333	71,8
29,95000	71,8
29,96667	72,0
29,98333	72,2
30,00000	72,3
30,01667	72,3
30,03333	72,5
30,05000	72,5
30,06667	72,6
30,08333	72,7
30,10000	72,8
30,11667	72,9
30,13333	73,0
30,15000	73,0
30,16667	73,2
30,18333	73,3
30,20000	73,3
30,21667	73,4
30,23333	73,6
30,25000	73,6
30,26667	73,8
30,28333	73,8
30,30000	73,9
30,31667	73,9
30,33333	73,9
30,35000	74,0
30,36667	74,1
30,38333	74,2
30,40000	74,3
30,41667	74,3
30,43333	74,4
30,45000	74,4
30,46667	74,6
30,48333	74,6
30,50000	74,7
30,51667	74,8
30,53333	74,9
30,55000	74,9
30,56667	74,9
30,58333	75,0
30,60000	75,0
30,61667	75,1
30,63333	75,2
30,65000	75,2
30,66667	75,3
30,68333	75,3
30,70000	75,3
30,71667	75,5
30,73333	75,6
30,75000	75,5
30,76667	75,7
30,78333	75,7
30,80000	75,7
30,81667	75,8
30,83333	75,8
30,85000	75,9
30,86667	75,9
30,88333	76,0
30,90000	76,0
30,91667	76,1
30,93333	76,1
30,95000	76,1
30,96667	76,2
30,98333	76,3
31,00000	76,3
31,01667	76,4
31,03333	76,4
31,05000	76,4
31,06667	76,4
31,08333	76,5
31,10000	76,6
31,11667	76,6
31,13333	76,7
31,15000	76,7
31,16667	76,8
31,18333	76,7
31,20000	76,8
31,21667	76,8
31,23333	76,9
31,25000	76,9
31,26667	77,0
31,28333	77,1
31,30000	77,0
31,31667	77,0
31,33333	77,1
31,35000	77,1
31,36667	77,2
31,38333	77,2
31,40000	77,2
31,41667	77,3
31,43333	77,3
31,45000	77,3
31,46667	77,4
31,48333	77,4
31,50000	77,4
31,51667	77,4
31,53333	77,5
31,55000	77,4
31,56667	77,4
31,58333	77,5
31,60000	77,6
31,61667	77,6
31,63333	77,7
31,65000	77,7
31,66667	77,7
31,68333	77,7
31,70000	77,7
31,71667	77,9
31,73333	77,8
31,75000	77,8
31,76667	77,9
31,78333	77,9
31,80000	77,9
31,81667	77,9
31,83333	78,1
31,85000	78,0
31,86667	78,0
31,88333	78,0
31,90000	78,0
31,91667	78,1
31,93333	78,0
31,95000	78,0
31,96667	78,2
31,98333	78,1
32,00000	78,2

[LC Status Trace(Pump B Degasser Pressure)]
Interval(msec)	1000
# of Points	1921
Start Time(min)	0,000
End Time(min)	32,000
Intensity Units	bar
Intensity Multiplier	0,980665
R.Time (min)	Intensity
0,00000	0,00
0,01667	0,00
0,03333	0,00
0,05000	0,00
0,06667	0,00
0,08333	0,00
0,10000	0,00
0,11667	0,00
0,13333	0,00
0,15000	0,00
0,16667	0,00
0,18333	0,00
0,20000	0,00
0,21667	0,00
0,23333	0,00
0,25000	0,00
0,26667	0,00
0,28333	0,00
0,30000	0,00
0,31667	0,00
0,33333	0,00
0,35000	0,00
0,36667	0,00
0,38333	0,00
0,40000	0,00
0,41667	0,00
0,43333	0,00
0,45000	0,00
0,46667	0,00
0,48333	0,00
0,50000	0,00
0,51667	0,00
0,53333	0,00
0,55000	0,00
0,56667	0,00
0,58333	0,00
0,60000	0,00
0,61667	0,00
0,63333	0,00
0,65000	0,00
0,66667	0,00
0,68333	0,00
0,70000	0,00
0,71667	0,00
0,73333	0,00
0,75000	0,00
0,76667	0,00
0,78333	0,00
0,80000	0,00
0,81667	0,00
0,83333	0,00
0,85000	0,00
0,86667	0,00
0,88333	0,00
0,90000	0,00
0,91667	0,00
0,93333	0,00
0,95000	0,00
0,96667	0,00
0,98333	0,00
1,00000	0,00
1,01667	0,00
1,03333	0,00
1,05000	0,00
1,06667	0,00
1,08333	0,00
1,10000	0,00
1,11667	0,00
1,13333	0,00
1,15000	0,00
1,16667	0,00
1,18333	0,00
1,20000	0,00
1,21667	0,00
1,23333	0,00
1,25000	0,00
1,26667	0,00
1,28333	0,00
1,30000	0,00
1,31667	0,00
1,33333	0,00
1,35000	0,00
1,36667	0,00
1,38333	0,00
1,40000	0,00
1,41667	0,00
1,43333	0,00
1,45000	0,00
1,46667	0,00
1,48333	0,00
1,50000	0,00
1,51667	0,00
1,53333	0,00
1,55000	0,00
1,56667	0,00
1,58333	0,00
1,60000	0,00
1,61667	0,00
1,63333	0,00
1,65000	0,00
1,66667	0,00
1,68333	0,00
1,70000	0,00
1,71667	0,00
1,73333	0,00
1,75000	0,00
1,76667	0,00
1,78333	0,00
1,80000	0,00
1,81667	0,00
1,83333	0,00
1,85000	0,00
1,86667	0,00
1,88333	0,00
1,90000	0,00
1,91667	0,00
1,93333	0,00
1,95000	0,00
1,96667	0,00
1,98333	0,00
2,00000	0,00
2,01667	0,00
2,03333	0,00
2,05000	0,00
2,06667	0,00
2,08333	0,00
2,10000	0,00
2,11667	0,00
2,13333	0,00
2,15000	0,00
2,16667	0,00
2,18333	0,00
2,20000	0,00
2,21667	0,00
2,23333	0,00
2,25000	0,00
2,26667	0,00
2,28333	0,00
2,30000	0,00
2,31667	0,00
2,33333	0,00
2,35000	0,00
2,36667	0,00
2,38333	0,00
2,40000	0,00
2,41667	0,00
2,43333	0,00
2,45000	0,00
2,46667	0,00
2,48333	0,00
2,50000	0,00
2,51667	0,00
2,53333	0,00
2,55000	0,00
2,56667	0,00
2,58333	0,00
2,60000	0,00
2,61667	0,00
2,63333	0,00
2,65000	0,00
2,66667	0,00
2,68333	0,00
2,70000	0,00
2,71667	0,00
2,73333	0,00
2,75000	0,00
2,76667	0,00
2,78333	0,00
2,80000	0,00
2,81667	0,00
2,83333	0,00
2,85000	0,00
2,86667	0,00
2,88333	0,00
2,90000	0,00
2,91667	0,00
2,93333	0,00
2,95000	0,00
2,96667	0,00
2,98333	0,00
3,00000	0,00
3,01667	0,00
3,03333	0,00
3,05000	0,00
3,06667	0,00
3,08333	0,00
3,10000	0,00
3,11667	0,00
3,13333	0,00
3,15000	0,00
3,16667	0,00
3,18333	0,00
3,20000	0,00
3,21667	0,00
3,23333	0,00
3,25000	0,00
3,26667	0,00
3,28333	0,00
3,30000	0,00
3,31667	0,00
3,33333	0,00
3,35000	0,00
3,36667	0,00
3,38333	0,00
3,40000	0,00
3,41667	0,00
3,43333	0,00
3,45000	0,00
3,46667	0,00
3,48333	0,00
3,50000	0,00
3,51667	0,00
3,53333	0,00
3,55000	0,00
3,56667	0,00
3,58333	0,00
3,60000	0,00
3,61667	0,00
3,63333	0,00
3,65000	0,00
3,66667	0,00
3,68333	0,00
3,70000	0,00
3,71667	0,00
3,73333	0,00
3,75000	0,00
3,76667	0,00
3,78333	0,00
3,80000	0,00
3,81667	0,00
3,83333	0,00
3,85000	0,00
3,86667	0,00
3,88333	0,00
3,90000	0,00
3,91667	0,00
3,93333	0,00
3,95000	0,00
3,96667	0,00
3,98333	0,00
4,00000	0,00
4,01667	0,00
4,03333	0,00
4,05000	0,00
4,06667	0,00
4,08333	0,00
4,10000	0,00
4,11667	0,00
4,13333	0,00
4,15000	0,00
4,16667	0,00
4,18333	0,00
4,20000	0,00
4,21667	0,00
4,23333	0,00
4,25000	0,00
4,26667	0,00
4,28333	0,00
4,30000	0,00
4,31667	0,00
4,33333	0,00
4,35000	0,00
4,36667	0,00
4,38333	0,00
4,40000	0,00
4,41667	0,00
4,43333	0,00
4,45000	0,00
4,46667	0,00
4,48333	0,00
4,50000	0,00
4,51667	0,00
4,53333	0,00
4,55000	0,00
4,56667	0,00
4,58333	0,00
4,60000	0,00
4,61667	0,00
4,63333	0,00
4,65000	0,00
4,66667	0,00
4,68333	0,00
4,70000	0,00
4,71667	0,00
4,73333	0,00
4,75000	0,00
4,76667	0,00
4,78333	0,00
4,80000	0,00
4,81667	0,00
4,83333	0,00
4,85000	0,00
4,86667	0,00
4,88333	0,00
4,90000	0,00
4,91667	0,00
4,93333	0,00
4,95000	0,00
4,96667	0,00
4,98333	0,00
5,00000	0,00
5,01667	0,00
5,03333	0,00
5,05000	0,00
5,06667	0,00
5,08333	0,00
5,10000	0,00
5,11667	0,00
5,13333	0,00
5,15000	0,00
5,16667	0,00
5,18333	0,00
5,20000	0,00
5,21667	0,00
5,23333	0,00
5,25000	0,00
5,26667	0,00
5,28333	0,00
5,30000	0,00
5,31667	0,00
5,33333	0,00
5,35000	0,00
5,36667	0,00
5,38333	0,00
5,40000	0,00
5,41667	0,00
5,43333	0,00
5,45000	0,00
5,46667	0,00
5,48333	0,00
5,50000	0,00
5,51667	0,00
5,53333	0,00
5,55000	0,00
5,56667	0,00
5,58333	0,00
5,60000	0,00
5,61667	0,00
5,63333	0,00
5,65000	0,00
5,66667	0,00
5,68333	0,00
5,70000	0,00
5,71667	0,00
5,73333	0,00
5,75000	0,00
5,76667	0,00
5,78333	0,00
5,80000	0,00
5,81667	0,00
5,83333	0,00
5,85000	0,00
5,86667	0,00
5,88333	0,00
5,90000	0,00
5,91667	0,00
5,93333	0,00
5,95000	0,00
5,96667	0,00
5,98333	0,00
6,00000	0,00
6,01667	0,00
6,03333	0,00
6,05000	0,00
6,06667	0,00
6,08333	0,00
6,10000	0,00
6,11667	0,00
6,13333	0,00
6,15000	0,00
6,16667	0,00
6,18333	0,00
6,20000	0,00
6,21667	0,00
6,23333	0,00
6,25000	0,00
6,26667	0,00
6,28333	0,00
6,30000	0,00
6,31667	0,00
6,33333	0,00
6,35000	0,00
6,36667	0,00
6,38333	0,00
6,40000	0,00
6,41667	0,00
6,43333	0,00
6,45000	0,00
6,46667	0,00
6,48333	0,00
6,50000	0,00
6,51667	0,00
6,53333	0,00
6,55000	0,00
6,56667	0,00
6,58333	0,00
6,60000	0,00
6,61667	0,00
6,63333	0,00
6,65000	0,00
6,66667	0,00
6,68333	0,00
6,70000	0,00
6,71667	0,00
6,73333	0,00
6,75000	0,00
6,76667	0,00
6,78333	0,00
6,80000	0,00
6,81667	0,00
6,83333	0,00
6,85000	0,00
6,86667	0,00
6,88333	0,00
6,90000	0,00
6,91667	0,00
6,93333	0,00
6,95000	0,00
6,96667	0,00
6,98333	0,00
7,00000	0,00
7,01667	0,00
7,03333	0,00
7,05000	0,00
7,06667	0,00
7,08333	0,00
7,10000	0,00
7,11667	0,00
7,13333	0,00
7,15000	0,00
7,16667	0,00
7,18333	0,00
7,20000	0,00
7,21667	0,00
7,23333	0,00
7,25000	0,00
7,26667	0,00
7,28333	0,00
7,30000	0,00
7,31667	0,00
7,33333	0,00
7,35000	0,00
7,36667	0,00
7,38333	0,00
7,40000	0,00
7,41667	0,00
7,43333	0,00
7,45000	0,00
7,46667	0,00
7,48333	0,00
7,50000	0,00
7,51667	0,00
7,53333	0,00
7,55000	0,00
7,56667	0,00
7,58333	0,00
7,60000	0,00
7,61667	0,00
7,63333	0,00
7,65000	0,00
7,66667	0,00
7,68333	0,00
7,70000	0,00
7,71667	0,00
7,73333	0,00
7,75000	0,00
7,76667	0,00
7,78333	0,00
7,80000	0,00
7,81667	0,00
7,83333	0,00
7,85000	0,00
7,86667	0,00
7,88333	0,00
7,90000	0,00
7,91667	0,00
7,93333	0,00
7,95000	0,00
7,96667	0,00
7,98333	0,00
8,00000	0,00
8,01667	0,00
8,03333	0,00
8,05000	0,00
8,06667	0,00
8,08333	0,00
8,10000	0,00
8,11667	0,00
8,13333	0,00
8,15000	0,00
8,16667	0,00
8,18333	0,00
8,20000	0,00
8,21667	0,00
8,23333	0,00
8,25000	0,00
8,26667	0,00
8,28333	0,00
8,30000	0,00
8,31667	0,00
8,33333	0,00
8,35000	0,00
8,36667	0,00
8,38333	0,00
8,40000	0,00
8,41667	0,00
8,43333	0,00
8,45000	0,00
8,46667	0,00
8,48333	0,00
8,50000	0,00
8,51667	0,00
8,53333	0,00
8,55000	0,00
8,56667	0,00
8,58333	0,00
8,60000	0,00
8,61667	0,00
8,63333	0,00
8,65000	0,00
8,66667	0,00
8,68333	0,00
8,70000	0,00
8,71667	0,00
8,73333	0,00
8,75000	0,00
8,76667	0,00
8,78333	0,00
8,80000	0,00
8,81667	0,00
8,83333	0,00
8,85000	0,00
8,86667	0,00
8,88333	0,00
8,90000	0,00
8,91667	0,00
8,93333	0,00
8,95000	0,00
8,96667	0,00
8,98333	0,00
9,00000	0,00
9,01667	0,00
9,03333	0,00
9,05000	0,00
9,06667	0,00
9,08333	0,00
9,10000	0,00
9,11667	0,00
9,13333	0,00
9,15000	0,00
9,16667	0,00
9,18333	0,00
9,20000	0,00
9,21667	0,00
9,23333	0,00
9,25000	0,00
9,26667	0,00
9,28333	0,00
9,30000	0,00
9,31667	0,00
9,33333	0,00
9,35000	0,00
9,36667	0,00
9,38333	0,00
9,40000	0,00
9,41667	0,00
9,43333	0,00
9,45000	0,00
9,46667	0,00
9,48333	0,00
9,50000	0,00
9,51667	0,00
9,53333	0,00
9,55000	0,00
9,56667	0,00
9,58333	0,00
9,60000	0,00
9,61667	0,00
9,63333	0,00
9,65000	0,00
9,66667	0,00
9,68333	0,00
9,70000	0,00
9,71667	0,00
9,73333	0,00
9,75000	0,00
9,76667	0,00
9,78333	0,00
9,80000	0,00
9,81667	0,00
9,83333	0,00
9,85000	0,00
9,86667	0,00
9,88333	0,00
9,90000	0,00
9,91667	0,00
9,93333	0,00
9,95000	0,00
9,96667	0,00
9,98333	0,00
10,00000	0,00
10,01667	0,00
10,03333	0,00
10,05000	0,00
10,06667	0,00
10,08333	0,00
10,10000	0,00
10,11667	0,00
10,13333	0,00
10,15000	0,00
10,16667	0,00
10,18333	0,00
10,20000	0,00
10,21667	0,00
10,23333	0,00
10,25000	0,00
10,26667	0,00
10,28333	0,00
10,30000	0,00
10,31667	0,00
10,33333	0,00
10,35000	0,00
10,36667	0,00
10,38333	0,00
10,40000	0,00
10,41667	0,00
10,43333	0,00
10,45000	0,00
10,46667	0,00
10,48333	0,00
10,50000	0,00
10,51667	0,00
10,53333	0,00
10,55000	0,00
10,56667	0,00
10,58333	0,00
10,60000	0,00
10,61667	0,00
10,63333	0,00
10,65000	0,00
10,66667	0,00
10,68333	0,00
10,70000	0,00
10,71667	0,00
10,73333	0,00
10,75000	0,00
10,76667	0,00
10,78333	0,00
10,80000	0,00
10,81667	0,00
10,83333	0,00
10,85000	0,00
10,86667	0,00
10,88333	0,00
10,90000	0,00
10,91667	0,00
10,93333	0,00
10,95000	0,00
10,96667	0,00
10,98333	0,00
11,00000	0,00
11,01667	0,00
11,03333	0,00
11,05000	0,00
11,06667	0,00
11,08333	0,00
11,10000	0,00
11,11667	0,00
11,13333	0,00
11,15000	0,00
11,16667	0,00
11,18333	0,00
11,20000	0,00
11,21667	0,00
11,23333	0,00
11,25000	0,00
11,26667	0,00
11,28333	0,00
11,30000	0,00
11,31667	0,00
11,33333	0,00
11,35000	0,00
11,36667	0,00
11,38333	0,00
11,40000	0,00
11,41667	0,00
11,43333	0,00
11,45000	0,00
11,46667	0,00
11,48333	0,00
11,50000	0,00
11,51667	0,00
11,53333	0,00
11,55000	0,00
11,56667	0,00
11,58333	0,00
11,60000	0,00
11,61667	0,00
11,63333	0,00
11,65000	0,00
11,66667	0,00
11,68333	0,00
11,70000	0,00
11,71667	0,00
11,73333	0,00
11,75000	0,00
11,76667	0,00
11,78333	0,00
11,80000	0,00
11,81667	0,00
11,83333	0,00
11,85000	0,00
11,86667	0,00
11,88333	0,00
11,90000	0,00
11,91667	0,00
11,93333	0,00
11,95000	0,00
11,96667	0,00
11,98333	0,00
12,00000	0,00
12,01667	0,00
12,03333	0,00
12,05000	0,00
12,06667	0,00
12,08333	0,00
12,10000	0,00
12,11667	0,00
12,13333	0,00
12,15000	0,00
12,16667	0,00
12,18333	0,00
12,20000	0,00
12,21667	0,00
12,23333	0,00
12,25000	0,00
12,26667	0,00
12,28333	0,00
12,30000	0,00
12,31667	0,00
12,33333	0,00
12,35000	0,00
12,36667	0,00
12,38333	0,00
12,40000	0,00
12,41667	0,00
12,43333	0,00
12,45000	0,00
12,46667	0,00
12,48333	0,00
12,50000	0,00
12,51667	0,00
12,53333	0,00
12,55000	0,00
12,56667	0,00
12,58333	0,00
12,60000	0,00
12,61667	0,00
12,63333	0,00
12,65000	0,00
12,66667	0,00
12,68333	0,00
12,70000	0,00
12,71667	0,00
12,73333	0,00
12,75000	0,00
12,76667	0,00
12,78333	0,00
12,80000	0,00
12,81667	0,00
12,83333	0,00
12,85000	0,00
12,86667	0,00
12,88333	0,00
12,90000	0,00
12,91667	0,00
12,93333	0,00
12,95000	0,00
12,96667	0,00
12,98333	0,00
13,00000	0,00
13,01667	0,00
13,03333	0,00
13,05000	0,00
13,06667	0,00
13,08333	0,00
13,10000	0,00
13,11667	0,00
13,13333	0,00
13,15000	0,00
13,16667	0,00
13,18333	0,00
13,20000	0,00
13,21667	0,00
13,23333	0,00
13,25000	0,00
13,26667	0,00
13,28333	0,00
13,30000	0,00
13,31667	0,00
13,33333	0,00
13,35000	0,00
13,36667	0,00
13,38333	0,00
13,40000	0,00
13,41667	0,00
13,43333	0,00
13,45000	0,00
13,46667	0,00
13,48333	0,00
13,50000	0,00
13,51667	0,00
13,53333	0,00
13,55000	0,00
13,56667	0,00
13,58333	0,00
13,60000	0,00
13,61667	0,00
13,63333	0,00
13,65000	0,00
13,66667	0,00
13,68333	0,00
13,70000	0,00
13,71667	0,00
13,73333	0,00
13,75000	0,00
13,76667	0,00
13,78333	0,00
13,80000	0,00
13,81667	0,00
13,83333	0,00
13,85000	0,00
13,86667	0,00
13,88333	0,00
13,90000	0,00
13,91667	0,00
13,93333	0,00
13,95000	0,00
13,96667	0,00
13,98333	0,00
14,00000	0,00
14,01667	0,00
14,03333	0,00
14,05000	0,00
14,06667	0,00
14,08333	0,00
14,10000	0,00
14,11667	0,00
14,13333	0,00
14,15000	0,00
14,16667	0,00
14,18333	0,00
14,20000	0,00
14,21667	0,00
14,23333	0,00
14,25000	0,00
14,26667	0,00
14,28333	0,00
14,30000	0,00
14,31667	0,00
14,33333	0,00
14,35000	0,00
14,36667	0,00
14,38333	0,00
14,40000	0,00
14,41667	0,00
14,43333	0,00
14,45000	0,00
14,46667	0,00
14,48333	0,00
14,50000	0,00
14,51667	0,00
14,53333	0,00
14,55000	0,00
14,56667	0,00
14,58333	0,00
14,60000	0,00
14,61667	0,00
14,63333	0,00
14,65000	0,00
14,66667	0,00
14,68333	0,00
14,70000	0,00
14,71667	0,00
14,73333	0,00
14,75000	0,00
14,76667	0,00
14,78333	0,00
14,80000	0,00
14,81667	0,00
14,83333	0,00
14,85000	0,00
14,86667	0,00
14,88333	0,00
14,90000	0,00
14,91667	0,00
14,93333	0,00
14,95000	0,00
14,96667	0,00
14,98333	0,00
15,00000	0,00
15,01667	0,00
15,03333	0,00
15,05000	0,00
15,06667	0,00
15,08333	0,00
15,10000	0,00
15,11667	0,00
15,13333	0,00
15,15000	0,00
15,16667	0,00
15,18333	0,00
15,20000	0,00
15,21667	0,00
15,23333	0,00
15,25000	0,00
15,26667	0,00
15,28333	0,00
15,30000	0,00
15,31667	0,00
15,33333	0,00
15,35000	0,00
15,36667	0,00
15,38333	0,00
15,40000	0,00
15,41667	0,00
15,43333	0,00
15,45000	0,00
15,46667	0,00
15,48333	0,00
15,50000	0,00
15,51667	0,00
15,53333	0,00
15,55000	0,00
15,56667	0,00
15,58333	0,00
15,60000	0,00
15,61667	0,00
15,63333	0,00
15,65000	0,00
15,66667	0,00
15,68333	0,00
15,70000	0,00
15,71667	0,00
15,73333	0,00
15,75000	0,00
15,76667	0,00
15,78333	0,00
15,80000	0,00
15,81667	0,00
15,83333	0,00
15,85000	0,00
15,86667	0,00
15,88333	0,00
15,90000	0,00
15,91667	0,00
15,93333	0,00
15,95000	0,00
15,96667	0,00
15,98333	0,00
16,00000	0,00
16,01667	0,00
16,03333	0,00
16,05000	0,00
16,06667	0,00
16,08333	0,00
16,10000	0,00
16,11667	0,00
16,13333	0,00
16,15000	0,00
16,16667	0,00
16,18333	0,00
16,20000	0,00
16,21667	0,00
16,23333	0,00
16,25000	0,00
16,26667	0,00
16,28333	0,00
16,30000	0,00
16,31667	0,00
16,33333	0,00
16,35000	0,00
16,36667	0,00
16,38333	0,00
16,40000	0,00
16,41667	0,00
16,43333	0,00
16,45000	0,00
16,46667	0,00
16,48333	0,00
16,50000	0,00
16,51667	0,00
16,53333	0,00
16,55000	0,00
16,56667	0,00
16,58333	0,00
16,60000	0,00
16,61667	0,00
16,63333	0,00
16,65000	0,00
16,66667	0,00
16,68333	0,00
16,70000	0,00
16,71667	0,00
16,73333	0,00
16,75000	0,00
16,76667	0,00
16,78333	0,00
16,80000	0,00
16,81667	0,00
16,83333	0,00
16,85000	0,00
16,86667	0,00
16,88333	0,00
16,90000	0,00
16,91667	0,00
16,93333	0,00
16,95000	0,00
16,96667	0,00
16,98333	0,00
17,00000	0,00
17,01667	0,00
17,03333	0,00
17,05000	0,00
17,06667	0,00
17,08333	0,00
17,10000	0,00
17,11667	0,00
17,13333	0,00
17,15000	0,00
17,16667	0,00
17,18333	0,00
17,20000	0,00
17,21667	0,00
17,23333	0,00
17,25000	0,00
17,26667	0,00
17,28333	0,00
17,30000	0,00
17,31667	0,00
17,33333	0,00
17,35000	0,00
17,36667	0,00
17,38333	0,00
17,40000	0,00
17,41667	0,00
17,43333	0,00
17,45000	0,00
17,46667	0,00
17,48333	0,00
17,50000	0,00
17,51667	0,00
17,53333	0,00
17,55000	0,00
17,56667	0,00
17,58333	0,00
17,60000	0,00
17,61667	0,00
17,63333	0,00
17,65000	0,00
17,66667	0,00
17,68333	0,00
17,70000	0,00
17,71667	0,00
17,73333	0,00
17,75000	0,00
17,76667	0,00
17,78333	0,00
17,80000	0,00
17,81667	0,00
17,83333	0,00
17,85000	0,00
17,86667	0,00
17,88333	0,00
17,90000	0,00
17,91667	0,00
17,93333	0,00
17,95000	0,00
17,96667	0,00
17,98333	0,00
18,00000	0,00
18,01667	0,00
18,03333	0,00
18,05000	0,00
18,06667	0,00
18,08333	0,00
18,10000	0,00
18,11667	0,00
18,13333	0,00
18,15000	0,00
18,16667	0,00
18,18333	0,00
18,20000	0,00
18,21667	0,00
18,23333	0,00
18,25000	0,00
18,26667	0,00
18,28333	0,00
18,30000	0,00
18,31667	0,00
18,33333	0,00
18,35000	0,00
18,36667	0,00
18,38333	0,00
18,40000	0,00
18,41667	0,00
18,43333	0,00
18,45000	0,00
18,46667	0,00
18,48333	0,00
18,50000	0,00
18,51667	0,00
18,53333	0,00
18,55000	0,00
18,56667	0,00
18,58333	0,00
18,60000	0,00
18,61667	0,00
18,63333	0,00
18,65000	0,00
18,66667	0,00
18,68333	0,00
18,70000	0,00
18,71667	0,00
18,73333	0,00
18,75000	0,00
18,76667	0,00
18,78333	0,00
18,80000	0,00
18,81667	0,00
18,83333	0,00
18,85000	0,00
18,86667	0,00
18,88333	0,00
18,90000	0,00
18,91667	0,00
18,93333	0,00
18,95000	0,00
18,96667	0,00
18,98333	0,00
19,00000	0,00
19,01667	0,00
19,03333	0,00
19,05000	0,00
19,06667	0,00
19,08333	0,00
19,10000	0,00
19,11667	0,00
19,13333	0,00
19,15000	0,00
19,16667	0,00
19,18333	0,00
19,20000	0,00
19,21667	0,00
19,23333	0,00
19,25000	0,00
19,26667	0,00
19,28333	0,00
19,30000	0,00
19,31667	0,00
19,33333	0,00
19,35000	0,00
19,36667	0,00
19,38333	0,00
19,40000	0,00
19,41667	0,00
19,43333	0,00
19,45000	0,00
19,46667	0,00
19,48333	0,00
19,50000	0,00
19,51667	0,00
19,53333	0,00
19,55000	0,00
19,56667	0,00
19,58333	0,00
19,60000	0,00
19,61667	0,00
19,63333	0,00
19,65000	0,00
19,66667	0,00
19,68333	0,00
19,70000	0,00
19,71667	0,00
19,73333	0,00
19,75000	0,00
19,76667	0,00
19,78333	0,00
19,80000	0,00
19,81667	0,00
19,83333	0,00
19,85000	0,00
19,86667	0,00
19,88333	0,00
19,90000	0,00
19,91667	0,00
19,93333	0,00
19,95000	0,00
19,96667	0,00
19,98333	0,00
20,00000	0,00
20,01667	0,00
20,03333	0,00
20,05000	0,00
20,06667	0,00
20,08333	0,00
20,10000	0,00
20,11667	0,00
20,13333	0,00
20,15000	0,00
20,16667	0,00
20,18333	0,00
20,20000	0,00
20,21667	0,00
20,23333	0,00
20,25000	0,00
20,26667	0,00
20,28333	0,00
20,30000	0,00
20,31667	0,00
20,33333	0,00
20,35000	0,00
20,36667	0,00
20,38333	0,00
20,40000	0,00
20,41667	0,00
20,43333	0,00
20,45000	0,00
20,46667	0,00
20,48333	0,00
20,50000	0,00
20,51667	0,00
20,53333	0,00
20,55000	0,00
20,56667	0,00
20,58333	0,00
20,60000	0,00
20,61667	0,00
20,63333	0,00
20,65000	0,00
20,66667	0,00
20,68333	0,00
20,70000	0,00
20,71667	0,00
20,73333	0,00
20,75000	0,00
20,76667	0,00
20,78333	0,00
20,80000	0,00
20,81667	0,00
20,83333	0,00
20,85000	0,00
20,86667	0,00
20,88333	0,00
20,90000	0,00
20,91667	0,00
20,93333	0,00
20,95000	0,00
20,96667	0,00
20,98333	0,00
21,00000	0,00
21,01667	0,00
21,03333	0,00
21,05000	0,00
21,06667	0,00
21,08333	0,00
21,10000	0,00
21,11667	0,00
21,13333	0,00
21,15000	0,00
21,16667	0,00
21,18333	0,00
21,20000	0,00
21,21667	0,00
21,23333	0,00
21,25000	0,00
21,26667	0,00
21,28333	0,00
21,30000	0,00
21,31667	0,00
21,33333	0,00
21,35000	0,00
21,36667	0,00
21,38333	0,00
21,40000	0,00
21,41667	0,00
21,43333	0,00
21,45000	0,00
21,46667	0,00
21,48333	0,00
21,50000	0,00
21,51667	0,00
21,53333	0,00
21,55000	0,00
21,56667	0,00
21,58333	0,00
21,60000	0,00
21,61667	0,00
21,63333	0,00
21,65000	0,00
21,66667	0,00
21,68333	0,00
21,70000	0,00
21,71667	0,00
21,73333	0,00
21,75000	0,00
21,76667	0,00
21,78333	0,00
21,80000	0,00
21,81667	0,00
21,83333	0,00
21,85000	0,00
21,86667	0,00
21,88333	0,00
21,90000	0,00
21,91667	0,00
21,93333	0,00
21,95000	0,00
21,96667	0,00
21,98333	0,00
22,00000	0,00
22,01667	0,00
22,03333	0,00
22,05000	0,00
22,06667	0,00
22,08333	0,00
22,10000	0,00
22,11667	0,00
22,13333	0,00
22,15000	0,00
22,16667	0,00
22,18333	0,00
22,20000	0,00
22,21667	0,00
22,23333	0,00
22,25000	0,00
22,26667	0,00
22,28333	0,00
22,30000	0,00
22,31667	0,00
22,33333	0,00
22,35000	0,00
22,36667	0,00
22,38333	0,00
22,40000	0,00
22,41667	0,00
22,43333	0,00
22,45000	0,00
22,46667	0,00
22,48333	0,00
22,50000	0,00
22,51667	0,00
22,53333	0,00
22,55000	0,00
22,56667	0,00
22,58333	0,00
22,60000	0,00
22,61667	0,00
22,63333	0,00
22,65000	0,00
22,66667	0,00
22,68333	0,00
22,70000	0,00
22,71667	0,00
22,73333	0,00
22,75000	0,00
22,76667	0,00
22,78333	0,00
22,80000	0,00
22,81667	0,00
22,83333	0,00
22,85000	0,00
22,86667	0,00
22,88333	0,00
22,90000	0,00
22,91667	0,00
22,93333	0,00
22,95000	0,00
22,96667	0,00
22,98333	0,00
23,00000	0,00
23,01667	0,00
23,03333	0,00
23,05000	0,00
23,06667	0,00
23,08333	0,00
23,10000	0,00
23,11667	0,00
23,13333	0,00
23,15000	0,00
23,16667	0,00
23,18333	0,00
23,20000	0,00
23,21667	0,00
23,23333	0,00
23,25000	0,00
23,26667	0,00
23,28333	0,00
23,30000	0,00
23,31667	0,00
23,33333	0,00
23,35000	0,00
23,36667	0,00
23,38333	0,00
23,40000	0,00
23,41667	0,00
23,43333	0,00
23,45000	0,00
23,46667	0,00
23,48333	0,00
23,50000	0,00
23,51667	0,00
23,53333	0,00
23,55000	0,00
23,56667	0,00
23,58333	0,00
23,60000	0,00
23,61667	0,00
23,63333	0,00
23,65000	0,00
23,66667	0,00
23,68333	0,00
23,70000	0,00
23,71667	0,00
23,73333	0,00
23,75000	0,00
23,76667	0,00
23,78333	0,00
23,80000	0,00
23,81667	0,00
23,83333	0,00
23,85000	0,00
23,86667	0,00
23,88333	0,00
23,90000	0,00
23,91667	0,00
23,93333	0,00
23,95000	0,00
23,96667	0,00
23,98333	0,00
24,00000	0,00
24,01667	0,00
24,03333	0,00
24,05000	0,00
24,06667	0,00
24,08333	0,00
24,10000	0,00
24,11667	0,00
24,13333	0,00
24,15000	0,00
24,16667	0,00
24,18333	0,00
24,20000	0,00
24,21667	0,00
24,23333	0,00
24,25000	0,00
24,26667	0,00
24,28333	0,00
24,30000	0,00
24,31667	0,00
24,33333	0,00
24,35000	0,00
24,36667	0,00
24,38333	0,00
24,40000	0,00
24,41667	0,00
24,43333	0,00
24,45000	0,00
24,46667	0,00
24,48333	0,00
24,50000	0,00
24,51667	0,00
24,53333	0,00
24,55000	0,00
24,56667	0,00
24,58333	0,00
24,60000	0,00
24,61667	0,00
24,63333	0,00
24,65000	0,00
24,66667	0,00
24,68333	0,00
24,70000	0,00
24,71667	0,00
24,73333	0,00
24,75000	0,00
24,76667	0,00
24,78333	0,00
24,80000	0,00
24,81667	0,00
24,83333	0,00
24,85000	0,00
24,86667	0,00
24,88333	0,00
24,90000	0,00
24,91667	0,00
24,93333	0,00
24,95000	0,00
24,96667	0,00
24,98333	0,00
25,00000	0,00
25,01667	0,00
25,03333	0,00
25,05000	0,00
25,06667	0,00
25,08333	0,00
25,10000	0,00
25,11667	0,00
25,13333	0,00
25,15000	0,00
25,16667	0,00
25,18333	0,00
25,20000	0,00
25,21667	0,00
25,23333	0,00
25,25000	0,00
25,26667	0,00
25,28333	0,00
25,30000	0,00
25,31667	0,00
25,33333	0,00
25,35000	0,00
25,36667	0,00
25,38333	0,00
25,40000	0,00
25,41667	0,00
25,43333	0,00
25,45000	0,00
25,46667	0,00
25,48333	0,00
25,50000	0,00
25,51667	0,00
25,53333	0,00
25,55000	0,00
25,56667	0,00
25,58333	0,00
25,60000	0,00
25,61667	0,00
25,63333	0,00
25,65000	0,00
25,66667	0,00
25,68333	0,00
25,70000	0,00
25,71667	0,00
25,73333	0,00
25,75000	0,00
25,76667	0,00
25,78333	0,00
25,80000	0,00
25,81667	0,00
25,83333	0,00
25,85000	0,00
25,86667	0,00
25,88333	0,00
25,90000	0,00
25,91667	0,00
25,93333	0,00
25,95000	0,00
25,96667	0,00
25,98333	0,00
26,00000	0,00
26,01667	0,00
26,03333	0,00
26,05000	0,00
26,06667	0,00
26,08333	0,00
26,10000	0,00
26,11667	0,00
26,13333	0,00
26,15000	0,00
26,16667	0,00
26,18333	0,00
26,20000	0,00
26,21667	0,00
26,23333	0,00
26,25000	0,00
26,26667	0,00
26,28333	0,00
26,30000	0,00
26,31667	0,00
26,33333	0,00
26,35000	0,00
26,36667	0,00
26,38333	0,00
26,40000	0,00
26,41667	0,00
26,43333	0,00
26,45000	0,00
26,46667	0,00
26,48333	0,00
26,50000	0,00
26,51667	0,00
26,53333	0,00
26,55000	0,00
26,56667	0,00
26,58333	0,00
26,60000	0,00
26,61667	0,00
26,63333	0,00
26,65000	0,00
26,66667	0,00
26,68333	0,00
26,70000	0,00
26,71667	0,00
26,73333	0,00
26,75000	0,00
26,76667	0,00
26,78333	0,00
26,80000	0,00
26,81667	0,00
26,83333	0,00
26,85000	0,00
26,86667	0,00
26,88333	0,00
26,90000	0,00
26,91667	0,00
26,93333	0,00
26,95000	0,00
26,96667	0,00
26,98333	0,00
27,00000	0,00
27,01667	0,00
27,03333	0,00
27,05000	0,00
27,06667	0,00
27,08333	0,00
27,10000	0,00
27,11667	0,00
27,13333	0,00
27,15000	0,00
27,16667	0,00
27,18333	0,00
27,20000	0,00
27,21667	0,00
27,23333	0,00
27,25000	0,00
27,26667	0,00
27,28333	0,00
27,30000	0,00
27,31667	0,00
27,33333	0,00
27,35000	0,00
27,36667	0,00
27,38333	0,00
27,40000	0,00
27,41667	0,00
27,43333	0,00
27,45000	0,00
27,46667	0,00
27,48333	0,00
27,50000	0,00
27,51667	0,00
27,53333	0,00
27,55000	0,00
27,56667	0,00
27,58333	0,00
27,60000	0,00
27,61667	0,00
27,63333	0,00
27,65000	0,00
27,66667	0,00
27,68333	0,00
27,70000	0,00
27,71667	0,00
27,73333	0,00
27,75000	0,00
27,76667	0,00
27,78333	0,00
27,80000	0,00
27,81667	0,00
27,83333	0,00
27,85000	0,00
27,86667	0,00
27,88333	0,00
27,90000	0,00
27,91667	0,00
27,93333	0,00
27,95000	0,00
27,96667	0,00
27,98333	0,00
28,00000	0,00
28,01667	0,00
28,03333	0,00
28,05000	0,00
28,06667	0,00
28,08333	0,00
28,10000	0,00
28,11667	0,00
28,13333	0,00
28,15000	0,00
28,16667	0,00
28,18333	0,00
28,20000	0,00
28,21667	0,00
28,23333	0,00
28,25000	0,00
28,26667	0,00
28,28333	0,00
28,30000	0,00
28,31667	0,00
28,33333	0,00
28,35000	0,00
28,36667	0,00
28,38333	0,00
28,40000	0,00
28,41667	0,00
28,43333	0,00
28,45000	0,00
28,46667	0,00
28,48333	0,00
28,50000	0,00
28,51667	0,00
28,53333	0,00
28,55000	0,00
28,56667	0,00
28,58333	0,00
28,60000	0,00
28,61667	0,00
28,63333	0,00
28,65000	0,00
28,66667	0,00
28,68333	0,00
28,70000	0,00
28,71667	0,00
28,73333	0,00
28,75000	0,00
28,76667	0,00
28,78333	0,00
28,80000	0,00
28,81667	0,00
28,83333	0,00
28,85000	0,00
28,86667	0,00
28,88333	0,00
28,90000	0,00
28,91667	0,00
28,93333	0,00
28,95000	0,00
28,96667	0,00
28,98333	0,00
29,00000	0,00
29,01667	0,00
29,03333	0,00
29,05000	0,00
29,06667	0,00
29,08333	0,00
29,10000	0,00
29,11667	0,00
29,13333	0,00
29,15000	0,00
29,16667	0,00
29,18333	0,00
29,20000	0,00
29,21667	0,00
29,23333	0,00
29,25000	0,00
29,26667	0,00
29,28333	0,00
29,30000	0,00
29,31667	0,00
29,33333	0,00
29,35000	0,00
29,36667	0,00
29,38333	0,00
29,40000	0,00
29,41667	0,00
29,43333	0,00
29,45000	0,00
29,46667	0,00
29,48333	0,00
29,50000	0,00
29,51667	0,00
29,53333	0,00
29,55000	0,00
29,56667	0,00
29,58333	0,00
29,60000	0,00
29,61667	0,00
29,63333	0,00
29,65000	0,00
29,66667	0,00
29,68333	0,00
29,70000	0,00
29,71667	0,00
29,73333	0,00
29,75000	0,00
29,76667	0,00
29,78333	0,00
29,80000	0,00
29,81667	0,00
29,83333	0,00
29,85000	0,00
29,86667	0,00
29,88333	0,00
29,90000	0,00
29,91667	0,00
29,93333	0,00
29,95000	0,00
29,96667	0,00
29,98333	0,00
30,00000	0,00
30,01667	0,00
30,03333	0,00
30,05000	0,00
30,06667	0,00
30,08333	0,00
30,10000	0,00
30,11667	0,00
30,13333	0,00
30,15000	0,00
30,16667	0,00
30,18333	0,00
30,20000	0,00
30,21667	0,00
30,23333	0,00
30,25000	0,00
30,26667	0,00
30,28333	0,00
30,30000	0,00
30,31667	0,00
30,33333	0,00
30,35000	0,00
30,36667	0,00
30,38333	0,00
30,40000	0,00
30,41667	0,00
30,43333	0,00
30,45000	0,00
30,46667	0,00
30,48333	0,00
30,50000	0,00
30,51667	0,00
30,53333	0,00
30,55000	0,00
30,56667	0,00
30,58333	0,00
30,60000	0,00
30,61667	0,00
30,63333	0,00
30,65000	0,00
30,66667	0,00
30,68333	0,00
30,70000	0,00
30,71667	0,00
30,73333	0,00
30,75000	0,00
30,76667	0,00
30,78333	0,00
30,80000	0,00
30,81667	0,00
30,83333	0,00
30,85000	0,00
30,86667	0,00
30,88333	0,00
30,90000	0,00
30,91667	0,00
30,93333	0,00
30,95000	0,00
30,96667	0,00
30,98333	0,00
31,00000	0,00
31,01667	0,00
31,03333	0,00
31,05000	0,00
31,06667	0,00
31,08333	0,00
31,10000	0,00
31,11667	0,00
31,13333	0,00
31,15000	0,00
31,16667	0,00
31,18333	0,00
31,20000	0,00
31,21667	0,00
31,23333	0,00
31,25000	0,00
31,26667	0,00
31,28333	0,00
31,30000	0,00
31,31667	0,00
31,33333	0,00
31,35000	0,00
31,36667	0,00
31,38333	0,00
31,40000	0,00
31,41667	0,00
31,43333	0,00
31,45000	0,00
31,46667	0,00
31,48333	0,00
31,50000	0,00
31,51667	0,00
31,53333	0,00
31,55000	0,00
31,56667	0,00
31,58333	0,00
31,60000	0,00
31,61667	0,00
31,63333	0,00
31,65000	0,00
31,66667	0,00
31,68333	0,00
31,70000	0,00
31,71667	0,00
31,73333	0,00
31,75000	0,00
31,76667	0,00
31,78333	0,00
31,80000	0,00
31,81667	0,00
31,83333	0,00
31,85000	0,00
31,86667	0,00
31,88333	0,00
31,90000	0,00
31,91667	0,00
31,93333	0,00
31,95000	0,00
31,96667	0,00
31,98333	0,00
32,00000	0,00

[LC Status Trace(Sample Cooler Temp.)]
Interval(msec)	1000
# of Points	1921
Start Time(min)	0,000
End Time(min)	32,000
Intensity Units	C
Intensity Multiplier	1
R.Time (min)	Intensity
0,00000	3,93
0,01667	3,93
0,03333	3,93
0,05000	3,93
0,06667	3,96
0,08333	3,95
0,10000	3,95
0,11667	3,97
0,13333	3,97
0,15000	3,96
0,16667	3,97
0,18333	3,97
0,20000	3,96
0,21667	3,97
0,23333	3,97
0,25000	3,96
0,26667	3,97
0,28333	3,97
0,30000	3,96
0,31667	3,97
0,33333	3,97
0,35000	3,96
0,36667	3,97
0,38333	3,97
0,40000	3,96
0,41667	3,97
0,43333	3,97
0,45000	3,96
0,46667	3,97
0,48333	3,97
0,50000	3,96
0,51667	3,97
0,53333	3,97
0,55000	3,97
0,56667	3,98
0,58333	3,97
0,60000	3,96
0,61667	3,97
0,63333	3,98
0,65000	3,97
0,66667	3,98
0,68333	3,98
0,70000	3,97
0,71667	3,98
0,73333	3,98
0,75000	3,97
0,76667	3,98
0,78333	3,98
0,80000	3,97
0,81667	3,98
0,83333	3,98
0,85000	3,97
0,86667	3,98
0,88333	3,98
0,90000	3,97
0,91667	3,98
0,93333	3,98
0,95000	3,97
0,96667	3,98
0,98333	3,98
1,00000	3,97
1,01667	3,97
1,03333	3,99
1,05000	3,97
1,06667	3,98
1,08333	3,98
1,10000	3,97
1,11667	3,98
1,13333	3,99
1,15000	3,97
1,16667	3,98
1,18333	3,98
1,20000	3,97
1,21667	3,99
1,23333	3,99
1,25000	3,97
1,26667	3,99
1,28333	3,99
1,30000	3,97
1,31667	3,99
1,33333	3,99
1,35000	3,97
1,36667	3,99
1,38333	3,99
1,40000	3,98
1,41667	3,99
1,43333	3,99
1,45000	3,98
1,46667	3,99
1,48333	3,99
1,50000	3,98
1,51667	3,99
1,53333	3,99
1,55000	3,98
1,56667	3,99
1,58333	3,99
1,60000	3,98
1,61667	3,99
1,63333	3,99
1,65000	3,98
1,66667	3,99
1,68333	3,99
1,70000	3,98
1,71667	3,99
1,73333	3,99
1,75000	3,98
1,76667	3,99
1,78333	3,99
1,80000	3,98
1,81667	3,99
1,83333	3,99
1,85000	3,98
1,86667	3,99
1,88333	3,99
1,90000	3,98
1,91667	3,99
1,93333	3,99
1,95000	3,98
1,96667	3,99
1,98333	3,99
2,00000	3,98
2,01667	3,99
2,03333	3,99
2,05000	3,98
2,06667	3,99
2,08333	3,99
2,10000	3,98
2,11667	3,99
2,13333	3,99
2,15000	3,98
2,16667	3,99
2,18333	3,99
2,20000	3,98
2,21667	3,99
2,23333	3,99
2,25000	3,98
2,26667	3,99
2,28333	3,99
2,30000	3,98
2,31667	4,00
2,33333	4,00
2,35000	3,98
2,36667	3,99
2,38333	4,00
2,40000	3,98
2,41667	4,00
2,43333	4,00
2,45000	3,98
2,46667	4,00
2,48333	3,99
2,50000	3,99
2,51667	4,00
2,53333	4,00
2,55000	3,99
2,56667	4,00
2,58333	3,99
2,60000	3,99
2,61667	4,00
2,63333	4,00
2,65000	3,99
2,66667	4,00
2,68333	4,00
2,70000	3,99
2,71667	4,00
2,73333	4,00
2,75000	3,99
2,76667	4,00
2,78333	4,00
2,80000	3,99
2,81667	4,00
2,83333	4,00
2,85000	3,99
2,86667	4,00
2,88333	4,00
2,90000	3,99
2,91667	4,00
2,93333	4,00
2,95000	3,99
2,96667	4,00
2,98333	4,00
3,00000	3,99
3,01667	4,00
3,03333	4,00
3,05000	3,99
3,06667	4,00
3,08333	4,00
3,10000	3,99
3,11667	4,00
3,13333	4,00
3,15000	3,99
3,16667	4,00
3,18333	4,00
3,20000	3,99
3,21667	4,00
3,23333	4,00
3,25000	3,99
3,26667	4,00
3,28333	4,00
3,30000	3,99
3,31667	4,00
3,33333	4,00
3,35000	3,99
3,36667	4,00
3,38333	4,00
3,40000	3,99
3,41667	4,00
3,43333	4,00
3,45000	3,99
3,46667	4,00
3,48333	4,00
3,50000	3,99
3,51667	4,00
3,53333	4,00
3,55000	3,99
3,56667	4,00
3,58333	4,00
3,60000	3,99
3,61667	4,00
3,63333	4,00
3,65000	3,99
3,66667	4,00
3,68333	4,00
3,70000	3,99
3,71667	4,00
3,73333	4,00
3,75000	3,99
3,76667	4,00
3,78333	4,00
3,80000	3,99
3,81667	4,00
3,83333	4,00
3,85000	3,99
3,86667	4,00
3,88333	4,00
3,90000	3,99
3,91667	4,00
3,93333	4,00
3,95000	3,99
3,96667	4,00
3,98333	4,00
4,00000	3,99
4,01667	4,00
4,03333	4,00
4,05000	3,99
4,06667	4,00
4,08333	4,00
4,10000	3,99
4,11667	4,00
4,13333	4,00
4,15000	3,99
4,16667	4,00
4,18333	4,00
4,20000	3,99
4,21667	4,00
4,23333	4,00
4,25000	3,99
4,26667	4,00
4,28333	4,00
4,30000	3,99
4,31667	4,00
4,33333	4,00
4,35000	3,99
4,36667	4,00
4,38333	4,00
4,40000	3,99
4,41667	4,00
4,43333	4,00
4,45000	3,99
4,46667	4,00
4,48333	4,00
4,50000	3,99
4,51667	4,00
4,53333	4,00
4,55000	3,99
4,56667	4,00
4,58333	4,00
4,60000	3,99
4,61667	4,00
4,63333	4,00
4,65000	3,99
4,66667	4,00
4,68333	4,00
4,70000	3,99
4,71667	4,00
4,73333	4,00
4,75000	3,98
4,76667	4,00
4,78333	4,00
4,80000	3,99
4,81667	4,00
4,83333	3,99
4,85000	3,99
4,86667	4,00
4,88333	4,00
4,90000	3,98
4,91667	4,00
4,93333	3,99
4,95000	3,99
4,96667	4,00
4,98333	4,00
5,00000	3,99
5,01667	4,00
5,03333	4,00
5,05000	3,99
5,06667	4,00
5,08333	4,00
5,10000	3,98
5,11667	4,00
5,13333	4,00
5,15000	3,99
5,16667	4,00
5,18333	4,00
5,20000	3,98
5,21667	3,99
5,23333	4,00
5,25000	3,99
5,26667	4,00
5,28333	4,00
5,30000	3,98
5,31667	4,00
5,33333	4,00
5,35000	3,99
5,36667	4,00
5,38333	4,00
5,40000	3,99
5,41667	4,00
5,43333	4,00
5,45000	3,98
5,46667	4,00
5,48333	3,99
5,50000	3,98
5,51667	4,00
5,53333	4,00
5,55000	3,98
5,56667	3,99
5,58333	4,00
5,60000	3,99
5,61667	4,00
5,63333	4,00
5,65000	3,99
5,66667	4,00
5,68333	4,00
5,70000	3,98
5,71667	4,00
5,73333	4,00
5,75000	3,99
5,76667	3,99
5,78333	4,00
5,80000	3,99
5,81667	4,00
5,83333	4,00
5,85000	3,98
5,86667	4,00
5,88333	4,00
5,90000	3,99
5,91667	4,00
5,93333	3,99
5,95000	3,98
5,96667	4,00
5,98333	4,00
6,00000	3,98
6,01667	4,00
6,03333	4,00
6,05000	3,98
6,06667	4,00
6,08333	4,00
6,10000	3,98
6,11667	4,00
6,13333	4,00
6,15000	3,98
6,16667	4,00
6,18333	4,00
6,20000	3,99
6,21667	4,00
6,23333	4,00
6,25000	3,98
6,26667	4,00
6,28333	4,00
6,30000	3,98
6,31667	4,00
6,33333	4,00
6,35000	3,99
6,36667	4,00
6,38333	4,00
6,40000	3,99
6,41667	4,00
6,43333	4,00
6,45000	3,99
6,46667	4,00
6,48333	4,00
6,50000	3,99
6,51667	4,00
6,53333	4,00
6,55000	3,99
6,56667	4,00
6,58333	4,00
6,60000	3,99
6,61667	4,00
6,63333	4,00
6,65000	3,99
6,66667	4,00
6,68333	4,00
6,70000	3,99
6,71667	4,00
6,73333	4,00
6,75000	3,99
6,76667	4,00
6,78333	4,00
6,80000	3,98
6,81667	4,00
6,83333	4,00
6,85000	3,99
6,86667	4,00
6,88333	4,00
6,90000	3,98
6,91667	4,00
6,93333	4,00
6,95000	3,99
6,96667	4,00
6,98333	4,00
7,00000	3,99
7,01667	4,00
7,03333	4,00
7,05000	3,99
7,06667	4,00
7,08333	4,00
7,10000	3,99
7,11667	4,00
7,13333	4,00
7,15000	3,99
7,16667	4,00
7,18333	4,00
7,20000	3,99
7,21667	4,00
7,23333	4,00
7,25000	3,99
7,26667	4,00
7,28333	4,00
7,30000	3,99
7,31667	4,00
7,33333	4,00
7,35000	3,99
7,36667	4,00
7,38333	4,00
7,40000	3,99
7,41667	4,00
7,43333	4,00
7,45000	3,99
7,46667	4,00
7,48333	4,00
7,50000	3,99
7,51667	4,00
7,53333	4,00
7,55000	3,99
7,56667	4,00
7,58333	4,00
7,60000	3,99
7,61667	4,00
7,63333	4,00
7,65000	3,99
7,66667	4,00
7,68333	4,00
7,70000	3,99
7,71667	4,00
7,73333	4,00
7,75000	3,99
7,76667	4,00
7,78333	4,00
7,80000	3,99
7,81667	4,00
7,83333	4,00
7,85000	3,99
7,86667	4,00
7,88333	4,00
7,90000	3,99
7,91667	4,00
7,93333	4,00
7,95000	3,99
7,96667	4,00
7,98333	4,00
8,00000	3,99
8,01667	4,00
8,03333	4,00
8,05000	3,99
8,06667	4,00
8,08333	4,00
8,10000	3,99
8,11667	4,00
8,13333	4,00
8,15000	3,99
8,16667	4,00
8,18333	4,00
8,20000	3,99
8,21667	4,00
8,23333	4,00
8,25000	3,99
8,26667	4,00
8,28333	4,00
8,30000	3,99
8,31667	4,00
8,33333	4,00
8,35000	3,99
8,36667	4,00
8,38333	4,00
8,40000	3,99
8,41667	4,00
8,43333	4,00
8,45000	3,99
8,46667	4,00
8,48333	4,00
8,50000	3,99
8,51667	4,00
8,53333	4,00
8,55000	3,99
8,56667	4,00
8,58333	4,00
8,60000	3,99
8,61667	4,00
8,63333	4,00
8,65000	3,99
8,66667	4,00
8,68333	4,00
8,70000	3,99
8,71667	4,00
8,73333	4,00
8,75000	3,99
8,76667	4,00
8,78333	4,00
8,80000	3,99
8,81667	4,00
8,83333	4,00
8,85000	3,99
8,86667	4,00
8,88333	4,00
8,90000	3,99
8,91667	4,00
8,93333	4,00
8,95000	3,99
8,96667	4,00
8,98333	4,00
9,00000	3,99
9,01667	4,00
9,03333	4,00
9,05000	3,99
9,06667	4,00
9,08333	4,00
9,10000	3,99
9,11667	4,00
9,13333	4,00
9,15000	3,99
9,16667	4,00
9,18333	4,00
9,20000	3,99
9,21667	4,00
9,23333	4,00
9,25000	3,99
9,26667	4,00
9,28333	4,00
9,30000	3,99
9,31667	4,00
9,33333	4,00
9,35000	3,99
9,36667	4,00
9,38333	4,00
9,40000	3,99
9,41667	4,00
9,43333	4,00
9,45000	3,99
9,46667	4,00
9,48333	4,00
9,50000	3,99
9,51667	4,00
9,53333	4,00
9,55000	3,99
9,56667	4,00
9,58333	4,00
9,60000	3,99
9,61667	4,00
9,63333	4,00
9,65000	3,99
9,66667	4,00
9,68333	4,00
9,70000	3,99
9,71667	4,00
9,73333	4,00
9,75000	3,99
9,76667	4,00
9,78333	4,00
9,80000	3,99
9,81667	4,00
9,83333	4,00
9,85000	3,99
9,86667	4,00
9,88333	4,00
9,90000	3,99
9,91667	4,00
9,93333	4,00
9,95000	3,99
9,96667	4,00
9,98333	4,00
10,00000	3,99
10,01667	4,00
10,03333	4,00
10,05000	3,99
10,06667	4,00
10,08333	4,00
10,10000	3,99
10,11667	4,00
10,13333	4,00
10,15000	3,99
10,16667	4,00
10,18333	4,00
10,20000	3,99
10,21667	4,00
10,23333	4,00
10,25000	3,99
10,26667	4,00
10,28333	4,00
10,30000	3,99
10,31667	4,00
10,33333	4,00
10,35000	3,99
10,36667	4,00
10,38333	4,00
10,40000	3,99
10,41667	4,00
10,43333	4,00
10,45000	3,99
10,46667	4,00
10,48333	4,00
10,50000	3,99
10,51667	4,00
10,53333	4,00
10,55000	3,99
10,56667	4,00
10,58333	4,00
10,60000	3,99
10,61667	4,00
10,63333	4,00
10,65000	3,99
10,66667	4,00
10,68333	4,00
10,70000	3,99
10,71667	4,00
10,73333	4,00
10,75000	3,99
10,76667	4,00
10,78333	4,00
10,80000	3,99
10,81667	4,00
10,83333	4,00
10,85000	3,99
10,86667	4,00
10,88333	4,00
10,90000	3,99
10,91667	4,00
10,93333	4,00
10,95000	3,99
10,96667	4,00
10,98333	4,00
11,00000	3,99
11,01667	4,00
11,03333	4,00
11,05000	3,99
11,06667	4,00
11,08333	4,00
11,10000	3,99
11,11667	4,00
11,13333	4,00
11,15000	3,99
11,16667	4,00
11,18333	4,00
11,20000	3,99
11,21667	4,00
11,23333	4,00
11,25000	3,99
11,26667	4,00
11,28333	4,00
11,30000	3,99
11,31667	4,00
11,33333	4,00
11,35000	3,99
11,36667	4,00
11,38333	4,00
11,40000	3,99
11,41667	4,00
11,43333	4,00
11,45000	3,99
11,46667	4,00
11,48333	4,00
11,50000	3,99
11,51667	4,00
11,53333	4,00
11,55000	3,99
11,56667	4,00
11,58333	4,00
11,60000	3,99
11,61667	4,00
11,63333	4,00
11,65000	3,99
11,66667	4,00
11,68333	4,00
11,70000	3,99
11,71667	4,00
11,73333	4,00
11,75000	3,99
11,76667	4,00
11,78333	4,00
11,80000	3,99
11,81667	4,00
11,83333	4,00
11,85000	3,99
11,86667	4,00
11,88333	4,00
11,90000	3,99
11,91667	4,00
11,93333	4,00
11,95000	3,99
11,96667	4,00
11,98333	4,00
12,00000	3,99
12,01667	4,00
12,03333	4,00
12,05000	3,99
12,06667	4,00
12,08333	4,00
12,10000	3,99
12,11667	4,00
12,13333	4,00
12,15000	3,98
12,16667	4,00
12,18333	4,00
12,20000	3,99
12,21667	4,00
12,23333	4,00
12,25000	3,99
12,26667	4,00
12,28333	4,00
12,30000	3,98
12,31667	4,00
12,33333	4,00
12,35000	3,98
12,36667	4,00
12,38333	4,00
12,40000	3,99
12,41667	4,00
12,43333	4,00
12,45000	3,98
12,46667	4,00
12,48333	4,00
12,50000	3,99
12,51667	4,00
12,53333	4,00
12,55000	3,99
12,56667	4,00
12,58333	4,00
12,60000	3,99
12,61667	4,00
12,63333	4,00
12,65000	3,99
12,66667	4,00
12,68333	3,99
12,70000	3,98
12,71667	4,00
12,73333	4,00
12,75000	3,99
12,76667	4,00
12,78333	4,00
12,80000	3,98
12,81667	4,00
12,83333	4,00
12,85000	3,99
12,86667	4,00
12,88333	4,00
12,90000	3,98
12,91667	4,00
12,93333	4,00
12,95000	3,98
12,96667	4,00
12,98333	3,99
13,00000	3,98
13,01667	4,00
13,03333	4,00
13,05000	3,98
13,06667	4,00
13,08333	4,00
13,10000	3,99
13,11667	4,00
13,13333	4,00
13,15000	3,98
13,16667	4,00
13,18333	3,99
13,20000	3,98
13,21667	4,00
13,23333	3,99
13,25000	3,99
13,26667	4,00
13,28333	4,00
13,30000	3,99
13,31667	4,00
13,33333	4,00
13,35000	3,99
13,36667	4,00
13,38333	4,00
13,40000	3,98
13,41667	4,00
13,43333	4,00
13,45000	3,98
13,46667	4,00
13,48333	4,00
13,50000	3,99
13,51667	4,00
13,53333	4,00
13,55000	3,98
13,56667	4,00
13,58333	4,00
13,60000	3,98
13,61667	3,99
13,63333	3,99
13,65000	3,98
13,66667	4,00
13,68333	4,00
13,70000	3,98
13,71667	4,00
13,73333	4,00
13,75000	3,98
13,76667	4,00
13,78333	4,00
13,80000	3,98
13,81667	4,00
13,83333	3,99
13,85000	3,98
13,86667	4,00
13,88333	3,99
13,90000	3,98
13,91667	3,99
13,93333	3,99
13,95000	3,98
13,96667	4,00
13,98333	4,00
14,00000	3,98
14,01667	4,00
14,03333	4,00
14,05000	3,99
14,06667	4,00
14,08333	4,00
14,10000	3,98
14,11667	4,00
14,13333	4,00
14,15000	3,99
14,16667	4,00
14,18333	3,99
14,20000	3,98
14,21667	4,00
14,23333	4,00
14,25000	3,99
14,26667	3,99
14,28333	3,99
14,30000	3,98
14,31667	4,00
14,33333	4,00
14,35000	3,98
14,36667	4,00
14,38333	3,99
14,40000	3,98
14,41667	4,00
14,43333	4,00
14,45000	3,98
14,46667	3,99
14,48333	3,99
14,50000	3,98
14,51667	3,99
14,53333	4,00
14,55000	3,98
14,56667	3,99
14,58333	3,99
14,60000	3,98
14,61667	3,99
14,63333	3,99
14,65000	3,98
14,66667	3,99
14,68333	3,99
14,70000	3,98
14,71667	3,99
14,73333	3,99
14,75000	3,98
14,76667	3,99
14,78333	4,00
14,80000	3,98
14,81667	3,99
14,83333	3,99
14,85000	3,98
14,86667	3,99
14,88333	3,99
14,90000	3,98
14,91667	3,99
14,93333	3,99
14,95000	3,98
14,96667	3,99
14,98333	3,99
15,00000	3,98
15,01667	3,99
15,03333	3,99
15,05000	3,98
15,06667	3,99
15,08333	3,99
15,10000	3,98
15,11667	3,99
15,13333	3,99
15,15000	3,98
15,16667	3,99
15,18333	3,99
15,20000	3,98
15,21667	3,99
15,23333	3,99
15,25000	3,98
15,26667	3,99
15,28333	3,99
15,30000	3,98
15,31667	3,99
15,33333	3,99
15,35000	3,98
15,36667	3,99
15,38333	3,99
15,40000	3,98
15,41667	3,99
15,43333	3,99
15,45000	3,98
15,46667	3,99
15,48333	3,99
15,50000	3,98
15,51667	3,99
15,53333	3,99
15,55000	3,98
15,56667	3,99
15,58333	4,00
15,60000	3,98
15,61667	3,99
15,63333	4,00
15,65000	3,98
15,66667	4,00
15,68333	4,00
15,70000	3,98
15,71667	4,00
15,73333	3,99
15,75000	3,99
15,76667	4,00
15,78333	3,99
15,80000	3,98
15,81667	4,00
15,83333	4,00
15,85000	3,99
15,86667	4,00
15,88333	4,00
15,90000	3,98
15,91667	4,00
15,93333	4,00
15,95000	3,99
15,96667	4,00
15,98333	4,00
16,00000	3,99
16,01667	4,00
16,03333	4,00
16,05000	3,99
16,06667	4,00
16,08333	4,00
16,10000	3,99
16,11667	4,00
16,13333	4,00
16,15000	3,99
16,16667	4,00
16,18333	4,00
16,20000	3,99
16,21667	4,00
16,23333	4,00
16,25000	3,99
16,26667	4,00
16,28333	4,00
16,30000	3,99
16,31667	4,00
16,33333	4,00
16,35000	3,99
16,36667	4,00
16,38333	4,00
16,40000	3,99
16,41667	4,00
16,43333	4,00
16,45000	3,99
16,46667	4,00
16,48333	4,00
16,50000	3,99
16,51667	4,00
16,53333	4,00
16,55000	3,99
16,56667	4,00
16,58333	4,00
16,60000	3,99
16,61667	4,00
16,63333	4,00
16,65000	3,99
16,66667	4,00
16,68333	4,00
16,70000	3,99
16,71667	4,00
16,73333	4,00
16,75000	3,99
16,76667	4,00
16,78333	4,00
16,80000	3,99
16,81667	4,00
16,83333	4,00
16,85000	3,99
16,86667	4,00
16,88333	4,00
16,90000	3,99
16,91667	4,00
16,93333	4,00
16,95000	3,99
16,96667	4,00
16,98333	4,00
17,00000	3,99
17,01667	4,00
17,03333	4,00
17,05000	3,99
17,06667	4,00
17,08333	4,00
17,10000	3,99
17,11667	4,00
17,13333	4,00
17,15000	3,99
17,16667	4,00
17,18333	4,00
17,20000	3,99
17,21667	4,00
17,23333	4,00
17,25000	3,99
17,26667	4,00
17,28333	4,00
17,30000	3,99
17,31667	4,00
17,33333	4,00
17,35000	3,99
17,36667	4,00
17,38333	4,00
17,40000	3,99
17,41667	4,00
17,43333	4,00
17,45000	3,99
17,46667	4,00
17,48333	4,00
17,50000	3,99
17,51667	4,00
17,53333	4,00
17,55000	3,99
17,56667	4,00
17,58333	4,00
17,60000	3,99
17,61667	4,00
17,63333	4,00
17,65000	3,99
17,66667	4,00
17,68333	4,00
17,70000	3,99
17,71667	4,00
17,73333	4,00
17,75000	3,99
17,76667	4,00
17,78333	4,00
17,80000	3,99
17,81667	4,00
17,83333	4,00
17,85000	3,99
17,86667	4,00
17,88333	4,00
17,90000	3,99
17,91667	4,00
17,93333	4,00
17,95000	3,99
17,96667	4,00
17,98333	4,00
18,00000	3,99
18,01667	4,00
18,03333	4,00
18,05000	3,99
18,06667	4,00
18,08333	4,00
18,10000	3,99
18,11667	4,00
18,13333	4,00
18,15000	3,99
18,16667	4,00
18,18333	4,00
18,20000	3,99
18,21667	4,00
18,23333	4,00
18,25000	3,99
18,26667	4,00
18,28333	4,00
18,30000	3,99
18,31667	4,00
18,33333	4,00
18,35000	3,99
18,36667	4,00
18,38333	4,00
18,40000	3,99
18,41667	4,00
18,43333	4,00
18,45000	3,99
18,46667	4,00
18,48333	4,00
18,50000	3,99
18,51667	4,00
18,53333	4,00
18,55000	3,99
18,56667	4,00
18,58333	4,00
18,60000	3,99
18,61667	4,00
18,63333	4,00
18,65000	3,99
18,66667	4,00
18,68333	4,00
18,70000	3,99
18,71667	4,00
18,73333	4,00
18,75000	3,99
18,76667	4,00
18,78333	4,00
18,80000	3,99
18,81667	4,00
18,83333	4,00
18,85000	3,99
18,86667	4,00
18,88333	4,00
18,90000	3,99
18,91667	4,00
18,93333	4,00
18,95000	3,99
18,96667	4,00
18,98333	4,00
19,00000	3,99
19,01667	4,00
19,03333	4,00
19,05000	3,99
19,06667	4,00
19,08333	4,00
19,10000	3,99
19,11667	4,00
19,13333	4,00
19,15000	3,99
19,16667	4,00
19,18333	4,00
19,20000	3,99
19,21667	4,00
19,23333	4,00
19,25000	3,99
19,26667	4,00
19,28333	4,00
19,30000	3,99
19,31667	4,00
19,33333	4,00
19,35000	3,99
19,36667	4,00
19,38333	4,00
19,40000	3,99
19,41667	4,00
19,43333	4,00
19,45000	3,99
19,46667	4,00
19,48333	4,00
19,50000	3,99
19,51667	4,00
19,53333	4,00
19,55000	3,99
19,56667	4,00
19,58333	4,00
19,60000	3,99
19,61667	4,00
19,63333	4,00
19,65000	3,99
19,66667	4,00
19,68333	4,00
19,70000	3,99
19,71667	4,00
19,73333	4,00
19,75000	3,99
19,76667	4,00
19,78333	4,00
19,80000	3,99
19,81667	4,00
19,83333	4,00
19,85000	3,99
19,86667	4,00
19,88333	4,00
19,90000	3,99
19,91667	4,00
19,93333	4,00
19,95000	3,99
19,96667	4,00
19,98333	4,00
20,00000	3,99
20,01667	4,00
20,03333	4,00
20,05000	3,99
20,06667	4,00
20,08333	4,00
20,10000	3,99
20,11667	4,00
20,13333	4,00
20,15000	3,99
20,16667	4,00
20,18333	4,00
20,20000	3,99
20,21667	4,00
20,23333	4,00
20,25000	3,99
20,26667	4,00
20,28333	4,00
20,30000	3,99
20,31667	4,00
20,33333	4,00
20,35000	3,99
20,36667	4,00
20,38333	4,00
20,40000	3,99
20,41667	4,00
20,43333	4,00
20,45000	3,99
20,46667	4,00
20,48333	4,00
20,50000	3,99
20,51667	4,00
20,53333	4,00
20,55000	3,99
20,56667	4,00
20,58333	4,00
20,60000	3,99
20,61667	4,00
20,63333	4,00
20,65000	3,99
20,66667	4,00
20,68333	4,00
20,70000	3,99
20,71667	4,00
20,73333	4,00
20,75000	3,99
20,76667	4,00
20,78333	4,00
20,80000	3,99
20,81667	4,00
20,83333	4,00
20,85000	3,99
20,86667	4,00
20,88333	4,00
20,90000	3,99
20,91667	4,00
20,93333	4,00
20,95000	3,99
20,96667	4,00
20,98333	4,00
21,00000	3,99
21,01667	4,00
21,03333	4,00
21,05000	3,99
21,06667	4,00
21,08333	4,00
21,10000	3,99
21,11667	4,00
21,13333	4,00
21,15000	3,99
21,16667	4,00
21,18333	4,00
21,20000	3,99
21,21667	4,00
21,23333	4,00
21,25000	3,99
21,26667	4,00
21,28333	4,00
21,30000	3,99
21,31667	4,00
21,33333	4,00
21,35000	3,99
21,36667	4,00
21,38333	4,00
21,40000	3,99
21,41667	4,00
21,43333	4,00
21,45000	3,99
21,46667	4,00
21,48333	4,00
21,50000	3,99
21,51667	4,00
21,53333	4,00
21,55000	3,99
21,56667	4,00
21,58333	4,00
21,60000	3,99
21,61667	4,00
21,63333	4,00
21,65000	3,99
21,66667	4,00
21,68333	4,00
21,70000	3,99
21,71667	4,00
21,73333	4,00
21,75000	3,99
21,76667	4,00
21,78333	4,00
21,80000	3,99
21,81667	4,00
21,83333	4,00
21,85000	3,99
21,86667	4,00
21,88333	4,00
21,90000	3,99
21,91667	4,00
21,93333	4,00
21,95000	3,99
21,96667	4,00
21,98333	4,00
22,00000	3,99
22,01667	4,00
22,03333	4,00
22,05000	3,99
22,06667	4,00
22,08333	4,00
22,10000	3,99
22,11667	4,00
22,13333	4,00
22,15000	3,99
22,16667	4,00
22,18333	4,00
22,20000	3,99
22,21667	4,00
22,23333	4,00
22,25000	3,99
22,26667	4,00
22,28333	4,00
22,30000	3,99
22,31667	4,00
22,33333	4,00
22,35000	3,99
22,36667	4,00
22,38333	4,00
22,40000	3,99
22,41667	4,00
22,43333	4,00
22,45000	3,99
22,46667	4,00
22,48333	4,00
22,50000	3,99
22,51667	4,00
22,53333	4,00
22,55000	3,99
22,56667	4,00
22,58333	4,00
22,60000	3,99
22,61667	4,00
22,63333	4,00
22,65000	3,99
22,66667	4,00
22,68333	4,00
22,70000	3,99
22,71667	4,00
22,73333	4,00
22,75000	3,99
22,76667	4,00
22,78333	4,00
22,80000	3,99
22,81667	4,00
22,83333	4,00
22,85000	3,99
22,86667	4,00
22,88333	4,00
22,90000	3,99
22,91667	4,00
22,93333	4,00
22,95000	3,99
22,96667	4,00
22,98333	4,00
23,00000	3,99
23,01667	4,00
23,03333	4,00
23,05000	3,99
23,06667	4,00
23,08333	4,00
23,10000	3,99
23,11667	4,00
23,13333	4,00
23,15000	3,99
23,16667	4,00
23,18333	4,00
23,20000	3,99
23,21667	4,00
23,23333	4,00
23,25000	3,99
23,26667	4,00
23,28333	4,00
23,30000	3,99
23,31667	4,00
23,33333	4,00
23,35000	3,99
23,36667	4,00
23,38333	4,00
23,40000	3,99
23,41667	4,00
23,43333	4,00
23,45000	3,99
23,46667	4,00
23,48333	4,00
23,50000	3,99
23,51667	4,00
23,53333	4,00
23,55000	3,99
23,56667	4,00
23,58333	4,00
23,60000	3,99
23,61667	4,00
23,63333	4,00
23,65000	3,99
23,66667	4,00
23,68333	4,00
23,70000	3,99
23,71667	4,00
23,73333	4,00
23,75000	3,99
23,76667	4,00
23,78333	4,00
23,80000	3,99
23,81667	4,00
23,83333	4,00
23,85000	3,99
23,86667	4,00
23,88333	4,00
23,90000	3,99
23,91667	4,00
23,93333	4,00
23,95000	3,99
23,96667	4,00
23,98333	4,00
24,00000	3,99
24,01667	4,00
24,03333	4,00
24,05000	3,99
24,06667	4,00
24,08333	4,00
24,10000	3,99
24,11667	4,00
24,13333	4,00
24,15000	3,99
24,16667	4,00
24,18333	4,00
24,20000	3,99
24,21667	4,00
24,23333	4,00
24,25000	3,99
24,26667	4,00
24,28333	4,00
24,30000	3,99
24,31667	4,00
24,33333	4,00
24,35000	3,99
24,36667	4,00
24,38333	4,00
24,40000	3,99
24,41667	4,00
24,43333	4,00
24,45000	3,99
24,46667	4,00
24,48333	4,00
24,50000	3,99
24,51667	4,00
24,53333	4,00
24,55000	3,99
24,56667	4,00
24,58333	4,00
24,60000	3,99
24,61667	4,00
24,63333	4,00
24,65000	3,99
24,66667	4,00
24,68333	4,00
24,70000	3,99
24,71667	4,00
24,73333	4,00
24,75000	3,99
24,76667	4,00
24,78333	4,00
24,80000	3,99
24,81667	4,00
24,83333	4,00
24,85000	3,99
24,86667	4,00
24,88333	4,00
24,90000	3,99
24,91667	4,00
24,93333	4,00
24,95000	3,99
24,96667	4,00
24,98333	4,00
25,00000	3,99
25,01667	4,00
25,03333	4,00
25,05000	3,99
25,06667	4,00
25,08333	4,00
25,10000	3,99
25,11667	4,00
25,13333	4,00
25,15000	3,99
25,16667	4,00
25,18333	4,00
25,20000	3,99
25,21667	4,00
25,23333	4,00
25,25000	3,99
25,26667	4,00
25,28333	4,00
25,30000	3,99
25,31667	4,00
25,33333	4,00
25,35000	3,99
25,36667	4,00
25,38333	4,00
25,40000	3,99
25,41667	4,00
25,43333	4,00
25,45000	3,99
25,46667	4,00
25,48333	4,00
25,50000	3,99
25,51667	4,00
25,53333	4,00
25,55000	3,99
25,56667	4,00
25,58333	4,00
25,60000	3,99
25,61667	4,00
25,63333	4,00
25,65000	3,99
25,66667	4,00
25,68333	4,00
25,70000	3,99
25,71667	4,00
25,73333	4,00
25,75000	3,99
25,76667	4,00
25,78333	4,00
25,80000	3,99
25,81667	4,00
25,83333	4,00
25,85000	3,99
25,86667	4,00
25,88333	4,00
25,90000	3,99
25,91667	4,00
25,93333	4,00
25,95000	3,99
25,96667	4,00
25,98333	4,00
26,00000	3,99
26,01667	4,00
26,03333	4,00
26,05000	3,99
26,06667	4,00
26,08333	4,00
26,10000	3,99
26,11667	4,00
26,13333	4,00
26,15000	3,99
26,16667	4,00
26,18333	4,00
26,20000	3,99
26,21667	4,00
26,23333	4,00
26,25000	3,99
26,26667	4,00
26,28333	4,00
26,30000	3,99
26,31667	4,00
26,33333	4,00
26,35000	3,99
26,36667	4,00
26,38333	4,00
26,40000	3,99
26,41667	4,00
26,43333	4,00
26,45000	3,99
26,46667	4,00
26,48333	4,00
26,50000	3,99
26,51667	4,00
26,53333	4,00
26,55000	3,99
26,56667	4,00
26,58333	4,00
26,60000	3,99
26,61667	4,00
26,63333	4,00
26,65000	3,99
26,66667	4,00
26,68333	4,00
26,70000	3,99
26,71667	4,00
26,73333	4,00
26,75000	3,99
26,76667	4,00
26,78333	4,00
26,80000	3,99
26,81667	4,00
26,83333	4,00
26,85000	3,99
26,86667	4,00
26,88333	4,00
26,90000	3,99
26,91667	4,00
26,93333	4,00
26,95000	3,99
26,96667	4,00
26,98333	4,00
27,00000	3,99
27,01667	4,00
27,03333	4,00
27,05000	3,99
27,06667	4,00
27,08333	4,00
27,10000	3,99
27,11667	4,00
27,13333	4,00
27,15000	3,99
27,16667	4,00
27,18333	4,00
27,20000	3,99
27,21667	4,00
27,23333	4,00
27,25000	3,99
27,26667	4,00
27,28333	4,00
27,30000	3,99
27,31667	4,00
27,33333	4,00
27,35000	3,99
27,36667	4,00
27,38333	4,00
27,40000	3,99
27,41667	4,00
27,43333	4,00
27,45000	3,99
27,46667	4,00
27,48333	4,00
27,50000	3,99
27,51667	4,00
27,53333	4,00
27,55000	3,99
27,56667	4,00
27,58333	4,00
27,60000	3,99
27,61667	4,00
27,63333	4,00
27,65000	3,99
27,66667	4,00
27,68333	4,00
27,70000	3,99
27,71667	4,00
27,73333	4,00
27,75000	3,99
27,76667	4,00
27,78333	4,00
27,80000	3,99
27,81667	4,00
27,83333	4,00
27,85000	3,99
27,86667	4,00
27,88333	4,00
27,90000	3,99
27,91667	4,00
27,93333	4,00
27,95000	3,99
27,96667	4,00
27,98333	4,00
28,00000	3,99
28,01667	4,00
28,03333	4,00
28,05000	3,99
28,06667	4,00
28,08333	4,00
28,10000	3,99
28,11667	4,00
28,13333	4,00
28,15000	3,99
28,16667	4,00
28,18333	4,00
28,20000	3,99
28,21667	4,00
28,23333	4,00
28,25000	3,99
28,26667	4,00
28,28333	4,00
28,30000	3,99
28,31667	4,00
28,33333	4,00
28,35000	3,99
28,36667	4,00
28,38333	4,00
28,40000	3,99
28,41667	4,00
28,43333	4,00
28,45000	3,99
28,46667	4,00
28,48333	4,00
28,50000	3,99
28,51667	4,00
28,53333	4,00
28,55000	3,99
28,56667	4,00
28,58333	4,00
28,60000	3,99
28,61667	4,00
28,63333	4,00
28,65000	3,99
28,66667	4,00
28,68333	4,00
28,70000	3,99
28,71667	4,00
28,73333	4,00
28,75000	3,99
28,76667	4,00
28,78333	4,00
28,80000	3,99
28,81667	4,00
28,83333	4,00
28,85000	3,99
28,86667	4,00
28,88333	4,00
28,90000	3,99
28,91667	4,00
28,93333	4,00
28,95000	3,99
28,96667	4,00
28,98333	4,00
29,00000	3,99
29,01667	4,00
29,03333	4,00
29,05000	3,99
29,06667	4,00
29,08333	4,00
29,10000	3,99
29,11667	4,00
29,13333	4,00
29,15000	3,99
29,16667	4,00
29,18333	4,00
29,20000	3,99
29,21667	4,00
29,23333	4,00
29,25000	3,99
29,26667	4,00
29,28333	4,00
29,30000	3,99
29,31667	4,00
29,33333	4,00
29,35000	3,99
29,36667	4,00
29,38333	4,00
29,40000	3,99
29,41667	4,00
29,43333	4,00
29,45000	3,99
29,46667	4,00
29,48333	4,00
29,50000	3,99
29,51667	4,00
29,53333	4,00
29,55000	3,99
29,56667	4,00
29,58333	4,00
29,60000	3,99
29,61667	4,00
29,63333	4,00
29,65000	3,99
29,66667	4,00
29,68333	4,00
29,70000	3,99
29,71667	4,00
29,73333	4,00
29,75000	3,99
29,76667	4,00
29,78333	4,00
29,80000	3,99
29,81667	4,00
29,83333	4,00
29,85000	3,99
29,86667	4,00
29,88333	4,00
29,90000	3,99
29,91667	4,00
29,93333	4,00
29,95000	3,99
29,96667	4,00
29,98333	4,00
30,00000	3,99
30,01667	4,00
30,03333	4,00
30,05000	3,99
30,06667	4,00
30,08333	4,00
30,10000	3,99
30,11667	4,00
30,13333	4,00
30,15000	3,99
30,16667	4,00
30,18333	4,00
30,20000	3,99
30,21667	4,00
30,23333	4,00
30,25000	3,99
30,26667	4,00
30,28333	4,00
30,30000	3,99
30,31667	4,00
30,33333	4,00
30,35000	3,99
30,36667	4,00
30,38333	4,00
30,40000	3,99
30,41667	4,00
30,43333	4,00
30,45000	3,99
30,46667	4,00
30,48333	4,00
30,50000	3,99
30,51667	4,00
30,53333	4,00
30,55000	3,99
30,56667	4,00
30,58333	4,00
30,60000	3,99
30,61667	4,00
30,63333	4,00
30,65000	3,99
30,66667	4,00
30,68333	4,00
30,70000	3,99
30,71667	4,00
30,73333	4,00
30,75000	3,99
30,76667	4,00
30,78333	4,00
30,80000	3,99
30,81667	4,00
30,83333	4,00
30,85000	3,99
30,86667	4,00
30,88333	4,00
30,90000	3,99
30,91667	4,00
30,93333	4,00
30,95000	3,99
30,96667	4,00
30,98333	4,00
31,00000	3,99
31,01667	4,00
31,03333	4,00
31,05000	3,99
31,06667	4,00
31,08333	4,00
31,10000	3,99
31,11667	4,00
31,13333	4,00
31,15000	3,99
31,16667	4,00
31,18333	4,00
31,20000	3,99
31,21667	4,00
31,23333	4,00
31,25000	3,99
31,26667	4,00
31,28333	4,00
31,30000	3,99
31,31667	4,00
31,33333	4,00
31,35000	3,99
31,36667	4,00
31,38333	4,00
31,40000	3,99
31,41667	4,00
31,43333	4,00
31,45000	3,99
31,46667	4,00
31,48333	4,00
31,50000	3,99
31,51667	4,00
31,53333	4,00
31,55000	3,99
31,56667	4,00
31,58333	4,00
31,60000	3,99
31,61667	4,00
31,63333	4,00
31,65000	3,99
31,66667	4,00
31,68333	4,00
31,70000	3,99
31,71667	4,00
31,73333	4,00
31,75000	3,99
31,76667	4,00
31,78333	4,00
31,80000	3,99
31,81667	4,00
31,83333	4,00
31,85000	3,99
31,86667	4,00
31,88333	4,00
31,90000	3,99
31,91667	4,00
31,93333	4,00
31,95000	3,99
31,96667	4,00
31,98333	4,00
32,00000	3,99

[LC Status Trace(Oven Temp.)]
Interval(msec)	1000
# of Points	1921
Start Time(min)	0,000
End Time(min)	32,000
Intensity Units	C
Intensity Multiplier	1
R.Time (min)	Intensity
0,00000	49,99
0,01667	49,99
0,03333	49,99
0,05000	49,99
0,06667	49,99
0,08333	49,99
0,10000	49,99
0,11667	49,99
0,13333	49,99
0,15000	49,99
0,16667	49,99
0,18333	49,99
0,20000	49,99
0,21667	49,99
0,23333	49,99
0,25000	49,99
0,26667	49,99
0,28333	49,99
0,30000	49,99
0,31667	49,99
0,33333	49,99
0,35000	49,99
0,36667	49,99
0,38333	49,99
0,40000	49,99
0,41667	49,99
0,43333	49,99
0,45000	49,99
0,46667	49,99
0,48333	49,99
0,50000	49,99
0,51667	49,99
0,53333	49,99
0,55000	49,99
0,56667	49,99
0,58333	50,00
0,60000	50,00
0,61667	50,00
0,63333	50,00
0,65000	50,00
0,66667	50,00
0,68333	50,00
0,70000	50,00
0,71667	50,00
0,73333	50,00
0,75000	50,00
0,76667	50,00
0,78333	50,00
0,80000	50,00
0,81667	50,00
0,83333	50,00
0,85000	50,00
0,86667	50,00
0,88333	50,00
0,90000	50,00
0,91667	50,00
0,93333	50,00
0,95000	50,00
0,96667	50,00
0,98333	50,00
1,00000	50,00
1,01667	50,00
1,03333	50,00
1,05000	50,00
1,06667	50,00
1,08333	50,00
1,10000	50,00
1,11667	50,00
1,13333	50,00
1,15000	50,00
1,16667	50,00
1,18333	50,00
1,20000	50,00
1,21667	50,00
1,23333	50,00
1,25000	50,00
1,26667	50,00
1,28333	50,00
1,30000	50,00
1,31667	50,00
1,33333	50,00
1,35000	50,00
1,36667	50,00
1,38333	50,00
1,40000	50,00
1,41667	50,00
1,43333	50,00
1,45000	50,00
1,46667	50,00
1,48333	50,00
1,50000	50,00
1,51667	50,00
1,53333	50,00
1,55000	50,00
1,56667	50,00
1,58333	50,00
1,60000	50,00
1,61667	49,99
1,63333	49,99
1,65000	50,00
1,66667	50,00
1,68333	50,00
1,70000	50,00
1,71667	50,00
1,73333	50,00
1,75000	50,00
1,76667	50,00
1,78333	50,00
1,80000	50,00
1,81667	50,00
1,83333	49,99
1,85000	49,99
1,86667	49,99
1,88333	49,99
1,90000	49,99
1,91667	49,99
1,93333	49,99
1,95000	49,99
1,96667	49,99
1,98333	49,99
2,00000	49,99
2,01667	49,99
2,03333	49,99
2,05000	49,99
2,06667	49,99
2,08333	49,99
2,10000	49,99
2,11667	49,99
2,13333	49,99
2,15000	49,99
2,16667	49,99
2,18333	49,99
2,20000	49,99
2,21667	49,99
2,23333	49,99
2,25000	49,99
2,26667	49,99
2,28333	49,99
2,30000	49,99
2,31667	49,99
2,33333	49,99
2,35000	49,99
2,36667	49,99
2,38333	49,99
2,40000	49,99
2,41667	49,99
2,43333	49,99
2,45000	49,99
2,46667	49,99
2,48333	49,99
2,50000	49,99
2,51667	49,99
2,53333	49,99
2,55000	49,99
2,56667	49,99
2,58333	49,99
2,60000	50,00
2,61667	50,00
2,63333	50,00
2,65000	50,00
2,66667	50,00
2,68333	50,00
2,70000	50,00
2,71667	50,00
2,73333	50,00
2,75000	50,00
2,76667	50,00
2,78333	50,00
2,80000	50,00
2,81667	50,00
2,83333	50,00
2,85000	50,00
2,86667	50,00
2,88333	50,00
2,90000	50,00
2,91667	50,00
2,93333	50,00
2,95000	50,00
2,96667	50,00
2,98333	50,00
3,00000	50,00
3,01667	50,00
3,03333	50,00
3,05000	50,00
3,06667	50,00
3,08333	50,00
3,10000	50,00
3,11667	50,00
3,13333	50,00
3,15000	50,00
3,16667	50,00
3,18333	50,00
3,20000	50,00
3,21667	50,00
3,23333	50,00
3,25000	50,00
3,26667	49,99
3,28333	49,99
3,30000	49,99
3,31667	49,99
3,33333	49,99
3,35000	49,99
3,36667	49,99
3,38333	49,99
3,40000	49,99
3,41667	49,99
3,43333	49,99
3,45000	49,99
3,46667	49,99
3,48333	49,99
3,50000	49,99
3,51667	49,99
3,53333	49,99
3,55000	49,99
3,56667	49,99
3,58333	49,99
3,60000	49,99
3,61667	49,99
3,63333	49,99
3,65000	49,99
3,66667	49,99
3,68333	49,99
3,70000	49,99
3,71667	49,99
3,73333	49,99
3,75000	49,99
3,76667	49,99
3,78333	49,99
3,80000	50,00
3,81667	50,00
3,83333	50,00
3,85000	50,00
3,86667	50,00
3,88333	50,00
3,90000	50,00
3,91667	50,00
3,93333	50,00
3,95000	50,00
3,96667	50,00
3,98333	50,00
4,00000	50,00
4,01667	50,00
4,03333	50,00
4,05000	50,00
4,06667	50,00
4,08333	50,00
4,10000	50,00
4,11667	50,00
4,13333	49,99
4,15000	49,99
4,16667	49,99
4,18333	49,99
4,20000	49,99
4,21667	49,99
4,23333	49,99
4,25000	49,99
4,26667	49,99
4,28333	49,99
4,30000	49,99
4,31667	49,99
4,33333	50,00
4,35000	50,00
4,36667	50,00
4,38333	50,00
4,40000	50,00
4,41667	50,00
4,43333	50,00
4,45000	50,00
4,46667	50,00
4,48333	50,00
4,50000	50,00
4,51667	50,00
4,53333	50,00
4,55000	50,00
4,56667	50,00
4,58333	50,00
4,60000	50,00
4,61667	50,00
4,63333	50,00
4,65000	50,00
4,66667	50,00
4,68333	50,00
4,70000	50,00
4,71667	50,00
4,73333	50,00
4,75000	50,00
4,76667	50,00
4,78333	50,00
4,80000	50,00
4,81667	50,00
4,83333	50,00
4,85000	50,00
4,86667	50,00
4,88333	50,00
4,90000	50,00
4,91667	50,00
4,93333	50,00
4,95000	50,00
4,96667	50,00
4,98333	50,00
5,00000	50,00
5,01667	50,00
5,03333	50,00
5,05000	49,99
5,06667	49,99
5,08333	49,99
5,10000	49,99
5,11667	49,99
5,13333	49,99
5,15000	49,99
5,16667	49,99
5,18333	49,99
5,20000	49,99
5,21667	49,99
5,23333	49,99
5,25000	49,99
5,26667	49,99
5,28333	49,99
5,30000	49,99
5,31667	49,99
5,33333	49,99
5,35000	49,99
5,36667	49,99
5,38333	49,99
5,40000	49,99
5,41667	49,99
5,43333	49,99
5,45000	49,99
5,46667	49,99
5,48333	49,99
5,50000	49,99
5,51667	49,99
5,53333	50,00
5,55000	50,00
5,56667	50,00
5,58333	50,00
5,60000	50,00
5,61667	50,00
5,63333	50,00
5,65000	50,00
5,66667	50,00
5,68333	50,00
5,70000	50,00
5,71667	50,00
5,73333	50,00
5,75000	49,99
5,76667	49,99
5,78333	49,99
5,80000	49,99
5,81667	49,99
5,83333	49,99
5,85000	49,99
5,86667	49,99
5,88333	49,99
5,90000	49,99
5,91667	49,99
5,93333	49,99
5,95000	49,99
5,96667	49,99
5,98333	49,99
6,00000	49,99
6,01667	50,00
6,03333	50,00
6,05000	50,00
6,06667	50,00
6,08333	50,00
6,10000	50,00
6,11667	50,00
6,13333	50,00
6,15000	50,00
6,16667	50,00
6,18333	50,00
6,20000	50,00
6,21667	50,00
6,23333	50,00
6,25000	50,00
6,26667	50,00
6,28333	50,00
6,30000	50,00
6,31667	50,00
6,33333	50,00
6,35000	50,00
6,36667	50,00
6,38333	50,00
6,40000	50,00
6,41667	50,00
6,43333	50,00
6,45000	50,00
6,46667	50,00
6,48333	50,00
6,50000	50,00
6,51667	50,00
6,53333	50,00
6,55000	50,00
6,56667	50,00
6,58333	50,00
6,60000	50,00
6,61667	50,00
6,63333	50,00
6,65000	50,00
6,66667	50,00
6,68333	50,00
6,70000	50,00
6,71667	50,00
6,73333	50,00
6,75000	50,00
6,76667	50,00
6,78333	50,00
6,80000	50,00
6,81667	50,00
6,83333	50,00
6,85000	49,99
6,86667	49,99
6,88333	49,99
6,90000	49,99
6,91667	49,99
6,93333	49,99
6,95000	49,99
6,96667	49,99
6,98333	49,99
7,00000	49,99
7,01667	49,99
7,03333	49,99
7,05000	49,99
7,06667	49,99
7,08333	49,99
7,10000	49,99
7,11667	49,99
7,13333	49,99
7,15000	49,99
7,16667	49,99
7,18333	49,99
7,20000	49,99
7,21667	49,99
7,23333	49,99
7,25000	49,99
7,26667	49,99
7,28333	49,99
7,30000	49,99
7,31667	49,99
7,33333	49,99
7,35000	49,99
7,36667	49,99
7,38333	49,99
7,40000	49,99
7,41667	49,99
7,43333	49,99
7,45000	49,99
7,46667	49,99
7,48333	49,99
7,50000	49,99
7,51667	50,00
7,53333	50,00
7,55000	50,00
7,56667	50,00
7,58333	50,00
7,60000	50,00
7,61667	50,00
7,63333	50,00
7,65000	50,00
7,66667	50,00
7,68333	50,00
7,70000	50,00
7,71667	50,00
7,73333	50,00
7,75000	50,00
7,76667	50,00
7,78333	50,00
7,80000	50,00
7,81667	50,00
7,83333	50,00
7,85000	50,00
7,86667	50,00
7,88333	50,00
7,90000	50,00
7,91667	50,00
7,93333	50,00
7,95000	50,00
7,96667	50,00
7,98333	50,00
8,00000	50,00
8,01667	50,00
8,03333	50,00
8,05000	50,00
8,06667	50,00
8,08333	50,00
8,10000	50,00
8,11667	50,00
8,13333	50,00
8,15000	50,00
8,16667	50,00
8,18333	50,00
8,20000	50,00
8,21667	50,00
8,23333	50,00
8,25000	50,00
8,26667	50,00
8,28333	49,99
8,30000	49,99
8,31667	49,99
8,33333	49,99
8,35000	49,99
8,36667	49,99
8,38333	49,99
8,40000	50,00
8,41667	50,00
8,43333	50,00
8,45000	50,00
8,46667	50,00
8,48333	50,00
8,50000	50,00
8,51667	50,00
8,53333	50,00
8,55000	50,00
8,56667	50,00
8,58333	50,00
8,60000	50,00
8,61667	50,00
8,63333	50,00
8,65000	50,00
8,66667	50,00
8,68333	50,00
8,70000	50,00
8,71667	50,00
8,73333	50,00
8,75000	50,00
8,76667	50,00
8,78333	50,00
8,80000	50,00
8,81667	50,00
8,83333	50,00
8,85000	50,00
8,86667	50,00
8,88333	50,00
8,90000	50,00
8,91667	50,00
8,93333	50,00
8,95000	50,00
8,96667	50,00
8,98333	50,00
9,00000	50,00
9,01667	50,00
9,03333	50,00
9,05000	50,00
9,06667	50,00
9,08333	50,00
9,10000	49,99
9,11667	49,99
9,13333	49,99
9,15000	49,99
9,16667	49,99
9,18333	49,99
9,20000	49,99
9,21667	49,99
9,23333	49,99
9,25000	49,99
9,26667	49,99
9,28333	49,99
9,30000	49,99
9,31667	49,99
9,33333	49,99
9,35000	49,99
9,36667	49,99
9,38333	49,99
9,40000	49,99
9,41667	49,99
9,43333	49,99
9,45000	49,99
9,46667	49,99
9,48333	49,99
9,50000	49,99
9,51667	49,99
9,53333	49,99
9,55000	49,99
9,56667	49,99
9,58333	49,99
9,60000	49,99
9,61667	49,99
9,63333	49,99
9,65000	49,99
9,66667	49,99
9,68333	49,99
9,70000	49,99
9,71667	49,99
9,73333	49,99
9,75000	49,99
9,76667	49,99
9,78333	49,99
9,80000	49,99
9,81667	49,99
9,83333	49,99
9,85000	49,99
9,86667	49,99
9,88333	49,99
9,90000	49,99
9,91667	49,99
9,93333	49,99
9,95000	49,99
9,96667	49,99
9,98333	49,99
10,00000	49,99
10,01667	49,99
10,03333	49,99
10,05000	49,99
10,06667	49,99
10,08333	49,99
10,10000	49,99
10,11667	49,99
10,13333	49,99
10,15000	49,99
10,16667	49,99
10,18333	49,99
10,20000	49,99
10,21667	50,00
10,23333	50,00
10,25000	50,00
10,26667	50,00
10,28333	50,00
10,30000	50,00
10,31667	50,00
10,33333	50,00
10,35000	50,00
10,36667	50,00
10,38333	50,00
10,40000	50,00
10,41667	50,00
10,43333	50,00
10,45000	50,00
10,46667	50,00
10,48333	50,00
10,50000	50,00
10,51667	50,00
10,53333	50,00
10,55000	50,00
10,56667	50,00
10,58333	50,00
10,60000	50,00
10,61667	50,00
10,63333	50,00
10,65000	50,00
10,66667	50,00
10,68333	50,00
10,70000	50,00
10,71667	50,00
10,73333	50,00
10,75000	50,00
10,76667	50,00
10,78333	50,00
10,80000	50,00
10,81667	50,00
10,83333	50,00
10,85000	50,00
10,86667	50,00
10,88333	50,00
10,90000	50,00
10,91667	50,00
10,93333	50,00
10,95000	50,00
10,96667	50,00
10,98333	50,00
11,00000	50,00
11,01667	49,99
11,03333	49,99
11,05000	49,99
11,06667	49,99
11,08333	49,99
11,10000	49,99
11,11667	49,99
11,13333	49,99
11,15000	49,99
11,16667	49,99
11,18333	49,99
11,20000	50,00
11,21667	50,00
11,23333	50,00
11,25000	50,00
11,26667	50,00
11,28333	50,00
11,30000	50,00
11,31667	50,00
11,33333	50,00
11,35000	50,00
11,36667	50,00
11,38333	50,00
11,40000	50,00
11,41667	50,00
11,43333	50,00
11,45000	50,00
11,46667	50,00
11,48333	50,00
11,50000	50,00
11,51667	50,00
11,53333	50,00
11,55000	50,00
11,56667	50,00
11,58333	50,00
11,60000	50,00
11,61667	50,00
11,63333	50,00
11,65000	50,00
11,66667	50,00
11,68333	50,00
11,70000	50,00
11,71667	50,00
11,73333	50,00
11,75000	50,00
11,76667	50,00
11,78333	50,00
11,80000	50,00
11,81667	50,00
11,83333	50,00
11,85000	50,00
11,86667	50,00
11,88333	50,00
11,90000	50,00
11,91667	49,99
11,93333	49,99
11,95000	49,99
11,96667	49,99
11,98333	49,99
12,00000	49,99
12,01667	49,99
12,03333	49,99
12,05000	49,99
12,06667	49,99
12,08333	49,99
12,10000	49,99
12,11667	49,99
12,13333	49,99
12,15000	49,99
12,16667	49,99
12,18333	49,99
12,20000	49,99
12,21667	49,99
12,23333	49,99
12,25000	49,99
12,26667	49,99
12,28333	49,99
12,30000	49,99
12,31667	49,99
12,33333	49,99
12,35000	49,99
12,36667	49,99
12,38333	49,99
12,40000	49,99
12,41667	49,99
12,43333	49,99
12,45000	49,99
12,46667	49,99
12,48333	49,99
12,50000	49,99
12,51667	49,99
12,53333	49,99
12,55000	49,99
12,56667	49,99
12,58333	49,99
12,60000	49,99
12,61667	49,99
12,63333	49,99
12,65000	49,99
12,66667	49,99
12,68333	49,99
12,70000	49,99
12,71667	49,99
12,73333	49,99
12,75000	49,99
12,76667	49,99
12,78333	49,99
12,80000	49,99
12,81667	49,99
12,83333	49,99
12,85000	49,99
12,86667	49,99
12,88333	49,99
12,90000	49,99
12,91667	49,99
12,93333	49,99
12,95000	49,99
12,96667	49,99
12,98333	49,99
13,00000	49,99
13,01667	49,99
13,03333	49,99
13,05000	49,99
13,06667	49,99
13,08333	49,99
13,10000	49,99
13,11667	49,99
13,13333	49,99
13,15000	49,99
13,16667	49,99
13,18333	49,99
13,20000	49,99
13,21667	49,99
13,23333	49,99
13,25000	49,99
13,26667	49,99
13,28333	49,99
13,30000	49,99
13,31667	49,99
13,33333	49,99
13,35000	49,99
13,36667	49,99
13,38333	49,99
13,40000	49,99
13,41667	49,99
13,43333	49,99
13,45000	49,99
13,46667	49,99
13,48333	49,99
13,50000	49,99
13,51667	49,99
13,53333	49,99
13,55000	49,99
13,56667	49,99
13,58333	49,99
13,60000	49,99
13,61667	49,99
13,63333	49,99
13,65000	49,99
13,66667	49,99
13,68333	49,99
13,70000	49,99
13,71667	49,99
13,73333	49,99
13,75000	49,99
13,76667	50,00
13,78333	50,00
13,80000	50,00
13,81667	50,00
13,83333	50,00
13,85000	50,00
13,86667	50,00
13,88333	50,00
13,90000	50,00
13,91667	50,00
13,93333	50,00
13,95000	50,00
13,96667	50,00
13,98333	50,00
14,00000	50,00
14,01667	50,00
14,03333	50,00
14,05000	50,00
14,06667	50,00
14,08333	50,00
14,10000	50,00
14,11667	50,00
14,13333	50,00
14,15000	50,00
14,16667	50,00
14,18333	50,00
14,20000	50,00
14,21667	50,00
14,23333	50,00
14,25000	50,00
14,26667	50,00
14,28333	50,00
14,30000	50,00
14,31667	50,00
14,33333	50,00
14,35000	50,00
14,36667	50,00
14,38333	50,00
14,40000	49,99
14,41667	49,99
14,43333	49,99
14,45000	49,99
14,46667	49,99
14,48333	49,99
14,50000	49,99
14,51667	49,99
14,53333	49,99
14,55000	49,99
14,56667	49,99
14,58333	49,99
14,60000	49,99
14,61667	49,99
14,63333	49,99
14,65000	49,99
14,66667	49,99
14,68333	49,99
14,70000	49,99
14,71667	49,99
14,73333	49,99
14,75000	49,99
14,76667	49,99
14,78333	49,99
14,80000	49,99
14,81667	49,99
14,83333	49,99
14,85000	49,99
14,86667	49,99
14,88333	49,99
14,90000	49,99
14,91667	49,99
14,93333	49,99
14,95000	49,99
14,96667	49,99
14,98333	49,99
15,00000	49,99
15,01667	49,99
15,03333	49,99
15,05000	49,99
15,06667	49,99
15,08333	49,99
15,10000	49,99
15,11667	49,99
15,13333	49,99
15,15000	50,00
15,16667	50,00
15,18333	50,00
15,20000	50,00
15,21667	50,00
15,23333	50,00
15,25000	50,00
15,26667	50,00
15,28333	50,00
15,30000	50,00
15,31667	49,99
15,33333	49,99
15,35000	49,99
15,36667	49,99
15,38333	49,99
15,40000	49,99
15,41667	49,99
15,43333	50,00
15,45000	50,00
15,46667	50,00
15,48333	50,00
15,50000	50,00
15,51667	50,00
15,53333	50,00
15,55000	50,00
15,56667	50,00
15,58333	50,00
15,60000	50,00
15,61667	50,00
15,63333	50,00
15,65000	50,00
15,66667	50,00
15,68333	50,00
15,70000	50,00
15,71667	50,00
15,73333	50,00
15,75000	50,00
15,76667	50,00
15,78333	50,00
15,80000	50,00
15,81667	50,00
15,83333	50,00
15,85000	50,00
15,86667	50,00
15,88333	50,00
15,90000	50,00
15,91667	50,00
15,93333	50,00
15,95000	50,00
15,96667	50,00
15,98333	50,00
16,00000	50,00
16,01667	50,00
16,03333	50,00
16,05000	50,00
16,06667	50,00
16,08333	50,00
16,10000	50,00
16,11667	50,00
16,13333	50,00
16,15000	50,00
16,16667	50,00
16,18333	50,00
16,20000	50,00
16,21667	50,00
16,23333	50,00
16,25000	50,00
16,26667	50,00
16,28333	50,00
16,30000	50,00
16,31667	50,00
16,33333	50,00
16,35000	50,00
16,36667	50,00
16,38333	50,00
16,40000	50,00
16,41667	50,00
16,43333	50,00
16,45000	50,00
16,46667	49,99
16,48333	49,99
16,50000	49,99
16,51667	49,99
16,53333	49,99
16,55000	49,99
16,56667	49,99
16,58333	49,99
16,60000	49,99
16,61667	49,99
16,63333	49,99
16,65000	49,99
16,66667	49,99
16,68333	49,99
16,70000	49,99
16,71667	50,00
16,73333	50,00
16,75000	50,00
16,76667	50,00
16,78333	50,00
16,80000	50,00
16,81667	50,00
16,83333	50,00
16,85000	50,00
16,86667	49,99
16,88333	49,99
16,90000	49,99
16,91667	49,99
16,93333	49,99
16,95000	49,99
16,96667	50,00
16,98333	50,00
17,00000	50,00
17,01667	50,00
17,03333	50,00
17,05000	49,99
17,06667	49,99
17,08333	49,99
17,10000	49,99
17,11667	49,99
17,13333	49,99
17,15000	49,99
17,16667	50,00
17,18333	50,00
17,20000	50,00
17,21667	49,99
17,23333	49,99
17,25000	49,99
17,26667	49,99
17,28333	49,99
17,30000	49,99
17,31667	49,99
17,33333	49,99
17,35000	49,99
17,36667	49,99
17,38333	49,99
17,40000	49,99
17,41667	49,99
17,43333	49,99
17,45000	49,99
17,46667	49,99
17,48333	49,99
17,50000	49,99
17,51667	49,99
17,53333	49,99
17,55000	49,99
17,56667	49,99
17,58333	50,00
17,60000	50,00
17,61667	50,00
17,63333	50,00
17,65000	50,00
17,66667	50,00
17,68333	50,00
17,70000	50,00
17,71667	50,00
17,73333	50,00
17,75000	50,00
17,76667	50,00
17,78333	50,00
17,80000	50,00
17,81667	50,00
17,83333	50,00
17,85000	50,00
17,86667	50,00
17,88333	50,00
17,90000	50,00
17,91667	50,00
17,93333	50,00
17,95000	50,00
17,96667	50,00
17,98333	50,00
18,00000	50,00
18,01667	50,00
18,03333	50,00
18,05000	49,99
18,06667	49,99
18,08333	49,99
18,10000	49,99
18,11667	49,99
18,13333	49,99
18,15000	49,99
18,16667	49,99
18,18333	49,99
18,20000	49,99
18,21667	49,99
18,23333	50,00
18,25000	50,00
18,26667	50,00
18,28333	50,00
18,30000	50,00
18,31667	50,00
18,33333	50,00
18,35000	50,00
18,36667	50,00
18,38333	50,00
18,40000	50,00
18,41667	50,00
18,43333	50,00
18,45000	50,00
18,46667	50,00
18,48333	50,00
18,50000	50,00
18,51667	50,00
18,53333	50,00
18,55000	50,00
18,56667	50,00
18,58333	50,00
18,60000	50,00
18,61667	50,00
18,63333	50,00
18,65000	50,00
18,66667	50,00
18,68333	50,00
18,70000	50,00
18,71667	50,00
18,73333	50,00
18,75000	50,00
18,76667	50,00
18,78333	50,00
18,80000	50,00
18,81667	50,00
18,83333	50,00
18,85000	50,00
18,86667	50,00
18,88333	50,00
18,90000	50,00
18,91667	50,00
18,93333	50,00
18,95000	50,00
18,96667	50,00
18,98333	50,00
19,00000	50,00
19,01667	50,00
19,03333	50,00
19,05000	50,00
19,06667	50,00
19,08333	50,00
19,10000	50,00
19,11667	50,00
19,13333	50,00
19,15000	50,00
19,16667	50,00
19,18333	50,00
19,20000	50,00
19,21667	50,00
19,23333	50,00
19,25000	50,00
19,26667	50,00
19,28333	49,99
19,30000	49,99
19,31667	49,99
19,33333	49,99
19,35000	49,99
19,36667	49,99
19,38333	49,99
19,40000	49,99
19,41667	49,99
19,43333	49,99
19,45000	49,99
19,46667	49,99
19,48333	49,99
19,50000	49,99
19,51667	49,99
19,53333	49,99
19,55000	49,99
19,56667	49,99
19,58333	49,99
19,60000	49,99
19,61667	49,99
19,63333	49,99
19,65000	49,99
19,66667	49,99
19,68333	49,99
19,70000	49,99
19,71667	49,99
19,73333	49,99
19,75000	49,99
19,76667	49,99
19,78333	49,99
19,80000	49,99
19,81667	49,99
19,83333	49,99
19,85000	50,00
19,86667	50,00
19,88333	50,00
19,90000	50,00
19,91667	50,00
19,93333	50,00
19,95000	50,00
19,96667	50,00
19,98333	50,00
20,00000	50,00
20,01667	50,00
20,03333	50,00
20,05000	50,00
20,06667	50,00
20,08333	50,00
20,10000	50,00
20,11667	50,00
20,13333	50,00
20,15000	50,00
20,16667	50,00
20,18333	50,00
20,20000	50,00
20,21667	50,00
20,23333	50,00
20,25000	50,00
20,26667	50,00
20,28333	50,00
20,30000	50,00
20,31667	50,00
20,33333	50,00
20,35000	50,00
20,36667	50,00
20,38333	50,00
20,40000	50,00
20,41667	50,00
20,43333	50,00
20,45000	50,00
20,46667	50,00
20,48333	50,00
20,50000	50,00
20,51667	50,00
20,53333	50,00
20,55000	50,00
20,56667	50,00
20,58333	50,00
20,60000	50,00
20,61667	50,00
20,63333	50,00
20,65000	50,00
20,66667	49,99
20,68333	49,99
20,70000	49,99
20,71667	49,99
20,73333	49,99
20,75000	49,99
20,76667	49,99
20,78333	49,99
20,80000	49,99
20,81667	49,99
20,83333	49,99
20,85000	49,99
20,86667	49,99
20,88333	49,99
20,90000	49,99
20,91667	49,99
20,93333	49,99
20,95000	49,99
20,96667	49,99
20,98333	49,99
21,00000	49,99
21,01667	49,99
21,03333	49,99
21,05000	49,99
21,06667	49,99
21,08333	49,99
21,10000	49,99
21,11667	49,99
21,13333	49,99
21,15000	49,99
21,16667	49,99
21,18333	49,99
21,20000	50,00
21,21667	50,00
21,23333	50,00
21,25000	50,00
21,26667	50,00
21,28333	49,99
21,30000	50,00
21,31667	50,00
21,33333	49,99
21,35000	49,99
21,36667	49,99
21,38333	49,99
21,40000	49,99
21,41667	49,99
21,43333	49,99
21,45000	49,99
21,46667	49,99
21,48333	49,99
21,50000	49,99
21,51667	50,00
21,53333	49,99
21,55000	49,99
21,56667	50,00
21,58333	50,00
21,60000	50,00
21,61667	50,00
21,63333	50,00
21,65000	50,00
21,66667	50,00
21,68333	50,00
21,70000	50,00
21,71667	50,00
21,73333	50,00
21,75000	50,00
21,76667	50,00
21,78333	50,00
21,80000	50,00
21,81667	50,00
21,83333	50,00
21,85000	50,00
21,86667	50,00
21,88333	50,00
21,90000	50,00
21,91667	49,99
21,93333	49,99
21,95000	49,99
21,96667	50,00
21,98333	50,00
22,00000	50,00
22,01667	50,00
22,03333	50,00
22,05000	50,00
22,06667	50,00
22,08333	50,00
22,10000	50,00
22,11667	50,00
22,13333	50,00
22,15000	50,00
22,16667	50,00
22,18333	50,00
22,20000	50,00
22,21667	50,00
22,23333	50,00
22,25000	50,00
22,26667	50,00
22,28333	50,00
22,30000	50,00
22,31667	50,00
22,33333	50,00
22,35000	50,00
22,36667	50,00
22,38333	50,00
22,40000	50,00
22,41667	50,00
22,43333	50,00
22,45000	50,00
22,46667	50,00
22,48333	50,00
22,50000	50,00
22,51667	50,00
22,53333	50,00
22,55000	50,00
22,56667	50,00
22,58333	50,00
22,60000	50,00
22,61667	50,00
22,63333	50,00
22,65000	50,00
22,66667	50,00
22,68333	50,00
22,70000	50,00
22,71667	50,00
22,73333	50,00
22,75000	50,00
22,76667	50,00
22,78333	50,00
22,80000	50,00
22,81667	50,00
22,83333	50,00
22,85000	50,00
22,86667	50,00
22,88333	50,00
22,90000	50,00
22,91667	50,00
22,93333	50,00
22,95000	50,00
22,96667	50,00
22,98333	50,00
23,00000	50,00
23,01667	50,00
23,03333	50,00
23,05000	50,00
23,06667	50,00
23,08333	50,00
23,10000	50,00
23,11667	50,00
23,13333	50,00
23,15000	50,00
23,16667	50,00
23,18333	50,00
23,20000	50,00
23,21667	50,00
23,23333	50,00
23,25000	50,00
23,26667	50,00
23,28333	50,00
23,30000	50,00
23,31667	50,00
23,33333	50,00
23,35000	50,00
23,36667	50,00
23,38333	50,00
23,40000	50,00
23,41667	50,00
23,43333	50,00
23,45000	50,00
23,46667	50,00
23,48333	50,00
23,50000	49,99
23,51667	49,99
23,53333	49,99
23,55000	49,99
23,56667	49,99
23,58333	49,99
23,60000	49,99
23,61667	49,99
23,63333	49,99
23,65000	49,99
23,66667	49,99
23,68333	49,99
23,70000	49,99
23,71667	49,99
23,73333	49,99
23,75000	49,99
23,76667	49,99
23,78333	49,99
23,80000	49,99
23,81667	49,99
23,83333	49,99
23,85000	49,99
23,86667	49,99
23,88333	49,99
23,90000	49,99
23,91667	49,99
23,93333	49,99
23,95000	49,99
23,96667	49,99
23,98333	49,99
24,00000	49,99
24,01667	49,99
24,03333	49,99
24,05000	49,99
24,06667	49,99
24,08333	49,99
24,10000	49,99
24,11667	49,99
24,13333	49,99
24,15000	49,99
24,16667	49,99
24,18333	49,99
24,20000	49,99
24,21667	49,99
24,23333	49,99
24,25000	49,99
24,26667	49,99
24,28333	50,00
24,30000	50,00
24,31667	50,00
24,33333	50,00
24,35000	50,00
24,36667	50,00
24,38333	50,00
24,40000	50,00
24,41667	50,00
24,43333	50,00
24,45000	50,00
24,46667	50,00
24,48333	50,00
24,50000	50,00
24,51667	50,00
24,53333	50,00
24,55000	50,00
24,56667	50,00
24,58333	50,00
24,60000	50,00
24,61667	50,00
24,63333	50,00
24,65000	50,00
24,66667	50,00
24,68333	50,00
24,70000	50,00
24,71667	50,00
24,73333	50,00
24,75000	50,00
24,76667	50,00
24,78333	50,00
24,80000	50,00
24,81667	50,00
24,83333	50,00
24,85000	50,00
24,86667	50,00
24,88333	50,00
24,90000	50,00
24,91667	50,00
24,93333	50,00
24,95000	50,00
24,96667	50,00
24,98333	50,00
25,00000	50,00
25,01667	50,00
25,03333	50,00
25,05000	50,00
25,06667	50,00
25,08333	50,00
25,10000	50,00
25,11667	50,00
25,13333	50,00
25,15000	50,00
25,16667	50,00
25,18333	50,00
25,20000	50,00
25,21667	50,00
25,23333	50,00
25,25000	50,00
25,26667	50,00
25,28333	50,00
25,30000	50,00
25,31667	50,00
25,33333	50,00
25,35000	50,00
25,36667	50,00
25,38333	50,00
25,40000	50,00
25,41667	50,00
25,43333	50,00
25,45000	50,00
25,46667	50,00
25,48333	50,00
25,50000	50,00
25,51667	49,99
25,53333	49,99
25,55000	49,99
25,56667	49,99
25,58333	49,99
25,60000	49,99
25,61667	49,99
25,63333	49,99
25,65000	49,99
25,66667	49,99
25,68333	49,99
25,70000	49,99
25,71667	49,99
25,73333	49,99
25,75000	49,99
25,76667	49,99
25,78333	49,99
25,80000	49,99
25,81667	49,99
25,83333	49,99
25,85000	49,99
25,86667	49,99
25,88333	49,99
25,90000	49,99
25,91667	49,99
25,93333	49,99
25,95000	49,99
25,96667	49,99
25,98333	49,99
26,00000	49,99
26,01667	49,99
26,03333	49,99
26,05000	49,99
26,06667	49,99
26,08333	49,99
26,10000	49,99
26,11667	49,99
26,13333	49,99
26,15000	49,99
26,16667	49,99
26,18333	49,99
26,20000	49,99
26,21667	49,99
26,23333	49,99
26,25000	49,99
26,26667	49,99
26,28333	49,99
26,30000	49,99
26,31667	49,99
26,33333	49,99
26,35000	49,99
26,36667	49,99
26,38333	49,99
26,40000	49,99
26,41667	49,99
26,43333	49,99
26,45000	49,99
26,46667	49,99
26,48333	49,99
26,50000	49,99
26,51667	49,99
26,53333	49,99
26,55000	49,99
26,56667	49,99
26,58333	49,99
26,60000	49,99
26,61667	49,99
26,63333	49,99
26,65000	49,99
26,66667	49,99
26,68333	49,99
26,70000	49,99
26,71667	49,99
26,73333	49,99
26,75000	49,99
26,76667	49,99
26,78333	49,99
26,80000	49,99
26,81667	49,99
26,83333	49,99
26,85000	49,99
26,86667	49,99
26,88333	49,99
26,90000	49,99
26,91667	49,99
26,93333	50,00
26,95000	50,00
26,96667	49,99
26,98333	49,99
27,00000	49,99
27,01667	49,99
27,03333	49,99
27,05000	49,99
27,06667	49,99
27,08333	49,99
27,10000	49,99
27,11667	49,99
27,13333	49,99
27,15000	49,99
27,16667	49,99
27,18333	49,99
27,20000	49,99
27,21667	49,99
27,23333	49,99
27,25000	49,99
27,26667	49,99
27,28333	49,99
27,30000	49,99
27,31667	49,99
27,33333	49,99
27,35000	49,99
27,36667	49,99
27,38333	49,99
27,40000	49,99
27,41667	49,99
27,43333	49,99
27,45000	49,99
27,46667	49,99
27,48333	49,99
27,50000	49,99
27,51667	49,99
27,53333	49,99
27,55000	49,99
27,56667	49,99
27,58333	49,99
27,60000	49,99
27,61667	49,99
27,63333	49,99
27,65000	49,99
27,66667	49,99
27,68333	49,99
27,70000	49,99
27,71667	49,99
27,73333	49,99
27,75000	49,99
27,76667	49,99
27,78333	49,99
27,80000	49,99
27,81667	49,99
27,83333	49,99
27,85000	49,99
27,86667	49,99
27,88333	49,99
27,90000	49,99
27,91667	49,99
27,93333	49,99
27,95000	49,99
27,96667	49,99
27,98333	49,99
28,00000	49,99
28,01667	49,99
28,03333	49,99
28,05000	49,99
28,06667	49,99
28,08333	49,99
28,10000	49,99
28,11667	49,99
28,13333	49,99
28,15000	49,99
28,16667	49,99
28,18333	49,99
28,20000	49,99
28,21667	49,99
28,23333	49,99
28,25000	49,99
28,26667	49,99
28,28333	49,99
28,30000	49,99
28,31667	49,99
28,33333	49,99
28,35000	49,99
28,36667	49,99
28,38333	49,99
28,40000	49,99
28,41667	49,99
28,43333	49,99
28,45000	49,99
28,46667	49,99
28,48333	49,99
28,50000	49,99
28,51667	49,99
28,53333	49,99
28,55000	49,99
28,56667	49,99
28,58333	49,99
28,60000	49,99
28,61667	49,99
28,63333	49,99
28,65000	49,99
28,66667	49,99
28,68333	49,99
28,70000	49,99
28,71667	49,99
28,73333	49,99
28,75000	49,99
28,76667	49,99
28,78333	49,99
28,80000	49,99
28,81667	49,99
28,83333	49,99
28,85000	49,99
28,86667	49,99
28,88333	49,99
28,90000	49,99
28,91667	49,99
28,93333	49,99
28,95000	49,99
28,96667	49,99
28,98333	49,99
29,00000	49,99
29,01667	49,99
29,03333	49,99
29,05000	49,99
29,06667	49,99
29,08333	49,99
29,10000	49,99
29,11667	49,99
29,13333	49,99
29,15000	49,99
29,16667	49,99
29,18333	49,99
29,20000	49,99
29,21667	49,99
29,23333	49,99
29,25000	49,99
29,26667	49,99
29,28333	49,99
29,30000	49,99
29,31667	49,99
29,33333	49,99
29,35000	49,99
29,36667	49,99
29,38333	49,99
29,40000	49,99
29,41667	49,99
29,43333	49,99
29,45000	49,99
29,46667	49,99
29,48333	49,99
29,50000	49,99
29,51667	49,99
29,53333	49,99
29,55000	49,99
29,56667	49,99
29,58333	49,99
29,60000	49,99
29,61667	49,99
29,63333	49,99
29,65000	49,99
29,66667	49,99
29,68333	49,99
29,70000	49,99
29,71667	49,99
29,73333	49,99
29,75000	49,99
29,76667	49,99
29,78333	49,99
29,80000	49,99
29,81667	49,99
29,83333	49,99
29,85000	49,99
29,86667	49,99
29,88333	49,99
29,90000	49,99
29,91667	49,99
29,93333	49,99
29,95000	49,99
29,96667	49,99
29,98333	49,99
30,00000	49,99
30,01667	49,99
30,03333	49,99
30,05000	49,99
30,06667	49,99
30,08333	49,99
30,10000	50,00
30,11667	50,00
30,13333	50,00
30,15000	50,00
30,16667	50,00
30,18333	50,00
30,20000	50,00
30,21667	50,00
30,23333	50,00
30,25000	50,00
30,26667	50,00
30,28333	50,00
30,30000	50,00
30,31667	50,00
30,33333	50,00
30,35000	50,00
30,36667	50,00
30,38333	50,00
30,40000	50,00
30,41667	50,00
30,43333	50,00
30,45000	50,00
30,46667	50,00
30,48333	50,00
30,50000	50,00
30,51667	50,00
30,53333	50,00
30,55000	50,00
30,56667	50,00
30,58333	50,00
30,60000	50,00
30,61667	50,00
30,63333	50,00
30,65000	50,00
30,66667	50,00
30,68333	50,00
30,70000	50,00
30,71667	50,00
30,73333	50,00
30,75000	50,00
30,76667	50,00
30,78333	50,00
30,80000	50,00
30,81667	50,00
30,83333	50,00
30,85000	50,00
30,86667	50,00
30,88333	50,00
30,90000	50,00
30,91667	50,00
30,93333	50,00
30,95000	50,00
30,96667	50,00
30,98333	50,00
31,00000	50,00
31,01667	50,00
31,03333	50,00
31,05000	50,00
31,06667	50,00
31,08333	50,00
31,10000	50,00
31,11667	50,00
31,13333	50,00
31,15000	50,00
31,16667	50,00
31,18333	50,00
31,20000	50,00
31,21667	50,00
31,23333	50,00
31,25000	50,00
31,26667	50,00
31,28333	50,00
31,30000	50,00
31,31667	50,00
31,33333	50,00
31,35000	50,00
31,36667	50,00
31,38333	50,00
31,40000	50,00
31,41667	50,00
31,43333	50,00
31,45000	50,00
31,46667	50,00
31,48333	50,00
31,50000	50,00
31,51667	50,00
31,53333	50,00
31,55000	50,00
31,56667	50,00
31,58333	50,00
31,60000	50,00
31,61667	50,00
31,63333	50,00
31,65000	50,00
31,66667	50,00
31,68333	50,00
31,70000	50,00
31,71667	50,00
31,73333	50,00
31,75000	50,00
31,76667	50,00
31,78333	50,00
31,80000	50,00
31,81667	50,00
31,83333	50,00
31,85000	50,00
31,86667	50,00
31,88333	50,00
31,90000	50,00
31,91667	50,00
31,93333	50,00
31,95000	50,00
31,96667	50,00
31,98333	50,00
32,00000	50,00

[LC Status Trace(Room Temp.)]
Interval(msec)	1000
# of Points	1921
Start Time(min)	0,000
End Time(min)	32,000
Intensity Units	C
Intensity Multiplier	1
R.Time (min)	Intensity
0,00000	29,71
0,01667	29,71
0,03333	29,71
0,05000	29,71
0,06667	29,71
0,08333	29,71
0,10000	29,71
0,11667	29,71
0,13333	29,70
0,15000	29,70
0,16667	29,70
0,18333	29,70
0,20000	29,70
0,21667	29,70
0,23333	29,70
0,25000	29,71
0,26667	29,71
0,28333	29,71
0,30000	29,71
0,31667	29,70
0,33333	29,70
0,35000	29,70
0,36667	29,70
0,38333	29,70
0,40000	29,69
0,41667	29,69
0,43333	29,68
0,45000	29,68
0,46667	29,68
0,48333	29,68
0,50000	29,68
0,51667	29,68
0,53333	29,68
0,55000	29,69
0,56667	29,69
0,58333	29,69
0,60000	29,69
0,61667	29,69
0,63333	29,68
0,65000	29,68
0,66667	29,68
0,68333	29,68
0,70000	29,68
0,71667	29,67
0,73333	29,67
0,75000	29,67
0,76667	29,67
0,78333	29,67
0,80000	29,67
0,81667	29,67
0,83333	29,67
0,85000	29,67
0,86667	29,67
0,88333	29,67
0,90000	29,66
0,91667	29,66
0,93333	29,66
0,95000	29,66
0,96667	29,66
0,98333	29,65
1,00000	29,65
1,01667	29,65
1,03333	29,65
1,05000	29,64
1,06667	29,64
1,08333	29,64
1,10000	29,64
1,11667	29,64
1,13333	29,64
1,15000	29,64
1,16667	29,65
1,18333	29,65
1,20000	29,65
1,21667	29,65
1,23333	29,65
1,25000	29,65
1,26667	29,65
1,28333	29,66
1,30000	29,66
1,31667	29,66
1,33333	29,66
1,35000	29,66
1,36667	29,66
1,38333	29,66
1,40000	29,66
1,41667	29,66
1,43333	29,67
1,45000	29,67
1,46667	29,67
1,48333	29,67
1,50000	29,67
1,51667	29,68
1,53333	29,68
1,55000	29,68
1,56667	29,68
1,58333	29,68
1,60000	29,68
1,61667	29,68
1,63333	29,68
1,65000	29,68
1,66667	29,68
1,68333	29,68
1,70000	29,68
1,71667	29,68
1,73333	29,68
1,75000	29,68
1,76667	29,68
1,78333	29,68
1,80000	29,68
1,81667	29,68
1,83333	29,68
1,85000	29,68
1,86667	29,68
1,88333	29,68
1,90000	29,68
1,91667	29,68
1,93333	29,68
1,95000	29,68
1,96667	29,68
1,98333	29,68
2,00000	29,68
2,01667	29,68
2,03333	29,68
2,05000	29,68
2,06667	29,68
2,08333	29,68
2,10000	29,68
2,11667	29,68
2,13333	29,68
2,15000	29,67
2,16667	29,67
2,18333	29,67
2,20000	29,67
2,21667	29,67
2,23333	29,67
2,25000	29,67
2,26667	29,67
2,28333	29,67
2,30000	29,67
2,31667	29,67
2,33333	29,67
2,35000	29,67
2,36667	29,67
2,38333	29,67
2,40000	29,67
2,41667	29,67
2,43333	29,67
2,45000	29,67
2,46667	29,67
2,48333	29,67
2,50000	29,67
2,51667	29,67
2,53333	29,67
2,55000	29,67
2,56667	29,67
2,58333	29,67
2,60000	29,67
2,61667	29,67
2,63333	29,67
2,65000	29,67
2,66667	29,67
2,68333	29,67
2,70000	29,67
2,71667	29,67
2,73333	29,67
2,75000	29,67
2,76667	29,68
2,78333	29,68
2,80000	29,67
2,81667	29,67
2,83333	29,67
2,85000	29,66
2,86667	29,66
2,88333	29,66
2,90000	29,66
2,91667	29,67
2,93333	29,67
2,95000	29,67
2,96667	29,67
2,98333	29,67
3,00000	29,68
3,01667	29,68
3,03333	29,67
3,05000	29,67
3,06667	29,67
3,08333	29,66
3,10000	29,65
3,11667	29,65
3,13333	29,64
3,15000	29,64
3,16667	29,63
3,18333	29,63
3,20000	29,62
3,21667	29,62
3,23333	29,62
3,25000	29,61
3,26667	29,61
3,28333	29,61
3,30000	29,61
3,31667	29,60
3,33333	29,60
3,35000	29,60
3,36667	29,59
3,38333	29,59
3,40000	29,59
3,41667	29,59
3,43333	29,59
3,45000	29,59
3,46667	29,59
3,48333	29,60
3,50000	29,60
3,51667	29,60
3,53333	29,60
3,55000	29,61
3,56667	29,61
3,58333	29,61
3,60000	29,61
3,61667	29,61
3,63333	29,61
3,65000	29,61
3,66667	29,61
3,68333	29,61
3,70000	29,61
3,71667	29,61
3,73333	29,61
3,75000	29,61
3,76667	29,61
3,78333	29,61
3,80000	29,61
3,81667	29,62
3,83333	29,62
3,85000	29,62
3,86667	29,62
3,88333	29,62
3,90000	29,62
3,91667	29,62
3,93333	29,62
3,95000	29,62
3,96667	29,62
3,98333	29,62
4,00000	29,62
4,01667	29,62
4,03333	29,62
4,05000	29,62
4,06667	29,63
4,08333	29,63
4,10000	29,63
4,11667	29,63
4,13333	29,63
4,15000	29,64
4,16667	29,64
4,18333	29,64
4,20000	29,64
4,21667	29,64
4,23333	29,64
4,25000	29,64
4,26667	29,64
4,28333	29,64
4,30000	29,64
4,31667	29,64
4,33333	29,64
4,35000	29,65
4,36667	29,64
4,38333	29,64
4,40000	29,65
4,41667	29,65
4,43333	29,65
4,45000	29,65
4,46667	29,65
4,48333	29,65
4,50000	29,65
4,51667	29,65
4,53333	29,65
4,55000	29,65
4,56667	29,65
4,58333	29,65
4,60000	29,65
4,61667	29,65
4,63333	29,64
4,65000	29,64
4,66667	29,64
4,68333	29,64
4,70000	29,64
4,71667	29,64
4,73333	29,64
4,75000	29,64
4,76667	29,64
4,78333	29,64
4,80000	29,65
4,81667	29,65
4,83333	29,65
4,85000	29,65
4,86667	29,66
4,88333	29,66
4,90000	29,66
4,91667	29,66
4,93333	29,66
4,95000	29,67
4,96667	29,67
4,98333	29,67
5,00000	29,67
5,01667	29,67
5,03333	29,68
5,05000	29,68
5,06667	29,68
5,08333	29,68
5,10000	29,68
5,11667	29,67
5,13333	29,67
5,15000	29,67
5,16667	29,67
5,18333	29,67
5,20000	29,67
5,21667	29,68
5,23333	29,68
5,25000	29,68
5,26667	29,68
5,28333	29,68
5,30000	29,68
5,31667	29,68
5,33333	29,68
5,35000	29,69
5,36667	29,69
5,38333	29,69
5,40000	29,69
5,41667	29,69
5,43333	29,69
5,45000	29,69
5,46667	29,69
5,48333	29,69
5,50000	29,69
5,51667	29,69
5,53333	29,70
5,55000	29,70
5,56667	29,70
5,58333	29,70
5,60000	29,70
5,61667	29,70
5,63333	29,70
5,65000	29,70
5,66667	29,70
5,68333	29,70
5,70000	29,70
5,71667	29,70
5,73333	29,70
5,75000	29,70
5,76667	29,70
5,78333	29,70
5,80000	29,70
5,81667	29,70
5,83333	29,70
5,85000	29,70
5,86667	29,70
5,88333	29,70
5,90000	29,70
5,91667	29,70
5,93333	29,70
5,95000	29,70
5,96667	29,71
5,98333	29,71
6,00000	29,71
6,01667	29,71
6,03333	29,71
6,05000	29,71
6,06667	29,71
6,08333	29,71
6,10000	29,71
6,11667	29,71
6,13333	29,71
6,15000	29,71
6,16667	29,70
6,18333	29,70
6,20000	29,70
6,21667	29,70
6,23333	29,70
6,25000	29,70
6,26667	29,70
6,28333	29,70
6,30000	29,69
6,31667	29,69
6,33333	29,68
6,35000	29,68
6,36667	29,68
6,38333	29,67
6,40000	29,67
6,41667	29,67
6,43333	29,67
6,45000	29,67
6,46667	29,67
6,48333	29,67
6,50000	29,67
6,51667	29,67
6,53333	29,67
6,55000	29,67
6,56667	29,67
6,58333	29,67
6,60000	29,68
6,61667	29,68
6,63333	29,68
6,65000	29,69
6,66667	29,69
6,68333	29,69
6,70000	29,70
6,71667	29,70
6,73333	29,70
6,75000	29,70
6,76667	29,70
6,78333	29,71
6,80000	29,71
6,81667	29,71
6,83333	29,71
6,85000	29,71
6,86667	29,71
6,88333	29,71
6,90000	29,71
6,91667	29,71
6,93333	29,71
6,95000	29,70
6,96667	29,70
6,98333	29,70
7,00000	29,70
7,01667	29,70
7,03333	29,70
7,05000	29,70
7,06667	29,70
7,08333	29,70
7,10000	29,69
7,11667	29,69
7,13333	29,69
7,15000	29,69
7,16667	29,69
7,18333	29,69
7,20000	29,69
7,21667	29,69
7,23333	29,68
7,25000	29,68
7,26667	29,68
7,28333	29,69
7,30000	29,69
7,31667	29,69
7,33333	29,69
7,35000	29,69
7,36667	29,69
7,38333	29,69
7,40000	29,69
7,41667	29,69
7,43333	29,69
7,45000	29,68
7,46667	29,68
7,48333	29,68
7,50000	29,68
7,51667	29,68
7,53333	29,68
7,55000	29,67
7,56667	29,67
7,58333	29,67
7,60000	29,66
7,61667	29,66
7,63333	29,66
7,65000	29,66
7,66667	29,66
7,68333	29,66
7,70000	29,66
7,71667	29,66
7,73333	29,67
7,75000	29,67
7,76667	29,67
7,78333	29,68
7,80000	29,68
7,81667	29,68
7,83333	29,68
7,85000	29,69
7,86667	29,69
7,88333	29,69
7,90000	29,70
7,91667	29,70
7,93333	29,70
7,95000	29,70
7,96667	29,70
7,98333	29,70
8,00000	29,70
8,01667	29,70
8,03333	29,70
8,05000	29,70
8,06667	29,70
8,08333	29,70
8,10000	29,71
8,11667	29,71
8,13333	29,71
8,15000	29,71
8,16667	29,70
8,18333	29,69
8,20000	29,69
8,21667	29,69
8,23333	29,68
8,25000	29,68
8,26667	29,68
8,28333	29,68
8,30000	29,68
8,31667	29,68
8,33333	29,68
8,35000	29,68
8,36667	29,67
8,38333	29,67
8,40000	29,67
8,41667	29,67
8,43333	29,67
8,45000	29,66
8,46667	29,66
8,48333	29,66
8,50000	29,66
8,51667	29,66
8,53333	29,66
8,55000	29,67
8,56667	29,67
8,58333	29,67
8,60000	29,67
8,61667	29,68
8,63333	29,68
8,65000	29,68
8,66667	29,68
8,68333	29,68
8,70000	29,68
8,71667	29,68
8,73333	29,68
8,75000	29,68
8,76667	29,69
8,78333	29,69
8,80000	29,69
8,81667	29,69
8,83333	29,69
8,85000	29,69
8,86667	29,69
8,88333	29,69
8,90000	29,69
8,91667	29,69
8,93333	29,69
8,95000	29,69
8,96667	29,69
8,98333	29,68
9,00000	29,68
9,01667	29,68
9,03333	29,68
9,05000	29,68
9,06667	29,68
9,08333	29,68
9,10000	29,68
9,11667	29,68
9,13333	29,68
9,15000	29,68
9,16667	29,69
9,18333	29,69
9,20000	29,69
9,21667	29,69
9,23333	29,69
9,25000	29,69
9,26667	29,69
9,28333	29,69
9,30000	29,69
9,31667	29,69
9,33333	29,69
9,35000	29,69
9,36667	29,69
9,38333	29,69
9,40000	29,69
9,41667	29,68
9,43333	29,68
9,45000	29,67
9,46667	29,66
9,48333	29,66
9,50000	29,66
9,51667	29,65
9,53333	29,65
9,55000	29,65
9,56667	29,64
9,58333	29,64
9,60000	29,64
9,61667	29,64
9,63333	29,63
9,65000	29,63
9,66667	29,63
9,68333	29,62
9,70000	29,62
9,71667	29,62
9,73333	29,62
9,75000	29,62
9,76667	29,62
9,78333	29,62
9,80000	29,62
9,81667	29,62
9,83333	29,62
9,85000	29,63
9,86667	29,63
9,88333	29,63
9,90000	29,63
9,91667	29,63
9,93333	29,63
9,95000	29,64
9,96667	29,64
9,98333	29,64
10,00000	29,64
10,01667	29,64
10,03333	29,65
10,05000	29,65
10,06667	29,65
10,08333	29,65
10,10000	29,65
10,11667	29,65
10,13333	29,66
10,15000	29,66
10,16667	29,66
10,18333	29,66
10,20000	29,65
10,21667	29,65
10,23333	29,65
10,25000	29,65
10,26667	29,64
10,28333	29,64
10,30000	29,64
10,31667	29,64
10,33333	29,64
10,35000	29,64
10,36667	29,64
10,38333	29,64
10,40000	29,64
10,41667	29,64
10,43333	29,64
10,45000	29,64
10,46667	29,64
10,48333	29,64
10,50000	29,64
10,51667	29,65
10,53333	29,65
10,55000	29,65
10,56667	29,66
10,58333	29,66
10,60000	29,66
10,61667	29,67
10,63333	29,67
10,65000	29,67
10,66667	29,68
10,68333	29,68
10,70000	29,68
10,71667	29,68
10,73333	29,68
10,75000	29,68
10,76667	29,69
10,78333	29,69
10,80000	29,69
10,81667	29,69
10,83333	29,69
10,85000	29,69
10,86667	29,69
10,88333	29,69
10,90000	29,69
10,91667	29,69
10,93333	29,69
10,95000	29,69
10,96667	29,69
10,98333	29,69
11,00000	29,69
11,01667	29,69
11,03333	29,69
11,05000	29,69
11,06667	29,70
11,08333	29,70
11,10000	29,70
11,11667	29,70
11,13333	29,70
11,15000	29,70
11,16667	29,70
11,18333	29,70
11,20000	29,70
11,21667	29,70
11,23333	29,70
11,25000	29,70
11,26667	29,70
11,28333	29,70
11,30000	29,70
11,31667	29,70
11,33333	29,70
11,35000	29,70
11,36667	29,70
11,38333	29,70
11,40000	29,70
11,41667	29,70
11,43333	29,70
11,45000	29,70
11,46667	29,69
11,48333	29,69
11,50000	29,69
11,51667	29,69
11,53333	29,69
11,55000	29,70
11,56667	29,70
11,58333	29,70
11,60000	29,70
11,61667	29,70
11,63333	29,70
11,65000	29,70
11,66667	29,69
11,68333	29,68
11,70000	29,68
11,71667	29,68
11,73333	29,67
11,75000	29,67
11,76667	29,67
11,78333	29,67
11,80000	29,67
11,81667	29,67
11,83333	29,67
11,85000	29,67
11,86667	29,67
11,88333	29,67
11,90000	29,67
11,91667	29,67
11,93333	29,66
11,95000	29,66
11,96667	29,66
11,98333	29,66
12,00000	29,66
12,01667	29,66
12,03333	29,65
12,05000	29,64
12,06667	29,64
12,08333	29,63
12,10000	29,63
12,11667	29,62
12,13333	29,61
12,15000	29,61
12,16667	29,61
12,18333	29,61
12,20000	29,60
12,21667	29,59
12,23333	29,59
12,25000	29,58
12,26667	29,58
12,28333	29,58
12,30000	29,57
12,31667	29,55
12,33333	29,55
12,35000	29,54
12,36667	29,54
12,38333	29,54
12,40000	29,53
12,41667	29,53
12,43333	29,53
12,45000	29,53
12,46667	29,52
12,48333	29,51
12,50000	29,51
12,51667	29,50
12,53333	29,50
12,55000	29,50
12,56667	29,49
12,58333	29,49
12,60000	29,48
12,61667	29,46
12,63333	29,46
12,65000	29,45
12,66667	29,43
12,68333	29,43
12,70000	29,42
12,71667	29,42
12,73333	29,41
12,75000	29,40
12,76667	29,40
12,78333	29,39
12,80000	29,39
12,81667	29,38
12,83333	29,38
12,85000	29,38
12,86667	29,37
12,88333	29,37
12,90000	29,37
12,91667	29,36
12,93333	29,36
12,95000	29,36
12,96667	29,35
12,98333	29,35
13,00000	29,35
13,01667	29,35
13,03333	29,35
13,05000	29,36
13,06667	29,36
13,08333	29,36
13,10000	29,37
13,11667	29,37
13,13333	29,38
13,15000	29,38
13,16667	29,39
13,18333	29,40
13,20000	29,40
13,21667	29,40
13,23333	29,40
13,25000	29,41
13,26667	29,42
13,28333	29,42
13,30000	29,43
13,31667	29,44
13,33333	29,44
13,35000	29,45
13,36667	29,46
13,38333	29,46
13,40000	29,47
13,41667	29,47
13,43333	29,48
13,45000	29,48
13,46667	29,48
13,48333	29,49
13,50000	29,50
13,51667	29,50
13,53333	29,50
13,55000	29,50
13,56667	29,51
13,58333	29,51
13,60000	29,51
13,61667	29,51
13,63333	29,51
13,65000	29,51
13,66667	29,51
13,68333	29,51
13,70000	29,51
13,71667	29,52
13,73333	29,52
13,75000	29,52
13,76667	29,52
13,78333	29,52
13,80000	29,53
13,81667	29,53
13,83333	29,53
13,85000	29,53
13,86667	29,54
13,88333	29,54
13,90000	29,54
13,91667	29,54
13,93333	29,55
13,95000	29,55
13,96667	29,55
13,98333	29,55
14,00000	29,55
14,01667	29,55
14,03333	29,55
14,05000	29,56
14,06667	29,56
14,08333	29,56
14,10000	29,56
14,11667	29,56
14,13333	29,56
14,15000	29,56
14,16667	29,56
14,18333	29,56
14,20000	29,56
14,21667	29,56
14,23333	29,56
14,25000	29,55
14,26667	29,55
14,28333	29,55
14,30000	29,54
14,31667	29,54
14,33333	29,54
14,35000	29,53
14,36667	29,53
14,38333	29,52
14,40000	29,52
14,41667	29,52
14,43333	29,52
14,45000	29,52
14,46667	29,52
14,48333	29,53
14,50000	29,53
14,51667	29,53
14,53333	29,53
14,55000	29,54
14,56667	29,54
14,58333	29,54
14,60000	29,54
14,61667	29,55
14,63333	29,55
14,65000	29,55
14,66667	29,56
14,68333	29,56
14,70000	29,56
14,71667	29,57
14,73333	29,57
14,75000	29,57
14,76667	29,57
14,78333	29,57
14,80000	29,57
14,81667	29,57
14,83333	29,57
14,85000	29,57
14,86667	29,57
14,88333	29,57
14,90000	29,57
14,91667	29,57
14,93333	29,57
14,95000	29,57
14,96667	29,57
14,98333	29,57
15,00000	29,57
15,01667	29,58
15,03333	29,58
15,05000	29,58
15,06667	29,58
15,08333	29,58
15,10000	29,59
15,11667	29,59
15,13333	29,59
15,15000	29,59
15,16667	29,60
15,18333	29,60
15,20000	29,60
15,21667	29,61
15,23333	29,61
15,25000	29,61
15,26667	29,61
15,28333	29,62
15,30000	29,62
15,31667	29,62
15,33333	29,62
15,35000	29,62
15,36667	29,62
15,38333	29,62
15,40000	29,62
15,41667	29,63
15,43333	29,63
15,45000	29,63
15,46667	29,63
15,48333	29,63
15,50000	29,63
15,51667	29,63
15,53333	29,63
15,55000	29,63
15,56667	29,63
15,58333	29,63
15,60000	29,64
15,61667	29,64
15,63333	29,64
15,65000	29,64
15,66667	29,65
15,68333	29,65
15,70000	29,65
15,71667	29,65
15,73333	29,65
15,75000	29,65
15,76667	29,65
15,78333	29,65
15,80000	29,65
15,81667	29,65
15,83333	29,65
15,85000	29,65
15,86667	29,65
15,88333	29,65
15,90000	29,65
15,91667	29,65
15,93333	29,65
15,95000	29,64
15,96667	29,64
15,98333	29,64
16,00000	29,63
16,01667	29,63
16,03333	29,63
16,05000	29,62
16,06667	29,62
16,08333	29,62
16,10000	29,61
16,11667	29,61
16,13333	29,60
16,15000	29,59
16,16667	29,59
16,18333	29,58
16,20000	29,58
16,21667	29,58
16,23333	29,58
16,25000	29,58
16,26667	29,58
16,28333	29,58
16,30000	29,58
16,31667	29,58
16,33333	29,58
16,35000	29,58
16,36667	29,58
16,38333	29,58
16,40000	29,58
16,41667	29,58
16,43333	29,58
16,45000	29,59
16,46667	29,60
16,48333	29,60
16,50000	29,60
16,51667	29,60
16,53333	29,61
16,55000	29,62
16,56667	29,62
16,58333	29,62
16,60000	29,62
16,61667	29,62
16,63333	29,63
16,65000	29,63
16,66667	29,63
16,68333	29,63
16,70000	29,63
16,71667	29,63
16,73333	29,63
16,75000	29,63
16,76667	29,63
16,78333	29,63
16,80000	29,63
16,81667	29,63
16,83333	29,63
16,85000	29,63
16,86667	29,64
16,88333	29,64
16,90000	29,65
16,91667	29,65
16,93333	29,65
16,95000	29,65
16,96667	29,65
16,98333	29,66
17,00000	29,66
17,01667	29,66
17,03333	29,66
17,05000	29,67
17,06667	29,67
17,08333	29,67
17,10000	29,67
17,11667	29,68
17,13333	29,68
17,15000	29,68
17,16667	29,68
17,18333	29,68
17,20000	29,69
17,21667	29,69
17,23333	29,69
17,25000	29,70
17,26667	29,70
17,28333	29,70
17,30000	29,71
17,31667	29,71
17,33333	29,71
17,35000	29,71
17,36667	29,71
17,38333	29,72
17,40000	29,72
17,41667	29,72
17,43333	29,72
17,45000	29,72
17,46667	29,72
17,48333	29,72
17,50000	29,72
17,51667	29,72
17,53333	29,72
17,55000	29,72
17,56667	29,72
17,58333	29,72
17,60000	29,73
17,61667	29,73
17,63333	29,74
17,65000	29,74
17,66667	29,74
17,68333	29,74
17,70000	29,74
17,71667	29,74
17,73333	29,74
17,75000	29,74
17,76667	29,74
17,78333	29,74
17,80000	29,74
17,81667	29,74
17,83333	29,74
17,85000	29,74
17,86667	29,74
17,88333	29,74
17,90000	29,74
17,91667	29,74
17,93333	29,74
17,95000	29,74
17,96667	29,74
17,98333	29,73
18,00000	29,73
18,01667	29,73
18,03333	29,73
18,05000	29,73
18,06667	29,73
18,08333	29,73
18,10000	29,73
18,11667	29,73
18,13333	29,73
18,15000	29,74
18,16667	29,74
18,18333	29,74
18,20000	29,73
18,21667	29,73
18,23333	29,73
18,25000	29,73
18,26667	29,72
18,28333	29,72
18,30000	29,72
18,31667	29,72
18,33333	29,72
18,35000	29,72
18,36667	29,71
18,38333	29,71
18,40000	29,71
18,41667	29,71
18,43333	29,70
18,45000	29,70
18,46667	29,70
18,48333	29,69
18,50000	29,69
18,51667	29,69
18,53333	29,69
18,55000	29,69
18,56667	29,69
18,58333	29,70
18,60000	29,70
18,61667	29,70
18,63333	29,70
18,65000	29,70
18,66667	29,70
18,68333	29,70
18,70000	29,69
18,71667	29,69
18,73333	29,69
18,75000	29,69
18,76667	29,69
18,78333	29,69
18,80000	29,69
18,81667	29,69
18,83333	29,69
18,85000	29,69
18,86667	29,69
18,88333	29,70
18,90000	29,70
18,91667	29,70
18,93333	29,70
18,95000	29,71
18,96667	29,71
18,98333	29,71
19,00000	29,71
19,01667	29,71
19,03333	29,71
19,05000	29,72
19,06667	29,72
19,08333	29,72
19,10000	29,72
19,11667	29,72
19,13333	29,72
19,15000	29,72
19,16667	29,72
19,18333	29,72
19,20000	29,72
19,21667	29,72
19,23333	29,73
19,25000	29,73
19,26667	29,73
19,28333	29,73
19,30000	29,73
19,31667	29,74
19,33333	29,74
19,35000	29,74
19,36667	29,74
19,38333	29,74
19,40000	29,74
19,41667	29,74
19,43333	29,74
19,45000	29,74
19,46667	29,73
19,48333	29,73
19,50000	29,73
19,51667	29,72
19,53333	29,72
19,55000	29,71
19,56667	29,70
19,58333	29,70
19,60000	29,69
19,61667	29,69
19,63333	29,69
19,65000	29,68
19,66667	29,68
19,68333	29,68
19,70000	29,68
19,71667	29,68
19,73333	29,69
19,75000	29,69
19,76667	29,69
19,78333	29,69
19,80000	29,69
19,81667	29,69
19,83333	29,69
19,85000	29,70
19,86667	29,70
19,88333	29,70
19,90000	29,70
19,91667	29,70
19,93333	29,70
19,95000	29,71
19,96667	29,71
19,98333	29,71
20,00000	29,72
20,01667	29,72
20,03333	29,72
20,05000	29,72
20,06667	29,72
20,08333	29,72
20,10000	29,73
20,11667	29,73
20,13333	29,73
20,15000	29,73
20,16667	29,74
20,18333	29,74
20,20000	29,74
20,21667	29,74
20,23333	29,74
20,25000	29,74
20,26667	29,74
20,28333	29,74
20,30000	29,74
20,31667	29,74
20,33333	29,74
20,35000	29,75
20,36667	29,75
20,38333	29,75
20,40000	29,75
20,41667	29,75
20,43333	29,76
20,45000	29,76
20,46667	29,76
20,48333	29,76
20,50000	29,75
20,51667	29,75
20,53333	29,75
20,55000	29,74
20,56667	29,74
20,58333	29,73
20,60000	29,73
20,61667	29,71
20,63333	29,70
20,65000	29,70
20,66667	29,69
20,68333	29,69
20,70000	29,68
20,71667	29,67
20,73333	29,67
20,75000	29,66
20,76667	29,65
20,78333	29,65
20,80000	29,64
20,81667	29,63
20,83333	29,63
20,85000	29,63
20,86667	29,63
20,88333	29,62
20,90000	29,62
20,91667	29,62
20,93333	29,61
20,95000	29,61
20,96667	29,61
20,98333	29,62
21,00000	29,62
21,01667	29,62
21,03333	29,62
21,05000	29,63
21,06667	29,64
21,08333	29,64
21,10000	29,64
21,11667	29,65
21,13333	29,65
21,15000	29,65
21,16667	29,65
21,18333	29,65
21,20000	29,65
21,21667	29,65
21,23333	29,65
21,25000	29,65
21,26667	29,65
21,28333	29,65
21,30000	29,65
21,31667	29,65
21,33333	29,65
21,35000	29,66
21,36667	29,66
21,38333	29,66
21,40000	29,66
21,41667	29,66
21,43333	29,66
21,45000	29,66
21,46667	29,66
21,48333	29,66
21,50000	29,67
21,51667	29,67
21,53333	29,67
21,55000	29,67
21,56667	29,67
21,58333	29,67
21,60000	29,68
21,61667	29,68
21,63333	29,68
21,65000	29,68
21,66667	29,68
21,68333	29,68
21,70000	29,68
21,71667	29,68
21,73333	29,68
21,75000	29,68
21,76667	29,68
21,78333	29,68
21,80000	29,69
21,81667	29,69
21,83333	29,69
21,85000	29,69
21,86667	29,70
21,88333	29,70
21,90000	29,71
21,91667	29,72
21,93333	29,72
21,95000	29,72
21,96667	29,73
21,98333	29,73
22,00000	29,74
22,01667	29,74
22,03333	29,74
22,05000	29,75
22,06667	29,75
22,08333	29,75
22,10000	29,75
22,11667	29,75
22,13333	29,76
22,15000	29,76
22,16667	29,76
22,18333	29,76
22,20000	29,76
22,21667	29,76
22,23333	29,76
22,25000	29,77
22,26667	29,77
22,28333	29,77
22,30000	29,77
22,31667	29,77
22,33333	29,77
22,35000	29,77
22,36667	29,77
22,38333	29,78
22,40000	29,78
22,41667	29,78
22,43333	29,78
22,45000	29,78
22,46667	29,79
22,48333	29,79
22,50000	29,79
22,51667	29,80
22,53333	29,80
22,55000	29,80
22,56667	29,80
22,58333	29,80
22,60000	29,80
22,61667	29,80
22,63333	29,80
22,65000	29,80
22,66667	29,80
22,68333	29,80
22,70000	29,80
22,71667	29,80
22,73333	29,80
22,75000	29,80
22,76667	29,80
22,78333	29,80
22,80000	29,80
22,81667	29,80
22,83333	29,80
22,85000	29,79
22,86667	29,79
22,88333	29,79
22,90000	29,79
22,91667	29,80
22,93333	29,80
22,95000	29,80
22,96667	29,80
22,98333	29,80
23,00000	29,79
23,01667	29,79
23,03333	29,79
23,05000	29,79
23,06667	29,79
23,08333	29,79
23,10000	29,78
23,11667	29,78
23,13333	29,78
23,15000	29,78
23,16667	29,78
23,18333	29,77
23,20000	29,77
23,21667	29,77
23,23333	29,76
23,25000	29,76
23,26667	29,75
23,28333	29,75
23,30000	29,75
23,31667	29,74
23,33333	29,74
23,35000	29,73
23,36667	29,71
23,38333	29,71
23,40000	29,70
23,41667	29,68
23,43333	29,67
23,45000	29,67
23,46667	29,66
23,48333	29,66
23,50000	29,64
23,51667	29,63
23,53333	29,63
23,55000	29,62
23,56667	29,61
23,58333	29,61
23,60000	29,61
23,61667	29,60
23,63333	29,60
23,65000	29,60
23,66667	29,60
23,68333	29,60
23,70000	29,60
23,71667	29,60
23,73333	29,60
23,75000	29,60
23,76667	29,60
23,78333	29,61
23,80000	29,61
23,81667	29,61
23,83333	29,62
23,85000	29,62
23,86667	29,62
23,88333	29,63
23,90000	29,63
23,91667	29,63
23,93333	29,63
23,95000	29,63
23,96667	29,63
23,98333	29,63
24,00000	29,64
24,01667	29,64
24,03333	29,64
24,05000	29,64
24,06667	29,64
24,08333	29,64
24,10000	29,65
24,11667	29,65
24,13333	29,65
24,15000	29,66
24,16667	29,67
24,18333	29,67
24,20000	29,67
24,21667	29,67
24,23333	29,68
24,25000	29,69
24,26667	29,69
24,28333	29,69
24,30000	29,69
24,31667	29,70
24,33333	29,70
24,35000	29,70
24,36667	29,71
24,38333	29,71
24,40000	29,71
24,41667	29,71
24,43333	29,71
24,45000	29,72
24,46667	29,73
24,48333	29,73
24,50000	29,73
24,51667	29,73
24,53333	29,73
24,55000	29,73
24,56667	29,73
24,58333	29,73
24,60000	29,74
24,61667	29,74
24,63333	29,74
24,65000	29,74
24,66667	29,74
24,68333	29,74
24,70000	29,74
24,71667	29,74
24,73333	29,75
24,75000	29,75
24,76667	29,75
24,78333	29,75
24,80000	29,75
24,81667	29,76
24,83333	29,76
24,85000	29,76
24,86667	29,77
24,88333	29,77
24,90000	29,78
24,91667	29,78
24,93333	29,78
24,95000	29,78
24,96667	29,78
24,98333	29,78
25,00000	29,78
25,01667	29,78
25,03333	29,78
25,05000	29,78
25,06667	29,78
25,08333	29,78
25,10000	29,78
25,11667	29,78
25,13333	29,78
25,15000	29,78
25,16667	29,78
25,18333	29,78
25,20000	29,78
25,21667	29,78
25,23333	29,78
25,25000	29,78
25,26667	29,78
25,28333	29,78
25,30000	29,77
25,31667	29,77
25,33333	29,77
25,35000	29,77
25,36667	29,76
25,38333	29,76
25,40000	29,76
25,41667	29,76
25,43333	29,76
25,45000	29,76
25,46667	29,76
25,48333	29,76
25,50000	29,76
25,51667	29,76
25,53333	29,76
25,55000	29,75
25,56667	29,75
25,58333	29,75
25,60000	29,75
25,61667	29,75
25,63333	29,75
25,65000	29,75
25,66667	29,76
25,68333	29,76
25,70000	29,76
25,71667	29,76
25,73333	29,76
25,75000	29,76
25,76667	29,77
25,78333	29,77
25,80000	29,77
25,81667	29,77
25,83333	29,77
25,85000	29,78
25,86667	29,78
25,88333	29,78
25,90000	29,78
25,91667	29,78
25,93333	29,78
25,95000	29,78
25,96667	29,78
25,98333	29,78
26,00000	29,78
26,01667	29,78
26,03333	29,78
26,05000	29,78
26,06667	29,78
26,08333	29,78
26,10000	29,78
26,11667	29,78
26,13333	29,78
26,15000	29,78
26,16667	29,77
26,18333	29,77
26,20000	29,77
26,21667	29,77
26,23333	29,77
26,25000	29,77
26,26667	29,77
26,28333	29,77
26,30000	29,77
26,31667	29,77
26,33333	29,77
26,35000	29,76
26,36667	29,76
26,38333	29,76
26,40000	29,76
26,41667	29,75
26,43333	29,75
26,45000	29,75
26,46667	29,75
26,48333	29,75
26,50000	29,75
26,51667	29,75
26,53333	29,75
26,55000	29,75
26,56667	29,75
26,58333	29,75
26,60000	29,76
26,61667	29,76
26,63333	29,77
26,65000	29,77
26,66667	29,77
26,68333	29,78
26,70000	29,78
26,71667	29,78
26,73333	29,79
26,75000	29,79
26,76667	29,79
26,78333	29,79
26,80000	29,80
26,81667	29,80
26,83333	29,80
26,85000	29,80
26,86667	29,80
26,88333	29,80
26,90000	29,79
26,91667	29,79
26,93333	29,79
26,95000	29,79
26,96667	29,79
26,98333	29,79
27,00000	29,79
27,01667	29,79
27,03333	29,79
27,05000	29,80
27,06667	29,80
27,08333	29,80
27,10000	29,80
27,11667	29,80
27,13333	29,80
27,15000	29,80
27,16667	29,81
27,18333	29,81
27,20000	29,81
27,21667	29,81
27,23333	29,81
27,25000	29,81
27,26667	29,81
27,28333	29,81
27,30000	29,82
27,31667	29,82
27,33333	29,82
27,35000	29,82
27,36667	29,81
27,38333	29,81
27,40000	29,81
27,41667	29,81
27,43333	29,81
27,45000	29,81
27,46667	29,81
27,48333	29,81
27,50000	29,81
27,51667	29,81
27,53333	29,81
27,55000	29,81
27,56667	29,81
27,58333	29,81
27,60000	29,81
27,61667	29,80
27,63333	29,80
27,65000	29,80
27,66667	29,80
27,68333	29,80
27,70000	29,80
27,71667	29,79
27,73333	29,79
27,75000	29,79
27,76667	29,79
27,78333	29,79
27,80000	29,80
27,81667	29,80
27,83333	29,80
27,85000	29,80
27,86667	29,80
27,88333	29,80
27,90000	29,81
27,91667	29,81
27,93333	29,81
27,95000	29,81
27,96667	29,81
27,98333	29,81
28,00000	29,81
28,01667	29,81
28,03333	29,81
28,05000	29,81
28,06667	29,81
28,08333	29,81
28,10000	29,81
28,11667	29,81
28,13333	29,82
28,15000	29,82
28,16667	29,82
28,18333	29,82
28,20000	29,82
28,21667	29,82
28,23333	29,82
28,25000	29,82
28,26667	29,82
28,28333	29,81
28,30000	29,81
28,31667	29,81
28,33333	29,81
28,35000	29,80
28,36667	29,80
28,38333	29,80
28,40000	29,80
28,41667	29,80
28,43333	29,79
28,45000	29,79
28,46667	29,79
28,48333	29,79
28,50000	29,78
28,51667	29,78
28,53333	29,78
28,55000	29,77
28,56667	29,76
28,58333	29,76
28,60000	29,75
28,61667	29,74
28,63333	29,74
28,65000	29,74
28,66667	29,73
28,68333	29,73
28,70000	29,72
28,71667	29,71
28,73333	29,71
28,75000	29,71
28,76667	29,71
28,78333	29,70
28,80000	29,70
28,81667	29,70
28,83333	29,70
28,85000	29,70
28,86667	29,70
28,88333	29,70
28,90000	29,70
28,91667	29,70
28,93333	29,70
28,95000	29,70
28,96667	29,70
28,98333	29,70
29,00000	29,70
29,01667	29,69
29,03333	29,69
29,05000	29,69
29,06667	29,68
29,08333	29,68
29,10000	29,67
29,11667	29,66
29,13333	29,66
29,15000	29,65
29,16667	29,64
29,18333	29,64
29,20000	29,63
29,21667	29,62
29,23333	29,62
29,25000	29,62
29,26667	29,62
29,28333	29,62
29,30000	29,62
29,31667	29,62
29,33333	29,61
29,35000	29,61
29,36667	29,62
29,38333	29,62
29,40000	29,62
29,41667	29,62
29,43333	29,62
29,45000	29,62
29,46667	29,62
29,48333	29,62
29,50000	29,62
29,51667	29,62
29,53333	29,62
29,55000	29,63
29,56667	29,63
29,58333	29,63
29,60000	29,63
29,61667	29,63
29,63333	29,64
29,65000	29,64
29,66667	29,64
29,68333	29,65
29,70000	29,65
29,71667	29,65
29,73333	29,65
29,75000	29,65
29,76667	29,64
29,78333	29,64
29,80000	29,64
29,81667	29,64
29,83333	29,64
29,85000	29,65
29,86667	29,65
29,88333	29,65
29,90000	29,66
29,91667	29,67
29,93333	29,67
29,95000	29,68
29,96667	29,68
29,98333	29,68
30,00000	29,69
30,01667	29,69
30,03333	29,70
30,05000	29,70
30,06667	29,70
30,08333	29,70
30,10000	29,70
30,11667	29,70
30,13333	29,71
30,15000	29,71
30,16667	29,71
30,18333	29,71
30,20000	29,72
30,21667	29,72
30,23333	29,72
30,25000	29,72
30,26667	29,72
30,28333	29,72
30,30000	29,72
30,31667	29,72
30,33333	29,72
30,35000	29,72
30,36667	29,73
30,38333	29,73
30,40000	29,73
30,41667	29,73
30,43333	29,74
30,45000	29,74
30,46667	29,74
30,48333	29,74
30,50000	29,74
30,51667	29,74
30,53333	29,74
30,55000	29,74
30,56667	29,74
30,58333	29,74
30,60000	29,74
30,61667	29,75
30,63333	29,75
30,65000	29,75
30,66667	29,75
30,68333	29,75
30,70000	29,76
30,71667	29,76
30,73333	29,76
30,75000	29,76
30,76667	29,76
30,78333	29,76
30,80000	29,76
30,81667	29,77
30,83333	29,77
30,85000	29,77
30,86667	29,77
30,88333	29,77
30,90000	29,77
30,91667	29,77
30,93333	29,77
30,95000	29,77
30,96667	29,77
30,98333	29,77
31,00000	29,77
31,01667	29,76
31,03333	29,76
31,05000	29,75
31,06667	29,75
31,08333	29,75
31,10000	29,74
31,11667	29,73
31,13333	29,73
31,15000	29,72
31,16667	29,72
31,18333	29,72
31,20000	29,71
31,21667	29,71
31,23333	29,70
31,25000	29,70
31,26667	29,70
31,28333	29,69
31,30000	29,69
31,31667	29,69
31,33333	29,69
31,35000	29,69
31,36667	29,70
31,38333	29,70
31,40000	29,70
31,41667	29,71
31,43333	29,71
31,45000	29,71
31,46667	29,72
31,48333	29,72
31,50000	29,73
31,51667	29,73
31,53333	29,73
31,55000	29,74
31,56667	29,74
31,58333	29,74
31,60000	29,74
31,61667	29,74
31,63333	29,74
31,65000	29,74
31,66667	29,74
31,68333	29,75
31,70000	29,75
31,71667	29,75
31,73333	29,75
31,75000	29,75
31,76667	29,75
31,78333	29,75
31,80000	29,75
31,81667	29,75
31,83333	29,75
31,85000	29,75
31,86667	29,74
31,88333	29,74
31,90000	29,74
31,91667	29,73
31,93333	29,73
31,95000	29,72
31,96667	29,71
31,98333	29,71
32,00000	29,70

[LC Status Trace(PDA Cell Temp.)]
Interval(msec)	1000
# of Points	1921
Start Time(min)	0,000
End Time(min)	32,000
Intensity Units	C
Intensity Multiplier	1
R.Time (min)	Intensity
0,00000	49,99
0,01667	49,99
0,03333	49,99
0,05000	49,99
0,06667	49,99
0,08333	49,99
0,10000	49,99
0,11667	49,99
0,13333	49,99
0,15000	50,00
0,16667	50,00
0,18333	50,00
0,20000	50,00
0,21667	50,00
0,23333	50,00
0,25000	50,00
0,26667	50,00
0,28333	50,00
0,30000	50,00
0,31667	50,00
0,33333	50,00
0,35000	50,00
0,36667	50,00
0,38333	50,00
0,40000	49,99
0,41667	49,99
0,43333	49,99
0,45000	49,99
0,46667	49,99
0,48333	49,99
0,50000	49,99
0,51667	49,99
0,53333	49,99
0,55000	49,99
0,56667	49,99
0,58333	49,99
0,60000	49,99
0,61667	49,99
0,63333	49,99
0,65000	49,99
0,66667	49,99
0,68333	49,99
0,70000	49,99
0,71667	49,99
0,73333	49,99
0,75000	49,99
0,76667	49,99
0,78333	49,99
0,80000	49,99
0,81667	49,99
0,83333	49,99
0,85000	49,99
0,86667	49,99
0,88333	49,99
0,90000	49,99
0,91667	49,99
0,93333	49,99
0,95000	49,99
0,96667	49,99
0,98333	49,99
1,00000	49,99
1,01667	49,99
1,03333	49,99
1,05000	49,99
1,06667	49,99
1,08333	49,99
1,10000	49,99
1,11667	49,99
1,13333	49,99
1,15000	49,99
1,16667	49,99
1,18333	49,99
1,20000	49,99
1,21667	49,99
1,23333	49,99
1,25000	49,99
1,26667	49,99
1,28333	49,99
1,30000	49,99
1,31667	49,99
1,33333	49,99
1,35000	49,99
1,36667	49,99
1,38333	49,99
1,40000	49,99
1,41667	49,99
1,43333	49,99
1,45000	49,99
1,46667	49,99
1,48333	49,99
1,50000	49,99
1,51667	49,99
1,53333	49,99
1,55000	49,99
1,56667	49,99
1,58333	49,99
1,60000	49,99
1,61667	49,99
1,63333	49,99
1,65000	49,99
1,66667	49,99
1,68333	49,99
1,70000	49,99
1,71667	49,99
1,73333	49,99
1,75000	49,99
1,76667	49,99
1,78333	49,99
1,80000	49,99
1,81667	49,99
1,83333	49,99
1,85000	49,99
1,86667	49,99
1,88333	49,99
1,90000	49,99
1,91667	49,99
1,93333	49,99
1,95000	49,99
1,96667	49,99
1,98333	49,99
2,00000	49,99
2,01667	49,99
2,03333	49,99
2,05000	49,99
2,06667	49,99
2,08333	49,99
2,10000	49,99
2,11667	49,99
2,13333	49,99
2,15000	49,99
2,16667	49,99
2,18333	49,99
2,20000	49,99
2,21667	49,99
2,23333	50,00
2,25000	50,00
2,26667	50,00
2,28333	50,00
2,30000	50,00
2,31667	50,00
2,33333	50,00
2,35000	50,00
2,36667	50,00
2,38333	50,00
2,40000	50,00
2,41667	50,00
2,43333	50,00
2,45000	50,00
2,46667	50,00
2,48333	50,00
2,50000	50,00
2,51667	50,00
2,53333	50,00
2,55000	50,00
2,56667	50,00
2,58333	49,99
2,60000	49,99
2,61667	49,99
2,63333	49,99
2,65000	49,99
2,66667	49,99
2,68333	49,99
2,70000	49,99
2,71667	49,99
2,73333	49,99
2,75000	49,99
2,76667	49,99
2,78333	49,99
2,80000	49,99
2,81667	49,99
2,83333	49,99
2,85000	49,99
2,86667	49,99
2,88333	49,99
2,90000	49,99
2,91667	49,99
2,93333	49,99
2,95000	49,99
2,96667	49,99
2,98333	49,99
3,00000	49,99
3,01667	49,99
3,03333	49,99
3,05000	49,99
3,06667	49,99
3,08333	49,99
3,10000	49,99
3,11667	49,99
3,13333	49,99
3,15000	49,99
3,16667	49,99
3,18333	49,99
3,20000	49,99
3,21667	49,99
3,23333	49,99
3,25000	49,99
3,26667	49,99
3,28333	49,99
3,30000	49,99
3,31667	49,99
3,33333	49,99
3,35000	49,99
3,36667	50,00
3,38333	50,00
3,40000	50,00
3,41667	50,00
3,43333	50,00
3,45000	50,00
3,46667	50,00
3,48333	50,00
3,50000	50,00
3,51667	50,00
3,53333	50,00
3,55000	50,00
3,56667	50,00
3,58333	50,00
3,60000	50,00
3,61667	50,00
3,63333	50,00
3,65000	50,00
3,66667	50,00
3,68333	50,00
3,70000	50,00
3,71667	50,00
3,73333	50,00
3,75000	50,00
3,76667	50,00
3,78333	50,00
3,80000	50,00
3,81667	50,00
3,83333	50,00
3,85000	50,00
3,86667	50,00
3,88333	50,00
3,90000	50,00
3,91667	50,00
3,93333	50,00
3,95000	50,00
3,96667	50,00
3,98333	50,00
4,00000	50,00
4,01667	50,00
4,03333	50,00
4,05000	50,00
4,06667	50,00
4,08333	50,00
4,10000	49,99
4,11667	49,99
4,13333	49,99
4,15000	49,99
4,16667	49,99
4,18333	49,99
4,20000	49,99
4,21667	49,99
4,23333	49,99
4,25000	49,99
4,26667	49,99
4,28333	49,99
4,30000	49,99
4,31667	49,99
4,33333	49,99
4,35000	49,99
4,36667	49,99
4,38333	49,99
4,40000	50,00
4,41667	50,00
4,43333	50,00
4,45000	50,00
4,46667	50,00
4,48333	50,00
4,50000	50,00
4,51667	50,00
4,53333	50,00
4,55000	50,00
4,56667	50,00
4,58333	50,00
4,60000	50,00
4,61667	50,00
4,63333	50,00
4,65000	50,00
4,66667	50,00
4,68333	50,00
4,70000	50,00
4,71667	50,00
4,73333	50,00
4,75000	50,00
4,76667	50,00
4,78333	50,00
4,80000	50,00
4,81667	50,00
4,83333	50,00
4,85000	50,00
4,86667	50,00
4,88333	50,00
4,90000	50,00
4,91667	50,00
4,93333	50,00
4,95000	50,00
4,96667	50,00
4,98333	50,00
5,00000	50,00
5,01667	50,00
5,03333	50,00
5,05000	50,00
5,06667	50,00
5,08333	50,00
5,10000	50,00
5,11667	50,00
5,13333	50,00
5,15000	50,00
5,16667	50,00
5,18333	50,00
5,20000	50,00
5,21667	50,00
5,23333	50,00
5,25000	50,00
5,26667	50,00
5,28333	50,00
5,30000	50,00
5,31667	50,00
5,33333	50,00
5,35000	50,00
5,36667	50,00
5,38333	50,00
5,40000	49,99
5,41667	49,99
5,43333	49,99
5,45000	49,99
5,46667	49,99
5,48333	49,99
5,50000	49,99
5,51667	49,99
5,53333	49,99
5,55000	49,99
5,56667	49,99
5,58333	49,99
5,60000	49,99
5,61667	49,99
5,63333	49,99
5,65000	49,99
5,66667	49,99
5,68333	50,00
5,70000	50,00
5,71667	50,00
5,73333	50,00
5,75000	50,00
5,76667	50,00
5,78333	50,00
5,80000	50,00
5,81667	50,00
5,83333	50,00
5,85000	50,00
5,86667	50,00
5,88333	50,00
5,90000	50,00
5,91667	50,00
5,93333	50,00
5,95000	50,00
5,96667	50,00
5,98333	50,00
6,00000	50,00
6,01667	50,00
6,03333	50,00
6,05000	49,99
6,06667	49,99
6,08333	49,99
6,10000	49,99
6,11667	49,99
6,13333	49,99
6,15000	49,99
6,16667	49,99
6,18333	49,99
6,20000	49,99
6,21667	49,99
6,23333	49,99
6,25000	49,99
6,26667	50,00
6,28333	50,00
6,30000	50,00
6,31667	50,00
6,33333	50,00
6,35000	50,00
6,36667	50,00
6,38333	50,00
6,40000	50,00
6,41667	50,00
6,43333	50,00
6,45000	50,00
6,46667	50,00
6,48333	50,00
6,50000	50,00
6,51667	50,00
6,53333	50,00
6,55000	50,00
6,56667	50,00
6,58333	50,00
6,60000	50,00
6,61667	50,00
6,63333	50,00
6,65000	50,00
6,66667	50,00
6,68333	50,00
6,70000	50,00
6,71667	50,00
6,73333	50,00
6,75000	50,00
6,76667	50,00
6,78333	50,00
6,80000	50,00
6,81667	50,00
6,83333	50,00
6,85000	50,00
6,86667	50,00
6,88333	50,00
6,90000	50,00
6,91667	50,00
6,93333	50,00
6,95000	50,00
6,96667	50,00
6,98333	50,00
7,00000	50,00
7,01667	50,00
7,03333	50,00
7,05000	50,00
7,06667	50,00
7,08333	50,00
7,10000	50,00
7,11667	50,00
7,13333	50,00
7,15000	50,00
7,16667	50,00
7,18333	49,99
7,20000	49,99
7,21667	49,99
7,23333	49,99
7,25000	49,99
7,26667	49,99
7,28333	49,99
7,30000	49,99
7,31667	49,99
7,33333	50,00
7,35000	50,00
7,36667	50,00
7,38333	50,00
7,40000	50,00
7,41667	50,00
7,43333	50,00
7,45000	50,00
7,46667	50,00
7,48333	50,00
7,50000	50,00
7,51667	50,00
7,53333	50,00
7,55000	50,00
7,56667	50,00
7,58333	50,00
7,60000	50,00
7,61667	50,00
7,63333	50,00
7,65000	50,00
7,66667	50,00
7,68333	50,00
7,70000	50,00
7,71667	50,00
7,73333	50,00
7,75000	50,00
7,76667	50,00
7,78333	50,00
7,80000	50,00
7,81667	50,00
7,83333	50,00
7,85000	50,00
7,86667	50,00
7,88333	50,00
7,90000	50,00
7,91667	50,00
7,93333	49,99
7,95000	49,99
7,96667	49,99
7,98333	49,99
8,00000	49,99
8,01667	49,99
8,03333	49,99
8,05000	49,99
8,06667	49,99
8,08333	49,99
8,10000	49,99
8,11667	49,99
8,13333	49,99
8,15000	49,99
8,16667	49,99
8,18333	49,99
8,20000	49,99
8,21667	49,99
8,23333	49,99
8,25000	49,99
8,26667	50,00
8,28333	50,00
8,30000	50,00
8,31667	50,00
8,33333	50,00
8,35000	50,00
8,36667	50,00
8,38333	50,00
8,40000	50,00
8,41667	50,00
8,43333	50,00
8,45000	50,00
8,46667	50,00
8,48333	50,00
8,50000	50,00
8,51667	50,00
8,53333	50,00
8,55000	50,00
8,56667	50,00
8,58333	50,00
8,60000	50,00
8,61667	50,00
8,63333	50,00
8,65000	50,00
8,66667	50,00
8,68333	50,00
8,70000	50,00
8,71667	49,99
8,73333	49,99
8,75000	49,99
8,76667	49,99
8,78333	49,99
8,80000	49,99
8,81667	49,99
8,83333	49,99
8,85000	49,99
8,86667	49,99
8,88333	49,99
8,90000	49,99
8,91667	49,99
8,93333	49,99
8,95000	49,99
8,96667	49,99
8,98333	50,00
9,00000	50,00
9,01667	50,00
9,03333	50,00
9,05000	50,00
9,06667	50,00
9,08333	50,00
9,10000	50,00
9,11667	50,00
9,13333	50,00
9,15000	50,00
9,16667	50,00
9,18333	50,00
9,20000	50,00
9,21667	50,00
9,23333	50,00
9,25000	50,00
9,26667	50,00
9,28333	50,00
9,30000	50,00
9,31667	50,00
9,33333	50,00
9,35000	50,00
9,36667	50,00
9,38333	50,00
9,40000	50,00
9,41667	50,00
9,43333	50,00
9,45000	50,00
9,46667	50,00
9,48333	50,00
9,50000	50,00
9,51667	50,00
9,53333	50,00
9,55000	50,00
9,56667	50,00
9,58333	50,00
9,60000	50,00
9,61667	50,00
9,63333	50,00
9,65000	49,99
9,66667	49,99
9,68333	49,99
9,70000	49,99
9,71667	49,99
9,73333	49,99
9,75000	49,99
9,76667	49,99
9,78333	49,99
9,80000	49,99
9,81667	49,99
9,83333	49,99
9,85000	49,99
9,86667	49,99
9,88333	49,99
9,90000	49,99
9,91667	49,99
9,93333	49,99
9,95000	49,99
9,96667	49,99
9,98333	49,99
10,00000	49,99
10,01667	49,99
10,03333	49,99
10,05000	49,99
10,06667	49,99
10,08333	49,99
10,10000	49,99
10,11667	49,99
10,13333	49,99
10,15000	49,99
10,16667	49,99
10,18333	49,99
10,20000	49,99
10,21667	49,99
10,23333	49,99
10,25000	49,99
10,26667	49,99
10,28333	49,99
10,30000	49,99
10,31667	49,99
10,33333	49,99
10,35000	49,99
10,36667	50,00
10,38333	50,00
10,40000	50,00
10,41667	50,00
10,43333	50,00
10,45000	50,00
10,46667	50,00
10,48333	50,00
10,50000	50,00
10,51667	50,00
10,53333	50,00
10,55000	50,00
10,56667	50,00
10,58333	50,00
10,60000	50,00
10,61667	50,00
10,63333	50,00
10,65000	50,00
10,66667	50,00
10,68333	50,00
10,70000	50,00
10,71667	50,00
10,73333	50,00
10,75000	50,00
10,76667	50,00
10,78333	50,00
10,80000	50,00
10,81667	50,00
10,83333	50,00
10,85000	49,99
10,86667	49,99
10,88333	49,99
10,90000	49,99
10,91667	49,99
10,93333	49,99
10,95000	49,99
10,96667	49,99
10,98333	49,99
11,00000	49,99
11,01667	49,99
11,03333	49,99
11,05000	49,99
11,06667	49,99
11,08333	49,99
11,10000	49,99
11,11667	49,99
11,13333	49,99
11,15000	49,99
11,16667	49,99
11,18333	49,99
11,20000	50,00
11,21667	50,00
11,23333	50,00
11,25000	50,00
11,26667	50,00
11,28333	50,00
11,30000	50,00
11,31667	50,00
11,33333	50,00
11,35000	49,99
11,36667	49,99
11,38333	49,99
11,40000	49,99
11,41667	49,99
11,43333	49,99
11,45000	49,99
11,46667	49,99
11,48333	49,99
11,50000	49,99
11,51667	49,99
11,53333	49,99
11,55000	49,99
11,56667	49,99
11,58333	49,99
11,60000	50,00
11,61667	50,00
11,63333	50,00
11,65000	50,00
11,66667	50,00
11,68333	50,00
11,70000	50,00
11,71667	50,00
11,73333	50,00
11,75000	50,00
11,76667	50,00
11,78333	50,00
11,80000	50,00
11,81667	50,00
11,83333	50,00
11,85000	50,00
11,86667	50,00
11,88333	50,00
11,90000	50,00
11,91667	50,00
11,93333	50,00
11,95000	50,00
11,96667	50,00
11,98333	50,00
12,00000	50,00
12,01667	50,00
12,03333	50,00
12,05000	50,00
12,06667	50,00
12,08333	50,00
12,10000	50,00
12,11667	50,00
12,13333	50,00
12,15000	50,00
12,16667	50,00
12,18333	50,00
12,20000	50,00
12,21667	50,00
12,23333	50,00
12,25000	50,00
12,26667	50,00
12,28333	50,00
12,30000	50,00
12,31667	50,00
12,33333	50,00
12,35000	50,00
12,36667	50,00
12,38333	50,00
12,40000	50,00
12,41667	50,00
12,43333	50,00
12,45000	50,00
12,46667	50,00
12,48333	50,00
12,50000	50,00
12,51667	50,00
12,53333	50,00
12,55000	50,00
12,56667	50,00
12,58333	50,00
12,60000	50,00
12,61667	50,00
12,63333	50,00
12,65000	50,00
12,66667	50,00
12,68333	50,00
12,70000	50,00
12,71667	50,00
12,73333	50,00
12,75000	50,00
12,76667	50,00
12,78333	50,00
12,80000	50,00
12,81667	50,00
12,83333	50,00
12,85000	50,00
12,86667	50,00
12,88333	50,00
12,90000	50,00
12,91667	50,00
12,93333	50,00
12,95000	50,00
12,96667	50,00
12,98333	50,00
13,00000	50,00
13,01667	50,00
13,03333	50,00
13,05000	50,00
13,06667	50,00
13,08333	50,00
13,10000	50,00
13,11667	50,00
13,13333	50,00
13,15000	50,00
13,16667	50,00
13,18333	50,00
13,20000	50,00
13,21667	50,00
13,23333	50,00
13,25000	50,00
13,26667	50,00
13,28333	50,00
13,30000	50,00
13,31667	50,00
13,33333	50,00
13,35000	50,00
13,36667	50,00
13,38333	49,99
13,40000	49,99
13,41667	49,99
13,43333	49,99
13,45000	49,99
13,46667	49,99
13,48333	49,99
13,50000	49,99
13,51667	49,99
13,53333	49,99
13,55000	49,99
13,56667	49,99
13,58333	49,99
13,60000	49,99
13,61667	49,99
13,63333	49,99
13,65000	49,99
13,66667	49,99
13,68333	49,99
13,70000	49,99
13,71667	49,99
13,73333	49,99
13,75000	49,99
13,76667	49,99
13,78333	49,99
13,80000	49,99
13,81667	49,99
13,83333	49,99
13,85000	50,00
13,86667	50,00
13,88333	50,00
13,90000	50,00
13,91667	50,00
13,93333	50,00
13,95000	50,00
13,96667	50,00
13,98333	50,00
14,00000	50,00
14,01667	50,00
14,03333	50,00
14,05000	50,00
14,06667	50,00
14,08333	50,00
14,10000	50,00
14,11667	50,00
14,13333	50,00
14,15000	50,00
14,16667	50,00
14,18333	50,00
14,20000	50,00
14,21667	50,00
14,23333	50,00
14,25000	50,00
14,26667	50,00
14,28333	50,00
14,30000	50,00
14,31667	50,00
14,33333	49,99
14,35000	49,99
14,36667	49,99
14,38333	49,99
14,40000	49,99
14,41667	49,99
14,43333	49,99
14,45000	49,99
14,46667	49,99
14,48333	49,99
14,50000	49,99
14,51667	49,99
14,53333	49,99
14,55000	49,99
14,56667	49,99
14,58333	49,99
14,60000	49,99
14,61667	49,99
14,63333	50,00
14,65000	50,00
14,66667	50,00
14,68333	50,00
14,70000	50,00
14,71667	50,00
14,73333	50,00
14,75000	50,00
14,76667	50,00
14,78333	50,00
14,80000	50,00
14,81667	50,00
14,83333	50,00
14,85000	50,00
14,86667	50,00
14,88333	50,00
14,90000	50,00
14,91667	50,00
14,93333	50,00
14,95000	50,00
14,96667	50,00
14,98333	50,00
15,00000	50,00
15,01667	50,00
15,03333	50,00
15,05000	50,00
15,06667	50,00
15,08333	50,00
15,10000	50,00
15,11667	50,00
15,13333	50,00
15,15000	50,00
15,16667	50,00
15,18333	50,00
15,20000	50,00
15,21667	50,00
15,23333	50,00
15,25000	50,00
15,26667	50,00
15,28333	50,00
15,30000	50,00
15,31667	50,00
15,33333	50,00
15,35000	50,00
15,36667	50,00
15,38333	50,00
15,40000	49,99
15,41667	49,99
15,43333	49,99
15,45000	49,99
15,46667	49,99
15,48333	49,99
15,50000	49,99
15,51667	49,99
15,53333	49,99
15,55000	49,99
15,56667	49,99
15,58333	49,99
15,60000	49,99
15,61667	49,99
15,63333	49,99
15,65000	49,99
15,66667	49,99
15,68333	49,99
15,70000	49,99
15,71667	49,99
15,73333	49,99
15,75000	49,99
15,76667	49,99
15,78333	49,99
15,80000	49,99
15,81667	49,99
15,83333	49,99
15,85000	49,99
15,86667	49,99
15,88333	50,00
15,90000	50,00
15,91667	50,00
15,93333	50,00
15,95000	50,00
15,96667	50,00
15,98333	50,00
16,00000	50,00
16,01667	50,00
16,03333	50,00
16,05000	50,00
16,06667	50,00
16,08333	50,00
16,10000	50,00
16,11667	50,00
16,13333	50,00
16,15000	50,00
16,16667	50,00
16,18333	50,00
16,20000	50,00
16,21667	50,00
16,23333	50,00
16,25000	50,00
16,26667	50,00
16,28333	50,00
16,30000	50,00
16,31667	50,00
16,33333	50,00
16,35000	50,00
16,36667	50,00
16,38333	50,00
16,40000	50,00
16,41667	50,00
16,43333	49,99
16,45000	50,00
16,46667	50,00
16,48333	50,00
16,50000	50,00
16,51667	50,00
16,53333	50,00
16,55000	50,00
16,56667	50,00
16,58333	50,00
16,60000	50,00
16,61667	50,00
16,63333	50,00
16,65000	50,00
16,66667	50,00
16,68333	50,00
16,70000	50,00
16,71667	50,00
16,73333	50,00
16,75000	50,00
16,76667	50,00
16,78333	50,00
16,80000	50,00
16,81667	50,00
16,83333	50,00
16,85000	50,00
16,86667	50,00
16,88333	50,00
16,90000	49,99
16,91667	49,99
16,93333	49,99
16,95000	49,99
16,96667	49,99
16,98333	49,99
17,00000	49,99
17,01667	49,99
17,03333	49,99
17,05000	49,99
17,06667	49,99
17,08333	49,99
17,10000	49,99
17,11667	49,99
17,13333	49,99
17,15000	49,99
17,16667	49,99
17,18333	49,99
17,20000	49,99
17,21667	49,99
17,23333	49,99
17,25000	49,99
17,26667	49,99
17,28333	49,99
17,30000	49,99
17,31667	49,99
17,33333	50,00
17,35000	50,00
17,36667	50,00
17,38333	50,00
17,40000	50,00
17,41667	50,00
17,43333	50,00
17,45000	50,00
17,46667	50,00
17,48333	50,00
17,50000	50,00
17,51667	50,00
17,53333	50,00
17,55000	50,00
17,56667	50,00
17,58333	50,00
17,60000	50,00
17,61667	50,00
17,63333	50,00
17,65000	50,00
17,66667	50,00
17,68333	50,00
17,70000	50,00
17,71667	50,00
17,73333	50,00
17,75000	50,00
17,76667	50,00
17,78333	50,00
17,80000	50,00
17,81667	50,00
17,83333	49,99
17,85000	49,99
17,86667	49,99
17,88333	49,99
17,90000	49,99
17,91667	49,99
17,93333	49,99
17,95000	49,99
17,96667	49,99
17,98333	49,99
18,00000	49,99
18,01667	49,99
18,03333	49,99
18,05000	49,99
18,06667	49,99
18,08333	49,99
18,10000	49,99
18,11667	49,99
18,13333	49,99
18,15000	49,99
18,16667	49,99
18,18333	49,99
18,20000	49,99
18,21667	49,99
18,23333	49,99
18,25000	49,99
18,26667	50,00
18,28333	50,00
18,30000	50,00
18,31667	50,00
18,33333	50,00
18,35000	50,00
18,36667	50,00
18,38333	50,00
18,40000	50,00
18,41667	50,00
18,43333	50,00
18,45000	50,00
18,46667	50,00
18,48333	50,00
18,50000	50,00
18,51667	50,00
18,53333	50,00
18,55000	50,00
18,56667	50,00
18,58333	50,00
18,60000	50,00
18,61667	50,00
18,63333	50,00
18,65000	50,00
18,66667	50,00
18,68333	50,00
18,70000	50,00
18,71667	50,00
18,73333	50,00
18,75000	50,00
18,76667	50,00
18,78333	50,00
18,80000	50,00
18,81667	50,00
18,83333	50,00
18,85000	50,00
18,86667	50,00
18,88333	50,00
18,90000	50,00
18,91667	50,00
18,93333	50,00
18,95000	50,00
18,96667	50,00
18,98333	50,00
19,00000	50,00
19,01667	50,00
19,03333	50,00
19,05000	50,00
19,06667	50,00
19,08333	50,00
19,10000	50,00
19,11667	50,00
19,13333	50,00
19,15000	50,00
19,16667	50,00
19,18333	50,00
19,20000	50,00
19,21667	50,00
19,23333	50,00
19,25000	50,00
19,26667	50,00
19,28333	50,00
19,30000	50,00
19,31667	50,00
19,33333	50,00
19,35000	50,00
19,36667	50,00
19,38333	50,00
19,40000	50,00
19,41667	50,00
19,43333	50,00
19,45000	50,00
19,46667	50,00
19,48333	50,00
19,50000	50,00
19,51667	50,00
19,53333	50,00
19,55000	50,00
19,56667	50,00
19,58333	50,00
19,60000	50,00
19,61667	50,00
19,63333	50,00
19,65000	50,00
19,66667	50,00
19,68333	50,00
19,70000	50,00
19,71667	50,00
19,73333	50,00
19,75000	50,00
19,76667	50,00
19,78333	50,00
19,80000	50,00
19,81667	50,00
19,83333	50,00
19,85000	50,00
19,86667	50,00
19,88333	50,00
19,90000	50,00
19,91667	50,00
19,93333	50,00
19,95000	50,00
19,96667	50,00
19,98333	50,00
20,00000	50,00
20,01667	50,00
20,03333	50,00
20,05000	50,00
20,06667	50,00
20,08333	50,00
20,10000	50,00
20,11667	49,99
20,13333	49,99
20,15000	49,99
20,16667	49,99
20,18333	49,99
20,20000	49,99
20,21667	49,99
20,23333	49,99
20,25000	49,99
20,26667	49,99
20,28333	49,99
20,30000	49,99
20,31667	50,00
20,33333	50,00
20,35000	50,00
20,36667	50,00
20,38333	50,00
20,40000	50,00
20,41667	50,00
20,43333	50,00
20,45000	50,00
20,46667	50,00
20,48333	50,00
20,50000	50,00
20,51667	50,00
20,53333	50,00
20,55000	50,00
20,56667	50,00
20,58333	50,00
20,60000	50,00
20,61667	50,00
20,63333	50,00
20,65000	50,00
20,66667	50,00
20,68333	50,00
20,70000	50,00
20,71667	50,00
20,73333	50,00
20,75000	50,00
20,76667	50,00
20,78333	50,00
20,80000	50,00
20,81667	49,99
20,83333	49,99
20,85000	49,99
20,86667	49,99
20,88333	49,99
20,90000	49,99
20,91667	49,99
20,93333	49,99
20,95000	49,99
20,96667	49,99
20,98333	49,99
21,00000	49,99
21,01667	49,99
21,03333	49,99
21,05000	49,99
21,06667	49,99
21,08333	49,99
21,10000	49,99
21,11667	49,99
21,13333	49,99
21,15000	50,00
21,16667	50,00
21,18333	50,00
21,20000	50,00
21,21667	50,00
21,23333	50,00
21,25000	50,00
21,26667	50,00
21,28333	50,00
21,30000	50,00
21,31667	50,00
21,33333	50,00
21,35000	50,00
21,36667	50,00
21,38333	50,00
21,40000	50,00
21,41667	50,00
21,43333	50,00
21,45000	50,00
21,46667	50,00
21,48333	50,00
21,50000	50,00
21,51667	50,00
21,53333	50,00
21,55000	50,00
21,56667	50,00
21,58333	50,00
21,60000	50,00
21,61667	50,00
21,63333	50,00
21,65000	50,00
21,66667	50,00
21,68333	50,00
21,70000	50,00
21,71667	50,00
21,73333	50,00
21,75000	50,00
21,76667	50,00
21,78333	50,00
21,80000	50,00
21,81667	50,00
21,83333	50,00
21,85000	50,00
21,86667	50,00
21,88333	50,00
21,90000	50,00
21,91667	50,00
21,93333	50,00
21,95000	50,00
21,96667	50,00
21,98333	50,00
22,00000	50,00
22,01667	50,00
22,03333	50,00
22,05000	50,00
22,06667	50,00
22,08333	50,00
22,10000	50,00
22,11667	50,00
22,13333	50,00
22,15000	50,00
22,16667	50,00
22,18333	50,00
22,20000	50,00
22,21667	50,00
22,23333	50,00
22,25000	50,00
22,26667	50,00
22,28333	50,00
22,30000	50,00
22,31667	50,00
22,33333	50,00
22,35000	50,00
22,36667	50,00
22,38333	50,00
22,40000	50,00
22,41667	50,00
22,43333	50,00
22,45000	50,00
22,46667	50,00
22,48333	50,00
22,50000	50,00
22,51667	50,00
22,53333	50,00
22,55000	50,00
22,56667	50,00
22,58333	50,00
22,60000	49,99
22,61667	49,99
22,63333	49,99
22,65000	49,99
22,66667	49,99
22,68333	49,99
22,70000	49,99
22,71667	49,99
22,73333	49,99
22,75000	49,99
22,76667	49,99
22,78333	49,99
22,80000	49,99
22,81667	49,99
22,83333	49,99
22,85000	49,99
22,86667	49,99
22,88333	49,99
22,90000	49,99
22,91667	49,99
22,93333	49,99
22,95000	50,00
22,96667	50,00
22,98333	50,00
23,00000	50,00
23,01667	50,00
23,03333	50,00
23,05000	50,00
23,06667	50,00
23,08333	50,00
23,10000	50,00
23,11667	50,00
23,13333	50,00
23,15000	50,00
23,16667	50,00
23,18333	50,00
23,20000	50,00
23,21667	50,00
23,23333	50,00
23,25000	50,00
23,26667	50,00
23,28333	50,00
23,30000	50,00
23,31667	50,00
23,33333	50,00
23,35000	50,00
23,36667	50,00
23,38333	50,00
23,40000	50,00
23,41667	50,00
23,43333	50,00
23,45000	49,99
23,46667	49,99
23,48333	49,99
23,50000	49,99
23,51667	49,99
23,53333	49,99
23,55000	49,99
23,56667	49,99
23,58333	49,99
23,60000	49,99
23,61667	49,99
23,63333	49,99
23,65000	49,99
23,66667	49,99
23,68333	49,99
23,70000	49,99
23,71667	49,99
23,73333	49,99
23,75000	49,99
23,76667	49,99
23,78333	49,99
23,80000	49,99
23,81667	49,99
23,83333	49,99
23,85000	49,99
23,86667	49,99
23,88333	49,99
23,90000	50,00
23,91667	50,00
23,93333	50,00
23,95000	50,00
23,96667	50,00
23,98333	50,00
24,00000	50,00
24,01667	50,00
24,03333	50,00
24,05000	50,00
24,06667	50,00
24,08333	50,00
24,10000	50,00
24,11667	50,00
24,13333	50,00
24,15000	50,00
24,16667	50,00
24,18333	49,99
24,20000	49,99
24,21667	49,99
24,23333	49,99
24,25000	49,99
24,26667	49,99
24,28333	49,99
24,30000	49,99
24,31667	49,99
24,33333	49,99
24,35000	49,99
24,36667	49,99
24,38333	49,99
24,40000	49,99
24,41667	49,99
24,43333	49,99
24,45000	49,99
24,46667	49,99
24,48333	49,99
24,50000	49,99
24,51667	49,99
24,53333	50,00
24,55000	50,00
24,56667	50,00
24,58333	50,00
24,60000	50,00
24,61667	50,00
24,63333	50,00
24,65000	50,00
24,66667	50,00
24,68333	50,00
24,70000	50,00
24,71667	50,00
24,73333	50,00
24,75000	50,00
24,76667	50,00
24,78333	50,00
24,80000	50,00
24,81667	50,00
24,83333	50,00
24,85000	50,00
24,86667	50,00
24,88333	50,00
24,90000	50,00
24,91667	50,00
24,93333	50,00
24,95000	50,00
24,96667	50,00
24,98333	50,00
25,00000	50,00
25,01667	50,00
25,03333	50,00
25,05000	50,00
25,06667	50,00
25,08333	50,00
25,10000	50,00
25,11667	50,00
25,13333	50,00
25,15000	50,00
25,16667	50,00
25,18333	50,00
25,20000	50,00
25,21667	50,00
25,23333	50,00
25,25000	50,00
25,26667	50,00
25,28333	50,00
25,30000	50,00
25,31667	50,00
25,33333	50,00
25,35000	50,00
25,36667	50,00
25,38333	50,00
25,40000	50,00
25,41667	50,00
25,43333	50,00
25,45000	50,00
25,46667	50,00
25,48333	50,00
25,50000	50,00
25,51667	50,00
25,53333	50,00
25,55000	50,00
25,56667	50,00
25,58333	50,00
25,60000	50,00
25,61667	50,00
25,63333	50,00
25,65000	50,00
25,66667	50,00
25,68333	50,00
25,70000	50,00
25,71667	50,00
25,73333	50,00
25,75000	50,00
25,76667	50,00
25,78333	50,00
25,80000	50,00
25,81667	50,00
25,83333	50,00
25,85000	50,00
25,86667	50,00
25,88333	50,00
25,90000	50,00
25,91667	50,00
25,93333	50,00
25,95000	50,00
25,96667	50,00
25,98333	50,00
26,00000	50,00
26,01667	50,00
26,03333	50,00
26,05000	50,00
26,06667	50,00
26,08333	50,00
26,10000	50,00
26,11667	50,00
26,13333	50,00
26,15000	50,00
26,16667	50,00
26,18333	50,00
26,20000	50,00
26,21667	50,00
26,23333	50,00
26,25000	50,00
26,26667	50,00
26,28333	50,00
26,30000	50,00
26,31667	50,00
26,33333	50,00
26,35000	50,00
26,36667	50,00
26,38333	50,00
26,40000	50,00
26,41667	50,00
26,43333	50,00
26,45000	50,00
26,46667	50,00
26,48333	50,00
26,50000	50,00
26,51667	50,00
26,53333	50,00
26,55000	50,00
26,56667	50,00
26,58333	50,00
26,60000	50,00
26,61667	50,00
26,63333	50,00
26,65000	50,00
26,66667	50,00
26,68333	50,00
26,70000	50,00
26,71667	50,00
26,73333	50,00
26,75000	50,00
26,76667	50,00
26,78333	50,00
26,80000	50,00
26,81667	50,00
26,83333	50,00
26,85000	50,00
26,86667	50,00
26,88333	50,00
26,90000	50,00
26,91667	50,00
26,93333	50,00
26,95000	50,00
26,96667	50,00
26,98333	50,00
27,00000	50,00
27,01667	50,00
27,03333	50,00
27,05000	50,00
27,06667	50,00
27,08333	50,00
27,10000	50,00
27,11667	50,00
27,13333	50,00
27,15000	50,00
27,16667	50,00
27,18333	50,00
27,20000	50,00
27,21667	50,00
27,23333	50,00
27,25000	50,00
27,26667	50,00
27,28333	50,00
27,30000	50,00
27,31667	50,00
27,33333	50,00
27,35000	50,00
27,36667	50,00
27,38333	50,00
27,40000	50,00
27,41667	50,00
27,43333	50,00
27,45000	50,00
27,46667	50,00
27,48333	50,00
27,50000	50,00
27,51667	50,00
27,53333	50,00
27,55000	50,00
27,56667	50,00
27,58333	50,00
27,60000	50,00
27,61667	50,00
27,63333	50,00
27,65000	50,00
27,66667	50,00
27,68333	50,00
27,70000	50,00
27,71667	50,00
27,73333	50,00
27,75000	50,00
27,76667	50,00
27,78333	50,00
27,80000	50,00
27,81667	50,00
27,83333	50,00
27,85000	50,00
27,86667	50,00
27,88333	50,00
27,90000	50,00
27,91667	50,00
27,93333	50,00
27,95000	50,00
27,96667	50,00
27,98333	50,00
28,00000	50,00
28,01667	50,00
28,03333	50,00
28,05000	50,00
28,06667	50,00
28,08333	50,00
28,10000	50,00
28,11667	50,00
28,13333	50,00
28,15000	50,00
28,16667	50,00
28,18333	49,99
28,20000	49,99
28,21667	49,99
28,23333	49,99
28,25000	49,99
28,26667	49,99
28,28333	49,99
28,30000	49,99
28,31667	49,99
28,33333	49,99
28,35000	49,99
28,36667	49,99
28,38333	49,99
28,40000	49,99
28,41667	49,99
28,43333	49,99
28,45000	49,99
28,46667	49,99
28,48333	49,99
28,50000	49,99
28,51667	49,99
28,53333	49,99
28,55000	49,99
28,56667	49,99
28,58333	49,99
28,60000	49,99
28,61667	49,99
28,63333	49,99
28,65000	49,99
28,66667	49,99
28,68333	49,99
28,70000	49,99
28,71667	49,99
28,73333	49,99
28,75000	49,99
28,76667	49,99
28,78333	50,00
28,80000	50,00
28,81667	50,00
28,83333	50,00
28,85000	50,00
28,86667	50,00
28,88333	50,00
28,90000	50,00
28,91667	50,00
28,93333	50,00
28,95000	50,00
28,96667	50,00
28,98333	50,00
29,00000	50,00
29,01667	50,00
29,03333	50,00
29,05000	50,00
29,06667	50,00
29,08333	50,00
29,10000	50,00
29,11667	50,00
29,13333	49,99
29,15000	49,99
29,16667	49,99
29,18333	49,99
29,20000	49,99
29,21667	49,99
29,23333	49,99
29,25000	49,99
29,26667	49,99
29,28333	49,99
29,30000	49,99
29,31667	49,99
29,33333	49,99
29,35000	49,99
29,36667	49,99
29,38333	49,99
29,40000	49,99
29,41667	49,99
29,43333	49,99
29,45000	49,99
29,46667	49,99
29,48333	49,99
29,50000	49,99
29,51667	49,99
29,53333	49,99
29,55000	49,99
29,56667	49,99
29,58333	49,99
29,60000	49,99
29,61667	49,99
29,63333	49,99
29,65000	49,99
29,66667	49,99
29,68333	49,99
29,70000	49,99
29,71667	49,99
29,73333	49,99
29,75000	49,99
29,76667	49,99
29,78333	49,99
29,80000	49,99
29,81667	49,99
29,83333	49,99
29,85000	49,99
29,86667	49,99
29,88333	49,99
29,90000	49,99
29,91667	49,99
29,93333	49,99
29,95000	49,99
29,96667	49,99
29,98333	49,99
30,00000	49,99
30,01667	49,99
30,03333	49,99
30,05000	49,99
30,06667	49,99
30,08333	49,99
30,10000	49,99
30,11667	49,99
30,13333	49,99
30,15000	49,99
30,16667	49,99
30,18333	49,99
30,20000	49,99
30,21667	49,99
30,23333	49,99
30,25000	49,99
30,26667	49,99
30,28333	49,99
30,30000	49,99
30,31667	49,99
30,33333	49,99
30,35000	49,99
30,36667	49,99
30,38333	49,99
30,40000	49,99
30,41667	49,99
30,43333	49,99
30,45000	49,99
30,46667	49,99
30,48333	49,99
30,50000	49,99
30,51667	49,99
30,53333	49,99
30,55000	49,99
30,56667	49,99
30,58333	49,99
30,60000	49,99
30,61667	49,99
30,63333	49,99
30,65000	49,99
30,66667	49,99
30,68333	49,99
30,70000	49,99
30,71667	49,99
30,73333	49,99
30,75000	49,99
30,76667	49,99
30,78333	49,99
30,80000	49,99
30,81667	49,99
30,83333	49,99
30,85000	49,99
30,86667	49,99
30,88333	49,99
30,90000	49,99
30,91667	49,99
30,93333	49,99
30,95000	49,99
30,96667	49,99
30,98333	49,99
31,00000	49,99
31,01667	49,99
31,03333	49,99
31,05000	49,99
31,06667	49,99
31,08333	49,99
31,10000	49,99
31,11667	49,99
31,13333	49,99
31,15000	49,99
31,16667	49,99
31,18333	49,99
31,20000	49,99
31,21667	49,99
31,23333	49,99
31,25000	49,99
31,26667	49,99
31,28333	49,99
31,30000	49,99
31,31667	49,99
31,33333	49,99
31,35000	49,99
31,36667	49,99
31,38333	49,99
31,40000	49,99
31,41667	49,99
31,43333	49,99
31,45000	49,99
31,46667	49,99
31,48333	49,99
31,50000	49,99
31,51667	49,99
31,53333	49,99
31,55000	49,99
31,56667	49,99
31,58333	49,99
31,60000	49,99
31,61667	49,99
31,63333	49,99
31,65000	49,99
31,66667	49,99
31,68333	49,99
31,70000	49,99
31,71667	49,99
31,73333	49,99
31,75000	49,99
31,76667	49,99
31,78333	49,99
31,80000	49,99
31,81667	49,99
31,83333	49,99
31,85000	49,99
31,86667	49,99
31,88333	49,99
31,90000	49,99
31,91667	50,00
31,93333	50,00
31,95000	50,00
31,96667	50,00
31,98333	50,00
32,00000	50,00

[LC Status Trace(PDA Optical Unit Temp.)]
Interval(msec)	1000
# of Points	1921
Start Time(min)	0,000
End Time(min)	32,000
Intensity Units	C
Intensity Multiplier	1
R.Time (min)	Intensity
0,00000	47,01
0,01667	47,01
0,03333	47,01
0,05000	47,01
0,06667	47,01
0,08333	47,01
0,10000	47,01
0,11667	47,01
0,13333	47,01
0,15000	47,01
0,16667	47,01
0,18333	47,01
0,20000	47,01
0,21667	47,01
0,23333	47,01
0,25000	47,01
0,26667	47,01
0,28333	47,01
0,30000	47,01
0,31667	47,01
0,33333	47,01
0,35000	47,01
0,36667	47,01
0,38333	47,00
0,40000	47,01
0,41667	47,00
0,43333	47,00
0,45000	47,00
0,46667	47,00
0,48333	47,00
0,50000	47,00
0,51667	47,00
0,53333	47,00
0,55000	47,00
0,56667	47,00
0,58333	47,00
0,60000	47,00
0,61667	47,01
0,63333	47,01
0,65000	47,01
0,66667	47,01
0,68333	47,01
0,70000	47,01
0,71667	47,01
0,73333	47,01
0,75000	47,01
0,76667	47,01
0,78333	47,01
0,80000	47,01
0,81667	47,01
0,83333	47,01
0,85000	47,01
0,86667	47,01
0,88333	47,01
0,90000	47,00
0,91667	47,00
0,93333	47,00
0,95000	47,00
0,96667	47,00
0,98333	47,00
1,00000	47,00
1,01667	47,00
1,03333	47,00
1,05000	47,00
1,06667	47,00
1,08333	47,00
1,10000	47,00
1,11667	47,00
1,13333	47,01
1,15000	47,01
1,16667	47,01
1,18333	47,01
1,20000	47,01
1,21667	47,01
1,23333	47,01
1,25000	47,00
1,26667	47,01
1,28333	47,00
1,30000	47,01
1,31667	47,01
1,33333	47,00
1,35000	47,00
1,36667	47,00
1,38333	47,00
1,40000	47,00
1,41667	47,00
1,43333	47,00
1,45000	47,00
1,46667	47,00
1,48333	47,00
1,50000	47,00
1,51667	47,00
1,53333	47,00
1,55000	47,00
1,56667	47,01
1,58333	47,01
1,60000	47,00
1,61667	47,01
1,63333	47,01
1,65000	47,01
1,66667	47,00
1,68333	47,00
1,70000	47,00
1,71667	47,00
1,73333	47,00
1,75000	47,00
1,76667	47,00
1,78333	47,00
1,80000	47,00
1,81667	47,00
1,83333	47,00
1,85000	47,00
1,86667	47,00
1,88333	47,00
1,90000	47,00
1,91667	47,00
1,93333	47,00
1,95000	47,00
1,96667	47,00
1,98333	47,00
2,00000	47,00
2,01667	47,00
2,03333	47,00
2,05000	47,00
2,06667	47,00
2,08333	47,00
2,10000	47,00
2,11667	47,00
2,13333	47,00
2,15000	47,00
2,16667	47,00
2,18333	47,00
2,20000	47,00
2,21667	47,00
2,23333	47,00
2,25000	47,00
2,26667	47,00
2,28333	47,00
2,30000	47,00
2,31667	47,00
2,33333	47,00
2,35000	47,00
2,36667	47,00
2,38333	47,00
2,40000	47,00
2,41667	47,00
2,43333	47,00
2,45000	47,00
2,46667	47,00
2,48333	47,00
2,50000	47,00
2,51667	47,00
2,53333	47,00
2,55000	47,00
2,56667	47,00
2,58333	47,00
2,60000	47,00
2,61667	47,00
2,63333	47,00
2,65000	47,00
2,66667	47,00
2,68333	47,00
2,70000	47,00
2,71667	47,00
2,73333	47,00
2,75000	47,00
2,76667	47,00
2,78333	47,00
2,80000	47,00
2,81667	47,00
2,83333	47,00
2,85000	47,00
2,86667	47,00
2,88333	47,00
2,90000	47,00
2,91667	47,00
2,93333	47,00
2,95000	47,00
2,96667	47,00
2,98333	47,00
3,00000	47,00
3,01667	47,00
3,03333	47,00
3,05000	47,00
3,06667	47,00
3,08333	47,00
3,10000	47,00
3,11667	47,00
3,13333	47,00
3,15000	47,00
3,16667	47,00
3,18333	47,00
3,20000	47,00
3,21667	47,00
3,23333	47,00
3,25000	47,00
3,26667	47,00
3,28333	47,00
3,30000	47,00
3,31667	47,00
3,33333	47,00
3,35000	47,00
3,36667	47,00
3,38333	47,00
3,40000	47,00
3,41667	47,00
3,43333	47,00
3,45000	47,00
3,46667	47,00
3,48333	47,00
3,50000	47,00
3,51667	47,00
3,53333	47,00
3,55000	47,00
3,56667	47,00
3,58333	47,00
3,60000	47,00
3,61667	47,00
3,63333	47,00
3,65000	47,00
3,66667	47,00
3,68333	47,00
3,70000	47,00
3,71667	47,00
3,73333	47,00
3,75000	47,00
3,76667	47,00
3,78333	47,00
3,80000	47,00
3,81667	47,00
3,83333	47,00
3,85000	47,00
3,86667	47,00
3,88333	47,00
3,90000	47,00
3,91667	47,00
3,93333	47,00
3,95000	47,00
3,96667	47,00
3,98333	47,00
4,00000	47,00
4,01667	47,00
4,03333	47,00
4,05000	47,00
4,06667	47,00
4,08333	47,00
4,10000	47,00
4,11667	47,00
4,13333	47,00
4,15000	47,00
4,16667	47,00
4,18333	47,00
4,20000	47,00
4,21667	47,00
4,23333	47,00
4,25000	47,00
4,26667	47,00
4,28333	47,00
4,30000	47,00
4,31667	47,00
4,33333	47,00
4,35000	47,00
4,36667	47,00
4,38333	47,00
4,40000	47,00
4,41667	47,00
4,43333	47,00
4,45000	47,00
4,46667	47,00
4,48333	47,00
4,50000	47,00
4,51667	47,00
4,53333	47,00
4,55000	47,00
4,56667	47,00
4,58333	47,00
4,60000	47,00
4,61667	47,00
4,63333	47,00
4,65000	47,00
4,66667	47,00
4,68333	47,00
4,70000	47,00
4,71667	47,00
4,73333	47,00
4,75000	47,00
4,76667	47,00
4,78333	47,00
4,80000	47,00
4,81667	47,00
4,83333	47,00
4,85000	47,00
4,86667	47,00
4,88333	47,00
4,90000	47,00
4,91667	47,00
4,93333	47,00
4,95000	47,00
4,96667	47,00
4,98333	47,00
5,00000	47,00
5,01667	47,00
5,03333	47,00
5,05000	47,00
5,06667	47,00
5,08333	47,00
5,10000	47,00
5,11667	47,00
5,13333	47,00
5,15000	47,00
5,16667	47,00
5,18333	47,00
5,20000	47,00
5,21667	47,00
5,23333	47,00
5,25000	47,00
5,26667	47,00
5,28333	47,00
5,30000	47,00
5,31667	47,00
5,33333	47,00
5,35000	47,00
5,36667	47,00
5,38333	47,00
5,40000	47,00
5,41667	47,00
5,43333	47,00
5,45000	47,00
5,46667	47,00
5,48333	47,00
5,50000	47,00
5,51667	47,00
5,53333	47,00
5,55000	47,00
5,56667	47,00
5,58333	47,00
5,60000	47,00
5,61667	47,00
5,63333	47,00
5,65000	47,00
5,66667	47,00
5,68333	47,00
5,70000	47,00
5,71667	47,00
5,73333	47,00
5,75000	47,00
5,76667	47,00
5,78333	47,00
5,80000	47,00
5,81667	47,00
5,83333	47,00
5,85000	47,00
5,86667	47,00
5,88333	47,00
5,90000	47,00
5,91667	47,00
5,93333	47,00
5,95000	47,00
5,96667	47,00
5,98333	47,00
6,00000	47,00
6,01667	47,00
6,03333	47,00
6,05000	47,00
6,06667	47,00
6,08333	47,00
6,10000	47,00
6,11667	47,00
6,13333	47,00
6,15000	47,00
6,16667	47,00
6,18333	47,00
6,20000	47,00
6,21667	47,00
6,23333	47,00
6,25000	47,00
6,26667	47,00
6,28333	47,00
6,30000	47,00
6,31667	47,00
6,33333	47,00
6,35000	47,00
6,36667	47,00
6,38333	47,00
6,40000	47,00
6,41667	47,00
6,43333	47,00
6,45000	47,00
6,46667	47,00
6,48333	47,00
6,50000	47,00
6,51667	47,00
6,53333	47,00
6,55000	47,00
6,56667	47,00
6,58333	47,00
6,60000	47,00
6,61667	47,00
6,63333	47,00
6,65000	47,00
6,66667	47,00
6,68333	47,00
6,70000	47,00
6,71667	47,00
6,73333	47,00
6,75000	47,00
6,76667	47,00
6,78333	47,00
6,80000	47,00
6,81667	47,00
6,83333	47,00
6,85000	47,00
6,86667	47,00
6,88333	47,00
6,90000	47,00
6,91667	47,00
6,93333	47,00
6,95000	47,00
6,96667	47,00
6,98333	47,00
7,00000	47,00
7,01667	47,00
7,03333	47,00
7,05000	47,00
7,06667	47,00
7,08333	47,00
7,10000	47,00
7,11667	47,00
7,13333	47,00
7,15000	46,99
7,16667	47,00
7,18333	46,99
7,20000	46,99
7,21667	46,99
7,23333	46,99
7,25000	46,99
7,26667	46,99
7,28333	46,99
7,30000	46,99
7,31667	46,99
7,33333	46,99
7,35000	46,99
7,36667	46,99
7,38333	46,99
7,40000	46,99
7,41667	46,99
7,43333	46,99
7,45000	46,99
7,46667	46,99
7,48333	46,99
7,50000	46,99
7,51667	46,99
7,53333	46,99
7,55000	46,99
7,56667	46,99
7,58333	46,99
7,60000	46,99
7,61667	46,99
7,63333	46,99
7,65000	46,99
7,66667	46,99
7,68333	46,99
7,70000	46,99
7,71667	46,99
7,73333	46,99
7,75000	46,99
7,76667	46,99
7,78333	46,99
7,80000	46,99
7,81667	46,99
7,83333	46,99
7,85000	46,99
7,86667	46,99
7,88333	46,99
7,90000	46,99
7,91667	46,99
7,93333	46,99
7,95000	46,99
7,96667	46,99
7,98333	46,99
8,00000	46,99
8,01667	46,99
8,03333	46,99
8,05000	46,99
8,06667	46,99
8,08333	46,99
8,10000	46,99
8,11667	46,99
8,13333	46,99
8,15000	46,99
8,16667	46,99
8,18333	46,99
8,20000	46,99
8,21667	46,99
8,23333	46,99
8,25000	46,99
8,26667	46,99
8,28333	46,99
8,30000	46,99
8,31667	46,99
8,33333	46,99
8,35000	46,99
8,36667	46,99
8,38333	46,99
8,40000	46,99
8,41667	46,99
8,43333	46,99
8,45000	46,99
8,46667	46,99
8,48333	46,99
8,50000	46,99
8,51667	46,99
8,53333	46,99
8,55000	46,99
8,56667	46,99
8,58333	46,99
8,60000	46,99
8,61667	46,99
8,63333	46,99
8,65000	46,99
8,66667	46,99
8,68333	46,99
8,70000	46,99
8,71667	46,99
8,73333	46,99
8,75000	46,99
8,76667	46,99
8,78333	46,99
8,80000	46,99
8,81667	46,99
8,83333	46,99
8,85000	46,99
8,86667	46,99
8,88333	46,99
8,90000	46,99
8,91667	46,99
8,93333	46,99
8,95000	46,99
8,96667	46,99
8,98333	46,99
9,00000	46,99
9,01667	46,99
9,03333	46,99
9,05000	46,99
9,06667	46,99
9,08333	46,99
9,10000	46,99
9,11667	46,99
9,13333	46,99
9,15000	46,99
9,16667	46,99
9,18333	46,99
9,20000	46,99
9,21667	46,99
9,23333	46,99
9,25000	46,99
9,26667	46,99
9,28333	46,99
9,30000	46,99
9,31667	46,99
9,33333	46,99
9,35000	46,99
9,36667	46,99
9,38333	46,99
9,40000	46,99
9,41667	46,99
9,43333	46,99
9,45000	46,99
9,46667	46,99
9,48333	46,99
9,50000	46,99
9,51667	46,99
9,53333	46,99
9,55000	46,99
9,56667	46,99
9,58333	46,99
9,60000	46,99
9,61667	46,99
9,63333	46,99
9,65000	46,99
9,66667	46,99
9,68333	46,99
9,70000	46,99
9,71667	46,99
9,73333	46,99
9,75000	46,99
9,76667	46,99
9,78333	46,99
9,80000	46,99
9,81667	46,99
9,83333	46,99
9,85000	46,99
9,86667	46,99
9,88333	46,99
9,90000	46,99
9,91667	46,99
9,93333	46,99
9,95000	46,99
9,96667	46,99
9,98333	46,99
10,00000	46,99
10,01667	46,99
10,03333	46,99
10,05000	46,99
10,06667	46,99
10,08333	46,99
10,10000	46,99
10,11667	46,99
10,13333	46,99
10,15000	46,99
10,16667	46,99
10,18333	46,99
10,20000	46,99
10,21667	46,99
10,23333	46,99
10,25000	46,99
10,26667	46,99
10,28333	46,99
10,30000	46,99
10,31667	46,99
10,33333	46,99
10,35000	46,99
10,36667	46,99
10,38333	46,99
10,40000	46,99
10,41667	46,99
10,43333	46,99
10,45000	46,99
10,46667	46,99
10,48333	46,99
10,50000	46,99
10,51667	46,99
10,53333	46,99
10,55000	46,99
10,56667	46,99
10,58333	46,99
10,60000	46,99
10,61667	46,99
10,63333	46,99
10,65000	46,99
10,66667	46,99
10,68333	46,99
10,70000	46,99
10,71667	46,99
10,73333	46,99
10,75000	46,99
10,76667	46,99
10,78333	46,99
10,80000	46,99
10,81667	46,99
10,83333	46,99
10,85000	46,99
10,86667	46,99
10,88333	46,99
10,90000	46,99
10,91667	46,99
10,93333	46,99
10,95000	46,99
10,96667	46,99
10,98333	46,99
11,00000	46,99
11,01667	46,99
11,03333	46,99
11,05000	46,99
11,06667	46,99
11,08333	46,99
11,10000	46,99
11,11667	46,99
11,13333	46,99
11,15000	46,99
11,16667	46,99
11,18333	46,99
11,20000	46,99
11,21667	46,99
11,23333	46,99
11,25000	46,99
11,26667	46,99
11,28333	46,99
11,30000	46,99
11,31667	46,99
11,33333	46,99
11,35000	46,99
11,36667	46,99
11,38333	46,99
11,40000	46,99
11,41667	46,99
11,43333	46,99
11,45000	46,99
11,46667	46,99
11,48333	46,99
11,50000	46,99
11,51667	46,99
11,53333	46,99
11,55000	46,99
11,56667	46,99
11,58333	46,99
11,60000	46,99
11,61667	46,99
11,63333	46,99
11,65000	46,99
11,66667	46,99
11,68333	46,99
11,70000	46,99
11,71667	46,99
11,73333	46,99
11,75000	46,99
11,76667	46,99
11,78333	46,99
11,80000	46,99
11,81667	46,99
11,83333	46,99
11,85000	46,99
11,86667	46,99
11,88333	46,99
11,90000	46,99
11,91667	46,99
11,93333	46,99
11,95000	46,99
11,96667	46,99
11,98333	46,99
12,00000	46,99
12,01667	46,99
12,03333	46,99
12,05000	46,99
12,06667	46,99
12,08333	46,99
12,10000	46,99
12,11667	46,99
12,13333	46,99
12,15000	46,99
12,16667	46,99
12,18333	46,99
12,20000	46,99
12,21667	46,99
12,23333	46,99
12,25000	46,99
12,26667	46,99
12,28333	46,99
12,30000	46,99
12,31667	46,99
12,33333	46,99
12,35000	46,99
12,36667	46,99
12,38333	46,99
12,40000	46,99
12,41667	46,99
12,43333	46,99
12,45000	46,99
12,46667	46,99
12,48333	46,99
12,50000	46,99
12,51667	46,99
12,53333	46,99
12,55000	46,99
12,56667	46,99
12,58333	46,99
12,60000	46,99
12,61667	46,99
12,63333	46,99
12,65000	46,99
12,66667	46,99
12,68333	46,99
12,70000	46,99
12,71667	46,99
12,73333	46,99
12,75000	46,99
12,76667	46,99
12,78333	46,98
12,80000	46,98
12,81667	46,98
12,83333	46,98
12,85000	46,98
12,86667	46,98
12,88333	46,98
12,90000	46,98
12,91667	46,98
12,93333	46,98
12,95000	46,98
12,96667	46,98
12,98333	46,98
13,00000	46,98
13,01667	46,98
13,03333	46,98
13,05000	46,98
13,06667	46,98
13,08333	46,98
13,10000	46,98
13,11667	46,98
13,13333	46,98
13,15000	46,98
13,16667	46,98
13,18333	46,98
13,20000	46,98
13,21667	46,98
13,23333	46,98
13,25000	46,98
13,26667	46,98
13,28333	46,98
13,30000	46,98
13,31667	46,98
13,33333	46,98
13,35000	46,98
13,36667	46,98
13,38333	46,98
13,40000	46,98
13,41667	46,98
13,43333	46,98
13,45000	46,98
13,46667	46,98
13,48333	46,98
13,50000	46,98
13,51667	46,98
13,53333	46,98
13,55000	46,98
13,56667	46,98
13,58333	46,98
13,60000	46,98
13,61667	46,98
13,63333	46,98
13,65000	46,98
13,66667	46,98
13,68333	46,98
13,70000	46,98
13,71667	46,98
13,73333	46,98
13,75000	46,98
13,76667	46,98
13,78333	46,98
13,80000	46,98
13,81667	46,98
13,83333	46,98
13,85000	46,98
13,86667	46,98
13,88333	46,98
13,90000	46,98
13,91667	46,98
13,93333	46,98
13,95000	46,98
13,96667	46,98
13,98333	46,98
14,00000	46,98
14,01667	46,98
14,03333	46,98
14,05000	46,98
14,06667	46,98
14,08333	46,98
14,10000	46,98
14,11667	46,98
14,13333	46,98
14,15000	46,98
14,16667	46,98
14,18333	46,98
14,20000	46,98
14,21667	46,98
14,23333	46,98
14,25000	46,98
14,26667	46,98
14,28333	46,98
14,30000	46,98
14,31667	46,98
14,33333	46,98
14,35000	46,98
14,36667	46,98
14,38333	46,98
14,40000	46,98
14,41667	46,98
14,43333	46,98
14,45000	46,98
14,46667	46,98
14,48333	46,98
14,50000	46,98
14,51667	46,98
14,53333	46,98
14,55000	46,98
14,56667	46,98
14,58333	46,98
14,60000	46,98
14,61667	46,98
14,63333	46,98
14,65000	46,98
14,66667	46,98
14,68333	46,98
14,70000	46,98
14,71667	46,98
14,73333	46,98
14,75000	46,98
14,76667	46,98
14,78333	46,98
14,80000	46,98
14,81667	46,98
14,83333	46,98
14,85000	46,98
14,86667	46,98
14,88333	46,98
14,90000	46,98
14,91667	46,98
14,93333	46,98
14,95000	46,98
14,96667	46,98
14,98333	46,98
15,00000	46,98
15,01667	46,98
15,03333	46,98
15,05000	46,98
15,06667	46,98
15,08333	46,98
15,10000	46,98
15,11667	46,98
15,13333	46,98
15,15000	46,98
15,16667	46,98
15,18333	46,98
15,20000	46,98
15,21667	46,98
15,23333	46,98
15,25000	46,98
15,26667	46,98
15,28333	46,98
15,30000	46,98
15,31667	46,98
15,33333	46,98
15,35000	46,98
15,36667	46,98
15,38333	46,98
15,40000	46,99
15,41667	46,99
15,43333	46,99
15,45000	46,98
15,46667	46,98
15,48333	46,98
15,50000	46,98
15,51667	46,98
15,53333	46,98
15,55000	46,98
15,56667	46,98
15,58333	46,98
15,60000	46,98
15,61667	46,98
15,63333	46,98
15,65000	46,98
15,66667	46,98
15,68333	46,98
15,70000	46,98
15,71667	46,98
15,73333	46,98
15,75000	46,98
15,76667	46,98
15,78333	46,98
15,80000	46,98
15,81667	46,98
15,83333	46,98
15,85000	46,98
15,86667	46,98
15,88333	46,98
15,90000	46,98
15,91667	46,98
15,93333	46,98
15,95000	46,98
15,96667	46,98
15,98333	46,98
16,00000	46,98
16,01667	46,98
16,03333	46,98
16,05000	46,98
16,06667	46,98
16,08333	46,98
16,10000	46,98
16,11667	46,98
16,13333	46,98
16,15000	46,98
16,16667	46,98
16,18333	46,98
16,20000	46,98
16,21667	46,98
16,23333	46,98
16,25000	46,98
16,26667	46,98
16,28333	46,98
16,30000	46,98
16,31667	46,98
16,33333	46,98
16,35000	46,98
16,36667	46,98
16,38333	46,98
16,40000	46,98
16,41667	46,98
16,43333	46,98
16,45000	46,98
16,46667	46,98
16,48333	46,98
16,50000	46,98
16,51667	46,98
16,53333	46,98
16,55000	46,98
16,56667	46,98
16,58333	46,98
16,60000	46,98
16,61667	46,98
16,63333	46,98
16,65000	46,98
16,66667	46,98
16,68333	46,98
16,70000	46,98
16,71667	46,98
16,73333	46,98
16,75000	46,98
16,76667	46,98
16,78333	46,98
16,80000	46,98
16,81667	46,98
16,83333	46,98
16,85000	46,98
16,86667	46,99
16,88333	46,99
16,90000	46,99
16,91667	46,99
16,93333	46,98
16,95000	46,98
16,96667	46,98
16,98333	46,98
17,00000	46,98
17,01667	46,98
17,03333	46,98
17,05000	46,98
17,06667	46,98
17,08333	46,98
17,10000	46,98
17,11667	46,98
17,13333	46,98
17,15000	46,98
17,16667	46,98
17,18333	46,98
17,20000	46,98
17,21667	46,98
17,23333	46,98
17,25000	46,98
17,26667	46,99
17,28333	46,98
17,30000	46,99
17,31667	46,99
17,33333	46,99
17,35000	46,99
17,36667	46,99
17,38333	46,99
17,40000	46,99
17,41667	46,99
17,43333	46,99
17,45000	46,99
17,46667	46,99
17,48333	46,99
17,50000	46,99
17,51667	46,99
17,53333	46,98
17,55000	46,98
17,56667	46,98
17,58333	46,98
17,60000	46,98
17,61667	46,98
17,63333	46,98
17,65000	46,99
17,66667	46,98
17,68333	46,98
17,70000	46,98
17,71667	46,99
17,73333	46,99
17,75000	46,99
17,76667	46,99
17,78333	46,99
17,80000	46,99
17,81667	46,99
17,83333	46,99
17,85000	46,99
17,86667	46,99
17,88333	46,99
17,90000	46,99
17,91667	46,99
17,93333	46,98
17,95000	46,99
17,96667	46,98
17,98333	46,98
18,00000	46,98
18,01667	46,98
18,03333	46,98
18,05000	46,98
18,06667	46,98
18,08333	46,98
18,10000	46,98
18,11667	46,99
18,13333	46,98
18,15000	46,98
18,16667	46,99
18,18333	46,99
18,20000	46,99
18,21667	46,99
18,23333	46,99
18,25000	46,99
18,26667	46,99
18,28333	46,99
18,30000	46,99
18,31667	46,99
18,33333	46,99
18,35000	46,99
18,36667	46,99
18,38333	46,99
18,40000	46,99
18,41667	46,99
18,43333	46,99
18,45000	46,99
18,46667	46,99
18,48333	46,99
18,50000	46,99
18,51667	46,99
18,53333	46,99
18,55000	46,99
18,56667	46,99
18,58333	46,99
18,60000	46,99
18,61667	46,99
18,63333	46,99
18,65000	46,99
18,66667	46,99
18,68333	46,99
18,70000	46,99
18,71667	46,99
18,73333	46,99
18,75000	46,99
18,76667	46,99
18,78333	46,99
18,80000	46,99
18,81667	46,99
18,83333	46,99
18,85000	46,99
18,86667	46,99
18,88333	46,99
18,90000	46,99
18,91667	46,99
18,93333	46,99
18,95000	46,99
18,96667	46,99
18,98333	46,99
19,00000	46,99
19,01667	46,99
19,03333	46,99
19,05000	46,99
19,06667	46,99
19,08333	46,99
19,10000	46,99
19,11667	46,99
19,13333	46,99
19,15000	46,99
19,16667	46,99
19,18333	46,99
19,20000	46,99
19,21667	46,99
19,23333	46,99
19,25000	46,99
19,26667	46,99
19,28333	46,99
19,30000	46,99
19,31667	46,99
19,33333	46,99
19,35000	46,99
19,36667	46,99
19,38333	46,99
19,40000	46,99
19,41667	46,99
19,43333	46,99
19,45000	46,99
19,46667	46,99
19,48333	46,99
19,50000	46,99
19,51667	46,99
19,53333	46,99
19,55000	46,99
19,56667	46,99
19,58333	46,99
19,60000	46,99
19,61667	46,99
19,63333	46,99
19,65000	46,99
19,66667	46,99
19,68333	46,99
19,70000	46,99
19,71667	46,99
19,73333	46,99
19,75000	46,99
19,76667	46,99
19,78333	46,99
19,80000	46,99
19,81667	46,99
19,83333	46,99
19,85000	46,99
19,86667	46,99
19,88333	46,99
19,90000	46,99
19,91667	46,99
19,93333	46,99
19,95000	46,99
19,96667	46,99
19,98333	46,99
20,00000	46,99
20,01667	46,99
20,03333	46,99
20,05000	46,99
20,06667	46,99
20,08333	46,99
20,10000	46,99
20,11667	46,99
20,13333	46,99
20,15000	46,99
20,16667	46,99
20,18333	46,99
20,20000	46,99
20,21667	46,99
20,23333	46,99
20,25000	46,99
20,26667	46,99
20,28333	46,99
20,30000	46,99
20,31667	46,99
20,33333	46,99
20,35000	46,99
20,36667	46,99
20,38333	46,99
20,40000	46,99
20,41667	46,99
20,43333	46,99
20,45000	46,99
20,46667	46,99
20,48333	46,99
20,50000	46,99
20,51667	46,99
20,53333	46,99
20,55000	46,99
20,56667	46,99
20,58333	46,99
20,60000	46,99
20,61667	46,99
20,63333	46,99
20,65000	46,99
20,66667	46,99
20,68333	46,99
20,70000	46,99
20,71667	46,99
20,73333	46,99
20,75000	46,99
20,76667	46,99
20,78333	46,99
20,80000	46,99
20,81667	46,99
20,83333	46,99
20,85000	46,99
20,86667	46,99
20,88333	46,99
20,90000	46,99
20,91667	46,99
20,93333	46,99
20,95000	46,99
20,96667	46,99
20,98333	46,99
21,00000	46,99
21,01667	46,99
21,03333	46,99
21,05000	46,99
21,06667	46,99
21,08333	46,99
21,10000	46,99
21,11667	46,99
21,13333	46,99
21,15000	46,99
21,16667	46,99
21,18333	46,99
21,20000	46,99
21,21667	46,99
21,23333	46,99
21,25000	46,99
21,26667	46,99
21,28333	46,99
21,30000	46,99
21,31667	46,99
21,33333	46,99
21,35000	46,99
21,36667	46,99
21,38333	46,99
21,40000	46,99
21,41667	46,99
21,43333	46,99
21,45000	46,99
21,46667	46,99
21,48333	46,99
21,50000	46,99
21,51667	46,99
21,53333	46,99
21,55000	46,99
21,56667	46,99
21,58333	46,99
21,60000	46,99
21,61667	46,99
21,63333	46,99
21,65000	46,99
21,66667	46,99
21,68333	46,99
21,70000	46,99
21,71667	46,99
21,73333	46,99
21,75000	46,99
21,76667	46,99
21,78333	46,99
21,80000	46,99
21,81667	46,99
21,83333	46,99
21,85000	46,99
21,86667	46,99
21,88333	46,99
21,90000	46,99
21,91667	46,99
21,93333	46,99
21,95000	46,99
21,96667	46,99
21,98333	46,99
22,00000	46,99
22,01667	46,99
22,03333	46,99
22,05000	46,99
22,06667	46,99
22,08333	46,99
22,10000	46,99
22,11667	46,99
22,13333	46,99
22,15000	46,99
22,16667	46,99
22,18333	46,99
22,20000	46,99
22,21667	46,99
22,23333	46,99
22,25000	46,99
22,26667	46,99
22,28333	46,99
22,30000	46,99
22,31667	46,99
22,33333	46,99
22,35000	46,99
22,36667	46,99
22,38333	46,99
22,40000	46,99
22,41667	46,99
22,43333	46,99
22,45000	46,99
22,46667	46,99
22,48333	46,99
22,50000	46,99
22,51667	46,99
22,53333	46,99
22,55000	46,99
22,56667	46,99
22,58333	46,99
22,60000	46,99
22,61667	46,99
22,63333	46,99
22,65000	46,99
22,66667	46,99
22,68333	46,99
22,70000	46,99
22,71667	46,99
22,73333	46,99
22,75000	46,99
22,76667	47,00
22,78333	47,00
22,80000	47,00
22,81667	47,00
22,83333	47,00
22,85000	47,00
22,86667	47,00
22,88333	47,00
22,90000	47,00
22,91667	47,00
22,93333	47,00
22,95000	47,00
22,96667	47,00
22,98333	47,00
23,00000	47,00
23,01667	47,00
23,03333	47,00
23,05000	47,00
23,06667	47,00
23,08333	47,00
23,10000	47,00
23,11667	47,00
23,13333	47,00
23,15000	47,00
23,16667	47,00
23,18333	47,00
23,20000	47,00
23,21667	47,00
23,23333	47,00
23,25000	47,00
23,26667	47,00
23,28333	47,00
23,30000	47,00
23,31667	47,00
23,33333	47,00
23,35000	47,00
23,36667	47,00
23,38333	47,00
23,40000	47,00
23,41667	47,00
23,43333	47,00
23,45000	47,00
23,46667	47,00
23,48333	47,00
23,50000	47,00
23,51667	47,00
23,53333	47,00
23,55000	47,00
23,56667	47,00
23,58333	47,00
23,60000	47,00
23,61667	47,00
23,63333	47,00
23,65000	47,00
23,66667	47,00
23,68333	47,00
23,70000	47,00
23,71667	47,00
23,73333	47,00
23,75000	47,00
23,76667	47,00
23,78333	47,00
23,80000	47,00
23,81667	47,00
23,83333	47,00
23,85000	47,00
23,86667	47,00
23,88333	47,00
23,90000	47,00
23,91667	47,00
23,93333	47,00
23,95000	47,00
23,96667	47,00
23,98333	47,00
24,00000	47,00
24,01667	47,00
24,03333	47,00
24,05000	47,00
24,06667	47,00
24,08333	47,00
24,10000	47,00
24,11667	47,00
24,13333	47,00
24,15000	47,00
24,16667	47,00
24,18333	47,00
24,20000	47,00
24,21667	47,00
24,23333	47,00
24,25000	47,00
24,26667	47,00
24,28333	47,00
24,30000	47,00
24,31667	47,00
24,33333	47,00
24,35000	47,00
24,36667	47,00
24,38333	47,00
24,40000	47,00
24,41667	47,00
24,43333	47,00
24,45000	47,00
24,46667	47,00
24,48333	47,00
24,50000	47,00
24,51667	47,00
24,53333	47,00
24,55000	47,00
24,56667	47,00
24,58333	47,00
24,60000	47,00
24,61667	47,00
24,63333	47,00
24,65000	47,00
24,66667	47,00
24,68333	47,00
24,70000	47,00
24,71667	47,00
24,73333	47,00
24,75000	47,00
24,76667	47,00
24,78333	47,00
24,80000	47,00
24,81667	47,00
24,83333	47,00
24,85000	47,00
24,86667	47,00
24,88333	47,00
24,90000	47,00
24,91667	47,00
24,93333	47,00
24,95000	47,00
24,96667	47,00
24,98333	47,00
25,00000	47,00
25,01667	47,00
25,03333	47,00
25,05000	47,00
25,06667	47,00
25,08333	47,00
25,10000	47,00
25,11667	47,00
25,13333	47,00
25,15000	47,00
25,16667	47,00
25,18333	47,00
25,20000	47,00
25,21667	47,00
25,23333	47,00
25,25000	47,00
25,26667	47,00
25,28333	47,00
25,30000	47,00
25,31667	47,00
25,33333	47,00
25,35000	47,00
25,36667	47,00
25,38333	47,00
25,40000	47,00
25,41667	47,00
25,43333	47,00
25,45000	47,00
25,46667	47,00
25,48333	47,00
25,50000	47,00
25,51667	47,00
25,53333	47,00
25,55000	47,00
25,56667	47,00
25,58333	47,00
25,60000	47,00
25,61667	47,00
25,63333	47,00
25,65000	47,00
25,66667	47,00
25,68333	47,00
25,70000	47,00
25,71667	47,00
25,73333	47,00
25,75000	47,00
25,76667	47,00
25,78333	47,00
25,80000	47,00
25,81667	47,00
25,83333	47,00
25,85000	47,00
25,86667	47,00
25,88333	47,00
25,90000	47,00
25,91667	47,00
25,93333	47,00
25,95000	47,00
25,96667	47,00
25,98333	47,00
26,00000	47,00
26,01667	47,00
26,03333	47,00
26,05000	47,00
26,06667	47,00
26,08333	47,00
26,10000	47,00
26,11667	47,00
26,13333	47,00
26,15000	47,00
26,16667	47,00
26,18333	47,00
26,20000	47,00
26,21667	47,00
26,23333	47,00
26,25000	47,00
26,26667	47,00
26,28333	47,00
26,30000	47,00
26,31667	47,00
26,33333	47,00
26,35000	47,00
26,36667	47,00
26,38333	47,00
26,40000	47,00
26,41667	47,00
26,43333	47,00
26,45000	47,00
26,46667	47,00
26,48333	47,00
26,50000	47,00
26,51667	47,00
26,53333	47,00
26,55000	47,00
26,56667	47,00
26,58333	47,00
26,60000	47,00
26,61667	47,00
26,63333	47,00
26,65000	47,00
26,66667	47,00
26,68333	47,00
26,70000	47,00
26,71667	47,00
26,73333	47,00
26,75000	47,00
26,76667	47,00
26,78333	47,00
26,80000	47,00
26,81667	47,00
26,83333	47,00
26,85000	47,00
26,86667	47,00
26,88333	47,00
26,90000	47,00
26,91667	47,00
26,93333	47,00
26,95000	47,00
26,96667	47,00
26,98333	47,00
27,00000	47,00
27,01667	47,00
27,03333	47,00
27,05000	47,00
27,06667	47,00
27,08333	47,00
27,10000	47,00
27,11667	47,00
27,13333	47,00
27,15000	47,00
27,16667	47,00
27,18333	47,00
27,20000	47,00
27,21667	47,00
27,23333	47,00
27,25000	47,00
27,26667	47,00
27,28333	47,00
27,30000	47,00
27,31667	47,00
27,33333	47,00
27,35000	47,00
27,36667	47,00
27,38333	47,00
27,40000	47,00
27,41667	47,00
27,43333	47,00
27,45000	47,00
27,46667	47,00
27,48333	47,00
27,50000	47,00
27,51667	47,00
27,53333	47,00
27,55000	47,00
27,56667	47,00
27,58333	47,00
27,60000	47,00
27,61667	47,00
27,63333	47,00
27,65000	47,00
27,66667	47,00
27,68333	47,00
27,70000	47,00
27,71667	47,00
27,73333	47,00
27,75000	47,00
27,76667	47,00
27,78333	47,00
27,80000	47,00
27,81667	47,00
27,83333	47,00
27,85000	47,00
27,86667	47,00
27,88333	47,00
27,90000	47,00
27,91667	47,00
27,93333	47,00
27,95000	47,00
27,96667	47,00
27,98333	47,00
28,00000	47,00
28,01667	47,00
28,03333	47,00
28,05000	47,00
28,06667	47,00
28,08333	47,00
28,10000	47,00
28,11667	47,00
28,13333	47,00
28,15000	47,00
28,16667	47,00
28,18333	47,00
28,20000	47,00
28,21667	47,00
28,23333	47,00
28,25000	47,00
28,26667	47,00
28,28333	47,00
28,30000	47,00
28,31667	47,00
28,33333	47,00
28,35000	47,00
28,36667	47,00
28,38333	47,00
28,40000	47,00
28,41667	47,00
28,43333	47,00
28,45000	47,00
28,46667	47,00
28,48333	47,00
28,50000	47,00
28,51667	47,00
28,53333	47,00
28,55000	47,00
28,56667	47,00
28,58333	47,00
28,60000	47,00
28,61667	47,00
28,63333	47,00
28,65000	47,00
28,66667	47,00
28,68333	47,00
28,70000	47,00
28,71667	47,00
28,73333	47,00
28,75000	47,00
28,76667	47,00
28,78333	47,00
28,80000	47,00
28,81667	47,00
28,83333	47,00
28,85000	47,00
28,86667	47,00
28,88333	47,00
28,90000	47,00
28,91667	47,00
28,93333	47,00
28,95000	47,00
28,96667	47,00
28,98333	47,00
29,00000	47,00
29,01667	47,00
29,03333	47,00
29,05000	47,00
29,06667	47,00
29,08333	47,00
29,10000	47,00
29,11667	47,00
29,13333	47,00
29,15000	47,00
29,16667	47,00
29,18333	47,00
29,20000	47,00
29,21667	47,00
29,23333	47,00
29,25000	47,00
29,26667	47,00
29,28333	47,00
29,30000	47,00
29,31667	47,00
29,33333	47,00
29,35000	47,00
29,36667	47,00
29,38333	47,00
29,40000	47,00
29,41667	47,00
29,43333	47,00
29,45000	47,00
29,46667	47,00
29,48333	47,00
29,50000	47,00
29,51667	47,00
29,53333	47,00
29,55000	47,00
29,56667	47,00
29,58333	47,00
29,60000	47,00
29,61667	47,00
29,63333	47,00
29,65000	47,00
29,66667	47,00
29,68333	47,00
29,70000	47,00
29,71667	47,00
29,73333	47,00
29,75000	47,00
29,76667	47,00
29,78333	47,00
29,80000	47,00
29,81667	47,00
29,83333	47,00
29,85000	47,00
29,86667	47,00
29,88333	47,00
29,90000	47,00
29,91667	47,00
29,93333	47,00
29,95000	47,00
29,96667	47,00
29,98333	47,00
30,00000	47,00
30,01667	47,00
30,03333	47,00
30,05000	47,00
30,06667	47,00
30,08333	47,00
30,10000	47,00
30,11667	47,00
30,13333	47,00
30,15000	47,00
30,16667	47,00
30,18333	47,00
30,20000	47,00
30,21667	47,00
30,23333	47,00
30,25000	47,00
30,26667	47,00
30,28333	47,00
30,30000	47,00
30,31667	47,00
30,33333	47,00
30,35000	47,00
30,36667	47,00
30,38333	47,00
30,40000	47,00
30,41667	47,00
30,43333	47,00
30,45000	47,00
30,46667	47,00
30,48333	47,00
30,50000	47,00
30,51667	47,00
30,53333	47,00
30,55000	47,00
30,56667	47,00
30,58333	47,00
30,60000	47,00
30,61667	47,00
30,63333	47,00
30,65000	47,00
30,66667	47,00
30,68333	47,00
30,70000	47,00
30,71667	47,00
30,73333	47,00
30,75000	47,00
30,76667	47,00
30,78333	47,00
30,80000	47,00
30,81667	47,00
30,83333	47,00
30,85000	47,00
30,86667	47,00
30,88333	47,00
30,90000	47,00
30,91667	47,00
30,93333	47,00
30,95000	47,00
30,96667	47,00
30,98333	47,00
31,00000	47,00
31,01667	47,00
31,03333	47,00
31,05000	47,00
31,06667	47,00
31,08333	47,00
31,10000	47,00
31,11667	47,00
31,13333	47,00
31,15000	47,00
31,16667	47,00
31,18333	47,00
31,20000	47,00
31,21667	47,00
31,23333	47,00
31,25000	47,00
31,26667	47,00
31,28333	47,00
31,30000	47,00
31,31667	47,00
31,33333	47,00
31,35000	47,00
31,36667	47,00
31,38333	47,00
31,40000	47,00
31,41667	47,00
31,43333	47,00
31,45000	47,00
31,46667	47,00
31,48333	47,00
31,50000	47,00
31,51667	47,00
31,53333	47,00
31,55000	47,00
31,56667	47,00
31,58333	47,00
31,60000	47,00
31,61667	47,00
31,63333	47,00
31,65000	47,00
31,66667	47,00
31,68333	47,00
31,70000	47,00
31,71667	47,00
31,73333	47,00
31,75000	47,00
31,76667	47,00
31,78333	47,00
31,80000	47,00
31,81667	47,00
31,83333	47,00
31,85000	47,00
31,86667	47,00
31,88333	47,00
31,90000	47,00
31,91667	47,00
31,93333	47,00
31,95000	47,00
31,96667	47,00
31,98333	47,00
32,00000	47,00

[LC Status Trace(PDA Lamp Housing Temp.)]
Interval(msec)	1000
# of Points	1921
Start Time(min)	0,000
End Time(min)	32,000
Intensity Units	C
Intensity Multiplier	1
R.Time (min)	Intensity
0,00000	53,60
0,01667	53,60
0,03333	53,60
0,05000	53,60
0,06667	53,60
0,08333	53,60
0,10000	53,61
0,11667	53,61
0,13333	53,60
0,15000	53,60
0,16667	53,60
0,18333	53,60
0,20000	53,60
0,21667	53,60
0,23333	53,61
0,25000	53,60
0,26667	53,60
0,28333	53,60
0,30000	53,60
0,31667	53,60
0,33333	53,61
0,35000	53,61
0,36667	53,61
0,38333	53,60
0,40000	53,60
0,41667	53,60
0,43333	53,61
0,45000	53,61
0,46667	53,61
0,48333	53,61
0,50000	53,60
0,51667	53,61
0,53333	53,61
0,55000	53,61
0,56667	53,61
0,58333	53,61
0,60000	53,61
0,61667	53,61
0,63333	53,61
0,65000	53,61
0,66667	53,61
0,68333	53,61
0,70000	53,62
0,71667	53,61
0,73333	53,61
0,75000	53,61
0,76667	53,61
0,78333	53,61
0,80000	53,60
0,81667	53,60
0,83333	53,60
0,85000	53,60
0,86667	53,60
0,88333	53,60
0,90000	53,60
0,91667	53,60
0,93333	53,60
0,95000	53,61
0,96667	53,61
0,98333	53,60
1,00000	53,60
1,01667	53,61
1,03333	53,61
1,05000	53,61
1,06667	53,60
1,08333	53,60
1,10000	53,60
1,11667	53,61
1,13333	53,61
1,15000	53,62
1,16667	53,62
1,18333	53,61
1,20000	53,61
1,21667	53,61
1,23333	53,61
1,25000	53,61
1,26667	53,61
1,28333	53,61
1,30000	53,61
1,31667	53,60
1,33333	53,60
1,35000	53,60
1,36667	53,60
1,38333	53,60
1,40000	53,60
1,41667	53,60
1,43333	53,61
1,45000	53,60
1,46667	53,60
1,48333	53,60
1,50000	53,60
1,51667	53,60
1,53333	53,60
1,55000	53,61
1,56667	53,60
1,58333	53,61
1,60000	53,60
1,61667	53,60
1,63333	53,61
1,65000	53,61
1,66667	53,61
1,68333	53,62
1,70000	53,61
1,71667	53,61
1,73333	53,60
1,75000	53,60
1,76667	53,61
1,78333	53,61
1,80000	53,61
1,81667	53,61
1,83333	53,61
1,85000	53,61
1,86667	53,60
1,88333	53,60
1,90000	53,60
1,91667	53,60
1,93333	53,60
1,95000	53,60
1,96667	53,60
1,98333	53,60
2,00000	53,60
2,01667	53,60
2,03333	53,59
2,05000	53,60
2,06667	53,60
2,08333	53,60
2,10000	53,60
2,11667	53,60
2,13333	53,60
2,15000	53,59
2,16667	53,59
2,18333	53,59
2,20000	53,60
2,21667	53,60
2,23333	53,60
2,25000	53,59
2,26667	53,60
2,28333	53,60
2,30000	53,60
2,31667	53,60
2,33333	53,60
2,35000	53,60
2,36667	53,61
2,38333	53,61
2,40000	53,61
2,41667	53,61
2,43333	53,61
2,45000	53,60
2,46667	53,60
2,48333	53,60
2,50000	53,60
2,51667	53,60
2,53333	53,60
2,55000	53,60
2,56667	53,60
2,58333	53,60
2,60000	53,60
2,61667	53,60
2,63333	53,60
2,65000	53,60
2,66667	53,59
2,68333	53,59
2,70000	53,59
2,71667	53,60
2,73333	53,60
2,75000	53,60
2,76667	53,60
2,78333	53,60
2,80000	53,60
2,81667	53,60
2,83333	53,59
2,85000	53,59
2,86667	53,60
2,88333	53,60
2,90000	53,60
2,91667	53,60
2,93333	53,61
2,95000	53,61
2,96667	53,60
2,98333	53,60
3,00000	53,60
3,01667	53,59
3,03333	53,60
3,05000	53,60
3,06667	53,60
3,08333	53,59
3,10000	53,59
3,11667	53,59
3,13333	53,60
3,15000	53,59
3,16667	53,60
3,18333	53,60
3,20000	53,60
3,21667	53,60
3,23333	53,61
3,25000	53,61
3,26667	53,61
3,28333	53,61
3,30000	53,60
3,31667	53,60
3,33333	53,60
3,35000	53,60
3,36667	53,60
3,38333	53,60
3,40000	53,60
3,41667	53,61
3,43333	53,61
3,45000	53,61
3,46667	53,61
3,48333	53,61
3,50000	53,61
3,51667	53,60
3,53333	53,60
3,55000	53,60
3,56667	53,60
3,58333	53,60
3,60000	53,61
3,61667	53,62
3,63333	53,62
3,65000	53,62
3,66667	53,61
3,68333	53,61
3,70000	53,61
3,71667	53,61
3,73333	53,61
3,75000	53,60
3,76667	53,59
3,78333	53,60
3,80000	53,60
3,81667	53,60
3,83333	53,60
3,85000	53,60
3,86667	53,59
3,88333	53,59
3,90000	53,58
3,91667	53,58
3,93333	53,58
3,95000	53,58
3,96667	53,59
3,98333	53,59
4,00000	53,59
4,01667	53,60
4,03333	53,60
4,05000	53,61
4,06667	53,61
4,08333	53,61
4,10000	53,61
4,11667	53,60
4,13333	53,59
4,15000	53,59
4,16667	53,59
4,18333	53,59
4,20000	53,60
4,21667	53,60
4,23333	53,60
4,25000	53,60
4,26667	53,60
4,28333	53,61
4,30000	53,61
4,31667	53,61
4,33333	53,61
4,35000	53,61
4,36667	53,61
4,38333	53,61
4,40000	53,60
4,41667	53,61
4,43333	53,60
4,45000	53,60
4,46667	53,60
4,48333	53,61
4,50000	53,61
4,51667	53,61
4,53333	53,60
4,55000	53,61
4,56667	53,61
4,58333	53,61
4,60000	53,60
4,61667	53,60
4,63333	53,60
4,65000	53,59
4,66667	53,60
4,68333	53,61
4,70000	53,60
4,71667	53,60
4,73333	53,60
4,75000	53,60
4,76667	53,60
4,78333	53,60
4,80000	53,60
4,81667	53,60
4,83333	53,60
4,85000	53,61
4,86667	53,61
4,88333	53,61
4,90000	53,61
4,91667	53,61
4,93333	53,61
4,95000	53,61
4,96667	53,61
4,98333	53,62
5,00000	53,61
5,01667	53,61
5,03333	53,61
5,05000	53,60
5,06667	53,61
5,08333	53,61
5,10000	53,61
5,11667	53,61
5,13333	53,61
5,15000	53,61
5,16667	53,60
5,18333	53,61
5,20000	53,61
5,21667	53,61
5,23333	53,61
5,25000	53,60
5,26667	53,60
5,28333	53,60
5,30000	53,60
5,31667	53,61
5,33333	53,61
5,35000	53,61
5,36667	53,61
5,38333	53,61
5,40000	53,61
5,41667	53,60
5,43333	53,61
5,45000	53,60
5,46667	53,60
5,48333	53,60
5,50000	53,61
5,51667	53,61
5,53333	53,60
5,55000	53,60
5,56667	53,60
5,58333	53,60
5,60000	53,61
5,61667	53,61
5,63333	53,61
5,65000	53,60
5,66667	53,60
5,68333	53,60
5,70000	53,60
5,71667	53,59
5,73333	53,59
5,75000	53,59
5,76667	53,59
5,78333	53,60
5,80000	53,60
5,81667	53,60
5,83333	53,60
5,85000	53,60
5,86667	53,60
5,88333	53,59
5,90000	53,58
5,91667	53,59
5,93333	53,59
5,95000	53,59
5,96667	53,59
5,98333	53,59
6,00000	53,59
6,01667	53,59
6,03333	53,58
6,05000	53,58
6,06667	53,58
6,08333	53,59
6,10000	53,60
6,11667	53,60
6,13333	53,60
6,15000	53,60
6,16667	53,60
6,18333	53,59
6,20000	53,59
6,21667	53,59
6,23333	53,59
6,25000	53,59
6,26667	53,59
6,28333	53,60
6,30000	53,60
6,31667	53,60
6,33333	53,60
6,35000	53,60
6,36667	53,61
6,38333	53,61
6,40000	53,61
6,41667	53,60
6,43333	53,60
6,45000	53,61
6,46667	53,60
6,48333	53,60
6,50000	53,60
6,51667	53,60
6,53333	53,59
6,55000	53,59
6,56667	53,59
6,58333	53,59
6,60000	53,59
6,61667	53,59
6,63333	53,59
6,65000	53,59
6,66667	53,59
6,68333	53,59
6,70000	53,59
6,71667	53,59
6,73333	53,59
6,75000	53,59
6,76667	53,59
6,78333	53,59
6,80000	53,60
6,81667	53,59
6,83333	53,59
6,85000	53,60
6,86667	53,59
6,88333	53,59
6,90000	53,59
6,91667	53,59
6,93333	53,59
6,95000	53,59
6,96667	53,59
6,98333	53,59
7,00000	53,59
7,01667	53,59
7,03333	53,59
7,05000	53,59
7,06667	53,60
7,08333	53,60
7,10000	53,60
7,11667	53,60
7,13333	53,60
7,15000	53,59
7,16667	53,59
7,18333	53,59
7,20000	53,59
7,21667	53,59
7,23333	53,59
7,25000	53,59
7,26667	53,59
7,28333	53,59
7,30000	53,60
7,31667	53,60
7,33333	53,59
7,35000	53,60
7,36667	53,59
7,38333	53,60
7,40000	53,60
7,41667	53,60
7,43333	53,59
7,45000	53,60
7,46667	53,60
7,48333	53,60
7,50000	53,59
7,51667	53,59
7,53333	53,60
7,55000	53,59
7,56667	53,59
7,58333	53,59
7,60000	53,60
7,61667	53,60
7,63333	53,61
7,65000	53,60
7,66667	53,60
7,68333	53,59
7,70000	53,60
7,71667	53,60
7,73333	53,60
7,75000	53,59
7,76667	53,59
7,78333	53,59
7,80000	53,60
7,81667	53,60
7,83333	53,61
7,85000	53,61
7,86667	53,61
7,88333	53,61
7,90000	53,61
7,91667	53,60
7,93333	53,60
7,95000	53,60
7,96667	53,59
7,98333	53,59
8,00000	53,60
8,01667	53,60
8,03333	53,60
8,05000	53,59
8,06667	53,59
8,08333	53,59
8,10000	53,60
8,11667	53,60
8,13333	53,60
8,15000	53,60
8,16667	53,59
8,18333	53,59
8,20000	53,60
8,21667	53,60
8,23333	53,59
8,25000	53,58
8,26667	53,59
8,28333	53,59
8,30000	53,59
8,31667	53,59
8,33333	53,59
8,35000	53,59
8,36667	53,59
8,38333	53,59
8,40000	53,60
8,41667	53,60
8,43333	53,60
8,45000	53,60
8,46667	53,60
8,48333	53,60
8,50000	53,60
8,51667	53,60
8,53333	53,60
8,55000	53,60
8,56667	53,61
8,58333	53,60
8,60000	53,59
8,61667	53,59
8,63333	53,59
8,65000	53,59
8,66667	53,60
8,68333	53,60
8,70000	53,60
8,71667	53,60
8,73333	53,59
8,75000	53,59
8,76667	53,59
8,78333	53,58
8,80000	53,59
8,81667	53,59
8,83333	53,59
8,85000	53,58
8,86667	53,58
8,88333	53,59
8,90000	53,59
8,91667	53,58
8,93333	53,59
8,95000	53,59
8,96667	53,59
8,98333	53,59
9,00000	53,58
9,01667	53,59
9,03333	53,58
9,05000	53,58
9,06667	53,59
9,08333	53,59
9,10000	53,59
9,11667	53,59
9,13333	53,58
9,15000	53,58
9,16667	53,58
9,18333	53,57
9,20000	53,58
9,21667	53,58
9,23333	53,58
9,25000	53,59
9,26667	53,59
9,28333	53,59
9,30000	53,58
9,31667	53,58
9,33333	53,58
9,35000	53,59
9,36667	53,60
9,38333	53,60
9,40000	53,60
9,41667	53,59
9,43333	53,59
9,45000	53,59
9,46667	53,59
9,48333	53,59
9,50000	53,59
9,51667	53,60
9,53333	53,59
9,55000	53,59
9,56667	53,59
9,58333	53,59
9,60000	53,58
9,61667	53,59
9,63333	53,59
9,65000	53,59
9,66667	53,60
9,68333	53,60
9,70000	53,60
9,71667	53,61
9,73333	53,60
9,75000	53,60
9,76667	53,60
9,78333	53,59
9,80000	53,59
9,81667	53,59
9,83333	53,59
9,85000	53,59
9,86667	53,60
9,88333	53,60
9,90000	53,60
9,91667	53,60
9,93333	53,60
9,95000	53,60
9,96667	53,59
9,98333	53,59
10,00000	53,59
10,01667	53,59
10,03333	53,58
10,05000	53,58
10,06667	53,57
10,08333	53,58
10,10000	53,58
10,11667	53,58
10,13333	53,57
10,15000	53,57
10,16667	53,57
10,18333	53,58
10,20000	53,58
10,21667	53,58
10,23333	53,57
10,25000	53,58
10,26667	53,58
10,28333	53,58
10,30000	53,58
10,31667	53,58
10,33333	53,57
10,35000	53,57
10,36667	53,57
10,38333	53,58
10,40000	53,58
10,41667	53,57
10,43333	53,58
10,45000	53,59
10,46667	53,59
10,48333	53,58
10,50000	53,59
10,51667	53,59
10,53333	53,58
10,55000	53,57
10,56667	53,58
10,58333	53,58
10,60000	53,58
10,61667	53,58
10,63333	53,58
10,65000	53,58
10,66667	53,58
10,68333	53,58
10,70000	53,58
10,71667	53,58
10,73333	53,58
10,75000	53,58
10,76667	53,58
10,78333	53,59
10,80000	53,58
10,81667	53,58
10,83333	53,58
10,85000	53,58
10,86667	53,57
10,88333	53,57
10,90000	53,58
10,91667	53,57
10,93333	53,57
10,95000	53,56
10,96667	53,56
10,98333	53,56
11,00000	53,56
11,01667	53,56
11,03333	53,57
11,05000	53,57
11,06667	53,57
11,08333	53,57
11,10000	53,58
11,11667	53,58
11,13333	53,58
11,15000	53,58
11,16667	53,58
11,18333	53,58
11,20000	53,58
11,21667	53,58
11,23333	53,58
11,25000	53,58
11,26667	53,58
11,28333	53,57
11,30000	53,57
11,31667	53,58
11,33333	53,57
11,35000	53,57
11,36667	53,57
11,38333	53,57
11,40000	53,57
11,41667	53,57
11,43333	53,57
11,45000	53,57
11,46667	53,57
11,48333	53,57
11,50000	53,57
11,51667	53,57
11,53333	53,57
11,55000	53,57
11,56667	53,57
11,58333	53,57
11,60000	53,57
11,61667	53,57
11,63333	53,57
11,65000	53,57
11,66667	53,57
11,68333	53,57
11,70000	53,57
11,71667	53,57
11,73333	53,57
11,75000	53,57
11,76667	53,57
11,78333	53,57
11,80000	53,57
11,81667	53,57
11,83333	53,58
11,85000	53,58
11,86667	53,58
11,88333	53,58
11,90000	53,58
11,91667	53,58
11,93333	53,57
11,95000	53,57
11,96667	53,57
11,98333	53,57
12,00000	53,57
12,01667	53,57
12,03333	53,57
12,05000	53,57
12,06667	53,57
12,08333	53,57
12,10000	53,57
12,11667	53,56
12,13333	53,56
12,15000	53,57
12,16667	53,56
12,18333	53,56
12,20000	53,56
12,21667	53,56
12,23333	53,56
12,25000	53,57
12,26667	53,57
12,28333	53,56
12,30000	53,57
12,31667	53,57
12,33333	53,57
12,35000	53,57
12,36667	53,57
12,38333	53,57
12,40000	53,57
12,41667	53,57
12,43333	53,57
12,45000	53,57
12,46667	53,57
12,48333	53,56
12,50000	53,56
12,51667	53,57
12,53333	53,57
12,55000	53,57
12,56667	53,57
12,58333	53,57
12,60000	53,57
12,61667	53,57
12,63333	53,57
12,65000	53,57
12,66667	53,57
12,68333	53,57
12,70000	53,57
12,71667	53,57
12,73333	53,57
12,75000	53,57
12,76667	53,57
12,78333	53,56
12,80000	53,57
12,81667	53,57
12,83333	53,56
12,85000	53,56
12,86667	53,57
12,88333	53,56
12,90000	53,56
12,91667	53,57
12,93333	53,57
12,95000	53,57
12,96667	53,57
12,98333	53,57
13,00000	53,57
13,01667	53,57
13,03333	53,57
13,05000	53,56
13,06667	53,56
13,08333	53,57
13,10000	53,57
13,11667	53,57
13,13333	53,57
13,15000	53,56
13,16667	53,56
13,18333	53,56
13,20000	53,56
13,21667	53,56
13,23333	53,56
13,25000	53,56
13,26667	53,56
13,28333	53,56
13,30000	53,56
13,31667	53,56
13,33333	53,56
13,35000	53,56
13,36667	53,57
13,38333	53,56
13,40000	53,56
13,41667	53,55
13,43333	53,56
13,45000	53,56
13,46667	53,56
13,48333	53,56
13,50000	53,56
13,51667	53,56
13,53333	53,56
13,55000	53,56
13,56667	53,56
13,58333	53,56
13,60000	53,57
13,61667	53,57
13,63333	53,57
13,65000	53,57
13,66667	53,57
13,68333	53,57
13,70000	53,58
13,71667	53,58
13,73333	53,58
13,75000	53,58
13,76667	53,58
13,78333	53,58
13,80000	53,59
13,81667	53,59
13,83333	53,58
13,85000	53,58
13,86667	53,58
13,88333	53,57
13,90000	53,57
13,91667	53,57
13,93333	53,57
13,95000	53,57
13,96667	53,57
13,98333	53,57
14,00000	53,58
14,01667	53,59
14,03333	53,59
14,05000	53,59
14,06667	53,58
14,08333	53,58
14,10000	53,58
14,11667	53,58
14,13333	53,58
14,15000	53,58
14,16667	53,58
14,18333	53,58
14,20000	53,58
14,21667	53,58
14,23333	53,57
14,25000	53,57
14,26667	53,56
14,28333	53,56
14,30000	53,55
14,31667	53,56
14,33333	53,57
14,35000	53,57
14,36667	53,57
14,38333	53,56
14,40000	53,56
14,41667	53,56
14,43333	53,56
14,45000	53,56
14,46667	53,55
14,48333	53,55
14,50000	53,55
14,51667	53,55
14,53333	53,56
14,55000	53,57
14,56667	53,57
14,58333	53,57
14,60000	53,57
14,61667	53,57
14,63333	53,56
14,65000	53,56
14,66667	53,57
14,68333	53,58
14,70000	53,57
14,71667	53,57
14,73333	53,58
14,75000	53,58
14,76667	53,57
14,78333	53,57
14,80000	53,57
14,81667	53,58
14,83333	53,58
14,85000	53,57
14,86667	53,57
14,88333	53,57
14,90000	53,57
14,91667	53,57
14,93333	53,57
14,95000	53,58
14,96667	53,58
14,98333	53,58
15,00000	53,58
15,01667	53,58
15,03333	53,58
15,05000	53,58
15,06667	53,58
15,08333	53,58
15,10000	53,58
15,11667	53,58
15,13333	53,58
15,15000	53,58
15,16667	53,58
15,18333	53,58
15,20000	53,58
15,21667	53,59
15,23333	53,58
15,25000	53,58
15,26667	53,58
15,28333	53,57
15,30000	53,58
15,31667	53,58
15,33333	53,58
15,35000	53,58
15,36667	53,57
15,38333	53,58
15,40000	53,58
15,41667	53,58
15,43333	53,59
15,45000	53,59
15,46667	53,59
15,48333	53,60
15,50000	53,60
15,51667	53,59
15,53333	53,59
15,55000	53,59
15,56667	53,59
15,58333	53,59
15,60000	53,58
15,61667	53,57
15,63333	53,58
15,65000	53,58
15,66667	53,58
15,68333	53,58
15,70000	53,58
15,71667	53,58
15,73333	53,58
15,75000	53,58
15,76667	53,58
15,78333	53,57
15,80000	53,57
15,81667	53,57
15,83333	53,57
15,85000	53,57
15,86667	53,57
15,88333	53,57
15,90000	53,58
15,91667	53,58
15,93333	53,58
15,95000	53,57
15,96667	53,57
15,98333	53,56
16,00000	53,56
16,01667	53,56
16,03333	53,56
16,05000	53,57
16,06667	53,57
16,08333	53,57
16,10000	53,57
16,11667	53,57
16,13333	53,57
16,15000	53,58
16,16667	53,58
16,18333	53,58
16,20000	53,58
16,21667	53,57
16,23333	53,57
16,25000	53,56
16,26667	53,56
16,28333	53,57
16,30000	53,57
16,31667	53,58
16,33333	53,58
16,35000	53,57
16,36667	53,57
16,38333	53,57
16,40000	53,56
16,41667	53,56
16,43333	53,56
16,45000	53,56
16,46667	53,57
16,48333	53,57
16,50000	53,57
16,51667	53,58
16,53333	53,58
16,55000	53,58
16,56667	53,58
16,58333	53,58
16,60000	53,57
16,61667	53,57
16,63333	53,57
16,65000	53,57
16,66667	53,58
16,68333	53,57
16,70000	53,57
16,71667	53,56
16,73333	53,56
16,75000	53,56
16,76667	53,57
16,78333	53,57
16,80000	53,57
16,81667	53,58
16,83333	53,57
16,85000	53,57
16,86667	53,57
16,88333	53,57
16,90000	53,57
16,91667	53,56
16,93333	53,57
16,95000	53,57
16,96667	53,56
16,98333	53,56
17,00000	53,56
17,01667	53,56
17,03333	53,56
17,05000	53,56
17,06667	53,56
17,08333	53,57
17,10000	53,58
17,11667	53,57
17,13333	53,57
17,15000	53,57
17,16667	53,57
17,18333	53,57
17,20000	53,57
17,21667	53,57
17,23333	53,56
17,25000	53,56
17,26667	53,57
17,28333	53,57
17,30000	53,57
17,31667	53,57
17,33333	53,57
17,35000	53,57
17,36667	53,57
17,38333	53,58
17,40000	53,58
17,41667	53,58
17,43333	53,58
17,45000	53,58
17,46667	53,57
17,48333	53,57
17,50000	53,56
17,51667	53,56
17,53333	53,56
17,55000	53,57
17,56667	53,57
17,58333	53,57
17,60000	53,57
17,61667	53,57
17,63333	53,57
17,65000	53,58
17,66667	53,58
17,68333	53,58
17,70000	53,58
17,71667	53,58
17,73333	53,57
17,75000	53,58
17,76667	53,58
17,78333	53,59
17,80000	53,58
17,81667	53,58
17,83333	53,57
17,85000	53,57
17,86667	53,57
17,88333	53,57
17,90000	53,57
17,91667	53,56
17,93333	53,56
17,95000	53,57
17,96667	53,57
17,98333	53,57
18,00000	53,57
18,01667	53,56
18,03333	53,56
18,05000	53,57
18,06667	53,57
18,08333	53,57
18,10000	53,57
18,11667	53,58
18,13333	53,58
18,15000	53,58
18,16667	53,58
18,18333	53,58
18,20000	53,57
18,21667	53,57
18,23333	53,57
18,25000	53,57
18,26667	53,57
18,28333	53,57
18,30000	53,57
18,31667	53,57
18,33333	53,57
18,35000	53,56
18,36667	53,57
18,38333	53,56
18,40000	53,57
18,41667	53,57
18,43333	53,58
18,45000	53,58
18,46667	53,58
18,48333	53,58
18,50000	53,57
18,51667	53,57
18,53333	53,57
18,55000	53,58
18,56667	53,58
18,58333	53,58
18,60000	53,58
18,61667	53,59
18,63333	53,58
18,65000	53,58
18,66667	53,58
18,68333	53,58
18,70000	53,57
18,71667	53,57
18,73333	53,58
18,75000	53,58
18,76667	53,58
18,78333	53,58
18,80000	53,57
18,81667	53,57
18,83333	53,57
18,85000	53,57
18,86667	53,57
18,88333	53,57
18,90000	53,58
18,91667	53,58
18,93333	53,58
18,95000	53,58
18,96667	53,58
18,98333	53,57
19,00000	53,57
19,01667	53,57
19,03333	53,56
19,05000	53,56
19,06667	53,56
19,08333	53,57
19,10000	53,57
19,11667	53,57
19,13333	53,57
19,15000	53,57
19,16667	53,57
19,18333	53,58
19,20000	53,57
19,21667	53,57
19,23333	53,57
19,25000	53,58
19,26667	53,58
19,28333	53,58
19,30000	53,58
19,31667	53,58
19,33333	53,57
19,35000	53,58
19,36667	53,58
19,38333	53,58
19,40000	53,58
19,41667	53,58
19,43333	53,58
19,45000	53,58
19,46667	53,58
19,48333	53,58
19,50000	53,58
19,51667	53,59
19,53333	53,59
19,55000	53,59
19,56667	53,58
19,58333	53,58
19,60000	53,58
19,61667	53,58
19,63333	53,58
19,65000	53,58
19,66667	53,58
19,68333	53,58
19,70000	53,58
19,71667	53,58
19,73333	53,57
19,75000	53,57
19,76667	53,57
19,78333	53,58
19,80000	53,57
19,81667	53,57
19,83333	53,57
19,85000	53,57
19,86667	53,57
19,88333	53,58
19,90000	53,58
19,91667	53,59
19,93333	53,59
19,95000	53,59
19,96667	53,59
19,98333	53,58
20,00000	53,58
20,01667	53,58
20,03333	53,58
20,05000	53,58
20,06667	53,59
20,08333	53,60
20,10000	53,59
20,11667	53,58
20,13333	53,58
20,15000	53,58
20,16667	53,58
20,18333	53,58
20,20000	53,59
20,21667	53,58
20,23333	53,57
20,25000	53,57
20,26667	53,58
20,28333	53,59
20,30000	53,59
20,31667	53,58
20,33333	53,58
20,35000	53,59
20,36667	53,59
20,38333	53,58
20,40000	53,58
20,41667	53,59
20,43333	53,58
20,45000	53,58
20,46667	53,58
20,48333	53,58
20,50000	53,58
20,51667	53,57
20,53333	53,57
20,55000	53,57
20,56667	53,57
20,58333	53,57
20,60000	53,57
20,61667	53,57
20,63333	53,58
20,65000	53,58
20,66667	53,57
20,68333	53,57
20,70000	53,57
20,71667	53,57
20,73333	53,57
20,75000	53,58
20,76667	53,58
20,78333	53,58
20,80000	53,57
20,81667	53,56
20,83333	53,56
20,85000	53,57
20,86667	53,57
20,88333	53,58
20,90000	53,58
20,91667	53,58
20,93333	53,58
20,95000	53,58
20,96667	53,58
20,98333	53,58
21,00000	53,58
21,01667	53,58
21,03333	53,58
21,05000	53,58
21,06667	53,58
21,08333	53,58
21,10000	53,58
21,11667	53,58
21,13333	53,57
21,15000	53,57
21,16667	53,57
21,18333	53,57
21,20000	53,57
21,21667	53,56
21,23333	53,56
21,25000	53,56
21,26667	53,56
21,28333	53,56
21,30000	53,56
21,31667	53,56
21,33333	53,57
21,35000	53,57
21,36667	53,57
21,38333	53,57
21,40000	53,57
21,41667	53,57
21,43333	53,57
21,45000	53,57
21,46667	53,57
21,48333	53,57
21,50000	53,57
21,51667	53,57
21,53333	53,58
21,55000	53,58
21,56667	53,58
21,58333	53,58
21,60000	53,58
21,61667	53,58
21,63333	53,59
21,65000	53,59
21,66667	53,58
21,68333	53,58
21,70000	53,58
21,71667	53,58
21,73333	53,57
21,75000	53,57
21,76667	53,58
21,78333	53,58
21,80000	53,58
21,81667	53,58
21,83333	53,58
21,85000	53,58
21,86667	53,58
21,88333	53,58
21,90000	53,58
21,91667	53,58
21,93333	53,58
21,95000	53,58
21,96667	53,58
21,98333	53,58
22,00000	53,59
22,01667	53,59
22,03333	53,59
22,05000	53,59
22,06667	53,59
22,08333	53,58
22,10000	53,57
22,11667	53,57
22,13333	53,58
22,15000	53,58
22,16667	53,58
22,18333	53,58
22,20000	53,59
22,21667	53,59
22,23333	53,59
22,25000	53,59
22,26667	53,60
22,28333	53,60
22,30000	53,60
22,31667	53,59
22,33333	53,59
22,35000	53,59
22,36667	53,59
22,38333	53,60
22,40000	53,59
22,41667	53,59
22,43333	53,59
22,45000	53,59
22,46667	53,60
22,48333	53,60
22,50000	53,60
22,51667	53,61
22,53333	53,61
22,55000	53,60
22,56667	53,60
22,58333	53,59
22,60000	53,59
22,61667	53,59
22,63333	53,59
22,65000	53,60
22,66667	53,61
22,68333	53,61
22,70000	53,61
22,71667	53,61
22,73333	53,60
22,75000	53,60
22,76667	53,59
22,78333	53,59
22,80000	53,59
22,81667	53,59
22,83333	53,58
22,85000	53,58
22,86667	53,57
22,88333	53,58
22,90000	53,57
22,91667	53,57
22,93333	53,58
22,95000	53,58
22,96667	53,58
22,98333	53,58
23,00000	53,58
23,01667	53,58
23,03333	53,57
23,05000	53,58
23,06667	53,59
23,08333	53,60
23,10000	53,60
23,11667	53,59
23,13333	53,60
23,15000	53,60
23,16667	53,60
23,18333	53,59
23,20000	53,59
23,21667	53,59
23,23333	53,59
23,25000	53,59
23,26667	53,59
23,28333	53,59
23,30000	53,58
23,31667	53,59
23,33333	53,59
23,35000	53,58
23,36667	53,57
23,38333	53,57
23,40000	53,57
23,41667	53,57
23,43333	53,57
23,45000	53,57
23,46667	53,57
23,48333	53,58
23,50000	53,58
23,51667	53,58
23,53333	53,58
23,55000	53,58
23,56667	53,58
23,58333	53,59
23,60000	53,58
23,61667	53,58
23,63333	53,57
23,65000	53,57
23,66667	53,58
23,68333	53,58
23,70000	53,58
23,71667	53,58
23,73333	53,58
23,75000	53,58
23,76667	53,58
23,78333	53,58
23,80000	53,58
23,81667	53,58
23,83333	53,57
23,85000	53,58
23,86667	53,58
23,88333	53,58
23,90000	53,58
23,91667	53,58
23,93333	53,58
23,95000	53,58
23,96667	53,58
23,98333	53,58
24,00000	53,58
24,01667	53,58
24,03333	53,58
24,05000	53,59
24,06667	53,59
24,08333	53,58
24,10000	53,58
24,11667	53,58
24,13333	53,58
24,15000	53,59
24,16667	53,59
24,18333	53,59
24,20000	53,60
24,21667	53,60
24,23333	53,60
24,25000	53,60
24,26667	53,60
24,28333	53,60
24,30000	53,59
24,31667	53,59
24,33333	53,59
24,35000	53,59
24,36667	53,59
24,38333	53,58
24,40000	53,58
24,41667	53,58
24,43333	53,57
24,45000	53,57
24,46667	53,57
24,48333	53,57
24,50000	53,57
24,51667	53,58
24,53333	53,59
24,55000	53,59
24,56667	53,60
24,58333	53,60
24,60000	53,59
24,61667	53,60
24,63333	53,60
24,65000	53,60
24,66667	53,59
24,68333	53,59
24,70000	53,59
24,71667	53,59
24,73333	53,59
24,75000	53,58
24,76667	53,58
24,78333	53,58
24,80000	53,58
24,81667	53,58
24,83333	53,58
24,85000	53,58
24,86667	53,58
24,88333	53,58
24,90000	53,59
24,91667	53,59
24,93333	53,59
24,95000	53,59
24,96667	53,59
24,98333	53,59
25,00000	53,59
25,01667	53,59
25,03333	53,59
25,05000	53,59
25,06667	53,60
25,08333	53,60
25,10000	53,59
25,11667	53,59
25,13333	53,58
25,15000	53,58
25,16667	53,59
25,18333	53,59
25,20000	53,59
25,21667	53,59
25,23333	53,58
25,25000	53,58
25,26667	53,58
25,28333	53,58
25,30000	53,58
25,31667	53,58
25,33333	53,58
25,35000	53,58
25,36667	53,58
25,38333	53,57
25,40000	53,58
25,41667	53,58
25,43333	53,58
25,45000	53,58
25,46667	53,58
25,48333	53,58
25,50000	53,57
25,51667	53,57
25,53333	53,56
25,55000	53,56
25,56667	53,57
25,58333	53,57
25,60000	53,58
25,61667	53,58
25,63333	53,59
25,65000	53,58
25,66667	53,58
25,68333	53,59
25,70000	53,59
25,71667	53,59
25,73333	53,59
25,75000	53,59
25,76667	53,58
25,78333	53,58
25,80000	53,58
25,81667	53,58
25,83333	53,57
25,85000	53,57
25,86667	53,57
25,88333	53,58
25,90000	53,58
25,91667	53,58
25,93333	53,58
25,95000	53,57
25,96667	53,57
25,98333	53,57
26,00000	53,58
26,01667	53,58
26,03333	53,58
26,05000	53,58
26,06667	53,58
26,08333	53,58
26,10000	53,59
26,11667	53,59
26,13333	53,58
26,15000	53,59
26,16667	53,59
26,18333	53,59
26,20000	53,59
26,21667	53,59
26,23333	53,59
26,25000	53,59
26,26667	53,58
26,28333	53,58
26,30000	53,58
26,31667	53,58
26,33333	53,57
26,35000	53,57
26,36667	53,57
26,38333	53,57
26,40000	53,57
26,41667	53,57
26,43333	53,58
26,45000	53,58
26,46667	53,58
26,48333	53,59
26,50000	53,59
26,51667	53,59
26,53333	53,59
26,55000	53,60
26,56667	53,61
26,58333	53,61
26,60000	53,60
26,61667	53,60
26,63333	53,60
26,65000	53,59
26,66667	53,59
26,68333	53,59
26,70000	53,59
26,71667	53,58
26,73333	53,58
26,75000	53,58
26,76667	53,58
26,78333	53,57
26,80000	53,57
26,81667	53,57
26,83333	53,57
26,85000	53,57
26,86667	53,58
26,88333	53,58
26,90000	53,58
26,91667	53,58
26,93333	53,58
26,95000	53,58
26,96667	53,58
26,98333	53,58
27,00000	53,58
27,01667	53,58
27,03333	53,57
27,05000	53,57
27,06667	53,57
27,08333	53,57
27,10000	53,58
27,11667	53,58
27,13333	53,58
27,15000	53,58
27,16667	53,58
27,18333	53,58
27,20000	53,58
27,21667	53,58
27,23333	53,58
27,25000	53,58
27,26667	53,58
27,28333	53,57
27,30000	53,57
27,31667	53,58
27,33333	53,58
27,35000	53,58
27,36667	53,58
27,38333	53,58
27,40000	53,57
27,41667	53,57
27,43333	53,58
27,45000	53,58
27,46667	53,58
27,48333	53,58
27,50000	53,58
27,51667	53,57
27,53333	53,57
27,55000	53,57
27,56667	53,58
27,58333	53,58
27,60000	53,57
27,61667	53,57
27,63333	53,57
27,65000	53,58
27,66667	53,58
27,68333	53,58
27,70000	53,58
27,71667	53,58
27,73333	53,58
27,75000	53,58
27,76667	53,58
27,78333	53,58
27,80000	53,59
27,81667	53,59
27,83333	53,59
27,85000	53,59
27,86667	53,58
27,88333	53,58
27,90000	53,58
27,91667	53,58
27,93333	53,59
27,95000	53,59
27,96667	53,59
27,98333	53,58
28,00000	53,58
28,01667	53,58
28,03333	53,59
28,05000	53,59
28,06667	53,58
28,08333	53,58
28,10000	53,58
28,11667	53,58
28,13333	53,59
28,15000	53,58
28,16667	53,58
28,18333	53,58
28,20000	53,58
28,21667	53,58
28,23333	53,58
28,25000	53,58
28,26667	53,58
28,28333	53,57
28,30000	53,57
28,31667	53,57
28,33333	53,57
28,35000	53,57
28,36667	53,57
28,38333	53,57
28,40000	53,57
28,41667	53,57
28,43333	53,57
28,45000	53,58
28,46667	53,59
28,48333	53,59
28,50000	53,58
28,51667	53,58
28,53333	53,57
28,55000	53,57
28,56667	53,58
28,58333	53,58
28,60000	53,59
28,61667	53,59
28,63333	53,59
28,65000	53,59
28,66667	53,59
28,68333	53,58
28,70000	53,58
28,71667	53,59
28,73333	53,58
28,75000	53,58
28,76667	53,57
28,78333	53,57
28,80000	53,57
28,81667	53,58
28,83333	53,58
28,85000	53,58
28,86667	53,58
28,88333	53,58
28,90000	53,58
28,91667	53,57
28,93333	53,58
28,95000	53,57
28,96667	53,57
28,98333	53,58
29,00000	53,58
29,01667	53,58
29,03333	53,58
29,05000	53,57
29,06667	53,57
29,08333	53,57
29,10000	53,56
29,11667	53,56
29,13333	53,56
29,15000	53,56
29,16667	53,56
29,18333	53,57
29,20000	53,57
29,21667	53,58
29,23333	53,58
29,25000	53,59
29,26667	53,59
29,28333	53,59
29,30000	53,59
29,31667	53,59
29,33333	53,59
29,35000	53,59
29,36667	53,59
29,38333	53,59
29,40000	53,60
29,41667	53,60
29,43333	53,60
29,45000	53,60
29,46667	53,60
29,48333	53,60
29,50000	53,60
29,51667	53,60
29,53333	53,60
29,55000	53,60
29,56667	53,59
29,58333	53,59
29,60000	53,59
29,61667	53,58
29,63333	53,58
29,65000	53,58
29,66667	53,58
29,68333	53,59
29,70000	53,60
29,71667	53,60
29,73333	53,60
29,75000	53,60
29,76667	53,59
29,78333	53,59
29,80000	53,59
29,81667	53,58
29,83333	53,58
29,85000	53,57
29,86667	53,57
29,88333	53,57
29,90000	53,57
29,91667	53,58
29,93333	53,58
29,95000	53,58
29,96667	53,58
29,98333	53,58
30,00000	53,58
30,01667	53,58
30,03333	53,58
30,05000	53,58
30,06667	53,58
30,08333	53,58
30,10000	53,58
30,11667	53,58
30,13333	53,59
30,15000	53,59
30,16667	53,59
30,18333	53,59
30,20000	53,59
30,21667	53,59
30,23333	53,59
30,25000	53,59
30,26667	53,59
30,28333	53,59
30,30000	53,59
30,31667	53,58
30,33333	53,58
30,35000	53,58
30,36667	53,58
30,38333	53,58
30,40000	53,58
30,41667	53,58
30,43333	53,59
30,45000	53,59
30,46667	53,59
30,48333	53,59
30,50000	53,59
30,51667	53,59
30,53333	53,59
30,55000	53,58
30,56667	53,58
30,58333	53,59
30,60000	53,58
30,61667	53,58
30,63333	53,58
30,65000	53,58
30,66667	53,58
30,68333	53,58
30,70000	53,59
30,71667	53,59
30,73333	53,58
30,75000	53,57
30,76667	53,57
30,78333	53,57
30,80000	53,57
30,81667	53,57
30,83333	53,57
30,85000	53,56
30,86667	53,57
30,88333	53,57
30,90000	53,57
30,91667	53,58
30,93333	53,58
30,95000	53,58
30,96667	53,59
30,98333	53,59
31,00000	53,58
31,01667	53,58
31,03333	53,58
31,05000	53,58
31,06667	53,58
31,08333	53,58
31,10000	53,58
31,11667	53,58
31,13333	53,57
31,15000	53,57
31,16667	53,57
31,18333	53,57
31,20000	53,57
31,21667	53,56
31,23333	53,56
31,25000	53,57
31,26667	53,57
31,28333	53,57
31,30000	53,57
31,31667	53,58
31,33333	53,58
31,35000	53,58
31,36667	53,57
31,38333	53,57
31,40000	53,57
31,41667	53,56
31,43333	53,57
31,45000	53,57
31,46667	53,57
31,48333	53,57
31,50000	53,57
31,51667	53,58
31,53333	53,58
31,55000	53,58
31,56667	53,58
31,58333	53,58
31,60000	53,58
31,61667	53,58
31,63333	53,58
31,65000	53,58
31,66667	53,58
31,68333	53,58
31,70000	53,58
31,71667	53,59
31,73333	53,59
31,75000	53,59
31,76667	53,59
31,78333	53,58
31,80000	53,58
31,81667	53,58
31,83333	53,58
31,85000	53,58
31,86667	53,58
31,88333	53,58
31,90000	53,59
31,91667	53,58
31,93333	53,58
31,95000	53,58
31,96667	53,58
31,98333	53,58
32,00000	53,58

[PDA Multi Chromatogram(Ch1)]
# of Points	      3001
Interval(msec)	640
Start Time(min)	0
End Time(min)	32
Intensity Units	mAU
Intensity Multiplier	1
Type	MultiChrom
Wavelength(nm)	215
Bandwidth(nm)	4
R.Time (min)	Intensity
0,00000	0
0,01067	0
0,02133	-333
0,03200	-665
0,04267	-995
0,05333	-1321
0,06400	-1646
0,07467	-1971
0,08533	-2295
0,09600	-2617
0,10667	-2939
0,11733	-3259
0,12800	-3579
0,13867	-3899
0,14933	-4218
0,16000	-4539
0,17067	-4861
0,18133	-5179
0,19200	-5496
0,20267	-5810
0,21333	-6125
0,22400	-6437
0,23467	-6748
0,24533	-7056
0,25600	-7361
0,26667	-7664
0,27733	-7964
0,28800	-8261
0,29867	-8555
0,30933	-8849
0,32000	-9141
0,33067	-9430
0,34133	-9716
0,35200	-10000
0,36267	-10283
0,37333	-10564
0,38400	-10842
0,39467	-11119
0,40533	-11396
0,41600	-11668
0,42667	-11939
0,43733	-12208
0,44800	-12477
0,45867	-12740
0,46933	-13001
0,48000	-13262
0,49067	-13525
0,50133	-13784
0,51200	-14041
0,52267	-14296
0,53333	-14551
0,54400	-14807
0,55467	-15058
0,56533	-15309
0,57600	-15562
0,58667	-15813
0,59733	-16064
0,60800	-16314
0,61867	-16566
0,62933	-16818
0,64000	-17068
0,65067	-17321
0,66133	-17575
0,67200	-17830
0,68267	-18086
0,69333	-18343
0,70400	-18604
0,71467	-18869
0,72533	-19136
0,73600	-19406
0,74667	-19677
0,75733	-19947
0,76800	-20220
0,77867	-20496
0,78933	-20771
0,80000	-21047
0,81067	-21325
0,82133	-21601
0,83200	-21876
0,84267	-22153
0,85333	-22432
0,86400	-22710
0,87467	-22987
0,88533	-23263
0,89600	-23537
0,90667	-23810
0,91733	-24083
0,92800	-24354
0,93867	-24624
0,94933	-24891
0,96000	-25155
0,97067	-25417
0,98133	-25674
0,99200	-25929
1,00267	-26181
1,01333	-26425
1,02400	-26662
1,03467	-26892
1,04533	-27112
1,05600	-27326
1,06667	-27531
1,07733	-27722
1,08800	-27898
1,09867	-28061
1,10933	-28211
1,12000	-28347
1,13067	-28467
1,14133	-28565
1,15200	-28648
1,16267	-28715
1,17333	-28760
1,18400	-28786
1,19467	-28793
1,20533	-28780
1,21600	-28748
1,22667	-28696
1,23733	-28623
1,24800	-28530
1,25867	-28418
1,26933	-28284
1,28000	-28132
1,29067	-27960
1,30133	-27768
1,31200	-27559
1,32267	-27329
1,33333	-27080
1,34400	-26814
1,35467	-26527
1,36533	-26222
1,37600	-25902
1,38667	-25564
1,39733	-25206
1,40800	-24830
1,41867	-24437
1,42933	-24028
1,44000	-23604
1,45067	-23166
1,46133	-22711
1,47200	-22236
1,48267	-21748
1,49333	-21246
1,50400	-20733
1,51467	-20206
1,52533	-19663
1,53600	-19109
1,54667	-18544
1,55733	-17967
1,56800	-17381
1,57867	-16785
1,58933	-16180
1,60000	-15565
1,61067	-14940
1,62133	-14311
1,63200	-13676
1,64267	-13036
1,65333	-12393
1,66400	-11748
1,67467	-11102
1,68533	-10452
1,69600	-9800
1,70667	-9149
1,71733	-8499
1,72800	-7854
1,73867	-7210
1,74933	-6567
1,76000	-5927
1,77067	-5291
1,78133	-4661
1,79200	-4038
1,80267	-3419
1,81333	-2804
1,82400	-2196
1,83467	-1594
1,84533	-997
1,85600	-404
1,86667	182
1,87733	758
1,88800	1327
1,89867	1891
1,90933	2447
1,92000	2996
1,93067	3538
1,94133	4071
1,95200	4596
1,96267	5112
1,97333	5620
1,98400	6119
1,99467	6606
2,00533	7084
2,01600	7553
2,02667	8011
2,03733	8460
2,04800	8896
2,05867	9323
2,06933	9741
2,08000	10147
2,09067	10545
2,10133	10935
2,11200	11316
2,12267	11690
2,13333	12057
2,14400	12413
2,15467	12760
2,16533	13101
2,17600	13433
2,18667	13756
2,19733	14071
2,20800	14379
2,21867	14679
2,22933	14969
2,24000	15253
2,25067	15529
2,26133	15796
2,27200	16054
2,28267	16308
2,29333	16558
2,30400	16799
2,31467	17034
2,32533	17265
2,33600	17489
2,34667	17708
2,35733	17921
2,36800	18130
2,37867	18336
2,38933	18537
2,40000	18733
2,41067	18926
2,42133	19116
2,43200	19302
2,44267	19486
2,45333	19667
2,46400	19841
2,47467	20011
2,48533	20179
2,49600	20340
2,50667	20500
2,51733	20657
2,52800	20809
2,53867	20957
2,54933	21100
2,56000	21241
2,57067	21382
2,58133	21520
2,59200	21656
2,60267	21790
2,61333	21921
2,62400	22052
2,63467	22184
2,64533	22312
2,65600	22441
2,66667	22567
2,67733	22686
2,68800	22806
2,69867	22926
2,70933	23041
2,72000	23154
2,73067	23264
2,74133	23368
2,75200	23469
2,76267	23572
2,77333	23673
2,78400	23771
2,79467	23862
2,80533	23952
2,81600	24044
2,82667	24130
2,83733	24216
2,84800	24299
2,85867	24380
2,86933	24461
2,88000	24543
2,89067	24624
2,90133	24706
2,91200	24787
2,92267	24868
2,93333	24947
2,94400	25024
2,95467	25099
2,96533	25175
2,97600	25251
2,98667	25324
2,99733	25395
3,00800	25464
3,01867	25529
3,02933	25595
3,04000	25661
3,05067	25723
3,06133	25784
3,07200	25845
3,08267	25906
3,09333	25969
3,10400	26029
3,11467	26088
3,12533	26150
3,13600	26211
3,14667	26273
3,15733	26336
3,16800	26400
3,17867	26464
3,18933	26525
3,20000	26587
3,21067	26649
3,22133	26708
3,23200	26768
3,24267	26830
3,25333	26889
3,26400	26946
3,27467	27004
3,28533	27062
3,29600	27116
3,30667	27168
3,31733	27220
3,32800	27271
3,33867	27324
3,34933	27378
3,36000	27430
3,37067	27482
3,38133	27534
3,39200	27587
3,40267	27642
3,41333	27700
3,42400	27756
3,43467	27809
3,44533	27860
3,45600	27912
3,46667	27965
3,47733	28015
3,48800	28065
3,49867	28115
3,50933	28164
3,52000	28211
3,53067	28256
3,54133	28297
3,55200	28329
3,56267	28326
3,57333	28237
3,58400	27981
3,59467	27474
3,60533	26650
3,61600	25479
3,62667	23991
3,63733	22253
3,64800	20373
3,65867	18494
3,66933	16807
3,68000	15524
3,69067	14860
3,70133	15075
3,71200	16539
3,72267	19594
3,73333	24106
3,74400	29267
3,75467	34019
3,76533	37703
3,77600	40284
3,78667	42118
3,79733	43595
3,80800	44891
3,81867	45872
3,82933	46206
3,84000	45648
3,85067	44255
3,86133	42328
3,87200	40205
3,88267	38138
3,89333	36285
3,90400	34728
3,91467	33485
3,92533	32534
3,93600	31839
3,94667	31350
3,95733	31022
3,96800	30821
3,97867	30722
3,98933	30712
4,00000	30792
4,01067	30961
4,02133	31216
4,03200	31544
4,04267	31920
4,05333	32313
4,06400	32685
4,07467	32307
4,08533	26547
4,09600	8612
4,10667	-22465
4,11733	-60871
4,12800	-99487
4,13867	-133838
4,14933	-162241
4,16000	-184069
4,17067	-199167
4,18133	-208736
4,19200	-215119
4,20267	-219574
4,21333	-218808
4,22400	-204400
4,23467	-171442
4,24533	-46846
4,25600	347234
4,26667	875094
4,27733	1233308
4,28800	1397817
4,29867	1427312
4,30933	1355774
4,32000	1212636
4,33067	1027026
4,34133	824415
4,35200	625223
4,36267	444508
4,37333	291490
4,38400	169588
4,39467	77609
4,40533	11263
4,41600	-35443
4,42667	-68199
4,43733	-91341
4,44800	-107919
4,45867	-119975
4,46933	-128829
4,48000	-135364
4,49067	-140187
4,50133	-143708
4,51200	-146194
4,52267	-147820
4,53333	-148718
4,54400	-149033
4,55467	-148999
4,56533	-148923
4,57600	-149069
4,58667	-149548
4,59733	-150318
4,60800	-151257
4,61867	-152245
4,62933	-153185
4,64000	-154020
4,65067	-154722
4,66133	-155286
4,67200	-155722
4,68267	-156048
4,69333	-156284
4,70400	-156450
4,71467	-156569
4,72533	-156658
4,73600	-156733
4,74667	-156809
4,75733	-156891
4,76800	-156982
4,77867	-157086
4,78933	-157206
4,80000	-157345
4,81067	-157507
4,82133	-157691
4,83200	-157897
4,84267	-158126
4,85333	-158382
4,86400	-158667
4,87467	-158979
4,88533	-159313
4,89600	-159665
4,90667	-160024
4,91733	-160383
4,92800	-160738
4,93867	-161080
4,94933	-161399
4,96000	-161690
4,97067	-161945
4,98133	-162162
4,99200	-162352
5,00267	-162546
5,01333	-162753
5,02400	-134404
5,03467	133887
5,04533	761377
5,05600	1402675
5,06667	1808785
5,07733	2050779
5,08800	2191027
5,09867	2266079
5,10933	2294119
5,12000	2284306
5,13067	2246111
5,14133	2193974
5,15200	2142678
5,16267	2100592
5,17333	2069699
5,18400	2048704
5,19467	2035320
5,20533	2027130
5,21600	2022353
5,22667	2019966
5,23733	2019189
5,24800	2019734
5,25867	2021341
5,26933	2023700
5,28000	2026648
5,29067	2029864
5,30133	2033135
5,31200	2036680
5,32267	2040150
5,33333	2043449
5,34400	2046596
5,35467	2049303
5,36533	2051407
5,37600	2053042
5,38667	2054587
5,39733	2055702
5,40800	2056177
5,41867	2056238
5,42933	2055964
5,44000	2055455
5,45067	2054704
5,46133	2053850
5,47200	2052934
5,48267	2051785
5,49333	2050449
5,50400	2049147
5,51467	2048057
5,52533	2047361
5,53600	2046802
5,54667	2046442
5,55733	2046489
5,56800	2046980
5,57867	2048166
5,58933	2049894
5,60000	2051910
5,61067	2054308
5,62133	2057081
5,63200	2060692
5,64267	2066531
5,65333	2081480
5,66400	2115023
5,67467	2167012
5,68533	2224601
5,69600	2271885
5,70667	2302469
5,71733	2318127
5,72800	2323017
5,73867	2321130
5,74933	2314994
5,76000	2305493
5,77067	2292044
5,78133	2273799
5,79200	2249426
5,80267	2217843
5,81333	2179336
5,82400	2134867
5,83467	2085133
5,84533	2030579
5,85600	1971203
5,86667	1907194
5,87733	1839178
5,88800	1767644
5,89867	1693471
5,90933	1617912
5,92000	1541926
5,93067	1466022
5,94133	1390426
5,95200	1315161
5,96267	1240344
5,97333	1166407
5,98400	1094052
5,99467	1024105
6,00533	957321
6,01600	894325
6,02667	835517
6,03733	781017
6,04800	730794
6,05867	684714
6,06933	642540
6,08000	603979
6,09067	568736
6,10133	536517
6,11200	507033
6,12267	480024
6,13333	455255
6,14400	432518
6,15467	411622
6,16533	392399
6,17600	374703
6,18667	358394
6,19733	343341
6,20800	329436
6,21867	316577
6,22933	304668
6,24000	293624
6,25067	283360
6,26133	273812
6,27200	264921
6,28267	256625
6,29333	248874
6,30400	241618
6,31467	234815
6,32533	228424
6,33600	222410
6,34667	216748
6,35733	211410
6,36800	206367
6,37867	201599
6,38933	197086
6,40000	192806
6,41067	188737
6,42133	184868
6,43200	181194
6,44267	177695
6,45333	174355
6,46400	171170
6,47467	168126
6,48533	165214
6,49600	162427
6,50667	159760
6,51733	157208
6,52800	154762
6,53867	152418
6,54933	150167
6,56000	148004
6,57067	145925
6,58133	143926
6,59200	142002
6,60267	140147
6,61333	138358
6,62400	136634
6,63467	134973
6,64533	133364
6,65600	131803
6,66667	130294
6,67733	128834
6,68800	127419
6,69867	126050
6,70933	124722
6,72000	123436
6,73067	122192
6,74133	120982
6,75200	119807
6,76267	118667
6,77333	117558
6,78400	116484
6,79467	115444
6,80533	114435
6,81600	113456
6,82667	112507
6,83733	111590
6,84800	110700
6,85867	109838
6,86933	109004
6,88000	108198
6,89067	107417
6,90133	106659
6,91200	105925
6,92267	105222
6,93333	104549
6,94400	103912
6,95467	103318
6,96533	102757
6,97600	102223
6,98667	101709
6,99733	101210
7,00800	100717
7,01867	100230
7,02933	99749
7,04000	99273
7,05067	98804
7,06133	98340
7,07200	97875
7,08267	97405
7,09333	96927
7,10400	96446
7,11467	95964
7,12533	95481
7,13600	94998
7,14667	94520
7,15733	94085
7,16800	97487
7,17867	155925
7,18933	388901
7,20000	781030
7,21067	1157160
7,22133	1430346
7,23200	1613903
7,24267	1732335
7,25333	1806539
7,26400	1851713
7,27467	1877995
7,28533	1891719
7,29600	1896763
7,30667	1895455
7,31733	1889147
7,32800	1878624
7,33867	1864496
7,34933	1846945
7,36000	1825794
7,37067	1800927
7,38133	1771952
7,39200	1738085
7,40267	1697913
7,41333	1649594
7,42400	1591031
7,43467	1519829
7,44533	1434255
7,45600	1334061
7,46667	1221207
7,47733	1099909
7,48800	975635
7,49867	853945
7,50933	739494
7,52000	635488
7,53067	543599
7,54133	464237
7,55200	396926
7,56267	340662
7,57333	294196
7,58400	256235
7,59467	225519
7,60533	200882
7,61600	181275
7,62667	165781
7,63733	153600
7,64800	144046
7,65867	136554
7,66933	130660
7,68000	125990
7,69067	122251
7,70133	119212
7,71200	116701
7,72267	114586
7,73333	112766
7,74400	111171
7,75467	109753
7,76533	108473
7,77600	107302
7,78667	106216
7,79733	105206
7,80800	104255
7,81867	103358
7,82933	102509
7,84000	101702
7,85067	100930
7,86133	100190
7,87200	99476
7,88267	98785
7,89333	98125
7,90400	97495
7,91467	96888
7,92533	96306
7,93600	95750
7,94667	95218
7,95733	94707
7,96800	94220
7,97867	93759
7,98933	93315
8,00000	92889
8,01067	92479
8,02133	92081
8,03200	91699
8,04267	91333
8,05333	90976
8,06400	90627
8,07467	90285
8,08533	89954
8,09600	89629
8,10667	89308
8,11733	88994
8,12800	88684
8,13867	88378
8,14933	88078
8,16000	87785
8,17067	87496
8,18133	87213
8,19200	86935
8,20267	86664
8,21333	86399
8,22400	86136
8,23467	85873
8,24533	85615
8,25600	85359
8,26667	85102
8,27733	84848
8,28800	84597
8,29867	84346
8,30933	84099
8,32000	83858
8,33067	83623
8,34133	83390
8,35200	83161
8,36267	82939
8,37333	82722
8,38400	82510
8,39467	82305
8,40533	82102
8,41600	81901
8,42667	81701
8,43733	81502
8,44800	81302
8,45867	81103
8,46933	80907
8,48000	80716
8,49067	80526
8,50133	80336
8,51200	80150
8,52267	79967
8,53333	79788
8,54400	79612
8,55467	79436
8,56533	79262
8,57600	79092
8,58667	78924
8,59733	78757
8,60800	78595
8,61867	78436
8,62933	78279
8,64000	78124
8,65067	77971
8,66133	77820
8,67200	77670
8,68267	77520
8,69333	77370
8,70400	77218
8,71467	77067
8,72533	76916
8,73600	76761
8,74667	76607
8,75733	76457
8,76800	76313
8,77867	76170
8,78933	76028
8,80000	75891
8,81067	75755
8,82133	75623
8,83200	75499
8,84267	75379
8,85333	75262
8,86400	75146
8,87467	75034
8,88533	74928
8,89600	74823
8,90667	74719
8,91733	74620
8,92800	74525
8,93867	74431
8,94933	74339
8,96000	74250
8,97067	74162
8,98133	74074
8,99200	73986
9,00267	73903
9,01333	73825
9,02400	73746
9,03467	73665
9,04533	73585
9,05600	73506
9,06667	73427
9,07733	73352
9,08800	73277
9,09867	73206
9,10933	73138
9,12000	73066
9,13067	72997
9,14133	72930
9,15200	72865
9,16267	72802
9,17333	72741
9,18400	72683
9,19467	72625
9,20533	72571
9,21600	72516
9,22667	72461
9,23733	72409
9,24800	72356
9,25867	72304
9,26933	72257
9,28000	72209
9,29067	72159
9,30133	72108
9,31200	72059
9,32267	72008
9,33333	71959
9,34400	71909
9,35467	71854
9,36533	71794
9,37600	71729
9,38667	71659
9,39733	71584
9,40800	71507
9,41867	71427
9,42933	71343
9,44000	71255
9,45067	71160
9,46133	71061
9,47200	70963
9,48267	70866
9,49333	70769
9,50400	70672
9,51467	70576
9,52533	70484
9,53600	70391
9,54667	70301
9,55733	70213
9,56800	70125
9,57867	70040
9,58933	69956
9,60000	69873
9,61067	69791
9,62133	69712
9,63200	69636
9,64267	69570
9,65333	69524
9,66400	69505
9,67467	69517
9,68533	69568
9,69600	69657
9,70667	69774
9,71733	69896
9,72800	69996
9,73867	70048
9,74933	70037
9,76000	69960
9,77067	69828
9,78133	69657
9,79200	69467
9,80267	69279
9,81333	69108
9,82400	68954
9,83467	68821
9,84533	68709
9,85600	68614
9,86667	68531
9,87733	68460
9,88800	68398
9,89867	68342
9,90933	68291
9,92000	68248
9,93067	68212
9,94133	68181
9,95200	68152
9,96267	68129
9,97333	68110
9,98400	68095
9,99467	68087
10,00533	68086
10,01600	68092
10,02667	68104
10,03733	68121
10,04800	68148
10,05867	68187
10,06933	68236
10,08000	68301
10,09067	68406
10,10133	68608
10,11200	69016
10,12267	69799
10,13333	71145
10,14400	73174
10,15467	75809
10,16533	78714
10,17600	81352
10,18667	83164
10,19733	83796
10,20800	83221
10,21867	81709
10,22933	79686
10,24000	77550
10,25067	75572
10,26133	73883
10,27200	72502
10,28267	71391
10,29333	70495
10,30400	69764
10,31467	69158
10,32533	68649
10,33600	68216
10,34667	67845
10,35733	67526
10,36800	67255
10,37867	67025
10,38933	66836
10,40000	66684
10,41067	66568
10,42133	66496
10,43200	66469
10,44267	66510
10,45333	66658
10,46400	66966
10,47467	67521
10,48533	68478
10,49600	70096
10,50667	72778
10,51733	77117
10,52800	83967
10,53867	94483
10,54933	110141
10,56000	132736
10,57067	164292
10,58133	206882
10,59200	262351
10,60267	331864
10,61333	415394
10,62400	511227
10,63467	615682
10,64533	723215
10,65600	826905
10,66667	919467
10,67733	994163
10,68800	1045719
10,69867	1070684
10,70933	1067604
10,72000	1037380
10,73067	983131
10,74133	909994
10,75200	824423
10,76267	733141
10,77333	642195
10,78400	556218
10,79467	478141
10,80533	409332
10,81600	349951
10,82667	299400
10,83733	256713
10,84800	220831
10,85867	190774
10,86933	165686
10,88000	144843
10,89067	127641
10,90133	113562
10,91200	102151
10,92267	93003
10,93333	85760
10,94400	80102
10,95467	75736
10,96533	72415
10,97600	69918
10,98667	68060
10,99733	66694
11,00800	65695
11,01867	64966
11,02933	64439
11,04000	64057
11,05067	63774
11,06133	63564
11,07200	63409
11,08267	63286
11,09333	63188
11,10400	63108
11,11467	63043
11,12533	62985
11,13600	62931
11,14667	62883
11,15733	62840
11,16800	62797
11,17867	62754
11,18933	62711
11,20000	62672
11,21067	62637
11,22133	62600
11,23200	62563
11,24267	62527
11,25333	62497
11,26400	62470
11,27467	62443
11,28533	62416
11,29600	62388
11,30667	62363
11,31733	62338
11,32800	62313
11,33867	62287
11,34933	62261
11,36000	62237
11,37067	62215
11,38133	62189
11,39200	62164
11,40267	62141
11,41333	62118
11,42400	62096
11,43467	62077
11,44533	62061
11,45600	62044
11,46667	62032
11,47733	62024
11,48800	62019
11,49867	62017
11,50933	62017
11,52000	62015
11,53067	62009
11,54133	61994
11,55200	61974
11,56267	61951
11,57333	61924
11,58400	61895
11,59467	61864
11,60533	61833
11,61600	61802
11,62667	61771
11,63733	61741
11,64800	61713
11,65867	61685
11,66933	61657
11,68000	61632
11,69067	61605
11,70133	61576
11,71200	61547
11,72267	61521
11,73333	61496
11,74400	61470
11,75467	61445
11,76533	61423
11,77600	61401
11,78667	61379
11,79733	61360
11,80800	61345
11,81867	61327
11,82933	61306
11,84000	61285
11,85067	61263
11,86133	61238
11,87200	61211
11,88267	61186
11,89333	61161
11,90400	61134
11,91467	61110
11,92533	61086
11,93600	61061
11,94667	61036
11,95733	61013
11,96800	60990
11,97867	60971
11,98933	60950
12,00000	60928
12,01067	60907
12,02133	60890
12,03200	60874
12,04267	60858
12,05333	60844
12,06400	60832
12,07467	60823
12,08533	60819
12,09600	60822
12,10667	60837
12,11733	60865
12,12800	60904
12,13867	60952
12,14933	61014
12,16000	61085
12,17067	61156
12,18133	61222
12,19200	61278
12,20267	61317
12,21333	61335
12,22400	61331
12,23467	61301
12,24533	61251
12,25600	61190
12,26667	61124
12,27733	61059
12,28800	60997
12,29867	60944
12,30933	60901
12,32000	60866
12,33067	60835
12,34133	60807
12,35200	60783
12,36267	60760
12,37333	60737
12,38400	60716
12,39467	60692
12,40533	60665
12,41600	60637
12,42667	60610
12,43733	60579
12,44800	60541
12,45867	60498
12,46933	60453
12,48000	60406
12,49067	60356
12,50133	60299
12,51200	60231
12,52267	60162
12,53333	60088
12,54400	60009
12,55467	59927
12,56533	59841
12,57600	59747
12,58667	59643
12,59733	59536
12,60800	59422
12,61867	59300
12,62933	59174
12,64000	59043
12,65067	58907
12,66133	58769
12,67200	58628
12,68267	58484
12,69333	58341
12,70400	58199
12,71467	58053
12,72533	57906
12,73600	57760
12,74667	57615
12,75733	57469
12,76800	57322
12,77867	57175
12,78933	57033
12,80000	56898
12,81067	56771
12,82133	56660
12,83200	56561
12,84267	56472
12,85333	56396
12,86400	56325
12,87467	56257
12,88533	56184
12,89600	56104
12,90667	56017
12,91733	55922
12,92800	55825
12,93867	55732
12,94933	55644
12,96000	55561
12,97067	55480
12,98133	55399
12,99200	55318
13,00267	55237
13,01333	55152
13,02400	55062
13,03467	54970
13,04533	54877
13,05600	54782
13,06667	54688
13,07733	54598
13,08800	54511
13,09867	54428
13,10933	54348
13,12000	54276
13,13067	54208
13,14133	54143
13,15200	54084
13,16267	54027
13,17333	53974
13,18400	53926
13,19467	53880
13,20533	53833
13,21600	53789
13,22667	53748
13,23733	53713
13,24800	53683
13,25867	53654
13,26933	53627
13,28000	53603
13,29067	53578
13,30133	53549
13,31200	53517
13,32267	53486
13,33333	53457
13,34400	53427
13,35467	53397
13,36533	53367
13,37600	53337
13,38667	53311
13,39733	53286
13,40800	53260
13,41867	53233
13,42933	53208
13,44000	53184
13,45067	53162
13,46133	53142
13,47200	53124
13,48267	53105
13,49333	53089
13,50400	53075
13,51467	53063
13,52533	53052
13,53600	53042
13,54667	53031
13,55733	53017
13,56800	52997
13,57867	52975
13,58933	52954
13,60000	52929
13,61067	52902
13,62133	52878
13,63200	52856
13,64267	52836
13,65333	52817
13,66400	52795
13,67467	52778
13,68533	52763
13,69600	52751
13,70667	52738
13,71733	52723
13,72800	52705
13,73867	52690
13,74933	52678
13,76000	52664
13,77067	52652
13,78133	52640
13,79200	52628
13,80267	52619
13,81333	52611
13,82400	52604
13,83467	52598
13,84533	52593
13,85600	52587
13,86667	52579
13,87733	52572
13,88800	52566
13,89867	52558
13,90933	52551
13,92000	52542
13,93067	52533
13,94133	52527
13,95200	52523
13,96267	52522
13,97333	52521
13,98400	52517
13,99467	52511
14,00533	52507
14,01600	52505
14,02667	52501
14,03733	52497
14,04800	52491
14,05867	52488
14,06933	52488
14,08000	52487
14,09067	52490
14,10133	52495
14,11200	52498
14,12267	52504
14,13333	52510
14,14400	52516
14,15467	52521
14,16533	52527
14,17600	52529
14,18667	52526
14,19733	52520
14,20800	52509
14,21867	52492
14,22933	52476
14,24000	52458
14,25067	52437
14,26133	52417
14,27200	52396
14,28267	52376
14,29333	52358
14,30400	52341
14,31467	52328
14,32533	52315
14,33600	52302
14,34667	52291
14,35733	52281
14,36800	52269
14,37867	52256
14,38933	52242
14,40000	52231
14,41067	52224
14,42133	52215
14,43200	52207
14,44267	52200
14,45333	52193
14,46400	52186
14,47467	52181
14,48533	52175
14,49600	52168
14,50667	52163
14,51733	52157
14,52800	52151
14,53867	52146
14,54933	52144
14,56000	52143
14,57067	52139
14,58133	52135
14,59200	52135
14,60267	52137
14,61333	52134
14,62400	52129
14,63467	52128
14,64533	52126
14,65600	52122
14,66667	52116
14,67733	52111
14,68800	52109
14,69867	52105
14,70933	52100
14,72000	52097
14,73067	52092
14,74133	52087
14,75200	52084
14,76267	52079
14,77333	52071
14,78400	52062
14,79467	52058
14,80533	52052
14,81600	52046
14,82667	52043
14,83733	52039
14,84800	52032
14,85867	52023
14,86933	52015
14,88000	52007
14,89067	52000
14,90133	51993
14,91200	51985
14,92267	51978
14,93333	51974
14,94400	51970
14,95467	51964
14,96533	51960
14,97600	51957
14,98667	51954
14,99733	51951
15,00800	51948
15,01867	51946
15,02933	51944
15,04000	51943
15,05067	51943
15,06133	51944
15,07200	51945
15,08267	51948
15,09333	51952
15,10400	51954
15,11467	51955
15,12533	51954
15,13600	51956
15,14667	51957
15,15733	51957
15,16800	51954
15,17867	51950
15,18933	51946
15,20000	51944
15,21067	51943
15,22133	51942
15,23200	51944
15,24267	51944
15,25333	51942
15,26400	51938
15,27467	51935
15,28533	51936
15,29600	51936
15,30667	51935
15,31733	51933
15,32800	51928
15,33867	51921
15,34933	51918
15,36000	51915
15,37067	51909
15,38133	51898
15,39200	51885
15,40267	51870
15,41333	51849
15,42400	51830
15,43467	51811
15,44533	51791
15,45600	51766
15,46667	51737
15,47733	51708
15,48800	51674
15,49867	51637
15,50933	51597
15,52000	51555
15,53067	51511
15,54133	51463
15,55200	51413
15,56267	51359
15,57333	51302
15,58400	51245
15,59467	51187
15,60533	51126
15,61600	51063
15,62667	50995
15,63733	50924
15,64800	50856
15,65867	50789
15,66933	50720
15,68000	50650
15,69067	50581
15,70133	50511
15,71200	50441
15,72267	50375
15,73333	50307
15,74400	50243
15,75467	50180
15,76533	50118
15,77600	50058
15,78667	49998
15,79733	49941
15,80800	49889
15,81867	49840
15,82933	49792
15,84000	49745
15,85067	49700
15,86133	49657
15,87200	49616
15,88267	49576
15,89333	49537
15,90400	49500
15,91467	49463
15,92533	49427
15,93600	49394
15,94667	49359
15,95733	49328
15,96800	49301
15,97867	49273
15,98933	49247
16,00000	49221
16,01067	49195
16,02133	49174
16,03200	49153
16,04267	49132
16,05333	49109
16,06400	49087
16,07467	49068
16,08533	49047
16,09600	49027
16,10667	49009
16,11733	48991
16,12800	48973
16,13867	48955
16,14933	48936
16,16000	48917
16,17067	48900
16,18133	48884
16,19200	48868
16,20267	48854
16,21333	48839
16,22400	48822
16,23467	48805
16,24533	48789
16,25600	48771
16,26667	48755
16,27733	48739
16,28800	48721
16,29867	48704
16,30933	48685
16,32000	48668
16,33067	48650
16,34133	48632
16,35200	48614
16,36267	48597
16,37333	48579
16,38400	48559
16,39467	48542
16,40533	48524
16,41600	48505
16,42667	48490
16,43733	48474
16,44800	48455
16,45867	48437
16,46933	48422
16,48000	48407
16,49067	48389
16,50133	48372
16,51200	48358
16,52267	48346
16,53333	48335
16,54400	48326
16,55467	48317
16,56533	48307
16,57600	48299
16,58667	48297
16,59733	48294
16,60800	48291
16,61867	48287
16,62933	48283
16,64000	48281
16,65067	48279
16,66133	48279
16,67200	48280
16,68267	48281
16,69333	48283
16,70400	48282
16,71467	48281
16,72533	48281
16,73600	48282
16,74667	48279
16,75733	48276
16,76800	48274
16,77867	48273
16,78933	48270
16,80000	48264
16,81067	48258
16,82133	48254
16,83200	48252
16,84267	48249
16,85333	48242
16,86400	48235
16,87467	48224
16,88533	48212
16,89600	48202
16,90667	48194
16,91733	48182
16,92800	48169
16,93867	48156
16,94933	48145
16,96000	48138
16,97067	48132
16,98133	48124
16,99200	48115
17,00267	48106
17,01333	48097
17,02400	48090
17,03467	48085
17,04533	48081
17,05600	48078
17,06667	48077
17,07733	48080
17,08800	48084
17,09867	48088
17,10933	48092
17,12000	48101
17,13067	48109
17,14133	48113
17,15200	48116
17,16267	48120
17,17333	48123
17,18400	48124
17,19467	48121
17,20533	48116
17,21600	48110
17,22667	48104
17,23733	48099
17,24800	48090
17,25867	48078
17,26933	48069
17,28000	48061
17,29067	48049
17,30133	48037
17,31200	48027
17,32267	48019
17,33333	48009
17,34400	48000
17,35467	47991
17,36533	47979
17,37600	47971
17,38667	47963
17,39733	47955
17,40800	47948
17,41867	47939
17,42933	47927
17,44000	47917
17,45067	47908
17,46133	47898
17,47200	47889
17,48267	47877
17,49333	47866
17,50400	47859
17,51467	47850
17,52533	47840
17,53600	47829
17,54667	47816
17,55733	47806
17,56800	47797
17,57867	47787
17,58933	47779
17,60000	47769
17,61067	47759
17,62133	47751
17,63200	47745
17,64267	47738
17,65333	47731
17,66400	47722
17,67467	47713
17,68533	47706
17,69600	47700
17,70667	47696
17,71733	47690
17,72800	47685
17,73867	47680
17,74933	47676
17,76000	47673
17,77067	47671
17,78133	47669
17,79200	47665
17,80267	47659
17,81333	47654
17,82400	47648
17,83467	47642
17,84533	47636
17,85600	47630
17,86667	47622
17,87733	47612
17,88800	47605
17,89867	47596
17,90933	47584
17,92000	47573
17,93067	47560
17,94133	47550
17,95200	47539
17,96267	47527
17,97333	47519
17,98400	47512
17,99467	47505
18,00533	47493
18,01600	47482
18,02667	47474
18,03733	47464
18,04800	47454
18,05867	47447
18,06933	47440
18,08000	47434
18,09067	47427
18,10133	47420
18,11200	47411
18,12267	47403
18,13333	47397
18,14400	47394
18,15467	47392
18,16533	47390
18,17600	47390
18,18667	47392
18,19733	47399
18,20800	47409
18,21867	47424
18,22933	47443
18,24000	47470
18,25067	47512
18,26133	47568
18,27200	47637
18,28267	47718
18,29333	47816
18,30400	47930
18,31467	48060
18,32533	48203
18,33600	48362
18,34667	48532
18,35733	48709
18,36800	48891
18,37867	49074
18,38933	49255
18,40000	49429
18,41067	49596
18,42133	49757
18,43200	49910
18,44267	50053
18,45333	50185
18,46400	50306
18,47467	50418
18,48533	50523
18,49600	50620
18,50667	50711
18,51733	50793
18,52800	50865
18,53867	50925
18,54933	50971
18,56000	50997
18,57067	51003
18,58133	50983
18,59200	50934
18,60267	50857
18,61333	50750
18,62400	50616
18,63467	50453
18,64533	50269
18,65600	50069
18,66667	49859
18,67733	49644
18,68800	49424
18,69867	49211
18,70933	49007
18,72000	48814
18,73067	48637
18,74133	48472
18,75200	48322
18,76267	48189
18,77333	48071
18,78400	47968
18,79467	47876
18,80533	47794
18,81600	47721
18,82667	47654
18,83733	47593
18,84800	47541
18,85867	47497
18,86933	47460
18,88000	47430
18,89067	47406
18,90133	47384
18,91200	47363
18,92267	47343
18,93333	47327
18,94400	47312
18,95467	47301
18,96533	47294
18,97600	47290
18,98667	47289
18,99733	47286
19,00800	47284
19,01867	47287
19,02933	47290
19,04000	47292
19,05067	47297
19,06133	47303
19,07200	47308
19,08267	47311
19,09333	47314
19,10400	47318
19,11467	47322
19,12533	47326
19,13600	47330
19,14667	47335
19,15733	47339
19,16800	47342
19,17867	47346
19,18933	47350
19,20000	47353
19,21067	47358
19,22133	47363
19,23200	47365
19,24267	47367
19,25333	47372
19,26400	47379
19,27467	47387
19,28533	47398
19,29600	47412
19,30667	47429
19,31733	47448
19,32800	47472
19,33867	47503
19,34933	47540
19,36000	47586
19,37067	47638
19,38133	47696
19,39200	47762
19,40267	47832
19,41333	47903
19,42400	47971
19,43467	48038
19,44533	48097
19,45600	48148
19,46667	48187
19,47733	48214
19,48800	48230
19,49867	48231
19,50933	48215
19,52000	48183
19,53067	48138
19,54133	48086
19,55200	48027
19,56267	47963
19,57333	47892
19,58400	47817
19,59467	47741
19,60533	47667
19,61600	47595
19,62667	47526
19,63733	47462
19,64800	47402
19,65867	47350
19,66933	47303
19,68000	47259
19,69067	47219
19,70133	47182
19,71200	47151
19,72267	47122
19,73333	47096
19,74400	47073
19,75467	47051
19,76533	47030
19,77600	47012
19,78667	46994
19,79733	46979
19,80800	46965
19,81867	46951
19,82933	46940
19,84000	46930
19,85067	46921
19,86133	46908
19,87200	46895
19,88267	46885
19,89333	46879
19,90400	46873
19,91467	46865
19,92533	46859
19,93600	46854
19,94667	46847
19,95733	46838
19,96800	46827
19,97867	46820
19,98933	46814
20,00000	46808
20,01067	46802
20,02133	46797
20,03200	46794
20,04267	46788
20,05333	46783
20,06400	46777
20,07467	46772
20,08533	46768
20,09600	46764
20,10667	46759
20,11733	46755
20,12800	46750
20,13867	46742
20,14933	46736
20,16000	46732
20,17067	46725
20,18133	46719
20,19200	46714
20,20267	46712
20,21333	46710
20,22400	46706
20,23467	46701
20,24533	46699
20,25600	46698
20,26667	46698
20,27733	46698
20,28800	46699
20,29867	46702
20,30933	46706
20,32000	46711
20,33067	46722
20,34133	46739
20,35200	46758
20,36267	46784
20,37333	46814
20,38400	46846
20,39467	46888
20,40533	46937
20,41600	46991
20,42667	47053
20,43733	47124
20,44800	47201
20,45867	47287
20,46933	47383
20,48000	47488
20,49067	47603
20,50133	47725
20,51200	47857
20,52267	47998
20,53333	48146
20,54400	48303
20,55467	48467
20,56533	48636
20,57600	48815
20,58667	49000
20,59733	49189
20,60800	49383
20,61867	49582
20,62933	49786
20,64000	49991
20,65067	50198
20,66133	50407
20,67200	50620
20,68267	50831
20,69333	51040
20,70400	51248
20,71467	51450
20,72533	51648
20,73600	51846
20,74667	52041
20,75733	52233
20,76800	52416
20,77867	52593
20,78933	52768
20,80000	52938
20,81067	53105
20,82133	53265
20,83200	53417
20,84267	53564
20,85333	53706
20,86400	53842
20,87467	53974
20,88533	54101
20,89600	54223
20,90667	54335
20,91733	54443
20,92800	54547
20,93867	54646
20,94933	54744
20,96000	54837
20,97067	54924
20,98133	55006
20,99200	55084
21,00267	55161
21,01333	55235
21,02400	55304
21,03467	55371
21,04533	55435
21,05600	55494
21,06667	55551
21,07733	55607
21,08800	55660
21,09867	55711
21,10933	55758
21,12000	55803
21,13067	55849
21,14133	55896
21,15200	55943
21,16267	55988
21,17333	56032
21,18400	56071
21,19467	56107
21,20533	56143
21,21600	56180
21,22667	56217
21,23733	56252
21,24800	56286
21,25867	56319
21,26933	56352
21,28000	56382
21,29067	56412
21,30133	56443
21,31200	56472
21,32267	56498
21,33333	56524
21,34400	56547
21,35467	56567
21,36533	56589
21,37600	56614
21,38667	56637
21,39733	56657
21,40800	56673
21,41867	56687
21,42933	56703
21,44000	56720
21,45067	56735
21,46133	56749
21,47200	56763
21,48267	56777
21,49333	56792
21,50400	56805
21,51467	56820
21,52533	56837
21,53600	56852
21,54667	56866
21,55733	56883
21,56800	56903
21,57867	56925
21,58933	56943
21,60000	56960
21,61067	56980
21,62133	56999
21,63200	57020
21,64267	57042
21,65333	57065
21,66400	57090
21,67467	57116
21,68533	57139
21,69600	57163
21,70667	57187
21,71733	57212
21,72800	57239
21,73867	57262
21,74933	57286
21,76000	57312
21,77067	57337
21,78133	57363
21,79200	57388
21,80267	57410
21,81333	57433
21,82400	57455
21,83467	57476
21,84533	57497
21,85600	57518
21,86667	57536
21,87733	57554
21,88800	57570
21,89867	57584
21,90933	57595
21,92000	57602
21,93067	57608
21,94133	57616
21,95200	57623
21,96267	57626
21,97333	57626
21,98400	57626
21,99467	57625
22,00533	57624
22,01600	57621
22,02667	57617
22,03733	57616
22,04800	57617
22,05867	57614
22,06933	57610
22,08000	57606
22,09067	57605
22,10133	57605
22,11200	57605
22,12267	57610
22,13333	57614
22,14400	57620
22,15467	57628
22,16533	57639
22,17600	57652
22,18667	57664
22,19733	57680
22,20800	57697
22,21867	57715
22,22933	57735
22,24000	57755
22,25067	57776
22,26133	57799
22,27200	57827
22,28267	57856
22,29333	57883
22,30400	57913
22,31467	57943
22,32533	57973
22,33600	58001
22,34667	58030
22,35733	58059
22,36800	58087
22,37867	58112
22,38933	58135
22,40000	58159
22,41067	58180
22,42133	58198
22,43200	58216
22,44267	58236
22,45333	58255
22,46400	58274
22,47467	58289
22,48533	58302
22,49600	58315
22,50667	58329
22,51733	58340
22,52800	58349
22,53867	58358
22,54933	58365
22,56000	58369
22,57067	58370
22,58133	58368
22,59200	58365
22,60267	58363
22,61333	58359
22,62400	58353
22,63467	58346
22,64533	58338
22,65600	58326
22,66667	58313
22,67733	58304
22,68800	58293
22,69867	58279
22,70933	58266
22,72000	58253
22,73067	58239
22,74133	58225
22,75200	58212
22,76267	58199
22,77333	58187
22,78400	58178
22,79467	58167
22,80533	58154
22,81600	58142
22,82667	58134
22,83733	58129
22,84800	58122
22,85867	58114
22,86933	58105
22,88000	58096
22,89067	58085
22,90133	58076
22,91200	58072
22,92267	58064
22,93333	58056
22,94400	58050
22,95467	58044
22,96533	58037
22,97600	58031
22,98667	58025
22,99733	58019
23,00800	58012
23,01867	58005
23,02933	57998
23,04000	57990
23,05067	57983
23,06133	57974
23,07200	57967
23,08267	57960
23,09333	57954
23,10400	57949
23,11467	57945
23,12533	57941
23,13600	57938
23,14667	57936
23,15733	57938
23,16800	57940
23,17867	57943
23,18933	57946
23,20000	57948
23,21067	57950
23,22133	57953
23,23200	57953
23,24267	57954
23,25333	57953
23,26400	57951
23,27467	57947
23,28533	57941
23,29600	57936
23,30667	57932
23,31733	57926
23,32800	57920
23,33867	57916
23,34933	57915
23,36000	57915
23,37067	57917
23,38133	57923
23,39200	57930
23,40267	57934
23,41333	57941
23,42400	57951
23,43467	57960
23,44533	57972
23,45600	57983
23,46667	57991
23,47733	57999
23,48800	58005
23,49867	58010
23,50933	58016
23,52000	58021
23,53067	58026
23,54133	58031
23,55200	58035
23,56267	58038
23,57333	58039
23,58400	58039
23,59467	58042
23,60533	58048
23,61600	58051
23,62667	58054
23,63733	58059
23,64800	58064
23,65867	58071
23,66933	58079
23,68000	58085
23,69067	58091
23,70133	58099
23,71200	58104
23,72267	58109
23,73333	58113
23,74400	58115
23,75467	58118
23,76533	58125
23,77600	58131
23,78667	58136
23,79733	58139
23,80800	58143
23,81867	58150
23,82933	58156
23,84000	58162
23,85067	58169
23,86133	58177
23,87200	58184
23,88267	58190
23,89333	58198
23,90400	58203
23,91467	58207
23,92533	58213
23,93600	58218
23,94667	58218
23,95733	58218
23,96800	58220
23,97867	58223
23,98933	58225
24,00000	58227
24,01067	58230
24,02133	58232
24,03200	58235
24,04267	58241
24,05333	58245
24,06400	58249
24,07467	58258
24,08533	58264
24,09600	58272
24,10667	58281
24,11733	58297
24,12800	58318
24,13867	58344
24,14933	58379
24,16000	58425
24,17067	58487
24,18133	58570
24,19200	58677
24,20267	58811
24,21333	58973
24,22400	59169
24,23467	59405
24,24533	59682
24,25600	59997
24,26667	60354
24,27733	60757
24,28800	61207
24,29867	61703
24,30933	62240
24,32000	62815
24,33067	63426
24,34133	64070
24,35200	64742
24,36267	65434
24,37333	66140
24,38400	66855
24,39467	67572
24,40533	68284
24,41600	68985
24,42667	69674
24,43733	70342
24,44800	70987
24,45867	71604
24,46933	72189
24,48000	72740
24,49067	73252
24,50133	73729
24,51200	74168
24,52267	74568
24,53333	74930
24,54400	75255
24,55467	75540
24,56533	75790
24,57600	76002
24,58667	76179
24,59733	76323
24,60800	76437
24,61867	76523
24,62933	76580
24,64000	76609
24,65067	76616
24,66133	76596
24,67200	76549
24,68267	76481
24,69333	76390
24,70400	76276
24,71467	76139
24,72533	75982
24,73600	75803
24,74667	75597
24,75733	75366
24,76800	75117
24,77867	74850
24,78933	74568
24,80000	74274
24,81067	73972
24,82133	73661
24,83200	73347
24,84267	73037
24,85333	72753
24,86400	72530
24,87467	72415
24,88533	72472
24,89600	72760
24,90667	73306
24,91733	74088
24,92800	75014
24,93867	75922
24,94933	76627
24,96000	76984
24,97067	76915
24,98133	76435
24,99200	75631
25,00267	74620
25,01333	73516
25,02400	72399
25,03467	71319
25,04533	70296
25,05600	69329
25,06667	68413
25,07733	67547
25,08800	66730
25,09867	65961
25,10933	65240
25,12000	64564
25,13067	63929
25,14133	63335
25,15200	62781
25,16267	62264
25,17333	61779
25,18400	61318
25,19467	60876
25,20533	60451
25,21600	60044
25,22667	59647
25,23733	59257
25,24800	58875
25,25867	58499
25,26933	58122
25,28000	57744
25,29067	57370
25,30133	56999
25,31200	56639
25,32267	56295
25,33333	55974
25,34400	55681
25,35467	55411
25,36533	55137
25,37600	54839
25,38667	54520
25,39733	54197
25,40800	53884
25,41867	53587
25,42933	53296
25,44000	52988
25,45067	52648
25,46133	52275
25,47200	51880
25,48267	51475
25,49333	51068
25,50400	50662
25,51467	50258
25,52533	49853
25,53600	49448
25,54667	49054
25,55733	48679
25,56800	48324
25,57867	47986
25,58933	47650
25,60000	47309
25,61067	46968
25,62133	46631
25,63200	46304
25,64267	45988
25,65333	45678
25,66400	45371
25,67467	45063
25,68533	44754
25,69600	44445
25,70667	44134
25,71733	43824
25,72800	43518
25,73867	43217
25,74933	42918
25,76000	42624
25,77067	42335
25,78133	42053
25,79200	41778
25,80267	41511
25,81333	41251
25,82400	40998
25,83467	40757
25,84533	40526
25,85600	40302
25,86667	40081
25,87733	39866
25,88800	39657
25,89867	39462
25,90933	39278
25,92000	39105
25,93067	38942
25,94133	38783
25,95200	38627
25,96267	38471
25,97333	38314
25,98400	38160
25,99467	38015
26,00533	37888
26,01600	37779
26,02667	37681
26,03733	37575
26,04800	37447
26,05867	37296
26,06933	37125
26,08000	36944
26,09067	36764
26,10133	36589
26,11200	36423
26,12267	36273
26,13333	36137
26,14400	36013
26,15467	35896
26,16533	35779
26,17600	35664
26,18667	35556
26,19733	35473
26,20800	35449
26,21867	35537
26,22933	35804
26,24000	36297
26,25067	37028
26,26133	38002
26,27200	39259
26,28267	40886
26,29333	42988
26,30400	45623
26,31467	48764
26,32533	52279
26,33600	55965
26,34667	59573
26,35733	62810
26,36800	65303
26,37867	66616
26,38933	66417
26,40000	64688
26,41067	61769
26,42133	58200
26,43200	54502
26,44267	51040
26,45333	47999
26,46400	45431
26,47467	43309
26,48533	41573
26,49600	40157
26,50667	38993
26,51733	38021
26,52800	37196
26,53867	36483
26,54933	35853
26,56000	35289
26,57067	34778
26,58133	34310
26,59200	33877
26,60267	33472
26,61333	33092
26,62400	32733
26,63467	32392
26,64533	32067
26,65600	31759
26,66667	31474
26,67733	31219
26,68800	31001
26,69867	30833
26,70933	30741
26,72000	30767
26,73067	30963
26,74133	31375
26,75200	32012
26,76267	32825
26,77333	33725
26,78400	34603
26,79467	35354
26,80533	35912
26,81600	36255
26,82667	36393
26,83733	36358
26,84800	36190
26,85867	35927
26,86933	35607
26,88000	35259
26,89067	34916
26,90133	34606
26,91200	34348
26,92267	34159
26,93333	34062
26,94400	34101
26,95467	34355
26,96533	34888
26,97600	35709
26,98667	36765
26,99733	37981
27,00800	39309
27,01867	40692
27,02933	41983
27,04000	42960
27,05067	43453
27,06133	43460
27,07200	43119
27,08267	42620
27,09333	42137
27,10400	41801
27,11467	41717
27,12533	41970
27,13600	42576
27,14667	43408
27,15733	44222
27,16800	44782
27,17867	44999
27,18933	45028
27,20000	45430
27,21067	47501
27,22133	53362
27,23200	64897
27,24267	81619
27,25333	99649
27,26400	113626
27,27467	120037
27,28533	118844
27,29600	112441
27,30667	103608
27,31733	94295
27,32800	85480
27,33867	77538
27,34933	70579
27,36000	64622
27,37067	59658
27,38133	55647
27,39200	52512
27,40267	50149
27,41333	48433
27,42400	47238
27,43467	46440
27,44533	45933
27,45600	45626
27,46667	45454
27,47733	45371
27,48800	45348
27,49867	45365
27,50933	45405
27,52000	45465
27,53067	45534
27,54133	45609
27,55200	45691
27,56267	45778
27,57333	45875
27,58400	46001
27,59467	46182
27,60533	46441
27,61600	46793
27,62667	47213
27,63733	47657
27,64800	48085
27,65867	48479
27,66933	48824
27,68000	49092
27,69067	49254
27,70133	49312
27,71200	49313
27,72267	49302
27,73333	49298
27,74400	49285
27,75467	49239
27,76533	49164
27,77600	49087
27,78667	49037
27,79733	49016
27,80800	48993
27,81867	48923
27,82933	48786
27,84000	48589
27,85067	48360
27,86133	48128
27,87200	47915
27,88267	47735
27,89333	47592
27,90400	47488
27,91467	47421
27,92533	47387
27,93600	47381
27,94667	47398
27,95733	47428
27,96800	47457
27,97867	47476
27,98933	47485
28,00000	47488
28,01067	47491
28,02133	47504
28,03200	47528
28,04267	47560
28,05333	47594
28,06400	47625
28,07467	47647
28,08533	47657
28,09600	47655
28,10667	47637
28,11733	47605
28,12800	47563
28,13867	47514
28,14933	47462
28,16000	47414
28,17067	47374
28,18133	47342
28,19200	47321
28,20267	47313
28,21333	47318
28,22400	47330
28,23467	47343
28,24533	47354
28,25600	47361
28,26667	47363
28,27733	47364
28,28800	47369
28,29867	47373
28,30933	47376
28,32000	47376
28,33067	47373
28,34133	47369
28,35200	47366
28,36267	47362
28,37333	47360
28,38400	47360
28,39467	47360
28,40533	47362
28,41600	47365
28,42667	47368
28,43733	47371
28,44800	47374
28,45867	47379
28,46933	47385
28,48000	47395
28,49067	47411
28,50133	47438
28,51200	47479
28,52267	47533
28,53333	47594
28,54400	47656
28,55467	47719
28,56533	47776
28,57600	47826
28,58667	47871
28,59733	47906
28,60800	47935
28,61867	47953
28,62933	47956
28,64000	47945
28,65067	47926
28,66133	47902
28,67200	47878
28,68267	47868
28,69333	47883
28,70400	47925
28,71467	48012
28,72533	48158
28,73600	48366
28,74667	48621
28,75733	48886
28,76800	49115
28,77867	49266
28,78933	49316
28,80000	49269
28,81067	49152
28,82133	48998
28,83200	48830
28,84267	48660
28,85333	48501
28,86400	48359
28,87467	48231
28,88533	48121
28,89600	48030
28,90667	47953
28,91733	47891
28,92800	47841
28,93867	47796
28,94933	47759
28,96000	47725
28,97067	47692
28,98133	47660
28,99200	47626
29,00267	47593
29,01333	47560
29,02400	47528
29,03467	47496
29,04533	47470
29,05600	47445
29,06667	47423
29,07733	47404
29,08800	47387
29,09867	47369
29,10933	47354
29,12000	47340
29,13067	47328
29,14133	47319
29,15200	47316
29,16267	47324
29,17333	47340
29,18400	47360
29,19467	47380
29,20533	47400
29,21600	47422
29,22667	47442
29,23733	47460
29,24800	47475
29,25867	47488
29,26933	47505
29,28000	47532
29,29067	47572
29,30133	47631
29,31200	47711
29,32267	47818
29,33333	47956
29,34400	48137
29,35467	48364
29,36533	48640
29,37600	48983
29,38667	49408
29,39733	49931
29,40800	50573
29,41867	51353
29,42933	52296
29,44000	53424
29,45067	54763
29,46133	56336
29,47200	58164
29,48267	60260
29,49333	62634
29,50400	65281
29,51467	68168
29,52533	71240
29,53600	74417
29,54667	77591
29,55733	80649
29,56800	83492
29,57867	86037
29,58933	88237
29,60000	90083
29,61067	91589
29,62133	92794
29,63200	93744
29,64267	94491
29,65333	95080
29,66400	95555
29,67467	95956
29,68533	96311
29,69600	96651
29,70667	96999
29,71733	97372
29,72800	97785
29,73867	98250
29,74933	98771
29,76000	99354
29,77067	99998
29,78133	100690
29,79200	101417
29,80267	102163
29,81333	102916
29,82400	103656
29,83467	104362
29,84533	105029
29,85600	105645
29,86667	106203
29,87733	106702
29,88800	107144
29,89867	107525
29,90933	107843
29,92000	108106
29,93067	108317
29,94133	108478
29,95200	108593
29,96267	108661
29,97333	108688
29,98400	108674
29,99467	108620
30,00533	108531
30,01600	108402
30,02667	108234
30,03733	108033
30,04800	107798
30,05867	107527
30,06933	107229
30,08000	106901
30,09067	106544
30,10133	106163
30,11200	105757
30,12267	105337
30,13333	104902
30,14400	104451
30,15467	103984
30,16533	103506
30,17600	103019
30,18667	102522
30,19733	102015
30,20800	101504
30,21867	100983
30,22933	100453
30,24000	99921
30,25067	99385
30,26133	98844
30,27200	98299
30,28267	97751
30,29333	97203
30,30400	96652
30,31467	96100
30,32533	95549
30,33600	94996
30,34667	94443
30,35733	93887
30,36800	93330
30,37867	92771
30,38933	92208
30,40000	91642
30,41067	91073
30,42133	90501
30,43200	89926
30,44267	89349
30,45333	88773
30,46400	88197
30,47467	87618
30,48533	87038
30,49600	86458
30,50667	85878
30,51733	85297
30,52800	84716
30,53867	84136
30,54933	83557
30,56000	82978
30,57067	82395
30,58133	81818
30,59200	81244
30,60267	80674
30,61333	80105
30,62400	79535
30,63467	78964
30,64533	78397
30,65600	77834
30,66667	77269
30,67733	76706
30,68800	76146
30,69867	75589
30,70933	75032
30,72000	74478
30,73067	73926
30,74133	73373
30,75200	72822
30,76267	72275
30,77333	71728
30,78400	71182
30,79467	70637
30,80533	70094
30,81600	69551
30,82667	69008
30,83733	68466
30,84800	67923
30,85867	67381
30,86933	66836
30,88000	66292
30,89067	65748
30,90133	65203
30,91200	64656
30,92267	64109
30,93333	63565
30,94400	63021
30,95467	62475
30,96533	61929
30,97600	61382
30,98667	60840
30,99733	60297
31,00800	59753
31,01867	59208
31,02933	58664
31,04000	58123
31,05067	57580
31,06133	57039
31,07200	56495
31,08267	55950
31,09333	55408
31,10400	54869
31,11467	54329
31,12533	53787
31,13600	53247
31,14667	52709
31,15733	52169
31,16800	51630
31,17867	51093
31,18933	50555
31,20000	50018
31,21067	49480
31,22133	48940
31,23200	48401
31,24267	47866
31,25333	47332
31,26400	46798
31,27467	46263
31,28533	45726
31,29600	45190
31,30667	44654
31,31733	44122
31,32800	43587
31,33867	43052
31,34933	42521
31,36000	41989
31,37067	41456
31,38133	40927
31,39200	40401
31,40267	39878
31,41333	39358
31,42400	38843
31,43467	38330
31,44533	37816
31,45600	37308
31,46667	36806
31,47733	36306
31,48800	35812
31,49867	35322
31,50933	34837
31,52000	34357
31,53067	33879
31,54133	33405
31,55200	32939
31,56267	32477
31,57333	32017
31,58400	31563
31,59467	31109
31,60533	30656
31,61600	30206
31,62667	29755
31,63733	29305
31,64800	28855
31,65867	28404
31,66933	27954
31,68000	27503
31,69067	27049
31,70133	26596
31,71200	26142
31,72267	25684
31,73333	25225
31,74400	24766
31,75467	24304
31,76533	23841
31,77600	23377
31,78667	22913
31,79733	22447
31,80800	21979
31,81867	21510
31,82933	21042
31,84000	20572
31,85067	20102
31,86133	19635
31,87200	19168
31,88267	18702
31,89333	18237
31,90400	17772
31,91467	17310
31,92533	16853
31,93600	16398
31,94667	15944
31,95733	15497
31,96800	15059
31,97867	14622
31,98933	14187
32,00000	13755


[Fraction Collection Report]
# of Fractions	0
