[Header]
Application Name	LabSolutions
Version	5.101
Data File Name	C:\Users\User\Desktop\Mervan_EnyzmeML\Kinetics\Kinetics\ManNAc\L (5).lcd
Output Date	11.3.2026.
Output Time	14:07:56

[File Information]
Type	Data File
Generated	27.7.2022. 20:18:07
Generated by	System Administrator
Modified	28.7.2022. 9:10:49
Modified by	System Administrator

[Sample Information]
Operator Name	System Administrator
Acquired	27.7.2022. 20:18:23
Sample Type	0:Unknown
Level	0
Sample Name	
Sample ID	
ISTD Amount1	1
ISTD Amount2	1
ISTD Amount3	1
ISTD Amount4	1
ISTD Amount5	1
ISTD Amount6	1
ISTD Amount7	1
ISTD Amount8	1
ISTD Amount9	1
ISTD Amount10	1
ISTD Amount11	1
ISTD Amount12	1
ISTD Amount13	1
ISTD Amount14	1
ISTD Amount15	1
ISTD Amount16	1
ISTD Amount17	1
ISTD Amount18	1
ISTD Amount19	1
ISTD Amount20	1
ISTD Amount21	1
ISTD Amount22	1
ISTD Amount23	1
ISTD Amount24	1
ISTD Amount25	1
ISTD Amount26	1
ISTD Amount27	1
ISTD Amount28	1
ISTD Amount29	1
ISTD Amount30	1
ISTD Amount31	1
ISTD Amount32	1
Sample Amount	1
Dilution Factor	1
Vial#	41
Injection Volume	15

[Original Files]
Data File	C:\LabSolutions\Data\Project1\Mervan\Method development\2022-07-25 (ManNAc)\O4.lcd
Method File	C:\LabSolutions\Data\Project1\Mervan\Mervan Derivatization - Short - Isocratic.lcm
Batch File	C:\LabSolutions\Data\Project1\Mervan batch.lcb
Report Format File	c:\LabSolutions\System\DEFAULT.lsr

[File Description]


[Configuration]
Instrument Name	LC40_01
Instrument #	1
Line #	1
# of Detectors	1
Detector ID	PDA
Detector Name	PDA
# of Channels	1

[Peak Table(PDA-Ch1)]
# of Peaks	3
Peak#	R.Time	I.Time	F.Time	Area	Height	A/H	Conc.	Mark	ID#	Name	k'	Plate #	Plate Ht.	Tailing	Resolution	Sep.Factor	Area Ratio	Height Ratio	Conc. %	Norm Conc.
1	10,053	9,813	10,272	333224	49217	6,771	1,902	   			0,000	44579	3,365	1,375	0,000	0,000	0	0	0,000	0,000
2	10,552	10,272	10,976	17121058	1565880	10,934	97,738	   			0,050	20470	7,328	1,136	2,057	0,000	0	0	0,000	0,000
3	18,089	17,792	18,133	62931	3055	20,602	0,359	   			0,799	50122	2,993	0,577	24,381	16,092	0	0	0,000	0,000

[Compound Results(PDA)]
# of IDs	0

[Group Results(PDA)]
# of Groups	0

[LC Status Trace(Pump A Pressure)]
Interval(msec)	1000
# of Points	1921
Start Time(min)	0,000
End Time(min)	32,000
Intensity Units	bar
Intensity Multiplier	0,980665
R.Time (min)	Intensity
0,00000	80,0
0,01667	80,0
0,03333	78,2
0,05000	78,3
0,06667	78,7
0,08333	79,2
0,10000	79,8
0,11667	80,8
0,13333	80,9
0,15000	80,9
0,16667	80,8
0,18333	80,5
0,20000	80,3
0,21667	80,5
0,23333	80,6
0,25000	80,7
0,26667	80,7
0,28333	80,7
0,30000	80,8
0,31667	80,9
0,33333	80,9
0,35000	80,9
0,36667	80,9
0,38333	80,8
0,40000	80,8
0,41667	80,8
0,43333	80,8
0,45000	80,9
0,46667	80,8
0,48333	80,8
0,50000	80,8
0,51667	80,8
0,53333	80,9
0,55000	80,8
0,56667	80,8
0,58333	80,9
0,60000	80,8
0,61667	80,9
0,63333	80,8
0,65000	80,8
0,66667	80,8
0,68333	80,8
0,70000	80,8
0,71667	80,8
0,73333	80,9
0,75000	80,8
0,76667	80,9
0,78333	80,9
0,80000	80,8
0,81667	80,8
0,83333	80,8
0,85000	80,9
0,86667	80,8
0,88333	80,8
0,90000	80,8
0,91667	80,8
0,93333	80,8
0,95000	80,8
0,96667	80,8
0,98333	80,9
1,00000	80,8
1,01667	80,8
1,03333	80,8
1,05000	80,8
1,06667	80,8
1,08333	80,8
1,10000	80,7
1,11667	80,9
1,13333	80,9
1,15000	80,8
1,16667	80,8
1,18333	80,8
1,20000	80,8
1,21667	80,8
1,23333	80,8
1,25000	80,8
1,26667	80,8
1,28333	80,7
1,30000	80,8
1,31667	80,8
1,33333	80,9
1,35000	80,8
1,36667	80,8
1,38333	80,8
1,40000	80,8
1,41667	80,8
1,43333	80,7
1,45000	80,8
1,46667	80,7
1,48333	80,8
1,50000	80,8
1,51667	80,8
1,53333	80,7
1,55000	80,7
1,56667	80,7
1,58333	80,7
1,60000	80,8
1,61667	80,7
1,63333	80,7
1,65000	80,7
1,66667	80,8
1,68333	80,7
1,70000	80,7
1,71667	80,7
1,73333	80,7
1,75000	80,7
1,76667	80,7
1,78333	80,7
1,80000	80,6
1,81667	80,7
1,83333	80,7
1,85000	80,7
1,86667	80,6
1,88333	80,6
1,90000	80,7
1,91667	80,6
1,93333	80,7
1,95000	80,6
1,96667	80,7
1,98333	80,7
2,00000	80,7
2,01667	80,6
2,03333	80,6
2,05000	80,6
2,06667	80,7
2,08333	80,7
2,10000	80,6
2,11667	80,6
2,13333	80,6
2,15000	80,7
2,16667	80,6
2,18333	80,6
2,20000	80,6
2,21667	80,6
2,23333	80,6
2,25000	80,6
2,26667	80,6
2,28333	80,7
2,30000	80,6
2,31667	80,6
2,33333	80,6
2,35000	80,6
2,36667	80,6
2,38333	80,6
2,40000	80,6
2,41667	80,6
2,43333	80,6
2,45000	80,6
2,46667	80,6
2,48333	80,6
2,50000	80,6
2,51667	80,7
2,53333	80,6
2,55000	80,6
2,56667	80,7
2,58333	80,7
2,60000	80,7
2,61667	80,7
2,63333	80,7
2,65000	80,7
2,66667	80,6
2,68333	80,6
2,70000	80,7
2,71667	80,7
2,73333	80,7
2,75000	80,6
2,76667	80,7
2,78333	80,7
2,80000	80,7
2,81667	80,6
2,83333	80,7
2,85000	80,7
2,86667	80,8
2,88333	80,7
2,90000	80,7
2,91667	80,7
2,93333	80,7
2,95000	80,7
2,96667	80,7
2,98333	80,8
3,00000	80,7
3,01667	80,7
3,03333	80,7
3,05000	80,8
3,06667	80,7
3,08333	80,7
3,10000	80,7
3,11667	80,7
3,13333	80,8
3,15000	80,7
3,16667	80,7
3,18333	80,7
3,20000	80,7
3,21667	80,8
3,23333	80,9
3,25000	80,8
3,26667	80,8
3,28333	80,8
3,30000	80,8
3,31667	80,9
3,33333	80,8
3,35000	80,8
3,36667	80,8
3,38333	80,9
3,40000	80,8
3,41667	80,8
3,43333	80,9
3,45000	80,9
3,46667	80,8
3,48333	80,9
3,50000	80,9
3,51667	80,8
3,53333	80,9
3,55000	80,9
3,56667	80,9
3,58333	80,8
3,60000	80,9
3,61667	80,9
3,63333	80,9
3,65000	80,9
3,66667	81,0
3,68333	81,0
3,70000	80,9
3,71667	81,0
3,73333	81,0
3,75000	80,9
3,76667	80,9
3,78333	81,0
3,80000	81,0
3,81667	81,0
3,83333	81,0
3,85000	81,0
3,86667	81,0
3,88333	81,0
3,90000	81,0
3,91667	81,0
3,93333	81,0
3,95000	81,1
3,96667	81,0
3,98333	81,0
4,00000	81,0
4,01667	81,1
4,03333	81,0
4,05000	81,0
4,06667	81,1
4,08333	81,1
4,10000	81,0
4,11667	81,0
4,13333	81,1
4,15000	81,0
4,16667	81,1
4,18333	81,1
4,20000	81,1
4,21667	81,2
4,23333	81,1
4,25000	81,1
4,26667	81,2
4,28333	81,2
4,30000	81,5
4,31667	81,6
4,33333	81,7
4,35000	81,8
4,36667	81,8
4,38333	81,9
4,40000	81,9
4,41667	81,9
4,43333	81,9
4,45000	82,0
4,46667	81,9
4,48333	81,8
4,50000	81,9
4,51667	81,8
4,53333	81,8
4,55000	81,8
4,56667	81,8
4,58333	81,7
4,60000	81,7
4,61667	81,7
4,63333	81,6
4,65000	81,6
4,66667	81,6
4,68333	81,5
4,70000	81,5
4,71667	81,4
4,73333	81,3
4,75000	81,4
4,76667	81,3
4,78333	81,3
4,80000	81,2
4,81667	81,1
4,83333	81,1
4,85000	81,1
4,86667	81,0
4,88333	81,0
4,90000	81,0
4,91667	81,0
4,93333	80,9
4,95000	80,9
4,96667	80,9
4,98333	80,9
5,00000	80,9
5,01667	80,8
5,03333	80,8
5,05000	80,9
5,06667	80,9
5,08333	81,0
5,10000	81,1
5,11667	81,1
5,13333	81,1
5,15000	81,2
5,16667	81,2
5,18333	81,2
5,20000	81,2
5,21667	81,2
5,23333	81,2
5,25000	81,3
5,26667	81,3
5,28333	81,3
5,30000	81,3
5,31667	81,2
5,33333	81,3
5,35000	81,3
5,36667	81,4
5,38333	81,3
5,40000	81,4
5,41667	81,3
5,43333	81,4
5,45000	81,4
5,46667	81,4
5,48333	81,4
5,50000	81,5
5,51667	81,4
5,53333	81,4
5,55000	81,4
5,56667	81,4
5,58333	81,5
5,60000	81,5
5,61667	81,4
5,63333	81,5
5,65000	81,4
5,66667	81,5
5,68333	81,5
5,70000	81,4
5,71667	81,5
5,73333	81,5
5,75000	81,5
5,76667	81,6
5,78333	81,6
5,80000	81,5
5,81667	81,6
5,83333	81,6
5,85000	81,7
5,86667	81,7
5,88333	81,6
5,90000	81,7
5,91667	81,6
5,93333	81,6
5,95000	81,7
5,96667	81,6
5,98333	81,7
6,00000	81,6
6,01667	81,7
6,03333	81,6
6,05000	81,7
6,06667	81,6
6,08333	81,7
6,10000	81,6
6,11667	81,7
6,13333	81,7
6,15000	81,6
6,16667	81,7
6,18333	81,7
6,20000	81,7
6,21667	81,7
6,23333	81,7
6,25000	81,7
6,26667	81,7
6,28333	81,7
6,30000	81,8
6,31667	81,7
6,33333	81,7
6,35000	81,7
6,36667	81,7
6,38333	81,8
6,40000	81,8
6,41667	81,8
6,43333	81,8
6,45000	81,7
6,46667	81,8
6,48333	81,8
6,50000	81,8
6,51667	81,8
6,53333	81,8
6,55000	81,8
6,56667	81,9
6,58333	81,8
6,60000	81,8
6,61667	81,8
6,63333	81,9
6,65000	81,9
6,66667	81,8
6,68333	81,8
6,70000	81,8
6,71667	81,9
6,73333	81,9
6,75000	81,9
6,76667	81,9
6,78333	81,8
6,80000	81,9
6,81667	81,9
6,83333	81,9
6,85000	81,9
6,86667	81,9
6,88333	82,0
6,90000	81,9
6,91667	81,9
6,93333	81,9
6,95000	81,9
6,96667	81,9
6,98333	81,9
7,00000	82,0
7,01667	81,9
7,03333	82,0
7,05000	81,9
7,06667	81,9
7,08333	81,9
7,10000	82,0
7,11667	82,0
7,13333	82,0
7,15000	82,0
7,16667	82,0
7,18333	81,9
7,20000	82,0
7,21667	82,0
7,23333	82,0
7,25000	82,0
7,26667	82,0
7,28333	82,0
7,30000	81,9
7,31667	82,1
7,33333	82,0
7,35000	82,1
7,36667	82,1
7,38333	82,0
7,40000	82,0
7,41667	82,1
7,43333	82,1
7,45000	82,1
7,46667	82,0
7,48333	82,0
7,50000	82,1
7,51667	82,0
7,53333	82,0
7,55000	82,0
7,56667	82,0
7,58333	82,1
7,60000	82,0
7,61667	82,1
7,63333	82,1
7,65000	82,1
7,66667	82,0
7,68333	82,0
7,70000	82,0
7,71667	82,1
7,73333	82,1
7,75000	82,1
7,76667	82,0
7,78333	82,0
7,80000	82,1
7,81667	82,1
7,83333	82,1
7,85000	82,1
7,86667	82,1
7,88333	82,1
7,90000	82,1
7,91667	82,1
7,93333	82,0
7,95000	82,1
7,96667	82,1
7,98333	82,1
8,00000	82,1
8,01667	82,1
8,03333	82,1
8,05000	82,1
8,06667	82,1
8,08333	82,0
8,10000	82,1
8,11667	82,1
8,13333	82,1
8,15000	82,1
8,16667	82,1
8,18333	82,1
8,20000	82,1
8,21667	82,1
8,23333	82,1
8,25000	82,1
8,26667	82,1
8,28333	82,1
8,30000	82,0
8,31667	82,1
8,33333	82,1
8,35000	82,1
8,36667	82,1
8,38333	82,1
8,40000	82,2
8,41667	82,1
8,43333	82,1
8,45000	82,1
8,46667	82,1
8,48333	82,1
8,50000	82,1
8,51667	82,1
8,53333	82,1
8,55000	82,1
8,56667	82,1
8,58333	82,1
8,60000	82,1
8,61667	82,1
8,63333	82,1
8,65000	82,2
8,66667	82,1
8,68333	82,1
8,70000	82,1
8,71667	82,1
8,73333	82,1
8,75000	82,1
8,76667	82,1
8,78333	82,1
8,80000	82,1
8,81667	82,1
8,83333	82,1
8,85000	82,2
8,86667	82,0
8,88333	82,1
8,90000	82,1
8,91667	82,1
8,93333	82,1
8,95000	82,1
8,96667	82,1
8,98333	82,1
9,00000	82,1
9,01667	82,1
9,03333	82,1
9,05000	82,0
9,06667	82,1
9,08333	82,0
9,10000	82,1
9,11667	82,1
9,13333	82,1
9,15000	82,1
9,16667	82,1
9,18333	82,1
9,20000	82,1
9,21667	82,0
9,23333	82,1
9,25000	82,1
9,26667	82,0
9,28333	82,0
9,30000	82,1
9,31667	82,1
9,33333	82,1
9,35000	82,0
9,36667	82,0
9,38333	82,1
9,40000	82,0
9,41667	82,0
9,43333	82,0
9,45000	82,1
9,46667	82,0
9,48333	82,1
9,50000	82,0
9,51667	82,1
9,53333	82,0
9,55000	82,0
9,56667	82,1
9,58333	82,1
9,60000	82,1
9,61667	82,0
9,63333	82,0
9,65000	82,1
9,66667	82,0
9,68333	82,0
9,70000	82,0
9,71667	82,0
9,73333	82,0
9,75000	82,0
9,76667	82,0
9,78333	81,9
9,80000	82,0
9,81667	82,0
9,83333	82,0
9,85000	82,0
9,86667	82,0
9,88333	82,0
9,90000	82,0
9,91667	82,0
9,93333	82,0
9,95000	82,0
9,96667	82,0
9,98333	82,0
10,00000	81,9
10,01667	81,9
10,03333	81,9
10,05000	81,9
10,06667	81,9
10,08333	81,9
10,10000	81,9
10,11667	81,8
10,13333	81,9
10,15000	81,9
10,16667	81,8
10,18333	81,8
10,20000	81,8
10,21667	81,8
10,23333	81,8
10,25000	81,8
10,26667	81,8
10,28333	81,8
10,30000	81,8
10,31667	81,8
10,33333	81,8
10,35000	81,8
10,36667	81,7
10,38333	81,8
10,40000	81,7
10,41667	81,8
10,43333	81,7
10,45000	81,8
10,46667	81,7
10,48333	81,8
10,50000	81,8
10,51667	81,8
10,53333	81,7
10,55000	81,8
10,56667	81,7
10,58333	81,7
10,60000	81,7
10,61667	81,8
10,63333	81,7
10,65000	81,7
10,66667	81,8
10,68333	81,8
10,70000	81,7
10,71667	81,7
10,73333	81,8
10,75000	81,7
10,76667	81,7
10,78333	81,7
10,80000	81,7
10,81667	81,7
10,83333	81,7
10,85000	81,7
10,86667	81,6
10,88333	81,7
10,90000	81,7
10,91667	81,7
10,93333	81,7
10,95000	81,7
10,96667	81,7
10,98333	81,6
11,00000	81,6
11,01667	81,6
11,03333	81,6
11,05000	81,6
11,06667	81,6
11,08333	81,6
11,10000	81,6
11,11667	81,7
11,13333	81,6
11,15000	81,7
11,16667	81,6
11,18333	81,6
11,20000	81,6
11,21667	81,6
11,23333	81,6
11,25000	81,6
11,26667	81,6
11,28333	81,6
11,30000	81,6
11,31667	81,6
11,33333	81,5
11,35000	81,6
11,36667	81,6
11,38333	81,6
11,40000	81,5
11,41667	81,6
11,43333	81,6
11,45000	81,6
11,46667	81,6
11,48333	81,6
11,50000	81,6
11,51667	81,6
11,53333	81,5
11,55000	81,6
11,56667	81,6
11,58333	81,6
11,60000	81,5
11,61667	81,6
11,63333	81,6
11,65000	81,5
11,66667	81,5
11,68333	81,5
11,70000	81,5
11,71667	81,5
11,73333	81,5
11,75000	81,6
11,76667	81,5
11,78333	81,5
11,80000	81,5
11,81667	81,5
11,83333	81,5
11,85000	81,5
11,86667	81,5
11,88333	81,5
11,90000	81,5
11,91667	81,5
11,93333	81,5
11,95000	81,5
11,96667	81,5
11,98333	81,5
12,00000	81,4
12,01667	81,6
12,03333	81,5
12,05000	81,5
12,06667	81,5
12,08333	81,5
12,10000	81,4
12,11667	81,4
12,13333	81,4
12,15000	81,5
12,16667	81,4
12,18333	81,4
12,20000	81,4
12,21667	81,4
12,23333	81,4
12,25000	81,4
12,26667	81,4
12,28333	81,4
12,30000	81,5
12,31667	81,4
12,33333	81,4
12,35000	81,4
12,36667	81,4
12,38333	81,4
12,40000	81,3
12,41667	81,4
12,43333	81,4
12,45000	81,4
12,46667	81,4
12,48333	81,4
12,50000	81,4
12,51667	81,4
12,53333	81,4
12,55000	81,4
12,56667	81,4
12,58333	81,4
12,60000	81,3
12,61667	81,3
12,63333	81,3
12,65000	81,3
12,66667	81,3
12,68333	81,4
12,70000	81,3
12,71667	81,3
12,73333	81,3
12,75000	81,4
12,76667	81,3
12,78333	81,3
12,80000	81,3
12,81667	81,3
12,83333	81,3
12,85000	81,3
12,86667	81,3
12,88333	81,3
12,90000	81,3
12,91667	81,3
12,93333	81,3
12,95000	81,3
12,96667	81,3
12,98333	81,3
13,00000	81,3
13,01667	81,3
13,03333	81,3
13,05000	81,3
13,06667	81,3
13,08333	81,3
13,10000	81,3
13,11667	81,3
13,13333	81,3
13,15000	81,3
13,16667	81,3
13,18333	81,2
13,20000	81,3
13,21667	81,3
13,23333	81,3
13,25000	81,3
13,26667	81,3
13,28333	81,3
13,30000	81,3
13,31667	81,3
13,33333	81,2
13,35000	81,3
13,36667	81,3
13,38333	81,3
13,40000	81,2
13,41667	81,3
13,43333	81,3
13,45000	81,2
13,46667	81,2
13,48333	81,3
13,50000	81,3
13,51667	81,3
13,53333	81,3
13,55000	81,2
13,56667	81,2
13,58333	81,3
13,60000	81,2
13,61667	81,3
13,63333	81,3
13,65000	81,2
13,66667	81,2
13,68333	81,2
13,70000	81,2
13,71667	81,2
13,73333	81,2
13,75000	81,3
13,76667	81,2
13,78333	81,2
13,80000	81,2
13,81667	81,2
13,83333	81,2
13,85000	81,2
13,86667	81,3
13,88333	81,2
13,90000	81,2
13,91667	81,2
13,93333	81,2
13,95000	81,2
13,96667	81,2
13,98333	81,2
14,00000	81,2
14,01667	81,2
14,03333	81,2
14,05000	81,2
14,06667	81,2
14,08333	81,2
14,10000	81,2
14,11667	81,2
14,13333	81,2
14,15000	81,2
14,16667	81,2
14,18333	81,2
14,20000	81,2
14,21667	81,2
14,23333	81,2
14,25000	81,2
14,26667	81,2
14,28333	81,2
14,30000	81,2
14,31667	81,2
14,33333	81,1
14,35000	81,2
14,36667	81,2
14,38333	81,2
14,40000	81,2
14,41667	81,2
14,43333	81,2
14,45000	81,2
14,46667	81,2
14,48333	81,2
14,50000	81,2
14,51667	81,2
14,53333	81,2
14,55000	81,1
14,56667	81,2
14,58333	81,1
14,60000	81,2
14,61667	81,1
14,63333	81,1
14,65000	81,2
14,66667	81,1
14,68333	81,2
14,70000	81,2
14,71667	81,1
14,73333	81,1
14,75000	81,1
14,76667	81,2
14,78333	81,1
14,80000	81,2
14,81667	81,1
14,83333	81,2
14,85000	81,1
14,86667	81,2
14,88333	81,1
14,90000	81,1
14,91667	81,2
14,93333	81,1
14,95000	81,2
14,96667	81,1
14,98333	81,1
15,00000	81,1
15,01667	81,1
15,03333	81,2
15,05000	81,1
15,06667	81,1
15,08333	81,1
15,10000	81,1
15,11667	81,1
15,13333	81,1
15,15000	81,2
15,16667	81,1
15,18333	81,1
15,20000	81,2
15,21667	81,2
15,23333	81,2
15,25000	81,1
15,26667	81,1
15,28333	81,1
15,30000	81,1
15,31667	81,1
15,33333	81,1
15,35000	81,1
15,36667	81,1
15,38333	81,1
15,40000	81,1
15,41667	81,1
15,43333	81,2
15,45000	81,1
15,46667	81,1
15,48333	81,1
15,50000	81,1
15,51667	81,1
15,53333	81,1
15,55000	81,1
15,56667	81,1
15,58333	81,1
15,60000	81,1
15,61667	81,1
15,63333	81,1
15,65000	81,1
15,66667	81,1
15,68333	81,1
15,70000	81,1
15,71667	81,0
15,73333	81,1
15,75000	81,1
15,76667	81,1
15,78333	81,0
15,80000	81,1
15,81667	81,2
15,83333	81,1
15,85000	81,1
15,86667	81,1
15,88333	81,0
15,90000	81,1
15,91667	81,1
15,93333	81,1
15,95000	81,1
15,96667	81,1
15,98333	81,1
16,00000	81,1
16,01667	81,1
16,03333	81,1
16,05000	81,1
16,06667	81,1
16,08333	81,1
16,10000	81,2
16,11667	81,1
16,13333	81,1
16,15000	81,1
16,16667	81,1
16,18333	81,1
16,20000	81,1
16,21667	81,1
16,23333	81,1
16,25000	81,1
16,26667	81,1
16,28333	81,1
16,30000	81,1
16,31667	81,1
16,33333	81,1
16,35000	81,1
16,36667	81,1
16,38333	81,1
16,40000	81,0
16,41667	81,1
16,43333	81,0
16,45000	81,0
16,46667	81,0
16,48333	81,1
16,50000	81,0
16,51667	81,1
16,53333	81,0
16,55000	81,1
16,56667	81,1
16,58333	81,1
16,60000	81,0
16,61667	81,0
16,63333	81,1
16,65000	81,1
16,66667	81,1
16,68333	81,1
16,70000	81,1
16,71667	81,0
16,73333	81,1
16,75000	81,0
16,76667	81,1
16,78333	81,0
16,80000	81,1
16,81667	81,0
16,83333	81,1
16,85000	81,1
16,86667	81,1
16,88333	81,0
16,90000	81,1
16,91667	81,0
16,93333	81,1
16,95000	81,0
16,96667	81,0
16,98333	81,0
17,00000	81,0
17,01667	81,0
17,03333	81,0
17,05000	81,0
17,06667	81,0
17,08333	81,0
17,10000	81,0
17,11667	81,0
17,13333	81,0
17,15000	81,1
17,16667	81,0
17,18333	81,0
17,20000	81,0
17,21667	81,0
17,23333	81,1
17,25000	81,0
17,26667	81,0
17,28333	81,0
17,30000	81,0
17,31667	81,0
17,33333	81,0
17,35000	81,0
17,36667	81,0
17,38333	81,0
17,40000	81,0
17,41667	81,0
17,43333	81,0
17,45000	81,0
17,46667	81,0
17,48333	80,9
17,50000	81,0
17,51667	81,0
17,53333	81,0
17,55000	81,0
17,56667	81,0
17,58333	81,0
17,60000	81,0
17,61667	81,0
17,63333	80,9
17,65000	81,0
17,66667	80,9
17,68333	81,0
17,70000	81,0
17,71667	80,9
17,73333	80,9
17,75000	80,9
17,76667	80,9
17,78333	80,9
17,80000	80,9
17,81667	80,9
17,83333	80,9
17,85000	80,9
17,86667	80,9
17,88333	80,9
17,90000	80,9
17,91667	80,9
17,93333	80,9
17,95000	80,9
17,96667	80,9
17,98333	80,9
18,00000	80,9
18,01667	80,9
18,03333	80,9
18,05000	80,9
18,06667	80,9
18,08333	80,9
18,10000	80,9
18,11667	80,9
18,13333	80,9
18,15000	80,8
18,16667	80,9
18,18333	80,8
18,20000	80,8
18,21667	80,8
18,23333	80,8
18,25000	80,8
18,26667	80,9
18,28333	80,8
18,30000	80,8
18,31667	80,8
18,33333	80,8
18,35000	80,8
18,36667	80,8
18,38333	80,8
18,40000	80,8
18,41667	80,7
18,43333	80,8
18,45000	80,8
18,46667	80,8
18,48333	80,7
18,50000	80,8
18,51667	80,8
18,53333	80,8
18,55000	80,8
18,56667	80,7
18,58333	80,7
18,60000	80,8
18,61667	80,8
18,63333	80,7
18,65000	80,7
18,66667	80,7
18,68333	80,7
18,70000	80,7
18,71667	80,7
18,73333	80,6
18,75000	80,7
18,76667	80,7
18,78333	80,6
18,80000	80,6
18,81667	80,6
18,83333	80,6
18,85000	80,7
18,86667	80,6
18,88333	80,7
18,90000	80,6
18,91667	80,6
18,93333	80,6
18,95000	80,6
18,96667	80,6
18,98333	80,6
19,00000	80,6
19,01667	80,6
19,03333	80,6
19,05000	80,5
19,06667	80,6
19,08333	80,6
19,10000	80,5
19,11667	80,5
19,13333	80,5
19,15000	80,5
19,16667	80,5
19,18333	80,5
19,20000	80,5
19,21667	80,5
19,23333	80,4
19,25000	80,5
19,26667	80,5
19,28333	80,4
19,30000	80,5
19,31667	80,5
19,33333	80,4
19,35000	80,5
19,36667	80,4
19,38333	80,4
19,40000	80,4
19,41667	80,4
19,43333	80,4
19,45000	80,4
19,46667	80,4
19,48333	80,4
19,50000	80,4
19,51667	80,4
19,53333	80,3
19,55000	80,4
19,56667	80,3
19,58333	80,3
19,60000	80,3
19,61667	80,3
19,63333	80,3
19,65000	80,4
19,66667	80,2
19,68333	80,3
19,70000	80,3
19,71667	80,2
19,73333	80,3
19,75000	80,2
19,76667	80,2
19,78333	80,2
19,80000	80,2
19,81667	80,2
19,83333	80,2
19,85000	80,2
19,86667	80,2
19,88333	80,2
19,90000	80,2
19,91667	80,1
19,93333	80,1
19,95000	80,1
19,96667	80,1
19,98333	80,1
20,00000	80,1
20,01667	80,1
20,03333	80,1
20,05000	80,1
20,06667	80,0
20,08333	80,1
20,10000	80,1
20,11667	80,1
20,13333	80,1
20,15000	80,0
20,16667	80,0
20,18333	80,0
20,20000	80,0
20,21667	80,0
20,23333	80,0
20,25000	80,0
20,26667	79,9
20,28333	79,9
20,30000	80,0
20,31667	79,9
20,33333	79,9
20,35000	79,9
20,36667	79,9
20,38333	79,9
20,40000	79,9
20,41667	79,9
20,43333	79,8
20,45000	79,9
20,46667	79,9
20,48333	79,8
20,50000	79,7
20,51667	79,8
20,53333	79,8
20,55000	79,7
20,56667	79,7
20,58333	79,7
20,60000	79,7
20,61667	79,7
20,63333	79,7
20,65000	79,6
20,66667	79,6
20,68333	79,7
20,70000	79,6
20,71667	79,6
20,73333	79,6
20,75000	79,6
20,76667	79,6
20,78333	79,6
20,80000	79,5
20,81667	79,5
20,83333	79,5
20,85000	79,4
20,86667	79,4
20,88333	79,4
20,90000	79,4
20,91667	79,3
20,93333	79,3
20,95000	79,3
20,96667	79,3
20,98333	79,2
21,00000	79,2
21,01667	79,2
21,03333	79,2
21,05000	79,2
21,06667	79,2
21,08333	79,0
21,10000	79,1
21,11667	79,0
21,13333	79,0
21,15000	78,9
21,16667	78,9
21,18333	78,9
21,20000	78,8
21,21667	78,8
21,23333	78,7
21,25000	78,7
21,26667	78,7
21,28333	78,6
21,30000	78,6
21,31667	78,4
21,33333	78,5
21,35000	78,5
21,36667	78,4
21,38333	78,4
21,40000	78,3
21,41667	78,2
21,43333	78,2
21,45000	78,2
21,46667	78,1
21,48333	78,0
21,50000	78,0
21,51667	77,9
21,53333	77,9
21,55000	77,9
21,56667	77,8
21,58333	77,8
21,60000	77,7
21,61667	77,6
21,63333	77,6
21,65000	77,6
21,66667	77,5
21,68333	77,4
21,70000	77,3
21,71667	77,3
21,73333	77,2
21,75000	77,2
21,76667	77,1
21,78333	77,1
21,80000	76,9
21,81667	77,0
21,83333	76,9
21,85000	76,8
21,86667	76,8
21,88333	76,7
21,90000	76,7
21,91667	76,5
21,93333	76,5
21,95000	76,5
21,96667	76,4
21,98333	76,3
22,00000	76,3
22,01667	76,2
22,03333	76,2
22,05000	76,1
22,06667	75,9
22,08333	76,0
22,10000	75,8
22,11667	75,8
22,13333	75,8
22,15000	75,7
22,16667	75,6
22,18333	75,5
22,20000	75,5
22,21667	75,4
22,23333	75,3
22,25000	75,3
22,26667	75,2
22,28333	75,1
22,30000	75,0
22,31667	74,9
22,33333	74,9
22,35000	74,8
22,36667	74,8
22,38333	74,6
22,40000	74,5
22,41667	74,5
22,43333	74,4
22,45000	74,3
22,46667	74,2
22,48333	74,1
22,50000	74,1
22,51667	74,0
22,53333	74,0
22,55000	73,8
22,56667	73,8
22,58333	73,7
22,60000	73,6
22,61667	73,5
22,63333	73,5
22,65000	73,4
22,66667	73,3
22,68333	73,2
22,70000	73,1
22,71667	73,0
22,73333	72,9
22,75000	72,9
22,76667	72,8
22,78333	72,7
22,80000	72,6
22,81667	72,5
22,83333	72,4
22,85000	72,4
22,86667	72,2
22,88333	72,2
22,90000	72,1
22,91667	72,0
22,93333	71,9
22,95000	71,8
22,96667	71,7
22,98333	71,6
23,00000	71,5
23,01667	71,4
23,03333	71,3
23,05000	71,2
23,06667	71,1
23,08333	71,0
23,10000	70,9
23,11667	70,7
23,13333	70,7
23,15000	70,6
23,16667	70,4
23,18333	70,3
23,20000	70,2
23,21667	70,1
23,23333	70,0
23,25000	69,9
23,26667	69,8
23,28333	69,7
23,30000	69,6
23,31667	69,4
23,33333	69,3
23,35000	69,2
23,36667	69,1
23,38333	68,9
23,40000	68,8
23,41667	68,6
23,43333	68,5
23,45000	68,4
23,46667	68,3
23,48333	68,2
23,50000	68,0
23,51667	67,9
23,53333	67,8
23,55000	67,7
23,56667	67,6
23,58333	67,5
23,60000	67,3
23,61667	67,1
23,63333	67,1
23,65000	67,0
23,66667	66,9
23,68333	66,8
23,70000	66,7
23,71667	66,5
23,73333	66,4
23,75000	66,3
23,76667	66,2
23,78333	66,1
23,80000	66,0
23,81667	65,9
23,83333	65,8
23,85000	65,7
23,86667	65,6
23,88333	65,5
23,90000	65,4
23,91667	65,3
23,93333	65,2
23,95000	65,1
23,96667	65,0
23,98333	64,9
24,00000	64,8
24,01667	64,7
24,03333	64,6
24,05000	64,5
24,06667	64,4
24,08333	64,3
24,10000	64,2
24,11667	64,1
24,13333	64,0
24,15000	63,9
24,16667	63,8
24,18333	63,7
24,20000	63,6
24,21667	63,5
24,23333	63,4
24,25000	63,4
24,26667	63,3
24,28333	63,2
24,30000	63,1
24,31667	63,0
24,33333	62,9
24,35000	62,8
24,36667	62,7
24,38333	62,6
24,40000	62,5
24,41667	62,4
24,43333	62,3
24,45000	62,3
24,46667	62,2
24,48333	62,0
24,50000	62,0
24,51667	61,8
24,53333	61,8
24,55000	61,7
24,56667	61,6
24,58333	61,5
24,60000	61,3
24,61667	61,2
24,63333	61,2
24,65000	61,0
24,66667	61,0
24,68333	60,8
24,70000	60,7
24,71667	60,5
24,73333	60,5
24,75000	60,4
24,76667	60,3
24,78333	60,2
24,80000	60,1
24,81667	59,9
24,83333	59,9
24,85000	59,8
24,86667	59,7
24,88333	59,6
24,90000	59,5
24,91667	59,3
24,93333	59,3
24,95000	59,2
24,96667	59,1
24,98333	59,0
25,00000	58,9
25,01667	58,7
25,03333	58,7
25,05000	58,6
25,06667	58,5
25,08333	58,4
25,10000	58,3
25,11667	58,1
25,13333	58,1
25,15000	58,0
25,16667	57,9
25,18333	57,8
25,20000	57,7
25,21667	57,5
25,23333	57,4
25,25000	57,4
25,26667	57,3
25,28333	57,2
25,30000	57,0
25,31667	56,9
25,33333	56,8
25,35000	56,8
25,36667	56,6
25,38333	56,6
25,40000	56,5
25,41667	56,3
25,43333	56,2
25,45000	56,2
25,46667	56,0
25,48333	56,0
25,50000	55,9
25,51667	55,7
25,53333	55,7
25,55000	55,6
25,56667	55,5
25,58333	55,4
25,60000	55,3
25,61667	55,2
25,63333	55,2
25,65000	55,1
25,66667	55,0
25,68333	54,9
25,70000	54,8
25,71667	54,7
25,73333	54,7
25,75000	54,6
25,76667	54,5
25,78333	54,4
25,80000	54,4
25,81667	54,3
25,83333	54,2
25,85000	54,1
25,86667	54,0
25,88333	54,0
25,90000	54,0
25,91667	53,9
25,93333	53,9
25,95000	53,9
25,96667	53,8
25,98333	53,8
26,00000	53,7
26,01667	53,7
26,03333	53,7
26,05000	53,7
26,06667	53,6
26,08333	53,6
26,10000	53,5
26,11667	53,6
26,13333	53,6
26,15000	53,5
26,16667	53,5
26,18333	53,5
26,20000	53,4
26,21667	53,5
26,23333	53,5
26,25000	53,5
26,26667	53,4
26,28333	53,5
26,30000	53,4
26,31667	53,5
26,33333	53,5
26,35000	53,5
26,36667	53,5
26,38333	53,6
26,40000	53,6
26,41667	53,7
26,43333	53,6
26,45000	53,6
26,46667	53,7
26,48333	53,7
26,50000	53,8
26,51667	53,8
26,53333	53,9
26,55000	54,0
26,56667	54,0
26,58333	54,0
26,60000	54,0
26,61667	54,2
26,63333	54,2
26,65000	54,2
26,66667	54,3
26,68333	54,3
26,70000	54,4
26,71667	54,5
26,73333	54,5
26,75000	54,5
26,76667	54,6
26,78333	54,6
26,80000	54,6
26,81667	54,8
26,83333	54,8
26,85000	54,9
26,86667	54,9
26,88333	55,0
26,90000	55,1
26,91667	55,1
26,93333	55,2
26,95000	55,2
26,96667	55,3
26,98333	55,4
27,00000	55,5
27,01667	55,6
27,03333	55,6
27,05000	55,7
27,06667	55,8
27,08333	55,8
27,10000	55,9
27,11667	56,0
27,13333	56,0
27,15000	56,1
27,16667	56,2
27,18333	56,3
27,20000	56,3
27,21667	56,5
27,23333	56,5
27,25000	56,6
27,26667	56,7
27,28333	56,8
27,30000	56,9
27,31667	57,1
27,33333	57,1
27,35000	57,1
27,36667	57,3
27,38333	57,3
27,40000	57,4
27,41667	57,6
27,43333	57,6
27,45000	57,8
27,46667	57,9
27,48333	57,9
27,50000	58,0
27,51667	58,2
27,53333	58,3
27,55000	58,4
27,56667	58,5
27,58333	58,6
27,60000	58,7
27,61667	58,9
27,63333	58,9
27,65000	59,1
27,66667	59,2
27,68333	59,3
27,70000	59,4
27,71667	59,5
27,73333	59,6
27,75000	59,7
27,76667	59,8
27,78333	60,0
27,80000	60,1
27,81667	60,3
27,83333	60,4
27,85000	60,5
27,86667	60,6
27,88333	60,8
27,90000	60,9
27,91667	61,0
27,93333	61,0
27,95000	61,2
27,96667	61,3
27,98333	61,4
28,00000	61,5
28,01667	61,7
28,03333	61,7
28,05000	61,9
28,06667	62,0
28,08333	62,0
28,10000	62,2
28,11667	62,4
28,13333	62,4
28,15000	62,5
28,16667	62,6
28,18333	62,7
28,20000	62,8
28,21667	63,0
28,23333	63,0
28,25000	63,1
28,26667	63,2
28,28333	63,3
28,30000	63,5
28,31667	63,6
28,33333	63,6
28,35000	63,8
28,36667	63,9
28,38333	64,0
28,40000	64,2
28,41667	64,3
28,43333	64,3
28,45000	64,5
28,46667	64,6
28,48333	64,6
28,50000	64,8
28,51667	65,0
28,53333	65,0
28,55000	65,0
28,56667	65,2
28,58333	65,3
28,60000	65,4
28,61667	65,6
28,63333	65,6
28,65000	65,7
28,66667	65,8
28,68333	65,9
28,70000	66,0
28,71667	66,2
28,73333	66,2
28,75000	66,3
28,76667	66,4
28,78333	66,5
28,80000	66,6
28,81667	66,7
28,83333	66,8
28,85000	66,9
28,86667	67,0
28,88333	67,1
28,90000	67,3
28,91667	67,3
28,93333	67,4
28,95000	67,6
28,96667	67,6
28,98333	67,7
29,00000	67,8
29,01667	67,8
29,03333	68,0
29,05000	68,0
29,06667	68,2
29,08333	68,3
29,10000	68,4
29,11667	68,5
29,13333	68,5
29,15000	68,7
29,16667	68,7
29,18333	68,9
29,20000	69,0
29,21667	69,1
29,23333	69,2
29,25000	69,2
29,26667	69,2
29,28333	69,3
29,30000	69,4
29,31667	69,6
29,33333	69,6
29,35000	69,7
29,36667	69,8
29,38333	69,8
29,40000	69,9
29,41667	70,1
29,43333	70,1
29,45000	70,2
29,46667	70,3
29,48333	70,3
29,50000	70,4
29,51667	70,5
29,53333	70,6
29,55000	70,7
29,56667	70,8
29,58333	70,9
29,60000	71,0
29,61667	71,2
29,63333	71,2
29,65000	71,3
29,66667	71,5
29,68333	71,6
29,70000	71,7
29,71667	71,9
29,73333	72,0
29,75000	72,1
29,76667	72,1
29,78333	72,3
29,80000	72,4
29,81667	72,6
29,83333	72,6
29,85000	72,7
29,86667	72,9
29,88333	72,9
29,90000	73,1
29,91667	73,3
29,93333	73,3
29,95000	73,4
29,96667	73,5
29,98333	73,7
30,00000	73,7
30,01667	73,9
30,03333	74,0
30,05000	74,1
30,06667	74,2
30,08333	74,3
30,10000	74,4
30,11667	74,4
30,13333	74,5
30,15000	74,6
30,16667	74,7
30,18333	74,8
30,20000	74,9
30,21667	75,1
30,23333	75,1
30,25000	75,1
30,26667	75,2
30,28333	75,3
30,30000	75,4
30,31667	75,5
30,33333	75,6
30,35000	75,6
30,36667	75,7
30,38333	75,7
30,40000	75,8
30,41667	76,0
30,43333	76,0
30,45000	76,1
30,46667	76,2
30,48333	76,2
30,50000	76,2
30,51667	76,3
30,53333	76,4
30,55000	76,5
30,56667	76,5
30,58333	76,6
30,60000	76,7
30,61667	76,7
30,63333	76,7
30,65000	76,9
30,66667	76,9
30,68333	77,0
30,70000	77,0
30,71667	77,1
30,73333	77,1
30,75000	77,1
30,76667	77,2
30,78333	77,3
30,80000	77,3
30,81667	77,5
30,83333	77,5
30,85000	77,5
30,86667	77,5
30,88333	77,6
30,90000	77,6
30,91667	77,8
30,93333	77,8
30,95000	77,8
30,96667	77,9
30,98333	77,8
31,00000	77,9
31,01667	78,0
31,03333	78,0
31,05000	78,1
31,06667	78,1
31,08333	78,2
31,10000	78,2
31,11667	78,2
31,13333	78,2
31,15000	78,3
31,16667	78,3
31,18333	78,4
31,20000	78,5
31,21667	78,5
31,23333	78,5
31,25000	78,5
31,26667	78,5
31,28333	78,6
31,30000	78,7
31,31667	78,7
31,33333	78,7
31,35000	78,8
31,36667	78,7
31,38333	78,8
31,40000	78,9
31,41667	79,0
31,43333	79,0
31,45000	79,0
31,46667	79,0
31,48333	79,0
31,50000	79,0
31,51667	79,1
31,53333	79,1
31,55000	79,2
31,56667	79,2
31,58333	79,2
31,60000	79,2
31,61667	79,3
31,63333	79,3
31,65000	79,4
31,66667	79,4
31,68333	79,4
31,70000	79,5
31,71667	79,4
31,73333	79,4
31,75000	79,4
31,76667	79,5
31,78333	79,6
31,80000	79,6
31,81667	79,6
31,83333	79,6
31,85000	79,6
31,86667	79,6
31,88333	79,6
31,90000	79,8
31,91667	79,8
31,93333	79,8
31,95000	79,8
31,96667	79,8
31,98333	79,8
32,00000	79,8

[LC Status Trace(Pump A Degasser Pressure)]
Interval(msec)	1000
# of Points	1921
Start Time(min)	0,000
End Time(min)	32,000
Intensity Units	bar
Intensity Multiplier	0,980665
R.Time (min)	Intensity
0,00000	954,4
0,01667	954,4
0,03333	954,4
0,05000	954,4
0,06667	954,4
0,08333	954,4
0,10000	954,4
0,11667	954,4
0,13333	954,4
0,15000	954,4
0,16667	953,4
0,18333	953,4
0,20000	953,4
0,21667	953,4
0,23333	953,4
0,25000	953,4
0,26667	954,4
0,28333	954,4
0,30000	954,4
0,31667	954,4
0,33333	954,4
0,35000	954,4
0,36667	953,4
0,38333	953,4
0,40000	953,4
0,41667	953,4
0,43333	953,4
0,45000	953,4
0,46667	954,4
0,48333	954,4
0,50000	954,4
0,51667	953,4
0,53333	953,4
0,55000	953,4
0,56667	952,4
0,58333	952,4
0,60000	952,4
0,61667	954,4
0,63333	954,4
0,65000	954,4
0,66667	954,4
0,68333	954,4
0,70000	954,4
0,71667	953,4
0,73333	953,4
0,75000	953,4
0,76667	954,4
0,78333	954,4
0,80000	954,4
0,81667	954,4
0,83333	954,4
0,85000	954,4
0,86667	953,4
0,88333	953,4
0,90000	953,4
0,91667	954,4
0,93333	954,4
0,95000	954,4
0,96667	954,4
0,98333	954,4
1,00000	954,4
1,01667	953,4
1,03333	953,4
1,05000	953,4
1,06667	954,4
1,08333	954,4
1,10000	954,4
1,11667	953,4
1,13333	953,4
1,15000	953,4
1,16667	954,4
1,18333	954,4
1,20000	954,4
1,21667	954,4
1,23333	954,4
1,25000	954,4
1,26667	954,4
1,28333	954,4
1,30000	954,4
1,31667	954,4
1,33333	954,4
1,35000	954,4
1,36667	953,4
1,38333	953,4
1,40000	953,4
1,41667	955,4
1,43333	955,4
1,45000	955,4
1,46667	954,4
1,48333	954,4
1,50000	954,4
1,51667	954,4
1,53333	954,4
1,55000	954,4
1,56667	953,4
1,58333	953,4
1,60000	953,4
1,61667	954,4
1,63333	954,4
1,65000	954,4
1,66667	954,4
1,68333	954,4
1,70000	954,4
1,71667	954,4
1,73333	954,4
1,75000	954,4
1,76667	953,4
1,78333	953,4
1,80000	953,4
1,81667	954,4
1,83333	954,4
1,85000	954,4
1,86667	954,4
1,88333	954,4
1,90000	954,4
1,91667	954,4
1,93333	954,4
1,95000	954,4
1,96667	953,4
1,98333	953,4
2,00000	953,4
2,01667	954,4
2,03333	954,4
2,05000	954,4
2,06667	954,4
2,08333	954,4
2,10000	954,4
2,11667	954,4
2,13333	954,4
2,15000	954,4
2,16667	954,4
2,18333	954,4
2,20000	954,4
2,21667	953,4
2,23333	953,4
2,25000	953,4
2,26667	954,4
2,28333	954,4
2,30000	954,4
2,31667	954,4
2,33333	954,4
2,35000	954,4
2,36667	954,4
2,38333	954,4
2,40000	954,4
2,41667	953,4
2,43333	953,4
2,45000	953,4
2,46667	954,4
2,48333	954,4
2,50000	954,4
2,51667	954,4
2,53333	954,4
2,55000	954,4
2,56667	954,4
2,58333	954,4
2,60000	954,4
2,61667	953,4
2,63333	953,4
2,65000	953,4
2,66667	953,4
2,68333	953,4
2,70000	953,4
2,71667	954,4
2,73333	954,4
2,75000	954,4
2,76667	953,4
2,78333	953,4
2,80000	953,4
2,81667	953,4
2,83333	953,4
2,85000	953,4
2,86667	953,4
2,88333	953,4
2,90000	953,4
2,91667	954,4
2,93333	954,4
2,95000	954,4
2,96667	954,4
2,98333	954,4
3,00000	954,4
3,01667	954,4
3,03333	954,4
3,05000	954,4
3,06667	952,4
3,08333	952,4
3,10000	952,4
3,11667	954,4
3,13333	954,4
3,15000	954,4
3,16667	954,4
3,18333	954,4
3,20000	954,4
3,21667	954,4
3,23333	954,4
3,25000	954,4
3,26667	953,4
3,28333	953,4
3,30000	953,4
3,31667	954,4
3,33333	954,4
3,35000	954,4
3,36667	954,4
3,38333	954,4
3,40000	954,4
3,41667	954,4
3,43333	954,4
3,45000	954,4
3,46667	954,4
3,48333	954,4
3,50000	954,4
3,51667	953,4
3,53333	953,4
3,55000	953,4
3,56667	954,4
3,58333	954,4
3,60000	954,4
3,61667	954,4
3,63333	954,4
3,65000	954,4
3,66667	954,4
3,68333	954,4
3,70000	954,4
3,71667	953,4
3,73333	953,4
3,75000	953,4
3,76667	954,4
3,78333	954,4
3,80000	954,4
3,81667	954,4
3,83333	954,4
3,85000	954,4
3,86667	954,4
3,88333	954,4
3,90000	954,4
3,91667	953,4
3,93333	953,4
3,95000	953,4
3,96667	953,4
3,98333	953,4
4,00000	953,4
4,01667	954,4
4,03333	954,4
4,05000	954,4
4,06667	954,4
4,08333	954,4
4,10000	954,4
4,11667	954,4
4,13333	954,4
4,15000	954,4
4,16667	953,4
4,18333	953,4
4,20000	953,4
4,21667	954,4
4,23333	954,4
4,25000	954,4
4,26667	954,4
4,28333	954,4
4,30000	954,4
4,31667	954,4
4,33333	954,4
4,35000	954,4
4,36667	953,4
4,38333	953,4
4,40000	953,4
4,41667	954,4
4,43333	954,4
4,45000	954,4
4,46667	954,4
4,48333	954,4
4,50000	954,4
4,51667	954,4
4,53333	954,4
4,55000	954,4
4,56667	953,4
4,58333	953,4
4,60000	953,4
4,61667	953,4
4,63333	953,4
4,65000	953,4
4,66667	954,4
4,68333	954,4
4,70000	954,4
4,71667	953,4
4,73333	953,4
4,75000	953,4
4,76667	954,4
4,78333	954,4
4,80000	954,4
4,81667	953,4
4,83333	953,4
4,85000	953,4
4,86667	955,4
4,88333	955,4
4,90000	955,4
4,91667	954,4
4,93333	954,4
4,95000	954,4
4,96667	953,4
4,98333	953,4
5,00000	953,4
5,01667	953,4
5,03333	953,4
5,05000	953,4
5,06667	953,4
5,08333	953,4
5,10000	953,4
5,11667	954,4
5,13333	954,4
5,15000	954,4
5,16667	954,4
5,18333	954,4
5,20000	954,4
5,21667	954,4
5,23333	954,4
5,25000	954,4
5,26667	953,4
5,28333	953,4
5,30000	953,4
5,31667	954,4
5,33333	954,4
5,35000	954,4
5,36667	954,4
5,38333	954,4
5,40000	954,4
5,41667	954,4
5,43333	954,4
5,45000	954,4
5,46667	953,4
5,48333	953,4
5,50000	953,4
5,51667	953,4
5,53333	953,4
5,55000	953,4
5,56667	954,4
5,58333	954,4
5,60000	954,4
5,61667	953,4
5,63333	953,4
5,65000	953,4
5,66667	953,4
5,68333	953,4
5,70000	953,4
5,71667	953,4
5,73333	953,4
5,75000	953,4
5,76667	954,4
5,78333	954,4
5,80000	954,4
5,81667	953,4
5,83333	953,4
5,85000	953,4
5,86667	954,4
5,88333	954,4
5,90000	954,4
5,91667	953,4
5,93333	953,4
5,95000	953,4
5,96667	954,4
5,98333	954,4
6,00000	954,4
6,01667	954,4
6,03333	954,4
6,05000	954,4
6,06667	954,4
6,08333	954,4
6,10000	954,4
6,11667	953,4
6,13333	953,4
6,15000	953,4
6,16667	953,4
6,18333	953,4
6,20000	953,4
6,21667	954,4
6,23333	954,4
6,25000	954,4
6,26667	954,4
6,28333	954,4
6,30000	954,4
6,31667	954,4
6,33333	954,4
6,35000	954,4
6,36667	953,4
6,38333	953,4
6,40000	953,4
6,41667	954,4
6,43333	954,4
6,45000	954,4
6,46667	954,4
6,48333	954,4
6,50000	954,4
6,51667	954,4
6,53333	954,4
6,55000	954,4
6,56667	953,4
6,58333	953,4
6,60000	953,4
6,61667	954,4
6,63333	954,4
6,65000	954,4
6,66667	954,4
6,68333	954,4
6,70000	954,4
6,71667	954,4
6,73333	954,4
6,75000	954,4
6,76667	953,4
6,78333	953,4
6,80000	953,4
6,81667	953,4
6,83333	953,4
6,85000	953,4
6,86667	954,4
6,88333	954,4
6,90000	954,4
6,91667	953,4
6,93333	953,4
6,95000	953,4
6,96667	953,4
6,98333	953,4
7,00000	953,4
7,01667	952,4
7,03333	952,4
7,05000	952,4
7,06667	954,4
7,08333	954,4
7,10000	954,4
7,11667	953,4
7,13333	953,4
7,15000	953,4
7,16667	954,4
7,18333	954,4
7,20000	954,4
7,21667	953,4
7,23333	953,4
7,25000	953,4
7,26667	954,4
7,28333	954,4
7,30000	954,4
7,31667	954,4
7,33333	954,4
7,35000	954,4
7,36667	954,4
7,38333	954,4
7,40000	954,4
7,41667	953,4
7,43333	953,4
7,45000	953,4
7,46667	953,4
7,48333	953,4
7,50000	953,4
7,51667	954,4
7,53333	954,4
7,55000	954,4
7,56667	953,4
7,58333	953,4
7,60000	953,4
7,61667	954,4
7,63333	954,4
7,65000	954,4
7,66667	953,4
7,68333	953,4
7,70000	953,4
7,71667	954,4
7,73333	954,4
7,75000	954,4
7,76667	954,4
7,78333	954,4
7,80000	954,4
7,81667	954,4
7,83333	954,4
7,85000	954,4
7,86667	953,4
7,88333	953,4
7,90000	953,4
7,91667	953,4
7,93333	953,4
7,95000	953,4
7,96667	954,4
7,98333	954,4
8,00000	954,4
8,01667	954,4
8,03333	954,4
8,05000	954,4
8,06667	954,4
8,08333	954,4
8,10000	954,4
8,11667	953,4
8,13333	953,4
8,15000	953,4
8,16667	954,4
8,18333	954,4
8,20000	954,4
8,21667	954,4
8,23333	954,4
8,25000	954,4
8,26667	953,4
8,28333	953,4
8,30000	953,4
8,31667	953,4
8,33333	953,4
8,35000	953,4
8,36667	953,4
8,38333	953,4
8,40000	953,4
8,41667	954,4
8,43333	954,4
8,45000	954,4
8,46667	953,4
8,48333	953,4
8,50000	953,4
8,51667	954,4
8,53333	954,4
8,55000	954,4
8,56667	952,4
8,58333	952,4
8,60000	952,4
8,61667	954,4
8,63333	954,4
8,65000	954,4
8,66667	954,4
8,68333	954,4
8,70000	954,4
8,71667	954,4
8,73333	954,4
8,75000	954,4
8,76667	953,4
8,78333	953,4
8,80000	953,4
8,81667	953,4
8,83333	953,4
8,85000	953,4
8,86667	954,4
8,88333	954,4
8,90000	954,4
8,91667	953,4
8,93333	953,4
8,95000	953,4
8,96667	954,4
8,98333	954,4
9,00000	954,4
9,01667	953,4
9,03333	953,4
9,05000	953,4
9,06667	954,4
9,08333	954,4
9,10000	954,4
9,11667	954,4
9,13333	954,4
9,15000	954,4
9,16667	954,4
9,18333	954,4
9,20000	954,4
9,21667	953,4
9,23333	953,4
9,25000	953,4
9,26667	953,4
9,28333	953,4
9,30000	953,4
9,31667	954,4
9,33333	954,4
9,35000	954,4
9,36667	954,4
9,38333	954,4
9,40000	954,4
9,41667	954,4
9,43333	954,4
9,45000	954,4
9,46667	953,4
9,48333	953,4
9,50000	953,4
9,51667	954,4
9,53333	954,4
9,55000	954,4
9,56667	954,4
9,58333	954,4
9,60000	954,4
9,61667	954,4
9,63333	954,4
9,65000	954,4
9,66667	953,4
9,68333	953,4
9,70000	953,4
9,71667	954,4
9,73333	954,4
9,75000	954,4
9,76667	954,4
9,78333	954,4
9,80000	954,4
9,81667	954,4
9,83333	954,4
9,85000	954,4
9,86667	953,4
9,88333	953,4
9,90000	953,4
9,91667	954,4
9,93333	954,4
9,95000	954,4
9,96667	954,4
9,98333	954,4
10,00000	954,4
10,01667	953,4
10,03333	953,4
10,05000	953,4
10,06667	953,4
10,08333	953,4
10,10000	953,4
10,11667	953,4
10,13333	953,4
10,15000	953,4
10,16667	954,4
10,18333	954,4
10,20000	954,4
10,21667	954,4
10,23333	954,4
10,25000	954,4
10,26667	954,4
10,28333	954,4
10,30000	954,4
10,31667	953,4
10,33333	953,4
10,35000	953,4
10,36667	954,4
10,38333	954,4
10,40000	954,4
10,41667	954,4
10,43333	954,4
10,45000	954,4
10,46667	953,4
10,48333	953,4
10,50000	953,4
10,51667	952,4
10,53333	952,4
10,55000	952,4
10,56667	954,4
10,58333	954,4
10,60000	954,4
10,61667	954,4
10,63333	954,4
10,65000	954,4
10,66667	954,4
10,68333	954,4
10,70000	954,4
10,71667	953,4
10,73333	953,4
10,75000	953,4
10,76667	954,4
10,78333	954,4
10,80000	954,4
10,81667	954,4
10,83333	954,4
10,85000	954,4
10,86667	954,4
10,88333	954,4
10,90000	954,4
10,91667	953,4
10,93333	953,4
10,95000	953,4
10,96667	953,4
10,98333	953,4
11,00000	953,4
11,01667	954,4
11,03333	954,4
11,05000	954,4
11,06667	954,4
11,08333	954,4
11,10000	954,4
11,11667	954,4
11,13333	954,4
11,15000	954,4
11,16667	953,4
11,18333	953,4
11,20000	953,4
11,21667	954,4
11,23333	954,4
11,25000	954,4
11,26667	954,4
11,28333	954,4
11,30000	954,4
11,31667	953,4
11,33333	953,4
11,35000	953,4
11,36667	953,4
11,38333	953,4
11,40000	953,4
11,41667	954,4
11,43333	954,4
11,45000	954,4
11,46667	954,4
11,48333	954,4
11,50000	954,4
11,51667	953,4
11,53333	953,4
11,55000	953,4
11,56667	953,4
11,58333	953,4
11,60000	953,4
11,61667	954,4
11,63333	954,4
11,65000	954,4
11,66667	954,4
11,68333	954,4
11,70000	954,4
11,71667	954,4
11,73333	954,4
11,75000	954,4
11,76667	953,4
11,78333	953,4
11,80000	953,4
11,81667	953,4
11,83333	953,4
11,85000	953,4
11,86667	954,4
11,88333	954,4
11,90000	954,4
11,91667	953,4
11,93333	953,4
11,95000	953,4
11,96667	954,4
11,98333	954,4
12,00000	954,4
12,01667	953,4
12,03333	953,4
12,05000	953,4
12,06667	954,4
12,08333	954,4
12,10000	954,4
12,11667	954,4
12,13333	954,4
12,15000	954,4
12,16667	954,4
12,18333	954,4
12,20000	954,4
12,21667	953,4
12,23333	953,4
12,25000	953,4
12,26667	953,4
12,28333	953,4
12,30000	953,4
12,31667	954,4
12,33333	954,4
12,35000	954,4
12,36667	953,4
12,38333	953,4
12,40000	953,4
12,41667	953,4
12,43333	953,4
12,45000	953,4
12,46667	953,4
12,48333	953,4
12,50000	953,4
12,51667	954,4
12,53333	954,4
12,55000	954,4
12,56667	954,4
12,58333	954,4
12,60000	954,4
12,61667	954,4
12,63333	954,4
12,65000	954,4
12,66667	952,4
12,68333	952,4
12,70000	952,4
12,71667	954,4
12,73333	954,4
12,75000	954,4
12,76667	954,4
12,78333	954,4
12,80000	954,4
12,81667	953,4
12,83333	953,4
12,85000	953,4
12,86667	953,4
12,88333	953,4
12,90000	953,4
12,91667	954,4
12,93333	954,4
12,95000	954,4
12,96667	954,4
12,98333	954,4
13,00000	954,4
13,01667	954,4
13,03333	954,4
13,05000	954,4
13,06667	953,4
13,08333	953,4
13,10000	953,4
13,11667	954,4
13,13333	954,4
13,15000	954,4
13,16667	954,4
13,18333	954,4
13,20000	954,4
13,21667	954,4
13,23333	954,4
13,25000	954,4
13,26667	953,4
13,28333	953,4
13,30000	953,4
13,31667	954,4
13,33333	954,4
13,35000	954,4
13,36667	954,4
13,38333	954,4
13,40000	954,4
13,41667	954,4
13,43333	954,4
13,45000	954,4
13,46667	954,4
13,48333	954,4
13,50000	954,4
13,51667	953,4
13,53333	953,4
13,55000	953,4
13,56667	955,4
13,58333	955,4
13,60000	955,4
13,61667	953,4
13,63333	953,4
13,65000	953,4
13,66667	954,4
13,68333	954,4
13,70000	954,4
13,71667	953,4
13,73333	953,4
13,75000	953,4
13,76667	954,4
13,78333	954,4
13,80000	954,4
13,81667	954,4
13,83333	954,4
13,85000	954,4
13,86667	954,4
13,88333	954,4
13,90000	954,4
13,91667	953,4
13,93333	953,4
13,95000	953,4
13,96667	954,4
13,98333	954,4
14,00000	954,4
14,01667	954,4
14,03333	954,4
14,05000	954,4
14,06667	954,4
14,08333	954,4
14,10000	954,4
14,11667	953,4
14,13333	953,4
14,15000	953,4
14,16667	953,4
14,18333	953,4
14,20000	953,4
14,21667	954,4
14,23333	954,4
14,25000	954,4
14,26667	954,4
14,28333	954,4
14,30000	954,4
14,31667	954,4
14,33333	954,4
14,35000	954,4
14,36667	953,4
14,38333	953,4
14,40000	953,4
14,41667	954,4
14,43333	954,4
14,45000	954,4
14,46667	954,4
14,48333	954,4
14,50000	954,4
14,51667	954,4
14,53333	954,4
14,55000	954,4
14,56667	954,4
14,58333	954,4
14,60000	954,4
14,61667	953,4
14,63333	953,4
14,65000	953,4
14,66667	954,4
14,68333	954,4
14,70000	954,4
14,71667	954,4
14,73333	954,4
14,75000	954,4
14,76667	954,4
14,78333	954,4
14,80000	954,4
14,81667	953,4
14,83333	953,4
14,85000	953,4
14,86667	953,4
14,88333	953,4
14,90000	953,4
14,91667	954,4
14,93333	954,4
14,95000	954,4
14,96667	954,4
14,98333	954,4
15,00000	954,4
15,01667	954,4
15,03333	954,4
15,05000	954,4
15,06667	952,4
15,08333	952,4
15,10000	952,4
15,11667	953,4
15,13333	953,4
15,15000	953,4
15,16667	954,4
15,18333	954,4
15,20000	954,4
15,21667	954,4
15,23333	954,4
15,25000	954,4
15,26667	953,4
15,28333	953,4
15,30000	953,4
15,31667	953,4
15,33333	953,4
15,35000	953,4
15,36667	954,4
15,38333	954,4
15,40000	954,4
15,41667	954,4
15,43333	954,4
15,45000	954,4
15,46667	954,4
15,48333	954,4
15,50000	954,4
15,51667	953,4
15,53333	953,4
15,55000	953,4
15,56667	954,4
15,58333	954,4
15,60000	954,4
15,61667	954,4
15,63333	954,4
15,65000	954,4
15,66667	954,4
15,68333	954,4
15,70000	954,4
15,71667	953,4
15,73333	953,4
15,75000	953,4
15,76667	954,4
15,78333	954,4
15,80000	954,4
15,81667	954,4
15,83333	954,4
15,85000	954,4
15,86667	954,4
15,88333	954,4
15,90000	954,4
15,91667	954,4
15,93333	954,4
15,95000	954,4
15,96667	953,4
15,98333	953,4
16,00000	953,4
16,01667	954,4
16,03333	954,4
16,05000	954,4
16,06667	954,4
16,08333	954,4
16,10000	954,4
16,11667	954,4
16,13333	954,4
16,15000	954,4
16,16667	953,4
16,18333	953,4
16,20000	953,4
16,21667	954,4
16,23333	954,4
16,25000	954,4
16,26667	954,4
16,28333	954,4
16,30000	954,4
16,31667	953,4
16,33333	953,4
16,35000	953,4
16,36667	954,4
16,38333	954,4
16,40000	954,4
16,41667	953,4
16,43333	953,4
16,45000	953,4
16,46667	954,4
16,48333	954,4
16,50000	954,4
16,51667	954,4
16,53333	954,4
16,55000	954,4
16,56667	954,4
16,58333	954,4
16,60000	954,4
16,61667	953,4
16,63333	953,4
16,65000	953,4
16,66667	953,4
16,68333	953,4
16,70000	953,4
16,71667	954,4
16,73333	954,4
16,75000	954,4
16,76667	953,4
16,78333	953,4
16,80000	953,4
16,81667	953,4
16,83333	953,4
16,85000	953,4
16,86667	952,4
16,88333	952,4
16,90000	952,4
16,91667	954,4
16,93333	954,4
16,95000	954,4
16,96667	954,4
16,98333	954,4
17,00000	954,4
17,01667	953,4
17,03333	953,4
17,05000	953,4
17,06667	953,4
17,08333	953,4
17,10000	953,4
17,11667	953,4
17,13333	953,4
17,15000	953,4
17,16667	954,4
17,18333	954,4
17,20000	954,4
17,21667	953,4
17,23333	953,4
17,25000	953,4
17,26667	953,4
17,28333	953,4
17,30000	953,4
17,31667	953,4
17,33333	953,4
17,35000	953,4
17,36667	954,4
17,38333	954,4
17,40000	954,4
17,41667	954,4
17,43333	954,4
17,45000	954,4
17,46667	953,4
17,48333	953,4
17,50000	953,4
17,51667	953,4
17,53333	953,4
17,55000	953,4
17,56667	954,4
17,58333	954,4
17,60000	954,4
17,61667	954,4
17,63333	954,4
17,65000	954,4
17,66667	954,4
17,68333	954,4
17,70000	954,4
17,71667	952,4
17,73333	952,4
17,75000	952,4
17,76667	954,4
17,78333	954,4
17,80000	954,4
17,81667	954,4
17,83333	954,4
17,85000	954,4
17,86667	954,4
17,88333	954,4
17,90000	954,4
17,91667	953,4
17,93333	953,4
17,95000	953,4
17,96667	954,4
17,98333	954,4
18,00000	954,4
18,01667	954,4
18,03333	954,4
18,05000	954,4
18,06667	954,4
18,08333	954,4
18,10000	954,4
18,11667	953,4
18,13333	953,4
18,15000	953,4
18,16667	954,4
18,18333	954,4
18,20000	954,4
18,21667	954,4
18,23333	954,4
18,25000	954,4
18,26667	953,4
18,28333	953,4
18,30000	953,4
18,31667	953,4
18,33333	953,4
18,35000	953,4
18,36667	954,4
18,38333	954,4
18,40000	954,4
18,41667	954,4
18,43333	954,4
18,45000	954,4
18,46667	954,4
18,48333	954,4
18,50000	954,4
18,51667	953,4
18,53333	953,4
18,55000	953,4
18,56667	953,4
18,58333	953,4
18,60000	953,4
18,61667	954,4
18,63333	954,4
18,65000	954,4
18,66667	954,4
18,68333	954,4
18,70000	954,4
18,71667	954,4
18,73333	954,4
18,75000	954,4
18,76667	953,4
18,78333	953,4
18,80000	953,4
18,81667	955,4
18,83333	955,4
18,85000	955,4
18,86667	954,4
18,88333	954,4
18,90000	954,4
18,91667	954,4
18,93333	954,4
18,95000	954,4
18,96667	953,4
18,98333	953,4
19,00000	953,4
19,01667	954,4
19,03333	954,4
19,05000	954,4
19,06667	954,4
19,08333	954,4
19,10000	954,4
19,11667	954,4
19,13333	954,4
19,15000	954,4
19,16667	953,4
19,18333	953,4
19,20000	953,4
19,21667	954,4
19,23333	954,4
19,25000	954,4
19,26667	953,4
19,28333	953,4
19,30000	953,4
19,31667	954,4
19,33333	954,4
19,35000	954,4
19,36667	953,4
19,38333	953,4
19,40000	953,4
19,41667	954,4
19,43333	954,4
19,45000	954,4
19,46667	954,4
19,48333	954,4
19,50000	954,4
19,51667	954,4
19,53333	954,4
19,55000	954,4
19,56667	953,4
19,58333	953,4
19,60000	953,4
19,61667	954,4
19,63333	954,4
19,65000	954,4
19,66667	954,4
19,68333	954,4
19,70000	954,4
19,71667	954,4
19,73333	954,4
19,75000	954,4
19,76667	953,4
19,78333	953,4
19,80000	953,4
19,81667	954,4
19,83333	954,4
19,85000	954,4
19,86667	954,4
19,88333	954,4
19,90000	954,4
19,91667	954,4
19,93333	954,4
19,95000	954,4
19,96667	953,4
19,98333	953,4
20,00000	953,4
20,01667	954,4
20,03333	954,4
20,05000	954,4
20,06667	954,4
20,08333	954,4
20,10000	954,4
20,11667	954,4
20,13333	954,4
20,15000	954,4
20,16667	954,4
20,18333	954,4
20,20000	954,4
20,21667	953,4
20,23333	953,4
20,25000	953,4
20,26667	954,4
20,28333	954,4
20,30000	954,4
20,31667	954,4
20,33333	954,4
20,35000	954,4
20,36667	954,4
20,38333	954,4
20,40000	954,4
20,41667	953,4
20,43333	953,4
20,45000	953,4
20,46667	954,4
20,48333	954,4
20,50000	954,4
20,51667	954,4
20,53333	954,4
20,55000	954,4
20,56667	953,4
20,58333	953,4
20,60000	953,4
20,61667	953,4
20,63333	953,4
20,65000	953,4
20,66667	954,4
20,68333	954,4
20,70000	954,4
20,71667	954,4
20,73333	954,4
20,75000	954,4
20,76667	954,4
20,78333	954,4
20,80000	954,4
20,81667	953,4
20,83333	953,4
20,85000	953,4
20,86667	954,4
20,88333	954,4
20,90000	954,4
20,91667	954,4
20,93333	954,4
20,95000	954,4
20,96667	954,4
20,98333	954,4
21,00000	954,4
21,01667	952,4
21,03333	952,4
21,05000	952,4
21,06667	954,4
21,08333	954,4
21,10000	954,4
21,11667	954,4
21,13333	954,4
21,15000	954,4
21,16667	954,4
21,18333	954,4
21,20000	954,4
21,21667	952,4
21,23333	952,4
21,25000	952,4
21,26667	954,4
21,28333	954,4
21,30000	954,4
21,31667	954,4
21,33333	954,4
21,35000	954,4
21,36667	954,4
21,38333	954,4
21,40000	954,4
21,41667	952,4
21,43333	952,4
21,45000	952,4
21,46667	954,4
21,48333	954,4
21,50000	954,4
21,51667	954,4
21,53333	954,4
21,55000	954,4
21,56667	954,4
21,58333	954,4
21,60000	954,4
21,61667	953,4
21,63333	953,4
21,65000	953,4
21,66667	954,4
21,68333	954,4
21,70000	954,4
21,71667	953,4
21,73333	953,4
21,75000	953,4
21,76667	954,4
21,78333	954,4
21,80000	954,4
21,81667	952,4
21,83333	952,4
21,85000	952,4
21,86667	954,4
21,88333	954,4
21,90000	954,4
21,91667	953,4
21,93333	953,4
21,95000	953,4
21,96667	953,4
21,98333	953,4
22,00000	953,4
22,01667	954,4
22,03333	954,4
22,05000	954,4
22,06667	955,4
22,08333	955,4
22,10000	955,4
22,11667	953,4
22,13333	953,4
22,15000	953,4
22,16667	953,4
22,18333	953,4
22,20000	953,4
22,21667	953,4
22,23333	953,4
22,25000	953,4
22,26667	954,4
22,28333	954,4
22,30000	954,4
22,31667	954,4
22,33333	954,4
22,35000	954,4
22,36667	953,4
22,38333	953,4
22,40000	953,4
22,41667	954,4
22,43333	954,4
22,45000	954,4
22,46667	954,4
22,48333	954,4
22,50000	954,4
22,51667	954,4
22,53333	954,4
22,55000	954,4
22,56667	954,4
22,58333	954,4
22,60000	954,4
22,61667	954,4
22,63333	954,4
22,65000	954,4
22,66667	954,4
22,68333	954,4
22,70000	954,4
22,71667	953,4
22,73333	953,4
22,75000	953,4
22,76667	955,4
22,78333	955,4
22,80000	955,4
22,81667	954,4
22,83333	954,4
22,85000	954,4
22,86667	954,4
22,88333	954,4
22,90000	954,4
22,91667	952,4
22,93333	952,4
22,95000	952,4
22,96667	954,4
22,98333	954,4
23,00000	954,4
23,01667	954,4
23,03333	954,4
23,05000	954,4
23,06667	953,4
23,08333	953,4
23,10000	953,4
23,11667	953,4
23,13333	953,4
23,15000	953,4
23,16667	954,4
23,18333	954,4
23,20000	954,4
23,21667	954,4
23,23333	954,4
23,25000	954,4
23,26667	953,4
23,28333	953,4
23,30000	953,4
23,31667	954,4
23,33333	954,4
23,35000	954,4
23,36667	954,4
23,38333	954,4
23,40000	954,4
23,41667	954,4
23,43333	954,4
23,45000	954,4
23,46667	952,4
23,48333	952,4
23,50000	952,4
23,51667	954,4
23,53333	954,4
23,55000	954,4
23,56667	954,4
23,58333	954,4
23,60000	954,4
23,61667	953,4
23,63333	953,4
23,65000	953,4
23,66667	954,4
23,68333	954,4
23,70000	954,4
23,71667	954,4
23,73333	954,4
23,75000	954,4
23,76667	954,4
23,78333	954,4
23,80000	954,4
23,81667	952,4
23,83333	952,4
23,85000	952,4
23,86667	954,4
23,88333	954,4
23,90000	954,4
23,91667	954,4
23,93333	954,4
23,95000	954,4
23,96667	954,4
23,98333	954,4
24,00000	954,4
24,01667	953,4
24,03333	953,4
24,05000	953,4
24,06667	954,4
24,08333	954,4
24,10000	954,4
24,11667	954,4
24,13333	954,4
24,15000	954,4
24,16667	953,4
24,18333	953,4
24,20000	953,4
24,21667	954,4
24,23333	954,4
24,25000	954,4
24,26667	954,4
24,28333	954,4
24,30000	954,4
24,31667	954,4
24,33333	954,4
24,35000	954,4
24,36667	953,4
24,38333	953,4
24,40000	953,4
24,41667	954,4
24,43333	954,4
24,45000	954,4
24,46667	954,4
24,48333	954,4
24,50000	954,4
24,51667	954,4
24,53333	954,4
24,55000	954,4
24,56667	953,4
24,58333	953,4
24,60000	953,4
24,61667	954,4
24,63333	954,4
24,65000	954,4
24,66667	954,4
24,68333	954,4
24,70000	954,4
24,71667	953,4
24,73333	953,4
24,75000	953,4
24,76667	953,4
24,78333	953,4
24,80000	953,4
24,81667	954,4
24,83333	954,4
24,85000	954,4
24,86667	954,4
24,88333	954,4
24,90000	954,4
24,91667	953,4
24,93333	953,4
24,95000	953,4
24,96667	954,4
24,98333	954,4
25,00000	954,4
25,01667	954,4
25,03333	954,4
25,05000	954,4
25,06667	953,4
25,08333	953,4
25,10000	953,4
25,11667	953,4
25,13333	953,4
25,15000	953,4
25,16667	954,4
25,18333	954,4
25,20000	954,4
25,21667	954,4
25,23333	954,4
25,25000	954,4
25,26667	953,4
25,28333	953,4
25,30000	953,4
25,31667	954,4
25,33333	954,4
25,35000	954,4
25,36667	954,4
25,38333	954,4
25,40000	954,4
25,41667	954,4
25,43333	954,4
25,45000	954,4
25,46667	953,4
25,48333	953,4
25,50000	953,4
25,51667	954,4
25,53333	954,4
25,55000	954,4
25,56667	953,4
25,58333	953,4
25,60000	953,4
25,61667	954,4
25,63333	954,4
25,65000	954,4
25,66667	953,4
25,68333	953,4
25,70000	953,4
25,71667	954,4
25,73333	954,4
25,75000	954,4
25,76667	954,4
25,78333	954,4
25,80000	954,4
25,81667	953,4
25,83333	953,4
25,85000	953,4
25,86667	954,4
25,88333	954,4
25,90000	954,4
25,91667	954,4
25,93333	954,4
25,95000	954,4
25,96667	953,4
25,98333	953,4
26,00000	953,4
26,01667	953,4
26,03333	953,4
26,05000	953,4
26,06667	954,4
26,08333	954,4
26,10000	954,4
26,11667	954,4
26,13333	954,4
26,15000	954,4
26,16667	954,4
26,18333	954,4
26,20000	954,4
26,21667	953,4
26,23333	953,4
26,25000	953,4
26,26667	954,4
26,28333	954,4
26,30000	954,4
26,31667	954,4
26,33333	954,4
26,35000	954,4
26,36667	954,4
26,38333	954,4
26,40000	954,4
26,41667	953,4
26,43333	953,4
26,45000	953,4
26,46667	954,4
26,48333	954,4
26,50000	954,4
26,51667	954,4
26,53333	954,4
26,55000	954,4
26,56667	954,4
26,58333	954,4
26,60000	954,4
26,61667	953,4
26,63333	953,4
26,65000	953,4
26,66667	954,4
26,68333	954,4
26,70000	954,4
26,71667	954,4
26,73333	954,4
26,75000	954,4
26,76667	954,4
26,78333	954,4
26,80000	954,4
26,81667	953,4
26,83333	953,4
26,85000	953,4
26,86667	954,4
26,88333	954,4
26,90000	954,4
26,91667	954,4
26,93333	954,4
26,95000	954,4
26,96667	954,4
26,98333	954,4
27,00000	954,4
27,01667	953,4
27,03333	953,4
27,05000	953,4
27,06667	954,4
27,08333	954,4
27,10000	954,4
27,11667	954,4
27,13333	954,4
27,15000	954,4
27,16667	954,4
27,18333	954,4
27,20000	954,4
27,21667	954,4
27,23333	954,4
27,25000	954,4
27,26667	953,4
27,28333	953,4
27,30000	953,4
27,31667	955,4
27,33333	955,4
27,35000	955,4
27,36667	954,4
27,38333	954,4
27,40000	954,4
27,41667	953,4
27,43333	953,4
27,45000	953,4
27,46667	953,4
27,48333	953,4
27,50000	953,4
27,51667	954,4
27,53333	954,4
27,55000	954,4
27,56667	954,4
27,58333	954,4
27,60000	954,4
27,61667	954,4
27,63333	954,4
27,65000	954,4
27,66667	953,4
27,68333	953,4
27,70000	953,4
27,71667	954,4
27,73333	954,4
27,75000	954,4
27,76667	954,4
27,78333	954,4
27,80000	954,4
27,81667	954,4
27,83333	954,4
27,85000	954,4
27,86667	954,4
27,88333	954,4
27,90000	954,4
27,91667	953,4
27,93333	953,4
27,95000	953,4
27,96667	955,4
27,98333	955,4
28,00000	955,4
28,01667	953,4
28,03333	953,4
28,05000	953,4
28,06667	954,4
28,08333	954,4
28,10000	954,4
28,11667	953,4
28,13333	953,4
28,15000	953,4
28,16667	954,4
28,18333	954,4
28,20000	954,4
28,21667	954,4
28,23333	954,4
28,25000	954,4
28,26667	954,4
28,28333	954,4
28,30000	954,4
28,31667	953,4
28,33333	953,4
28,35000	953,4
28,36667	953,4
28,38333	953,4
28,40000	953,4
28,41667	955,4
28,43333	955,4
28,45000	955,4
28,46667	954,4
28,48333	954,4
28,50000	954,4
28,51667	954,4
28,53333	954,4
28,55000	954,4
28,56667	953,4
28,58333	953,4
28,60000	953,4
28,61667	954,4
28,63333	954,4
28,65000	954,4
28,66667	954,4
28,68333	954,4
28,70000	954,4
28,71667	954,4
28,73333	954,4
28,75000	954,4
28,76667	953,4
28,78333	953,4
28,80000	953,4
28,81667	953,4
28,83333	953,4
28,85000	953,4
28,86667	954,4
28,88333	954,4
28,90000	954,4
28,91667	954,4
28,93333	954,4
28,95000	954,4
28,96667	954,4
28,98333	954,4
29,00000	954,4
29,01667	953,4
29,03333	953,4
29,05000	953,4
29,06667	953,4
29,08333	953,4
29,10000	953,4
29,11667	954,4
29,13333	954,4
29,15000	954,4
29,16667	954,4
29,18333	954,4
29,20000	954,4
29,21667	954,4
29,23333	954,4
29,25000	954,4
29,26667	953,4
29,28333	953,4
29,30000	953,4
29,31667	953,4
29,33333	953,4
29,35000	953,4
29,36667	954,4
29,38333	954,4
29,40000	954,4
29,41667	954,4
29,43333	954,4
29,45000	954,4
29,46667	954,4
29,48333	954,4
29,50000	954,4
29,51667	953,4
29,53333	953,4
29,55000	953,4
29,56667	953,4
29,58333	953,4
29,60000	953,4
29,61667	954,4
29,63333	954,4
29,65000	954,4
29,66667	953,4
29,68333	953,4
29,70000	953,4
29,71667	953,4
29,73333	953,4
29,75000	953,4
29,76667	952,4
29,78333	952,4
29,80000	952,4
29,81667	954,4
29,83333	954,4
29,85000	954,4
29,86667	954,4
29,88333	954,4
29,90000	954,4
29,91667	953,4
29,93333	953,4
29,95000	953,4
29,96667	954,4
29,98333	954,4
30,00000	954,4
30,01667	953,4
30,03333	953,4
30,05000	953,4
30,06667	954,4
30,08333	954,4
30,10000	954,4
30,11667	954,4
30,13333	954,4
30,15000	954,4
30,16667	954,4
30,18333	954,4
30,20000	954,4
30,21667	953,4
30,23333	953,4
30,25000	953,4
30,26667	953,4
30,28333	953,4
30,30000	953,4
30,31667	955,4
30,33333	955,4
30,35000	955,4
30,36667	954,4
30,38333	954,4
30,40000	954,4
30,41667	954,4
30,43333	954,4
30,45000	954,4
30,46667	953,4
30,48333	953,4
30,50000	953,4
30,51667	954,4
30,53333	954,4
30,55000	954,4
30,56667	954,4
30,58333	954,4
30,60000	954,4
30,61667	954,4
30,63333	954,4
30,65000	954,4
30,66667	953,4
30,68333	953,4
30,70000	953,4
30,71667	954,4
30,73333	954,4
30,75000	954,4
30,76667	955,4
30,78333	955,4
30,80000	955,4
30,81667	954,4
30,83333	954,4
30,85000	954,4
30,86667	954,4
30,88333	954,4
30,90000	954,4
30,91667	953,4
30,93333	953,4
30,95000	953,4
30,96667	954,4
30,98333	954,4
31,00000	954,4
31,01667	954,4
31,03333	954,4
31,05000	954,4
31,06667	954,4
31,08333	954,4
31,10000	954,4
31,11667	953,4
31,13333	953,4
31,15000	953,4
31,16667	953,4
31,18333	953,4
31,20000	953,4
31,21667	954,4
31,23333	954,4
31,25000	954,4
31,26667	954,4
31,28333	954,4
31,30000	954,4
31,31667	953,4
31,33333	953,4
31,35000	953,4
31,36667	954,4
31,38333	954,4
31,40000	954,4
31,41667	953,4
31,43333	953,4
31,45000	953,4
31,46667	954,4
31,48333	954,4
31,50000	954,4
31,51667	954,4
31,53333	954,4
31,55000	954,4
31,56667	954,4
31,58333	954,4
31,60000	954,4
31,61667	953,4
31,63333	953,4
31,65000	953,4
31,66667	953,4
31,68333	953,4
31,70000	953,4
31,71667	954,4
31,73333	954,4
31,75000	954,4
31,76667	954,4
31,78333	954,4
31,80000	954,4
31,81667	954,4
31,83333	954,4
31,85000	954,4
31,86667	953,4
31,88333	953,4
31,90000	953,4
31,91667	954,4
31,93333	954,4
31,95000	954,4
31,96667	954,4
31,98333	954,4
32,00000	954,4

[LC Status Trace(Pump B Pressure)]
Interval(msec)	1000
# of Points	1921
Start Time(min)	0,000
End Time(min)	32,000
Intensity Units	bar
Intensity Multiplier	0,980665
R.Time (min)	Intensity
0,00000	79,8
0,01667	79,8
0,03333	79,7
0,05000	78,0
0,06667	78,5
0,08333	78,9
0,10000	79,6
0,11667	80,2
0,13333	80,4
0,15000	80,6
0,16667	80,5
0,18333	80,3
0,20000	80,1
0,21667	80,3
0,23333	80,3
0,25000	80,4
0,26667	80,5
0,28333	80,5
0,30000	80,6
0,31667	80,6
0,33333	80,7
0,35000	80,6
0,36667	80,7
0,38333	80,5
0,40000	80,5
0,41667	80,7
0,43333	80,6
0,45000	80,6
0,46667	80,6
0,48333	80,6
0,50000	80,6
0,51667	80,6
0,53333	80,6
0,55000	80,6
0,56667	80,6
0,58333	80,6
0,60000	80,5
0,61667	80,6
0,63333	80,6
0,65000	80,6
0,66667	80,6
0,68333	80,6
0,70000	80,6
0,71667	80,5
0,73333	80,6
0,75000	80,6
0,76667	80,7
0,78333	80,6
0,80000	80,6
0,81667	80,6
0,83333	80,6
0,85000	80,6
0,86667	80,5
0,88333	80,6
0,90000	80,5
0,91667	80,5
0,93333	80,6
0,95000	80,6
0,96667	80,6
0,98333	80,6
1,00000	80,5
1,01667	80,5
1,03333	80,6
1,05000	80,6
1,06667	80,6
1,08333	80,5
1,10000	80,5
1,11667	80,5
1,13333	80,6
1,15000	80,6
1,16667	80,6
1,18333	80,6
1,20000	80,5
1,21667	80,6
1,23333	80,6
1,25000	80,6
1,26667	80,5
1,28333	80,5
1,30000	80,6
1,31667	80,5
1,33333	80,6
1,35000	80,6
1,36667	80,5
1,38333	80,5
1,40000	80,6
1,41667	80,5
1,43333	80,5
1,45000	80,5
1,46667	80,4
1,48333	80,5
1,50000	80,5
1,51667	80,5
1,53333	80,5
1,55000	80,4
1,56667	80,5
1,58333	80,5
1,60000	80,5
1,61667	80,5
1,63333	80,5
1,65000	80,5
1,66667	80,5
1,68333	80,5
1,70000	80,5
1,71667	80,4
1,73333	80,4
1,75000	80,4
1,76667	80,4
1,78333	80,4
1,80000	80,4
1,81667	80,5
1,83333	80,5
1,85000	80,5
1,86667	80,3
1,88333	80,4
1,90000	80,4
1,91667	80,4
1,93333	80,4
1,95000	80,4
1,96667	80,4
1,98333	80,4
2,00000	80,4
2,01667	80,5
2,03333	80,4
2,05000	80,4
2,06667	80,4
2,08333	80,4
2,10000	80,3
2,11667	80,3
2,13333	80,3
2,15000	80,4
2,16667	80,4
2,18333	80,3
2,20000	80,4
2,21667	80,4
2,23333	80,3
2,25000	80,3
2,26667	80,3
2,28333	80,4
2,30000	80,4
2,31667	80,4
2,33333	80,3
2,35000	80,4
2,36667	80,4
2,38333	80,4
2,40000	80,3
2,41667	80,4
2,43333	80,4
2,45000	80,4
2,46667	80,4
2,48333	80,4
2,50000	80,4
2,51667	80,4
2,53333	80,4
2,55000	80,4
2,56667	80,5
2,58333	80,4
2,60000	80,4
2,61667	80,3
2,63333	80,4
2,65000	80,4
2,66667	80,4
2,68333	80,3
2,70000	80,4
2,71667	80,5
2,73333	80,4
2,75000	80,4
2,76667	80,4
2,78333	80,4
2,80000	80,4
2,81667	80,3
2,83333	80,4
2,85000	80,4
2,86667	80,4
2,88333	80,4
2,90000	80,4
2,91667	80,5
2,93333	80,5
2,95000	80,4
2,96667	80,5
2,98333	80,5
3,00000	80,5
3,01667	80,4
3,03333	80,5
3,05000	80,5
3,06667	80,5
3,08333	80,4
3,10000	80,4
3,11667	80,5
3,13333	80,5
3,15000	80,4
3,16667	80,5
3,18333	80,5
3,20000	80,5
3,21667	80,4
3,23333	80,6
3,25000	80,5
3,26667	80,5
3,28333	80,5
3,30000	80,5
3,31667	80,5
3,33333	80,5
3,35000	80,6
3,36667	80,5
3,38333	80,6
3,40000	80,5
3,41667	80,5
3,43333	80,6
3,45000	80,6
3,46667	80,6
3,48333	80,6
3,50000	80,6
3,51667	80,6
3,53333	80,6
3,55000	80,6
3,56667	80,7
3,58333	80,5
3,60000	80,6
3,61667	80,7
3,63333	80,6
3,65000	80,6
3,66667	80,6
3,68333	80,7
3,70000	80,6
3,71667	80,6
3,73333	80,7
3,75000	80,7
3,76667	80,7
3,78333	80,7
3,80000	80,7
3,81667	80,7
3,83333	80,7
3,85000	80,8
3,86667	80,7
3,88333	80,7
3,90000	80,7
3,91667	80,8
3,93333	80,7
3,95000	80,8
3,96667	80,8
3,98333	80,8
4,00000	80,7
4,01667	80,8
4,03333	80,7
4,05000	80,8
4,06667	80,8
4,08333	80,8
4,10000	80,7
4,11667	80,8
4,13333	80,8
4,15000	80,7
4,16667	80,8
4,18333	80,8
4,20000	80,8
4,21667	80,8
4,23333	80,8
4,25000	80,8
4,26667	80,8
4,28333	80,9
4,30000	81,2
4,31667	81,2
4,33333	81,3
4,35000	81,5
4,36667	81,5
4,38333	81,6
4,40000	81,7
4,41667	81,6
4,43333	81,6
4,45000	81,7
4,46667	81,6
4,48333	81,5
4,50000	81,6
4,51667	81,6
4,53333	81,5
4,55000	81,5
4,56667	81,4
4,58333	81,4
4,60000	81,4
4,61667	81,4
4,63333	81,4
4,65000	81,3
4,66667	81,3
4,68333	81,2
4,70000	81,2
4,71667	81,2
4,73333	81,1
4,75000	81,0
4,76667	80,9
4,78333	81,0
4,80000	80,9
4,81667	80,9
4,83333	80,8
4,85000	80,8
4,86667	80,7
4,88333	80,7
4,90000	80,7
4,91667	80,7
4,93333	80,6
4,95000	80,6
4,96667	80,6
4,98333	80,5
5,00000	80,5
5,01667	80,6
5,03333	80,6
5,05000	80,5
5,06667	80,6
5,08333	80,7
5,10000	80,8
5,11667	80,8
5,13333	80,8
5,15000	80,9
5,16667	80,9
5,18333	80,9
5,20000	80,9
5,21667	81,0
5,23333	80,9
5,25000	81,0
5,26667	81,0
5,28333	81,0
5,30000	81,0
5,31667	81,0
5,33333	81,0
5,35000	81,0
5,36667	81,0
5,38333	81,0
5,40000	81,1
5,41667	81,1
5,43333	81,0
5,45000	81,1
5,46667	81,0
5,48333	81,1
5,50000	81,1
5,51667	81,1
5,53333	81,1
5,55000	81,1
5,56667	81,1
5,58333	81,1
5,60000	81,2
5,61667	81,1
5,63333	81,1
5,65000	81,2
5,66667	81,2
5,68333	81,2
5,70000	81,1
5,71667	81,2
5,73333	81,2
5,75000	81,2
5,76667	81,2
5,78333	81,3
5,80000	81,2
5,81667	81,3
5,83333	81,3
5,85000	81,4
5,86667	81,4
5,88333	81,4
5,90000	81,3
5,91667	81,3
5,93333	81,3
5,95000	81,4
5,96667	81,3
5,98333	81,3
6,00000	81,3
6,01667	81,3
6,03333	81,3
6,05000	81,4
6,06667	81,3
6,08333	81,3
6,10000	81,3
6,11667	81,4
6,13333	81,4
6,15000	81,3
6,16667	81,4
6,18333	81,4
6,20000	81,4
6,21667	81,4
6,23333	81,4
6,25000	81,4
6,26667	81,4
6,28333	81,4
6,30000	81,5
6,31667	81,4
6,33333	81,5
6,35000	81,4
6,36667	81,4
6,38333	81,5
6,40000	81,6
6,41667	81,4
6,43333	81,5
6,45000	81,4
6,46667	81,5
6,48333	81,5
6,50000	81,5
6,51667	81,5
6,53333	81,5
6,55000	81,5
6,56667	81,6
6,58333	81,5
6,60000	81,5
6,61667	81,5
6,63333	81,5
6,65000	81,5
6,66667	81,5
6,68333	81,5
6,70000	81,5
6,71667	81,6
6,73333	81,6
6,75000	81,5
6,76667	81,5
6,78333	81,5
6,80000	81,6
6,81667	81,5
6,83333	81,5
6,85000	81,6
6,86667	81,5
6,88333	81,6
6,90000	81,6
6,91667	81,6
6,93333	81,6
6,95000	81,6
6,96667	81,6
6,98333	81,6
7,00000	81,7
7,01667	81,6
7,03333	81,6
7,05000	81,6
7,06667	81,6
7,08333	81,6
7,10000	81,6
7,11667	81,7
7,13333	81,7
7,15000	81,7
7,16667	81,7
7,18333	81,6
7,20000	81,7
7,21667	81,7
7,23333	81,7
7,25000	81,7
7,26667	81,7
7,28333	81,7
7,30000	81,6
7,31667	81,7
7,33333	81,7
7,35000	81,8
7,36667	81,7
7,38333	81,7
7,40000	81,7
7,41667	81,7
7,43333	81,7
7,45000	81,7
7,46667	81,7
7,48333	81,7
7,50000	81,7
7,51667	81,7
7,53333	81,7
7,55000	81,7
7,56667	81,7
7,58333	81,7
7,60000	81,7
7,61667	81,8
7,63333	81,7
7,65000	81,7
7,66667	81,7
7,68333	81,7
7,70000	81,7
7,71667	81,7
7,73333	81,7
7,75000	81,7
7,76667	81,7
7,78333	81,7
7,80000	81,8
7,81667	81,7
7,83333	81,8
7,85000	81,7
7,86667	81,7
7,88333	81,8
7,90000	81,8
7,91667	81,7
7,93333	81,7
7,95000	81,8
7,96667	81,8
7,98333	81,8
8,00000	81,8
8,01667	81,7
8,03333	81,8
8,05000	81,8
8,06667	81,7
8,08333	81,7
8,10000	81,8
8,11667	81,8
8,13333	81,7
8,15000	81,7
8,16667	81,8
8,18333	81,8
8,20000	81,8
8,21667	81,8
8,23333	81,7
8,25000	81,8
8,26667	81,8
8,28333	81,7
8,30000	81,7
8,31667	81,8
8,33333	81,8
8,35000	81,8
8,36667	81,8
8,38333	81,8
8,40000	81,8
8,41667	81,8
8,43333	81,8
8,45000	81,7
8,46667	81,8
8,48333	81,7
8,50000	81,8
8,51667	81,7
8,53333	81,7
8,55000	81,8
8,56667	81,7
8,58333	81,7
8,60000	81,8
8,61667	81,8
8,63333	81,8
8,65000	81,8
8,66667	81,7
8,68333	81,8
8,70000	81,8
8,71667	81,8
8,73333	81,7
8,75000	81,8
8,76667	81,7
8,78333	81,8
8,80000	81,7
8,81667	81,8
8,83333	81,8
8,85000	81,8
8,86667	81,7
8,88333	81,8
8,90000	81,8
8,91667	81,8
8,93333	81,8
8,95000	81,7
8,96667	81,8
8,98333	81,8
9,00000	81,7
9,01667	81,7
9,03333	81,8
9,05000	81,7
9,06667	81,8
9,08333	81,7
9,10000	81,7
9,11667	81,8
9,13333	81,7
9,15000	81,7
9,16667	81,7
9,18333	81,8
9,20000	81,8
9,21667	81,7
9,23333	81,7
9,25000	81,8
9,26667	81,7
9,28333	81,7
9,30000	81,7
9,31667	81,7
9,33333	81,7
9,35000	81,7
9,36667	81,6
9,38333	81,8
9,40000	81,6
9,41667	81,7
9,43333	81,7
9,45000	81,7
9,46667	81,7
9,48333	81,7
9,50000	81,7
9,51667	81,7
9,53333	81,7
9,55000	81,7
9,56667	81,7
9,58333	81,7
9,60000	81,7
9,61667	81,7
9,63333	81,7
9,65000	81,7
9,66667	81,7
9,68333	81,6
9,70000	81,7
9,71667	81,6
9,73333	81,7
9,75000	81,6
9,76667	81,7
9,78333	81,6
9,80000	81,7
9,81667	81,6
9,83333	81,7
9,85000	81,6
9,86667	81,7
9,88333	81,7
9,90000	81,7
9,91667	81,6
9,93333	81,7
9,95000	81,7
9,96667	81,6
9,98333	81,6
10,00000	81,6
10,01667	81,6
10,03333	81,5
10,05000	81,5
10,06667	81,5
10,08333	81,5
10,10000	81,5
10,11667	81,5
10,13333	81,4
10,15000	81,5
10,16667	81,4
10,18333	81,5
10,20000	81,4
10,21667	81,5
10,23333	81,4
10,25000	81,4
10,26667	81,5
10,28333	81,4
10,30000	81,4
10,31667	81,4
10,33333	81,4
10,35000	81,5
10,36667	81,4
10,38333	81,5
10,40000	81,4
10,41667	81,5
10,43333	81,5
10,45000	81,4
10,46667	81,4
10,48333	81,4
10,50000	81,4
10,51667	81,4
10,53333	81,4
10,55000	81,4
10,56667	81,4
10,58333	81,4
10,60000	81,3
10,61667	81,5
10,63333	81,3
10,65000	81,4
10,66667	81,3
10,68333	81,4
10,70000	81,4
10,71667	81,3
10,73333	81,4
10,75000	81,4
10,76667	81,4
10,78333	81,3
10,80000	81,3
10,81667	81,4
10,83333	81,4
10,85000	81,4
10,86667	81,3
10,88333	81,4
10,90000	81,3
10,91667	81,4
10,93333	81,3
10,95000	81,3
10,96667	81,3
10,98333	81,3
11,00000	81,3
11,01667	81,3
11,03333	81,3
11,05000	81,3
11,06667	81,3
11,08333	81,3
11,10000	81,2
11,11667	81,3
11,13333	81,3
11,15000	81,3
11,16667	81,3
11,18333	81,3
11,20000	81,2
11,21667	81,3
11,23333	81,3
11,25000	81,3
11,26667	81,2
11,28333	81,3
11,30000	81,3
11,31667	81,2
11,33333	81,2
11,35000	81,3
11,36667	81,2
11,38333	81,2
11,40000	81,2
11,41667	81,2
11,43333	81,2
11,45000	81,2
11,46667	81,2
11,48333	81,2
11,50000	81,2
11,51667	81,3
11,53333	81,2
11,55000	81,2
11,56667	81,2
11,58333	81,2
11,60000	81,2
11,61667	81,2
11,63333	81,3
11,65000	81,2
11,66667	81,2
11,68333	81,2
11,70000	81,2
11,71667	81,2
11,73333	81,1
11,75000	81,2
11,76667	81,2
11,78333	81,2
11,80000	81,2
11,81667	81,2
11,83333	81,1
11,85000	81,2
11,86667	81,1
11,88333	81,1
11,90000	81,1
11,91667	81,1
11,93333	81,1
11,95000	81,1
11,96667	81,1
11,98333	81,1
12,00000	81,1
12,01667	81,2
12,03333	81,2
12,05000	81,1
12,06667	81,1
12,08333	81,1
12,10000	81,1
12,11667	81,1
12,13333	81,1
12,15000	81,1
12,16667	81,1
12,18333	81,1
12,20000	81,1
12,21667	81,1
12,23333	81,1
12,25000	81,1
12,26667	81,0
12,28333	81,0
12,30000	81,1
12,31667	81,0
12,33333	81,1
12,35000	81,1
12,36667	81,1
12,38333	81,0
12,40000	81,0
12,41667	81,1
12,43333	81,1
12,45000	81,0
12,46667	81,0
12,48333	81,1
12,50000	81,0
12,51667	81,0
12,53333	81,0
12,55000	81,0
12,56667	81,1
12,58333	81,0
12,60000	81,0
12,61667	81,0
12,63333	81,0
12,65000	81,0
12,66667	81,0
12,68333	81,0
12,70000	81,0
12,71667	81,0
12,73333	81,0
12,75000	81,0
12,76667	81,0
12,78333	80,9
12,80000	81,0
12,81667	81,0
12,83333	80,9
12,85000	81,0
12,86667	80,9
12,88333	81,0
12,90000	80,9
12,91667	81,0
12,93333	80,9
12,95000	80,9
12,96667	81,0
12,98333	80,9
13,00000	81,0
13,01667	81,0
13,03333	81,0
13,05000	80,9
13,06667	80,9
13,08333	81,0
13,10000	80,9
13,11667	80,9
13,13333	80,9
13,15000	81,0
13,16667	80,9
13,18333	80,9
13,20000	80,9
13,21667	80,9
13,23333	80,9
13,25000	80,9
13,26667	80,9
13,28333	80,9
13,30000	81,0
13,31667	80,9
13,33333	80,9
13,35000	80,9
13,36667	80,9
13,38333	80,9
13,40000	80,9
13,41667	80,9
13,43333	80,9
13,45000	80,9
13,46667	80,9
13,48333	80,9
13,50000	80,9
13,51667	80,9
13,53333	80,9
13,55000	80,9
13,56667	80,9
13,58333	80,9
13,60000	80,9
13,61667	80,9
13,63333	80,9
13,65000	80,9
13,66667	80,9
13,68333	80,9
13,70000	80,9
13,71667	80,9
13,73333	80,9
13,75000	81,0
13,76667	80,9
13,78333	80,9
13,80000	80,9
13,81667	80,9
13,83333	80,9
13,85000	80,8
13,86667	80,9
13,88333	80,8
13,90000	80,9
13,91667	80,8
13,93333	80,9
13,95000	80,8
13,96667	80,9
13,98333	80,8
14,00000	80,8
14,01667	80,9
14,03333	80,9
14,05000	80,8
14,06667	80,8
14,08333	80,9
14,10000	80,8
14,11667	80,8
14,13333	80,8
14,15000	80,9
14,16667	80,9
14,18333	80,9
14,20000	80,9
14,21667	80,8
14,23333	80,8
14,25000	80,8
14,26667	80,8
14,28333	80,8
14,30000	80,9
14,31667	80,8
14,33333	80,8
14,35000	80,8
14,36667	80,9
14,38333	80,8
14,40000	80,8
14,41667	80,9
14,43333	80,8
14,45000	80,8
14,46667	80,8
14,48333	80,8
14,50000	80,8
14,51667	80,8
14,53333	80,9
14,55000	80,8
14,56667	80,8
14,58333	80,8
14,60000	80,8
14,61667	80,8
14,63333	80,8
14,65000	80,8
14,66667	80,8
14,68333	80,8
14,70000	80,8
14,71667	80,8
14,73333	80,8
14,75000	80,8
14,76667	80,8
14,78333	80,8
14,80000	80,8
14,81667	80,8
14,83333	80,8
14,85000	80,8
14,86667	80,8
14,88333	80,8
14,90000	80,8
14,91667	80,8
14,93333	80,8
14,95000	80,8
14,96667	80,8
14,98333	80,8
15,00000	80,8
15,01667	80,8
15,03333	80,8
15,05000	80,8
15,06667	80,8
15,08333	80,8
15,10000	80,8
15,11667	80,8
15,13333	80,7
15,15000	80,8
15,16667	80,8
15,18333	80,7
15,20000	80,8
15,21667	80,7
15,23333	80,8
15,25000	80,8
15,26667	80,8
15,28333	80,8
15,30000	80,8
15,31667	80,8
15,33333	80,8
15,35000	80,8
15,36667	80,8
15,38333	80,8
15,40000	80,7
15,41667	80,7
15,43333	80,8
15,45000	80,7
15,46667	80,8
15,48333	80,8
15,50000	80,8
15,51667	80,7
15,53333	80,7
15,55000	80,8
15,56667	80,8
15,58333	80,8
15,60000	80,7
15,61667	80,7
15,63333	80,8
15,65000	80,8
15,66667	80,7
15,68333	80,7
15,70000	80,8
15,71667	80,7
15,73333	80,7
15,75000	80,7
15,76667	80,8
15,78333	80,7
15,80000	80,7
15,81667	80,8
15,83333	80,8
15,85000	80,7
15,86667	80,7
15,88333	80,7
15,90000	80,7
15,91667	80,7
15,93333	80,7
15,95000	80,8
15,96667	80,7
15,98333	80,8
16,00000	80,7
16,01667	80,7
16,03333	80,8
16,05000	80,7
16,06667	80,7
16,08333	80,7
16,10000	80,8
16,11667	80,7
16,13333	80,8
16,15000	80,7
16,16667	80,8
16,18333	80,7
16,20000	80,7
16,21667	80,7
16,23333	80,7
16,25000	80,7
16,26667	80,7
16,28333	80,7
16,30000	80,8
16,31667	80,7
16,33333	80,7
16,35000	80,7
16,36667	80,7
16,38333	80,7
16,40000	80,7
16,41667	80,8
16,43333	80,7
16,45000	80,7
16,46667	80,6
16,48333	80,7
16,50000	80,7
16,51667	80,7
16,53333	80,7
16,55000	80,7
16,56667	80,7
16,58333	80,7
16,60000	80,7
16,61667	80,7
16,63333	80,7
16,65000	80,7
16,66667	80,7
16,68333	80,7
16,70000	80,8
16,71667	80,7
16,73333	80,6
16,75000	80,7
16,76667	80,7
16,78333	80,7
16,80000	80,7
16,81667	80,7
16,83333	80,7
16,85000	80,7
16,86667	80,7
16,88333	80,7
16,90000	80,7
16,91667	80,7
16,93333	80,7
16,95000	80,7
16,96667	80,7
16,98333	80,7
17,00000	80,6
17,01667	80,7
17,03333	80,7
17,05000	80,7
17,06667	80,6
17,08333	80,7
17,10000	80,7
17,11667	80,7
17,13333	80,6
17,15000	80,6
17,16667	80,7
17,18333	80,7
17,20000	80,7
17,21667	80,6
17,23333	80,7
17,25000	80,6
17,26667	80,7
17,28333	80,7
17,30000	80,7
17,31667	80,6
17,33333	80,6
17,35000	80,7
17,36667	80,6
17,38333	80,6
17,40000	80,6
17,41667	80,6
17,43333	80,6
17,45000	80,6
17,46667	80,7
17,48333	80,6
17,50000	80,6
17,51667	80,6
17,53333	80,6
17,55000	80,6
17,56667	80,6
17,58333	80,6
17,60000	80,6
17,61667	80,6
17,63333	80,5
17,65000	80,6
17,66667	80,6
17,68333	80,6
17,70000	80,6
17,71667	80,6
17,73333	80,5
17,75000	80,5
17,76667	80,6
17,78333	80,5
17,80000	80,5
17,81667	80,6
17,83333	80,6
17,85000	80,6
17,86667	80,5
17,88333	80,6
17,90000	80,5
17,91667	80,6
17,93333	80,5
17,95000	80,5
17,96667	80,5
17,98333	80,5
18,00000	80,5
18,01667	80,5
18,03333	80,5
18,05000	80,5
18,06667	80,4
18,08333	80,5
18,10000	80,5
18,11667	80,5
18,13333	80,5
18,15000	80,4
18,16667	80,5
18,18333	80,5
18,20000	80,5
18,21667	80,5
18,23333	80,5
18,25000	80,5
18,26667	80,5
18,28333	80,4
18,30000	80,4
18,31667	80,4
18,33333	80,5
18,35000	80,4
18,36667	80,4
18,38333	80,4
18,40000	80,4
18,41667	80,4
18,43333	80,4
18,45000	80,4
18,46667	80,4
18,48333	80,3
18,50000	80,4
18,51667	80,4
18,53333	80,4
18,55000	80,4
18,56667	80,3
18,58333	80,3
18,60000	80,3
18,61667	80,3
18,63333	80,4
18,65000	80,3
18,66667	80,4
18,68333	80,3
18,70000	80,3
18,71667	80,3
18,73333	80,2
18,75000	80,3
18,76667	80,3
18,78333	80,2
18,80000	80,2
18,81667	80,3
18,83333	80,2
18,85000	80,2
18,86667	80,2
18,88333	80,3
18,90000	80,3
18,91667	80,2
18,93333	80,2
18,95000	80,2
18,96667	80,2
18,98333	80,2
19,00000	80,2
19,01667	80,2
19,03333	80,2
19,05000	80,1
19,06667	80,2
19,08333	80,2
19,10000	80,1
19,11667	80,1
19,13333	80,1
19,15000	80,1
19,16667	80,1
19,18333	80,1
19,20000	80,2
19,21667	80,1
19,23333	80,1
19,25000	80,1
19,26667	80,1
19,28333	80,0
19,30000	80,1
19,31667	80,1
19,33333	80,1
19,35000	80,1
19,36667	80,0
19,38333	80,0
19,40000	80,1
19,41667	80,0
19,43333	80,0
19,45000	80,0
19,46667	80,0
19,48333	80,0
19,50000	80,0
19,51667	80,0
19,53333	79,9
19,55000	80,0
19,56667	79,9
19,58333	79,9
19,60000	79,9
19,61667	79,9
19,63333	80,0
19,65000	80,0
19,66667	79,9
19,68333	79,9
19,70000	79,9
19,71667	79,8
19,73333	79,9
19,75000	79,8
19,76667	79,8
19,78333	79,8
19,80000	79,8
19,81667	79,8
19,83333	79,8
19,85000	79,8
19,86667	79,7
19,88333	79,8
19,90000	79,7
19,91667	79,8
19,93333	79,7
19,95000	79,7
19,96667	79,7
19,98333	79,7
20,00000	79,7
20,01667	79,7
20,03333	79,7
20,05000	79,7
20,06667	79,7
20,08333	79,7
20,10000	79,7
20,11667	79,6
20,13333	79,7
20,15000	79,6
20,16667	79,6
20,18333	79,6
20,20000	79,6
20,21667	79,6
20,23333	79,6
20,25000	79,6
20,26667	79,5
20,28333	79,5
20,30000	79,5
20,31667	79,5
20,33333	79,5
20,35000	79,5
20,36667	79,5
20,38333	79,5
20,40000	79,5
20,41667	79,4
20,43333	79,5
20,45000	79,4
20,46667	79,5
20,48333	79,3
20,50000	79,3
20,51667	79,3
20,53333	79,3
20,55000	79,3
20,56667	79,3
20,58333	79,3
20,60000	79,3
20,61667	79,3
20,63333	79,3
20,65000	79,2
20,66667	79,2
20,68333	79,2
20,70000	79,2
20,71667	79,2
20,73333	79,1
20,75000	79,1
20,76667	79,1
20,78333	79,1
20,80000	79,1
20,81667	79,1
20,83333	79,1
20,85000	79,0
20,86667	79,0
20,88333	79,0
20,90000	78,9
20,91667	78,9
20,93333	78,8
20,95000	78,8
20,96667	78,8
20,98333	78,7
21,00000	78,7
21,01667	78,8
21,03333	78,8
21,05000	78,7
21,06667	78,7
21,08333	78,6
21,10000	78,6
21,11667	78,5
21,13333	78,5
21,15000	78,4
21,16667	78,4
21,18333	78,4
21,20000	78,3
21,21667	78,3
21,23333	78,3
21,25000	78,3
21,26667	78,2
21,28333	78,2
21,30000	78,1
21,31667	78,1
21,33333	78,0
21,35000	78,0
21,36667	77,9
21,38333	77,9
21,40000	77,8
21,41667	77,7
21,43333	77,7
21,45000	77,7
21,46667	77,7
21,48333	77,6
21,50000	77,5
21,51667	77,5
21,53333	77,4
21,55000	77,4
21,56667	77,4
21,58333	77,3
21,60000	77,2
21,61667	77,2
21,63333	77,1
21,65000	77,1
21,66667	77,0
21,68333	76,9
21,70000	76,9
21,71667	76,8
21,73333	76,8
21,75000	76,7
21,76667	76,6
21,78333	76,6
21,80000	76,4
21,81667	76,5
21,83333	76,4
21,85000	76,3
21,86667	76,3
21,88333	76,2
21,90000	76,1
21,91667	76,1
21,93333	76,0
21,95000	75,9
21,96667	75,9
21,98333	75,8
22,00000	75,8
22,01667	75,7
22,03333	75,7
22,05000	75,6
22,06667	75,4
22,08333	75,4
22,10000	75,3
22,11667	75,2
22,13333	75,3
22,15000	75,2
22,16667	75,1
22,18333	75,0
22,20000	75,0
22,21667	74,9
22,23333	74,8
22,25000	74,7
22,26667	74,6
22,28333	74,6
22,30000	74,5
22,31667	74,4
22,33333	74,4
22,35000	74,3
22,36667	74,2
22,38333	74,1
22,40000	74,0
22,41667	74,0
22,43333	74,0
22,45000	73,8
22,46667	73,7
22,48333	73,6
22,50000	73,6
22,51667	73,5
22,53333	73,4
22,55000	73,3
22,56667	73,3
22,58333	73,2
22,60000	73,1
22,61667	73,0
22,63333	72,9
22,65000	72,8
22,66667	72,8
22,68333	72,7
22,70000	72,6
22,71667	72,5
22,73333	72,4
22,75000	72,3
22,76667	72,2
22,78333	72,1
22,80000	72,0
22,81667	71,9
22,83333	71,9
22,85000	71,8
22,86667	71,7
22,88333	71,6
22,90000	71,5
22,91667	71,4
22,93333	71,4
22,95000	71,2
22,96667	71,2
22,98333	71,1
23,00000	71,0
23,01667	70,8
23,03333	70,8
23,05000	70,7
23,06667	70,5
23,08333	70,4
23,10000	70,3
23,11667	70,2
23,13333	70,2
23,15000	70,0
23,16667	69,9
23,18333	69,8
23,20000	69,7
23,21667	69,6
23,23333	69,6
23,25000	69,4
23,26667	69,2
23,28333	69,1
23,30000	69,0
23,31667	68,9
23,33333	68,7
23,35000	68,6
23,36667	68,5
23,38333	68,4
23,40000	68,3
23,41667	68,1
23,43333	68,0
23,45000	67,9
23,46667	67,8
23,48333	67,6
23,50000	67,5
23,51667	67,4
23,53333	67,3
23,55000	67,2
23,56667	67,1
23,58333	66,9
23,60000	66,8
23,61667	66,7
23,63333	66,6
23,65000	66,4
23,66667	66,4
23,68333	66,2
23,70000	66,1
23,71667	66,0
23,73333	65,9
23,75000	65,8
23,76667	65,7
23,78333	65,6
23,80000	65,5
23,81667	65,4
23,83333	65,3
23,85000	65,2
23,86667	65,1
23,88333	65,0
23,90000	64,9
23,91667	64,8
23,93333	64,7
23,95000	64,6
23,96667	64,5
23,98333	64,4
24,00000	64,3
24,01667	64,2
24,03333	64,1
24,05000	64,0
24,06667	63,9
24,08333	63,8
24,10000	63,7
24,11667	63,6
24,13333	63,5
24,15000	63,4
24,16667	63,3
24,18333	63,2
24,20000	63,1
24,21667	63,1
24,23333	62,9
24,25000	62,9
24,26667	62,8
24,28333	62,7
24,30000	62,6
24,31667	62,5
24,33333	62,5
24,35000	62,3
24,36667	62,2
24,38333	62,1
24,40000	62,0
24,41667	61,9
24,43333	61,9
24,45000	61,7
24,46667	61,6
24,48333	61,5
24,50000	61,5
24,51667	61,4
24,53333	61,2
24,55000	61,2
24,56667	61,1
24,58333	61,0
24,60000	60,9
24,61667	60,8
24,63333	60,7
24,65000	60,5
24,66667	60,4
24,68333	60,3
24,70000	60,2
24,71667	60,1
24,73333	60,1
24,75000	59,9
24,76667	59,8
24,78333	59,7
24,80000	59,6
24,81667	59,5
24,83333	59,4
24,85000	59,3
24,86667	59,2
24,88333	59,1
24,90000	59,0
24,91667	58,9
24,93333	58,8
24,95000	58,7
24,96667	58,6
24,98333	58,5
25,00000	58,4
25,01667	58,3
25,03333	58,2
25,05000	58,1
25,06667	58,0
25,08333	57,9
25,10000	57,8
25,11667	57,7
25,13333	57,6
25,15000	57,5
25,16667	57,4
25,18333	57,3
25,20000	57,2
25,21667	57,1
25,23333	57,0
25,25000	56,9
25,26667	56,9
25,28333	56,7
25,30000	56,6
25,31667	56,5
25,33333	56,4
25,35000	56,3
25,36667	56,2
25,38333	56,1
25,40000	56,0
25,41667	55,9
25,43333	55,9
25,45000	55,7
25,46667	55,6
25,48333	55,6
25,50000	55,5
25,51667	55,3
25,53333	55,3
25,55000	55,2
25,56667	55,1
25,58333	55,0
25,60000	55,0
25,61667	54,8
25,63333	54,8
25,65000	54,7
25,66667	54,5
25,68333	54,5
25,70000	54,4
25,71667	54,3
25,73333	54,2
25,75000	54,2
25,76667	54,2
25,78333	54,0
25,80000	54,0
25,81667	53,9
25,83333	53,9
25,85000	53,7
25,86667	53,7
25,88333	53,6
25,90000	53,6
25,91667	53,6
25,93333	53,5
25,95000	53,5
25,96667	53,4
25,98333	53,4
26,00000	53,4
26,01667	53,4
26,03333	53,3
26,05000	53,3
26,06667	53,2
26,08333	53,2
26,10000	53,2
26,11667	53,2
26,13333	53,2
26,15000	53,2
26,16667	53,2
26,18333	53,1
26,20000	53,1
26,21667	53,1
26,23333	53,1
26,25000	53,2
26,26667	53,1
26,28333	53,1
26,30000	53,1
26,31667	53,2
26,33333	53,1
26,35000	53,1
26,36667	53,2
26,38333	53,2
26,40000	53,2
26,41667	53,3
26,43333	53,2
26,45000	53,3
26,46667	53,4
26,48333	53,4
26,50000	53,5
26,51667	53,5
26,53333	53,6
26,55000	53,6
26,56667	53,7
26,58333	53,7
26,60000	53,7
26,61667	53,8
26,63333	53,9
26,65000	53,9
26,66667	53,9
26,68333	54,0
26,70000	54,0
26,71667	54,1
26,73333	54,2
26,75000	54,2
26,76667	54,3
26,78333	54,3
26,80000	54,3
26,81667	54,5
26,83333	54,5
26,85000	54,6
26,86667	54,6
26,88333	54,7
26,90000	54,8
26,91667	54,8
26,93333	54,8
26,95000	54,9
26,96667	55,0
26,98333	55,1
27,00000	55,2
27,01667	55,2
27,03333	55,3
27,05000	55,4
27,06667	55,5
27,08333	55,5
27,10000	55,6
27,11667	55,7
27,13333	55,7
27,15000	55,8
27,16667	55,9
27,18333	56,0
27,20000	56,1
27,21667	56,2
27,23333	56,3
27,25000	56,4
27,26667	56,5
27,28333	56,5
27,30000	56,6
27,31667	56,8
27,33333	56,8
27,35000	56,9
27,36667	57,0
27,38333	57,0
27,40000	57,2
27,41667	57,3
27,43333	57,3
27,45000	57,5
27,46667	57,6
27,48333	57,6
27,50000	57,8
27,51667	57,9
27,53333	58,0
27,55000	58,1
27,56667	58,2
27,58333	58,3
27,60000	58,4
27,61667	58,5
27,63333	58,6
27,65000	58,8
27,66667	58,9
27,68333	59,0
27,70000	59,1
27,71667	59,3
27,73333	59,3
27,75000	59,5
27,76667	59,6
27,78333	59,7
27,80000	59,9
27,81667	59,9
27,83333	60,0
27,85000	60,2
27,86667	60,3
27,88333	60,5
27,90000	60,6
27,91667	60,7
27,93333	60,8
27,95000	60,9
27,96667	61,0
27,98333	61,2
28,00000	61,2
28,01667	61,3
28,03333	61,5
28,05000	61,6
28,06667	61,7
28,08333	61,8
28,10000	62,0
28,11667	62,0
28,13333	62,1
28,15000	62,3
28,16667	62,4
28,18333	62,5
28,20000	62,6
28,21667	62,7
28,23333	62,7
28,25000	62,9
28,26667	63,0
28,28333	63,1
28,30000	63,3
28,31667	63,4
28,33333	63,4
28,35000	63,6
28,36667	63,7
28,38333	63,8
28,40000	63,9
28,41667	64,0
28,43333	64,1
28,45000	64,2
28,46667	64,4
28,48333	64,4
28,50000	64,6
28,51667	64,7
28,53333	64,7
28,55000	64,8
28,56667	65,0
28,58333	65,0
28,60000	65,1
28,61667	65,2
28,63333	65,4
28,65000	65,5
28,66667	65,6
28,68333	65,7
28,70000	65,8
28,71667	66,0
28,73333	66,0
28,75000	66,1
28,76667	66,2
28,78333	66,3
28,80000	66,4
28,81667	66,5
28,83333	66,6
28,85000	66,7
28,86667	66,8
28,88333	66,9
28,90000	67,1
28,91667	67,1
28,93333	67,2
28,95000	67,4
28,96667	67,4
28,98333	67,5
29,00000	67,6
29,01667	67,7
29,03333	67,7
29,05000	67,8
29,06667	68,0
29,08333	68,1
29,10000	68,2
29,11667	68,3
29,13333	68,4
29,15000	68,5
29,16667	68,6
29,18333	68,7
29,20000	68,8
29,21667	68,8
29,23333	69,0
29,25000	68,9
29,26667	69,0
29,28333	69,1
29,30000	69,3
29,31667	69,4
29,33333	69,4
29,35000	69,5
29,36667	69,6
29,38333	69,6
29,40000	69,7
29,41667	69,8
29,43333	69,8
29,45000	70,0
29,46667	70,0
29,48333	70,1
29,50000	70,2
29,51667	70,2
29,53333	70,4
29,55000	70,5
29,56667	70,6
29,58333	70,7
29,60000	70,8
29,61667	70,9
29,63333	71,0
29,65000	71,1
29,66667	71,3
29,68333	71,4
29,70000	71,5
29,71667	71,6
29,73333	71,7
29,75000	71,9
29,76667	71,9
29,78333	72,2
29,80000	72,2
29,81667	72,3
29,83333	72,4
29,85000	72,5
29,86667	72,7
29,88333	72,7
29,90000	72,9
29,91667	73,0
29,93333	73,1
29,95000	73,3
29,96667	73,4
29,98333	73,5
30,00000	73,5
30,01667	73,6
30,03333	73,7
30,05000	73,9
30,06667	74,0
30,08333	74,1
30,10000	74,2
30,11667	74,2
30,13333	74,2
30,15000	74,4
30,16667	74,5
30,18333	74,6
30,20000	74,7
30,21667	74,8
30,23333	74,9
30,25000	74,9
30,26667	75,0
30,28333	75,1
30,30000	75,2
30,31667	75,3
30,33333	75,4
30,35000	75,4
30,36667	75,5
30,38333	75,6
30,40000	75,6
30,41667	75,8
30,43333	75,7
30,45000	75,9
30,46667	76,0
30,48333	76,0
30,50000	76,0
30,51667	76,1
30,53333	76,1
30,55000	76,2
30,56667	76,3
30,58333	76,4
30,60000	76,5
30,61667	76,4
30,63333	76,5
30,65000	76,6
30,66667	76,7
30,68333	76,8
30,70000	76,8
30,71667	76,9
30,73333	76,9
30,75000	76,9
30,76667	77,0
30,78333	77,1
30,80000	77,1
30,81667	77,2
30,83333	77,2
30,85000	77,3
30,86667	77,2
30,88333	77,4
30,90000	77,4
30,91667	77,5
30,93333	77,6
30,95000	77,6
30,96667	77,7
30,98333	77,6
31,00000	77,7
31,01667	77,7
31,03333	77,8
31,05000	77,9
31,06667	77,9
31,08333	77,9
31,10000	78,0
31,11667	77,9
31,13333	78,0
31,15000	78,1
31,16667	78,1
31,18333	78,2
31,20000	78,3
31,21667	78,3
31,23333	78,3
31,25000	78,3
31,26667	78,3
31,28333	78,4
31,30000	78,4
31,31667	78,5
31,33333	78,5
31,35000	78,5
31,36667	78,5
31,38333	78,6
31,40000	78,7
31,41667	78,7
31,43333	78,8
31,45000	78,8
31,46667	78,8
31,48333	78,8
31,50000	78,8
31,51667	78,9
31,53333	78,9
31,55000	78,9
31,56667	79,0
31,58333	79,0
31,60000	79,0
31,61667	79,0
31,63333	79,1
31,65000	79,1
31,66667	79,2
31,68333	79,2
31,70000	79,3
31,71667	79,2
31,73333	79,2
31,75000	79,2
31,76667	79,3
31,78333	79,3
31,80000	79,3
31,81667	79,4
31,83333	79,4
31,85000	79,4
31,86667	79,4
31,88333	79,4
31,90000	79,5
31,91667	79,5
31,93333	79,5
31,95000	79,6
31,96667	79,6
31,98333	79,6
32,00000	79,5

[LC Status Trace(Pump B Degasser Pressure)]
Interval(msec)	1000
# of Points	1921
Start Time(min)	0,000
End Time(min)	32,000
Intensity Units	bar
Intensity Multiplier	0,980665
R.Time (min)	Intensity
0,00000	0,00
0,01667	0,00
0,03333	0,00
0,05000	0,00
0,06667	0,00
0,08333	0,00
0,10000	0,00
0,11667	0,00
0,13333	0,00
0,15000	0,00
0,16667	0,00
0,18333	0,00
0,20000	0,00
0,21667	0,00
0,23333	0,00
0,25000	0,00
0,26667	0,00
0,28333	0,00
0,30000	0,00
0,31667	0,00
0,33333	0,00
0,35000	0,00
0,36667	0,00
0,38333	0,00
0,40000	0,00
0,41667	0,00
0,43333	0,00
0,45000	0,00
0,46667	0,00
0,48333	0,00
0,50000	0,00
0,51667	0,00
0,53333	0,00
0,55000	0,00
0,56667	0,00
0,58333	0,00
0,60000	0,00
0,61667	0,00
0,63333	0,00
0,65000	0,00
0,66667	0,00
0,68333	0,00
0,70000	0,00
0,71667	0,00
0,73333	0,00
0,75000	0,00
0,76667	0,00
0,78333	0,00
0,80000	0,00
0,81667	0,00
0,83333	0,00
0,85000	0,00
0,86667	0,00
0,88333	0,00
0,90000	0,00
0,91667	0,00
0,93333	0,00
0,95000	0,00
0,96667	0,00
0,98333	0,00
1,00000	0,00
1,01667	0,00
1,03333	0,00
1,05000	0,00
1,06667	0,00
1,08333	0,00
1,10000	0,00
1,11667	0,00
1,13333	0,00
1,15000	0,00
1,16667	0,00
1,18333	0,00
1,20000	0,00
1,21667	0,00
1,23333	0,00
1,25000	0,00
1,26667	0,00
1,28333	0,00
1,30000	0,00
1,31667	0,00
1,33333	0,00
1,35000	0,00
1,36667	0,00
1,38333	0,00
1,40000	0,00
1,41667	0,00
1,43333	0,00
1,45000	0,00
1,46667	0,00
1,48333	0,00
1,50000	0,00
1,51667	0,00
1,53333	0,00
1,55000	0,00
1,56667	0,00
1,58333	0,00
1,60000	0,00
1,61667	0,00
1,63333	0,00
1,65000	0,00
1,66667	0,00
1,68333	0,00
1,70000	0,00
1,71667	0,00
1,73333	0,00
1,75000	0,00
1,76667	0,00
1,78333	0,00
1,80000	0,00
1,81667	0,00
1,83333	0,00
1,85000	0,00
1,86667	0,00
1,88333	0,00
1,90000	0,00
1,91667	0,00
1,93333	0,00
1,95000	0,00
1,96667	0,00
1,98333	0,00
2,00000	0,00
2,01667	0,00
2,03333	0,00
2,05000	0,00
2,06667	0,00
2,08333	0,00
2,10000	0,00
2,11667	0,00
2,13333	0,00
2,15000	0,00
2,16667	0,00
2,18333	0,00
2,20000	0,00
2,21667	0,00
2,23333	0,00
2,25000	0,00
2,26667	0,00
2,28333	0,00
2,30000	0,00
2,31667	0,00
2,33333	0,00
2,35000	0,00
2,36667	0,00
2,38333	0,00
2,40000	0,00
2,41667	0,00
2,43333	0,00
2,45000	0,00
2,46667	0,00
2,48333	0,00
2,50000	0,00
2,51667	0,00
2,53333	0,00
2,55000	0,00
2,56667	0,00
2,58333	0,00
2,60000	0,00
2,61667	0,00
2,63333	0,00
2,65000	0,00
2,66667	0,00
2,68333	0,00
2,70000	0,00
2,71667	0,00
2,73333	0,00
2,75000	0,00
2,76667	0,00
2,78333	0,00
2,80000	0,00
2,81667	0,00
2,83333	0,00
2,85000	0,00
2,86667	0,00
2,88333	0,00
2,90000	0,00
2,91667	0,00
2,93333	0,00
2,95000	0,00
2,96667	0,00
2,98333	0,00
3,00000	0,00
3,01667	0,00
3,03333	0,00
3,05000	0,00
3,06667	0,00
3,08333	0,00
3,10000	0,00
3,11667	0,00
3,13333	0,00
3,15000	0,00
3,16667	0,00
3,18333	0,00
3,20000	0,00
3,21667	0,00
3,23333	0,00
3,25000	0,00
3,26667	0,00
3,28333	0,00
3,30000	0,00
3,31667	0,00
3,33333	0,00
3,35000	0,00
3,36667	0,00
3,38333	0,00
3,40000	0,00
3,41667	0,00
3,43333	0,00
3,45000	0,00
3,46667	0,00
3,48333	0,00
3,50000	0,00
3,51667	0,00
3,53333	0,00
3,55000	0,00
3,56667	0,00
3,58333	0,00
3,60000	0,00
3,61667	0,00
3,63333	0,00
3,65000	0,00
3,66667	0,00
3,68333	0,00
3,70000	0,00
3,71667	0,00
3,73333	0,00
3,75000	0,00
3,76667	0,00
3,78333	0,00
3,80000	0,00
3,81667	0,00
3,83333	0,00
3,85000	0,00
3,86667	0,00
3,88333	0,00
3,90000	0,00
3,91667	0,00
3,93333	0,00
3,95000	0,00
3,96667	0,00
3,98333	0,00
4,00000	0,00
4,01667	0,00
4,03333	0,00
4,05000	0,00
4,06667	0,00
4,08333	0,00
4,10000	0,00
4,11667	0,00
4,13333	0,00
4,15000	0,00
4,16667	0,00
4,18333	0,00
4,20000	0,00
4,21667	0,00
4,23333	0,00
4,25000	0,00
4,26667	0,00
4,28333	0,00
4,30000	0,00
4,31667	0,00
4,33333	0,00
4,35000	0,00
4,36667	0,00
4,38333	0,00
4,40000	0,00
4,41667	0,00
4,43333	0,00
4,45000	0,00
4,46667	0,00
4,48333	0,00
4,50000	0,00
4,51667	0,00
4,53333	0,00
4,55000	0,00
4,56667	0,00
4,58333	0,00
4,60000	0,00
4,61667	0,00
4,63333	0,00
4,65000	0,00
4,66667	0,00
4,68333	0,00
4,70000	0,00
4,71667	0,00
4,73333	0,00
4,75000	0,00
4,76667	0,00
4,78333	0,00
4,80000	0,00
4,81667	0,00
4,83333	0,00
4,85000	0,00
4,86667	0,00
4,88333	0,00
4,90000	0,00
4,91667	0,00
4,93333	0,00
4,95000	0,00
4,96667	0,00
4,98333	0,00
5,00000	0,00
5,01667	0,00
5,03333	0,00
5,05000	0,00
5,06667	0,00
5,08333	0,00
5,10000	0,00
5,11667	0,00
5,13333	0,00
5,15000	0,00
5,16667	0,00
5,18333	0,00
5,20000	0,00
5,21667	0,00
5,23333	0,00
5,25000	0,00
5,26667	0,00
5,28333	0,00
5,30000	0,00
5,31667	0,00
5,33333	0,00
5,35000	0,00
5,36667	0,00
5,38333	0,00
5,40000	0,00
5,41667	0,00
5,43333	0,00
5,45000	0,00
5,46667	0,00
5,48333	0,00
5,50000	0,00
5,51667	0,00
5,53333	0,00
5,55000	0,00
5,56667	0,00
5,58333	0,00
5,60000	0,00
5,61667	0,00
5,63333	0,00
5,65000	0,00
5,66667	0,00
5,68333	0,00
5,70000	0,00
5,71667	0,00
5,73333	0,00
5,75000	0,00
5,76667	0,00
5,78333	0,00
5,80000	0,00
5,81667	0,00
5,83333	0,00
5,85000	0,00
5,86667	0,00
5,88333	0,00
5,90000	0,00
5,91667	0,00
5,93333	0,00
5,95000	0,00
5,96667	0,00
5,98333	0,00
6,00000	0,00
6,01667	0,00
6,03333	0,00
6,05000	0,00
6,06667	0,00
6,08333	0,00
6,10000	0,00
6,11667	0,00
6,13333	0,00
6,15000	0,00
6,16667	0,00
6,18333	0,00
6,20000	0,00
6,21667	0,00
6,23333	0,00
6,25000	0,00
6,26667	0,00
6,28333	0,00
6,30000	0,00
6,31667	0,00
6,33333	0,00
6,35000	0,00
6,36667	0,00
6,38333	0,00
6,40000	0,00
6,41667	0,00
6,43333	0,00
6,45000	0,00
6,46667	0,00
6,48333	0,00
6,50000	0,00
6,51667	0,00
6,53333	0,00
6,55000	0,00
6,56667	0,00
6,58333	0,00
6,60000	0,00
6,61667	0,00
6,63333	0,00
6,65000	0,00
6,66667	0,00
6,68333	0,00
6,70000	0,00
6,71667	0,00
6,73333	0,00
6,75000	0,00
6,76667	0,00
6,78333	0,00
6,80000	0,00
6,81667	0,00
6,83333	0,00
6,85000	0,00
6,86667	0,00
6,88333	0,00
6,90000	0,00
6,91667	0,00
6,93333	0,00
6,95000	0,00
6,96667	0,00
6,98333	0,00
7,00000	0,00
7,01667	0,00
7,03333	0,00
7,05000	0,00
7,06667	0,00
7,08333	0,00
7,10000	0,00
7,11667	0,00
7,13333	0,00
7,15000	0,00
7,16667	0,00
7,18333	0,00
7,20000	0,00
7,21667	0,00
7,23333	0,00
7,25000	0,00
7,26667	0,00
7,28333	0,00
7,30000	0,00
7,31667	0,00
7,33333	0,00
7,35000	0,00
7,36667	0,00
7,38333	0,00
7,40000	0,00
7,41667	0,00
7,43333	0,00
7,45000	0,00
7,46667	0,00
7,48333	0,00
7,50000	0,00
7,51667	0,00
7,53333	0,00
7,55000	0,00
7,56667	0,00
7,58333	0,00
7,60000	0,00
7,61667	0,00
7,63333	0,00
7,65000	0,00
7,66667	0,00
7,68333	0,00
7,70000	0,00
7,71667	0,00
7,73333	0,00
7,75000	0,00
7,76667	0,00
7,78333	0,00
7,80000	0,00
7,81667	0,00
7,83333	0,00
7,85000	0,00
7,86667	0,00
7,88333	0,00
7,90000	0,00
7,91667	0,00
7,93333	0,00
7,95000	0,00
7,96667	0,00
7,98333	0,00
8,00000	0,00
8,01667	0,00
8,03333	0,00
8,05000	0,00
8,06667	0,00
8,08333	0,00
8,10000	0,00
8,11667	0,00
8,13333	0,00
8,15000	0,00
8,16667	0,00
8,18333	0,00
8,20000	0,00
8,21667	0,00
8,23333	0,00
8,25000	0,00
8,26667	0,00
8,28333	0,00
8,30000	0,00
8,31667	0,00
8,33333	0,00
8,35000	0,00
8,36667	0,00
8,38333	0,00
8,40000	0,00
8,41667	0,00
8,43333	0,00
8,45000	0,00
8,46667	0,00
8,48333	0,00
8,50000	0,00
8,51667	0,00
8,53333	0,00
8,55000	0,00
8,56667	0,00
8,58333	0,00
8,60000	0,00
8,61667	0,00
8,63333	0,00
8,65000	0,00
8,66667	0,00
8,68333	0,00
8,70000	0,00
8,71667	0,00
8,73333	0,00
8,75000	0,00
8,76667	0,00
8,78333	0,00
8,80000	0,00
8,81667	0,00
8,83333	0,00
8,85000	0,00
8,86667	0,00
8,88333	0,00
8,90000	0,00
8,91667	0,00
8,93333	0,00
8,95000	0,00
8,96667	0,00
8,98333	0,00
9,00000	0,00
9,01667	0,00
9,03333	0,00
9,05000	0,00
9,06667	0,00
9,08333	0,00
9,10000	0,00
9,11667	0,00
9,13333	0,00
9,15000	0,00
9,16667	0,00
9,18333	0,00
9,20000	0,00
9,21667	0,00
9,23333	0,00
9,25000	0,00
9,26667	0,00
9,28333	0,00
9,30000	0,00
9,31667	0,00
9,33333	0,00
9,35000	0,00
9,36667	0,00
9,38333	0,00
9,40000	0,00
9,41667	0,00
9,43333	0,00
9,45000	0,00
9,46667	0,00
9,48333	0,00
9,50000	0,00
9,51667	0,00
9,53333	0,00
9,55000	0,00
9,56667	0,00
9,58333	0,00
9,60000	0,00
9,61667	0,00
9,63333	0,00
9,65000	0,00
9,66667	0,00
9,68333	0,00
9,70000	0,00
9,71667	0,00
9,73333	0,00
9,75000	0,00
9,76667	0,00
9,78333	0,00
9,80000	0,00
9,81667	0,00
9,83333	0,00
9,85000	0,00
9,86667	0,00
9,88333	0,00
9,90000	0,00
9,91667	0,00
9,93333	0,00
9,95000	0,00
9,96667	0,00
9,98333	0,00
10,00000	0,00
10,01667	0,00
10,03333	0,00
10,05000	0,00
10,06667	0,00
10,08333	0,00
10,10000	0,00
10,11667	0,00
10,13333	0,00
10,15000	0,00
10,16667	0,00
10,18333	0,00
10,20000	0,00
10,21667	0,00
10,23333	0,00
10,25000	0,00
10,26667	0,00
10,28333	0,00
10,30000	0,00
10,31667	0,00
10,33333	0,00
10,35000	0,00
10,36667	0,00
10,38333	0,00
10,40000	0,00
10,41667	0,00
10,43333	0,00
10,45000	0,00
10,46667	0,00
10,48333	0,00
10,50000	0,00
10,51667	0,00
10,53333	0,00
10,55000	0,00
10,56667	0,00
10,58333	0,00
10,60000	0,00
10,61667	0,00
10,63333	0,00
10,65000	0,00
10,66667	0,00
10,68333	0,00
10,70000	0,00
10,71667	0,00
10,73333	0,00
10,75000	0,00
10,76667	0,00
10,78333	0,00
10,80000	0,00
10,81667	0,00
10,83333	0,00
10,85000	0,00
10,86667	0,00
10,88333	0,00
10,90000	0,00
10,91667	0,00
10,93333	0,00
10,95000	0,00
10,96667	0,00
10,98333	0,00
11,00000	0,00
11,01667	0,00
11,03333	0,00
11,05000	0,00
11,06667	0,00
11,08333	0,00
11,10000	0,00
11,11667	0,00
11,13333	0,00
11,15000	0,00
11,16667	0,00
11,18333	0,00
11,20000	0,00
11,21667	0,00
11,23333	0,00
11,25000	0,00
11,26667	0,00
11,28333	0,00
11,30000	0,00
11,31667	0,00
11,33333	0,00
11,35000	0,00
11,36667	0,00
11,38333	0,00
11,40000	0,00
11,41667	0,00
11,43333	0,00
11,45000	0,00
11,46667	0,00
11,48333	0,00
11,50000	0,00
11,51667	0,00
11,53333	0,00
11,55000	0,00
11,56667	0,00
11,58333	0,00
11,60000	0,00
11,61667	0,00
11,63333	0,00
11,65000	0,00
11,66667	0,00
11,68333	0,00
11,70000	0,00
11,71667	0,00
11,73333	0,00
11,75000	0,00
11,76667	0,00
11,78333	0,00
11,80000	0,00
11,81667	0,00
11,83333	0,00
11,85000	0,00
11,86667	0,00
11,88333	0,00
11,90000	0,00
11,91667	0,00
11,93333	0,00
11,95000	0,00
11,96667	0,00
11,98333	0,00
12,00000	0,00
12,01667	0,00
12,03333	0,00
12,05000	0,00
12,06667	0,00
12,08333	0,00
12,10000	0,00
12,11667	0,00
12,13333	0,00
12,15000	0,00
12,16667	0,00
12,18333	0,00
12,20000	0,00
12,21667	0,00
12,23333	0,00
12,25000	0,00
12,26667	0,00
12,28333	0,00
12,30000	0,00
12,31667	0,00
12,33333	0,00
12,35000	0,00
12,36667	0,00
12,38333	0,00
12,40000	0,00
12,41667	0,00
12,43333	0,00
12,45000	0,00
12,46667	0,00
12,48333	0,00
12,50000	0,00
12,51667	0,00
12,53333	0,00
12,55000	0,00
12,56667	0,00
12,58333	0,00
12,60000	0,00
12,61667	0,00
12,63333	0,00
12,65000	0,00
12,66667	0,00
12,68333	0,00
12,70000	0,00
12,71667	0,00
12,73333	0,00
12,75000	0,00
12,76667	0,00
12,78333	0,00
12,80000	0,00
12,81667	0,00
12,83333	0,00
12,85000	0,00
12,86667	0,00
12,88333	0,00
12,90000	0,00
12,91667	0,00
12,93333	0,00
12,95000	0,00
12,96667	0,00
12,98333	0,00
13,00000	0,00
13,01667	0,00
13,03333	0,00
13,05000	0,00
13,06667	0,00
13,08333	0,00
13,10000	0,00
13,11667	0,00
13,13333	0,00
13,15000	0,00
13,16667	0,00
13,18333	0,00
13,20000	0,00
13,21667	0,00
13,23333	0,00
13,25000	0,00
13,26667	0,00
13,28333	0,00
13,30000	0,00
13,31667	0,00
13,33333	0,00
13,35000	0,00
13,36667	0,00
13,38333	0,00
13,40000	0,00
13,41667	0,00
13,43333	0,00
13,45000	0,00
13,46667	0,00
13,48333	0,00
13,50000	0,00
13,51667	0,00
13,53333	0,00
13,55000	0,00
13,56667	0,00
13,58333	0,00
13,60000	0,00
13,61667	0,00
13,63333	0,00
13,65000	0,00
13,66667	0,00
13,68333	0,00
13,70000	0,00
13,71667	0,00
13,73333	0,00
13,75000	0,00
13,76667	0,00
13,78333	0,00
13,80000	0,00
13,81667	0,00
13,83333	0,00
13,85000	0,00
13,86667	0,00
13,88333	0,00
13,90000	0,00
13,91667	0,00
13,93333	0,00
13,95000	0,00
13,96667	0,00
13,98333	0,00
14,00000	0,00
14,01667	0,00
14,03333	0,00
14,05000	0,00
14,06667	0,00
14,08333	0,00
14,10000	0,00
14,11667	0,00
14,13333	0,00
14,15000	0,00
14,16667	0,00
14,18333	0,00
14,20000	0,00
14,21667	0,00
14,23333	0,00
14,25000	0,00
14,26667	0,00
14,28333	0,00
14,30000	0,00
14,31667	0,00
14,33333	0,00
14,35000	0,00
14,36667	0,00
14,38333	0,00
14,40000	0,00
14,41667	0,00
14,43333	0,00
14,45000	0,00
14,46667	0,00
14,48333	0,00
14,50000	0,00
14,51667	0,00
14,53333	0,00
14,55000	0,00
14,56667	0,00
14,58333	0,00
14,60000	0,00
14,61667	0,00
14,63333	0,00
14,65000	0,00
14,66667	0,00
14,68333	0,00
14,70000	0,00
14,71667	0,00
14,73333	0,00
14,75000	0,00
14,76667	0,00
14,78333	0,00
14,80000	0,00
14,81667	0,00
14,83333	0,00
14,85000	0,00
14,86667	0,00
14,88333	0,00
14,90000	0,00
14,91667	0,00
14,93333	0,00
14,95000	0,00
14,96667	0,00
14,98333	0,00
15,00000	0,00
15,01667	0,00
15,03333	0,00
15,05000	0,00
15,06667	0,00
15,08333	0,00
15,10000	0,00
15,11667	0,00
15,13333	0,00
15,15000	0,00
15,16667	0,00
15,18333	0,00
15,20000	0,00
15,21667	0,00
15,23333	0,00
15,25000	0,00
15,26667	0,00
15,28333	0,00
15,30000	0,00
15,31667	0,00
15,33333	0,00
15,35000	0,00
15,36667	0,00
15,38333	0,00
15,40000	0,00
15,41667	0,00
15,43333	0,00
15,45000	0,00
15,46667	0,00
15,48333	0,00
15,50000	0,00
15,51667	0,00
15,53333	0,00
15,55000	0,00
15,56667	0,00
15,58333	0,00
15,60000	0,00
15,61667	0,00
15,63333	0,00
15,65000	0,00
15,66667	0,00
15,68333	0,00
15,70000	0,00
15,71667	0,00
15,73333	0,00
15,75000	0,00
15,76667	0,00
15,78333	0,00
15,80000	0,00
15,81667	0,00
15,83333	0,00
15,85000	0,00
15,86667	0,00
15,88333	0,00
15,90000	0,00
15,91667	0,00
15,93333	0,00
15,95000	0,00
15,96667	0,00
15,98333	0,00
16,00000	0,00
16,01667	0,00
16,03333	0,00
16,05000	0,00
16,06667	0,00
16,08333	0,00
16,10000	0,00
16,11667	0,00
16,13333	0,00
16,15000	0,00
16,16667	0,00
16,18333	0,00
16,20000	0,00
16,21667	0,00
16,23333	0,00
16,25000	0,00
16,26667	0,00
16,28333	0,00
16,30000	0,00
16,31667	0,00
16,33333	0,00
16,35000	0,00
16,36667	0,00
16,38333	0,00
16,40000	0,00
16,41667	0,00
16,43333	0,00
16,45000	0,00
16,46667	0,00
16,48333	0,00
16,50000	0,00
16,51667	0,00
16,53333	0,00
16,55000	0,00
16,56667	0,00
16,58333	0,00
16,60000	0,00
16,61667	0,00
16,63333	0,00
16,65000	0,00
16,66667	0,00
16,68333	0,00
16,70000	0,00
16,71667	0,00
16,73333	0,00
16,75000	0,00
16,76667	0,00
16,78333	0,00
16,80000	0,00
16,81667	0,00
16,83333	0,00
16,85000	0,00
16,86667	0,00
16,88333	0,00
16,90000	0,00
16,91667	0,00
16,93333	0,00
16,95000	0,00
16,96667	0,00
16,98333	0,00
17,00000	0,00
17,01667	0,00
17,03333	0,00
17,05000	0,00
17,06667	0,00
17,08333	0,00
17,10000	0,00
17,11667	0,00
17,13333	0,00
17,15000	0,00
17,16667	0,00
17,18333	0,00
17,20000	0,00
17,21667	0,00
17,23333	0,00
17,25000	0,00
17,26667	0,00
17,28333	0,00
17,30000	0,00
17,31667	0,00
17,33333	0,00
17,35000	0,00
17,36667	0,00
17,38333	0,00
17,40000	0,00
17,41667	0,00
17,43333	0,00
17,45000	0,00
17,46667	0,00
17,48333	0,00
17,50000	0,00
17,51667	0,00
17,53333	0,00
17,55000	0,00
17,56667	0,00
17,58333	0,00
17,60000	0,00
17,61667	0,00
17,63333	0,00
17,65000	0,00
17,66667	0,00
17,68333	0,00
17,70000	0,00
17,71667	0,00
17,73333	0,00
17,75000	0,00
17,76667	0,00
17,78333	0,00
17,80000	0,00
17,81667	0,00
17,83333	0,00
17,85000	0,00
17,86667	0,00
17,88333	0,00
17,90000	0,00
17,91667	0,00
17,93333	0,00
17,95000	0,00
17,96667	0,00
17,98333	0,00
18,00000	0,00
18,01667	0,00
18,03333	0,00
18,05000	0,00
18,06667	0,00
18,08333	0,00
18,10000	0,00
18,11667	0,00
18,13333	0,00
18,15000	0,00
18,16667	0,00
18,18333	0,00
18,20000	0,00
18,21667	0,00
18,23333	0,00
18,25000	0,00
18,26667	0,00
18,28333	0,00
18,30000	0,00
18,31667	0,00
18,33333	0,00
18,35000	0,00
18,36667	0,00
18,38333	0,00
18,40000	0,00
18,41667	0,00
18,43333	0,00
18,45000	0,00
18,46667	0,00
18,48333	0,00
18,50000	0,00
18,51667	0,00
18,53333	0,00
18,55000	0,00
18,56667	0,00
18,58333	0,00
18,60000	0,00
18,61667	0,00
18,63333	0,00
18,65000	0,00
18,66667	0,00
18,68333	0,00
18,70000	0,00
18,71667	0,00
18,73333	0,00
18,75000	0,00
18,76667	0,00
18,78333	0,00
18,80000	0,00
18,81667	0,00
18,83333	0,00
18,85000	0,00
18,86667	0,00
18,88333	0,00
18,90000	0,00
18,91667	0,00
18,93333	0,00
18,95000	0,00
18,96667	0,00
18,98333	0,00
19,00000	0,00
19,01667	0,00
19,03333	0,00
19,05000	0,00
19,06667	0,00
19,08333	0,00
19,10000	0,00
19,11667	0,00
19,13333	0,00
19,15000	0,00
19,16667	0,00
19,18333	0,00
19,20000	0,00
19,21667	0,00
19,23333	0,00
19,25000	0,00
19,26667	0,00
19,28333	0,00
19,30000	0,00
19,31667	0,00
19,33333	0,00
19,35000	0,00
19,36667	0,00
19,38333	0,00
19,40000	0,00
19,41667	0,00
19,43333	0,00
19,45000	0,00
19,46667	0,00
19,48333	0,00
19,50000	0,00
19,51667	0,00
19,53333	0,00
19,55000	0,00
19,56667	0,00
19,58333	0,00
19,60000	0,00
19,61667	0,00
19,63333	0,00
19,65000	0,00
19,66667	0,00
19,68333	0,00
19,70000	0,00
19,71667	0,00
19,73333	0,00
19,75000	0,00
19,76667	0,00
19,78333	0,00
19,80000	0,00
19,81667	0,00
19,83333	0,00
19,85000	0,00
19,86667	0,00
19,88333	0,00
19,90000	0,00
19,91667	0,00
19,93333	0,00
19,95000	0,00
19,96667	0,00
19,98333	0,00
20,00000	0,00
20,01667	0,00
20,03333	0,00
20,05000	0,00
20,06667	0,00
20,08333	0,00
20,10000	0,00
20,11667	0,00
20,13333	0,00
20,15000	0,00
20,16667	0,00
20,18333	0,00
20,20000	0,00
20,21667	0,00
20,23333	0,00
20,25000	0,00
20,26667	0,00
20,28333	0,00
20,30000	0,00
20,31667	0,00
20,33333	0,00
20,35000	0,00
20,36667	0,00
20,38333	0,00
20,40000	0,00
20,41667	0,00
20,43333	0,00
20,45000	0,00
20,46667	0,00
20,48333	0,00
20,50000	0,00
20,51667	0,00
20,53333	0,00
20,55000	0,00
20,56667	0,00
20,58333	0,00
20,60000	0,00
20,61667	0,00
20,63333	0,00
20,65000	0,00
20,66667	0,00
20,68333	0,00
20,70000	0,00
20,71667	0,00
20,73333	0,00
20,75000	0,00
20,76667	0,00
20,78333	0,00
20,80000	0,00
20,81667	0,00
20,83333	0,00
20,85000	0,00
20,86667	0,00
20,88333	0,00
20,90000	0,00
20,91667	0,00
20,93333	0,00
20,95000	0,00
20,96667	0,00
20,98333	0,00
21,00000	0,00
21,01667	0,00
21,03333	0,00
21,05000	0,00
21,06667	0,00
21,08333	0,00
21,10000	0,00
21,11667	0,00
21,13333	0,00
21,15000	0,00
21,16667	0,00
21,18333	0,00
21,20000	0,00
21,21667	0,00
21,23333	0,00
21,25000	0,00
21,26667	0,00
21,28333	0,00
21,30000	0,00
21,31667	0,00
21,33333	0,00
21,35000	0,00
21,36667	0,00
21,38333	0,00
21,40000	0,00
21,41667	0,00
21,43333	0,00
21,45000	0,00
21,46667	0,00
21,48333	0,00
21,50000	0,00
21,51667	0,00
21,53333	0,00
21,55000	0,00
21,56667	0,00
21,58333	0,00
21,60000	0,00
21,61667	0,00
21,63333	0,00
21,65000	0,00
21,66667	0,00
21,68333	0,00
21,70000	0,00
21,71667	0,00
21,73333	0,00
21,75000	0,00
21,76667	0,00
21,78333	0,00
21,80000	0,00
21,81667	0,00
21,83333	0,00
21,85000	0,00
21,86667	0,00
21,88333	0,00
21,90000	0,00
21,91667	0,00
21,93333	0,00
21,95000	0,00
21,96667	0,00
21,98333	0,00
22,00000	0,00
22,01667	0,00
22,03333	0,00
22,05000	0,00
22,06667	0,00
22,08333	0,00
22,10000	0,00
22,11667	0,00
22,13333	0,00
22,15000	0,00
22,16667	0,00
22,18333	0,00
22,20000	0,00
22,21667	0,00
22,23333	0,00
22,25000	0,00
22,26667	0,00
22,28333	0,00
22,30000	0,00
22,31667	0,00
22,33333	0,00
22,35000	0,00
22,36667	0,00
22,38333	0,00
22,40000	0,00
22,41667	0,00
22,43333	0,00
22,45000	0,00
22,46667	0,00
22,48333	0,00
22,50000	0,00
22,51667	0,00
22,53333	0,00
22,55000	0,00
22,56667	0,00
22,58333	0,00
22,60000	0,00
22,61667	0,00
22,63333	0,00
22,65000	0,00
22,66667	0,00
22,68333	0,00
22,70000	0,00
22,71667	0,00
22,73333	0,00
22,75000	0,00
22,76667	0,00
22,78333	0,00
22,80000	0,00
22,81667	0,00
22,83333	0,00
22,85000	0,00
22,86667	0,00
22,88333	0,00
22,90000	0,00
22,91667	0,00
22,93333	0,00
22,95000	0,00
22,96667	0,00
22,98333	0,00
23,00000	0,00
23,01667	0,00
23,03333	0,00
23,05000	0,00
23,06667	0,00
23,08333	0,00
23,10000	0,00
23,11667	0,00
23,13333	0,00
23,15000	0,00
23,16667	0,00
23,18333	0,00
23,20000	0,00
23,21667	0,00
23,23333	0,00
23,25000	0,00
23,26667	0,00
23,28333	0,00
23,30000	0,00
23,31667	0,00
23,33333	0,00
23,35000	0,00
23,36667	0,00
23,38333	0,00
23,40000	0,00
23,41667	0,00
23,43333	0,00
23,45000	0,00
23,46667	0,00
23,48333	0,00
23,50000	0,00
23,51667	0,00
23,53333	0,00
23,55000	0,00
23,56667	0,00
23,58333	0,00
23,60000	0,00
23,61667	0,00
23,63333	0,00
23,65000	0,00
23,66667	0,00
23,68333	0,00
23,70000	0,00
23,71667	0,00
23,73333	0,00
23,75000	0,00
23,76667	0,00
23,78333	0,00
23,80000	0,00
23,81667	0,00
23,83333	0,00
23,85000	0,00
23,86667	0,00
23,88333	0,00
23,90000	0,00
23,91667	0,00
23,93333	0,00
23,95000	0,00
23,96667	0,00
23,98333	0,00
24,00000	0,00
24,01667	0,00
24,03333	0,00
24,05000	0,00
24,06667	0,00
24,08333	0,00
24,10000	0,00
24,11667	0,00
24,13333	0,00
24,15000	0,00
24,16667	0,00
24,18333	0,00
24,20000	0,00
24,21667	0,00
24,23333	0,00
24,25000	0,00
24,26667	0,00
24,28333	0,00
24,30000	0,00
24,31667	0,00
24,33333	0,00
24,35000	0,00
24,36667	0,00
24,38333	0,00
24,40000	0,00
24,41667	0,00
24,43333	0,00
24,45000	0,00
24,46667	0,00
24,48333	0,00
24,50000	0,00
24,51667	0,00
24,53333	0,00
24,55000	0,00
24,56667	0,00
24,58333	0,00
24,60000	0,00
24,61667	0,00
24,63333	0,00
24,65000	0,00
24,66667	0,00
24,68333	0,00
24,70000	0,00
24,71667	0,00
24,73333	0,00
24,75000	0,00
24,76667	0,00
24,78333	0,00
24,80000	0,00
24,81667	0,00
24,83333	0,00
24,85000	0,00
24,86667	0,00
24,88333	0,00
24,90000	0,00
24,91667	0,00
24,93333	0,00
24,95000	0,00
24,96667	0,00
24,98333	0,00
25,00000	0,00
25,01667	0,00
25,03333	0,00
25,05000	0,00
25,06667	0,00
25,08333	0,00
25,10000	0,00
25,11667	0,00
25,13333	0,00
25,15000	0,00
25,16667	0,00
25,18333	0,00
25,20000	0,00
25,21667	0,00
25,23333	0,00
25,25000	0,00
25,26667	0,00
25,28333	0,00
25,30000	0,00
25,31667	0,00
25,33333	0,00
25,35000	0,00
25,36667	0,00
25,38333	0,00
25,40000	0,00
25,41667	0,00
25,43333	0,00
25,45000	0,00
25,46667	0,00
25,48333	0,00
25,50000	0,00
25,51667	0,00
25,53333	0,00
25,55000	0,00
25,56667	0,00
25,58333	0,00
25,60000	0,00
25,61667	0,00
25,63333	0,00
25,65000	0,00
25,66667	0,00
25,68333	0,00
25,70000	0,00
25,71667	0,00
25,73333	0,00
25,75000	0,00
25,76667	0,00
25,78333	0,00
25,80000	0,00
25,81667	0,00
25,83333	0,00
25,85000	0,00
25,86667	0,00
25,88333	0,00
25,90000	0,00
25,91667	0,00
25,93333	0,00
25,95000	0,00
25,96667	0,00
25,98333	0,00
26,00000	0,00
26,01667	0,00
26,03333	0,00
26,05000	0,00
26,06667	0,00
26,08333	0,00
26,10000	0,00
26,11667	0,00
26,13333	0,00
26,15000	0,00
26,16667	0,00
26,18333	0,00
26,20000	0,00
26,21667	0,00
26,23333	0,00
26,25000	0,00
26,26667	0,00
26,28333	0,00
26,30000	0,00
26,31667	0,00
26,33333	0,00
26,35000	0,00
26,36667	0,00
26,38333	0,00
26,40000	0,00
26,41667	0,00
26,43333	0,00
26,45000	0,00
26,46667	0,00
26,48333	0,00
26,50000	0,00
26,51667	0,00
26,53333	0,00
26,55000	0,00
26,56667	0,00
26,58333	0,00
26,60000	0,00
26,61667	0,00
26,63333	0,00
26,65000	0,00
26,66667	0,00
26,68333	0,00
26,70000	0,00
26,71667	0,00
26,73333	0,00
26,75000	0,00
26,76667	0,00
26,78333	0,00
26,80000	0,00
26,81667	0,00
26,83333	0,00
26,85000	0,00
26,86667	0,00
26,88333	0,00
26,90000	0,00
26,91667	0,00
26,93333	0,00
26,95000	0,00
26,96667	0,00
26,98333	0,00
27,00000	0,00
27,01667	0,00
27,03333	0,00
27,05000	0,00
27,06667	0,00
27,08333	0,00
27,10000	0,00
27,11667	0,00
27,13333	0,00
27,15000	0,00
27,16667	0,00
27,18333	0,00
27,20000	0,00
27,21667	0,00
27,23333	0,00
27,25000	0,00
27,26667	0,00
27,28333	0,00
27,30000	0,00
27,31667	0,00
27,33333	0,00
27,35000	0,00
27,36667	0,00
27,38333	0,00
27,40000	0,00
27,41667	0,00
27,43333	0,00
27,45000	0,00
27,46667	0,00
27,48333	0,00
27,50000	0,00
27,51667	0,00
27,53333	0,00
27,55000	0,00
27,56667	0,00
27,58333	0,00
27,60000	0,00
27,61667	0,00
27,63333	0,00
27,65000	0,00
27,66667	0,00
27,68333	0,00
27,70000	0,00
27,71667	0,00
27,73333	0,00
27,75000	0,00
27,76667	0,00
27,78333	0,00
27,80000	0,00
27,81667	0,00
27,83333	0,00
27,85000	0,00
27,86667	0,00
27,88333	0,00
27,90000	0,00
27,91667	0,00
27,93333	0,00
27,95000	0,00
27,96667	0,00
27,98333	0,00
28,00000	0,00
28,01667	0,00
28,03333	0,00
28,05000	0,00
28,06667	0,00
28,08333	0,00
28,10000	0,00
28,11667	0,00
28,13333	0,00
28,15000	0,00
28,16667	0,00
28,18333	0,00
28,20000	0,00
28,21667	0,00
28,23333	0,00
28,25000	0,00
28,26667	0,00
28,28333	0,00
28,30000	0,00
28,31667	0,00
28,33333	0,00
28,35000	0,00
28,36667	0,00
28,38333	0,00
28,40000	0,00
28,41667	0,00
28,43333	0,00
28,45000	0,00
28,46667	0,00
28,48333	0,00
28,50000	0,00
28,51667	0,00
28,53333	0,00
28,55000	0,00
28,56667	0,00
28,58333	0,00
28,60000	0,00
28,61667	0,00
28,63333	0,00
28,65000	0,00
28,66667	0,00
28,68333	0,00
28,70000	0,00
28,71667	0,00
28,73333	0,00
28,75000	0,00
28,76667	0,00
28,78333	0,00
28,80000	0,00
28,81667	0,00
28,83333	0,00
28,85000	0,00
28,86667	0,00
28,88333	0,00
28,90000	0,00
28,91667	0,00
28,93333	0,00
28,95000	0,00
28,96667	0,00
28,98333	0,00
29,00000	0,00
29,01667	0,00
29,03333	0,00
29,05000	0,00
29,06667	0,00
29,08333	0,00
29,10000	0,00
29,11667	0,00
29,13333	0,00
29,15000	0,00
29,16667	0,00
29,18333	0,00
29,20000	0,00
29,21667	0,00
29,23333	0,00
29,25000	0,00
29,26667	0,00
29,28333	0,00
29,30000	0,00
29,31667	0,00
29,33333	0,00
29,35000	0,00
29,36667	0,00
29,38333	0,00
29,40000	0,00
29,41667	0,00
29,43333	0,00
29,45000	0,00
29,46667	0,00
29,48333	0,00
29,50000	0,00
29,51667	0,00
29,53333	0,00
29,55000	0,00
29,56667	0,00
29,58333	0,00
29,60000	0,00
29,61667	0,00
29,63333	0,00
29,65000	0,00
29,66667	0,00
29,68333	0,00
29,70000	0,00
29,71667	0,00
29,73333	0,00
29,75000	0,00
29,76667	0,00
29,78333	0,00
29,80000	0,00
29,81667	0,00
29,83333	0,00
29,85000	0,00
29,86667	0,00
29,88333	0,00
29,90000	0,00
29,91667	0,00
29,93333	0,00
29,95000	0,00
29,96667	0,00
29,98333	0,00
30,00000	0,00
30,01667	0,00
30,03333	0,00
30,05000	0,00
30,06667	0,00
30,08333	0,00
30,10000	0,00
30,11667	0,00
30,13333	0,00
30,15000	0,00
30,16667	0,00
30,18333	0,00
30,20000	0,00
30,21667	0,00
30,23333	0,00
30,25000	0,00
30,26667	0,00
30,28333	0,00
30,30000	0,00
30,31667	0,00
30,33333	0,00
30,35000	0,00
30,36667	0,00
30,38333	0,00
30,40000	0,00
30,41667	0,00
30,43333	0,00
30,45000	0,00
30,46667	0,00
30,48333	0,00
30,50000	0,00
30,51667	0,00
30,53333	0,00
30,55000	0,00
30,56667	0,00
30,58333	0,00
30,60000	0,00
30,61667	0,00
30,63333	0,00
30,65000	0,00
30,66667	0,00
30,68333	0,00
30,70000	0,00
30,71667	0,00
30,73333	0,00
30,75000	0,00
30,76667	0,00
30,78333	0,00
30,80000	0,00
30,81667	0,00
30,83333	0,00
30,85000	0,00
30,86667	0,00
30,88333	0,00
30,90000	0,00
30,91667	0,00
30,93333	0,00
30,95000	0,00
30,96667	0,00
30,98333	0,00
31,00000	0,00
31,01667	0,00
31,03333	0,00
31,05000	0,00
31,06667	0,00
31,08333	0,00
31,10000	0,00
31,11667	0,00
31,13333	0,00
31,15000	0,00
31,16667	0,00
31,18333	0,00
31,20000	0,00
31,21667	0,00
31,23333	0,00
31,25000	0,00
31,26667	0,00
31,28333	0,00
31,30000	0,00
31,31667	0,00
31,33333	0,00
31,35000	0,00
31,36667	0,00
31,38333	0,00
31,40000	0,00
31,41667	0,00
31,43333	0,00
31,45000	0,00
31,46667	0,00
31,48333	0,00
31,50000	0,00
31,51667	0,00
31,53333	0,00
31,55000	0,00
31,56667	0,00
31,58333	0,00
31,60000	0,00
31,61667	0,00
31,63333	0,00
31,65000	0,00
31,66667	0,00
31,68333	0,00
31,70000	0,00
31,71667	0,00
31,73333	0,00
31,75000	0,00
31,76667	0,00
31,78333	0,00
31,80000	0,00
31,81667	0,00
31,83333	0,00
31,85000	0,00
31,86667	0,00
31,88333	0,00
31,90000	0,00
31,91667	0,00
31,93333	0,00
31,95000	0,00
31,96667	0,00
31,98333	0,00
32,00000	0,00

[LC Status Trace(Sample Cooler Temp.)]
Interval(msec)	1000
# of Points	1921
Start Time(min)	0,000
End Time(min)	32,000
Intensity Units	C
Intensity Multiplier	1
R.Time (min)	Intensity
0,00000	3,99
0,01667	3,99
0,03333	3,99
0,05000	3,99
0,06667	3,99
0,08333	4,02
0,10000	4,01
0,11667	4,01
0,13333	4,01
0,15000	4,00
0,16667	4,01
0,18333	4,01
0,20000	4,00
0,21667	4,01
0,23333	4,01
0,25000	3,99
0,26667	4,00
0,28333	4,00
0,30000	3,99
0,31667	4,00
0,33333	4,00
0,35000	3,99
0,36667	4,00
0,38333	4,00
0,40000	3,99
0,41667	3,99
0,43333	3,99
0,45000	3,98
0,46667	3,99
0,48333	3,99
0,50000	3,98
0,51667	3,99
0,53333	3,99
0,55000	3,98
0,56667	3,99
0,58333	3,99
0,60000	3,97
0,61667	3,98
0,63333	3,98
0,65000	3,97
0,66667	3,98
0,68333	3,98
0,70000	3,97
0,71667	3,98
0,73333	3,98
0,75000	3,97
0,76667	3,98
0,78333	3,98
0,80000	3,97
0,81667	3,98
0,83333	3,98
0,85000	3,96
0,86667	3,98
0,88333	3,98
0,90000	3,96
0,91667	3,98
0,93333	3,97
0,95000	3,96
0,96667	3,98
0,98333	3,97
1,00000	3,96
1,01667	3,97
1,03333	3,97
1,05000	3,96
1,06667	3,97
1,08333	3,97
1,10000	3,96
1,11667	3,97
1,13333	3,97
1,15000	3,96
1,16667	3,97
1,18333	3,97
1,20000	3,96
1,21667	3,97
1,23333	3,97
1,25000	3,96
1,26667	3,97
1,28333	3,97
1,30000	3,96
1,31667	3,97
1,33333	3,97
1,35000	3,96
1,36667	3,97
1,38333	3,97
1,40000	3,96
1,41667	3,97
1,43333	3,97
1,45000	3,96
1,46667	3,97
1,48333	3,97
1,50000	3,96
1,51667	3,97
1,53333	3,97
1,55000	3,96
1,56667	3,97
1,58333	3,97
1,60000	3,96
1,61667	3,97
1,63333	3,97
1,65000	3,96
1,66667	3,97
1,68333	3,97
1,70000	3,96
1,71667	3,97
1,73333	3,97
1,75000	3,96
1,76667	3,97
1,78333	3,97
1,80000	3,96
1,81667	3,97
1,83333	3,97
1,85000	3,96
1,86667	3,97
1,88333	3,97
1,90000	3,96
1,91667	3,97
1,93333	3,97
1,95000	3,96
1,96667	3,97
1,98333	3,98
2,00000	3,96
2,01667	3,98
2,03333	3,98
2,05000	3,96
2,06667	3,98
2,08333	3,98
2,10000	3,96
2,11667	3,98
2,13333	3,98
2,15000	3,97
2,16667	3,98
2,18333	3,98
2,20000	3,97
2,21667	3,98
2,23333	3,98
2,25000	3,97
2,26667	3,98
2,28333	3,98
2,30000	3,97
2,31667	3,98
2,33333	3,98
2,35000	3,97
2,36667	3,98
2,38333	3,98
2,40000	3,97
2,41667	3,98
2,43333	3,98
2,45000	3,97
2,46667	3,98
2,48333	3,98
2,50000	3,97
2,51667	3,98
2,53333	3,99
2,55000	3,97
2,56667	3,99
2,58333	3,99
2,60000	3,97
2,61667	3,99
2,63333	3,99
2,65000	3,98
2,66667	3,99
2,68333	3,99
2,70000	3,98
2,71667	3,99
2,73333	3,99
2,75000	3,98
2,76667	3,99
2,78333	3,99
2,80000	3,98
2,81667	3,99
2,83333	3,99
2,85000	3,98
2,86667	3,99
2,88333	3,99
2,90000	3,98
2,91667	3,99
2,93333	3,99
2,95000	3,98
2,96667	3,99
2,98333	3,99
3,00000	3,98
3,01667	3,99
3,03333	3,99
3,05000	3,98
3,06667	3,99
3,08333	3,99
3,10000	3,98
3,11667	4,00
3,13333	4,00
3,15000	3,99
3,16667	4,00
3,18333	4,00
3,20000	3,99
3,21667	4,00
3,23333	4,00
3,25000	3,98
3,26667	4,00
3,28333	4,00
3,30000	3,99
3,31667	4,00
3,33333	4,00
3,35000	3,99
3,36667	4,00
3,38333	4,00
3,40000	3,99
3,41667	4,00
3,43333	4,00
3,45000	3,99
3,46667	4,00
3,48333	4,00
3,50000	3,99
3,51667	4,00
3,53333	4,00
3,55000	3,99
3,56667	4,00
3,58333	4,00
3,60000	3,99
3,61667	4,00
3,63333	4,00
3,65000	3,99
3,66667	4,00
3,68333	4,00
3,70000	3,99
3,71667	4,00
3,73333	4,00
3,75000	3,99
3,76667	4,00
3,78333	4,00
3,80000	3,99
3,81667	4,00
3,83333	4,00
3,85000	3,99
3,86667	4,00
3,88333	4,00
3,90000	3,99
3,91667	4,00
3,93333	4,00
3,95000	3,99
3,96667	4,01
3,98333	4,00
4,00000	3,99
4,01667	4,00
4,03333	4,00
4,05000	3,99
4,06667	4,00
4,08333	4,01
4,10000	3,99
4,11667	4,01
4,13333	4,01
4,15000	4,00
4,16667	4,01
4,18333	4,01
4,20000	3,99
4,21667	4,01
4,23333	4,01
4,25000	4,00
4,26667	4,01
4,28333	4,01
4,30000	4,00
4,31667	4,01
4,33333	4,01
4,35000	4,00
4,36667	4,01
4,38333	4,01
4,40000	4,00
4,41667	4,01
4,43333	4,01
4,45000	4,00
4,46667	4,01
4,48333	4,01
4,50000	4,00
4,51667	4,01
4,53333	4,01
4,55000	4,00
4,56667	4,01
4,58333	4,01
4,60000	4,00
4,61667	4,01
4,63333	4,01
4,65000	4,00
4,66667	4,01
4,68333	4,01
4,70000	4,00
4,71667	4,01
4,73333	4,01
4,75000	4,00
4,76667	4,01
4,78333	4,01
4,80000	4,00
4,81667	4,01
4,83333	4,01
4,85000	4,00
4,86667	4,01
4,88333	4,01
4,90000	4,00
4,91667	4,01
4,93333	4,01
4,95000	4,00
4,96667	4,01
4,98333	4,01
5,00000	4,00
5,01667	4,01
5,03333	4,01
5,05000	4,00
5,06667	4,01
5,08333	4,01
5,10000	4,00
5,11667	4,01
5,13333	4,01
5,15000	4,00
5,16667	4,01
5,18333	4,01
5,20000	4,00
5,21667	4,01
5,23333	4,01
5,25000	4,00
5,26667	4,01
5,28333	4,01
5,30000	4,00
5,31667	4,01
5,33333	4,01
5,35000	4,00
5,36667	4,01
5,38333	4,01
5,40000	4,00
5,41667	4,01
5,43333	4,01
5,45000	4,00
5,46667	4,01
5,48333	4,01
5,50000	4,00
5,51667	4,01
5,53333	4,01
5,55000	4,00
5,56667	4,01
5,58333	4,01
5,60000	4,00
5,61667	4,01
5,63333	4,01
5,65000	4,00
5,66667	4,01
5,68333	4,01
5,70000	4,00
5,71667	4,01
5,73333	4,01
5,75000	4,00
5,76667	4,01
5,78333	4,01
5,80000	4,00
5,81667	4,01
5,83333	4,01
5,85000	4,00
5,86667	4,01
5,88333	4,01
5,90000	4,00
5,91667	4,01
5,93333	4,01
5,95000	4,00
5,96667	4,01
5,98333	4,01
6,00000	4,00
6,01667	4,01
6,03333	4,01
6,05000	4,00
6,06667	4,01
6,08333	4,01
6,10000	4,00
6,11667	4,01
6,13333	4,01
6,15000	4,00
6,16667	4,01
6,18333	4,01
6,20000	4,00
6,21667	4,01
6,23333	4,01
6,25000	4,00
6,26667	4,01
6,28333	4,01
6,30000	4,00
6,31667	4,01
6,33333	4,01
6,35000	4,00
6,36667	4,01
6,38333	4,01
6,40000	4,00
6,41667	4,01
6,43333	4,01
6,45000	4,00
6,46667	4,01
6,48333	4,01
6,50000	4,00
6,51667	4,01
6,53333	4,01
6,55000	4,00
6,56667	4,01
6,58333	4,01
6,60000	4,00
6,61667	4,01
6,63333	4,01
6,65000	4,00
6,66667	4,01
6,68333	4,01
6,70000	4,00
6,71667	4,01
6,73333	4,01
6,75000	4,00
6,76667	4,01
6,78333	4,01
6,80000	3,99
6,81667	4,00
6,83333	4,01
6,85000	3,99
6,86667	4,01
6,88333	4,01
6,90000	3,99
6,91667	4,01
6,93333	4,01
6,95000	4,00
6,96667	4,01
6,98333	4,01
7,00000	3,99
7,01667	4,00
7,03333	4,01
7,05000	3,99
7,06667	4,01
7,08333	4,01
7,10000	3,99
7,11667	4,01
7,13333	4,01
7,15000	3,99
7,16667	4,01
7,18333	4,01
7,20000	3,99
7,21667	4,01
7,23333	4,01
7,25000	3,99
7,26667	4,00
7,28333	4,00
7,30000	3,99
7,31667	4,01
7,33333	4,01
7,35000	3,99
7,36667	4,00
7,38333	4,00
7,40000	3,99
7,41667	4,01
7,43333	4,00
7,45000	3,99
7,46667	4,00
7,48333	4,00
7,50000	3,99
7,51667	4,00
7,53333	4,00
7,55000	3,99
7,56667	4,00
7,58333	4,00
7,60000	3,99
7,61667	4,00
7,63333	4,00
7,65000	3,99
7,66667	4,00
7,68333	4,00
7,70000	3,99
7,71667	4,00
7,73333	4,00
7,75000	3,99
7,76667	4,00
7,78333	4,00
7,80000	3,99
7,81667	4,00
7,83333	4,00
7,85000	3,99
7,86667	4,00
7,88333	4,00
7,90000	3,99
7,91667	4,00
7,93333	4,00
7,95000	3,99
7,96667	4,00
7,98333	4,00
8,00000	3,99
8,01667	4,00
8,03333	4,00
8,05000	3,99
8,06667	4,00
8,08333	4,00
8,10000	3,99
8,11667	4,00
8,13333	4,00
8,15000	3,99
8,16667	4,00
8,18333	4,00
8,20000	3,99
8,21667	4,00
8,23333	4,00
8,25000	3,99
8,26667	4,00
8,28333	4,00
8,30000	3,99
8,31667	4,00
8,33333	4,00
8,35000	3,99
8,36667	4,00
8,38333	4,00
8,40000	3,99
8,41667	4,00
8,43333	4,00
8,45000	3,99
8,46667	4,00
8,48333	4,00
8,50000	3,99
8,51667	4,00
8,53333	4,00
8,55000	3,99
8,56667	4,00
8,58333	4,00
8,60000	3,99
8,61667	4,00
8,63333	4,00
8,65000	3,99
8,66667	4,00
8,68333	4,00
8,70000	3,99
8,71667	4,00
8,73333	4,00
8,75000	3,99
8,76667	4,00
8,78333	4,00
8,80000	3,99
8,81667	4,00
8,83333	4,00
8,85000	3,99
8,86667	4,00
8,88333	4,00
8,90000	3,99
8,91667	4,00
8,93333	4,00
8,95000	3,99
8,96667	4,00
8,98333	4,00
9,00000	3,99
9,01667	4,00
9,03333	4,00
9,05000	3,99
9,06667	4,00
9,08333	4,00
9,10000	3,99
9,11667	4,00
9,13333	4,00
9,15000	3,99
9,16667	4,00
9,18333	4,00
9,20000	3,99
9,21667	4,00
9,23333	4,00
9,25000	3,99
9,26667	4,00
9,28333	4,00
9,30000	3,99
9,31667	4,00
9,33333	4,00
9,35000	3,99
9,36667	4,00
9,38333	4,00
9,40000	3,99
9,41667	4,00
9,43333	4,00
9,45000	3,99
9,46667	4,00
9,48333	4,00
9,50000	3,99
9,51667	4,00
9,53333	4,00
9,55000	3,99
9,56667	4,00
9,58333	4,00
9,60000	3,99
9,61667	4,00
9,63333	4,00
9,65000	3,99
9,66667	4,00
9,68333	4,00
9,70000	3,99
9,71667	4,00
9,73333	4,00
9,75000	3,99
9,76667	4,00
9,78333	4,00
9,80000	3,99
9,81667	4,00
9,83333	4,00
9,85000	3,99
9,86667	4,00
9,88333	4,00
9,90000	3,99
9,91667	4,00
9,93333	4,00
9,95000	3,99
9,96667	4,00
9,98333	4,00
10,00000	3,99
10,01667	4,00
10,03333	4,00
10,05000	3,99
10,06667	4,00
10,08333	4,00
10,10000	3,99
10,11667	4,00
10,13333	4,00
10,15000	3,99
10,16667	4,00
10,18333	4,00
10,20000	3,99
10,21667	4,00
10,23333	4,00
10,25000	3,99
10,26667	4,00
10,28333	4,00
10,30000	3,99
10,31667	4,00
10,33333	4,00
10,35000	3,99
10,36667	4,00
10,38333	4,00
10,40000	3,99
10,41667	4,00
10,43333	4,00
10,45000	3,99
10,46667	4,00
10,48333	4,00
10,50000	3,99
10,51667	4,00
10,53333	4,00
10,55000	3,99
10,56667	4,00
10,58333	4,00
10,60000	3,99
10,61667	4,00
10,63333	4,00
10,65000	3,99
10,66667	4,00
10,68333	4,00
10,70000	3,99
10,71667	4,00
10,73333	4,00
10,75000	3,99
10,76667	4,00
10,78333	4,00
10,80000	3,99
10,81667	4,00
10,83333	4,00
10,85000	3,98
10,86667	4,00
10,88333	4,00
10,90000	3,99
10,91667	4,00
10,93333	4,00
10,95000	3,99
10,96667	4,00
10,98333	4,00
11,00000	3,99
11,01667	4,00
11,03333	4,00
11,05000	3,99
11,06667	4,00
11,08333	4,00
11,10000	3,99
11,11667	4,00
11,13333	4,00
11,15000	3,99
11,16667	4,00
11,18333	4,00
11,20000	3,99
11,21667	4,00
11,23333	4,00
11,25000	3,99
11,26667	4,00
11,28333	4,00
11,30000	3,99
11,31667	4,00
11,33333	4,00
11,35000	3,99
11,36667	4,00
11,38333	4,00
11,40000	3,99
11,41667	4,00
11,43333	4,00
11,45000	3,98
11,46667	4,00
11,48333	4,00
11,50000	3,98
11,51667	4,00
11,53333	3,99
11,55000	3,99
11,56667	4,00
11,58333	4,00
11,60000	3,98
11,61667	4,00
11,63333	4,00
11,65000	3,99
11,66667	4,00
11,68333	4,00
11,70000	3,98
11,71667	4,00
11,73333	4,00
11,75000	3,99
11,76667	4,00
11,78333	4,00
11,80000	3,98
11,81667	4,00
11,83333	4,00
11,85000	3,98
11,86667	4,00
11,88333	3,99
11,90000	3,99
11,91667	4,00
11,93333	4,00
11,95000	3,99
11,96667	4,00
11,98333	4,00
12,00000	3,99
12,01667	4,00
12,03333	4,00
12,05000	3,99
12,06667	4,00
12,08333	4,00
12,10000	3,99
12,11667	4,00
12,13333	4,00
12,15000	3,98
12,16667	4,00
12,18333	4,00
12,20000	3,99
12,21667	4,00
12,23333	4,00
12,25000	3,99
12,26667	4,00
12,28333	4,00
12,30000	3,99
12,31667	4,00
12,33333	4,00
12,35000	3,99
12,36667	4,00
12,38333	4,00
12,40000	3,99
12,41667	4,00
12,43333	4,00
12,45000	3,98
12,46667	4,00
12,48333	4,00
12,50000	3,99
12,51667	4,00
12,53333	4,00
12,55000	3,99
12,56667	4,00
12,58333	4,00
12,60000	3,98
12,61667	4,00
12,63333	4,00
12,65000	3,99
12,66667	4,00
12,68333	4,00
12,70000	3,98
12,71667	4,00
12,73333	4,00
12,75000	3,99
12,76667	4,00
12,78333	4,00
12,80000	3,99
12,81667	4,00
12,83333	4,00
12,85000	3,99
12,86667	4,00
12,88333	4,00
12,90000	3,99
12,91667	4,00
12,93333	4,00
12,95000	3,99
12,96667	4,00
12,98333	4,00
13,00000	3,98
13,01667	4,00
13,03333	4,00
13,05000	3,99
13,06667	4,00
13,08333	4,00
13,10000	3,99
13,11667	4,00
13,13333	4,00
13,15000	3,99
13,16667	4,00
13,18333	4,00
13,20000	3,99
13,21667	4,00
13,23333	4,00
13,25000	3,99
13,26667	4,00
13,28333	4,00
13,30000	3,99
13,31667	4,00
13,33333	4,00
13,35000	3,99
13,36667	4,00
13,38333	4,00
13,40000	3,99
13,41667	4,00
13,43333	4,00
13,45000	3,99
13,46667	4,00
13,48333	4,00
13,50000	3,99
13,51667	4,00
13,53333	4,00
13,55000	3,99
13,56667	4,00
13,58333	4,00
13,60000	3,99
13,61667	4,00
13,63333	4,00
13,65000	3,99
13,66667	4,00
13,68333	4,00
13,70000	3,99
13,71667	4,00
13,73333	4,00
13,75000	3,99
13,76667	4,00
13,78333	4,00
13,80000	3,99
13,81667	4,00
13,83333	4,00
13,85000	3,99
13,86667	4,00
13,88333	4,00
13,90000	3,99
13,91667	4,00
13,93333	4,00
13,95000	3,99
13,96667	4,00
13,98333	4,00
14,00000	3,99
14,01667	4,00
14,03333	4,00
14,05000	3,99
14,06667	4,00
14,08333	4,00
14,10000	3,99
14,11667	4,00
14,13333	4,00
14,15000	3,99
14,16667	4,00
14,18333	4,00
14,20000	3,99
14,21667	4,00
14,23333	4,00
14,25000	3,99
14,26667	4,00
14,28333	4,00
14,30000	3,99
14,31667	4,00
14,33333	4,00
14,35000	3,99
14,36667	4,00
14,38333	4,00
14,40000	3,99
14,41667	4,00
14,43333	4,00
14,45000	3,99
14,46667	4,00
14,48333	4,00
14,50000	3,99
14,51667	4,00
14,53333	4,00
14,55000	3,99
14,56667	4,00
14,58333	4,00
14,60000	3,99
14,61667	4,00
14,63333	4,00
14,65000	3,99
14,66667	4,00
14,68333	4,00
14,70000	3,99
14,71667	4,00
14,73333	4,00
14,75000	3,99
14,76667	4,00
14,78333	4,00
14,80000	3,99
14,81667	4,00
14,83333	4,00
14,85000	3,99
14,86667	4,00
14,88333	4,00
14,90000	3,99
14,91667	4,00
14,93333	4,00
14,95000	3,99
14,96667	4,00
14,98333	4,00
15,00000	3,99
15,01667	4,00
15,03333	4,00
15,05000	3,99
15,06667	4,00
15,08333	4,00
15,10000	3,99
15,11667	4,00
15,13333	4,00
15,15000	3,99
15,16667	4,00
15,18333	4,00
15,20000	3,99
15,21667	4,00
15,23333	4,00
15,25000	3,99
15,26667	4,00
15,28333	4,00
15,30000	3,99
15,31667	4,00
15,33333	4,00
15,35000	3,99
15,36667	4,00
15,38333	4,00
15,40000	3,99
15,41667	4,00
15,43333	4,00
15,45000	3,99
15,46667	4,00
15,48333	4,00
15,50000	3,99
15,51667	4,00
15,53333	4,00
15,55000	3,99
15,56667	4,00
15,58333	4,00
15,60000	3,99
15,61667	4,00
15,63333	4,00
15,65000	3,99
15,66667	4,00
15,68333	4,00
15,70000	3,99
15,71667	4,00
15,73333	4,00
15,75000	3,99
15,76667	4,00
15,78333	4,00
15,80000	3,99
15,81667	4,00
15,83333	4,00
15,85000	3,99
15,86667	4,00
15,88333	4,00
15,90000	3,99
15,91667	4,00
15,93333	4,00
15,95000	3,99
15,96667	4,00
15,98333	4,00
16,00000	3,99
16,01667	4,00
16,03333	4,00
16,05000	3,99
16,06667	4,00
16,08333	4,00
16,10000	3,99
16,11667	4,00
16,13333	4,00
16,15000	3,99
16,16667	4,00
16,18333	4,00
16,20000	3,99
16,21667	4,00
16,23333	4,00
16,25000	3,99
16,26667	4,00
16,28333	4,00
16,30000	3,98
16,31667	4,00
16,33333	4,00
16,35000	3,99
16,36667	4,00
16,38333	4,00
16,40000	3,99
16,41667	4,00
16,43333	4,00
16,45000	3,98
16,46667	4,00
16,48333	4,00
16,50000	3,99
16,51667	4,00
16,53333	4,00
16,55000	3,99
16,56667	3,99
16,58333	4,00
16,60000	3,99
16,61667	4,00
16,63333	4,00
16,65000	3,98
16,66667	3,99
16,68333	4,00
16,70000	3,99
16,71667	4,00
16,73333	4,00
16,75000	3,98
16,76667	3,99
16,78333	4,00
16,80000	3,99
16,81667	3,99
16,83333	4,00
16,85000	3,98
16,86667	4,00
16,88333	4,00
16,90000	3,99
16,91667	4,00
16,93333	4,00
16,95000	3,98
16,96667	3,99
16,98333	4,00
17,00000	3,98
17,01667	3,99
17,03333	3,99
17,05000	3,98
17,06667	3,99
17,08333	3,99
17,10000	3,98
17,11667	3,99
17,13333	3,99
17,15000	3,98
17,16667	4,00
17,18333	4,00
17,20000	3,98
17,21667	3,99
17,23333	3,99
17,25000	3,98
17,26667	3,99
17,28333	3,99
17,30000	3,98
17,31667	3,99
17,33333	3,99
17,35000	3,98
17,36667	3,99
17,38333	3,99
17,40000	3,98
17,41667	3,99
17,43333	3,99
17,45000	3,98
17,46667	3,99
17,48333	3,99
17,50000	3,98
17,51667	3,99
17,53333	3,99
17,55000	3,98
17,56667	3,99
17,58333	3,99
17,60000	3,98
17,61667	3,99
17,63333	3,99
17,65000	3,98
17,66667	3,99
17,68333	3,99
17,70000	3,98
17,71667	3,99
17,73333	3,99
17,75000	3,98
17,76667	3,99
17,78333	3,99
17,80000	3,98
17,81667	3,99
17,83333	3,99
17,85000	3,98
17,86667	3,99
17,88333	3,99
17,90000	3,98
17,91667	3,99
17,93333	3,99
17,95000	3,98
17,96667	3,99
17,98333	3,99
18,00000	3,98
18,01667	3,99
18,03333	3,99
18,05000	3,98
18,06667	3,99
18,08333	3,99
18,10000	3,98
18,11667	3,99
18,13333	3,99
18,15000	3,98
18,16667	3,99
18,18333	3,99
18,20000	3,98
18,21667	3,99
18,23333	3,99
18,25000	3,98
18,26667	3,99
18,28333	3,99
18,30000	3,98
18,31667	3,99
18,33333	3,99
18,35000	3,98
18,36667	3,99
18,38333	3,99
18,40000	3,98
18,41667	3,99
18,43333	3,99
18,45000	3,98
18,46667	3,99
18,48333	3,99
18,50000	3,98
18,51667	3,99
18,53333	3,99
18,55000	3,98
18,56667	3,99
18,58333	3,99
18,60000	3,98
18,61667	3,99
18,63333	3,99
18,65000	3,98
18,66667	3,99
18,68333	3,99
18,70000	3,98
18,71667	3,99
18,73333	3,99
18,75000	3,98
18,76667	3,99
18,78333	3,99
18,80000	3,98
18,81667	3,99
18,83333	3,99
18,85000	3,98
18,86667	3,99
18,88333	3,99
18,90000	3,98
18,91667	3,99
18,93333	3,99
18,95000	3,98
18,96667	3,99
18,98333	3,99
19,00000	3,98
19,01667	3,99
19,03333	3,99
19,05000	3,98
19,06667	3,99
19,08333	3,99
19,10000	3,98
19,11667	3,99
19,13333	3,99
19,15000	3,98
19,16667	3,99
19,18333	3,99
19,20000	3,98
19,21667	3,99
19,23333	3,99
19,25000	3,98
19,26667	3,99
19,28333	3,99
19,30000	3,98
19,31667	3,99
19,33333	3,99
19,35000	3,98
19,36667	3,99
19,38333	3,99
19,40000	3,98
19,41667	3,99
19,43333	3,99
19,45000	3,98
19,46667	3,99
19,48333	3,99
19,50000	3,98
19,51667	3,99
19,53333	3,99
19,55000	3,98
19,56667	3,99
19,58333	3,99
19,60000	3,98
19,61667	3,99
19,63333	3,99
19,65000	3,98
19,66667	3,99
19,68333	3,99
19,70000	3,98
19,71667	3,99
19,73333	3,99
19,75000	3,98
19,76667	3,99
19,78333	3,99
19,80000	3,98
19,81667	3,99
19,83333	3,99
19,85000	3,98
19,86667	3,99
19,88333	3,99
19,90000	3,98
19,91667	3,99
19,93333	3,99
19,95000	3,98
19,96667	3,99
19,98333	3,99
20,00000	3,98
20,01667	3,99
20,03333	3,99
20,05000	3,98
20,06667	3,99
20,08333	3,99
20,10000	3,98
20,11667	3,99
20,13333	3,99
20,15000	3,98
20,16667	3,99
20,18333	3,99
20,20000	3,98
20,21667	3,99
20,23333	3,99
20,25000	3,98
20,26667	3,99
20,28333	3,99
20,30000	3,98
20,31667	3,99
20,33333	3,99
20,35000	3,98
20,36667	3,99
20,38333	3,99
20,40000	3,98
20,41667	3,99
20,43333	3,99
20,45000	3,98
20,46667	3,99
20,48333	3,99
20,50000	3,98
20,51667	3,99
20,53333	3,99
20,55000	3,98
20,56667	3,99
20,58333	3,99
20,60000	3,98
20,61667	3,99
20,63333	3,99
20,65000	3,98
20,66667	3,99
20,68333	3,99
20,70000	3,98
20,71667	3,99
20,73333	3,99
20,75000	3,98
20,76667	3,99
20,78333	3,99
20,80000	3,98
20,81667	3,99
20,83333	3,99
20,85000	3,98
20,86667	3,99
20,88333	3,99
20,90000	3,98
20,91667	3,99
20,93333	3,99
20,95000	3,98
20,96667	3,99
20,98333	3,99
21,00000	3,98
21,01667	3,99
21,03333	3,99
21,05000	3,98
21,06667	3,99
21,08333	3,99
21,10000	3,98
21,11667	3,99
21,13333	3,99
21,15000	3,98
21,16667	3,99
21,18333	3,99
21,20000	3,98
21,21667	3,99
21,23333	4,00
21,25000	3,98
21,26667	3,99
21,28333	3,99
21,30000	3,98
21,31667	3,99
21,33333	3,99
21,35000	3,98
21,36667	4,00
21,38333	4,00
21,40000	3,98
21,41667	4,00
21,43333	3,99
21,45000	3,98
21,46667	4,00
21,48333	4,00
21,50000	3,99
21,51667	4,00
21,53333	4,00
21,55000	3,99
21,56667	4,00
21,58333	4,00
21,60000	3,99
21,61667	4,00
21,63333	4,00
21,65000	3,99
21,66667	4,00
21,68333	4,00
21,70000	3,99
21,71667	4,00
21,73333	4,00
21,75000	3,99
21,76667	4,00
21,78333	4,00
21,80000	3,99
21,81667	4,00
21,83333	4,00
21,85000	3,99
21,86667	4,00
21,88333	4,00
21,90000	3,99
21,91667	4,00
21,93333	4,00
21,95000	3,99
21,96667	4,00
21,98333	4,00
22,00000	3,99
22,01667	4,00
22,03333	4,00
22,05000	3,99
22,06667	4,00
22,08333	4,00
22,10000	3,99
22,11667	4,00
22,13333	4,00
22,15000	3,99
22,16667	4,00
22,18333	4,00
22,20000	3,99
22,21667	4,00
22,23333	4,00
22,25000	3,99
22,26667	4,00
22,28333	4,00
22,30000	3,99
22,31667	4,00
22,33333	4,00
22,35000	3,99
22,36667	4,00
22,38333	4,00
22,40000	3,99
22,41667	4,00
22,43333	4,00
22,45000	3,99
22,46667	4,00
22,48333	4,00
22,50000	3,99
22,51667	4,00
22,53333	4,00
22,55000	3,99
22,56667	4,00
22,58333	4,00
22,60000	3,99
22,61667	4,00
22,63333	4,00
22,65000	3,99
22,66667	4,00
22,68333	4,00
22,70000	3,99
22,71667	4,00
22,73333	4,00
22,75000	3,99
22,76667	4,00
22,78333	4,00
22,80000	3,99
22,81667	4,00
22,83333	4,00
22,85000	3,99
22,86667	4,00
22,88333	4,00
22,90000	3,99
22,91667	4,00
22,93333	4,00
22,95000	3,99
22,96667	4,00
22,98333	4,00
23,00000	3,99
23,01667	4,00
23,03333	4,00
23,05000	3,99
23,06667	4,00
23,08333	4,00
23,10000	3,99
23,11667	4,00
23,13333	4,00
23,15000	3,99
23,16667	4,00
23,18333	4,00
23,20000	3,99
23,21667	4,00
23,23333	4,00
23,25000	3,99
23,26667	4,00
23,28333	4,00
23,30000	3,99
23,31667	4,00
23,33333	4,00
23,35000	3,99
23,36667	4,00
23,38333	4,00
23,40000	3,99
23,41667	4,00
23,43333	4,00
23,45000	3,99
23,46667	4,00
23,48333	4,00
23,50000	3,99
23,51667	4,00
23,53333	4,00
23,55000	3,99
23,56667	4,00
23,58333	4,00
23,60000	3,99
23,61667	4,00
23,63333	4,00
23,65000	3,99
23,66667	4,00
23,68333	4,00
23,70000	3,99
23,71667	4,00
23,73333	4,00
23,75000	3,99
23,76667	4,00
23,78333	4,00
23,80000	3,99
23,81667	4,00
23,83333	4,00
23,85000	3,99
23,86667	4,00
23,88333	4,00
23,90000	3,99
23,91667	4,00
23,93333	4,00
23,95000	3,99
23,96667	4,00
23,98333	4,00
24,00000	3,99
24,01667	4,00
24,03333	4,00
24,05000	3,99
24,06667	4,00
24,08333	4,00
24,10000	3,99
24,11667	4,00
24,13333	4,00
24,15000	3,99
24,16667	4,00
24,18333	4,00
24,20000	3,99
24,21667	4,00
24,23333	4,00
24,25000	3,99
24,26667	4,00
24,28333	4,00
24,30000	3,99
24,31667	4,00
24,33333	4,00
24,35000	3,99
24,36667	4,00
24,38333	4,00
24,40000	3,99
24,41667	4,00
24,43333	4,00
24,45000	3,99
24,46667	4,00
24,48333	4,00
24,50000	3,99
24,51667	4,00
24,53333	4,00
24,55000	3,99
24,56667	4,00
24,58333	4,00
24,60000	3,99
24,61667	4,00
24,63333	4,00
24,65000	3,99
24,66667	4,00
24,68333	4,00
24,70000	3,99
24,71667	4,00
24,73333	4,00
24,75000	3,99
24,76667	4,00
24,78333	4,00
24,80000	3,99
24,81667	4,00
24,83333	4,00
24,85000	3,99
24,86667	4,00
24,88333	4,00
24,90000	3,99
24,91667	4,00
24,93333	4,00
24,95000	3,99
24,96667	4,00
24,98333	4,00
25,00000	3,99
25,01667	4,00
25,03333	4,00
25,05000	3,99
25,06667	4,00
25,08333	4,00
25,10000	3,99
25,11667	4,00
25,13333	4,00
25,15000	3,99
25,16667	4,00
25,18333	4,00
25,20000	3,99
25,21667	4,00
25,23333	4,00
25,25000	3,99
25,26667	4,00
25,28333	4,00
25,30000	3,99
25,31667	4,00
25,33333	4,00
25,35000	3,99
25,36667	4,00
25,38333	4,00
25,40000	3,99
25,41667	4,00
25,43333	4,00
25,45000	3,99
25,46667	4,00
25,48333	4,00
25,50000	3,99
25,51667	4,00
25,53333	4,00
25,55000	3,99
25,56667	4,00
25,58333	4,00
25,60000	3,99
25,61667	4,00
25,63333	4,00
25,65000	3,99
25,66667	4,00
25,68333	4,00
25,70000	3,99
25,71667	4,00
25,73333	4,00
25,75000	3,99
25,76667	4,00
25,78333	4,00
25,80000	3,99
25,81667	4,00
25,83333	4,00
25,85000	3,99
25,86667	4,00
25,88333	4,00
25,90000	3,99
25,91667	4,00
25,93333	4,00
25,95000	3,99
25,96667	4,00
25,98333	4,00
26,00000	3,99
26,01667	4,00
26,03333	4,00
26,05000	3,99
26,06667	4,00
26,08333	4,00
26,10000	3,99
26,11667	4,00
26,13333	4,00
26,15000	3,99
26,16667	4,00
26,18333	4,00
26,20000	3,99
26,21667	4,00
26,23333	4,00
26,25000	3,99
26,26667	4,00
26,28333	4,00
26,30000	3,99
26,31667	4,00
26,33333	4,00
26,35000	3,99
26,36667	4,00
26,38333	4,00
26,40000	3,99
26,41667	4,00
26,43333	4,00
26,45000	3,99
26,46667	4,00
26,48333	4,00
26,50000	3,99
26,51667	4,00
26,53333	4,00
26,55000	3,99
26,56667	4,00
26,58333	4,00
26,60000	3,99
26,61667	4,00
26,63333	4,00
26,65000	3,99
26,66667	4,00
26,68333	4,00
26,70000	3,99
26,71667	4,00
26,73333	4,00
26,75000	3,99
26,76667	4,00
26,78333	4,00
26,80000	3,99
26,81667	4,00
26,83333	4,00
26,85000	3,99
26,86667	4,00
26,88333	4,00
26,90000	3,99
26,91667	4,00
26,93333	4,00
26,95000	3,99
26,96667	4,00
26,98333	4,00
27,00000	3,99
27,01667	4,00
27,03333	4,00
27,05000	3,99
27,06667	4,00
27,08333	4,00
27,10000	3,99
27,11667	4,00
27,13333	4,00
27,15000	3,99
27,16667	4,00
27,18333	4,00
27,20000	3,99
27,21667	4,00
27,23333	4,00
27,25000	3,99
27,26667	4,00
27,28333	4,00
27,30000	3,99
27,31667	4,00
27,33333	4,00
27,35000	3,99
27,36667	4,00
27,38333	4,00
27,40000	3,99
27,41667	4,00
27,43333	4,00
27,45000	3,99
27,46667	4,00
27,48333	4,00
27,50000	3,99
27,51667	4,00
27,53333	4,00
27,55000	3,99
27,56667	4,00
27,58333	4,00
27,60000	3,99
27,61667	4,00
27,63333	4,00
27,65000	3,99
27,66667	4,00
27,68333	4,00
27,70000	3,99
27,71667	4,00
27,73333	4,00
27,75000	3,99
27,76667	4,00
27,78333	4,00
27,80000	3,99
27,81667	4,00
27,83333	4,00
27,85000	3,99
27,86667	4,00
27,88333	4,00
27,90000	3,99
27,91667	4,00
27,93333	4,00
27,95000	3,99
27,96667	4,00
27,98333	4,00
28,00000	3,99
28,01667	4,00
28,03333	4,00
28,05000	3,99
28,06667	4,00
28,08333	4,00
28,10000	3,99
28,11667	4,00
28,13333	4,00
28,15000	3,99
28,16667	4,00
28,18333	4,00
28,20000	3,99
28,21667	4,00
28,23333	4,00
28,25000	3,99
28,26667	4,00
28,28333	4,00
28,30000	3,99
28,31667	4,00
28,33333	4,00
28,35000	3,99
28,36667	4,00
28,38333	4,00
28,40000	3,99
28,41667	4,00
28,43333	4,00
28,45000	3,99
28,46667	4,00
28,48333	4,00
28,50000	3,99
28,51667	4,01
28,53333	4,00
28,55000	3,99
28,56667	4,00
28,58333	4,00
28,60000	3,99
28,61667	4,00
28,63333	4,00
28,65000	3,99
28,66667	4,00
28,68333	4,01
28,70000	3,99
28,71667	4,00
28,73333	4,00
28,75000	3,99
28,76667	4,00
28,78333	4,01
28,80000	3,99
28,81667	4,00
28,83333	4,00
28,85000	3,99
28,86667	4,01
28,88333	4,01
28,90000	4,00
28,91667	4,01
28,93333	4,01
28,95000	3,99
28,96667	4,01
28,98333	4,01
29,00000	3,99
29,01667	4,01
29,03333	4,01
29,05000	4,00
29,06667	4,01
29,08333	4,01
29,10000	3,99
29,11667	4,01
29,13333	4,01
29,15000	3,99
29,16667	4,01
29,18333	4,01
29,20000	3,99
29,21667	4,01
29,23333	4,01
29,25000	3,99
29,26667	4,01
29,28333	4,01
29,30000	3,99
29,31667	4,01
29,33333	4,01
29,35000	4,00
29,36667	4,01
29,38333	4,01
29,40000	3,99
29,41667	4,01
29,43333	4,01
29,45000	4,00
29,46667	4,01
29,48333	4,00
29,50000	3,99
29,51667	4,01
29,53333	4,01
29,55000	3,99
29,56667	4,01
29,58333	4,00
29,60000	3,99
29,61667	4,00
29,63333	4,01
29,65000	3,99
29,66667	4,00
29,68333	4,01
29,70000	3,99
29,71667	4,01
29,73333	4,01
29,75000	3,99
29,76667	4,00
29,78333	4,01
29,80000	3,99
29,81667	4,00
29,83333	4,01
29,85000	3,99
29,86667	4,00
29,88333	4,00
29,90000	3,99
29,91667	4,00
29,93333	4,00
29,95000	3,99
29,96667	4,00
29,98333	4,00
30,00000	3,99
30,01667	4,00
30,03333	4,00
30,05000	3,99
30,06667	4,00
30,08333	4,00
30,10000	3,99
30,11667	4,00
30,13333	4,00
30,15000	3,99
30,16667	4,00
30,18333	4,00
30,20000	3,99
30,21667	4,00
30,23333	4,00
30,25000	3,99
30,26667	4,00
30,28333	4,00
30,30000	3,99
30,31667	4,00
30,33333	4,00
30,35000	3,98
30,36667	4,00
30,38333	4,00
30,40000	3,99
30,41667	4,00
30,43333	3,99
30,45000	3,98
30,46667	4,00
30,48333	3,99
30,50000	3,98
30,51667	3,99
30,53333	3,99
30,55000	3,98
30,56667	3,99
30,58333	3,99
30,60000	3,98
30,61667	3,99
30,63333	3,99
30,65000	3,98
30,66667	3,99
30,68333	3,99
30,70000	3,98
30,71667	3,99
30,73333	3,99
30,75000	3,98
30,76667	3,99
30,78333	3,99
30,80000	3,98
30,81667	3,99
30,83333	3,99
30,85000	3,98
30,86667	3,99
30,88333	3,99
30,90000	3,98
30,91667	3,99
30,93333	3,99
30,95000	3,98
30,96667	3,99
30,98333	3,99
31,00000	3,98
31,01667	3,99
31,03333	3,99
31,05000	3,98
31,06667	3,99
31,08333	3,99
31,10000	3,98
31,11667	3,99
31,13333	3,99
31,15000	3,98
31,16667	3,99
31,18333	3,99
31,20000	3,98
31,21667	3,99
31,23333	3,99
31,25000	3,98
31,26667	3,99
31,28333	3,99
31,30000	3,98
31,31667	3,99
31,33333	3,99
31,35000	3,98
31,36667	3,99
31,38333	3,99
31,40000	3,98
31,41667	3,99
31,43333	3,99
31,45000	3,98
31,46667	3,99
31,48333	3,99
31,50000	3,97
31,51667	3,99
31,53333	3,99
31,55000	3,97
31,56667	3,99
31,58333	3,99
31,60000	3,97
31,61667	3,99
31,63333	3,99
31,65000	3,97
31,66667	3,99
31,68333	3,99
31,70000	3,97
31,71667	3,98
31,73333	3,98
31,75000	3,97
31,76667	3,99
31,78333	3,99
31,80000	3,97
31,81667	3,98
31,83333	3,98
31,85000	3,97
31,86667	3,99
31,88333	3,98
31,90000	3,97
31,91667	3,98
31,93333	3,98
31,95000	3,97
31,96667	3,98
31,98333	3,98
32,00000	3,97

[LC Status Trace(Oven Temp.)]
Interval(msec)	1000
# of Points	1921
Start Time(min)	0,000
End Time(min)	32,000
Intensity Units	C
Intensity Multiplier	1
R.Time (min)	Intensity
0,00000	50,00
0,01667	50,00
0,03333	50,00
0,05000	50,00
0,06667	50,00
0,08333	50,00
0,10000	50,00
0,11667	50,00
0,13333	50,00
0,15000	50,00
0,16667	50,00
0,18333	50,00
0,20000	50,00
0,21667	50,00
0,23333	50,00
0,25000	50,00
0,26667	50,00
0,28333	50,00
0,30000	50,00
0,31667	50,00
0,33333	50,00
0,35000	50,00
0,36667	50,00
0,38333	50,00
0,40000	50,00
0,41667	50,00
0,43333	50,00
0,45000	50,00
0,46667	50,00
0,48333	50,00
0,50000	50,00
0,51667	50,00
0,53333	50,00
0,55000	50,00
0,56667	50,00
0,58333	50,00
0,60000	50,00
0,61667	50,00
0,63333	50,00
0,65000	50,00
0,66667	50,00
0,68333	50,00
0,70000	50,00
0,71667	50,00
0,73333	50,00
0,75000	50,00
0,76667	50,00
0,78333	50,00
0,80000	50,00
0,81667	50,00
0,83333	50,00
0,85000	50,00
0,86667	50,00
0,88333	50,00
0,90000	50,00
0,91667	50,00
0,93333	50,00
0,95000	50,00
0,96667	50,00
0,98333	50,00
1,00000	50,00
1,01667	50,00
1,03333	50,00
1,05000	50,00
1,06667	50,00
1,08333	50,00
1,10000	50,00
1,11667	49,99
1,13333	49,99
1,15000	49,99
1,16667	49,99
1,18333	49,99
1,20000	49,99
1,21667	49,99
1,23333	49,99
1,25000	49,99
1,26667	49,99
1,28333	49,99
1,30000	49,99
1,31667	49,99
1,33333	49,99
1,35000	49,99
1,36667	49,99
1,38333	49,99
1,40000	49,99
1,41667	49,99
1,43333	49,99
1,45000	49,99
1,46667	49,99
1,48333	49,99
1,50000	49,99
1,51667	49,99
1,53333	49,99
1,55000	49,99
1,56667	49,99
1,58333	49,99
1,60000	49,99
1,61667	49,99
1,63333	49,99
1,65000	49,99
1,66667	49,99
1,68333	49,99
1,70000	49,99
1,71667	49,99
1,73333	49,99
1,75000	49,99
1,76667	49,99
1,78333	49,99
1,80000	49,99
1,81667	49,99
1,83333	49,99
1,85000	49,99
1,86667	49,99
1,88333	49,99
1,90000	49,99
1,91667	49,99
1,93333	49,99
1,95000	49,99
1,96667	49,99
1,98333	49,99
2,00000	50,00
2,01667	50,00
2,03333	50,00
2,05000	50,00
2,06667	50,00
2,08333	50,00
2,10000	50,00
2,11667	50,00
2,13333	50,00
2,15000	50,00
2,16667	50,00
2,18333	50,00
2,20000	50,00
2,21667	50,00
2,23333	50,00
2,25000	50,00
2,26667	50,00
2,28333	50,00
2,30000	50,00
2,31667	50,00
2,33333	50,00
2,35000	50,00
2,36667	50,00
2,38333	50,00
2,40000	50,00
2,41667	50,00
2,43333	50,00
2,45000	50,00
2,46667	50,00
2,48333	50,00
2,50000	50,00
2,51667	50,00
2,53333	50,00
2,55000	50,00
2,56667	50,00
2,58333	50,00
2,60000	50,00
2,61667	50,00
2,63333	50,00
2,65000	50,00
2,66667	50,00
2,68333	50,00
2,70000	50,00
2,71667	50,00
2,73333	50,00
2,75000	50,00
2,76667	50,00
2,78333	50,00
2,80000	50,00
2,81667	50,00
2,83333	50,00
2,85000	50,00
2,86667	50,00
2,88333	50,00
2,90000	50,00
2,91667	50,00
2,93333	50,00
2,95000	50,00
2,96667	50,00
2,98333	50,00
3,00000	50,00
3,01667	50,00
3,03333	49,99
3,05000	49,99
3,06667	49,99
3,08333	49,99
3,10000	49,99
3,11667	49,99
3,13333	49,99
3,15000	49,99
3,16667	49,99
3,18333	49,99
3,20000	49,99
3,21667	49,99
3,23333	49,99
3,25000	49,99
3,26667	49,99
3,28333	49,99
3,30000	49,99
3,31667	49,99
3,33333	49,99
3,35000	49,99
3,36667	49,99
3,38333	49,99
3,40000	49,99
3,41667	49,99
3,43333	49,99
3,45000	49,99
3,46667	49,99
3,48333	49,99
3,50000	49,99
3,51667	49,99
3,53333	49,99
3,55000	49,99
3,56667	49,99
3,58333	49,99
3,60000	49,99
3,61667	49,99
3,63333	49,99
3,65000	49,99
3,66667	49,99
3,68333	49,99
3,70000	49,99
3,71667	49,99
3,73333	49,99
3,75000	49,99
3,76667	49,99
3,78333	49,99
3,80000	49,99
3,81667	49,99
3,83333	49,99
3,85000	49,99
3,86667	49,99
3,88333	49,99
3,90000	49,99
3,91667	49,99
3,93333	49,99
3,95000	49,99
3,96667	49,99
3,98333	49,99
4,00000	50,00
4,01667	50,00
4,03333	50,00
4,05000	50,00
4,06667	50,00
4,08333	50,00
4,10000	50,00
4,11667	50,00
4,13333	50,00
4,15000	50,00
4,16667	50,00
4,18333	50,00
4,20000	50,00
4,21667	50,00
4,23333	50,00
4,25000	50,00
4,26667	50,00
4,28333	50,00
4,30000	50,00
4,31667	50,00
4,33333	50,00
4,35000	50,00
4,36667	50,00
4,38333	50,00
4,40000	50,00
4,41667	50,00
4,43333	50,00
4,45000	50,00
4,46667	50,00
4,48333	50,00
4,50000	50,00
4,51667	50,00
4,53333	50,00
4,55000	50,00
4,56667	50,00
4,58333	50,00
4,60000	50,00
4,61667	50,00
4,63333	50,00
4,65000	50,00
4,66667	50,00
4,68333	50,00
4,70000	50,00
4,71667	50,00
4,73333	49,99
4,75000	49,99
4,76667	49,99
4,78333	49,99
4,80000	49,99
4,81667	49,99
4,83333	49,99
4,85000	49,99
4,86667	49,99
4,88333	49,99
4,90000	49,99
4,91667	49,99
4,93333	49,99
4,95000	49,99
4,96667	49,99
4,98333	49,99
5,00000	49,99
5,01667	49,99
5,03333	49,99
5,05000	49,99
5,06667	49,99
5,08333	50,00
5,10000	50,00
5,11667	50,00
5,13333	50,00
5,15000	50,00
5,16667	50,00
5,18333	50,00
5,20000	50,00
5,21667	50,00
5,23333	50,00
5,25000	50,00
5,26667	50,00
5,28333	50,00
5,30000	50,00
5,31667	49,99
5,33333	49,99
5,35000	50,00
5,36667	50,00
5,38333	50,00
5,40000	50,00
5,41667	50,00
5,43333	50,00
5,45000	50,00
5,46667	50,00
5,48333	50,00
5,50000	50,00
5,51667	49,99
5,53333	49,99
5,55000	49,99
5,56667	49,99
5,58333	50,00
5,60000	50,00
5,61667	50,00
5,63333	50,00
5,65000	50,00
5,66667	50,00
5,68333	50,00
5,70000	50,00
5,71667	50,00
5,73333	50,00
5,75000	50,00
5,76667	50,00
5,78333	50,00
5,80000	50,00
5,81667	50,00
5,83333	50,00
5,85000	50,00
5,86667	50,00
5,88333	50,00
5,90000	50,00
5,91667	50,00
5,93333	50,00
5,95000	50,00
5,96667	50,00
5,98333	50,00
6,00000	50,00
6,01667	50,00
6,03333	50,00
6,05000	50,00
6,06667	50,00
6,08333	50,00
6,10000	50,00
6,11667	50,00
6,13333	50,00
6,15000	50,00
6,16667	50,00
6,18333	50,00
6,20000	50,00
6,21667	50,00
6,23333	50,00
6,25000	50,00
6,26667	50,00
6,28333	50,00
6,30000	50,00
6,31667	50,00
6,33333	50,00
6,35000	50,00
6,36667	50,00
6,38333	50,00
6,40000	50,00
6,41667	50,00
6,43333	50,00
6,45000	49,99
6,46667	49,99
6,48333	49,99
6,50000	49,99
6,51667	49,99
6,53333	49,99
6,55000	49,99
6,56667	49,99
6,58333	49,99
6,60000	49,99
6,61667	49,99
6,63333	49,99
6,65000	49,99
6,66667	49,99
6,68333	49,99
6,70000	49,99
6,71667	49,99
6,73333	49,99
6,75000	49,99
6,76667	49,99
6,78333	49,99
6,80000	49,99
6,81667	49,99
6,83333	49,99
6,85000	49,99
6,86667	49,99
6,88333	49,99
6,90000	49,99
6,91667	49,99
6,93333	49,99
6,95000	49,99
6,96667	49,99
6,98333	49,99
7,00000	49,99
7,01667	49,99
7,03333	49,99
7,05000	49,99
7,06667	49,99
7,08333	49,99
7,10000	49,99
7,11667	49,99
7,13333	49,99
7,15000	49,99
7,16667	49,99
7,18333	49,99
7,20000	49,99
7,21667	49,99
7,23333	49,99
7,25000	49,99
7,26667	49,99
7,28333	49,99
7,30000	49,99
7,31667	49,99
7,33333	49,99
7,35000	49,99
7,36667	49,99
7,38333	49,99
7,40000	49,99
7,41667	49,99
7,43333	49,99
7,45000	49,99
7,46667	49,99
7,48333	49,99
7,50000	49,99
7,51667	50,00
7,53333	50,00
7,55000	50,00
7,56667	50,00
7,58333	50,00
7,60000	50,00
7,61667	50,00
7,63333	50,00
7,65000	50,00
7,66667	50,00
7,68333	50,00
7,70000	49,99
7,71667	49,99
7,73333	49,99
7,75000	49,99
7,76667	49,99
7,78333	49,99
7,80000	49,99
7,81667	49,99
7,83333	49,99
7,85000	49,99
7,86667	49,99
7,88333	49,99
7,90000	49,99
7,91667	49,99
7,93333	49,99
7,95000	49,99
7,96667	49,99
7,98333	49,99
8,00000	49,99
8,01667	49,99
8,03333	49,99
8,05000	49,99
8,06667	49,99
8,08333	49,99
8,10000	49,99
8,11667	49,99
8,13333	49,99
8,15000	49,99
8,16667	49,99
8,18333	49,99
8,20000	49,99
8,21667	49,99
8,23333	49,99
8,25000	49,99
8,26667	49,99
8,28333	49,99
8,30000	49,99
8,31667	49,99
8,33333	49,99
8,35000	50,00
8,36667	50,00
8,38333	50,00
8,40000	50,00
8,41667	50,00
8,43333	50,00
8,45000	50,00
8,46667	50,00
8,48333	50,00
8,50000	50,00
8,51667	50,00
8,53333	50,00
8,55000	50,00
8,56667	50,00
8,58333	50,00
8,60000	50,00
8,61667	50,00
8,63333	50,00
8,65000	50,00
8,66667	50,00
8,68333	50,00
8,70000	50,00
8,71667	50,00
8,73333	50,00
8,75000	50,00
8,76667	50,00
8,78333	50,00
8,80000	50,00
8,81667	50,00
8,83333	50,00
8,85000	50,00
8,86667	50,00
8,88333	50,00
8,90000	50,00
8,91667	50,00
8,93333	50,00
8,95000	50,00
8,96667	50,00
8,98333	50,00
9,00000	50,00
9,01667	50,00
9,03333	50,00
9,05000	50,00
9,06667	50,00
9,08333	50,00
9,10000	50,00
9,11667	50,00
9,13333	50,00
9,15000	50,00
9,16667	50,00
9,18333	50,00
9,20000	50,00
9,21667	50,00
9,23333	50,00
9,25000	50,00
9,26667	50,00
9,28333	50,00
9,30000	50,00
9,31667	49,99
9,33333	49,99
9,35000	49,99
9,36667	49,99
9,38333	49,99
9,40000	49,99
9,41667	49,99
9,43333	49,99
9,45000	49,99
9,46667	49,99
9,48333	49,99
9,50000	49,99
9,51667	49,99
9,53333	49,99
9,55000	49,99
9,56667	49,99
9,58333	49,99
9,60000	49,99
9,61667	49,99
9,63333	49,99
9,65000	49,99
9,66667	49,99
9,68333	49,99
9,70000	49,99
9,71667	49,99
9,73333	49,99
9,75000	49,99
9,76667	49,99
9,78333	49,99
9,80000	49,99
9,81667	49,99
9,83333	49,99
9,85000	49,99
9,86667	49,99
9,88333	49,99
9,90000	49,99
9,91667	49,99
9,93333	49,99
9,95000	49,99
9,96667	49,99
9,98333	49,99
10,00000	49,99
10,01667	49,99
10,03333	49,99
10,05000	49,99
10,06667	49,99
10,08333	49,99
10,10000	49,99
10,11667	49,99
10,13333	49,99
10,15000	49,99
10,16667	49,99
10,18333	49,99
10,20000	49,99
10,21667	49,99
10,23333	49,99
10,25000	49,99
10,26667	49,99
10,28333	49,99
10,30000	49,99
10,31667	49,99
10,33333	49,99
10,35000	49,99
10,36667	49,99
10,38333	49,99
10,40000	49,99
10,41667	49,99
10,43333	49,99
10,45000	50,00
10,46667	50,00
10,48333	50,00
10,50000	50,00
10,51667	50,00
10,53333	50,00
10,55000	50,00
10,56667	50,00
10,58333	50,00
10,60000	50,00
10,61667	50,00
10,63333	50,00
10,65000	50,00
10,66667	50,00
10,68333	50,00
10,70000	50,00
10,71667	50,00
10,73333	50,00
10,75000	50,00
10,76667	50,00
10,78333	50,00
10,80000	50,00
10,81667	50,00
10,83333	50,00
10,85000	50,00
10,86667	50,00
10,88333	50,00
10,90000	50,00
10,91667	50,00
10,93333	50,00
10,95000	50,00
10,96667	50,00
10,98333	50,00
11,00000	50,00
11,01667	50,00
11,03333	50,00
11,05000	50,00
11,06667	50,00
11,08333	50,00
11,10000	50,00
11,11667	50,00
11,13333	50,00
11,15000	50,00
11,16667	50,00
11,18333	50,00
11,20000	50,00
11,21667	50,00
11,23333	50,00
11,25000	50,00
11,26667	50,00
11,28333	50,00
11,30000	50,00
11,31667	49,99
11,33333	49,99
11,35000	49,99
11,36667	49,99
11,38333	49,99
11,40000	49,99
11,41667	49,99
11,43333	49,99
11,45000	49,99
11,46667	49,99
11,48333	49,99
11,50000	49,99
11,51667	49,99
11,53333	49,99
11,55000	49,99
11,56667	49,99
11,58333	49,99
11,60000	49,99
11,61667	49,99
11,63333	49,99
11,65000	49,99
11,66667	49,99
11,68333	49,99
11,70000	49,99
11,71667	49,99
11,73333	49,99
11,75000	49,99
11,76667	49,99
11,78333	49,99
11,80000	49,99
11,81667	49,99
11,83333	49,99
11,85000	49,99
11,86667	49,99
11,88333	49,99
11,90000	49,99
11,91667	49,99
11,93333	49,99
11,95000	49,99
11,96667	49,99
11,98333	49,99
12,00000	49,99
12,01667	49,99
12,03333	49,99
12,05000	49,99
12,06667	49,99
12,08333	49,99
12,10000	49,99
12,11667	49,99
12,13333	49,99
12,15000	49,99
12,16667	49,99
12,18333	49,99
12,20000	49,99
12,21667	49,99
12,23333	49,99
12,25000	49,99
12,26667	49,99
12,28333	49,99
12,30000	49,99
12,31667	49,99
12,33333	50,00
12,35000	50,00
12,36667	50,00
12,38333	50,00
12,40000	50,00
12,41667	50,00
12,43333	50,00
12,45000	50,00
12,46667	50,00
12,48333	50,00
12,50000	50,00
12,51667	50,00
12,53333	50,00
12,55000	50,00
12,56667	50,00
12,58333	50,00
12,60000	50,00
12,61667	50,00
12,63333	50,00
12,65000	50,00
12,66667	50,00
12,68333	50,00
12,70000	50,00
12,71667	50,00
12,73333	50,00
12,75000	50,00
12,76667	50,00
12,78333	50,00
12,80000	50,00
12,81667	50,00
12,83333	50,00
12,85000	50,00
12,86667	50,00
12,88333	50,00
12,90000	50,00
12,91667	50,00
12,93333	50,00
12,95000	50,00
12,96667	50,00
12,98333	50,00
13,00000	50,00
13,01667	50,00
13,03333	50,00
13,05000	50,00
13,06667	50,00
13,08333	50,00
13,10000	50,00
13,11667	50,00
13,13333	50,00
13,15000	50,00
13,16667	50,00
13,18333	50,00
13,20000	50,00
13,21667	50,00
13,23333	50,00
13,25000	50,00
13,26667	50,00
13,28333	50,00
13,30000	50,00
13,31667	50,00
13,33333	50,00
13,35000	50,00
13,36667	50,00
13,38333	50,00
13,40000	50,00
13,41667	50,00
13,43333	50,00
13,45000	49,99
13,46667	49,99
13,48333	49,99
13,50000	49,99
13,51667	49,99
13,53333	49,99
13,55000	49,99
13,56667	49,99
13,58333	49,99
13,60000	49,99
13,61667	49,99
13,63333	49,99
13,65000	49,99
13,66667	49,99
13,68333	49,99
13,70000	49,99
13,71667	49,99
13,73333	49,99
13,75000	49,99
13,76667	49,99
13,78333	49,99
13,80000	49,99
13,81667	49,99
13,83333	49,99
13,85000	49,99
13,86667	49,99
13,88333	49,99
13,90000	49,99
13,91667	49,99
13,93333	49,99
13,95000	49,99
13,96667	49,99
13,98333	49,99
14,00000	49,99
14,01667	49,99
14,03333	49,99
14,05000	49,99
14,06667	49,99
14,08333	49,99
14,10000	49,99
14,11667	49,99
14,13333	50,00
14,15000	50,00
14,16667	50,00
14,18333	50,00
14,20000	50,00
14,21667	50,00
14,23333	50,00
14,25000	50,00
14,26667	50,00
14,28333	50,00
14,30000	50,00
14,31667	50,00
14,33333	50,00
14,35000	50,00
14,36667	50,00
14,38333	50,00
14,40000	50,00
14,41667	50,00
14,43333	50,00
14,45000	50,00
14,46667	50,00
14,48333	50,00
14,50000	50,00
14,51667	50,00
14,53333	50,00
14,55000	50,00
14,56667	50,00
14,58333	50,00
14,60000	50,00
14,61667	50,00
14,63333	50,00
14,65000	50,00
14,66667	50,00
14,68333	50,00
14,70000	50,00
14,71667	50,00
14,73333	50,00
14,75000	50,00
14,76667	50,00
14,78333	50,00
14,80000	50,00
14,81667	50,00
14,83333	50,00
14,85000	50,00
14,86667	50,00
14,88333	50,00
14,90000	50,00
14,91667	50,00
14,93333	50,00
14,95000	50,00
14,96667	50,00
14,98333	50,00
15,00000	50,00
15,01667	50,00
15,03333	50,00
15,05000	50,00
15,06667	50,00
15,08333	49,99
15,10000	49,99
15,11667	49,99
15,13333	49,99
15,15000	49,99
15,16667	49,99
15,18333	49,99
15,20000	49,99
15,21667	49,99
15,23333	49,99
15,25000	49,99
15,26667	49,99
15,28333	49,99
15,30000	49,99
15,31667	49,99
15,33333	49,99
15,35000	49,99
15,36667	49,99
15,38333	49,99
15,40000	49,99
15,41667	49,99
15,43333	49,99
15,45000	49,99
15,46667	49,99
15,48333	49,99
15,50000	49,99
15,51667	49,99
15,53333	49,99
15,55000	49,99
15,56667	49,99
15,58333	49,99
15,60000	49,99
15,61667	49,99
15,63333	49,99
15,65000	49,99
15,66667	49,99
15,68333	49,99
15,70000	49,99
15,71667	49,99
15,73333	49,99
15,75000	49,99
15,76667	49,99
15,78333	49,99
15,80000	49,99
15,81667	49,99
15,83333	49,99
15,85000	49,99
15,86667	49,99
15,88333	49,99
15,90000	49,99
15,91667	49,99
15,93333	49,99
15,95000	49,99
15,96667	49,99
15,98333	49,99
16,00000	49,99
16,01667	49,99
16,03333	49,99
16,05000	49,99
16,06667	49,99
16,08333	49,99
16,10000	49,99
16,11667	49,99
16,13333	49,99
16,15000	49,99
16,16667	49,99
16,18333	49,99
16,20000	49,99
16,21667	49,99
16,23333	49,99
16,25000	49,99
16,26667	49,99
16,28333	49,99
16,30000	49,99
16,31667	49,99
16,33333	49,99
16,35000	49,99
16,36667	49,99
16,38333	49,99
16,40000	49,99
16,41667	49,99
16,43333	49,99
16,45000	49,99
16,46667	49,99
16,48333	49,99
16,50000	49,99
16,51667	49,99
16,53333	49,99
16,55000	49,99
16,56667	49,99
16,58333	49,99
16,60000	49,99
16,61667	49,99
16,63333	49,99
16,65000	49,99
16,66667	49,99
16,68333	49,99
16,70000	49,99
16,71667	50,00
16,73333	50,00
16,75000	50,00
16,76667	50,00
16,78333	50,00
16,80000	50,00
16,81667	50,00
16,83333	50,00
16,85000	50,00
16,86667	50,00
16,88333	50,00
16,90000	50,00
16,91667	50,00
16,93333	50,00
16,95000	50,00
16,96667	50,00
16,98333	50,00
17,00000	50,00
17,01667	50,00
17,03333	50,00
17,05000	50,00
17,06667	50,00
17,08333	50,00
17,10000	50,00
17,11667	50,00
17,13333	50,00
17,15000	50,00
17,16667	50,00
17,18333	50,00
17,20000	50,00
17,21667	50,00
17,23333	50,00
17,25000	50,00
17,26667	50,00
17,28333	50,00
17,30000	50,00
17,31667	50,00
17,33333	50,00
17,35000	50,00
17,36667	50,00
17,38333	50,00
17,40000	50,00
17,41667	50,00
17,43333	50,00
17,45000	50,00
17,46667	50,00
17,48333	50,00
17,50000	50,00
17,51667	50,00
17,53333	50,00
17,55000	50,00
17,56667	50,00
17,58333	50,00
17,60000	50,00
17,61667	50,00
17,63333	50,00
17,65000	50,00
17,66667	50,00
17,68333	50,00
17,70000	50,00
17,71667	50,00
17,73333	50,00
17,75000	50,00
17,76667	50,00
17,78333	50,00
17,80000	50,00
17,81667	50,00
17,83333	50,00
17,85000	50,00
17,86667	50,00
17,88333	50,00
17,90000	50,00
17,91667	50,00
17,93333	50,00
17,95000	49,99
17,96667	49,99
17,98333	49,99
18,00000	49,99
18,01667	49,99
18,03333	49,99
18,05000	49,99
18,06667	49,99
18,08333	49,99
18,10000	49,99
18,11667	49,99
18,13333	49,99
18,15000	49,99
18,16667	49,99
18,18333	49,99
18,20000	49,99
18,21667	49,99
18,23333	49,99
18,25000	49,99
18,26667	49,99
18,28333	49,99
18,30000	49,99
18,31667	49,99
18,33333	49,99
18,35000	49,99
18,36667	49,99
18,38333	49,99
18,40000	49,99
18,41667	49,99
18,43333	49,99
18,45000	49,99
18,46667	49,99
18,48333	49,99
18,50000	49,99
18,51667	49,99
18,53333	49,99
18,55000	49,99
18,56667	49,99
18,58333	49,99
18,60000	49,99
18,61667	49,99
18,63333	49,99
18,65000	49,99
18,66667	49,99
18,68333	49,99
18,70000	49,99
18,71667	49,99
18,73333	49,99
18,75000	49,99
18,76667	49,99
18,78333	49,99
18,80000	49,99
18,81667	49,99
18,83333	49,99
18,85000	49,99
18,86667	49,99
18,88333	49,99
18,90000	49,99
18,91667	49,99
18,93333	49,99
18,95000	49,99
18,96667	49,99
18,98333	49,99
19,00000	50,00
19,01667	50,00
19,03333	50,00
19,05000	50,00
19,06667	50,00
19,08333	50,00
19,10000	50,00
19,11667	50,00
19,13333	50,00
19,15000	50,00
19,16667	50,00
19,18333	50,00
19,20000	50,00
19,21667	50,00
19,23333	50,00
19,25000	50,00
19,26667	50,00
19,28333	50,00
19,30000	50,00
19,31667	50,00
19,33333	50,00
19,35000	50,00
19,36667	50,00
19,38333	50,00
19,40000	50,00
19,41667	50,00
19,43333	50,00
19,45000	50,00
19,46667	50,00
19,48333	50,00
19,50000	50,00
19,51667	50,00
19,53333	50,00
19,55000	50,00
19,56667	50,00
19,58333	50,00
19,60000	50,00
19,61667	50,00
19,63333	50,00
19,65000	50,00
19,66667	50,00
19,68333	50,00
19,70000	50,00
19,71667	50,00
19,73333	50,00
19,75000	50,00
19,76667	50,00
19,78333	50,00
19,80000	50,00
19,81667	50,00
19,83333	50,00
19,85000	50,00
19,86667	50,00
19,88333	50,00
19,90000	50,00
19,91667	50,00
19,93333	50,00
19,95000	50,00
19,96667	50,00
19,98333	50,00
20,00000	50,00
20,01667	50,00
20,03333	50,00
20,05000	50,00
20,06667	50,00
20,08333	50,00
20,10000	50,00
20,11667	50,00
20,13333	50,00
20,15000	50,00
20,16667	50,00
20,18333	50,00
20,20000	50,00
20,21667	50,00
20,23333	50,00
20,25000	50,00
20,26667	50,00
20,28333	50,00
20,30000	50,00
20,31667	50,00
20,33333	50,00
20,35000	49,99
20,36667	49,99
20,38333	49,99
20,40000	49,99
20,41667	49,99
20,43333	49,99
20,45000	49,99
20,46667	49,99
20,48333	49,99
20,50000	49,99
20,51667	49,99
20,53333	49,99
20,55000	49,99
20,56667	49,99
20,58333	49,99
20,60000	49,99
20,61667	49,99
20,63333	49,99
20,65000	49,99
20,66667	49,99
20,68333	49,99
20,70000	49,99
20,71667	49,99
20,73333	49,99
20,75000	50,00
20,76667	50,00
20,78333	50,00
20,80000	50,00
20,81667	50,00
20,83333	50,00
20,85000	50,00
20,86667	50,00
20,88333	50,00
20,90000	50,00
20,91667	50,00
20,93333	50,00
20,95000	50,00
20,96667	50,00
20,98333	50,00
21,00000	50,00
21,01667	50,00
21,03333	50,00
21,05000	50,00
21,06667	50,00
21,08333	50,00
21,10000	50,00
21,11667	50,00
21,13333	50,00
21,15000	50,00
21,16667	50,00
21,18333	50,00
21,20000	50,00
21,21667	50,00
21,23333	50,00
21,25000	50,00
21,26667	50,00
21,28333	50,00
21,30000	50,00
21,31667	50,00
21,33333	50,00
21,35000	50,00
21,36667	50,00
21,38333	50,00
21,40000	50,00
21,41667	50,00
21,43333	50,00
21,45000	50,00
21,46667	50,00
21,48333	50,00
21,50000	50,00
21,51667	50,00
21,53333	50,00
21,55000	50,00
21,56667	50,00
21,58333	50,00
21,60000	50,00
21,61667	50,00
21,63333	50,00
21,65000	50,00
21,66667	50,00
21,68333	50,00
21,70000	50,00
21,71667	50,00
21,73333	50,00
21,75000	50,00
21,76667	50,00
21,78333	50,00
21,80000	50,00
21,81667	50,00
21,83333	50,00
21,85000	50,00
21,86667	50,00
21,88333	50,00
21,90000	50,00
21,91667	50,00
21,93333	50,00
21,95000	49,99
21,96667	49,99
21,98333	49,99
22,00000	49,99
22,01667	49,99
22,03333	49,99
22,05000	49,99
22,06667	49,99
22,08333	49,99
22,10000	49,99
22,11667	49,99
22,13333	49,99
22,15000	49,99
22,16667	49,99
22,18333	49,99
22,20000	49,99
22,21667	49,99
22,23333	49,99
22,25000	49,99
22,26667	49,99
22,28333	49,99
22,30000	49,99
22,31667	49,99
22,33333	49,99
22,35000	49,99
22,36667	49,99
22,38333	49,99
22,40000	49,99
22,41667	49,99
22,43333	49,99
22,45000	49,99
22,46667	49,99
22,48333	49,99
22,50000	50,00
22,51667	50,00
22,53333	50,00
22,55000	50,00
22,56667	50,00
22,58333	50,00
22,60000	50,00
22,61667	50,00
22,63333	50,00
22,65000	50,00
22,66667	50,00
22,68333	50,00
22,70000	50,00
22,71667	50,00
22,73333	50,00
22,75000	50,00
22,76667	50,00
22,78333	50,00
22,80000	50,00
22,81667	50,00
22,83333	50,00
22,85000	50,00
22,86667	50,00
22,88333	50,00
22,90000	50,00
22,91667	50,00
22,93333	50,00
22,95000	50,00
22,96667	50,00
22,98333	50,00
23,00000	50,00
23,01667	50,00
23,03333	50,00
23,05000	50,00
23,06667	50,00
23,08333	50,00
23,10000	50,00
23,11667	50,00
23,13333	50,00
23,15000	50,00
23,16667	50,00
23,18333	50,00
23,20000	50,00
23,21667	50,00
23,23333	50,00
23,25000	50,00
23,26667	50,00
23,28333	50,00
23,30000	50,00
23,31667	50,00
23,33333	50,00
23,35000	50,00
23,36667	50,00
23,38333	50,00
23,40000	50,00
23,41667	50,00
23,43333	50,00
23,45000	50,00
23,46667	50,00
23,48333	50,00
23,50000	50,00
23,51667	50,00
23,53333	50,00
23,55000	50,00
23,56667	50,00
23,58333	50,00
23,60000	50,00
23,61667	50,00
23,63333	50,00
23,65000	50,00
23,66667	50,00
23,68333	50,00
23,70000	50,00
23,71667	50,00
23,73333	50,00
23,75000	50,00
23,76667	50,00
23,78333	50,00
23,80000	50,00
23,81667	50,00
23,83333	50,00
23,85000	50,00
23,86667	50,00
23,88333	50,00
23,90000	50,00
23,91667	50,00
23,93333	50,00
23,95000	50,00
23,96667	50,00
23,98333	50,00
24,00000	50,00
24,01667	50,00
24,03333	50,00
24,05000	50,00
24,06667	50,00
24,08333	50,00
24,10000	50,00
24,11667	50,00
24,13333	50,00
24,15000	50,00
24,16667	50,00
24,18333	50,00
24,20000	50,00
24,21667	50,00
24,23333	50,00
24,25000	50,00
24,26667	50,00
24,28333	50,00
24,30000	50,00
24,31667	50,00
24,33333	50,00
24,35000	50,00
24,36667	50,00
24,38333	50,00
24,40000	50,00
24,41667	50,00
24,43333	50,00
24,45000	50,00
24,46667	50,00
24,48333	50,00
24,50000	50,00
24,51667	50,00
24,53333	50,00
24,55000	50,00
24,56667	50,00
24,58333	50,00
24,60000	50,00
24,61667	50,00
24,63333	50,00
24,65000	50,00
24,66667	50,00
24,68333	50,00
24,70000	49,99
24,71667	49,99
24,73333	49,99
24,75000	49,99
24,76667	49,99
24,78333	49,99
24,80000	49,99
24,81667	49,99
24,83333	49,99
24,85000	49,99
24,86667	49,99
24,88333	49,99
24,90000	49,99
24,91667	49,99
24,93333	49,99
24,95000	49,99
24,96667	49,99
24,98333	49,99
25,00000	49,99
25,01667	49,99
25,03333	49,99
25,05000	49,99
25,06667	50,00
25,08333	50,00
25,10000	50,00
25,11667	50,00
25,13333	50,00
25,15000	50,00
25,16667	50,00
25,18333	50,00
25,20000	50,00
25,21667	50,00
25,23333	50,00
25,25000	50,00
25,26667	50,00
25,28333	50,00
25,30000	50,00
25,31667	50,00
25,33333	50,00
25,35000	49,99
25,36667	49,99
25,38333	49,99
25,40000	49,99
25,41667	49,99
25,43333	49,99
25,45000	49,99
25,46667	49,99
25,48333	49,99
25,50000	49,99
25,51667	49,99
25,53333	49,99
25,55000	49,99
25,56667	50,00
25,58333	50,00
25,60000	50,00
25,61667	50,00
25,63333	50,00
25,65000	50,00
25,66667	50,00
25,68333	50,00
25,70000	50,00
25,71667	50,00
25,73333	50,00
25,75000	50,00
25,76667	50,00
25,78333	50,00
25,80000	50,00
25,81667	50,00
25,83333	50,00
25,85000	50,00
25,86667	50,00
25,88333	50,00
25,90000	50,00
25,91667	50,00
25,93333	50,00
25,95000	50,00
25,96667	50,00
25,98333	50,00
26,00000	50,00
26,01667	50,00
26,03333	50,00
26,05000	50,00
26,06667	50,00
26,08333	50,00
26,10000	50,00
26,11667	50,00
26,13333	50,00
26,15000	50,00
26,16667	50,00
26,18333	50,00
26,20000	50,00
26,21667	50,00
26,23333	50,00
26,25000	50,00
26,26667	50,00
26,28333	50,00
26,30000	50,00
26,31667	49,99
26,33333	49,99
26,35000	49,99
26,36667	49,99
26,38333	49,99
26,40000	49,99
26,41667	49,99
26,43333	49,99
26,45000	49,99
26,46667	49,99
26,48333	49,99
26,50000	49,99
26,51667	49,99
26,53333	49,99
26,55000	49,99
26,56667	49,99
26,58333	49,99
26,60000	49,99
26,61667	49,99
26,63333	49,99
26,65000	49,99
26,66667	49,99
26,68333	49,99
26,70000	49,99
26,71667	49,99
26,73333	49,99
26,75000	49,99
26,76667	49,99
26,78333	49,99
26,80000	49,99
26,81667	49,99
26,83333	49,99
26,85000	49,99
26,86667	49,99
26,88333	49,99
26,90000	49,99
26,91667	49,99
26,93333	49,99
26,95000	49,99
26,96667	49,99
26,98333	49,99
27,00000	49,99
27,01667	49,99
27,03333	49,99
27,05000	49,99
27,06667	49,99
27,08333	49,99
27,10000	49,99
27,11667	49,99
27,13333	49,99
27,15000	49,99
27,16667	49,99
27,18333	49,99
27,20000	49,99
27,21667	49,99
27,23333	49,99
27,25000	49,99
27,26667	49,99
27,28333	49,99
27,30000	49,99
27,31667	49,99
27,33333	49,99
27,35000	49,99
27,36667	49,99
27,38333	49,99
27,40000	49,99
27,41667	49,99
27,43333	49,99
27,45000	49,99
27,46667	49,99
27,48333	49,99
27,50000	49,99
27,51667	49,99
27,53333	49,99
27,55000	49,99
27,56667	49,99
27,58333	49,99
27,60000	49,99
27,61667	49,99
27,63333	49,99
27,65000	49,99
27,66667	49,99
27,68333	49,99
27,70000	49,99
27,71667	49,99
27,73333	49,99
27,75000	49,99
27,76667	49,99
27,78333	49,99
27,80000	49,99
27,81667	49,99
27,83333	49,99
27,85000	49,99
27,86667	49,99
27,88333	49,99
27,90000	49,99
27,91667	49,99
27,93333	49,99
27,95000	49,99
27,96667	49,99
27,98333	49,99
28,00000	49,99
28,01667	49,99
28,03333	49,99
28,05000	49,99
28,06667	49,99
28,08333	49,99
28,10000	49,99
28,11667	49,99
28,13333	49,99
28,15000	49,99
28,16667	49,99
28,18333	49,99
28,20000	49,99
28,21667	49,99
28,23333	49,99
28,25000	49,99
28,26667	49,99
28,28333	49,99
28,30000	49,99
28,31667	49,99
28,33333	49,99
28,35000	49,99
28,36667	49,99
28,38333	49,99
28,40000	49,99
28,41667	49,99
28,43333	49,99
28,45000	49,99
28,46667	49,99
28,48333	49,99
28,50000	49,99
28,51667	49,99
28,53333	49,99
28,55000	49,99
28,56667	49,99
28,58333	49,99
28,60000	49,99
28,61667	49,99
28,63333	49,99
28,65000	49,99
28,66667	49,99
28,68333	49,99
28,70000	49,99
28,71667	49,99
28,73333	49,99
28,75000	49,99
28,76667	49,99
28,78333	49,99
28,80000	49,99
28,81667	49,99
28,83333	49,99
28,85000	49,99
28,86667	49,99
28,88333	49,99
28,90000	49,99
28,91667	49,99
28,93333	49,99
28,95000	49,99
28,96667	49,99
28,98333	49,99
29,00000	49,99
29,01667	49,99
29,03333	49,99
29,05000	49,99
29,06667	49,99
29,08333	49,99
29,10000	49,99
29,11667	49,99
29,13333	49,99
29,15000	49,99
29,16667	49,99
29,18333	49,99
29,20000	49,99
29,21667	49,99
29,23333	49,99
29,25000	49,99
29,26667	49,99
29,28333	49,99
29,30000	49,99
29,31667	49,99
29,33333	49,99
29,35000	49,99
29,36667	49,99
29,38333	49,99
29,40000	49,99
29,41667	49,99
29,43333	49,99
29,45000	49,99
29,46667	49,99
29,48333	49,99
29,50000	49,99
29,51667	49,99
29,53333	49,99
29,55000	49,99
29,56667	49,99
29,58333	49,99
29,60000	49,99
29,61667	49,99
29,63333	49,99
29,65000	49,99
29,66667	49,99
29,68333	49,99
29,70000	49,99
29,71667	49,99
29,73333	49,99
29,75000	49,99
29,76667	49,99
29,78333	49,99
29,80000	49,99
29,81667	49,99
29,83333	49,99
29,85000	49,99
29,86667	49,99
29,88333	49,99
29,90000	49,99
29,91667	49,99
29,93333	49,99
29,95000	49,99
29,96667	49,99
29,98333	49,99
30,00000	49,99
30,01667	49,99
30,03333	49,99
30,05000	49,99
30,06667	49,99
30,08333	49,99
30,10000	49,99
30,11667	49,99
30,13333	49,99
30,15000	49,99
30,16667	49,99
30,18333	49,99
30,20000	50,00
30,21667	50,00
30,23333	50,00
30,25000	50,00
30,26667	50,00
30,28333	50,00
30,30000	50,00
30,31667	50,00
30,33333	50,00
30,35000	50,00
30,36667	50,00
30,38333	50,00
30,40000	50,00
30,41667	50,00
30,43333	50,00
30,45000	50,00
30,46667	50,00
30,48333	50,00
30,50000	50,00
30,51667	50,00
30,53333	50,00
30,55000	50,00
30,56667	50,00
30,58333	50,00
30,60000	50,00
30,61667	50,00
30,63333	50,00
30,65000	50,00
30,66667	50,00
30,68333	50,00
30,70000	50,00
30,71667	50,00
30,73333	50,00
30,75000	50,00
30,76667	50,00
30,78333	50,00
30,80000	50,00
30,81667	50,00
30,83333	50,00
30,85000	50,00
30,86667	50,00
30,88333	50,00
30,90000	50,00
30,91667	50,00
30,93333	50,00
30,95000	50,00
30,96667	50,00
30,98333	50,00
31,00000	50,00
31,01667	50,00
31,03333	50,00
31,05000	50,00
31,06667	50,00
31,08333	50,00
31,10000	50,00
31,11667	50,00
31,13333	50,00
31,15000	50,00
31,16667	50,00
31,18333	50,00
31,20000	50,00
31,21667	50,00
31,23333	50,00
31,25000	50,00
31,26667	50,00
31,28333	50,00
31,30000	50,00
31,31667	50,00
31,33333	50,00
31,35000	50,00
31,36667	50,00
31,38333	50,00
31,40000	50,00
31,41667	50,00
31,43333	50,00
31,45000	50,00
31,46667	50,00
31,48333	50,00
31,50000	50,00
31,51667	50,00
31,53333	50,00
31,55000	50,00
31,56667	50,00
31,58333	50,00
31,60000	50,00
31,61667	50,00
31,63333	50,00
31,65000	50,00
31,66667	50,00
31,68333	50,00
31,70000	50,00
31,71667	50,00
31,73333	49,99
31,75000	49,99
31,76667	49,99
31,78333	49,99
31,80000	49,99
31,81667	49,99
31,83333	49,99
31,85000	49,99
31,86667	49,99
31,88333	49,99
31,90000	49,99
31,91667	49,99
31,93333	49,99
31,95000	49,99
31,96667	49,99
31,98333	49,99
32,00000	49,99

[LC Status Trace(Room Temp.)]
Interval(msec)	1000
# of Points	1921
Start Time(min)	0,000
End Time(min)	32,000
Intensity Units	C
Intensity Multiplier	1
R.Time (min)	Intensity
0,00000	32,67
0,01667	32,67
0,03333	32,67
0,05000	32,67
0,06667	32,68
0,08333	32,68
0,10000	32,68
0,11667	32,68
0,13333	32,68
0,15000	32,68
0,16667	32,68
0,18333	32,69
0,20000	32,69
0,21667	32,69
0,23333	32,69
0,25000	32,68
0,26667	32,67
0,28333	32,67
0,30000	32,66
0,31667	32,65
0,33333	32,65
0,35000	32,64
0,36667	32,63
0,38333	32,63
0,40000	32,61
0,41667	32,61
0,43333	32,60
0,45000	32,60
0,46667	32,60
0,48333	32,59
0,50000	32,58
0,51667	32,58
0,53333	32,57
0,55000	32,57
0,56667	32,56
0,58333	32,55
0,60000	32,55
0,61667	32,54
0,63333	32,54
0,65000	32,52
0,66667	32,51
0,68333	32,51
0,70000	32,50
0,71667	32,48
0,73333	32,48
0,75000	32,47
0,76667	32,46
0,78333	32,46
0,80000	32,45
0,81667	32,45
0,83333	32,45
0,85000	32,45
0,86667	32,45
0,88333	32,45
0,90000	32,45
0,91667	32,44
0,93333	32,44
0,95000	32,44
0,96667	32,44
0,98333	32,44
1,00000	32,44
1,01667	32,44
1,03333	32,44
1,05000	32,44
1,06667	32,44
1,08333	32,44
1,10000	32,44
1,11667	32,44
1,13333	32,44
1,15000	32,43
1,16667	32,43
1,18333	32,43
1,20000	32,44
1,21667	32,44
1,23333	32,44
1,25000	32,44
1,26667	32,45
1,28333	32,46
1,30000	32,46
1,31667	32,46
1,33333	32,46
1,35000	32,47
1,36667	32,48
1,38333	32,48
1,40000	32,49
1,41667	32,50
1,43333	32,50
1,45000	32,51
1,46667	32,51
1,48333	32,51
1,50000	32,52
1,51667	32,52
1,53333	32,52
1,55000	32,52
1,56667	32,53
1,58333	32,54
1,60000	32,54
1,61667	32,54
1,63333	32,54
1,65000	32,55
1,66667	32,56
1,68333	32,56
1,70000	32,57
1,71667	32,58
1,73333	32,58
1,75000	32,59
1,76667	32,59
1,78333	32,59
1,80000	32,60
1,81667	32,60
1,83333	32,60
1,85000	32,61
1,86667	32,61
1,88333	32,60
1,90000	32,60
1,91667	32,60
1,93333	32,59
1,95000	32,59
1,96667	32,59
1,98333	32,59
2,00000	32,59
2,01667	32,59
2,03333	32,59
2,05000	32,59
2,06667	32,59
2,08333	32,59
2,10000	32,59
2,11667	32,59
2,13333	32,59
2,15000	32,59
2,16667	32,59
2,18333	32,59
2,20000	32,59
2,21667	32,58
2,23333	32,58
2,25000	32,57
2,26667	32,56
2,28333	32,56
2,30000	32,55
2,31667	32,55
2,33333	32,55
2,35000	32,54
2,36667	32,54
2,38333	32,53
2,40000	32,53
2,41667	32,51
2,43333	32,51
2,45000	32,51
2,46667	32,50
2,48333	32,49
2,50000	32,49
2,51667	32,49
2,53333	32,49
2,55000	32,49
2,56667	32,49
2,58333	32,49
2,60000	32,48
2,61667	32,47
2,63333	32,47
2,65000	32,47
2,66667	32,46
2,68333	32,46
2,70000	32,45
2,71667	32,45
2,73333	32,43
2,75000	32,42
2,76667	32,42
2,78333	32,40
2,80000	32,40
2,81667	32,40
2,83333	32,39
2,85000	32,39
2,86667	32,39
2,88333	32,38
2,90000	32,38
2,91667	32,38
2,93333	32,39
2,95000	32,39
2,96667	32,39
2,98333	32,39
3,00000	32,40
3,01667	32,40
3,03333	32,40
3,05000	32,41
3,06667	32,41
3,08333	32,41
3,10000	32,42
3,11667	32,42
3,13333	32,42
3,15000	32,43
3,16667	32,43
3,18333	32,43
3,20000	32,44
3,21667	32,44
3,23333	32,44
3,25000	32,44
3,26667	32,44
3,28333	32,44
3,30000	32,44
3,31667	32,44
3,33333	32,43
3,35000	32,43
3,36667	32,43
3,38333	32,43
3,40000	32,43
3,41667	32,44
3,43333	32,44
3,45000	32,44
3,46667	32,45
3,48333	32,45
3,50000	32,45
3,51667	32,46
3,53333	32,46
3,55000	32,46
3,56667	32,47
3,58333	32,48
3,60000	32,48
3,61667	32,48
3,63333	32,49
3,65000	32,49
3,66667	32,49
3,68333	32,49
3,70000	32,49
3,71667	32,50
3,73333	32,50
3,75000	32,50
3,76667	32,51
3,78333	32,51
3,80000	32,51
3,81667	32,52
3,83333	32,52
3,85000	32,52
3,86667	32,53
3,88333	32,53
3,90000	32,53
3,91667	32,54
3,93333	32,54
3,95000	32,54
3,96667	32,54
3,98333	32,54
4,00000	32,54
4,01667	32,55
4,03333	32,55
4,05000	32,55
4,06667	32,55
4,08333	32,55
4,10000	32,55
4,11667	32,55
4,13333	32,55
4,15000	32,56
4,16667	32,56
4,18333	32,56
4,20000	32,56
4,21667	32,56
4,23333	32,57
4,25000	32,57
4,26667	32,57
4,28333	32,57
4,30000	32,58
4,31667	32,58
4,33333	32,58
4,35000	32,58
4,36667	32,58
4,38333	32,58
4,40000	32,58
4,41667	32,57
4,43333	32,57
4,45000	32,56
4,46667	32,56
4,48333	32,55
4,50000	32,54
4,51667	32,53
4,53333	32,53
4,55000	32,52
4,56667	32,52
4,58333	32,51
4,60000	32,51
4,61667	32,51
4,63333	32,50
4,65000	32,50
4,66667	32,51
4,68333	32,51
4,70000	32,51
4,71667	32,51
4,73333	32,51
4,75000	32,52
4,76667	32,53
4,78333	32,53
4,80000	32,53
4,81667	32,54
4,83333	32,54
4,85000	32,55
4,86667	32,55
4,88333	32,55
4,90000	32,55
4,91667	32,55
4,93333	32,55
4,95000	32,55
4,96667	32,55
4,98333	32,54
5,00000	32,53
5,01667	32,53
5,03333	32,53
5,05000	32,53
5,06667	32,53
5,08333	32,52
5,10000	32,52
5,11667	32,52
5,13333	32,52
5,15000	32,53
5,16667	32,52
5,18333	32,52
5,20000	32,52
5,21667	32,51
5,23333	32,51
5,25000	32,51
5,26667	32,50
5,28333	32,50
5,30000	32,50
5,31667	32,50
5,33333	32,50
5,35000	32,50
5,36667	32,50
5,38333	32,50
5,40000	32,50
5,41667	32,50
5,43333	32,49
5,45000	32,49
5,46667	32,49
5,48333	32,48
5,50000	32,48
5,51667	32,48
5,53333	32,48
5,55000	32,48
5,56667	32,47
5,58333	32,47
5,60000	32,47
5,61667	32,46
5,63333	32,46
5,65000	32,46
5,66667	32,45
5,68333	32,45
5,70000	32,44
5,71667	32,44
5,73333	32,44
5,75000	32,43
5,76667	32,42
5,78333	32,42
5,80000	32,41
5,81667	32,41
5,83333	32,40
5,85000	32,41
5,86667	32,41
5,88333	32,42
5,90000	32,42
5,91667	32,43
5,93333	32,44
5,95000	32,44
5,96667	32,45
5,98333	32,47
6,00000	32,47
6,01667	32,48
6,03333	32,48
6,05000	32,49
6,06667	32,50
6,08333	32,50
6,10000	32,51
6,11667	32,52
6,13333	32,52
6,15000	32,53
6,16667	32,54
6,18333	32,54
6,20000	32,54
6,21667	32,54
6,23333	32,54
6,25000	32,54
6,26667	32,53
6,28333	32,52
6,30000	32,52
6,31667	32,52
6,33333	32,51
6,35000	32,51
6,36667	32,51
6,38333	32,51
6,40000	32,51
6,41667	32,50
6,43333	32,50
6,45000	32,50
6,46667	32,49
6,48333	32,49
6,50000	32,48
6,51667	32,48
6,53333	32,48
6,55000	32,47
6,56667	32,47
6,58333	32,47
6,60000	32,47
6,61667	32,47
6,63333	32,46
6,65000	32,46
6,66667	32,46
6,68333	32,46
6,70000	32,46
6,71667	32,46
6,73333	32,47
6,75000	32,47
6,76667	32,48
6,78333	32,48
6,80000	32,48
6,81667	32,49
6,83333	32,50
6,85000	32,50
6,86667	32,50
6,88333	32,50
6,90000	32,51
6,91667	32,51
6,93333	32,51
6,95000	32,51
6,96667	32,51
6,98333	32,51
7,00000	32,51
7,01667	32,52
7,03333	32,52
7,05000	32,52
7,06667	32,52
7,08333	32,52
7,10000	32,51
7,11667	32,51
7,13333	32,51
7,15000	32,50
7,16667	32,50
7,18333	32,50
7,20000	32,49
7,21667	32,49
7,23333	32,49
7,25000	32,49
7,26667	32,49
7,28333	32,49
7,30000	32,49
7,31667	32,49
7,33333	32,49
7,35000	32,49
7,36667	32,49
7,38333	32,49
7,40000	32,49
7,41667	32,48
7,43333	32,48
7,45000	32,48
7,46667	32,48
7,48333	32,47
7,50000	32,47
7,51667	32,47
7,53333	32,47
7,55000	32,47
7,56667	32,47
7,58333	32,48
7,60000	32,48
7,61667	32,48
7,63333	32,49
7,65000	32,50
7,66667	32,50
7,68333	32,50
7,70000	32,50
7,71667	32,51
7,73333	32,52
7,75000	32,52
7,76667	32,53
7,78333	32,53
7,80000	32,54
7,81667	32,55
7,83333	32,55
7,85000	32,56
7,86667	32,57
7,88333	32,57
7,90000	32,57
7,91667	32,57
7,93333	32,57
7,95000	32,57
7,96667	32,57
7,98333	32,57
8,00000	32,56
8,01667	32,56
8,03333	32,56
8,05000	32,55
8,06667	32,55
8,08333	32,55
8,10000	32,55
8,11667	32,55
8,13333	32,55
8,15000	32,55
8,16667	32,55
8,18333	32,56
8,20000	32,56
8,21667	32,56
8,23333	32,56
8,25000	32,57
8,26667	32,57
8,28333	32,57
8,30000	32,57
8,31667	32,58
8,33333	32,58
8,35000	32,58
8,36667	32,58
8,38333	32,58
8,40000	32,58
8,41667	32,57
8,43333	32,57
8,45000	32,57
8,46667	32,57
8,48333	32,57
8,50000	32,58
8,51667	32,58
8,53333	32,58
8,55000	32,58
8,56667	32,59
8,58333	32,59
8,60000	32,60
8,61667	32,60
8,63333	32,60
8,65000	32,60
8,66667	32,60
8,68333	32,60
8,70000	32,60
8,71667	32,60
8,73333	32,59
8,75000	32,59
8,76667	32,58
8,78333	32,57
8,80000	32,57
8,81667	32,56
8,83333	32,55
8,85000	32,55
8,86667	32,54
8,88333	32,54
8,90000	32,52
8,91667	32,51
8,93333	32,51
8,95000	32,50
8,96667	32,50
8,98333	32,50
9,00000	32,50
9,01667	32,51
9,03333	32,51
9,05000	32,51
9,06667	32,51
9,08333	32,51
9,10000	32,51
9,11667	32,51
9,13333	32,52
9,15000	32,52
9,16667	32,53
9,18333	32,53
9,20000	32,53
9,21667	32,54
9,23333	32,54
9,25000	32,54
9,26667	32,55
9,28333	32,55
9,30000	32,55
9,31667	32,56
9,33333	32,56
9,35000	32,57
9,36667	32,58
9,38333	32,58
9,40000	32,58
9,41667	32,58
9,43333	32,58
9,45000	32,59
9,46667	32,59
9,48333	32,59
9,50000	32,60
9,51667	32,60
9,53333	32,60
9,55000	32,60
9,56667	32,60
9,58333	32,61
9,60000	32,61
9,61667	32,62
9,63333	32,62
9,65000	32,62
9,66667	32,62
9,68333	32,62
9,70000	32,62
9,71667	32,61
9,73333	32,61
9,75000	32,60
9,76667	32,58
9,78333	32,58
9,80000	32,57
9,81667	32,56
9,83333	32,56
9,85000	32,54
9,86667	32,53
9,88333	32,53
9,90000	32,53
9,91667	32,52
9,93333	32,52
9,95000	32,52
9,96667	32,52
9,98333	32,52
10,00000	32,52
10,01667	32,52
10,03333	32,52
10,05000	32,52
10,06667	32,51
10,08333	32,51
10,10000	32,51
10,11667	32,51
10,13333	32,51
10,15000	32,51
10,16667	32,51
10,18333	32,51
10,20000	32,51
10,21667	32,51
10,23333	32,51
10,25000	32,50
10,26667	32,49
10,28333	32,49
10,30000	32,48
10,31667	32,48
10,33333	32,48
10,35000	32,48
10,36667	32,48
10,38333	32,48
10,40000	32,48
10,41667	32,48
10,43333	32,48
10,45000	32,48
10,46667	32,47
10,48333	32,47
10,50000	32,47
10,51667	32,46
10,53333	32,45
10,55000	32,45
10,56667	32,45
10,58333	32,44
10,60000	32,44
10,61667	32,43
10,63333	32,43
10,65000	32,42
10,66667	32,41
10,68333	32,41
10,70000	32,41
10,71667	32,40
10,73333	32,40
10,75000	32,39
10,76667	32,39
10,78333	32,39
10,80000	32,39
10,81667	32,39
10,83333	32,39
10,85000	32,38
10,86667	32,38
10,88333	32,38
10,90000	32,38
10,91667	32,37
10,93333	32,37
10,95000	32,37
10,96667	32,36
10,98333	32,36
11,00000	32,36
11,01667	32,35
11,03333	32,35
11,05000	32,35
11,06667	32,35
11,08333	32,35
11,10000	32,35
11,11667	32,36
11,13333	32,36
11,15000	32,37
11,16667	32,38
11,18333	32,38
11,20000	32,39
11,21667	32,39
11,23333	32,40
11,25000	32,41
11,26667	32,41
11,28333	32,43
11,30000	32,44
11,31667	32,44
11,33333	32,45
11,35000	32,45
11,36667	32,45
11,38333	32,46
11,40000	32,46
11,41667	32,46
11,43333	32,47
11,45000	32,47
11,46667	32,47
11,48333	32,47
11,50000	32,46
11,51667	32,45
11,53333	32,45
11,55000	32,45
11,56667	32,44
11,58333	32,44
11,60000	32,43
11,61667	32,43
11,63333	32,43
11,65000	32,43
11,66667	32,43
11,68333	32,44
11,70000	32,45
11,71667	32,45
11,73333	32,46
11,75000	32,46
11,76667	32,46
11,78333	32,46
11,80000	32,46
11,81667	32,45
11,83333	32,44
11,85000	32,44
11,86667	32,43
11,88333	32,43
11,90000	32,41
11,91667	32,39
11,93333	32,39
11,95000	32,38
11,96667	32,37
11,98333	32,37
12,00000	32,37
12,01667	32,37
12,03333	32,37
12,05000	32,36
12,06667	32,36
12,08333	32,37
12,10000	32,37
12,11667	32,37
12,13333	32,37
12,15000	32,37
12,16667	32,37
12,18333	32,38
12,20000	32,38
12,21667	32,38
12,23333	32,39
12,25000	32,40
12,26667	32,40
12,28333	32,40
12,30000	32,40
12,31667	32,41
12,33333	32,41
12,35000	32,41
12,36667	32,41
12,38333	32,41
12,40000	32,42
12,41667	32,42
12,43333	32,42
12,45000	32,42
12,46667	32,42
12,48333	32,42
12,50000	32,43
12,51667	32,43
12,53333	32,43
12,55000	32,44
12,56667	32,44
12,58333	32,45
12,60000	32,47
12,61667	32,47
12,63333	32,48
12,65000	32,49
12,66667	32,49
12,68333	32,50
12,70000	32,50
12,71667	32,50
12,73333	32,51
12,75000	32,51
12,76667	32,52
12,78333	32,52
12,80000	32,52
12,81667	32,53
12,83333	32,53
12,85000	32,54
12,86667	32,54
12,88333	32,54
12,90000	32,54
12,91667	32,54
12,93333	32,54
12,95000	32,55
12,96667	32,55
12,98333	32,55
13,00000	32,55
13,01667	32,55
13,03333	32,55
13,05000	32,55
13,06667	32,55
13,08333	32,55
13,10000	32,55
13,11667	32,55
13,13333	32,55
13,15000	32,55
13,16667	32,55
13,18333	32,55
13,20000	32,55
13,21667	32,56
13,23333	32,56
13,25000	32,56
13,26667	32,56
13,28333	32,56
13,30000	32,57
13,31667	32,57
13,33333	32,57
13,35000	32,58
13,36667	32,58
13,38333	32,58
13,40000	32,59
13,41667	32,59
13,43333	32,59
13,45000	32,60
13,46667	32,60
13,48333	32,60
13,50000	32,61
13,51667	32,61
13,53333	32,61
13,55000	32,61
13,56667	32,61
13,58333	32,61
13,60000	32,61
13,61667	32,61
13,63333	32,60
13,65000	32,60
13,66667	32,59
13,68333	32,58
13,70000	32,58
13,71667	32,58
13,73333	32,58
13,75000	32,57
13,76667	32,57
13,78333	32,57
13,80000	32,57
13,81667	32,57
13,83333	32,57
13,85000	32,57
13,86667	32,57
13,88333	32,57
13,90000	32,56
13,91667	32,56
13,93333	32,56
13,95000	32,56
13,96667	32,56
13,98333	32,56
14,00000	32,56
14,01667	32,56
14,03333	32,55
14,05000	32,55
14,06667	32,55
14,08333	32,55
14,10000	32,55
14,11667	32,55
14,13333	32,55
14,15000	32,56
14,16667	32,57
14,18333	32,57
14,20000	32,58
14,21667	32,59
14,23333	32,59
14,25000	32,60
14,26667	32,61
14,28333	32,61
14,30000	32,62
14,31667	32,62
14,33333	32,62
14,35000	32,62
14,36667	32,63
14,38333	32,63
14,40000	32,63
14,41667	32,63
14,43333	32,64
14,45000	32,64
14,46667	32,64
14,48333	32,65
14,50000	32,65
14,51667	32,65
14,53333	32,65
14,55000	32,66
14,56667	32,66
14,58333	32,66
14,60000	32,66
14,61667	32,67
14,63333	32,67
14,65000	32,67
14,66667	32,67
14,68333	32,67
14,70000	32,67
14,71667	32,67
14,73333	32,67
14,75000	32,67
14,76667	32,67
14,78333	32,67
14,80000	32,67
14,81667	32,67
14,83333	32,67
14,85000	32,66
14,86667	32,65
14,88333	32,65
14,90000	32,64
14,91667	32,63
14,93333	32,63
14,95000	32,62
14,96667	32,60
14,98333	32,60
15,00000	32,58
15,01667	32,58
15,03333	32,57
15,05000	32,57
15,06667	32,56
15,08333	32,56
15,10000	32,56
15,11667	32,56
15,13333	32,56
15,15000	32,56
15,16667	32,56
15,18333	32,57
15,20000	32,57
15,21667	32,57
15,23333	32,57
15,25000	32,57
15,26667	32,58
15,28333	32,58
15,30000	32,59
15,31667	32,60
15,33333	32,60
15,35000	32,60
15,36667	32,60
15,38333	32,60
15,40000	32,59
15,41667	32,59
15,43333	32,59
15,45000	32,59
15,46667	32,59
15,48333	32,59
15,50000	32,59
15,51667	32,59
15,53333	32,59
15,55000	32,59
15,56667	32,59
15,58333	32,58
15,60000	32,58
15,61667	32,58
15,63333	32,58
15,65000	32,58
15,66667	32,58
15,68333	32,58
15,70000	32,58
15,71667	32,57
15,73333	32,57
15,75000	32,57
15,76667	32,56
15,78333	32,56
15,80000	32,55
15,81667	32,55
15,83333	32,54
15,85000	32,53
15,86667	32,53
15,88333	32,53
15,90000	32,53
15,91667	32,52
15,93333	32,52
15,95000	32,52
15,96667	32,52
15,98333	32,52
16,00000	32,52
16,01667	32,52
16,03333	32,52
16,05000	32,52
16,06667	32,52
16,08333	32,52
16,10000	32,53
16,11667	32,53
16,13333	32,53
16,15000	32,53
16,16667	32,53
16,18333	32,53
16,20000	32,53
16,21667	32,53
16,23333	32,53
16,25000	32,53
16,26667	32,53
16,28333	32,53
16,30000	32,53
16,31667	32,53
16,33333	32,54
16,35000	32,54
16,36667	32,54
16,38333	32,55
16,40000	32,55
16,41667	32,55
16,43333	32,55
16,45000	32,55
16,46667	32,55
16,48333	32,55
16,50000	32,55
16,51667	32,55
16,53333	32,55
16,55000	32,55
16,56667	32,56
16,58333	32,56
16,60000	32,56
16,61667	32,56
16,63333	32,56
16,65000	32,56
16,66667	32,56
16,68333	32,55
16,70000	32,56
16,71667	32,56
16,73333	32,56
16,75000	32,56
16,76667	32,56
16,78333	32,56
16,80000	32,56
16,81667	32,57
16,83333	32,57
16,85000	32,57
16,86667	32,57
16,88333	32,57
16,90000	32,56
16,91667	32,56
16,93333	32,56
16,95000	32,56
16,96667	32,55
16,98333	32,55
17,00000	32,54
17,01667	32,53
17,03333	32,53
17,05000	32,52
17,06667	32,52
17,08333	32,51
17,10000	32,50
17,11667	32,50
17,13333	32,50
17,15000	32,49
17,16667	32,49
17,18333	32,48
17,20000	32,48
17,21667	32,48
17,23333	32,48
17,25000	32,48
17,26667	32,48
17,28333	32,49
17,30000	32,49
17,31667	32,49
17,33333	32,49
17,35000	32,49
17,36667	32,50
17,38333	32,50
17,40000	32,50
17,41667	32,50
17,43333	32,50
17,45000	32,51
17,46667	32,51
17,48333	32,51
17,50000	32,52
17,51667	32,53
17,53333	32,53
17,55000	32,54
17,56667	32,54
17,58333	32,55
17,60000	32,55
17,61667	32,55
17,63333	32,56
17,65000	32,56
17,66667	32,56
17,68333	32,56
17,70000	32,56
17,71667	32,57
17,73333	32,57
17,75000	32,57
17,76667	32,57
17,78333	32,57
17,80000	32,57
17,81667	32,57
17,83333	32,57
17,85000	32,57
17,86667	32,57
17,88333	32,57
17,90000	32,57
17,91667	32,58
17,93333	32,58
17,95000	32,58
17,96667	32,58
17,98333	32,57
18,00000	32,57
18,01667	32,56
18,03333	32,56
18,05000	32,55
18,06667	32,55
18,08333	32,54
18,10000	32,54
18,11667	32,53
18,13333	32,52
18,15000	32,52
18,16667	32,51
18,18333	32,50
18,20000	32,50
18,21667	32,50
18,23333	32,50
18,25000	32,50
18,26667	32,50
18,28333	32,50
18,30000	32,50
18,31667	32,50
18,33333	32,50
18,35000	32,49
18,36667	32,49
18,38333	32,49
18,40000	32,48
18,41667	32,47
18,43333	32,47
18,45000	32,47
18,46667	32,47
18,48333	32,47
18,50000	32,47
18,51667	32,47
18,53333	32,47
18,55000	32,47
18,56667	32,47
18,58333	32,47
18,60000	32,47
18,61667	32,48
18,63333	32,48
18,65000	32,48
18,66667	32,49
18,68333	32,49
18,70000	32,50
18,71667	32,50
18,73333	32,50
18,75000	32,50
18,76667	32,49
18,78333	32,49
18,80000	32,49
18,81667	32,48
18,83333	32,48
18,85000	32,49
18,86667	32,49
18,88333	32,49
18,90000	32,49
18,91667	32,49
18,93333	32,49
18,95000	32,49
18,96667	32,49
18,98333	32,50
19,00000	32,50
19,01667	32,50
19,03333	32,50
19,05000	32,50
19,06667	32,50
19,08333	32,51
19,10000	32,51
19,11667	32,51
19,13333	32,51
19,15000	32,51
19,16667	32,51
19,18333	32,52
19,20000	32,52
19,21667	32,52
19,23333	32,53
19,25000	32,53
19,26667	32,53
19,28333	32,53
19,30000	32,54
19,31667	32,55
19,33333	32,55
19,35000	32,55
19,36667	32,55
19,38333	32,55
19,40000	32,55
19,41667	32,55
19,43333	32,55
19,45000	32,55
19,46667	32,55
19,48333	32,55
19,50000	32,55
19,51667	32,55
19,53333	32,56
19,55000	32,56
19,56667	32,56
19,58333	32,56
19,60000	32,56
19,61667	32,57
19,63333	32,57
19,65000	32,57
19,66667	32,58
19,68333	32,58
19,70000	32,58
19,71667	32,58
19,73333	32,59
19,75000	32,59
19,76667	32,59
19,78333	32,60
19,80000	32,60
19,81667	32,60
19,83333	32,61
19,85000	32,61
19,86667	32,61
19,88333	32,61
19,90000	32,61
19,91667	32,61
19,93333	32,61
19,95000	32,61
19,96667	32,62
19,98333	32,62
20,00000	32,61
20,01667	32,61
20,03333	32,61
20,05000	32,60
20,06667	32,60
20,08333	32,60
20,10000	32,60
20,11667	32,60
20,13333	32,60
20,15000	32,60
20,16667	32,60
20,18333	32,60
20,20000	32,60
20,21667	32,60
20,23333	32,61
20,25000	32,61
20,26667	32,61
20,28333	32,62
20,30000	32,62
20,31667	32,62
20,33333	32,62
20,35000	32,62
20,36667	32,63
20,38333	32,63
20,40000	32,63
20,41667	32,63
20,43333	32,63
20,45000	32,63
20,46667	32,62
20,48333	32,62
20,50000	32,62
20,51667	32,62
20,53333	32,62
20,55000	32,61
20,56667	32,61
20,58333	32,61
20,60000	32,60
20,61667	32,60
20,63333	32,60
20,65000	32,59
20,66667	32,59
20,68333	32,58
20,70000	32,58
20,71667	32,58
20,73333	32,57
20,75000	32,57
20,76667	32,57
20,78333	32,57
20,80000	32,57
20,81667	32,56
20,83333	32,56
20,85000	32,56
20,86667	32,56
20,88333	32,56
20,90000	32,56
20,91667	32,56
20,93333	32,56
20,95000	32,56
20,96667	32,56
20,98333	32,56
21,00000	32,55
21,01667	32,55
21,03333	32,55
21,05000	32,55
21,06667	32,55
21,08333	32,55
21,10000	32,54
21,11667	32,54
21,13333	32,52
21,15000	32,51
21,16667	32,51
21,18333	32,50
21,20000	32,50
21,21667	32,48
21,23333	32,48
21,25000	32,48
21,26667	32,47
21,28333	32,47
21,30000	32,47
21,31667	32,48
21,33333	32,48
21,35000	32,48
21,36667	32,49
21,38333	32,49
21,40000	32,50
21,41667	32,51
21,43333	32,51
21,45000	32,51
21,46667	32,51
21,48333	32,50
21,50000	32,50
21,51667	32,50
21,53333	32,50
21,55000	32,49
21,56667	32,49
21,58333	32,49
21,60000	32,48
21,61667	32,48
21,63333	32,47
21,65000	32,47
21,66667	32,46
21,68333	32,46
21,70000	32,46
21,71667	32,46
21,73333	32,46
21,75000	32,46
21,76667	32,46
21,78333	32,46
21,80000	32,46
21,81667	32,46
21,83333	32,46
21,85000	32,46
21,86667	32,46
21,88333	32,46
21,90000	32,46
21,91667	32,46
21,93333	32,46
21,95000	32,47
21,96667	32,47
21,98333	32,47
22,00000	32,47
22,01667	32,47
22,03333	32,46
22,05000	32,46
22,06667	32,46
22,08333	32,46
22,10000	32,45
22,11667	32,45
22,13333	32,45
22,15000	32,45
22,16667	32,45
22,18333	32,44
22,20000	32,44
22,21667	32,44
22,23333	32,44
22,25000	32,44
22,26667	32,43
22,28333	32,42
22,30000	32,42
22,31667	32,40
22,33333	32,39
22,35000	32,39
22,36667	32,39
22,38333	32,39
22,40000	32,39
22,41667	32,39
22,43333	32,39
22,45000	32,40
22,46667	32,40
22,48333	32,40
22,50000	32,41
22,51667	32,42
22,53333	32,42
22,55000	32,43
22,56667	32,43
22,58333	32,43
22,60000	32,44
22,61667	32,44
22,63333	32,45
22,65000	32,45
22,66667	32,47
22,68333	32,48
22,70000	32,48
22,71667	32,49
22,73333	32,50
22,75000	32,50
22,76667	32,50
22,78333	32,51
22,80000	32,51
22,81667	32,52
22,83333	32,52
22,85000	32,53
22,86667	32,54
22,88333	32,54
22,90000	32,55
22,91667	32,55
22,93333	32,55
22,95000	32,55
22,96667	32,55
22,98333	32,55
23,00000	32,55
23,01667	32,55
23,03333	32,55
23,05000	32,55
23,06667	32,55
23,08333	32,55
23,10000	32,55
23,11667	32,55
23,13333	32,55
23,15000	32,55
23,16667	32,56
23,18333	32,57
23,20000	32,57
23,21667	32,57
23,23333	32,57
23,25000	32,58
23,26667	32,59
23,28333	32,59
23,30000	32,60
23,31667	32,61
23,33333	32,61
23,35000	32,62
23,36667	32,63
23,38333	32,63
23,40000	32,63
23,41667	32,64
23,43333	32,64
23,45000	32,64
23,46667	32,64
23,48333	32,64
23,50000	32,64
23,51667	32,64
23,53333	32,65
23,55000	32,65
23,56667	32,65
23,58333	32,65
23,60000	32,65
23,61667	32,66
23,63333	32,66
23,65000	32,66
23,66667	32,66
23,68333	32,66
23,70000	32,67
23,71667	32,67
23,73333	32,67
23,75000	32,67
23,76667	32,67
23,78333	32,67
23,80000	32,67
23,81667	32,67
23,83333	32,67
23,85000	32,66
23,86667	32,66
23,88333	32,66
23,90000	32,66
23,91667	32,66
23,93333	32,66
23,95000	32,66
23,96667	32,66
23,98333	32,66
24,00000	32,66
24,01667	32,66
24,03333	32,66
24,05000	32,66
24,06667	32,66
24,08333	32,66
24,10000	32,66
24,11667	32,66
24,13333	32,66
24,15000	32,66
24,16667	32,65
24,18333	32,65
24,20000	32,65
24,21667	32,65
24,23333	32,65
24,25000	32,65
24,26667	32,64
24,28333	32,64
24,30000	32,64
24,31667	32,64
24,33333	32,64
24,35000	32,64
24,36667	32,64
24,38333	32,64
24,40000	32,64
24,41667	32,64
24,43333	32,64
24,45000	32,64
24,46667	32,64
24,48333	32,65
24,50000	32,65
24,51667	32,65
24,53333	32,65
24,55000	32,65
24,56667	32,64
24,58333	32,64
24,60000	32,64
24,61667	32,64
24,63333	32,64
24,65000	32,63
24,66667	32,63
24,68333	32,63
24,70000	32,63
24,71667	32,63
24,73333	32,63
24,75000	32,63
24,76667	32,63
24,78333	32,63
24,80000	32,64
24,81667	32,64
24,83333	32,64
24,85000	32,64
24,86667	32,64
24,88333	32,64
24,90000	32,64
24,91667	32,64
24,93333	32,64
24,95000	32,64
24,96667	32,63
24,98333	32,63
25,00000	32,63
25,01667	32,63
25,03333	32,63
25,05000	32,63
25,06667	32,63
25,08333	32,63
25,10000	32,63
25,11667	32,63
25,13333	32,63
25,15000	32,63
25,16667	32,63
25,18333	32,63
25,20000	32,63
25,21667	32,63
25,23333	32,62
25,25000	32,62
25,26667	32,62
25,28333	32,62
25,30000	32,62
25,31667	32,61
25,33333	32,60
25,35000	32,60
25,36667	32,59
25,38333	32,57
25,40000	32,57
25,41667	32,56
25,43333	32,54
25,45000	32,54
25,46667	32,53
25,48333	32,53
25,50000	32,52
25,51667	32,51
25,53333	32,51
25,55000	32,50
25,56667	32,49
25,58333	32,49
25,60000	32,49
25,61667	32,49
25,63333	32,49
25,65000	32,49
25,66667	32,49
25,68333	32,50
25,70000	32,50
25,71667	32,51
25,73333	32,51
25,75000	32,51
25,76667	32,51
25,78333	32,51
25,80000	32,51
25,81667	32,52
25,83333	32,53
25,85000	32,53
25,86667	32,54
25,88333	32,54
25,90000	32,54
25,91667	32,55
25,93333	32,55
25,95000	32,55
25,96667	32,56
25,98333	32,56
26,00000	32,56
26,01667	32,57
26,03333	32,57
26,05000	32,57
26,06667	32,57
26,08333	32,57
26,10000	32,57
26,11667	32,57
26,13333	32,57
26,15000	32,57
26,16667	32,57
26,18333	32,56
26,20000	32,55
26,21667	32,55
26,23333	32,54
26,25000	32,54
26,26667	32,53
26,28333	32,52
26,30000	32,52
26,31667	32,52
26,33333	32,52
26,35000	32,52
26,36667	32,51
26,38333	32,51
26,40000	32,51
26,41667	32,50
26,43333	32,50
26,45000	32,50
26,46667	32,50
26,48333	32,49
26,50000	32,49
26,51667	32,49
26,53333	32,49
26,55000	32,49
26,56667	32,49
26,58333	32,49
26,60000	32,49
26,61667	32,49
26,63333	32,49
26,65000	32,49
26,66667	32,49
26,68333	32,49
26,70000	32,49
26,71667	32,49
26,73333	32,49
26,75000	32,49
26,76667	32,49
26,78333	32,49
26,80000	32,49
26,81667	32,50
26,83333	32,50
26,85000	32,50
26,86667	32,49
26,88333	32,49
26,90000	32,49
26,91667	32,49
26,93333	32,49
26,95000	32,49
26,96667	32,49
26,98333	32,49
27,00000	32,49
27,01667	32,49
27,03333	32,50
27,05000	32,50
27,06667	32,51
27,08333	32,51
27,10000	32,52
27,11667	32,52
27,13333	32,52
27,15000	32,52
27,16667	32,53
27,18333	32,53
27,20000	32,53
27,21667	32,53
27,23333	32,53
27,25000	32,53
27,26667	32,53
27,28333	32,53
27,30000	32,53
27,31667	32,53
27,33333	32,54
27,35000	32,54
27,36667	32,54
27,38333	32,54
27,40000	32,55
27,41667	32,55
27,43333	32,55
27,45000	32,56
27,46667	32,56
27,48333	32,57
27,50000	32,58
27,51667	32,58
27,53333	32,59
27,55000	32,59
27,56667	32,59
27,58333	32,60
27,60000	32,60
27,61667	32,60
27,63333	32,60
27,65000	32,61
27,66667	32,61
27,68333	32,61
27,70000	32,62
27,71667	32,62
27,73333	32,62
27,75000	32,63
27,76667	32,62
27,78333	32,62
27,80000	32,61
27,81667	32,61
27,83333	32,60
27,85000	32,60
27,86667	32,58
27,88333	32,57
27,90000	32,57
27,91667	32,55
27,93333	32,54
27,95000	32,54
27,96667	32,53
27,98333	32,52
28,00000	32,52
28,01667	32,52
28,03333	32,52
28,05000	32,51
28,06667	32,50
28,08333	32,50
28,10000	32,50
28,11667	32,50
28,13333	32,50
28,15000	32,50
28,16667	32,50
28,18333	32,49
28,20000	32,48
28,21667	32,48
28,23333	32,48
28,25000	32,48
28,26667	32,48
28,28333	32,48
28,30000	32,48
28,31667	32,47
28,33333	32,47
28,35000	32,46
28,36667	32,45
28,38333	32,45
28,40000	32,44
28,41667	32,44
28,43333	32,44
28,45000	32,44
28,46667	32,44
28,48333	32,44
28,50000	32,45
28,51667	32,45
28,53333	32,45
28,55000	32,45
28,56667	32,46
28,58333	32,46
28,60000	32,46
28,61667	32,46
28,63333	32,46
28,65000	32,46
28,66667	32,46
28,68333	32,45
28,70000	32,45
28,71667	32,45
28,73333	32,45
28,75000	32,44
28,76667	32,44
28,78333	32,44
28,80000	32,44
28,81667	32,44
28,83333	32,44
28,85000	32,45
28,86667	32,46
28,88333	32,46
28,90000	32,47
28,91667	32,47
28,93333	32,48
28,95000	32,48
28,96667	32,48
28,98333	32,49
29,00000	32,49
29,01667	32,49
29,03333	32,49
29,05000	32,49
29,06667	32,50
29,08333	32,50
29,10000	32,50
29,11667	32,51
29,13333	32,51
29,15000	32,51
29,16667	32,50
29,18333	32,50
29,20000	32,49
29,21667	32,48
29,23333	32,48
29,25000	32,46
29,26667	32,45
29,28333	32,45
29,30000	32,44
29,31667	32,44
29,33333	32,43
29,35000	32,42
29,36667	32,42
29,38333	32,41
29,40000	32,41
29,41667	32,41
29,43333	32,40
29,45000	32,40
29,46667	32,40
29,48333	32,39
29,50000	32,39
29,51667	32,39
29,53333	32,39
29,55000	32,39
29,56667	32,39
29,58333	32,39
29,60000	32,39
29,61667	32,40
29,63333	32,40
29,65000	32,40
29,66667	32,40
29,68333	32,40
29,70000	32,39
29,71667	32,39
29,73333	32,40
29,75000	32,41
29,76667	32,41
29,78333	32,42
29,80000	32,42
29,81667	32,42
29,83333	32,44
29,85000	32,44
29,86667	32,44
29,88333	32,45
29,90000	32,45
29,91667	32,46
29,93333	32,47
29,95000	32,47
29,96667	32,48
29,98333	32,48
30,00000	32,48
30,01667	32,48
30,03333	32,48
30,05000	32,48
30,06667	32,47
30,08333	32,47
30,10000	32,47
30,11667	32,46
30,13333	32,46
30,15000	32,45
30,16667	32,45
30,18333	32,45
30,20000	32,44
30,21667	32,44
30,23333	32,44
30,25000	32,44
30,26667	32,44
30,28333	32,45
30,30000	32,45
30,31667	32,45
30,33333	32,46
30,35000	32,47
30,36667	32,47
30,38333	32,47
30,40000	32,48
30,41667	32,48
30,43333	32,49
30,45000	32,49
30,46667	32,50
30,48333	32,50
30,50000	32,51
30,51667	32,52
30,53333	32,52
30,55000	32,52
30,56667	32,52
30,58333	32,52
30,60000	32,52
30,61667	32,52
30,63333	32,52
30,65000	32,52
30,66667	32,52
30,68333	32,52
30,70000	32,53
30,71667	32,53
30,73333	32,53
30,75000	32,53
30,76667	32,54
30,78333	32,54
30,80000	32,54
30,81667	32,55
30,83333	32,55
30,85000	32,55
30,86667	32,55
30,88333	32,55
30,90000	32,55
30,91667	32,55
30,93333	32,55
30,95000	32,54
30,96667	32,55
30,98333	32,55
31,00000	32,55
31,01667	32,55
31,03333	32,55
31,05000	32,55
31,06667	32,55
31,08333	32,55
31,10000	32,54
31,11667	32,54
31,13333	32,54
31,15000	32,55
31,16667	32,55
31,18333	32,55
31,20000	32,55
31,21667	32,56
31,23333	32,56
31,25000	32,56
31,26667	32,56
31,28333	32,56
31,30000	32,56
31,31667	32,56
31,33333	32,56
31,35000	32,55
31,36667	32,55
31,38333	32,55
31,40000	32,54
31,41667	32,54
31,43333	32,54
31,45000	32,53
31,46667	32,53
31,48333	32,53
31,50000	32,52
31,51667	32,52
31,53333	32,52
31,55000	32,51
31,56667	32,51
31,58333	32,50
31,60000	32,50
31,61667	32,49
31,63333	32,48
31,65000	32,48
31,66667	32,47
31,68333	32,46
31,70000	32,46
31,71667	32,45
31,73333	32,45
31,75000	32,45
31,76667	32,45
31,78333	32,45
31,80000	32,45
31,81667	32,45
31,83333	32,45
31,85000	32,45
31,86667	32,46
31,88333	32,46
31,90000	32,46
31,91667	32,47
31,93333	32,47
31,95000	32,47
31,96667	32,47
31,98333	32,47
32,00000	32,47

[LC Status Trace(PDA Cell Temp.)]
Interval(msec)	1000
# of Points	1921
Start Time(min)	0,000
End Time(min)	32,000
Intensity Units	C
Intensity Multiplier	1
R.Time (min)	Intensity
0,00000	49,99
0,01667	49,99
0,03333	49,99
0,05000	49,99
0,06667	49,99
0,08333	49,99
0,10000	49,99
0,11667	49,99
0,13333	49,99
0,15000	49,99
0,16667	49,99
0,18333	49,99
0,20000	49,99
0,21667	49,99
0,23333	49,99
0,25000	49,99
0,26667	49,99
0,28333	49,99
0,30000	49,99
0,31667	49,99
0,33333	49,99
0,35000	49,99
0,36667	49,99
0,38333	49,99
0,40000	49,99
0,41667	49,99
0,43333	49,99
0,45000	49,99
0,46667	49,99
0,48333	49,99
0,50000	49,99
0,51667	49,99
0,53333	49,99
0,55000	49,99
0,56667	49,99
0,58333	49,99
0,60000	49,99
0,61667	49,99
0,63333	49,99
0,65000	49,99
0,66667	49,99
0,68333	49,99
0,70000	49,99
0,71667	49,99
0,73333	49,99
0,75000	49,99
0,76667	49,99
0,78333	49,99
0,80000	49,99
0,81667	49,99
0,83333	49,99
0,85000	49,99
0,86667	49,99
0,88333	49,99
0,90000	49,99
0,91667	49,99
0,93333	49,99
0,95000	49,99
0,96667	49,99
0,98333	49,99
1,00000	49,99
1,01667	49,99
1,03333	49,99
1,05000	49,99
1,06667	49,99
1,08333	49,99
1,10000	49,99
1,11667	49,99
1,13333	49,99
1,15000	50,00
1,16667	50,00
1,18333	50,00
1,20000	50,00
1,21667	50,00
1,23333	50,00
1,25000	50,00
1,26667	50,00
1,28333	50,00
1,30000	50,00
1,31667	50,00
1,33333	50,00
1,35000	50,00
1,36667	50,00
1,38333	50,00
1,40000	50,00
1,41667	50,00
1,43333	50,00
1,45000	50,00
1,46667	50,00
1,48333	50,00
1,50000	50,00
1,51667	50,00
1,53333	50,00
1,55000	50,00
1,56667	50,00
1,58333	50,00
1,60000	50,00
1,61667	50,00
1,63333	50,00
1,65000	50,00
1,66667	49,99
1,68333	49,99
1,70000	49,99
1,71667	49,99
1,73333	49,99
1,75000	49,99
1,76667	49,99
1,78333	49,99
1,80000	49,99
1,81667	49,99
1,83333	49,99
1,85000	49,99
1,86667	49,99
1,88333	49,99
1,90000	49,99
1,91667	49,99
1,93333	49,99
1,95000	49,99
1,96667	49,99
1,98333	49,99
2,00000	49,99
2,01667	49,99
2,03333	49,99
2,05000	49,99
2,06667	49,99
2,08333	49,99
2,10000	49,99
2,11667	49,99
2,13333	49,99
2,15000	49,99
2,16667	50,00
2,18333	50,00
2,20000	50,00
2,21667	50,00
2,23333	50,00
2,25000	50,00
2,26667	50,00
2,28333	50,00
2,30000	50,00
2,31667	50,00
2,33333	50,00
2,35000	50,00
2,36667	50,00
2,38333	50,00
2,40000	50,00
2,41667	50,00
2,43333	50,00
2,45000	50,00
2,46667	50,00
2,48333	50,00
2,50000	49,99
2,51667	49,99
2,53333	49,99
2,55000	49,99
2,56667	49,99
2,58333	49,99
2,60000	49,99
2,61667	49,99
2,63333	49,99
2,65000	49,99
2,66667	49,99
2,68333	49,99
2,70000	49,99
2,71667	49,99
2,73333	49,99
2,75000	50,00
2,76667	50,00
2,78333	50,00
2,80000	50,00
2,81667	50,00
2,83333	50,00
2,85000	50,00
2,86667	50,00
2,88333	50,00
2,90000	50,00
2,91667	50,00
2,93333	50,00
2,95000	50,00
2,96667	50,00
2,98333	50,00
3,00000	50,00
3,01667	50,00
3,03333	50,00
3,05000	50,00
3,06667	50,00
3,08333	50,00
3,10000	50,00
3,11667	50,00
3,13333	50,00
3,15000	50,00
3,16667	50,00
3,18333	50,00
3,20000	50,00
3,21667	50,00
3,23333	50,00
3,25000	50,00
3,26667	50,00
3,28333	50,00
3,30000	50,00
3,31667	49,99
3,33333	49,99
3,35000	49,99
3,36667	49,99
3,38333	49,99
3,40000	49,99
3,41667	49,99
3,43333	49,99
3,45000	49,99
3,46667	49,99
3,48333	50,00
3,50000	49,99
3,51667	50,00
3,53333	50,00
3,55000	50,00
3,56667	50,00
3,58333	50,00
3,60000	50,00
3,61667	50,00
3,63333	50,00
3,65000	50,00
3,66667	50,00
3,68333	50,00
3,70000	50,00
3,71667	50,00
3,73333	50,00
3,75000	50,00
3,76667	50,00
3,78333	50,00
3,80000	50,00
3,81667	50,00
3,83333	50,00
3,85000	50,00
3,86667	50,00
3,88333	50,00
3,90000	50,00
3,91667	50,00
3,93333	50,00
3,95000	49,99
3,96667	49,99
3,98333	49,99
4,00000	49,99
4,01667	49,99
4,03333	49,99
4,05000	49,99
4,06667	49,99
4,08333	49,99
4,10000	49,99
4,11667	49,99
4,13333	49,99
4,15000	49,99
4,16667	50,00
4,18333	50,00
4,20000	50,00
4,21667	50,00
4,23333	50,00
4,25000	50,00
4,26667	50,00
4,28333	50,00
4,30000	50,00
4,31667	50,00
4,33333	50,00
4,35000	50,00
4,36667	50,00
4,38333	50,00
4,40000	50,00
4,41667	50,00
4,43333	50,00
4,45000	50,00
4,46667	50,00
4,48333	50,00
4,50000	50,00
4,51667	50,00
4,53333	50,00
4,55000	50,00
4,56667	50,00
4,58333	50,00
4,60000	50,00
4,61667	50,00
4,63333	50,00
4,65000	50,00
4,66667	50,00
4,68333	50,00
4,70000	50,00
4,71667	50,00
4,73333	50,00
4,75000	50,00
4,76667	50,00
4,78333	50,00
4,80000	49,99
4,81667	49,99
4,83333	49,99
4,85000	49,99
4,86667	49,99
4,88333	49,99
4,90000	49,99
4,91667	49,99
4,93333	49,99
4,95000	49,99
4,96667	49,99
4,98333	49,99
5,00000	49,99
5,01667	49,99
5,03333	49,99
5,05000	49,99
5,06667	49,99
5,08333	49,99
5,10000	49,99
5,11667	49,99
5,13333	49,99
5,15000	49,99
5,16667	49,99
5,18333	49,99
5,20000	49,99
5,21667	49,99
5,23333	49,99
5,25000	50,00
5,26667	50,00
5,28333	50,00
5,30000	50,00
5,31667	50,00
5,33333	50,00
5,35000	50,00
5,36667	50,00
5,38333	50,00
5,40000	50,00
5,41667	50,00
5,43333	49,99
5,45000	49,99
5,46667	49,99
5,48333	49,99
5,50000	49,99
5,51667	49,99
5,53333	49,99
5,55000	49,99
5,56667	49,99
5,58333	49,99
5,60000	49,99
5,61667	49,99
5,63333	49,99
5,65000	49,99
5,66667	49,99
5,68333	49,99
5,70000	49,99
5,71667	49,99
5,73333	49,99
5,75000	49,99
5,76667	49,99
5,78333	49,99
5,80000	49,99
5,81667	49,99
5,83333	49,99
5,85000	49,99
5,86667	49,99
5,88333	49,99
5,90000	49,99
5,91667	49,99
5,93333	49,99
5,95000	49,99
5,96667	49,99
5,98333	49,99
6,00000	49,99
6,01667	49,99
6,03333	49,99
6,05000	49,99
6,06667	49,99
6,08333	49,99
6,10000	50,00
6,11667	50,00
6,13333	50,00
6,15000	50,00
6,16667	50,00
6,18333	50,00
6,20000	50,00
6,21667	50,00
6,23333	50,00
6,25000	50,00
6,26667	50,00
6,28333	50,00
6,30000	50,00
6,31667	50,00
6,33333	50,00
6,35000	50,00
6,36667	50,00
6,38333	50,00
6,40000	50,00
6,41667	50,00
6,43333	50,00
6,45000	50,00
6,46667	50,00
6,48333	50,00
6,50000	50,00
6,51667	50,00
6,53333	50,00
6,55000	50,00
6,56667	50,00
6,58333	50,00
6,60000	50,00
6,61667	50,00
6,63333	50,00
6,65000	50,00
6,66667	50,00
6,68333	50,00
6,70000	50,00
6,71667	50,00
6,73333	50,00
6,75000	50,00
6,76667	50,00
6,78333	50,00
6,80000	50,00
6,81667	50,00
6,83333	50,00
6,85000	49,99
6,86667	49,99
6,88333	49,99
6,90000	49,99
6,91667	49,99
6,93333	49,99
6,95000	49,99
6,96667	50,00
6,98333	50,00
7,00000	50,00
7,01667	50,00
7,03333	50,00
7,05000	50,00
7,06667	50,00
7,08333	50,00
7,10000	50,00
7,11667	50,00
7,13333	50,00
7,15000	50,00
7,16667	50,00
7,18333	50,00
7,20000	50,00
7,21667	50,00
7,23333	50,00
7,25000	50,00
7,26667	50,00
7,28333	50,00
7,30000	50,00
7,31667	50,00
7,33333	50,00
7,35000	50,00
7,36667	50,00
7,38333	50,00
7,40000	50,00
7,41667	50,00
7,43333	50,00
7,45000	50,00
7,46667	50,00
7,48333	50,00
7,50000	50,00
7,51667	50,00
7,53333	50,00
7,55000	50,00
7,56667	50,00
7,58333	50,00
7,60000	50,00
7,61667	50,00
7,63333	50,00
7,65000	50,00
7,66667	50,00
7,68333	50,00
7,70000	50,00
7,71667	50,00
7,73333	50,00
7,75000	50,00
7,76667	50,00
7,78333	50,00
7,80000	50,00
7,81667	50,00
7,83333	50,00
7,85000	50,00
7,86667	50,00
7,88333	50,00
7,90000	50,00
7,91667	50,00
7,93333	50,00
7,95000	50,00
7,96667	50,00
7,98333	50,00
8,00000	50,00
8,01667	50,00
8,03333	50,00
8,05000	50,00
8,06667	50,00
8,08333	50,00
8,10000	50,00
8,11667	50,00
8,13333	50,00
8,15000	50,00
8,16667	50,00
8,18333	50,00
8,20000	50,00
8,21667	50,00
8,23333	50,00
8,25000	50,00
8,26667	50,00
8,28333	50,00
8,30000	50,00
8,31667	50,00
8,33333	50,00
8,35000	50,00
8,36667	50,00
8,38333	50,00
8,40000	50,00
8,41667	50,00
8,43333	50,00
8,45000	50,00
8,46667	50,00
8,48333	50,00
8,50000	50,00
8,51667	50,00
8,53333	50,00
8,55000	50,00
8,56667	50,00
8,58333	50,00
8,60000	50,00
8,61667	50,00
8,63333	50,00
8,65000	50,00
8,66667	50,00
8,68333	50,00
8,70000	50,00
8,71667	50,00
8,73333	50,00
8,75000	50,00
8,76667	50,00
8,78333	50,00
8,80000	50,00
8,81667	50,00
8,83333	50,00
8,85000	50,00
8,86667	50,00
8,88333	50,00
8,90000	50,00
8,91667	50,00
8,93333	50,00
8,95000	50,00
8,96667	50,00
8,98333	50,00
9,00000	50,00
9,01667	50,00
9,03333	50,00
9,05000	50,00
9,06667	50,00
9,08333	50,00
9,10000	50,00
9,11667	50,00
9,13333	50,00
9,15000	50,00
9,16667	50,00
9,18333	50,00
9,20000	50,00
9,21667	49,99
9,23333	49,99
9,25000	49,99
9,26667	49,99
9,28333	49,99
9,30000	49,99
9,31667	49,99
9,33333	49,99
9,35000	49,99
9,36667	49,99
9,38333	49,99
9,40000	49,99
9,41667	49,99
9,43333	49,99
9,45000	49,99
9,46667	49,99
9,48333	49,99
9,50000	49,99
9,51667	49,99
9,53333	49,99
9,55000	49,99
9,56667	49,99
9,58333	49,99
9,60000	50,00
9,61667	50,00
9,63333	50,00
9,65000	50,00
9,66667	50,00
9,68333	50,00
9,70000	50,00
9,71667	50,00
9,73333	50,00
9,75000	50,00
9,76667	50,00
9,78333	50,00
9,80000	50,00
9,81667	50,00
9,83333	50,00
9,85000	50,00
9,86667	50,00
9,88333	50,00
9,90000	50,00
9,91667	50,00
9,93333	50,00
9,95000	50,00
9,96667	50,00
9,98333	50,00
10,00000	50,00
10,01667	50,00
10,03333	50,00
10,05000	50,00
10,06667	50,00
10,08333	50,00
10,10000	50,00
10,11667	50,00
10,13333	50,00
10,15000	50,00
10,16667	50,00
10,18333	50,00
10,20000	50,00
10,21667	50,00
10,23333	50,00
10,25000	50,00
10,26667	50,00
10,28333	50,00
10,30000	50,00
10,31667	49,99
10,33333	49,99
10,35000	49,99
10,36667	49,99
10,38333	49,99
10,40000	49,99
10,41667	49,99
10,43333	49,99
10,45000	49,99
10,46667	49,99
10,48333	49,99
10,50000	49,99
10,51667	49,99
10,53333	49,99
10,55000	49,99
10,56667	49,99
10,58333	49,99
10,60000	49,99
10,61667	49,99
10,63333	49,99
10,65000	49,99
10,66667	49,99
10,68333	49,99
10,70000	49,99
10,71667	49,99
10,73333	49,99
10,75000	49,99
10,76667	49,99
10,78333	49,99
10,80000	49,99
10,81667	49,99
10,83333	49,99
10,85000	50,00
10,86667	50,00
10,88333	50,00
10,90000	50,00
10,91667	50,00
10,93333	50,00
10,95000	50,00
10,96667	50,00
10,98333	50,00
11,00000	50,00
11,01667	50,00
11,03333	50,00
11,05000	50,00
11,06667	50,00
11,08333	50,00
11,10000	50,00
11,11667	50,00
11,13333	50,00
11,15000	50,00
11,16667	50,00
11,18333	50,00
11,20000	50,00
11,21667	50,00
11,23333	50,00
11,25000	50,00
11,26667	50,00
11,28333	50,00
11,30000	50,00
11,31667	50,00
11,33333	50,00
11,35000	50,00
11,36667	50,00
11,38333	50,00
11,40000	50,00
11,41667	50,00
11,43333	50,00
11,45000	50,00
11,46667	50,00
11,48333	50,00
11,50000	50,00
11,51667	50,00
11,53333	50,00
11,55000	50,00
11,56667	49,99
11,58333	49,99
11,60000	49,99
11,61667	49,99
11,63333	49,99
11,65000	49,99
11,66667	49,99
11,68333	49,99
11,70000	49,99
11,71667	49,99
11,73333	49,99
11,75000	49,99
11,76667	49,99
11,78333	49,99
11,80000	49,99
11,81667	49,99
11,83333	49,99
11,85000	49,99
11,86667	49,99
11,88333	49,99
11,90000	49,99
11,91667	49,99
11,93333	49,99
11,95000	49,99
11,96667	49,99
11,98333	49,99
12,00000	50,00
12,01667	50,00
12,03333	50,00
12,05000	50,00
12,06667	50,00
12,08333	50,00
12,10000	50,00
12,11667	50,00
12,13333	50,00
12,15000	50,00
12,16667	50,00
12,18333	50,00
12,20000	50,00
12,21667	50,00
12,23333	50,00
12,25000	50,00
12,26667	50,00
12,28333	50,00
12,30000	50,00
12,31667	50,00
12,33333	50,00
12,35000	50,00
12,36667	50,00
12,38333	50,00
12,40000	50,00
12,41667	50,00
12,43333	50,00
12,45000	50,00
12,46667	50,00
12,48333	50,00
12,50000	50,00
12,51667	50,00
12,53333	50,00
12,55000	50,00
12,56667	50,00
12,58333	50,00
12,60000	50,00
12,61667	50,00
12,63333	50,00
12,65000	50,00
12,66667	50,00
12,68333	49,99
12,70000	49,99
12,71667	49,99
12,73333	49,99
12,75000	49,99
12,76667	49,99
12,78333	49,99
12,80000	49,99
12,81667	49,99
12,83333	49,99
12,85000	49,99
12,86667	50,00
12,88333	50,00
12,90000	50,00
12,91667	50,00
12,93333	50,00
12,95000	50,00
12,96667	50,00
12,98333	50,00
13,00000	50,00
13,01667	50,00
13,03333	50,00
13,05000	50,00
13,06667	50,00
13,08333	50,00
13,10000	50,00
13,11667	50,00
13,13333	50,00
13,15000	50,00
13,16667	50,00
13,18333	50,00
13,20000	50,00
13,21667	50,00
13,23333	50,00
13,25000	50,00
13,26667	50,00
13,28333	50,00
13,30000	50,00
13,31667	50,00
13,33333	50,00
13,35000	49,99
13,36667	49,99
13,38333	49,99
13,40000	49,99
13,41667	49,99
13,43333	49,99
13,45000	49,99
13,46667	49,99
13,48333	49,99
13,50000	49,99
13,51667	49,99
13,53333	49,99
13,55000	49,99
13,56667	49,99
13,58333	49,99
13,60000	49,99
13,61667	49,99
13,63333	49,99
13,65000	49,99
13,66667	49,99
13,68333	49,99
13,70000	49,99
13,71667	49,99
13,73333	49,99
13,75000	49,99
13,76667	49,99
13,78333	49,99
13,80000	49,99
13,81667	49,99
13,83333	49,99
13,85000	49,99
13,86667	50,00
13,88333	50,00
13,90000	50,00
13,91667	50,00
13,93333	50,00
13,95000	50,00
13,96667	50,00
13,98333	50,00
14,00000	50,00
14,01667	50,00
14,03333	50,00
14,05000	50,00
14,06667	50,00
14,08333	50,00
14,10000	50,00
14,11667	50,00
14,13333	50,00
14,15000	50,00
14,16667	50,00
14,18333	50,00
14,20000	50,00
14,21667	50,00
14,23333	50,00
14,25000	50,00
14,26667	50,00
14,28333	50,00
14,30000	50,00
14,31667	50,00
14,33333	50,00
14,35000	50,00
14,36667	50,00
14,38333	50,00
14,40000	50,00
14,41667	50,00
14,43333	50,00
14,45000	50,00
14,46667	49,99
14,48333	49,99
14,50000	49,99
14,51667	49,99
14,53333	49,99
14,55000	49,99
14,56667	49,99
14,58333	49,99
14,60000	49,99
14,61667	49,99
14,63333	49,99
14,65000	49,99
14,66667	49,99
14,68333	50,00
14,70000	50,00
14,71667	50,00
14,73333	50,00
14,75000	50,00
14,76667	50,00
14,78333	50,00
14,80000	50,00
14,81667	50,00
14,83333	50,00
14,85000	50,00
14,86667	50,00
14,88333	50,00
14,90000	50,00
14,91667	50,00
14,93333	50,00
14,95000	50,00
14,96667	50,00
14,98333	50,00
15,00000	50,00
15,01667	50,00
15,03333	50,00
15,05000	50,00
15,06667	50,00
15,08333	50,00
15,10000	50,00
15,11667	50,00
15,13333	50,00
15,15000	50,00
15,16667	50,00
15,18333	50,00
15,20000	50,00
15,21667	50,00
15,23333	50,00
15,25000	50,00
15,26667	50,00
15,28333	50,00
15,30000	50,00
15,31667	50,00
15,33333	50,00
15,35000	50,00
15,36667	50,00
15,38333	50,00
15,40000	50,00
15,41667	50,00
15,43333	49,99
15,45000	49,99
15,46667	49,99
15,48333	49,99
15,50000	49,99
15,51667	49,99
15,53333	49,99
15,55000	49,99
15,56667	49,99
15,58333	49,99
15,60000	49,99
15,61667	49,99
15,63333	49,99
15,65000	49,99
15,66667	49,99
15,68333	49,99
15,70000	49,99
15,71667	49,99
15,73333	49,99
15,75000	49,99
15,76667	49,99
15,78333	49,99
15,80000	49,99
15,81667	49,99
15,83333	49,99
15,85000	49,99
15,86667	50,00
15,88333	50,00
15,90000	50,00
15,91667	50,00
15,93333	50,00
15,95000	50,00
15,96667	50,00
15,98333	50,00
16,00000	50,00
16,01667	50,00
16,03333	50,00
16,05000	50,00
16,06667	50,00
16,08333	50,00
16,10000	50,00
16,11667	50,00
16,13333	50,00
16,15000	50,00
16,16667	50,00
16,18333	50,00
16,20000	50,00
16,21667	50,00
16,23333	50,00
16,25000	50,00
16,26667	50,00
16,28333	50,00
16,30000	50,00
16,31667	50,00
16,33333	50,00
16,35000	50,00
16,36667	50,00
16,38333	50,00
16,40000	50,00
16,41667	50,00
16,43333	50,00
16,45000	50,00
16,46667	50,00
16,48333	50,00
16,50000	50,00
16,51667	50,00
16,53333	50,00
16,55000	50,00
16,56667	50,00
16,58333	50,00
16,60000	50,00
16,61667	50,00
16,63333	50,00
16,65000	50,00
16,66667	50,00
16,68333	49,99
16,70000	49,99
16,71667	49,99
16,73333	49,99
16,75000	49,99
16,76667	49,99
16,78333	49,99
16,80000	49,99
16,81667	49,99
16,83333	49,99
16,85000	49,99
16,86667	49,99
16,88333	49,99
16,90000	49,99
16,91667	49,99
16,93333	49,99
16,95000	49,99
16,96667	49,99
16,98333	49,99
17,00000	49,99
17,01667	49,99
17,03333	49,99
17,05000	49,99
17,06667	49,99
17,08333	49,99
17,10000	49,99
17,11667	49,99
17,13333	49,99
17,15000	49,99
17,16667	49,99
17,18333	49,99
17,20000	49,99
17,21667	49,99
17,23333	49,99
17,25000	49,99
17,26667	49,99
17,28333	49,99
17,30000	49,99
17,31667	49,99
17,33333	50,00
17,35000	50,00
17,36667	50,00
17,38333	50,00
17,40000	50,00
17,41667	50,00
17,43333	50,00
17,45000	50,00
17,46667	50,00
17,48333	50,00
17,50000	50,00
17,51667	50,00
17,53333	50,00
17,55000	50,00
17,56667	50,00
17,58333	50,00
17,60000	50,00
17,61667	50,00
17,63333	50,00
17,65000	50,00
17,66667	50,00
17,68333	50,00
17,70000	50,00
17,71667	50,00
17,73333	50,00
17,75000	50,00
17,76667	50,00
17,78333	50,00
17,80000	50,00
17,81667	50,00
17,83333	50,00
17,85000	50,00
17,86667	50,00
17,88333	50,00
17,90000	50,00
17,91667	50,00
17,93333	50,00
17,95000	50,00
17,96667	50,00
17,98333	50,00
18,00000	50,00
18,01667	50,00
18,03333	50,00
18,05000	50,00
18,06667	50,00
18,08333	49,99
18,10000	49,99
18,11667	49,99
18,13333	49,99
18,15000	49,99
18,16667	49,99
18,18333	49,99
18,20000	49,99
18,21667	49,99
18,23333	49,99
18,25000	49,99
18,26667	49,99
18,28333	49,99
18,30000	49,99
18,31667	49,99
18,33333	49,99
18,35000	49,99
18,36667	49,99
18,38333	49,99
18,40000	49,99
18,41667	49,99
18,43333	49,99
18,45000	49,99
18,46667	49,99
18,48333	49,99
18,50000	49,99
18,51667	49,99
18,53333	49,99
18,55000	49,99
18,56667	49,99
18,58333	49,99
18,60000	49,99
18,61667	49,99
18,63333	49,99
18,65000	49,99
18,66667	49,99
18,68333	49,99
18,70000	49,99
18,71667	49,99
18,73333	49,99
18,75000	49,99
18,76667	50,00
18,78333	50,00
18,80000	50,00
18,81667	50,00
18,83333	50,00
18,85000	50,00
18,86667	50,00
18,88333	50,00
18,90000	50,00
18,91667	50,00
18,93333	50,00
18,95000	50,00
18,96667	50,00
18,98333	50,00
19,00000	50,00
19,01667	50,00
19,03333	50,00
19,05000	49,99
19,06667	49,99
19,08333	49,99
19,10000	50,00
19,11667	50,00
19,13333	49,99
19,15000	49,99
19,16667	49,99
19,18333	50,00
19,20000	50,00
19,21667	50,00
19,23333	50,00
19,25000	50,00
19,26667	50,00
19,28333	50,00
19,30000	50,00
19,31667	50,00
19,33333	50,00
19,35000	50,00
19,36667	50,00
19,38333	50,00
19,40000	50,00
19,41667	50,00
19,43333	50,00
19,45000	50,00
19,46667	50,00
19,48333	50,00
19,50000	50,00
19,51667	50,00
19,53333	50,00
19,55000	50,00
19,56667	50,00
19,58333	50,00
19,60000	50,00
19,61667	50,00
19,63333	50,00
19,65000	50,00
19,66667	50,00
19,68333	50,00
19,70000	50,00
19,71667	50,00
19,73333	50,00
19,75000	50,00
19,76667	50,00
19,78333	50,00
19,80000	50,00
19,81667	49,99
19,83333	50,00
19,85000	50,00
19,86667	50,00
19,88333	50,00
19,90000	50,00
19,91667	50,00
19,93333	50,00
19,95000	50,00
19,96667	50,00
19,98333	50,00
20,00000	50,00
20,01667	50,00
20,03333	50,00
20,05000	50,00
20,06667	50,00
20,08333	50,00
20,10000	50,00
20,11667	50,00
20,13333	50,00
20,15000	50,00
20,16667	50,00
20,18333	50,00
20,20000	50,00
20,21667	50,00
20,23333	50,00
20,25000	50,00
20,26667	50,00
20,28333	50,00
20,30000	50,00
20,31667	50,00
20,33333	50,00
20,35000	50,00
20,36667	50,00
20,38333	50,00
20,40000	50,00
20,41667	50,00
20,43333	50,00
20,45000	50,00
20,46667	50,00
20,48333	50,00
20,50000	49,99
20,51667	49,99
20,53333	49,99
20,55000	49,99
20,56667	49,99
20,58333	49,99
20,60000	49,99
20,61667	49,99
20,63333	49,99
20,65000	49,99
20,66667	49,99
20,68333	49,99
20,70000	49,99
20,71667	49,99
20,73333	49,99
20,75000	49,99
20,76667	49,99
20,78333	49,99
20,80000	49,99
20,81667	49,99
20,83333	49,99
20,85000	50,00
20,86667	50,00
20,88333	50,00
20,90000	50,00
20,91667	50,00
20,93333	50,00
20,95000	50,00
20,96667	50,00
20,98333	50,00
21,00000	50,00
21,01667	50,00
21,03333	50,00
21,05000	50,00
21,06667	50,00
21,08333	50,00
21,10000	50,00
21,11667	50,00
21,13333	50,00
21,15000	50,00
21,16667	50,00
21,18333	50,00
21,20000	49,99
21,21667	49,99
21,23333	49,99
21,25000	49,99
21,26667	49,99
21,28333	49,99
21,30000	49,99
21,31667	49,99
21,33333	49,99
21,35000	49,99
21,36667	49,99
21,38333	49,99
21,40000	49,99
21,41667	49,99
21,43333	49,99
21,45000	49,99
21,46667	49,99
21,48333	49,99
21,50000	49,99
21,51667	49,99
21,53333	50,00
21,55000	50,00
21,56667	50,00
21,58333	50,00
21,60000	50,00
21,61667	50,00
21,63333	50,00
21,65000	50,00
21,66667	50,00
21,68333	50,00
21,70000	50,00
21,71667	50,00
21,73333	50,00
21,75000	50,00
21,76667	50,00
21,78333	50,00
21,80000	50,00
21,81667	50,00
21,83333	50,00
21,85000	50,00
21,86667	50,00
21,88333	50,00
21,90000	50,00
21,91667	50,00
21,93333	50,00
21,95000	50,00
21,96667	50,00
21,98333	50,00
22,00000	50,00
22,01667	50,00
22,03333	50,00
22,05000	50,00
22,06667	50,00
22,08333	50,00
22,10000	50,00
22,11667	50,00
22,13333	50,00
22,15000	50,00
22,16667	49,99
22,18333	49,99
22,20000	49,99
22,21667	49,99
22,23333	49,99
22,25000	49,99
22,26667	49,99
22,28333	49,99
22,30000	49,99
22,31667	49,99
22,33333	49,99
22,35000	49,99
22,36667	49,99
22,38333	49,99
22,40000	49,99
22,41667	49,99
22,43333	49,99
22,45000	49,99
22,46667	49,99
22,48333	49,99
22,50000	49,99
22,51667	49,99
22,53333	49,99
22,55000	49,99
22,56667	49,99
22,58333	49,99
22,60000	49,99
22,61667	49,99
22,63333	49,99
22,65000	50,00
22,66667	50,00
22,68333	50,00
22,70000	50,00
22,71667	50,00
22,73333	50,00
22,75000	50,00
22,76667	50,00
22,78333	50,00
22,80000	50,00
22,81667	50,00
22,83333	50,00
22,85000	50,00
22,86667	50,00
22,88333	50,00
22,90000	50,00
22,91667	50,00
22,93333	50,00
22,95000	50,00
22,96667	50,00
22,98333	50,00
23,00000	50,00
23,01667	50,00
23,03333	50,00
23,05000	50,00
23,06667	50,00
23,08333	50,00
23,10000	50,00
23,11667	50,00
23,13333	50,00
23,15000	50,00
23,16667	50,00
23,18333	50,00
23,20000	50,00
23,21667	50,00
23,23333	50,00
23,25000	50,00
23,26667	50,00
23,28333	50,00
23,30000	50,00
23,31667	50,00
23,33333	50,00
23,35000	50,00
23,36667	49,99
23,38333	49,99
23,40000	49,99
23,41667	49,99
23,43333	49,99
23,45000	49,99
23,46667	49,99
23,48333	49,99
23,50000	49,99
23,51667	49,99
23,53333	49,99
23,55000	50,00
23,56667	50,00
23,58333	50,00
23,60000	50,00
23,61667	50,00
23,63333	50,00
23,65000	50,00
23,66667	50,00
23,68333	50,00
23,70000	50,00
23,71667	50,00
23,73333	50,00
23,75000	50,00
23,76667	50,00
23,78333	50,00
23,80000	50,00
23,81667	50,00
23,83333	50,00
23,85000	50,00
23,86667	50,00
23,88333	50,00
23,90000	50,00
23,91667	50,00
23,93333	50,00
23,95000	50,00
23,96667	50,00
23,98333	50,00
24,00000	50,00
24,01667	50,00
24,03333	50,00
24,05000	50,00
24,06667	50,00
24,08333	50,00
24,10000	50,00
24,11667	50,00
24,13333	50,00
24,15000	50,00
24,16667	50,00
24,18333	50,00
24,20000	50,00
24,21667	50,00
24,23333	50,00
24,25000	50,00
24,26667	50,00
24,28333	50,00
24,30000	50,00
24,31667	50,00
24,33333	50,00
24,35000	50,00
24,36667	50,00
24,38333	50,00
24,40000	50,00
24,41667	50,00
24,43333	50,00
24,45000	50,00
24,46667	50,00
24,48333	50,00
24,50000	50,00
24,51667	50,00
24,53333	50,00
24,55000	50,00
24,56667	50,00
24,58333	50,00
24,60000	50,00
24,61667	50,00
24,63333	50,00
24,65000	50,00
24,66667	50,00
24,68333	50,00
24,70000	50,00
24,71667	50,00
24,73333	50,00
24,75000	50,00
24,76667	50,00
24,78333	50,00
24,80000	50,00
24,81667	50,00
24,83333	50,00
24,85000	50,00
24,86667	50,00
24,88333	50,00
24,90000	50,00
24,91667	50,00
24,93333	50,00
24,95000	50,00
24,96667	50,00
24,98333	50,00
25,00000	50,00
25,01667	50,00
25,03333	50,00
25,05000	50,00
25,06667	50,00
25,08333	50,00
25,10000	50,00
25,11667	50,00
25,13333	50,00
25,15000	50,00
25,16667	50,00
25,18333	50,00
25,20000	50,00
25,21667	50,00
25,23333	50,00
25,25000	50,00
25,26667	50,00
25,28333	50,00
25,30000	50,00
25,31667	50,00
25,33333	50,00
25,35000	50,00
25,36667	50,00
25,38333	50,00
25,40000	50,00
25,41667	50,00
25,43333	50,00
25,45000	50,00
25,46667	50,00
25,48333	50,00
25,50000	50,00
25,51667	50,00
25,53333	50,00
25,55000	50,00
25,56667	50,00
25,58333	50,00
25,60000	50,00
25,61667	50,00
25,63333	50,00
25,65000	50,00
25,66667	50,00
25,68333	50,00
25,70000	50,00
25,71667	50,00
25,73333	50,00
25,75000	50,00
25,76667	50,00
25,78333	50,00
25,80000	50,00
25,81667	50,00
25,83333	50,00
25,85000	50,00
25,86667	50,00
25,88333	50,00
25,90000	50,00
25,91667	50,00
25,93333	50,00
25,95000	50,00
25,96667	50,00
25,98333	50,00
26,00000	50,00
26,01667	50,00
26,03333	50,00
26,05000	50,00
26,06667	50,00
26,08333	50,00
26,10000	50,00
26,11667	50,00
26,13333	50,00
26,15000	50,00
26,16667	50,00
26,18333	50,00
26,20000	50,00
26,21667	50,00
26,23333	50,00
26,25000	50,00
26,26667	50,00
26,28333	50,00
26,30000	50,00
26,31667	50,00
26,33333	50,00
26,35000	50,00
26,36667	50,00
26,38333	50,00
26,40000	50,00
26,41667	50,00
26,43333	50,00
26,45000	49,99
26,46667	49,99
26,48333	49,99
26,50000	49,99
26,51667	49,99
26,53333	49,99
26,55000	49,99
26,56667	49,99
26,58333	49,99
26,60000	50,00
26,61667	50,00
26,63333	50,00
26,65000	50,00
26,66667	50,00
26,68333	50,00
26,70000	50,00
26,71667	50,00
26,73333	50,00
26,75000	50,00
26,76667	50,00
26,78333	50,00
26,80000	50,00
26,81667	50,00
26,83333	50,00
26,85000	50,00
26,86667	50,00
26,88333	50,00
26,90000	50,00
26,91667	50,00
26,93333	50,00
26,95000	50,00
26,96667	50,00
26,98333	50,00
27,00000	50,00
27,01667	50,00
27,03333	50,00
27,05000	50,00
27,06667	50,00
27,08333	50,00
27,10000	50,00
27,11667	50,00
27,13333	50,00
27,15000	50,00
27,16667	50,00
27,18333	50,00
27,20000	50,00
27,21667	50,00
27,23333	50,00
27,25000	50,00
27,26667	50,00
27,28333	50,00
27,30000	50,00
27,31667	50,00
27,33333	50,00
27,35000	50,00
27,36667	50,00
27,38333	50,00
27,40000	50,00
27,41667	50,00
27,43333	50,00
27,45000	50,00
27,46667	50,00
27,48333	50,00
27,50000	50,00
27,51667	50,00
27,53333	50,00
27,55000	50,00
27,56667	50,00
27,58333	50,00
27,60000	50,00
27,61667	50,00
27,63333	50,00
27,65000	50,00
27,66667	50,00
27,68333	50,00
27,70000	50,00
27,71667	50,00
27,73333	50,00
27,75000	50,00
27,76667	50,00
27,78333	50,00
27,80000	50,00
27,81667	50,00
27,83333	50,00
27,85000	50,00
27,86667	50,00
27,88333	50,00
27,90000	50,00
27,91667	50,00
27,93333	50,00
27,95000	50,00
27,96667	50,00
27,98333	50,00
28,00000	50,00
28,01667	50,00
28,03333	50,00
28,05000	50,00
28,06667	49,99
28,08333	49,99
28,10000	49,99
28,11667	49,99
28,13333	49,99
28,15000	49,99
28,16667	49,99
28,18333	49,99
28,20000	49,99
28,21667	49,99
28,23333	49,99
28,25000	49,99
28,26667	50,00
28,28333	49,99
28,30000	49,99
28,31667	49,99
28,33333	49,99
28,35000	49,99
28,36667	49,99
28,38333	49,99
28,40000	49,99
28,41667	49,99
28,43333	49,99
28,45000	49,99
28,46667	49,99
28,48333	49,99
28,50000	49,99
28,51667	49,99
28,53333	49,99
28,55000	49,99
28,56667	49,99
28,58333	49,99
28,60000	49,99
28,61667	49,99
28,63333	49,99
28,65000	49,99
28,66667	49,99
28,68333	49,99
28,70000	49,99
28,71667	49,99
28,73333	50,00
28,75000	50,00
28,76667	50,00
28,78333	50,00
28,80000	50,00
28,81667	50,00
28,83333	50,00
28,85000	50,00
28,86667	50,00
28,88333	50,00
28,90000	50,00
28,91667	50,00
28,93333	50,00
28,95000	50,00
28,96667	50,00
28,98333	50,00
29,00000	50,00
29,01667	50,00
29,03333	50,00
29,05000	50,00
29,06667	50,00
29,08333	50,00
29,10000	50,00
29,11667	50,00
29,13333	50,00
29,15000	50,00
29,16667	50,00
29,18333	50,00
29,20000	50,00
29,21667	49,99
29,23333	49,99
29,25000	49,99
29,26667	49,99
29,28333	49,99
29,30000	49,99
29,31667	49,99
29,33333	49,99
29,35000	49,99
29,36667	49,99
29,38333	49,99
29,40000	49,99
29,41667	49,99
29,43333	49,99
29,45000	49,99
29,46667	49,99
29,48333	49,99
29,50000	49,99
29,51667	49,99
29,53333	50,00
29,55000	50,00
29,56667	50,00
29,58333	50,00
29,60000	50,00
29,61667	50,00
29,63333	50,00
29,65000	50,00
29,66667	50,00
29,68333	50,00
29,70000	50,00
29,71667	50,00
29,73333	50,00
29,75000	50,00
29,76667	50,00
29,78333	50,00
29,80000	50,00
29,81667	50,00
29,83333	50,00
29,85000	50,00
29,86667	50,00
29,88333	50,00
29,90000	49,99
29,91667	49,99
29,93333	49,99
29,95000	49,99
29,96667	49,99
29,98333	49,99
30,00000	49,99
30,01667	49,99
30,03333	49,99
30,05000	49,99
30,06667	49,99
30,08333	49,99
30,10000	49,99
30,11667	49,99
30,13333	49,99
30,15000	49,99
30,16667	49,99
30,18333	49,99
30,20000	49,99
30,21667	49,99
30,23333	49,99
30,25000	49,99
30,26667	49,99
30,28333	49,99
30,30000	49,99
30,31667	49,99
30,33333	49,99
30,35000	49,99
30,36667	49,99
30,38333	49,99
30,40000	49,99
30,41667	49,99
30,43333	49,99
30,45000	49,99
30,46667	49,99
30,48333	49,99
30,50000	49,99
30,51667	49,99
30,53333	49,99
30,55000	49,99
30,56667	49,99
30,58333	49,99
30,60000	49,99
30,61667	49,99
30,63333	49,99
30,65000	49,99
30,66667	49,99
30,68333	49,99
30,70000	49,99
30,71667	49,99
30,73333	49,99
30,75000	49,99
30,76667	49,99
30,78333	49,99
30,80000	49,99
30,81667	49,99
30,83333	49,99
30,85000	49,99
30,86667	49,99
30,88333	49,99
30,90000	49,99
30,91667	49,99
30,93333	49,99
30,95000	49,99
30,96667	49,99
30,98333	49,99
31,00000	49,99
31,01667	49,99
31,03333	49,99
31,05000	49,99
31,06667	50,00
31,08333	50,00
31,10000	49,99
31,11667	49,99
31,13333	50,00
31,15000	49,99
31,16667	49,99
31,18333	49,99
31,20000	49,99
31,21667	49,99
31,23333	49,99
31,25000	49,99
31,26667	49,99
31,28333	49,99
31,30000	49,99
31,31667	49,99
31,33333	49,99
31,35000	49,99
31,36667	49,99
31,38333	49,99
31,40000	49,99
31,41667	49,99
31,43333	49,99
31,45000	49,99
31,46667	49,99
31,48333	49,99
31,50000	49,99
31,51667	49,99
31,53333	49,99
31,55000	49,99
31,56667	49,99
31,58333	49,99
31,60000	49,99
31,61667	49,99
31,63333	49,99
31,65000	49,99
31,66667	49,99
31,68333	49,99
31,70000	49,99
31,71667	49,99
31,73333	49,99
31,75000	49,99
31,76667	49,99
31,78333	49,99
31,80000	49,99
31,81667	49,99
31,83333	49,99
31,85000	49,99
31,86667	49,99
31,88333	49,99
31,90000	49,99
31,91667	49,99
31,93333	49,99
31,95000	49,99
31,96667	49,99
31,98333	49,99
32,00000	49,99

[LC Status Trace(PDA Optical Unit Temp.)]
Interval(msec)	1000
# of Points	1921
Start Time(min)	0,000
End Time(min)	32,000
Intensity Units	C
Intensity Multiplier	1
R.Time (min)	Intensity
0,00000	46,99
0,01667	46,99
0,03333	46,99
0,05000	46,99
0,06667	46,99
0,08333	46,99
0,10000	46,99
0,11667	46,99
0,13333	46,99
0,15000	46,99
0,16667	46,99
0,18333	46,99
0,20000	46,99
0,21667	46,99
0,23333	46,99
0,25000	46,99
0,26667	46,99
0,28333	46,99
0,30000	46,99
0,31667	46,99
0,33333	46,99
0,35000	46,99
0,36667	46,99
0,38333	46,99
0,40000	46,99
0,41667	46,99
0,43333	46,99
0,45000	46,99
0,46667	46,99
0,48333	46,99
0,50000	46,99
0,51667	46,99
0,53333	46,99
0,55000	46,99
0,56667	46,99
0,58333	46,99
0,60000	46,99
0,61667	46,99
0,63333	46,99
0,65000	46,99
0,66667	46,99
0,68333	46,99
0,70000	46,99
0,71667	46,99
0,73333	46,99
0,75000	46,99
0,76667	46,99
0,78333	46,99
0,80000	46,99
0,81667	46,99
0,83333	46,99
0,85000	46,99
0,86667	46,99
0,88333	46,99
0,90000	46,99
0,91667	46,99
0,93333	46,99
0,95000	46,99
0,96667	46,99
0,98333	46,99
1,00000	46,99
1,01667	46,99
1,03333	46,99
1,05000	46,99
1,06667	46,99
1,08333	46,99
1,10000	46,99
1,11667	46,99
1,13333	46,99
1,15000	46,99
1,16667	46,99
1,18333	46,99
1,20000	46,99
1,21667	46,99
1,23333	46,99
1,25000	46,99
1,26667	46,99
1,28333	46,99
1,30000	46,99
1,31667	46,99
1,33333	46,99
1,35000	46,99
1,36667	46,99
1,38333	46,99
1,40000	46,99
1,41667	46,99
1,43333	46,99
1,45000	46,99
1,46667	46,99
1,48333	46,99
1,50000	46,99
1,51667	46,99
1,53333	46,99
1,55000	46,99
1,56667	46,99
1,58333	46,99
1,60000	46,99
1,61667	46,99
1,63333	46,99
1,65000	46,99
1,66667	46,99
1,68333	46,99
1,70000	46,99
1,71667	46,99
1,73333	46,99
1,75000	46,99
1,76667	46,99
1,78333	46,99
1,80000	46,99
1,81667	46,99
1,83333	46,99
1,85000	46,99
1,86667	46,99
1,88333	46,99
1,90000	46,99
1,91667	46,99
1,93333	46,99
1,95000	46,99
1,96667	46,99
1,98333	46,99
2,00000	46,99
2,01667	46,99
2,03333	46,99
2,05000	46,99
2,06667	46,99
2,08333	46,99
2,10000	46,99
2,11667	46,99
2,13333	46,99
2,15000	46,99
2,16667	46,99
2,18333	46,99
2,20000	46,99
2,21667	46,99
2,23333	46,99
2,25000	46,99
2,26667	46,99
2,28333	46,99
2,30000	46,99
2,31667	46,99
2,33333	46,99
2,35000	46,99
2,36667	46,99
2,38333	46,99
2,40000	46,99
2,41667	46,99
2,43333	46,99
2,45000	46,99
2,46667	46,99
2,48333	46,99
2,50000	46,99
2,51667	46,99
2,53333	46,99
2,55000	46,99
2,56667	46,99
2,58333	46,99
2,60000	46,99
2,61667	46,99
2,63333	46,99
2,65000	46,99
2,66667	46,99
2,68333	46,99
2,70000	46,99
2,71667	46,99
2,73333	46,99
2,75000	46,99
2,76667	46,99
2,78333	46,99
2,80000	46,99
2,81667	46,99
2,83333	46,99
2,85000	46,99
2,86667	46,99
2,88333	46,99
2,90000	46,99
2,91667	46,99
2,93333	46,99
2,95000	46,99
2,96667	46,99
2,98333	46,99
3,00000	46,99
3,01667	46,99
3,03333	46,99
3,05000	46,99
3,06667	46,99
3,08333	46,99
3,10000	46,99
3,11667	46,99
3,13333	46,99
3,15000	46,99
3,16667	46,99
3,18333	46,99
3,20000	46,99
3,21667	46,99
3,23333	46,99
3,25000	46,99
3,26667	46,99
3,28333	46,99
3,30000	46,99
3,31667	46,99
3,33333	46,99
3,35000	46,99
3,36667	46,99
3,38333	46,99
3,40000	46,99
3,41667	46,99
3,43333	46,99
3,45000	46,99
3,46667	46,99
3,48333	46,99
3,50000	46,99
3,51667	46,99
3,53333	46,99
3,55000	46,99
3,56667	46,99
3,58333	46,99
3,60000	46,99
3,61667	46,99
3,63333	46,99
3,65000	46,99
3,66667	46,99
3,68333	46,99
3,70000	46,99
3,71667	46,99
3,73333	46,99
3,75000	46,99
3,76667	46,99
3,78333	46,99
3,80000	46,99
3,81667	46,99
3,83333	46,99
3,85000	46,99
3,86667	46,99
3,88333	46,99
3,90000	46,99
3,91667	46,99
3,93333	46,99
3,95000	46,99
3,96667	46,99
3,98333	46,99
4,00000	46,99
4,01667	46,99
4,03333	46,99
4,05000	46,99
4,06667	46,99
4,08333	46,99
4,10000	46,99
4,11667	46,99
4,13333	46,99
4,15000	46,99
4,16667	46,99
4,18333	46,99
4,20000	46,99
4,21667	46,99
4,23333	46,99
4,25000	46,99
4,26667	46,99
4,28333	46,99
4,30000	46,99
4,31667	46,99
4,33333	46,99
4,35000	46,99
4,36667	46,99
4,38333	46,99
4,40000	46,99
4,41667	46,99
4,43333	46,99
4,45000	46,99
4,46667	46,99
4,48333	46,99
4,50000	46,99
4,51667	46,99
4,53333	46,99
4,55000	46,99
4,56667	46,99
4,58333	46,99
4,60000	46,99
4,61667	46,99
4,63333	46,99
4,65000	46,99
4,66667	46,99
4,68333	46,99
4,70000	46,99
4,71667	46,99
4,73333	46,99
4,75000	46,99
4,76667	46,99
4,78333	46,99
4,80000	46,99
4,81667	46,99
4,83333	46,99
4,85000	46,99
4,86667	46,99
4,88333	46,99
4,90000	46,99
4,91667	46,99
4,93333	46,99
4,95000	46,99
4,96667	46,99
4,98333	46,99
5,00000	46,99
5,01667	46,99
5,03333	46,99
5,05000	46,99
5,06667	46,99
5,08333	46,99
5,10000	46,99
5,11667	46,99
5,13333	46,99
5,15000	47,00
5,16667	47,00
5,18333	47,00
5,20000	47,00
5,21667	47,00
5,23333	47,00
5,25000	47,00
5,26667	47,00
5,28333	47,00
5,30000	47,00
5,31667	47,00
5,33333	47,00
5,35000	47,00
5,36667	47,00
5,38333	46,99
5,40000	46,99
5,41667	47,00
5,43333	46,99
5,45000	46,99
5,46667	46,99
5,48333	46,99
5,50000	46,99
5,51667	46,99
5,53333	46,99
5,55000	46,99
5,56667	46,99
5,58333	46,99
5,60000	46,99
5,61667	46,99
5,63333	46,99
5,65000	46,99
5,66667	46,99
5,68333	46,99
5,70000	46,99
5,71667	46,99
5,73333	46,99
5,75000	46,99
5,76667	46,99
5,78333	46,99
5,80000	46,99
5,81667	46,99
5,83333	46,99
5,85000	46,99
5,86667	46,99
5,88333	46,99
5,90000	46,99
5,91667	46,99
5,93333	46,99
5,95000	46,99
5,96667	46,99
5,98333	46,99
6,00000	46,99
6,01667	46,99
6,03333	46,99
6,05000	46,99
6,06667	46,99
6,08333	46,99
6,10000	46,99
6,11667	46,99
6,13333	46,99
6,15000	46,99
6,16667	46,99
6,18333	46,99
6,20000	46,99
6,21667	46,99
6,23333	46,99
6,25000	46,99
6,26667	46,99
6,28333	46,99
6,30000	46,99
6,31667	46,99
6,33333	46,99
6,35000	46,99
6,36667	46,99
6,38333	46,99
6,40000	46,99
6,41667	46,99
6,43333	46,99
6,45000	46,99
6,46667	46,99
6,48333	46,99
6,50000	46,99
6,51667	46,99
6,53333	46,99
6,55000	46,99
6,56667	46,99
6,58333	46,99
6,60000	46,99
6,61667	46,99
6,63333	46,99
6,65000	46,99
6,66667	46,99
6,68333	46,99
6,70000	46,99
6,71667	46,99
6,73333	46,99
6,75000	46,99
6,76667	46,99
6,78333	46,99
6,80000	46,99
6,81667	46,99
6,83333	46,99
6,85000	46,99
6,86667	46,99
6,88333	46,99
6,90000	46,99
6,91667	46,99
6,93333	46,99
6,95000	46,99
6,96667	46,99
6,98333	46,99
7,00000	46,99
7,01667	46,99
7,03333	46,99
7,05000	46,99
7,06667	46,99
7,08333	46,99
7,10000	46,99
7,11667	46,99
7,13333	46,99
7,15000	46,99
7,16667	46,99
7,18333	46,99
7,20000	46,99
7,21667	46,99
7,23333	46,99
7,25000	46,99
7,26667	46,99
7,28333	46,99
7,30000	46,99
7,31667	46,99
7,33333	46,99
7,35000	46,99
7,36667	46,99
7,38333	46,99
7,40000	46,99
7,41667	46,99
7,43333	46,99
7,45000	46,99
7,46667	46,99
7,48333	46,99
7,50000	46,99
7,51667	46,99
7,53333	46,99
7,55000	46,99
7,56667	46,99
7,58333	46,99
7,60000	46,99
7,61667	46,99
7,63333	46,99
7,65000	46,99
7,66667	46,99
7,68333	46,99
7,70000	46,99
7,71667	46,99
7,73333	46,99
7,75000	47,00
7,76667	47,00
7,78333	47,00
7,80000	47,00
7,81667	47,00
7,83333	47,00
7,85000	47,00
7,86667	47,00
7,88333	47,00
7,90000	47,00
7,91667	47,00
7,93333	47,00
7,95000	47,00
7,96667	47,00
7,98333	47,00
8,00000	47,00
8,01667	46,99
8,03333	46,99
8,05000	46,99
8,06667	46,99
8,08333	46,99
8,10000	46,99
8,11667	46,99
8,13333	46,99
8,15000	46,99
8,16667	46,99
8,18333	47,00
8,20000	47,00
8,21667	47,00
8,23333	47,00
8,25000	47,00
8,26667	47,00
8,28333	47,00
8,30000	47,00
8,31667	47,00
8,33333	47,00
8,35000	47,00
8,36667	47,00
8,38333	47,00
8,40000	47,00
8,41667	47,00
8,43333	47,00
8,45000	47,00
8,46667	47,00
8,48333	47,00
8,50000	47,00
8,51667	46,99
8,53333	46,99
8,55000	46,99
8,56667	46,99
8,58333	46,99
8,60000	46,99
8,61667	46,99
8,63333	46,99
8,65000	46,99
8,66667	47,00
8,68333	47,00
8,70000	47,00
8,71667	47,00
8,73333	47,00
8,75000	47,00
8,76667	47,00
8,78333	47,00
8,80000	47,00
8,81667	47,00
8,83333	47,00
8,85000	46,99
8,86667	47,00
8,88333	46,99
8,90000	46,99
8,91667	46,99
8,93333	46,99
8,95000	46,99
8,96667	46,99
8,98333	46,99
9,00000	46,99
9,01667	46,99
9,03333	47,00
9,05000	47,00
9,06667	47,00
9,08333	46,99
9,10000	47,00
9,11667	47,00
9,13333	47,00
9,15000	46,99
9,16667	47,00
9,18333	47,00
9,20000	46,99
9,21667	46,99
9,23333	46,99
9,25000	46,99
9,26667	46,99
9,28333	46,99
9,30000	46,99
9,31667	46,99
9,33333	46,99
9,35000	46,99
9,36667	46,99
9,38333	46,99
9,40000	46,99
9,41667	46,99
9,43333	46,99
9,45000	46,99
9,46667	46,99
9,48333	46,99
9,50000	46,99
9,51667	46,99
9,53333	46,99
9,55000	46,99
9,56667	46,99
9,58333	46,99
9,60000	46,99
9,61667	46,99
9,63333	46,99
9,65000	46,99
9,66667	46,99
9,68333	46,99
9,70000	46,99
9,71667	46,99
9,73333	46,99
9,75000	46,99
9,76667	46,99
9,78333	46,99
9,80000	46,99
9,81667	46,99
9,83333	46,99
9,85000	46,99
9,86667	46,99
9,88333	47,00
9,90000	47,00
9,91667	47,00
9,93333	47,00
9,95000	47,00
9,96667	47,00
9,98333	46,99
10,00000	47,00
10,01667	46,99
10,03333	46,99
10,05000	46,99
10,06667	46,99
10,08333	46,99
10,10000	46,99
10,11667	46,99
10,13333	46,99
10,15000	46,99
10,16667	46,99
10,18333	46,99
10,20000	46,99
10,21667	46,99
10,23333	46,99
10,25000	46,99
10,26667	46,99
10,28333	46,99
10,30000	46,99
10,31667	46,99
10,33333	46,99
10,35000	46,99
10,36667	46,99
10,38333	46,99
10,40000	46,99
10,41667	46,99
10,43333	46,99
10,45000	46,99
10,46667	46,99
10,48333	47,00
10,50000	47,00
10,51667	47,00
10,53333	46,99
10,55000	46,99
10,56667	46,99
10,58333	46,99
10,60000	46,99
10,61667	46,99
10,63333	46,99
10,65000	46,99
10,66667	46,99
10,68333	46,99
10,70000	46,99
10,71667	46,99
10,73333	46,99
10,75000	46,99
10,76667	46,99
10,78333	46,99
10,80000	47,00
10,81667	47,00
10,83333	47,00
10,85000	47,00
10,86667	47,00
10,88333	47,00
10,90000	46,99
10,91667	47,00
10,93333	47,00
10,95000	47,00
10,96667	47,00
10,98333	47,00
11,00000	46,99
11,01667	46,99
11,03333	46,99
11,05000	46,99
11,06667	46,99
11,08333	46,99
11,10000	46,99
11,11667	46,99
11,13333	46,99
11,15000	46,99
11,16667	46,99
11,18333	46,99
11,20000	46,99
11,21667	46,99
11,23333	47,00
11,25000	46,99
11,26667	47,00
11,28333	47,00
11,30000	46,99
11,31667	46,99
11,33333	46,99
11,35000	47,00
11,36667	47,00
11,38333	46,99
11,40000	46,99
11,41667	46,99
11,43333	46,99
11,45000	46,99
11,46667	46,99
11,48333	46,99
11,50000	46,99
11,51667	46,99
11,53333	46,99
11,55000	46,99
11,56667	46,99
11,58333	46,99
11,60000	46,99
11,61667	46,99
11,63333	46,99
11,65000	46,99
11,66667	46,99
11,68333	46,99
11,70000	46,99
11,71667	46,99
11,73333	46,99
11,75000	46,99
11,76667	46,99
11,78333	46,99
11,80000	46,99
11,81667	46,99
11,83333	46,99
11,85000	46,99
11,86667	46,99
11,88333	46,99
11,90000	46,99
11,91667	46,99
11,93333	46,99
11,95000	46,99
11,96667	46,99
11,98333	46,99
12,00000	46,99
12,01667	47,00
12,03333	47,00
12,05000	47,00
12,06667	47,00
12,08333	46,99
12,10000	47,00
12,11667	47,00
12,13333	47,00
12,15000	47,00
12,16667	47,00
12,18333	47,00
12,20000	47,00
12,21667	47,00
12,23333	47,00
12,25000	47,00
12,26667	47,00
12,28333	47,00
12,30000	47,00
12,31667	47,00
12,33333	46,99
12,35000	46,99
12,36667	46,99
12,38333	46,99
12,40000	46,99
12,41667	46,99
12,43333	46,99
12,45000	46,99
12,46667	46,99
12,48333	46,99
12,50000	46,99
12,51667	46,99
12,53333	46,99
12,55000	46,99
12,56667	46,99
12,58333	46,99
12,60000	46,99
12,61667	46,99
12,63333	47,00
12,65000	46,99
12,66667	46,99
12,68333	46,99
12,70000	47,00
12,71667	46,99
12,73333	47,00
12,75000	47,00
12,76667	46,99
12,78333	46,99
12,80000	47,00
12,81667	47,00
12,83333	46,99
12,85000	46,99
12,86667	47,00
12,88333	47,00
12,90000	47,00
12,91667	47,00
12,93333	47,00
12,95000	47,00
12,96667	47,00
12,98333	46,99
13,00000	47,00
13,01667	46,99
13,03333	46,99
13,05000	46,99
13,06667	46,99
13,08333	46,99
13,10000	46,99
13,11667	46,99
13,13333	46,99
13,15000	46,99
13,16667	46,99
13,18333	46,99
13,20000	46,99
13,21667	46,99
13,23333	46,99
13,25000	46,99
13,26667	46,99
13,28333	46,99
13,30000	46,99
13,31667	46,99
13,33333	46,99
13,35000	46,99
13,36667	46,99
13,38333	46,99
13,40000	46,99
13,41667	46,99
13,43333	46,99
13,45000	46,99
13,46667	46,99
13,48333	46,99
13,50000	46,99
13,51667	46,99
13,53333	46,99
13,55000	46,99
13,56667	46,99
13,58333	46,99
13,60000	46,99
13,61667	46,99
13,63333	46,99
13,65000	46,99
13,66667	46,99
13,68333	46,99
13,70000	46,99
13,71667	46,99
13,73333	46,99
13,75000	46,99
13,76667	46,99
13,78333	46,99
13,80000	46,99
13,81667	46,99
13,83333	46,99
13,85000	46,99
13,86667	46,99
13,88333	46,99
13,90000	46,99
13,91667	46,99
13,93333	46,99
13,95000	46,99
13,96667	46,99
13,98333	46,99
14,00000	46,99
14,01667	46,99
14,03333	46,99
14,05000	46,99
14,06667	46,99
14,08333	46,99
14,10000	46,99
14,11667	46,99
14,13333	46,99
14,15000	46,99
14,16667	46,99
14,18333	46,99
14,20000	46,99
14,21667	46,99
14,23333	46,99
14,25000	46,99
14,26667	46,99
14,28333	46,99
14,30000	46,99
14,31667	46,99
14,33333	46,99
14,35000	46,99
14,36667	46,99
14,38333	46,99
14,40000	46,99
14,41667	46,99
14,43333	46,99
14,45000	46,99
14,46667	46,99
14,48333	46,99
14,50000	46,99
14,51667	46,99
14,53333	46,99
14,55000	46,99
14,56667	47,00
14,58333	46,99
14,60000	47,00
14,61667	47,00
14,63333	46,99
14,65000	47,00
14,66667	47,00
14,68333	47,00
14,70000	46,99
14,71667	47,00
14,73333	47,00
14,75000	47,00
14,76667	47,00
14,78333	47,00
14,80000	46,99
14,81667	46,99
14,83333	46,99
14,85000	46,99
14,86667	46,99
14,88333	46,99
14,90000	46,99
14,91667	46,99
14,93333	46,99
14,95000	46,99
14,96667	46,99
14,98333	46,99
15,00000	47,00
15,01667	47,00
15,03333	47,00
15,05000	47,00
15,06667	47,00
15,08333	47,00
15,10000	46,99
15,11667	47,00
15,13333	47,00
15,15000	47,00
15,16667	47,00
15,18333	46,99
15,20000	46,99
15,21667	46,99
15,23333	46,99
15,25000	46,99
15,26667	46,99
15,28333	46,99
15,30000	46,99
15,31667	46,99
15,33333	46,99
15,35000	46,99
15,36667	46,99
15,38333	46,99
15,40000	46,99
15,41667	46,99
15,43333	46,99
15,45000	46,99
15,46667	46,99
15,48333	46,99
15,50000	46,99
15,51667	46,99
15,53333	46,99
15,55000	46,99
15,56667	46,99
15,58333	47,00
15,60000	47,00
15,61667	47,00
15,63333	47,00
15,65000	47,00
15,66667	47,00
15,68333	47,00
15,70000	47,00
15,71667	47,00
15,73333	46,99
15,75000	47,00
15,76667	46,99
15,78333	46,99
15,80000	46,99
15,81667	46,99
15,83333	46,99
15,85000	46,99
15,86667	46,99
15,88333	46,99
15,90000	46,99
15,91667	46,99
15,93333	46,99
15,95000	46,99
15,96667	46,99
15,98333	46,99
16,00000	46,99
16,01667	46,99
16,03333	47,00
16,05000	47,00
16,06667	47,00
16,08333	47,00
16,10000	47,00
16,11667	47,00
16,13333	47,00
16,15000	47,00
16,16667	47,00
16,18333	47,00
16,20000	47,00
16,21667	47,00
16,23333	47,00
16,25000	47,00
16,26667	47,00
16,28333	47,00
16,30000	47,00
16,31667	47,00
16,33333	46,99
16,35000	46,99
16,36667	46,99
16,38333	46,99
16,40000	46,99
16,41667	46,99
16,43333	46,99
16,45000	46,99
16,46667	46,99
16,48333	46,99
16,50000	46,99
16,51667	46,99
16,53333	46,99
16,55000	47,00
16,56667	47,00
16,58333	47,00
16,60000	47,00
16,61667	47,00
16,63333	47,00
16,65000	47,00
16,66667	47,00
16,68333	47,00
16,70000	47,00
16,71667	47,00
16,73333	47,00
16,75000	47,00
16,76667	47,00
16,78333	46,99
16,80000	46,99
16,81667	46,99
16,83333	46,99
16,85000	46,99
16,86667	46,99
16,88333	46,99
16,90000	46,99
16,91667	46,99
16,93333	46,99
16,95000	46,99
16,96667	46,99
16,98333	46,99
17,00000	46,99
17,01667	46,99
17,03333	46,99
17,05000	46,99
17,06667	46,99
17,08333	46,99
17,10000	46,99
17,11667	46,99
17,13333	46,99
17,15000	46,99
17,16667	46,99
17,18333	46,99
17,20000	46,99
17,21667	46,99
17,23333	46,99
17,25000	46,99
17,26667	46,99
17,28333	46,99
17,30000	46,99
17,31667	47,00
17,33333	46,99
17,35000	47,00
17,36667	47,00
17,38333	47,00
17,40000	47,00
17,41667	47,00
17,43333	47,00
17,45000	47,00
17,46667	47,00
17,48333	47,00
17,50000	47,00
17,51667	46,99
17,53333	46,99
17,55000	46,99
17,56667	46,99
17,58333	46,99
17,60000	46,99
17,61667	46,99
17,63333	46,99
17,65000	46,99
17,66667	46,99
17,68333	46,99
17,70000	46,99
17,71667	46,99
17,73333	46,99
17,75000	46,99
17,76667	46,99
17,78333	46,99
17,80000	46,99
17,81667	46,99
17,83333	46,99
17,85000	46,99
17,86667	46,99
17,88333	46,99
17,90000	46,99
17,91667	46,99
17,93333	46,99
17,95000	46,99
17,96667	46,99
17,98333	46,99
18,00000	46,99
18,01667	46,99
18,03333	46,99
18,05000	46,99
18,06667	46,99
18,08333	46,99
18,10000	46,99
18,11667	46,99
18,13333	46,99
18,15000	46,99
18,16667	46,99
18,18333	46,99
18,20000	46,99
18,21667	46,99
18,23333	46,99
18,25000	46,99
18,26667	46,99
18,28333	46,99
18,30000	46,99
18,31667	46,99
18,33333	46,99
18,35000	46,99
18,36667	46,99
18,38333	46,99
18,40000	46,99
18,41667	46,99
18,43333	46,99
18,45000	46,99
18,46667	46,99
18,48333	46,99
18,50000	46,99
18,51667	46,99
18,53333	46,99
18,55000	46,99
18,56667	46,99
18,58333	46,99
18,60000	46,99
18,61667	46,99
18,63333	46,99
18,65000	46,99
18,66667	46,99
18,68333	46,99
18,70000	46,99
18,71667	46,99
18,73333	46,99
18,75000	46,99
18,76667	46,99
18,78333	46,99
18,80000	46,99
18,81667	46,99
18,83333	46,99
18,85000	46,99
18,86667	46,99
18,88333	46,99
18,90000	46,99
18,91667	46,99
18,93333	46,99
18,95000	46,99
18,96667	46,99
18,98333	46,99
19,00000	46,99
19,01667	46,99
19,03333	46,99
19,05000	46,99
19,06667	46,99
19,08333	46,99
19,10000	46,99
19,11667	46,99
19,13333	46,99
19,15000	46,99
19,16667	46,99
19,18333	47,00
19,20000	47,00
19,21667	47,00
19,23333	47,00
19,25000	47,00
19,26667	47,00
19,28333	46,99
19,30000	47,00
19,31667	46,99
19,33333	46,99
19,35000	46,99
19,36667	47,00
19,38333	46,99
19,40000	46,99
19,41667	46,99
19,43333	46,99
19,45000	46,99
19,46667	46,99
19,48333	46,99
19,50000	46,99
19,51667	46,99
19,53333	46,99
19,55000	47,00
19,56667	47,00
19,58333	47,00
19,60000	47,00
19,61667	47,00
19,63333	47,00
19,65000	47,00
19,66667	47,00
19,68333	47,00
19,70000	47,00
19,71667	47,00
19,73333	47,00
19,75000	46,99
19,76667	47,00
19,78333	46,99
19,80000	46,99
19,81667	46,99
19,83333	47,00
19,85000	47,00
19,86667	47,00
19,88333	47,00
19,90000	47,00
19,91667	47,00
19,93333	47,00
19,95000	47,00
19,96667	47,00
19,98333	47,00
20,00000	47,00
20,01667	47,00
20,03333	47,00
20,05000	47,00
20,06667	47,00
20,08333	47,00
20,10000	47,00
20,11667	47,00
20,13333	47,00
20,15000	47,00
20,16667	47,00
20,18333	47,00
20,20000	47,00
20,21667	47,00
20,23333	47,00
20,25000	47,00
20,26667	47,00
20,28333	47,00
20,30000	47,00
20,31667	47,00
20,33333	47,00
20,35000	47,00
20,36667	46,99
20,38333	47,00
20,40000	47,00
20,41667	47,00
20,43333	47,00
20,45000	47,00
20,46667	47,00
20,48333	47,00
20,50000	46,99
20,51667	46,99
20,53333	47,00
20,55000	46,99
20,56667	47,00
20,58333	47,00
20,60000	47,00
20,61667	47,00
20,63333	47,00
20,65000	47,00
20,66667	47,00
20,68333	47,00
20,70000	47,00
20,71667	47,00
20,73333	46,99
20,75000	46,99
20,76667	46,99
20,78333	46,99
20,80000	47,00
20,81667	47,00
20,83333	47,00
20,85000	47,00
20,86667	47,00
20,88333	47,00
20,90000	47,00
20,91667	47,00
20,93333	47,00
20,95000	47,00
20,96667	47,00
20,98333	47,00
21,00000	47,00
21,01667	47,00
21,03333	47,00
21,05000	47,00
21,06667	47,00
21,08333	47,00
21,10000	47,00
21,11667	47,00
21,13333	47,00
21,15000	46,99
21,16667	46,99
21,18333	47,00
21,20000	47,00
21,21667	46,99
21,23333	47,00
21,25000	46,99
21,26667	47,00
21,28333	47,00
21,30000	47,00
21,31667	47,00
21,33333	47,00
21,35000	47,00
21,36667	47,00
21,38333	47,00
21,40000	47,00
21,41667	47,00
21,43333	47,00
21,45000	47,00
21,46667	47,00
21,48333	47,00
21,50000	47,00
21,51667	47,00
21,53333	47,00
21,55000	47,00
21,56667	47,00
21,58333	47,00
21,60000	47,00
21,61667	47,00
21,63333	47,00
21,65000	47,00
21,66667	47,00
21,68333	47,00
21,70000	47,00
21,71667	47,00
21,73333	47,00
21,75000	47,00
21,76667	47,00
21,78333	47,00
21,80000	47,00
21,81667	47,00
21,83333	47,00
21,85000	47,00
21,86667	47,00
21,88333	47,00
21,90000	47,00
21,91667	47,00
21,93333	47,00
21,95000	47,00
21,96667	47,00
21,98333	47,00
22,00000	47,00
22,01667	47,00
22,03333	47,00
22,05000	47,00
22,06667	47,00
22,08333	47,00
22,10000	47,00
22,11667	47,00
22,13333	47,00
22,15000	47,00
22,16667	47,00
22,18333	47,00
22,20000	47,00
22,21667	47,00
22,23333	47,00
22,25000	47,00
22,26667	47,00
22,28333	46,99
22,30000	46,99
22,31667	46,99
22,33333	46,99
22,35000	46,99
22,36667	46,99
22,38333	46,99
22,40000	46,99
22,41667	46,99
22,43333	46,99
22,45000	46,99
22,46667	46,99
22,48333	46,99
22,50000	46,99
22,51667	46,99
22,53333	46,99
22,55000	46,99
22,56667	46,99
22,58333	46,99
22,60000	46,99
22,61667	47,00
22,63333	47,00
22,65000	47,00
22,66667	47,00
22,68333	47,00
22,70000	47,00
22,71667	47,00
22,73333	46,99
22,75000	47,00
22,76667	47,00
22,78333	47,00
22,80000	47,00
22,81667	47,00
22,83333	47,00
22,85000	47,00
22,86667	47,00
22,88333	47,00
22,90000	47,00
22,91667	47,00
22,93333	47,00
22,95000	47,00
22,96667	47,00
22,98333	47,00
23,00000	47,00
23,01667	47,00
23,03333	47,00
23,05000	47,00
23,06667	47,00
23,08333	47,00
23,10000	47,00
23,11667	47,00
23,13333	47,00
23,15000	47,00
23,16667	47,00
23,18333	47,00
23,20000	47,00
23,21667	47,00
23,23333	47,00
23,25000	47,00
23,26667	47,00
23,28333	47,00
23,30000	47,00
23,31667	47,00
23,33333	47,00
23,35000	47,00
23,36667	47,00
23,38333	47,00
23,40000	47,00
23,41667	47,00
23,43333	47,00
23,45000	47,00
23,46667	47,00
23,48333	47,00
23,50000	47,00
23,51667	47,00
23,53333	47,00
23,55000	47,00
23,56667	47,00
23,58333	47,00
23,60000	47,00
23,61667	47,00
23,63333	47,00
23,65000	47,00
23,66667	47,00
23,68333	47,00
23,70000	47,00
23,71667	47,00
23,73333	47,00
23,75000	47,00
23,76667	47,00
23,78333	47,00
23,80000	47,00
23,81667	47,00
23,83333	47,00
23,85000	47,00
23,86667	47,00
23,88333	47,00
23,90000	47,00
23,91667	47,00
23,93333	47,00
23,95000	47,00
23,96667	47,00
23,98333	47,00
24,00000	47,00
24,01667	47,00
24,03333	47,00
24,05000	47,00
24,06667	47,00
24,08333	47,00
24,10000	47,00
24,11667	47,00
24,13333	47,00
24,15000	47,00
24,16667	47,00
24,18333	47,00
24,20000	47,00
24,21667	47,00
24,23333	47,00
24,25000	47,00
24,26667	47,00
24,28333	47,00
24,30000	47,00
24,31667	47,00
24,33333	47,00
24,35000	47,00
24,36667	47,00
24,38333	47,00
24,40000	47,00
24,41667	47,00
24,43333	47,00
24,45000	47,00
24,46667	47,00
24,48333	47,00
24,50000	47,00
24,51667	47,00
24,53333	47,00
24,55000	47,00
24,56667	47,00
24,58333	47,00
24,60000	47,00
24,61667	47,00
24,63333	47,00
24,65000	47,00
24,66667	47,00
24,68333	47,00
24,70000	47,00
24,71667	47,00
24,73333	47,00
24,75000	47,00
24,76667	47,00
24,78333	47,00
24,80000	47,00
24,81667	47,00
24,83333	47,00
24,85000	47,00
24,86667	47,00
24,88333	47,00
24,90000	47,00
24,91667	47,00
24,93333	47,00
24,95000	47,00
24,96667	47,00
24,98333	47,00
25,00000	47,00
25,01667	47,00
25,03333	47,00
25,05000	47,00
25,06667	47,00
25,08333	47,00
25,10000	47,00
25,11667	47,00
25,13333	47,00
25,15000	47,00
25,16667	47,00
25,18333	47,00
25,20000	47,00
25,21667	47,00
25,23333	47,00
25,25000	47,00
25,26667	47,00
25,28333	47,00
25,30000	47,00
25,31667	47,00
25,33333	47,00
25,35000	47,00
25,36667	47,00
25,38333	47,00
25,40000	47,00
25,41667	47,00
25,43333	47,00
25,45000	47,00
25,46667	47,00
25,48333	47,00
25,50000	47,00
25,51667	47,00
25,53333	47,00
25,55000	47,00
25,56667	47,00
25,58333	47,00
25,60000	47,00
25,61667	47,00
25,63333	47,00
25,65000	47,00
25,66667	47,00
25,68333	47,00
25,70000	47,00
25,71667	47,00
25,73333	47,00
25,75000	47,00
25,76667	47,00
25,78333	47,00
25,80000	47,00
25,81667	47,00
25,83333	47,00
25,85000	47,00
25,86667	47,00
25,88333	47,00
25,90000	47,00
25,91667	47,00
25,93333	47,00
25,95000	47,00
25,96667	47,00
25,98333	47,00
26,00000	47,00
26,01667	47,00
26,03333	47,00
26,05000	47,00
26,06667	47,00
26,08333	47,00
26,10000	47,00
26,11667	47,00
26,13333	47,00
26,15000	47,00
26,16667	47,00
26,18333	47,00
26,20000	47,00
26,21667	47,00
26,23333	47,00
26,25000	47,00
26,26667	47,00
26,28333	47,00
26,30000	47,00
26,31667	47,00
26,33333	47,00
26,35000	47,00
26,36667	47,00
26,38333	47,00
26,40000	47,00
26,41667	47,00
26,43333	47,00
26,45000	47,00
26,46667	47,00
26,48333	47,00
26,50000	47,00
26,51667	47,00
26,53333	47,00
26,55000	47,00
26,56667	47,00
26,58333	47,00
26,60000	47,00
26,61667	47,00
26,63333	47,00
26,65000	47,00
26,66667	47,00
26,68333	47,00
26,70000	47,00
26,71667	47,00
26,73333	47,00
26,75000	47,00
26,76667	47,00
26,78333	47,00
26,80000	47,00
26,81667	47,00
26,83333	47,00
26,85000	47,00
26,86667	47,00
26,88333	47,00
26,90000	47,00
26,91667	47,00
26,93333	47,00
26,95000	47,00
26,96667	47,00
26,98333	47,00
27,00000	47,00
27,01667	47,00
27,03333	47,00
27,05000	47,00
27,06667	47,00
27,08333	47,00
27,10000	47,00
27,11667	47,00
27,13333	47,00
27,15000	47,00
27,16667	47,00
27,18333	47,00
27,20000	47,00
27,21667	47,00
27,23333	47,00
27,25000	47,00
27,26667	47,00
27,28333	47,00
27,30000	47,00
27,31667	47,00
27,33333	47,00
27,35000	47,00
27,36667	47,00
27,38333	47,00
27,40000	47,00
27,41667	47,00
27,43333	47,00
27,45000	47,00
27,46667	47,00
27,48333	47,00
27,50000	47,00
27,51667	47,00
27,53333	47,00
27,55000	47,00
27,56667	47,00
27,58333	47,00
27,60000	47,00
27,61667	47,00
27,63333	47,00
27,65000	47,00
27,66667	47,00
27,68333	47,00
27,70000	47,00
27,71667	47,00
27,73333	47,00
27,75000	47,00
27,76667	47,00
27,78333	47,00
27,80000	47,00
27,81667	47,00
27,83333	47,00
27,85000	47,00
27,86667	47,00
27,88333	47,00
27,90000	47,00
27,91667	47,00
27,93333	47,00
27,95000	47,00
27,96667	47,00
27,98333	47,00
28,00000	47,00
28,01667	47,00
28,03333	47,00
28,05000	47,00
28,06667	47,00
28,08333	47,00
28,10000	47,00
28,11667	47,00
28,13333	47,00
28,15000	47,00
28,16667	47,00
28,18333	47,00
28,20000	47,00
28,21667	47,00
28,23333	47,00
28,25000	47,00
28,26667	47,00
28,28333	47,00
28,30000	47,00
28,31667	47,00
28,33333	47,00
28,35000	46,99
28,36667	47,00
28,38333	46,99
28,40000	46,99
28,41667	46,99
28,43333	46,99
28,45000	46,99
28,46667	46,99
28,48333	46,99
28,50000	46,99
28,51667	46,99
28,53333	46,99
28,55000	46,99
28,56667	46,99
28,58333	46,99
28,60000	46,99
28,61667	46,99
28,63333	46,99
28,65000	46,99
28,66667	46,99
28,68333	46,99
28,70000	46,99
28,71667	46,99
28,73333	47,00
28,75000	46,99
28,76667	47,00
28,78333	47,00
28,80000	47,00
28,81667	47,00
28,83333	47,00
28,85000	47,00
28,86667	47,00
28,88333	47,00
28,90000	47,00
28,91667	47,00
28,93333	47,00
28,95000	47,00
28,96667	47,00
28,98333	47,00
29,00000	47,00
29,01667	47,00
29,03333	46,99
29,05000	46,99
29,06667	46,99
29,08333	46,99
29,10000	46,99
29,11667	46,99
29,13333	46,99
29,15000	46,99
29,16667	46,99
29,18333	46,99
29,20000	46,99
29,21667	46,99
29,23333	46,99
29,25000	46,99
29,26667	46,99
29,28333	46,99
29,30000	46,99
29,31667	46,99
29,33333	47,00
29,35000	47,00
29,36667	47,00
29,38333	47,00
29,40000	47,00
29,41667	47,00
29,43333	47,00
29,45000	47,00
29,46667	47,00
29,48333	47,00
29,50000	47,00
29,51667	47,00
29,53333	47,00
29,55000	47,00
29,56667	47,00
29,58333	46,99
29,60000	46,99
29,61667	46,99
29,63333	46,99
29,65000	46,99
29,66667	46,99
29,68333	46,99
29,70000	46,99
29,71667	46,99
29,73333	46,99
29,75000	46,99
29,76667	46,99
29,78333	46,99
29,80000	46,99
29,81667	46,99
29,83333	46,99
29,85000	46,99
29,86667	47,00
29,88333	47,00
29,90000	47,00
29,91667	47,00
29,93333	47,00
29,95000	47,00
29,96667	47,00
29,98333	47,00
30,00000	47,00
30,01667	47,00
30,03333	47,00
30,05000	46,99
30,06667	46,99
30,08333	46,99
30,10000	46,99
30,11667	46,99
30,13333	46,99
30,15000	46,99
30,16667	46,99
30,18333	46,99
30,20000	46,99
30,21667	46,99
30,23333	46,99
30,25000	46,99
30,26667	46,99
30,28333	46,99
30,30000	46,99
30,31667	46,99
30,33333	46,99
30,35000	46,99
30,36667	46,99
30,38333	46,99
30,40000	46,99
30,41667	46,99
30,43333	46,99
30,45000	46,99
30,46667	46,99
30,48333	46,99
30,50000	46,99
30,51667	46,99
30,53333	46,99
30,55000	46,99
30,56667	46,99
30,58333	46,99
30,60000	46,99
30,61667	46,99
30,63333	46,99
30,65000	46,99
30,66667	46,99
30,68333	46,99
30,70000	46,99
30,71667	46,99
30,73333	46,99
30,75000	46,99
30,76667	46,99
30,78333	46,99
30,80000	46,99
30,81667	46,99
30,83333	46,99
30,85000	46,99
30,86667	46,99
30,88333	46,99
30,90000	46,99
30,91667	46,99
30,93333	46,99
30,95000	46,99
30,96667	46,99
30,98333	46,99
31,00000	46,99
31,01667	46,99
31,03333	46,99
31,05000	46,99
31,06667	46,99
31,08333	46,99
31,10000	46,99
31,11667	46,99
31,13333	46,99
31,15000	46,99
31,16667	46,99
31,18333	46,99
31,20000	46,99
31,21667	46,99
31,23333	46,99
31,25000	46,99
31,26667	46,99
31,28333	46,99
31,30000	46,99
31,31667	46,99
31,33333	46,99
31,35000	46,99
31,36667	46,99
31,38333	46,99
31,40000	46,99
31,41667	46,99
31,43333	46,99
31,45000	46,99
31,46667	46,99
31,48333	46,99
31,50000	46,99
31,51667	47,00
31,53333	47,00
31,55000	47,00
31,56667	47,00
31,58333	46,99
31,60000	47,00
31,61667	47,00
31,63333	47,00
31,65000	47,00
31,66667	47,00
31,68333	47,00
31,70000	47,00
31,71667	47,00
31,73333	47,00
31,75000	46,99
31,76667	47,00
31,78333	46,99
31,80000	47,00
31,81667	46,99
31,83333	46,99
31,85000	46,99
31,86667	46,99
31,88333	46,99
31,90000	46,99
31,91667	46,99
31,93333	46,99
31,95000	46,99
31,96667	46,99
31,98333	46,99
32,00000	46,99

[LC Status Trace(PDA Lamp Housing Temp.)]
Interval(msec)	1000
# of Points	1921
Start Time(min)	0,000
End Time(min)	32,000
Intensity Units	C
Intensity Multiplier	1
R.Time (min)	Intensity
0,00000	54,01
0,01667	54,01
0,03333	54,01
0,05000	54,01
0,06667	54,01
0,08333	54,01
0,10000	54,01
0,11667	54,01
0,13333	54,01
0,15000	54,01
0,16667	54,01
0,18333	54,01
0,20000	54,01
0,21667	54,01
0,23333	54,01
0,25000	54,01
0,26667	54,01
0,28333	54,00
0,30000	54,01
0,31667	54,01
0,33333	54,01
0,35000	54,02
0,36667	54,02
0,38333	54,02
0,40000	54,01
0,41667	54,01
0,43333	54,02
0,45000	54,02
0,46667	54,02
0,48333	54,03
0,50000	54,03
0,51667	54,02
0,53333	54,02
0,55000	54,01
0,56667	54,01
0,58333	54,01
0,60000	54,02
0,61667	54,02
0,63333	54,00
0,65000	54,00
0,66667	54,00
0,68333	54,01
0,70000	54,00
0,71667	54,00
0,73333	54,00
0,75000	54,01
0,76667	54,01
0,78333	54,01
0,80000	54,01
0,81667	54,01
0,83333	54,01
0,85000	54,01
0,86667	54,01
0,88333	54,01
0,90000	54,02
0,91667	54,02
0,93333	54,02
0,95000	54,02
0,96667	54,02
0,98333	54,02
1,00000	54,01
1,01667	54,01
1,03333	54,01
1,05000	54,00
1,06667	54,00
1,08333	54,00
1,10000	54,00
1,11667	54,00
1,13333	54,00
1,15000	54,00
1,16667	54,00
1,18333	54,00
1,20000	54,00
1,21667	54,00
1,23333	54,01
1,25000	54,00
1,26667	54,00
1,28333	54,00
1,30000	54,01
1,31667	54,01
1,33333	54,00
1,35000	54,01
1,36667	54,01
1,38333	54,01
1,40000	54,01
1,41667	54,01
1,43333	54,01
1,45000	54,01
1,46667	54,01
1,48333	54,01
1,50000	54,01
1,51667	54,01
1,53333	54,00
1,55000	54,01
1,56667	54,01
1,58333	54,01
1,60000	54,01
1,61667	54,00
1,63333	54,00
1,65000	54,00
1,66667	54,00
1,68333	53,99
1,70000	54,00
1,71667	54,00
1,73333	54,00
1,75000	54,00
1,76667	54,00
1,78333	54,00
1,80000	54,00
1,81667	54,00
1,83333	54,00
1,85000	54,00
1,86667	54,00
1,88333	54,00
1,90000	54,00
1,91667	54,01
1,93333	54,01
1,95000	54,01
1,96667	54,01
1,98333	54,01
2,00000	54,01
2,01667	54,01
2,03333	54,01
2,05000	54,01
2,06667	54,01
2,08333	54,01
2,10000	54,00
2,11667	54,00
2,13333	54,00
2,15000	54,00
2,16667	54,00
2,18333	54,01
2,20000	54,01
2,21667	54,01
2,23333	54,00
2,25000	54,00
2,26667	54,00
2,28333	54,00
2,30000	54,00
2,31667	54,00
2,33333	54,00
2,35000	54,00
2,36667	54,00
2,38333	54,01
2,40000	54,00
2,41667	54,00
2,43333	54,00
2,45000	54,00
2,46667	54,00
2,48333	54,00
2,50000	54,00
2,51667	54,00
2,53333	54,00
2,55000	54,00
2,56667	54,00
2,58333	54,00
2,60000	54,00
2,61667	54,00
2,63333	54,00
2,65000	54,00
2,66667	54,00
2,68333	54,00
2,70000	54,00
2,71667	54,01
2,73333	54,01
2,75000	54,01
2,76667	54,01
2,78333	54,00
2,80000	54,00
2,81667	54,00
2,83333	54,00
2,85000	54,00
2,86667	54,00
2,88333	54,00
2,90000	54,00
2,91667	54,00
2,93333	54,00
2,95000	54,00
2,96667	54,00
2,98333	54,00
3,00000	54,00
3,01667	54,01
3,03333	54,00
3,05000	54,00
3,06667	54,00
3,08333	54,00
3,10000	54,00
3,11667	54,01
3,13333	54,01
3,15000	54,01
3,16667	54,01
3,18333	54,01
3,20000	54,01
3,21667	54,01
3,23333	54,01
3,25000	54,02
3,26667	54,01
3,28333	54,01
3,30000	54,01
3,31667	54,01
3,33333	54,00
3,35000	54,00
3,36667	54,00
3,38333	54,00
3,40000	54,00
3,41667	54,00
3,43333	54,00
3,45000	54,00
3,46667	54,00
3,48333	53,99
3,50000	54,00
3,51667	53,99
3,53333	53,99
3,55000	54,00
3,56667	54,00
3,58333	54,00
3,60000	54,00
3,61667	54,00
3,63333	54,00
3,65000	54,00
3,66667	54,00
3,68333	54,01
3,70000	54,01
3,71667	54,02
3,73333	54,02
3,75000	54,01
3,76667	54,01
3,78333	54,02
3,80000	54,01
3,81667	54,01
3,83333	54,01
3,85000	54,02
3,86667	54,02
3,88333	54,01
3,90000	54,00
3,91667	54,00
3,93333	54,00
3,95000	54,01
3,96667	54,01
3,98333	54,01
4,00000	54,01
4,01667	54,01
4,03333	54,01
4,05000	54,02
4,06667	54,02
4,08333	54,02
4,10000	54,01
4,11667	54,01
4,13333	54,00
4,15000	54,01
4,16667	54,01
4,18333	54,01
4,20000	54,01
4,21667	54,01
4,23333	54,01
4,25000	54,01
4,26667	54,01
4,28333	54,01
4,30000	54,01
4,31667	54,01
4,33333	54,00
4,35000	54,00
4,36667	54,00
4,38333	54,00
4,40000	54,00
4,41667	54,00
4,43333	53,99
4,45000	53,99
4,46667	54,00
4,48333	54,00
4,50000	54,00
4,51667	54,01
4,53333	54,01
4,55000	54,00
4,56667	54,01
4,58333	54,00
4,60000	54,00
4,61667	54,00
4,63333	54,00
4,65000	54,00
4,66667	54,00
4,68333	54,00
4,70000	54,00
4,71667	54,00
4,73333	53,99
4,75000	53,99
4,76667	53,99
4,78333	53,99
4,80000	54,00
4,81667	54,00
4,83333	54,00
4,85000	54,00
4,86667	54,00
4,88333	54,01
4,90000	54,01
4,91667	54,01
4,93333	54,02
4,95000	54,02
4,96667	54,02
4,98333	54,02
5,00000	54,02
5,01667	54,02
5,03333	54,02
5,05000	54,02
5,06667	54,02
5,08333	54,02
5,10000	54,01
5,11667	54,02
5,13333	54,01
5,15000	54,01
5,16667	54,01
5,18333	54,01
5,20000	54,01
5,21667	54,01
5,23333	54,01
5,25000	54,01
5,26667	54,01
5,28333	54,01
5,30000	54,01
5,31667	54,01
5,33333	54,01
5,35000	54,01
5,36667	54,01
5,38333	54,00
5,40000	54,00
5,41667	54,00
5,43333	54,00
5,45000	54,00
5,46667	54,00
5,48333	53,99
5,50000	53,99
5,51667	54,00
5,53333	54,00
5,55000	54,00
5,56667	54,01
5,58333	54,01
5,60000	54,01
5,61667	54,01
5,63333	54,01
5,65000	54,01
5,66667	54,01
5,68333	54,01
5,70000	54,00
5,71667	54,00
5,73333	54,00
5,75000	54,00
5,76667	54,00
5,78333	54,00
5,80000	54,01
5,81667	54,01
5,83333	54,01
5,85000	54,01
5,86667	54,01
5,88333	54,01
5,90000	54,01
5,91667	54,02
5,93333	54,02
5,95000	54,01
5,96667	54,02
5,98333	54,02
6,00000	54,02
6,01667	54,02
6,03333	54,02
6,05000	54,02
6,06667	54,02
6,08333	54,02
6,10000	54,01
6,11667	54,01
6,13333	54,02
6,15000	54,02
6,16667	54,02
6,18333	54,02
6,20000	54,02
6,21667	54,02
6,23333	54,02
6,25000	54,02
6,26667	54,02
6,28333	54,02
6,30000	54,02
6,31667	54,03
6,33333	54,02
6,35000	54,02
6,36667	54,02
6,38333	54,02
6,40000	54,02
6,41667	54,02
6,43333	54,02
6,45000	54,02
6,46667	54,02
6,48333	54,01
6,50000	54,02
6,51667	54,02
6,53333	54,01
6,55000	54,01
6,56667	54,01
6,58333	54,01
6,60000	54,01
6,61667	54,01
6,63333	54,02
6,65000	54,02
6,66667	54,02
6,68333	54,02
6,70000	54,02
6,71667	54,02
6,73333	54,02
6,75000	54,02
6,76667	54,02
6,78333	54,02
6,80000	54,02
6,81667	54,02
6,83333	54,02
6,85000	54,02
6,86667	54,02
6,88333	54,02
6,90000	54,02
6,91667	54,01
6,93333	54,01
6,95000	54,01
6,96667	54,01
6,98333	54,01
7,00000	54,01
7,01667	54,01
7,03333	54,00
7,05000	54,00
7,06667	54,00
7,08333	54,00
7,10000	54,00
7,11667	54,00
7,13333	54,01
7,15000	54,01
7,16667	54,01
7,18333	54,01
7,20000	54,01
7,21667	54,01
7,23333	54,01
7,25000	54,01
7,26667	54,01
7,28333	54,02
7,30000	54,02
7,31667	54,02
7,33333	54,02
7,35000	54,01
7,36667	54,01
7,38333	54,01
7,40000	54,01
7,41667	54,01
7,43333	54,00
7,45000	54,00
7,46667	54,00
7,48333	54,00
7,50000	54,00
7,51667	54,00
7,53333	54,00
7,55000	54,00
7,56667	54,00
7,58333	54,00
7,60000	54,01
7,61667	54,01
7,63333	54,01
7,65000	54,01
7,66667	54,01
7,68333	54,01
7,70000	54,01
7,71667	54,01
7,73333	54,02
7,75000	54,02
7,76667	54,01
7,78333	54,01
7,80000	54,01
7,81667	54,01
7,83333	54,01
7,85000	54,01
7,86667	54,00
7,88333	54,01
7,90000	54,01
7,91667	54,01
7,93333	54,01
7,95000	54,01
7,96667	54,01
7,98333	54,01
8,00000	54,01
8,01667	54,01
8,03333	54,01
8,05000	54,00
8,06667	54,00
8,08333	54,00
8,10000	53,99
8,11667	53,99
8,13333	54,00
8,15000	54,00
8,16667	53,99
8,18333	53,99
8,20000	53,99
8,21667	53,99
8,23333	54,00
8,25000	53,99
8,26667	53,99
8,28333	53,99
8,30000	54,00
8,31667	54,00
8,33333	54,00
8,35000	54,00
8,36667	54,00
8,38333	54,00
8,40000	54,00
8,41667	54,00
8,43333	54,00
8,45000	54,00
8,46667	54,00
8,48333	54,00
8,50000	54,00
8,51667	54,00
8,53333	54,00
8,55000	54,00
8,56667	54,01
8,58333	54,01
8,60000	54,01
8,61667	54,01
8,63333	54,01
8,65000	54,01
8,66667	54,02
8,68333	54,02
8,70000	54,02
8,71667	54,02
8,73333	54,02
8,75000	54,02
8,76667	54,02
8,78333	54,01
8,80000	54,01
8,81667	54,01
8,83333	54,01
8,85000	54,01
8,86667	54,01
8,88333	54,01
8,90000	54,01
8,91667	54,01
8,93333	54,01
8,95000	54,01
8,96667	54,01
8,98333	54,01
9,00000	54,01
9,01667	54,01
9,03333	54,00
9,05000	54,00
9,06667	54,01
9,08333	54,01
9,10000	54,00
9,11667	54,00
9,13333	54,00
9,15000	53,99
9,16667	53,99
9,18333	54,00
9,20000	54,00
9,21667	54,00
9,23333	54,00
9,25000	54,00
9,26667	54,00
9,28333	53,99
9,30000	54,00
9,31667	53,99
9,33333	54,00
9,35000	54,00
9,36667	54,00
9,38333	54,00
9,40000	54,00
9,41667	54,01
9,43333	54,01
9,45000	54,01
9,46667	54,01
9,48333	54,01
9,50000	54,01
9,51667	54,01
9,53333	54,00
9,55000	54,00
9,56667	54,01
9,58333	54,01
9,60000	54,00
9,61667	54,00
9,63333	53,99
9,65000	53,99
9,66667	53,99
9,68333	53,99
9,70000	53,99
9,71667	54,00
9,73333	54,00
9,75000	54,00
9,76667	54,00
9,78333	54,00
9,80000	54,00
9,81667	54,00
9,83333	54,00
9,85000	54,01
9,86667	54,01
9,88333	54,00
9,90000	54,00
9,91667	54,00
9,93333	54,00
9,95000	54,00
9,96667	54,00
9,98333	54,00
10,00000	53,99
10,01667	54,00
10,03333	54,00
10,05000	54,01
10,06667	54,01
10,08333	54,01
10,10000	54,01
10,11667	54,01
10,13333	54,01
10,15000	54,01
10,16667	54,01
10,18333	54,01
10,20000	54,01
10,21667	54,00
10,23333	54,00
10,25000	54,00
10,26667	54,00
10,28333	54,00
10,30000	54,00
10,31667	54,00
10,33333	54,00
10,35000	54,01
10,36667	54,00
10,38333	53,99
10,40000	53,99
10,41667	54,00
10,43333	54,00
10,45000	54,00
10,46667	54,00
10,48333	54,00
10,50000	54,00
10,51667	54,00
10,53333	54,00
10,55000	54,00
10,56667	54,00
10,58333	54,00
10,60000	54,00
10,61667	54,00
10,63333	54,00
10,65000	54,00
10,66667	53,99
10,68333	53,99
10,70000	53,99
10,71667	53,99
10,73333	53,99
10,75000	53,99
10,76667	53,99
10,78333	54,00
10,80000	54,00
10,81667	54,00
10,83333	54,00
10,85000	54,00
10,86667	54,00
10,88333	54,00
10,90000	54,00
10,91667	54,00
10,93333	54,00
10,95000	54,00
10,96667	54,00
10,98333	54,00
11,00000	54,00
11,01667	54,00
11,03333	54,00
11,05000	54,00
11,06667	54,00
11,08333	54,00
11,10000	54,01
11,11667	54,01
11,13333	54,01
11,15000	54,01
11,16667	54,01
11,18333	54,01
11,20000	54,01
11,21667	54,01
11,23333	54,01
11,25000	54,00
11,26667	54,00
11,28333	54,00
11,30000	54,00
11,31667	53,99
11,33333	54,00
11,35000	54,00
11,36667	54,00
11,38333	54,00
11,40000	54,00
11,41667	54,00
11,43333	54,00
11,45000	54,00
11,46667	53,99
11,48333	53,99
11,50000	53,99
11,51667	53,99
11,53333	53,99
11,55000	54,00
11,56667	54,00
11,58333	54,00
11,60000	54,00
11,61667	54,01
11,63333	54,01
11,65000	54,01
11,66667	54,02
11,68333	54,02
11,70000	54,02
11,71667	54,01
11,73333	54,00
11,75000	54,00
11,76667	54,00
11,78333	54,00
11,80000	54,00
11,81667	54,00
11,83333	54,00
11,85000	54,00
11,86667	54,01
11,88333	54,01
11,90000	54,00
11,91667	54,00
11,93333	54,00
11,95000	53,99
11,96667	54,00
11,98333	54,01
12,00000	54,01
12,01667	54,01
12,03333	54,01
12,05000	54,01
12,06667	54,01
12,08333	54,01
12,10000	54,01
12,11667	54,01
12,13333	54,01
12,15000	54,01
12,16667	54,00
12,18333	54,00
12,20000	54,00
12,21667	54,00
12,23333	54,01
12,25000	54,01
12,26667	54,01
12,28333	54,01
12,30000	54,01
12,31667	54,01
12,33333	54,01
12,35000	54,00
12,36667	54,00
12,38333	54,00
12,40000	54,00
12,41667	54,00
12,43333	54,00
12,45000	54,00
12,46667	54,00
12,48333	54,00
12,50000	54,00
12,51667	53,99
12,53333	54,00
12,55000	54,00
12,56667	54,00
12,58333	54,00
12,60000	54,00
12,61667	54,00
12,63333	53,99
12,65000	54,00
12,66667	54,00
12,68333	54,00
12,70000	54,00
12,71667	54,00
12,73333	54,00
12,75000	53,99
12,76667	53,99
12,78333	53,99
12,80000	53,99
12,81667	54,00
12,83333	54,00
12,85000	54,00
12,86667	54,01
12,88333	54,01
12,90000	54,00
12,91667	54,00
12,93333	54,00
12,95000	53,99
12,96667	53,99
12,98333	53,99
13,00000	53,99
13,01667	54,00
13,03333	54,00
13,05000	54,00
13,06667	53,99
13,08333	53,99
13,10000	54,00
13,11667	53,99
13,13333	53,99
13,15000	53,99
13,16667	54,00
13,18333	54,00
13,20000	54,00
13,21667	54,00
13,23333	54,00
13,25000	54,00
13,26667	54,00
13,28333	54,00
13,30000	54,00
13,31667	54,00
13,33333	54,00
13,35000	54,00
13,36667	54,00
13,38333	54,00
13,40000	54,00
13,41667	54,00
13,43333	53,99
13,45000	53,99
13,46667	53,99
13,48333	53,99
13,50000	53,99
13,51667	53,99
13,53333	53,99
13,55000	53,99
13,56667	54,00
13,58333	54,01
13,60000	54,01
13,61667	54,01
13,63333	54,01
13,65000	54,00
13,66667	54,00
13,68333	54,00
13,70000	54,00
13,71667	54,01
13,73333	54,00
13,75000	54,00
13,76667	54,00
13,78333	54,00
13,80000	54,00
13,81667	54,00
13,83333	54,00
13,85000	54,00
13,86667	54,00
13,88333	54,00
13,90000	53,99
13,91667	53,99
13,93333	53,99
13,95000	53,99
13,96667	53,99
13,98333	53,99
14,00000	53,99
14,01667	53,99
14,03333	53,99
14,05000	53,99
14,06667	53,99
14,08333	53,99
14,10000	53,99
14,11667	53,99
14,13333	54,00
14,15000	54,00
14,16667	54,00
14,18333	54,00
14,20000	54,00
14,21667	54,00
14,23333	54,00
14,25000	53,99
14,26667	53,99
14,28333	53,99
14,30000	53,99
14,31667	53,99
14,33333	53,99
14,35000	53,99
14,36667	53,99
14,38333	54,00
14,40000	54,00
14,41667	54,00
14,43333	54,00
14,45000	54,00
14,46667	54,00
14,48333	54,00
14,50000	54,00
14,51667	54,00
14,53333	54,00
14,55000	54,00
14,56667	54,00
14,58333	54,00
14,60000	54,00
14,61667	54,00
14,63333	54,00
14,65000	54,00
14,66667	54,00
14,68333	54,00
14,70000	54,00
14,71667	54,00
14,73333	54,00
14,75000	54,00
14,76667	54,00
14,78333	54,00
14,80000	54,00
14,81667	54,00
14,83333	54,01
14,85000	54,01
14,86667	54,01
14,88333	54,01
14,90000	54,01
14,91667	54,01
14,93333	54,01
14,95000	54,01
14,96667	54,01
14,98333	54,01
15,00000	54,01
15,01667	54,02
15,03333	54,02
15,05000	54,02
15,06667	54,01
15,08333	54,01
15,10000	54,01
15,11667	54,00
15,13333	54,01
15,15000	54,01
15,16667	54,01
15,18333	54,01
15,20000	54,01
15,21667	54,01
15,23333	54,01
15,25000	54,01
15,26667	54,01
15,28333	54,01
15,30000	54,01
15,31667	54,01
15,33333	54,01
15,35000	54,01
15,36667	54,01
15,38333	54,01
15,40000	54,01
15,41667	54,01
15,43333	54,01
15,45000	54,00
15,46667	54,00
15,48333	54,00
15,50000	54,00
15,51667	54,00
15,53333	54,00
15,55000	54,00
15,56667	54,00
15,58333	53,99
15,60000	54,00
15,61667	54,00
15,63333	53,99
15,65000	53,99
15,66667	53,99
15,68333	53,99
15,70000	53,99
15,71667	53,99
15,73333	53,99
15,75000	53,99
15,76667	53,99
15,78333	53,99
15,80000	54,00
15,81667	54,00
15,83333	54,00
15,85000	54,00
15,86667	53,99
15,88333	53,99
15,90000	53,99
15,91667	53,99
15,93333	54,00
15,95000	54,00
15,96667	54,00
15,98333	54,00
16,00000	54,01
16,01667	54,00
16,03333	54,00
16,05000	54,00
16,06667	54,00
16,08333	54,00
16,10000	53,99
16,11667	53,99
16,13333	54,00
16,15000	54,00
16,16667	54,00
16,18333	54,00
16,20000	54,00
16,21667	54,00
16,23333	54,00
16,25000	54,00
16,26667	54,00
16,28333	53,99
16,30000	53,99
16,31667	53,99
16,33333	53,99
16,35000	53,99
16,36667	53,99
16,38333	54,00
16,40000	54,00
16,41667	53,99
16,43333	53,99
16,45000	53,99
16,46667	53,99
16,48333	54,00
16,50000	54,00
16,51667	54,00
16,53333	54,00
16,55000	54,01
16,56667	54,01
16,58333	54,00
16,60000	54,00
16,61667	54,00
16,63333	54,01
16,65000	54,01
16,66667	54,01
16,68333	54,01
16,70000	54,01
16,71667	54,00
16,73333	54,00
16,75000	54,00
16,76667	54,00
16,78333	54,00
16,80000	54,00
16,81667	54,00
16,83333	53,99
16,85000	53,99
16,86667	53,99
16,88333	54,00
16,90000	54,00
16,91667	54,00
16,93333	53,99
16,95000	53,99
16,96667	53,99
16,98333	53,99
17,00000	54,00
17,01667	54,00
17,03333	53,99
17,05000	53,99
17,06667	53,99
17,08333	53,99
17,10000	53,99
17,11667	53,99
17,13333	53,99
17,15000	53,99
17,16667	54,00
17,18333	53,99
17,20000	53,99
17,21667	53,99
17,23333	53,99
17,25000	54,00
17,26667	54,00
17,28333	54,00
17,30000	54,00
17,31667	53,99
17,33333	54,00
17,35000	54,00
17,36667	54,00
17,38333	54,00
17,40000	54,00
17,41667	54,00
17,43333	54,00
17,45000	53,99
17,46667	53,99
17,48333	54,00
17,50000	54,00
17,51667	54,00
17,53333	53,99
17,55000	54,00
17,56667	54,00
17,58333	54,00
17,60000	54,00
17,61667	53,99
17,63333	53,99
17,65000	53,99
17,66667	53,99
17,68333	53,99
17,70000	53,99
17,71667	54,00
17,73333	54,00
17,75000	54,00
17,76667	54,00
17,78333	54,00
17,80000	54,00
17,81667	54,00
17,83333	53,99
17,85000	53,99
17,86667	54,00
17,88333	53,99
17,90000	53,99
17,91667	53,99
17,93333	54,00
17,95000	53,99
17,96667	53,99
17,98333	53,99
18,00000	53,99
18,01667	53,99
18,03333	54,00
18,05000	54,00
18,06667	53,99
18,08333	53,99
18,10000	53,99
18,11667	53,99
18,13333	53,99
18,15000	54,00
18,16667	54,00
18,18333	54,00
18,20000	54,00
18,21667	54,00
18,23333	54,00
18,25000	54,00
18,26667	53,99
18,28333	53,99
18,30000	53,98
18,31667	53,99
18,33333	53,99
18,35000	53,99
18,36667	53,99
18,38333	54,00
18,40000	54,00
18,41667	53,99
18,43333	53,99
18,45000	53,99
18,46667	53,99
18,48333	54,00
18,50000	54,00
18,51667	54,00
18,53333	54,00
18,55000	54,00
18,56667	53,99
18,58333	53,99
18,60000	54,00
18,61667	53,99
18,63333	53,99
18,65000	53,98
18,66667	53,99
18,68333	53,99
18,70000	53,99
18,71667	53,99
18,73333	53,99
18,75000	53,99
18,76667	53,99
18,78333	54,00
18,80000	54,00
18,81667	54,00
18,83333	54,00
18,85000	54,00
18,86667	54,01
18,88333	54,00
18,90000	54,00
18,91667	54,00
18,93333	53,99
18,95000	53,99
18,96667	54,00
18,98333	54,00
19,00000	53,99
19,01667	53,99
19,03333	53,99
19,05000	54,00
19,06667	54,00
19,08333	54,00
19,10000	54,00
19,11667	54,00
19,13333	54,00
19,15000	54,00
19,16667	54,00
19,18333	54,00
19,20000	54,00
19,21667	54,01
19,23333	54,01
19,25000	54,00
19,26667	54,00
19,28333	53,99
19,30000	53,99
19,31667	53,99
19,33333	54,00
19,35000	54,00
19,36667	54,00
19,38333	54,00
19,40000	54,00
19,41667	54,00
19,43333	54,00
19,45000	54,00
19,46667	54,00
19,48333	53,99
19,50000	53,98
19,51667	53,98
19,53333	53,99
19,55000	53,99
19,56667	53,99
19,58333	53,99
19,60000	54,00
19,61667	54,00
19,63333	54,01
19,65000	54,00
19,66667	54,00
19,68333	54,00
19,70000	54,00
19,71667	54,00
19,73333	54,00
19,75000	54,01
19,76667	54,01
19,78333	54,01
19,80000	54,01
19,81667	54,01
19,83333	54,01
19,85000	54,00
19,86667	53,99
19,88333	54,00
19,90000	54,00
19,91667	54,00
19,93333	54,00
19,95000	54,00
19,96667	54,00
19,98333	54,00
20,00000	54,00
20,01667	54,00
20,03333	54,00
20,05000	54,00
20,06667	54,00
20,08333	54,00
20,10000	53,99
20,11667	53,99
20,13333	53,99
20,15000	53,99
20,16667	54,00
20,18333	54,00
20,20000	54,00
20,21667	54,00
20,23333	54,00
20,25000	54,00
20,26667	54,00
20,28333	54,00
20,30000	54,00
20,31667	54,00
20,33333	54,00
20,35000	53,99
20,36667	53,99
20,38333	53,99
20,40000	54,00
20,41667	54,00
20,43333	54,01
20,45000	54,01
20,46667	54,01
20,48333	54,00
20,50000	54,00
20,51667	54,01
20,53333	54,01
20,55000	54,01
20,56667	54,01
20,58333	54,01
20,60000	54,00
20,61667	54,01
20,63333	54,00
20,65000	54,00
20,66667	54,00
20,68333	54,00
20,70000	54,00
20,71667	54,00
20,73333	54,00
20,75000	54,01
20,76667	54,01
20,78333	54,01
20,80000	54,00
20,81667	54,01
20,83333	54,01
20,85000	54,01
20,86667	54,01
20,88333	54,01
20,90000	54,01
20,91667	54,01
20,93333	54,01
20,95000	54,01
20,96667	54,01
20,98333	54,01
21,00000	54,01
21,01667	54,01
21,03333	54,01
21,05000	54,01
21,06667	54,01
21,08333	54,01
21,10000	54,01
21,11667	54,01
21,13333	54,01
21,15000	54,01
21,16667	54,01
21,18333	54,01
21,20000	54,01
21,21667	54,01
21,23333	54,01
21,25000	54,01
21,26667	54,01
21,28333	54,01
21,30000	54,01
21,31667	54,01
21,33333	54,00
21,35000	54,00
21,36667	54,00
21,38333	54,01
21,40000	54,01
21,41667	54,01
21,43333	54,01
21,45000	54,01
21,46667	54,01
21,48333	54,01
21,50000	54,01
21,51667	54,01
21,53333	54,01
21,55000	54,00
21,56667	54,00
21,58333	53,99
21,60000	53,99
21,61667	53,99
21,63333	53,99
21,65000	53,99
21,66667	53,99
21,68333	54,00
21,70000	54,00
21,71667	54,00
21,73333	54,00
21,75000	54,00
21,76667	54,00
21,78333	54,00
21,80000	54,00
21,81667	54,00
21,83333	54,00
21,85000	54,00
21,86667	54,00
21,88333	54,00
21,90000	54,01
21,91667	54,01
21,93333	54,01
21,95000	54,01
21,96667	54,02
21,98333	54,01
22,00000	54,02
22,01667	54,01
22,03333	54,01
22,05000	54,01
22,06667	54,01
22,08333	54,01
22,10000	54,01
22,11667	54,01
22,13333	54,01
22,15000	54,02
22,16667	54,02
22,18333	54,01
22,20000	54,01
22,21667	54,01
22,23333	54,00
22,25000	54,00
22,26667	54,00
22,28333	53,99
22,30000	54,00
22,31667	54,00
22,33333	54,00
22,35000	54,00
22,36667	54,00
22,38333	54,00
22,40000	54,00
22,41667	54,00
22,43333	54,00
22,45000	54,00
22,46667	54,01
22,48333	54,00
22,50000	54,00
22,51667	53,99
22,53333	54,00
22,55000	54,00
22,56667	54,00
22,58333	54,00
22,60000	54,00
22,61667	54,00
22,63333	54,00
22,65000	54,00
22,66667	54,00
22,68333	54,00
22,70000	53,99
22,71667	53,99
22,73333	53,99
22,75000	53,99
22,76667	53,99
22,78333	53,99
22,80000	54,00
22,81667	54,00
22,83333	54,00
22,85000	54,00
22,86667	54,00
22,88333	54,00
22,90000	54,00
22,91667	53,99
22,93333	53,99
22,95000	54,00
22,96667	53,99
22,98333	53,99
23,00000	53,99
23,01667	54,00
23,03333	54,00
23,05000	54,00
23,06667	54,00
23,08333	53,99
23,10000	53,99
23,11667	53,99
23,13333	53,99
23,15000	53,99
23,16667	53,99
23,18333	53,99
23,20000	54,00
23,21667	54,00
23,23333	54,00
23,25000	54,00
23,26667	53,99
23,28333	53,99
23,30000	53,99
23,31667	54,00
23,33333	54,00
23,35000	54,00
23,36667	54,00
23,38333	54,01
23,40000	54,01
23,41667	54,01
23,43333	54,01
23,45000	54,01
23,46667	54,01
23,48333	54,01
23,50000	54,01
23,51667	54,01
23,53333	54,01
23,55000	54,02
23,56667	54,02
23,58333	54,01
23,60000	54,01
23,61667	54,01
23,63333	54,01
23,65000	54,01
23,66667	54,01
23,68333	54,01
23,70000	54,01
23,71667	54,01
23,73333	54,01
23,75000	54,01
23,76667	54,00
23,78333	54,01
23,80000	54,01
23,81667	54,01
23,83333	54,01
23,85000	54,02
23,86667	54,02
23,88333	54,02
23,90000	54,02
23,91667	54,02
23,93333	54,01
23,95000	54,01
23,96667	54,01
23,98333	54,02
24,00000	54,02
24,01667	54,01
24,03333	54,02
24,05000	54,01
24,06667	54,01
24,08333	54,01
24,10000	54,01
24,11667	54,01
24,13333	54,01
24,15000	54,00
24,16667	53,99
24,18333	53,99
24,20000	54,00
24,21667	53,99
24,23333	53,99
24,25000	53,99
24,26667	53,99
24,28333	54,00
24,30000	54,00
24,31667	54,00
24,33333	54,00
24,35000	54,00
24,36667	54,00
24,38333	53,99
24,40000	53,99
24,41667	53,99
24,43333	53,99
24,45000	54,00
24,46667	54,00
24,48333	54,00
24,50000	54,00
24,51667	54,00
24,53333	54,00
24,55000	54,00
24,56667	54,00
24,58333	54,00
24,60000	54,00
24,61667	54,00
24,63333	54,00
24,65000	54,00
24,66667	54,01
24,68333	54,01
24,70000	54,01
24,71667	54,00
24,73333	54,00
24,75000	54,00
24,76667	54,00
24,78333	54,00
24,80000	54,01
24,81667	54,02
24,83333	54,01
24,85000	54,00
24,86667	54,00
24,88333	54,01
24,90000	54,01
24,91667	54,00
24,93333	54,00
24,95000	54,00
24,96667	54,00
24,98333	54,00
25,00000	54,00
25,01667	53,99
25,03333	54,00
25,05000	54,00
25,06667	54,00
25,08333	54,00
25,10000	54,01
25,11667	54,01
25,13333	54,01
25,15000	54,01
25,16667	54,00
25,18333	54,00
25,20000	54,00
25,21667	54,00
25,23333	54,00
25,25000	54,00
25,26667	54,00
25,28333	54,01
25,30000	54,01
25,31667	54,01
25,33333	54,00
25,35000	54,01
25,36667	54,01
25,38333	54,01
25,40000	54,01
25,41667	54,00
25,43333	54,00
25,45000	54,00
25,46667	53,99
25,48333	53,99
25,50000	54,00
25,51667	54,00
25,53333	53,99
25,55000	53,98
25,56667	53,98
25,58333	53,99
25,60000	53,99
25,61667	54,00
25,63333	54,00
25,65000	54,01
25,66667	54,01
25,68333	54,01
25,70000	54,01
25,71667	54,00
25,73333	54,00
25,75000	54,00
25,76667	54,00
25,78333	54,00
25,80000	54,00
25,81667	54,00
25,83333	54,00
25,85000	54,00
25,86667	54,01
25,88333	54,00
25,90000	54,00
25,91667	53,99
25,93333	53,99
25,95000	53,99
25,96667	54,00
25,98333	54,00
26,00000	54,01
26,01667	54,01
26,03333	54,01
26,05000	54,01
26,06667	54,01
26,08333	54,00
26,10000	54,00
26,11667	54,00
26,13333	54,00
26,15000	54,00
26,16667	54,00
26,18333	54,00
26,20000	54,00
26,21667	54,00
26,23333	53,99
26,25000	53,99
26,26667	53,99
26,28333	54,00
26,30000	54,00
26,31667	54,00
26,33333	54,00
26,35000	53,99
26,36667	53,99
26,38333	53,99
26,40000	54,00
26,41667	54,00
26,43333	54,00
26,45000	54,00
26,46667	53,99
26,48333	54,00
26,50000	54,00
26,51667	54,00
26,53333	54,00
26,55000	54,00
26,56667	54,00
26,58333	54,01
26,60000	54,01
26,61667	54,00
26,63333	54,00
26,65000	54,00
26,66667	54,00
26,68333	54,00
26,70000	54,00
26,71667	54,00
26,73333	54,00
26,75000	54,00
26,76667	54,00
26,78333	54,00
26,80000	53,99
26,81667	53,99
26,83333	53,99
26,85000	54,00
26,86667	54,00
26,88333	54,00
26,90000	54,01
26,91667	54,01
26,93333	54,01
26,95000	54,00
26,96667	53,99
26,98333	53,99
27,00000	53,99
27,01667	54,00
27,03333	54,00
27,05000	54,00
27,06667	54,00
27,08333	54,00
27,10000	54,00
27,11667	54,00
27,13333	54,00
27,15000	54,00
27,16667	54,00
27,18333	54,00
27,20000	54,00
27,21667	54,00
27,23333	54,00
27,25000	54,00
27,26667	54,00
27,28333	54,00
27,30000	54,00
27,31667	54,00
27,33333	53,99
27,35000	53,99
27,36667	54,00
27,38333	54,00
27,40000	54,00
27,41667	54,00
27,43333	54,00
27,45000	54,00
27,46667	54,00
27,48333	54,00
27,50000	54,01
27,51667	54,01
27,53333	54,01
27,55000	54,00
27,56667	54,00
27,58333	54,00
27,60000	54,00
27,61667	53,99
27,63333	53,99
27,65000	53,99
27,66667	54,00
27,68333	54,00
27,70000	54,00
27,71667	54,00
27,73333	54,00
27,75000	54,00
27,76667	53,99
27,78333	53,99
27,80000	54,00
27,81667	54,00
27,83333	53,99
27,85000	53,99
27,86667	54,00
27,88333	54,00
27,90000	54,00
27,91667	54,00
27,93333	54,00
27,95000	54,00
27,96667	54,00
27,98333	53,99
28,00000	53,99
28,01667	53,99
28,03333	53,99
28,05000	53,99
28,06667	53,99
28,08333	54,00
28,10000	54,00
28,11667	54,00
28,13333	53,99
28,15000	53,99
28,16667	53,99
28,18333	54,00
28,20000	54,00
28,21667	54,00
28,23333	54,00
28,25000	53,99
28,26667	53,99
28,28333	53,99
28,30000	53,99
28,31667	53,99
28,33333	53,99
28,35000	53,99
28,36667	53,99
28,38333	53,99
28,40000	53,99
28,41667	53,99
28,43333	53,99
28,45000	53,99
28,46667	53,99
28,48333	53,99
28,50000	53,99
28,51667	53,99
28,53333	54,00
28,55000	53,99
28,56667	54,00
28,58333	53,99
28,60000	53,99
28,61667	53,99
28,63333	53,99
28,65000	54,00
28,66667	54,00
28,68333	53,99
28,70000	53,99
28,71667	53,99
28,73333	53,99
28,75000	54,00
28,76667	54,00
28,78333	54,00
28,80000	54,01
28,81667	54,00
28,83333	54,00
28,85000	54,00
28,86667	54,00
28,88333	54,00
28,90000	54,00
28,91667	54,00
28,93333	54,00
28,95000	54,01
28,96667	54,01
28,98333	54,01
29,00000	54,01
29,01667	54,01
29,03333	54,00
29,05000	53,99
29,06667	53,99
29,08333	53,99
29,10000	53,99
29,11667	53,99
29,13333	54,00
29,15000	54,00
29,16667	54,00
29,18333	54,00
29,20000	54,00
29,21667	54,00
29,23333	54,00
29,25000	54,00
29,26667	54,00
29,28333	53,99
29,30000	54,00
29,31667	54,00
29,33333	54,00
29,35000	53,99
29,36667	54,00
29,38333	54,00
29,40000	54,00
29,41667	54,00
29,43333	54,00
29,45000	54,00
29,46667	54,00
29,48333	54,00
29,50000	53,99
29,51667	53,99
29,53333	53,99
29,55000	53,98
29,56667	53,98
29,58333	53,98
29,60000	53,99
29,61667	53,99
29,63333	53,99
29,65000	54,00
29,66667	53,99
29,68333	54,00
29,70000	54,00
29,71667	54,00
29,73333	54,00
29,75000	53,99
29,76667	53,99
29,78333	53,98
29,80000	53,99
29,81667	53,99
29,83333	53,99
29,85000	53,99
29,86667	53,99
29,88333	53,99
29,90000	53,99
29,91667	53,99
29,93333	53,99
29,95000	53,99
29,96667	53,98
29,98333	53,99
30,00000	53,99
30,01667	53,99
30,03333	53,99
30,05000	53,99
30,06667	53,99
30,08333	53,99
30,10000	53,99
30,11667	54,00
30,13333	54,00
30,15000	54,00
30,16667	54,01
30,18333	54,01
30,20000	54,00
30,21667	54,00
30,23333	54,01
30,25000	54,01
30,26667	54,00
30,28333	54,00
30,30000	54,00
30,31667	53,99
30,33333	53,99
30,35000	53,99
30,36667	53,98
30,38333	53,99
30,40000	53,99
30,41667	53,99
30,43333	54,00
30,45000	54,00
30,46667	54,00
30,48333	54,00
30,50000	54,00
30,51667	54,00
30,53333	54,01
30,55000	54,01
30,56667	54,01
30,58333	54,00
30,60000	54,00
30,61667	54,00
30,63333	54,00
30,65000	54,00
30,66667	54,00
30,68333	53,99
30,70000	54,00
30,71667	54,00
30,73333	53,99
30,75000	53,99
30,76667	53,99
30,78333	54,00
30,80000	54,00
30,81667	54,00
30,83333	54,00
30,85000	54,00
30,86667	54,00
30,88333	54,00
30,90000	53,99
30,91667	53,99
30,93333	53,99
30,95000	53,99
30,96667	53,99
30,98333	53,99
31,00000	54,00
31,01667	54,00
31,03333	54,00
31,05000	54,00
31,06667	54,00
31,08333	54,00
31,10000	54,00
31,11667	54,00
31,13333	53,99
31,15000	54,00
31,16667	54,00
31,18333	54,00
31,20000	54,00
31,21667	54,00
31,23333	54,00
31,25000	54,00
31,26667	54,00
31,28333	54,00
31,30000	54,00
31,31667	54,00
31,33333	54,00
31,35000	53,99
31,36667	54,00
31,38333	54,00
31,40000	54,00
31,41667	54,00
31,43333	54,00
31,45000	54,00
31,46667	54,00
31,48333	54,00
31,50000	54,00
31,51667	53,99
31,53333	53,99
31,55000	54,00
31,56667	54,00
31,58333	54,00
31,60000	54,00
31,61667	53,99
31,63333	54,00
31,65000	54,00
31,66667	54,00
31,68333	54,00
31,70000	54,00
31,71667	54,00
31,73333	54,00
31,75000	53,99
31,76667	54,00
31,78333	54,00
31,80000	54,00
31,81667	54,00
31,83333	54,01
31,85000	54,00
31,86667	54,00
31,88333	54,00
31,90000	54,00
31,91667	54,00
31,93333	53,99
31,95000	53,99
31,96667	53,99
31,98333	53,99
32,00000	53,99

[PDA Multi Chromatogram(Ch1)]
# of Points	      3001
Interval(msec)	640
Start Time(min)	0
End Time(min)	32
Intensity Units	mAU
Intensity Multiplier	1
Type	MultiChrom
Wavelength(nm)	215
Bandwidth(nm)	4
R.Time (min)	Intensity
0,00000	0
0,01067	0
0,02133	-325
0,03200	-648
0,04267	-970
0,05333	-1290
0,06400	-1611
0,07467	-1931
0,08533	-2249
0,09600	-2568
0,10667	-2888
0,11733	-3206
0,12800	-3523
0,13867	-3838
0,14933	-4153
0,16000	-4469
0,17067	-4784
0,18133	-5100
0,19200	-5415
0,20267	-5728
0,21333	-6039
0,22400	-6349
0,23467	-6655
0,24533	-6959
0,25600	-7262
0,26667	-7561
0,27733	-7859
0,28800	-8155
0,29867	-8447
0,30933	-8735
0,32000	-9023
0,33067	-9309
0,34133	-9595
0,35200	-9880
0,36267	-10160
0,37333	-10437
0,38400	-10712
0,39467	-10983
0,40533	-11253
0,41600	-11521
0,42667	-11788
0,43733	-12055
0,44800	-12319
0,45867	-12581
0,46933	-12840
0,48000	-13098
0,49067	-13355
0,50133	-13610
0,51200	-13864
0,52267	-14115
0,53333	-14367
0,54400	-14619
0,55467	-14868
0,56533	-15117
0,57600	-15365
0,58667	-15613
0,59733	-15858
0,60800	-16103
0,61867	-16350
0,62933	-16599
0,64000	-16848
0,65067	-17096
0,66133	-17346
0,67200	-17598
0,68267	-17850
0,69333	-18104
0,70400	-18361
0,71467	-18621
0,72533	-18882
0,73600	-19144
0,74667	-19406
0,75733	-19671
0,76800	-19941
0,77867	-20214
0,78933	-20484
0,80000	-20753
0,81067	-21022
0,82133	-21293
0,83200	-21566
0,84267	-21839
0,85333	-22111
0,86400	-22382
0,87467	-22653
0,88533	-22922
0,89600	-23189
0,90667	-23457
0,91733	-23725
0,92800	-23993
0,93867	-24257
0,94933	-24521
0,96000	-24781
0,97067	-25037
0,98133	-25290
0,99200	-25537
1,00267	-25782
1,01333	-26021
1,02400	-26254
1,03467	-26479
1,04533	-26696
1,05600	-26906
1,06667	-27104
1,07733	-27290
1,08800	-27466
1,09867	-27630
1,10933	-27777
1,12000	-27908
1,13067	-28025
1,14133	-28124
1,15200	-28207
1,16267	-28273
1,17333	-28319
1,18400	-28348
1,19467	-28355
1,20533	-28342
1,21600	-28310
1,22667	-28260
1,23733	-28190
1,24800	-28100
1,25867	-27989
1,26933	-27861
1,28000	-27716
1,29067	-27551
1,30133	-27366
1,31200	-27164
1,32267	-26944
1,33333	-26704
1,34400	-26445
1,35467	-26170
1,36533	-25880
1,37600	-25571
1,38667	-25243
1,39733	-24899
1,40800	-24538
1,41867	-24160
1,42933	-23767
1,44000	-23361
1,45067	-22938
1,46133	-22499
1,47200	-22046
1,48267	-21581
1,49333	-21102
1,50400	-20609
1,51467	-20104
1,52533	-19586
1,53600	-19056
1,54667	-18512
1,55733	-17958
1,56800	-17393
1,57867	-16819
1,58933	-16239
1,60000	-15651
1,61067	-15053
1,62133	-14450
1,63200	-13843
1,64267	-13232
1,65333	-12619
1,66400	-12000
1,67467	-11379
1,68533	-10761
1,69600	-10144
1,70667	-9528
1,71733	-8917
1,72800	-8307
1,73867	-7701
1,74933	-7099
1,76000	-6501
1,77067	-5908
1,78133	-5316
1,79200	-4728
1,80267	-4149
1,81333	-3575
1,82400	-3008
1,83467	-2445
1,84533	-1886
1,85600	-1335
1,86667	-790
1,87733	-254
1,88800	278
1,89867	804
1,90933	1323
1,92000	1834
1,93067	2336
1,94133	2827
1,95200	3313
1,96267	3791
1,97333	4262
1,98400	4723
1,99467	5177
2,00533	5622
2,01600	6058
2,02667	6485
2,03733	6904
2,04800	7313
2,05867	7715
2,06933	8108
2,08000	8492
2,09067	8865
2,10133	9228
2,11200	9586
2,12267	9936
2,13333	10278
2,14400	10612
2,15467	10938
2,16533	11252
2,17600	11558
2,18667	11856
2,19733	12146
2,20800	12429
2,21867	12705
2,22933	12974
2,24000	13235
2,25067	13488
2,26133	13734
2,27200	13977
2,28267	14216
2,29333	14450
2,30400	14678
2,31467	14899
2,32533	15119
2,33600	15335
2,34667	15547
2,35733	15756
2,36800	15961
2,37867	16164
2,38933	16363
2,40000	16557
2,41067	16749
2,42133	16940
2,43200	17125
2,44267	17306
2,45333	17484
2,46400	17658
2,47467	17828
2,48533	17995
2,49600	18158
2,50667	18316
2,51733	18469
2,52800	18619
2,53867	18770
2,54933	18920
2,56000	19064
2,57067	19204
2,58133	19343
2,59200	19478
2,60267	19611
2,61333	19744
2,62400	19874
2,63467	20002
2,64533	20132
2,65600	20260
2,66667	20389
2,67733	20514
2,68800	20635
2,69867	20754
2,70933	20867
2,72000	20979
2,73067	21090
2,74133	21198
2,75200	21303
2,76267	21405
2,77333	21505
2,78400	21602
2,79467	21698
2,80533	21793
2,81600	21886
2,82667	21977
2,83733	22068
2,84800	22157
2,85867	22247
2,86933	22337
2,88000	22425
2,89067	22513
2,90133	22600
2,91200	22688
2,92267	22773
2,93333	22855
2,94400	22938
2,95467	23020
2,96533	23103
2,97600	23182
2,98667	23260
2,99733	23336
3,00800	23410
3,01867	23482
3,02933	23555
3,04000	23626
3,05067	23695
3,06133	23768
3,07200	23840
3,08267	23911
3,09333	23983
3,10400	24054
3,11467	24126
3,12533	24200
3,13600	24273
3,14667	24345
3,15733	24420
3,16800	24493
3,17867	24564
3,18933	24636
3,20000	24707
3,21067	24779
3,22133	24848
3,23200	24914
3,24267	24978
3,25333	25043
3,26400	25107
3,27467	25170
3,28533	25230
3,29600	25288
3,30667	25346
3,31733	25406
3,32800	25467
3,33867	25528
3,34933	25590
3,36000	25653
3,37067	25717
3,38133	25781
3,39200	25845
3,40267	25907
3,41333	25970
3,42400	26034
3,43467	26098
3,44533	26162
3,45600	26225
3,46667	26286
3,47733	26346
3,48800	26405
3,49867	26464
3,50933	26523
3,52000	26582
3,53067	26637
3,54133	26691
3,55200	26743
3,56267	26795
3,57333	26843
3,58400	26869
3,59467	26836
3,60533	26677
3,61600	26307
3,62667	25652
3,63733	24667
3,64800	23351
3,65867	21759
3,66933	19993
3,68000	18207
3,69067	16607
3,70133	15493
3,71200	15430
3,72267	17544
3,73333	23490
3,74400	34399
3,75467	49322
3,76533	64996
3,77600	77743
3,78667	85631
3,79733	88876
3,80800	88835
3,81867	86948
3,82933	84206
3,84000	81027
3,85067	77383
3,86133	73144
3,87200	68399
3,88267	63457
3,89333	58680
3,90400	54343
3,91467	50618
3,92533	47596
3,93600	45304
3,94667	43730
3,95733	42818
3,96800	42472
3,97867	42540
3,98933	42839
4,00000	43183
4,01067	43422
4,02133	43482
4,03200	43371
4,04267	43151
4,05333	42914
4,06400	42748
4,07467	42498
4,08533	39531
4,09600	27039
4,10667	862
4,11733	-34997
4,12800	-72942
4,13867	-107426
4,14933	-136024
4,16000	-157892
4,17067	-173699
4,18133	-185510
4,19200	-195429
4,20267	-204379
4,21333	-212229
4,22400	-218630
4,23467	-221668
4,24533	-214613
4,25600	-188531
4,26667	-116081
4,27733	145770
4,28800	625160
4,29867	1050453
4,30933	1269798
4,32000	1341482
4,33067	1311464
4,34133	1209461
4,35200	1061774
4,36267	891374
4,37333	715845
4,38400	548098
4,39467	397817
4,40533	270303
4,41600	167144
4,42667	87638
4,43733	28777
4,44800	-13933
4,45867	-44992
4,46933	-68101
4,48000	-85935
4,49067	-100215
4,50133	-111978
4,51200	-121801
4,52267	-129945
4,53333	-136532
4,54400	-141711
4,55467	-145688
4,56533	-148692
4,57600	-150955
4,58667	-152681
4,59733	-154034
4,60800	-155141
4,61867	-156080
4,62933	-156896
4,64000	-157604
4,65067	-158212
4,66133	-158726
4,67200	-159154
4,68267	-159506
4,69333	-159795
4,70400	-160031
4,71467	-160229
4,72533	-160402
4,73600	-160560
4,74667	-160712
4,75733	-160865
4,76800	-161023
4,77867	-161185
4,78933	-161352
4,80000	-161530
4,81067	-161719
4,82133	-161922
4,83200	-162143
4,84267	-162383
4,85333	-162648
4,86400	-162941
4,87467	-163264
4,88533	-163613
4,89600	-163978
4,90667	-164351
4,91733	-164727
4,92800	-165104
4,93867	-165475
4,94933	-165838
4,96000	-166191
4,97067	-166525
4,98133	-166831
4,99200	-167097
5,00267	-167317
5,01333	-167496
5,02400	-155812
5,03467	30293
5,04533	595690
5,05600	1266801
5,06667	1715514
5,07733	1982829
5,08800	2136585
5,09867	2218117
5,10933	2249335
5,12000	2242462
5,13067	2209413
5,14133	2164796
5,15200	2121353
5,16267	2086016
5,17333	2059994
5,18400	2041969
5,19467	2030125
5,20533	2022564
5,21600	2017976
5,22667	2015620
5,23733	2015007
5,24800	2015376
5,25867	2016595
5,26933	2018686
5,28000	2021387
5,29067	2024338
5,30133	2027201
5,31200	2030465
5,32267	2033787
5,33333	2036593
5,34400	2039368
5,35467	2041772
5,36533	2043737
5,37600	2045511
5,38667	2046805
5,39733	2047611
5,40800	2048065
5,41867	2048101
5,42933	2047692
5,44000	2047262
5,45067	2046829
5,46133	2046029
5,47200	2045052
5,48267	2044230
5,49333	2043545
5,50400	2043208
5,51467	2043473
5,52533	2043909
5,53600	2044606
5,54667	2045997
5,55733	2047847
5,56800	2050022
5,57867	2052729
5,58933	2055822
5,60000	2059253
5,61067	2063122
5,62133	2067315
5,63200	2071643
5,64267	2076057
5,65333	2080517
5,66400	2084912
5,67467	2089222
5,68533	2093310
5,69600	2097072
5,70667	2100965
5,71733	2107714
5,72800	2124260
5,73867	2157005
5,74933	2202193
5,76000	2246389
5,77067	2278925
5,78133	2298257
5,79200	2307301
5,80267	2308990
5,81333	2305833
5,82400	2299354
5,83467	2289034
5,84533	2274379
5,85600	2255158
5,86667	2230782
5,87733	2201364
5,88800	2167017
5,89867	2128229
5,90933	2084943
5,92000	2037198
5,93067	1985282
5,94133	1928972
5,95200	1868848
5,96267	1805730
5,97333	1740332
5,98400	1673323
5,99467	1605083
6,00533	1535905
6,01600	1466182
6,02667	1396227
6,03733	1326245
6,04800	1256498
6,05867	1187453
6,06933	1119551
6,08000	1053370
6,09067	989647
6,10133	928940
6,11200	871618
6,12267	817907
6,13333	767868
6,14400	721446
6,15467	678479
6,16533	638735
6,17600	601964
6,18667	567939
6,19733	536456
6,20800	507312
6,21867	480335
6,22933	455374
6,24000	432284
6,25067	410942
6,26133	391226
6,27200	373019
6,28267	356204
6,29333	340672
6,30400	326323
6,31467	313064
6,32533	300806
6,33600	289463
6,34667	278957
6,35733	269215
6,36800	260172
6,37867	251765
6,38933	243936
6,40000	236632
6,41067	229807
6,42133	223421
6,43200	217435
6,44267	211815
6,45333	206532
6,46400	201555
6,47467	196859
6,48533	192425
6,49600	188231
6,50667	184254
6,51733	180481
6,52800	176900
6,53867	173498
6,54933	170256
6,56000	167163
6,57067	164217
6,58133	161406
6,59200	158711
6,60267	156133
6,61333	153663
6,62400	151297
6,63467	149026
6,64533	146845
6,65600	144753
6,66667	142742
6,67733	140805
6,68800	138942
6,69867	137150
6,70933	135425
6,72000	133763
6,73067	132162
6,74133	130616
6,75200	129125
6,76267	127686
6,77333	126295
6,78400	124952
6,79467	123659
6,80533	122411
6,81600	121207
6,82667	120053
6,83733	118948
6,84800	117896
6,85867	116898
6,86933	115959
6,88000	115086
6,89067	114267
6,90133	113474
6,91200	112688
6,92267	111902
6,93333	111116
6,94400	110336
6,95467	109569
6,96533	108817
6,97600	108078
6,98667	107353
6,99733	106644
7,00800	105944
7,01867	105255
7,02933	104587
7,04000	103947
7,05067	103328
7,06133	102720
7,07200	102113
7,08267	101500
7,09333	100874
7,10400	100237
7,11467	99611
7,12533	100854
7,13600	138324
7,14667	320282
7,15733	678835
7,16800	1064290
7,17867	1358587
7,18933	1560204
7,20000	1691508
7,21067	1773827
7,22133	1823874
7,23200	1853125
7,24267	1868332
7,25333	1873871
7,26400	1872216
7,27467	1864938
7,28533	1852916
7,29600	1836439
7,30667	1815736
7,31733	1790729
7,32800	1760924
7,33867	1725229
7,34933	1682255
7,36000	1629953
7,37067	1565811
7,38133	1487440
7,39200	1393448
7,40267	1284580
7,41333	1164238
7,42400	1037802
7,43467	911349
7,44533	790433
7,45600	679213
7,46667	580144
7,47733	494149
7,48800	421047
7,49867	359936
7,50933	309554
7,52000	268525
7,53067	235486
7,54133	209152
7,55200	188351
7,56267	172054
7,57333	159367
7,58400	149517
7,59467	141869
7,60533	135906
7,61600	131211
7,62667	127463
7,63733	124420
7,64800	121897
7,65867	119759
7,66933	117911
7,68000	116281
7,69067	114824
7,70133	113502
7,71200	112285
7,72267	111158
7,73333	110110
7,74400	109129
7,75467	108204
7,76533	107329
7,77600	106495
7,78667	105705
7,79733	104954
7,80800	104235
7,81867	103550
7,82933	102897
7,84000	102277
7,85067	101683
7,86133	101120
7,87200	100581
7,88267	100065
7,89333	99567
7,90400	99086
7,91467	98622
7,92533	98172
7,93600	97738
7,94667	97316
7,95733	96905
7,96800	96509
7,97867	96126
7,98933	95752
8,00000	95387
8,01067	95029
8,02133	94679
8,03200	94341
8,04267	94014
8,05333	93693
8,06400	93379
8,07467	93073
8,08533	92774
8,09600	92481
8,10667	92196
8,11733	91913
8,12800	91629
8,13867	91346
8,14933	91065
8,16000	90788
8,17067	90509
8,18133	90231
8,19200	89959
8,20267	89691
8,21333	89428
8,22400	89169
8,23467	88913
8,24533	88662
8,25600	88415
8,26667	88168
8,27733	87922
8,28800	87678
8,29867	87437
8,30933	87201
8,32000	86970
8,33067	86740
8,34133	86514
8,35200	86291
8,36267	86071
8,37333	85852
8,38400	85634
8,39467	85420
8,40533	85210
8,41600	85003
8,42667	84797
8,43733	84593
8,44800	84390
8,45867	84186
8,46933	83986
8,48000	83795
8,49067	83608
8,50133	83419
8,51200	83231
8,52267	83046
8,53333	82865
8,54400	82687
8,55467	82513
8,56533	82345
8,57600	82180
8,58667	82015
8,59733	81852
8,60800	81690
8,61867	81534
8,62933	81382
8,64000	81230
8,65067	81077
8,66133	80928
8,67200	80781
8,68267	80632
8,69333	80481
8,70400	80330
8,71467	80184
8,72533	80044
8,73600	79903
8,74667	79757
8,75733	79611
8,76800	79464
8,77867	79317
8,78933	79172
8,80000	79028
8,81067	78885
8,82133	78743
8,83200	78606
8,84267	78472
8,85333	78338
8,86400	78209
8,87467	78083
8,88533	77958
8,89600	77840
8,90667	77729
8,91733	77621
8,92800	77516
8,93867	77416
8,94933	77319
8,96000	77228
8,97067	77139
8,98133	77051
8,99200	76967
9,00267	76883
9,01333	76797
9,02400	76713
9,03467	76631
9,04533	76551
9,05600	76470
9,06667	76390
9,07733	76311
9,08800	76233
9,09867	76158
9,10933	76081
9,12000	76006
9,13067	75936
9,14133	75865
9,15200	75798
9,16267	75735
9,17333	75676
9,18400	75616
9,19467	75559
9,20533	75503
9,21600	75447
9,22667	75390
9,23733	75330
9,24800	75267
9,25867	75204
9,26933	75142
9,28000	75081
9,29067	75018
9,30133	74955
9,31200	74893
9,32267	74830
9,33333	74767
9,34400	74704
9,35467	74641
9,36533	74578
9,37600	74515
9,38667	74452
9,39733	74390
9,40800	74329
9,41867	74270
9,42933	74216
9,44000	74176
9,45067	74155
9,46133	74161
9,47200	74214
9,48267	74333
9,49333	74521
9,50400	74775
9,51467	75081
9,52533	75402
9,53600	75692
9,54667	75900
9,55733	75988
9,56800	75931
9,57867	75736
9,58933	75439
9,60000	75082
9,61067	74705
9,62133	74340
9,63200	74009
9,64267	73724
9,65333	73483
9,66400	73283
9,67467	73116
9,68533	72978
9,69600	72858
9,70667	72750
9,71733	72656
9,72800	72574
9,73867	72500
9,74933	72431
9,76000	72369
9,77067	72317
9,78133	72274
9,79200	72243
9,80267	72226
9,81333	72228
9,82400	72248
9,83467	72283
9,84533	72335
9,85600	72394
9,86667	72453
9,87733	72508
9,88800	72554
9,89867	72587
9,90933	72603
9,92000	72614
9,93067	72649
9,94133	72782
9,95200	73184
9,96267	74169
9,97333	76209
9,98400	79860
9,99467	85525
10,00533	93142
10,01600	101951
10,02667	110543
10,03733	117251
10,04800	120757
10,05867	120583
10,06933	117197
10,08000	111708
10,09067	105371
10,10133	99191
10,11200	93749
10,12267	89243
10,13333	85632
10,14400	82759
10,15467	80455
10,16533	78583
10,17600	77035
10,18667	75735
10,19733	74629
10,20800	73686
10,21867	72886
10,22933	72221
10,24000	71686
10,25067	71283
10,26133	71018
10,27200	70911
10,28267	70993
10,29333	71312
10,30400	71948
10,31467	73028
10,32533	74781
10,33600	77587
10,34667	82048
10,35733	89078
10,36800	99981
10,37867	116524
10,38933	140965
10,40000	176006
10,41067	224686
10,42133	290145
10,43200	375166
10,44267	481543
10,45333	609228
10,46400	755362
10,47467	913676
10,48533	1074831
10,49600	1227979
10,50667	1363446
10,51733	1474498
10,52800	1557447
10,53867	1610899
10,54933	1634287
10,56000	1627228
10,57067	1589271
10,58133	1520745
10,59200	1424286
10,60267	1305468
10,61333	1172443
10,62400	1034333
10,63467	899325
10,64533	773405
10,65600	660058
10,66667	560608
10,67733	474861
10,68800	401756
10,69867	339885
10,70933	287803
10,72000	244181
10,73067	207856
10,74133	177826
10,75200	153219
10,76267	133261
10,77333	117257
10,78400	104586
10,79467	94679
10,80533	87032
10,81600	81205
10,82667	76820
10,83733	73557
10,84800	71152
10,85867	69396
10,86933	68118
10,88000	67190
10,89067	66513
10,90133	66017
10,91200	65651
10,92267	65375
10,93333	65158
10,94400	64983
10,95467	64842
10,96533	64722
10,97600	64619
10,98667	64530
10,99733	64451
11,00800	64381
11,01867	64315
11,02933	64255
11,04000	64202
11,05067	64152
11,06133	64103
11,07200	64056
11,08267	64010
11,09333	63967
11,10400	63927
11,11467	63886
11,12533	63846
11,13600	63809
11,14667	63771
11,15733	63731
11,16800	63691
11,17867	63654
11,18933	63622
11,20000	63595
11,21067	63572
11,22133	63554
11,23200	63546
11,24267	63542
11,25333	63539
11,26400	63539
11,27467	63538
11,28533	63529
11,29600	63515
11,30667	63495
11,31733	63467
11,32800	63432
11,33867	63390
11,34933	63344
11,36000	63296
11,37067	63244
11,38133	63190
11,39200	63138
11,40267	63089
11,41333	63041
11,42400	62995
11,43467	62952
11,44533	62913
11,45600	62876
11,46667	62842
11,47733	62810
11,48800	62777
11,49867	62745
11,50933	62717
11,52000	62693
11,53067	62672
11,54133	62657
11,55200	62646
11,56267	62638
11,57333	62637
11,58400	62637
11,59467	62633
11,60533	62626
11,61600	62613
11,62667	62593
11,63733	62566
11,64800	62535
11,65867	62502
11,66933	62469
11,68000	62434
11,69067	62399
11,70133	62366
11,71200	62334
11,72267	62304
11,73333	62271
11,74400	62237
11,75467	62206
11,76533	62175
11,77600	62143
11,78667	62112
11,79733	62084
11,80800	62060
11,81867	62041
11,82933	62023
11,84000	62005
11,85067	61991
11,86133	61977
11,87200	61963
11,88267	61954
11,89333	61957
11,90400	61975
11,91467	62016
11,92533	62096
11,93600	62224
11,94667	62408
11,95733	62649
11,96800	62936
11,97867	63254
11,98933	63582
12,00000	63889
12,01067	64147
12,02133	64338
12,03200	64443
12,04267	64452
12,05333	64364
12,06400	64190
12,07467	63951
12,08533	63665
12,09600	63362
12,10667	63067
12,11733	62797
12,12800	62559
12,13867	62356
12,14933	62186
12,16000	62041
12,17067	61923
12,18133	61820
12,19200	61732
12,20267	61656
12,21333	61589
12,22400	61532
12,23467	61485
12,24533	61447
12,25600	61415
12,26667	61387
12,27733	61364
12,28800	61346
12,29867	61332
12,30933	61321
12,32000	61311
12,33067	61303
12,34133	61297
12,35200	61292
12,36267	61289
12,37333	61286
12,38400	61284
12,39467	61288
12,40533	61300
12,41600	61318
12,42667	61336
12,43733	61356
12,44800	61374
12,45867	61381
12,46933	61376
12,48000	61352
12,49067	61314
12,50133	61264
12,51200	61201
12,52267	61128
12,53333	61048
12,54400	60964
12,55467	60882
12,56533	60808
12,57600	60753
12,58667	60719
12,59733	60716
12,60800	60746
12,61867	60800
12,62933	60860
12,64000	60907
12,65067	60919
12,66133	60877
12,67200	60769
12,68267	60597
12,69333	60378
12,70400	60129
12,71467	59866
12,72533	59603
12,73600	59349
12,74667	59108
12,75733	58883
12,76800	58668
12,77867	58458
12,78933	58259
12,80000	58068
12,81067	57883
12,82133	57708
12,83200	57539
12,84267	57369
12,85333	57203
12,86400	57043
12,87467	56888
12,88533	56738
12,89600	56594
12,90667	56455
12,91733	56325
12,92800	56201
12,93867	56087
12,94933	55979
12,96000	55876
12,97067	55781
12,98133	55691
12,99200	55611
13,00267	55542
13,01333	55479
13,02400	55422
13,03467	55368
13,04533	55315
13,05600	55260
13,06667	55202
13,07733	55140
13,08800	55072
13,09867	54997
13,10933	54920
13,12000	54841
13,13067	54766
13,14133	54695
13,15200	54630
13,16267	54571
13,17333	54518
13,18400	54469
13,19467	54424
13,20533	54383
13,21600	54340
13,22667	54294
13,23733	54246
13,24800	54201
13,25867	54157
13,26933	54114
13,28000	54080
13,29067	54049
13,30133	54021
13,31200	54003
13,32267	53990
13,33333	53980
13,34400	53962
13,35467	53941
13,36533	53916
13,37600	53883
13,38667	53845
13,39733	53803
13,40800	53758
13,41867	53713
13,42933	53673
13,44000	53635
13,45067	53599
13,46133	53567
13,47200	53537
13,48267	53510
13,49333	53485
13,50400	53461
13,51467	53443
13,52533	53428
13,53600	53413
13,54667	53401
13,55733	53387
13,56800	53371
13,57867	53356
13,58933	53340
13,60000	53323
13,61067	53305
13,62133	53286
13,63200	53267
13,64267	53249
13,65333	53237
13,66400	53229
13,67467	53225
13,68533	53227
13,69600	53235
13,70667	53250
13,71733	53270
13,72800	53299
13,73867	53334
13,74933	53373
13,76000	53413
13,77067	53447
13,78133	53474
13,79200	53490
13,80267	53490
13,81333	53474
13,82400	53445
13,83467	53399
13,84533	53341
13,85600	53280
13,86667	53218
13,87733	53159
13,88800	53105
13,89867	53058
13,90933	53017
13,92000	52981
13,93067	52951
13,94133	52925
13,95200	52905
13,96267	52889
13,97333	52875
13,98400	52864
13,99467	52858
14,00533	52854
14,01600	52854
14,02667	52854
14,03733	52856
14,04800	52857
14,05867	52854
14,06933	52852
14,08000	52848
14,09067	52840
14,10133	52834
14,11200	52830
14,12267	52823
14,13333	52815
14,14400	52806
14,15467	52794
14,16533	52782
14,17600	52770
14,18667	52759
14,19733	52747
14,20800	52731
14,21867	52716
14,22933	52700
14,24000	52685
14,25067	52673
14,26133	52661
14,27200	52650
14,28267	52640
14,29333	52632
14,30400	52626
14,31467	52618
14,32533	52612
14,33600	52608
14,34667	52605
14,35733	52602
14,36800	52599
14,37867	52597
14,38933	52596
14,40000	52596
14,41067	52596
14,42133	52597
14,43200	52597
14,44267	52598
14,45333	52599
14,46400	52600
14,47467	52601
14,48533	52601
14,49600	52600
14,50667	52598
14,51733	52595
14,52800	52593
14,53867	52589
14,54933	52582
14,56000	52576
14,57067	52570
14,58133	52564
14,59200	52556
14,60267	52546
14,61333	52536
14,62400	52529
14,63467	52520
14,64533	52509
14,65600	52501
14,66667	52494
14,67733	52488
14,68800	52480
14,69867	52471
14,70933	52464
14,72000	52457
14,73067	52451
14,74133	52447
14,75200	52445
14,76267	52442
14,77333	52436
14,78400	52433
14,79467	52431
14,80533	52430
14,81600	52428
14,82667	52425
14,83733	52423
14,84800	52423
14,85867	52423
14,86933	52422
14,88000	52421
14,89067	52419
14,90133	52415
14,91200	52409
14,92267	52402
14,93333	52392
14,94400	52380
14,95467	52368
14,96533	52358
14,97600	52344
14,98667	52333
14,99733	52322
15,00800	52314
15,01867	52308
15,02933	52301
15,04000	52294
15,05067	52288
15,06133	52284
15,07200	52283
15,08267	52281
15,09333	52277
15,10400	52273
15,11467	52271
15,12533	52269
15,13600	52262
15,14667	52254
15,15733	52246
15,16800	52238
15,17867	52230
15,18933	52222
15,20000	52215
15,21067	52211
15,22133	52210
15,23200	52213
15,24267	52220
15,25333	52228
15,26400	52235
15,27467	52245
15,28533	52260
15,29600	52277
15,30667	52295
15,31733	52312
15,32800	52329
15,33867	52346
15,34933	52363
15,36000	52377
15,37067	52388
15,38133	52390
15,39200	52385
15,40267	52375
15,41333	52360
15,42400	52341
15,43467	52316
15,44533	52289
15,45600	52259
15,46667	52224
15,47733	52187
15,48800	52144
15,49867	52095
15,50933	52047
15,52000	51997
15,53067	51946
15,54133	51895
15,55200	51838
15,56267	51778
15,57333	51722
15,58400	51664
15,59467	51601
15,60533	51539
15,61600	51475
15,62667	51404
15,63733	51333
15,64800	51262
15,65867	51189
15,66933	51115
15,68000	51041
15,69067	50965
15,70133	50893
15,71200	50821
15,72267	50751
15,73333	50683
15,74400	50613
15,75467	50546
15,76533	50481
15,77600	50417
15,78667	50354
15,79733	50294
15,80800	50236
15,81867	50175
15,82933	50116
15,84000	50061
15,85067	50004
15,86133	49950
15,87200	49896
15,88267	49845
15,89333	49799
15,90400	49752
15,91467	49707
15,92533	49660
15,93600	49614
15,94667	49572
15,95733	49532
15,96800	49492
15,97867	49452
15,98933	49411
16,00000	49373
16,01067	49339
16,02133	49302
16,03200	49267
16,04267	49235
16,05333	49206
16,06400	49179
16,07467	49153
16,08533	49130
16,09600	49107
16,10667	49086
16,11733	49068
16,12800	49051
16,13867	49032
16,14933	49017
16,16000	49004
16,17067	48992
16,18133	48980
16,19200	48967
16,20267	48954
16,21333	48943
16,22400	48934
16,23467	48923
16,24533	48914
16,25600	48906
16,26667	48894
16,27733	48883
16,28800	48876
16,29867	48869
16,30933	48862
16,32000	48855
16,33067	48850
16,34133	48847
16,35200	48845
16,36267	48840
16,37333	48835
16,38400	48832
16,39467	48830
16,40533	48830
16,41600	48828
16,42667	48824
16,43733	48820
16,44800	48813
16,45867	48807
16,46933	48801
16,48000	48791
16,49067	48781
16,50133	48772
16,51200	48760
16,52267	48746
16,53333	48732
16,54400	48716
16,55467	48701
16,56533	48686
16,57600	48671
16,58667	48658
16,59733	48645
16,60800	48630
16,61867	48619
16,62933	48612
16,64000	48608
16,65067	48601
16,66133	48592
16,67200	48586
16,68267	48580
16,69333	48571
16,70400	48560
16,71467	48548
16,72533	48536
16,73600	48522
16,74667	48508
16,75733	48491
16,76800	48475
16,77867	48463
16,78933	48451
16,80000	48439
16,81067	48425
16,82133	48410
16,83200	48397
16,84267	48384
16,85333	48373
16,86400	48360
16,87467	48349
16,88533	48339
16,89600	48328
16,90667	48316
16,91733	48303
16,92800	48289
16,93867	48276
16,94933	48263
16,96000	48250
16,97067	48236
16,98133	48221
16,99200	48206
17,00267	48192
17,01333	48176
17,02400	48162
17,03467	48148
17,04533	48133
17,05600	48119
17,06667	48108
17,07733	48099
17,08800	48088
17,09867	48077
17,10933	48067
17,12000	48059
17,13067	48053
17,14133	48047
17,15200	48039
17,16267	48027
17,17333	48016
17,18400	48004
17,19467	47992
17,20533	47980
17,21600	47970
17,22667	47960
17,23733	47951
17,24800	47946
17,25867	47943
17,26933	47943
17,28000	47940
17,29067	47937
17,30133	47934
17,31200	47931
17,32267	47928
17,33333	47924
17,34400	47922
17,35467	47921
17,36533	47920
17,37600	47917
17,38667	47915
17,39733	47914
17,40800	47913
17,41867	47912
17,42933	47911
17,44000	47911
17,45067	47912
17,46133	47913
17,47200	47915
17,48267	47917
17,49333	47918
17,50400	47924
17,51467	47931
17,52533	47934
17,53600	47933
17,54667	47932
17,55733	47931
17,56800	47930
17,57867	47928
17,58933	47927
17,60000	47925
17,61067	47922
17,62133	47919
17,63200	47915
17,64267	47914
17,65333	47914
17,66400	47918
17,67467	47924
17,68533	47936
17,69600	47961
17,70667	48002
17,71733	48067
17,72800	48158
17,73867	48284
17,74933	48456
17,76000	48683
17,77067	48973
17,78133	49335
17,79200	49774
17,80267	50292
17,81333	50890
17,82400	51562
17,83467	52298
17,84533	53089
17,85600	53920
17,86667	54774
17,87733	55632
17,88800	56478
17,89867	57299
17,90933	58083
17,92000	58822
17,93067	59515
17,94133	60162
17,95200	60761
17,96267	61315
17,97333	61831
17,98400	62312
17,99467	62766
18,00533	63196
18,01600	63604
18,02667	63991
18,03733	64350
18,04800	64675
18,05867	64955
18,06933	65171
18,08000	65305
18,09067	65340
18,10133	65257
18,11200	65041
18,12267	64683
18,13333	64176
18,14400	63526
18,15467	62748
18,16533	61858
18,17600	60883
18,18667	59854
18,19733	58799
18,20800	57749
18,21867	56729
18,22933	55759
18,24000	54857
18,25067	54029
18,26133	53277
18,27200	52609
18,28267	52015
18,29333	51491
18,30400	51033
18,31467	50631
18,32533	50282
18,33600	49980
18,34667	49716
18,35733	49486
18,36800	49287
18,37867	49114
18,38933	48968
18,40000	48843
18,41067	48736
18,42133	48648
18,43200	48576
18,44267	48514
18,45333	48468
18,46400	48432
18,47467	48403
18,48533	48381
18,49600	48363
18,50667	48353
18,51733	48347
18,52800	48343
18,53867	48341
18,54933	48342
18,56000	48343
18,57067	48346
18,58133	48352
18,59200	48355
18,60267	48356
18,61333	48356
18,62400	48357
18,63467	48359
18,64533	48363
18,65600	48368
18,66667	48372
18,67733	48377
18,68800	48388
18,69867	48404
18,70933	48424
18,72000	48450
18,73067	48485
18,74133	48528
18,75200	48579
18,76267	48638
18,77333	48704
18,78400	48778
18,79467	48857
18,80533	48937
18,81600	49018
18,82667	49096
18,83733	49168
18,84800	49230
18,85867	49275
18,86933	49305
18,88000	49318
18,89067	49314
18,90133	49295
18,91200	49260
18,92267	49212
18,93333	49152
18,94400	49082
18,95467	49005
18,96533	48929
18,97600	48853
18,98667	48774
18,99733	48696
19,00800	48622
19,01867	48550
19,02933	48480
19,04000	48416
19,05067	48358
19,06133	48303
19,07200	48249
19,08267	48199
19,09333	48151
19,10400	48103
19,11467	48060
19,12533	48020
19,13600	47985
19,14667	47953
19,15733	47920
19,16800	47887
19,17867	47857
19,18933	47832
19,20000	47809
19,21067	47785
19,22133	47762
19,23200	47739
19,24267	47719
19,25333	47699
19,26400	47680
19,27467	47662
19,28533	47647
19,29600	47634
19,30667	47621
19,31733	47608
19,32800	47598
19,33867	47588
19,34933	47577
19,36000	47565
19,37067	47553
19,38133	47541
19,39200	47530
19,40267	47520
19,41333	47509
19,42400	47499
19,43467	47492
19,44533	47482
19,45600	47470
19,46667	47461
19,47733	47453
19,48800	47445
19,49867	47435
19,50933	47426
19,52000	47418
19,53067	47409
19,54133	47398
19,55200	47385
19,56267	47374
19,57333	47365
19,58400	47356
19,59467	47348
19,60533	47341
19,61600	47332
19,62667	47322
19,63733	47313
19,64800	47306
19,65867	47298
19,66933	47287
19,68000	47279
19,69067	47274
19,70133	47267
19,71200	47261
19,72267	47255
19,73333	47247
19,74400	47240
19,75467	47233
19,76533	47227
19,77600	47224
19,78667	47220
19,79733	47214
19,80800	47211
19,81867	47208
19,82933	47204
19,84000	47202
19,85067	47203
19,86133	47202
19,87200	47199
19,88267	47197
19,89333	47194
19,90400	47191
19,91467	47187
19,92533	47183
19,93600	47178
19,94667	47174
19,95733	47175
19,96800	47176
19,97867	47175
19,98933	47170
20,00000	47165
20,01067	47163
20,02133	47158
20,03200	47153
20,04267	47148
20,05333	47144
20,06400	47136
20,07467	47130
20,08533	47128
20,09600	47123
20,10667	47116
20,11733	47109
20,12800	47105
20,13867	47099
20,14933	47092
20,16000	47088
20,17067	47082
20,18133	47078
20,19200	47076
20,20267	47072
20,21333	47071
20,22400	47069
20,23467	47065
20,24533	47064
20,25600	47063
20,26667	47064
20,27733	47066
20,28800	47070
20,29867	47076
20,30933	47083
20,32000	47091
20,33067	47101
20,34133	47109
20,35200	47124
20,36267	47146
20,37333	47172
20,38400	47200
20,39467	47236
20,40533	47278
20,41600	47325
20,42667	47381
20,43733	47443
20,44800	47511
20,45867	47589
20,46933	47674
20,48000	47766
20,49067	47866
20,50133	47972
20,51200	48088
20,52267	48214
20,53333	48346
20,54400	48486
20,55467	48632
20,56533	48786
20,57600	48952
20,58667	49123
20,59733	49300
20,60800	49482
20,61867	49668
20,62933	49860
20,64000	50056
20,65067	50254
20,66133	50453
20,67200	50654
20,68267	50852
20,69333	51050
20,70400	51253
20,71467	51455
20,72533	51653
20,73600	51844
20,74667	52036
20,75733	52226
20,76800	52413
20,77867	52597
20,78933	52775
20,80000	52947
20,81067	53116
20,82133	53282
20,83200	53442
20,84267	53596
20,85333	53744
20,86400	53888
20,87467	54026
20,88533	54159
20,89600	54289
20,90667	54413
20,91733	54531
20,92800	54646
20,93867	54757
20,94933	54864
20,96000	54967
20,97067	55065
20,98133	55155
20,99200	55243
21,00267	55328
21,01333	55407
21,02400	55480
21,03467	55552
21,04533	55622
21,05600	55688
21,06667	55748
21,07733	55809
21,08800	55872
21,09867	55932
21,10933	55987
21,12000	56038
21,13067	56088
21,14133	56135
21,15200	56178
21,16267	56221
21,17333	56265
21,18400	56306
21,19467	56344
21,20533	56382
21,21600	56419
21,22667	56456
21,23733	56493
21,24800	56530
21,25867	56566
21,26933	56602
21,28000	56638
21,29067	56672
21,30133	56704
21,31200	56737
21,32267	56769
21,33333	56802
21,34400	56836
21,35467	56867
21,36533	56896
21,37600	56925
21,38667	56954
21,39733	56985
21,40800	57016
21,41867	57045
21,42933	57072
21,44000	57100
21,45067	57128
21,46133	57157
21,47200	57184
21,48267	57210
21,49333	57234
21,50400	57259
21,51467	57285
21,52533	57309
21,53600	57332
21,54667	57356
21,55733	57379
21,56800	57401
21,57867	57424
21,58933	57449
21,60000	57476
21,61067	57501
21,62133	57526
21,63200	57548
21,64267	57573
21,65333	57601
21,66400	57629
21,67467	57657
21,68533	57684
21,69600	57714
21,70667	57744
21,71733	57773
21,72800	57802
21,73867	57831
21,74933	57863
21,76000	57898
21,77067	57932
21,78133	57967
21,79200	58001
21,80267	58036
21,81333	58072
21,82400	58108
21,83467	58146
21,84533	58183
21,85600	58221
21,86667	58261
21,87733	58300
21,88800	58339
21,89867	58375
21,90933	58408
21,92000	58443
21,93067	58479
21,94133	58514
21,95200	58548
21,96267	58576
21,97333	58602
21,98400	58624
21,99467	58644
22,00533	58662
22,01600	58677
22,02667	58687
22,03733	58690
22,04800	58692
22,05867	58693
22,06933	58691
22,08000	58684
22,09067	58675
22,10133	58661
22,11200	58643
22,12267	58626
22,13333	58608
22,14400	58589
22,15467	58570
22,16533	58550
22,17600	58531
22,18667	58515
22,19733	58496
22,20800	58480
22,21867	58465
22,22933	58450
22,24000	58433
22,25067	58418
22,26133	58401
22,27200	58387
22,28267	58376
22,29333	58363
22,30400	58350
22,31467	58339
22,32533	58330
22,33600	58320
22,34667	58309
22,35733	58301
22,36800	58292
22,37867	58283
22,38933	58274
22,40000	58268
22,41067	58263
22,42133	58257
22,43200	58248
22,44267	58239
22,45333	58231
22,46400	58224
22,47467	58218
22,48533	58211
22,49600	58206
22,50667	58202
22,51733	58196
22,52800	58189
22,53867	58181
22,54933	58175
22,56000	58171
22,57067	58166
22,58133	58162
22,59200	58161
22,60267	58159
22,61333	58153
22,62400	58149
22,63467	58146
22,64533	58145
22,65600	58145
22,66667	58145
22,67733	58145
22,68800	58150
22,69867	58158
22,70933	58169
22,72000	58183
22,73067	58196
22,74133	58210
22,75200	58223
22,76267	58236
22,77333	58251
22,78400	58267
22,79467	58281
22,80533	58299
22,81600	58318
22,82667	58335
22,83733	58349
22,84800	58362
22,85867	58377
22,86933	58394
22,88000	58408
22,89067	58420
22,90133	58431
22,91200	58441
22,92267	58452
22,93333	58462
22,94400	58469
22,95467	58475
22,96533	58480
22,97600	58487
22,98667	58492
22,99733	58495
23,00800	58499
23,01867	58502
23,02933	58508
23,04000	58514
23,05067	58518
23,06133	58523
23,07200	58528
23,08267	58533
23,09333	58535
23,10400	58536
23,11467	58538
23,12533	58540
23,13600	58542
23,14667	58543
23,15733	58545
23,16800	58544
23,17867	58543
23,18933	58546
23,20000	58549
23,21067	58548
23,22133	58547
23,23200	58549
23,24267	58548
23,25333	58545
23,26400	58545
23,27467	58545
23,28533	58545
23,29600	58545
23,30667	58544
23,31733	58542
23,32800	58541
23,33867	58538
23,34933	58534
23,36000	58534
23,37067	58532
23,38133	58528
23,39200	58525
23,40267	58524
23,41333	58524
23,42400	58524
23,43467	58522
23,44533	58521
23,45600	58520
23,46667	58521
23,47733	58524
23,48800	58526
23,49867	58526
23,50933	58527
23,52000	58529
23,53067	58531
23,54133	58533
23,55200	58533
23,56267	58534
23,57333	58539
23,58400	58543
23,59467	58547
23,60533	58551
23,61600	58557
23,62667	58561
23,63733	58564
23,64800	58570
23,65867	58577
23,66933	58583
23,68000	58589
23,69067	58595
23,70133	58601
23,71200	58606
23,72267	58613
23,73333	58621
23,74400	58625
23,75467	58628
23,76533	58632
23,77600	58635
23,78667	58636
23,79733	58636
23,80800	58638
23,81867	58637
23,82933	58633
23,84000	58630
23,85067	58626
23,86133	58621
23,87200	58615
23,88267	58613
23,89333	58613
23,90400	58613
23,91467	58613
23,92533	58615
23,93600	58620
23,94667	58622
23,95733	58630
23,96800	58640
23,97867	58648
23,98933	58655
24,00000	58665
24,01067	58677
24,02133	58684
24,03200	58687
24,04267	58691
24,05333	58699
24,06400	58708
24,07467	58717
24,08533	58728
24,09600	58739
24,10667	58754
24,11733	58770
24,12800	58787
24,13867	58805
24,14933	58829
24,16000	58862
24,17067	58907
24,18133	58961
24,19200	59031
24,20267	59122
24,21333	59242
24,22400	59393
24,23467	59576
24,24533	59799
24,25600	60064
24,26667	60371
24,27733	60723
24,28800	61118
24,29867	61556
24,30933	62037
24,32000	62558
24,33067	63120
24,34133	63715
24,35200	64338
24,36267	64989
24,37333	65664
24,38400	66357
24,39467	67059
24,40533	67766
24,41600	68475
24,42667	69179
24,43733	69873
24,44800	70549
24,45867	71204
24,46933	71837
24,48000	72443
24,49067	73025
24,50133	73587
24,51200	74140
24,52267	74698
24,53333	75281
24,54400	75917
24,55467	76642
24,56533	77489
24,57600	78489
24,58667	79655
24,59733	80963
24,60800	82357
24,61867	83753
24,62933	85049
24,64000	86123
24,65067	86882
24,66133	87270
24,67200	87271
24,68267	86918
24,69333	86287
24,70400	85459
24,71467	84520
24,72533	83539
24,73600	82559
24,74667	81615
24,75733	80717
24,76800	79867
24,77867	79068
24,78933	78317
24,80000	77611
24,81067	76946
24,82133	76314
24,83200	75717
24,84267	75158
24,85333	74628
24,86400	74128
24,87467	73657
24,88533	73212
24,89600	72791
24,90667	72387
24,91733	72004
24,92800	71635
24,93867	71279
24,94933	70940
24,96000	70609
24,97067	70278
24,98133	69952
24,99200	69628
25,00267	69299
25,01333	68966
25,02400	68632
25,03467	68303
25,04533	67974
25,05600	67647
25,06667	67319
25,07733	66983
25,08800	66638
25,09867	66280
25,10933	65908
25,12000	65525
25,13067	65134
25,14133	64739
25,15200	64339
25,16267	63936
25,17333	63531
25,18400	63125
25,19467	62714
25,20533	62303
25,21600	61892
25,22667	61478
25,23733	61063
25,24800	60647
25,25867	60238
25,26933	59840
25,28000	59459
25,29067	59102
25,30133	58770
25,31200	58442
25,32267	58093
25,33333	57711
25,34400	57300
25,35467	56875
25,36533	56447
25,37600	56026
25,38667	55613
25,39733	55207
25,40800	54809
25,41867	54420
25,42933	54042
25,44000	53676
25,45067	53322
25,46133	52980
25,47200	52647
25,48267	52322
25,49333	52011
25,50400	51728
25,51467	51486
25,52533	51273
25,53600	51054
25,54667	50791
25,55733	50458
25,56800	50058
25,57867	49619
25,58933	49170
25,60000	48732
25,61067	48314
25,62133	47914
25,63200	47530
25,64267	47157
25,65333	46798
25,66400	46452
25,67467	46120
25,68533	45803
25,69600	45498
25,70667	45198
25,71733	44904
25,72800	44617
25,73867	44333
25,74933	44062
25,76000	43805
25,77067	43563
25,78133	43332
25,79200	43104
25,80267	42876
25,81333	42648
25,82400	42421
25,83467	42197
25,84533	41976
25,85600	41758
25,86667	41544
25,87733	41330
25,88800	41127
25,89867	40947
25,90933	40790
25,92000	40654
25,93067	40520
25,94133	40376
25,95200	40210
25,96267	40024
25,97333	39830
25,98400	39635
25,99467	39443
26,00533	39257
26,01600	39080
26,02667	38909
26,03733	38743
26,04800	38587
26,05867	38443
26,06933	38311
26,08000	38194
26,09067	38098
26,10133	38044
26,11200	38076
26,12267	38297
26,13333	38912
26,14400	40187
26,15467	42261
26,16533	45007
26,17600	48122
26,18667	51386
26,19733	54795
26,20800	58499
26,21867	62635
26,22933	67195
26,24000	71927
26,25067	76221
26,26133	79197
26,27200	80075
26,28267	78598
26,29333	75157
26,30400	70548
26,31467	65582
26,32533	60825
26,33600	56561
26,34667	52873
26,35733	49742
26,36800	47118
26,37867	44945
26,38933	43166
26,40000	41718
26,41067	40537
26,42133	39570
26,43200	38779
26,44267	38132
26,45333	37600
26,46400	37158
26,47467	36786
26,48533	36466
26,49600	36195
26,50667	35961
26,51733	35757
26,52800	35574
26,53867	35399
26,54933	35234
26,56000	35084
26,57067	34954
26,58133	34854
26,59200	34811
26,60267	34852
26,61333	35000
26,62400	35256
26,63467	35587
26,64533	35945
26,65600	36277
26,66667	36534
26,67733	36683
26,68800	36708
26,69867	36602
26,70933	36372
26,72000	36037
26,73067	35622
26,74133	35159
26,75200	34672
26,76267	34175
26,77333	33684
26,78400	33205
26,79467	32753
26,80533	32337
26,81600	31966
26,82667	31653
26,83733	31409
26,84800	31248
26,85867	31220
26,86933	31435
26,88000	32052
26,89067	33205
26,90133	34930
26,91200	37104
26,92267	39420
26,93333	41431
26,94400	42726
26,95467	43133
26,96533	42775
26,97600	41956
26,98667	40998
26,99733	40160
27,00800	39631
27,01867	39565
27,02933	40058
27,04000	41049
27,05067	42249
27,06133	43249
27,07200	43739
27,08267	43661
27,09333	43199
27,10400	42726
27,11467	42991
27,12533	45560
27,13600	52811
27,14667	66410
27,15733	84934
27,16800	103476
27,17867	116440
27,18933	120983
27,20000	117952
27,21067	110217
27,22133	100580
27,23200	90803
27,24267	81692
27,25333	73521
27,26400	66369
27,27467	60267
27,28533	55221
27,29600	51197
27,30667	48110
27,31733	45842
27,32800	44248
27,33867	43177
27,34933	42493
27,36000	42089
27,37067	41872
27,38133	41779
27,39200	41766
27,40267	41797
27,41333	41859
27,42400	41942
27,43467	42042
27,44533	42166
27,45600	42323
27,46667	42513
27,47733	42737
27,48800	43006
27,49867	43343
27,50933	43763
27,52000	44259
27,53067	44787
27,54133	45296
27,55200	45763
27,56267	46182
27,57333	46541
27,58400	46805
27,59467	46962
27,60533	47040
27,61600	47082
27,62667	47121
27,63733	47162
27,64800	47194
27,65867	47218
27,66933	47246
27,68000	47280
27,69067	47302
27,70133	47283
27,71200	47213
27,72267	47101
27,73333	46963
27,74400	46823
27,75467	46701
27,76533	46604
27,77600	46535
27,78667	46487
27,79733	46449
27,80800	46411
27,81867	46368
27,82933	46313
27,84000	46249
27,85067	46179
27,86133	46111
27,87200	46059
27,88267	46031
27,89333	46026
27,90400	46036
27,91467	46053
27,92533	46065
27,93600	46062
27,94667	46045
27,95733	46018
27,96800	45985
27,97867	45945
27,98933	45908
28,00000	45879
28,01067	45861
28,02133	45856
28,03200	45863
28,04267	45882
28,05333	45906
28,06400	45931
28,07467	45951
28,08533	45959
28,09600	45959
28,10667	45949
28,11733	45929
28,12800	45907
28,13867	45887
28,14933	45866
28,16000	45847
28,17067	45831
28,18133	45817
28,19200	45803
28,20267	45790
28,21333	45779
28,22400	45776
28,23467	45778
28,24533	45782
28,25600	45784
28,26667	45788
28,27733	45790
28,28800	45789
28,29867	45784
28,30933	45774
28,32000	45769
28,33067	45770
28,34133	45786
28,35200	45824
28,36267	45886
28,37333	45967
28,38400	46059
28,39467	46157
28,40533	46251
28,41600	46335
28,42667	46404
28,43733	46462
28,44800	46510
28,45867	46547
28,46933	46571
28,48000	46591
28,49067	46607
28,50133	46622
28,51200	46654
28,52267	46717
28,53333	46832
28,54400	47016
28,55467	47286
28,56533	47640
28,57600	48039
28,58667	48416
28,59733	48699
28,60800	48833
28,61867	48805
28,62933	48643
28,64000	48395
28,65067	48112
28,66133	47827
28,67200	47559
28,68267	47318
28,69333	47110
28,70400	46938
28,71467	46799
28,72533	46694
28,73600	46619
28,74667	46567
28,75733	46531
28,76800	46506
28,77867	46483
28,78933	46459
28,80000	46428
28,81067	46392
28,82133	46350
28,83200	46304
28,84267	46259
28,85333	46220
28,86400	46190
28,87467	46168
28,88533	46161
28,89600	46170
28,90667	46190
28,91733	46220
28,92800	46254
28,93867	46289
28,94933	46320
28,96000	46339
28,97067	46348
28,98133	46349
28,99200	46340
29,00267	46323
29,01333	46304
29,02400	46283
29,03467	46259
29,04533	46234
29,05600	46211
29,06667	46186
29,07733	46158
29,08800	46130
29,09867	46104
29,10933	46080
29,12000	46059
29,13067	46043
29,14133	46031
29,15200	46023
29,16267	46020
29,17333	46017
29,18400	46013
29,19467	46010
29,20533	46009
29,21600	46008
29,22667	46005
29,23733	46004
29,24800	46007
29,25867	46018
29,26933	46044
29,28000	46085
29,29067	46144
29,30133	46223
29,31200	46319
29,32267	46435
29,33333	46576
29,34400	46748
29,35467	46958
29,36533	47218
29,37600	47540
29,38667	47938
29,39733	48418
29,40800	48986
29,41867	49650
29,42933	50423
29,44000	51320
29,45067	52358
29,46133	53562
29,47200	54958
29,48267	56575
29,49333	58431
29,50400	60541
29,51467	62910
29,52533	65528
29,53600	68372
29,54667	71389
29,55733	74504
29,56800	77618
29,57867	80611
29,58933	83370
29,60000	85808
29,61067	87877
29,62133	89567
29,63200	90897
29,64267	91907
29,65333	92655
29,66400	93205
29,67467	93618
29,68533	93939
29,69600	94218
29,70667	94495
29,71733	94796
29,72800	95139
29,73867	95540
29,74933	96011
29,76000	96556
29,77067	97177
29,78133	97866
29,79200	98615
29,80267	99411
29,81333	100239
29,82400	101083
29,83467	101920
29,84533	102730
29,85600	103497
29,86667	104211
29,87733	104867
29,88800	105460
29,89867	105986
29,90933	106447
29,92000	106843
29,93067	107174
29,94133	107445
29,95200	107662
29,96267	107825
29,97333	107938
29,98400	108003
29,99467	108023
30,00533	108005
30,01600	107948
30,02667	107855
30,03733	107724
30,04800	107553
30,05867	107348
30,06933	107107
30,08000	106835
30,09067	106532
30,10133	106199
30,11200	105840
30,12267	105462
30,13333	105064
30,14400	104645
30,15467	104208
30,16533	103758
30,17600	103298
30,18667	102830
30,19733	102355
30,20800	101873
30,21867	101384
30,22933	100884
30,24000	100375
30,25067	99855
30,26133	99331
30,27200	98802
30,28267	98268
30,29333	97728
30,30400	97181
30,31467	96629
30,32533	96073
30,33600	95517
30,34667	94959
30,35733	94396
30,36800	93831
30,37867	93267
30,38933	92699
30,40000	92126
30,41067	91550
30,42133	90971
30,43200	90392
30,44267	89812
30,45333	89230
30,46400	88647
30,47467	88062
30,48533	87477
30,49600	86893
30,50667	86310
30,51733	85725
30,52800	85139
30,53867	84553
30,54933	83967
30,56000	83383
30,57067	82802
30,58133	82220
30,59200	81636
30,60267	81055
30,61333	80474
30,62400	79894
30,63467	79316
30,64533	78740
30,65600	78168
30,66667	77596
30,67733	77023
30,68800	76453
30,69867	75886
30,70933	75321
30,72000	74756
30,73067	74196
30,74133	73640
30,75200	73085
30,76267	72531
30,77333	71975
30,78400	71422
30,79467	70872
30,80533	70324
30,81600	69780
30,82667	69230
30,83733	68679
30,84800	68130
30,85867	67583
30,86933	67035
30,88000	66486
30,89067	65936
30,90133	65386
30,91200	64837
30,92267	64288
30,93333	63739
30,94400	63190
30,95467	62641
30,96533	62091
30,97600	61540
30,98667	60990
30,99733	60444
31,00800	59896
31,01867	59348
31,02933	58801
31,04000	58256
31,05067	57714
31,06133	57168
31,07200	56622
31,08267	56077
31,09333	55534
31,10400	54991
31,11467	54449
31,12533	53906
31,13600	53362
31,14667	52821
31,15733	52280
31,16800	51738
31,17867	51195
31,18933	50655
31,20000	50117
31,21067	49578
31,22133	49038
31,23200	48502
31,24267	47964
31,25333	47424
31,26400	46884
31,27467	46344
31,28533	45803
31,29600	45264
31,30667	44724
31,31733	44186
31,32800	43650
31,33867	43110
31,34933	42570
31,36000	42033
31,37067	41497
31,38133	40964
31,39200	40433
31,40267	39902
31,41333	39374
31,42400	38849
31,43467	38330
31,44533	37813
31,45600	37295
31,46667	36783
31,47733	36277
31,48800	35776
31,49867	35279
31,50933	34785
31,52000	34296
31,53067	33812
31,54133	33337
31,55200	32870
31,56267	32406
31,57333	31943
31,58400	31481
31,59467	31024
31,60533	30571
31,61600	30122
31,62667	29673
31,63733	29228
31,64800	28784
31,65867	28340
31,66933	27896
31,68000	27451
31,69067	27004
31,70133	26558
31,71200	26109
31,72267	25658
31,73333	25205
31,74400	24751
31,75467	24291
31,76533	23829
31,77600	23365
31,78667	22900
31,79733	22433
31,80800	21961
31,81867	21491
31,82933	21024
31,84000	20555
31,85067	20084
31,86133	19615
31,87200	19146
31,88267	18674
31,89333	18206
31,90400	17744
31,91467	17285
31,92533	16825
31,93600	16363
31,94667	15905
31,95733	15455
31,96800	15008
31,97867	14566
31,98933	14129
32,00000	13694


[Fraction Collection Report]
# of Fractions	0
