[Header]
Application Name	LabSolutions
Version	5.101
Data File Name	C:\Users\User\Desktop\Mervan_EnyzmeML\Kinetics\Kinetics\ManNAc\H (1).lcd
Output Date	11.3.2026.
Output Time	14:07:48

[File Information]
Type	Data File
Generated	26.7.2022. 23:14:49
Generated by	System Administrator
Modified	28.7.2022. 9:07:28
Modified by	System Administrator

[Sample Information]
Operator Name	System Administrator
Acquired	26.7.2022. 23:15:05
Sample Type	0:Unknown
Level	0
Sample Name	
Sample ID	
ISTD Amount1	1
ISTD Amount2	1
ISTD Amount3	1
ISTD Amount4	1
ISTD Amount5	1
ISTD Amount6	1
ISTD Amount7	1
ISTD Amount8	1
ISTD Amount9	1
ISTD Amount10	1
ISTD Amount11	1
ISTD Amount12	1
ISTD Amount13	1
ISTD Amount14	1
ISTD Amount15	1
ISTD Amount16	1
ISTD Amount17	1
ISTD Amount18	1
ISTD Amount19	1
ISTD Amount20	1
ISTD Amount21	1
ISTD Amount22	1
ISTD Amount23	1
ISTD Amount24	1
ISTD Amount25	1
ISTD Amount26	1
ISTD Amount27	1
ISTD Amount28	1
ISTD Amount29	1
ISTD Amount30	1
ISTD Amount31	1
ISTD Amount32	1
Sample Amount	1
Dilution Factor	1
Vial#	7
Injection Volume	15

[Original Files]
Data File	C:\LabSolutions\Data\Project1\Mervan\Method development\2022-07-25 (ManNAc)\J0.lcd
Method File	C:\LabSolutions\Data\Project1\Mervan\Mervan Derivatization - Short - Isocratic.lcm
Batch File	C:\LabSolutions\Data\Project1\Mervan batch.lcb
Report Format File	c:\LabSolutions\System\DEFAULT.lsr

[File Description]


[Configuration]
Instrument Name	LC40_01
Instrument #	1
Line #	1
# of Detectors	1
Detector ID	PDA
Detector Name	PDA
# of Channels	1

[Peak Table(PDA-Ch1)]
# of Peaks	2
Peak#	R.Time	I.Time	F.Time	Area	Height	A/H	Conc.	Mark	ID#	Name	k'	Plate #	Plate Ht.	Tailing	Resolution	Sep.Factor	Area Ratio	Height Ratio	Conc. %	Norm Conc.
1	9,961	9,835	10,219	10817	1148	9,420	0,303	   			0,000	22854	6,563	1,428	0,000	0,000	0	0	0,000	0,000
2	10,582	10,315	11,008	3564499	367574	9,697	99,697	   			0,062	25300	5,929	1,160	2,345	0,000	0	0	0,000	0,000

[Compound Results(PDA)]
# of IDs	0

[Group Results(PDA)]
# of Groups	0

[LC Status Trace(Pump A Pressure)]
Interval(msec)	1000
# of Points	1921
Start Time(min)	0,000
End Time(min)	32,000
Intensity Units	bar
Intensity Multiplier	0,980665
R.Time (min)	Intensity
0,00000	80,5
0,01667	80,5
0,03333	78,7
0,05000	79,0
0,06667	79,7
0,08333	79,9
0,10000	80,8
0,11667	81,3
0,13333	81,4
0,15000	81,4
0,16667	81,1
0,18333	80,9
0,20000	80,9
0,21667	81,0
0,23333	81,0
0,25000	81,1
0,26667	81,2
0,28333	81,2
0,30000	81,3
0,31667	81,3
0,33333	81,3
0,35000	81,3
0,36667	81,3
0,38333	81,3
0,40000	81,3
0,41667	81,3
0,43333	81,3
0,45000	81,3
0,46667	81,3
0,48333	81,3
0,50000	81,3
0,51667	81,3
0,53333	81,3
0,55000	81,4
0,56667	81,3
0,58333	81,3
0,60000	81,3
0,61667	81,3
0,63333	81,4
0,65000	81,3
0,66667	81,3
0,68333	81,3
0,70000	81,3
0,71667	81,3
0,73333	81,3
0,75000	81,4
0,76667	81,3
0,78333	81,2
0,80000	81,3
0,81667	81,3
0,83333	81,3
0,85000	81,3
0,86667	81,2
0,88333	81,2
0,90000	81,3
0,91667	81,3
0,93333	81,3
0,95000	81,3
0,96667	81,2
0,98333	81,2
1,00000	81,3
1,01667	81,3
1,03333	81,3
1,05000	81,3
1,06667	81,3
1,08333	81,2
1,10000	81,3
1,11667	81,3
1,13333	81,3
1,15000	81,3
1,16667	81,2
1,18333	81,2
1,20000	81,2
1,21667	81,3
1,23333	81,3
1,25000	81,2
1,26667	81,3
1,28333	81,3
1,30000	81,3
1,31667	81,3
1,33333	81,3
1,35000	81,2
1,36667	81,3
1,38333	81,2
1,40000	81,3
1,41667	81,3
1,43333	81,3
1,45000	81,3
1,46667	81,2
1,48333	81,3
1,50000	81,3
1,51667	81,2
1,53333	81,2
1,55000	81,2
1,56667	81,3
1,58333	81,2
1,60000	81,2
1,61667	81,2
1,63333	81,2
1,65000	81,2
1,66667	81,2
1,68333	81,2
1,70000	81,2
1,71667	81,2
1,73333	81,2
1,75000	81,2
1,76667	81,2
1,78333	81,1
1,80000	81,2
1,81667	81,2
1,83333	81,2
1,85000	81,1
1,86667	81,1
1,88333	81,2
1,90000	81,1
1,91667	81,1
1,93333	81,1
1,95000	81,1
1,96667	81,2
1,98333	81,1
2,00000	81,1
2,01667	81,1
2,03333	81,1
2,05000	81,1
2,06667	81,1
2,08333	81,1
2,10000	81,1
2,11667	81,1
2,13333	81,1
2,15000	81,2
2,16667	81,1
2,18333	81,1
2,20000	81,1
2,21667	81,1
2,23333	81,1
2,25000	81,1
2,26667	81,2
2,28333	81,1
2,30000	81,1
2,31667	81,1
2,33333	81,1
2,35000	81,1
2,36667	81,1
2,38333	81,1
2,40000	81,1
2,41667	81,2
2,43333	81,1
2,45000	81,1
2,46667	81,1
2,48333	81,2
2,50000	81,1
2,51667	81,1
2,53333	81,1
2,55000	81,1
2,56667	81,2
2,58333	81,1
2,60000	81,1
2,61667	81,2
2,63333	81,2
2,65000	81,1
2,66667	81,1
2,68333	81,1
2,70000	81,2
2,71667	81,2
2,73333	81,1
2,75000	81,1
2,76667	81,1
2,78333	81,1
2,80000	81,1
2,81667	81,1
2,83333	81,2
2,85000	81,2
2,86667	81,2
2,88333	81,1
2,90000	81,2
2,91667	81,2
2,93333	81,1
2,95000	81,1
2,96667	81,2
2,98333	81,2
3,00000	81,1
3,01667	81,2
3,03333	81,2
3,05000	81,2
3,06667	81,2
3,08333	81,2
3,10000	81,3
3,11667	81,2
3,13333	81,2
3,15000	81,3
3,16667	81,3
3,18333	81,2
3,20000	81,2
3,21667	81,2
3,23333	81,3
3,25000	81,2
3,26667	81,3
3,28333	81,3
3,30000	81,3
3,31667	81,3
3,33333	81,3
3,35000	81,3
3,36667	81,3
3,38333	81,3
3,40000	81,3
3,41667	81,3
3,43333	81,4
3,45000	81,3
3,46667	81,3
3,48333	81,3
3,50000	81,3
3,51667	81,3
3,53333	81,3
3,55000	81,4
3,56667	81,4
3,58333	81,4
3,60000	81,4
3,61667	81,3
3,63333	81,4
3,65000	81,4
3,66667	81,5
3,68333	81,3
3,70000	81,4
3,71667	81,4
3,73333	81,4
3,75000	81,3
3,76667	81,4
3,78333	81,4
3,80000	81,4
3,81667	81,5
3,83333	81,5
3,85000	81,5
3,86667	81,5
3,88333	81,5
3,90000	81,5
3,91667	81,5
3,93333	81,5
3,95000	81,6
3,96667	81,5
3,98333	81,5
4,00000	81,6
4,01667	81,5
4,03333	81,5
4,05000	81,6
4,06667	81,6
4,08333	81,6
4,10000	81,6
4,11667	81,6
4,13333	81,6
4,15000	81,5
4,16667	81,6
4,18333	81,6
4,20000	81,6
4,21667	81,6
4,23333	81,7
4,25000	81,6
4,26667	81,7
4,28333	81,7
4,30000	81,9
4,31667	82,1
4,33333	82,2
4,35000	82,3
4,36667	82,4
4,38333	82,4
4,40000	82,4
4,41667	82,4
4,43333	82,4
4,45000	82,3
4,46667	82,4
4,48333	82,4
4,50000	82,4
4,51667	82,3
4,53333	82,3
4,55000	82,3
4,56667	82,2
4,58333	82,2
4,60000	82,2
4,61667	82,1
4,63333	82,1
4,65000	82,1
4,66667	81,9
4,68333	82,0
4,70000	81,9
4,71667	81,8
4,73333	81,8
4,75000	81,9
4,76667	81,7
4,78333	81,7
4,80000	81,7
4,81667	81,6
4,83333	81,5
4,85000	81,6
4,86667	81,4
4,88333	81,4
4,90000	81,4
4,91667	81,4
4,93333	81,4
4,95000	81,4
4,96667	81,4
4,98333	81,4
5,00000	81,4
5,01667	81,4
5,03333	81,3
5,05000	81,4
5,06667	81,5
5,08333	81,5
5,10000	81,6
5,11667	81,6
5,13333	81,6
5,15000	81,7
5,16667	81,7
5,18333	81,7
5,20000	81,8
5,21667	81,7
5,23333	81,7
5,25000	81,8
5,26667	81,8
5,28333	81,8
5,30000	81,9
5,31667	81,8
5,33333	81,8
5,35000	81,8
5,36667	81,8
5,38333	81,8
5,40000	81,9
5,41667	81,8
5,43333	81,8
5,45000	81,9
5,46667	81,9
5,48333	81,9
5,50000	81,9
5,51667	81,9
5,53333	81,9
5,55000	81,9
5,56667	82,0
5,58333	82,0
5,60000	81,9
5,61667	82,0
5,63333	82,0
5,65000	81,9
5,66667	82,0
5,68333	82,1
5,70000	82,0
5,71667	82,0
5,73333	82,0
5,75000	82,1
5,76667	82,0
5,78333	82,0
5,80000	82,0
5,81667	82,0
5,83333	82,0
5,85000	82,1
5,86667	82,0
5,88333	82,1
5,90000	82,1
5,91667	82,1
5,93333	82,1
5,95000	82,1
5,96667	82,1
5,98333	82,1
6,00000	82,1
6,01667	82,1
6,03333	82,1
6,05000	82,1
6,06667	82,1
6,08333	82,1
6,10000	82,1
6,11667	82,2
6,13333	82,1
6,15000	82,1
6,16667	82,2
6,18333	82,1
6,20000	82,2
6,21667	82,2
6,23333	82,1
6,25000	82,1
6,26667	82,1
6,28333	82,2
6,30000	82,2
6,31667	82,2
6,33333	82,2
6,35000	82,2
6,36667	82,3
6,38333	82,2
6,40000	82,3
6,41667	82,3
6,43333	82,2
6,45000	82,2
6,46667	82,3
6,48333	82,2
6,50000	82,2
6,51667	82,2
6,53333	82,3
6,55000	82,3
6,56667	82,3
6,58333	82,3
6,60000	82,3
6,61667	82,3
6,63333	82,3
6,65000	82,2
6,66667	82,3
6,68333	82,3
6,70000	82,3
6,71667	82,4
6,73333	82,3
6,75000	82,3
6,76667	82,3
6,78333	82,4
6,80000	82,3
6,81667	82,4
6,83333	82,4
6,85000	82,3
6,86667	82,4
6,88333	82,4
6,90000	82,4
6,91667	82,4
6,93333	82,3
6,95000	82,3
6,96667	82,3
6,98333	82,3
7,00000	82,4
7,01667	82,4
7,03333	82,4
7,05000	82,3
7,06667	82,4
7,08333	82,4
7,10000	82,4
7,11667	82,4
7,13333	82,4
7,15000	82,4
7,16667	82,3
7,18333	82,4
7,20000	82,3
7,21667	82,4
7,23333	82,4
7,25000	82,4
7,26667	82,4
7,28333	82,5
7,30000	82,4
7,31667	82,4
7,33333	82,4
7,35000	82,5
7,36667	82,4
7,38333	82,4
7,40000	82,4
7,41667	82,4
7,43333	82,5
7,45000	82,4
7,46667	82,4
7,48333	82,4
7,50000	82,5
7,51667	82,4
7,53333	82,4
7,55000	82,5
7,56667	82,5
7,58333	82,5
7,60000	82,5
7,61667	82,5
7,63333	82,4
7,65000	82,5
7,66667	82,4
7,68333	82,5
7,70000	82,4
7,71667	82,5
7,73333	82,6
7,75000	82,4
7,76667	82,5
7,78333	82,4
7,80000	82,6
7,81667	82,4
7,83333	82,5
7,85000	82,5
7,86667	82,5
7,88333	82,6
7,90000	82,5
7,91667	82,5
7,93333	82,4
7,95000	82,5
7,96667	82,5
7,98333	82,5
8,00000	82,4
8,01667	82,5
8,03333	82,6
8,05000	82,5
8,06667	82,5
8,08333	82,5
8,10000	82,5
8,11667	82,5
8,13333	82,5
8,15000	82,4
8,16667	82,5
8,18333	82,5
8,20000	82,5
8,21667	82,5
8,23333	82,5
8,25000	82,5
8,26667	82,5
8,28333	82,5
8,30000	82,5
8,31667	82,5
8,33333	82,5
8,35000	82,5
8,36667	82,5
8,38333	82,5
8,40000	82,5
8,41667	82,5
8,43333	82,5
8,45000	82,6
8,46667	82,5
8,48333	82,5
8,50000	82,4
8,51667	82,5
8,53333	82,5
8,55000	82,5
8,56667	82,5
8,58333	82,5
8,60000	82,5
8,61667	82,5
8,63333	82,5
8,65000	82,5
8,66667	82,5
8,68333	82,5
8,70000	82,5
8,71667	82,4
8,73333	82,5
8,75000	82,5
8,76667	82,5
8,78333	82,6
8,80000	82,6
8,81667	82,5
8,83333	82,4
8,85000	82,5
8,86667	82,5
8,88333	82,6
8,90000	82,5
8,91667	82,5
8,93333	82,5
8,95000	82,5
8,96667	82,5
8,98333	82,5
9,00000	82,4
9,01667	82,5
9,03333	82,5
9,05000	82,5
9,06667	82,5
9,08333	82,5
9,10000	82,5
9,11667	82,6
9,13333	82,5
9,15000	82,5
9,16667	82,5
9,18333	82,4
9,20000	82,5
9,21667	82,5
9,23333	82,5
9,25000	82,4
9,26667	82,4
9,28333	82,5
9,30000	82,5
9,31667	82,4
9,33333	82,5
9,35000	82,5
9,36667	82,5
9,38333	82,5
9,40000	82,4
9,41667	82,4
9,43333	82,4
9,45000	82,5
9,46667	82,5
9,48333	82,4
9,50000	82,5
9,51667	82,5
9,53333	82,4
9,55000	82,4
9,56667	82,4
9,58333	82,5
9,60000	82,4
9,61667	82,4
9,63333	82,3
9,65000	82,4
9,66667	82,4
9,68333	82,4
9,70000	82,4
9,71667	82,5
9,73333	82,5
9,75000	82,4
9,76667	82,4
9,78333	82,4
9,80000	82,4
9,81667	82,4
9,83333	82,4
9,85000	82,5
9,86667	82,4
9,88333	82,4
9,90000	82,4
9,91667	82,4
9,93333	82,4
9,95000	82,3
9,96667	82,4
9,98333	82,3
10,00000	82,4
10,01667	82,4
10,03333	82,4
10,05000	82,3
10,06667	82,4
10,08333	82,3
10,10000	82,4
10,11667	82,4
10,13333	82,4
10,15000	82,4
10,16667	82,3
10,18333	82,3
10,20000	82,4
10,21667	82,4
10,23333	82,3
10,25000	82,3
10,26667	82,4
10,28333	82,4
10,30000	82,3
10,31667	82,3
10,33333	82,4
10,35000	82,3
10,36667	82,3
10,38333	82,3
10,40000	82,3
10,41667	82,3
10,43333	82,3
10,45000	82,3
10,46667	82,3
10,48333	82,3
10,50000	82,3
10,51667	82,2
10,53333	82,3
10,55000	82,3
10,56667	82,3
10,58333	82,3
10,60000	82,3
10,61667	82,3
10,63333	82,2
10,65000	82,3
10,66667	82,3
10,68333	82,3
10,70000	82,2
10,71667	82,2
10,73333	82,2
10,75000	82,3
10,76667	82,2
10,78333	82,2
10,80000	82,3
10,81667	82,2
10,83333	82,2
10,85000	82,2
10,86667	82,2
10,88333	82,3
10,90000	82,2
10,91667	82,2
10,93333	82,1
10,95000	82,2
10,96667	82,3
10,98333	82,2
11,00000	82,2
11,01667	82,2
11,03333	82,2
11,05000	82,2
11,06667	82,2
11,08333	82,2
11,10000	82,2
11,11667	82,2
11,13333	82,2
11,15000	82,2
11,16667	82,2
11,18333	82,2
11,20000	82,2
11,21667	82,2
11,23333	82,1
11,25000	82,2
11,26667	82,2
11,28333	82,2
11,30000	82,2
11,31667	82,1
11,33333	82,1
11,35000	82,1
11,36667	82,1
11,38333	82,1
11,40000	82,2
11,41667	82,2
11,43333	82,1
11,45000	82,1
11,46667	82,2
11,48333	82,2
11,50000	82,1
11,51667	82,1
11,53333	82,0
11,55000	82,1
11,56667	82,1
11,58333	82,1
11,60000	82,1
11,61667	82,1
11,63333	82,0
11,65000	82,1
11,66667	82,1
11,68333	82,1
11,70000	82,1
11,71667	82,1
11,73333	82,0
11,75000	82,1
11,76667	82,0
11,78333	82,0
11,80000	82,1
11,81667	82,1
11,83333	82,0
11,85000	82,0
11,86667	82,0
11,88333	82,0
11,90000	82,0
11,91667	82,0
11,93333	81,9
11,95000	82,0
11,96667	82,0
11,98333	82,0
12,00000	82,0
12,01667	82,0
12,03333	82,0
12,05000	82,0
12,06667	82,0
12,08333	82,0
12,10000	82,0
12,11667	82,0
12,13333	81,9
12,15000	82,1
12,16667	82,0
12,18333	82,0
12,20000	82,0
12,21667	82,0
12,23333	81,9
12,25000	81,9
12,26667	82,0
12,28333	81,9
12,30000	82,0
12,31667	81,9
12,33333	81,9
12,35000	82,0
12,36667	82,0
12,38333	81,9
12,40000	82,0
12,41667	82,0
12,43333	81,9
12,45000	81,9
12,46667	82,0
12,48333	82,0
12,50000	81,9
12,51667	81,9
12,53333	81,9
12,55000	82,0
12,56667	81,9
12,58333	81,9
12,60000	81,9
12,61667	81,9
12,63333	81,8
12,65000	81,9
12,66667	81,8
12,68333	81,9
12,70000	81,9
12,71667	81,9
12,73333	81,8
12,75000	81,9
12,76667	81,9
12,78333	81,9
12,80000	81,9
12,81667	81,9
12,83333	81,8
12,85000	81,9
12,86667	81,9
12,88333	81,9
12,90000	81,8
12,91667	81,9
12,93333	81,9
12,95000	81,8
12,96667	81,9
12,98333	81,8
13,00000	81,8
13,01667	81,9
13,03333	81,8
13,05000	81,8
13,06667	81,8
13,08333	81,9
13,10000	81,8
13,11667	81,9
13,13333	81,8
13,15000	81,9
13,16667	81,8
13,18333	81,8
13,20000	81,9
13,21667	81,8
13,23333	81,8
13,25000	81,8
13,26667	81,8
13,28333	81,8
13,30000	81,8
13,31667	81,8
13,33333	81,7
13,35000	81,8
13,36667	81,8
13,38333	81,8
13,40000	81,8
13,41667	81,8
13,43333	81,7
13,45000	81,8
13,46667	81,8
13,48333	81,8
13,50000	81,8
13,51667	81,8
13,53333	81,7
13,55000	81,8
13,56667	81,8
13,58333	81,8
13,60000	81,8
13,61667	81,8
13,63333	81,7
13,65000	81,8
13,66667	81,7
13,68333	81,8
13,70000	81,8
13,71667	81,7
13,73333	81,7
13,75000	81,8
13,76667	81,7
13,78333	81,7
13,80000	81,7
13,81667	81,8
13,83333	81,7
13,85000	81,7
13,86667	81,8
13,88333	81,8
13,90000	81,7
13,91667	81,7
13,93333	81,7
13,95000	81,7
13,96667	81,7
13,98333	81,8
14,00000	81,7
14,01667	81,7
14,03333	81,7
14,05000	81,7
14,06667	81,7
14,08333	81,7
14,10000	81,8
14,11667	81,7
14,13333	81,7
14,15000	81,8
14,16667	81,8
14,18333	81,7
14,20000	81,7
14,21667	81,7
14,23333	81,7
14,25000	81,7
14,26667	81,7
14,28333	81,7
14,30000	81,7
14,31667	81,7
14,33333	81,7
14,35000	81,7
14,36667	81,7
14,38333	81,7
14,40000	81,7
14,41667	81,7
14,43333	81,6
14,45000	81,7
14,46667	81,7
14,48333	81,7
14,50000	81,7
14,51667	81,7
14,53333	81,7
14,55000	81,7
14,56667	81,7
14,58333	81,7
14,60000	81,7
14,61667	81,7
14,63333	81,6
14,65000	81,7
14,66667	81,7
14,68333	81,7
14,70000	81,7
14,71667	81,7
14,73333	81,6
14,75000	81,7
14,76667	81,7
14,78333	81,7
14,80000	81,7
14,81667	81,7
14,83333	81,7
14,85000	81,7
14,86667	81,7
14,88333	81,7
14,90000	81,6
14,91667	81,7
14,93333	81,7
14,95000	81,7
14,96667	81,7
14,98333	81,7
15,00000	81,6
15,01667	81,7
15,03333	81,6
15,05000	81,7
15,06667	81,7
15,08333	81,7
15,10000	81,7
15,11667	81,7
15,13333	81,6
15,15000	81,7
15,16667	81,7
15,18333	81,6
15,20000	81,7
15,21667	81,7
15,23333	81,6
15,25000	81,6
15,26667	81,7
15,28333	81,7
15,30000	81,6
15,31667	81,7
15,33333	81,6
15,35000	81,7
15,36667	81,6
15,38333	81,7
15,40000	81,6
15,41667	81,6
15,43333	81,6
15,45000	81,6
15,46667	81,7
15,48333	81,7
15,50000	81,7
15,51667	81,7
15,53333	81,6
15,55000	81,7
15,56667	81,6
15,58333	81,7
15,60000	81,6
15,61667	81,7
15,63333	81,6
15,65000	81,6
15,66667	81,6
15,68333	81,7
15,70000	81,6
15,71667	81,6
15,73333	81,6
15,75000	81,7
15,76667	81,6
15,78333	81,6
15,80000	81,6
15,81667	81,7
15,83333	81,7
15,85000	81,6
15,86667	81,6
15,88333	81,6
15,90000	81,6
15,91667	81,6
15,93333	81,6
15,95000	81,7
15,96667	81,6
15,98333	81,6
16,00000	81,6
16,01667	81,6
16,03333	81,5
16,05000	81,6
16,06667	81,6
16,08333	81,5
16,10000	81,6
16,11667	81,5
16,13333	81,5
16,15000	81,6
16,16667	81,6
16,18333	81,5
16,20000	81,5
16,21667	81,7
16,23333	81,5
16,25000	81,5
16,26667	81,6
16,28333	81,5
16,30000	81,6
16,31667	81,6
16,33333	81,5
16,35000	81,6
16,36667	81,5
16,38333	81,6
16,40000	81,5
16,41667	81,5
16,43333	81,5
16,45000	81,5
16,46667	81,5
16,48333	81,5
16,50000	81,5
16,51667	81,4
16,53333	81,5
16,55000	81,5
16,56667	81,5
16,58333	81,5
16,60000	81,5
16,61667	81,5
16,63333	81,5
16,65000	81,5
16,66667	81,5
16,68333	81,4
16,70000	81,5
16,71667	81,5
16,73333	81,5
16,75000	81,4
16,76667	81,5
16,78333	81,5
16,80000	81,5
16,81667	81,5
16,83333	81,5
16,85000	81,5
16,86667	81,4
16,88333	81,4
16,90000	81,4
16,91667	81,5
16,93333	81,4
16,95000	81,4
16,96667	81,5
16,98333	81,5
17,00000	81,4
17,01667	81,4
17,03333	81,5
17,05000	81,5
17,06667	81,5
17,08333	81,4
17,10000	81,5
17,11667	81,4
17,13333	81,4
17,15000	81,4
17,16667	81,4
17,18333	81,4
17,20000	81,4
17,21667	81,5
17,23333	81,5
17,25000	81,5
17,26667	81,5
17,28333	81,5
17,30000	81,4
17,31667	81,5
17,33333	81,4
17,35000	81,4
17,36667	81,4
17,38333	81,4
17,40000	81,5
17,41667	81,4
17,43333	81,4
17,45000	81,3
17,46667	81,4
17,48333	81,4
17,50000	81,3
17,51667	81,4
17,53333	81,4
17,55000	81,4
17,56667	81,4
17,58333	81,4
17,60000	81,4
17,61667	81,3
17,63333	81,4
17,65000	81,4
17,66667	81,4
17,68333	81,3
17,70000	81,4
17,71667	81,3
17,73333	81,3
17,75000	81,4
17,76667	81,3
17,78333	81,4
17,80000	81,4
17,81667	81,4
17,83333	81,3
17,85000	81,3
17,86667	81,4
17,88333	81,3
17,90000	81,3
17,91667	81,3
17,93333	81,3
17,95000	81,3
17,96667	81,3
17,98333	81,3
18,00000	81,3
18,01667	81,3
18,03333	81,3
18,05000	81,3
18,06667	81,3
18,08333	81,3
18,10000	81,3
18,11667	81,3
18,13333	81,3
18,15000	81,3
18,16667	81,3
18,18333	81,2
18,20000	81,3
18,21667	81,2
18,23333	81,2
18,25000	81,3
18,26667	81,3
18,28333	81,2
18,30000	81,2
18,31667	81,2
18,33333	81,2
18,35000	81,3
18,36667	81,2
18,38333	81,3
18,40000	81,2
18,41667	81,1
18,43333	81,2
18,45000	81,2
18,46667	81,2
18,48333	81,2
18,50000	81,1
18,51667	81,2
18,53333	81,2
18,55000	81,1
18,56667	81,2
18,58333	81,1
18,60000	81,2
18,61667	81,2
18,63333	81,2
18,65000	81,1
18,66667	81,1
18,68333	81,1
18,70000	81,2
18,71667	81,1
18,73333	81,1
18,75000	81,1
18,76667	81,1
18,78333	81,1
18,80000	81,1
18,81667	81,1
18,83333	81,0
18,85000	81,1
18,86667	81,1
18,88333	81,0
18,90000	81,0
18,91667	81,1
18,93333	81,1
18,95000	81,1
18,96667	81,1
18,98333	81,1
19,00000	81,0
19,01667	81,0
19,03333	81,0
19,05000	81,0
19,06667	81,0
19,08333	81,0
19,10000	80,9
19,11667	81,0
19,13333	81,0
19,15000	80,9
19,16667	80,9
19,18333	81,0
19,20000	80,9
19,21667	80,9
19,23333	81,0
19,25000	80,9
19,26667	80,9
19,28333	80,9
19,30000	80,9
19,31667	80,9
19,33333	80,9
19,35000	80,9
19,36667	80,9
19,38333	80,8
19,40000	80,8
19,41667	80,9
19,43333	80,8
19,45000	80,9
19,46667	80,8
19,48333	80,8
19,50000	80,8
19,51667	80,8
19,53333	80,7
19,55000	80,8
19,56667	80,8
19,58333	80,7
19,60000	80,8
19,61667	80,7
19,63333	80,8
19,65000	80,8
19,66667	80,7
19,68333	80,7
19,70000	80,7
19,71667	80,7
19,73333	80,7
19,75000	80,7
19,76667	80,7
19,78333	80,7
19,80000	80,7
19,81667	80,6
19,83333	80,6
19,85000	80,7
19,86667	80,6
19,88333	80,6
19,90000	80,6
19,91667	80,6
19,93333	80,6
19,95000	80,7
19,96667	80,6
19,98333	80,6
20,00000	80,6
20,01667	80,5
20,03333	80,5
20,05000	80,6
20,06667	80,5
20,08333	80,5
20,10000	80,5
20,11667	80,5
20,13333	80,5
20,15000	80,5
20,16667	80,5
20,18333	80,4
20,20000	80,4
20,21667	80,4
20,23333	80,4
20,25000	80,4
20,26667	80,4
20,28333	80,4
20,30000	80,4
20,31667	80,3
20,33333	80,4
20,35000	80,4
20,36667	80,3
20,38333	80,3
20,40000	80,3
20,41667	80,3
20,43333	80,3
20,45000	80,3
20,46667	80,3
20,48333	80,3
20,50000	80,2
20,51667	80,3
20,53333	80,3
20,55000	80,2
20,56667	80,2
20,58333	80,2
20,60000	80,2
20,61667	80,1
20,63333	80,2
20,65000	80,1
20,66667	80,1
20,68333	80,1
20,70000	80,1
20,71667	80,0
20,73333	80,1
20,75000	80,1
20,76667	80,0
20,78333	80,0
20,80000	80,0
20,81667	79,9
20,83333	80,0
20,85000	80,0
20,86667	79,9
20,88333	79,9
20,90000	79,9
20,91667	79,8
20,93333	79,8
20,95000	79,8
20,96667	79,7
20,98333	79,7
21,00000	79,7
21,01667	79,7
21,03333	79,6
21,05000	79,6
21,06667	79,5
21,08333	79,5
21,10000	79,4
21,11667	79,4
21,13333	79,4
21,15000	79,4
21,16667	79,3
21,18333	79,3
21,20000	79,3
21,21667	79,2
21,23333	79,1
21,25000	79,1
21,26667	79,1
21,28333	79,1
21,30000	79,0
21,31667	78,9
21,33333	78,9
21,35000	78,9
21,36667	78,8
21,38333	78,8
21,40000	78,7
21,41667	78,6
21,43333	78,6
21,45000	78,6
21,46667	78,5
21,48333	78,5
21,50000	78,4
21,51667	78,3
21,53333	78,3
21,55000	78,3
21,56667	78,2
21,58333	78,2
21,60000	78,1
21,61667	78,0
21,63333	78,0
21,65000	78,0
21,66667	77,9
21,68333	77,9
21,70000	77,8
21,71667	77,7
21,73333	77,7
21,75000	77,6
21,76667	77,6
21,78333	77,5
21,80000	77,4
21,81667	77,4
21,83333	77,4
21,85000	77,2
21,86667	77,2
21,88333	77,2
21,90000	77,1
21,91667	77,1
21,93333	77,0
21,95000	76,9
21,96667	76,8
21,98333	76,7
22,00000	76,7
22,01667	76,6
22,03333	76,6
22,05000	76,5
22,06667	76,5
22,08333	76,4
22,10000	76,3
22,11667	76,2
22,13333	76,2
22,15000	76,1
22,16667	76,0
22,18333	76,0
22,20000	75,8
22,21667	75,8
22,23333	75,8
22,25000	75,7
22,26667	75,6
22,28333	75,5
22,30000	75,4
22,31667	75,3
22,33333	75,4
22,35000	75,2
22,36667	75,2
22,38333	75,1
22,40000	75,0
22,41667	74,9
22,43333	74,8
22,45000	74,8
22,46667	74,6
22,48333	74,6
22,50000	74,4
22,51667	74,4
22,53333	74,4
22,55000	74,2
22,56667	74,2
22,58333	74,1
22,60000	74,0
22,61667	73,9
22,63333	73,9
22,65000	73,8
22,66667	73,6
22,68333	73,6
22,70000	73,4
22,71667	73,3
22,73333	73,3
22,75000	73,3
22,76667	73,1
22,78333	73,1
22,80000	73,0
22,81667	72,9
22,83333	72,8
22,85000	72,7
22,86667	72,6
22,88333	72,5
22,90000	72,4
22,91667	72,3
22,93333	72,3
22,95000	72,2
22,96667	72,0
22,98333	72,0
23,00000	71,8
23,01667	71,7
23,03333	71,7
23,05000	71,6
23,06667	71,4
23,08333	71,4
23,10000	71,2
23,11667	71,1
23,13333	71,0
23,15000	71,0
23,16667	70,8
23,18333	70,7
23,20000	70,5
23,21667	70,4
23,23333	70,4
23,25000	70,2
23,26667	70,0
23,28333	70,0
23,30000	69,8
23,31667	69,6
23,33333	69,6
23,35000	69,5
23,36667	69,3
23,38333	69,2
23,40000	69,0
23,41667	68,9
23,43333	68,8
23,45000	68,7
23,46667	68,6
23,48333	68,5
23,50000	68,3
23,51667	68,2
23,53333	68,1
23,55000	68,0
23,56667	67,8
23,58333	67,8
23,60000	67,6
23,61667	67,5
23,63333	67,4
23,65000	67,3
23,66667	67,1
23,68333	67,1
23,70000	66,9
23,71667	66,8
23,73333	66,7
23,75000	66,7
23,76667	66,5
23,78333	66,4
23,80000	66,2
23,81667	66,1
23,83333	66,1
23,85000	66,0
23,86667	65,9
23,88333	65,8
23,90000	65,6
23,91667	65,6
23,93333	65,5
23,95000	65,4
23,96667	65,3
23,98333	65,2
24,00000	65,0
24,01667	64,9
24,03333	64,9
24,05000	64,8
24,06667	64,7
24,08333	64,6
24,10000	64,5
24,11667	64,4
24,13333	64,3
24,15000	64,2
24,16667	64,1
24,18333	64,0
24,20000	63,9
24,21667	63,8
24,23333	63,7
24,25000	63,6
24,26667	63,5
24,28333	63,5
24,30000	63,3
24,31667	63,2
24,33333	63,2
24,35000	63,1
24,36667	62,9
24,38333	62,9
24,40000	62,8
24,41667	62,7
24,43333	62,6
24,45000	62,5
24,46667	62,4
24,48333	62,3
24,50000	62,2
24,51667	62,1
24,53333	62,0
24,55000	61,9
24,56667	61,8
24,58333	61,7
24,60000	61,6
24,61667	61,5
24,63333	61,4
24,65000	61,3
24,66667	61,1
24,68333	61,1
24,70000	60,9
24,71667	60,8
24,73333	60,8
24,75000	60,7
24,76667	60,5
24,78333	60,5
24,80000	60,3
24,81667	60,2
24,83333	60,2
24,85000	60,0
24,86667	59,9
24,88333	59,9
24,90000	59,7
24,91667	59,6
24,93333	59,6
24,95000	59,4
24,96667	59,3
24,98333	59,2
25,00000	59,1
25,01667	59,0
25,03333	58,9
25,05000	58,8
25,06667	58,7
25,08333	58,6
25,10000	58,5
25,11667	58,3
25,13333	58,3
25,15000	58,2
25,16667	58,1
25,18333	58,1
25,20000	57,9
25,21667	57,7
25,23333	57,7
25,25000	57,6
25,26667	57,5
25,28333	57,4
25,30000	57,2
25,31667	57,2
25,33333	57,1
25,35000	57,0
25,36667	56,9
25,38333	56,8
25,40000	56,7
25,41667	56,6
25,43333	56,5
25,45000	56,4
25,46667	56,3
25,48333	56,2
25,50000	56,1
25,51667	56,0
25,53333	55,9
25,55000	55,8
25,56667	55,7
25,58333	55,6
25,60000	55,5
25,61667	55,5
25,63333	55,4
25,65000	55,3
25,66667	55,2
25,68333	55,1
25,70000	55,0
25,71667	54,9
25,73333	54,9
25,75000	54,8
25,76667	54,7
25,78333	54,7
25,80000	54,6
25,81667	54,5
25,83333	54,4
25,85000	54,4
25,86667	54,3
25,88333	54,2
25,90000	54,2
25,91667	54,1
25,93333	54,1
25,95000	54,1
25,96667	54,0
25,98333	54,0
26,00000	54,0
26,01667	53,9
26,03333	53,9
26,05000	53,9
26,06667	53,9
26,08333	53,8
26,10000	53,8
26,11667	53,8
26,13333	53,8
26,15000	53,8
26,16667	53,8
26,18333	53,7
26,20000	53,7
26,21667	53,7
26,23333	53,7
26,25000	53,7
26,26667	53,7
26,28333	53,7
26,30000	53,8
26,31667	53,8
26,33333	53,8
26,35000	53,8
26,36667	53,8
26,38333	53,8
26,40000	53,9
26,41667	53,9
26,43333	54,0
26,45000	54,0
26,46667	54,0
26,48333	54,0
26,50000	54,2
26,51667	54,2
26,53333	54,2
26,55000	54,3
26,56667	54,4
26,58333	54,4
26,60000	54,5
26,61667	54,5
26,63333	54,5
26,65000	54,6
26,66667	54,6
26,68333	54,7
26,70000	54,8
26,71667	54,8
26,73333	54,8
26,75000	54,9
26,76667	54,9
26,78333	55,0
26,80000	55,1
26,81667	55,2
26,83333	55,2
26,85000	55,3
26,86667	55,3
26,88333	55,4
26,90000	55,5
26,91667	55,5
26,93333	55,6
26,95000	55,7
26,96667	55,8
26,98333	55,8
27,00000	55,9
27,01667	56,0
27,03333	55,9
27,05000	56,0
27,06667	56,2
27,08333	56,2
27,10000	56,3
27,11667	56,4
27,13333	56,4
27,15000	56,5
27,16667	56,6
27,18333	56,7
27,20000	56,9
27,21667	56,9
27,23333	57,0
27,25000	57,0
27,26667	57,2
27,28333	57,3
27,30000	57,4
27,31667	57,5
27,33333	57,5
27,35000	57,6
27,36667	57,7
27,38333	57,8
27,40000	58,0
27,41667	58,1
27,43333	58,1
27,45000	58,2
27,46667	58,4
27,48333	58,4
27,50000	58,6
27,51667	58,7
27,53333	58,7
27,55000	58,9
27,56667	59,0
27,58333	59,1
27,60000	59,2
27,61667	59,4
27,63333	59,5
27,65000	59,5
27,66667	59,7
27,68333	59,8
27,70000	60,0
27,71667	60,0
27,73333	60,1
27,75000	60,2
27,76667	60,4
27,78333	60,5
27,80000	60,7
27,81667	60,8
27,83333	60,9
27,85000	61,0
27,86667	61,2
27,88333	61,2
27,90000	61,5
27,91667	61,5
27,93333	61,6
27,95000	61,7
27,96667	61,9
27,98333	62,0
28,00000	62,2
28,01667	62,2
28,03333	62,3
28,05000	62,5
28,06667	62,7
28,08333	62,6
28,10000	62,8
28,11667	63,0
28,13333	63,0
28,15000	63,1
28,16667	63,3
28,18333	63,3
28,20000	63,5
28,21667	63,6
28,23333	63,6
28,25000	63,8
28,26667	63,9
28,28333	64,0
28,30000	64,2
28,31667	64,3
28,33333	64,3
28,35000	64,4
28,36667	64,6
28,38333	64,7
28,40000	64,8
28,41667	64,9
28,43333	64,9
28,45000	65,0
28,46667	65,2
28,48333	65,3
28,50000	65,5
28,51667	65,5
28,53333	65,5
28,55000	65,7
28,56667	65,8
28,58333	65,8
28,60000	66,1
28,61667	66,2
28,63333	66,2
28,65000	66,3
28,66667	66,5
28,68333	66,5
28,70000	66,6
28,71667	66,7
28,73333	66,8
28,75000	66,9
28,76667	67,1
28,78333	67,2
28,80000	67,2
28,81667	67,4
28,83333	67,4
28,85000	67,5
28,86667	67,6
28,88333	67,7
28,90000	67,8
28,91667	68,0
28,93333	68,1
28,95000	68,1
28,96667	68,2
28,98333	68,3
29,00000	68,4
29,01667	68,5
29,03333	68,6
29,05000	68,7
29,06667	68,8
29,08333	68,8
29,10000	69,0
29,11667	69,1
29,13333	69,2
29,15000	69,3
29,16667	69,4
29,18333	69,5
29,20000	69,6
29,21667	69,6
29,23333	69,6
29,25000	69,7
29,26667	69,9
29,28333	69,9
29,30000	70,1
29,31667	70,1
29,33333	70,1
29,35000	70,2
29,36667	70,5
29,38333	70,4
29,40000	70,5
29,41667	70,6
29,43333	70,6
29,45000	70,7
29,46667	70,8
29,48333	70,8
29,50000	71,0
29,51667	71,0
29,53333	71,1
29,55000	71,2
29,56667	71,4
29,58333	71,4
29,60000	71,5
29,61667	71,7
29,63333	71,7
29,65000	71,9
29,66667	72,1
29,68333	72,1
29,70000	72,2
29,71667	72,3
29,73333	72,5
29,75000	72,5
29,76667	72,7
29,78333	72,8
29,80000	73,0
29,81667	73,0
29,83333	73,1
29,85000	73,3
29,86667	73,4
29,88333	73,5
29,90000	73,7
29,91667	73,8
29,93333	73,9
29,95000	74,0
29,96667	74,1
29,98333	74,1
30,00000	74,4
30,01667	74,4
30,03333	74,5
30,05000	74,6
30,06667	74,7
30,08333	74,8
30,10000	74,9
30,11667	75,0
30,13333	75,1
30,15000	75,2
30,16667	75,3
30,18333	75,3
30,20000	75,4
30,21667	75,5
30,23333	75,6
30,25000	75,7
30,26667	75,8
30,28333	75,9
30,30000	76,0
30,31667	76,0
30,33333	76,1
30,35000	76,1
30,36667	76,3
30,38333	76,3
30,40000	76,4
30,41667	76,5
30,43333	76,5
30,45000	76,6
30,46667	76,6
30,48333	76,7
30,50000	76,9
30,51667	76,9
30,53333	76,9
30,55000	77,0
30,56667	77,0
30,58333	77,1
30,60000	77,2
30,61667	77,2
30,63333	77,3
30,65000	77,4
30,66667	77,5
30,68333	77,5
30,70000	77,5
30,71667	77,6
30,73333	77,6
30,75000	77,7
30,76667	77,8
30,78333	77,8
30,80000	77,9
30,81667	77,9
30,83333	78,0
30,85000	78,0
30,86667	78,2
30,88333	78,2
30,90000	78,2
30,91667	78,2
30,93333	78,3
30,95000	78,3
30,96667	78,3
30,98333	78,3
31,00000	78,5
31,01667	78,6
31,03333	78,5
31,05000	78,6
31,06667	78,7
31,08333	78,7
31,10000	78,8
31,11667	78,8
31,13333	78,8
31,15000	78,9
31,16667	78,9
31,18333	79,0
31,20000	78,9
31,21667	79,0
31,23333	79,0
31,25000	79,1
31,26667	79,2
31,28333	79,2
31,30000	79,2
31,31667	79,2
31,33333	79,2
31,35000	79,3
31,36667	79,4
31,38333	79,5
31,40000	79,4
31,41667	79,5
31,43333	79,5
31,45000	79,5
31,46667	79,5
31,48333	79,6
31,50000	79,6
31,51667	79,7
31,53333	79,7
31,55000	79,7
31,56667	79,7
31,58333	79,7
31,60000	79,8
31,61667	79,8
31,63333	79,8
31,65000	79,9
31,66667	79,9
31,68333	79,9
31,70000	79,9
31,71667	79,9
31,73333	80,0
31,75000	80,0
31,76667	80,1
31,78333	80,1
31,80000	80,1
31,81667	80,1
31,83333	80,1
31,85000	80,2
31,86667	80,2
31,88333	80,2
31,90000	80,3
31,91667	80,3
31,93333	80,3
31,95000	80,2
31,96667	80,3
31,98333	80,3
32,00000	80,4

[LC Status Trace(Pump A Degasser Pressure)]
Interval(msec)	1000
# of Points	1921
Start Time(min)	0,000
End Time(min)	32,000
Intensity Units	bar
Intensity Multiplier	0,980665
R.Time (min)	Intensity
0,00000	954,4
0,01667	954,4
0,03333	954,4
0,05000	953,4
0,06667	953,4
0,08333	953,4
0,10000	954,4
0,11667	954,4
0,13333	954,4
0,15000	953,4
0,16667	953,4
0,18333	953,4
0,20000	953,4
0,21667	953,4
0,23333	953,4
0,25000	954,4
0,26667	954,4
0,28333	954,4
0,30000	953,4
0,31667	953,4
0,33333	953,4
0,35000	953,4
0,36667	953,4
0,38333	953,4
0,40000	953,4
0,41667	953,4
0,43333	953,4
0,45000	953,4
0,46667	953,4
0,48333	953,4
0,50000	953,4
0,51667	953,4
0,53333	953,4
0,55000	953,4
0,56667	953,4
0,58333	953,4
0,60000	953,4
0,61667	953,4
0,63333	953,4
0,65000	953,4
0,66667	953,4
0,68333	953,4
0,70000	954,4
0,71667	954,4
0,73333	954,4
0,75000	953,4
0,76667	953,4
0,78333	953,4
0,80000	953,4
0,81667	953,4
0,83333	953,4
0,85000	953,4
0,86667	953,4
0,88333	953,4
0,90000	953,4
0,91667	953,4
0,93333	953,4
0,95000	954,4
0,96667	954,4
0,98333	954,4
1,00000	954,4
1,01667	954,4
1,03333	954,4
1,05000	953,4
1,06667	953,4
1,08333	953,4
1,10000	953,4
1,11667	953,4
1,13333	953,4
1,15000	953,4
1,16667	953,4
1,18333	953,4
1,20000	954,4
1,21667	954,4
1,23333	954,4
1,25000	954,4
1,26667	954,4
1,28333	954,4
1,30000	953,4
1,31667	953,4
1,33333	953,4
1,35000	954,4
1,36667	954,4
1,38333	954,4
1,40000	953,4
1,41667	953,4
1,43333	953,4
1,45000	953,4
1,46667	953,4
1,48333	953,4
1,50000	954,4
1,51667	954,4
1,53333	954,4
1,55000	953,4
1,56667	953,4
1,58333	953,4
1,60000	953,4
1,61667	953,4
1,63333	953,4
1,65000	954,4
1,66667	954,4
1,68333	954,4
1,70000	953,4
1,71667	953,4
1,73333	953,4
1,75000	954,4
1,76667	954,4
1,78333	954,4
1,80000	953,4
1,81667	953,4
1,83333	953,4
1,85000	954,4
1,86667	954,4
1,88333	954,4
1,90000	954,4
1,91667	954,4
1,93333	954,4
1,95000	953,4
1,96667	953,4
1,98333	953,4
2,00000	954,4
2,01667	954,4
2,03333	954,4
2,05000	953,4
2,06667	953,4
2,08333	953,4
2,10000	953,4
2,11667	953,4
2,13333	953,4
2,15000	953,4
2,16667	953,4
2,18333	953,4
2,20000	954,4
2,21667	954,4
2,23333	954,4
2,25000	954,4
2,26667	954,4
2,28333	954,4
2,30000	953,4
2,31667	953,4
2,33333	953,4
2,35000	954,4
2,36667	954,4
2,38333	954,4
2,40000	953,4
2,41667	953,4
2,43333	953,4
2,45000	953,4
2,46667	953,4
2,48333	953,4
2,50000	954,4
2,51667	954,4
2,53333	954,4
2,55000	953,4
2,56667	953,4
2,58333	953,4
2,60000	954,4
2,61667	954,4
2,63333	954,4
2,65000	953,4
2,66667	953,4
2,68333	953,4
2,70000	954,4
2,71667	954,4
2,73333	954,4
2,75000	953,4
2,76667	953,4
2,78333	953,4
2,80000	953,4
2,81667	953,4
2,83333	953,4
2,85000	954,4
2,86667	954,4
2,88333	954,4
2,90000	953,4
2,91667	953,4
2,93333	953,4
2,95000	954,4
2,96667	954,4
2,98333	954,4
3,00000	953,4
3,01667	953,4
3,03333	953,4
3,05000	954,4
3,06667	954,4
3,08333	954,4
3,10000	953,4
3,11667	953,4
3,13333	953,4
3,15000	953,4
3,16667	953,4
3,18333	953,4
3,20000	954,4
3,21667	954,4
3,23333	954,4
3,25000	953,4
3,26667	953,4
3,28333	953,4
3,30000	953,4
3,31667	953,4
3,33333	953,4
3,35000	953,4
3,36667	953,4
3,38333	953,4
3,40000	954,4
3,41667	954,4
3,43333	954,4
3,45000	954,4
3,46667	954,4
3,48333	954,4
3,50000	952,4
3,51667	952,4
3,53333	952,4
3,55000	954,4
3,56667	954,4
3,58333	954,4
3,60000	953,4
3,61667	953,4
3,63333	953,4
3,65000	953,4
3,66667	953,4
3,68333	953,4
3,70000	953,4
3,71667	953,4
3,73333	953,4
3,75000	954,4
3,76667	954,4
3,78333	954,4
3,80000	954,4
3,81667	954,4
3,83333	954,4
3,85000	953,4
3,86667	953,4
3,88333	953,4
3,90000	954,4
3,91667	954,4
3,93333	954,4
3,95000	953,4
3,96667	953,4
3,98333	953,4
4,00000	953,4
4,01667	953,4
4,03333	953,4
4,05000	954,4
4,06667	954,4
4,08333	954,4
4,10000	954,4
4,11667	954,4
4,13333	954,4
4,15000	954,4
4,16667	954,4
4,18333	954,4
4,20000	953,4
4,21667	953,4
4,23333	953,4
4,25000	954,4
4,26667	954,4
4,28333	954,4
4,30000	953,4
4,31667	953,4
4,33333	953,4
4,35000	953,4
4,36667	953,4
4,38333	953,4
4,40000	954,4
4,41667	954,4
4,43333	954,4
4,45000	953,4
4,46667	953,4
4,48333	953,4
4,50000	954,4
4,51667	954,4
4,53333	954,4
4,55000	953,4
4,56667	953,4
4,58333	953,4
4,60000	954,4
4,61667	954,4
4,63333	954,4
4,65000	953,4
4,66667	953,4
4,68333	953,4
4,70000	953,4
4,71667	953,4
4,73333	953,4
4,75000	954,4
4,76667	954,4
4,78333	954,4
4,80000	953,4
4,81667	953,4
4,83333	953,4
4,85000	953,4
4,86667	953,4
4,88333	953,4
4,90000	953,4
4,91667	953,4
4,93333	953,4
4,95000	954,4
4,96667	954,4
4,98333	954,4
5,00000	954,4
5,01667	954,4
5,03333	954,4
5,05000	953,4
5,06667	953,4
5,08333	953,4
5,10000	954,4
5,11667	954,4
5,13333	954,4
5,15000	953,4
5,16667	953,4
5,18333	953,4
5,20000	953,4
5,21667	953,4
5,23333	953,4
5,25000	953,4
5,26667	953,4
5,28333	953,4
5,30000	954,4
5,31667	954,4
5,33333	954,4
5,35000	954,4
5,36667	954,4
5,38333	954,4
5,40000	953,4
5,41667	953,4
5,43333	953,4
5,45000	954,4
5,46667	954,4
5,48333	954,4
5,50000	954,4
5,51667	954,4
5,53333	954,4
5,55000	953,4
5,56667	953,4
5,58333	953,4
5,60000	954,4
5,61667	954,4
5,63333	954,4
5,65000	953,4
5,66667	953,4
5,68333	953,4
5,70000	954,4
5,71667	954,4
5,73333	954,4
5,75000	952,4
5,76667	952,4
5,78333	952,4
5,80000	954,4
5,81667	954,4
5,83333	954,4
5,85000	953,4
5,86667	953,4
5,88333	953,4
5,90000	953,4
5,91667	953,4
5,93333	953,4
5,95000	953,4
5,96667	953,4
5,98333	953,4
6,00000	953,4
6,01667	953,4
6,03333	953,4
6,05000	954,4
6,06667	954,4
6,08333	954,4
6,10000	953,4
6,11667	953,4
6,13333	953,4
6,15000	954,4
6,16667	954,4
6,18333	954,4
6,20000	953,4
6,21667	953,4
6,23333	953,4
6,25000	953,4
6,26667	953,4
6,28333	953,4
6,30000	953,4
6,31667	953,4
6,33333	953,4
6,35000	954,4
6,36667	954,4
6,38333	954,4
6,40000	954,4
6,41667	954,4
6,43333	954,4
6,45000	953,4
6,46667	953,4
6,48333	953,4
6,50000	954,4
6,51667	954,4
6,53333	954,4
6,55000	953,4
6,56667	953,4
6,58333	953,4
6,60000	953,4
6,61667	953,4
6,63333	953,4
6,65000	953,4
6,66667	953,4
6,68333	953,4
6,70000	954,4
6,71667	954,4
6,73333	954,4
6,75000	954,4
6,76667	954,4
6,78333	954,4
6,80000	953,4
6,81667	953,4
6,83333	953,4
6,85000	954,4
6,86667	954,4
6,88333	954,4
6,90000	954,4
6,91667	954,4
6,93333	954,4
6,95000	953,4
6,96667	953,4
6,98333	953,4
7,00000	953,4
7,01667	953,4
7,03333	953,4
7,05000	954,4
7,06667	954,4
7,08333	954,4
7,10000	953,4
7,11667	953,4
7,13333	953,4
7,15000	953,4
7,16667	953,4
7,18333	953,4
7,20000	954,4
7,21667	954,4
7,23333	954,4
7,25000	953,4
7,26667	953,4
7,28333	953,4
7,30000	953,4
7,31667	953,4
7,33333	953,4
7,35000	953,4
7,36667	953,4
7,38333	953,4
7,40000	954,4
7,41667	954,4
7,43333	954,4
7,45000	954,4
7,46667	954,4
7,48333	954,4
7,50000	953,4
7,51667	953,4
7,53333	953,4
7,55000	954,4
7,56667	954,4
7,58333	954,4
7,60000	953,4
7,61667	953,4
7,63333	953,4
7,65000	953,4
7,66667	953,4
7,68333	953,4
7,70000	953,4
7,71667	953,4
7,73333	953,4
7,75000	954,4
7,76667	954,4
7,78333	954,4
7,80000	954,4
7,81667	954,4
7,83333	954,4
7,85000	952,4
7,86667	952,4
7,88333	952,4
7,90000	954,4
7,91667	954,4
7,93333	954,4
7,95000	953,4
7,96667	953,4
7,98333	953,4
8,00000	954,4
8,01667	954,4
8,03333	954,4
8,05000	953,4
8,06667	953,4
8,08333	953,4
8,10000	954,4
8,11667	954,4
8,13333	954,4
8,15000	953,4
8,16667	953,4
8,18333	953,4
8,20000	952,4
8,21667	952,4
8,23333	952,4
8,25000	954,4
8,26667	954,4
8,28333	954,4
8,30000	953,4
8,31667	953,4
8,33333	953,4
8,35000	953,4
8,36667	953,4
8,38333	953,4
8,40000	952,4
8,41667	952,4
8,43333	952,4
8,45000	954,4
8,46667	954,4
8,48333	954,4
8,50000	953,4
8,51667	953,4
8,53333	953,4
8,55000	953,4
8,56667	953,4
8,58333	953,4
8,60000	954,4
8,61667	954,4
8,63333	954,4
8,65000	953,4
8,66667	953,4
8,68333	953,4
8,70000	954,4
8,71667	954,4
8,73333	954,4
8,75000	953,4
8,76667	953,4
8,78333	953,4
8,80000	954,4
8,81667	954,4
8,83333	954,4
8,85000	954,4
8,86667	954,4
8,88333	954,4
8,90000	953,4
8,91667	953,4
8,93333	953,4
8,95000	954,4
8,96667	954,4
8,98333	954,4
9,00000	953,4
9,01667	953,4
9,03333	953,4
9,05000	953,4
9,06667	953,4
9,08333	953,4
9,10000	953,4
9,11667	953,4
9,13333	953,4
9,15000	954,4
9,16667	954,4
9,18333	954,4
9,20000	954,4
9,21667	954,4
9,23333	954,4
9,25000	952,4
9,26667	952,4
9,28333	952,4
9,30000	954,4
9,31667	954,4
9,33333	954,4
9,35000	953,4
9,36667	953,4
9,38333	953,4
9,40000	953,4
9,41667	953,4
9,43333	953,4
9,45000	953,4
9,46667	953,4
9,48333	953,4
9,50000	954,4
9,51667	954,4
9,53333	954,4
9,55000	954,4
9,56667	954,4
9,58333	954,4
9,60000	953,4
9,61667	953,4
9,63333	953,4
9,65000	954,4
9,66667	954,4
9,68333	954,4
9,70000	954,4
9,71667	954,4
9,73333	954,4
9,75000	953,4
9,76667	953,4
9,78333	953,4
9,80000	953,4
9,81667	953,4
9,83333	953,4
9,85000	954,4
9,86667	954,4
9,88333	954,4
9,90000	954,4
9,91667	954,4
9,93333	954,4
9,95000	953,4
9,96667	953,4
9,98333	953,4
10,00000	954,4
10,01667	954,4
10,03333	954,4
10,05000	954,4
10,06667	954,4
10,08333	954,4
10,10000	953,4
10,11667	953,4
10,13333	953,4
10,15000	953,4
10,16667	953,4
10,18333	953,4
10,20000	954,4
10,21667	954,4
10,23333	954,4
10,25000	954,4
10,26667	954,4
10,28333	954,4
10,30000	953,4
10,31667	953,4
10,33333	953,4
10,35000	954,4
10,36667	954,4
10,38333	954,4
10,40000	953,4
10,41667	953,4
10,43333	953,4
10,45000	953,4
10,46667	953,4
10,48333	953,4
10,50000	953,4
10,51667	953,4
10,53333	953,4
10,55000	954,4
10,56667	954,4
10,58333	954,4
10,60000	953,4
10,61667	953,4
10,63333	953,4
10,65000	953,4
10,66667	953,4
10,68333	953,4
10,70000	954,4
10,71667	954,4
10,73333	954,4
10,75000	954,4
10,76667	954,4
10,78333	954,4
10,80000	954,4
10,81667	954,4
10,83333	954,4
10,85000	953,4
10,86667	953,4
10,88333	953,4
10,90000	954,4
10,91667	954,4
10,93333	954,4
10,95000	953,4
10,96667	953,4
10,98333	953,4
11,00000	952,4
11,01667	952,4
11,03333	952,4
11,05000	954,4
11,06667	954,4
11,08333	954,4
11,10000	953,4
11,11667	953,4
11,13333	953,4
11,15000	953,4
11,16667	953,4
11,18333	953,4
11,20000	952,4
11,21667	952,4
11,23333	952,4
11,25000	954,4
11,26667	954,4
11,28333	954,4
11,30000	953,4
11,31667	953,4
11,33333	953,4
11,35000	953,4
11,36667	953,4
11,38333	953,4
11,40000	953,4
11,41667	953,4
11,43333	953,4
11,45000	954,4
11,46667	954,4
11,48333	954,4
11,50000	953,4
11,51667	953,4
11,53333	953,4
11,55000	952,4
11,56667	952,4
11,58333	952,4
11,60000	954,4
11,61667	954,4
11,63333	954,4
11,65000	953,4
11,66667	953,4
11,68333	953,4
11,70000	953,4
11,71667	953,4
11,73333	953,4
11,75000	953,4
11,76667	953,4
11,78333	953,4
11,80000	954,4
11,81667	954,4
11,83333	954,4
11,85000	954,4
11,86667	954,4
11,88333	954,4
11,90000	952,4
11,91667	952,4
11,93333	952,4
11,95000	954,4
11,96667	954,4
11,98333	954,4
12,00000	953,4
12,01667	953,4
12,03333	953,4
12,05000	953,4
12,06667	953,4
12,08333	953,4
12,10000	953,4
12,11667	953,4
12,13333	953,4
12,15000	954,4
12,16667	954,4
12,18333	954,4
12,20000	954,4
12,21667	954,4
12,23333	954,4
12,25000	953,4
12,26667	953,4
12,28333	953,4
12,30000	954,4
12,31667	954,4
12,33333	954,4
12,35000	953,4
12,36667	953,4
12,38333	953,4
12,40000	953,4
12,41667	953,4
12,43333	953,4
12,45000	953,4
12,46667	953,4
12,48333	953,4
12,50000	954,4
12,51667	954,4
12,53333	954,4
12,55000	954,4
12,56667	954,4
12,58333	954,4
12,60000	952,4
12,61667	952,4
12,63333	952,4
12,65000	954,4
12,66667	954,4
12,68333	954,4
12,70000	954,4
12,71667	954,4
12,73333	954,4
12,75000	953,4
12,76667	953,4
12,78333	953,4
12,80000	954,4
12,81667	954,4
12,83333	954,4
12,85000	954,4
12,86667	954,4
12,88333	954,4
12,90000	954,4
12,91667	954,4
12,93333	954,4
12,95000	952,4
12,96667	952,4
12,98333	952,4
13,00000	954,4
13,01667	954,4
13,03333	954,4
13,05000	953,4
13,06667	953,4
13,08333	953,4
13,10000	953,4
13,11667	953,4
13,13333	953,4
13,15000	953,4
13,16667	953,4
13,18333	953,4
13,20000	954,4
13,21667	954,4
13,23333	954,4
13,25000	954,4
13,26667	954,4
13,28333	954,4
13,30000	953,4
13,31667	953,4
13,33333	953,4
13,35000	954,4
13,36667	954,4
13,38333	954,4
13,40000	954,4
13,41667	954,4
13,43333	954,4
13,45000	954,4
13,46667	954,4
13,48333	954,4
13,50000	953,4
13,51667	953,4
13,53333	953,4
13,55000	954,4
13,56667	954,4
13,58333	954,4
13,60000	953,4
13,61667	953,4
13,63333	953,4
13,65000	953,4
13,66667	953,4
13,68333	953,4
13,70000	953,4
13,71667	953,4
13,73333	953,4
13,75000	954,4
13,76667	954,4
13,78333	954,4
13,80000	954,4
13,81667	954,4
13,83333	954,4
13,85000	952,4
13,86667	952,4
13,88333	952,4
13,90000	954,4
13,91667	954,4
13,93333	954,4
13,95000	954,4
13,96667	954,4
13,98333	954,4
14,00000	953,4
14,01667	953,4
14,03333	953,4
14,05000	954,4
14,06667	954,4
14,08333	954,4
14,10000	954,4
14,11667	954,4
14,13333	954,4
14,15000	954,4
14,16667	954,4
14,18333	954,4
14,20000	953,4
14,21667	953,4
14,23333	953,4
14,25000	954,4
14,26667	954,4
14,28333	954,4
14,30000	953,4
14,31667	953,4
14,33333	953,4
14,35000	953,4
14,36667	953,4
14,38333	953,4
14,40000	953,4
14,41667	953,4
14,43333	953,4
14,45000	954,4
14,46667	954,4
14,48333	954,4
14,50000	954,4
14,51667	954,4
14,53333	954,4
14,55000	953,4
14,56667	953,4
14,58333	953,4
14,60000	954,4
14,61667	954,4
14,63333	954,4
14,65000	953,4
14,66667	953,4
14,68333	953,4
14,70000	953,4
14,71667	953,4
14,73333	953,4
14,75000	954,4
14,76667	954,4
14,78333	954,4
14,80000	954,4
14,81667	954,4
14,83333	954,4
14,85000	954,4
14,86667	954,4
14,88333	954,4
14,90000	953,4
14,91667	953,4
14,93333	953,4
14,95000	954,4
14,96667	954,4
14,98333	954,4
15,00000	953,4
15,01667	953,4
15,03333	953,4
15,05000	953,4
15,06667	953,4
15,08333	953,4
15,10000	954,4
15,11667	954,4
15,13333	954,4
15,15000	953,4
15,16667	953,4
15,18333	953,4
15,20000	954,4
15,21667	954,4
15,23333	954,4
15,25000	953,4
15,26667	953,4
15,28333	953,4
15,30000	954,4
15,31667	954,4
15,33333	954,4
15,35000	953,4
15,36667	953,4
15,38333	953,4
15,40000	953,4
15,41667	953,4
15,43333	953,4
15,45000	953,4
15,46667	953,4
15,48333	953,4
15,50000	954,4
15,51667	954,4
15,53333	954,4
15,55000	954,4
15,56667	954,4
15,58333	954,4
15,60000	953,4
15,61667	953,4
15,63333	953,4
15,65000	954,4
15,66667	954,4
15,68333	954,4
15,70000	953,4
15,71667	953,4
15,73333	953,4
15,75000	953,4
15,76667	953,4
15,78333	953,4
15,80000	953,4
15,81667	953,4
15,83333	953,4
15,85000	953,4
15,86667	953,4
15,88333	953,4
15,90000	954,4
15,91667	954,4
15,93333	954,4
15,95000	953,4
15,96667	953,4
15,98333	953,4
16,00000	954,4
16,01667	954,4
16,03333	954,4
16,05000	953,4
16,06667	953,4
16,08333	953,4
16,10000	953,4
16,11667	953,4
16,13333	953,4
16,15000	954,4
16,16667	954,4
16,18333	954,4
16,20000	954,4
16,21667	954,4
16,23333	954,4
16,25000	954,4
16,26667	954,4
16,28333	954,4
16,30000	953,4
16,31667	953,4
16,33333	953,4
16,35000	954,4
16,36667	954,4
16,38333	954,4
16,40000	953,4
16,41667	953,4
16,43333	953,4
16,45000	954,4
16,46667	954,4
16,48333	954,4
16,50000	953,4
16,51667	953,4
16,53333	953,4
16,55000	954,4
16,56667	954,4
16,58333	954,4
16,60000	953,4
16,61667	953,4
16,63333	953,4
16,65000	953,4
16,66667	953,4
16,68333	953,4
16,70000	954,4
16,71667	954,4
16,73333	954,4
16,75000	953,4
16,76667	953,4
16,78333	953,4
16,80000	953,4
16,81667	953,4
16,83333	953,4
16,85000	953,4
16,86667	953,4
16,88333	953,4
16,90000	954,4
16,91667	954,4
16,93333	954,4
16,95000	954,4
16,96667	954,4
16,98333	954,4
17,00000	953,4
17,01667	953,4
17,03333	953,4
17,05000	953,4
17,06667	953,4
17,08333	953,4
17,10000	953,4
17,11667	953,4
17,13333	953,4
17,15000	954,4
17,16667	954,4
17,18333	954,4
17,20000	953,4
17,21667	953,4
17,23333	953,4
17,25000	954,4
17,26667	954,4
17,28333	954,4
17,30000	953,4
17,31667	953,4
17,33333	953,4
17,35000	952,4
17,36667	952,4
17,38333	952,4
17,40000	954,4
17,41667	954,4
17,43333	954,4
17,45000	953,4
17,46667	953,4
17,48333	953,4
17,50000	953,4
17,51667	953,4
17,53333	953,4
17,55000	953,4
17,56667	953,4
17,58333	953,4
17,60000	954,4
17,61667	954,4
17,63333	954,4
17,65000	954,4
17,66667	954,4
17,68333	954,4
17,70000	953,4
17,71667	953,4
17,73333	953,4
17,75000	954,4
17,76667	954,4
17,78333	954,4
17,80000	954,4
17,81667	954,4
17,83333	954,4
17,85000	953,4
17,86667	953,4
17,88333	953,4
17,90000	953,4
17,91667	953,4
17,93333	953,4
17,95000	954,4
17,96667	954,4
17,98333	954,4
18,00000	954,4
18,01667	954,4
18,03333	954,4
18,05000	953,4
18,06667	953,4
18,08333	953,4
18,10000	954,4
18,11667	954,4
18,13333	954,4
18,15000	953,4
18,16667	953,4
18,18333	953,4
18,20000	954,4
18,21667	954,4
18,23333	954,4
18,25000	953,4
18,26667	953,4
18,28333	953,4
18,30000	954,4
18,31667	954,4
18,33333	954,4
18,35000	953,4
18,36667	953,4
18,38333	953,4
18,40000	953,4
18,41667	953,4
18,43333	953,4
18,45000	954,4
18,46667	954,4
18,48333	954,4
18,50000	954,4
18,51667	954,4
18,53333	954,4
18,55000	954,4
18,56667	954,4
18,58333	954,4
18,60000	953,4
18,61667	953,4
18,63333	953,4
18,65000	954,4
18,66667	954,4
18,68333	954,4
18,70000	954,4
18,71667	954,4
18,73333	954,4
18,75000	952,4
18,76667	952,4
18,78333	952,4
18,80000	954,4
18,81667	954,4
18,83333	954,4
18,85000	953,4
18,86667	953,4
18,88333	953,4
18,90000	954,4
18,91667	954,4
18,93333	954,4
18,95000	953,4
18,96667	953,4
18,98333	953,4
19,00000	954,4
19,01667	954,4
19,03333	954,4
19,05000	954,4
19,06667	954,4
19,08333	954,4
19,10000	953,4
19,11667	953,4
19,13333	953,4
19,15000	954,4
19,16667	954,4
19,18333	954,4
19,20000	953,4
19,21667	953,4
19,23333	953,4
19,25000	953,4
19,26667	953,4
19,28333	953,4
19,30000	953,4
19,31667	953,4
19,33333	953,4
19,35000	954,4
19,36667	954,4
19,38333	954,4
19,40000	953,4
19,41667	953,4
19,43333	953,4
19,45000	953,4
19,46667	953,4
19,48333	953,4
19,50000	954,4
19,51667	954,4
19,53333	954,4
19,55000	954,4
19,56667	954,4
19,58333	954,4
19,60000	953,4
19,61667	953,4
19,63333	953,4
19,65000	953,4
19,66667	953,4
19,68333	953,4
19,70000	954,4
19,71667	954,4
19,73333	954,4
19,75000	953,4
19,76667	953,4
19,78333	953,4
19,80000	952,4
19,81667	952,4
19,83333	952,4
19,85000	954,4
19,86667	954,4
19,88333	954,4
19,90000	953,4
19,91667	953,4
19,93333	953,4
19,95000	953,4
19,96667	953,4
19,98333	953,4
20,00000	953,4
20,01667	953,4
20,03333	953,4
20,05000	954,4
20,06667	954,4
20,08333	954,4
20,10000	954,4
20,11667	954,4
20,13333	954,4
20,15000	952,4
20,16667	952,4
20,18333	952,4
20,20000	954,4
20,21667	954,4
20,23333	954,4
20,25000	953,4
20,26667	953,4
20,28333	953,4
20,30000	953,4
20,31667	953,4
20,33333	953,4
20,35000	953,4
20,36667	953,4
20,38333	953,4
20,40000	953,4
20,41667	953,4
20,43333	953,4
20,45000	953,4
20,46667	953,4
20,48333	953,4
20,50000	953,4
20,51667	953,4
20,53333	953,4
20,55000	954,4
20,56667	954,4
20,58333	954,4
20,60000	954,4
20,61667	954,4
20,63333	954,4
20,65000	953,4
20,66667	953,4
20,68333	953,4
20,70000	954,4
20,71667	954,4
20,73333	954,4
20,75000	954,4
20,76667	954,4
20,78333	954,4
20,80000	952,4
20,81667	952,4
20,83333	952,4
20,85000	954,4
20,86667	954,4
20,88333	954,4
20,90000	953,4
20,91667	953,4
20,93333	953,4
20,95000	953,4
20,96667	953,4
20,98333	953,4
21,00000	954,4
21,01667	954,4
21,03333	954,4
21,05000	953,4
21,06667	953,4
21,08333	953,4
21,10000	953,4
21,11667	953,4
21,13333	953,4
21,15000	954,4
21,16667	954,4
21,18333	954,4
21,20000	954,4
21,21667	954,4
21,23333	954,4
21,25000	954,4
21,26667	954,4
21,28333	954,4
21,30000	953,4
21,31667	953,4
21,33333	953,4
21,35000	954,4
21,36667	954,4
21,38333	954,4
21,40000	954,4
21,41667	954,4
21,43333	954,4
21,45000	953,4
21,46667	953,4
21,48333	953,4
21,50000	954,4
21,51667	954,4
21,53333	954,4
21,55000	954,4
21,56667	954,4
21,58333	954,4
21,60000	952,4
21,61667	952,4
21,63333	952,4
21,65000	954,4
21,66667	954,4
21,68333	954,4
21,70000	953,4
21,71667	953,4
21,73333	953,4
21,75000	953,4
21,76667	953,4
21,78333	953,4
21,80000	954,4
21,81667	954,4
21,83333	954,4
21,85000	953,4
21,86667	953,4
21,88333	953,4
21,90000	953,4
21,91667	953,4
21,93333	953,4
21,95000	954,4
21,96667	954,4
21,98333	954,4
22,00000	954,4
22,01667	954,4
22,03333	954,4
22,05000	953,4
22,06667	953,4
22,08333	953,4
22,10000	953,4
22,11667	953,4
22,13333	953,4
22,15000	953,4
22,16667	953,4
22,18333	953,4
22,20000	954,4
22,21667	954,4
22,23333	954,4
22,25000	953,4
22,26667	953,4
22,28333	953,4
22,30000	954,4
22,31667	954,4
22,33333	954,4
22,35000	954,4
22,36667	954,4
22,38333	954,4
22,40000	952,4
22,41667	952,4
22,43333	952,4
22,45000	954,4
22,46667	954,4
22,48333	954,4
22,50000	953,4
22,51667	953,4
22,53333	953,4
22,55000	952,4
22,56667	952,4
22,58333	952,4
22,60000	954,4
22,61667	954,4
22,63333	954,4
22,65000	953,4
22,66667	953,4
22,68333	953,4
22,70000	952,4
22,71667	952,4
22,73333	952,4
22,75000	954,4
22,76667	954,4
22,78333	954,4
22,80000	953,4
22,81667	953,4
22,83333	953,4
22,85000	952,4
22,86667	952,4
22,88333	952,4
22,90000	954,4
22,91667	954,4
22,93333	954,4
22,95000	954,4
22,96667	954,4
22,98333	954,4
23,00000	953,4
23,01667	953,4
23,03333	953,4
23,05000	954,4
23,06667	954,4
23,08333	954,4
23,10000	954,4
23,11667	954,4
23,13333	954,4
23,15000	953,4
23,16667	953,4
23,18333	953,4
23,20000	954,4
23,21667	954,4
23,23333	954,4
23,25000	953,4
23,26667	953,4
23,28333	953,4
23,30000	952,4
23,31667	952,4
23,33333	952,4
23,35000	954,4
23,36667	954,4
23,38333	954,4
23,40000	953,4
23,41667	953,4
23,43333	953,4
23,45000	953,4
23,46667	953,4
23,48333	953,4
23,50000	954,4
23,51667	954,4
23,53333	954,4
23,55000	954,4
23,56667	954,4
23,58333	954,4
23,60000	953,4
23,61667	953,4
23,63333	953,4
23,65000	954,4
23,66667	954,4
23,68333	954,4
23,70000	953,4
23,71667	953,4
23,73333	953,4
23,75000	953,4
23,76667	953,4
23,78333	953,4
23,80000	954,4
23,81667	954,4
23,83333	954,4
23,85000	953,4
23,86667	953,4
23,88333	953,4
23,90000	953,4
23,91667	953,4
23,93333	953,4
23,95000	954,4
23,96667	954,4
23,98333	954,4
24,00000	953,4
24,01667	953,4
24,03333	953,4
24,05000	952,4
24,06667	952,4
24,08333	952,4
24,10000	954,4
24,11667	954,4
24,13333	954,4
24,15000	953,4
24,16667	953,4
24,18333	953,4
24,20000	952,4
24,21667	952,4
24,23333	952,4
24,25000	954,4
24,26667	954,4
24,28333	954,4
24,30000	953,4
24,31667	953,4
24,33333	953,4
24,35000	953,4
24,36667	953,4
24,38333	953,4
24,40000	954,4
24,41667	954,4
24,43333	954,4
24,45000	953,4
24,46667	953,4
24,48333	953,4
24,50000	953,4
24,51667	953,4
24,53333	953,4
24,55000	954,4
24,56667	954,4
24,58333	954,4
24,60000	953,4
24,61667	953,4
24,63333	953,4
24,65000	953,4
24,66667	953,4
24,68333	953,4
24,70000	953,4
24,71667	953,4
24,73333	953,4
24,75000	953,4
24,76667	953,4
24,78333	953,4
24,80000	953,4
24,81667	953,4
24,83333	953,4
24,85000	954,4
24,86667	954,4
24,88333	954,4
24,90000	953,4
24,91667	953,4
24,93333	953,4
24,95000	953,4
24,96667	953,4
24,98333	953,4
25,00000	954,4
25,01667	954,4
25,03333	954,4
25,05000	953,4
25,06667	953,4
25,08333	953,4
25,10000	953,4
25,11667	953,4
25,13333	953,4
25,15000	953,4
25,16667	953,4
25,18333	953,4
25,20000	953,4
25,21667	953,4
25,23333	953,4
25,25000	953,4
25,26667	953,4
25,28333	953,4
25,30000	954,4
25,31667	954,4
25,33333	954,4
25,35000	953,4
25,36667	953,4
25,38333	953,4
25,40000	953,4
25,41667	953,4
25,43333	953,4
25,45000	953,4
25,46667	953,4
25,48333	953,4
25,50000	953,4
25,51667	953,4
25,53333	953,4
25,55000	954,4
25,56667	954,4
25,58333	954,4
25,60000	953,4
25,61667	953,4
25,63333	953,4
25,65000	954,4
25,66667	954,4
25,68333	954,4
25,70000	954,4
25,71667	954,4
25,73333	954,4
25,75000	953,4
25,76667	953,4
25,78333	953,4
25,80000	954,4
25,81667	954,4
25,83333	954,4
25,85000	954,4
25,86667	954,4
25,88333	954,4
25,90000	953,4
25,91667	953,4
25,93333	953,4
25,95000	954,4
25,96667	954,4
25,98333	954,4
26,00000	954,4
26,01667	954,4
26,03333	954,4
26,05000	953,4
26,06667	953,4
26,08333	953,4
26,10000	954,4
26,11667	954,4
26,13333	954,4
26,15000	954,4
26,16667	954,4
26,18333	954,4
26,20000	953,4
26,21667	953,4
26,23333	953,4
26,25000	954,4
26,26667	954,4
26,28333	954,4
26,30000	953,4
26,31667	953,4
26,33333	953,4
26,35000	954,4
26,36667	954,4
26,38333	954,4
26,40000	953,4
26,41667	953,4
26,43333	953,4
26,45000	954,4
26,46667	954,4
26,48333	954,4
26,50000	954,4
26,51667	954,4
26,53333	954,4
26,55000	953,4
26,56667	953,4
26,58333	953,4
26,60000	954,4
26,61667	954,4
26,63333	954,4
26,65000	953,4
26,66667	953,4
26,68333	953,4
26,70000	953,4
26,71667	953,4
26,73333	953,4
26,75000	954,4
26,76667	954,4
26,78333	954,4
26,80000	954,4
26,81667	954,4
26,83333	954,4
26,85000	954,4
26,86667	954,4
26,88333	954,4
26,90000	953,4
26,91667	953,4
26,93333	953,4
26,95000	954,4
26,96667	954,4
26,98333	954,4
27,00000	954,4
27,01667	954,4
27,03333	954,4
27,05000	953,4
27,06667	953,4
27,08333	953,4
27,10000	954,4
27,11667	954,4
27,13333	954,4
27,15000	953,4
27,16667	953,4
27,18333	953,4
27,20000	953,4
27,21667	953,4
27,23333	953,4
27,25000	954,4
27,26667	954,4
27,28333	954,4
27,30000	954,4
27,31667	954,4
27,33333	954,4
27,35000	954,4
27,36667	954,4
27,38333	954,4
27,40000	953,4
27,41667	953,4
27,43333	953,4
27,45000	954,4
27,46667	954,4
27,48333	954,4
27,50000	953,4
27,51667	953,4
27,53333	953,4
27,55000	953,4
27,56667	953,4
27,58333	953,4
27,60000	954,4
27,61667	954,4
27,63333	954,4
27,65000	954,4
27,66667	954,4
27,68333	954,4
27,70000	954,4
27,71667	954,4
27,73333	954,4
27,75000	952,4
27,76667	952,4
27,78333	952,4
27,80000	954,4
27,81667	954,4
27,83333	954,4
27,85000	953,4
27,86667	953,4
27,88333	953,4
27,90000	954,4
27,91667	954,4
27,93333	954,4
27,95000	952,4
27,96667	952,4
27,98333	952,4
28,00000	954,4
28,01667	954,4
28,03333	954,4
28,05000	953,4
28,06667	953,4
28,08333	953,4
28,10000	953,4
28,11667	953,4
28,13333	953,4
28,15000	954,4
28,16667	954,4
28,18333	954,4
28,20000	954,4
28,21667	954,4
28,23333	954,4
28,25000	954,4
28,26667	954,4
28,28333	954,4
28,30000	953,4
28,31667	953,4
28,33333	953,4
28,35000	954,4
28,36667	954,4
28,38333	954,4
28,40000	953,4
28,41667	953,4
28,43333	953,4
28,45000	953,4
28,46667	953,4
28,48333	953,4
28,50000	953,4
28,51667	953,4
28,53333	953,4
28,55000	954,4
28,56667	954,4
28,58333	954,4
28,60000	953,4
28,61667	953,4
28,63333	953,4
28,65000	953,4
28,66667	953,4
28,68333	953,4
28,70000	954,4
28,71667	954,4
28,73333	954,4
28,75000	954,4
28,76667	954,4
28,78333	954,4
28,80000	954,4
28,81667	954,4
28,83333	954,4
28,85000	953,4
28,86667	953,4
28,88333	953,4
28,90000	954,4
28,91667	954,4
28,93333	954,4
28,95000	953,4
28,96667	953,4
28,98333	953,4
29,00000	954,4
29,01667	954,4
29,03333	954,4
29,05000	952,4
29,06667	952,4
29,08333	952,4
29,10000	954,4
29,11667	954,4
29,13333	954,4
29,15000	953,4
29,16667	953,4
29,18333	953,4
29,20000	953,4
29,21667	953,4
29,23333	953,4
29,25000	953,4
29,26667	953,4
29,28333	953,4
29,30000	954,4
29,31667	954,4
29,33333	954,4
29,35000	953,4
29,36667	953,4
29,38333	953,4
29,40000	953,4
29,41667	953,4
29,43333	953,4
29,45000	953,4
29,46667	953,4
29,48333	953,4
29,50000	954,4
29,51667	954,4
29,53333	954,4
29,55000	954,4
29,56667	954,4
29,58333	954,4
29,60000	953,4
29,61667	953,4
29,63333	953,4
29,65000	954,4
29,66667	954,4
29,68333	954,4
29,70000	954,4
29,71667	954,4
29,73333	954,4
29,75000	954,4
29,76667	954,4
29,78333	954,4
29,80000	953,4
29,81667	953,4
29,83333	953,4
29,85000	954,4
29,86667	954,4
29,88333	954,4
29,90000	953,4
29,91667	953,4
29,93333	953,4
29,95000	954,4
29,96667	954,4
29,98333	954,4
30,00000	953,4
30,01667	953,4
30,03333	953,4
30,05000	954,4
30,06667	954,4
30,08333	954,4
30,10000	953,4
30,11667	953,4
30,13333	953,4
30,15000	953,4
30,16667	953,4
30,18333	953,4
30,20000	953,4
30,21667	953,4
30,23333	953,4
30,25000	954,4
30,26667	954,4
30,28333	954,4
30,30000	953,4
30,31667	953,4
30,33333	953,4
30,35000	953,4
30,36667	953,4
30,38333	953,4
30,40000	954,4
30,41667	954,4
30,43333	954,4
30,45000	954,4
30,46667	954,4
30,48333	954,4
30,50000	954,4
30,51667	954,4
30,53333	954,4
30,55000	953,4
30,56667	953,4
30,58333	953,4
30,60000	954,4
30,61667	954,4
30,63333	954,4
30,65000	953,4
30,66667	953,4
30,68333	953,4
30,70000	953,4
30,71667	953,4
30,73333	953,4
30,75000	953,4
30,76667	953,4
30,78333	953,4
30,80000	954,4
30,81667	954,4
30,83333	954,4
30,85000	954,4
30,86667	954,4
30,88333	954,4
30,90000	953,4
30,91667	953,4
30,93333	953,4
30,95000	954,4
30,96667	954,4
30,98333	954,4
31,00000	954,4
31,01667	954,4
31,03333	954,4
31,05000	954,4
31,06667	954,4
31,08333	954,4
31,10000	953,4
31,11667	953,4
31,13333	953,4
31,15000	954,4
31,16667	954,4
31,18333	954,4
31,20000	953,4
31,21667	953,4
31,23333	953,4
31,25000	954,4
31,26667	954,4
31,28333	954,4
31,30000	953,4
31,31667	953,4
31,33333	953,4
31,35000	954,4
31,36667	954,4
31,38333	954,4
31,40000	953,4
31,41667	953,4
31,43333	953,4
31,45000	953,4
31,46667	953,4
31,48333	953,4
31,50000	953,4
31,51667	953,4
31,53333	953,4
31,55000	954,4
31,56667	954,4
31,58333	954,4
31,60000	954,4
31,61667	954,4
31,63333	954,4
31,65000	953,4
31,66667	953,4
31,68333	953,4
31,70000	954,4
31,71667	954,4
31,73333	954,4
31,75000	954,4
31,76667	954,4
31,78333	954,4
31,80000	954,4
31,81667	954,4
31,83333	954,4
31,85000	953,4
31,86667	953,4
31,88333	953,4
31,90000	954,4
31,91667	954,4
31,93333	954,4
31,95000	954,4
31,96667	954,4
31,98333	954,4
32,00000	953,4

[LC Status Trace(Pump B Pressure)]
Interval(msec)	1000
# of Points	1921
Start Time(min)	0,000
End Time(min)	32,000
Intensity Units	bar
Intensity Multiplier	0,980665
R.Time (min)	Intensity
0,00000	80,3
0,01667	80,3
0,03333	78,7
0,05000	79,0
0,06667	79,5
0,08333	79,7
0,10000	79,9
0,11667	81,0
0,13333	81,1
0,15000	81,1
0,16667	80,9
0,18333	80,6
0,20000	80,6
0,21667	80,7
0,23333	80,8
0,25000	80,9
0,26667	81,0
0,28333	81,1
0,30000	81,1
0,31667	81,1
0,33333	81,1
0,35000	81,0
0,36667	81,0
0,38333	81,1
0,40000	81,0
0,41667	81,1
0,43333	81,1
0,45000	81,1
0,46667	81,0
0,48333	81,1
0,50000	81,1
0,51667	81,1
0,53333	81,0
0,55000	81,1
0,56667	81,0
0,58333	81,0
0,60000	81,0
0,61667	81,1
0,63333	81,1
0,65000	81,0
0,66667	81,1
0,68333	81,1
0,70000	81,1
0,71667	81,1
0,73333	81,1
0,75000	81,1
0,76667	81,1
0,78333	81,0
0,80000	81,0
0,81667	81,0
0,83333	81,0
0,85000	81,1
0,86667	81,0
0,88333	81,0
0,90000	81,0
0,91667	81,1
0,93333	81,1
0,95000	81,0
0,96667	81,0
0,98333	81,0
1,00000	81,0
1,01667	81,0
1,03333	81,0
1,05000	81,1
1,06667	81,0
1,08333	81,0
1,10000	81,0
1,11667	81,0
1,13333	81,1
1,15000	81,0
1,16667	81,0
1,18333	81,0
1,20000	81,0
1,21667	81,0
1,23333	81,0
1,25000	81,0
1,26667	81,0
1,28333	81,0
1,30000	81,0
1,31667	81,0
1,33333	81,0
1,35000	81,0
1,36667	81,0
1,38333	81,0
1,40000	81,0
1,41667	81,0
1,43333	81,0
1,45000	81,0
1,46667	81,0
1,48333	81,0
1,50000	81,0
1,51667	80,9
1,53333	81,0
1,55000	81,0
1,56667	81,0
1,58333	81,0
1,60000	81,0
1,61667	81,0
1,63333	81,0
1,65000	80,9
1,66667	80,9
1,68333	80,9
1,70000	80,9
1,71667	81,0
1,73333	80,9
1,75000	81,0
1,76667	81,0
1,78333	80,9
1,80000	80,9
1,81667	81,0
1,83333	81,0
1,85000	80,9
1,86667	80,9
1,88333	80,9
1,90000	81,0
1,91667	80,9
1,93333	80,9
1,95000	80,9
1,96667	80,9
1,98333	80,9
2,00000	80,9
2,01667	80,8
2,03333	80,9
2,05000	80,9
2,06667	80,9
2,08333	80,8
2,10000	80,8
2,11667	80,9
2,13333	80,9
2,15000	80,8
2,16667	80,8
2,18333	80,8
2,20000	80,8
2,21667	80,8
2,23333	80,8
2,25000	80,8
2,26667	80,9
2,28333	80,8
2,30000	80,8
2,31667	80,8
2,33333	80,8
2,35000	80,8
2,36667	80,8
2,38333	80,8
2,40000	80,8
2,41667	80,9
2,43333	80,9
2,45000	80,8
2,46667	80,8
2,48333	80,8
2,50000	80,8
2,51667	80,8
2,53333	80,8
2,55000	80,9
2,56667	80,9
2,58333	80,8
2,60000	80,8
2,61667	80,9
2,63333	81,0
2,65000	80,8
2,66667	80,8
2,68333	80,9
2,70000	80,8
2,71667	80,9
2,73333	80,7
2,75000	80,8
2,76667	80,9
2,78333	80,9
2,80000	80,9
2,81667	80,9
2,83333	80,9
2,85000	80,9
2,86667	80,9
2,88333	80,9
2,90000	80,9
2,91667	80,9
2,93333	80,8
2,95000	80,9
2,96667	80,9
2,98333	80,9
3,00000	80,9
3,01667	80,9
3,03333	80,9
3,05000	81,0
3,06667	80,9
3,08333	81,0
3,10000	81,0
3,11667	81,0
3,13333	81,0
3,15000	80,9
3,16667	81,0
3,18333	80,9
3,20000	80,9
3,21667	80,9
3,23333	81,0
3,25000	80,9
3,26667	81,0
3,28333	81,0
3,30000	81,0
3,31667	81,0
3,33333	81,1
3,35000	81,0
3,36667	81,1
3,38333	81,0
3,40000	81,0
3,41667	81,0
3,43333	81,0
3,45000	81,1
3,46667	81,0
3,48333	81,0
3,50000	81,0
3,51667	81,0
3,53333	81,1
3,55000	81,1
3,56667	81,1
3,58333	81,1
3,60000	81,1
3,61667	81,0
3,63333	81,1
3,65000	81,1
3,66667	81,2
3,68333	81,1
3,70000	81,1
3,71667	81,2
3,73333	81,1
3,75000	81,1
3,76667	81,1
3,78333	81,2
3,80000	81,2
3,81667	81,2
3,83333	81,2
3,85000	81,1
3,86667	81,2
3,88333	81,2
3,90000	81,2
3,91667	81,2
3,93333	81,3
3,95000	81,3
3,96667	81,2
3,98333	81,2
4,00000	81,2
4,01667	81,2
4,03333	81,2
4,05000	81,3
4,06667	81,3
4,08333	81,3
4,10000	81,3
4,11667	81,3
4,13333	81,3
4,15000	81,2
4,16667	81,3
4,18333	81,3
4,20000	81,3
4,21667	81,3
4,23333	81,3
4,25000	81,3
4,26667	81,4
4,28333	81,4
4,30000	81,5
4,31667	81,8
4,33333	81,9
4,35000	81,9
4,36667	82,1
4,38333	82,1
4,40000	82,1
4,41667	82,1
4,43333	82,1
4,45000	82,1
4,46667	82,1
4,48333	82,1
4,50000	82,1
4,51667	82,0
4,53333	82,0
4,55000	82,0
4,56667	81,8
4,58333	81,9
4,60000	81,9
4,61667	81,8
4,63333	81,8
4,65000	81,7
4,66667	81,6
4,68333	81,6
4,70000	81,7
4,71667	81,5
4,73333	81,5
4,75000	81,6
4,76667	81,4
4,78333	81,4
4,80000	81,4
4,81667	81,3
4,83333	81,2
4,85000	81,2
4,86667	81,1
4,88333	81,2
4,90000	81,2
4,91667	81,1
4,93333	81,1
4,95000	81,1
4,96667	81,0
4,98333	81,1
5,00000	81,1
5,01667	81,1
5,03333	81,1
5,05000	81,1
5,06667	81,2
5,08333	81,2
5,10000	81,2
5,11667	81,3
5,13333	81,3
5,15000	81,4
5,16667	81,4
5,18333	81,5
5,20000	81,5
5,21667	81,4
5,23333	81,4
5,25000	81,5
5,26667	81,5
5,28333	81,5
5,30000	81,5
5,31667	81,5
5,33333	81,5
5,35000	81,5
5,36667	81,5
5,38333	81,5
5,40000	81,6
5,41667	81,6
5,43333	81,6
5,45000	81,6
5,46667	81,6
5,48333	81,6
5,50000	81,6
5,51667	81,6
5,53333	81,6
5,55000	81,6
5,56667	81,7
5,58333	81,7
5,60000	81,7
5,61667	81,7
5,63333	81,7
5,65000	81,6
5,66667	81,7
5,68333	81,7
5,70000	81,7
5,71667	81,7
5,73333	81,7
5,75000	81,7
5,76667	81,7
5,78333	81,7
5,80000	81,7
5,81667	81,7
5,83333	81,7
5,85000	81,8
5,86667	81,7
5,88333	81,8
5,90000	81,8
5,91667	81,8
5,93333	81,8
5,95000	81,8
5,96667	81,7
5,98333	81,8
6,00000	81,8
6,01667	81,8
6,03333	81,8
6,05000	81,8
6,06667	81,8
6,08333	81,8
6,10000	81,8
6,11667	81,8
6,13333	81,7
6,15000	81,9
6,16667	81,8
6,18333	81,8
6,20000	81,8
6,21667	81,9
6,23333	81,8
6,25000	81,9
6,26667	81,8
6,28333	81,8
6,30000	81,9
6,31667	81,9
6,33333	81,9
6,35000	81,8
6,36667	82,0
6,38333	81,9
6,40000	81,9
6,41667	81,9
6,43333	81,9
6,45000	81,9
6,46667	81,9
6,48333	81,9
6,50000	81,9
6,51667	81,9
6,53333	82,0
6,55000	82,0
6,56667	82,0
6,58333	82,0
6,60000	82,0
6,61667	82,0
6,63333	82,0
6,65000	82,0
6,66667	82,0
6,68333	82,0
6,70000	81,9
6,71667	82,1
6,73333	82,0
6,75000	82,1
6,76667	82,0
6,78333	82,0
6,80000	82,0
6,81667	82,0
6,83333	82,0
6,85000	82,0
6,86667	82,1
6,88333	82,1
6,90000	82,0
6,91667	82,0
6,93333	82,0
6,95000	82,1
6,96667	82,0
6,98333	82,0
7,00000	82,0
7,01667	82,1
7,03333	82,0
7,05000	82,0
7,06667	82,0
7,08333	82,0
7,10000	82,0
7,11667	82,1
7,13333	82,0
7,15000	82,0
7,16667	82,0
7,18333	82,1
7,20000	82,1
7,21667	82,1
7,23333	82,0
7,25000	82,1
7,26667	82,1
7,28333	82,1
7,30000	82,0
7,31667	82,1
7,33333	82,1
7,35000	82,1
7,36667	82,1
7,38333	82,1
7,40000	82,1
7,41667	82,1
7,43333	82,1
7,45000	82,1
7,46667	82,1
7,48333	82,1
7,50000	82,1
7,51667	82,1
7,53333	82,1
7,55000	82,1
7,56667	82,2
7,58333	82,1
7,60000	82,1
7,61667	82,2
7,63333	82,1
7,65000	82,2
7,66667	82,1
7,68333	82,2
7,70000	82,1
7,71667	82,2
7,73333	82,1
7,75000	82,1
7,76667	82,2
7,78333	82,1
7,80000	82,1
7,81667	82,0
7,83333	82,1
7,85000	82,1
7,86667	82,2
7,88333	82,1
7,90000	82,1
7,91667	82,2
7,93333	82,1
7,95000	82,2
7,96667	82,2
7,98333	82,1
8,00000	82,1
8,01667	82,2
8,03333	82,2
8,05000	82,2
8,06667	82,1
8,08333	82,1
8,10000	82,2
8,11667	82,1
8,13333	82,1
8,15000	82,1
8,16667	82,2
8,18333	82,1
8,20000	82,1
8,21667	82,1
8,23333	82,2
8,25000	82,1
8,26667	82,2
8,28333	82,1
8,30000	82,1
8,31667	82,2
8,33333	82,1
8,35000	82,2
8,36667	82,2
8,38333	82,2
8,40000	82,2
8,41667	82,2
8,43333	82,2
8,45000	82,2
8,46667	82,1
8,48333	82,2
8,50000	82,1
8,51667	82,2
8,53333	82,1
8,55000	82,2
8,56667	82,2
8,58333	82,1
8,60000	82,2
8,61667	82,2
8,63333	82,2
8,65000	82,2
8,66667	82,2
8,68333	82,1
8,70000	82,1
8,71667	82,1
8,73333	82,2
8,75000	82,2
8,76667	82,2
8,78333	82,2
8,80000	82,2
8,81667	82,2
8,83333	82,1
8,85000	82,2
8,86667	82,2
8,88333	82,2
8,90000	82,2
8,91667	82,2
8,93333	82,1
8,95000	82,2
8,96667	82,1
8,98333	82,1
9,00000	82,2
9,01667	82,2
9,03333	82,2
9,05000	82,1
9,06667	82,1
9,08333	82,2
9,10000	82,2
9,11667	82,2
9,13333	82,2
9,15000	82,1
9,16667	82,1
9,18333	82,1
9,20000	82,1
9,21667	82,1
9,23333	82,1
9,25000	82,1
9,26667	82,1
9,28333	82,1
9,30000	82,0
9,31667	82,1
9,33333	82,1
9,35000	82,1
9,36667	82,1
9,38333	82,2
9,40000	82,1
9,41667	82,1
9,43333	82,1
9,45000	82,1
9,46667	82,1
9,48333	82,1
9,50000	82,1
9,51667	82,1
9,53333	82,1
9,55000	82,1
9,56667	82,1
9,58333	82,1
9,60000	82,1
9,61667	82,1
9,63333	82,0
9,65000	82,2
9,66667	82,0
9,68333	82,1
9,70000	82,1
9,71667	82,1
9,73333	82,0
9,75000	82,1
9,76667	82,1
9,78333	82,1
9,80000	82,1
9,81667	82,1
9,83333	82,0
9,85000	82,1
9,86667	82,1
9,88333	82,0
9,90000	82,0
9,91667	82,0
9,93333	82,1
9,95000	82,0
9,96667	82,1
9,98333	82,0
10,00000	82,1
10,01667	82,0
10,03333	82,1
10,05000	82,0
10,06667	82,1
10,08333	82,0
10,10000	82,0
10,11667	82,0
10,13333	82,0
10,15000	82,0
10,16667	82,0
10,18333	82,0
10,20000	82,0
10,21667	82,0
10,23333	82,0
10,25000	81,9
10,26667	82,1
10,28333	81,9
10,30000	81,9
10,31667	81,9
10,33333	82,0
10,35000	82,0
10,36667	82,0
10,38333	82,0
10,40000	82,0
10,41667	81,9
10,43333	81,9
10,45000	81,9
10,46667	81,9
10,48333	81,9
10,50000	81,9
10,51667	81,9
10,53333	82,0
10,55000	81,9
10,56667	81,9
10,58333	81,9
10,60000	81,9
10,61667	81,9
10,63333	81,9
10,65000	81,9
10,66667	81,9
10,68333	81,9
10,70000	81,9
10,71667	81,8
10,73333	81,9
10,75000	81,8
10,76667	81,9
10,78333	81,9
10,80000	81,8
10,81667	81,9
10,83333	81,9
10,85000	81,9
10,86667	81,9
10,88333	81,9
10,90000	81,9
10,91667	81,9
10,93333	81,8
10,95000	81,8
10,96667	81,9
10,98333	81,8
11,00000	81,8
11,01667	81,9
11,03333	81,8
11,05000	81,8
11,06667	81,8
11,08333	81,9
11,10000	81,9
11,11667	81,8
11,13333	81,8
11,15000	81,9
11,16667	81,8
11,18333	81,8
11,20000	81,8
11,21667	81,8
11,23333	81,9
11,25000	81,8
11,26667	81,8
11,28333	81,8
11,30000	81,8
11,31667	81,8
11,33333	81,7
11,35000	81,8
11,36667	81,8
11,38333	81,8
11,40000	81,8
11,41667	81,8
11,43333	81,8
11,45000	81,8
11,46667	81,8
11,48333	81,8
11,50000	81,8
11,51667	81,8
11,53333	81,7
11,55000	81,7
11,56667	81,7
11,58333	81,7
11,60000	81,7
11,61667	81,7
11,63333	81,8
11,65000	81,7
11,66667	81,7
11,68333	81,7
11,70000	81,7
11,71667	81,7
11,73333	81,6
11,75000	81,8
11,76667	81,7
11,78333	81,7
11,80000	81,7
11,81667	81,7
11,83333	81,6
11,85000	81,7
11,86667	81,8
11,88333	81,7
11,90000	81,7
11,91667	81,7
11,93333	81,7
11,95000	81,7
11,96667	81,7
11,98333	81,7
12,00000	81,7
12,01667	81,7
12,03333	81,7
12,05000	81,6
12,06667	81,7
12,08333	81,7
12,10000	81,7
12,11667	81,6
12,13333	81,6
12,15000	81,7
12,16667	81,7
12,18333	81,7
12,20000	81,7
12,21667	81,6
12,23333	81,6
12,25000	81,6
12,26667	81,6
12,28333	81,6
12,30000	81,6
12,31667	81,6
12,33333	81,6
12,35000	81,6
12,36667	81,6
12,38333	81,6
12,40000	81,6
12,41667	81,7
12,43333	81,6
12,45000	81,6
12,46667	81,6
12,48333	81,6
12,50000	81,6
12,51667	81,6
12,53333	81,5
12,55000	81,6
12,56667	81,6
12,58333	81,6
12,60000	81,6
12,61667	81,6
12,63333	81,5
12,65000	81,6
12,66667	81,5
12,68333	81,5
12,70000	81,6
12,71667	81,6
12,73333	81,5
12,75000	81,6
12,76667	81,5
12,78333	81,5
12,80000	81,5
12,81667	81,6
12,83333	81,5
12,85000	81,5
12,86667	81,5
12,88333	81,5
12,90000	81,5
12,91667	81,5
12,93333	81,5
12,95000	81,5
12,96667	81,5
12,98333	81,5
13,00000	81,5
13,01667	81,5
13,03333	81,4
13,05000	81,5
13,06667	81,5
13,08333	81,5
13,10000	81,5
13,11667	81,5
13,13333	81,5
13,15000	81,5
13,16667	81,4
13,18333	81,4
13,20000	81,4
13,21667	81,4
13,23333	81,5
13,25000	81,4
13,26667	81,5
13,28333	81,5
13,30000	81,5
13,31667	81,5
13,33333	81,4
13,35000	81,4
13,36667	81,4
13,38333	81,4
13,40000	81,4
13,41667	81,4
13,43333	81,4
13,45000	81,4
13,46667	81,4
13,48333	81,5
13,50000	81,4
13,51667	81,4
13,53333	81,4
13,55000	81,4
13,56667	81,4
13,58333	81,4
13,60000	81,4
13,61667	81,4
13,63333	81,4
13,65000	81,4
13,66667	81,4
13,68333	81,4
13,70000	81,4
13,71667	81,4
13,73333	81,3
13,75000	81,4
13,76667	81,4
13,78333	81,4
13,80000	81,4
13,81667	81,5
13,83333	81,4
13,85000	81,4
13,86667	81,4
13,88333	81,4
13,90000	81,4
13,91667	81,4
13,93333	81,4
13,95000	81,4
13,96667	81,4
13,98333	81,4
14,00000	81,4
14,01667	81,4
14,03333	81,3
14,05000	81,4
14,06667	81,4
14,08333	81,4
14,10000	81,4
14,11667	81,4
14,13333	81,3
14,15000	81,4
14,16667	81,4
14,18333	81,4
14,20000	81,4
14,21667	81,4
14,23333	81,3
14,25000	81,4
14,26667	81,4
14,28333	81,4
14,30000	81,4
14,31667	81,4
14,33333	81,3
14,35000	81,3
14,36667	81,3
14,38333	81,4
14,40000	81,4
14,41667	81,4
14,43333	81,3
14,45000	81,3
14,46667	81,3
14,48333	81,4
14,50000	81,4
14,51667	81,4
14,53333	81,3
14,55000	81,4
14,56667	81,3
14,58333	81,3
14,60000	81,3
14,61667	81,4
14,63333	81,3
14,65000	81,4
14,66667	81,3
14,68333	81,4
14,70000	81,4
14,71667	81,3
14,73333	81,3
14,75000	81,3
14,76667	81,4
14,78333	81,3
14,80000	81,3
14,81667	81,3
14,83333	81,3
14,85000	81,3
14,86667	81,3
14,88333	81,4
14,90000	81,4
14,91667	81,3
14,93333	81,3
14,95000	81,3
14,96667	81,3
14,98333	81,3
15,00000	81,3
15,01667	81,3
15,03333	81,3
15,05000	81,3
15,06667	81,3
15,08333	81,3
15,10000	81,3
15,11667	81,3
15,13333	81,3
15,15000	81,3
15,16667	81,3
15,18333	81,3
15,20000	81,3
15,21667	81,3
15,23333	81,3
15,25000	81,3
15,26667	81,3
15,28333	81,3
15,30000	81,3
15,31667	81,3
15,33333	81,3
15,35000	81,3
15,36667	81,3
15,38333	81,3
15,40000	81,3
15,41667	81,3
15,43333	81,3
15,45000	81,3
15,46667	81,3
15,48333	81,3
15,50000	81,3
15,51667	81,3
15,53333	81,3
15,55000	81,4
15,56667	81,3
15,58333	81,3
15,60000	81,3
15,61667	81,3
15,63333	81,3
15,65000	81,2
15,66667	81,3
15,68333	81,3
15,70000	81,3
15,71667	81,3
15,73333	81,2
15,75000	81,3
15,76667	81,3
15,78333	81,3
15,80000	81,3
15,81667	81,3
15,83333	81,3
15,85000	81,3
15,86667	81,3
15,88333	81,3
15,90000	81,3
15,91667	81,3
15,93333	81,3
15,95000	81,3
15,96667	81,3
15,98333	81,3
16,00000	81,3
16,01667	81,2
16,03333	81,2
16,05000	81,2
16,06667	81,2
16,08333	81,2
16,10000	81,2
16,11667	81,2
16,13333	81,2
16,15000	81,2
16,16667	81,2
16,18333	81,2
16,20000	81,2
16,21667	81,3
16,23333	81,2
16,25000	81,2
16,26667	81,2
16,28333	81,2
16,30000	81,2
16,31667	81,2
16,33333	81,2
16,35000	81,2
16,36667	81,2
16,38333	81,1
16,40000	81,1
16,41667	81,2
16,43333	81,1
16,45000	81,1
16,46667	81,1
16,48333	81,1
16,50000	81,1
16,51667	81,1
16,53333	81,2
16,55000	81,0
16,56667	81,1
16,58333	81,2
16,60000	81,1
16,61667	81,2
16,63333	81,1
16,65000	81,1
16,66667	81,2
16,68333	81,1
16,70000	81,1
16,71667	81,1
16,73333	81,1
16,75000	81,1
16,76667	81,1
16,78333	81,1
16,80000	81,1
16,81667	81,1
16,83333	81,1
16,85000	81,1
16,86667	81,1
16,88333	81,1
16,90000	81,1
16,91667	81,1
16,93333	81,1
16,95000	81,1
16,96667	81,1
16,98333	81,1
17,00000	81,1
17,01667	81,1
17,03333	81,1
17,05000	81,0
17,06667	81,1
17,08333	81,1
17,10000	81,0
17,11667	81,1
17,13333	81,0
17,15000	81,2
17,16667	81,0
17,18333	81,1
17,20000	81,1
17,21667	81,1
17,23333	81,1
17,25000	81,1
17,26667	81,1
17,28333	81,1
17,30000	81,1
17,31667	81,1
17,33333	81,1
17,35000	81,0
17,36667	81,1
17,38333	81,0
17,40000	81,0
17,41667	81,0
17,43333	81,0
17,45000	81,0
17,46667	81,0
17,48333	81,0
17,50000	81,0
17,51667	81,0
17,53333	81,0
17,55000	81,0
17,56667	81,0
17,58333	81,0
17,60000	81,0
17,61667	80,9
17,63333	81,0
17,65000	81,0
17,66667	81,0
17,68333	80,9
17,70000	81,0
17,71667	80,9
17,73333	80,9
17,75000	81,0
17,76667	80,9
17,78333	81,0
17,80000	81,0
17,81667	81,0
17,83333	80,9
17,85000	80,9
17,86667	81,0
17,88333	80,9
17,90000	80,9
17,91667	81,0
17,93333	80,9
17,95000	80,9
17,96667	80,9
17,98333	80,9
18,00000	80,9
18,01667	80,9
18,03333	80,9
18,05000	80,9
18,06667	80,9
18,08333	80,9
18,10000	80,9
18,11667	80,9
18,13333	80,9
18,15000	80,9
18,16667	80,9
18,18333	80,9
18,20000	80,9
18,21667	80,8
18,23333	80,9
18,25000	80,8
18,26667	80,9
18,28333	80,8
18,30000	80,8
18,31667	80,9
18,33333	80,9
18,35000	80,8
18,36667	80,8
18,38333	80,8
18,40000	80,8
18,41667	80,8
18,43333	80,8
18,45000	80,8
18,46667	80,8
18,48333	80,8
18,50000	80,8
18,51667	80,8
18,53333	80,9
18,55000	80,7
18,56667	80,8
18,58333	80,8
18,60000	80,8
18,61667	80,8
18,63333	80,7
18,65000	80,8
18,66667	80,8
18,68333	80,7
18,70000	80,7
18,71667	80,7
18,73333	80,7
18,75000	80,7
18,76667	80,7
18,78333	80,7
18,80000	80,7
18,81667	80,7
18,83333	80,7
18,85000	80,7
18,86667	80,7
18,88333	80,6
18,90000	80,7
18,91667	80,7
18,93333	80,7
18,95000	80,6
18,96667	80,6
18,98333	80,7
19,00000	80,6
19,01667	80,6
19,03333	80,6
19,05000	80,6
19,06667	80,6
19,08333	80,6
19,10000	80,6
19,11667	80,6
19,13333	80,6
19,15000	80,5
19,16667	80,5
19,18333	80,6
19,20000	80,6
19,21667	80,5
19,23333	80,6
19,25000	80,5
19,26667	80,5
19,28333	80,5
19,30000	80,5
19,31667	80,5
19,33333	80,5
19,35000	80,5
19,36667	80,5
19,38333	80,4
19,40000	80,5
19,41667	80,5
19,43333	80,4
19,45000	80,4
19,46667	80,4
19,48333	80,4
19,50000	80,4
19,51667	80,4
19,53333	80,4
19,55000	80,4
19,56667	80,4
19,58333	80,4
19,60000	80,4
19,61667	80,3
19,63333	80,4
19,65000	80,4
19,66667	80,3
19,68333	80,3
19,70000	80,3
19,71667	80,3
19,73333	80,3
19,75000	80,3
19,76667	80,3
19,78333	80,3
19,80000	80,3
19,81667	80,2
19,83333	80,2
19,85000	80,3
19,86667	80,2
19,88333	80,2
19,90000	80,2
19,91667	80,2
19,93333	80,2
19,95000	80,2
19,96667	80,2
19,98333	80,1
20,00000	80,1
20,01667	80,1
20,03333	80,1
20,05000	80,1
20,06667	80,1
20,08333	80,1
20,10000	80,1
20,11667	80,1
20,13333	80,1
20,15000	80,0
20,16667	80,1
20,18333	80,0
20,20000	80,1
20,21667	80,0
20,23333	80,0
20,25000	80,0
20,26667	79,9
20,28333	80,0
20,30000	80,0
20,31667	79,9
20,33333	80,0
20,35000	80,0
20,36667	79,9
20,38333	79,9
20,40000	79,9
20,41667	79,9
20,43333	79,8
20,45000	79,9
20,46667	79,9
20,48333	79,8
20,50000	79,8
20,51667	79,8
20,53333	79,8
20,55000	79,8
20,56667	79,8
20,58333	79,7
20,60000	79,8
20,61667	79,7
20,63333	79,7
20,65000	79,7
20,66667	79,7
20,68333	79,7
20,70000	79,7
20,71667	79,6
20,73333	79,6
20,75000	79,6
20,76667	79,5
20,78333	79,6
20,80000	79,5
20,81667	79,5
20,83333	79,5
20,85000	79,4
20,86667	79,4
20,88333	79,4
20,90000	79,4
20,91667	79,4
20,93333	79,3
20,95000	79,3
20,96667	79,3
20,98333	79,3
21,00000	79,3
21,01667	79,3
21,03333	79,2
21,05000	79,2
21,06667	79,1
21,08333	79,0
21,10000	79,0
21,11667	78,9
21,13333	79,0
21,15000	78,9
21,16667	78,8
21,18333	78,8
21,20000	78,8
21,21667	78,7
21,23333	78,7
21,25000	78,6
21,26667	78,6
21,28333	78,6
21,30000	78,6
21,31667	78,4
21,33333	78,4
21,35000	78,4
21,36667	78,3
21,38333	78,3
21,40000	78,3
21,41667	78,1
21,43333	78,2
21,45000	78,1
21,46667	78,0
21,48333	77,9
21,50000	77,9
21,51667	77,8
21,53333	77,8
21,55000	77,8
21,56667	77,7
21,58333	77,7
21,60000	77,7
21,61667	77,5
21,63333	77,5
21,65000	77,5
21,66667	77,4
21,68333	77,4
21,70000	77,3
21,71667	77,2
21,73333	77,2
21,75000	77,1
21,76667	77,1
21,78333	77,0
21,80000	77,0
21,81667	76,9
21,83333	76,9
21,85000	76,7
21,86667	76,6
21,88333	76,7
21,90000	76,7
21,91667	76,6
21,93333	76,5
21,95000	76,4
21,96667	76,3
21,98333	76,2
22,00000	76,3
22,01667	76,1
22,03333	76,0
22,05000	76,0
22,06667	75,9
22,08333	75,8
22,10000	75,8
22,11667	75,7
22,13333	75,7
22,15000	75,5
22,16667	75,5
22,18333	75,4
22,20000	75,4
22,21667	75,3
22,23333	75,3
22,25000	75,2
22,26667	75,1
22,28333	75,0
22,30000	75,0
22,31667	74,8
22,33333	74,7
22,35000	74,6
22,36667	74,6
22,38333	74,5
22,40000	74,5
22,41667	74,3
22,43333	74,2
22,45000	74,2
22,46667	74,1
22,48333	74,0
22,50000	74,0
22,51667	73,9
22,53333	73,8
22,55000	73,7
22,56667	73,6
22,58333	73,6
22,60000	73,6
22,61667	73,4
22,63333	73,3
22,65000	73,2
22,66667	73,1
22,68333	73,0
22,70000	73,0
22,71667	72,8
22,73333	72,7
22,75000	72,6
22,76667	72,5
22,78333	72,5
22,80000	72,5
22,81667	72,3
22,83333	72,2
22,85000	72,1
22,86667	72,0
22,88333	72,0
22,90000	71,9
22,91667	71,8
22,93333	71,7
22,95000	71,6
22,96667	71,5
22,98333	71,4
23,00000	71,4
23,01667	71,2
23,03333	71,1
23,05000	71,0
23,06667	70,9
23,08333	70,8
23,10000	70,8
23,11667	70,6
23,13333	70,5
23,15000	70,3
23,16667	70,2
23,18333	70,2
23,20000	70,1
23,21667	69,9
23,23333	69,8
23,25000	69,6
23,26667	69,5
23,28333	69,4
23,30000	69,4
23,31667	69,1
23,33333	69,1
23,35000	68,9
23,36667	68,7
23,38333	68,7
23,40000	68,7
23,41667	68,4
23,43333	68,3
23,45000	68,2
23,46667	68,0
23,48333	68,0
23,50000	67,9
23,51667	67,6
23,53333	67,6
23,55000	67,4
23,56667	67,3
23,58333	67,3
23,60000	67,2
23,61667	67,0
23,63333	66,8
23,65000	66,7
23,66667	66,6
23,68333	66,5
23,70000	66,5
23,71667	66,3
23,73333	66,2
23,75000	66,1
23,76667	66,0
23,78333	65,9
23,80000	65,9
23,81667	65,6
23,83333	65,6
23,85000	65,4
23,86667	65,3
23,88333	65,3
23,90000	65,3
23,91667	65,0
23,93333	64,9
23,95000	64,8
23,96667	64,7
23,98333	64,7
24,00000	64,6
24,01667	64,4
24,03333	64,3
24,05000	64,2
24,06667	64,1
24,08333	64,1
24,10000	64,1
24,11667	63,9
24,13333	63,8
24,15000	63,7
24,16667	63,6
24,18333	63,5
24,20000	63,5
24,21667	63,3
24,23333	63,2
24,25000	63,1
24,26667	63,0
24,28333	63,0
24,30000	62,9
24,31667	62,7
24,33333	62,7
24,35000	62,6
24,36667	62,4
24,38333	62,4
24,40000	62,4
24,41667	62,2
24,43333	62,1
24,45000	62,0
24,46667	61,9
24,48333	61,8
24,50000	61,8
24,51667	61,6
24,53333	61,5
24,55000	61,4
24,56667	61,3
24,58333	61,1
24,60000	61,1
24,61667	61,0
24,63333	61,0
24,65000	60,8
24,66667	60,6
24,68333	60,6
24,70000	60,5
24,71667	60,3
24,73333	60,2
24,75000	60,2
24,76667	60,0
24,78333	60,0
24,80000	59,9
24,81667	59,7
24,83333	59,7
24,85000	59,5
24,86667	59,4
24,88333	59,3
24,90000	59,3
24,91667	59,1
24,93333	59,1
24,95000	58,9
24,96667	58,8
24,98333	58,7
25,00000	58,7
25,01667	58,5
25,03333	58,4
25,05000	58,3
25,06667	58,2
25,08333	58,2
25,10000	58,1
25,11667	57,9
25,13333	57,8
25,15000	57,7
25,16667	57,6
25,18333	57,6
25,20000	57,5
25,21667	57,3
25,23333	57,3
25,25000	57,1
25,26667	57,0
25,28333	56,9
25,30000	56,9
25,31667	56,7
25,33333	56,7
25,35000	56,6
25,36667	56,4
25,38333	56,3
25,40000	56,3
25,41667	56,2
25,43333	56,0
25,45000	55,9
25,46667	55,9
25,48333	55,8
25,50000	55,7
25,51667	55,6
25,53333	55,4
25,55000	55,4
25,56667	55,3
25,58333	55,2
25,60000	55,2
25,61667	55,1
25,63333	55,0
25,65000	54,9
25,66667	54,8
25,68333	54,7
25,70000	54,7
25,71667	54,5
25,73333	54,5
25,75000	54,5
25,76667	54,3
25,78333	54,3
25,80000	54,3
25,81667	54,2
25,83333	54,0
25,85000	54,0
25,86667	53,9
25,88333	53,9
25,90000	53,9
25,91667	53,8
25,93333	53,7
25,95000	53,7
25,96667	53,7
25,98333	53,7
26,00000	53,6
26,01667	53,6
26,03333	53,6
26,05000	53,5
26,06667	53,6
26,08333	53,5
26,10000	53,5
26,11667	53,5
26,13333	53,5
26,15000	53,5
26,16667	53,4
26,18333	53,4
26,20000	53,4
26,21667	53,4
26,23333	53,4
26,25000	53,4
26,26667	53,4
26,28333	53,4
26,30000	53,4
26,31667	53,5
26,33333	53,5
26,35000	53,5
26,36667	53,5
26,38333	53,6
26,40000	53,6
26,41667	53,6
26,43333	53,7
26,45000	53,7
26,46667	53,7
26,48333	53,8
26,50000	53,8
26,51667	53,9
26,53333	53,9
26,55000	54,0
26,56667	54,1
26,58333	54,1
26,60000	54,1
26,61667	54,2
26,63333	54,3
26,65000	54,3
26,66667	54,3
26,68333	54,4
26,70000	54,4
26,71667	54,5
26,73333	54,5
26,75000	54,6
26,76667	54,7
26,78333	54,7
26,80000	54,7
26,81667	54,9
26,83333	54,9
26,85000	55,0
26,86667	55,1
26,88333	55,2
26,90000	55,2
26,91667	55,2
26,93333	55,3
26,95000	55,4
26,96667	55,5
26,98333	55,5
27,00000	55,5
27,01667	55,7
27,03333	55,7
27,05000	55,8
27,06667	55,9
27,08333	55,9
27,10000	56,0
27,11667	56,1
27,13333	56,2
27,15000	56,3
27,16667	56,4
27,18333	56,5
27,20000	56,5
27,21667	56,7
27,23333	56,7
27,25000	56,8
27,26667	56,9
27,28333	57,0
27,30000	57,0
27,31667	57,2
27,33333	57,3
27,35000	57,4
27,36667	57,5
27,38333	57,5
27,40000	57,6
27,41667	57,8
27,43333	57,9
27,45000	58,0
27,46667	58,1
27,48333	58,2
27,50000	58,2
27,51667	58,5
27,53333	58,5
27,55000	58,7
27,56667	58,8
27,58333	58,9
27,60000	58,9
27,61667	59,1
27,63333	59,2
27,65000	59,3
27,66667	59,5
27,68333	59,6
27,70000	59,6
27,71667	59,8
27,73333	59,9
27,75000	60,1
27,76667	60,2
27,78333	60,2
27,80000	60,3
27,81667	60,6
27,83333	60,7
27,85000	60,8
27,86667	60,9
27,88333	61,0
27,90000	61,1
27,91667	61,3
27,93333	61,4
27,95000	61,6
27,96667	61,7
27,98333	61,8
28,00000	61,8
28,01667	62,0
28,03333	62,1
28,05000	62,2
28,06667	62,4
28,08333	62,4
28,10000	62,5
28,11667	62,7
28,13333	62,8
28,15000	62,9
28,16667	63,1
28,18333	63,1
28,20000	63,2
28,21667	63,4
28,23333	63,5
28,25000	63,6
28,26667	63,7
28,28333	63,8
28,30000	63,9
28,31667	64,1
28,33333	64,1
28,35000	64,3
28,36667	64,4
28,38333	64,5
28,40000	64,5
28,41667	64,7
28,43333	64,7
28,45000	64,9
28,46667	65,0
28,48333	65,1
28,50000	65,1
28,51667	65,3
28,53333	65,4
28,55000	65,5
28,56667	65,6
28,58333	65,7
28,60000	65,6
28,61667	66,0
28,63333	66,0
28,65000	66,1
28,66667	66,2
28,68333	66,3
28,70000	66,4
28,71667	66,5
28,73333	66,6
28,75000	66,8
28,76667	66,9
28,78333	67,0
28,80000	67,0
28,81667	67,2
28,83333	67,3
28,85000	67,3
28,86667	67,4
28,88333	67,5
28,90000	67,5
28,91667	67,8
28,93333	67,9
28,95000	68,0
28,96667	68,1
28,98333	68,1
29,00000	68,1
29,01667	68,4
29,03333	68,5
29,05000	68,6
29,06667	68,7
29,08333	68,7
29,10000	68,7
29,11667	68,9
29,13333	69,0
29,15000	69,1
29,16667	69,3
29,18333	69,3
29,20000	69,3
29,21667	69,5
29,23333	69,5
29,25000	69,7
29,26667	69,7
29,28333	69,8
29,30000	69,8
29,31667	70,0
29,33333	70,0
29,35000	70,0
29,36667	70,2
29,38333	70,2
29,40000	70,3
29,41667	70,4
29,43333	70,4
29,45000	70,6
29,46667	70,6
29,48333	70,7
29,50000	70,7
29,51667	70,9
29,53333	71,0
29,55000	71,0
29,56667	71,2
29,58333	71,2
29,60000	71,2
29,61667	71,5
29,63333	71,5
29,65000	71,7
29,66667	71,8
29,68333	71,9
29,70000	72,0
29,71667	72,2
29,73333	72,3
29,75000	72,4
29,76667	72,5
29,78333	72,6
29,80000	72,6
29,81667	72,8
29,83333	72,9
29,85000	73,0
29,86667	73,2
29,88333	73,4
29,90000	73,4
29,91667	73,6
29,93333	73,7
29,95000	73,7
29,96667	73,8
29,98333	74,0
30,00000	74,0
30,01667	74,2
30,03333	74,3
30,05000	74,5
30,06667	74,5
30,08333	74,6
30,10000	74,7
30,11667	74,8
30,13333	75,0
30,15000	75,0
30,16667	75,1
30,18333	75,1
30,20000	75,2
30,21667	75,3
30,23333	75,3
30,25000	75,6
30,26667	75,6
30,28333	75,7
30,30000	75,7
30,31667	75,8
30,33333	75,8
30,35000	75,9
30,36667	76,1
30,38333	76,1
30,40000	76,1
30,41667	76,3
30,43333	76,4
30,45000	76,3
30,46667	76,4
30,48333	76,5
30,50000	76,5
30,51667	76,7
30,53333	76,7
30,55000	76,9
30,56667	76,8
30,58333	76,8
30,60000	76,8
30,61667	77,0
30,63333	77,1
30,65000	77,2
30,66667	77,3
30,68333	77,3
30,70000	77,3
30,71667	77,4
30,73333	77,4
30,75000	77,6
30,76667	77,5
30,78333	77,6
30,80000	77,7
30,81667	77,7
30,83333	77,7
30,85000	77,8
30,86667	77,9
30,88333	78,0
30,90000	77,9
30,91667	78,0
30,93333	78,1
30,95000	78,1
30,96667	78,1
30,98333	78,1
31,00000	78,2
31,01667	78,3
31,03333	78,3
31,05000	78,4
31,06667	78,4
31,08333	78,4
31,10000	78,4
31,11667	78,6
31,13333	78,6
31,15000	78,7
31,16667	78,6
31,18333	78,7
31,20000	78,7
31,21667	78,8
31,23333	78,8
31,25000	78,9
31,26667	78,9
31,28333	78,9
31,30000	79,0
31,31667	79,0
31,33333	79,0
31,35000	79,1
31,36667	79,2
31,38333	79,2
31,40000	79,2
31,41667	79,2
31,43333	79,3
31,45000	79,3
31,46667	79,3
31,48333	79,5
31,50000	79,5
31,51667	79,4
31,53333	79,5
31,55000	79,5
31,56667	79,5
31,58333	79,5
31,60000	79,5
31,61667	79,6
31,63333	79,6
31,65000	79,7
31,66667	79,7
31,68333	79,7
31,70000	79,7
31,71667	79,7
31,73333	79,8
31,75000	79,8
31,76667	79,8
31,78333	79,8
31,80000	79,8
31,81667	79,8
31,83333	79,8
31,85000	80,0
31,86667	79,9
31,88333	80,0
31,90000	80,0
31,91667	80,1
31,93333	80,0
31,95000	80,0
31,96667	80,1
31,98333	80,1
32,00000	80,1

[LC Status Trace(Pump B Degasser Pressure)]
Interval(msec)	1000
# of Points	1921
Start Time(min)	0,000
End Time(min)	32,000
Intensity Units	bar
Intensity Multiplier	0,980665
R.Time (min)	Intensity
0,00000	0,00
0,01667	0,00
0,03333	0,00
0,05000	0,00
0,06667	0,00
0,08333	0,00
0,10000	0,00
0,11667	0,00
0,13333	0,00
0,15000	0,00
0,16667	0,00
0,18333	0,00
0,20000	0,00
0,21667	0,00
0,23333	0,00
0,25000	0,00
0,26667	0,00
0,28333	0,00
0,30000	0,00
0,31667	0,00
0,33333	0,00
0,35000	0,00
0,36667	0,00
0,38333	0,00
0,40000	0,00
0,41667	0,00
0,43333	0,00
0,45000	0,00
0,46667	0,00
0,48333	0,00
0,50000	0,00
0,51667	0,00
0,53333	0,00
0,55000	0,00
0,56667	0,00
0,58333	0,00
0,60000	0,00
0,61667	0,00
0,63333	0,00
0,65000	0,00
0,66667	0,00
0,68333	0,00
0,70000	0,00
0,71667	0,00
0,73333	0,00
0,75000	0,00
0,76667	0,00
0,78333	0,00
0,80000	0,00
0,81667	0,00
0,83333	0,00
0,85000	0,00
0,86667	0,00
0,88333	0,00
0,90000	0,00
0,91667	0,00
0,93333	0,00
0,95000	0,00
0,96667	0,00
0,98333	0,00
1,00000	0,00
1,01667	0,00
1,03333	0,00
1,05000	0,00
1,06667	0,00
1,08333	0,00
1,10000	0,00
1,11667	0,00
1,13333	0,00
1,15000	0,00
1,16667	0,00
1,18333	0,00
1,20000	0,00
1,21667	0,00
1,23333	0,00
1,25000	0,00
1,26667	0,00
1,28333	0,00
1,30000	0,00
1,31667	0,00
1,33333	0,00
1,35000	0,00
1,36667	0,00
1,38333	0,00
1,40000	0,00
1,41667	0,00
1,43333	0,00
1,45000	0,00
1,46667	0,00
1,48333	0,00
1,50000	0,00
1,51667	0,00
1,53333	0,00
1,55000	0,00
1,56667	0,00
1,58333	0,00
1,60000	0,00
1,61667	0,00
1,63333	0,00
1,65000	0,00
1,66667	0,00
1,68333	0,00
1,70000	0,00
1,71667	0,00
1,73333	0,00
1,75000	0,00
1,76667	0,00
1,78333	0,00
1,80000	0,00
1,81667	0,00
1,83333	0,00
1,85000	0,00
1,86667	0,00
1,88333	0,00
1,90000	0,00
1,91667	0,00
1,93333	0,00
1,95000	0,00
1,96667	0,00
1,98333	0,00
2,00000	0,00
2,01667	0,00
2,03333	0,00
2,05000	0,00
2,06667	0,00
2,08333	0,00
2,10000	0,00
2,11667	0,00
2,13333	0,00
2,15000	0,00
2,16667	0,00
2,18333	0,00
2,20000	0,00
2,21667	0,00
2,23333	0,00
2,25000	0,00
2,26667	0,00
2,28333	0,00
2,30000	0,00
2,31667	0,00
2,33333	0,00
2,35000	0,00
2,36667	0,00
2,38333	0,00
2,40000	0,00
2,41667	0,00
2,43333	0,00
2,45000	0,00
2,46667	0,00
2,48333	0,00
2,50000	0,00
2,51667	0,00
2,53333	0,00
2,55000	0,00
2,56667	0,00
2,58333	0,00
2,60000	0,00
2,61667	0,00
2,63333	0,00
2,65000	0,00
2,66667	0,00
2,68333	0,00
2,70000	0,00
2,71667	0,00
2,73333	0,00
2,75000	0,00
2,76667	0,00
2,78333	0,00
2,80000	0,00
2,81667	0,00
2,83333	0,00
2,85000	0,00
2,86667	0,00
2,88333	0,00
2,90000	0,00
2,91667	0,00
2,93333	0,00
2,95000	0,00
2,96667	0,00
2,98333	0,00
3,00000	0,00
3,01667	0,00
3,03333	0,00
3,05000	0,00
3,06667	0,00
3,08333	0,00
3,10000	0,00
3,11667	0,00
3,13333	0,00
3,15000	0,00
3,16667	0,00
3,18333	0,00
3,20000	0,00
3,21667	0,00
3,23333	0,00
3,25000	0,00
3,26667	0,00
3,28333	0,00
3,30000	0,00
3,31667	0,00
3,33333	0,00
3,35000	0,00
3,36667	0,00
3,38333	0,00
3,40000	0,00
3,41667	0,00
3,43333	0,00
3,45000	0,00
3,46667	0,00
3,48333	0,00
3,50000	0,00
3,51667	0,00
3,53333	0,00
3,55000	0,00
3,56667	0,00
3,58333	0,00
3,60000	0,00
3,61667	0,00
3,63333	0,00
3,65000	0,00
3,66667	0,00
3,68333	0,00
3,70000	0,00
3,71667	0,00
3,73333	0,00
3,75000	0,00
3,76667	0,00
3,78333	0,00
3,80000	0,00
3,81667	0,00
3,83333	0,00
3,85000	0,00
3,86667	0,00
3,88333	0,00
3,90000	0,00
3,91667	0,00
3,93333	0,00
3,95000	0,00
3,96667	0,00
3,98333	0,00
4,00000	0,00
4,01667	0,00
4,03333	0,00
4,05000	0,00
4,06667	0,00
4,08333	0,00
4,10000	0,00
4,11667	0,00
4,13333	0,00
4,15000	0,00
4,16667	0,00
4,18333	0,00
4,20000	0,00
4,21667	0,00
4,23333	0,00
4,25000	0,00
4,26667	0,00
4,28333	0,00
4,30000	0,00
4,31667	0,00
4,33333	0,00
4,35000	0,00
4,36667	0,00
4,38333	0,00
4,40000	0,00
4,41667	0,00
4,43333	0,00
4,45000	0,00
4,46667	0,00
4,48333	0,00
4,50000	0,00
4,51667	0,00
4,53333	0,00
4,55000	0,00
4,56667	0,00
4,58333	0,00
4,60000	0,00
4,61667	0,00
4,63333	0,00
4,65000	0,00
4,66667	0,00
4,68333	0,00
4,70000	0,00
4,71667	0,00
4,73333	0,00
4,75000	0,00
4,76667	0,00
4,78333	0,00
4,80000	0,00
4,81667	0,00
4,83333	0,00
4,85000	0,00
4,86667	0,00
4,88333	0,00
4,90000	0,00
4,91667	0,00
4,93333	0,00
4,95000	0,00
4,96667	0,00
4,98333	0,00
5,00000	0,00
5,01667	0,00
5,03333	0,00
5,05000	0,00
5,06667	0,00
5,08333	0,00
5,10000	0,00
5,11667	0,00
5,13333	0,00
5,15000	0,00
5,16667	0,00
5,18333	0,00
5,20000	0,00
5,21667	0,00
5,23333	0,00
5,25000	0,00
5,26667	0,00
5,28333	0,00
5,30000	0,00
5,31667	0,00
5,33333	0,00
5,35000	0,00
5,36667	0,00
5,38333	0,00
5,40000	0,00
5,41667	0,00
5,43333	0,00
5,45000	0,00
5,46667	0,00
5,48333	0,00
5,50000	0,00
5,51667	0,00
5,53333	0,00
5,55000	0,00
5,56667	0,00
5,58333	0,00
5,60000	0,00
5,61667	0,00
5,63333	0,00
5,65000	0,00
5,66667	0,00
5,68333	0,00
5,70000	0,00
5,71667	0,00
5,73333	0,00
5,75000	0,00
5,76667	0,00
5,78333	0,00
5,80000	0,00
5,81667	0,00
5,83333	0,00
5,85000	0,00
5,86667	0,00
5,88333	0,00
5,90000	0,00
5,91667	0,00
5,93333	0,00
5,95000	0,00
5,96667	0,00
5,98333	0,00
6,00000	0,00
6,01667	0,00
6,03333	0,00
6,05000	0,00
6,06667	0,00
6,08333	0,00
6,10000	0,00
6,11667	0,00
6,13333	0,00
6,15000	0,00
6,16667	0,00
6,18333	0,00
6,20000	0,00
6,21667	0,00
6,23333	0,00
6,25000	0,00
6,26667	0,00
6,28333	0,00
6,30000	0,00
6,31667	0,00
6,33333	0,00
6,35000	0,00
6,36667	0,00
6,38333	0,00
6,40000	0,00
6,41667	0,00
6,43333	0,00
6,45000	0,00
6,46667	0,00
6,48333	0,00
6,50000	0,00
6,51667	0,00
6,53333	0,00
6,55000	0,00
6,56667	0,00
6,58333	0,00
6,60000	0,00
6,61667	0,00
6,63333	0,00
6,65000	0,00
6,66667	0,00
6,68333	0,00
6,70000	0,00
6,71667	0,00
6,73333	0,00
6,75000	0,00
6,76667	0,00
6,78333	0,00
6,80000	0,00
6,81667	0,00
6,83333	0,00
6,85000	0,00
6,86667	0,00
6,88333	0,00
6,90000	0,00
6,91667	0,00
6,93333	0,00
6,95000	0,00
6,96667	0,00
6,98333	0,00
7,00000	0,00
7,01667	0,00
7,03333	0,00
7,05000	0,00
7,06667	0,00
7,08333	0,00
7,10000	0,00
7,11667	0,00
7,13333	0,00
7,15000	0,00
7,16667	0,00
7,18333	0,00
7,20000	0,00
7,21667	0,00
7,23333	0,00
7,25000	0,00
7,26667	0,00
7,28333	0,00
7,30000	0,00
7,31667	0,00
7,33333	0,00
7,35000	0,00
7,36667	0,00
7,38333	0,00
7,40000	0,00
7,41667	0,00
7,43333	0,00
7,45000	0,00
7,46667	0,00
7,48333	0,00
7,50000	0,00
7,51667	0,00
7,53333	0,00
7,55000	0,00
7,56667	0,00
7,58333	0,00
7,60000	0,00
7,61667	0,00
7,63333	0,00
7,65000	0,00
7,66667	0,00
7,68333	0,00
7,70000	0,00
7,71667	0,00
7,73333	0,00
7,75000	0,00
7,76667	0,00
7,78333	0,00
7,80000	0,00
7,81667	0,00
7,83333	0,00
7,85000	0,00
7,86667	0,00
7,88333	0,00
7,90000	0,00
7,91667	0,00
7,93333	0,00
7,95000	0,00
7,96667	0,00
7,98333	0,00
8,00000	0,00
8,01667	0,00
8,03333	0,00
8,05000	0,00
8,06667	0,00
8,08333	0,00
8,10000	0,00
8,11667	0,00
8,13333	0,00
8,15000	0,00
8,16667	0,00
8,18333	0,00
8,20000	0,00
8,21667	0,00
8,23333	0,00
8,25000	0,00
8,26667	0,00
8,28333	0,00
8,30000	0,00
8,31667	0,00
8,33333	0,00
8,35000	0,00
8,36667	0,00
8,38333	0,00
8,40000	0,00
8,41667	0,00
8,43333	0,00
8,45000	0,00
8,46667	0,00
8,48333	0,00
8,50000	0,00
8,51667	0,00
8,53333	0,00
8,55000	0,00
8,56667	0,00
8,58333	0,00
8,60000	0,00
8,61667	0,00
8,63333	0,00
8,65000	0,00
8,66667	0,00
8,68333	0,00
8,70000	0,00
8,71667	0,00
8,73333	0,00
8,75000	0,00
8,76667	0,00
8,78333	0,00
8,80000	0,00
8,81667	0,00
8,83333	0,00
8,85000	0,00
8,86667	0,00
8,88333	0,00
8,90000	0,00
8,91667	0,00
8,93333	0,00
8,95000	0,00
8,96667	0,00
8,98333	0,00
9,00000	0,00
9,01667	0,00
9,03333	0,00
9,05000	0,00
9,06667	0,00
9,08333	0,00
9,10000	0,00
9,11667	0,00
9,13333	0,00
9,15000	0,00
9,16667	0,00
9,18333	0,00
9,20000	0,00
9,21667	0,00
9,23333	0,00
9,25000	0,00
9,26667	0,00
9,28333	0,00
9,30000	0,00
9,31667	0,00
9,33333	0,00
9,35000	0,00
9,36667	0,00
9,38333	0,00
9,40000	0,00
9,41667	0,00
9,43333	0,00
9,45000	0,00
9,46667	0,00
9,48333	0,00
9,50000	0,00
9,51667	0,00
9,53333	0,00
9,55000	0,00
9,56667	0,00
9,58333	0,00
9,60000	0,00
9,61667	0,00
9,63333	0,00
9,65000	0,00
9,66667	0,00
9,68333	0,00
9,70000	0,00
9,71667	0,00
9,73333	0,00
9,75000	0,00
9,76667	0,00
9,78333	0,00
9,80000	0,00
9,81667	0,00
9,83333	0,00
9,85000	0,00
9,86667	0,00
9,88333	0,00
9,90000	0,00
9,91667	0,00
9,93333	0,00
9,95000	0,00
9,96667	0,00
9,98333	0,00
10,00000	0,00
10,01667	0,00
10,03333	0,00
10,05000	0,00
10,06667	0,00
10,08333	0,00
10,10000	0,00
10,11667	0,00
10,13333	0,00
10,15000	0,00
10,16667	0,00
10,18333	0,00
10,20000	0,00
10,21667	0,00
10,23333	0,00
10,25000	0,00
10,26667	0,00
10,28333	0,00
10,30000	0,00
10,31667	0,00
10,33333	0,00
10,35000	0,00
10,36667	0,00
10,38333	0,00
10,40000	0,00
10,41667	0,00
10,43333	0,00
10,45000	0,00
10,46667	0,00
10,48333	0,00
10,50000	0,00
10,51667	0,00
10,53333	0,00
10,55000	0,00
10,56667	0,00
10,58333	0,00
10,60000	0,00
10,61667	0,00
10,63333	0,00
10,65000	0,00
10,66667	0,00
10,68333	0,00
10,70000	0,00
10,71667	0,00
10,73333	0,00
10,75000	0,00
10,76667	0,00
10,78333	0,00
10,80000	0,00
10,81667	0,00
10,83333	0,00
10,85000	0,00
10,86667	0,00
10,88333	0,00
10,90000	0,00
10,91667	0,00
10,93333	0,00
10,95000	0,00
10,96667	0,00
10,98333	0,00
11,00000	0,00
11,01667	0,00
11,03333	0,00
11,05000	0,00
11,06667	0,00
11,08333	0,00
11,10000	0,00
11,11667	0,00
11,13333	0,00
11,15000	0,00
11,16667	0,00
11,18333	0,00
11,20000	0,00
11,21667	0,00
11,23333	0,00
11,25000	0,00
11,26667	0,00
11,28333	0,00
11,30000	0,00
11,31667	0,00
11,33333	0,00
11,35000	0,00
11,36667	0,00
11,38333	0,00
11,40000	0,00
11,41667	0,00
11,43333	0,00
11,45000	0,00
11,46667	0,00
11,48333	0,00
11,50000	0,00
11,51667	0,00
11,53333	0,00
11,55000	0,00
11,56667	0,00
11,58333	0,00
11,60000	0,00
11,61667	0,00
11,63333	0,00
11,65000	0,00
11,66667	0,00
11,68333	0,00
11,70000	0,00
11,71667	0,00
11,73333	0,00
11,75000	0,00
11,76667	0,00
11,78333	0,00
11,80000	0,00
11,81667	0,00
11,83333	0,00
11,85000	0,00
11,86667	0,00
11,88333	0,00
11,90000	0,00
11,91667	0,00
11,93333	0,00
11,95000	0,00
11,96667	0,00
11,98333	0,00
12,00000	0,00
12,01667	0,00
12,03333	0,00
12,05000	0,00
12,06667	0,00
12,08333	0,00
12,10000	0,00
12,11667	0,00
12,13333	0,00
12,15000	0,00
12,16667	0,00
12,18333	0,00
12,20000	0,00
12,21667	0,00
12,23333	0,00
12,25000	0,00
12,26667	0,00
12,28333	0,00
12,30000	0,00
12,31667	0,00
12,33333	0,00
12,35000	0,00
12,36667	0,00
12,38333	0,00
12,40000	0,00
12,41667	0,00
12,43333	0,00
12,45000	0,00
12,46667	0,00
12,48333	0,00
12,50000	0,00
12,51667	0,00
12,53333	0,00
12,55000	0,00
12,56667	0,00
12,58333	0,00
12,60000	0,00
12,61667	0,00
12,63333	0,00
12,65000	0,00
12,66667	0,00
12,68333	0,00
12,70000	0,00
12,71667	0,00
12,73333	0,00
12,75000	0,00
12,76667	0,00
12,78333	0,00
12,80000	0,00
12,81667	0,00
12,83333	0,00
12,85000	0,00
12,86667	0,00
12,88333	0,00
12,90000	0,00
12,91667	0,00
12,93333	0,00
12,95000	0,00
12,96667	0,00
12,98333	0,00
13,00000	0,00
13,01667	0,00
13,03333	0,00
13,05000	0,00
13,06667	0,00
13,08333	0,00
13,10000	0,00
13,11667	0,00
13,13333	0,00
13,15000	0,00
13,16667	0,00
13,18333	0,00
13,20000	0,00
13,21667	0,00
13,23333	0,00
13,25000	0,00
13,26667	0,00
13,28333	0,00
13,30000	0,00
13,31667	0,00
13,33333	0,00
13,35000	0,00
13,36667	0,00
13,38333	0,00
13,40000	0,00
13,41667	0,00
13,43333	0,00
13,45000	0,00
13,46667	0,00
13,48333	0,00
13,50000	0,00
13,51667	0,00
13,53333	0,00
13,55000	0,00
13,56667	0,00
13,58333	0,00
13,60000	0,00
13,61667	0,00
13,63333	0,00
13,65000	0,00
13,66667	0,00
13,68333	0,00
13,70000	0,00
13,71667	0,00
13,73333	0,00
13,75000	0,00
13,76667	0,00
13,78333	0,00
13,80000	0,00
13,81667	0,00
13,83333	0,00
13,85000	0,00
13,86667	0,00
13,88333	0,00
13,90000	0,00
13,91667	0,00
13,93333	0,00
13,95000	0,00
13,96667	0,00
13,98333	0,00
14,00000	0,00
14,01667	0,00
14,03333	0,00
14,05000	0,00
14,06667	0,00
14,08333	0,00
14,10000	0,00
14,11667	0,00
14,13333	0,00
14,15000	0,00
14,16667	0,00
14,18333	0,00
14,20000	0,00
14,21667	0,00
14,23333	0,00
14,25000	0,00
14,26667	0,00
14,28333	0,00
14,30000	0,00
14,31667	0,00
14,33333	0,00
14,35000	0,00
14,36667	0,00
14,38333	0,00
14,40000	0,00
14,41667	0,00
14,43333	0,00
14,45000	0,00
14,46667	0,00
14,48333	0,00
14,50000	0,00
14,51667	0,00
14,53333	0,00
14,55000	0,00
14,56667	0,00
14,58333	0,00
14,60000	0,00
14,61667	0,00
14,63333	0,00
14,65000	0,00
14,66667	0,00
14,68333	0,00
14,70000	0,00
14,71667	0,00
14,73333	0,00
14,75000	0,00
14,76667	0,00
14,78333	0,00
14,80000	0,00
14,81667	0,00
14,83333	0,00
14,85000	0,00
14,86667	0,00
14,88333	0,00
14,90000	0,00
14,91667	0,00
14,93333	0,00
14,95000	0,00
14,96667	0,00
14,98333	0,00
15,00000	0,00
15,01667	0,00
15,03333	0,00
15,05000	0,00
15,06667	0,00
15,08333	0,00
15,10000	0,00
15,11667	0,00
15,13333	0,00
15,15000	0,00
15,16667	0,00
15,18333	0,00
15,20000	0,00
15,21667	0,00
15,23333	0,00
15,25000	0,00
15,26667	0,00
15,28333	0,00
15,30000	0,00
15,31667	0,00
15,33333	0,00
15,35000	0,00
15,36667	0,00
15,38333	0,00
15,40000	0,00
15,41667	0,00
15,43333	0,00
15,45000	0,00
15,46667	0,00
15,48333	0,00
15,50000	0,00
15,51667	0,00
15,53333	0,00
15,55000	0,00
15,56667	0,00
15,58333	0,00
15,60000	0,00
15,61667	0,00
15,63333	0,00
15,65000	0,00
15,66667	0,00
15,68333	0,00
15,70000	0,00
15,71667	0,00
15,73333	0,00
15,75000	0,00
15,76667	0,00
15,78333	0,00
15,80000	0,00
15,81667	0,00
15,83333	0,00
15,85000	0,00
15,86667	0,00
15,88333	0,00
15,90000	0,00
15,91667	0,00
15,93333	0,00
15,95000	0,00
15,96667	0,00
15,98333	0,00
16,00000	0,00
16,01667	0,00
16,03333	0,00
16,05000	0,00
16,06667	0,00
16,08333	0,00
16,10000	0,00
16,11667	0,00
16,13333	0,00
16,15000	0,00
16,16667	0,00
16,18333	0,00
16,20000	0,00
16,21667	0,00
16,23333	0,00
16,25000	0,00
16,26667	0,00
16,28333	0,00
16,30000	0,00
16,31667	0,00
16,33333	0,00
16,35000	0,00
16,36667	0,00
16,38333	0,00
16,40000	0,00
16,41667	0,00
16,43333	0,00
16,45000	0,00
16,46667	0,00
16,48333	0,00
16,50000	0,00
16,51667	0,00
16,53333	0,00
16,55000	0,00
16,56667	0,00
16,58333	0,00
16,60000	0,00
16,61667	0,00
16,63333	0,00
16,65000	0,00
16,66667	0,00
16,68333	0,00
16,70000	0,00
16,71667	0,00
16,73333	0,00
16,75000	0,00
16,76667	0,00
16,78333	0,00
16,80000	0,00
16,81667	0,00
16,83333	0,00
16,85000	0,00
16,86667	0,00
16,88333	0,00
16,90000	0,00
16,91667	0,00
16,93333	0,00
16,95000	0,00
16,96667	0,00
16,98333	0,00
17,00000	0,00
17,01667	0,00
17,03333	0,00
17,05000	0,00
17,06667	0,00
17,08333	0,00
17,10000	0,00
17,11667	0,00
17,13333	0,00
17,15000	0,00
17,16667	0,00
17,18333	0,00
17,20000	0,00
17,21667	0,00
17,23333	0,00
17,25000	0,00
17,26667	0,00
17,28333	0,00
17,30000	0,00
17,31667	0,00
17,33333	0,00
17,35000	0,00
17,36667	0,00
17,38333	0,00
17,40000	0,00
17,41667	0,00
17,43333	0,00
17,45000	0,00
17,46667	0,00
17,48333	0,00
17,50000	0,00
17,51667	0,00
17,53333	0,00
17,55000	0,00
17,56667	0,00
17,58333	0,00
17,60000	0,00
17,61667	0,00
17,63333	0,00
17,65000	0,00
17,66667	0,00
17,68333	0,00
17,70000	0,00
17,71667	0,00
17,73333	0,00
17,75000	0,00
17,76667	0,00
17,78333	0,00
17,80000	0,00
17,81667	0,00
17,83333	0,00
17,85000	0,00
17,86667	0,00
17,88333	0,00
17,90000	0,00
17,91667	0,00
17,93333	0,00
17,95000	0,00
17,96667	0,00
17,98333	0,00
18,00000	0,00
18,01667	0,00
18,03333	0,00
18,05000	0,00
18,06667	0,00
18,08333	0,00
18,10000	0,00
18,11667	0,00
18,13333	0,00
18,15000	0,00
18,16667	0,00
18,18333	0,00
18,20000	0,00
18,21667	0,00
18,23333	0,00
18,25000	0,00
18,26667	0,00
18,28333	0,00
18,30000	0,00
18,31667	0,00
18,33333	0,00
18,35000	0,00
18,36667	0,00
18,38333	0,00
18,40000	0,00
18,41667	0,00
18,43333	0,00
18,45000	0,00
18,46667	0,00
18,48333	0,00
18,50000	0,00
18,51667	0,00
18,53333	0,00
18,55000	0,00
18,56667	0,00
18,58333	0,00
18,60000	0,00
18,61667	0,00
18,63333	0,00
18,65000	0,00
18,66667	0,00
18,68333	0,00
18,70000	0,00
18,71667	0,00
18,73333	0,00
18,75000	0,00
18,76667	0,00
18,78333	0,00
18,80000	0,00
18,81667	0,00
18,83333	0,00
18,85000	0,00
18,86667	0,00
18,88333	0,00
18,90000	0,00
18,91667	0,00
18,93333	0,00
18,95000	0,00
18,96667	0,00
18,98333	0,00
19,00000	0,00
19,01667	0,00
19,03333	0,00
19,05000	0,00
19,06667	0,00
19,08333	0,00
19,10000	0,00
19,11667	0,00
19,13333	0,00
19,15000	0,00
19,16667	0,00
19,18333	0,00
19,20000	0,00
19,21667	0,00
19,23333	0,00
19,25000	0,00
19,26667	0,00
19,28333	0,00
19,30000	0,00
19,31667	0,00
19,33333	0,00
19,35000	0,00
19,36667	0,00
19,38333	0,00
19,40000	0,00
19,41667	0,00
19,43333	0,00
19,45000	0,00
19,46667	0,00
19,48333	0,00
19,50000	0,00
19,51667	0,00
19,53333	0,00
19,55000	0,00
19,56667	0,00
19,58333	0,00
19,60000	0,00
19,61667	0,00
19,63333	0,00
19,65000	0,00
19,66667	0,00
19,68333	0,00
19,70000	0,00
19,71667	0,00
19,73333	0,00
19,75000	0,00
19,76667	0,00
19,78333	0,00
19,80000	0,00
19,81667	0,00
19,83333	0,00
19,85000	0,00
19,86667	0,00
19,88333	0,00
19,90000	0,00
19,91667	0,00
19,93333	0,00
19,95000	0,00
19,96667	0,00
19,98333	0,00
20,00000	0,00
20,01667	0,00
20,03333	0,00
20,05000	0,00
20,06667	0,00
20,08333	0,00
20,10000	0,00
20,11667	0,00
20,13333	0,00
20,15000	0,00
20,16667	0,00
20,18333	0,00
20,20000	0,00
20,21667	0,00
20,23333	0,00
20,25000	0,00
20,26667	0,00
20,28333	0,00
20,30000	0,00
20,31667	0,00
20,33333	0,00
20,35000	0,00
20,36667	0,00
20,38333	0,00
20,40000	0,00
20,41667	0,00
20,43333	0,00
20,45000	0,00
20,46667	0,00
20,48333	0,00
20,50000	0,00
20,51667	0,00
20,53333	0,00
20,55000	0,00
20,56667	0,00
20,58333	0,00
20,60000	0,00
20,61667	0,00
20,63333	0,00
20,65000	0,00
20,66667	0,00
20,68333	0,00
20,70000	0,00
20,71667	0,00
20,73333	0,00
20,75000	0,00
20,76667	0,00
20,78333	0,00
20,80000	0,00
20,81667	0,00
20,83333	0,00
20,85000	0,00
20,86667	0,00
20,88333	0,00
20,90000	0,00
20,91667	0,00
20,93333	0,00
20,95000	0,00
20,96667	0,00
20,98333	0,00
21,00000	0,00
21,01667	0,00
21,03333	0,00
21,05000	0,00
21,06667	0,00
21,08333	0,00
21,10000	0,00
21,11667	0,00
21,13333	0,00
21,15000	0,00
21,16667	0,00
21,18333	0,00
21,20000	0,00
21,21667	0,00
21,23333	0,00
21,25000	0,00
21,26667	0,00
21,28333	0,00
21,30000	0,00
21,31667	0,00
21,33333	0,00
21,35000	0,00
21,36667	0,00
21,38333	0,00
21,40000	0,00
21,41667	0,00
21,43333	0,00
21,45000	0,00
21,46667	0,00
21,48333	0,00
21,50000	0,00
21,51667	0,00
21,53333	0,00
21,55000	0,00
21,56667	0,00
21,58333	0,00
21,60000	0,00
21,61667	0,00
21,63333	0,00
21,65000	0,00
21,66667	0,00
21,68333	0,00
21,70000	0,00
21,71667	0,00
21,73333	0,00
21,75000	0,00
21,76667	0,00
21,78333	0,00
21,80000	0,00
21,81667	0,00
21,83333	0,00
21,85000	0,00
21,86667	0,00
21,88333	0,00
21,90000	0,00
21,91667	0,00
21,93333	0,00
21,95000	0,00
21,96667	0,00
21,98333	0,00
22,00000	0,00
22,01667	0,00
22,03333	0,00
22,05000	0,00
22,06667	0,00
22,08333	0,00
22,10000	0,00
22,11667	0,00
22,13333	0,00
22,15000	0,00
22,16667	0,00
22,18333	0,00
22,20000	0,00
22,21667	0,00
22,23333	0,00
22,25000	0,00
22,26667	0,00
22,28333	0,00
22,30000	0,00
22,31667	0,00
22,33333	0,00
22,35000	0,00
22,36667	0,00
22,38333	0,00
22,40000	0,00
22,41667	0,00
22,43333	0,00
22,45000	0,00
22,46667	0,00
22,48333	0,00
22,50000	0,00
22,51667	0,00
22,53333	0,00
22,55000	0,00
22,56667	0,00
22,58333	0,00
22,60000	0,00
22,61667	0,00
22,63333	0,00
22,65000	0,00
22,66667	0,00
22,68333	0,00
22,70000	0,00
22,71667	0,00
22,73333	0,00
22,75000	0,00
22,76667	0,00
22,78333	0,00
22,80000	0,00
22,81667	0,00
22,83333	0,00
22,85000	0,00
22,86667	0,00
22,88333	0,00
22,90000	0,00
22,91667	0,00
22,93333	0,00
22,95000	0,00
22,96667	0,00
22,98333	0,00
23,00000	0,00
23,01667	0,00
23,03333	0,00
23,05000	0,00
23,06667	0,00
23,08333	0,00
23,10000	0,00
23,11667	0,00
23,13333	0,00
23,15000	0,00
23,16667	0,00
23,18333	0,00
23,20000	0,00
23,21667	0,00
23,23333	0,00
23,25000	0,00
23,26667	0,00
23,28333	0,00
23,30000	0,00
23,31667	0,00
23,33333	0,00
23,35000	0,00
23,36667	0,00
23,38333	0,00
23,40000	0,00
23,41667	0,00
23,43333	0,00
23,45000	0,00
23,46667	0,00
23,48333	0,00
23,50000	0,00
23,51667	0,00
23,53333	0,00
23,55000	0,00
23,56667	0,00
23,58333	0,00
23,60000	0,00
23,61667	0,00
23,63333	0,00
23,65000	0,00
23,66667	0,00
23,68333	0,00
23,70000	0,00
23,71667	0,00
23,73333	0,00
23,75000	0,00
23,76667	0,00
23,78333	0,00
23,80000	0,00
23,81667	0,00
23,83333	0,00
23,85000	0,00
23,86667	0,00
23,88333	0,00
23,90000	0,00
23,91667	0,00
23,93333	0,00
23,95000	0,00
23,96667	0,00
23,98333	0,00
24,00000	0,00
24,01667	0,00
24,03333	0,00
24,05000	0,00
24,06667	0,00
24,08333	0,00
24,10000	0,00
24,11667	0,00
24,13333	0,00
24,15000	0,00
24,16667	0,00
24,18333	0,00
24,20000	0,00
24,21667	0,00
24,23333	0,00
24,25000	0,00
24,26667	0,00
24,28333	0,00
24,30000	0,00
24,31667	0,00
24,33333	0,00
24,35000	0,00
24,36667	0,00
24,38333	0,00
24,40000	0,00
24,41667	0,00
24,43333	0,00
24,45000	0,00
24,46667	0,00
24,48333	0,00
24,50000	0,00
24,51667	0,00
24,53333	0,00
24,55000	0,00
24,56667	0,00
24,58333	0,00
24,60000	0,00
24,61667	0,00
24,63333	0,00
24,65000	0,00
24,66667	0,00
24,68333	0,00
24,70000	0,00
24,71667	0,00
24,73333	0,00
24,75000	0,00
24,76667	0,00
24,78333	0,00
24,80000	0,00
24,81667	0,00
24,83333	0,00
24,85000	0,00
24,86667	0,00
24,88333	0,00
24,90000	0,00
24,91667	0,00
24,93333	0,00
24,95000	0,00
24,96667	0,00
24,98333	0,00
25,00000	0,00
25,01667	0,00
25,03333	0,00
25,05000	0,00
25,06667	0,00
25,08333	0,00
25,10000	0,00
25,11667	0,00
25,13333	0,00
25,15000	0,00
25,16667	0,00
25,18333	0,00
25,20000	0,00
25,21667	0,00
25,23333	0,00
25,25000	0,00
25,26667	0,00
25,28333	0,00
25,30000	0,00
25,31667	0,00
25,33333	0,00
25,35000	0,00
25,36667	0,00
25,38333	0,00
25,40000	0,00
25,41667	0,00
25,43333	0,00
25,45000	0,00
25,46667	0,00
25,48333	0,00
25,50000	0,00
25,51667	0,00
25,53333	0,00
25,55000	0,00
25,56667	0,00
25,58333	0,00
25,60000	0,00
25,61667	0,00
25,63333	0,00
25,65000	0,00
25,66667	0,00
25,68333	0,00
25,70000	0,00
25,71667	0,00
25,73333	0,00
25,75000	0,00
25,76667	0,00
25,78333	0,00
25,80000	0,00
25,81667	0,00
25,83333	0,00
25,85000	0,00
25,86667	0,00
25,88333	0,00
25,90000	0,00
25,91667	0,00
25,93333	0,00
25,95000	0,00
25,96667	0,00
25,98333	0,00
26,00000	0,00
26,01667	0,00
26,03333	0,00
26,05000	0,00
26,06667	0,00
26,08333	0,00
26,10000	0,00
26,11667	0,00
26,13333	0,00
26,15000	0,00
26,16667	0,00
26,18333	0,00
26,20000	0,00
26,21667	0,00
26,23333	0,00
26,25000	0,00
26,26667	0,00
26,28333	0,00
26,30000	0,00
26,31667	0,00
26,33333	0,00
26,35000	0,00
26,36667	0,00
26,38333	0,00
26,40000	0,00
26,41667	0,00
26,43333	0,00
26,45000	0,00
26,46667	0,00
26,48333	0,00
26,50000	0,00
26,51667	0,00
26,53333	0,00
26,55000	0,00
26,56667	0,00
26,58333	0,00
26,60000	0,00
26,61667	0,00
26,63333	0,00
26,65000	0,00
26,66667	0,00
26,68333	0,00
26,70000	0,00
26,71667	0,00
26,73333	0,00
26,75000	0,00
26,76667	0,00
26,78333	0,00
26,80000	0,00
26,81667	0,00
26,83333	0,00
26,85000	0,00
26,86667	0,00
26,88333	0,00
26,90000	0,00
26,91667	0,00
26,93333	0,00
26,95000	0,00
26,96667	0,00
26,98333	0,00
27,00000	0,00
27,01667	0,00
27,03333	0,00
27,05000	0,00
27,06667	0,00
27,08333	0,00
27,10000	0,00
27,11667	0,00
27,13333	0,00
27,15000	0,00
27,16667	0,00
27,18333	0,00
27,20000	0,00
27,21667	0,00
27,23333	0,00
27,25000	0,00
27,26667	0,00
27,28333	0,00
27,30000	0,00
27,31667	0,00
27,33333	0,00
27,35000	0,00
27,36667	0,00
27,38333	0,00
27,40000	0,00
27,41667	0,00
27,43333	0,00
27,45000	0,00
27,46667	0,00
27,48333	0,00
27,50000	0,00
27,51667	0,00
27,53333	0,00
27,55000	0,00
27,56667	0,00
27,58333	0,00
27,60000	0,00
27,61667	0,00
27,63333	0,00
27,65000	0,00
27,66667	0,00
27,68333	0,00
27,70000	0,00
27,71667	0,00
27,73333	0,00
27,75000	0,00
27,76667	0,00
27,78333	0,00
27,80000	0,00
27,81667	0,00
27,83333	0,00
27,85000	0,00
27,86667	0,00
27,88333	0,00
27,90000	0,00
27,91667	0,00
27,93333	0,00
27,95000	0,00
27,96667	0,00
27,98333	0,00
28,00000	0,00
28,01667	0,00
28,03333	0,00
28,05000	0,00
28,06667	0,00
28,08333	0,00
28,10000	0,00
28,11667	0,00
28,13333	0,00
28,15000	0,00
28,16667	0,00
28,18333	0,00
28,20000	0,00
28,21667	0,00
28,23333	0,00
28,25000	0,00
28,26667	0,00
28,28333	0,00
28,30000	0,00
28,31667	0,00
28,33333	0,00
28,35000	0,00
28,36667	0,00
28,38333	0,00
28,40000	0,00
28,41667	0,00
28,43333	0,00
28,45000	0,00
28,46667	0,00
28,48333	0,00
28,50000	0,00
28,51667	0,00
28,53333	0,00
28,55000	0,00
28,56667	0,00
28,58333	0,00
28,60000	0,00
28,61667	0,00
28,63333	0,00
28,65000	0,00
28,66667	0,00
28,68333	0,00
28,70000	0,00
28,71667	0,00
28,73333	0,00
28,75000	0,00
28,76667	0,00
28,78333	0,00
28,80000	0,00
28,81667	0,00
28,83333	0,00
28,85000	0,00
28,86667	0,00
28,88333	0,00
28,90000	0,00
28,91667	0,00
28,93333	0,00
28,95000	0,00
28,96667	0,00
28,98333	0,00
29,00000	0,00
29,01667	0,00
29,03333	0,00
29,05000	0,00
29,06667	0,00
29,08333	0,00
29,10000	0,00
29,11667	0,00
29,13333	0,00
29,15000	0,00
29,16667	0,00
29,18333	0,00
29,20000	0,00
29,21667	0,00
29,23333	0,00
29,25000	0,00
29,26667	0,00
29,28333	0,00
29,30000	0,00
29,31667	0,00
29,33333	0,00
29,35000	0,00
29,36667	0,00
29,38333	0,00
29,40000	0,00
29,41667	0,00
29,43333	0,00
29,45000	0,00
29,46667	0,00
29,48333	0,00
29,50000	0,00
29,51667	0,00
29,53333	0,00
29,55000	0,00
29,56667	0,00
29,58333	0,00
29,60000	0,00
29,61667	0,00
29,63333	0,00
29,65000	0,00
29,66667	0,00
29,68333	0,00
29,70000	0,00
29,71667	0,00
29,73333	0,00
29,75000	0,00
29,76667	0,00
29,78333	0,00
29,80000	0,00
29,81667	0,00
29,83333	0,00
29,85000	0,00
29,86667	0,00
29,88333	0,00
29,90000	0,00
29,91667	0,00
29,93333	0,00
29,95000	0,00
29,96667	0,00
29,98333	0,00
30,00000	0,00
30,01667	0,00
30,03333	0,00
30,05000	0,00
30,06667	0,00
30,08333	0,00
30,10000	0,00
30,11667	0,00
30,13333	0,00
30,15000	0,00
30,16667	0,00
30,18333	0,00
30,20000	0,00
30,21667	0,00
30,23333	0,00
30,25000	0,00
30,26667	0,00
30,28333	0,00
30,30000	0,00
30,31667	0,00
30,33333	0,00
30,35000	0,00
30,36667	0,00
30,38333	0,00
30,40000	0,00
30,41667	0,00
30,43333	0,00
30,45000	0,00
30,46667	0,00
30,48333	0,00
30,50000	0,00
30,51667	0,00
30,53333	0,00
30,55000	0,00
30,56667	0,00
30,58333	0,00
30,60000	0,00
30,61667	0,00
30,63333	0,00
30,65000	0,00
30,66667	0,00
30,68333	0,00
30,70000	0,00
30,71667	0,00
30,73333	0,00
30,75000	0,00
30,76667	0,00
30,78333	0,00
30,80000	0,00
30,81667	0,00
30,83333	0,00
30,85000	0,00
30,86667	0,00
30,88333	0,00
30,90000	0,00
30,91667	0,00
30,93333	0,00
30,95000	0,00
30,96667	0,00
30,98333	0,00
31,00000	0,00
31,01667	0,00
31,03333	0,00
31,05000	0,00
31,06667	0,00
31,08333	0,00
31,10000	0,00
31,11667	0,00
31,13333	0,00
31,15000	0,00
31,16667	0,00
31,18333	0,00
31,20000	0,00
31,21667	0,00
31,23333	0,00
31,25000	0,00
31,26667	0,00
31,28333	0,00
31,30000	0,00
31,31667	0,00
31,33333	0,00
31,35000	0,00
31,36667	0,00
31,38333	0,00
31,40000	0,00
31,41667	0,00
31,43333	0,00
31,45000	0,00
31,46667	0,00
31,48333	0,00
31,50000	0,00
31,51667	0,00
31,53333	0,00
31,55000	0,00
31,56667	0,00
31,58333	0,00
31,60000	0,00
31,61667	0,00
31,63333	0,00
31,65000	0,00
31,66667	0,00
31,68333	0,00
31,70000	0,00
31,71667	0,00
31,73333	0,00
31,75000	0,00
31,76667	0,00
31,78333	0,00
31,80000	0,00
31,81667	0,00
31,83333	0,00
31,85000	0,00
31,86667	0,00
31,88333	0,00
31,90000	0,00
31,91667	0,00
31,93333	0,00
31,95000	0,00
31,96667	0,00
31,98333	0,00
32,00000	0,00

[LC Status Trace(Sample Cooler Temp.)]
Interval(msec)	1000
# of Points	1921
Start Time(min)	0,000
End Time(min)	32,000
Intensity Units	C
Intensity Multiplier	1
R.Time (min)	Intensity
0,00000	3,98
0,01667	3,98
0,03333	3,98
0,05000	3,98
0,06667	3,98
0,08333	4,00
0,10000	4,00
0,11667	4,01
0,13333	4,01
0,15000	4,01
0,16667	4,01
0,18333	4,00
0,20000	4,00
0,21667	4,01
0,23333	4,01
0,25000	4,01
0,26667	4,01
0,28333	4,00
0,30000	4,01
0,31667	4,01
0,33333	4,01
0,35000	4,01
0,36667	4,01
0,38333	4,00
0,40000	4,00
0,41667	4,01
0,43333	4,01
0,45000	4,01
0,46667	4,01
0,48333	4,00
0,50000	4,01
0,51667	4,01
0,53333	4,01
0,55000	4,00
0,56667	4,01
0,58333	4,00
0,60000	4,01
0,61667	4,01
0,63333	4,00
0,65000	4,01
0,66667	4,01
0,68333	4,00
0,70000	4,01
0,71667	4,01
0,73333	4,01
0,75000	4,01
0,76667	4,01
0,78333	4,01
0,80000	4,01
0,81667	4,01
0,83333	4,01
0,85000	4,01
0,86667	4,01
0,88333	4,00
0,90000	4,01
0,91667	4,02
0,93333	4,02
0,95000	4,01
0,96667	4,02
0,98333	4,00
1,00000	4,02
1,01667	4,02
1,03333	4,02
1,05000	4,02
1,06667	4,01
1,08333	4,00
1,10000	4,02
1,11667	4,02
1,13333	4,02
1,15000	4,02
1,16667	4,02
1,18333	4,00
1,20000	4,02
1,21667	4,02
1,23333	4,02
1,25000	4,02
1,26667	4,02
1,28333	4,00
1,30000	4,02
1,31667	4,02
1,33333	4,02
1,35000	4,02
1,36667	4,02
1,38333	4,00
1,40000	4,01
1,41667	4,02
1,43333	4,00
1,45000	4,01
1,46667	4,01
1,48333	4,00
1,50000	4,02
1,51667	4,02
1,53333	4,02
1,55000	4,02
1,56667	4,02
1,58333	4,00
1,60000	4,02
1,61667	4,01
1,63333	4,01
1,65000	4,01
1,66667	4,01
1,68333	4,00
1,70000	4,01
1,71667	4,01
1,73333	4,01
1,75000	4,01
1,76667	4,01
1,78333	4,00
1,80000	4,01
1,81667	4,01
1,83333	4,00
1,85000	4,01
1,86667	4,01
1,88333	4,00
1,90000	4,01
1,91667	4,01
1,93333	4,01
1,95000	4,01
1,96667	4,01
1,98333	4,00
2,00000	4,01
2,01667	4,01
2,03333	4,01
2,05000	4,01
2,06667	4,01
2,08333	4,00
2,10000	4,01
2,11667	4,01
2,13333	4,01
2,15000	4,01
2,16667	4,01
2,18333	4,00
2,20000	4,01
2,21667	4,01
2,23333	4,01
2,25000	4,01
2,26667	4,01
2,28333	4,00
2,30000	4,01
2,31667	4,01
2,33333	4,01
2,35000	4,01
2,36667	4,01
2,38333	4,00
2,40000	4,01
2,41667	4,01
2,43333	4,01
2,45000	4,01
2,46667	4,01
2,48333	4,00
2,50000	4,01
2,51667	4,01
2,53333	4,01
2,55000	4,01
2,56667	4,01
2,58333	4,00
2,60000	4,01
2,61667	4,01
2,63333	4,01
2,65000	4,01
2,66667	4,01
2,68333	3,99
2,70000	4,01
2,71667	4,01
2,73333	4,01
2,75000	4,01
2,76667	4,00
2,78333	3,99
2,80000	4,01
2,81667	4,00
2,83333	4,00
2,85000	4,00
2,86667	4,00
2,88333	3,99
2,90000	4,00
2,91667	4,00
2,93333	4,00
2,95000	4,00
2,96667	4,00
2,98333	3,99
3,00000	4,00
3,01667	4,00
3,03333	4,00
3,05000	4,00
3,06667	4,00
3,08333	3,99
3,10000	4,00
3,11667	4,00
3,13333	4,00
3,15000	4,00
3,16667	4,00
3,18333	3,99
3,20000	4,00
3,21667	4,00
3,23333	4,00
3,25000	4,00
3,26667	4,00
3,28333	3,99
3,30000	4,00
3,31667	4,00
3,33333	3,99
3,35000	4,00
3,36667	4,00
3,38333	3,99
3,40000	4,00
3,41667	4,00
3,43333	4,00
3,45000	4,00
3,46667	4,00
3,48333	3,99
3,50000	4,00
3,51667	4,00
3,53333	4,00
3,55000	4,00
3,56667	4,00
3,58333	3,98
3,60000	3,99
3,61667	3,99
3,63333	3,99
3,65000	3,99
3,66667	3,99
3,68333	3,98
3,70000	3,99
3,71667	3,99
3,73333	3,98
3,75000	3,99
3,76667	3,99
3,78333	3,98
3,80000	3,99
3,81667	3,99
3,83333	3,99
3,85000	3,99
3,86667	3,99
3,88333	3,98
3,90000	3,99
3,91667	3,99
3,93333	3,99
3,95000	3,99
3,96667	3,99
3,98333	3,98
4,00000	3,99
4,01667	3,99
4,03333	3,99
4,05000	3,99
4,06667	3,99
4,08333	3,98
4,10000	3,99
4,11667	3,99
4,13333	3,98
4,15000	3,99
4,16667	3,99
4,18333	3,98
4,20000	3,99
4,21667	3,99
4,23333	3,99
4,25000	3,99
4,26667	3,99
4,28333	3,98
4,30000	3,99
4,31667	3,99
4,33333	3,99
4,35000	3,99
4,36667	3,99
4,38333	3,98
4,40000	3,99
4,41667	3,99
4,43333	3,99
4,45000	3,99
4,46667	3,99
4,48333	3,98
4,50000	3,99
4,51667	3,99
4,53333	3,98
4,55000	3,99
4,56667	3,99
4,58333	3,98
4,60000	3,99
4,61667	3,99
4,63333	3,99
4,65000	3,99
4,66667	3,99
4,68333	3,98
4,70000	3,99
4,71667	3,99
4,73333	3,99
4,75000	3,99
4,76667	3,99
4,78333	3,98
4,80000	3,99
4,81667	3,99
4,83333	3,99
4,85000	3,99
4,86667	3,99
4,88333	3,98
4,90000	3,99
4,91667	3,99
4,93333	3,99
4,95000	3,99
4,96667	3,99
4,98333	3,98
5,00000	3,99
5,01667	3,99
5,03333	3,99
5,05000	3,99
5,06667	3,99
5,08333	3,97
5,10000	3,99
5,11667	3,99
5,13333	3,99
5,15000	3,99
5,16667	3,99
5,18333	3,97
5,20000	3,99
5,21667	3,99
5,23333	3,99
5,25000	3,99
5,26667	3,99
5,28333	3,97
5,30000	3,98
5,31667	3,98
5,33333	3,99
5,35000	3,99
5,36667	3,98
5,38333	3,97
5,40000	3,98
5,41667	3,98
5,43333	3,98
5,45000	3,98
5,46667	3,98
5,48333	3,97
5,50000	3,98
5,51667	3,98
5,53333	3,98
5,55000	3,98
5,56667	3,98
5,58333	3,97
5,60000	3,98
5,61667	3,98
5,63333	3,98
5,65000	3,98
5,66667	3,98
5,68333	3,97
5,70000	3,98
5,71667	3,98
5,73333	3,98
5,75000	3,98
5,76667	3,98
5,78333	3,97
5,80000	3,98
5,81667	3,98
5,83333	3,98
5,85000	3,98
5,86667	3,98
5,88333	3,97
5,90000	3,98
5,91667	3,98
5,93333	3,98
5,95000	3,98
5,96667	3,98
5,98333	3,97
6,00000	3,98
6,01667	3,98
6,03333	3,97
6,05000	3,98
6,06667	3,99
6,08333	3,97
6,10000	3,98
6,11667	3,98
6,13333	3,98
6,15000	3,98
6,16667	3,98
6,18333	3,97
6,20000	3,98
6,21667	3,98
6,23333	3,98
6,25000	3,98
6,26667	3,98
6,28333	3,97
6,30000	3,98
6,31667	3,98
6,33333	3,98
6,35000	3,98
6,36667	3,98
6,38333	3,97
6,40000	3,98
6,41667	3,98
6,43333	3,97
6,45000	3,98
6,46667	3,98
6,48333	3,97
6,50000	3,98
6,51667	3,98
6,53333	3,98
6,55000	3,98
6,56667	3,98
6,58333	3,97
6,60000	3,98
6,61667	3,98
6,63333	3,98
6,65000	3,98
6,66667	3,98
6,68333	3,97
6,70000	3,98
6,71667	3,98
6,73333	3,98
6,75000	3,98
6,76667	3,98
6,78333	3,97
6,80000	3,98
6,81667	3,98
6,83333	3,97
6,85000	3,98
6,86667	3,98
6,88333	3,97
6,90000	3,98
6,91667	3,98
6,93333	3,98
6,95000	3,98
6,96667	3,98
6,98333	3,97
7,00000	3,98
7,01667	3,98
7,03333	3,98
7,05000	3,98
7,06667	3,98
7,08333	3,97
7,10000	3,99
7,11667	3,98
7,13333	3,98
7,15000	3,98
7,16667	3,98
7,18333	3,97
7,20000	3,98
7,21667	3,98
7,23333	3,97
7,25000	3,98
7,26667	3,98
7,28333	3,97
7,30000	3,98
7,31667	3,98
7,33333	3,98
7,35000	3,98
7,36667	3,98
7,38333	3,97
7,40000	3,99
7,41667	3,98
7,43333	3,98
7,45000	3,98
7,46667	3,98
7,48333	3,97
7,50000	3,98
7,51667	3,98
7,53333	3,98
7,55000	3,98
7,56667	3,99
7,58333	3,97
7,60000	3,98
7,61667	3,98
7,63333	3,98
7,65000	3,98
7,66667	3,99
7,68333	3,97
7,70000	3,99
7,71667	3,99
7,73333	3,99
7,75000	3,98
7,76667	3,99
7,78333	3,97
7,80000	3,99
7,81667	3,99
7,83333	3,99
7,85000	3,99
7,86667	3,99
7,88333	3,97
7,90000	3,99
7,91667	3,99
7,93333	3,99
7,95000	3,99
7,96667	3,99
7,98333	3,97
8,00000	3,99
8,01667	3,99
8,03333	3,99
8,05000	3,99
8,06667	3,99
8,08333	3,97
8,10000	3,99
8,11667	3,99
8,13333	3,99
8,15000	3,99
8,16667	3,99
8,18333	3,97
8,20000	3,99
8,21667	3,99
8,23333	3,99
8,25000	3,99
8,26667	3,99
8,28333	3,97
8,30000	3,99
8,31667	3,99
8,33333	3,99
8,35000	3,99
8,36667	3,99
8,38333	3,97
8,40000	3,99
8,41667	3,99
8,43333	3,99
8,45000	3,99
8,46667	3,99
8,48333	3,98
8,50000	3,99
8,51667	3,99
8,53333	3,99
8,55000	3,99
8,56667	3,99
8,58333	3,98
8,60000	3,99
8,61667	3,99
8,63333	3,99
8,65000	3,99
8,66667	3,99
8,68333	3,98
8,70000	3,99
8,71667	3,99
8,73333	3,98
8,75000	3,99
8,76667	3,99
8,78333	3,98
8,80000	3,99
8,81667	3,99
8,83333	3,99
8,85000	3,99
8,86667	3,99
8,88333	3,98
8,90000	3,99
8,91667	3,99
8,93333	3,99
8,95000	3,99
8,96667	3,99
8,98333	3,98
9,00000	3,99
9,01667	3,99
9,03333	3,99
9,05000	3,99
9,06667	3,99
9,08333	3,98
9,10000	3,99
9,11667	3,99
9,13333	3,98
9,15000	3,99
9,16667	3,99
9,18333	3,98
9,20000	3,99
9,21667	3,99
9,23333	3,99
9,25000	3,99
9,26667	3,99
9,28333	3,98
9,30000	3,99
9,31667	3,99
9,33333	3,99
9,35000	3,99
9,36667	3,99
9,38333	3,98
9,40000	3,99
9,41667	3,99
9,43333	3,99
9,45000	3,99
9,46667	3,99
9,48333	3,98
9,50000	3,99
9,51667	3,99
9,53333	3,98
9,55000	3,99
9,56667	3,99
9,58333	3,98
9,60000	3,99
9,61667	3,99
9,63333	3,99
9,65000	4,00
9,66667	3,99
9,68333	3,98
9,70000	3,99
9,71667	3,99
9,73333	3,99
9,75000	3,99
9,76667	3,99
9,78333	3,98
9,80000	3,99
9,81667	4,00
9,83333	4,00
9,85000	4,00
9,86667	3,99
9,88333	3,98
9,90000	3,99
9,91667	4,00
9,93333	3,98
9,95000	3,99
9,96667	4,00
9,98333	3,98
10,00000	4,00
10,01667	4,00
10,03333	4,00
10,05000	3,99
10,06667	4,00
10,08333	3,98
10,10000	4,00
10,11667	4,00
10,13333	4,00
10,15000	4,00
10,16667	4,00
10,18333	3,98
10,20000	4,00
10,21667	4,00
10,23333	4,00
10,25000	4,00
10,26667	4,00
10,28333	3,98
10,30000	4,00
10,31667	4,00
10,33333	4,00
10,35000	4,00
10,36667	4,00
10,38333	3,98
10,40000	4,00
10,41667	4,00
10,43333	4,00
10,45000	4,00
10,46667	4,00
10,48333	3,99
10,50000	4,00
10,51667	4,00
10,53333	4,00
10,55000	4,00
10,56667	4,00
10,58333	3,99
10,60000	4,00
10,61667	4,00
10,63333	4,00
10,65000	4,00
10,66667	4,00
10,68333	3,99
10,70000	4,00
10,71667	4,00
10,73333	4,00
10,75000	4,00
10,76667	4,00
10,78333	3,99
10,80000	4,00
10,81667	4,00
10,83333	4,00
10,85000	4,00
10,86667	4,00
10,88333	3,99
10,90000	4,00
10,91667	3,99
10,93333	3,99
10,95000	4,00
10,96667	4,00
10,98333	3,98
11,00000	4,00
11,01667	4,00
11,03333	4,00
11,05000	4,00
11,06667	4,00
11,08333	3,99
11,10000	4,00
11,11667	4,00
11,13333	4,00
11,15000	4,00
11,16667	4,00
11,18333	3,98
11,20000	4,00
11,21667	4,00
11,23333	4,00
11,25000	4,00
11,26667	4,00
11,28333	3,98
11,30000	4,00
11,31667	4,00
11,33333	4,00
11,35000	4,00
11,36667	4,00
11,38333	3,99
11,40000	4,00
11,41667	4,00
11,43333	3,99
11,45000	4,00
11,46667	4,00
11,48333	3,99
11,50000	4,00
11,51667	4,00
11,53333	4,00
11,55000	4,00
11,56667	4,00
11,58333	3,98
11,60000	4,00
11,61667	4,00
11,63333	4,00
11,65000	4,00
11,66667	4,00
11,68333	3,99
11,70000	4,00
11,71667	4,00
11,73333	4,00
11,75000	4,00
11,76667	4,00
11,78333	3,99
11,80000	4,00
11,81667	4,00
11,83333	3,99
11,85000	4,00
11,86667	4,00
11,88333	3,99
11,90000	4,00
11,91667	4,00
11,93333	4,00
11,95000	4,00
11,96667	4,00
11,98333	3,99
12,00000	4,00
12,01667	4,00
12,03333	4,00
12,05000	4,00
12,06667	4,00
12,08333	3,99
12,10000	4,00
12,11667	4,00
12,13333	4,00
12,15000	4,00
12,16667	4,00
12,18333	3,99
12,20000	4,00
12,21667	4,00
12,23333	3,98
12,25000	4,00
12,26667	4,00
12,28333	3,98
12,30000	4,00
12,31667	4,00
12,33333	4,00
12,35000	4,00
12,36667	4,00
12,38333	3,99
12,40000	4,00
12,41667	4,00
12,43333	4,00
12,45000	4,00
12,46667	4,00
12,48333	3,98
12,50000	4,00
12,51667	4,00
12,53333	4,00
12,55000	4,00
12,56667	4,00
12,58333	3,99
12,60000	4,00
12,61667	4,00
12,63333	3,99
12,65000	4,00
12,66667	4,00
12,68333	3,98
12,70000	4,00
12,71667	4,00
12,73333	4,00
12,75000	4,00
12,76667	4,00
12,78333	3,98
12,80000	4,00
12,81667	4,00
12,83333	4,00
12,85000	4,00
12,86667	4,00
12,88333	3,99
12,90000	4,00
12,91667	4,00
12,93333	4,00
12,95000	4,00
12,96667	4,00
12,98333	3,99
13,00000	4,00
13,01667	4,00
13,03333	4,00
13,05000	4,00
13,06667	4,00
13,08333	3,99
13,10000	4,00
13,11667	4,00
13,13333	4,00
13,15000	4,00
13,16667	4,00
13,18333	3,99
13,20000	4,00
13,21667	4,00
13,23333	4,00
13,25000	4,00
13,26667	4,00
13,28333	3,99
13,30000	4,00
13,31667	4,00
13,33333	4,00
13,35000	4,00
13,36667	4,00
13,38333	3,99
13,40000	4,00
13,41667	4,00
13,43333	4,00
13,45000	4,00
13,46667	4,00
13,48333	3,99
13,50000	4,00
13,51667	4,00
13,53333	4,00
13,55000	4,00
13,56667	4,00
13,58333	3,99
13,60000	4,00
13,61667	4,00
13,63333	4,00
13,65000	4,00
13,66667	4,00
13,68333	3,99
13,70000	4,00
13,71667	4,00
13,73333	4,00
13,75000	4,00
13,76667	4,00
13,78333	3,99
13,80000	4,00
13,81667	4,00
13,83333	4,00
13,85000	4,00
13,86667	4,00
13,88333	3,99
13,90000	4,00
13,91667	4,00
13,93333	4,00
13,95000	4,00
13,96667	4,00
13,98333	3,99
14,00000	4,00
14,01667	4,00
14,03333	4,00
14,05000	4,00
14,06667	4,00
14,08333	3,99
14,10000	4,00
14,11667	4,00
14,13333	3,99
14,15000	4,00
14,16667	4,00
14,18333	3,99
14,20000	4,00
14,21667	4,00
14,23333	4,00
14,25000	4,00
14,26667	4,00
14,28333	3,99
14,30000	4,00
14,31667	4,00
14,33333	4,00
14,35000	4,00
14,36667	4,00
14,38333	3,99
14,40000	4,00
14,41667	4,00
14,43333	4,00
14,45000	4,00
14,46667	4,00
14,48333	3,99
14,50000	4,00
14,51667	4,00
14,53333	3,99
14,55000	4,00
14,56667	4,00
14,58333	3,99
14,60000	4,00
14,61667	4,00
14,63333	4,00
14,65000	4,00
14,66667	4,00
14,68333	3,99
14,70000	4,00
14,71667	4,00
14,73333	4,00
14,75000	4,00
14,76667	4,00
14,78333	3,99
14,80000	4,00
14,81667	4,00
14,83333	4,00
14,85000	4,00
14,86667	4,00
14,88333	3,99
14,90000	4,00
14,91667	4,00
14,93333	3,98
14,95000	3,99
14,96667	4,00
14,98333	3,99
15,00000	4,00
15,01667	4,00
15,03333	4,00
15,05000	4,00
15,06667	4,00
15,08333	3,99
15,10000	4,00
15,11667	4,00
15,13333	4,00
15,15000	4,00
15,16667	4,00
15,18333	3,98
15,20000	3,99
15,21667	4,00
15,23333	4,00
15,25000	4,00
15,26667	4,00
15,28333	3,98
15,30000	3,99
15,31667	3,99
15,33333	3,98
15,35000	4,00
15,36667	4,00
15,38333	3,98
15,40000	3,99
15,41667	3,99
15,43333	3,99
15,45000	4,00
15,46667	4,00
15,48333	3,98
15,50000	3,99
15,51667	4,00
15,53333	4,00
15,55000	4,00
15,56667	4,00
15,58333	3,98
15,60000	3,99
15,61667	4,00
15,63333	4,00
15,65000	4,00
15,66667	3,99
15,68333	3,98
15,70000	3,99
15,71667	3,99
15,73333	3,99
15,75000	3,99
15,76667	3,99
15,78333	3,98
15,80000	4,00
15,81667	4,00
15,83333	4,00
15,85000	3,99
15,86667	3,99
15,88333	3,98
15,90000	3,99
15,91667	4,00
15,93333	4,00
15,95000	3,99
15,96667	3,99
15,98333	3,98
16,00000	3,99
16,01667	4,00
16,03333	4,00
16,05000	4,00
16,06667	3,99
16,08333	3,98
16,10000	4,00
16,11667	4,00
16,13333	3,99
16,15000	3,99
16,16667	4,00
16,18333	3,98
16,20000	4,00
16,21667	4,00
16,23333	4,00
16,25000	3,99
16,26667	4,00
16,28333	3,98
16,30000	4,00
16,31667	4,00
16,33333	4,00
16,35000	3,99
16,36667	4,00
16,38333	3,99
16,40000	4,00
16,41667	4,00
16,43333	4,00
16,45000	4,00
16,46667	4,00
16,48333	3,99
16,50000	4,00
16,51667	4,00
16,53333	4,00
16,55000	4,00
16,56667	4,00
16,58333	3,99
16,60000	4,00
16,61667	4,00
16,63333	3,99
16,65000	4,00
16,66667	4,00
16,68333	3,99
16,70000	4,00
16,71667	4,00
16,73333	4,00
16,75000	4,00
16,76667	4,00
16,78333	3,98
16,80000	4,00
16,81667	4,00
16,83333	3,99
16,85000	4,00
16,86667	4,00
16,88333	3,99
16,90000	4,00
16,91667	4,00
16,93333	4,00
16,95000	4,00
16,96667	4,00
16,98333	3,99
17,00000	4,00
17,01667	4,00
17,03333	4,00
17,05000	4,00
17,06667	4,00
17,08333	3,99
17,10000	4,00
17,11667	4,00
17,13333	4,00
17,15000	4,00
17,16667	4,00
17,18333	3,98
17,20000	4,00
17,21667	4,00
17,23333	3,99
17,25000	4,00
17,26667	4,00
17,28333	3,99
17,30000	4,00
17,31667	4,00
17,33333	4,00
17,35000	4,00
17,36667	4,00
17,38333	3,98
17,40000	4,00
17,41667	4,00
17,43333	4,00
17,45000	4,00
17,46667	4,00
17,48333	3,99
17,50000	4,00
17,51667	4,00
17,53333	4,00
17,55000	4,00
17,56667	4,00
17,58333	3,99
17,60000	4,00
17,61667	4,00
17,63333	3,99
17,65000	4,00
17,66667	4,00
17,68333	3,99
17,70000	4,00
17,71667	4,00
17,73333	4,00
17,75000	4,00
17,76667	4,00
17,78333	3,99
17,80000	4,00
17,81667	4,00
17,83333	4,00
17,85000	4,00
17,86667	4,00
17,88333	3,99
17,90000	4,00
17,91667	4,00
17,93333	4,00
17,95000	4,00
17,96667	4,00
17,98333	3,99
18,00000	4,00
18,01667	4,00
18,03333	3,99
18,05000	4,00
18,06667	4,00
18,08333	3,99
18,10000	4,00
18,11667	4,00
18,13333	4,00
18,15000	4,00
18,16667	4,00
18,18333	3,99
18,20000	4,00
18,21667	4,00
18,23333	4,00
18,25000	4,00
18,26667	4,00
18,28333	3,99
18,30000	4,00
18,31667	4,00
18,33333	4,00
18,35000	4,00
18,36667	4,00
18,38333	3,99
18,40000	4,00
18,41667	4,00
18,43333	4,00
18,45000	4,00
18,46667	4,00
18,48333	3,99
18,50000	4,00
18,51667	4,00
18,53333	4,00
18,55000	4,00
18,56667	4,00
18,58333	3,99
18,60000	4,00
18,61667	4,00
18,63333	4,00
18,65000	4,00
18,66667	4,00
18,68333	3,99
18,70000	4,00
18,71667	4,00
18,73333	4,00
18,75000	4,00
18,76667	4,00
18,78333	3,99
18,80000	4,00
18,81667	4,00
18,83333	4,00
18,85000	4,00
18,86667	4,00
18,88333	3,99
18,90000	4,00
18,91667	4,00
18,93333	4,00
18,95000	4,00
18,96667	4,00
18,98333	3,99
19,00000	4,00
19,01667	4,00
19,03333	4,00
19,05000	4,00
19,06667	4,00
19,08333	3,99
19,10000	4,00
19,11667	4,00
19,13333	4,00
19,15000	4,00
19,16667	4,00
19,18333	3,99
19,20000	4,00
19,21667	4,00
19,23333	4,00
19,25000	4,00
19,26667	4,00
19,28333	3,99
19,30000	4,00
19,31667	4,00
19,33333	4,00
19,35000	4,00
19,36667	4,00
19,38333	3,99
19,40000	4,00
19,41667	4,00
19,43333	4,00
19,45000	4,00
19,46667	4,00
19,48333	3,99
19,50000	4,00
19,51667	4,00
19,53333	3,99
19,55000	4,00
19,56667	4,00
19,58333	3,99
19,60000	4,00
19,61667	4,00
19,63333	4,00
19,65000	4,00
19,66667	4,00
19,68333	3,99
19,70000	4,00
19,71667	4,00
19,73333	4,00
19,75000	4,00
19,76667	4,00
19,78333	3,99
19,80000	4,00
19,81667	4,00
19,83333	4,00
19,85000	4,00
19,86667	4,00
19,88333	3,99
19,90000	4,00
19,91667	4,00
19,93333	3,99
19,95000	4,00
19,96667	4,00
19,98333	3,99
20,00000	4,00
20,01667	4,00
20,03333	4,00
20,05000	4,00
20,06667	4,00
20,08333	3,99
20,10000	4,00
20,11667	4,00
20,13333	4,00
20,15000	4,00
20,16667	4,00
20,18333	3,99
20,20000	4,00
20,21667	4,00
20,23333	4,00
20,25000	4,00
20,26667	4,00
20,28333	3,99
20,30000	4,00
20,31667	4,00
20,33333	3,99
20,35000	4,00
20,36667	4,00
20,38333	3,99
20,40000	4,00
20,41667	4,00
20,43333	4,00
20,45000	4,00
20,46667	4,00
20,48333	3,99
20,50000	4,00
20,51667	4,00
20,53333	4,00
20,55000	4,00
20,56667	4,00
20,58333	3,99
20,60000	4,00
20,61667	4,00
20,63333	4,00
20,65000	4,00
20,66667	4,00
20,68333	3,99
20,70000	4,00
20,71667	4,00
20,73333	3,99
20,75000	4,00
20,76667	4,00
20,78333	3,99
20,80000	4,00
20,81667	4,00
20,83333	4,00
20,85000	4,00
20,86667	4,00
20,88333	3,99
20,90000	4,00
20,91667	4,00
20,93333	4,00
20,95000	4,00
20,96667	4,00
20,98333	3,99
21,00000	4,00
21,01667	4,00
21,03333	4,00
21,05000	4,00
21,06667	4,00
21,08333	3,99
21,10000	4,00
21,11667	4,00
21,13333	4,00
21,15000	4,00
21,16667	4,00
21,18333	3,99
21,20000	4,00
21,21667	4,00
21,23333	4,00
21,25000	4,00
21,26667	4,00
21,28333	3,99
21,30000	4,00
21,31667	4,00
21,33333	4,00
21,35000	4,00
21,36667	4,00
21,38333	3,99
21,40000	4,00
21,41667	4,00
21,43333	4,00
21,45000	4,00
21,46667	4,00
21,48333	3,99
21,50000	4,00
21,51667	4,00
21,53333	4,00
21,55000	4,00
21,56667	4,00
21,58333	3,99
21,60000	4,00
21,61667	4,00
21,63333	4,00
21,65000	4,00
21,66667	4,00
21,68333	3,99
21,70000	4,00
21,71667	4,00
21,73333	4,00
21,75000	4,00
21,76667	4,00
21,78333	3,99
21,80000	4,00
21,81667	4,00
21,83333	4,00
21,85000	4,00
21,86667	4,00
21,88333	3,99
21,90000	4,00
21,91667	4,00
21,93333	4,00
21,95000	4,00
21,96667	4,00
21,98333	3,99
22,00000	4,00
22,01667	4,00
22,03333	4,00
22,05000	4,00
22,06667	4,00
22,08333	3,99
22,10000	4,00
22,11667	4,00
22,13333	4,00
22,15000	4,00
22,16667	4,00
22,18333	3,99
22,20000	4,00
22,21667	4,00
22,23333	3,99
22,25000	4,00
22,26667	4,00
22,28333	3,99
22,30000	4,00
22,31667	4,00
22,33333	4,00
22,35000	4,00
22,36667	4,00
22,38333	3,99
22,40000	4,00
22,41667	4,00
22,43333	4,00
22,45000	4,00
22,46667	4,00
22,48333	3,99
22,50000	4,00
22,51667	4,00
22,53333	4,00
22,55000	4,00
22,56667	4,00
22,58333	3,99
22,60000	4,00
22,61667	4,00
22,63333	3,99
22,65000	4,00
22,66667	4,00
22,68333	3,99
22,70000	4,00
22,71667	4,00
22,73333	4,00
22,75000	4,00
22,76667	4,00
22,78333	3,99
22,80000	3,99
22,81667	3,99
22,83333	3,99
22,85000	4,00
22,86667	4,00
22,88333	3,98
22,90000	3,99
22,91667	3,99
22,93333	3,99
22,95000	4,00
22,96667	3,99
22,98333	3,98
23,00000	3,99
23,01667	3,99
23,03333	3,98
23,05000	3,99
23,06667	3,99
23,08333	3,98
23,10000	3,99
23,11667	3,99
23,13333	3,99
23,15000	3,99
23,16667	3,99
23,18333	3,98
23,20000	3,99
23,21667	3,99
23,23333	3,99
23,25000	3,99
23,26667	3,99
23,28333	3,98
23,30000	3,99
23,31667	3,99
23,33333	3,99
23,35000	3,99
23,36667	3,99
23,38333	3,98
23,40000	3,99
23,41667	3,99
23,43333	3,98
23,45000	3,99
23,46667	3,99
23,48333	3,98
23,50000	3,99
23,51667	3,99
23,53333	3,99
23,55000	3,99
23,56667	3,99
23,58333	3,98
23,60000	3,99
23,61667	3,99
23,63333	3,99
23,65000	3,99
23,66667	3,99
23,68333	3,98
23,70000	3,99
23,71667	3,99
23,73333	3,99
23,75000	3,99
23,76667	3,99
23,78333	3,98
23,80000	3,99
23,81667	3,99
23,83333	3,99
23,85000	3,99
23,86667	3,99
23,88333	3,98
23,90000	3,99
23,91667	3,99
23,93333	3,99
23,95000	3,99
23,96667	3,99
23,98333	3,98
24,00000	3,99
24,01667	3,99
24,03333	3,99
24,05000	3,99
24,06667	3,99
24,08333	3,98
24,10000	3,99
24,11667	3,99
24,13333	3,99
24,15000	3,99
24,16667	3,99
24,18333	3,98
24,20000	3,99
24,21667	3,99
24,23333	3,99
24,25000	3,99
24,26667	3,99
24,28333	3,98
24,30000	3,99
24,31667	3,99
24,33333	3,99
24,35000	3,99
24,36667	3,99
24,38333	3,98
24,40000	3,99
24,41667	3,99
24,43333	3,99
24,45000	3,99
24,46667	3,99
24,48333	3,98
24,50000	3,99
24,51667	3,99
24,53333	3,99
24,55000	3,99
24,56667	3,99
24,58333	3,98
24,60000	3,99
24,61667	3,99
24,63333	3,99
24,65000	3,99
24,66667	3,99
24,68333	3,98
24,70000	3,99
24,71667	3,99
24,73333	3,99
24,75000	3,99
24,76667	3,99
24,78333	3,98
24,80000	3,99
24,81667	3,99
24,83333	3,99
24,85000	3,99
24,86667	3,99
24,88333	3,98
24,90000	3,99
24,91667	3,99
24,93333	3,98
24,95000	3,99
24,96667	3,99
24,98333	3,98
25,00000	3,99
25,01667	3,99
25,03333	3,99
25,05000	3,99
25,06667	3,99
25,08333	3,98
25,10000	3,99
25,11667	3,99
25,13333	3,99
25,15000	3,99
25,16667	3,99
25,18333	3,98
25,20000	3,99
25,21667	3,99
25,23333	3,99
25,25000	3,99
25,26667	3,99
25,28333	3,98
25,30000	3,99
25,31667	3,99
25,33333	3,98
25,35000	3,99
25,36667	3,99
25,38333	3,98
25,40000	3,99
25,41667	3,99
25,43333	3,99
25,45000	3,99
25,46667	3,99
25,48333	3,98
25,50000	3,99
25,51667	3,99
25,53333	3,99
25,55000	4,00
25,56667	4,00
25,58333	3,98
25,60000	3,99
25,61667	3,99
25,63333	3,99
25,65000	3,99
25,66667	4,00
25,68333	3,98
25,70000	3,99
25,71667	3,99
25,73333	3,98
25,75000	3,99
25,76667	3,99
25,78333	3,98
25,80000	3,99
25,81667	3,99
25,83333	3,99
25,85000	4,00
25,86667	3,99
25,88333	3,98
25,90000	3,99
25,91667	3,99
25,93333	3,99
25,95000	4,00
25,96667	4,00
25,98333	3,98
26,00000	3,99
26,01667	4,00
26,03333	4,00
26,05000	4,00
26,06667	4,00
26,08333	3,98
26,10000	3,99
26,11667	4,00
26,13333	3,99
26,15000	4,00
26,16667	4,00
26,18333	3,98
26,20000	4,00
26,21667	4,00
26,23333	4,00
26,25000	4,00
26,26667	4,00
26,28333	3,98
26,30000	4,00
26,31667	4,00
26,33333	4,00
26,35000	4,00
26,36667	4,00
26,38333	3,99
26,40000	4,00
26,41667	4,00
26,43333	4,00
26,45000	4,00
26,46667	4,00
26,48333	3,99
26,50000	4,00
26,51667	4,00
26,53333	4,00
26,55000	4,00
26,56667	4,00
26,58333	3,99
26,60000	4,00
26,61667	4,00
26,63333	4,00
26,65000	4,00
26,66667	4,00
26,68333	3,98
26,70000	4,00
26,71667	4,00
26,73333	4,00
26,75000	4,00
26,76667	4,00
26,78333	3,99
26,80000	4,00
26,81667	4,00
26,83333	4,00
26,85000	4,00
26,86667	4,00
26,88333	3,99
26,90000	4,00
26,91667	4,00
26,93333	4,00
26,95000	4,00
26,96667	4,00
26,98333	3,99
27,00000	4,00
27,01667	4,00
27,03333	4,00
27,05000	4,00
27,06667	4,00
27,08333	3,99
27,10000	4,00
27,11667	4,00
27,13333	4,00
27,15000	4,00
27,16667	4,00
27,18333	3,99
27,20000	4,00
27,21667	4,00
27,23333	4,00
27,25000	4,00
27,26667	4,00
27,28333	3,99
27,30000	4,00
27,31667	4,00
27,33333	4,00
27,35000	4,00
27,36667	4,00
27,38333	3,99
27,40000	4,00
27,41667	4,00
27,43333	4,00
27,45000	4,00
27,46667	4,00
27,48333	3,99
27,50000	4,00
27,51667	4,00
27,53333	4,00
27,55000	4,00
27,56667	4,00
27,58333	3,99
27,60000	4,00
27,61667	4,00
27,63333	3,99
27,65000	4,00
27,66667	4,00
27,68333	3,99
27,70000	4,00
27,71667	4,00
27,73333	4,00
27,75000	4,00
27,76667	4,00
27,78333	3,99
27,80000	4,00
27,81667	4,00
27,83333	4,00
27,85000	4,00
27,86667	4,00
27,88333	3,99
27,90000	4,00
27,91667	4,00
27,93333	4,00
27,95000	4,00
27,96667	4,00
27,98333	3,99
28,00000	4,00
28,01667	4,00
28,03333	3,99
28,05000	4,00
28,06667	4,00
28,08333	3,99
28,10000	4,00
28,11667	4,00
28,13333	4,00
28,15000	4,00
28,16667	4,00
28,18333	3,99
28,20000	4,00
28,21667	4,00
28,23333	4,00
28,25000	4,00
28,26667	4,00
28,28333	3,99
28,30000	4,00
28,31667	4,00
28,33333	4,00
28,35000	4,00
28,36667	4,00
28,38333	3,99
28,40000	4,00
28,41667	4,00
28,43333	3,99
28,45000	4,00
28,46667	4,00
28,48333	3,99
28,50000	4,00
28,51667	4,00
28,53333	4,00
28,55000	4,00
28,56667	4,00
28,58333	3,99
28,60000	4,00
28,61667	4,00
28,63333	4,00
28,65000	4,00
28,66667	4,00
28,68333	3,99
28,70000	4,00
28,71667	4,00
28,73333	4,00
28,75000	4,00
28,76667	4,00
28,78333	3,99
28,80000	4,00
28,81667	4,00
28,83333	4,00
28,85000	4,00
28,86667	4,00
28,88333	3,99
28,90000	4,00
28,91667	4,00
28,93333	4,00
28,95000	4,00
28,96667	4,00
28,98333	3,99
29,00000	4,00
29,01667	4,00
29,03333	4,00
29,05000	4,00
29,06667	4,00
29,08333	3,99
29,10000	4,00
29,11667	4,00
29,13333	4,00
29,15000	4,00
29,16667	4,00
29,18333	3,99
29,20000	4,00
29,21667	4,00
29,23333	4,00
29,25000	4,00
29,26667	4,00
29,28333	3,99
29,30000	4,00
29,31667	4,00
29,33333	4,00
29,35000	4,00
29,36667	4,00
29,38333	3,99
29,40000	4,00
29,41667	4,00
29,43333	4,00
29,45000	4,00
29,46667	4,00
29,48333	3,99
29,50000	4,00
29,51667	4,00
29,53333	4,00
29,55000	4,00
29,56667	4,00
29,58333	3,99
29,60000	4,00
29,61667	4,00
29,63333	4,00
29,65000	4,00
29,66667	4,00
29,68333	3,99
29,70000	4,00
29,71667	4,00
29,73333	4,00
29,75000	4,00
29,76667	4,00
29,78333	3,99
29,80000	4,00
29,81667	4,00
29,83333	4,00
29,85000	4,00
29,86667	4,00
29,88333	3,99
29,90000	4,00
29,91667	4,00
29,93333	4,00
29,95000	4,00
29,96667	4,00
29,98333	3,99
30,00000	4,00
30,01667	4,00
30,03333	4,00
30,05000	4,00
30,06667	4,00
30,08333	3,99
30,10000	4,00
30,11667	4,00
30,13333	4,00
30,15000	4,00
30,16667	4,00
30,18333	3,99
30,20000	4,00
30,21667	4,00
30,23333	4,00
30,25000	4,00
30,26667	4,00
30,28333	3,99
30,30000	4,00
30,31667	4,00
30,33333	3,99
30,35000	4,00
30,36667	4,00
30,38333	3,99
30,40000	4,00
30,41667	4,00
30,43333	4,00
30,45000	4,00
30,46667	4,00
30,48333	3,99
30,50000	4,00
30,51667	4,00
30,53333	4,00
30,55000	4,00
30,56667	4,00
30,58333	3,99
30,60000	4,00
30,61667	4,00
30,63333	4,00
30,65000	4,00
30,66667	4,00
30,68333	3,99
30,70000	4,00
30,71667	4,00
30,73333	3,99
30,75000	4,00
30,76667	4,00
30,78333	3,99
30,80000	4,00
30,81667	4,00
30,83333	4,00
30,85000	4,00
30,86667	4,00
30,88333	3,99
30,90000	4,00
30,91667	4,00
30,93333	4,00
30,95000	4,00
30,96667	4,00
30,98333	3,99
31,00000	4,00
31,01667	4,00
31,03333	4,00
31,05000	4,00
31,06667	4,00
31,08333	3,99
31,10000	4,00
31,11667	4,00
31,13333	3,99
31,15000	4,00
31,16667	4,00
31,18333	3,99
31,20000	4,00
31,21667	4,00
31,23333	4,00
31,25000	4,00
31,26667	4,00
31,28333	3,99
31,30000	4,00
31,31667	4,00
31,33333	4,00
31,35000	4,00
31,36667	4,00
31,38333	3,99
31,40000	4,00
31,41667	4,00
31,43333	4,00
31,45000	4,00
31,46667	4,00
31,48333	3,99
31,50000	4,00
31,51667	4,00
31,53333	4,00
31,55000	4,00
31,56667	4,00
31,58333	3,99
31,60000	4,00
31,61667	4,00
31,63333	4,00
31,65000	4,00
31,66667	4,00
31,68333	3,99
31,70000	4,00
31,71667	4,00
31,73333	4,00
31,75000	4,00
31,76667	4,00
31,78333	3,99
31,80000	4,00
31,81667	4,00
31,83333	4,00
31,85000	4,00
31,86667	4,00
31,88333	3,99
31,90000	4,00
31,91667	4,00
31,93333	4,00
31,95000	4,00
31,96667	4,00
31,98333	3,99
32,00000	4,00

[LC Status Trace(Oven Temp.)]
Interval(msec)	1000
# of Points	1921
Start Time(min)	0,000
End Time(min)	32,000
Intensity Units	C
Intensity Multiplier	1
R.Time (min)	Intensity
0,00000	50,00
0,01667	50,00
0,03333	50,00
0,05000	50,00
0,06667	50,00
0,08333	50,00
0,10000	50,00
0,11667	50,00
0,13333	50,00
0,15000	50,00
0,16667	49,99
0,18333	49,99
0,20000	49,99
0,21667	49,99
0,23333	49,99
0,25000	49,99
0,26667	49,99
0,28333	49,99
0,30000	49,99
0,31667	49,99
0,33333	49,99
0,35000	49,99
0,36667	49,99
0,38333	49,99
0,40000	49,99
0,41667	49,99
0,43333	49,99
0,45000	49,99
0,46667	49,99
0,48333	49,99
0,50000	49,99
0,51667	49,99
0,53333	49,99
0,55000	49,99
0,56667	49,99
0,58333	49,99
0,60000	49,99
0,61667	49,99
0,63333	49,99
0,65000	49,99
0,66667	49,99
0,68333	49,99
0,70000	49,99
0,71667	49,99
0,73333	49,99
0,75000	49,99
0,76667	49,99
0,78333	49,99
0,80000	49,99
0,81667	49,99
0,83333	49,99
0,85000	49,99
0,86667	49,99
0,88333	49,99
0,90000	49,99
0,91667	49,99
0,93333	49,99
0,95000	49,99
0,96667	49,99
0,98333	49,99
1,00000	49,99
1,01667	49,99
1,03333	49,99
1,05000	49,99
1,06667	49,99
1,08333	49,99
1,10000	49,99
1,11667	49,99
1,13333	49,99
1,15000	49,99
1,16667	49,99
1,18333	49,99
1,20000	49,99
1,21667	49,99
1,23333	49,99
1,25000	49,99
1,26667	49,99
1,28333	49,99
1,30000	49,99
1,31667	49,99
1,33333	49,99
1,35000	49,99
1,36667	49,99
1,38333	50,00
1,40000	50,00
1,41667	50,00
1,43333	50,00
1,45000	50,00
1,46667	50,00
1,48333	50,00
1,50000	50,00
1,51667	50,00
1,53333	50,00
1,55000	50,00
1,56667	50,00
1,58333	50,00
1,60000	50,00
1,61667	50,00
1,63333	50,00
1,65000	50,00
1,66667	50,00
1,68333	50,00
1,70000	50,00
1,71667	50,00
1,73333	50,00
1,75000	50,00
1,76667	50,00
1,78333	50,00
1,80000	50,00
1,81667	50,00
1,83333	50,00
1,85000	50,00
1,86667	50,00
1,88333	50,00
1,90000	50,00
1,91667	50,00
1,93333	50,00
1,95000	50,00
1,96667	50,00
1,98333	50,00
2,00000	50,00
2,01667	50,00
2,03333	50,00
2,05000	50,00
2,06667	50,00
2,08333	50,00
2,10000	50,00
2,11667	50,00
2,13333	50,00
2,15000	50,00
2,16667	50,00
2,18333	50,00
2,20000	50,00
2,21667	50,00
2,23333	50,00
2,25000	50,00
2,26667	49,99
2,28333	49,99
2,30000	49,99
2,31667	49,99
2,33333	49,99
2,35000	49,99
2,36667	49,99
2,38333	49,99
2,40000	49,99
2,41667	49,99
2,43333	49,99
2,45000	49,99
2,46667	49,99
2,48333	49,99
2,50000	49,99
2,51667	49,99
2,53333	49,99
2,55000	49,99
2,56667	49,99
2,58333	49,99
2,60000	49,99
2,61667	49,99
2,63333	49,99
2,65000	49,99
2,66667	49,99
2,68333	49,99
2,70000	49,99
2,71667	49,99
2,73333	49,99
2,75000	49,99
2,76667	50,00
2,78333	50,00
2,80000	50,00
2,81667	50,00
2,83333	50,00
2,85000	50,00
2,86667	50,00
2,88333	50,00
2,90000	49,99
2,91667	49,99
2,93333	49,99
2,95000	49,99
2,96667	49,99
2,98333	49,99
3,00000	49,99
3,01667	49,99
3,03333	49,99
3,05000	49,99
3,06667	49,99
3,08333	49,99
3,10000	49,99
3,11667	49,99
3,13333	49,99
3,15000	49,99
3,16667	49,99
3,18333	49,99
3,20000	49,99
3,21667	49,99
3,23333	49,99
3,25000	49,99
3,26667	49,99
3,28333	49,99
3,30000	49,99
3,31667	49,99
3,33333	49,99
3,35000	49,99
3,36667	49,99
3,38333	49,99
3,40000	49,99
3,41667	49,99
3,43333	49,99
3,45000	49,99
3,46667	49,99
3,48333	49,99
3,50000	49,99
3,51667	49,99
3,53333	49,99
3,55000	49,99
3,56667	49,99
3,58333	49,99
3,60000	49,99
3,61667	49,99
3,63333	50,00
3,65000	50,00
3,66667	50,00
3,68333	50,00
3,70000	50,00
3,71667	50,00
3,73333	50,00
3,75000	50,00
3,76667	50,00
3,78333	50,00
3,80000	50,00
3,81667	50,00
3,83333	50,00
3,85000	50,00
3,86667	50,00
3,88333	50,00
3,90000	50,00
3,91667	50,00
3,93333	50,00
3,95000	50,00
3,96667	50,00
3,98333	50,00
4,00000	50,00
4,01667	50,00
4,03333	50,00
4,05000	50,00
4,06667	50,00
4,08333	50,00
4,10000	50,00
4,11667	50,00
4,13333	50,00
4,15000	50,00
4,16667	50,00
4,18333	50,00
4,20000	50,00
4,21667	50,00
4,23333	50,00
4,25000	50,00
4,26667	50,00
4,28333	50,00
4,30000	50,00
4,31667	50,00
4,33333	50,00
4,35000	50,00
4,36667	50,00
4,38333	50,00
4,40000	50,00
4,41667	50,00
4,43333	50,00
4,45000	50,00
4,46667	50,00
4,48333	50,00
4,50000	50,00
4,51667	50,00
4,53333	50,00
4,55000	50,00
4,56667	50,00
4,58333	50,00
4,60000	50,00
4,61667	50,00
4,63333	50,00
4,65000	50,00
4,66667	50,00
4,68333	50,00
4,70000	50,00
4,71667	50,00
4,73333	50,00
4,75000	50,00
4,76667	50,00
4,78333	50,00
4,80000	50,00
4,81667	50,00
4,83333	50,00
4,85000	50,00
4,86667	50,00
4,88333	50,00
4,90000	50,00
4,91667	50,00
4,93333	50,00
4,95000	50,00
4,96667	50,00
4,98333	50,00
5,00000	50,00
5,01667	50,00
5,03333	50,00
5,05000	50,00
5,06667	49,99
5,08333	49,99
5,10000	49,99
5,11667	49,99
5,13333	49,99
5,15000	49,99
5,16667	49,99
5,18333	49,99
5,20000	49,99
5,21667	49,99
5,23333	49,99
5,25000	49,99
5,26667	49,99
5,28333	49,99
5,30000	49,99
5,31667	49,99
5,33333	49,99
5,35000	49,99
5,36667	50,00
5,38333	50,00
5,40000	50,00
5,41667	50,00
5,43333	50,00
5,45000	50,00
5,46667	50,00
5,48333	50,00
5,50000	50,00
5,51667	50,00
5,53333	50,00
5,55000	50,00
5,56667	50,00
5,58333	50,00
5,60000	50,00
5,61667	50,00
5,63333	50,00
5,65000	50,00
5,66667	50,00
5,68333	50,00
5,70000	50,00
5,71667	50,00
5,73333	50,00
5,75000	50,00
5,76667	50,00
5,78333	50,00
5,80000	50,00
5,81667	50,00
5,83333	50,00
5,85000	50,00
5,86667	50,00
5,88333	50,00
5,90000	50,00
5,91667	50,00
5,93333	50,00
5,95000	49,99
5,96667	49,99
5,98333	49,99
6,00000	49,99
6,01667	49,99
6,03333	49,99
6,05000	49,99
6,06667	49,99
6,08333	49,99
6,10000	49,99
6,11667	49,99
6,13333	49,99
6,15000	49,99
6,16667	49,99
6,18333	49,99
6,20000	49,99
6,21667	49,99
6,23333	49,99
6,25000	49,99
6,26667	49,99
6,28333	49,99
6,30000	49,99
6,31667	49,99
6,33333	49,99
6,35000	49,99
6,36667	49,99
6,38333	49,99
6,40000	49,99
6,41667	49,99
6,43333	49,99
6,45000	49,99
6,46667	49,99
6,48333	49,99
6,50000	49,99
6,51667	49,99
6,53333	49,99
6,55000	49,99
6,56667	49,99
6,58333	49,99
6,60000	49,99
6,61667	49,99
6,63333	49,99
6,65000	49,99
6,66667	49,99
6,68333	50,00
6,70000	50,00
6,71667	50,00
6,73333	50,00
6,75000	50,00
6,76667	50,00
6,78333	50,00
6,80000	50,00
6,81667	50,00
6,83333	50,00
6,85000	50,00
6,86667	49,99
6,88333	49,99
6,90000	49,99
6,91667	50,00
6,93333	50,00
6,95000	50,00
6,96667	50,00
6,98333	50,00
7,00000	49,99
7,01667	49,99
7,03333	49,99
7,05000	49,99
7,06667	49,99
7,08333	49,99
7,10000	49,99
7,11667	49,99
7,13333	49,99
7,15000	49,99
7,16667	49,99
7,18333	49,99
7,20000	49,99
7,21667	49,99
7,23333	49,99
7,25000	49,99
7,26667	49,99
7,28333	49,99
7,30000	49,99
7,31667	49,99
7,33333	49,99
7,35000	49,99
7,36667	49,99
7,38333	49,99
7,40000	49,99
7,41667	49,99
7,43333	49,99
7,45000	49,99
7,46667	49,99
7,48333	49,99
7,50000	49,99
7,51667	49,99
7,53333	49,99
7,55000	49,99
7,56667	49,99
7,58333	49,99
7,60000	49,99
7,61667	49,99
7,63333	49,99
7,65000	49,99
7,66667	49,99
7,68333	49,99
7,70000	49,99
7,71667	49,99
7,73333	49,99
7,75000	49,99
7,76667	49,99
7,78333	49,99
7,80000	49,99
7,81667	50,00
7,83333	50,00
7,85000	50,00
7,86667	50,00
7,88333	50,00
7,90000	50,00
7,91667	50,00
7,93333	50,00
7,95000	50,00
7,96667	50,00
7,98333	50,00
8,00000	50,00
8,01667	50,00
8,03333	50,00
8,05000	50,00
8,06667	50,00
8,08333	50,00
8,10000	50,00
8,11667	50,00
8,13333	50,00
8,15000	50,00
8,16667	50,00
8,18333	50,00
8,20000	50,00
8,21667	49,99
8,23333	49,99
8,25000	50,00
8,26667	50,00
8,28333	50,00
8,30000	50,00
8,31667	50,00
8,33333	50,00
8,35000	50,00
8,36667	50,00
8,38333	50,00
8,40000	50,00
8,41667	50,00
8,43333	50,00
8,45000	50,00
8,46667	50,00
8,48333	50,00
8,50000	50,00
8,51667	50,00
8,53333	50,00
8,55000	50,00
8,56667	50,00
8,58333	50,00
8,60000	50,00
8,61667	50,00
8,63333	50,00
8,65000	50,00
8,66667	50,00
8,68333	50,00
8,70000	50,00
8,71667	50,00
8,73333	50,00
8,75000	50,00
8,76667	50,00
8,78333	50,00
8,80000	50,00
8,81667	50,00
8,83333	50,00
8,85000	50,00
8,86667	50,00
8,88333	50,00
8,90000	50,00
8,91667	50,00
8,93333	50,00
8,95000	50,00
8,96667	50,00
8,98333	50,00
9,00000	50,00
9,01667	50,00
9,03333	50,00
9,05000	50,00
9,06667	50,00
9,08333	50,00
9,10000	50,00
9,11667	50,00
9,13333	50,00
9,15000	50,00
9,16667	50,00
9,18333	50,00
9,20000	50,00
9,21667	50,00
9,23333	50,00
9,25000	50,00
9,26667	50,00
9,28333	50,00
9,30000	50,00
9,31667	50,00
9,33333	50,00
9,35000	50,00
9,36667	50,00
9,38333	50,00
9,40000	50,00
9,41667	50,00
9,43333	50,00
9,45000	50,00
9,46667	50,00
9,48333	50,00
9,50000	50,00
9,51667	50,00
9,53333	50,00
9,55000	50,00
9,56667	50,00
9,58333	50,00
9,60000	50,00
9,61667	50,00
9,63333	50,00
9,65000	50,00
9,66667	50,00
9,68333	50,00
9,70000	49,99
9,71667	49,99
9,73333	49,99
9,75000	49,99
9,76667	49,99
9,78333	49,99
9,80000	49,99
9,81667	49,99
9,83333	49,99
9,85000	49,99
9,86667	49,99
9,88333	49,99
9,90000	49,99
9,91667	49,99
9,93333	49,99
9,95000	49,99
9,96667	49,99
9,98333	49,99
10,00000	49,99
10,01667	49,99
10,03333	49,99
10,05000	49,99
10,06667	49,99
10,08333	49,99
10,10000	49,99
10,11667	49,99
10,13333	49,99
10,15000	49,99
10,16667	49,99
10,18333	49,99
10,20000	49,99
10,21667	49,99
10,23333	49,99
10,25000	49,99
10,26667	49,99
10,28333	49,99
10,30000	49,99
10,31667	49,99
10,33333	49,99
10,35000	49,99
10,36667	49,99
10,38333	49,99
10,40000	49,99
10,41667	49,99
10,43333	49,99
10,45000	49,99
10,46667	49,99
10,48333	49,99
10,50000	49,99
10,51667	49,99
10,53333	49,99
10,55000	49,99
10,56667	49,99
10,58333	49,99
10,60000	49,99
10,61667	49,99
10,63333	50,00
10,65000	50,00
10,66667	50,00
10,68333	50,00
10,70000	50,00
10,71667	50,00
10,73333	50,00
10,75000	50,00
10,76667	50,00
10,78333	50,00
10,80000	50,00
10,81667	50,00
10,83333	50,00
10,85000	50,00
10,86667	50,00
10,88333	50,00
10,90000	50,00
10,91667	50,00
10,93333	50,00
10,95000	50,00
10,96667	50,00
10,98333	50,00
11,00000	50,00
11,01667	50,00
11,03333	50,00
11,05000	50,00
11,06667	50,00
11,08333	50,00
11,10000	50,00
11,11667	50,00
11,13333	50,00
11,15000	50,00
11,16667	50,00
11,18333	50,00
11,20000	50,00
11,21667	50,00
11,23333	50,00
11,25000	50,00
11,26667	49,99
11,28333	49,99
11,30000	49,99
11,31667	50,00
11,33333	50,00
11,35000	50,00
11,36667	50,00
11,38333	50,00
11,40000	50,00
11,41667	50,00
11,43333	50,00
11,45000	50,00
11,46667	50,00
11,48333	50,00
11,50000	50,00
11,51667	50,00
11,53333	50,00
11,55000	50,00
11,56667	50,00
11,58333	50,00
11,60000	50,00
11,61667	49,99
11,63333	49,99
11,65000	49,99
11,66667	49,99
11,68333	49,99
11,70000	49,99
11,71667	49,99
11,73333	49,99
11,75000	49,99
11,76667	49,99
11,78333	49,99
11,80000	49,99
11,81667	49,99
11,83333	49,99
11,85000	49,99
11,86667	49,99
11,88333	49,99
11,90000	49,99
11,91667	49,99
11,93333	49,99
11,95000	49,99
11,96667	49,99
11,98333	49,99
12,00000	49,99
12,01667	49,99
12,03333	49,99
12,05000	49,99
12,06667	49,99
12,08333	49,99
12,10000	49,99
12,11667	49,99
12,13333	49,99
12,15000	49,99
12,16667	49,99
12,18333	49,99
12,20000	49,99
12,21667	49,99
12,23333	49,99
12,25000	49,99
12,26667	49,99
12,28333	49,99
12,30000	49,99
12,31667	49,99
12,33333	49,99
12,35000	49,99
12,36667	49,99
12,38333	49,99
12,40000	49,99
12,41667	49,99
12,43333	49,99
12,45000	49,99
12,46667	49,99
12,48333	49,99
12,50000	49,99
12,51667	49,99
12,53333	49,99
12,55000	49,99
12,56667	49,99
12,58333	49,99
12,60000	49,99
12,61667	49,99
12,63333	49,99
12,65000	49,99
12,66667	49,99
12,68333	49,99
12,70000	49,99
12,71667	49,99
12,73333	49,99
12,75000	49,99
12,76667	49,99
12,78333	49,99
12,80000	49,99
12,81667	49,99
12,83333	49,99
12,85000	49,99
12,86667	49,99
12,88333	49,99
12,90000	49,99
12,91667	49,99
12,93333	49,99
12,95000	49,99
12,96667	49,99
12,98333	49,99
13,00000	49,99
13,01667	49,99
13,03333	49,99
13,05000	49,99
13,06667	49,99
13,08333	49,99
13,10000	49,99
13,11667	49,99
13,13333	49,99
13,15000	49,99
13,16667	49,99
13,18333	49,99
13,20000	49,99
13,21667	49,99
13,23333	49,99
13,25000	49,99
13,26667	49,99
13,28333	50,00
13,30000	50,00
13,31667	50,00
13,33333	50,00
13,35000	50,00
13,36667	50,00
13,38333	50,00
13,40000	50,00
13,41667	50,00
13,43333	50,00
13,45000	50,00
13,46667	50,00
13,48333	50,00
13,50000	50,00
13,51667	50,00
13,53333	50,00
13,55000	50,00
13,56667	50,00
13,58333	50,00
13,60000	50,00
13,61667	50,00
13,63333	50,00
13,65000	50,00
13,66667	50,00
13,68333	50,00
13,70000	50,00
13,71667	50,00
13,73333	50,00
13,75000	50,00
13,76667	50,00
13,78333	50,00
13,80000	50,00
13,81667	50,00
13,83333	50,00
13,85000	50,00
13,86667	50,00
13,88333	50,00
13,90000	50,00
13,91667	50,00
13,93333	50,00
13,95000	50,00
13,96667	50,00
13,98333	50,00
14,00000	50,00
14,01667	50,00
14,03333	50,00
14,05000	50,00
14,06667	50,00
14,08333	50,00
14,10000	50,00
14,11667	50,00
14,13333	50,00
14,15000	50,00
14,16667	50,00
14,18333	50,00
14,20000	50,00
14,21667	50,00
14,23333	50,00
14,25000	50,00
14,26667	50,00
14,28333	50,00
14,30000	50,00
14,31667	50,00
14,33333	50,00
14,35000	50,00
14,36667	50,00
14,38333	50,00
14,40000	50,00
14,41667	50,00
14,43333	50,00
14,45000	49,99
14,46667	49,99
14,48333	49,99
14,50000	49,99
14,51667	49,99
14,53333	49,99
14,55000	49,99
14,56667	49,99
14,58333	49,99
14,60000	49,99
14,61667	49,99
14,63333	49,99
14,65000	49,99
14,66667	49,99
14,68333	49,99
14,70000	49,99
14,71667	49,99
14,73333	49,99
14,75000	49,99
14,76667	49,99
14,78333	49,99
14,80000	49,99
14,81667	49,99
14,83333	49,99
14,85000	49,99
14,86667	49,99
14,88333	49,99
14,90000	49,99
14,91667	49,99
14,93333	49,99
14,95000	49,99
14,96667	49,99
14,98333	49,99
15,00000	49,99
15,01667	49,99
15,03333	49,99
15,05000	49,99
15,06667	49,99
15,08333	49,99
15,10000	49,99
15,11667	49,99
15,13333	49,99
15,15000	49,99
15,16667	49,99
15,18333	49,99
15,20000	49,99
15,21667	49,99
15,23333	49,99
15,25000	49,99
15,26667	49,99
15,28333	49,99
15,30000	49,99
15,31667	49,99
15,33333	49,99
15,35000	49,99
15,36667	49,99
15,38333	49,99
15,40000	49,99
15,41667	49,99
15,43333	49,99
15,45000	49,99
15,46667	49,99
15,48333	49,99
15,50000	49,99
15,51667	49,99
15,53333	49,99
15,55000	49,99
15,56667	49,99
15,58333	49,99
15,60000	49,99
15,61667	49,99
15,63333	49,99
15,65000	49,99
15,66667	49,99
15,68333	49,99
15,70000	49,99
15,71667	49,99
15,73333	49,99
15,75000	49,99
15,76667	49,99
15,78333	49,99
15,80000	49,99
15,81667	49,99
15,83333	49,99
15,85000	49,99
15,86667	49,99
15,88333	49,99
15,90000	49,99
15,91667	49,99
15,93333	49,99
15,95000	49,99
15,96667	49,99
15,98333	49,99
16,00000	49,99
16,01667	49,99
16,03333	49,99
16,05000	49,99
16,06667	49,99
16,08333	49,99
16,10000	49,99
16,11667	49,99
16,13333	49,99
16,15000	49,99
16,16667	49,99
16,18333	49,99
16,20000	49,99
16,21667	49,99
16,23333	49,99
16,25000	50,00
16,26667	50,00
16,28333	50,00
16,30000	50,00
16,31667	50,00
16,33333	50,00
16,35000	50,00
16,36667	50,00
16,38333	50,00
16,40000	50,00
16,41667	50,00
16,43333	50,00
16,45000	50,00
16,46667	50,00
16,48333	50,00
16,50000	50,00
16,51667	50,00
16,53333	50,00
16,55000	50,00
16,56667	50,00
16,58333	50,00
16,60000	50,00
16,61667	50,00
16,63333	50,00
16,65000	50,00
16,66667	50,00
16,68333	50,00
16,70000	50,00
16,71667	50,00
16,73333	50,00
16,75000	50,00
16,76667	50,00
16,78333	50,00
16,80000	50,00
16,81667	50,00
16,83333	50,00
16,85000	50,00
16,86667	50,00
16,88333	50,00
16,90000	50,00
16,91667	50,00
16,93333	50,00
16,95000	50,00
16,96667	50,00
16,98333	50,00
17,00000	50,00
17,01667	50,00
17,03333	50,00
17,05000	50,00
17,06667	50,00
17,08333	50,00
17,10000	50,00
17,11667	50,00
17,13333	50,00
17,15000	50,00
17,16667	50,00
17,18333	50,00
17,20000	50,00
17,21667	50,00
17,23333	50,00
17,25000	50,00
17,26667	50,00
17,28333	50,00
17,30000	50,00
17,31667	50,00
17,33333	50,00
17,35000	50,00
17,36667	50,00
17,38333	50,00
17,40000	50,00
17,41667	50,00
17,43333	49,99
17,45000	50,00
17,46667	50,00
17,48333	49,99
17,50000	49,99
17,51667	49,99
17,53333	49,99
17,55000	50,00
17,56667	50,00
17,58333	49,99
17,60000	49,99
17,61667	49,99
17,63333	50,00
17,65000	50,00
17,66667	50,00
17,68333	50,00
17,70000	50,00
17,71667	50,00
17,73333	50,00
17,75000	49,99
17,76667	49,99
17,78333	49,99
17,80000	49,99
17,81667	49,99
17,83333	49,99
17,85000	49,99
17,86667	49,99
17,88333	49,99
17,90000	49,99
17,91667	49,99
17,93333	49,99
17,95000	49,99
17,96667	49,99
17,98333	49,99
18,00000	49,99
18,01667	49,99
18,03333	49,99
18,05000	49,99
18,06667	49,99
18,08333	49,99
18,10000	49,99
18,11667	49,99
18,13333	49,99
18,15000	49,99
18,16667	49,99
18,18333	49,99
18,20000	49,99
18,21667	49,99
18,23333	49,99
18,25000	49,99
18,26667	49,99
18,28333	49,99
18,30000	49,99
18,31667	49,99
18,33333	49,99
18,35000	49,99
18,36667	49,99
18,38333	49,99
18,40000	49,99
18,41667	50,00
18,43333	50,00
18,45000	50,00
18,46667	50,00
18,48333	50,00
18,50000	50,00
18,51667	50,00
18,53333	50,00
18,55000	50,00
18,56667	50,00
18,58333	50,00
18,60000	50,00
18,61667	50,00
18,63333	50,00
18,65000	50,00
18,66667	50,00
18,68333	50,00
18,70000	50,00
18,71667	50,00
18,73333	50,00
18,75000	50,00
18,76667	50,00
18,78333	50,00
18,80000	50,00
18,81667	50,00
18,83333	50,00
18,85000	50,00
18,86667	50,00
18,88333	50,00
18,90000	50,00
18,91667	50,00
18,93333	50,00
18,95000	50,00
18,96667	50,00
18,98333	50,00
19,00000	50,00
19,01667	50,00
19,03333	50,00
19,05000	50,00
19,06667	50,00
19,08333	50,00
19,10000	50,00
19,11667	50,00
19,13333	50,00
19,15000	50,00
19,16667	50,00
19,18333	50,00
19,20000	50,00
19,21667	50,00
19,23333	50,00
19,25000	50,00
19,26667	50,00
19,28333	50,00
19,30000	50,00
19,31667	50,00
19,33333	50,00
19,35000	50,00
19,36667	50,00
19,38333	50,00
19,40000	50,00
19,41667	50,00
19,43333	50,00
19,45000	49,99
19,46667	49,99
19,48333	49,99
19,50000	49,99
19,51667	49,99
19,53333	49,99
19,55000	49,99
19,56667	49,99
19,58333	49,99
19,60000	49,99
19,61667	49,99
19,63333	49,99
19,65000	49,99
19,66667	49,99
19,68333	49,99
19,70000	49,99
19,71667	49,99
19,73333	49,99
19,75000	49,99
19,76667	49,99
19,78333	49,99
19,80000	49,99
19,81667	49,99
19,83333	49,99
19,85000	49,99
19,86667	49,99
19,88333	49,99
19,90000	49,99
19,91667	49,99
19,93333	49,99
19,95000	49,99
19,96667	49,99
19,98333	49,99
20,00000	49,99
20,01667	49,99
20,03333	49,99
20,05000	49,99
20,06667	49,99
20,08333	49,99
20,10000	49,99
20,11667	49,99
20,13333	49,99
20,15000	49,99
20,16667	49,99
20,18333	49,99
20,20000	49,99
20,21667	49,99
20,23333	49,99
20,25000	49,99
20,26667	49,99
20,28333	49,99
20,30000	49,99
20,31667	49,99
20,33333	49,99
20,35000	49,99
20,36667	49,99
20,38333	49,99
20,40000	49,99
20,41667	50,00
20,43333	50,00
20,45000	50,00
20,46667	50,00
20,48333	50,00
20,50000	50,00
20,51667	50,00
20,53333	50,00
20,55000	50,00
20,56667	50,00
20,58333	50,00
20,60000	50,00
20,61667	50,00
20,63333	50,00
20,65000	50,00
20,66667	50,00
20,68333	50,00
20,70000	50,00
20,71667	50,00
20,73333	50,00
20,75000	50,00
20,76667	50,00
20,78333	50,00
20,80000	50,00
20,81667	50,00
20,83333	50,00
20,85000	50,00
20,86667	50,00
20,88333	50,00
20,90000	50,00
20,91667	50,00
20,93333	50,00
20,95000	50,00
20,96667	50,00
20,98333	50,00
21,00000	50,00
21,01667	50,00
21,03333	50,00
21,05000	50,00
21,06667	50,00
21,08333	50,00
21,10000	50,00
21,11667	50,00
21,13333	50,00
21,15000	50,00
21,16667	50,00
21,18333	50,00
21,20000	50,00
21,21667	50,00
21,23333	50,00
21,25000	50,00
21,26667	50,00
21,28333	50,00
21,30000	50,00
21,31667	50,00
21,33333	50,00
21,35000	50,00
21,36667	50,00
21,38333	50,00
21,40000	49,99
21,41667	49,99
21,43333	49,99
21,45000	49,99
21,46667	49,99
21,48333	49,99
21,50000	49,99
21,51667	49,99
21,53333	49,99
21,55000	49,99
21,56667	49,99
21,58333	49,99
21,60000	49,99
21,61667	49,99
21,63333	49,99
21,65000	49,99
21,66667	49,99
21,68333	49,99
21,70000	49,99
21,71667	49,99
21,73333	49,99
21,75000	49,99
21,76667	49,99
21,78333	49,99
21,80000	49,99
21,81667	49,99
21,83333	49,99
21,85000	49,99
21,86667	49,99
21,88333	50,00
21,90000	49,99
21,91667	50,00
21,93333	50,00
21,95000	50,00
21,96667	50,00
21,98333	50,00
22,00000	50,00
22,01667	50,00
22,03333	50,00
22,05000	50,00
22,06667	50,00
22,08333	50,00
22,10000	50,00
22,11667	50,00
22,13333	50,00
22,15000	50,00
22,16667	50,00
22,18333	50,00
22,20000	50,00
22,21667	50,00
22,23333	50,00
22,25000	50,00
22,26667	50,00
22,28333	50,00
22,30000	50,00
22,31667	50,00
22,33333	50,00
22,35000	50,00
22,36667	50,00
22,38333	50,00
22,40000	50,00
22,41667	50,00
22,43333	50,00
22,45000	50,00
22,46667	50,00
22,48333	50,00
22,50000	50,00
22,51667	50,00
22,53333	50,00
22,55000	50,00
22,56667	50,00
22,58333	50,00
22,60000	50,00
22,61667	50,00
22,63333	50,00
22,65000	50,00
22,66667	50,00
22,68333	50,00
22,70000	50,00
22,71667	50,00
22,73333	50,00
22,75000	50,00
22,76667	50,00
22,78333	50,00
22,80000	50,00
22,81667	50,00
22,83333	50,00
22,85000	50,00
22,86667	50,00
22,88333	50,00
22,90000	50,00
22,91667	50,00
22,93333	50,00
22,95000	50,00
22,96667	50,00
22,98333	50,00
23,00000	50,00
23,01667	50,00
23,03333	50,00
23,05000	50,00
23,06667	50,00
23,08333	50,00
23,10000	50,00
23,11667	50,00
23,13333	50,00
23,15000	50,00
23,16667	50,00
23,18333	50,00
23,20000	50,00
23,21667	50,00
23,23333	50,00
23,25000	50,00
23,26667	50,00
23,28333	50,00
23,30000	50,00
23,31667	50,00
23,33333	50,00
23,35000	50,00
23,36667	50,00
23,38333	50,00
23,40000	50,00
23,41667	50,00
23,43333	50,00
23,45000	50,00
23,46667	50,00
23,48333	50,00
23,50000	50,00
23,51667	50,00
23,53333	50,00
23,55000	50,00
23,56667	50,00
23,58333	50,00
23,60000	50,00
23,61667	50,00
23,63333	50,00
23,65000	50,00
23,66667	50,00
23,68333	50,00
23,70000	50,00
23,71667	50,00
23,73333	49,99
23,75000	49,99
23,76667	49,99
23,78333	49,99
23,80000	49,99
23,81667	49,99
23,83333	49,99
23,85000	49,99
23,86667	49,99
23,88333	49,99
23,90000	49,99
23,91667	49,99
23,93333	49,99
23,95000	49,99
23,96667	49,99
23,98333	49,99
24,00000	49,99
24,01667	49,99
24,03333	49,99
24,05000	49,99
24,06667	49,99
24,08333	49,99
24,10000	50,00
24,11667	50,00
24,13333	50,00
24,15000	50,00
24,16667	50,00
24,18333	50,00
24,20000	50,00
24,21667	50,00
24,23333	50,00
24,25000	50,00
24,26667	50,00
24,28333	50,00
24,30000	50,00
24,31667	50,00
24,33333	50,00
24,35000	50,00
24,36667	50,00
24,38333	50,00
24,40000	50,00
24,41667	50,00
24,43333	50,00
24,45000	50,00
24,46667	50,00
24,48333	50,00
24,50000	50,00
24,51667	50,00
24,53333	50,00
24,55000	50,00
24,56667	50,00
24,58333	50,00
24,60000	50,00
24,61667	50,00
24,63333	50,00
24,65000	50,00
24,66667	50,00
24,68333	50,00
24,70000	50,00
24,71667	50,00
24,73333	50,00
24,75000	50,00
24,76667	50,00
24,78333	50,00
24,80000	50,00
24,81667	50,00
24,83333	50,00
24,85000	50,00
24,86667	50,00
24,88333	50,00
24,90000	50,00
24,91667	50,00
24,93333	50,00
24,95000	50,00
24,96667	50,00
24,98333	50,00
25,00000	50,00
25,01667	50,00
25,03333	50,00
25,05000	50,00
25,06667	50,00
25,08333	50,00
25,10000	50,00
25,11667	50,00
25,13333	50,00
25,15000	50,00
25,16667	50,00
25,18333	50,00
25,20000	50,00
25,21667	50,00
25,23333	50,00
25,25000	50,00
25,26667	50,00
25,28333	50,00
25,30000	50,00
25,31667	49,99
25,33333	49,99
25,35000	49,99
25,36667	49,99
25,38333	49,99
25,40000	49,99
25,41667	49,99
25,43333	49,99
25,45000	49,99
25,46667	49,99
25,48333	49,99
25,50000	49,99
25,51667	49,99
25,53333	49,99
25,55000	49,99
25,56667	49,99
25,58333	49,99
25,60000	49,99
25,61667	49,99
25,63333	49,99
25,65000	49,99
25,66667	49,99
25,68333	49,99
25,70000	49,99
25,71667	49,99
25,73333	49,99
25,75000	49,99
25,76667	49,99
25,78333	49,99
25,80000	49,99
25,81667	49,99
25,83333	49,99
25,85000	49,99
25,86667	49,99
25,88333	49,99
25,90000	49,99
25,91667	49,99
25,93333	49,99
25,95000	49,99
25,96667	49,99
25,98333	49,99
26,00000	49,99
26,01667	49,99
26,03333	49,99
26,05000	49,99
26,06667	49,99
26,08333	49,99
26,10000	49,99
26,11667	49,99
26,13333	49,99
26,15000	49,99
26,16667	49,99
26,18333	49,99
26,20000	49,99
26,21667	49,99
26,23333	49,99
26,25000	49,99
26,26667	49,99
26,28333	49,99
26,30000	49,99
26,31667	49,99
26,33333	49,99
26,35000	50,00
26,36667	50,00
26,38333	50,00
26,40000	50,00
26,41667	50,00
26,43333	50,00
26,45000	50,00
26,46667	50,00
26,48333	50,00
26,50000	50,00
26,51667	50,00
26,53333	50,00
26,55000	50,00
26,56667	50,00
26,58333	50,00
26,60000	50,00
26,61667	50,00
26,63333	50,00
26,65000	50,00
26,66667	50,00
26,68333	50,00
26,70000	50,00
26,71667	50,00
26,73333	50,00
26,75000	50,00
26,76667	50,00
26,78333	50,00
26,80000	50,00
26,81667	50,00
26,83333	50,00
26,85000	50,00
26,86667	50,00
26,88333	49,99
26,90000	49,99
26,91667	49,99
26,93333	49,99
26,95000	49,99
26,96667	49,99
26,98333	49,99
27,00000	49,99
27,01667	49,99
27,03333	49,99
27,05000	49,99
27,06667	49,99
27,08333	49,99
27,10000	49,99
27,11667	49,99
27,13333	49,99
27,15000	49,99
27,16667	49,99
27,18333	49,99
27,20000	49,99
27,21667	49,99
27,23333	49,99
27,25000	49,99
27,26667	49,99
27,28333	49,99
27,30000	49,99
27,31667	49,99
27,33333	49,99
27,35000	49,99
27,36667	49,99
27,38333	49,99
27,40000	49,99
27,41667	49,99
27,43333	49,99
27,45000	49,99
27,46667	49,99
27,48333	49,99
27,50000	49,99
27,51667	49,99
27,53333	49,99
27,55000	49,99
27,56667	49,99
27,58333	49,99
27,60000	49,99
27,61667	49,99
27,63333	49,99
27,65000	49,99
27,66667	49,99
27,68333	49,99
27,70000	49,99
27,71667	49,99
27,73333	49,99
27,75000	49,99
27,76667	49,99
27,78333	49,99
27,80000	49,99
27,81667	49,99
27,83333	49,99
27,85000	49,99
27,86667	49,99
27,88333	49,99
27,90000	49,99
27,91667	49,99
27,93333	49,99
27,95000	49,99
27,96667	49,99
27,98333	49,99
28,00000	49,99
28,01667	49,99
28,03333	49,99
28,05000	49,99
28,06667	49,99
28,08333	49,99
28,10000	49,99
28,11667	49,99
28,13333	49,99
28,15000	49,99
28,16667	49,99
28,18333	49,99
28,20000	49,99
28,21667	49,99
28,23333	49,99
28,25000	49,99
28,26667	49,99
28,28333	49,99
28,30000	49,99
28,31667	49,99
28,33333	49,99
28,35000	49,99
28,36667	49,99
28,38333	49,99
28,40000	49,99
28,41667	49,99
28,43333	49,99
28,45000	49,99
28,46667	49,99
28,48333	49,99
28,50000	49,99
28,51667	49,99
28,53333	49,99
28,55000	49,99
28,56667	49,99
28,58333	49,99
28,60000	49,99
28,61667	49,99
28,63333	49,99
28,65000	49,99
28,66667	49,99
28,68333	49,99
28,70000	49,99
28,71667	49,99
28,73333	49,99
28,75000	49,99
28,76667	49,99
28,78333	49,99
28,80000	49,99
28,81667	49,99
28,83333	49,99
28,85000	49,99
28,86667	49,99
28,88333	49,99
28,90000	49,99
28,91667	49,99
28,93333	49,99
28,95000	49,99
28,96667	49,99
28,98333	49,99
29,00000	49,99
29,01667	49,99
29,03333	49,99
29,05000	49,99
29,06667	49,99
29,08333	49,99
29,10000	49,99
29,11667	49,99
29,13333	49,99
29,15000	49,99
29,16667	49,99
29,18333	49,99
29,20000	49,99
29,21667	49,99
29,23333	49,99
29,25000	49,99
29,26667	49,99
29,28333	49,99
29,30000	49,99
29,31667	49,99
29,33333	49,99
29,35000	49,99
29,36667	49,99
29,38333	49,99
29,40000	49,99
29,41667	49,99
29,43333	49,99
29,45000	49,99
29,46667	49,99
29,48333	49,99
29,50000	49,99
29,51667	49,99
29,53333	49,99
29,55000	49,99
29,56667	49,99
29,58333	49,99
29,60000	49,99
29,61667	49,99
29,63333	49,99
29,65000	49,99
29,66667	49,99
29,68333	49,99
29,70000	49,99
29,71667	49,99
29,73333	49,99
29,75000	49,99
29,76667	49,99
29,78333	49,99
29,80000	49,99
29,81667	49,99
29,83333	49,99
29,85000	49,99
29,86667	49,99
29,88333	49,99
29,90000	49,99
29,91667	49,99
29,93333	49,99
29,95000	49,99
29,96667	49,99
29,98333	49,99
30,00000	49,99
30,01667	49,99
30,03333	49,99
30,05000	49,99
30,06667	49,99
30,08333	49,99
30,10000	49,99
30,11667	49,99
30,13333	49,99
30,15000	49,99
30,16667	49,99
30,18333	49,99
30,20000	49,99
30,21667	49,99
30,23333	49,99
30,25000	49,99
30,26667	49,99
30,28333	49,99
30,30000	49,99
30,31667	49,99
30,33333	49,99
30,35000	49,99
30,36667	49,99
30,38333	49,99
30,40000	50,00
30,41667	50,00
30,43333	50,00
30,45000	50,00
30,46667	50,00
30,48333	50,00
30,50000	50,00
30,51667	50,00
30,53333	50,00
30,55000	50,00
30,56667	50,00
30,58333	50,00
30,60000	50,00
30,61667	50,00
30,63333	50,00
30,65000	50,00
30,66667	50,00
30,68333	50,00
30,70000	50,00
30,71667	50,00
30,73333	50,00
30,75000	50,00
30,76667	50,00
30,78333	50,00
30,80000	50,00
30,81667	50,00
30,83333	50,00
30,85000	50,00
30,86667	50,00
30,88333	50,00
30,90000	50,00
30,91667	50,00
30,93333	50,00
30,95000	50,00
30,96667	50,00
30,98333	50,00
31,00000	50,00
31,01667	50,00
31,03333	50,00
31,05000	50,00
31,06667	50,00
31,08333	50,00
31,10000	50,00
31,11667	50,00
31,13333	50,00
31,15000	50,00
31,16667	50,00
31,18333	50,00
31,20000	50,00
31,21667	50,00
31,23333	50,00
31,25000	50,00
31,26667	50,00
31,28333	50,00
31,30000	50,00
31,31667	50,00
31,33333	50,00
31,35000	50,00
31,36667	50,00
31,38333	50,00
31,40000	50,00
31,41667	50,00
31,43333	50,00
31,45000	50,00
31,46667	50,00
31,48333	50,00
31,50000	50,00
31,51667	50,00
31,53333	50,00
31,55000	50,00
31,56667	50,00
31,58333	50,00
31,60000	50,00
31,61667	50,00
31,63333	50,00
31,65000	50,00
31,66667	50,00
31,68333	50,00
31,70000	50,00
31,71667	50,00
31,73333	50,00
31,75000	50,00
31,76667	50,00
31,78333	50,00
31,80000	50,00
31,81667	50,00
31,83333	50,00
31,85000	50,00
31,86667	50,00
31,88333	50,00
31,90000	50,00
31,91667	50,00
31,93333	50,00
31,95000	50,00
31,96667	50,00
31,98333	50,00
32,00000	50,00

[LC Status Trace(Room Temp.)]
Interval(msec)	1000
# of Points	1921
Start Time(min)	0,000
End Time(min)	32,000
Intensity Units	C
Intensity Multiplier	1
R.Time (min)	Intensity
0,00000	31,69
0,01667	31,69
0,03333	31,70
0,05000	31,70
0,06667	31,70
0,08333	31,70
0,10000	31,70
0,11667	31,69
0,13333	31,69
0,15000	31,69
0,16667	31,69
0,18333	31,69
0,20000	31,69
0,21667	31,69
0,23333	31,69
0,25000	31,70
0,26667	31,70
0,28333	31,70
0,30000	31,70
0,31667	31,70
0,33333	31,70
0,35000	31,70
0,36667	31,70
0,38333	31,70
0,40000	31,70
0,41667	31,70
0,43333	31,70
0,45000	31,70
0,46667	31,70
0,48333	31,70
0,50000	31,69
0,51667	31,68
0,53333	31,68
0,55000	31,66
0,56667	31,66
0,58333	31,65
0,60000	31,65
0,61667	31,65
0,63333	31,64
0,65000	31,64
0,66667	31,64
0,68333	31,64
0,70000	31,64
0,71667	31,64
0,73333	31,64
0,75000	31,64
0,76667	31,65
0,78333	31,65
0,80000	31,65
0,81667	31,65
0,83333	31,65
0,85000	31,65
0,86667	31,66
0,88333	31,66
0,90000	31,66
0,91667	31,66
0,93333	31,66
0,95000	31,66
0,96667	31,66
0,98333	31,66
1,00000	31,66
1,01667	31,67
1,03333	31,67
1,05000	31,67
1,06667	31,67
1,08333	31,67
1,10000	31,67
1,11667	31,67
1,13333	31,67
1,15000	31,67
1,16667	31,67
1,18333	31,67
1,20000	31,67
1,21667	31,67
1,23333	31,68
1,25000	31,68
1,26667	31,68
1,28333	31,68
1,30000	31,68
1,31667	31,68
1,33333	31,68
1,35000	31,68
1,36667	31,68
1,38333	31,67
1,40000	31,67
1,41667	31,67
1,43333	31,67
1,45000	31,67
1,46667	31,67
1,48333	31,67
1,50000	31,68
1,51667	31,67
1,53333	31,67
1,55000	31,67
1,56667	31,66
1,58333	31,66
1,60000	31,66
1,61667	31,66
1,63333	31,66
1,65000	31,66
1,66667	31,66
1,68333	31,66
1,70000	31,66
1,71667	31,66
1,73333	31,66
1,75000	31,66
1,76667	31,66
1,78333	31,66
1,80000	31,66
1,81667	31,66
1,83333	31,66
1,85000	31,66
1,86667	31,66
1,88333	31,66
1,90000	31,66
1,91667	31,66
1,93333	31,66
1,95000	31,66
1,96667	31,66
1,98333	31,66
2,00000	31,66
2,01667	31,66
2,03333	31,66
2,05000	31,66
2,06667	31,66
2,08333	31,66
2,10000	31,66
2,11667	31,66
2,13333	31,66
2,15000	31,66
2,16667	31,66
2,18333	31,66
2,20000	31,66
2,21667	31,66
2,23333	31,66
2,25000	31,66
2,26667	31,66
2,28333	31,66
2,30000	31,66
2,31667	31,66
2,33333	31,66
2,35000	31,67
2,36667	31,67
2,38333	31,67
2,40000	31,67
2,41667	31,67
2,43333	31,67
2,45000	31,67
2,46667	31,68
2,48333	31,68
2,50000	31,68
2,51667	31,68
2,53333	31,69
2,55000	31,69
2,56667	31,69
2,58333	31,70
2,60000	31,70
2,61667	31,70
2,63333	31,70
2,65000	31,70
2,66667	31,71
2,68333	31,71
2,70000	31,71
2,71667	31,71
2,73333	31,71
2,75000	31,72
2,76667	31,72
2,78333	31,72
2,80000	31,72
2,81667	31,72
2,83333	31,71
2,85000	31,71
2,86667	31,71
2,88333	31,72
2,90000	31,72
2,91667	31,72
2,93333	31,73
2,95000	31,73
2,96667	31,73
2,98333	31,73
3,00000	31,73
3,01667	31,73
3,03333	31,73
3,05000	31,73
3,06667	31,73
3,08333	31,73
3,10000	31,73
3,11667	31,73
3,13333	31,73
3,15000	31,72
3,16667	31,72
3,18333	31,72
3,20000	31,72
3,21667	31,71
3,23333	31,71
3,25000	31,71
3,26667	31,71
3,28333	31,71
3,30000	31,71
3,31667	31,71
3,33333	31,71
3,35000	31,71
3,36667	31,71
3,38333	31,71
3,40000	31,71
3,41667	31,71
3,43333	31,70
3,45000	31,70
3,46667	31,71
3,48333	31,70
3,50000	31,70
3,51667	31,70
3,53333	31,70
3,55000	31,70
3,56667	31,71
3,58333	31,71
3,60000	31,71
3,61667	31,71
3,63333	31,71
3,65000	31,71
3,66667	31,71
3,68333	31,71
3,70000	31,71
3,71667	31,71
3,73333	31,71
3,75000	31,71
3,76667	31,71
3,78333	31,71
3,80000	31,72
3,81667	31,72
3,83333	31,72
3,85000	31,72
3,86667	31,72
3,88333	31,73
3,90000	31,73
3,91667	31,73
3,93333	31,73
3,95000	31,73
3,96667	31,72
3,98333	31,72
4,00000	31,72
4,01667	31,71
4,03333	31,71
4,05000	31,71
4,06667	31,71
4,08333	31,70
4,10000	31,70
4,11667	31,70
4,13333	31,70
4,15000	31,69
4,16667	31,69
4,18333	31,69
4,20000	31,69
4,21667	31,69
4,23333	31,69
4,25000	31,69
4,26667	31,69
4,28333	31,69
4,30000	31,69
4,31667	31,69
4,33333	31,69
4,35000	31,69
4,36667	31,70
4,38333	31,70
4,40000	31,70
4,41667	31,70
4,43333	31,70
4,45000	31,70
4,46667	31,70
4,48333	31,70
4,50000	31,70
4,51667	31,69
4,53333	31,69
4,55000	31,69
4,56667	31,68
4,58333	31,68
4,60000	31,68
4,61667	31,68
4,63333	31,68
4,65000	31,68
4,66667	31,68
4,68333	31,68
4,70000	31,68
4,71667	31,68
4,73333	31,68
4,75000	31,68
4,76667	31,68
4,78333	31,68
4,80000	31,68
4,81667	31,69
4,83333	31,69
4,85000	31,69
4,86667	31,70
4,88333	31,70
4,90000	31,70
4,91667	31,71
4,93333	31,71
4,95000	31,71
4,96667	31,71
4,98333	31,71
5,00000	31,72
5,01667	31,72
5,03333	31,72
5,05000	31,72
5,06667	31,73
5,08333	31,73
5,10000	31,73
5,11667	31,73
5,13333	31,72
5,15000	31,72
5,16667	31,72
5,18333	31,71
5,20000	31,71
5,21667	31,71
5,23333	31,70
5,25000	31,70
5,26667	31,69
5,28333	31,69
5,30000	31,69
5,31667	31,68
5,33333	31,67
5,35000	31,67
5,36667	31,67
5,38333	31,67
5,40000	31,67
5,41667	31,66
5,43333	31,66
5,45000	31,66
5,46667	31,67
5,48333	31,67
5,50000	31,67
5,51667	31,67
5,53333	31,67
5,55000	31,67
5,56667	31,67
5,58333	31,67
5,60000	31,67
5,61667	31,67
5,63333	31,67
5,65000	31,67
5,66667	31,67
5,68333	31,66
5,70000	31,66
5,71667	31,66
5,73333	31,65
5,75000	31,65
5,76667	31,64
5,78333	31,63
5,80000	31,63
5,81667	31,63
5,83333	31,62
5,85000	31,62
5,86667	31,62
5,88333	31,62
5,90000	31,62
5,91667	31,62
5,93333	31,62
5,95000	31,63
5,96667	31,63
5,98333	31,63
6,00000	31,64
6,01667	31,64
6,03333	31,64
6,05000	31,64
6,06667	31,64
6,08333	31,64
6,10000	31,64
6,11667	31,64
6,13333	31,63
6,15000	31,62
6,16667	31,62
6,18333	31,61
6,20000	31,61
6,21667	31,61
6,23333	31,61
6,25000	31,61
6,26667	31,61
6,28333	31,61
6,30000	31,61
6,31667	31,61
6,33333	31,61
6,35000	31,61
6,36667	31,61
6,38333	31,62
6,40000	31,62
6,41667	31,62
6,43333	31,62
6,45000	31,62
6,46667	31,61
6,48333	31,61
6,50000	31,61
6,51667	31,61
6,53333	31,61
6,55000	31,61
6,56667	31,61
6,58333	31,61
6,60000	31,62
6,61667	31,62
6,63333	31,62
6,65000	31,62
6,66667	31,62
6,68333	31,63
6,70000	31,63
6,71667	31,63
6,73333	31,64
6,75000	31,64
6,76667	31,64
6,78333	31,64
6,80000	31,64
6,81667	31,64
6,83333	31,64
6,85000	31,64
6,86667	31,64
6,88333	31,65
6,90000	31,65
6,91667	31,65
6,93333	31,65
6,95000	31,65
6,96667	31,65
6,98333	31,65
7,00000	31,66
7,01667	31,66
7,03333	31,66
7,05000	31,67
7,06667	31,67
7,08333	31,67
7,10000	31,67
7,11667	31,67
7,13333	31,67
7,15000	31,67
7,16667	31,67
7,18333	31,67
7,20000	31,67
7,21667	31,68
7,23333	31,68
7,25000	31,67
7,26667	31,67
7,28333	31,67
7,30000	31,67
7,31667	31,67
7,33333	31,67
7,35000	31,67
7,36667	31,67
7,38333	31,67
7,40000	31,67
7,41667	31,67
7,43333	31,67
7,45000	31,67
7,46667	31,67
7,48333	31,67
7,50000	31,67
7,51667	31,67
7,53333	31,68
7,55000	31,68
7,56667	31,68
7,58333	31,68
7,60000	31,68
7,61667	31,67
7,63333	31,67
7,65000	31,67
7,66667	31,67
7,68333	31,67
7,70000	31,67
7,71667	31,66
7,73333	31,66
7,75000	31,66
7,76667	31,66
7,78333	31,66
7,80000	31,66
7,81667	31,66
7,83333	31,66
7,85000	31,66
7,86667	31,66
7,88333	31,66
7,90000	31,66
7,91667	31,66
7,93333	31,67
7,95000	31,67
7,96667	31,67
7,98333	31,66
8,00000	31,66
8,01667	31,66
8,03333	31,66
8,05000	31,66
8,06667	31,66
8,08333	31,66
8,10000	31,66
8,11667	31,66
8,13333	31,66
8,15000	31,66
8,16667	31,66
8,18333	31,66
8,20000	31,67
8,21667	31,67
8,23333	31,67
8,25000	31,67
8,26667	31,67
8,28333	31,67
8,30000	31,67
8,31667	31,67
8,33333	31,67
8,35000	31,67
8,36667	31,67
8,38333	31,67
8,40000	31,67
8,41667	31,67
8,43333	31,67
8,45000	31,67
8,46667	31,67
8,48333	31,67
8,50000	31,67
8,51667	31,67
8,53333	31,66
8,55000	31,66
8,56667	31,66
8,58333	31,66
8,60000	31,66
8,61667	31,66
8,63333	31,66
8,65000	31,66
8,66667	31,66
8,68333	31,66
8,70000	31,66
8,71667	31,66
8,73333	31,66
8,75000	31,66
8,76667	31,66
8,78333	31,66
8,80000	31,66
8,81667	31,66
8,83333	31,66
8,85000	31,66
8,86667	31,66
8,88333	31,66
8,90000	31,66
8,91667	31,66
8,93333	31,67
8,95000	31,67
8,96667	31,67
8,98333	31,67
9,00000	31,67
9,01667	31,67
9,03333	31,68
9,05000	31,68
9,06667	31,68
9,08333	31,68
9,10000	31,68
9,11667	31,68
9,13333	31,68
9,15000	31,68
9,16667	31,67
9,18333	31,67
9,20000	31,66
9,21667	31,66
9,23333	31,66
9,25000	31,66
9,26667	31,66
9,28333	31,66
9,30000	31,66
9,31667	31,66
9,33333	31,66
9,35000	31,66
9,36667	31,65
9,38333	31,65
9,40000	31,65
9,41667	31,65
9,43333	31,65
9,45000	31,65
9,46667	31,65
9,48333	31,65
9,50000	31,65
9,51667	31,65
9,53333	31,65
9,55000	31,65
9,56667	31,65
9,58333	31,65
9,60000	31,65
9,61667	31,64
9,63333	31,64
9,65000	31,63
9,66667	31,63
9,68333	31,62
9,70000	31,62
9,71667	31,62
9,73333	31,61
9,75000	31,61
9,76667	31,61
9,78333	31,61
9,80000	31,61
9,81667	31,60
9,83333	31,60
9,85000	31,60
9,86667	31,60
9,88333	31,60
9,90000	31,60
9,91667	31,60
9,93333	31,60
9,95000	31,60
9,96667	31,60
9,98333	31,60
10,00000	31,60
10,01667	31,60
10,03333	31,60
10,05000	31,59
10,06667	31,59
10,08333	31,59
10,10000	31,58
10,11667	31,58
10,13333	31,58
10,15000	31,58
10,16667	31,58
10,18333	31,58
10,20000	31,58
10,21667	31,58
10,23333	31,59
10,25000	31,59
10,26667	31,59
10,28333	31,59
10,30000	31,59
10,31667	31,60
10,33333	31,60
10,35000	31,60
10,36667	31,60
10,38333	31,61
10,40000	31,61
10,41667	31,61
10,43333	31,61
10,45000	31,61
10,46667	31,61
10,48333	31,61
10,50000	31,61
10,51667	31,61
10,53333	31,61
10,55000	31,62
10,56667	31,62
10,58333	31,62
10,60000	31,62
10,61667	31,62
10,63333	31,62
10,65000	31,63
10,66667	31,63
10,68333	31,63
10,70000	31,63
10,71667	31,63
10,73333	31,62
10,75000	31,62
10,76667	31,62
10,78333	31,62
10,80000	31,62
10,81667	31,62
10,83333	31,63
10,85000	31,63
10,86667	31,63
10,88333	31,63
10,90000	31,63
10,91667	31,63
10,93333	31,63
10,95000	31,64
10,96667	31,64
10,98333	31,64
11,00000	31,64
11,01667	31,64
11,03333	31,64
11,05000	31,64
11,06667	31,64
11,08333	31,64
11,10000	31,64
11,11667	31,64
11,13333	31,64
11,15000	31,64
11,16667	31,64
11,18333	31,64
11,20000	31,65
11,21667	31,65
11,23333	31,65
11,25000	31,65
11,26667	31,65
11,28333	31,65
11,30000	31,65
11,31667	31,65
11,33333	31,65
11,35000	31,65
11,36667	31,65
11,38333	31,65
11,40000	31,65
11,41667	31,65
11,43333	31,65
11,45000	31,65
11,46667	31,65
11,48333	31,65
11,50000	31,65
11,51667	31,65
11,53333	31,65
11,55000	31,65
11,56667	31,65
11,58333	31,65
11,60000	31,65
11,61667	31,66
11,63333	31,66
11,65000	31,66
11,66667	31,65
11,68333	31,65
11,70000	31,65
11,71667	31,65
11,73333	31,65
11,75000	31,65
11,76667	31,65
11,78333	31,65
11,80000	31,65
11,81667	31,65
11,83333	31,65
11,85000	31,65
11,86667	31,65
11,88333	31,65
11,90000	31,65
11,91667	31,65
11,93333	31,65
11,95000	31,65
11,96667	31,65
11,98333	31,65
12,00000	31,65
12,01667	31,65
12,03333	31,65
12,05000	31,65
12,06667	31,65
12,08333	31,65
12,10000	31,65
12,11667	31,65
12,13333	31,65
12,15000	31,65
12,16667	31,66
12,18333	31,66
12,20000	31,66
12,21667	31,66
12,23333	31,66
12,25000	31,66
12,26667	31,66
12,28333	31,66
12,30000	31,65
12,31667	31,65
12,33333	31,65
12,35000	31,65
12,36667	31,65
12,38333	31,65
12,40000	31,65
12,41667	31,64
12,43333	31,64
12,45000	31,64
12,46667	31,64
12,48333	31,65
12,50000	31,65
12,51667	31,65
12,53333	31,65
12,55000	31,65
12,56667	31,65
12,58333	31,66
12,60000	31,66
12,61667	31,66
12,63333	31,66
12,65000	31,66
12,66667	31,66
12,68333	31,66
12,70000	31,67
12,71667	31,67
12,73333	31,67
12,75000	31,67
12,76667	31,67
12,78333	31,67
12,80000	31,67
12,81667	31,67
12,83333	31,67
12,85000	31,67
12,86667	31,67
12,88333	31,67
12,90000	31,67
12,91667	31,67
12,93333	31,67
12,95000	31,67
12,96667	31,67
12,98333	31,67
13,00000	31,67
13,01667	31,68
13,03333	31,68
13,05000	31,68
13,06667	31,69
13,08333	31,69
13,10000	31,69
13,11667	31,69
13,13333	31,69
13,15000	31,69
13,16667	31,69
13,18333	31,69
13,20000	31,69
13,21667	31,69
13,23333	31,69
13,25000	31,68
13,26667	31,68
13,28333	31,68
13,30000	31,68
13,31667	31,68
13,33333	31,68
13,35000	31,68
13,36667	31,68
13,38333	31,69
13,40000	31,69
13,41667	31,69
13,43333	31,69
13,45000	31,69
13,46667	31,68
13,48333	31,68
13,50000	31,68
13,51667	31,67
13,53333	31,67
13,55000	31,66
13,56667	31,66
13,58333	31,66
13,60000	31,65
13,61667	31,65
13,63333	31,65
13,65000	31,64
13,66667	31,64
13,68333	31,64
13,70000	31,64
13,71667	31,64
13,73333	31,64
13,75000	31,64
13,76667	31,64
13,78333	31,64
13,80000	31,64
13,81667	31,64
13,83333	31,64
13,85000	31,64
13,86667	31,65
13,88333	31,65
13,90000	31,64
13,91667	31,64
13,93333	31,64
13,95000	31,64
13,96667	31,64
13,98333	31,64
14,00000	31,64
14,01667	31,64
14,03333	31,64
14,05000	31,64
14,06667	31,64
14,08333	31,64
14,10000	31,64
14,11667	31,64
14,13333	31,64
14,15000	31,64
14,16667	31,64
14,18333	31,64
14,20000	31,64
14,21667	31,64
14,23333	31,64
14,25000	31,64
14,26667	31,64
14,28333	31,64
14,30000	31,64
14,31667	31,64
14,33333	31,64
14,35000	31,64
14,36667	31,63
14,38333	31,63
14,40000	31,62
14,41667	31,60
14,43333	31,60
14,45000	31,58
14,46667	31,55
14,48333	31,55
14,50000	31,53
14,51667	31,51
14,53333	31,51
14,55000	31,50
14,56667	31,50
14,58333	31,49
14,60000	31,49
14,61667	31,49
14,63333	31,49
14,65000	31,49
14,66667	31,49
14,68333	31,49
14,70000	31,49
14,71667	31,49
14,73333	31,49
14,75000	31,49
14,76667	31,49
14,78333	31,49
14,80000	31,49
14,81667	31,49
14,83333	31,49
14,85000	31,49
14,86667	31,49
14,88333	31,49
14,90000	31,49
14,91667	31,49
14,93333	31,49
14,95000	31,49
14,96667	31,50
14,98333	31,50
15,00000	31,51
15,01667	31,51
15,03333	31,51
15,05000	31,52
15,06667	31,53
15,08333	31,53
15,10000	31,53
15,11667	31,53
15,13333	31,54
15,15000	31,54
15,16667	31,54
15,18333	31,54
15,20000	31,54
15,21667	31,54
15,23333	31,55
15,25000	31,55
15,26667	31,55
15,28333	31,55
15,30000	31,55
15,31667	31,55
15,33333	31,55
15,35000	31,55
15,36667	31,56
15,38333	31,56
15,40000	31,56
15,41667	31,56
15,43333	31,56
15,45000	31,56
15,46667	31,56
15,48333	31,56
15,50000	31,56
15,51667	31,56
15,53333	31,56
15,55000	31,56
15,56667	31,56
15,58333	31,56
15,60000	31,56
15,61667	31,57
15,63333	31,57
15,65000	31,57
15,66667	31,58
15,68333	31,58
15,70000	31,58
15,71667	31,59
15,73333	31,59
15,75000	31,59
15,76667	31,59
15,78333	31,59
15,80000	31,59
15,81667	31,59
15,83333	31,59
15,85000	31,59
15,86667	31,59
15,88333	31,59
15,90000	31,59
15,91667	31,59
15,93333	31,59
15,95000	31,59
15,96667	31,59
15,98333	31,59
16,00000	31,59
16,01667	31,59
16,03333	31,59
16,05000	31,59
16,06667	31,59
16,08333	31,58
16,10000	31,58
16,11667	31,58
16,13333	31,58
16,15000	31,58
16,16667	31,58
16,18333	31,58
16,20000	31,58
16,21667	31,58
16,23333	31,58
16,25000	31,58
16,26667	31,58
16,28333	31,58
16,30000	31,59
16,31667	31,59
16,33333	31,59
16,35000	31,59
16,36667	31,59
16,38333	31,59
16,40000	31,59
16,41667	31,59
16,43333	31,59
16,45000	31,59
16,46667	31,59
16,48333	31,59
16,50000	31,59
16,51667	31,59
16,53333	31,59
16,55000	31,59
16,56667	31,59
16,58333	31,59
16,60000	31,59
16,61667	31,59
16,63333	31,59
16,65000	31,59
16,66667	31,59
16,68333	31,59
16,70000	31,58
16,71667	31,58
16,73333	31,58
16,75000	31,58
16,76667	31,58
16,78333	31,58
16,80000	31,58
16,81667	31,58
16,83333	31,58
16,85000	31,58
16,86667	31,58
16,88333	31,58
16,90000	31,58
16,91667	31,58
16,93333	31,58
16,95000	31,58
16,96667	31,58
16,98333	31,58
17,00000	31,58
17,01667	31,58
17,03333	31,58
17,05000	31,58
17,06667	31,59
17,08333	31,59
17,10000	31,59
17,11667	31,59
17,13333	31,59
17,15000	31,59
17,16667	31,58
17,18333	31,58
17,20000	31,58
17,21667	31,58
17,23333	31,58
17,25000	31,58
17,26667	31,58
17,28333	31,58
17,30000	31,58
17,31667	31,58
17,33333	31,58
17,35000	31,57
17,36667	31,57
17,38333	31,56
17,40000	31,56
17,41667	31,56
17,43333	31,55
17,45000	31,55
17,46667	31,55
17,48333	31,55
17,50000	31,55
17,51667	31,54
17,53333	31,53
17,55000	31,53
17,56667	31,53
17,58333	31,53
17,60000	31,53
17,61667	31,53
17,63333	31,53
17,65000	31,53
17,66667	31,53
17,68333	31,53
17,70000	31,53
17,71667	31,52
17,73333	31,52
17,75000	31,52
17,76667	31,52
17,78333	31,52
17,80000	31,52
17,81667	31,52
17,83333	31,51
17,85000	31,51
17,86667	31,50
17,88333	31,50
17,90000	31,50
17,91667	31,49
17,93333	31,49
17,95000	31,49
17,96667	31,49
17,98333	31,49
18,00000	31,49
18,01667	31,49
18,03333	31,49
18,05000	31,49
18,06667	31,48
18,08333	31,48
18,10000	31,48
18,11667	31,49
18,13333	31,49
18,15000	31,49
18,16667	31,49
18,18333	31,49
18,20000	31,49
18,21667	31,49
18,23333	31,49
18,25000	31,49
18,26667	31,49
18,28333	31,48
18,30000	31,48
18,31667	31,48
18,33333	31,47
18,35000	31,47
18,36667	31,47
18,38333	31,47
18,40000	31,47
18,41667	31,47
18,43333	31,47
18,45000	31,47
18,46667	31,48
18,48333	31,48
18,50000	31,48
18,51667	31,49
18,53333	31,49
18,55000	31,49
18,56667	31,49
18,58333	31,49
18,60000	31,50
18,61667	31,50
18,63333	31,50
18,65000	31,50
18,66667	31,50
18,68333	31,50
18,70000	31,50
18,71667	31,50
18,73333	31,49
18,75000	31,49
18,76667	31,49
18,78333	31,49
18,80000	31,49
18,81667	31,49
18,83333	31,48
18,85000	31,48
18,86667	31,48
18,88333	31,48
18,90000	31,48
18,91667	31,48
18,93333	31,48
18,95000	31,48
18,96667	31,48
18,98333	31,48
19,00000	31,48
19,01667	31,48
19,03333	31,48
19,05000	31,48
19,06667	31,48
19,08333	31,48
19,10000	31,48
19,11667	31,49
19,13333	31,49
19,15000	31,49
19,16667	31,49
19,18333	31,48
19,20000	31,48
19,21667	31,48
19,23333	31,49
19,25000	31,49
19,26667	31,49
19,28333	31,49
19,30000	31,50
19,31667	31,50
19,33333	31,50
19,35000	31,50
19,36667	31,50
19,38333	31,50
19,40000	31,51
19,41667	31,51
19,43333	31,51
19,45000	31,50
19,46667	31,50
19,48333	31,50
19,50000	31,50
19,51667	31,50
19,53333	31,50
19,55000	31,50
19,56667	31,50
19,58333	31,50
19,60000	31,50
19,61667	31,50
19,63333	31,50
19,65000	31,50
19,66667	31,50
19,68333	31,49
19,70000	31,49
19,71667	31,49
19,73333	31,49
19,75000	31,49
19,76667	31,49
19,78333	31,48
19,80000	31,48
19,81667	31,48
19,83333	31,48
19,85000	31,48
19,86667	31,49
19,88333	31,49
19,90000	31,49
19,91667	31,49
19,93333	31,49
19,95000	31,49
19,96667	31,49
19,98333	31,49
20,00000	31,49
20,01667	31,49
20,03333	31,49
20,05000	31,49
20,06667	31,48
20,08333	31,48
20,10000	31,48
20,11667	31,48
20,13333	31,48
20,15000	31,47
20,16667	31,47
20,18333	31,47
20,20000	31,47
20,21667	31,47
20,23333	31,47
20,25000	31,47
20,26667	31,48
20,28333	31,48
20,30000	31,48
20,31667	31,48
20,33333	31,48
20,35000	31,48
20,36667	31,48
20,38333	31,49
20,40000	31,49
20,41667	31,49
20,43333	31,49
20,45000	31,48
20,46667	31,48
20,48333	31,48
20,50000	31,49
20,51667	31,49
20,53333	31,49
20,55000	31,49
20,56667	31,49
20,58333	31,49
20,60000	31,49
20,61667	31,50
20,63333	31,50
20,65000	31,50
20,66667	31,50
20,68333	31,50
20,70000	31,51
20,71667	31,51
20,73333	31,51
20,75000	31,51
20,76667	31,51
20,78333	31,52
20,80000	31,52
20,81667	31,53
20,83333	31,53
20,85000	31,53
20,86667	31,53
20,88333	31,53
20,90000	31,53
20,91667	31,53
20,93333	31,53
20,95000	31,53
20,96667	31,54
20,98333	31,54
21,00000	31,54
21,01667	31,54
21,03333	31,54
21,05000	31,54
21,06667	31,54
21,08333	31,54
21,10000	31,54
21,11667	31,55
21,13333	31,55
21,15000	31,55
21,16667	31,55
21,18333	31,55
21,20000	31,55
21,21667	31,55
21,23333	31,55
21,25000	31,55
21,26667	31,56
21,28333	31,56
21,30000	31,56
21,31667	31,56
21,33333	31,56
21,35000	31,56
21,36667	31,56
21,38333	31,56
21,40000	31,56
21,41667	31,56
21,43333	31,56
21,45000	31,56
21,46667	31,55
21,48333	31,55
21,50000	31,55
21,51667	31,55
21,53333	31,55
21,55000	31,55
21,56667	31,55
21,58333	31,55
21,60000	31,55
21,61667	31,56
21,63333	31,56
21,65000	31,56
21,66667	31,56
21,68333	31,56
21,70000	31,56
21,71667	31,56
21,73333	31,56
21,75000	31,55
21,76667	31,55
21,78333	31,55
21,80000	31,55
21,81667	31,54
21,83333	31,54
21,85000	31,54
21,86667	31,54
21,88333	31,54
21,90000	31,53
21,91667	31,53
21,93333	31,53
21,95000	31,53
21,96667	31,52
21,98333	31,52
22,00000	31,51
22,01667	31,51
22,03333	31,51
22,05000	31,51
22,06667	31,50
22,08333	31,50
22,10000	31,50
22,11667	31,51
22,13333	31,51
22,15000	31,51
22,16667	31,51
22,18333	31,51
22,20000	31,51
22,21667	31,51
22,23333	31,51
22,25000	31,51
22,26667	31,51
22,28333	31,51
22,30000	31,51
22,31667	31,51
22,33333	31,51
22,35000	31,51
22,36667	31,51
22,38333	31,51
22,40000	31,51
22,41667	31,51
22,43333	31,51
22,45000	31,51
22,46667	31,51
22,48333	31,52
22,50000	31,52
22,51667	31,52
22,53333	31,52
22,55000	31,52
22,56667	31,52
22,58333	31,53
22,60000	31,53
22,61667	31,53
22,63333	31,53
22,65000	31,53
22,66667	31,53
22,68333	31,53
22,70000	31,54
22,71667	31,54
22,73333	31,54
22,75000	31,54
22,76667	31,53
22,78333	31,53
22,80000	31,54
22,81667	31,54
22,83333	31,54
22,85000	31,54
22,86667	31,55
22,88333	31,56
22,90000	31,56
22,91667	31,56
22,93333	31,56
22,95000	31,57
22,96667	31,57
22,98333	31,57
23,00000	31,57
23,01667	31,57
23,03333	31,57
23,05000	31,56
23,06667	31,55
23,08333	31,55
23,10000	31,55
23,11667	31,54
23,13333	31,54
23,15000	31,54
23,16667	31,54
23,18333	31,54
23,20000	31,53
23,21667	31,53
23,23333	31,53
23,25000	31,53
23,26667	31,53
23,28333	31,53
23,30000	31,53
23,31667	31,53
23,33333	31,53
23,35000	31,53
23,36667	31,53
23,38333	31,53
23,40000	31,53
23,41667	31,53
23,43333	31,53
23,45000	31,52
23,46667	31,52
23,48333	31,52
23,50000	31,51
23,51667	31,51
23,53333	31,51
23,55000	31,50
23,56667	31,49
23,58333	31,49
23,60000	31,49
23,61667	31,49
23,63333	31,48
23,65000	31,48
23,66667	31,48
23,68333	31,48
23,70000	31,48
23,71667	31,47
23,73333	31,47
23,75000	31,47
23,76667	31,47
23,78333	31,47
23,80000	31,47
23,81667	31,47
23,83333	31,47
23,85000	31,47
23,86667	31,48
23,88333	31,48
23,90000	31,48
23,91667	31,49
23,93333	31,49
23,95000	31,49
23,96667	31,49
23,98333	31,49
24,00000	31,50
24,01667	31,50
24,03333	31,50
24,05000	31,50
24,06667	31,50
24,08333	31,49
24,10000	31,49
24,11667	31,49
24,13333	31,49
24,15000	31,49
24,16667	31,48
24,18333	31,48
24,20000	31,48
24,21667	31,48
24,23333	31,48
24,25000	31,48
24,26667	31,49
24,28333	31,49
24,30000	31,49
24,31667	31,49
24,33333	31,50
24,35000	31,50
24,36667	31,50
24,38333	31,50
24,40000	31,50
24,41667	31,50
24,43333	31,50
24,45000	31,51
24,46667	31,51
24,48333	31,51
24,50000	31,50
24,51667	31,50
24,53333	31,50
24,55000	31,50
24,56667	31,50
24,58333	31,50
24,60000	31,50
24,61667	31,50
24,63333	31,50
24,65000	31,50
24,66667	31,50
24,68333	31,50
24,70000	31,50
24,71667	31,50
24,73333	31,50
24,75000	31,50
24,76667	31,50
24,78333	31,50
24,80000	31,50
24,81667	31,50
24,83333	31,50
24,85000	31,50
24,86667	31,50
24,88333	31,50
24,90000	31,51
24,91667	31,51
24,93333	31,51
24,95000	31,51
24,96667	31,51
24,98333	31,51
25,00000	31,51
25,01667	31,52
25,03333	31,52
25,05000	31,52
25,06667	31,53
25,08333	31,53
25,10000	31,53
25,11667	31,53
25,13333	31,53
25,15000	31,53
25,16667	31,54
25,18333	31,54
25,20000	31,54
25,21667	31,54
25,23333	31,54
25,25000	31,55
25,26667	31,55
25,28333	31,55
25,30000	31,55
25,31667	31,56
25,33333	31,56
25,35000	31,56
25,36667	31,56
25,38333	31,56
25,40000	31,56
25,41667	31,56
25,43333	31,56
25,45000	31,56
25,46667	31,56
25,48333	31,57
25,50000	31,57
25,51667	31,57
25,53333	31,57
25,55000	31,57
25,56667	31,57
25,58333	31,58
25,60000	31,58
25,61667	31,58
25,63333	31,58
25,65000	31,58
25,66667	31,57
25,68333	31,57
25,70000	31,57
25,71667	31,56
25,73333	31,56
25,75000	31,56
25,76667	31,56
25,78333	31,56
25,80000	31,55
25,81667	31,55
25,83333	31,55
25,85000	31,55
25,86667	31,55
25,88333	31,55
25,90000	31,55
25,91667	31,55
25,93333	31,55
25,95000	31,55
25,96667	31,55
25,98333	31,54
26,00000	31,54
26,01667	31,54
26,03333	31,54
26,05000	31,54
26,06667	31,54
26,08333	31,54
26,10000	31,54
26,11667	31,54
26,13333	31,54
26,15000	31,54
26,16667	31,54
26,18333	31,54
26,20000	31,54
26,21667	31,54
26,23333	31,54
26,25000	31,54
26,26667	31,54
26,28333	31,54
26,30000	31,54
26,31667	31,54
26,33333	31,54
26,35000	31,54
26,36667	31,54
26,38333	31,54
26,40000	31,54
26,41667	31,54
26,43333	31,54
26,45000	31,54
26,46667	31,54
26,48333	31,54
26,50000	31,55
26,51667	31,55
26,53333	31,55
26,55000	31,55
26,56667	31,55
26,58333	31,55
26,60000	31,55
26,61667	31,54
26,63333	31,54
26,65000	31,54
26,66667	31,54
26,68333	31,54
26,70000	31,54
26,71667	31,54
26,73333	31,54
26,75000	31,54
26,76667	31,54
26,78333	31,55
26,80000	31,55
26,81667	31,55
26,83333	31,54
26,85000	31,54
26,86667	31,54
26,88333	31,54
26,90000	31,54
26,91667	31,54
26,93333	31,54
26,95000	31,55
26,96667	31,55
26,98333	31,55
27,00000	31,55
27,01667	31,55
27,03333	31,55
27,05000	31,54
27,06667	31,54
27,08333	31,54
27,10000	31,54
27,11667	31,54
27,13333	31,54
27,15000	31,54
27,16667	31,54
27,18333	31,55
27,20000	31,55
27,21667	31,55
27,23333	31,55
27,25000	31,54
27,26667	31,54
27,28333	31,54
27,30000	31,54
27,31667	31,54
27,33333	31,54
27,35000	31,54
27,36667	31,54
27,38333	31,54
27,40000	31,53
27,41667	31,53
27,43333	31,53
27,45000	31,53
27,46667	31,53
27,48333	31,53
27,50000	31,52
27,51667	31,52
27,53333	31,52
27,55000	31,52
27,56667	31,52
27,58333	31,52
27,60000	31,53
27,61667	31,53
27,63333	31,53
27,65000	31,54
27,66667	31,54
27,68333	31,54
27,70000	31,54
27,71667	31,54
27,73333	31,54
27,75000	31,54
27,76667	31,54
27,78333	31,54
27,80000	31,54
27,81667	31,54
27,83333	31,54
27,85000	31,54
27,86667	31,53
27,88333	31,53
27,90000	31,53
27,91667	31,53
27,93333	31,53
27,95000	31,52
27,96667	31,52
27,98333	31,52
28,00000	31,52
28,01667	31,52
28,03333	31,52
28,05000	31,52
28,06667	31,52
28,08333	31,51
28,10000	31,51
28,11667	31,51
28,13333	31,51
28,15000	31,51
28,16667	31,51
28,18333	31,52
28,20000	31,52
28,21667	31,52
28,23333	31,53
28,25000	31,53
28,26667	31,53
28,28333	31,53
28,30000	31,53
28,31667	31,53
28,33333	31,53
28,35000	31,53
28,36667	31,53
28,38333	31,53
28,40000	31,53
28,41667	31,53
28,43333	31,53
28,45000	31,53
28,46667	31,53
28,48333	31,53
28,50000	31,53
28,51667	31,53
28,53333	31,53
28,55000	31,53
28,56667	31,53
28,58333	31,53
28,60000	31,53
28,61667	31,53
28,63333	31,53
28,65000	31,53
28,66667	31,53
28,68333	31,53
28,70000	31,53
28,71667	31,52
28,73333	31,51
28,75000	31,51
28,76667	31,50
28,78333	31,49
28,80000	31,49
28,81667	31,48
28,83333	31,48
28,85000	31,48
28,86667	31,48
28,88333	31,48
28,90000	31,48
28,91667	31,48
28,93333	31,48
28,95000	31,48
28,96667	31,48
28,98333	31,48
29,00000	31,48
29,01667	31,48
29,03333	31,48
29,05000	31,49
29,06667	31,49
29,08333	31,49
29,10000	31,49
29,11667	31,49
29,13333	31,49
29,15000	31,50
29,16667	31,50
29,18333	31,50
29,20000	31,50
29,21667	31,50
29,23333	31,50
29,25000	31,50
29,26667	31,50
29,28333	31,50
29,30000	31,50
29,31667	31,51
29,33333	31,51
29,35000	31,51
29,36667	31,51
29,38333	31,51
29,40000	31,51
29,41667	31,51
29,43333	31,51
29,45000	31,51
29,46667	31,51
29,48333	31,50
29,50000	31,50
29,51667	31,49
29,53333	31,48
29,55000	31,48
29,56667	31,48
29,58333	31,47
29,60000	31,47
29,61667	31,46
29,63333	31,46
29,65000	31,45
29,66667	31,45
29,68333	31,45
29,70000	31,45
29,71667	31,44
29,73333	31,44
29,75000	31,43
29,76667	31,43
29,78333	31,43
29,80000	31,43
29,81667	31,43
29,83333	31,43
29,85000	31,43
29,86667	31,42
29,88333	31,42
29,90000	31,42
29,91667	31,42
29,93333	31,42
29,95000	31,42
29,96667	31,43
29,98333	31,43
30,00000	31,43
30,01667	31,43
30,03333	31,43
30,05000	31,43
30,06667	31,43
30,08333	31,43
30,10000	31,44
30,11667	31,44
30,13333	31,44
30,15000	31,44
30,16667	31,44
30,18333	31,44
30,20000	31,45
30,21667	31,45
30,23333	31,45
30,25000	31,45
30,26667	31,45
30,28333	31,46
30,30000	31,46
30,31667	31,47
30,33333	31,47
30,35000	31,47
30,36667	31,47
30,38333	31,48
30,40000	31,48
30,41667	31,48
30,43333	31,48
30,45000	31,48
30,46667	31,48
30,48333	31,49
30,50000	31,49
30,51667	31,49
30,53333	31,49
30,55000	31,49
30,56667	31,50
30,58333	31,50
30,60000	31,50
30,61667	31,50
30,63333	31,50
30,65000	31,50
30,66667	31,50
30,68333	31,50
30,70000	31,51
30,71667	31,51
30,73333	31,51
30,75000	31,51
30,76667	31,51
30,78333	31,51
30,80000	31,51
30,81667	31,51
30,83333	31,51
30,85000	31,51
30,86667	31,51
30,88333	31,52
30,90000	31,52
30,91667	31,52
30,93333	31,52
30,95000	31,52
30,96667	31,52
30,98333	31,52
31,00000	31,52
31,01667	31,52
31,03333	31,52
31,05000	31,52
31,06667	31,52
31,08333	31,52
31,10000	31,52
31,11667	31,52
31,13333	31,52
31,15000	31,52
31,16667	31,52
31,18333	31,52
31,20000	31,52
31,21667	31,52
31,23333	31,52
31,25000	31,52
31,26667	31,53
31,28333	31,53
31,30000	31,53
31,31667	31,53
31,33333	31,54
31,35000	31,54
31,36667	31,54
31,38333	31,54
31,40000	31,54
31,41667	31,54
31,43333	31,54
31,45000	31,54
31,46667	31,54
31,48333	31,54
31,50000	31,53
31,51667	31,53
31,53333	31,53
31,55000	31,53
31,56667	31,52
31,58333	31,52
31,60000	31,52
31,61667	31,51
31,63333	31,51
31,65000	31,51
31,66667	31,51
31,68333	31,50
31,70000	31,50
31,71667	31,50
31,73333	31,50
31,75000	31,50
31,76667	31,50
31,78333	31,50
31,80000	31,50
31,81667	31,50
31,83333	31,50
31,85000	31,50
31,86667	31,50
31,88333	31,50
31,90000	31,50
31,91667	31,50
31,93333	31,50
31,95000	31,50
31,96667	31,51
31,98333	31,51
32,00000	31,51

[LC Status Trace(PDA Cell Temp.)]
Interval(msec)	1000
# of Points	1921
Start Time(min)	0,000
End Time(min)	32,000
Intensity Units	C
Intensity Multiplier	1
R.Time (min)	Intensity
0,00000	49,99
0,01667	49,99
0,03333	49,99
0,05000	49,99
0,06667	49,99
0,08333	50,00
0,10000	50,00
0,11667	50,00
0,13333	50,00
0,15000	50,00
0,16667	50,00
0,18333	50,00
0,20000	50,00
0,21667	50,00
0,23333	50,00
0,25000	50,00
0,26667	50,00
0,28333	50,00
0,30000	50,00
0,31667	50,00
0,33333	50,00
0,35000	49,99
0,36667	49,99
0,38333	49,99
0,40000	49,99
0,41667	49,99
0,43333	49,99
0,45000	49,99
0,46667	49,99
0,48333	49,99
0,50000	49,99
0,51667	49,99
0,53333	49,99
0,55000	49,99
0,56667	49,99
0,58333	49,99
0,60000	49,99
0,61667	49,99
0,63333	49,99
0,65000	49,99
0,66667	49,99
0,68333	49,99
0,70000	49,99
0,71667	49,99
0,73333	49,99
0,75000	49,99
0,76667	49,99
0,78333	49,99
0,80000	49,99
0,81667	49,99
0,83333	49,99
0,85000	50,00
0,86667	50,00
0,88333	50,00
0,90000	50,00
0,91667	50,00
0,93333	50,00
0,95000	50,00
0,96667	50,00
0,98333	50,00
1,00000	50,00
1,01667	50,00
1,03333	50,00
1,05000	50,00
1,06667	50,00
1,08333	50,00
1,10000	50,00
1,11667	50,00
1,13333	50,00
1,15000	50,00
1,16667	50,00
1,18333	49,99
1,20000	49,99
1,21667	49,99
1,23333	49,99
1,25000	49,99
1,26667	49,99
1,28333	49,99
1,30000	49,99
1,31667	49,99
1,33333	49,99
1,35000	49,99
1,36667	49,99
1,38333	49,99
1,40000	49,99
1,41667	49,99
1,43333	49,99
1,45000	49,99
1,46667	49,99
1,48333	49,99
1,50000	49,99
1,51667	49,99
1,53333	49,99
1,55000	49,99
1,56667	49,99
1,58333	49,99
1,60000	49,99
1,61667	49,99
1,63333	49,99
1,65000	49,99
1,66667	49,99
1,68333	49,99
1,70000	49,99
1,71667	49,99
1,73333	49,99
1,75000	49,99
1,76667	49,99
1,78333	49,99
1,80000	50,00
1,81667	50,00
1,83333	50,00
1,85000	50,00
1,86667	50,00
1,88333	50,00
1,90000	50,00
1,91667	50,00
1,93333	50,00
1,95000	50,00
1,96667	50,00
1,98333	50,00
2,00000	50,00
2,01667	50,00
2,03333	50,00
2,05000	50,00
2,06667	50,00
2,08333	50,00
2,10000	50,00
2,11667	50,00
2,13333	50,00
2,15000	50,00
2,16667	50,00
2,18333	50,00
2,20000	50,00
2,21667	50,00
2,23333	50,00
2,25000	49,99
2,26667	49,99
2,28333	49,99
2,30000	49,99
2,31667	49,99
2,33333	49,99
2,35000	49,99
2,36667	49,99
2,38333	49,99
2,40000	49,99
2,41667	49,99
2,43333	49,99
2,45000	49,99
2,46667	49,99
2,48333	49,99
2,50000	50,00
2,51667	50,00
2,53333	50,00
2,55000	50,00
2,56667	50,00
2,58333	50,00
2,60000	50,00
2,61667	50,00
2,63333	50,00
2,65000	50,00
2,66667	50,00
2,68333	50,00
2,70000	50,00
2,71667	50,00
2,73333	50,00
2,75000	50,00
2,76667	50,00
2,78333	50,00
2,80000	50,00
2,81667	50,00
2,83333	50,00
2,85000	50,00
2,86667	50,00
2,88333	50,00
2,90000	50,00
2,91667	50,00
2,93333	50,00
2,95000	50,00
2,96667	50,00
2,98333	50,00
3,00000	50,00
3,01667	50,00
3,03333	49,99
3,05000	49,99
3,06667	49,99
3,08333	49,99
3,10000	49,99
3,11667	49,99
3,13333	49,99
3,15000	49,99
3,16667	49,99
3,18333	49,99
3,20000	49,99
3,21667	50,00
3,23333	50,00
3,25000	50,00
3,26667	50,00
3,28333	50,00
3,30000	50,00
3,31667	50,00
3,33333	50,00
3,35000	50,00
3,36667	50,00
3,38333	50,00
3,40000	50,00
3,41667	50,00
3,43333	50,00
3,45000	50,00
3,46667	50,00
3,48333	50,00
3,50000	50,00
3,51667	50,00
3,53333	50,00
3,55000	50,00
3,56667	50,00
3,58333	50,00
3,60000	50,00
3,61667	50,00
3,63333	50,00
3,65000	50,00
3,66667	50,00
3,68333	50,00
3,70000	50,00
3,71667	50,00
3,73333	50,00
3,75000	50,00
3,76667	50,00
3,78333	50,00
3,80000	50,00
3,81667	49,99
3,83333	49,99
3,85000	49,99
3,86667	49,99
3,88333	49,99
3,90000	49,99
3,91667	49,99
3,93333	49,99
3,95000	49,99
3,96667	49,99
3,98333	49,99
4,00000	49,99
4,01667	49,99
4,03333	49,99
4,05000	50,00
4,06667	50,00
4,08333	50,00
4,10000	50,00
4,11667	50,00
4,13333	50,00
4,15000	49,99
4,16667	49,99
4,18333	49,99
4,20000	49,99
4,21667	49,99
4,23333	49,99
4,25000	49,99
4,26667	49,99
4,28333	49,99
4,30000	49,99
4,31667	49,99
4,33333	50,00
4,35000	50,00
4,36667	50,00
4,38333	50,00
4,40000	50,00
4,41667	50,00
4,43333	50,00
4,45000	50,00
4,46667	50,00
4,48333	50,00
4,50000	50,00
4,51667	50,00
4,53333	50,00
4,55000	50,00
4,56667	50,00
4,58333	50,00
4,60000	50,00
4,61667	50,00
4,63333	50,00
4,65000	50,00
4,66667	50,00
4,68333	50,00
4,70000	50,00
4,71667	50,00
4,73333	50,00
4,75000	50,00
4,76667	50,00
4,78333	50,00
4,80000	50,00
4,81667	50,00
4,83333	50,00
4,85000	50,00
4,86667	49,99
4,88333	49,99
4,90000	49,99
4,91667	49,99
4,93333	49,99
4,95000	49,99
4,96667	49,99
4,98333	49,99
5,00000	49,99
5,01667	49,99
5,03333	49,99
5,05000	49,99
5,06667	49,99
5,08333	49,99
5,10000	49,99
5,11667	49,99
5,13333	49,99
5,15000	49,99
5,16667	49,99
5,18333	49,99
5,20000	49,99
5,21667	50,00
5,23333	50,00
5,25000	50,00
5,26667	50,00
5,28333	50,00
5,30000	50,00
5,31667	50,00
5,33333	50,00
5,35000	50,00
5,36667	50,00
5,38333	50,00
5,40000	50,00
5,41667	50,00
5,43333	50,00
5,45000	50,00
5,46667	50,00
5,48333	50,00
5,50000	50,00
5,51667	50,00
5,53333	50,00
5,55000	50,00
5,56667	50,00
5,58333	50,00
5,60000	50,00
5,61667	50,00
5,63333	50,00
5,65000	50,00
5,66667	50,00
5,68333	50,00
5,70000	50,00
5,71667	50,00
5,73333	50,00
5,75000	50,00
5,76667	50,00
5,78333	50,00
5,80000	50,00
5,81667	49,99
5,83333	49,99
5,85000	49,99
5,86667	49,99
5,88333	49,99
5,90000	49,99
5,91667	49,99
5,93333	49,99
5,95000	49,99
5,96667	49,99
5,98333	49,99
6,00000	49,99
6,01667	49,99
6,03333	49,99
6,05000	49,99
6,06667	49,99
6,08333	49,99
6,10000	49,99
6,11667	49,99
6,13333	49,99
6,15000	49,99
6,16667	50,00
6,18333	50,00
6,20000	50,00
6,21667	50,00
6,23333	50,00
6,25000	50,00
6,26667	50,00
6,28333	50,00
6,30000	50,00
6,31667	50,00
6,33333	50,00
6,35000	50,00
6,36667	50,00
6,38333	50,00
6,40000	50,00
6,41667	50,00
6,43333	50,00
6,45000	50,00
6,46667	50,00
6,48333	50,00
6,50000	50,00
6,51667	50,00
6,53333	50,00
6,55000	50,00
6,56667	50,00
6,58333	50,00
6,60000	50,00
6,61667	50,00
6,63333	50,00
6,65000	50,00
6,66667	50,00
6,68333	50,00
6,70000	50,00
6,71667	50,00
6,73333	50,00
6,75000	50,00
6,76667	50,00
6,78333	50,00
6,80000	50,00
6,81667	50,00
6,83333	50,00
6,85000	50,00
6,86667	50,00
6,88333	50,00
6,90000	50,00
6,91667	50,00
6,93333	50,00
6,95000	50,00
6,96667	50,00
6,98333	50,00
7,00000	50,00
7,01667	50,00
7,03333	50,00
7,05000	50,00
7,06667	50,00
7,08333	50,00
7,10000	50,00
7,11667	50,00
7,13333	50,00
7,15000	50,00
7,16667	50,00
7,18333	50,00
7,20000	50,00
7,21667	50,00
7,23333	50,00
7,25000	50,00
7,26667	50,00
7,28333	50,00
7,30000	50,00
7,31667	50,00
7,33333	49,99
7,35000	50,00
7,36667	50,00
7,38333	49,99
7,40000	50,00
7,41667	50,00
7,43333	49,99
7,45000	50,00
7,46667	50,00
7,48333	49,99
7,50000	50,00
7,51667	50,00
7,53333	50,00
7,55000	49,99
7,56667	50,00
7,58333	50,00
7,60000	50,00
7,61667	50,00
7,63333	49,99
7,65000	50,00
7,66667	50,00
7,68333	50,00
7,70000	50,00
7,71667	50,00
7,73333	50,00
7,75000	50,00
7,76667	50,00
7,78333	50,00
7,80000	50,00
7,81667	50,00
7,83333	50,00
7,85000	50,00
7,86667	50,00
7,88333	50,00
7,90000	50,00
7,91667	50,00
7,93333	50,00
7,95000	50,00
7,96667	50,00
7,98333	50,00
8,00000	50,00
8,01667	50,00
8,03333	50,00
8,05000	50,00
8,06667	50,00
8,08333	50,00
8,10000	50,00
8,11667	50,00
8,13333	50,00
8,15000	50,00
8,16667	50,00
8,18333	50,00
8,20000	50,00
8,21667	50,00
8,23333	50,00
8,25000	50,00
8,26667	50,00
8,28333	50,00
8,30000	50,00
8,31667	50,00
8,33333	50,00
8,35000	50,00
8,36667	50,00
8,38333	50,00
8,40000	50,00
8,41667	50,00
8,43333	50,00
8,45000	50,00
8,46667	50,00
8,48333	50,00
8,50000	50,00
8,51667	50,00
8,53333	50,00
8,55000	50,00
8,56667	50,00
8,58333	50,00
8,60000	50,00
8,61667	50,00
8,63333	50,00
8,65000	50,00
8,66667	50,00
8,68333	50,00
8,70000	50,00
8,71667	50,00
8,73333	50,00
8,75000	50,00
8,76667	50,00
8,78333	50,00
8,80000	50,00
8,81667	50,00
8,83333	50,00
8,85000	50,00
8,86667	50,00
8,88333	50,00
8,90000	50,00
8,91667	50,00
8,93333	50,00
8,95000	50,00
8,96667	50,00
8,98333	50,00
9,00000	50,00
9,01667	50,00
9,03333	50,00
9,05000	50,00
9,06667	50,00
9,08333	50,00
9,10000	50,00
9,11667	50,00
9,13333	49,99
9,15000	49,99
9,16667	49,99
9,18333	49,99
9,20000	49,99
9,21667	49,99
9,23333	49,99
9,25000	49,99
9,26667	49,99
9,28333	49,99
9,30000	49,99
9,31667	49,99
9,33333	49,99
9,35000	49,99
9,36667	49,99
9,38333	49,99
9,40000	49,99
9,41667	49,99
9,43333	49,99
9,45000	49,99
9,46667	49,99
9,48333	49,99
9,50000	49,99
9,51667	49,99
9,53333	49,99
9,55000	49,99
9,56667	49,99
9,58333	49,99
9,60000	49,99
9,61667	49,99
9,63333	50,00
9,65000	50,00
9,66667	50,00
9,68333	50,00
9,70000	50,00
9,71667	50,00
9,73333	50,00
9,75000	50,00
9,76667	50,00
9,78333	50,00
9,80000	50,00
9,81667	50,00
9,83333	50,00
9,85000	50,00
9,86667	50,00
9,88333	50,00
9,90000	50,00
9,91667	50,00
9,93333	50,00
9,95000	50,00
9,96667	50,00
9,98333	50,00
10,00000	50,00
10,01667	50,00
10,03333	50,00
10,05000	50,00
10,06667	50,00
10,08333	50,00
10,10000	50,00
10,11667	50,00
10,13333	50,00
10,15000	50,00
10,16667	50,00
10,18333	50,00
10,20000	50,00
10,21667	50,00
10,23333	50,00
10,25000	50,00
10,26667	50,00
10,28333	50,00
10,30000	50,00
10,31667	50,00
10,33333	50,00
10,35000	50,00
10,36667	50,00
10,38333	50,00
10,40000	50,00
10,41667	50,00
10,43333	50,00
10,45000	50,00
10,46667	50,00
10,48333	50,00
10,50000	50,00
10,51667	50,00
10,53333	50,00
10,55000	50,00
10,56667	50,00
10,58333	50,00
10,60000	50,00
10,61667	50,00
10,63333	50,00
10,65000	50,00
10,66667	50,00
10,68333	50,00
10,70000	50,00
10,71667	50,00
10,73333	50,00
10,75000	50,00
10,76667	50,00
10,78333	50,00
10,80000	50,00
10,81667	50,00
10,83333	50,00
10,85000	50,00
10,86667	50,00
10,88333	50,00
10,90000	50,00
10,91667	50,00
10,93333	50,00
10,95000	50,00
10,96667	50,00
10,98333	50,00
11,00000	50,00
11,01667	50,00
11,03333	50,00
11,05000	50,00
11,06667	50,00
11,08333	50,00
11,10000	50,00
11,11667	50,00
11,13333	50,00
11,15000	50,00
11,16667	50,00
11,18333	50,00
11,20000	50,00
11,21667	50,00
11,23333	50,00
11,25000	50,00
11,26667	50,00
11,28333	50,00
11,30000	50,00
11,31667	50,00
11,33333	50,00
11,35000	50,00
11,36667	50,00
11,38333	50,00
11,40000	50,00
11,41667	50,00
11,43333	50,00
11,45000	50,00
11,46667	50,00
11,48333	50,00
11,50000	50,00
11,51667	50,00
11,53333	50,00
11,55000	50,00
11,56667	50,00
11,58333	50,00
11,60000	50,00
11,61667	50,00
11,63333	50,00
11,65000	50,00
11,66667	50,00
11,68333	50,00
11,70000	50,00
11,71667	50,00
11,73333	50,00
11,75000	50,00
11,76667	50,00
11,78333	50,00
11,80000	50,00
11,81667	50,00
11,83333	50,00
11,85000	50,00
11,86667	50,00
11,88333	50,00
11,90000	50,00
11,91667	50,00
11,93333	50,00
11,95000	50,00
11,96667	50,00
11,98333	50,00
12,00000	50,00
12,01667	50,00
12,03333	50,00
12,05000	50,00
12,06667	50,00
12,08333	50,00
12,10000	50,00
12,11667	50,00
12,13333	50,00
12,15000	50,00
12,16667	50,00
12,18333	49,99
12,20000	49,99
12,21667	49,99
12,23333	49,99
12,25000	49,99
12,26667	49,99
12,28333	49,99
12,30000	49,99
12,31667	49,99
12,33333	49,99
12,35000	49,99
12,36667	49,99
12,38333	49,99
12,40000	49,99
12,41667	49,99
12,43333	49,99
12,45000	49,99
12,46667	49,99
12,48333	49,99
12,50000	49,99
12,51667	49,99
12,53333	49,99
12,55000	49,99
12,56667	49,99
12,58333	49,99
12,60000	49,99
12,61667	49,99
12,63333	49,99
12,65000	50,00
12,66667	50,00
12,68333	50,00
12,70000	50,00
12,71667	50,00
12,73333	50,00
12,75000	50,00
12,76667	50,00
12,78333	50,00
12,80000	50,00
12,81667	50,00
12,83333	50,00
12,85000	50,00
12,86667	50,00
12,88333	50,00
12,90000	50,00
12,91667	50,00
12,93333	50,00
12,95000	50,00
12,96667	50,00
12,98333	50,00
13,00000	50,00
13,01667	50,00
13,03333	50,00
13,05000	50,00
13,06667	50,00
13,08333	50,00
13,10000	50,00
13,11667	50,00
13,13333	50,00
13,15000	50,00
13,16667	50,00
13,18333	50,00
13,20000	50,00
13,21667	50,00
13,23333	50,00
13,25000	50,00
13,26667	50,00
13,28333	50,00
13,30000	49,99
13,31667	49,99
13,33333	49,99
13,35000	49,99
13,36667	49,99
13,38333	49,99
13,40000	49,99
13,41667	49,99
13,43333	49,99
13,45000	49,99
13,46667	49,99
13,48333	49,99
13,50000	49,99
13,51667	50,00
13,53333	50,00
13,55000	50,00
13,56667	50,00
13,58333	50,00
13,60000	50,00
13,61667	50,00
13,63333	50,00
13,65000	50,00
13,66667	50,00
13,68333	50,00
13,70000	50,00
13,71667	50,00
13,73333	50,00
13,75000	50,00
13,76667	50,00
13,78333	50,00
13,80000	50,00
13,81667	50,00
13,83333	50,00
13,85000	50,00
13,86667	50,00
13,88333	50,00
13,90000	50,00
13,91667	50,00
13,93333	50,00
13,95000	50,00
13,96667	50,00
13,98333	50,00
14,00000	50,00
14,01667	50,00
14,03333	50,00
14,05000	50,00
14,06667	50,00
14,08333	50,00
14,10000	50,00
14,11667	50,00
14,13333	50,00
14,15000	50,00
14,16667	50,00
14,18333	49,99
14,20000	49,99
14,21667	49,99
14,23333	49,99
14,25000	49,99
14,26667	49,99
14,28333	49,99
14,30000	49,99
14,31667	49,99
14,33333	49,99
14,35000	49,99
14,36667	49,99
14,38333	49,99
14,40000	49,99
14,41667	49,99
14,43333	49,99
14,45000	49,99
14,46667	49,99
14,48333	49,99
14,50000	49,99
14,51667	49,99
14,53333	49,99
14,55000	49,99
14,56667	49,99
14,58333	49,99
14,60000	49,99
14,61667	49,99
14,63333	49,99
14,65000	49,99
14,66667	49,99
14,68333	49,99
14,70000	49,99
14,71667	49,99
14,73333	49,99
14,75000	49,99
14,76667	49,99
14,78333	49,99
14,80000	49,99
14,81667	49,99
14,83333	49,99
14,85000	49,99
14,86667	49,99
14,88333	49,99
14,90000	49,99
14,91667	49,99
14,93333	49,99
14,95000	49,99
14,96667	49,99
14,98333	49,99
15,00000	50,00
15,01667	50,00
15,03333	50,00
15,05000	50,00
15,06667	50,00
15,08333	50,00
15,10000	50,00
15,11667	50,00
15,13333	50,00
15,15000	50,00
15,16667	50,00
15,18333	50,00
15,20000	50,00
15,21667	50,00
15,23333	50,00
15,25000	50,00
15,26667	50,00
15,28333	50,00
15,30000	50,00
15,31667	50,00
15,33333	50,00
15,35000	50,00
15,36667	50,00
15,38333	50,00
15,40000	50,00
15,41667	50,00
15,43333	50,00
15,45000	50,00
15,46667	50,00
15,48333	50,00
15,50000	50,00
15,51667	50,00
15,53333	50,00
15,55000	50,00
15,56667	50,00
15,58333	50,00
15,60000	50,00
15,61667	50,00
15,63333	50,00
15,65000	50,00
15,66667	50,00
15,68333	50,00
15,70000	50,00
15,71667	50,00
15,73333	50,00
15,75000	50,00
15,76667	50,00
15,78333	50,00
15,80000	49,99
15,81667	50,00
15,83333	50,00
15,85000	49,99
15,86667	49,99
15,88333	49,99
15,90000	49,99
15,91667	50,00
15,93333	50,00
15,95000	50,00
15,96667	50,00
15,98333	50,00
16,00000	50,00
16,01667	50,00
16,03333	50,00
16,05000	50,00
16,06667	50,00
16,08333	50,00
16,10000	50,00
16,11667	50,00
16,13333	50,00
16,15000	50,00
16,16667	50,00
16,18333	50,00
16,20000	50,00
16,21667	50,00
16,23333	50,00
16,25000	50,00
16,26667	50,00
16,28333	50,00
16,30000	50,00
16,31667	50,00
16,33333	50,00
16,35000	50,00
16,36667	49,99
16,38333	49,99
16,40000	49,99
16,41667	49,99
16,43333	49,99
16,45000	49,99
16,46667	49,99
16,48333	49,99
16,50000	49,99
16,51667	49,99
16,53333	49,99
16,55000	49,99
16,56667	49,99
16,58333	49,99
16,60000	49,99
16,61667	49,99
16,63333	49,99
16,65000	49,99
16,66667	49,99
16,68333	49,99
16,70000	49,99
16,71667	49,99
16,73333	49,99
16,75000	49,99
16,76667	49,99
16,78333	49,99
16,80000	49,99
16,81667	49,99
16,83333	49,99
16,85000	49,99
16,86667	50,00
16,88333	50,00
16,90000	50,00
16,91667	50,00
16,93333	50,00
16,95000	50,00
16,96667	50,00
16,98333	50,00
17,00000	50,00
17,01667	50,00
17,03333	50,00
17,05000	50,00
17,06667	50,00
17,08333	50,00
17,10000	50,00
17,11667	50,00
17,13333	50,00
17,15000	50,00
17,16667	50,00
17,18333	50,00
17,20000	50,00
17,21667	50,00
17,23333	50,00
17,25000	50,00
17,26667	50,00
17,28333	50,00
17,30000	50,00
17,31667	50,00
17,33333	50,00
17,35000	50,00
17,36667	49,99
17,38333	49,99
17,40000	49,99
17,41667	49,99
17,43333	49,99
17,45000	49,99
17,46667	49,99
17,48333	49,99
17,50000	49,99
17,51667	49,99
17,53333	49,99
17,55000	49,99
17,56667	49,99
17,58333	49,99
17,60000	49,99
17,61667	49,99
17,63333	49,99
17,65000	49,99
17,66667	49,99
17,68333	49,99
17,70000	49,99
17,71667	49,99
17,73333	49,99
17,75000	49,99
17,76667	49,99
17,78333	49,99
17,80000	50,00
17,81667	50,00
17,83333	50,00
17,85000	50,00
17,86667	50,00
17,88333	50,00
17,90000	50,00
17,91667	50,00
17,93333	50,00
17,95000	50,00
17,96667	50,00
17,98333	50,00
18,00000	50,00
18,01667	50,00
18,03333	50,00
18,05000	50,00
18,06667	50,00
18,08333	50,00
18,10000	50,00
18,11667	50,00
18,13333	50,00
18,15000	50,00
18,16667	50,00
18,18333	50,00
18,20000	50,00
18,21667	50,00
18,23333	50,00
18,25000	50,00
18,26667	50,00
18,28333	50,00
18,30000	50,00
18,31667	50,00
18,33333	50,00
18,35000	50,00
18,36667	50,00
18,38333	50,00
18,40000	50,00
18,41667	50,00
18,43333	50,00
18,45000	50,00
18,46667	50,00
18,48333	50,00
18,50000	50,00
18,51667	50,00
18,53333	50,00
18,55000	50,00
18,56667	50,00
18,58333	50,00
18,60000	50,00
18,61667	50,00
18,63333	50,00
18,65000	50,00
18,66667	50,00
18,68333	50,00
18,70000	50,00
18,71667	50,00
18,73333	50,00
18,75000	50,00
18,76667	50,00
18,78333	50,00
18,80000	50,00
18,81667	50,00
18,83333	50,00
18,85000	50,00
18,86667	50,00
18,88333	50,00
18,90000	50,00
18,91667	50,00
18,93333	50,00
18,95000	50,00
18,96667	50,00
18,98333	50,00
19,00000	50,00
19,01667	50,00
19,03333	50,00
19,05000	50,00
19,06667	50,00
19,08333	50,00
19,10000	50,00
19,11667	50,00
19,13333	50,00
19,15000	50,00
19,16667	50,00
19,18333	50,00
19,20000	50,00
19,21667	50,00
19,23333	50,00
19,25000	50,00
19,26667	50,00
19,28333	50,00
19,30000	50,00
19,31667	50,00
19,33333	50,00
19,35000	50,00
19,36667	50,00
19,38333	50,00
19,40000	50,00
19,41667	50,00
19,43333	50,00
19,45000	49,99
19,46667	49,99
19,48333	49,99
19,50000	49,99
19,51667	49,99
19,53333	49,99
19,55000	49,99
19,56667	49,99
19,58333	49,99
19,60000	49,99
19,61667	49,99
19,63333	49,99
19,65000	49,99
19,66667	49,99
19,68333	49,99
19,70000	49,99
19,71667	49,99
19,73333	49,99
19,75000	49,99
19,76667	49,99
19,78333	49,99
19,80000	49,99
19,81667	49,99
19,83333	49,99
19,85000	49,99
19,86667	49,99
19,88333	49,99
19,90000	49,99
19,91667	49,99
19,93333	49,99
19,95000	49,99
19,96667	49,99
19,98333	49,99
20,00000	49,99
20,01667	49,99
20,03333	49,99
20,05000	49,99
20,06667	49,99
20,08333	49,99
20,10000	49,99
20,11667	49,99
20,13333	49,99
20,15000	49,99
20,16667	49,99
20,18333	49,99
20,20000	49,99
20,21667	49,99
20,23333	49,99
20,25000	49,99
20,26667	49,99
20,28333	49,99
20,30000	49,99
20,31667	49,99
20,33333	49,99
20,35000	50,00
20,36667	49,99
20,38333	50,00
20,40000	50,00
20,41667	50,00
20,43333	50,00
20,45000	50,00
20,46667	50,00
20,48333	50,00
20,50000	50,00
20,51667	50,00
20,53333	49,99
20,55000	50,00
20,56667	49,99
20,58333	49,99
20,60000	49,99
20,61667	49,99
20,63333	49,99
20,65000	49,99
20,66667	49,99
20,68333	49,99
20,70000	49,99
20,71667	49,99
20,73333	49,99
20,75000	49,99
20,76667	49,99
20,78333	49,99
20,80000	50,00
20,81667	50,00
20,83333	50,00
20,85000	50,00
20,86667	50,00
20,88333	50,00
20,90000	50,00
20,91667	50,00
20,93333	50,00
20,95000	50,00
20,96667	50,00
20,98333	50,00
21,00000	50,00
21,01667	50,00
21,03333	50,00
21,05000	50,00
21,06667	50,00
21,08333	50,00
21,10000	50,00
21,11667	50,00
21,13333	50,00
21,15000	50,00
21,16667	50,00
21,18333	50,00
21,20000	50,00
21,21667	50,00
21,23333	50,00
21,25000	50,00
21,26667	50,00
21,28333	50,00
21,30000	50,00
21,31667	50,00
21,33333	50,00
21,35000	50,00
21,36667	50,00
21,38333	50,00
21,40000	50,00
21,41667	50,00
21,43333	50,00
21,45000	50,00
21,46667	50,00
21,48333	50,00
21,50000	50,00
21,51667	50,00
21,53333	50,00
21,55000	50,00
21,56667	50,00
21,58333	50,00
21,60000	50,00
21,61667	49,99
21,63333	49,99
21,65000	49,99
21,66667	49,99
21,68333	49,99
21,70000	49,99
21,71667	49,99
21,73333	50,00
21,75000	50,00
21,76667	50,00
21,78333	50,00
21,80000	50,00
21,81667	50,00
21,83333	50,00
21,85000	50,00
21,86667	50,00
21,88333	50,00
21,90000	50,00
21,91667	50,00
21,93333	50,00
21,95000	50,00
21,96667	50,00
21,98333	50,00
22,00000	50,00
22,01667	50,00
22,03333	50,00
22,05000	50,00
22,06667	50,00
22,08333	50,00
22,10000	50,00
22,11667	50,00
22,13333	50,00
22,15000	50,00
22,16667	50,00
22,18333	50,00
22,20000	50,00
22,21667	50,00
22,23333	50,00
22,25000	50,00
22,26667	50,00
22,28333	50,00
22,30000	50,00
22,31667	50,00
22,33333	50,00
22,35000	50,00
22,36667	50,00
22,38333	50,00
22,40000	50,00
22,41667	50,00
22,43333	50,00
22,45000	50,00
22,46667	49,99
22,48333	49,99
22,50000	49,99
22,51667	49,99
22,53333	49,99
22,55000	49,99
22,56667	49,99
22,58333	49,99
22,60000	49,99
22,61667	49,99
22,63333	49,99
22,65000	49,99
22,66667	49,99
22,68333	49,99
22,70000	49,99
22,71667	49,99
22,73333	49,99
22,75000	49,99
22,76667	49,99
22,78333	49,99
22,80000	49,99
22,81667	49,99
22,83333	49,99
22,85000	49,99
22,86667	50,00
22,88333	50,00
22,90000	50,00
22,91667	50,00
22,93333	50,00
22,95000	50,00
22,96667	50,00
22,98333	50,00
23,00000	50,00
23,01667	50,00
23,03333	50,00
23,05000	50,00
23,06667	50,00
23,08333	50,00
23,10000	50,00
23,11667	50,00
23,13333	50,00
23,15000	50,00
23,16667	50,00
23,18333	50,00
23,20000	50,00
23,21667	50,00
23,23333	50,00
23,25000	50,00
23,26667	50,00
23,28333	50,00
23,30000	50,00
23,31667	50,00
23,33333	50,00
23,35000	50,00
23,36667	50,00
23,38333	50,00
23,40000	50,00
23,41667	50,00
23,43333	50,00
23,45000	50,00
23,46667	50,00
23,48333	50,00
23,50000	50,00
23,51667	50,00
23,53333	49,99
23,55000	49,99
23,56667	49,99
23,58333	49,99
23,60000	49,99
23,61667	49,99
23,63333	49,99
23,65000	49,99
23,66667	49,99
23,68333	49,99
23,70000	49,99
23,71667	49,99
23,73333	49,99
23,75000	49,99
23,76667	49,99
23,78333	49,99
23,80000	49,99
23,81667	49,99
23,83333	49,99
23,85000	49,99
23,86667	49,99
23,88333	49,99
23,90000	49,99
23,91667	49,99
23,93333	49,99
23,95000	49,99
23,96667	49,99
23,98333	49,99
24,00000	49,99
24,01667	49,99
24,03333	50,00
24,05000	50,00
24,06667	50,00
24,08333	50,00
24,10000	50,00
24,11667	50,00
24,13333	50,00
24,15000	50,00
24,16667	50,00
24,18333	50,00
24,20000	50,00
24,21667	50,00
24,23333	50,00
24,25000	50,00
24,26667	50,00
24,28333	50,00
24,30000	50,00
24,31667	50,00
24,33333	50,00
24,35000	50,00
24,36667	50,00
24,38333	50,00
24,40000	50,00
24,41667	50,00
24,43333	50,00
24,45000	50,00
24,46667	50,00
24,48333	50,00
24,50000	50,00
24,51667	50,00
24,53333	50,00
24,55000	50,00
24,56667	50,00
24,58333	50,00
24,60000	50,00
24,61667	50,00
24,63333	50,00
24,65000	50,00
24,66667	50,00
24,68333	50,00
24,70000	50,00
24,71667	50,00
24,73333	50,00
24,75000	50,00
24,76667	50,00
24,78333	50,00
24,80000	50,00
24,81667	50,00
24,83333	50,00
24,85000	50,00
24,86667	50,00
24,88333	50,00
24,90000	50,00
24,91667	50,00
24,93333	50,00
24,95000	50,00
24,96667	50,00
24,98333	50,00
25,00000	50,00
25,01667	50,00
25,03333	50,00
25,05000	50,00
25,06667	50,00
25,08333	50,00
25,10000	50,00
25,11667	50,00
25,13333	50,00
25,15000	50,00
25,16667	50,00
25,18333	49,99
25,20000	49,99
25,21667	49,99
25,23333	49,99
25,25000	49,99
25,26667	49,99
25,28333	49,99
25,30000	49,99
25,31667	49,99
25,33333	49,99
25,35000	49,99
25,36667	50,00
25,38333	50,00
25,40000	50,00
25,41667	50,00
25,43333	50,00
25,45000	50,00
25,46667	50,00
25,48333	50,00
25,50000	50,00
25,51667	50,00
25,53333	50,00
25,55000	50,00
25,56667	50,00
25,58333	50,00
25,60000	50,00
25,61667	50,00
25,63333	50,00
25,65000	50,00
25,66667	50,00
25,68333	50,00
25,70000	50,00
25,71667	50,00
25,73333	50,00
25,75000	50,00
25,76667	50,00
25,78333	50,00
25,80000	50,00
25,81667	50,00
25,83333	50,00
25,85000	50,00
25,86667	50,00
25,88333	50,00
25,90000	50,00
25,91667	50,00
25,93333	50,00
25,95000	50,00
25,96667	50,00
25,98333	50,00
26,00000	50,00
26,01667	50,00
26,03333	50,00
26,05000	50,00
26,06667	50,00
26,08333	50,00
26,10000	50,00
26,11667	50,00
26,13333	50,00
26,15000	50,00
26,16667	50,00
26,18333	50,00
26,20000	50,00
26,21667	50,00
26,23333	50,00
26,25000	50,00
26,26667	50,00
26,28333	50,00
26,30000	50,00
26,31667	50,00
26,33333	50,00
26,35000	50,00
26,36667	50,00
26,38333	50,00
26,40000	50,00
26,41667	50,00
26,43333	50,00
26,45000	50,00
26,46667	50,00
26,48333	50,00
26,50000	50,00
26,51667	50,00
26,53333	50,00
26,55000	50,00
26,56667	50,00
26,58333	50,00
26,60000	50,00
26,61667	50,00
26,63333	50,00
26,65000	50,00
26,66667	50,00
26,68333	50,00
26,70000	50,00
26,71667	50,00
26,73333	50,00
26,75000	50,00
26,76667	50,00
26,78333	50,00
26,80000	50,00
26,81667	50,00
26,83333	50,00
26,85000	50,00
26,86667	50,00
26,88333	50,00
26,90000	50,00
26,91667	50,00
26,93333	50,00
26,95000	50,00
26,96667	50,00
26,98333	50,00
27,00000	50,00
27,01667	50,00
27,03333	50,00
27,05000	50,00
27,06667	50,00
27,08333	50,00
27,10000	50,00
27,11667	50,00
27,13333	50,00
27,15000	50,00
27,16667	50,00
27,18333	50,00
27,20000	50,00
27,21667	50,00
27,23333	50,00
27,25000	50,00
27,26667	50,00
27,28333	50,00
27,30000	50,00
27,31667	50,00
27,33333	50,00
27,35000	50,00
27,36667	50,00
27,38333	50,00
27,40000	50,00
27,41667	50,00
27,43333	50,00
27,45000	50,00
27,46667	50,00
27,48333	50,00
27,50000	50,00
27,51667	50,00
27,53333	50,00
27,55000	50,00
27,56667	50,00
27,58333	50,00
27,60000	50,00
27,61667	50,00
27,63333	50,00
27,65000	50,00
27,66667	50,00
27,68333	50,00
27,70000	50,00
27,71667	50,00
27,73333	50,00
27,75000	50,00
27,76667	50,00
27,78333	50,00
27,80000	50,00
27,81667	50,00
27,83333	50,00
27,85000	50,00
27,86667	50,00
27,88333	50,00
27,90000	50,00
27,91667	50,00
27,93333	50,00
27,95000	50,00
27,96667	50,00
27,98333	50,00
28,00000	49,99
28,01667	49,99
28,03333	49,99
28,05000	49,99
28,06667	49,99
28,08333	49,99
28,10000	49,99
28,11667	49,99
28,13333	49,99
28,15000	49,99
28,16667	49,99
28,18333	49,99
28,20000	49,99
28,21667	49,99
28,23333	49,99
28,25000	49,99
28,26667	49,99
28,28333	49,99
28,30000	49,99
28,31667	49,99
28,33333	50,00
28,35000	49,99
28,36667	50,00
28,38333	49,99
28,40000	49,99
28,41667	49,99
28,43333	49,99
28,45000	49,99
28,46667	49,99
28,48333	50,00
28,50000	50,00
28,51667	50,00
28,53333	50,00
28,55000	50,00
28,56667	50,00
28,58333	50,00
28,60000	50,00
28,61667	50,00
28,63333	50,00
28,65000	50,00
28,66667	50,00
28,68333	50,00
28,70000	50,00
28,71667	50,00
28,73333	50,00
28,75000	50,00
28,76667	50,00
28,78333	50,00
28,80000	50,00
28,81667	50,00
28,83333	50,00
28,85000	50,00
28,86667	50,00
28,88333	50,00
28,90000	50,00
28,91667	50,00
28,93333	50,00
28,95000	50,00
28,96667	50,00
28,98333	50,00
29,00000	50,00
29,01667	50,00
29,03333	50,00
29,05000	50,00
29,06667	50,00
29,08333	50,00
29,10000	50,00
29,11667	50,00
29,13333	50,00
29,15000	50,00
29,16667	50,00
29,18333	50,00
29,20000	50,00
29,21667	50,00
29,23333	50,00
29,25000	50,00
29,26667	50,00
29,28333	50,00
29,30000	50,00
29,31667	50,00
29,33333	50,00
29,35000	50,00
29,36667	50,00
29,38333	50,00
29,40000	50,00
29,41667	50,00
29,43333	50,00
29,45000	50,00
29,46667	50,00
29,48333	50,00
29,50000	50,00
29,51667	50,00
29,53333	50,00
29,55000	50,00
29,56667	50,00
29,58333	50,00
29,60000	50,00
29,61667	49,99
29,63333	49,99
29,65000	49,99
29,66667	49,99
29,68333	49,99
29,70000	49,99
29,71667	49,99
29,73333	49,99
29,75000	49,99
29,76667	49,99
29,78333	49,99
29,80000	49,99
29,81667	49,99
29,83333	49,99
29,85000	49,99
29,86667	49,99
29,88333	49,99
29,90000	49,99
29,91667	49,99
29,93333	49,99
29,95000	49,99
29,96667	49,99
29,98333	49,99
30,00000	49,99
30,01667	49,99
30,03333	49,99
30,05000	49,99
30,06667	49,99
30,08333	49,99
30,10000	49,99
30,11667	49,99
30,13333	49,99
30,15000	49,99
30,16667	49,99
30,18333	49,99
30,20000	49,99
30,21667	49,99
30,23333	49,99
30,25000	49,99
30,26667	49,99
30,28333	49,99
30,30000	49,99
30,31667	49,99
30,33333	49,99
30,35000	49,99
30,36667	49,99
30,38333	49,99
30,40000	49,99
30,41667	49,99
30,43333	49,99
30,45000	49,99
30,46667	49,99
30,48333	49,99
30,50000	49,99
30,51667	49,99
30,53333	49,99
30,55000	49,99
30,56667	49,99
30,58333	49,99
30,60000	49,99
30,61667	49,99
30,63333	49,99
30,65000	49,99
30,66667	49,99
30,68333	49,99
30,70000	49,99
30,71667	49,99
30,73333	49,99
30,75000	49,99
30,76667	49,99
30,78333	49,99
30,80000	49,99
30,81667	49,99
30,83333	49,99
30,85000	49,99
30,86667	49,99
30,88333	49,99
30,90000	49,99
30,91667	49,99
30,93333	49,99
30,95000	49,99
30,96667	49,99
30,98333	49,99
31,00000	49,99
31,01667	49,99
31,03333	49,99
31,05000	49,99
31,06667	49,99
31,08333	49,99
31,10000	49,99
31,11667	49,99
31,13333	49,99
31,15000	49,99
31,16667	49,99
31,18333	49,99
31,20000	49,99
31,21667	49,99
31,23333	49,99
31,25000	49,99
31,26667	49,99
31,28333	49,99
31,30000	49,99
31,31667	49,99
31,33333	49,99
31,35000	49,99
31,36667	49,99
31,38333	49,99
31,40000	49,99
31,41667	49,99
31,43333	49,99
31,45000	49,99
31,46667	49,99
31,48333	49,99
31,50000	49,99
31,51667	49,99
31,53333	49,99
31,55000	49,99
31,56667	49,99
31,58333	49,99
31,60000	49,99
31,61667	49,99
31,63333	49,99
31,65000	49,99
31,66667	49,99
31,68333	49,99
31,70000	49,99
31,71667	49,99
31,73333	49,99
31,75000	49,99
31,76667	49,99
31,78333	49,99
31,80000	49,99
31,81667	49,99
31,83333	49,99
31,85000	49,99
31,86667	49,99
31,88333	49,99
31,90000	49,99
31,91667	49,99
31,93333	49,99
31,95000	49,99
31,96667	49,99
31,98333	49,99
32,00000	49,99

[LC Status Trace(PDA Optical Unit Temp.)]
Interval(msec)	1000
# of Points	1921
Start Time(min)	0,000
End Time(min)	32,000
Intensity Units	C
Intensity Multiplier	1
R.Time (min)	Intensity
0,00000	46,99
0,01667	46,99
0,03333	46,99
0,05000	46,99
0,06667	46,99
0,08333	46,99
0,10000	46,99
0,11667	46,99
0,13333	46,99
0,15000	46,99
0,16667	46,99
0,18333	46,99
0,20000	46,99
0,21667	46,99
0,23333	46,99
0,25000	46,99
0,26667	46,99
0,28333	46,99
0,30000	46,99
0,31667	46,99
0,33333	46,99
0,35000	46,99
0,36667	46,99
0,38333	46,99
0,40000	46,99
0,41667	46,99
0,43333	46,99
0,45000	46,99
0,46667	46,99
0,48333	46,99
0,50000	46,99
0,51667	46,99
0,53333	46,99
0,55000	46,99
0,56667	46,99
0,58333	46,99
0,60000	46,99
0,61667	46,99
0,63333	46,99
0,65000	46,99
0,66667	46,99
0,68333	46,99
0,70000	46,99
0,71667	46,99
0,73333	46,99
0,75000	46,99
0,76667	46,99
0,78333	46,99
0,80000	46,99
0,81667	46,99
0,83333	46,99
0,85000	46,99
0,86667	46,99
0,88333	46,99
0,90000	46,99
0,91667	46,99
0,93333	46,99
0,95000	46,99
0,96667	46,99
0,98333	46,99
1,00000	46,99
1,01667	46,99
1,03333	46,99
1,05000	46,99
1,06667	46,99
1,08333	46,99
1,10000	46,99
1,11667	46,99
1,13333	46,99
1,15000	46,99
1,16667	46,99
1,18333	46,99
1,20000	46,99
1,21667	46,99
1,23333	46,99
1,25000	46,99
1,26667	46,99
1,28333	46,99
1,30000	46,99
1,31667	46,99
1,33333	46,99
1,35000	46,99
1,36667	46,99
1,38333	46,99
1,40000	46,99
1,41667	46,99
1,43333	46,99
1,45000	46,99
1,46667	46,99
1,48333	46,99
1,50000	46,99
1,51667	46,99
1,53333	46,99
1,55000	46,99
1,56667	46,99
1,58333	46,99
1,60000	46,99
1,61667	46,99
1,63333	46,99
1,65000	46,99
1,66667	46,99
1,68333	46,99
1,70000	46,99
1,71667	46,99
1,73333	46,99
1,75000	46,99
1,76667	46,99
1,78333	46,99
1,80000	46,99
1,81667	46,99
1,83333	46,99
1,85000	46,99
1,86667	46,99
1,88333	46,99
1,90000	46,99
1,91667	46,99
1,93333	46,99
1,95000	46,99
1,96667	46,99
1,98333	46,99
2,00000	46,99
2,01667	46,99
2,03333	46,99
2,05000	46,99
2,06667	46,99
2,08333	46,99
2,10000	46,99
2,11667	46,99
2,13333	46,99
2,15000	46,99
2,16667	46,99
2,18333	46,99
2,20000	46,99
2,21667	46,99
2,23333	46,99
2,25000	46,99
2,26667	46,99
2,28333	46,99
2,30000	46,99
2,31667	46,99
2,33333	46,99
2,35000	46,99
2,36667	46,99
2,38333	46,99
2,40000	46,99
2,41667	46,99
2,43333	46,99
2,45000	46,99
2,46667	46,99
2,48333	46,99
2,50000	46,99
2,51667	46,99
2,53333	46,99
2,55000	46,99
2,56667	46,99
2,58333	46,99
2,60000	46,99
2,61667	46,99
2,63333	46,99
2,65000	46,99
2,66667	46,99
2,68333	46,99
2,70000	46,99
2,71667	46,99
2,73333	46,99
2,75000	46,99
2,76667	46,99
2,78333	46,99
2,80000	46,99
2,81667	46,99
2,83333	46,99
2,85000	46,99
2,86667	46,99
2,88333	46,99
2,90000	46,99
2,91667	46,99
2,93333	46,99
2,95000	46,99
2,96667	46,99
2,98333	46,99
3,00000	46,99
3,01667	46,99
3,03333	46,99
3,05000	46,99
3,06667	46,99
3,08333	46,99
3,10000	46,99
3,11667	46,99
3,13333	46,99
3,15000	46,99
3,16667	46,99
3,18333	46,99
3,20000	46,99
3,21667	46,99
3,23333	46,99
3,25000	46,99
3,26667	46,99
3,28333	46,99
3,30000	46,99
3,31667	46,99
3,33333	46,99
3,35000	46,99
3,36667	46,99
3,38333	46,99
3,40000	46,99
3,41667	46,99
3,43333	46,99
3,45000	46,99
3,46667	46,99
3,48333	46,99
3,50000	46,99
3,51667	46,99
3,53333	46,99
3,55000	46,99
3,56667	46,99
3,58333	46,99
3,60000	46,99
3,61667	46,99
3,63333	46,99
3,65000	46,99
3,66667	46,99
3,68333	46,99
3,70000	46,99
3,71667	46,99
3,73333	46,99
3,75000	46,99
3,76667	46,99
3,78333	46,99
3,80000	46,99
3,81667	46,99
3,83333	46,99
3,85000	46,99
3,86667	46,99
3,88333	46,99
3,90000	46,99
3,91667	46,99
3,93333	46,99
3,95000	46,99
3,96667	46,99
3,98333	46,99
4,00000	46,99
4,01667	46,99
4,03333	46,99
4,05000	46,99
4,06667	46,99
4,08333	46,99
4,10000	46,99
4,11667	46,99
4,13333	46,99
4,15000	46,99
4,16667	46,99
4,18333	46,99
4,20000	46,99
4,21667	46,99
4,23333	46,99
4,25000	46,99
4,26667	46,99
4,28333	46,99
4,30000	46,99
4,31667	46,99
4,33333	46,99
4,35000	46,99
4,36667	46,99
4,38333	46,99
4,40000	46,99
4,41667	46,99
4,43333	46,99
4,45000	46,99
4,46667	46,99
4,48333	46,99
4,50000	46,99
4,51667	46,99
4,53333	46,99
4,55000	46,99
4,56667	46,99
4,58333	47,00
4,60000	47,00
4,61667	47,00
4,63333	46,99
4,65000	47,00
4,66667	46,99
4,68333	46,99
4,70000	47,00
4,71667	46,99
4,73333	46,99
4,75000	46,99
4,76667	46,99
4,78333	46,99
4,80000	46,99
4,81667	46,99
4,83333	46,99
4,85000	46,99
4,86667	46,99
4,88333	46,99
4,90000	47,00
4,91667	46,99
4,93333	47,00
4,95000	47,00
4,96667	47,00
4,98333	47,00
5,00000	47,00
5,01667	47,00
5,03333	47,00
5,05000	47,00
5,06667	47,00
5,08333	47,00
5,10000	47,00
5,11667	47,00
5,13333	47,00
5,15000	47,00
5,16667	46,99
5,18333	46,99
5,20000	46,99
5,21667	46,99
5,23333	46,99
5,25000	46,99
5,26667	46,99
5,28333	46,99
5,30000	46,99
5,31667	46,99
5,33333	46,99
5,35000	46,99
5,36667	46,99
5,38333	46,99
5,40000	46,99
5,41667	46,99
5,43333	46,99
5,45000	47,00
5,46667	47,00
5,48333	47,00
5,50000	47,00
5,51667	47,00
5,53333	47,00
5,55000	47,00
5,56667	47,00
5,58333	47,00
5,60000	47,00
5,61667	47,00
5,63333	47,00
5,65000	47,00
5,66667	47,00
5,68333	47,00
5,70000	47,00
5,71667	47,00
5,73333	47,00
5,75000	47,00
5,76667	47,00
5,78333	47,00
5,80000	47,00
5,81667	46,99
5,83333	46,99
5,85000	46,99
5,86667	47,00
5,88333	46,99
5,90000	46,99
5,91667	46,99
5,93333	47,00
5,95000	47,00
5,96667	47,00
5,98333	47,00
6,00000	47,00
6,01667	47,00
6,03333	47,00
6,05000	47,00
6,06667	47,00
6,08333	47,00
6,10000	47,00
6,11667	47,00
6,13333	47,00
6,15000	47,00
6,16667	47,00
6,18333	47,00
6,20000	47,00
6,21667	47,00
6,23333	47,00
6,25000	47,00
6,26667	47,00
6,28333	47,00
6,30000	47,00
6,31667	47,00
6,33333	46,99
6,35000	47,00
6,36667	46,99
6,38333	47,00
6,40000	47,00
6,41667	46,99
6,43333	47,00
6,45000	47,00
6,46667	47,00
6,48333	47,00
6,50000	47,00
6,51667	47,00
6,53333	47,00
6,55000	47,00
6,56667	47,00
6,58333	47,00
6,60000	47,00
6,61667	47,00
6,63333	47,00
6,65000	47,00
6,66667	47,00
6,68333	47,00
6,70000	47,00
6,71667	47,00
6,73333	47,00
6,75000	47,00
6,76667	47,00
6,78333	47,00
6,80000	47,00
6,81667	47,00
6,83333	47,00
6,85000	47,00
6,86667	47,00
6,88333	47,00
6,90000	47,00
6,91667	47,00
6,93333	47,00
6,95000	47,00
6,96667	47,00
6,98333	47,00
7,00000	47,00
7,01667	47,00
7,03333	47,00
7,05000	47,00
7,06667	47,00
7,08333	47,00
7,10000	47,00
7,11667	47,00
7,13333	47,00
7,15000	47,00
7,16667	47,00
7,18333	46,99
7,20000	47,00
7,21667	46,99
7,23333	46,99
7,25000	46,99
7,26667	46,99
7,28333	46,99
7,30000	46,99
7,31667	46,99
7,33333	46,99
7,35000	46,99
7,36667	46,99
7,38333	47,00
7,40000	47,00
7,41667	47,00
7,43333	47,00
7,45000	47,00
7,46667	47,00
7,48333	47,00
7,50000	47,00
7,51667	47,00
7,53333	47,00
7,55000	47,00
7,56667	47,00
7,58333	47,00
7,60000	47,00
7,61667	47,00
7,63333	47,00
7,65000	47,00
7,66667	47,00
7,68333	47,00
7,70000	47,00
7,71667	47,00
7,73333	47,00
7,75000	47,00
7,76667	47,00
7,78333	47,00
7,80000	47,00
7,81667	47,00
7,83333	47,00
7,85000	47,00
7,86667	47,00
7,88333	47,00
7,90000	47,00
7,91667	47,00
7,93333	47,00
7,95000	47,00
7,96667	47,00
7,98333	47,00
8,00000	47,00
8,01667	47,00
8,03333	47,00
8,05000	47,00
8,06667	47,00
8,08333	47,00
8,10000	47,00
8,11667	47,00
8,13333	47,00
8,15000	47,00
8,16667	47,00
8,18333	47,00
8,20000	47,00
8,21667	47,00
8,23333	47,00
8,25000	47,00
8,26667	47,00
8,28333	47,00
8,30000	47,00
8,31667	47,00
8,33333	47,00
8,35000	47,00
8,36667	47,00
8,38333	47,00
8,40000	47,00
8,41667	47,00
8,43333	47,00
8,45000	47,00
8,46667	47,00
8,48333	47,00
8,50000	47,00
8,51667	47,00
8,53333	47,00
8,55000	47,00
8,56667	47,00
8,58333	47,00
8,60000	47,00
8,61667	47,00
8,63333	47,00
8,65000	47,00
8,66667	47,00
8,68333	47,00
8,70000	47,00
8,71667	47,00
8,73333	47,00
8,75000	47,00
8,76667	47,00
8,78333	47,00
8,80000	47,00
8,81667	47,00
8,83333	47,00
8,85000	47,00
8,86667	47,00
8,88333	47,00
8,90000	47,00
8,91667	47,00
8,93333	47,00
8,95000	47,00
8,96667	47,00
8,98333	47,00
9,00000	47,00
9,01667	47,00
9,03333	47,00
9,05000	47,00
9,06667	47,00
9,08333	47,00
9,10000	47,00
9,11667	47,00
9,13333	47,00
9,15000	47,00
9,16667	47,00
9,18333	47,00
9,20000	47,00
9,21667	47,00
9,23333	47,00
9,25000	47,00
9,26667	47,00
9,28333	47,00
9,30000	47,00
9,31667	47,00
9,33333	47,00
9,35000	47,00
9,36667	47,00
9,38333	47,00
9,40000	47,00
9,41667	47,00
9,43333	47,00
9,45000	47,00
9,46667	47,00
9,48333	47,00
9,50000	47,00
9,51667	47,00
9,53333	47,00
9,55000	47,00
9,56667	47,00
9,58333	47,00
9,60000	47,00
9,61667	47,00
9,63333	47,00
9,65000	47,00
9,66667	47,00
9,68333	47,00
9,70000	46,99
9,71667	46,99
9,73333	47,00
9,75000	47,00
9,76667	47,00
9,78333	47,00
9,80000	47,00
9,81667	47,00
9,83333	47,00
9,85000	47,00
9,86667	47,00
9,88333	47,00
9,90000	47,00
9,91667	47,00
9,93333	47,00
9,95000	47,00
9,96667	47,00
9,98333	47,00
10,00000	47,00
10,01667	47,00
10,03333	47,00
10,05000	47,00
10,06667	47,00
10,08333	46,99
10,10000	47,00
10,11667	46,99
10,13333	46,99
10,15000	46,99
10,16667	46,99
10,18333	46,99
10,20000	46,99
10,21667	46,99
10,23333	46,99
10,25000	46,99
10,26667	46,99
10,28333	46,99
10,30000	46,99
10,31667	46,99
10,33333	46,99
10,35000	46,99
10,36667	46,99
10,38333	46,99
10,40000	47,00
10,41667	47,00
10,43333	46,99
10,45000	47,00
10,46667	47,00
10,48333	47,00
10,50000	46,99
10,51667	47,00
10,53333	47,00
10,55000	47,00
10,56667	47,00
10,58333	47,00
10,60000	46,99
10,61667	46,99
10,63333	46,99
10,65000	46,99
10,66667	47,00
10,68333	47,00
10,70000	46,99
10,71667	46,99
10,73333	46,99
10,75000	47,00
10,76667	46,99
10,78333	46,99
10,80000	46,99
10,81667	47,00
10,83333	46,99
10,85000	47,00
10,86667	47,00
10,88333	46,99
10,90000	47,00
10,91667	47,00
10,93333	47,00
10,95000	47,00
10,96667	46,99
10,98333	46,99
11,00000	46,99
11,01667	46,99
11,03333	46,99
11,05000	47,00
11,06667	47,00
11,08333	46,99
11,10000	46,99
11,11667	46,99
11,13333	46,99
11,15000	46,99
11,16667	46,99
11,18333	46,99
11,20000	46,99
11,21667	46,99
11,23333	46,99
11,25000	46,99
11,26667	46,99
11,28333	47,00
11,30000	46,99
11,31667	46,99
11,33333	46,99
11,35000	46,99
11,36667	46,99
11,38333	46,99
11,40000	46,99
11,41667	46,99
11,43333	46,99
11,45000	46,99
11,46667	46,99
11,48333	47,00
11,50000	47,00
11,51667	47,00
11,53333	47,00
11,55000	47,00
11,56667	47,00
11,58333	47,00
11,60000	47,00
11,61667	47,00
11,63333	47,00
11,65000	47,00
11,66667	47,00
11,68333	47,00
11,70000	47,00
11,71667	47,00
11,73333	47,00
11,75000	47,00
11,76667	47,00
11,78333	47,00
11,80000	47,00
11,81667	47,00
11,83333	47,00
11,85000	46,99
11,86667	47,00
11,88333	47,00
11,90000	46,99
11,91667	47,00
11,93333	47,00
11,95000	46,99
11,96667	46,99
11,98333	46,99
12,00000	46,99
12,01667	47,00
12,03333	47,00
12,05000	47,00
12,06667	47,00
12,08333	47,00
12,10000	47,00
12,11667	47,00
12,13333	47,00
12,15000	47,00
12,16667	47,00
12,18333	47,00
12,20000	46,99
12,21667	46,99
12,23333	46,99
12,25000	46,99
12,26667	46,99
12,28333	46,99
12,30000	46,99
12,31667	46,99
12,33333	46,99
12,35000	46,99
12,36667	46,99
12,38333	46,99
12,40000	46,99
12,41667	46,99
12,43333	46,99
12,45000	46,99
12,46667	46,99
12,48333	46,99
12,50000	46,99
12,51667	46,99
12,53333	46,99
12,55000	46,99
12,56667	46,99
12,58333	46,99
12,60000	46,99
12,61667	46,99
12,63333	46,99
12,65000	46,99
12,66667	46,99
12,68333	46,99
12,70000	46,99
12,71667	46,99
12,73333	46,99
12,75000	47,00
12,76667	47,00
12,78333	47,00
12,80000	46,99
12,81667	47,00
12,83333	46,99
12,85000	47,00
12,86667	47,00
12,88333	47,00
12,90000	47,00
12,91667	47,00
12,93333	47,00
12,95000	47,00
12,96667	47,00
12,98333	47,00
13,00000	47,00
13,01667	47,00
13,03333	47,00
13,05000	47,00
13,06667	47,00
13,08333	47,00
13,10000	47,00
13,11667	47,00
13,13333	47,00
13,15000	47,00
13,16667	47,00
13,18333	47,00
13,20000	47,00
13,21667	47,00
13,23333	47,00
13,25000	47,00
13,26667	47,00
13,28333	47,00
13,30000	47,00
13,31667	47,00
13,33333	47,00
13,35000	47,00
13,36667	47,00
13,38333	47,00
13,40000	47,00
13,41667	47,00
13,43333	47,00
13,45000	47,00
13,46667	47,00
13,48333	47,00
13,50000	47,00
13,51667	47,00
13,53333	47,00
13,55000	47,00
13,56667	47,00
13,58333	47,00
13,60000	47,00
13,61667	47,00
13,63333	47,00
13,65000	47,00
13,66667	47,00
13,68333	47,00
13,70000	47,00
13,71667	47,00
13,73333	47,00
13,75000	47,00
13,76667	47,00
13,78333	47,00
13,80000	47,00
13,81667	47,00
13,83333	47,00
13,85000	47,00
13,86667	47,00
13,88333	47,00
13,90000	47,00
13,91667	46,99
13,93333	47,00
13,95000	47,00
13,96667	47,00
13,98333	47,00
14,00000	47,00
14,01667	47,00
14,03333	47,00
14,05000	47,00
14,06667	47,00
14,08333	47,00
14,10000	46,99
14,11667	46,99
14,13333	46,99
14,15000	46,99
14,16667	46,99
14,18333	46,99
14,20000	46,99
14,21667	46,99
14,23333	46,99
14,25000	46,99
14,26667	46,99
14,28333	47,00
14,30000	46,99
14,31667	46,99
14,33333	46,99
14,35000	46,99
14,36667	46,99
14,38333	46,99
14,40000	46,99
14,41667	46,99
14,43333	47,00
14,45000	46,99
14,46667	47,00
14,48333	47,00
14,50000	47,00
14,51667	47,00
14,53333	47,00
14,55000	47,00
14,56667	47,00
14,58333	47,00
14,60000	47,00
14,61667	47,00
14,63333	47,00
14,65000	47,00
14,66667	46,99
14,68333	46,99
14,70000	46,99
14,71667	46,99
14,73333	46,99
14,75000	46,99
14,76667	46,99
14,78333	46,99
14,80000	46,99
14,81667	46,99
14,83333	46,99
14,85000	46,99
14,86667	46,99
14,88333	46,99
14,90000	46,99
14,91667	46,99
14,93333	46,99
14,95000	46,99
14,96667	46,99
14,98333	46,99
15,00000	46,99
15,01667	46,99
15,03333	47,00
15,05000	47,00
15,06667	47,00
15,08333	47,00
15,10000	47,00
15,11667	47,00
15,13333	47,00
15,15000	47,00
15,16667	47,00
15,18333	47,00
15,20000	47,00
15,21667	46,99
15,23333	46,99
15,25000	46,99
15,26667	46,99
15,28333	46,99
15,30000	46,99
15,31667	46,99
15,33333	46,99
15,35000	46,99
15,36667	46,99
15,38333	46,99
15,40000	46,99
15,41667	46,99
15,43333	46,99
15,45000	46,99
15,46667	46,99
15,48333	46,99
15,50000	46,99
15,51667	47,00
15,53333	46,99
15,55000	46,99
15,56667	47,00
15,58333	47,00
15,60000	47,00
15,61667	47,00
15,63333	47,00
15,65000	47,00
15,66667	47,00
15,68333	47,00
15,70000	46,99
15,71667	46,99
15,73333	46,99
15,75000	46,99
15,76667	46,99
15,78333	46,99
15,80000	46,99
15,81667	46,99
15,83333	46,99
15,85000	46,99
15,86667	46,99
15,88333	46,99
15,90000	46,99
15,91667	46,99
15,93333	46,99
15,95000	46,99
15,96667	46,99
15,98333	46,99
16,00000	46,99
16,01667	46,99
16,03333	46,99
16,05000	46,99
16,06667	46,99
16,08333	46,99
16,10000	46,99
16,11667	46,99
16,13333	46,99
16,15000	46,99
16,16667	46,99
16,18333	46,99
16,20000	46,99
16,21667	46,99
16,23333	46,99
16,25000	46,99
16,26667	46,99
16,28333	46,99
16,30000	46,99
16,31667	46,99
16,33333	46,99
16,35000	46,99
16,36667	46,99
16,38333	46,99
16,40000	46,99
16,41667	46,99
16,43333	46,99
16,45000	46,99
16,46667	46,99
16,48333	46,99
16,50000	46,99
16,51667	46,99
16,53333	46,99
16,55000	46,99
16,56667	46,99
16,58333	46,99
16,60000	46,99
16,61667	46,99
16,63333	46,99
16,65000	46,99
16,66667	46,99
16,68333	46,99
16,70000	46,99
16,71667	46,99
16,73333	46,99
16,75000	46,99
16,76667	46,99
16,78333	46,99
16,80000	46,99
16,81667	46,99
16,83333	46,99
16,85000	46,99
16,86667	46,99
16,88333	46,99
16,90000	46,99
16,91667	46,99
16,93333	46,99
16,95000	46,99
16,96667	46,99
16,98333	46,99
17,00000	46,99
17,01667	46,99
17,03333	46,99
17,05000	46,99
17,06667	47,00
17,08333	46,99
17,10000	46,99
17,11667	46,99
17,13333	47,00
17,15000	46,99
17,16667	46,99
17,18333	46,99
17,20000	46,99
17,21667	46,99
17,23333	46,99
17,25000	46,99
17,26667	46,99
17,28333	46,99
17,30000	46,99
17,31667	46,99
17,33333	46,99
17,35000	46,99
17,36667	46,99
17,38333	46,99
17,40000	46,99
17,41667	46,99
17,43333	46,99
17,45000	46,99
17,46667	46,99
17,48333	46,99
17,50000	46,99
17,51667	47,00
17,53333	46,99
17,55000	46,99
17,56667	46,99
17,58333	46,99
17,60000	46,99
17,61667	46,99
17,63333	46,99
17,65000	46,99
17,66667	46,99
17,68333	46,99
17,70000	46,99
17,71667	46,99
17,73333	46,99
17,75000	46,99
17,76667	46,99
17,78333	46,99
17,80000	46,99
17,81667	46,99
17,83333	46,99
17,85000	46,99
17,86667	46,99
17,88333	46,99
17,90000	46,99
17,91667	46,99
17,93333	46,99
17,95000	46,99
17,96667	46,99
17,98333	46,99
18,00000	46,99
18,01667	46,99
18,03333	46,99
18,05000	46,99
18,06667	46,99
18,08333	46,99
18,10000	46,99
18,11667	46,99
18,13333	46,99
18,15000	46,99
18,16667	46,99
18,18333	46,99
18,20000	46,99
18,21667	46,99
18,23333	46,99
18,25000	46,99
18,26667	46,99
18,28333	46,99
18,30000	46,99
18,31667	46,99
18,33333	46,99
18,35000	46,99
18,36667	46,99
18,38333	46,99
18,40000	46,99
18,41667	46,99
18,43333	46,99
18,45000	46,99
18,46667	47,00
18,48333	47,00
18,50000	47,00
18,51667	46,99
18,53333	47,00
18,55000	47,00
18,56667	47,00
18,58333	47,00
18,60000	47,00
18,61667	47,00
18,63333	47,00
18,65000	47,00
18,66667	47,00
18,68333	47,00
18,70000	47,00
18,71667	47,00
18,73333	46,99
18,75000	47,00
18,76667	47,00
18,78333	46,99
18,80000	46,99
18,81667	46,99
18,83333	46,99
18,85000	46,99
18,86667	46,99
18,88333	46,99
18,90000	46,99
18,91667	46,99
18,93333	46,99
18,95000	46,99
18,96667	46,99
18,98333	46,99
19,00000	46,99
19,01667	46,99
19,03333	46,99
19,05000	46,99
19,06667	46,99
19,08333	47,00
19,10000	47,00
19,11667	46,99
19,13333	47,00
19,15000	47,00
19,16667	47,00
19,18333	47,00
19,20000	46,99
19,21667	46,99
19,23333	46,99
19,25000	46,99
19,26667	46,99
19,28333	46,99
19,30000	46,99
19,31667	46,99
19,33333	46,99
19,35000	46,99
19,36667	46,99
19,38333	46,99
19,40000	46,99
19,41667	46,99
19,43333	46,99
19,45000	46,99
19,46667	46,99
19,48333	46,99
19,50000	46,99
19,51667	46,99
19,53333	46,99
19,55000	46,99
19,56667	46,99
19,58333	46,99
19,60000	46,99
19,61667	46,99
19,63333	46,99
19,65000	46,99
19,66667	46,99
19,68333	46,99
19,70000	46,99
19,71667	46,99
19,73333	46,99
19,75000	46,99
19,76667	46,99
19,78333	46,99
19,80000	46,99
19,81667	46,99
19,83333	46,99
19,85000	46,99
19,86667	46,99
19,88333	46,99
19,90000	46,99
19,91667	46,99
19,93333	46,99
19,95000	46,99
19,96667	46,99
19,98333	46,99
20,00000	46,99
20,01667	46,99
20,03333	46,99
20,05000	46,99
20,06667	46,99
20,08333	46,99
20,10000	46,99
20,11667	46,99
20,13333	46,99
20,15000	46,99
20,16667	46,99
20,18333	46,99
20,20000	46,99
20,21667	46,99
20,23333	46,99
20,25000	46,99
20,26667	46,99
20,28333	46,99
20,30000	46,99
20,31667	46,99
20,33333	46,99
20,35000	46,99
20,36667	46,99
20,38333	46,99
20,40000	46,99
20,41667	46,99
20,43333	46,99
20,45000	46,99
20,46667	46,99
20,48333	46,99
20,50000	46,99
20,51667	46,99
20,53333	46,99
20,55000	46,99
20,56667	46,99
20,58333	46,99
20,60000	46,99
20,61667	46,99
20,63333	46,99
20,65000	46,99
20,66667	46,99
20,68333	46,99
20,70000	46,99
20,71667	46,99
20,73333	46,99
20,75000	46,99
20,76667	46,99
20,78333	46,99
20,80000	46,99
20,81667	46,99
20,83333	46,99
20,85000	46,99
20,86667	46,99
20,88333	46,99
20,90000	46,99
20,91667	46,99
20,93333	46,99
20,95000	46,99
20,96667	46,99
20,98333	46,99
21,00000	46,99
21,01667	46,99
21,03333	46,99
21,05000	46,99
21,06667	46,99
21,08333	46,99
21,10000	46,99
21,11667	46,99
21,13333	46,99
21,15000	46,99
21,16667	46,99
21,18333	46,99
21,20000	46,99
21,21667	46,99
21,23333	46,99
21,25000	46,99
21,26667	46,99
21,28333	46,99
21,30000	46,99
21,31667	46,99
21,33333	46,99
21,35000	46,99
21,36667	46,99
21,38333	46,99
21,40000	46,99
21,41667	46,99
21,43333	46,99
21,45000	46,99
21,46667	46,99
21,48333	46,99
21,50000	46,99
21,51667	46,99
21,53333	46,99
21,55000	46,99
21,56667	46,99
21,58333	46,99
21,60000	46,99
21,61667	46,99
21,63333	46,99
21,65000	46,99
21,66667	46,99
21,68333	46,99
21,70000	46,99
21,71667	46,99
21,73333	46,99
21,75000	46,99
21,76667	46,99
21,78333	46,99
21,80000	46,99
21,81667	46,99
21,83333	46,99
21,85000	46,99
21,86667	46,99
21,88333	46,99
21,90000	46,99
21,91667	46,99
21,93333	46,99
21,95000	46,99
21,96667	46,99
21,98333	46,99
22,00000	46,99
22,01667	46,99
22,03333	46,99
22,05000	46,99
22,06667	46,99
22,08333	46,99
22,10000	46,99
22,11667	46,99
22,13333	46,99
22,15000	46,99
22,16667	46,99
22,18333	46,99
22,20000	46,99
22,21667	46,99
22,23333	46,99
22,25000	46,99
22,26667	46,99
22,28333	46,99
22,30000	46,99
22,31667	46,99
22,33333	46,99
22,35000	46,99
22,36667	46,99
22,38333	46,99
22,40000	46,99
22,41667	46,99
22,43333	46,99
22,45000	46,99
22,46667	46,99
22,48333	46,99
22,50000	46,99
22,51667	46,99
22,53333	46,99
22,55000	46,99
22,56667	46,99
22,58333	46,99
22,60000	46,99
22,61667	46,99
22,63333	46,99
22,65000	46,99
22,66667	46,99
22,68333	46,99
22,70000	46,99
22,71667	46,99
22,73333	46,99
22,75000	46,99
22,76667	46,99
22,78333	46,99
22,80000	46,99
22,81667	46,99
22,83333	46,99
22,85000	46,99
22,86667	46,99
22,88333	46,99
22,90000	46,99
22,91667	46,99
22,93333	46,99
22,95000	46,99
22,96667	46,99
22,98333	46,99
23,00000	46,99
23,01667	46,99
23,03333	46,99
23,05000	46,99
23,06667	46,99
23,08333	46,99
23,10000	46,99
23,11667	46,99
23,13333	46,99
23,15000	46,99
23,16667	46,99
23,18333	46,99
23,20000	46,99
23,21667	46,99
23,23333	46,99
23,25000	46,99
23,26667	46,99
23,28333	46,99
23,30000	46,99
23,31667	46,99
23,33333	46,99
23,35000	46,99
23,36667	46,99
23,38333	46,99
23,40000	46,99
23,41667	46,99
23,43333	46,99
23,45000	46,99
23,46667	46,99
23,48333	46,99
23,50000	46,99
23,51667	46,99
23,53333	46,99
23,55000	46,99
23,56667	46,99
23,58333	46,99
23,60000	46,99
23,61667	46,99
23,63333	46,99
23,65000	46,99
23,66667	46,99
23,68333	46,99
23,70000	46,99
23,71667	46,99
23,73333	46,99
23,75000	46,99
23,76667	46,99
23,78333	46,99
23,80000	46,99
23,81667	46,99
23,83333	46,99
23,85000	46,99
23,86667	46,99
23,88333	46,99
23,90000	46,99
23,91667	46,99
23,93333	46,99
23,95000	46,99
23,96667	46,99
23,98333	46,99
24,00000	46,99
24,01667	46,99
24,03333	46,99
24,05000	46,99
24,06667	46,99
24,08333	46,99
24,10000	46,99
24,11667	46,99
24,13333	46,99
24,15000	46,99
24,16667	46,99
24,18333	46,99
24,20000	46,99
24,21667	46,99
24,23333	46,99
24,25000	46,99
24,26667	46,99
24,28333	46,99
24,30000	46,99
24,31667	46,99
24,33333	46,99
24,35000	46,99
24,36667	46,99
24,38333	46,99
24,40000	46,99
24,41667	46,99
24,43333	46,99
24,45000	46,99
24,46667	46,99
24,48333	46,99
24,50000	46,99
24,51667	46,99
24,53333	46,99
24,55000	46,99
24,56667	46,99
24,58333	46,99
24,60000	46,99
24,61667	46,99
24,63333	46,99
24,65000	46,99
24,66667	46,99
24,68333	46,99
24,70000	46,99
24,71667	46,99
24,73333	46,99
24,75000	46,99
24,76667	46,99
24,78333	46,99
24,80000	46,99
24,81667	46,99
24,83333	46,99
24,85000	46,99
24,86667	46,99
24,88333	46,99
24,90000	46,99
24,91667	46,99
24,93333	46,99
24,95000	46,99
24,96667	46,99
24,98333	46,99
25,00000	46,99
25,01667	46,99
25,03333	46,99
25,05000	46,99
25,06667	46,99
25,08333	46,99
25,10000	46,99
25,11667	46,99
25,13333	46,99
25,15000	46,99
25,16667	46,99
25,18333	46,99
25,20000	46,99
25,21667	46,99
25,23333	46,99
25,25000	46,99
25,26667	46,99
25,28333	46,99
25,30000	46,99
25,31667	46,99
25,33333	46,99
25,35000	46,99
25,36667	46,99
25,38333	46,99
25,40000	46,99
25,41667	46,99
25,43333	46,99
25,45000	46,99
25,46667	46,99
25,48333	46,99
25,50000	46,99
25,51667	46,99
25,53333	46,99
25,55000	46,99
25,56667	46,99
25,58333	46,99
25,60000	46,99
25,61667	46,99
25,63333	46,99
25,65000	46,99
25,66667	46,99
25,68333	46,99
25,70000	46,99
25,71667	46,99
25,73333	46,99
25,75000	46,99
25,76667	46,99
25,78333	46,99
25,80000	46,99
25,81667	46,99
25,83333	46,99
25,85000	46,99
25,86667	46,99
25,88333	46,99
25,90000	46,99
25,91667	46,99
25,93333	46,99
25,95000	46,99
25,96667	46,99
25,98333	46,99
26,00000	46,99
26,01667	46,99
26,03333	46,99
26,05000	46,99
26,06667	46,99
26,08333	46,99
26,10000	46,99
26,11667	46,99
26,13333	46,99
26,15000	46,99
26,16667	46,99
26,18333	46,99
26,20000	46,99
26,21667	46,99
26,23333	46,99
26,25000	46,99
26,26667	46,99
26,28333	46,99
26,30000	46,99
26,31667	46,99
26,33333	46,99
26,35000	46,99
26,36667	46,99
26,38333	46,99
26,40000	46,99
26,41667	46,99
26,43333	46,99
26,45000	46,99
26,46667	46,99
26,48333	46,99
26,50000	46,99
26,51667	46,99
26,53333	46,99
26,55000	46,99
26,56667	46,99
26,58333	46,99
26,60000	46,99
26,61667	46,99
26,63333	46,99
26,65000	46,99
26,66667	46,99
26,68333	46,99
26,70000	46,99
26,71667	46,99
26,73333	46,99
26,75000	46,99
26,76667	46,99
26,78333	46,99
26,80000	46,99
26,81667	46,99
26,83333	46,99
26,85000	46,99
26,86667	46,99
26,88333	46,99
26,90000	46,99
26,91667	46,99
26,93333	46,99
26,95000	46,99
26,96667	46,99
26,98333	46,99
27,00000	46,99
27,01667	46,99
27,03333	46,99
27,05000	46,99
27,06667	46,99
27,08333	46,99
27,10000	46,99
27,11667	46,99
27,13333	46,99
27,15000	46,99
27,16667	46,99
27,18333	46,99
27,20000	46,99
27,21667	46,99
27,23333	46,99
27,25000	46,99
27,26667	46,99
27,28333	46,99
27,30000	46,99
27,31667	46,99
27,33333	46,99
27,35000	46,99
27,36667	46,99
27,38333	46,99
27,40000	46,99
27,41667	46,99
27,43333	46,99
27,45000	46,99
27,46667	46,99
27,48333	46,99
27,50000	46,99
27,51667	46,99
27,53333	46,99
27,55000	46,99
27,56667	46,99
27,58333	46,99
27,60000	46,99
27,61667	46,99
27,63333	46,99
27,65000	46,99
27,66667	46,99
27,68333	46,99
27,70000	46,99
27,71667	46,99
27,73333	46,99
27,75000	46,99
27,76667	46,99
27,78333	46,99
27,80000	46,99
27,81667	46,99
27,83333	46,99
27,85000	46,99
27,86667	46,99
27,88333	46,99
27,90000	46,99
27,91667	46,99
27,93333	46,99
27,95000	46,99
27,96667	46,99
27,98333	46,99
28,00000	46,99
28,01667	46,99
28,03333	46,99
28,05000	46,99
28,06667	46,99
28,08333	46,99
28,10000	46,99
28,11667	46,99
28,13333	46,99
28,15000	46,99
28,16667	46,99
28,18333	46,99
28,20000	46,99
28,21667	46,99
28,23333	46,99
28,25000	46,99
28,26667	46,99
28,28333	46,99
28,30000	46,99
28,31667	46,99
28,33333	46,99
28,35000	46,99
28,36667	46,99
28,38333	46,99
28,40000	46,99
28,41667	46,99
28,43333	46,99
28,45000	46,99
28,46667	46,99
28,48333	46,99
28,50000	46,99
28,51667	46,99
28,53333	46,99
28,55000	46,99
28,56667	46,99
28,58333	46,99
28,60000	46,99
28,61667	46,99
28,63333	46,98
28,65000	46,99
28,66667	46,99
28,68333	46,99
28,70000	46,98
28,71667	46,98
28,73333	46,98
28,75000	46,98
28,76667	46,98
28,78333	46,98
28,80000	46,98
28,81667	46,98
28,83333	46,98
28,85000	46,98
28,86667	46,98
28,88333	46,99
28,90000	46,99
28,91667	46,99
28,93333	46,99
28,95000	46,99
28,96667	46,99
28,98333	46,99
29,00000	46,99
29,01667	46,99
29,03333	46,99
29,05000	46,99
29,06667	46,99
29,08333	46,99
29,10000	46,99
29,11667	46,99
29,13333	46,99
29,15000	46,99
29,16667	46,99
29,18333	46,99
29,20000	46,99
29,21667	46,99
29,23333	46,99
29,25000	46,98
29,26667	46,98
29,28333	46,98
29,30000	46,98
29,31667	46,98
29,33333	46,98
29,35000	46,98
29,36667	46,98
29,38333	46,98
29,40000	46,98
29,41667	46,98
29,43333	46,98
29,45000	46,98
29,46667	46,98
29,48333	46,98
29,50000	46,98
29,51667	46,98
29,53333	46,98
29,55000	46,98
29,56667	46,99
29,58333	46,99
29,60000	46,99
29,61667	46,99
29,63333	46,99
29,65000	46,99
29,66667	46,99
29,68333	46,99
29,70000	46,98
29,71667	46,98
29,73333	46,98
29,75000	46,98
29,76667	46,98
29,78333	46,98
29,80000	46,98
29,81667	46,98
29,83333	46,98
29,85000	46,98
29,86667	46,99
29,88333	46,98
29,90000	46,98
29,91667	46,98
29,93333	46,99
29,95000	46,98
29,96667	46,98
29,98333	46,98
30,00000	46,98
30,01667	46,98
30,03333	46,98
30,05000	46,98
30,06667	46,98
30,08333	46,98
30,10000	46,98
30,11667	46,98
30,13333	46,98
30,15000	46,98
30,16667	46,98
30,18333	46,98
30,20000	46,98
30,21667	46,98
30,23333	46,98
30,25000	46,98
30,26667	46,98
30,28333	46,98
30,30000	46,98
30,31667	46,98
30,33333	46,99
30,35000	46,98
30,36667	46,98
30,38333	46,98
30,40000	46,98
30,41667	46,98
30,43333	46,99
30,45000	46,98
30,46667	46,98
30,48333	46,98
30,50000	46,98
30,51667	46,98
30,53333	46,98
30,55000	46,98
30,56667	46,98
30,58333	46,98
30,60000	46,98
30,61667	46,98
30,63333	46,98
30,65000	46,98
30,66667	46,98
30,68333	46,98
30,70000	46,98
30,71667	46,98
30,73333	46,98
30,75000	46,98
30,76667	46,98
30,78333	46,99
30,80000	46,99
30,81667	46,99
30,83333	46,99
30,85000	46,99
30,86667	46,99
30,88333	46,99
30,90000	46,99
30,91667	46,99
30,93333	46,99
30,95000	46,98
30,96667	46,98
30,98333	46,98
31,00000	46,98
31,01667	46,98
31,03333	46,98
31,05000	46,98
31,06667	46,98
31,08333	46,98
31,10000	46,98
31,11667	46,98
31,13333	46,98
31,15000	46,98
31,16667	46,98
31,18333	46,98
31,20000	46,99
31,21667	46,98
31,23333	46,99
31,25000	46,98
31,26667	46,99
31,28333	46,99
31,30000	46,98
31,31667	46,98
31,33333	46,98
31,35000	46,98
31,36667	46,98
31,38333	46,98
31,40000	46,98
31,41667	46,98
31,43333	46,98
31,45000	46,98
31,46667	46,99
31,48333	46,99
31,50000	46,99
31,51667	46,98
31,53333	46,99
31,55000	46,98
31,56667	46,98
31,58333	46,99
31,60000	46,98
31,61667	46,99
31,63333	46,99
31,65000	46,98
31,66667	46,98
31,68333	46,98
31,70000	46,98
31,71667	46,98
31,73333	46,98
31,75000	46,98
31,76667	46,98
31,78333	46,98
31,80000	46,98
31,81667	46,98
31,83333	46,98
31,85000	46,98
31,86667	46,98
31,88333	46,99
31,90000	46,99
31,91667	46,99
31,93333	46,99
31,95000	46,98
31,96667	46,99
31,98333	46,99
32,00000	46,99

[LC Status Trace(PDA Lamp Housing Temp.)]
Interval(msec)	1000
# of Points	1921
Start Time(min)	0,000
End Time(min)	32,000
Intensity Units	C
Intensity Multiplier	1
R.Time (min)	Intensity
0,00000	53,84
0,01667	53,84
0,03333	53,84
0,05000	53,84
0,06667	53,84
0,08333	53,83
0,10000	53,83
0,11667	53,83
0,13333	53,83
0,15000	53,83
0,16667	53,82
0,18333	53,82
0,20000	53,82
0,21667	53,82
0,23333	53,83
0,25000	53,83
0,26667	53,83
0,28333	53,83
0,30000	53,83
0,31667	53,83
0,33333	53,82
0,35000	53,82
0,36667	53,83
0,38333	53,83
0,40000	53,84
0,41667	53,83
0,43333	53,83
0,45000	53,83
0,46667	53,84
0,48333	53,83
0,50000	53,83
0,51667	53,83
0,53333	53,84
0,55000	53,84
0,56667	53,84
0,58333	53,84
0,60000	53,84
0,61667	53,84
0,63333	53,84
0,65000	53,84
0,66667	53,84
0,68333	53,84
0,70000	53,83
0,71667	53,83
0,73333	53,83
0,75000	53,83
0,76667	53,83
0,78333	53,83
0,80000	53,82
0,81667	53,82
0,83333	53,82
0,85000	53,82
0,86667	53,82
0,88333	53,81
0,90000	53,82
0,91667	53,82
0,93333	53,83
0,95000	53,83
0,96667	53,83
0,98333	53,83
1,00000	53,83
1,01667	53,83
1,03333	53,82
1,05000	53,82
1,06667	53,83
1,08333	53,83
1,10000	53,83
1,11667	53,83
1,13333	53,83
1,15000	53,83
1,16667	53,83
1,18333	53,83
1,20000	53,83
1,21667	53,84
1,23333	53,84
1,25000	53,84
1,26667	53,84
1,28333	53,84
1,30000	53,84
1,31667	53,84
1,33333	53,84
1,35000	53,84
1,36667	53,84
1,38333	53,84
1,40000	53,84
1,41667	53,84
1,43333	53,84
1,45000	53,84
1,46667	53,84
1,48333	53,84
1,50000	53,84
1,51667	53,84
1,53333	53,84
1,55000	53,84
1,56667	53,84
1,58333	53,84
1,60000	53,83
1,61667	53,83
1,63333	53,83
1,65000	53,84
1,66667	53,84
1,68333	53,84
1,70000	53,84
1,71667	53,84
1,73333	53,84
1,75000	53,84
1,76667	53,84
1,78333	53,84
1,80000	53,84
1,81667	53,84
1,83333	53,84
1,85000	53,84
1,86667	53,84
1,88333	53,84
1,90000	53,84
1,91667	53,84
1,93333	53,84
1,95000	53,84
1,96667	53,84
1,98333	53,84
2,00000	53,84
2,01667	53,84
2,03333	53,84
2,05000	53,84
2,06667	53,84
2,08333	53,84
2,10000	53,84
2,11667	53,84
2,13333	53,85
2,15000	53,85
2,16667	53,85
2,18333	53,85
2,20000	53,86
2,21667	53,86
2,23333	53,85
2,25000	53,85
2,26667	53,85
2,28333	53,85
2,30000	53,85
2,31667	53,85
2,33333	53,86
2,35000	53,85
2,36667	53,85
2,38333	53,85
2,40000	53,85
2,41667	53,85
2,43333	53,85
2,45000	53,85
2,46667	53,85
2,48333	53,85
2,50000	53,85
2,51667	53,85
2,53333	53,84
2,55000	53,83
2,56667	53,83
2,58333	53,84
2,60000	53,84
2,61667	53,84
2,63333	53,84
2,65000	53,84
2,66667	53,84
2,68333	53,84
2,70000	53,84
2,71667	53,84
2,73333	53,83
2,75000	53,83
2,76667	53,83
2,78333	53,84
2,80000	53,84
2,81667	53,84
2,83333	53,84
2,85000	53,85
2,86667	53,85
2,88333	53,86
2,90000	53,85
2,91667	53,85
2,93333	53,85
2,95000	53,85
2,96667	53,84
2,98333	53,84
3,00000	53,84
3,01667	53,84
3,03333	53,84
3,05000	53,84
3,06667	53,84
3,08333	53,84
3,10000	53,84
3,11667	53,84
3,13333	53,84
3,15000	53,84
3,16667	53,84
3,18333	53,84
3,20000	53,84
3,21667	53,84
3,23333	53,85
3,25000	53,85
3,26667	53,84
3,28333	53,84
3,30000	53,84
3,31667	53,84
3,33333	53,85
3,35000	53,84
3,36667	53,84
3,38333	53,84
3,40000	53,84
3,41667	53,85
3,43333	53,85
3,45000	53,85
3,46667	53,84
3,48333	53,84
3,50000	53,84
3,51667	53,84
3,53333	53,85
3,55000	53,84
3,56667	53,84
3,58333	53,84
3,60000	53,84
3,61667	53,84
3,63333	53,84
3,65000	53,84
3,66667	53,84
3,68333	53,84
3,70000	53,85
3,71667	53,85
3,73333	53,85
3,75000	53,85
3,76667	53,85
3,78333	53,85
3,80000	53,85
3,81667	53,85
3,83333	53,85
3,85000	53,85
3,86667	53,85
3,88333	53,85
3,90000	53,85
3,91667	53,85
3,93333	53,85
3,95000	53,85
3,96667	53,85
3,98333	53,85
4,00000	53,85
4,01667	53,85
4,03333	53,86
4,05000	53,86
4,06667	53,86
4,08333	53,86
4,10000	53,86
4,11667	53,86
4,13333	53,85
4,15000	53,85
4,16667	53,84
4,18333	53,84
4,20000	53,85
4,21667	53,85
4,23333	53,85
4,25000	53,85
4,26667	53,85
4,28333	53,84
4,30000	53,84
4,31667	53,84
4,33333	53,84
4,35000	53,83
4,36667	53,83
4,38333	53,83
4,40000	53,84
4,41667	53,84
4,43333	53,84
4,45000	53,84
4,46667	53,85
4,48333	53,85
4,50000	53,85
4,51667	53,85
4,53333	53,85
4,55000	53,85
4,56667	53,84
4,58333	53,84
4,60000	53,84
4,61667	53,85
4,63333	53,85
4,65000	53,85
4,66667	53,85
4,68333	53,85
4,70000	53,85
4,71667	53,85
4,73333	53,85
4,75000	53,84
4,76667	53,84
4,78333	53,83
4,80000	53,84
4,81667	53,84
4,83333	53,83
4,85000	53,83
4,86667	53,83
4,88333	53,83
4,90000	53,83
4,91667	53,83
4,93333	53,83
4,95000	53,84
4,96667	53,84
4,98333	53,84
5,00000	53,84
5,01667	53,84
5,03333	53,84
5,05000	53,84
5,06667	53,84
5,08333	53,85
5,10000	53,85
5,11667	53,85
5,13333	53,84
5,15000	53,84
5,16667	53,84
5,18333	53,84
5,20000	53,84
5,21667	53,84
5,23333	53,84
5,25000	53,84
5,26667	53,84
5,28333	53,84
5,30000	53,83
5,31667	53,83
5,33333	53,83
5,35000	53,84
5,36667	53,84
5,38333	53,84
5,40000	53,84
5,41667	53,84
5,43333	53,84
5,45000	53,84
5,46667	53,84
5,48333	53,84
5,50000	53,84
5,51667	53,85
5,53333	53,85
5,55000	53,85
5,56667	53,85
5,58333	53,86
5,60000	53,86
5,61667	53,86
5,63333	53,86
5,65000	53,86
5,66667	53,86
5,68333	53,86
5,70000	53,85
5,71667	53,85
5,73333	53,86
5,75000	53,86
5,76667	53,86
5,78333	53,86
5,80000	53,86
5,81667	53,85
5,83333	53,85
5,85000	53,86
5,86667	53,85
5,88333	53,86
5,90000	53,86
5,91667	53,86
5,93333	53,85
5,95000	53,85
5,96667	53,85
5,98333	53,85
6,00000	53,85
6,01667	53,86
6,03333	53,86
6,05000	53,86
6,06667	53,85
6,08333	53,85
6,10000	53,85
6,11667	53,85
6,13333	53,85
6,15000	53,84
6,16667	53,84
6,18333	53,84
6,20000	53,84
6,21667	53,84
6,23333	53,84
6,25000	53,84
6,26667	53,84
6,28333	53,84
6,30000	53,84
6,31667	53,84
6,33333	53,85
6,35000	53,84
6,36667	53,84
6,38333	53,85
6,40000	53,84
6,41667	53,84
6,43333	53,85
6,45000	53,85
6,46667	53,85
6,48333	53,86
6,50000	53,86
6,51667	53,85
6,53333	53,85
6,55000	53,85
6,56667	53,85
6,58333	53,84
6,60000	53,84
6,61667	53,84
6,63333	53,85
6,65000	53,85
6,66667	53,85
6,68333	53,84
6,70000	53,85
6,71667	53,85
6,73333	53,85
6,75000	53,85
6,76667	53,85
6,78333	53,85
6,80000	53,85
6,81667	53,86
6,83333	53,86
6,85000	53,86
6,86667	53,86
6,88333	53,85
6,90000	53,85
6,91667	53,85
6,93333	53,85
6,95000	53,85
6,96667	53,86
6,98333	53,86
7,00000	53,86
7,01667	53,85
7,03333	53,85
7,05000	53,85
7,06667	53,85
7,08333	53,84
7,10000	53,84
7,11667	53,85
7,13333	53,85
7,15000	53,85
7,16667	53,85
7,18333	53,85
7,20000	53,85
7,21667	53,85
7,23333	53,84
7,25000	53,84
7,26667	53,84
7,28333	53,84
7,30000	53,84
7,31667	53,85
7,33333	53,85
7,35000	53,84
7,36667	53,84
7,38333	53,84
7,40000	53,84
7,41667	53,84
7,43333	53,84
7,45000	53,84
7,46667	53,84
7,48333	53,84
7,50000	53,84
7,51667	53,84
7,53333	53,84
7,55000	53,84
7,56667	53,85
7,58333	53,84
7,60000	53,84
7,61667	53,84
7,63333	53,84
7,65000	53,84
7,66667	53,84
7,68333	53,84
7,70000	53,84
7,71667	53,84
7,73333	53,83
7,75000	53,83
7,76667	53,84
7,78333	53,84
7,80000	53,84
7,81667	53,84
7,83333	53,84
7,85000	53,84
7,86667	53,84
7,88333	53,84
7,90000	53,84
7,91667	53,84
7,93333	53,84
7,95000	53,84
7,96667	53,84
7,98333	53,85
8,00000	53,84
8,01667	53,85
8,03333	53,84
8,05000	53,84
8,06667	53,84
8,08333	53,84
8,10000	53,84
8,11667	53,84
8,13333	53,84
8,15000	53,84
8,16667	53,84
8,18333	53,84
8,20000	53,84
8,21667	53,84
8,23333	53,84
8,25000	53,85
8,26667	53,85
8,28333	53,85
8,30000	53,85
8,31667	53,85
8,33333	53,85
8,35000	53,84
8,36667	53,84
8,38333	53,84
8,40000	53,84
8,41667	53,84
8,43333	53,84
8,45000	53,83
8,46667	53,83
8,48333	53,84
8,50000	53,84
8,51667	53,84
8,53333	53,84
8,55000	53,84
8,56667	53,84
8,58333	53,84
8,60000	53,85
8,61667	53,85
8,63333	53,85
8,65000	53,84
8,66667	53,84
8,68333	53,84
8,70000	53,84
8,71667	53,84
8,73333	53,84
8,75000	53,84
8,76667	53,85
8,78333	53,85
8,80000	53,85
8,81667	53,85
8,83333	53,85
8,85000	53,85
8,86667	53,85
8,88333	53,86
8,90000	53,86
8,91667	53,85
8,93333	53,85
8,95000	53,85
8,96667	53,85
8,98333	53,85
9,00000	53,85
9,01667	53,85
9,03333	53,85
9,05000	53,85
9,06667	53,85
9,08333	53,85
9,10000	53,85
9,11667	53,85
9,13333	53,84
9,15000	53,84
9,16667	53,84
9,18333	53,84
9,20000	53,84
9,21667	53,85
9,23333	53,85
9,25000	53,85
9,26667	53,85
9,28333	53,85
9,30000	53,85
9,31667	53,85
9,33333	53,85
9,35000	53,85
9,36667	53,85
9,38333	53,86
9,40000	53,86
9,41667	53,86
9,43333	53,86
9,45000	53,86
9,46667	53,86
9,48333	53,85
9,50000	53,85
9,51667	53,85
9,53333	53,84
9,55000	53,84
9,56667	53,84
9,58333	53,85
9,60000	53,85
9,61667	53,85
9,63333	53,85
9,65000	53,85
9,66667	53,85
9,68333	53,86
9,70000	53,85
9,71667	53,85
9,73333	53,85
9,75000	53,86
9,76667	53,86
9,78333	53,86
9,80000	53,85
9,81667	53,85
9,83333	53,85
9,85000	53,85
9,86667	53,85
9,88333	53,84
9,90000	53,84
9,91667	53,83
9,93333	53,83
9,95000	53,84
9,96667	53,83
9,98333	53,83
10,00000	53,83
10,01667	53,83
10,03333	53,84
10,05000	53,84
10,06667	53,84
10,08333	53,84
10,10000	53,83
10,11667	53,83
10,13333	53,83
10,15000	53,82
10,16667	53,83
10,18333	53,84
10,20000	53,84
10,21667	53,83
10,23333	53,84
10,25000	53,84
10,26667	53,85
10,28333	53,85
10,30000	53,85
10,31667	53,84
10,33333	53,84
10,35000	53,84
10,36667	53,84
10,38333	53,85
10,40000	53,85
10,41667	53,85
10,43333	53,85
10,45000	53,85
10,46667	53,85
10,48333	53,85
10,50000	53,84
10,51667	53,85
10,53333	53,85
10,55000	53,85
10,56667	53,85
10,58333	53,86
10,60000	53,86
10,61667	53,85
10,63333	53,85
10,65000	53,85
10,66667	53,85
10,68333	53,85
10,70000	53,85
10,71667	53,85
10,73333	53,85
10,75000	53,85
10,76667	53,85
10,78333	53,85
10,80000	53,86
10,81667	53,86
10,83333	53,85
10,85000	53,85
10,86667	53,84
10,88333	53,84
10,90000	53,85
10,91667	53,85
10,93333	53,85
10,95000	53,85
10,96667	53,85
10,98333	53,84
11,00000	53,85
11,01667	53,85
11,03333	53,85
11,05000	53,85
11,06667	53,85
11,08333	53,85
11,10000	53,84
11,11667	53,84
11,13333	53,84
11,15000	53,85
11,16667	53,85
11,18333	53,85
11,20000	53,85
11,21667	53,85
11,23333	53,85
11,25000	53,85
11,26667	53,85
11,28333	53,86
11,30000	53,86
11,31667	53,85
11,33333	53,85
11,35000	53,85
11,36667	53,85
11,38333	53,85
11,40000	53,86
11,41667	53,86
11,43333	53,85
11,45000	53,86
11,46667	53,85
11,48333	53,85
11,50000	53,85
11,51667	53,85
11,53333	53,85
11,55000	53,85
11,56667	53,85
11,58333	53,84
11,60000	53,84
11,61667	53,84
11,63333	53,85
11,65000	53,85
11,66667	53,85
11,68333	53,86
11,70000	53,86
11,71667	53,86
11,73333	53,86
11,75000	53,86
11,76667	53,86
11,78333	53,85
11,80000	53,86
11,81667	53,86
11,83333	53,86
11,85000	53,86
11,86667	53,86
11,88333	53,86
11,90000	53,86
11,91667	53,86
11,93333	53,86
11,95000	53,85
11,96667	53,85
11,98333	53,85
12,00000	53,85
12,01667	53,85
12,03333	53,85
12,05000	53,85
12,06667	53,85
12,08333	53,85
12,10000	53,85
12,11667	53,85
12,13333	53,85
12,15000	53,84
12,16667	53,84
12,18333	53,84
12,20000	53,84
12,21667	53,85
12,23333	53,85
12,25000	53,85
12,26667	53,85
12,28333	53,85
12,30000	53,85
12,31667	53,85
12,33333	53,85
12,35000	53,85
12,36667	53,84
12,38333	53,85
12,40000	53,85
12,41667	53,85
12,43333	53,86
12,45000	53,85
12,46667	53,85
12,48333	53,85
12,50000	53,85
12,51667	53,85
12,53333	53,85
12,55000	53,85
12,56667	53,85
12,58333	53,85
12,60000	53,85
12,61667	53,85
12,63333	53,85
12,65000	53,85
12,66667	53,84
12,68333	53,84
12,70000	53,84
12,71667	53,83
12,73333	53,83
12,75000	53,84
12,76667	53,84
12,78333	53,84
12,80000	53,85
12,81667	53,85
12,83333	53,85
12,85000	53,85
12,86667	53,84
12,88333	53,84
12,90000	53,84
12,91667	53,84
12,93333	53,84
12,95000	53,84
12,96667	53,84
12,98333	53,84
13,00000	53,85
13,01667	53,86
13,03333	53,86
13,05000	53,86
13,06667	53,86
13,08333	53,85
13,10000	53,85
13,11667	53,85
13,13333	53,85
13,15000	53,85
13,16667	53,85
13,18333	53,85
13,20000	53,84
13,21667	53,85
13,23333	53,84
13,25000	53,84
13,26667	53,85
13,28333	53,85
13,30000	53,85
13,31667	53,85
13,33333	53,85
13,35000	53,85
13,36667	53,86
13,38333	53,86
13,40000	53,86
13,41667	53,85
13,43333	53,85
13,45000	53,85
13,46667	53,84
13,48333	53,84
13,50000	53,85
13,51667	53,85
13,53333	53,85
13,55000	53,85
13,56667	53,85
13,58333	53,84
13,60000	53,85
13,61667	53,85
13,63333	53,85
13,65000	53,84
13,66667	53,85
13,68333	53,85
13,70000	53,85
13,71667	53,85
13,73333	53,85
13,75000	53,85
13,76667	53,85
13,78333	53,85
13,80000	53,85
13,81667	53,85
13,83333	53,85
13,85000	53,85
13,86667	53,85
13,88333	53,85
13,90000	53,85
13,91667	53,85
13,93333	53,85
13,95000	53,85
13,96667	53,85
13,98333	53,85
14,00000	53,85
14,01667	53,85
14,03333	53,85
14,05000	53,85
14,06667	53,85
14,08333	53,85
14,10000	53,85
14,11667	53,85
14,13333	53,85
14,15000	53,84
14,16667	53,84
14,18333	53,84
14,20000	53,84
14,21667	53,85
14,23333	53,86
14,25000	53,86
14,26667	53,85
14,28333	53,85
14,30000	53,84
14,31667	53,85
14,33333	53,85
14,35000	53,84
14,36667	53,84
14,38333	53,84
14,40000	53,85
14,41667	53,85
14,43333	53,85
14,45000	53,86
14,46667	53,86
14,48333	53,86
14,50000	53,85
14,51667	53,85
14,53333	53,85
14,55000	53,85
14,56667	53,84
14,58333	53,84
14,60000	53,84
14,61667	53,84
14,63333	53,84
14,65000	53,84
14,66667	53,84
14,68333	53,84
14,70000	53,84
14,71667	53,84
14,73333	53,84
14,75000	53,84
14,76667	53,84
14,78333	53,83
14,80000	53,83
14,81667	53,83
14,83333	53,83
14,85000	53,83
14,86667	53,84
14,88333	53,84
14,90000	53,84
14,91667	53,84
14,93333	53,85
14,95000	53,85
14,96667	53,84
14,98333	53,85
15,00000	53,85
15,01667	53,85
15,03333	53,85
15,05000	53,86
15,06667	53,85
15,08333	53,85
15,10000	53,85
15,11667	53,85
15,13333	53,86
15,15000	53,86
15,16667	53,86
15,18333	53,86
15,20000	53,86
15,21667	53,86
15,23333	53,86
15,25000	53,86
15,26667	53,86
15,28333	53,86
15,30000	53,86
15,31667	53,86
15,33333	53,86
15,35000	53,86
15,36667	53,86
15,38333	53,85
15,40000	53,85
15,41667	53,85
15,43333	53,85
15,45000	53,85
15,46667	53,86
15,48333	53,86
15,50000	53,86
15,51667	53,86
15,53333	53,86
15,55000	53,86
15,56667	53,86
15,58333	53,86
15,60000	53,85
15,61667	53,85
15,63333	53,85
15,65000	53,85
15,66667	53,85
15,68333	53,85
15,70000	53,85
15,71667	53,86
15,73333	53,86
15,75000	53,86
15,76667	53,86
15,78333	53,85
15,80000	53,84
15,81667	53,84
15,83333	53,84
15,85000	53,84
15,86667	53,84
15,88333	53,84
15,90000	53,84
15,91667	53,85
15,93333	53,85
15,95000	53,85
15,96667	53,85
15,98333	53,85
16,00000	53,85
16,01667	53,85
16,03333	53,84
16,05000	53,84
16,06667	53,84
16,08333	53,84
16,10000	53,84
16,11667	53,84
16,13333	53,84
16,15000	53,84
16,16667	53,84
16,18333	53,83
16,20000	53,83
16,21667	53,83
16,23333	53,82
16,25000	53,82
16,26667	53,83
16,28333	53,83
16,30000	53,83
16,31667	53,83
16,33333	53,83
16,35000	53,83
16,36667	53,83
16,38333	53,84
16,40000	53,83
16,41667	53,83
16,43333	53,83
16,45000	53,83
16,46667	53,84
16,48333	53,84
16,50000	53,84
16,51667	53,84
16,53333	53,84
16,55000	53,84
16,56667	53,84
16,58333	53,84
16,60000	53,84
16,61667	53,85
16,63333	53,84
16,65000	53,84
16,66667	53,84
16,68333	53,84
16,70000	53,84
16,71667	53,84
16,73333	53,84
16,75000	53,84
16,76667	53,84
16,78333	53,85
16,80000	53,85
16,81667	53,85
16,83333	53,85
16,85000	53,85
16,86667	53,85
16,88333	53,85
16,90000	53,85
16,91667	53,84
16,93333	53,84
16,95000	53,85
16,96667	53,85
16,98333	53,85
17,00000	53,84
17,01667	53,85
17,03333	53,85
17,05000	53,85
17,06667	53,84
17,08333	53,84
17,10000	53,84
17,11667	53,85
17,13333	53,85
17,15000	53,84
17,16667	53,84
17,18333	53,84
17,20000	53,84
17,21667	53,84
17,23333	53,84
17,25000	53,84
17,26667	53,84
17,28333	53,84
17,30000	53,84
17,31667	53,84
17,33333	53,84
17,35000	53,84
17,36667	53,84
17,38333	53,84
17,40000	53,84
17,41667	53,84
17,43333	53,84
17,45000	53,84
17,46667	53,84
17,48333	53,84
17,50000	53,83
17,51667	53,83
17,53333	53,83
17,55000	53,84
17,56667	53,84
17,58333	53,84
17,60000	53,84
17,61667	53,84
17,63333	53,84
17,65000	53,85
17,66667	53,85
17,68333	53,85
17,70000	53,85
17,71667	53,85
17,73333	53,85
17,75000	53,85
17,76667	53,85
17,78333	53,85
17,80000	53,86
17,81667	53,86
17,83333	53,85
17,85000	53,84
17,86667	53,84
17,88333	53,84
17,90000	53,84
17,91667	53,84
17,93333	53,84
17,95000	53,84
17,96667	53,84
17,98333	53,84
18,00000	53,84
18,01667	53,84
18,03333	53,85
18,05000	53,85
18,06667	53,85
18,08333	53,85
18,10000	53,85
18,11667	53,85
18,13333	53,85
18,15000	53,85
18,16667	53,85
18,18333	53,85
18,20000	53,85
18,21667	53,85
18,23333	53,85
18,25000	53,85
18,26667	53,85
18,28333	53,85
18,30000	53,85
18,31667	53,85
18,33333	53,85
18,35000	53,85
18,36667	53,85
18,38333	53,85
18,40000	53,85
18,41667	53,85
18,43333	53,85
18,45000	53,84
18,46667	53,85
18,48333	53,85
18,50000	53,84
18,51667	53,84
18,53333	53,84
18,55000	53,84
18,56667	53,84
18,58333	53,84
18,60000	53,84
18,61667	53,85
18,63333	53,85
18,65000	53,85
18,66667	53,85
18,68333	53,85
18,70000	53,85
18,71667	53,85
18,73333	53,85
18,75000	53,85
18,76667	53,85
18,78333	53,85
18,80000	53,85
18,81667	53,85
18,83333	53,85
18,85000	53,85
18,86667	53,85
18,88333	53,85
18,90000	53,85
18,91667	53,85
18,93333	53,85
18,95000	53,86
18,96667	53,86
18,98333	53,85
19,00000	53,85
19,01667	53,85
19,03333	53,85
19,05000	53,85
19,06667	53,84
19,08333	53,84
19,10000	53,84
19,11667	53,84
19,13333	53,84
19,15000	53,84
19,16667	53,84
19,18333	53,84
19,20000	53,84
19,21667	53,84
19,23333	53,84
19,25000	53,85
19,26667	53,85
19,28333	53,85
19,30000	53,85
19,31667	53,85
19,33333	53,84
19,35000	53,85
19,36667	53,85
19,38333	53,85
19,40000	53,85
19,41667	53,85
19,43333	53,85
19,45000	53,85
19,46667	53,85
19,48333	53,85
19,50000	53,85
19,51667	53,85
19,53333	53,85
19,55000	53,85
19,56667	53,85
19,58333	53,86
19,60000	53,86
19,61667	53,86
19,63333	53,86
19,65000	53,85
19,66667	53,85
19,68333	53,84
19,70000	53,84
19,71667	53,84
19,73333	53,84
19,75000	53,84
19,76667	53,85
19,78333	53,85
19,80000	53,85
19,81667	53,85
19,83333	53,85
19,85000	53,85
19,86667	53,85
19,88333	53,85
19,90000	53,84
19,91667	53,85
19,93333	53,85
19,95000	53,85
19,96667	53,85
19,98333	53,85
20,00000	53,85
20,01667	53,85
20,03333	53,85
20,05000	53,85
20,06667	53,85
20,08333	53,85
20,10000	53,85
20,11667	53,85
20,13333	53,85
20,15000	53,85
20,16667	53,85
20,18333	53,85
20,20000	53,85
20,21667	53,86
20,23333	53,86
20,25000	53,86
20,26667	53,86
20,28333	53,85
20,30000	53,86
20,31667	53,85
20,33333	53,85
20,35000	53,85
20,36667	53,84
20,38333	53,84
20,40000	53,84
20,41667	53,84
20,43333	53,84
20,45000	53,84
20,46667	53,84
20,48333	53,84
20,50000	53,84
20,51667	53,84
20,53333	53,84
20,55000	53,84
20,56667	53,84
20,58333	53,84
20,60000	53,85
20,61667	53,85
20,63333	53,84
20,65000	53,84
20,66667	53,85
20,68333	53,85
20,70000	53,85
20,71667	53,85
20,73333	53,86
20,75000	53,85
20,76667	53,86
20,78333	53,86
20,80000	53,86
20,81667	53,85
20,83333	53,85
20,85000	53,85
20,86667	53,85
20,88333	53,85
20,90000	53,85
20,91667	53,85
20,93333	53,85
20,95000	53,85
20,96667	53,85
20,98333	53,85
21,00000	53,85
21,01667	53,85
21,03333	53,84
21,05000	53,84
21,06667	53,84
21,08333	53,84
21,10000	53,85
21,11667	53,85
21,13333	53,85
21,15000	53,85
21,16667	53,85
21,18333	53,85
21,20000	53,85
21,21667	53,85
21,23333	53,85
21,25000	53,85
21,26667	53,86
21,28333	53,85
21,30000	53,85
21,31667	53,85
21,33333	53,85
21,35000	53,84
21,36667	53,84
21,38333	53,85
21,40000	53,85
21,41667	53,85
21,43333	53,85
21,45000	53,85
21,46667	53,84
21,48333	53,84
21,50000	53,83
21,51667	53,83
21,53333	53,83
21,55000	53,83
21,56667	53,84
21,58333	53,84
21,60000	53,84
21,61667	53,84
21,63333	53,84
21,65000	53,84
21,66667	53,85
21,68333	53,85
21,70000	53,85
21,71667	53,84
21,73333	53,84
21,75000	53,84
21,76667	53,84
21,78333	53,84
21,80000	53,84
21,81667	53,84
21,83333	53,84
21,85000	53,84
21,86667	53,84
21,88333	53,84
21,90000	53,84
21,91667	53,84
21,93333	53,85
21,95000	53,85
21,96667	53,84
21,98333	53,85
22,00000	53,85
22,01667	53,84
22,03333	53,84
22,05000	53,84
22,06667	53,84
22,08333	53,84
22,10000	53,84
22,11667	53,85
22,13333	53,85
22,15000	53,85
22,16667	53,85
22,18333	53,85
22,20000	53,85
22,21667	53,85
22,23333	53,84
22,25000	53,84
22,26667	53,84
22,28333	53,84
22,30000	53,84
22,31667	53,84
22,33333	53,84
22,35000	53,84
22,36667	53,84
22,38333	53,84
22,40000	53,85
22,41667	53,85
22,43333	53,85
22,45000	53,84
22,46667	53,84
22,48333	53,84
22,50000	53,84
22,51667	53,85
22,53333	53,84
22,55000	53,84
22,56667	53,84
22,58333	53,84
22,60000	53,85
22,61667	53,85
22,63333	53,84
22,65000	53,84
22,66667	53,84
22,68333	53,84
22,70000	53,83
22,71667	53,84
22,73333	53,84
22,75000	53,84
22,76667	53,84
22,78333	53,84
22,80000	53,84
22,81667	53,84
22,83333	53,84
22,85000	53,84
22,86667	53,84
22,88333	53,84
22,90000	53,84
22,91667	53,83
22,93333	53,83
22,95000	53,83
22,96667	53,83
22,98333	53,83
23,00000	53,84
23,01667	53,84
23,03333	53,84
23,05000	53,84
23,06667	53,84
23,08333	53,85
23,10000	53,85
23,11667	53,85
23,13333	53,84
23,15000	53,84
23,16667	53,84
23,18333	53,84
23,20000	53,84
23,21667	53,84
23,23333	53,85
23,25000	53,85
23,26667	53,85
23,28333	53,85
23,30000	53,86
23,31667	53,86
23,33333	53,86
23,35000	53,86
23,36667	53,86
23,38333	53,86
23,40000	53,85
23,41667	53,85
23,43333	53,85
23,45000	53,84
23,46667	53,84
23,48333	53,85
23,50000	53,85
23,51667	53,85
23,53333	53,84
23,55000	53,84
23,56667	53,84
23,58333	53,84
23,60000	53,84
23,61667	53,84
23,63333	53,83
23,65000	53,83
23,66667	53,83
23,68333	53,84
23,70000	53,84
23,71667	53,84
23,73333	53,84
23,75000	53,84
23,76667	53,84
23,78333	53,83
23,80000	53,83
23,81667	53,83
23,83333	53,83
23,85000	53,83
23,86667	53,83
23,88333	53,83
23,90000	53,83
23,91667	53,83
23,93333	53,82
23,95000	53,83
23,96667	53,83
23,98333	53,83
24,00000	53,83
24,01667	53,83
24,03333	53,83
24,05000	53,83
24,06667	53,83
24,08333	53,83
24,10000	53,84
24,11667	53,84
24,13333	53,84
24,15000	53,84
24,16667	53,84
24,18333	53,84
24,20000	53,83
24,21667	53,83
24,23333	53,83
24,25000	53,83
24,26667	53,84
24,28333	53,84
24,30000	53,84
24,31667	53,84
24,33333	53,83
24,35000	53,83
24,36667	53,83
24,38333	53,84
24,40000	53,84
24,41667	53,84
24,43333	53,84
24,45000	53,84
24,46667	53,85
24,48333	53,85
24,50000	53,85
24,51667	53,85
24,53333	53,84
24,55000	53,84
24,56667	53,85
24,58333	53,84
24,60000	53,84
24,61667	53,85
24,63333	53,85
24,65000	53,84
24,66667	53,83
24,68333	53,83
24,70000	53,84
24,71667	53,84
24,73333	53,84
24,75000	53,84
24,76667	53,84
24,78333	53,84
24,80000	53,84
24,81667	53,83
24,83333	53,83
24,85000	53,83
24,86667	53,84
24,88333	53,84
24,90000	53,84
24,91667	53,84
24,93333	53,83
24,95000	53,83
24,96667	53,83
24,98333	53,83
25,00000	53,82
25,01667	53,81
25,03333	53,81
25,05000	53,81
25,06667	53,81
25,08333	53,82
25,10000	53,82
25,11667	53,83
25,13333	53,83
25,15000	53,83
25,16667	53,84
25,18333	53,84
25,20000	53,84
25,21667	53,84
25,23333	53,84
25,25000	53,85
25,26667	53,85
25,28333	53,85
25,30000	53,85
25,31667	53,85
25,33333	53,84
25,35000	53,84
25,36667	53,84
25,38333	53,84
25,40000	53,84
25,41667	53,84
25,43333	53,85
25,45000	53,84
25,46667	53,84
25,48333	53,84
25,50000	53,84
25,51667	53,84
25,53333	53,84
25,55000	53,84
25,56667	53,84
25,58333	53,84
25,60000	53,84
25,61667	53,84
25,63333	53,84
25,65000	53,83
25,66667	53,84
25,68333	53,84
25,70000	53,84
25,71667	53,84
25,73333	53,84
25,75000	53,84
25,76667	53,84
25,78333	53,84
25,80000	53,84
25,81667	53,84
25,83333	53,84
25,85000	53,84
25,86667	53,84
25,88333	53,84
25,90000	53,84
25,91667	53,84
25,93333	53,84
25,95000	53,85
25,96667	53,85
25,98333	53,84
26,00000	53,84
26,01667	53,84
26,03333	53,84
26,05000	53,84
26,06667	53,84
26,08333	53,84
26,10000	53,84
26,11667	53,85
26,13333	53,85
26,15000	53,85
26,16667	53,85
26,18333	53,85
26,20000	53,85
26,21667	53,85
26,23333	53,85
26,25000	53,85
26,26667	53,85
26,28333	53,85
26,30000	53,85
26,31667	53,85
26,33333	53,84
26,35000	53,84
26,36667	53,84
26,38333	53,84
26,40000	53,83
26,41667	53,84
26,43333	53,84
26,45000	53,84
26,46667	53,84
26,48333	53,84
26,50000	53,85
26,51667	53,85
26,53333	53,85
26,55000	53,85
26,56667	53,85
26,58333	53,85
26,60000	53,85
26,61667	53,85
26,63333	53,85
26,65000	53,85
26,66667	53,85
26,68333	53,84
26,70000	53,84
26,71667	53,83
26,73333	53,83
26,75000	53,84
26,76667	53,84
26,78333	53,84
26,80000	53,83
26,81667	53,84
26,83333	53,84
26,85000	53,84
26,86667	53,84
26,88333	53,85
26,90000	53,85
26,91667	53,85
26,93333	53,85
26,95000	53,85
26,96667	53,85
26,98333	53,86
27,00000	53,86
27,01667	53,86
27,03333	53,86
27,05000	53,86
27,06667	53,85
27,08333	53,85
27,10000	53,85
27,11667	53,84
27,13333	53,84
27,15000	53,84
27,16667	53,85
27,18333	53,85
27,20000	53,84
27,21667	53,84
27,23333	53,84
27,25000	53,84
27,26667	53,85
27,28333	53,84
27,30000	53,84
27,31667	53,85
27,33333	53,84
27,35000	53,84
27,36667	53,83
27,38333	53,83
27,40000	53,83
27,41667	53,83
27,43333	53,83
27,45000	53,83
27,46667	53,83
27,48333	53,83
27,50000	53,84
27,51667	53,83
27,53333	53,82
27,55000	53,82
27,56667	53,83
27,58333	53,83
27,60000	53,83
27,61667	53,83
27,63333	53,83
27,65000	53,83
27,66667	53,82
27,68333	53,82
27,70000	53,82
27,71667	53,82
27,73333	53,82
27,75000	53,83
27,76667	53,82
27,78333	53,83
27,80000	53,82
27,81667	53,82
27,83333	53,82
27,85000	53,82
27,86667	53,82
27,88333	53,82
27,90000	53,82
27,91667	53,82
27,93333	53,82
27,95000	53,83
27,96667	53,83
27,98333	53,84
28,00000	53,84
28,01667	53,84
28,03333	53,84
28,05000	53,84
28,06667	53,84
28,08333	53,84
28,10000	53,84
28,11667	53,84
28,13333	53,83
28,15000	53,83
28,16667	53,83
28,18333	53,83
28,20000	53,83
28,21667	53,83
28,23333	53,84
28,25000	53,84
28,26667	53,84
28,28333	53,83
28,30000	53,84
28,31667	53,84
28,33333	53,84
28,35000	53,84
28,36667	53,83
28,38333	53,83
28,40000	53,83
28,41667	53,83
28,43333	53,83
28,45000	53,83
28,46667	53,84
28,48333	53,84
28,50000	53,84
28,51667	53,84
28,53333	53,84
28,55000	53,84
28,56667	53,84
28,58333	53,83
28,60000	53,83
28,61667	53,83
28,63333	53,83
28,65000	53,83
28,66667	53,83
28,68333	53,83
28,70000	53,82
28,71667	53,82
28,73333	53,82
28,75000	53,83
28,76667	53,83
28,78333	53,83
28,80000	53,83
28,81667	53,83
28,83333	53,83
28,85000	53,83
28,86667	53,83
28,88333	53,84
28,90000	53,84
28,91667	53,84
28,93333	53,84
28,95000	53,84
28,96667	53,84
28,98333	53,84
29,00000	53,85
29,01667	53,84
29,03333	53,84
29,05000	53,84
29,06667	53,83
29,08333	53,83
29,10000	53,83
29,11667	53,83
29,13333	53,84
29,15000	53,84
29,16667	53,84
29,18333	53,84
29,20000	53,84
29,21667	53,84
29,23333	53,84
29,25000	53,84
29,26667	53,84
29,28333	53,84
29,30000	53,83
29,31667	53,84
29,33333	53,84
29,35000	53,84
29,36667	53,84
29,38333	53,84
29,40000	53,84
29,41667	53,84
29,43333	53,84
29,45000	53,84
29,46667	53,84
29,48333	53,83
29,50000	53,84
29,51667	53,84
29,53333	53,84
29,55000	53,84
29,56667	53,84
29,58333	53,84
29,60000	53,84
29,61667	53,84
29,63333	53,84
29,65000	53,84
29,66667	53,83
29,68333	53,83
29,70000	53,83
29,71667	53,83
29,73333	53,84
29,75000	53,84
29,76667	53,83
29,78333	53,83
29,80000	53,83
29,81667	53,83
29,83333	53,83
29,85000	53,82
29,86667	53,82
29,88333	53,82
29,90000	53,82
29,91667	53,82
29,93333	53,83
29,95000	53,83
29,96667	53,84
29,98333	53,84
30,00000	53,84
30,01667	53,83
30,03333	53,83
30,05000	53,83
30,06667	53,84
30,08333	53,84
30,10000	53,83
30,11667	53,83
30,13333	53,83
30,15000	53,83
30,16667	53,83
30,18333	53,83
30,20000	53,84
30,21667	53,83
30,23333	53,83
30,25000	53,83
30,26667	53,83
30,28333	53,83
30,30000	53,83
30,31667	53,84
30,33333	53,84
30,35000	53,84
30,36667	53,84
30,38333	53,84
30,40000	53,84
30,41667	53,83
30,43333	53,83
30,45000	53,84
30,46667	53,84
30,48333	53,84
30,50000	53,84
30,51667	53,84
30,53333	53,84
30,55000	53,84
30,56667	53,84
30,58333	53,84
30,60000	53,84
30,61667	53,85
30,63333	53,85
30,65000	53,85
30,66667	53,84
30,68333	53,84
30,70000	53,84
30,71667	53,84
30,73333	53,84
30,75000	53,84
30,76667	53,84
30,78333	53,84
30,80000	53,85
30,81667	53,85
30,83333	53,85
30,85000	53,84
30,86667	53,85
30,88333	53,85
30,90000	53,85
30,91667	53,85
30,93333	53,85
30,95000	53,84
30,96667	53,84
30,98333	53,84
31,00000	53,84
31,01667	53,84
31,03333	53,84
31,05000	53,84
31,06667	53,85
31,08333	53,84
31,10000	53,84
31,11667	53,84
31,13333	53,83
31,15000	53,83
31,16667	53,83
31,18333	53,83
31,20000	53,84
31,21667	53,84
31,23333	53,84
31,25000	53,84
31,26667	53,84
31,28333	53,84
31,30000	53,84
31,31667	53,84
31,33333	53,84
31,35000	53,84
31,36667	53,84
31,38333	53,84
31,40000	53,84
31,41667	53,84
31,43333	53,84
31,45000	53,84
31,46667	53,84
31,48333	53,83
31,50000	53,83
31,51667	53,83
31,53333	53,83
31,55000	53,84
31,56667	53,84
31,58333	53,84
31,60000	53,84
31,61667	53,84
31,63333	53,84
31,65000	53,84
31,66667	53,84
31,68333	53,83
31,70000	53,83
31,71667	53,84
31,73333	53,84
31,75000	53,83
31,76667	53,83
31,78333	53,84
31,80000	53,84
31,81667	53,85
31,83333	53,85
31,85000	53,85
31,86667	53,85
31,88333	53,85
31,90000	53,85
31,91667	53,85
31,93333	53,85
31,95000	53,85
31,96667	53,85
31,98333	53,85
32,00000	53,84

[PDA Multi Chromatogram(Ch1)]
# of Points	      3001
Interval(msec)	640
Start Time(min)	0
End Time(min)	32
Intensity Units	mAU
Intensity Multiplier	1
Type	MultiChrom
Wavelength(nm)	215
Bandwidth(nm)	4
R.Time (min)	Intensity
0,00000	0
0,01067	0
0,02133	-341
0,03200	-679
0,04267	-1012
0,05333	-1347
0,06400	-1678
0,07467	-2009
0,08533	-2341
0,09600	-2670
0,10667	-2997
0,11733	-3320
0,12800	-3645
0,13867	-3968
0,14933	-4294
0,16000	-4620
0,17067	-4945
0,18133	-5269
0,19200	-5592
0,20267	-5912
0,21333	-6229
0,22400	-6544
0,23467	-6857
0,24533	-7169
0,25600	-7476
0,26667	-7780
0,27733	-8083
0,28800	-8384
0,29867	-8683
0,30933	-8980
0,32000	-9275
0,33067	-9566
0,34133	-9852
0,35200	-10137
0,36267	-10421
0,37333	-10702
0,38400	-10982
0,39467	-11261
0,40533	-11540
0,41600	-11815
0,42667	-12087
0,43733	-12356
0,44800	-12627
0,45867	-12897
0,46933	-13165
0,48000	-13429
0,49067	-13693
0,50133	-13958
0,51200	-14224
0,52267	-14486
0,53333	-14745
0,54400	-15004
0,55467	-15261
0,56533	-15517
0,57600	-15773
0,58667	-16030
0,59733	-16285
0,60800	-16540
0,61867	-16795
0,62933	-17052
0,64000	-17307
0,65067	-17567
0,66133	-17829
0,67200	-18090
0,68267	-18353
0,69333	-18619
0,70400	-18888
0,71467	-19159
0,72533	-19428
0,73600	-19699
0,74667	-19974
0,75733	-20251
0,76800	-20530
0,77867	-20810
0,78933	-21087
0,80000	-21365
0,81067	-21646
0,82133	-21926
0,83200	-22207
0,84267	-22489
0,85333	-22767
0,86400	-23043
0,87467	-23320
0,88533	-23597
0,89600	-23873
0,90667	-24151
0,91733	-24429
0,92800	-24702
0,93867	-24969
0,94933	-25236
0,96000	-25501
0,97067	-25761
0,98133	-26019
0,99200	-26274
1,00267	-26518
1,01333	-26755
1,02400	-26987
1,03467	-27210
1,04533	-27425
1,05600	-27632
1,06667	-27829
1,07733	-28012
1,08800	-28180
1,09867	-28334
1,10933	-28475
1,12000	-28602
1,13067	-28708
1,14133	-28793
1,15200	-28861
1,16267	-28911
1,17333	-28943
1,18400	-28957
1,19467	-28950
1,20533	-28926
1,21600	-28885
1,22667	-28821
1,23733	-28735
1,24800	-28632
1,25867	-28507
1,26933	-28360
1,28000	-28198
1,29067	-28017
1,30133	-27815
1,31200	-27598
1,32267	-27360
1,33333	-27103
1,34400	-26828
1,35467	-26536
1,36533	-26228
1,37600	-25903
1,38667	-25560
1,39733	-25200
1,40800	-24825
1,41867	-24433
1,42933	-24023
1,44000	-23596
1,45067	-23154
1,46133	-22699
1,47200	-22231
1,48267	-21747
1,49333	-21249
1,50400	-20739
1,51467	-20214
1,52533	-19678
1,53600	-19132
1,54667	-18572
1,55733	-18003
1,56800	-17425
1,57867	-16837
1,58933	-16242
1,60000	-15642
1,61067	-15033
1,62133	-14418
1,63200	-13802
1,64267	-13183
1,65333	-12561
1,66400	-11938
1,67467	-11312
1,68533	-10687
1,69600	-10067
1,70667	-9447
1,71733	-8827
1,72800	-8210
1,73867	-7598
1,74933	-6990
1,76000	-6386
1,77067	-5783
1,78133	-5186
1,79200	-4596
1,80267	-4009
1,81333	-3428
1,82400	-2852
1,83467	-2285
1,84533	-1726
1,85600	-1172
1,86667	-624
1,87733	-82
1,88800	451
1,89867	979
1,90933	1499
1,92000	2012
1,93067	2516
1,94133	3010
1,95200	3494
1,96267	3972
1,97333	4441
1,98400	4898
1,99467	5344
2,00533	5785
2,01600	6219
2,02667	6644
2,03733	7058
2,04800	7463
2,05867	7858
2,06933	8242
2,08000	8616
2,09067	8981
2,10133	9339
2,11200	9693
2,12267	10037
2,13333	10371
2,14400	10700
2,15467	11021
2,16533	11330
2,17600	11632
2,18667	11926
2,19733	12212
2,20800	12490
2,21867	12759
2,22933	13022
2,24000	13279
2,25067	13526
2,26133	13767
2,27200	14004
2,28267	14234
2,29333	14459
2,30400	14678
2,31467	14894
2,32533	15108
2,33600	15314
2,34667	15516
2,35733	15715
2,36800	15910
2,37867	16103
2,38933	16294
2,40000	16480
2,41067	16660
2,42133	16836
2,43200	17012
2,44267	17183
2,45333	17347
2,46400	17509
2,47467	17667
2,48533	17822
2,49600	17973
2,50667	18122
2,51733	18271
2,52800	18416
2,53867	18558
2,54933	18698
2,56000	18835
2,57067	18969
2,58133	19102
2,59200	19235
2,60267	19368
2,61333	19497
2,62400	19626
2,63467	19753
2,64533	19877
2,65600	19998
2,66667	20119
2,67733	20237
2,68800	20351
2,69867	20462
2,70933	20571
2,72000	20677
2,73067	20780
2,74133	20880
2,75200	20975
2,76267	21070
2,77333	21164
2,78400	21257
2,79467	21349
2,80533	21440
2,81600	21528
2,82667	21617
2,83733	21704
2,84800	21789
2,85867	21874
2,86933	21957
2,88000	22040
2,89067	22119
2,90133	22193
2,91200	22270
2,92267	22349
2,93333	22423
2,94400	22494
2,95467	22565
2,96533	22634
2,97600	22701
2,98667	22768
2,99733	22833
3,00800	22899
3,01867	22965
3,02933	23028
3,04000	23091
3,05067	23157
3,06133	23224
3,07200	23290
3,08267	23353
3,09333	23416
3,10400	23482
3,11467	23547
3,12533	23614
3,13600	23680
3,14667	23748
3,15733	23817
3,16800	23884
3,17867	23949
3,18933	24013
3,20000	24077
3,21067	24139
3,22133	24199
3,23200	24259
3,24267	24318
3,25333	24378
3,26400	24434
3,27467	24487
3,28533	24541
3,29600	24593
3,30667	24644
3,31733	24697
3,32800	24749
3,33867	24801
3,34933	24853
3,36000	24904
3,37067	24956
3,38133	25011
3,39200	25067
3,40267	25125
3,41333	25180
3,42400	25234
3,43467	25287
3,44533	25341
3,45600	25393
3,46667	25445
3,47733	25495
3,48800	25547
3,49867	25600
3,50933	25650
3,52000	25699
3,53067	25747
3,54133	25795
3,55200	25846
3,56267	25893
3,57333	25924
3,58400	25908
3,59467	25793
3,60533	25495
3,61600	24930
3,62667	24038
3,63733	22807
3,64800	21269
3,65867	19521
3,66933	17715
3,68000	16061
3,69067	14861
3,70133	14728
3,71200	17091
3,72267	24458
3,73333	39197
3,74400	60785
3,75467	84464
3,76533	103818
3,77600	114965
3,78667	118017
3,79733	115415
3,80800	109842
3,81867	103241
3,82933	96643
3,84000	90304
3,85067	83992
3,86133	77444
3,87200	70731
3,88267	64190
3,89333	58169
3,90400	52896
3,91467	48462
3,92533	44867
3,93600	42052
3,94667	39916
3,95733	38350
3,96800	37251
3,97867	36525
3,98933	36093
4,00000	35898
4,01067	35901
4,02133	36074
4,03200	36399
4,04267	36860
4,05333	37435
4,06400	38095
4,07467	38528
4,08533	35539
4,09600	21948
4,10667	-4977
4,11733	-39441
4,12800	-74038
4,13867	-103861
4,14933	-125802
4,16000	-138680
4,17067	-144540
4,18133	-148122
4,19200	-154917
4,20267	-166892
4,21333	-181153
4,22400	-194016
4,23467	-202400
4,24533	-200200
4,25600	-178277
4,26667	-107598
4,27733	152268
4,28800	620179
4,29867	1030304
4,30933	1242834
4,32000	1314113
4,33067	1286396
4,34133	1188107
4,35200	1045946
4,36267	883592
4,37333	718508
4,38400	560636
4,39467	414738
4,40533	285286
4,41600	177657
4,42667	94274
4,43733	32970
4,44800	-11039
4,45867	-42858
4,46933	-66658
4,48000	-85293
4,49067	-100433
4,50133	-112908
4,51200	-123064
4,52267	-131096
4,53333	-137253
4,54400	-141861
4,55467	-145268
4,56533	-147798
4,57600	-149724
4,58667	-151252
4,59733	-152524
4,60800	-153626
4,61867	-154607
4,62933	-155486
4,64000	-156269
4,65067	-156960
4,66133	-157561
4,67200	-158082
4,68267	-158530
4,69333	-158916
4,70400	-159252
4,71467	-159549
4,72533	-159818
4,73600	-160068
4,74667	-160304
4,75733	-160532
4,76800	-160754
4,77867	-160974
4,78933	-161195
4,80000	-161422
4,81067	-161656
4,82133	-161898
4,83200	-162152
4,84267	-162424
4,85333	-162719
4,86400	-163038
4,87467	-163380
4,88533	-163738
4,89600	-164106
4,90667	-164475
4,91733	-164841
4,92800	-165200
4,93867	-165547
4,94933	-165878
4,96000	-166183
4,97067	-166456
4,98133	-166692
4,99200	-166897
5,00267	-167091
5,01333	-161873
5,02400	-30099
5,03467	470838
5,04533	1152479
5,05600	1646579
5,06667	1944021
5,07733	2116769
5,08800	2210168
5,09867	2249998
5,10933	2250469
5,12000	2222557
5,13067	2178952
5,14133	2133102
5,15200	2093990
5,16267	2064464
5,17333	2043809
5,18400	2030188
5,19467	2021460
5,20533	2016103
5,21600	2013323
5,22667	2012513
5,23733	2012949
5,24800	2014454
5,25867	2016818
5,26933	2019680
5,28000	2023063
5,29067	2026612
5,30133	2030142
5,31200	2033853
5,32267	2037124
5,33333	2039859
5,34400	2042663
5,35467	2045337
5,36533	2047495
5,37600	2048888
5,38667	2049868
5,39733	2050526
5,40800	2050726
5,41867	2050463
5,42933	2049863
5,44000	2049010
5,45067	2047879
5,46133	2046699
5,47200	2045476
5,48267	2044288
5,49333	2043320
5,50400	2042637
5,51467	2042244
5,52533	2042315
5,53600	2043122
5,54667	2047768
5,55733	2062079
5,56800	2092028
5,57867	2135462
5,58933	2180552
5,60000	2217565
5,61067	2243839
5,62133	2259855
5,63200	2267503
5,64267	2269435
5,65333	2267217
5,66400	2262298
5,67467	2255384
5,68533	2246279
5,69600	2233932
5,70667	2216935
5,71733	2194903
5,72800	2168211
5,73867	2137298
5,74933	2102628
5,76000	2064402
5,77067	2022756
5,78133	1977695
5,79200	1929179
5,80267	1877115
5,81333	1821641
5,82400	1763361
5,83467	1703110
5,84533	1641352
5,85600	1578130
5,86667	1513589
5,87733	1447651
5,88800	1380256
5,89867	1311624
5,90933	1242377
5,92000	1173395
5,93067	1105598
5,94133	1039952
5,95200	977272
5,96267	918104
5,97333	862740
5,98400	811243
5,99467	763490
6,00533	719315
6,01600	678457
6,02667	640623
6,03733	605549
6,04800	572991
6,05867	542731
6,06933	514583
6,08000	488373
6,09067	463973
6,10133	441245
6,11200	420081
6,12267	400395
6,13333	382080
6,14400	365047
6,15467	349208
6,16533	334481
6,17600	320790
6,18667	308066
6,19733	296238
6,20800	285239
6,21867	274998
6,22933	265459
6,24000	256567
6,25067	248266
6,26133	240509
6,27200	233250
6,28267	226446
6,29333	220062
6,30400	214067
6,31467	208423
6,32533	203106
6,33600	198093
6,34667	193358
6,35733	188875
6,36800	184629
6,37867	180599
6,38933	176770
6,40000	173130
6,41067	169667
6,42133	166369
6,43200	163219
6,44267	160210
6,45333	157337
6,46400	154590
6,47467	151960
6,48533	149442
6,49600	147030
6,50667	144719
6,51733	142502
6,52800	140373
6,53867	138325
6,54933	136357
6,56000	134465
6,57067	132641
6,58133	130887
6,59200	129198
6,60267	127568
6,61333	125995
6,62400	124480
6,63467	123020
6,64533	121608
6,65600	120244
6,66667	118930
6,67733	117659
6,68800	116427
6,69867	115231
6,70933	114073
6,72000	112952
6,73067	111866
6,74133	110815
6,75200	109800
6,76267	108817
6,77333	107866
6,78400	106944
6,79467	106056
6,80533	105195
6,81600	104365
6,82667	103573
6,83733	102825
6,84800	102124
6,85867	101465
6,86933	100845
6,88000	100255
6,89067	99685
6,90133	99129
6,91200	98586
6,92267	98058
6,93333	97542
6,94400	97033
6,95467	96525
6,96533	96007
6,97600	95474
6,98667	94925
6,99733	94363
7,00800	93790
7,01867	93211
7,02933	92627
7,04000	92047
7,05067	91480
7,06133	90930
7,07200	90453
7,08267	94356
7,09333	155991
7,10400	395116
7,11467	787962
7,12533	1157981
7,13600	1424950
7,14667	1603466
7,15733	1717768
7,16800	1788775
7,17867	1831768
7,18933	1856552
7,20000	1869197
7,21067	1873347
7,22133	1871072
7,23200	1863733
7,24267	1852226
7,25333	1836872
7,26400	1817952
7,27467	1795342
7,28533	1768672
7,29600	1737266
7,30667	1700057
7,31733	1655600
7,32800	1601871
7,33867	1536491
7,34933	1457311
7,36000	1363419
7,37067	1255937
7,38133	1138176
7,39200	1015112
7,40267	892385
7,41333	775118
7,42400	667165
7,43467	570849
7,44533	487074
7,45600	415678
7,46667	355813
7,47733	306282
7,48800	265774
7,49867	232985
7,50933	206692
7,52000	185796
7,53067	169319
7,54133	156401
7,55200	146312
7,56267	138434
7,57333	132264
7,58400	127397
7,59467	123518
7,60533	120375
7,61600	117781
7,62667	115597
7,63733	113718
7,64800	112073
7,65867	110603
7,66933	109268
7,68000	108047
7,69067	106919
7,70133	105868
7,71200	104881
7,72267	103953
7,73333	103077
7,74400	102246
7,75467	101460
7,76533	100712
7,77600	100001
7,78667	99325
7,79733	98676
7,80800	98057
7,81867	97464
7,82933	96894
7,84000	96352
7,85067	95829
7,86133	95327
7,87200	94849
7,88267	94389
7,89333	93946
7,90400	93519
7,91467	93105
7,92533	92702
7,93600	92314
7,94667	91938
7,95733	91573
7,96800	91220
7,97867	90876
7,98933	90542
8,00000	90216
8,01067	89899
8,02133	89592
8,03200	89290
8,04267	88996
8,05333	88708
8,06400	88425
8,07467	88153
8,08533	87884
8,09600	87618
8,10667	87357
8,11733	87100
8,12800	86848
8,13867	86596
8,14933	86346
8,16000	86097
8,17067	85845
8,18133	85596
8,19200	85350
8,20267	85101
8,21333	84859
8,22400	84621
8,23467	84385
8,24533	84152
8,25600	83922
8,26667	83697
8,27733	83475
8,28800	83255
8,29867	83036
8,30933	82818
8,32000	82603
8,33067	82390
8,34133	82180
8,35200	81970
8,36267	81764
8,37333	81562
8,38400	81362
8,39467	81166
8,40533	80972
8,41600	80781
8,42667	80594
8,43733	80408
8,44800	80223
8,45867	80039
8,46933	79856
8,48000	79675
8,49067	79498
8,50133	79327
8,51200	79156
8,52267	78985
8,53333	78820
8,54400	78656
8,55467	78490
8,56533	78327
8,57600	78169
8,58667	78013
8,59733	77858
8,60800	77706
8,61867	77559
8,62933	77415
8,64000	77271
8,65067	77132
8,66133	76993
8,67200	76856
8,68267	76723
8,69333	76586
8,70400	76449
8,71467	76314
8,72533	76177
8,73600	76042
8,74667	75907
8,75733	75770
8,76800	75635
8,77867	75499
8,78933	75364
8,80000	75231
8,81067	75099
8,82133	74970
8,83200	74841
8,84267	74716
8,85333	74593
8,86400	74473
8,87467	74357
8,88533	74247
8,89600	74141
8,90667	74036
8,91733	73935
8,92800	73839
8,93867	73746
8,94933	73655
8,96000	73568
8,97067	73484
8,98133	73399
8,99200	73314
9,00267	73232
9,01333	73158
9,02400	73087
9,03467	73014
9,04533	72942
9,05600	72871
9,06667	72801
9,07733	72734
9,08800	72667
9,09867	72598
9,10933	72529
9,12000	72464
9,13067	72399
9,14133	72333
9,15200	72270
9,16267	72207
9,17333	72146
9,18400	72087
9,19467	72028
9,20533	71974
9,21600	71924
9,22667	71875
9,23733	71826
9,24800	71782
9,25867	71733
9,26933	71680
9,28000	71627
9,29067	71574
9,30133	71521
9,31200	71468
9,32267	71412
9,33333	71353
9,34400	71294
9,35467	71234
9,36533	71172
9,37600	71110
9,38667	71046
9,39733	70981
9,40800	70914
9,41867	70846
9,42933	70777
9,44000	70705
9,45067	70629
9,46133	70549
9,47200	70466
9,48267	70385
9,49333	70302
9,50400	70214
9,51467	70123
9,52533	70033
9,53600	69941
9,54667	69848
9,55733	69759
9,56800	69671
9,57867	69583
9,58933	69499
9,60000	69416
9,61067	69332
9,62133	69251
9,63200	69170
9,64267	69092
9,65333	69017
9,66400	68940
9,67467	68866
9,68533	68796
9,69600	68727
9,70667	68662
9,71733	68601
9,72800	68545
9,73867	68494
9,74933	68447
9,76000	68401
9,77067	68360
9,78133	68320
9,79200	68283
9,80267	68254
9,81333	68230
9,82400	68215
9,83467	68208
9,84533	68210
9,85600	68227
9,86667	68261
9,87733	68312
9,88800	68382
9,89867	68465
9,90933	68553
9,92000	68641
9,93067	68719
9,94133	68780
9,95200	68819
9,96267	68829
9,97333	68806
9,98400	68751
9,99467	68665
10,00533	68552
10,01600	68414
10,02667	68259
10,03733	68098
10,04800	67940
10,05867	67790
10,06933	67654
10,08000	67534
10,09067	67433
10,10133	67344
10,11200	67264
10,12267	67189
10,13333	67116
10,14400	67039
10,15467	66964
10,16533	66894
10,17600	66824
10,18667	66759
10,19733	66701
10,20800	66648
10,21867	66599
10,22933	66555
10,24000	66510
10,25067	66467
10,26133	66425
10,27200	66384
10,28267	66349
10,29333	66323
10,30400	66309
10,31467	66311
10,32533	66337
10,33600	66406
10,34667	66537
10,35733	66761
10,36800	67136
10,37867	67746
10,38933	68735
10,40000	70313
10,41067	72783
10,42133	76565
10,43200	82194
10,44267	90337
10,45333	101754
10,46400	117232
10,47467	137495
10,48533	163029
10,49600	193891
10,50667	229526
10,51733	268609
10,52800	309037
10,53867	348074
10,54933	382645
10,56000	409778
10,57067	427059
10,58133	433029
10,59200	427448
10,60267	411281
10,61333	386514
10,62400	355799
10,63467	321961
10,64533	287572
10,65600	254644
10,66667	224512
10,67733	197861
10,68800	174852
10,69867	155302
10,70933	138849
10,72000	125069
10,73067	113559
10,74133	103968
10,75200	96004
10,76267	89425
10,77333	84031
10,78400	79647
10,79467	76117
10,80533	73313
10,81600	71114
10,82667	69411
10,83733	68107
10,84800	67116
10,85867	66373
10,86933	65821
10,88000	65416
10,89067	65118
10,90133	64894
10,91200	64723
10,92267	64590
10,93333	64486
10,94400	64402
10,95467	64331
10,96533	64270
10,97600	64219
10,98667	64170
10,99733	64126
11,00800	64088
11,01867	64057
11,02933	64029
11,04000	64001
11,05067	63976
11,06133	63953
11,07200	63927
11,08267	63901
11,09333	63879
11,10400	63856
11,11467	63830
11,12533	63805
11,13600	63782
11,14667	63760
11,15733	63739
11,16800	63719
11,17867	63697
11,18933	63674
11,20000	63652
11,21067	63630
11,22133	63607
11,23200	63587
11,24267	63567
11,25333	63548
11,26400	63529
11,27467	63508
11,28533	63488
11,29600	63473
11,30667	63462
11,31733	63454
11,32800	63449
11,33867	63447
11,34933	63449
11,36000	63455
11,37067	63465
11,38133	63476
11,39200	63486
11,40267	63489
11,41333	63488
11,42400	63484
11,43467	63471
11,44533	63453
11,45600	63431
11,46667	63405
11,47733	63373
11,48800	63336
11,49867	63293
11,50933	63250
11,52000	63207
11,53067	63165
11,54133	63126
11,55200	63088
11,56267	63050
11,57333	63019
11,58400	62993
11,59467	62971
11,60533	62949
11,61600	62927
11,62667	62905
11,63733	62887
11,64800	62872
11,65867	62859
11,66933	62853
11,68000	62853
11,69067	62859
11,70133	62866
11,71200	62870
11,72267	62866
11,73333	62851
11,74400	62826
11,75467	62790
11,76533	62747
11,77600	62703
11,78667	62660
11,79733	62620
11,80800	62583
11,81867	62549
11,82933	62520
11,84000	62495
11,85067	62473
11,86133	62454
11,87200	62436
11,88267	62418
11,89333	62401
11,90400	62387
11,91467	62378
11,92533	62371
11,93600	62363
11,94667	62355
11,95733	62351
11,96800	62348
11,97867	62342
11,98933	62333
12,00000	62323
12,01067	62316
12,02133	62314
12,03200	62323
12,04267	62350
12,05333	62405
12,06400	62490
12,07467	62603
12,08533	62735
12,09600	62874
12,10667	62998
12,11733	63085
12,12800	63123
12,13867	63108
12,14933	63045
12,16000	62948
12,17067	62832
12,18133	62713
12,19200	62604
12,20267	62506
12,21333	62420
12,22400	62349
12,23467	62291
12,24533	62239
12,25600	62190
12,26667	62150
12,27733	62116
12,28800	62087
12,29867	62064
12,30933	62044
12,32000	62028
12,33067	62013
12,34133	61999
12,35200	61988
12,36267	61977
12,37333	61964
12,38400	61952
12,39467	61938
12,40533	61920
12,41600	61901
12,42667	61882
12,43733	61861
12,44800	61840
12,45867	61817
12,46933	61788
12,48000	61757
12,49067	61723
12,50133	61683
12,51200	61639
12,52267	61595
12,53333	61543
12,54400	61481
12,55467	61415
12,56533	61341
12,57600	61256
12,58667	61168
12,59733	61076
12,60800	60979
12,61867	60882
12,62933	60778
12,64000	60671
12,65067	60565
12,66133	60455
12,67200	60339
12,68267	60224
12,69333	60117
12,70400	60031
12,71467	59977
12,72533	59964
12,73600	59998
12,74667	60079
12,75733	60189
12,76800	60299
12,77867	60377
12,78933	60391
12,80000	60324
12,81067	60168
12,82133	59940
12,83200	59665
12,84267	59372
12,85333	59082
12,86400	58805
12,87467	58543
12,88533	58299
12,89600	58072
12,90667	57859
12,91733	57660
12,92800	57473
12,93867	57301
12,94933	57142
12,96000	56995
12,97067	56860
12,98133	56736
12,99200	56623
13,00267	56518
13,01333	56418
13,02400	56325
13,03467	56238
13,04533	56155
13,05600	56076
13,06667	56000
13,07733	55929
13,08800	55861
13,09867	55794
13,10933	55731
13,12000	55673
13,13067	55624
13,14133	55582
13,15200	55549
13,16267	55524
13,17333	55503
13,18400	55484
13,19467	55462
13,20533	55434
13,21600	55396
13,22667	55344
13,23733	55286
13,24800	55226
13,25867	55163
13,26933	55105
13,28000	55054
13,29067	55010
13,30133	54975
13,31200	54951
13,32267	54937
13,33333	54931
13,34400	54934
13,35467	54944
13,36533	54947
13,37600	54937
13,38667	54916
13,39733	54882
13,40800	54837
13,41867	54785
13,42933	54729
13,44000	54671
13,45067	54615
13,46133	54565
13,47200	54520
13,48267	54477
13,49333	54438
13,50400	54404
13,51467	54376
13,52533	54347
13,53600	54318
13,54667	54292
13,55733	54267
13,56800	54245
13,57867	54227
13,58933	54210
13,60000	54192
13,61067	54177
13,62133	54162
13,63200	54150
13,64267	54140
13,65333	54130
13,66400	54123
13,67467	54122
13,68533	54123
13,69600	54123
13,70667	54123
13,71733	54120
13,72800	54118
13,73867	54115
13,74933	54106
13,76000	54095
13,77067	54082
13,78133	54067
13,79200	54051
13,80267	54035
13,81333	54021
13,82400	54009
13,83467	53999
13,84533	53989
13,85600	53983
13,86667	53980
13,87733	53984
13,88800	53997
13,89867	54022
13,90933	54059
13,92000	54112
13,93067	54186
13,94133	54275
13,95200	54376
13,96267	54483
13,97333	54587
13,98400	54678
13,99467	54745
14,00533	54781
14,01600	54781
14,02667	54750
14,03733	54690
14,04800	54606
14,05867	54507
14,06933	54408
14,08000	54310
14,09067	54218
14,10133	54136
14,11200	54064
14,12267	54001
14,13333	53950
14,14400	53909
14,15467	53874
14,16533	53847
14,17600	53826
14,18667	53808
14,19733	53793
14,20800	53781
14,21867	53774
14,22933	53771
14,24000	53774
14,25067	53781
14,26133	53789
14,27200	53797
14,28267	53804
14,29333	53810
14,30400	53817
14,31467	53821
14,32533	53818
14,33600	53816
14,34667	53813
14,35733	53806
14,36800	53795
14,37867	53783
14,38933	53770
14,40000	53757
14,41067	53742
14,42133	53729
14,43200	53720
14,44267	53712
14,45333	53702
14,46400	53694
14,47467	53687
14,48533	53679
14,49600	53674
14,50667	53670
14,51733	53666
14,52800	53662
14,53867	53656
14,54933	53649
14,56000	53643
14,57067	53641
14,58133	53638
14,59200	53634
14,60267	53631
14,61333	53627
14,62400	53626
14,63467	53624
14,64533	53621
14,65600	53617
14,66667	53614
14,67733	53611
14,68800	53609
14,69867	53603
14,70933	53595
14,72000	53590
14,73067	53584
14,74133	53576
14,75200	53569
14,76267	53562
14,77333	53555
14,78400	53549
14,79467	53545
14,80533	53541
14,81600	53540
14,82667	53540
14,83733	53540
14,84800	53543
14,85867	53545
14,86933	53546
14,88000	53550
14,89067	53557
14,90133	53559
14,91200	53559
14,92267	53558
14,93333	53554
14,94400	53547
14,95467	53536
14,96533	53522
14,97600	53509
14,98667	53493
14,99733	53476
15,00800	53459
15,01867	53443
15,02933	53428
15,04000	53416
15,05067	53406
15,06133	53399
15,07200	53396
15,08267	53392
15,09333	53389
15,10400	53387
15,11467	53384
15,12533	53383
15,13600	53387
15,14667	53387
15,15733	53385
15,16800	53384
15,17867	53381
15,18933	53377
15,20000	53371
15,21067	53365
15,22133	53358
15,23200	53352
15,24267	53347
15,25333	53344
15,26400	53341
15,27467	53337
15,28533	53335
15,29600	53335
15,30667	53333
15,31733	53335
15,32800	53339
15,33867	53342
15,34933	53343
15,36000	53343
15,37067	53344
15,38133	53345
15,39200	53343
15,40267	53339
15,41333	53330
15,42400	53318
15,43467	53303
15,44533	53287
15,45600	53271
15,46667	53250
15,47733	53226
15,48800	53198
15,49867	53163
15,50933	53128
15,52000	53090
15,53067	53048
15,54133	53004
15,55200	52955
15,56267	52901
15,57333	52845
15,58400	52785
15,59467	52726
15,60533	52664
15,61600	52600
15,62667	52535
15,63733	52466
15,64800	52394
15,65867	52323
15,66933	52254
15,68000	52179
15,69067	52103
15,70133	52030
15,71200	51960
15,72267	51887
15,73333	51815
15,74400	51748
15,75467	51681
15,76533	51616
15,77600	51552
15,78667	51490
15,79733	51430
15,80800	51371
15,81867	51314
15,82933	51257
15,84000	51203
15,85067	51155
15,86133	51108
15,87200	51062
15,88267	51019
15,89333	50978
15,90400	50939
15,91467	50900
15,92533	50862
15,93600	50824
15,94667	50788
15,95733	50754
15,96800	50720
15,97867	50690
15,98933	50660
16,00000	50629
16,01067	50599
16,02133	50570
16,03200	50544
16,04267	50517
16,05333	50489
16,06400	50463
16,07467	50440
16,08533	50417
16,09600	50394
16,10667	50370
16,11733	50347
16,12800	50326
16,13867	50309
16,14933	50293
16,16000	50273
16,17067	50253
16,18133	50237
16,19200	50221
16,20267	50205
16,21333	50191
16,22400	50177
16,23467	50163
16,24533	50150
16,25600	50140
16,26667	50129
16,27733	50118
16,28800	50106
16,29867	50095
16,30933	50084
16,32000	50072
16,33067	50058
16,34133	50046
16,35200	50038
16,36267	50028
16,37333	50015
16,38400	50006
16,39467	49999
16,40533	49992
16,41600	49982
16,42667	49972
16,43733	49963
16,44800	49953
16,45867	49944
16,46933	49937
16,48000	49928
16,49067	49919
16,50133	49911
16,51200	49900
16,52267	49887
16,53333	49878
16,54400	49870
16,55467	49858
16,56533	49846
16,57600	49835
16,58667	49824
16,59733	49812
16,60800	49801
16,61867	49787
16,62933	49775
16,64000	49766
16,65067	49758
16,66133	49751
16,67200	49745
16,68267	49738
16,69333	49734
16,70400	49731
16,71467	49727
16,72533	49724
16,73600	49720
16,74667	49715
16,75733	49709
16,76800	49704
16,77867	49697
16,78933	49688
16,80000	49677
16,81067	49664
16,82133	49649
16,83200	49635
16,84267	49620
16,85333	49606
16,86400	49592
16,87467	49576
16,88533	49562
16,89600	49550
16,90667	49539
16,91733	49528
16,92800	49519
16,93867	49512
16,94933	49503
16,96000	49496
16,97067	49491
16,98133	49485
16,99200	49481
17,00267	49481
17,01333	49477
17,02400	49470
17,03467	49464
17,04533	49460
17,05600	49457
17,06667	49453
17,07733	49450
17,08800	49445
17,09867	49438
17,10933	49438
17,12000	49434
17,13067	49427
17,14133	49425
17,15200	49424
17,16267	49421
17,17333	49414
17,18400	49409
17,19467	49407
17,20533	49402
17,21600	49396
17,22667	49387
17,23733	49375
17,24800	49363
17,25867	49354
17,26933	49343
17,28000	49331
17,29067	49319
17,30133	49306
17,31200	49295
17,32267	49286
17,33333	49276
17,34400	49266
17,35467	49256
17,36533	49247
17,37600	49236
17,38667	49227
17,39733	49220
17,40800	49215
17,41867	49206
17,42933	49197
17,44000	49190
17,45067	49180
17,46133	49172
17,47200	49167
17,48267	49161
17,49333	49155
17,50400	49152
17,51467	49149
17,52533	49146
17,53600	49141
17,54667	49138
17,55733	49137
17,56800	49139
17,57867	49141
17,58933	49138
17,60000	49135
17,61067	49132
17,62133	49129
17,63200	49127
17,64267	49123
17,65333	49117
17,66400	49112
17,67467	49111
17,68533	49108
17,69600	49106
17,70667	49102
17,71733	49098
17,72800	49096
17,73867	49092
17,74933	49088
17,76000	49089
17,77067	49095
17,78133	49105
17,79200	49122
17,80267	49150
17,81333	49197
17,82400	49269
17,83467	49374
17,84533	49517
17,85600	49717
17,86667	49986
17,87733	50330
17,88800	50763
17,89867	51295
17,90933	51933
17,92000	52681
17,93067	53535
17,94133	54488
17,95200	55524
17,96267	56626
17,97333	57775
17,98400	58948
17,99467	60122
18,00533	61278
18,01600	62396
18,02667	63467
18,03733	64481
18,04800	65433
18,05867	66324
18,06933	67149
18,08000	67913
18,09067	68616
18,10133	69260
18,11200	69838
18,12267	70335
18,13333	70745
18,14400	71055
18,15467	71239
18,16533	71275
18,17600	71145
18,18667	70833
18,19733	70330
18,20800	69635
18,21867	68762
18,22933	67732
18,24000	66571
18,25067	65313
18,26133	63994
18,27200	62653
18,28267	61328
18,29333	60049
18,30400	58838
18,31467	57715
18,32533	56688
18,33600	55756
18,34667	54923
18,35733	54183
18,36800	53532
18,37867	52960
18,38933	52455
18,40000	52015
18,41067	51633
18,42133	51300
18,43200	51008
18,44267	50755
18,45333	50537
18,46400	50348
18,47467	50186
18,48533	50051
18,49600	49937
18,50667	49842
18,51733	49763
18,52800	49698
18,53867	49648
18,54933	49610
18,56000	49579
18,57067	49558
18,58133	49545
18,59200	49534
18,60267	49528
18,61333	49527
18,62400	49526
18,63467	49526
18,64533	49529
18,65600	49535
18,66667	49539
18,67733	49542
18,68800	49547
18,69867	49552
18,70933	49558
18,72000	49564
18,73067	49567
18,74133	49571
18,75200	49577
18,76267	49584
18,77333	49593
18,78400	49603
18,79467	49615
18,80533	49631
18,81600	49652
18,82667	49682
18,83733	49716
18,84800	49756
18,85867	49805
18,86933	49859
18,88000	49919
18,89067	49982
18,90133	50047
18,91200	50111
18,92267	50177
18,93333	50241
18,94400	50291
18,95467	50328
18,96533	50357
18,97600	50374
18,98667	50375
18,99733	50364
19,00800	50339
19,01867	50300
19,02933	50248
19,04000	50190
19,05067	50129
19,06133	50062
19,07200	49993
19,08267	49926
19,09333	49859
19,10400	49795
19,11467	49730
19,12533	49667
19,13600	49608
19,14667	49552
19,15733	49498
19,16800	49448
19,17867	49400
19,18933	49357
19,20000	49314
19,21067	49272
19,22133	49234
19,23200	49199
19,24267	49164
19,25333	49130
19,26400	49100
19,27467	49073
19,28533	49047
19,29600	49024
19,30667	49003
19,31733	48983
19,32800	48964
19,33867	48948
19,34933	48934
19,36000	48920
19,37067	48906
19,38133	48894
19,39200	48883
19,40267	48873
19,41333	48865
19,42400	48856
19,43467	48847
19,44533	48839
19,45600	48832
19,46667	48822
19,47733	48809
19,48800	48798
19,49867	48789
19,50933	48779
19,52000	48771
19,53067	48759
19,54133	48746
19,55200	48738
19,56267	48730
19,57333	48724
19,58400	48715
19,59467	48700
19,60533	48688
19,61600	48678
19,62667	48667
19,63733	48655
19,64800	48642
19,65867	48631
19,66933	48621
19,68000	48613
19,69067	48602
19,70133	48589
19,71200	48581
19,72267	48571
19,73333	48561
19,74400	48552
19,75467	48541
19,76533	48529
19,77600	48520
19,78667	48514
19,79733	48506
19,80800	48498
19,81867	48491
19,82933	48485
19,84000	48482
19,85067	48477
19,86133	48471
19,87200	48468
19,88267	48465
19,89333	48463
19,90400	48462
19,91467	48458
19,92533	48452
19,93600	48449
19,94667	48447
19,95733	48442
19,96800	48439
19,97867	48440
19,98933	48441
20,00000	48438
20,01067	48434
20,02133	48430
20,03200	48426
20,04267	48422
20,05333	48419
20,06400	48415
20,07467	48411
20,08533	48411
20,09600	48408
20,10667	48404
20,11733	48402
20,12800	48403
20,13867	48402
20,14933	48401
20,16000	48398
20,17067	48396
20,18133	48395
20,19200	48393
20,20267	48392
20,21333	48392
20,22400	48394
20,23467	48395
20,24533	48395
20,25600	48395
20,26667	48397
20,27733	48399
20,28800	48402
20,29867	48408
20,30933	48414
20,32000	48421
20,33067	48433
20,34133	48445
20,35200	48461
20,36267	48479
20,37333	48501
20,38400	48530
20,39467	48565
20,40533	48606
20,41600	48655
20,42667	48711
20,43733	48774
20,44800	48844
20,45867	48922
20,46933	49007
20,48000	49102
20,49067	49208
20,50133	49320
20,51200	49438
20,52267	49568
20,53333	49709
20,54400	49854
20,55467	50006
20,56533	50166
20,57600	50330
20,58667	50502
20,59733	50683
20,60800	50869
20,61867	51060
20,62933	51255
20,64000	51449
20,65067	51648
20,66133	51852
20,67200	52056
20,68267	52263
20,69333	52468
20,70400	52672
20,71467	52874
20,72533	53074
20,73600	53270
20,74667	53465
20,75733	53659
20,76800	53852
20,77867	54040
20,78933	54221
20,80000	54395
20,81067	54567
20,82133	54733
20,83200	54894
20,84267	55050
20,85333	55201
20,86400	55350
20,87467	55492
20,88533	55629
20,89600	55758
20,90667	55882
20,91733	56005
20,92800	56122
20,93867	56231
20,94933	56337
20,96000	56437
20,97067	56532
20,98133	56626
20,99200	56716
21,00267	56802
21,01333	56887
21,02400	56967
21,03467	57043
21,04533	57113
21,05600	57178
21,06667	57243
21,07733	57305
21,08800	57366
21,09867	57427
21,10933	57483
21,12000	57537
21,13067	57589
21,14133	57639
21,15200	57686
21,16267	57730
21,17333	57773
21,18400	57814
21,19467	57853
21,20533	57895
21,21600	57932
21,22667	57966
21,23733	58003
21,24800	58039
21,25867	58074
21,26933	58108
21,28000	58140
21,29067	58172
21,30133	58204
21,31200	58234
21,32267	58264
21,33333	58294
21,34400	58322
21,35467	58346
21,36533	58372
21,37600	58401
21,38667	58427
21,39733	58452
21,40800	58480
21,41867	58506
21,42933	58531
21,44000	58557
21,45067	58580
21,46133	58604
21,47200	58630
21,48267	58656
21,49333	58684
21,50400	58713
21,51467	58738
21,52533	58763
21,53600	58791
21,54667	58821
21,55733	58849
21,56800	58876
21,57867	58902
21,58933	58928
21,60000	58954
21,61067	58982
21,62133	59008
21,63200	59035
21,64267	59064
21,65333	59091
21,66400	59117
21,67467	59144
21,68533	59169
21,69600	59194
21,70667	59222
21,71733	59251
21,72800	59278
21,73867	59306
21,74933	59338
21,76000	59369
21,77067	59400
21,78133	59431
21,79200	59461
21,80267	59491
21,81333	59522
21,82400	59552
21,83467	59582
21,84533	59612
21,85600	59644
21,86667	59673
21,87733	59701
21,88800	59728
21,89867	59755
21,90933	59781
21,92000	59804
21,93067	59828
21,94133	59851
21,95200	59873
21,96267	59895
21,97333	59916
21,98400	59933
21,99467	59950
22,00533	59971
22,01600	59993
22,02667	60017
22,03733	60039
22,04800	60057
22,05867	60073
22,06933	60091
22,08000	60107
22,09067	60119
22,10133	60130
22,11200	60140
22,12267	60147
22,13333	60153
22,14400	60158
22,15467	60162
22,16533	60165
22,17600	60167
22,18667	60168
22,19733	60169
22,20800	60171
22,21867	60174
22,22933	60173
22,24000	60169
22,25067	60165
22,26133	60162
22,27200	60156
22,28267	60148
22,29333	60144
22,30400	60139
22,31467	60130
22,32533	60120
22,33600	60111
22,34667	60100
22,35733	60089
22,36800	60078
22,37867	60064
22,38933	60053
22,40000	60041
22,41067	60029
22,42133	60015
22,43200	60001
22,44267	59990
22,45333	59978
22,46400	59965
22,47467	59952
22,48533	59942
22,49600	59933
22,50667	59922
22,51733	59912
22,52800	59902
22,53867	59892
22,54933	59884
22,56000	59877
22,57067	59869
22,58133	59863
22,59200	59857
22,60267	59853
22,61333	59852
22,62400	59849
22,63467	59847
22,64533	59846
22,65600	59845
22,66667	59844
22,67733	59845
22,68800	59851
22,69867	59857
22,70933	59861
22,72000	59869
22,73067	59878
22,74133	59889
22,75200	59901
22,76267	59914
22,77333	59930
22,78400	59942
22,79467	59954
22,80533	59968
22,81600	59983
22,82667	59998
22,83733	60014
22,84800	60030
22,85867	60045
22,86933	60061
22,88000	60074
22,89067	60086
22,90133	60102
22,91200	60116
22,92267	60128
22,93333	60138
22,94400	60147
22,95467	60157
22,96533	60164
22,97600	60168
22,98667	60171
22,99733	60179
23,00800	60187
23,01867	60190
23,02933	60195
23,04000	60201
23,05067	60201
23,06133	60202
23,07200	60206
23,08267	60212
23,09333	60214
23,10400	60217
23,11467	60220
23,12533	60226
23,13600	60234
23,14667	60239
23,15733	60242
23,16800	60245
23,17867	60245
23,18933	60244
23,20000	60245
23,21067	60247
23,22133	60247
23,23200	60248
23,24267	60249
23,25333	60249
23,26400	60249
23,27467	60247
23,28533	60247
23,29600	60247
23,30667	60244
23,31733	60242
23,32800	60243
23,33867	60243
23,34933	60247
23,36000	60252
23,37067	60252
23,38133	60254
23,39200	60258
23,40267	60263
23,41333	60270
23,42400	60278
23,43467	60283
23,44533	60288
23,45600	60294
23,46667	60305
23,47733	60315
23,48800	60324
23,49867	60332
23,50933	60339
23,52000	60348
23,53067	60359
23,54133	60368
23,55200	60376
23,56267	60387
23,57333	60397
23,58400	60404
23,59467	60410
23,60533	60415
23,61600	60418
23,62667	60418
23,63733	60420
23,64800	60423
23,65867	60427
23,66933	60431
23,68000	60433
23,69067	60437
23,70133	60441
23,71200	60444
23,72267	60449
23,73333	60457
23,74400	60464
23,75467	60468
23,76533	60473
23,77600	60482
23,78667	60492
23,79733	60498
23,80800	60504
23,81867	60512
23,82933	60517
23,84000	60521
23,85067	60528
23,86133	60535
23,87200	60539
23,88267	60541
23,89333	60540
23,90400	60539
23,91467	60535
23,92533	60531
23,93600	60529
23,94667	60527
23,95733	60525
23,96800	60523
23,97867	60523
23,98933	60525
24,00000	60527
24,01067	60531
24,02133	60537
24,03200	60543
24,04267	60552
24,05333	60564
24,06400	60577
24,07467	60588
24,08533	60598
24,09600	60610
24,10667	60624
24,11733	60641
24,12800	60662
24,13867	60683
24,14933	60709
24,16000	60742
24,17067	60786
24,18133	60843
24,19200	60913
24,20267	61005
24,21333	61127
24,22400	61280
24,23467	61468
24,24533	61694
24,25600	61960
24,26667	62266
24,27733	62617
24,28800	63014
24,29867	63459
24,30933	63946
24,32000	64477
24,33067	65047
24,34133	65653
24,35200	66291
24,36267	66958
24,37333	67645
24,38400	68348
24,39467	69063
24,40533	69785
24,41600	70505
24,42667	71219
24,43733	71925
24,44800	72613
24,45867	73276
24,46933	73916
24,48000	74530
24,49067	75107
24,50133	75647
24,51200	76150
24,52267	76614
24,53333	77043
24,54400	77439
24,55467	77802
24,56533	78146
24,57600	78486
24,58667	78843
24,59733	79248
24,60800	79739
24,61867	80364
24,62933	81167
24,64000	82178
24,65067	83386
24,66133	84749
24,67200	86177
24,68267	87539
24,69333	88700
24,70400	89534
24,71467	89945
24,72533	89910
24,73600	89462
24,74667	88676
24,75733	87658
24,76800	86511
24,77867	85319
24,78933	84141
24,80000	83015
24,81067	81959
24,82133	80977
24,83200	80063
24,84267	79207
24,85333	78406
24,86400	77657
24,87467	76956
24,88533	76300
24,89600	75689
24,90667	75123
24,91733	74594
24,92800	74103
24,93867	73641
24,94933	73208
24,96000	72801
24,97067	72413
24,98133	72045
24,99200	71688
25,00267	71338
25,01333	70994
25,02400	70652
25,03467	70312
25,04533	69968
25,05600	69625
25,06667	69282
25,07733	68939
25,08800	68597
25,09867	68254
25,10933	67905
25,12000	67547
25,13067	67181
25,14133	66807
25,15200	66427
25,16267	66040
25,17333	65652
25,18400	65266
25,19467	64883
25,20533	64500
25,21600	64119
25,22667	63738
25,23733	63356
25,24800	62976
25,25867	62598
25,26933	62225
25,28000	61862
25,29067	61519
25,30133	61202
25,31200	60908
25,32267	60612
25,33333	60291
25,34400	59935
25,35467	59544
25,36533	59132
25,37600	58713
25,38667	58294
25,39733	57885
25,40800	57487
25,41867	57098
25,42933	56720
25,44000	56354
25,45067	56001
25,46133	55663
25,47200	55334
25,48267	55007
25,49333	54675
25,50400	54337
25,51467	54009
25,52533	53715
25,53600	53463
25,54667	53227
25,55733	52969
25,56800	52660
25,57867	52284
25,58933	51862
25,60000	51422
25,61067	50982
25,62133	50558
25,63200	50152
25,64267	49762
25,65333	49388
25,66400	49028
25,67467	48684
25,68533	48354
25,69600	48036
25,70667	47726
25,71733	47426
25,72800	47132
25,73867	46844
25,74933	46565
25,76000	46295
25,77067	46037
25,78133	45792
25,79200	45560
25,80267	45334
25,81333	45105
25,82400	44876
25,83467	44652
25,84533	44436
25,85600	44224
25,86667	44013
25,87733	43804
25,88800	43598
25,89867	43398
25,90933	43215
25,92000	43056
25,93067	42918
25,94133	42787
25,95200	42649
25,96267	42490
25,97333	42311
25,98400	42117
25,99467	41922
26,00533	41729
26,01600	41539
26,02667	41357
26,03733	41181
26,04800	41010
26,05867	40846
26,06933	40691
26,08000	40543
26,09067	40399
26,10133	40264
26,11200	40146
26,12267	40070
26,13333	40106
26,14400	40400
26,15467	41167
26,16533	42568
26,17600	44596
26,18667	47119
26,19733	50046
26,20800	53436
26,21867	57459
26,22933	62268
26,24000	67914
26,25067	74263
26,26133	80816
26,27200	86595
26,28267	90370
26,29333	91238
26,30400	89090
26,31467	84609
26,32533	78861
26,33600	72809
26,34667	67080
26,35733	61962
26,36800	57528
26,37867	53751
26,38933	50580
26,40000	47952
26,41067	45799
26,42133	44059
26,43200	42666
26,44267	41556
26,45333	40680
26,46400	39985
26,47467	39432
26,48533	38987
26,49600	38622
26,50667	38319
26,51733	38063
26,52800	37846
26,53867	37654
26,54933	37480
26,56000	37319
26,57067	37167
26,58133	37030
26,59200	36918
26,60267	36842
26,61333	36830
26,62400	36916
26,63467	37112
26,64533	37420
26,65600	37816
26,66667	38247
26,67733	38649
26,68800	38966
26,69867	39160
26,70933	39214
26,72000	39124
26,73067	38902
26,74133	38573
26,75200	38166
26,76267	37709
26,77333	37224
26,78400	36729
26,79467	36235
26,80533	35753
26,81600	35295
26,82667	34879
26,83733	34524
26,84800	34246
26,85867	34068
26,86933	34044
26,88000	34278
26,89067	34941
26,90133	36204
26,91200	38156
26,92267	40754
26,93333	43732
26,94400	46586
26,95467	48728
26,96533	49771
26,97600	49710
26,98667	48848
26,99733	47612
27,00800	46386
27,01867	45452
27,02933	45026
27,04000	45274
27,05067	46213
27,06133	47576
27,07200	48861
27,08267	49605
27,09333	49619
27,10400	49043
27,11467	48266
27,12533	48007
27,13600	49690
27,14667	55538
27,15733	67342
27,16800	84237
27,17867	101947
27,18933	115082
27,20000	120485
27,21067	118492
27,22133	111635
27,23200	102627
27,24267	93282
27,25333	84481
27,26400	76550
27,27467	69586
27,28533	63618
27,29600	58655
27,30667	54669
27,31733	51590
27,32800	49308
27,33867	47683
27,34933	46582
27,36000	45876
27,37067	45455
27,38133	45228
27,39200	45127
27,40267	45109
27,41333	45143
27,42400	45212
27,43467	45305
27,44533	45423
27,45600	45563
27,46667	45725
27,47733	45915
27,48800	46131
27,49867	46378
27,50933	46679
27,52000	47057
27,53067	47511
27,54133	48010
27,55200	48507
27,56267	48975
27,57333	49406
27,58400	49782
27,59467	50079
27,60533	50275
27,61600	50381
27,62667	50443
27,63733	50497
27,64800	50545
27,65867	50580
27,66933	50596
27,68000	50604
27,69067	50611
27,70133	50603
27,71200	50546
27,72267	50414
27,73333	50221
27,74400	49990
27,75467	49752
27,76533	49537
27,77600	49358
27,78667	49215
27,79733	49107
27,80800	49029
27,81867	48978
27,82933	48945
27,84000	48925
27,85067	48913
27,86133	48907
27,87200	48906
27,88267	48908
27,89333	48920
27,90400	48944
27,91467	48978
27,92533	49022
27,93600	49066
27,94667	49101
27,95733	49120
27,96800	49126
27,97867	49126
27,98933	49121
28,00000	49113
28,01067	49101
28,02133	49087
28,03200	49074
28,04267	49064
28,05333	49059
28,06400	49057
28,07467	49060
28,08533	49066
28,09600	49073
28,10667	49081
28,11733	49088
28,12800	49090
28,13867	49085
28,14933	49081
28,16000	49078
28,17067	49078
28,18133	49075
28,19200	49072
28,20267	49072
28,21333	49071
28,22400	49070
28,23467	49067
28,24533	49064
28,25600	49063
28,26667	49066
28,27733	49068
28,28800	49067
28,29867	49067
28,30933	49068
28,32000	49068
28,33067	49069
28,34133	49076
28,35200	49090
28,36267	49114
28,37333	49155
28,38400	49212
28,39467	49278
28,40533	49355
28,41600	49435
28,42667	49512
28,43733	49578
28,44800	49633
28,45867	49678
28,46933	49713
28,48000	49738
28,49067	49752
28,50133	49756
28,51200	49755
28,52267	49759
28,53333	49781
28,54400	49835
28,55467	49933
28,56533	50090
28,57600	50313
28,58667	50578
28,59733	50844
28,60800	51056
28,61867	51171
28,62933	51175
28,64000	51082
28,65067	50923
28,66133	50730
28,67200	50534
28,68267	50352
28,69333	50187
28,70400	50047
28,71467	49931
28,72533	49837
28,73600	49765
28,74667	49711
28,75733	49672
28,76800	49646
28,77867	49628
28,78933	49611
28,80000	49593
28,81067	49574
28,82133	49552
28,83200	49530
28,84267	49507
28,85333	49484
28,86400	49467
28,87467	49456
28,88533	49455
28,89600	49463
28,90667	49482
28,91733	49509
28,92800	49536
28,93867	49560
28,94933	49579
28,96000	49588
28,97067	49592
28,98133	49594
28,99200	49593
29,00267	49592
29,01333	49595
29,02400	49595
29,03467	49592
29,04533	49585
29,05600	49572
29,06667	49558
29,07733	49542
29,08800	49521
29,09867	49498
29,10933	49476
29,12000	49454
29,13067	49436
29,14133	49426
29,15200	49420
29,16267	49418
29,17333	49417
29,18400	49418
29,19467	49418
29,20533	49414
29,21600	49413
29,22667	49417
29,23733	49419
29,24800	49422
29,25867	49429
29,26933	49443
29,28000	49470
29,29067	49514
29,30133	49575
29,31200	49651
29,32267	49747
29,33333	49863
29,34400	50000
29,35467	50164
29,36533	50357
29,37600	50594
29,38667	50888
29,39733	51250
29,40800	51695
29,41867	52242
29,42933	52907
29,44000	53715
29,45067	54691
29,46133	55860
29,47200	57255
29,48267	58907
29,49333	60839
29,50400	63063
29,51467	65571
29,52533	68339
29,53600	71322
29,54667	74457
29,55733	77668
29,56800	80860
29,57867	83922
29,58933	86748
29,60000	89255
29,61067	91385
29,62133	93124
29,63200	94494
29,64267	95533
29,65333	96302
29,66400	96860
29,67467	97266
29,68533	97578
29,69600	97838
29,70667	98090
29,71733	98362
29,72800	98674
29,73867	99044
29,74933	99485
29,76000	100003
29,77067	100605
29,78133	101285
29,79200	102033
29,80267	102833
29,81333	103668
29,82400	104520
29,83467	105372
29,84533	106199
29,85600	106985
29,86667	107722
29,87733	108398
29,88800	109009
29,89867	109555
29,90933	110033
29,92000	110444
29,93067	110787
29,94133	111065
29,95200	111287
29,96267	111457
29,97333	111576
29,98400	111646
29,99467	111669
30,00533	111651
30,01600	111593
30,02667	111494
30,03733	111357
30,04800	111180
30,05867	110965
30,06933	110718
30,08000	110440
30,09067	110128
30,10133	109788
30,11200	109423
30,12267	109033
30,13333	108624
30,14400	108197
30,15467	107756
30,16533	107303
30,17600	106837
30,18667	106361
30,19733	105881
30,20800	105389
30,21867	104889
30,22933	104382
30,24000	103864
30,25067	103342
30,26133	102815
30,27200	102284
30,28267	101745
30,29333	101196
30,30400	100641
30,31467	100085
30,32533	99522
30,33600	98956
30,34667	98389
30,35733	97820
30,36800	97250
30,37867	96676
30,38933	96100
30,40000	95523
30,41067	94939
30,42133	94353
30,43200	93766
30,44267	93177
30,45333	92587
30,46400	91997
30,47467	91406
30,48533	90811
30,49600	90216
30,50667	89624
30,51733	89030
30,52800	88437
30,53867	87843
30,54933	87245
30,56000	86650
30,57067	86057
30,58133	85464
30,59200	84871
30,60267	84280
30,61333	83688
30,62400	83099
30,63467	82512
30,64533	81923
30,65600	81337
30,66667	80755
30,67733	80170
30,68800	79589
30,69867	79013
30,70933	78439
30,72000	77863
30,73067	77289
30,74133	76718
30,75200	76151
30,76267	75584
30,77333	75020
30,78400	74455
30,79467	73895
30,80533	73335
30,81600	72775
30,82667	72218
30,83733	71660
30,84800	71101
30,85867	70539
30,86933	69977
30,88000	69418
30,89067	68860
30,90133	68301
30,91200	67743
30,92267	67182
30,93333	66618
30,94400	66056
30,95467	65499
30,96533	64942
30,97600	64383
30,98667	63822
30,99733	63260
31,00800	62698
31,01867	62136
31,02933	61575
31,04000	61014
31,05067	60456
31,06133	59898
31,07200	59342
31,08267	58784
31,09333	58226
31,10400	57670
31,11467	57116
31,12533	56561
31,13600	56007
31,14667	55452
31,15733	54894
31,16800	54338
31,17867	53782
31,18933	53226
31,20000	52671
31,21067	52118
31,22133	51566
31,23200	51013
31,24267	50460
31,25333	49907
31,26400	49355
31,27467	48803
31,28533	48252
31,29600	47700
31,30667	47146
31,31733	46593
31,32800	46042
31,33867	45494
31,34933	44944
31,36000	44393
31,37067	43844
31,38133	43297
31,39200	42751
31,40267	42209
31,41333	41671
31,42400	41134
31,43467	40598
31,44533	40065
31,45600	39538
31,46667	39015
31,47733	38494
31,48800	37978
31,49867	37466
31,50933	36961
31,52000	36461
31,53067	35963
31,54133	35468
31,55200	34978
31,56267	34492
31,57333	34012
31,58400	33536
31,59467	33064
31,60533	32595
31,61600	32127
31,62667	31664
31,63733	31203
31,64800	30740
31,65867	30277
31,66933	29815
31,68000	29355
31,69067	28894
31,70133	28430
31,71200	27967
31,72267	27506
31,73333	27040
31,74400	26571
31,75467	26102
31,76533	25631
31,77600	25156
31,78667	24681
31,79733	24205
31,80800	23723
31,81867	23241
31,82933	22760
31,84000	22278
31,85067	21795
31,86133	21312
31,87200	20829
31,88267	20348
31,89333	19871
31,90400	19394
31,91467	18919
31,92533	18447
31,93600	17974
31,94667	17504
31,95733	17040
31,96800	16581
31,97867	16124
31,98933	15670
32,00000	15220


[Fraction Collection Report]
# of Fractions	0
