[Header]
Application Name	LabSolutions
Version	5.101
Data File Name	C:\Users\User\Desktop\Mervan_EnyzmeML\Kinetics\Kinetics\ManNAc\M (5) (0 mM).lcd
Output Date	11.3.2026.
Output Time	14:07:58

[File Information]
Type	Data File
Generated	28.7.2022. 0:04:51
Generated by	System Administrator
Modified	28.7.2022. 9:11:29
Modified by	System Administrator

[Sample Information]
Operator Name	System Administrator
Acquired	28.7.2022. 0:05:07
Sample Type	0:Unknown
Level	0
Sample Name	
Sample ID	
ISTD Amount1	1
ISTD Amount2	1
ISTD Amount3	1
ISTD Amount4	1
ISTD Amount5	1
ISTD Amount6	1
ISTD Amount7	1
ISTD Amount8	1
ISTD Amount9	1
ISTD Amount10	1
ISTD Amount11	1
ISTD Amount12	1
ISTD Amount13	1
ISTD Amount14	1
ISTD Amount15	1
ISTD Amount16	1
ISTD Amount17	1
ISTD Amount18	1
ISTD Amount19	1
ISTD Amount20	1
ISTD Amount21	1
ISTD Amount22	1
ISTD Amount23	1
ISTD Amount24	1
ISTD Amount25	1
ISTD Amount26	1
ISTD Amount27	1
ISTD Amount28	1
ISTD Amount29	1
ISTD Amount30	1
ISTD Amount31	1
ISTD Amount32	1
Sample Amount	1
Dilution Factor	1
Vial#	47
Injection Volume	15

[Original Files]
Data File	C:\LabSolutions\Data\Project1\Mervan\Method development\2022-07-25 (ManNAc)\P4.lcd
Method File	C:\LabSolutions\Data\Project1\Mervan\Mervan Derivatization - Short - Isocratic.lcm
Batch File	C:\LabSolutions\Data\Project1\Mervan batch.lcb
Report Format File	c:\LabSolutions\System\DEFAULT.lsr

[File Description]


[Configuration]
Instrument Name	LC40_01
Instrument #	1
Line #	1
# of Detectors	1
Detector ID	PDA
Detector Name	PDA
# of Channels	1

[Peak Table(PDA-Ch1)]
# of Peaks	3
Peak#	R.Time	I.Time	F.Time	Area	Height	A/H	Conc.	Mark	ID#	Name	k'	Plate #	Plate Ht.	Tailing	Resolution	Sep.Factor	Area Ratio	Height Ratio	Conc. %	Norm Conc.
1	9,902	9,803	10,144	8618	917	9,401	10,202	   			0,000	22884	6,555	1,538	0,000	0,000	0	0	0,000	0,000
2	10,526	10,421	10,741	4817	544	8,852	5,702	   			0,063	27525	5,450	1,433	2,420	0,000	0	0	0,000	0,000
3	18,066	17,749	18,133	71043	3977	17,866	84,096	   			0,824	40203	3,731	0,613	24,551	13,082	0	0	0,000	0,000

[Compound Results(PDA)]
# of IDs	0

[Group Results(PDA)]
# of Groups	0

[LC Status Trace(Pump A Pressure)]
Interval(msec)	1000
# of Points	1921
Start Time(min)	0,000
End Time(min)	32,000
Intensity Units	bar
Intensity Multiplier	0,980665
R.Time (min)	Intensity
0,00000	79,7
0,01667	79,7
0,03333	79,7
0,05000	78,4
0,06667	78,8
0,08333	79,3
0,10000	80,1
0,11667	80,6
0,13333	81,0
0,15000	80,9
0,16667	80,7
0,18333	80,5
0,20000	80,4
0,21667	80,6
0,23333	80,6
0,25000	80,6
0,26667	80,7
0,28333	80,8
0,30000	80,9
0,31667	80,9
0,33333	80,9
0,35000	80,9
0,36667	80,8
0,38333	81,0
0,40000	81,0
0,41667	80,9
0,43333	81,0
0,45000	80,9
0,46667	81,0
0,48333	80,9
0,50000	81,0
0,51667	81,0
0,53333	80,9
0,55000	81,0
0,56667	80,9
0,58333	80,9
0,60000	81,0
0,61667	80,9
0,63333	80,9
0,65000	81,0
0,66667	81,0
0,68333	80,9
0,70000	80,9
0,71667	80,9
0,73333	80,9
0,75000	80,9
0,76667	81,0
0,78333	80,9
0,80000	80,9
0,81667	80,9
0,83333	80,9
0,85000	81,0
0,86667	80,9
0,88333	80,9
0,90000	80,9
0,91667	80,9
0,93333	80,9
0,95000	80,9
0,96667	80,9
0,98333	80,8
1,00000	81,0
1,01667	80,9
1,03333	80,9
1,05000	80,9
1,06667	80,9
1,08333	80,8
1,10000	80,9
1,11667	80,9
1,13333	80,9
1,15000	80,9
1,16667	80,9
1,18333	80,9
1,20000	81,0
1,21667	80,9
1,23333	81,0
1,25000	80,9
1,26667	80,9
1,28333	80,9
1,30000	80,9
1,31667	80,9
1,33333	80,9
1,35000	80,8
1,36667	80,9
1,38333	80,9
1,40000	81,0
1,41667	80,9
1,43333	80,9
1,45000	80,9
1,46667	80,9
1,48333	80,9
1,50000	80,9
1,51667	80,8
1,53333	80,8
1,55000	80,9
1,56667	80,9
1,58333	80,8
1,60000	80,8
1,61667	80,8
1,63333	80,8
1,65000	80,8
1,66667	80,8
1,68333	80,8
1,70000	80,8
1,71667	80,8
1,73333	80,8
1,75000	80,8
1,76667	80,8
1,78333	80,7
1,80000	80,8
1,81667	80,8
1,83333	80,8
1,85000	80,7
1,86667	80,7
1,88333	80,8
1,90000	80,8
1,91667	80,8
1,93333	80,7
1,95000	80,7
1,96667	80,8
1,98333	80,7
2,00000	80,7
2,01667	80,7
2,03333	80,8
2,05000	80,7
2,06667	80,7
2,08333	80,7
2,10000	80,7
2,11667	80,7
2,13333	80,7
2,15000	80,7
2,16667	80,6
2,18333	80,7
2,20000	80,7
2,21667	80,8
2,23333	80,7
2,25000	80,7
2,26667	80,7
2,28333	80,7
2,30000	80,7
2,31667	80,7
2,33333	80,7
2,35000	80,8
2,36667	80,8
2,38333	80,7
2,40000	80,7
2,41667	80,7
2,43333	80,7
2,45000	80,7
2,46667	80,6
2,48333	80,7
2,50000	80,7
2,51667	80,7
2,53333	80,7
2,55000	80,7
2,56667	80,8
2,58333	80,7
2,60000	80,7
2,61667	80,7
2,63333	80,8
2,65000	80,8
2,66667	80,7
2,68333	80,7
2,70000	80,7
2,71667	80,8
2,73333	80,7
2,75000	80,7
2,76667	80,7
2,78333	80,8
2,80000	80,8
2,81667	80,8
2,83333	80,8
2,85000	80,8
2,86667	80,7
2,88333	80,7
2,90000	80,8
2,91667	80,8
2,93333	80,8
2,95000	80,8
2,96667	80,9
2,98333	80,8
3,00000	80,8
3,01667	80,8
3,03333	80,8
3,05000	80,8
3,06667	80,8
3,08333	80,8
3,10000	80,8
3,11667	80,8
3,13333	80,8
3,15000	80,9
3,16667	80,9
3,18333	80,9
3,20000	80,8
3,21667	80,9
3,23333	80,9
3,25000	80,8
3,26667	80,8
3,28333	80,9
3,30000	80,9
3,31667	80,8
3,33333	80,8
3,35000	81,0
3,36667	81,0
3,38333	80,9
3,40000	81,0
3,41667	81,0
3,43333	81,0
3,45000	80,9
3,46667	80,9
3,48333	80,9
3,50000	80,9
3,51667	81,0
3,53333	81,0
3,55000	81,0
3,56667	80,9
3,58333	81,0
3,60000	81,0
3,61667	81,0
3,63333	81,0
3,65000	81,0
3,66667	81,1
3,68333	81,0
3,70000	81,0
3,71667	81,0
3,73333	81,0
3,75000	81,0
3,76667	81,1
3,78333	81,1
3,80000	81,0
3,81667	81,1
3,83333	81,1
3,85000	81,1
3,86667	81,1
3,88333	81,1
3,90000	81,1
3,91667	81,1
3,93333	81,1
3,95000	81,1
3,96667	81,1
3,98333	81,1
4,00000	81,2
4,01667	81,2
4,03333	81,1
4,05000	81,2
4,06667	81,1
4,08333	81,1
4,10000	81,2
4,11667	81,2
4,13333	81,2
4,15000	81,2
4,16667	81,2
4,18333	81,2
4,20000	81,2
4,21667	81,2
4,23333	81,2
4,25000	81,2
4,26667	81,3
4,28333	81,4
4,30000	81,6
4,31667	81,7
4,33333	81,9
4,35000	81,9
4,36667	82,0
4,38333	82,0
4,40000	82,0
4,41667	82,0
4,43333	82,0
4,45000	82,0
4,46667	81,9
4,48333	81,9
4,50000	81,9
4,51667	81,9
4,53333	81,9
4,55000	82,0
4,56667	81,9
4,58333	81,9
4,60000	81,8
4,61667	81,7
4,63333	81,7
4,65000	81,7
4,66667	81,6
4,68333	81,6
4,70000	81,6
4,71667	81,5
4,73333	81,4
4,75000	81,4
4,76667	81,4
4,78333	81,3
4,80000	81,2
4,81667	81,2
4,83333	81,2
4,85000	81,2
4,86667	81,1
4,88333	81,1
4,90000	81,1
4,91667	81,1
4,93333	81,1
4,95000	81,0
4,96667	81,0
4,98333	81,0
5,00000	81,0
5,01667	81,0
5,03333	80,9
5,05000	81,0
5,06667	81,1
5,08333	81,1
5,10000	81,2
5,11667	81,2
5,13333	81,2
5,15000	81,3
5,16667	81,3
5,18333	81,3
5,20000	81,3
5,21667	81,4
5,23333	81,4
5,25000	81,4
5,26667	81,4
5,28333	81,4
5,30000	81,4
5,31667	81,4
5,33333	81,4
5,35000	81,5
5,36667	81,4
5,38333	81,4
5,40000	81,5
5,41667	81,4
5,43333	81,5
5,45000	81,5
5,46667	81,5
5,48333	81,5
5,50000	81,5
5,51667	81,5
5,53333	81,6
5,55000	81,5
5,56667	81,5
5,58333	81,5
5,60000	81,5
5,61667	81,6
5,63333	81,6
5,65000	81,6
5,66667	81,6
5,68333	81,6
5,70000	81,6
5,71667	81,7
5,73333	81,7
5,75000	81,7
5,76667	81,7
5,78333	81,7
5,80000	81,7
5,81667	81,8
5,83333	81,7
5,85000	81,7
5,86667	81,7
5,88333	81,7
5,90000	81,8
5,91667	81,7
5,93333	81,7
5,95000	81,8
5,96667	81,7
5,98333	81,7
6,00000	81,7
6,01667	81,7
6,03333	81,7
6,05000	81,7
6,06667	81,8
6,08333	81,8
6,10000	81,8
6,11667	81,7
6,13333	81,8
6,15000	81,8
6,16667	81,8
6,18333	81,7
6,20000	81,8
6,21667	81,8
6,23333	81,8
6,25000	81,8
6,26667	81,7
6,28333	81,8
6,30000	81,8
6,31667	81,8
6,33333	81,9
6,35000	81,8
6,36667	81,9
6,38333	81,8
6,40000	81,8
6,41667	81,9
6,43333	81,9
6,45000	81,9
6,46667	81,9
6,48333	81,9
6,50000	81,9
6,51667	81,9
6,53333	81,9
6,55000	81,9
6,56667	81,9
6,58333	81,9
6,60000	81,9
6,61667	81,9
6,63333	81,9
6,65000	81,9
6,66667	81,9
6,68333	81,9
6,70000	81,9
6,71667	81,9
6,73333	81,9
6,75000	82,0
6,76667	81,9
6,78333	81,9
6,80000	82,0
6,81667	82,0
6,83333	82,0
6,85000	81,9
6,86667	82,0
6,88333	82,0
6,90000	82,0
6,91667	82,0
6,93333	82,0
6,95000	82,0
6,96667	82,0
6,98333	82,0
7,00000	82,0
7,01667	82,0
7,03333	82,0
7,05000	82,0
7,06667	82,0
7,08333	82,1
7,10000	82,1
7,11667	82,0
7,13333	82,0
7,15000	82,1
7,16667	82,0
7,18333	82,0
7,20000	82,1
7,21667	82,1
7,23333	82,1
7,25000	82,0
7,26667	82,1
7,28333	82,1
7,30000	82,1
7,31667	82,1
7,33333	82,1
7,35000	82,1
7,36667	82,1
7,38333	82,1
7,40000	82,1
7,41667	82,1
7,43333	82,1
7,45000	82,1
7,46667	82,1
7,48333	82,1
7,50000	82,1
7,51667	82,1
7,53333	82,1
7,55000	82,1
7,56667	82,1
7,58333	82,1
7,60000	82,1
7,61667	82,1
7,63333	82,1
7,65000	82,1
7,66667	82,1
7,68333	82,1
7,70000	82,2
7,71667	82,1
7,73333	82,2
7,75000	82,1
7,76667	82,2
7,78333	82,1
7,80000	82,2
7,81667	82,1
7,83333	82,2
7,85000	82,2
7,86667	82,2
7,88333	82,1
7,90000	82,2
7,91667	82,2
7,93333	82,2
7,95000	82,2
7,96667	82,1
7,98333	82,2
8,00000	82,2
8,01667	82,2
8,03333	82,2
8,05000	82,2
8,06667	82,2
8,08333	82,2
8,10000	82,2
8,11667	82,2
8,13333	82,2
8,15000	82,2
8,16667	82,2
8,18333	82,1
8,20000	82,2
8,21667	82,1
8,23333	82,2
8,25000	82,1
8,26667	82,2
8,28333	82,2
8,30000	82,2
8,31667	82,2
8,33333	82,2
8,35000	82,1
8,36667	82,1
8,38333	82,1
8,40000	82,1
8,41667	82,2
8,43333	82,2
8,45000	82,2
8,46667	82,2
8,48333	82,2
8,50000	82,2
8,51667	82,2
8,53333	82,2
8,55000	82,2
8,56667	82,2
8,58333	82,2
8,60000	82,2
8,61667	82,2
8,63333	82,2
8,65000	82,1
8,66667	82,2
8,68333	82,1
8,70000	82,2
8,71667	82,1
8,73333	82,1
8,75000	82,2
8,76667	82,1
8,78333	82,2
8,80000	82,1
8,81667	82,2
8,83333	82,2
8,85000	82,2
8,86667	82,1
8,88333	82,2
8,90000	82,2
8,91667	82,2
8,93333	82,2
8,95000	82,2
8,96667	82,1
8,98333	82,2
9,00000	82,1
9,01667	82,1
9,03333	82,1
9,05000	82,2
9,06667	82,2
9,08333	82,2
9,10000	82,2
9,11667	82,2
9,13333	82,2
9,15000	82,1
9,16667	82,2
9,18333	82,1
9,20000	82,1
9,21667	82,1
9,23333	82,2
9,25000	82,1
9,26667	82,2
9,28333	82,1
9,30000	82,1
9,31667	82,1
9,33333	82,1
9,35000	82,1
9,36667	82,1
9,38333	82,1
9,40000	82,2
9,41667	82,1
9,43333	82,2
9,45000	82,1
9,46667	82,1
9,48333	82,1
9,50000	82,1
9,51667	82,1
9,53333	82,1
9,55000	82,1
9,56667	82,1
9,58333	82,1
9,60000	82,0
9,61667	82,1
9,63333	82,1
9,65000	82,1
9,66667	82,0
9,68333	82,1
9,70000	82,0
9,71667	82,0
9,73333	82,0
9,75000	82,1
9,76667	82,1
9,78333	82,1
9,80000	82,0
9,81667	82,1
9,83333	82,0
9,85000	82,1
9,86667	82,0
9,88333	82,1
9,90000	82,0
9,91667	82,0
9,93333	82,1
9,95000	82,0
9,96667	82,0
9,98333	82,0
10,00000	82,0
10,01667	82,0
10,03333	82,1
10,05000	82,0
10,06667	82,1
10,08333	82,0
10,10000	82,0
10,11667	82,0
10,13333	82,0
10,15000	82,0
10,16667	82,0
10,18333	82,0
10,20000	82,0
10,21667	81,9
10,23333	82,0
10,25000	82,0
10,26667	82,0
10,28333	82,0
10,30000	82,0
10,31667	82,0
10,33333	82,0
10,35000	82,0
10,36667	82,0
10,38333	82,0
10,40000	82,0
10,41667	82,0
10,43333	82,0
10,45000	81,9
10,46667	81,9
10,48333	81,9
10,50000	82,0
10,51667	81,9
10,53333	81,9
10,55000	82,0
10,56667	81,9
10,58333	82,0
10,60000	81,9
10,61667	82,0
10,63333	82,0
10,65000	81,9
10,66667	81,9
10,68333	81,9
10,70000	82,0
10,71667	81,9
10,73333	81,8
10,75000	81,9
10,76667	81,9
10,78333	81,9
10,80000	81,9
10,81667	81,9
10,83333	81,9
10,85000	81,9
10,86667	81,9
10,88333	81,9
10,90000	81,8
10,91667	81,9
10,93333	81,9
10,95000	81,9
10,96667	81,9
10,98333	81,9
11,00000	81,8
11,01667	81,8
11,03333	81,8
11,05000	81,9
11,06667	81,8
11,08333	81,8
11,10000	81,8
11,11667	81,9
11,13333	81,8
11,15000	81,8
11,16667	81,8
11,18333	81,9
11,20000	81,8
11,21667	81,9
11,23333	81,8
11,25000	81,8
11,26667	81,8
11,28333	81,8
11,30000	81,8
11,31667	81,8
11,33333	81,8
11,35000	81,8
11,36667	81,8
11,38333	81,8
11,40000	81,8
11,41667	81,8
11,43333	81,8
11,45000	81,8
11,46667	81,7
11,48333	81,8
11,50000	81,8
11,51667	81,8
11,53333	81,8
11,55000	81,8
11,56667	81,7
11,58333	81,7
11,60000	81,7
11,61667	81,7
11,63333	81,7
11,65000	81,7
11,66667	81,7
11,68333	81,7
11,70000	81,7
11,71667	81,7
11,73333	81,7
11,75000	81,7
11,76667	81,7
11,78333	81,7
11,80000	81,7
11,81667	81,7
11,83333	81,7
11,85000	81,7
11,86667	81,7
11,88333	81,7
11,90000	81,7
11,91667	81,7
11,93333	81,6
11,95000	81,7
11,96667	81,7
11,98333	81,7
12,00000	81,7
12,01667	81,6
12,03333	81,6
12,05000	81,6
12,06667	81,7
12,08333	81,6
12,10000	81,6
12,11667	81,7
12,13333	81,6
12,15000	81,6
12,16667	81,6
12,18333	81,7
12,20000	81,6
12,21667	81,6
12,23333	81,6
12,25000	81,6
12,26667	81,6
12,28333	81,6
12,30000	81,6
12,31667	81,6
12,33333	81,6
12,35000	81,5
12,36667	81,5
12,38333	81,6
12,40000	81,6
12,41667	81,6
12,43333	81,6
12,45000	81,6
12,46667	81,6
12,48333	81,6
12,50000	81,6
12,51667	81,6
12,53333	81,5
12,55000	81,6
12,56667	81,6
12,58333	81,6
12,60000	81,5
12,61667	81,5
12,63333	81,5
12,65000	81,5
12,66667	81,5
12,68333	81,5
12,70000	81,5
12,71667	81,5
12,73333	81,5
12,75000	81,5
12,76667	81,5
12,78333	81,6
12,80000	81,5
12,81667	81,5
12,83333	81,5
12,85000	81,6
12,86667	81,5
12,88333	81,5
12,90000	81,5
12,91667	81,5
12,93333	81,5
12,95000	81,5
12,96667	81,5
12,98333	81,5
13,00000	81,5
13,01667	81,6
13,03333	81,5
13,05000	81,5
13,06667	81,5
13,08333	81,5
13,10000	81,4
13,11667	81,5
13,13333	81,5
13,15000	81,4
13,16667	81,4
13,18333	81,5
13,20000	81,4
13,21667	81,5
13,23333	81,4
13,25000	81,5
13,26667	81,4
13,28333	81,5
13,30000	81,4
13,31667	81,5
13,33333	81,5
13,35000	81,5
13,36667	81,4
13,38333	81,5
13,40000	81,4
13,41667	81,4
13,43333	81,4
13,45000	81,5
13,46667	81,3
13,48333	81,4
13,50000	81,3
13,51667	81,4
13,53333	81,4
13,55000	81,4
13,56667	81,4
13,58333	81,4
13,60000	81,4
13,61667	81,4
13,63333	81,4
13,65000	81,4
13,66667	81,4
13,68333	81,5
13,70000	81,4
13,71667	81,5
13,73333	81,5
13,75000	81,4
13,76667	81,4
13,78333	81,4
13,80000	81,4
13,81667	81,4
13,83333	81,3
13,85000	81,4
13,86667	81,4
13,88333	81,4
13,90000	81,4
13,91667	81,4
13,93333	81,3
13,95000	81,4
13,96667	81,4
13,98333	81,4
14,00000	81,4
14,01667	81,4
14,03333	81,3
14,05000	81,4
14,06667	81,4
14,08333	81,4
14,10000	81,3
14,11667	81,4
14,13333	81,4
14,15000	81,3
14,16667	81,3
14,18333	81,4
14,20000	81,3
14,21667	81,3
14,23333	81,3
14,25000	81,3
14,26667	81,3
14,28333	81,3
14,30000	81,3
14,31667	81,4
14,33333	81,3
14,35000	81,4
14,36667	81,3
14,38333	81,4
14,40000	81,3
14,41667	81,4
14,43333	81,3
14,45000	81,4
14,46667	81,4
14,48333	81,3
14,50000	81,3
14,51667	81,4
14,53333	81,4
14,55000	81,3
14,56667	81,3
14,58333	81,3
14,60000	81,3
14,61667	81,4
14,63333	81,3
14,65000	81,4
14,66667	81,3
14,68333	81,4
14,70000	81,3
14,71667	81,3
14,73333	81,3
14,75000	81,3
14,76667	81,3
14,78333	81,3
14,80000	81,3
14,81667	81,3
14,83333	81,3
14,85000	81,4
14,86667	81,3
14,88333	81,3
14,90000	81,3
14,91667	81,3
14,93333	81,3
14,95000	81,3
14,96667	81,3
14,98333	81,3
15,00000	81,3
15,01667	81,3
15,03333	81,3
15,05000	81,3
15,06667	81,3
15,08333	81,3
15,10000	81,3
15,11667	81,3
15,13333	81,3
15,15000	81,3
15,16667	81,3
15,18333	81,3
15,20000	81,2
15,21667	81,3
15,23333	81,2
15,25000	81,4
15,26667	81,2
15,28333	81,3
15,30000	81,3
15,31667	81,3
15,33333	81,3
15,35000	81,3
15,36667	81,3
15,38333	81,3
15,40000	81,3
15,41667	81,3
15,43333	81,3
15,45000	81,3
15,46667	81,3
15,48333	81,3
15,50000	81,2
15,51667	81,3
15,53333	81,3
15,55000	81,3
15,56667	81,2
15,58333	81,3
15,60000	81,2
15,61667	81,3
15,63333	81,2
15,65000	81,3
15,66667	81,2
15,68333	81,3
15,70000	81,3
15,71667	81,3
15,73333	81,3
15,75000	81,3
15,76667	81,2
15,78333	81,3
15,80000	81,2
15,81667	81,2
15,83333	81,2
15,85000	81,2
15,86667	81,2
15,88333	81,2
15,90000	81,2
15,91667	81,3
15,93333	81,2
15,95000	81,3
15,96667	81,3
15,98333	81,3
16,00000	81,2
16,01667	81,3
16,03333	81,3
16,05000	81,3
16,06667	81,2
16,08333	81,3
16,10000	81,2
16,11667	81,3
16,13333	81,3
16,15000	81,3
16,16667	81,2
16,18333	81,3
16,20000	81,2
16,21667	81,3
16,23333	81,2
16,25000	81,3
16,26667	81,2
16,28333	81,3
16,30000	81,3
16,31667	81,3
16,33333	81,3
16,35000	81,3
16,36667	81,2
16,38333	81,3
16,40000	81,3
16,41667	81,3
16,43333	81,3
16,45000	81,3
16,46667	81,3
16,48333	81,3
16,50000	81,3
16,51667	81,2
16,53333	81,2
16,55000	81,3
16,56667	81,2
16,58333	81,2
16,60000	81,3
16,61667	81,2
16,63333	81,3
16,65000	81,3
16,66667	81,3
16,68333	81,2
16,70000	81,3
16,71667	81,2
16,73333	81,3
16,75000	81,2
16,76667	81,3
16,78333	81,3
16,80000	81,2
16,81667	81,2
16,83333	81,2
16,85000	81,2
16,86667	81,2
16,88333	81,3
16,90000	81,2
16,91667	81,3
16,93333	81,2
16,95000	81,3
16,96667	81,2
16,98333	81,2
17,00000	81,3
17,01667	81,2
17,03333	81,3
17,05000	81,3
17,06667	81,3
17,08333	81,2
17,10000	81,2
17,11667	81,2
17,13333	81,3
17,15000	81,2
17,16667	81,3
17,18333	81,2
17,20000	81,3
17,21667	81,2
17,23333	81,2
17,25000	81,3
17,26667	81,1
17,28333	81,2
17,30000	81,2
17,31667	81,2
17,33333	81,2
17,35000	81,2
17,36667	81,2
17,38333	81,2
17,40000	81,2
17,41667	81,2
17,43333	81,2
17,45000	81,2
17,46667	81,2
17,48333	81,2
17,50000	81,2
17,51667	81,2
17,53333	81,2
17,55000	81,2
17,56667	81,1
17,58333	81,1
17,60000	81,1
17,61667	81,2
17,63333	81,2
17,65000	81,1
17,66667	81,1
17,68333	81,1
17,70000	81,1
17,71667	81,1
17,73333	81,1
17,75000	81,1
17,76667	81,1
17,78333	81,1
17,80000	81,2
17,81667	81,1
17,83333	81,2
17,85000	81,1
17,86667	81,1
17,88333	81,0
17,90000	81,1
17,91667	81,1
17,93333	81,1
17,95000	81,1
17,96667	81,0
17,98333	81,1
18,00000	81,0
18,01667	81,1
18,03333	81,0
18,05000	81,0
18,06667	81,0
18,08333	81,0
18,10000	81,0
18,11667	81,0
18,13333	81,0
18,15000	81,0
18,16667	80,9
18,18333	81,0
18,20000	81,0
18,21667	80,9
18,23333	81,0
18,25000	80,9
18,26667	81,0
18,28333	81,0
18,30000	80,9
18,31667	80,9
18,33333	80,9
18,35000	80,9
18,36667	80,9
18,38333	80,9
18,40000	80,9
18,41667	80,9
18,43333	80,9
18,45000	80,9
18,46667	80,9
18,48333	80,9
18,50000	80,9
18,51667	80,9
18,53333	80,9
18,55000	80,9
18,56667	80,9
18,58333	80,9
18,60000	80,8
18,61667	80,8
18,63333	80,8
18,65000	80,8
18,66667	80,8
18,68333	80,8
18,70000	80,8
18,71667	80,7
18,73333	80,7
18,75000	80,7
18,76667	80,8
18,78333	80,8
18,80000	80,8
18,81667	80,8
18,83333	80,6
18,85000	80,7
18,86667	80,8
18,88333	80,7
18,90000	80,8
18,91667	80,7
18,93333	80,7
18,95000	80,7
18,96667	80,7
18,98333	80,7
19,00000	80,7
19,01667	80,7
19,03333	80,7
19,05000	80,7
19,06667	80,6
19,08333	80,7
19,10000	80,6
19,11667	80,6
19,13333	80,6
19,15000	80,6
19,16667	80,6
19,18333	80,6
19,20000	80,6
19,21667	80,7
19,23333	80,6
19,25000	80,6
19,26667	80,6
19,28333	80,6
19,30000	80,5
19,31667	80,6
19,33333	80,6
19,35000	80,6
19,36667	80,6
19,38333	80,6
19,40000	80,5
19,41667	80,6
19,43333	80,5
19,45000	80,5
19,46667	80,5
19,48333	80,5
19,50000	80,5
19,51667	80,5
19,53333	80,5
19,55000	80,5
19,56667	80,5
19,58333	80,4
19,60000	80,5
19,61667	80,5
19,63333	80,4
19,65000	80,4
19,66667	80,5
19,68333	80,3
19,70000	80,4
19,71667	80,5
19,73333	80,3
19,75000	80,4
19,76667	80,4
19,78333	80,3
19,80000	80,3
19,81667	80,3
19,83333	80,2
19,85000	80,3
19,86667	80,3
19,88333	80,2
19,90000	80,3
19,91667	80,3
19,93333	80,3
19,95000	80,3
19,96667	80,3
19,98333	80,2
20,00000	80,2
20,01667	80,2
20,03333	80,2
20,05000	80,2
20,06667	80,2
20,08333	80,2
20,10000	80,2
20,11667	80,2
20,13333	80,2
20,15000	80,2
20,16667	80,2
20,18333	80,1
20,20000	80,1
20,21667	80,1
20,23333	80,1
20,25000	80,1
20,26667	80,1
20,28333	80,0
20,30000	80,0
20,31667	80,0
20,33333	80,0
20,35000	80,0
20,36667	80,0
20,38333	80,0
20,40000	80,0
20,41667	80,0
20,43333	80,0
20,45000	80,0
20,46667	79,9
20,48333	80,0
20,50000	79,9
20,51667	80,0
20,53333	79,9
20,55000	79,9
20,56667	79,9
20,58333	79,8
20,60000	79,8
20,61667	79,8
20,63333	79,8
20,65000	79,8
20,66667	79,8
20,68333	79,8
20,70000	79,8
20,71667	79,8
20,73333	79,8
20,75000	79,7
20,76667	79,7
20,78333	79,7
20,80000	79,7
20,81667	79,6
20,83333	79,6
20,85000	79,6
20,86667	79,6
20,88333	79,6
20,90000	79,6
20,91667	79,5
20,93333	79,4
20,95000	79,4
20,96667	79,4
20,98333	79,4
21,00000	79,4
21,01667	79,4
21,03333	79,3
21,05000	79,3
21,06667	79,3
21,08333	79,3
21,10000	79,2
21,11667	79,2
21,13333	79,1
21,15000	79,1
21,16667	79,0
21,18333	79,0
21,20000	79,0
21,21667	78,9
21,23333	78,9
21,25000	78,9
21,26667	78,8
21,28333	78,8
21,30000	78,7
21,31667	78,7
21,33333	78,6
21,35000	78,5
21,36667	78,5
21,38333	78,4
21,40000	78,4
21,41667	78,4
21,43333	78,4
21,45000	78,2
21,46667	78,2
21,48333	78,1
21,50000	78,1
21,51667	78,0
21,53333	78,1
21,55000	77,9
21,56667	77,8
21,58333	77,8
21,60000	77,8
21,61667	77,7
21,63333	77,7
21,65000	77,7
21,66667	77,6
21,68333	77,6
21,70000	77,5
21,71667	77,4
21,73333	77,4
21,75000	77,3
21,76667	77,2
21,78333	77,2
21,80000	77,2
21,81667	77,1
21,83333	77,1
21,85000	77,0
21,86667	76,9
21,88333	76,8
21,90000	76,8
21,91667	76,7
21,93333	76,7
21,95000	76,6
21,96667	76,5
21,98333	76,5
22,00000	76,4
22,01667	76,3
22,03333	76,2
22,05000	76,2
22,06667	76,1
22,08333	76,1
22,10000	76,0
22,11667	75,9
22,13333	75,9
22,15000	75,7
22,16667	75,7
22,18333	75,7
22,20000	75,6
22,21667	75,5
22,23333	75,5
22,25000	75,3
22,26667	75,3
22,28333	75,3
22,30000	75,2
22,31667	75,1
22,33333	75,0
22,35000	74,9
22,36667	74,9
22,38333	74,8
22,40000	74,7
22,41667	74,6
22,43333	74,5
22,45000	74,5
22,46667	74,4
22,48333	74,3
22,50000	74,2
22,51667	74,1
22,53333	74,1
22,55000	74,0
22,56667	73,9
22,58333	73,8
22,60000	73,8
22,61667	73,7
22,63333	73,7
22,65000	73,5
22,66667	73,4
22,68333	73,3
22,70000	73,2
22,71667	73,1
22,73333	73,0
22,75000	73,0
22,76667	72,8
22,78333	72,8
22,80000	72,7
22,81667	72,6
22,83333	72,5
22,85000	72,5
22,86667	72,4
22,88333	72,2
22,90000	72,2
22,91667	72,1
22,93333	72,0
22,95000	71,9
22,96667	71,8
22,98333	71,6
23,00000	71,6
23,01667	71,5
23,03333	71,5
23,05000	71,3
23,06667	71,2
23,08333	71,1
23,10000	71,0
23,11667	70,8
23,13333	70,8
23,15000	70,7
23,16667	70,5
23,18333	70,4
23,20000	70,3
23,21667	70,2
23,23333	70,1
23,25000	70,0
23,26667	69,8
23,28333	69,7
23,30000	69,6
23,31667	69,5
23,33333	69,3
23,35000	69,2
23,36667	69,1
23,38333	69,0
23,40000	68,9
23,41667	68,7
23,43333	68,6
23,45000	68,5
23,46667	68,3
23,48333	68,2
23,50000	68,1
23,51667	68,0
23,53333	67,9
23,55000	67,8
23,56667	67,6
23,58333	67,5
23,60000	67,4
23,61667	67,2
23,63333	67,2
23,65000	67,0
23,66667	66,9
23,68333	66,8
23,70000	66,7
23,71667	66,6
23,73333	66,6
23,75000	66,4
23,76667	66,3
23,78333	66,2
23,80000	66,1
23,81667	66,0
23,83333	65,9
23,85000	65,8
23,86667	65,7
23,88333	65,5
23,90000	65,4
23,91667	65,4
23,93333	65,2
23,95000	65,2
23,96667	65,1
23,98333	64,9
24,00000	64,8
24,01667	64,7
24,03333	64,6
24,05000	64,5
24,06667	64,5
24,08333	64,4
24,10000	64,2
24,11667	64,2
24,13333	64,2
24,15000	64,0
24,16667	63,9
24,18333	63,8
24,20000	63,7
24,21667	63,6
24,23333	63,5
24,25000	63,4
24,26667	63,3
24,28333	63,2
24,30000	63,1
24,31667	63,1
24,33333	62,9
24,35000	62,9
24,36667	62,7
24,38333	62,7
24,40000	62,6
24,41667	62,5
24,43333	62,4
24,45000	62,3
24,46667	62,2
24,48333	62,1
24,50000	62,0
24,51667	61,9
24,53333	61,9
24,55000	61,7
24,56667	61,6
24,58333	61,5
24,60000	61,4
24,61667	61,3
24,63333	61,1
24,65000	61,1
24,66667	61,0
24,68333	60,8
24,70000	60,8
24,71667	60,7
24,73333	60,5
24,75000	60,5
24,76667	60,3
24,78333	60,2
24,80000	60,1
24,81667	60,0
24,83333	59,9
24,85000	59,8
24,86667	59,7
24,88333	59,6
24,90000	59,6
24,91667	59,4
24,93333	59,4
24,95000	59,2
24,96667	59,1
24,98333	59,0
25,00000	58,9
25,01667	58,8
25,03333	58,7
25,05000	58,6
25,06667	58,5
25,08333	58,4
25,10000	58,3
25,11667	58,2
25,13333	58,1
25,15000	58,0
25,16667	57,9
25,18333	57,8
25,20000	57,7
25,21667	57,6
25,23333	57,5
25,25000	57,4
25,26667	57,3
25,28333	57,2
25,30000	57,1
25,31667	57,0
25,33333	57,0
25,35000	56,8
25,36667	56,7
25,38333	56,5
25,40000	56,5
25,41667	56,3
25,43333	56,3
25,45000	56,2
25,46667	56,1
25,48333	56,0
25,50000	55,9
25,51667	55,8
25,53333	55,7
25,55000	55,7
25,56667	55,5
25,58333	55,4
25,60000	55,3
25,61667	55,2
25,63333	55,1
25,65000	55,1
25,66667	55,0
25,68333	55,0
25,70000	54,9
25,71667	54,8
25,73333	54,8
25,75000	54,6
25,76667	54,5
25,78333	54,4
25,80000	54,4
25,81667	54,3
25,83333	54,3
25,85000	54,2
25,86667	54,1
25,88333	54,0
25,90000	54,0
25,91667	53,9
25,93333	53,9
25,95000	53,8
25,96667	53,8
25,98333	53,8
26,00000	53,8
26,01667	53,7
26,03333	53,7
26,05000	53,7
26,06667	53,7
26,08333	53,7
26,10000	53,7
26,11667	53,6
26,13333	53,6
26,15000	53,6
26,16667	53,6
26,18333	53,6
26,20000	53,6
26,21667	53,6
26,23333	53,5
26,25000	53,5
26,26667	53,6
26,28333	53,5
26,30000	53,5
26,31667	53,5
26,33333	53,6
26,35000	53,6
26,36667	53,6
26,38333	53,6
26,40000	53,7
26,41667	53,7
26,43333	53,7
26,45000	53,8
26,46667	53,8
26,48333	53,8
26,50000	53,9
26,51667	53,9
26,53333	54,0
26,55000	54,0
26,56667	54,1
26,58333	54,2
26,60000	54,2
26,61667	54,2
26,63333	54,3
26,65000	54,3
26,66667	54,4
26,68333	54,4
26,70000	54,5
26,71667	54,5
26,73333	54,6
26,75000	54,6
26,76667	54,7
26,78333	54,8
26,80000	54,9
26,81667	54,9
26,83333	54,9
26,85000	55,0
26,86667	55,0
26,88333	55,1
26,90000	55,2
26,91667	55,2
26,93333	55,2
26,95000	55,4
26,96667	55,4
26,98333	55,4
27,00000	55,5
27,01667	55,6
27,03333	55,7
27,05000	55,7
27,06667	55,8
27,08333	55,9
27,10000	56,0
27,11667	56,1
27,13333	56,2
27,15000	56,2
27,16667	56,3
27,18333	56,4
27,20000	56,5
27,21667	56,5
27,23333	56,5
27,25000	56,7
27,26667	56,8
27,28333	57,0
27,30000	57,0
27,31667	57,1
27,33333	57,2
27,35000	57,3
27,36667	57,4
27,38333	57,5
27,40000	57,6
27,41667	57,7
27,43333	57,9
27,45000	57,9
27,46667	58,0
27,48333	58,1
27,50000	58,2
27,51667	58,3
27,53333	58,4
27,55000	58,5
27,56667	58,7
27,58333	58,7
27,60000	58,8
27,61667	59,0
27,63333	59,0
27,65000	59,2
27,66667	59,3
27,68333	59,4
27,70000	59,5
27,71667	59,6
27,73333	59,8
27,75000	59,9
27,76667	60,1
27,78333	60,1
27,80000	60,2
27,81667	60,5
27,83333	60,5
27,85000	60,6
27,86667	60,8
27,88333	60,9
27,90000	61,0
27,91667	61,1
27,93333	61,3
27,95000	61,3
27,96667	61,5
27,98333	61,5
28,00000	61,6
28,01667	61,8
28,03333	61,8
28,05000	62,0
28,06667	62,1
28,08333	62,3
28,10000	62,4
28,11667	62,5
28,13333	62,6
28,15000	62,7
28,16667	62,9
28,18333	62,9
28,20000	63,0
28,21667	63,2
28,23333	63,3
28,25000	63,4
28,26667	63,5
28,28333	63,6
28,30000	63,7
28,31667	63,8
28,33333	64,0
28,35000	64,1
28,36667	64,1
28,38333	64,3
28,40000	64,3
28,41667	64,5
28,43333	64,5
28,45000	64,7
28,46667	64,8
28,48333	64,9
28,50000	64,9
28,51667	65,1
28,53333	65,1
28,55000	65,3
28,56667	65,4
28,58333	65,5
28,60000	65,6
28,61667	65,7
28,63333	65,8
28,65000	65,9
28,66667	66,0
28,68333	66,1
28,70000	66,2
28,71667	66,3
28,73333	66,4
28,75000	66,5
28,76667	66,6
28,78333	66,7
28,80000	66,8
28,81667	66,9
28,83333	67,0
28,85000	67,2
28,86667	67,2
28,88333	67,3
28,90000	67,4
28,91667	67,5
28,93333	67,6
28,95000	67,7
28,96667	67,8
28,98333	67,9
29,00000	68,0
29,01667	68,1
29,03333	68,2
29,05000	68,3
29,06667	68,5
29,08333	68,5
29,10000	68,6
29,11667	68,7
29,13333	68,7
29,15000	68,9
29,16667	68,9
29,18333	69,0
29,20000	69,1
29,21667	69,2
29,23333	69,2
29,25000	69,3
29,26667	69,5
29,28333	69,6
29,30000	69,7
29,31667	69,8
29,33333	69,8
29,35000	69,9
29,36667	69,9
29,38333	70,0
29,40000	70,1
29,41667	70,1
29,43333	70,3
29,45000	70,3
29,46667	70,4
29,48333	70,4
29,50000	70,5
29,51667	70,7
29,53333	70,7
29,55000	70,9
29,56667	71,0
29,58333	71,1
29,60000	71,2
29,61667	71,3
29,63333	71,4
29,65000	71,5
29,66667	71,7
29,68333	71,7
29,70000	71,9
29,71667	72,0
29,73333	72,1
29,75000	72,1
29,76667	72,4
29,78333	72,5
29,80000	72,6
29,81667	72,7
29,83333	72,8
29,85000	72,9
29,86667	73,0
29,88333	73,1
29,90000	73,3
29,91667	73,4
29,93333	73,4
29,95000	73,7
29,96667	73,7
29,98333	73,9
30,00000	73,9
30,01667	74,1
30,03333	74,2
30,05000	74,2
30,06667	74,4
30,08333	74,4
30,10000	74,5
30,11667	74,6
30,13333	74,6
30,15000	74,8
30,16667	74,9
30,18333	75,0
30,20000	75,1
30,21667	75,2
30,23333	75,2
30,25000	75,3
30,26667	75,4
30,28333	75,5
30,30000	75,5
30,31667	75,6
30,33333	75,6
30,35000	75,7
30,36667	75,8
30,38333	75,9
30,40000	76,0
30,41667	76,1
30,43333	76,1
30,45000	76,3
30,46667	76,2
30,48333	76,3
30,50000	76,4
30,51667	76,4
30,53333	76,6
30,55000	76,6
30,56667	76,7
30,58333	76,8
30,60000	76,8
30,61667	76,9
30,63333	76,9
30,65000	77,0
30,66667	77,0
30,68333	77,1
30,70000	77,2
30,71667	77,2
30,73333	77,2
30,75000	77,3
30,76667	77,4
30,78333	77,4
30,80000	77,5
30,81667	77,6
30,83333	77,6
30,85000	77,6
30,86667	77,7
30,88333	77,8
30,90000	77,8
30,91667	77,8
30,93333	77,9
30,95000	78,0
30,96667	78,0
30,98333	78,0
31,00000	78,1
31,01667	78,1
31,03333	78,2
31,05000	78,2
31,06667	78,2
31,08333	78,3
31,10000	78,2
31,11667	78,3
31,13333	78,3
31,15000	78,4
31,16667	78,5
31,18333	78,6
31,20000	78,6
31,21667	78,6
31,23333	78,7
31,25000	78,7
31,26667	78,8
31,28333	78,8
31,30000	78,8
31,31667	78,9
31,33333	78,8
31,35000	78,9
31,36667	78,9
31,38333	79,0
31,40000	79,0
31,41667	79,1
31,43333	79,1
31,45000	79,1
31,46667	79,2
31,48333	79,1
31,50000	79,2
31,51667	79,3
31,53333	79,3
31,55000	79,4
31,56667	79,3
31,58333	79,4
31,60000	79,3
31,61667	79,4
31,63333	79,5
31,65000	79,4
31,66667	79,5
31,68333	79,5
31,70000	79,6
31,71667	79,5
31,73333	79,6
31,75000	79,6
31,76667	79,7
31,78333	79,7
31,80000	79,7
31,81667	79,8
31,83333	79,8
31,85000	79,7
31,86667	79,7
31,88333	79,8
31,90000	79,8
31,91667	79,8
31,93333	79,8
31,95000	79,8
31,96667	79,8
31,98333	79,9
32,00000	79,9

[LC Status Trace(Pump A Degasser Pressure)]
Interval(msec)	1000
# of Points	1921
Start Time(min)	0,000
End Time(min)	32,000
Intensity Units	bar
Intensity Multiplier	0,980665
R.Time (min)	Intensity
0,00000	953,4
0,01667	953,4
0,03333	953,4
0,05000	954,4
0,06667	954,4
0,08333	954,4
0,10000	954,4
0,11667	954,4
0,13333	954,4
0,15000	954,4
0,16667	954,4
0,18333	954,4
0,20000	954,4
0,21667	954,4
0,23333	954,4
0,25000	953,4
0,26667	953,4
0,28333	954,4
0,30000	954,4
0,31667	954,4
0,33333	954,4
0,35000	954,4
0,36667	954,4
0,38333	953,4
0,40000	953,4
0,41667	953,4
0,43333	953,4
0,45000	953,4
0,46667	953,4
0,48333	953,4
0,50000	953,4
0,51667	953,4
0,53333	954,4
0,55000	954,4
0,56667	954,4
0,58333	953,4
0,60000	953,4
0,61667	953,4
0,63333	953,4
0,65000	954,4
0,66667	954,4
0,68333	954,4
0,70000	954,4
0,71667	954,4
0,73333	952,4
0,75000	952,4
0,76667	952,4
0,78333	954,4
0,80000	954,4
0,81667	954,4
0,83333	954,4
0,85000	954,4
0,86667	954,4
0,88333	953,4
0,90000	953,4
0,91667	953,4
0,93333	954,4
0,95000	954,4
0,96667	954,4
0,98333	954,4
1,00000	954,4
1,01667	954,4
1,03333	954,4
1,05000	953,4
1,06667	953,4
1,08333	954,4
1,10000	954,4
1,11667	954,4
1,13333	954,4
1,15000	954,4
1,16667	954,4
1,18333	953,4
1,20000	953,4
1,21667	953,4
1,23333	953,4
1,25000	953,4
1,26667	953,4
1,28333	954,4
1,30000	954,4
1,31667	954,4
1,33333	954,4
1,35000	954,4
1,36667	954,4
1,38333	953,4
1,40000	953,4
1,41667	953,4
1,43333	953,4
1,45000	955,4
1,46667	955,4
1,48333	954,4
1,50000	954,4
1,51667	954,4
1,53333	954,4
1,55000	954,4
1,56667	954,4
1,58333	953,4
1,60000	953,4
1,61667	953,4
1,63333	955,4
1,65000	955,4
1,66667	955,4
1,68333	954,4
1,70000	954,4
1,71667	954,4
1,73333	954,4
1,75000	954,4
1,76667	954,4
1,78333	953,4
1,80000	953,4
1,81667	953,4
1,83333	953,4
1,85000	954,4
1,86667	954,4
1,88333	954,4
1,90000	954,4
1,91667	954,4
1,93333	954,4
1,95000	954,4
1,96667	954,4
1,98333	953,4
2,00000	953,4
2,01667	953,4
2,03333	955,4
2,05000	955,4
2,06667	955,4
2,08333	954,4
2,10000	954,4
2,11667	954,4
2,13333	954,4
2,15000	954,4
2,16667	954,4
2,18333	953,4
2,20000	953,4
2,21667	953,4
2,23333	954,4
2,25000	954,4
2,26667	954,4
2,28333	954,4
2,30000	954,4
2,31667	954,4
2,33333	954,4
2,35000	954,4
2,36667	954,4
2,38333	954,4
2,40000	954,4
2,41667	954,4
2,43333	953,4
2,45000	953,4
2,46667	953,4
2,48333	954,4
2,50000	954,4
2,51667	954,4
2,53333	954,4
2,55000	954,4
2,56667	954,4
2,58333	954,4
2,60000	954,4
2,61667	954,4
2,63333	953,4
2,65000	953,4
2,66667	953,4
2,68333	953,4
2,70000	953,4
2,71667	953,4
2,73333	954,4
2,75000	954,4
2,76667	954,4
2,78333	954,4
2,80000	954,4
2,81667	954,4
2,83333	953,4
2,85000	953,4
2,86667	953,4
2,88333	953,4
2,90000	953,4
2,91667	953,4
2,93333	953,4
2,95000	954,4
2,96667	954,4
2,98333	954,4
3,00000	954,4
3,01667	954,4
3,03333	954,4
3,05000	954,4
3,06667	954,4
3,08333	953,4
3,10000	953,4
3,11667	953,4
3,13333	954,4
3,15000	954,4
3,16667	954,4
3,18333	954,4
3,20000	954,4
3,21667	954,4
3,23333	954,4
3,25000	954,4
3,26667	954,4
3,28333	953,4
3,30000	953,4
3,31667	953,4
3,33333	953,4
3,35000	954,4
3,36667	954,4
3,38333	954,4
3,40000	954,4
3,41667	954,4
3,43333	954,4
3,45000	954,4
3,46667	954,4
3,48333	953,4
3,50000	953,4
3,51667	953,4
3,53333	954,4
3,55000	954,4
3,56667	954,4
3,58333	954,4
3,60000	954,4
3,61667	954,4
3,63333	954,4
3,65000	954,4
3,66667	954,4
3,68333	953,4
3,70000	953,4
3,71667	953,4
3,73333	953,4
3,75000	953,4
3,76667	953,4
3,78333	954,4
3,80000	954,4
3,81667	954,4
3,83333	954,4
3,85000	954,4
3,86667	954,4
3,88333	954,4
3,90000	954,4
3,91667	954,4
3,93333	953,4
3,95000	953,4
3,96667	953,4
3,98333	954,4
4,00000	954,4
4,01667	954,4
4,03333	954,4
4,05000	954,4
4,06667	954,4
4,08333	954,4
4,10000	954,4
4,11667	954,4
4,13333	954,4
4,15000	953,4
4,16667	953,4
4,18333	954,4
4,20000	954,4
4,21667	954,4
4,23333	954,4
4,25000	954,4
4,26667	954,4
4,28333	954,4
4,30000	954,4
4,31667	954,4
4,33333	953,4
4,35000	953,4
4,36667	953,4
4,38333	954,4
4,40000	954,4
4,41667	954,4
4,43333	954,4
4,45000	954,4
4,46667	954,4
4,48333	954,4
4,50000	954,4
4,51667	954,4
4,53333	954,4
4,55000	954,4
4,56667	954,4
4,58333	953,4
4,60000	953,4
4,61667	953,4
4,63333	954,4
4,65000	954,4
4,66667	954,4
4,68333	954,4
4,70000	954,4
4,71667	954,4
4,73333	954,4
4,75000	954,4
4,76667	954,4
4,78333	953,4
4,80000	953,4
4,81667	953,4
4,83333	954,4
4,85000	954,4
4,86667	954,4
4,88333	954,4
4,90000	954,4
4,91667	954,4
4,93333	954,4
4,95000	953,4
4,96667	953,4
4,98333	953,4
5,00000	953,4
5,01667	953,4
5,03333	954,4
5,05000	954,4
5,06667	954,4
5,08333	954,4
5,10000	954,4
5,11667	954,4
5,13333	954,4
5,15000	954,4
5,16667	954,4
5,18333	953,4
5,20000	953,4
5,21667	953,4
5,23333	953,4
5,25000	953,4
5,26667	953,4
5,28333	954,4
5,30000	954,4
5,31667	954,4
5,33333	954,4
5,35000	953,4
5,36667	953,4
5,38333	954,4
5,40000	954,4
5,41667	954,4
5,43333	953,4
5,45000	953,4
5,46667	953,4
5,48333	954,4
5,50000	954,4
5,51667	954,4
5,53333	953,4
5,55000	953,4
5,56667	953,4
5,58333	954,4
5,60000	954,4
5,61667	954,4
5,63333	954,4
5,65000	953,4
5,66667	953,4
5,68333	954,4
5,70000	954,4
5,71667	954,4
5,73333	954,4
5,75000	954,4
5,76667	954,4
5,78333	954,4
5,80000	954,4
5,81667	954,4
5,83333	953,4
5,85000	953,4
5,86667	953,4
5,88333	954,4
5,90000	954,4
5,91667	954,4
5,93333	954,4
5,95000	954,4
5,96667	954,4
5,98333	954,4
6,00000	954,4
6,01667	954,4
6,03333	954,4
6,05000	953,4
6,06667	953,4
6,08333	953,4
6,10000	953,4
6,11667	953,4
6,13333	954,4
6,15000	954,4
6,16667	954,4
6,18333	954,4
6,20000	954,4
6,21667	954,4
6,23333	954,4
6,25000	954,4
6,26667	954,4
6,28333	953,4
6,30000	953,4
6,31667	953,4
6,33333	954,4
6,35000	954,4
6,36667	954,4
6,38333	954,4
6,40000	954,4
6,41667	954,4
6,43333	954,4
6,45000	954,4
6,46667	954,4
6,48333	953,4
6,50000	953,4
6,51667	953,4
6,53333	954,4
6,55000	954,4
6,56667	954,4
6,58333	954,4
6,60000	954,4
6,61667	954,4
6,63333	954,4
6,65000	954,4
6,66667	954,4
6,68333	953,4
6,70000	953,4
6,71667	953,4
6,73333	955,4
6,75000	955,4
6,76667	955,4
6,78333	954,4
6,80000	954,4
6,81667	954,4
6,83333	954,4
6,85000	954,4
6,86667	954,4
6,88333	953,4
6,90000	953,4
6,91667	953,4
6,93333	954,4
6,95000	954,4
6,96667	954,4
6,98333	954,4
7,00000	954,4
7,01667	954,4
7,03333	954,4
7,05000	954,4
7,06667	954,4
7,08333	953,4
7,10000	953,4
7,11667	953,4
7,13333	954,4
7,15000	954,4
7,16667	954,4
7,18333	954,4
7,20000	954,4
7,21667	954,4
7,23333	954,4
7,25000	954,4
7,26667	954,4
7,28333	953,4
7,30000	953,4
7,31667	953,4
7,33333	953,4
7,35000	953,4
7,36667	953,4
7,38333	954,4
7,40000	954,4
7,41667	954,4
7,43333	954,4
7,45000	954,4
7,46667	954,4
7,48333	954,4
7,50000	954,4
7,51667	954,4
7,53333	953,4
7,55000	953,4
7,56667	953,4
7,58333	955,4
7,60000	955,4
7,61667	955,4
7,63333	954,4
7,65000	954,4
7,66667	954,4
7,68333	954,4
7,70000	954,4
7,71667	954,4
7,73333	953,4
7,75000	953,4
7,76667	953,4
7,78333	954,4
7,80000	954,4
7,81667	954,4
7,83333	954,4
7,85000	954,4
7,86667	954,4
7,88333	954,4
7,90000	954,4
7,91667	954,4
7,93333	954,4
7,95000	953,4
7,96667	953,4
7,98333	954,4
8,00000	954,4
8,01667	954,4
8,03333	954,4
8,05000	954,4
8,06667	954,4
8,08333	954,4
8,10000	954,4
8,11667	954,4
8,13333	953,4
8,15000	953,4
8,16667	953,4
8,18333	954,4
8,20000	954,4
8,21667	954,4
8,23333	954,4
8,25000	954,4
8,26667	954,4
8,28333	953,4
8,30000	953,4
8,31667	953,4
8,33333	953,4
8,35000	954,4
8,36667	954,4
8,38333	953,4
8,40000	953,4
8,41667	953,4
8,43333	953,4
8,45000	954,4
8,46667	954,4
8,48333	954,4
8,50000	954,4
8,51667	954,4
8,53333	953,4
8,55000	953,4
8,56667	953,4
8,58333	953,4
8,60000	953,4
8,61667	953,4
8,63333	955,4
8,65000	955,4
8,66667	955,4
8,68333	953,4
8,70000	953,4
8,71667	953,4
8,73333	953,4
8,75000	954,4
8,76667	954,4
8,78333	953,4
8,80000	953,4
8,81667	953,4
8,83333	954,4
8,85000	954,4
8,86667	954,4
8,88333	954,4
8,90000	954,4
8,91667	954,4
8,93333	954,4
8,95000	954,4
8,96667	954,4
8,98333	953,4
9,00000	953,4
9,01667	953,4
9,03333	954,4
9,05000	954,4
9,06667	954,4
9,08333	954,4
9,10000	954,4
9,11667	954,4
9,13333	954,4
9,15000	954,4
9,16667	954,4
9,18333	953,4
9,20000	953,4
9,21667	953,4
9,23333	954,4
9,25000	954,4
9,26667	954,4
9,28333	954,4
9,30000	954,4
9,31667	954,4
9,33333	954,4
9,35000	954,4
9,36667	954,4
9,38333	953,4
9,40000	953,4
9,41667	953,4
9,43333	954,4
9,45000	954,4
9,46667	954,4
9,48333	954,4
9,50000	954,4
9,51667	954,4
9,53333	954,4
9,55000	954,4
9,56667	954,4
9,58333	953,4
9,60000	953,4
9,61667	953,4
9,63333	954,4
9,65000	954,4
9,66667	954,4
9,68333	954,4
9,70000	954,4
9,71667	954,4
9,73333	954,4
9,75000	954,4
9,76667	954,4
9,78333	954,4
9,80000	954,4
9,81667	954,4
9,83333	953,4
9,85000	953,4
9,86667	953,4
9,88333	954,4
9,90000	954,4
9,91667	954,4
9,93333	954,4
9,95000	954,4
9,96667	954,4
9,98333	954,4
10,00000	954,4
10,01667	954,4
10,03333	953,4
10,05000	953,4
10,06667	953,4
10,08333	954,4
10,10000	954,4
10,11667	954,4
10,13333	954,4
10,15000	954,4
10,16667	954,4
10,18333	954,4
10,20000	954,4
10,21667	954,4
10,23333	953,4
10,25000	953,4
10,26667	953,4
10,28333	953,4
10,30000	953,4
10,31667	953,4
10,33333	954,4
10,35000	954,4
10,36667	954,4
10,38333	954,4
10,40000	954,4
10,41667	954,4
10,43333	953,4
10,45000	953,4
10,46667	953,4
10,48333	953,4
10,50000	953,4
10,51667	953,4
10,53333	954,4
10,55000	954,4
10,56667	954,4
10,58333	954,4
10,60000	954,4
10,61667	954,4
10,63333	954,4
10,65000	954,4
10,66667	954,4
10,68333	953,4
10,70000	953,4
10,71667	953,4
10,73333	954,4
10,75000	954,4
10,76667	954,4
10,78333	954,4
10,80000	954,4
10,81667	954,4
10,83333	954,4
10,85000	954,4
10,86667	954,4
10,88333	953,4
10,90000	953,4
10,91667	953,4
10,93333	954,4
10,95000	954,4
10,96667	954,4
10,98333	954,4
11,00000	954,4
11,01667	954,4
11,03333	954,4
11,05000	954,4
11,06667	954,4
11,08333	953,4
11,10000	953,4
11,11667	953,4
11,13333	954,4
11,15000	954,4
11,16667	954,4
11,18333	954,4
11,20000	954,4
11,21667	954,4
11,23333	953,4
11,25000	953,4
11,26667	953,4
11,28333	953,4
11,30000	953,4
11,31667	953,4
11,33333	953,4
11,35000	953,4
11,36667	953,4
11,38333	954,4
11,40000	954,4
11,41667	954,4
11,43333	954,4
11,45000	954,4
11,46667	954,4
11,48333	953,4
11,50000	953,4
11,51667	953,4
11,53333	953,4
11,55000	953,4
11,56667	953,4
11,58333	954,4
11,60000	954,4
11,61667	954,4
11,63333	953,4
11,65000	953,4
11,66667	953,4
11,68333	954,4
11,70000	954,4
11,71667	954,4
11,73333	953,4
11,75000	953,4
11,76667	953,4
11,78333	954,4
11,80000	954,4
11,81667	954,4
11,83333	954,4
11,85000	954,4
11,86667	954,4
11,88333	954,4
11,90000	954,4
11,91667	954,4
11,93333	953,4
11,95000	953,4
11,96667	953,4
11,98333	954,4
12,00000	954,4
12,01667	954,4
12,03333	954,4
12,05000	954,4
12,06667	954,4
12,08333	954,4
12,10000	954,4
12,11667	954,4
12,13333	952,4
12,15000	952,4
12,16667	952,4
12,18333	954,4
12,20000	954,4
12,21667	954,4
12,23333	954,4
12,25000	953,4
12,26667	953,4
12,28333	954,4
12,30000	954,4
12,31667	954,4
12,33333	953,4
12,35000	953,4
12,36667	953,4
12,38333	954,4
12,40000	954,4
12,41667	954,4
12,43333	954,4
12,45000	954,4
12,46667	954,4
12,48333	954,4
12,50000	954,4
12,51667	954,4
12,53333	953,4
12,55000	953,4
12,56667	953,4
12,58333	954,4
12,60000	954,4
12,61667	954,4
12,63333	954,4
12,65000	954,4
12,66667	954,4
12,68333	953,4
12,70000	953,4
12,71667	953,4
12,73333	953,4
12,75000	953,4
12,76667	953,4
12,78333	954,4
12,80000	954,4
12,81667	954,4
12,83333	954,4
12,85000	954,4
12,86667	954,4
12,88333	954,4
12,90000	954,4
12,91667	954,4
12,93333	953,4
12,95000	953,4
12,96667	953,4
12,98333	954,4
13,00000	954,4
13,01667	954,4
13,03333	954,4
13,05000	954,4
13,06667	954,4
13,08333	954,4
13,10000	954,4
13,11667	954,4
13,13333	953,4
13,15000	953,4
13,16667	953,4
13,18333	953,4
13,20000	953,4
13,21667	953,4
13,23333	954,4
13,25000	954,4
13,26667	954,4
13,28333	954,4
13,30000	954,4
13,31667	954,4
13,33333	954,4
13,35000	954,4
13,36667	954,4
13,38333	953,4
13,40000	953,4
13,41667	953,4
13,43333	953,4
13,45000	955,4
13,46667	955,4
13,48333	954,4
13,50000	954,4
13,51667	954,4
13,53333	954,4
13,55000	954,4
13,56667	954,4
13,58333	953,4
13,60000	953,4
13,61667	953,4
13,63333	954,4
13,65000	954,4
13,66667	954,4
13,68333	954,4
13,70000	954,4
13,71667	954,4
13,73333	954,4
13,75000	954,4
13,76667	954,4
13,78333	953,4
13,80000	953,4
13,81667	953,4
13,83333	953,4
13,85000	955,4
13,86667	955,4
13,88333	954,4
13,90000	954,4
13,91667	954,4
13,93333	954,4
13,95000	954,4
13,96667	954,4
13,98333	953,4
14,00000	953,4
14,01667	953,4
14,03333	955,4
14,05000	955,4
14,06667	955,4
14,08333	954,4
14,10000	954,4
14,11667	954,4
14,13333	954,4
14,15000	954,4
14,16667	954,4
14,18333	953,4
14,20000	953,4
14,21667	953,4
14,23333	954,4
14,25000	954,4
14,26667	954,4
14,28333	954,4
14,30000	954,4
14,31667	954,4
14,33333	954,4
14,35000	954,4
14,36667	954,4
14,38333	953,4
14,40000	953,4
14,41667	953,4
14,43333	954,4
14,45000	954,4
14,46667	954,4
14,48333	954,4
14,50000	954,4
14,51667	954,4
14,53333	954,4
14,55000	954,4
14,56667	954,4
14,58333	953,4
14,60000	953,4
14,61667	953,4
14,63333	954,4
14,65000	954,4
14,66667	954,4
14,68333	954,4
14,70000	954,4
14,71667	954,4
14,73333	954,4
14,75000	954,4
14,76667	954,4
14,78333	953,4
14,80000	953,4
14,81667	953,4
14,83333	954,4
14,85000	954,4
14,86667	954,4
14,88333	954,4
14,90000	954,4
14,91667	954,4
14,93333	954,4
14,95000	954,4
14,96667	954,4
14,98333	953,4
15,00000	953,4
15,01667	953,4
15,03333	953,4
15,05000	953,4
15,06667	953,4
15,08333	954,4
15,10000	954,4
15,11667	954,4
15,13333	954,4
15,15000	954,4
15,16667	954,4
15,18333	954,4
15,20000	954,4
15,21667	954,4
15,23333	953,4
15,25000	953,4
15,26667	953,4
15,28333	954,4
15,30000	954,4
15,31667	954,4
15,33333	954,4
15,35000	954,4
15,36667	954,4
15,38333	954,4
15,40000	954,4
15,41667	954,4
15,43333	953,4
15,45000	953,4
15,46667	953,4
15,48333	954,4
15,50000	954,4
15,51667	954,4
15,53333	954,4
15,55000	954,4
15,56667	954,4
15,58333	954,4
15,60000	954,4
15,61667	954,4
15,63333	953,4
15,65000	953,4
15,66667	953,4
15,68333	954,4
15,70000	954,4
15,71667	954,4
15,73333	954,4
15,75000	954,4
15,76667	954,4
15,78333	954,4
15,80000	954,4
15,81667	954,4
15,83333	953,4
15,85000	953,4
15,86667	953,4
15,88333	954,4
15,90000	954,4
15,91667	954,4
15,93333	954,4
15,95000	954,4
15,96667	954,4
15,98333	954,4
16,00000	954,4
16,01667	954,4
16,03333	954,4
16,05000	953,4
16,06667	953,4
16,08333	953,4
16,10000	953,4
16,11667	953,4
16,13333	953,4
16,15000	954,4
16,16667	954,4
16,18333	954,4
16,20000	954,4
16,21667	954,4
16,23333	954,4
16,25000	954,4
16,26667	954,4
16,28333	953,4
16,30000	953,4
16,31667	953,4
16,33333	954,4
16,35000	954,4
16,36667	954,4
16,38333	954,4
16,40000	954,4
16,41667	954,4
16,43333	954,4
16,45000	954,4
16,46667	954,4
16,48333	953,4
16,50000	953,4
16,51667	953,4
16,53333	954,4
16,55000	954,4
16,56667	954,4
16,58333	954,4
16,60000	954,4
16,61667	954,4
16,63333	954,4
16,65000	954,4
16,66667	954,4
16,68333	953,4
16,70000	953,4
16,71667	953,4
16,73333	954,4
16,75000	954,4
16,76667	954,4
16,78333	954,4
16,80000	954,4
16,81667	954,4
16,83333	954,4
16,85000	954,4
16,86667	954,4
16,88333	953,4
16,90000	953,4
16,91667	953,4
16,93333	953,4
16,95000	953,4
16,96667	953,4
16,98333	954,4
17,00000	954,4
17,01667	954,4
17,03333	953,4
17,05000	953,4
17,06667	953,4
17,08333	953,4
17,10000	953,4
17,11667	953,4
17,13333	954,4
17,15000	954,4
17,16667	954,4
17,18333	954,4
17,20000	954,4
17,21667	954,4
17,23333	954,4
17,25000	953,4
17,26667	953,4
17,28333	954,4
17,30000	954,4
17,31667	954,4
17,33333	953,4
17,35000	953,4
17,36667	953,4
17,38333	954,4
17,40000	954,4
17,41667	954,4
17,43333	954,4
17,45000	954,4
17,46667	954,4
17,48333	954,4
17,50000	954,4
17,51667	954,4
17,53333	953,4
17,55000	953,4
17,56667	953,4
17,58333	954,4
17,60000	954,4
17,61667	954,4
17,63333	954,4
17,65000	954,4
17,66667	954,4
17,68333	954,4
17,70000	954,4
17,71667	954,4
17,73333	952,4
17,75000	952,4
17,76667	952,4
17,78333	954,4
17,80000	954,4
17,81667	954,4
17,83333	954,4
17,85000	954,4
17,86667	954,4
17,88333	954,4
17,90000	954,4
17,91667	954,4
17,93333	953,4
17,95000	953,4
17,96667	953,4
17,98333	954,4
18,00000	954,4
18,01667	954,4
18,03333	954,4
18,05000	954,4
18,06667	954,4
18,08333	954,4
18,10000	954,4
18,11667	954,4
18,13333	953,4
18,15000	953,4
18,16667	953,4
18,18333	953,4
18,20000	953,4
18,21667	953,4
18,23333	954,4
18,25000	954,4
18,26667	954,4
18,28333	954,4
18,30000	954,4
18,31667	954,4
18,33333	953,4
18,35000	953,4
18,36667	953,4
18,38333	954,4
18,40000	954,4
18,41667	954,4
18,43333	954,4
18,45000	954,4
18,46667	954,4
18,48333	954,4
18,50000	954,4
18,51667	954,4
18,53333	953,4
18,55000	953,4
18,56667	953,4
18,58333	953,4
18,60000	953,4
18,61667	953,4
18,63333	955,4
18,65000	955,4
18,66667	955,4
18,68333	954,4
18,70000	954,4
18,71667	954,4
18,73333	954,4
18,75000	954,4
18,76667	954,4
18,78333	953,4
18,80000	953,4
18,81667	953,4
18,83333	953,4
18,85000	954,4
18,86667	954,4
18,88333	954,4
18,90000	954,4
18,91667	954,4
18,93333	954,4
18,95000	954,4
18,96667	954,4
18,98333	953,4
19,00000	953,4
19,01667	953,4
19,03333	954,4
19,05000	954,4
19,06667	954,4
19,08333	954,4
19,10000	954,4
19,11667	954,4
19,13333	954,4
19,15000	954,4
19,16667	954,4
19,18333	953,4
19,20000	953,4
19,21667	953,4
19,23333	953,4
19,25000	955,4
19,26667	955,4
19,28333	954,4
19,30000	954,4
19,31667	954,4
19,33333	954,4
19,35000	954,4
19,36667	954,4
19,38333	953,4
19,40000	953,4
19,41667	953,4
19,43333	954,4
19,45000	954,4
19,46667	954,4
19,48333	954,4
19,50000	954,4
19,51667	954,4
19,53333	954,4
19,55000	954,4
19,56667	954,4
19,58333	953,4
19,60000	953,4
19,61667	953,4
19,63333	954,4
19,65000	954,4
19,66667	954,4
19,68333	954,4
19,70000	954,4
19,71667	954,4
19,73333	954,4
19,75000	954,4
19,76667	954,4
19,78333	953,4
19,80000	953,4
19,81667	953,4
19,83333	953,4
19,85000	953,4
19,86667	953,4
19,88333	954,4
19,90000	954,4
19,91667	954,4
19,93333	954,4
19,95000	954,4
19,96667	954,4
19,98333	953,4
20,00000	953,4
20,01667	953,4
20,03333	953,4
20,05000	953,4
20,06667	953,4
20,08333	954,4
20,10000	954,4
20,11667	954,4
20,13333	953,4
20,15000	953,4
20,16667	953,4
20,18333	954,4
20,20000	954,4
20,21667	954,4
20,23333	953,4
20,25000	953,4
20,26667	953,4
20,28333	955,4
20,30000	955,4
20,31667	955,4
20,33333	955,4
20,35000	954,4
20,36667	954,4
20,38333	954,4
20,40000	954,4
20,41667	954,4
20,43333	953,4
20,45000	953,4
20,46667	953,4
20,48333	954,4
20,50000	954,4
20,51667	954,4
20,53333	954,4
20,55000	954,4
20,56667	954,4
20,58333	954,4
20,60000	954,4
20,61667	954,4
20,63333	953,4
20,65000	953,4
20,66667	953,4
20,68333	954,4
20,70000	954,4
20,71667	954,4
20,73333	954,4
20,75000	954,4
20,76667	954,4
20,78333	953,4
20,80000	953,4
20,81667	953,4
20,83333	953,4
20,85000	953,4
20,86667	953,4
20,88333	954,4
20,90000	954,4
20,91667	954,4
20,93333	954,4
20,95000	954,4
20,96667	954,4
20,98333	953,4
21,00000	953,4
21,01667	953,4
21,03333	953,4
21,05000	953,4
21,06667	953,4
21,08333	954,4
21,10000	954,4
21,11667	954,4
21,13333	954,4
21,15000	954,4
21,16667	954,4
21,18333	953,4
21,20000	953,4
21,21667	953,4
21,23333	953,4
21,25000	953,4
21,26667	953,4
21,28333	954,4
21,30000	954,4
21,31667	954,4
21,33333	954,4
21,35000	954,4
21,36667	954,4
21,38333	953,4
21,40000	953,4
21,41667	953,4
21,43333	953,4
21,45000	954,4
21,46667	954,4
21,48333	954,4
21,50000	954,4
21,51667	954,4
21,53333	954,4
21,55000	954,4
21,56667	954,4
21,58333	953,4
21,60000	953,4
21,61667	953,4
21,63333	954,4
21,65000	954,4
21,66667	954,4
21,68333	954,4
21,70000	954,4
21,71667	954,4
21,73333	954,4
21,75000	954,4
21,76667	954,4
21,78333	952,4
21,80000	952,4
21,81667	952,4
21,83333	952,4
21,85000	955,4
21,86667	955,4
21,88333	954,4
21,90000	954,4
21,91667	954,4
21,93333	954,4
21,95000	954,4
21,96667	954,4
21,98333	953,4
22,00000	953,4
22,01667	953,4
22,03333	954,4
22,05000	954,4
22,06667	954,4
22,08333	953,4
22,10000	953,4
22,11667	953,4
22,13333	953,4
22,15000	953,4
22,16667	953,4
22,18333	953,4
22,20000	953,4
22,21667	953,4
22,23333	953,4
22,25000	954,4
22,26667	954,4
22,28333	954,4
22,30000	954,4
22,31667	954,4
22,33333	953,4
22,35000	953,4
22,36667	953,4
22,38333	954,4
22,40000	954,4
22,41667	954,4
22,43333	954,4
22,45000	954,4
22,46667	954,4
22,48333	954,4
22,50000	954,4
22,51667	954,4
22,53333	953,4
22,55000	953,4
22,56667	953,4
22,58333	953,4
22,60000	953,4
22,61667	953,4
22,63333	953,4
22,65000	954,4
22,66667	954,4
22,68333	954,4
22,70000	954,4
22,71667	954,4
22,73333	953,4
22,75000	953,4
22,76667	953,4
22,78333	954,4
22,80000	954,4
22,81667	954,4
22,83333	954,4
22,85000	954,4
22,86667	954,4
22,88333	954,4
22,90000	954,4
22,91667	954,4
22,93333	953,4
22,95000	953,4
22,96667	953,4
22,98333	954,4
23,00000	954,4
23,01667	954,4
23,03333	954,4
23,05000	954,4
23,06667	954,4
23,08333	954,4
23,10000	954,4
23,11667	954,4
23,13333	953,4
23,15000	953,4
23,16667	953,4
23,18333	954,4
23,20000	954,4
23,21667	954,4
23,23333	954,4
23,25000	954,4
23,26667	954,4
23,28333	953,4
23,30000	953,4
23,31667	953,4
23,33333	953,4
23,35000	953,4
23,36667	953,4
23,38333	954,4
23,40000	954,4
23,41667	954,4
23,43333	954,4
23,45000	954,4
23,46667	954,4
23,48333	953,4
23,50000	953,4
23,51667	953,4
23,53333	954,4
23,55000	954,4
23,56667	954,4
23,58333	954,4
23,60000	954,4
23,61667	954,4
23,63333	954,4
23,65000	954,4
23,66667	954,4
23,68333	953,4
23,70000	953,4
23,71667	953,4
23,73333	953,4
23,75000	954,4
23,76667	954,4
23,78333	954,4
23,80000	954,4
23,81667	954,4
23,83333	954,4
23,85000	954,4
23,86667	954,4
23,88333	953,4
23,90000	953,4
23,91667	953,4
23,93333	954,4
23,95000	954,4
23,96667	954,4
23,98333	954,4
24,00000	954,4
24,01667	954,4
24,03333	954,4
24,05000	954,4
24,06667	954,4
24,08333	953,4
24,10000	953,4
24,11667	953,4
24,13333	953,4
24,15000	954,4
24,16667	954,4
24,18333	954,4
24,20000	954,4
24,21667	954,4
24,23333	954,4
24,25000	953,4
24,26667	953,4
24,28333	954,4
24,30000	954,4
24,31667	954,4
24,33333	954,4
24,35000	954,4
24,36667	954,4
24,38333	954,4
24,40000	954,4
24,41667	954,4
24,43333	953,4
24,45000	953,4
24,46667	953,4
24,48333	954,4
24,50000	954,4
24,51667	954,4
24,53333	954,4
24,55000	954,4
24,56667	954,4
24,58333	953,4
24,60000	953,4
24,61667	953,4
24,63333	953,4
24,65000	953,4
24,66667	953,4
24,68333	954,4
24,70000	954,4
24,71667	954,4
24,73333	954,4
24,75000	954,4
24,76667	954,4
24,78333	953,4
24,80000	953,4
24,81667	953,4
24,83333	954,4
24,85000	954,4
24,86667	954,4
24,88333	954,4
24,90000	954,4
24,91667	954,4
24,93333	954,4
24,95000	954,4
24,96667	954,4
24,98333	953,4
25,00000	953,4
25,01667	953,4
25,03333	954,4
25,05000	954,4
25,06667	954,4
25,08333	954,4
25,10000	954,4
25,11667	954,4
25,13333	954,4
25,15000	954,4
25,16667	954,4
25,18333	953,4
25,20000	953,4
25,21667	953,4
25,23333	954,4
25,25000	954,4
25,26667	954,4
25,28333	953,4
25,30000	953,4
25,31667	953,4
25,33333	953,4
25,35000	953,4
25,36667	953,4
25,38333	954,4
25,40000	954,4
25,41667	954,4
25,43333	954,4
25,45000	954,4
25,46667	954,4
25,48333	954,4
25,50000	954,4
25,51667	954,4
25,53333	953,4
25,55000	953,4
25,56667	953,4
25,58333	955,4
25,60000	955,4
25,61667	955,4
25,63333	954,4
25,65000	954,4
25,66667	954,4
25,68333	953,4
25,70000	953,4
25,71667	953,4
25,73333	953,4
25,75000	954,4
25,76667	954,4
25,78333	954,4
25,80000	954,4
25,81667	954,4
25,83333	954,4
25,85000	954,4
25,86667	954,4
25,88333	953,4
25,90000	953,4
25,91667	953,4
25,93333	955,4
25,95000	955,4
25,96667	955,4
25,98333	954,4
26,00000	954,4
26,01667	954,4
26,03333	954,4
26,05000	954,4
26,06667	954,4
26,08333	953,4
26,10000	953,4
26,11667	953,4
26,13333	953,4
26,15000	954,4
26,16667	954,4
26,18333	954,4
26,20000	954,4
26,21667	954,4
26,23333	954,4
26,25000	954,4
26,26667	954,4
26,28333	953,4
26,30000	953,4
26,31667	953,4
26,33333	955,4
26,35000	955,4
26,36667	955,4
26,38333	954,4
26,40000	954,4
26,41667	954,4
26,43333	954,4
26,45000	953,4
26,46667	953,4
26,48333	954,4
26,50000	954,4
26,51667	954,4
26,53333	954,4
26,55000	954,4
26,56667	954,4
26,58333	954,4
26,60000	954,4
26,61667	954,4
26,63333	953,4
26,65000	953,4
26,66667	953,4
26,68333	954,4
26,70000	954,4
26,71667	954,4
26,73333	954,4
26,75000	954,4
26,76667	954,4
26,78333	954,4
26,80000	954,4
26,81667	954,4
26,83333	954,4
26,85000	954,4
26,86667	954,4
26,88333	953,4
26,90000	953,4
26,91667	953,4
26,93333	953,4
26,95000	954,4
26,96667	954,4
26,98333	954,4
27,00000	954,4
27,01667	954,4
27,03333	954,4
27,05000	954,4
27,06667	954,4
27,08333	953,4
27,10000	953,4
27,11667	953,4
27,13333	954,4
27,15000	954,4
27,16667	954,4
27,18333	954,4
27,20000	954,4
27,21667	954,4
27,23333	954,4
27,25000	954,4
27,26667	954,4
27,28333	953,4
27,30000	953,4
27,31667	953,4
27,33333	953,4
27,35000	954,4
27,36667	954,4
27,38333	955,4
27,40000	955,4
27,41667	955,4
27,43333	954,4
27,45000	954,4
27,46667	954,4
27,48333	954,4
27,50000	954,4
27,51667	954,4
27,53333	953,4
27,55000	953,4
27,56667	953,4
27,58333	955,4
27,60000	955,4
27,61667	955,4
27,63333	955,4
27,65000	954,4
27,66667	954,4
27,68333	954,4
27,70000	954,4
27,71667	954,4
27,73333	953,4
27,75000	953,4
27,76667	953,4
27,78333	954,4
27,80000	954,4
27,81667	954,4
27,83333	954,4
27,85000	954,4
27,86667	954,4
27,88333	954,4
27,90000	954,4
27,91667	954,4
27,93333	953,4
27,95000	953,4
27,96667	953,4
27,98333	954,4
28,00000	954,4
28,01667	954,4
28,03333	954,4
28,05000	954,4
28,06667	954,4
28,08333	954,4
28,10000	954,4
28,11667	954,4
28,13333	954,4
28,15000	954,4
28,16667	954,4
28,18333	953,4
28,20000	953,4
28,21667	953,4
28,23333	955,4
28,25000	955,4
28,26667	955,4
28,28333	954,4
28,30000	954,4
28,31667	954,4
28,33333	954,4
28,35000	954,4
28,36667	954,4
28,38333	953,4
28,40000	953,4
28,41667	953,4
28,43333	953,4
28,45000	954,4
28,46667	954,4
28,48333	954,4
28,50000	954,4
28,51667	954,4
28,53333	954,4
28,55000	954,4
28,56667	954,4
28,58333	954,4
28,60000	954,4
28,61667	954,4
28,63333	953,4
28,65000	953,4
28,66667	953,4
28,68333	954,4
28,70000	954,4
28,71667	954,4
28,73333	954,4
28,75000	954,4
28,76667	954,4
28,78333	954,4
28,80000	954,4
28,81667	954,4
28,83333	953,4
28,85000	953,4
28,86667	953,4
28,88333	953,4
28,90000	953,4
28,91667	953,4
28,93333	954,4
28,95000	954,4
28,96667	954,4
28,98333	953,4
29,00000	953,4
29,01667	953,4
29,03333	954,4
29,05000	954,4
29,06667	954,4
29,08333	952,4
29,10000	952,4
29,11667	952,4
29,13333	952,4
29,15000	954,4
29,16667	954,4
29,18333	954,4
29,20000	954,4
29,21667	954,4
29,23333	954,4
29,25000	954,4
29,26667	954,4
29,28333	954,4
29,30000	954,4
29,31667	954,4
29,33333	953,4
29,35000	953,4
29,36667	953,4
29,38333	954,4
29,40000	954,4
29,41667	954,4
29,43333	954,4
29,45000	954,4
29,46667	954,4
29,48333	954,4
29,50000	954,4
29,51667	954,4
29,53333	954,4
29,55000	953,4
29,56667	953,4
29,58333	953,4
29,60000	953,4
29,61667	953,4
29,63333	954,4
29,65000	954,4
29,66667	954,4
29,68333	953,4
29,70000	953,4
29,71667	953,4
29,73333	954,4
29,75000	954,4
29,76667	954,4
29,78333	953,4
29,80000	953,4
29,81667	953,4
29,83333	954,4
29,85000	954,4
29,86667	954,4
29,88333	954,4
29,90000	954,4
29,91667	954,4
29,93333	954,4
29,95000	954,4
29,96667	954,4
29,98333	954,4
30,00000	954,4
30,01667	954,4
30,03333	953,4
30,05000	953,4
30,06667	953,4
30,08333	954,4
30,10000	954,4
30,11667	954,4
30,13333	954,4
30,15000	954,4
30,16667	954,4
30,18333	954,4
30,20000	954,4
30,21667	954,4
30,23333	953,4
30,25000	953,4
30,26667	953,4
30,28333	953,4
30,30000	953,4
30,31667	953,4
30,33333	953,4
30,35000	954,4
30,36667	954,4
30,38333	954,4
30,40000	954,4
30,41667	954,4
30,43333	954,4
30,45000	954,4
30,46667	954,4
30,48333	953,4
30,50000	953,4
30,51667	953,4
30,53333	954,4
30,55000	954,4
30,56667	954,4
30,58333	954,4
30,60000	954,4
30,61667	954,4
30,63333	954,4
30,65000	954,4
30,66667	954,4
30,68333	953,4
30,70000	953,4
30,71667	953,4
30,73333	953,4
30,75000	953,4
30,76667	953,4
30,78333	954,4
30,80000	954,4
30,81667	954,4
30,83333	954,4
30,85000	954,4
30,86667	954,4
30,88333	954,4
30,90000	954,4
30,91667	954,4
30,93333	953,4
30,95000	953,4
30,96667	953,4
30,98333	953,4
31,00000	953,4
31,01667	953,4
31,03333	954,4
31,05000	954,4
31,06667	954,4
31,08333	954,4
31,10000	954,4
31,11667	954,4
31,13333	954,4
31,15000	954,4
31,16667	954,4
31,18333	953,4
31,20000	953,4
31,21667	953,4
31,23333	954,4
31,25000	954,4
31,26667	954,4
31,28333	954,4
31,30000	954,4
31,31667	954,4
31,33333	954,4
31,35000	954,4
31,36667	954,4
31,38333	953,4
31,40000	953,4
31,41667	953,4
31,43333	953,4
31,45000	953,4
31,46667	953,4
31,48333	954,4
31,50000	954,4
31,51667	954,4
31,53333	954,4
31,55000	954,4
31,56667	954,4
31,58333	954,4
31,60000	954,4
31,61667	954,4
31,63333	953,4
31,65000	953,4
31,66667	953,4
31,68333	954,4
31,70000	954,4
31,71667	954,4
31,73333	954,4
31,75000	954,4
31,76667	954,4
31,78333	953,4
31,80000	953,4
31,81667	953,4
31,83333	953,4
31,85000	954,4
31,86667	954,4
31,88333	953,4
31,90000	953,4
31,91667	953,4
31,93333	953,4
31,95000	954,4
31,96667	954,4
31,98333	954,4
32,00000	954,4

[LC Status Trace(Pump B Pressure)]
Interval(msec)	1000
# of Points	1921
Start Time(min)	0,000
End Time(min)	32,000
Intensity Units	bar
Intensity Multiplier	0,980665
R.Time (min)	Intensity
0,00000	79,5
0,01667	79,5
0,03333	77,9
0,05000	78,2
0,06667	78,6
0,08333	79,1
0,10000	79,1
0,11667	80,4
0,13333	80,7
0,15000	80,7
0,16667	80,5
0,18333	80,2
0,20000	80,2
0,21667	80,4
0,23333	80,4
0,25000	80,4
0,26667	80,5
0,28333	80,6
0,30000	80,6
0,31667	80,7
0,33333	80,7
0,35000	80,7
0,36667	80,6
0,38333	80,7
0,40000	80,7
0,41667	80,7
0,43333	80,7
0,45000	80,7
0,46667	80,7
0,48333	80,7
0,50000	80,7
0,51667	80,7
0,53333	80,7
0,55000	80,8
0,56667	80,6
0,58333	80,6
0,60000	80,6
0,61667	80,7
0,63333	80,8
0,65000	80,7
0,66667	80,7
0,68333	80,6
0,70000	80,6
0,71667	80,7
0,73333	80,7
0,75000	80,7
0,76667	80,7
0,78333	80,6
0,80000	80,6
0,81667	80,7
0,83333	80,7
0,85000	80,7
0,86667	80,7
0,88333	80,6
0,90000	80,6
0,91667	80,7
0,93333	80,7
0,95000	80,7
0,96667	80,6
0,98333	80,6
1,00000	80,6
1,01667	80,7
1,03333	80,7
1,05000	80,7
1,06667	80,6
1,08333	80,6
1,10000	80,6
1,11667	80,7
1,13333	80,7
1,15000	80,7
1,16667	80,6
1,18333	80,6
1,20000	80,6
1,21667	80,7
1,23333	80,7
1,25000	80,6
1,26667	80,6
1,28333	80,7
1,30000	80,7
1,31667	80,6
1,33333	80,7
1,35000	80,6
1,36667	80,6
1,38333	80,6
1,40000	80,6
1,41667	80,7
1,43333	80,6
1,45000	80,6
1,46667	80,6
1,48333	80,6
1,50000	80,6
1,51667	80,6
1,53333	80,6
1,55000	80,6
1,56667	80,6
1,58333	80,6
1,60000	80,6
1,61667	80,5
1,63333	80,5
1,65000	80,6
1,66667	80,6
1,68333	80,5
1,70000	80,5
1,71667	80,6
1,73333	80,6
1,75000	80,6
1,76667	80,5
1,78333	80,5
1,80000	80,5
1,81667	80,5
1,83333	80,6
1,85000	80,5
1,86667	80,4
1,88333	80,5
1,90000	80,5
1,91667	80,6
1,93333	80,4
1,95000	80,5
1,96667	80,5
1,98333	80,5
2,00000	80,5
2,01667	80,4
2,03333	80,5
2,05000	80,5
2,06667	80,5
2,08333	80,4
2,10000	80,4
2,11667	80,4
2,13333	80,5
2,15000	80,5
2,16667	80,4
2,18333	80,5
2,20000	80,5
2,21667	80,5
2,23333	80,4
2,25000	80,4
2,26667	80,5
2,28333	80,5
2,30000	80,5
2,31667	80,4
2,33333	80,5
2,35000	80,5
2,36667	80,5
2,38333	80,4
2,40000	80,4
2,41667	80,5
2,43333	80,4
2,45000	80,4
2,46667	80,4
2,48333	80,4
2,50000	80,4
2,51667	80,5
2,53333	80,4
2,55000	80,5
2,56667	80,5
2,58333	80,5
2,60000	80,5
2,61667	80,5
2,63333	80,6
2,65000	80,5
2,66667	80,4
2,68333	80,5
2,70000	80,5
2,71667	80,5
2,73333	80,4
2,75000	80,5
2,76667	80,5
2,78333	80,5
2,80000	80,5
2,81667	80,5
2,83333	80,5
2,85000	80,5
2,86667	80,5
2,88333	80,5
2,90000	80,5
2,91667	80,5
2,93333	80,5
2,95000	80,5
2,96667	80,6
2,98333	80,5
3,00000	80,5
3,01667	80,5
3,03333	80,5
3,05000	80,5
3,06667	80,5
3,08333	80,6
3,10000	80,6
3,11667	80,6
3,13333	80,5
3,15000	80,6
3,16667	80,6
3,18333	80,6
3,20000	80,6
3,21667	80,6
3,23333	80,6
3,25000	80,6
3,26667	80,6
3,28333	80,6
3,30000	80,6
3,31667	80,6
3,33333	80,6
3,35000	80,7
3,36667	80,7
3,38333	80,6
3,40000	80,6
3,41667	80,7
3,43333	80,7
3,45000	80,6
3,46667	80,6
3,48333	80,7
3,50000	80,7
3,51667	80,7
3,53333	80,7
3,55000	80,7
3,56667	80,7
3,58333	80,7
3,60000	80,7
3,61667	80,7
3,63333	80,7
3,65000	80,8
3,66667	80,8
3,68333	80,7
3,70000	80,7
3,71667	80,7
3,73333	80,7
3,75000	80,7
3,76667	80,8
3,78333	80,8
3,80000	80,8
3,81667	80,8
3,83333	80,8
3,85000	80,8
3,86667	80,8
3,88333	80,8
3,90000	80,8
3,91667	80,8
3,93333	80,8
3,95000	80,8
3,96667	80,8
3,98333	80,8
4,00000	80,8
4,01667	80,9
4,03333	80,8
4,05000	80,9
4,06667	80,9
4,08333	80,8
4,10000	80,8
4,11667	81,0
4,13333	80,9
4,15000	80,9
4,16667	80,9
4,18333	80,9
4,20000	80,9
4,21667	80,9
4,23333	81,0
4,25000	80,9
4,26667	81,0
4,28333	81,1
4,30000	81,1
4,31667	81,4
4,33333	81,6
4,35000	81,6
4,36667	81,7
4,38333	81,7
4,40000	81,7
4,41667	81,7
4,43333	81,7
4,45000	81,7
4,46667	81,7
4,48333	81,6
4,50000	81,6
4,51667	81,6
4,53333	81,7
4,55000	81,6
4,56667	81,6
4,58333	81,5
4,60000	81,5
4,61667	81,4
4,63333	81,4
4,65000	81,4
4,66667	81,3
4,68333	81,3
4,70000	81,3
4,71667	81,2
4,73333	81,1
4,75000	81,2
4,76667	81,1
4,78333	81,0
4,80000	81,0
4,81667	81,0
4,83333	80,9
4,85000	80,9
4,86667	80,9
4,88333	80,8
4,90000	80,8
4,91667	80,8
4,93333	80,7
4,95000	80,7
4,96667	80,7
4,98333	80,7
5,00000	80,7
5,01667	80,7
5,03333	80,7
5,05000	80,7
5,06667	80,8
5,08333	80,8
5,10000	80,8
5,11667	80,9
5,13333	81,0
5,15000	81,0
5,16667	81,0
5,18333	81,0
5,20000	81,0
5,21667	81,1
5,23333	81,1
5,25000	81,1
5,26667	81,0
5,28333	81,1
5,30000	81,1
5,31667	81,1
5,33333	81,1
5,35000	81,2
5,36667	81,1
5,38333	81,2
5,40000	81,2
5,41667	81,2
5,43333	81,2
5,45000	81,2
5,46667	81,2
5,48333	81,2
5,50000	81,2
5,51667	81,2
5,53333	81,2
5,55000	81,2
5,56667	81,2
5,58333	81,3
5,60000	81,3
5,61667	81,3
5,63333	81,3
5,65000	81,2
5,66667	81,3
5,68333	81,3
5,70000	81,3
5,71667	81,4
5,73333	81,3
5,75000	81,3
5,76667	81,4
5,78333	81,4
5,80000	81,4
5,81667	81,4
5,83333	81,4
5,85000	81,4
5,86667	81,4
5,88333	81,5
5,90000	81,5
5,91667	81,4
5,93333	81,4
5,95000	81,4
5,96667	81,4
5,98333	81,5
6,00000	81,5
6,01667	81,4
6,03333	81,4
6,05000	81,4
6,06667	81,5
6,08333	81,4
6,10000	81,4
6,11667	81,4
6,13333	81,5
6,15000	81,4
6,16667	81,4
6,18333	81,4
6,20000	81,4
6,21667	81,4
6,23333	81,4
6,25000	81,5
6,26667	81,4
6,28333	81,5
6,30000	81,5
6,31667	81,5
6,33333	81,5
6,35000	81,5
6,36667	81,6
6,38333	81,5
6,40000	81,5
6,41667	81,5
6,43333	81,5
6,45000	81,5
6,46667	81,6
6,48333	81,5
6,50000	81,5
6,51667	81,6
6,53333	81,6
6,55000	81,6
6,56667	81,5
6,58333	81,6
6,60000	81,6
6,61667	81,6
6,63333	81,6
6,65000	81,6
6,66667	81,6
6,68333	81,6
6,70000	81,6
6,71667	81,6
6,73333	81,6
6,75000	81,6
6,76667	81,6
6,78333	81,6
6,80000	81,6
6,81667	81,6
6,83333	81,7
6,85000	81,6
6,86667	81,6
6,88333	81,6
6,90000	81,6
6,91667	81,7
6,93333	81,6
6,95000	81,7
6,96667	81,7
6,98333	81,7
7,00000	81,7
7,01667	81,7
7,03333	81,7
7,05000	81,6
7,06667	81,7
7,08333	81,8
7,10000	81,8
7,11667	81,7
7,13333	81,7
7,15000	81,8
7,16667	81,7
7,18333	81,7
7,20000	81,7
7,21667	81,8
7,23333	81,8
7,25000	81,7
7,26667	81,8
7,28333	81,7
7,30000	81,7
7,31667	81,8
7,33333	81,7
7,35000	81,8
7,36667	81,7
7,38333	81,8
7,40000	81,8
7,41667	81,8
7,43333	81,8
7,45000	81,8
7,46667	81,8
7,48333	81,7
7,50000	81,7
7,51667	81,8
7,53333	81,8
7,55000	81,8
7,56667	81,7
7,58333	81,8
7,60000	81,8
7,61667	81,8
7,63333	81,7
7,65000	81,8
7,66667	81,8
7,68333	81,8
7,70000	81,8
7,71667	81,8
7,73333	81,9
7,75000	81,8
7,76667	81,9
7,78333	81,8
7,80000	81,8
7,81667	81,8
7,83333	81,8
7,85000	81,8
7,86667	81,8
7,88333	81,8
7,90000	81,8
7,91667	81,8
7,93333	81,8
7,95000	81,9
7,96667	81,8
7,98333	81,9
8,00000	81,9
8,01667	81,9
8,03333	81,8
8,05000	81,8
8,06667	81,9
8,08333	81,8
8,10000	81,8
8,11667	81,9
8,13333	81,9
8,15000	81,8
8,16667	81,8
8,18333	81,9
8,20000	81,9
8,21667	81,8
8,23333	81,8
8,25000	81,8
8,26667	81,9
8,28333	81,9
8,30000	81,9
8,31667	81,9
8,33333	81,9
8,35000	81,8
8,36667	81,8
8,38333	81,8
8,40000	81,8
8,41667	81,9
8,43333	81,8
8,45000	81,9
8,46667	81,8
8,48333	81,8
8,50000	81,8
8,51667	81,9
8,53333	81,9
8,55000	81,9
8,56667	81,9
8,58333	81,8
8,60000	81,8
8,61667	81,8
8,63333	81,9
8,65000	81,8
8,66667	81,8
8,68333	81,8
8,70000	81,8
8,71667	81,8
8,73333	81,8
8,75000	81,9
8,76667	81,8
8,78333	81,8
8,80000	81,8
8,81667	81,8
8,83333	81,8
8,85000	81,8
8,86667	81,8
8,88333	81,8
8,90000	81,8
8,91667	81,8
8,93333	81,8
8,95000	81,8
8,96667	81,8
8,98333	81,8
9,00000	81,8
9,01667	81,8
9,03333	81,8
9,05000	81,8
9,06667	81,8
9,08333	81,8
9,10000	81,8
9,11667	81,9
9,13333	81,9
9,15000	81,8
9,16667	81,9
9,18333	81,8
9,20000	81,8
9,21667	81,8
9,23333	81,8
9,25000	81,9
9,26667	81,8
9,28333	81,8
9,30000	81,8
9,31667	81,8
9,33333	81,8
9,35000	81,8
9,36667	81,8
9,38333	81,8
9,40000	81,8
9,41667	81,8
9,43333	81,9
9,45000	81,8
9,46667	81,8
9,48333	81,8
9,50000	81,8
9,51667	81,8
9,53333	81,7
9,55000	81,8
9,56667	81,7
9,58333	81,7
9,60000	81,7
9,61667	81,8
9,63333	81,7
9,65000	81,7
9,66667	81,7
9,68333	81,8
9,70000	81,8
9,71667	81,7
9,73333	81,7
9,75000	81,7
9,76667	81,7
9,78333	81,7
9,80000	81,7
9,81667	81,8
9,83333	81,7
9,85000	81,7
9,86667	81,7
9,88333	81,7
9,90000	81,7
9,91667	81,7
9,93333	81,7
9,95000	81,7
9,96667	81,7
9,98333	81,7
10,00000	81,7
10,01667	81,7
10,03333	81,7
10,05000	81,7
10,06667	81,7
10,08333	81,6
10,10000	81,6
10,11667	81,6
10,13333	81,7
10,15000	81,6
10,16667	81,7
10,18333	81,6
10,20000	81,6
10,21667	81,6
10,23333	81,7
10,25000	81,6
10,26667	81,7
10,28333	81,6
10,30000	81,6
10,31667	81,6
10,33333	81,6
10,35000	81,6
10,36667	81,6
10,38333	81,6
10,40000	81,6
10,41667	81,6
10,43333	81,7
10,45000	81,6
10,46667	81,6
10,48333	81,6
10,50000	81,6
10,51667	81,6
10,53333	81,6
10,55000	81,7
10,56667	81,6
10,58333	81,6
10,60000	81,6
10,61667	81,6
10,63333	81,6
10,65000	81,6
10,66667	81,6
10,68333	81,6
10,70000	81,6
10,71667	81,6
10,73333	81,6
10,75000	81,6
10,76667	81,5
10,78333	81,6
10,80000	81,6
10,81667	81,6
10,83333	81,6
10,85000	81,6
10,86667	81,5
10,88333	81,6
10,90000	81,6
10,91667	81,5
10,93333	81,5
10,95000	81,5
10,96667	81,5
10,98333	81,5
11,00000	81,5
11,01667	81,5
11,03333	81,5
11,05000	81,5
11,06667	81,5
11,08333	81,5
11,10000	81,5
11,11667	81,5
11,13333	81,5
11,15000	81,5
11,16667	81,5
11,18333	81,5
11,20000	81,5
11,21667	81,5
11,23333	81,5
11,25000	81,5
11,26667	81,5
11,28333	81,5
11,30000	81,5
11,31667	81,5
11,33333	81,5
11,35000	81,4
11,36667	81,4
11,38333	81,4
11,40000	81,4
11,41667	81,4
11,43333	81,4
11,45000	81,5
11,46667	81,4
11,48333	81,4
11,50000	81,4
11,51667	81,4
11,53333	81,4
11,55000	81,4
11,56667	81,4
11,58333	81,4
11,60000	81,4
11,61667	81,4
11,63333	81,4
11,65000	81,4
11,66667	81,4
11,68333	81,4
11,70000	81,4
11,71667	81,4
11,73333	81,3
11,75000	81,4
11,76667	81,4
11,78333	81,4
11,80000	81,4
11,81667	81,3
11,83333	81,4
11,85000	81,4
11,86667	81,3
11,88333	81,4
11,90000	81,4
11,91667	81,4
11,93333	81,3
11,95000	81,3
11,96667	81,3
11,98333	81,3
12,00000	81,3
12,01667	81,3
12,03333	81,3
12,05000	81,3
12,06667	81,3
12,08333	81,3
12,10000	81,3
12,11667	81,3
12,13333	81,3
12,15000	81,3
12,16667	81,2
12,18333	81,3
12,20000	81,3
12,21667	81,2
12,23333	81,3
12,25000	81,3
12,26667	81,3
12,28333	81,2
12,30000	81,2
12,31667	81,3
12,33333	81,2
12,35000	81,3
12,36667	81,2
12,38333	81,3
12,40000	81,3
12,41667	81,3
12,43333	81,2
12,45000	81,3
12,46667	81,2
12,48333	81,2
12,50000	81,2
12,51667	81,2
12,53333	81,2
12,55000	81,2
12,56667	81,2
12,58333	81,2
12,60000	81,2
12,61667	81,2
12,63333	81,2
12,65000	81,2
12,66667	81,2
12,68333	81,2
12,70000	81,2
12,71667	81,2
12,73333	81,2
12,75000	81,3
12,76667	81,2
12,78333	81,2
12,80000	81,2
12,81667	81,2
12,83333	81,2
12,85000	81,2
12,86667	81,1
12,88333	81,1
12,90000	81,1
12,91667	81,1
12,93333	81,1
12,95000	81,1
12,96667	81,1
12,98333	81,2
13,00000	81,2
13,01667	81,2
13,03333	81,1
13,05000	81,2
13,06667	81,1
13,08333	81,1
13,10000	81,1
13,11667	81,1
13,13333	81,2
13,15000	81,1
13,16667	81,1
13,18333	81,1
13,20000	81,1
13,21667	81,1
13,23333	81,1
13,25000	81,1
13,26667	81,1
13,28333	81,1
13,30000	81,1
13,31667	81,1
13,33333	81,1
13,35000	81,1
13,36667	81,1
13,38333	81,1
13,40000	81,1
13,41667	81,1
13,43333	81,1
13,45000	81,1
13,46667	81,1
13,48333	81,1
13,50000	81,1
13,51667	81,1
13,53333	81,0
13,55000	81,1
13,56667	81,1
13,58333	81,1
13,60000	81,1
13,61667	81,1
13,63333	81,1
13,65000	81,1
13,66667	81,0
13,68333	81,1
13,70000	81,1
13,71667	81,1
13,73333	81,0
13,75000	81,1
13,76667	81,0
13,78333	81,1
13,80000	81,1
13,81667	81,0
13,83333	81,0
13,85000	81,1
13,86667	81,1
13,88333	81,0
13,90000	81,0
13,91667	81,0
13,93333	81,0
13,95000	81,1
13,96667	81,0
13,98333	81,1
14,00000	81,1
14,01667	81,0
14,03333	81,0
14,05000	81,0
14,06667	81,0
14,08333	81,0
14,10000	81,0
14,11667	81,1
14,13333	81,0
14,15000	81,0
14,16667	81,0
14,18333	81,0
14,20000	81,0
14,21667	81,0
14,23333	81,0
14,25000	81,0
14,26667	81,0
14,28333	81,0
14,30000	81,0
14,31667	81,0
14,33333	80,9
14,35000	81,1
14,36667	81,0
14,38333	81,1
14,40000	81,1
14,41667	81,0
14,43333	81,0
14,45000	81,0
14,46667	81,0
14,48333	81,0
14,50000	81,0
14,51667	81,0
14,53333	81,0
14,55000	81,0
14,56667	81,0
14,58333	81,1
14,60000	81,1
14,61667	81,0
14,63333	81,0
14,65000	81,0
14,66667	81,0
14,68333	81,0
14,70000	81,0
14,71667	81,0
14,73333	81,0
14,75000	81,0
14,76667	80,9
14,78333	81,0
14,80000	81,0
14,81667	81,0
14,83333	80,9
14,85000	81,0
14,86667	81,0
14,88333	81,0
14,90000	81,0
14,91667	81,1
14,93333	81,0
14,95000	81,0
14,96667	80,9
14,98333	81,0
15,00000	81,0
15,01667	81,0
15,03333	80,9
15,05000	81,0
15,06667	80,9
15,08333	81,0
15,10000	81,0
15,11667	81,0
15,13333	81,0
15,15000	80,9
15,16667	80,9
15,18333	81,0
15,20000	81,0
15,21667	81,0
15,23333	80,9
15,25000	81,0
15,26667	80,9
15,28333	81,0
15,30000	81,0
15,31667	81,0
15,33333	80,9
15,35000	80,9
15,36667	81,0
15,38333	81,0
15,40000	81,0
15,41667	80,9
15,43333	80,9
15,45000	81,0
15,46667	80,9
15,48333	80,9
15,50000	80,9
15,51667	81,0
15,53333	80,9
15,55000	80,9
15,56667	80,9
15,58333	81,0
15,60000	81,0
15,61667	80,9
15,63333	80,9
15,65000	81,0
15,66667	80,9
15,68333	80,9
15,70000	80,9
15,71667	81,0
15,73333	80,9
15,75000	80,9
15,76667	80,9
15,78333	80,9
15,80000	80,9
15,81667	80,9
15,83333	80,8
15,85000	80,9
15,86667	80,9
15,88333	80,9
15,90000	80,9
15,91667	81,0
15,93333	80,9
15,95000	80,9
15,96667	80,9
15,98333	81,0
16,00000	81,0
16,01667	80,9
16,03333	81,0
16,05000	80,9
16,06667	80,9
16,08333	80,9
16,10000	80,9
16,11667	80,9
16,13333	80,9
16,15000	81,0
16,16667	80,9
16,18333	81,0
16,20000	81,0
16,21667	80,9
16,23333	80,9
16,25000	81,0
16,26667	80,9
16,28333	80,9
16,30000	80,9
16,31667	80,9
16,33333	80,9
16,35000	81,0
16,36667	80,9
16,38333	81,0
16,40000	81,0
16,41667	80,9
16,43333	80,9
16,45000	81,0
16,46667	80,9
16,48333	80,9
16,50000	80,9
16,51667	80,9
16,53333	80,9
16,55000	80,9
16,56667	80,9
16,58333	80,9
16,60000	80,9
16,61667	80,9
16,63333	81,0
16,65000	80,8
16,66667	80,9
16,68333	80,9
16,70000	80,9
16,71667	80,9
16,73333	80,9
16,75000	80,9
16,76667	80,9
16,78333	80,9
16,80000	80,9
16,81667	80,9
16,83333	80,9
16,85000	80,9
16,86667	80,9
16,88333	80,9
16,90000	80,9
16,91667	80,9
16,93333	80,8
16,95000	80,9
16,96667	80,9
16,98333	80,9
17,00000	80,9
17,01667	80,9
17,03333	80,9
17,05000	80,8
17,06667	80,9
17,08333	80,8
17,10000	80,8
17,11667	80,8
17,13333	80,9
17,15000	80,9
17,16667	80,9
17,18333	80,9
17,20000	80,9
17,21667	80,9
17,23333	80,8
17,25000	80,9
17,26667	80,8
17,28333	80,9
17,30000	80,9
17,31667	80,9
17,33333	80,9
17,35000	80,8
17,36667	80,9
17,38333	80,8
17,40000	80,8
17,41667	80,8
17,43333	80,8
17,45000	80,8
17,46667	80,8
17,48333	80,8
17,50000	80,8
17,51667	80,8
17,53333	80,8
17,55000	80,8
17,56667	80,8
17,58333	80,8
17,60000	80,8
17,61667	80,8
17,63333	80,8
17,65000	80,8
17,66667	80,8
17,68333	80,7
17,70000	80,7
17,71667	80,7
17,73333	80,7
17,75000	80,7
17,76667	80,7
17,78333	80,8
17,80000	80,8
17,81667	80,7
17,83333	80,8
17,85000	80,7
17,86667	80,7
17,88333	80,7
17,90000	80,7
17,91667	80,7
17,93333	80,7
17,95000	80,7
17,96667	80,7
17,98333	80,7
18,00000	80,7
18,01667	80,8
18,03333	80,6
18,05000	80,6
18,06667	80,7
18,08333	80,6
18,10000	80,6
18,11667	80,6
18,13333	80,6
18,15000	80,6
18,16667	80,5
18,18333	80,6
18,20000	80,6
18,21667	80,6
18,23333	80,6
18,25000	80,5
18,26667	80,6
18,28333	80,6
18,30000	80,6
18,31667	80,6
18,33333	80,5
18,35000	80,6
18,36667	80,5
18,38333	80,5
18,40000	80,5
18,41667	80,5
18,43333	80,5
18,45000	80,5
18,46667	80,5
18,48333	80,5
18,50000	80,5
18,51667	80,5
18,53333	80,5
18,55000	80,5
18,56667	80,5
18,58333	80,5
18,60000	80,5
18,61667	80,4
18,63333	80,4
18,65000	80,4
18,66667	80,4
18,68333	80,5
18,70000	80,5
18,71667	80,4
18,73333	80,4
18,75000	80,4
18,76667	80,4
18,78333	80,4
18,80000	80,4
18,81667	80,4
18,83333	80,3
18,85000	80,3
18,86667	80,4
18,88333	80,3
18,90000	80,3
18,91667	80,3
18,93333	80,3
18,95000	80,4
18,96667	80,3
18,98333	80,3
19,00000	80,3
19,01667	80,3
19,03333	80,3
19,05000	80,3
19,06667	80,3
19,08333	80,3
19,10000	80,3
19,11667	80,2
19,13333	80,3
19,15000	80,3
19,16667	80,2
19,18333	80,3
19,20000	80,3
19,21667	80,3
19,23333	80,2
19,25000	80,2
19,26667	80,2
19,28333	80,2
19,30000	80,2
19,31667	80,3
19,33333	80,2
19,35000	80,1
19,36667	80,2
19,38333	80,2
19,40000	80,2
19,41667	80,2
19,43333	80,1
19,45000	80,1
19,46667	80,1
19,48333	80,1
19,50000	80,1
19,51667	80,1
19,53333	80,1
19,55000	80,1
19,56667	80,1
19,58333	80,0
19,60000	80,0
19,61667	80,1
19,63333	80,0
19,65000	80,1
19,66667	80,1
19,68333	80,0
19,70000	80,0
19,71667	80,1
19,73333	79,9
19,75000	80,0
19,76667	80,0
19,78333	79,9
19,80000	79,9
19,81667	79,9
19,83333	79,9
19,85000	79,9
19,86667	79,9
19,88333	79,8
19,90000	79,8
19,91667	79,9
19,93333	79,9
19,95000	79,9
19,96667	79,9
19,98333	79,8
20,00000	79,8
20,01667	79,8
20,03333	79,8
20,05000	79,8
20,06667	79,8
20,08333	79,7
20,10000	79,7
20,11667	79,8
20,13333	79,8
20,15000	79,7
20,16667	79,8
20,18333	79,7
20,20000	79,7
20,21667	79,7
20,23333	79,7
20,25000	79,7
20,26667	79,7
20,28333	79,6
20,30000	79,6
20,31667	79,5
20,33333	79,6
20,35000	79,6
20,36667	79,6
20,38333	79,6
20,40000	79,6
20,41667	79,6
20,43333	79,6
20,45000	79,6
20,46667	79,5
20,48333	79,6
20,50000	79,6
20,51667	79,5
20,53333	79,5
20,55000	79,5
20,56667	79,5
20,58333	79,4
20,60000	79,4
20,61667	79,4
20,63333	79,4
20,65000	79,4
20,66667	79,4
20,68333	79,4
20,70000	79,4
20,71667	79,3
20,73333	79,4
20,75000	79,3
20,76667	79,3
20,78333	79,3
20,80000	79,3
20,81667	79,2
20,83333	79,2
20,85000	79,2
20,86667	79,2
20,88333	79,1
20,90000	79,1
20,91667	79,0
20,93333	79,0
20,95000	79,0
20,96667	79,0
20,98333	79,0
21,00000	79,0
21,01667	78,9
21,03333	78,9
21,05000	78,8
21,06667	78,8
21,08333	78,8
21,10000	78,8
21,11667	78,7
21,13333	78,7
21,15000	78,7
21,16667	78,5
21,18333	78,5
21,20000	78,5
21,21667	78,5
21,23333	78,4
21,25000	78,3
21,26667	78,3
21,28333	78,3
21,30000	78,3
21,31667	78,2
21,33333	78,1
21,35000	78,1
21,36667	78,0
21,38333	78,0
21,40000	78,0
21,41667	77,9
21,43333	77,8
21,45000	77,7
21,46667	77,7
21,48333	77,7
21,50000	77,7
21,51667	77,5
21,53333	77,5
21,55000	77,4
21,56667	77,3
21,58333	77,4
21,60000	77,4
21,61667	77,3
21,63333	77,2
21,65000	77,1
21,66667	77,1
21,68333	77,1
21,70000	77,1
21,71667	76,9
21,73333	76,9
21,75000	76,8
21,76667	76,8
21,78333	76,7
21,80000	76,7
21,81667	76,6
21,83333	76,5
21,85000	76,4
21,86667	76,4
21,88333	76,3
21,90000	76,3
21,91667	76,2
21,93333	76,2
21,95000	76,1
21,96667	76,0
21,98333	75,9
22,00000	75,9
22,01667	75,8
22,03333	75,7
22,05000	75,7
22,06667	75,6
22,08333	75,6
22,10000	75,6
22,11667	75,4
22,13333	75,3
22,15000	75,2
22,16667	75,2
22,18333	75,1
22,20000	75,1
22,21667	74,9
22,23333	74,9
22,25000	74,8
22,26667	74,8
22,28333	74,7
22,30000	74,7
22,31667	74,5
22,33333	74,4
22,35000	74,4
22,36667	74,3
22,38333	74,2
22,40000	74,2
22,41667	74,1
22,43333	74,0
22,45000	73,9
22,46667	73,9
22,48333	73,8
22,50000	73,8
22,51667	73,6
22,53333	73,5
22,55000	73,4
22,56667	73,3
22,58333	73,2
22,60000	73,2
22,61667	73,1
22,63333	73,0
22,65000	72,9
22,66667	72,8
22,68333	72,7
22,70000	72,7
22,71667	72,6
22,73333	72,5
22,75000	72,4
22,76667	72,3
22,78333	72,2
22,80000	72,2
22,81667	72,0
22,83333	72,0
22,85000	71,9
22,86667	71,8
22,88333	71,7
22,90000	71,7
22,91667	71,5
22,93333	71,4
22,95000	71,3
22,96667	71,2
22,98333	71,1
23,00000	71,1
23,01667	70,9
23,03333	70,8
23,05000	70,8
23,06667	70,6
23,08333	70,5
23,10000	70,5
23,11667	70,3
23,13333	70,2
23,15000	70,2
23,16667	70,0
23,18333	69,9
23,20000	69,9
23,21667	69,6
23,23333	69,5
23,25000	69,4
23,26667	69,3
23,28333	69,2
23,30000	69,2
23,31667	68,9
23,33333	68,8
23,35000	68,7
23,36667	68,5
23,38333	68,4
23,40000	68,4
23,41667	68,1
23,43333	68,0
23,45000	67,9
23,46667	67,7
23,48333	67,6
23,50000	67,6
23,51667	67,4
23,53333	67,3
23,55000	67,2
23,56667	67,0
23,58333	66,9
23,60000	66,9
23,61667	66,7
23,63333	66,6
23,65000	66,5
23,66667	66,4
23,68333	66,3
23,70000	66,3
23,71667	66,1
23,73333	66,0
23,75000	65,9
23,76667	65,8
23,78333	65,6
23,80000	65,6
23,81667	65,4
23,83333	65,3
23,85000	65,3
23,86667	65,1
23,88333	65,0
23,90000	65,0
23,91667	64,8
23,93333	64,7
23,95000	64,6
23,96667	64,5
23,98333	64,4
24,00000	64,4
24,01667	64,2
24,03333	64,1
24,05000	64,0
24,06667	63,9
24,08333	63,8
24,10000	63,8
24,11667	63,7
24,13333	63,5
24,15000	63,4
24,16667	63,4
24,18333	63,3
24,20000	63,3
24,21667	63,1
24,23333	63,0
24,25000	63,0
24,26667	62,8
24,28333	62,7
24,30000	62,7
24,31667	62,5
24,33333	62,4
24,35000	62,3
24,36667	62,2
24,38333	62,1
24,40000	62,1
24,41667	62,0
24,43333	61,9
24,45000	61,8
24,46667	61,7
24,48333	61,6
24,50000	61,6
24,51667	61,4
24,53333	61,3
24,55000	61,2
24,56667	61,1
24,58333	60,9
24,60000	60,9
24,61667	60,8
24,63333	60,6
24,65000	60,6
24,66667	60,4
24,68333	60,3
24,70000	60,3
24,71667	60,1
24,73333	60,0
24,75000	59,9
24,76667	59,8
24,78333	59,7
24,80000	59,7
24,81667	59,5
24,83333	59,4
24,85000	59,3
24,86667	59,2
24,88333	59,1
24,90000	59,1
24,91667	58,9
24,93333	58,8
24,95000	58,7
24,96667	58,6
24,98333	58,5
25,00000	58,5
25,01667	58,3
25,03333	58,2
25,05000	58,1
25,06667	58,0
25,08333	57,9
25,10000	57,9
25,11667	57,7
25,13333	57,6
25,15000	57,5
25,16667	57,4
25,18333	57,3
25,20000	57,3
25,21667	57,1
25,23333	57,0
25,25000	56,9
25,26667	56,8
25,28333	56,7
25,30000	56,7
25,31667	56,5
25,33333	56,4
25,35000	56,3
25,36667	56,2
25,38333	56,1
25,40000	56,1
25,41667	55,9
25,43333	55,8
25,45000	55,8
25,46667	55,7
25,48333	55,6
25,50000	55,6
25,51667	55,4
25,53333	55,3
25,55000	55,2
25,56667	55,1
25,58333	55,0
25,60000	55,0
25,61667	54,8
25,63333	54,7
25,65000	54,7
25,66667	54,6
25,68333	54,5
25,70000	54,5
25,71667	54,4
25,73333	54,3
25,75000	54,2
25,76667	54,1
25,78333	54,0
25,80000	54,0
25,81667	53,9
25,83333	53,9
25,85000	53,8
25,86667	53,7
25,88333	53,7
25,90000	53,7
25,91667	53,6
25,93333	53,5
25,95000	53,4
25,96667	53,4
25,98333	53,4
26,00000	53,4
26,01667	53,4
26,03333	53,3
26,05000	53,3
26,06667	53,3
26,08333	53,3
26,10000	53,3
26,11667	53,2
26,13333	53,2
26,15000	53,2
26,16667	53,2
26,18333	53,2
26,20000	53,2
26,21667	53,2
26,23333	53,1
26,25000	53,1
26,26667	53,2
26,28333	53,2
26,30000	53,2
26,31667	53,2
26,33333	53,2
26,35000	53,2
26,36667	53,3
26,38333	53,3
26,40000	53,3
26,41667	53,4
26,43333	53,4
26,45000	53,4
26,46667	53,5
26,48333	53,5
26,50000	53,5
26,51667	53,6
26,53333	53,6
26,55000	53,7
26,56667	53,7
26,58333	53,8
26,60000	53,8
26,61667	53,9
26,63333	54,0
26,65000	54,0
26,66667	54,1
26,68333	54,1
26,70000	54,1
26,71667	54,2
26,73333	54,3
26,75000	54,3
26,76667	54,4
26,78333	54,5
26,80000	54,5
26,81667	54,6
26,83333	54,6
26,85000	54,7
26,86667	54,7
26,88333	54,8
26,90000	54,8
26,91667	54,9
26,93333	55,0
26,95000	55,0
26,96667	55,1
26,98333	55,1
27,00000	55,1
27,01667	55,3
27,03333	55,4
27,05000	55,4
27,06667	55,5
27,08333	55,7
27,10000	55,7
27,11667	55,8
27,13333	55,9
27,15000	56,0
27,16667	56,0
27,18333	56,2
27,20000	56,2
27,21667	56,3
27,23333	56,4
27,25000	56,5
27,26667	56,6
27,28333	56,7
27,30000	56,7
27,31667	56,8
27,33333	57,0
27,35000	57,0
27,36667	57,1
27,38333	57,3
27,40000	57,3
27,41667	57,4
27,43333	57,6
27,45000	57,6
27,46667	57,8
27,48333	57,9
27,50000	57,9
27,51667	58,0
27,53333	58,1
27,55000	58,3
27,56667	58,4
27,58333	58,5
27,60000	58,5
27,61667	58,7
27,63333	58,8
27,65000	58,9
27,66667	59,1
27,68333	59,1
27,70000	59,1
27,71667	59,4
27,73333	59,5
27,75000	59,6
27,76667	59,8
27,78333	59,9
27,80000	59,9
27,81667	60,2
27,83333	60,3
27,85000	60,3
27,86667	60,5
27,88333	60,7
27,90000	60,7
27,91667	60,8
27,93333	61,1
27,95000	61,1
27,96667	61,2
27,98333	61,3
28,00000	61,3
28,01667	61,6
28,03333	61,7
28,05000	61,8
28,06667	61,9
28,08333	62,1
28,10000	62,1
28,11667	62,3
28,13333	62,4
28,15000	62,4
28,16667	62,6
28,18333	62,7
28,20000	62,7
28,21667	63,0
28,23333	63,0
28,25000	63,2
28,26667	63,3
28,28333	63,4
28,30000	63,4
28,31667	63,6
28,33333	63,7
28,35000	63,8
28,36667	63,9
28,38333	64,1
28,40000	64,1
28,41667	64,2
28,43333	64,4
28,45000	64,4
28,46667	64,5
28,48333	64,7
28,50000	64,7
28,51667	64,9
28,53333	64,9
28,55000	65,0
28,56667	65,2
28,58333	65,3
28,60000	65,3
28,61667	65,5
28,63333	65,6
28,65000	65,7
28,66667	65,8
28,68333	65,9
28,70000	65,9
28,71667	66,1
28,73333	66,2
28,75000	66,3
28,76667	66,4
28,78333	66,6
28,80000	66,6
28,81667	66,8
28,83333	66,8
28,85000	66,9
28,86667	67,0
28,88333	67,1
28,90000	67,1
28,91667	67,3
28,93333	67,4
28,95000	67,5
28,96667	67,6
28,98333	67,7
29,00000	67,7
29,01667	67,9
29,03333	68,1
29,05000	68,1
29,06667	68,3
29,08333	68,3
29,10000	68,3
29,11667	68,4
29,13333	68,5
29,15000	68,7
29,16667	68,8
29,18333	69,0
29,20000	69,0
29,21667	69,0
29,23333	69,1
29,25000	69,1
29,26667	69,3
29,28333	69,4
29,30000	69,4
29,31667	69,6
29,33333	69,6
29,35000	69,7
29,36667	69,7
29,38333	69,8
29,40000	69,8
29,41667	70,0
29,43333	70,1
29,45000	70,2
29,46667	70,2
29,48333	70,3
29,50000	70,3
29,51667	70,5
29,53333	70,6
29,55000	70,7
29,56667	70,8
29,58333	70,9
29,60000	70,9
29,61667	71,1
29,63333	71,2
29,65000	71,3
29,66667	71,5
29,68333	71,5
29,70000	71,5
29,71667	71,8
29,73333	71,9
29,75000	71,9
29,76667	72,2
29,78333	72,3
29,80000	72,3
29,81667	72,6
29,83333	72,6
29,85000	72,7
29,86667	72,8
29,88333	72,9
29,90000	72,9
29,91667	73,2
29,93333	73,3
29,95000	73,4
29,96667	73,5
29,98333	73,6
30,00000	73,6
30,01667	73,8
30,03333	74,0
30,05000	74,0
30,06667	74,2
30,08333	74,2
30,10000	74,2
30,11667	74,3
30,13333	74,5
30,15000	74,6
30,16667	74,7
30,18333	74,8
30,20000	74,8
30,21667	75,0
30,23333	75,0
30,25000	75,1
30,26667	75,2
30,28333	75,3
30,30000	75,3
30,31667	75,4
30,33333	75,6
30,35000	75,5
30,36667	75,7
30,38333	75,7
30,40000	75,7
30,41667	75,9
30,43333	75,9
30,45000	76,0
30,46667	76,0
30,48333	76,1
30,50000	76,1
30,51667	76,2
30,53333	76,4
30,55000	76,4
30,56667	76,5
30,58333	76,6
30,60000	76,6
30,61667	76,7
30,63333	76,7
30,65000	76,8
30,66667	76,8
30,68333	76,9
30,70000	76,9
30,71667	77,0
30,73333	77,0
30,75000	77,1
30,76667	77,2
30,78333	77,2
30,80000	77,2
30,81667	77,3
30,83333	77,4
30,85000	77,4
30,86667	77,4
30,88333	77,6
30,90000	77,6
30,91667	77,7
30,93333	77,7
30,95000	77,7
30,96667	77,7
30,98333	77,7
31,00000	77,7
31,01667	77,9
31,03333	78,0
31,05000	78,0
31,06667	78,0
31,08333	78,1
31,10000	78,1
31,11667	78,1
31,13333	78,2
31,15000	78,2
31,16667	78,3
31,18333	78,3
31,20000	78,3
31,21667	78,4
31,23333	78,5
31,25000	78,5
31,26667	78,5
31,28333	78,5
31,30000	78,5
31,31667	78,6
31,33333	78,6
31,35000	78,6
31,36667	78,7
31,38333	78,8
31,40000	78,8
31,41667	78,8
31,43333	78,9
31,45000	78,9
31,46667	79,0
31,48333	78,9
31,50000	78,9
31,51667	79,1
31,53333	79,1
31,55000	79,1
31,56667	79,1
31,58333	79,1
31,60000	79,1
31,61667	79,1
31,63333	79,2
31,65000	79,2
31,66667	79,3
31,68333	79,3
31,70000	79,3
31,71667	79,3
31,73333	79,4
31,75000	79,5
31,76667	79,4
31,78333	79,5
31,80000	79,5
31,81667	79,5
31,83333	79,5
31,85000	79,5
31,86667	79,5
31,88333	79,5
31,90000	79,5
31,91667	79,6
31,93333	79,7
31,95000	79,6
31,96667	79,6
31,98333	79,7
32,00000	79,7

[LC Status Trace(Pump B Degasser Pressure)]
Interval(msec)	1000
# of Points	1921
Start Time(min)	0,000
End Time(min)	32,000
Intensity Units	bar
Intensity Multiplier	0,980665
R.Time (min)	Intensity
0,00000	0,00
0,01667	0,00
0,03333	0,00
0,05000	0,00
0,06667	0,00
0,08333	0,00
0,10000	0,00
0,11667	0,00
0,13333	0,00
0,15000	0,00
0,16667	0,00
0,18333	0,00
0,20000	0,00
0,21667	0,00
0,23333	0,00
0,25000	0,00
0,26667	0,00
0,28333	0,00
0,30000	0,00
0,31667	0,00
0,33333	0,00
0,35000	0,00
0,36667	0,00
0,38333	0,00
0,40000	0,00
0,41667	0,00
0,43333	0,00
0,45000	0,00
0,46667	0,00
0,48333	0,00
0,50000	0,00
0,51667	0,00
0,53333	0,00
0,55000	0,00
0,56667	0,00
0,58333	0,00
0,60000	0,00
0,61667	0,00
0,63333	0,00
0,65000	0,00
0,66667	0,00
0,68333	0,00
0,70000	0,00
0,71667	0,00
0,73333	0,00
0,75000	0,00
0,76667	0,00
0,78333	0,00
0,80000	0,00
0,81667	0,00
0,83333	0,00
0,85000	0,00
0,86667	0,00
0,88333	0,00
0,90000	0,00
0,91667	0,00
0,93333	0,00
0,95000	0,00
0,96667	0,00
0,98333	0,00
1,00000	0,00
1,01667	0,00
1,03333	0,00
1,05000	0,00
1,06667	0,00
1,08333	0,00
1,10000	0,00
1,11667	0,00
1,13333	0,00
1,15000	0,00
1,16667	0,00
1,18333	0,00
1,20000	0,00
1,21667	0,00
1,23333	0,00
1,25000	0,00
1,26667	0,00
1,28333	0,00
1,30000	0,00
1,31667	0,00
1,33333	0,00
1,35000	0,00
1,36667	0,00
1,38333	0,00
1,40000	0,00
1,41667	0,00
1,43333	0,00
1,45000	0,00
1,46667	0,00
1,48333	0,00
1,50000	0,00
1,51667	0,00
1,53333	0,00
1,55000	0,00
1,56667	0,00
1,58333	0,00
1,60000	0,00
1,61667	0,00
1,63333	0,00
1,65000	0,00
1,66667	0,00
1,68333	0,00
1,70000	0,00
1,71667	0,00
1,73333	0,00
1,75000	0,00
1,76667	0,00
1,78333	0,00
1,80000	0,00
1,81667	0,00
1,83333	0,00
1,85000	0,00
1,86667	0,00
1,88333	0,00
1,90000	0,00
1,91667	0,00
1,93333	0,00
1,95000	0,00
1,96667	0,00
1,98333	0,00
2,00000	0,00
2,01667	0,00
2,03333	0,00
2,05000	0,00
2,06667	0,00
2,08333	0,00
2,10000	0,00
2,11667	0,00
2,13333	0,00
2,15000	0,00
2,16667	0,00
2,18333	0,00
2,20000	0,00
2,21667	0,00
2,23333	0,00
2,25000	0,00
2,26667	0,00
2,28333	0,00
2,30000	0,00
2,31667	0,00
2,33333	0,00
2,35000	0,00
2,36667	0,00
2,38333	0,00
2,40000	0,00
2,41667	0,00
2,43333	0,00
2,45000	0,00
2,46667	0,00
2,48333	0,00
2,50000	0,00
2,51667	0,00
2,53333	0,00
2,55000	0,00
2,56667	0,00
2,58333	0,00
2,60000	0,00
2,61667	0,00
2,63333	0,00
2,65000	0,00
2,66667	0,00
2,68333	0,00
2,70000	0,00
2,71667	0,00
2,73333	0,00
2,75000	0,00
2,76667	0,00
2,78333	0,00
2,80000	0,00
2,81667	0,00
2,83333	0,00
2,85000	0,00
2,86667	0,00
2,88333	0,00
2,90000	0,00
2,91667	0,00
2,93333	0,00
2,95000	0,00
2,96667	0,00
2,98333	0,00
3,00000	0,00
3,01667	0,00
3,03333	0,00
3,05000	0,00
3,06667	0,00
3,08333	0,00
3,10000	0,00
3,11667	0,00
3,13333	0,00
3,15000	0,00
3,16667	0,00
3,18333	0,00
3,20000	0,00
3,21667	0,00
3,23333	0,00
3,25000	0,00
3,26667	0,00
3,28333	0,00
3,30000	0,00
3,31667	0,00
3,33333	0,00
3,35000	0,00
3,36667	0,00
3,38333	0,00
3,40000	0,00
3,41667	0,00
3,43333	0,00
3,45000	0,00
3,46667	0,00
3,48333	0,00
3,50000	0,00
3,51667	0,00
3,53333	0,00
3,55000	0,00
3,56667	0,00
3,58333	0,00
3,60000	0,00
3,61667	0,00
3,63333	0,00
3,65000	0,00
3,66667	0,00
3,68333	0,00
3,70000	0,00
3,71667	0,00
3,73333	0,00
3,75000	0,00
3,76667	0,00
3,78333	0,00
3,80000	0,00
3,81667	0,00
3,83333	0,00
3,85000	0,00
3,86667	0,00
3,88333	0,00
3,90000	0,00
3,91667	0,00
3,93333	0,00
3,95000	0,00
3,96667	0,00
3,98333	0,00
4,00000	0,00
4,01667	0,00
4,03333	0,00
4,05000	0,00
4,06667	0,00
4,08333	0,00
4,10000	0,00
4,11667	0,00
4,13333	0,00
4,15000	0,00
4,16667	0,00
4,18333	0,00
4,20000	0,00
4,21667	0,00
4,23333	0,00
4,25000	0,00
4,26667	0,00
4,28333	0,00
4,30000	0,00
4,31667	0,00
4,33333	0,00
4,35000	0,00
4,36667	0,00
4,38333	0,00
4,40000	0,00
4,41667	0,00
4,43333	0,00
4,45000	0,00
4,46667	0,00
4,48333	0,00
4,50000	0,00
4,51667	0,00
4,53333	0,00
4,55000	0,00
4,56667	0,00
4,58333	0,00
4,60000	0,00
4,61667	0,00
4,63333	0,00
4,65000	0,00
4,66667	0,00
4,68333	0,00
4,70000	0,00
4,71667	0,00
4,73333	0,00
4,75000	0,00
4,76667	0,00
4,78333	0,00
4,80000	0,00
4,81667	0,00
4,83333	0,00
4,85000	0,00
4,86667	0,00
4,88333	0,00
4,90000	0,00
4,91667	0,00
4,93333	0,00
4,95000	0,00
4,96667	0,00
4,98333	0,00
5,00000	0,00
5,01667	0,00
5,03333	0,00
5,05000	0,00
5,06667	0,00
5,08333	0,00
5,10000	0,00
5,11667	0,00
5,13333	0,00
5,15000	0,00
5,16667	0,00
5,18333	0,00
5,20000	0,00
5,21667	0,00
5,23333	0,00
5,25000	0,00
5,26667	0,00
5,28333	0,00
5,30000	0,00
5,31667	0,00
5,33333	0,00
5,35000	0,00
5,36667	0,00
5,38333	0,00
5,40000	0,00
5,41667	0,00
5,43333	0,00
5,45000	0,00
5,46667	0,00
5,48333	0,00
5,50000	0,00
5,51667	0,00
5,53333	0,00
5,55000	0,00
5,56667	0,00
5,58333	0,00
5,60000	0,00
5,61667	0,00
5,63333	0,00
5,65000	0,00
5,66667	0,00
5,68333	0,00
5,70000	0,00
5,71667	0,00
5,73333	0,00
5,75000	0,00
5,76667	0,00
5,78333	0,00
5,80000	0,00
5,81667	0,00
5,83333	0,00
5,85000	0,00
5,86667	0,00
5,88333	0,00
5,90000	0,00
5,91667	0,00
5,93333	0,00
5,95000	0,00
5,96667	0,00
5,98333	0,00
6,00000	0,00
6,01667	0,00
6,03333	0,00
6,05000	0,00
6,06667	0,00
6,08333	0,00
6,10000	0,00
6,11667	0,00
6,13333	0,00
6,15000	0,00
6,16667	0,00
6,18333	0,00
6,20000	0,00
6,21667	0,00
6,23333	0,00
6,25000	0,00
6,26667	0,00
6,28333	0,00
6,30000	0,00
6,31667	0,00
6,33333	0,00
6,35000	0,00
6,36667	0,00
6,38333	0,00
6,40000	0,00
6,41667	0,00
6,43333	0,00
6,45000	0,00
6,46667	0,00
6,48333	0,00
6,50000	0,00
6,51667	0,00
6,53333	0,00
6,55000	0,00
6,56667	0,00
6,58333	0,00
6,60000	0,00
6,61667	0,00
6,63333	0,00
6,65000	0,00
6,66667	0,00
6,68333	0,00
6,70000	0,00
6,71667	0,00
6,73333	0,00
6,75000	0,00
6,76667	0,00
6,78333	0,00
6,80000	0,00
6,81667	0,00
6,83333	0,00
6,85000	0,00
6,86667	0,00
6,88333	0,00
6,90000	0,00
6,91667	0,00
6,93333	0,00
6,95000	0,00
6,96667	0,00
6,98333	0,00
7,00000	0,00
7,01667	0,00
7,03333	0,00
7,05000	0,00
7,06667	0,00
7,08333	0,00
7,10000	0,00
7,11667	0,00
7,13333	0,00
7,15000	0,00
7,16667	0,00
7,18333	0,00
7,20000	0,00
7,21667	0,00
7,23333	0,00
7,25000	0,00
7,26667	0,00
7,28333	0,00
7,30000	0,00
7,31667	0,00
7,33333	0,00
7,35000	0,00
7,36667	0,00
7,38333	0,00
7,40000	0,00
7,41667	0,00
7,43333	0,00
7,45000	0,00
7,46667	0,00
7,48333	0,00
7,50000	0,00
7,51667	0,00
7,53333	0,00
7,55000	0,00
7,56667	0,00
7,58333	0,00
7,60000	0,00
7,61667	0,00
7,63333	0,00
7,65000	0,00
7,66667	0,00
7,68333	0,00
7,70000	0,00
7,71667	0,00
7,73333	0,00
7,75000	0,00
7,76667	0,00
7,78333	0,00
7,80000	0,00
7,81667	0,00
7,83333	0,00
7,85000	0,00
7,86667	0,00
7,88333	0,00
7,90000	0,00
7,91667	0,00
7,93333	0,00
7,95000	0,00
7,96667	0,00
7,98333	0,00
8,00000	0,00
8,01667	0,00
8,03333	0,00
8,05000	0,00
8,06667	0,00
8,08333	0,00
8,10000	0,00
8,11667	0,00
8,13333	0,00
8,15000	0,00
8,16667	0,00
8,18333	0,00
8,20000	0,00
8,21667	0,00
8,23333	0,00
8,25000	0,00
8,26667	0,00
8,28333	0,00
8,30000	0,00
8,31667	0,00
8,33333	0,00
8,35000	0,00
8,36667	0,00
8,38333	0,00
8,40000	0,00
8,41667	0,00
8,43333	0,00
8,45000	0,00
8,46667	0,00
8,48333	0,00
8,50000	0,00
8,51667	0,00
8,53333	0,00
8,55000	0,00
8,56667	0,00
8,58333	0,00
8,60000	0,00
8,61667	0,00
8,63333	0,00
8,65000	0,00
8,66667	0,00
8,68333	0,00
8,70000	0,00
8,71667	0,00
8,73333	0,00
8,75000	0,00
8,76667	0,00
8,78333	0,00
8,80000	0,00
8,81667	0,00
8,83333	0,00
8,85000	0,00
8,86667	0,00
8,88333	0,00
8,90000	0,00
8,91667	0,00
8,93333	0,00
8,95000	0,00
8,96667	0,00
8,98333	0,00
9,00000	0,00
9,01667	0,00
9,03333	0,00
9,05000	0,00
9,06667	0,00
9,08333	0,00
9,10000	0,00
9,11667	0,00
9,13333	0,00
9,15000	0,00
9,16667	0,00
9,18333	0,00
9,20000	0,00
9,21667	0,00
9,23333	0,00
9,25000	0,00
9,26667	0,00
9,28333	0,00
9,30000	0,00
9,31667	0,00
9,33333	0,00
9,35000	0,00
9,36667	0,00
9,38333	0,00
9,40000	0,00
9,41667	0,00
9,43333	0,00
9,45000	0,00
9,46667	0,00
9,48333	0,00
9,50000	0,00
9,51667	0,00
9,53333	0,00
9,55000	0,00
9,56667	0,00
9,58333	0,00
9,60000	0,00
9,61667	0,00
9,63333	0,00
9,65000	0,00
9,66667	0,00
9,68333	0,00
9,70000	0,00
9,71667	0,00
9,73333	0,00
9,75000	0,00
9,76667	0,00
9,78333	0,00
9,80000	0,00
9,81667	0,00
9,83333	0,00
9,85000	0,00
9,86667	0,00
9,88333	0,00
9,90000	0,00
9,91667	0,00
9,93333	0,00
9,95000	0,00
9,96667	0,00
9,98333	0,00
10,00000	0,00
10,01667	0,00
10,03333	0,00
10,05000	0,00
10,06667	0,00
10,08333	0,00
10,10000	0,00
10,11667	0,00
10,13333	0,00
10,15000	0,00
10,16667	0,00
10,18333	0,00
10,20000	0,00
10,21667	0,00
10,23333	0,00
10,25000	0,00
10,26667	0,00
10,28333	0,00
10,30000	0,00
10,31667	0,00
10,33333	0,00
10,35000	0,00
10,36667	0,00
10,38333	0,00
10,40000	0,00
10,41667	0,00
10,43333	0,00
10,45000	0,00
10,46667	0,00
10,48333	0,00
10,50000	0,00
10,51667	0,00
10,53333	0,00
10,55000	0,00
10,56667	0,00
10,58333	0,00
10,60000	0,00
10,61667	0,00
10,63333	0,00
10,65000	0,00
10,66667	0,00
10,68333	0,00
10,70000	0,00
10,71667	0,00
10,73333	0,00
10,75000	0,00
10,76667	0,00
10,78333	0,00
10,80000	0,00
10,81667	0,00
10,83333	0,00
10,85000	0,00
10,86667	0,00
10,88333	0,00
10,90000	0,00
10,91667	0,00
10,93333	0,00
10,95000	0,00
10,96667	0,00
10,98333	0,00
11,00000	0,00
11,01667	0,00
11,03333	0,00
11,05000	0,00
11,06667	0,00
11,08333	0,00
11,10000	0,00
11,11667	0,00
11,13333	0,00
11,15000	0,00
11,16667	0,00
11,18333	0,00
11,20000	0,00
11,21667	0,00
11,23333	0,00
11,25000	0,00
11,26667	0,00
11,28333	0,00
11,30000	0,00
11,31667	0,00
11,33333	0,00
11,35000	0,00
11,36667	0,00
11,38333	0,00
11,40000	0,00
11,41667	0,00
11,43333	0,00
11,45000	0,00
11,46667	0,00
11,48333	0,00
11,50000	0,00
11,51667	0,00
11,53333	0,00
11,55000	0,00
11,56667	0,00
11,58333	0,00
11,60000	0,00
11,61667	0,00
11,63333	0,00
11,65000	0,00
11,66667	0,00
11,68333	0,00
11,70000	0,00
11,71667	0,00
11,73333	0,00
11,75000	0,00
11,76667	0,00
11,78333	0,00
11,80000	0,00
11,81667	0,00
11,83333	0,00
11,85000	0,00
11,86667	0,00
11,88333	0,00
11,90000	0,00
11,91667	0,00
11,93333	0,00
11,95000	0,00
11,96667	0,00
11,98333	0,00
12,00000	0,00
12,01667	0,00
12,03333	0,00
12,05000	0,00
12,06667	0,00
12,08333	0,00
12,10000	0,00
12,11667	0,00
12,13333	0,00
12,15000	0,00
12,16667	0,00
12,18333	0,00
12,20000	0,00
12,21667	0,00
12,23333	0,00
12,25000	0,00
12,26667	0,00
12,28333	0,00
12,30000	0,00
12,31667	0,00
12,33333	0,00
12,35000	0,00
12,36667	0,00
12,38333	0,00
12,40000	0,00
12,41667	0,00
12,43333	0,00
12,45000	0,00
12,46667	0,00
12,48333	0,00
12,50000	0,00
12,51667	0,00
12,53333	0,00
12,55000	0,00
12,56667	0,00
12,58333	0,00
12,60000	0,00
12,61667	0,00
12,63333	0,00
12,65000	0,00
12,66667	0,00
12,68333	0,00
12,70000	0,00
12,71667	0,00
12,73333	0,00
12,75000	0,00
12,76667	0,00
12,78333	0,00
12,80000	0,00
12,81667	0,00
12,83333	0,00
12,85000	0,00
12,86667	0,00
12,88333	0,00
12,90000	0,00
12,91667	0,00
12,93333	0,00
12,95000	0,00
12,96667	0,00
12,98333	0,00
13,00000	0,00
13,01667	0,00
13,03333	0,00
13,05000	0,00
13,06667	0,00
13,08333	0,00
13,10000	0,00
13,11667	0,00
13,13333	0,00
13,15000	0,00
13,16667	0,00
13,18333	0,00
13,20000	0,00
13,21667	0,00
13,23333	0,00
13,25000	0,00
13,26667	0,00
13,28333	0,00
13,30000	0,00
13,31667	0,00
13,33333	0,00
13,35000	0,00
13,36667	0,00
13,38333	0,00
13,40000	0,00
13,41667	0,00
13,43333	0,00
13,45000	0,00
13,46667	0,00
13,48333	0,00
13,50000	0,00
13,51667	0,00
13,53333	0,00
13,55000	0,00
13,56667	0,00
13,58333	0,00
13,60000	0,00
13,61667	0,00
13,63333	0,00
13,65000	0,00
13,66667	0,00
13,68333	0,00
13,70000	0,00
13,71667	0,00
13,73333	0,00
13,75000	0,00
13,76667	0,00
13,78333	0,00
13,80000	0,00
13,81667	0,00
13,83333	0,00
13,85000	0,00
13,86667	0,00
13,88333	0,00
13,90000	0,00
13,91667	0,00
13,93333	0,00
13,95000	0,00
13,96667	0,00
13,98333	0,00
14,00000	0,00
14,01667	0,00
14,03333	0,00
14,05000	0,00
14,06667	0,00
14,08333	0,00
14,10000	0,00
14,11667	0,00
14,13333	0,00
14,15000	0,00
14,16667	0,00
14,18333	0,00
14,20000	0,00
14,21667	0,00
14,23333	0,00
14,25000	0,00
14,26667	0,00
14,28333	0,00
14,30000	0,00
14,31667	0,00
14,33333	0,00
14,35000	0,00
14,36667	0,00
14,38333	0,00
14,40000	0,00
14,41667	0,00
14,43333	0,00
14,45000	0,00
14,46667	0,00
14,48333	0,00
14,50000	0,00
14,51667	0,00
14,53333	0,00
14,55000	0,00
14,56667	0,00
14,58333	0,00
14,60000	0,00
14,61667	0,00
14,63333	0,00
14,65000	0,00
14,66667	0,00
14,68333	0,00
14,70000	0,00
14,71667	0,00
14,73333	0,00
14,75000	0,00
14,76667	0,00
14,78333	0,00
14,80000	0,00
14,81667	0,00
14,83333	0,00
14,85000	0,00
14,86667	0,00
14,88333	0,00
14,90000	0,00
14,91667	0,00
14,93333	0,00
14,95000	0,00
14,96667	0,00
14,98333	0,00
15,00000	0,00
15,01667	0,00
15,03333	0,00
15,05000	0,00
15,06667	0,00
15,08333	0,00
15,10000	0,00
15,11667	0,00
15,13333	0,00
15,15000	0,00
15,16667	0,00
15,18333	0,00
15,20000	0,00
15,21667	0,00
15,23333	0,00
15,25000	0,00
15,26667	0,00
15,28333	0,00
15,30000	0,00
15,31667	0,00
15,33333	0,00
15,35000	0,00
15,36667	0,00
15,38333	0,00
15,40000	0,00
15,41667	0,00
15,43333	0,00
15,45000	0,00
15,46667	0,00
15,48333	0,00
15,50000	0,00
15,51667	0,00
15,53333	0,00
15,55000	0,00
15,56667	0,00
15,58333	0,00
15,60000	0,00
15,61667	0,00
15,63333	0,00
15,65000	0,00
15,66667	0,00
15,68333	0,00
15,70000	0,00
15,71667	0,00
15,73333	0,00
15,75000	0,00
15,76667	0,00
15,78333	0,00
15,80000	0,00
15,81667	0,00
15,83333	0,00
15,85000	0,00
15,86667	0,00
15,88333	0,00
15,90000	0,00
15,91667	0,00
15,93333	0,00
15,95000	0,00
15,96667	0,00
15,98333	0,00
16,00000	0,00
16,01667	0,00
16,03333	0,00
16,05000	0,00
16,06667	0,00
16,08333	0,00
16,10000	0,00
16,11667	0,00
16,13333	0,00
16,15000	0,00
16,16667	0,00
16,18333	0,00
16,20000	0,00
16,21667	0,00
16,23333	0,00
16,25000	0,00
16,26667	0,00
16,28333	0,00
16,30000	0,00
16,31667	0,00
16,33333	0,00
16,35000	0,00
16,36667	0,00
16,38333	0,00
16,40000	0,00
16,41667	0,00
16,43333	0,00
16,45000	0,00
16,46667	0,00
16,48333	0,00
16,50000	0,00
16,51667	0,00
16,53333	0,00
16,55000	0,00
16,56667	0,00
16,58333	0,00
16,60000	0,00
16,61667	0,00
16,63333	0,00
16,65000	0,00
16,66667	0,00
16,68333	0,00
16,70000	0,00
16,71667	0,00
16,73333	0,00
16,75000	0,00
16,76667	0,00
16,78333	0,00
16,80000	0,00
16,81667	0,00
16,83333	0,00
16,85000	0,00
16,86667	0,00
16,88333	0,00
16,90000	0,00
16,91667	0,00
16,93333	0,00
16,95000	0,00
16,96667	0,00
16,98333	0,00
17,00000	0,00
17,01667	0,00
17,03333	0,00
17,05000	0,00
17,06667	0,00
17,08333	0,00
17,10000	0,00
17,11667	0,00
17,13333	0,00
17,15000	0,00
17,16667	0,00
17,18333	0,00
17,20000	0,00
17,21667	0,00
17,23333	0,00
17,25000	0,00
17,26667	0,00
17,28333	0,00
17,30000	0,00
17,31667	0,00
17,33333	0,00
17,35000	0,00
17,36667	0,00
17,38333	0,00
17,40000	0,00
17,41667	0,00
17,43333	0,00
17,45000	0,00
17,46667	0,00
17,48333	0,00
17,50000	0,00
17,51667	0,00
17,53333	0,00
17,55000	0,00
17,56667	0,00
17,58333	0,00
17,60000	0,00
17,61667	0,00
17,63333	0,00
17,65000	0,00
17,66667	0,00
17,68333	0,00
17,70000	0,00
17,71667	0,00
17,73333	0,00
17,75000	0,00
17,76667	0,00
17,78333	0,00
17,80000	0,00
17,81667	0,00
17,83333	0,00
17,85000	0,00
17,86667	0,00
17,88333	0,00
17,90000	0,00
17,91667	0,00
17,93333	0,00
17,95000	0,00
17,96667	0,00
17,98333	0,00
18,00000	0,00
18,01667	0,00
18,03333	0,00
18,05000	0,00
18,06667	0,00
18,08333	0,00
18,10000	0,00
18,11667	0,00
18,13333	0,00
18,15000	0,00
18,16667	0,00
18,18333	0,00
18,20000	0,00
18,21667	0,00
18,23333	0,00
18,25000	0,00
18,26667	0,00
18,28333	0,00
18,30000	0,00
18,31667	0,00
18,33333	0,00
18,35000	0,00
18,36667	0,00
18,38333	0,00
18,40000	0,00
18,41667	0,00
18,43333	0,00
18,45000	0,00
18,46667	0,00
18,48333	0,00
18,50000	0,00
18,51667	0,00
18,53333	0,00
18,55000	0,00
18,56667	0,00
18,58333	0,00
18,60000	0,00
18,61667	0,00
18,63333	0,00
18,65000	0,00
18,66667	0,00
18,68333	0,00
18,70000	0,00
18,71667	0,00
18,73333	0,00
18,75000	0,00
18,76667	0,00
18,78333	0,00
18,80000	0,00
18,81667	0,00
18,83333	0,00
18,85000	0,00
18,86667	0,00
18,88333	0,00
18,90000	0,00
18,91667	0,00
18,93333	0,00
18,95000	0,00
18,96667	0,00
18,98333	0,00
19,00000	0,00
19,01667	0,00
19,03333	0,00
19,05000	0,00
19,06667	0,00
19,08333	0,00
19,10000	0,00
19,11667	0,00
19,13333	0,00
19,15000	0,00
19,16667	0,00
19,18333	0,00
19,20000	0,00
19,21667	0,00
19,23333	0,00
19,25000	0,00
19,26667	0,00
19,28333	0,00
19,30000	0,00
19,31667	0,00
19,33333	0,00
19,35000	0,00
19,36667	0,00
19,38333	0,00
19,40000	0,00
19,41667	0,00
19,43333	0,00
19,45000	0,00
19,46667	0,00
19,48333	0,00
19,50000	0,00
19,51667	0,00
19,53333	0,00
19,55000	0,00
19,56667	0,00
19,58333	0,00
19,60000	0,00
19,61667	0,00
19,63333	0,00
19,65000	0,00
19,66667	0,00
19,68333	0,00
19,70000	0,00
19,71667	0,00
19,73333	0,00
19,75000	0,00
19,76667	0,00
19,78333	0,00
19,80000	0,00
19,81667	0,00
19,83333	0,00
19,85000	0,00
19,86667	0,00
19,88333	0,00
19,90000	0,00
19,91667	0,00
19,93333	0,00
19,95000	0,00
19,96667	0,00
19,98333	0,00
20,00000	0,00
20,01667	0,00
20,03333	0,00
20,05000	0,00
20,06667	0,00
20,08333	0,00
20,10000	0,00
20,11667	0,00
20,13333	0,00
20,15000	0,00
20,16667	0,00
20,18333	0,00
20,20000	0,00
20,21667	0,00
20,23333	0,00
20,25000	0,00
20,26667	0,00
20,28333	0,00
20,30000	0,00
20,31667	0,00
20,33333	0,00
20,35000	0,00
20,36667	0,00
20,38333	0,00
20,40000	0,00
20,41667	0,00
20,43333	0,00
20,45000	0,00
20,46667	0,00
20,48333	0,00
20,50000	0,00
20,51667	0,00
20,53333	0,00
20,55000	0,00
20,56667	0,00
20,58333	0,00
20,60000	0,00
20,61667	0,00
20,63333	0,00
20,65000	0,00
20,66667	0,00
20,68333	0,00
20,70000	0,00
20,71667	0,00
20,73333	0,00
20,75000	0,00
20,76667	0,00
20,78333	0,00
20,80000	0,00
20,81667	0,00
20,83333	0,00
20,85000	0,00
20,86667	0,00
20,88333	0,00
20,90000	0,00
20,91667	0,00
20,93333	0,00
20,95000	0,00
20,96667	0,00
20,98333	0,00
21,00000	0,00
21,01667	0,00
21,03333	0,00
21,05000	0,00
21,06667	0,00
21,08333	0,00
21,10000	0,00
21,11667	0,00
21,13333	0,00
21,15000	0,00
21,16667	0,00
21,18333	0,00
21,20000	0,00
21,21667	0,00
21,23333	0,00
21,25000	0,00
21,26667	0,00
21,28333	0,00
21,30000	0,00
21,31667	0,00
21,33333	0,00
21,35000	0,00
21,36667	0,00
21,38333	0,00
21,40000	0,00
21,41667	0,00
21,43333	0,00
21,45000	0,00
21,46667	0,00
21,48333	0,00
21,50000	0,00
21,51667	0,00
21,53333	0,00
21,55000	0,00
21,56667	0,00
21,58333	0,00
21,60000	0,00
21,61667	0,00
21,63333	0,00
21,65000	0,00
21,66667	0,00
21,68333	0,00
21,70000	0,00
21,71667	0,00
21,73333	0,00
21,75000	0,00
21,76667	0,00
21,78333	0,00
21,80000	0,00
21,81667	0,00
21,83333	0,00
21,85000	0,00
21,86667	0,00
21,88333	0,00
21,90000	0,00
21,91667	0,00
21,93333	0,00
21,95000	0,00
21,96667	0,00
21,98333	0,00
22,00000	0,00
22,01667	0,00
22,03333	0,00
22,05000	0,00
22,06667	0,00
22,08333	0,00
22,10000	0,00
22,11667	0,00
22,13333	0,00
22,15000	0,00
22,16667	0,00
22,18333	0,00
22,20000	0,00
22,21667	0,00
22,23333	0,00
22,25000	0,00
22,26667	0,00
22,28333	0,00
22,30000	0,00
22,31667	0,00
22,33333	0,00
22,35000	0,00
22,36667	0,00
22,38333	0,00
22,40000	0,00
22,41667	0,00
22,43333	0,00
22,45000	0,00
22,46667	0,00
22,48333	0,00
22,50000	0,00
22,51667	0,00
22,53333	0,00
22,55000	0,00
22,56667	0,00
22,58333	0,00
22,60000	0,00
22,61667	0,00
22,63333	0,00
22,65000	0,00
22,66667	0,00
22,68333	0,00
22,70000	0,00
22,71667	0,00
22,73333	0,00
22,75000	0,00
22,76667	0,00
22,78333	0,00
22,80000	0,00
22,81667	0,00
22,83333	0,00
22,85000	0,00
22,86667	0,00
22,88333	0,00
22,90000	0,00
22,91667	0,00
22,93333	0,00
22,95000	0,00
22,96667	0,00
22,98333	0,00
23,00000	0,00
23,01667	0,00
23,03333	0,00
23,05000	0,00
23,06667	0,00
23,08333	0,00
23,10000	0,00
23,11667	0,00
23,13333	0,00
23,15000	0,00
23,16667	0,00
23,18333	0,00
23,20000	0,00
23,21667	0,00
23,23333	0,00
23,25000	0,00
23,26667	0,00
23,28333	0,00
23,30000	0,00
23,31667	0,00
23,33333	0,00
23,35000	0,00
23,36667	0,00
23,38333	0,00
23,40000	0,00
23,41667	0,00
23,43333	0,00
23,45000	0,00
23,46667	0,00
23,48333	0,00
23,50000	0,00
23,51667	0,00
23,53333	0,00
23,55000	0,00
23,56667	0,00
23,58333	0,00
23,60000	0,00
23,61667	0,00
23,63333	0,00
23,65000	0,00
23,66667	0,00
23,68333	0,00
23,70000	0,00
23,71667	0,00
23,73333	0,00
23,75000	0,00
23,76667	0,00
23,78333	0,00
23,80000	0,00
23,81667	0,00
23,83333	0,00
23,85000	0,00
23,86667	0,00
23,88333	0,00
23,90000	0,00
23,91667	0,00
23,93333	0,00
23,95000	0,00
23,96667	0,00
23,98333	0,00
24,00000	0,00
24,01667	0,00
24,03333	0,00
24,05000	0,00
24,06667	0,00
24,08333	0,00
24,10000	0,00
24,11667	0,00
24,13333	0,00
24,15000	0,00
24,16667	0,00
24,18333	0,00
24,20000	0,00
24,21667	0,00
24,23333	0,00
24,25000	0,00
24,26667	0,00
24,28333	0,00
24,30000	0,00
24,31667	0,00
24,33333	0,00
24,35000	0,00
24,36667	0,00
24,38333	0,00
24,40000	0,00
24,41667	0,00
24,43333	0,00
24,45000	0,00
24,46667	0,00
24,48333	0,00
24,50000	0,00
24,51667	0,00
24,53333	0,00
24,55000	0,00
24,56667	0,00
24,58333	0,00
24,60000	0,00
24,61667	0,00
24,63333	0,00
24,65000	0,00
24,66667	0,00
24,68333	0,00
24,70000	0,00
24,71667	0,00
24,73333	0,00
24,75000	0,00
24,76667	0,00
24,78333	0,00
24,80000	0,00
24,81667	0,00
24,83333	0,00
24,85000	0,00
24,86667	0,00
24,88333	0,00
24,90000	0,00
24,91667	0,00
24,93333	0,00
24,95000	0,00
24,96667	0,00
24,98333	0,00
25,00000	0,00
25,01667	0,00
25,03333	0,00
25,05000	0,00
25,06667	0,00
25,08333	0,00
25,10000	0,00
25,11667	0,00
25,13333	0,00
25,15000	0,00
25,16667	0,00
25,18333	0,00
25,20000	0,00
25,21667	0,00
25,23333	0,00
25,25000	0,00
25,26667	0,00
25,28333	0,00
25,30000	0,00
25,31667	0,00
25,33333	0,00
25,35000	0,00
25,36667	0,00
25,38333	0,00
25,40000	0,00
25,41667	0,00
25,43333	0,00
25,45000	0,00
25,46667	0,00
25,48333	0,00
25,50000	0,00
25,51667	0,00
25,53333	0,00
25,55000	0,00
25,56667	0,00
25,58333	0,00
25,60000	0,00
25,61667	0,00
25,63333	0,00
25,65000	0,00
25,66667	0,00
25,68333	0,00
25,70000	0,00
25,71667	0,00
25,73333	0,00
25,75000	0,00
25,76667	0,00
25,78333	0,00
25,80000	0,00
25,81667	0,00
25,83333	0,00
25,85000	0,00
25,86667	0,00
25,88333	0,00
25,90000	0,00
25,91667	0,00
25,93333	0,00
25,95000	0,00
25,96667	0,00
25,98333	0,00
26,00000	0,00
26,01667	0,00
26,03333	0,00
26,05000	0,00
26,06667	0,00
26,08333	0,00
26,10000	0,00
26,11667	0,00
26,13333	0,00
26,15000	0,00
26,16667	0,00
26,18333	0,00
26,20000	0,00
26,21667	0,00
26,23333	0,00
26,25000	0,00
26,26667	0,00
26,28333	0,00
26,30000	0,00
26,31667	0,00
26,33333	0,00
26,35000	0,00
26,36667	0,00
26,38333	0,00
26,40000	0,00
26,41667	0,00
26,43333	0,00
26,45000	0,00
26,46667	0,00
26,48333	0,00
26,50000	0,00
26,51667	0,00
26,53333	0,00
26,55000	0,00
26,56667	0,00
26,58333	0,00
26,60000	0,00
26,61667	0,00
26,63333	0,00
26,65000	0,00
26,66667	0,00
26,68333	0,00
26,70000	0,00
26,71667	0,00
26,73333	0,00
26,75000	0,00
26,76667	0,00
26,78333	0,00
26,80000	0,00
26,81667	0,00
26,83333	0,00
26,85000	0,00
26,86667	0,00
26,88333	0,00
26,90000	0,00
26,91667	0,00
26,93333	0,00
26,95000	0,00
26,96667	0,00
26,98333	0,00
27,00000	0,00
27,01667	0,00
27,03333	0,00
27,05000	0,00
27,06667	0,00
27,08333	0,00
27,10000	0,00
27,11667	0,00
27,13333	0,00
27,15000	0,00
27,16667	0,00
27,18333	0,00
27,20000	0,00
27,21667	0,00
27,23333	0,00
27,25000	0,00
27,26667	0,00
27,28333	0,00
27,30000	0,00
27,31667	0,00
27,33333	0,00
27,35000	0,00
27,36667	0,00
27,38333	0,00
27,40000	0,00
27,41667	0,00
27,43333	0,00
27,45000	0,00
27,46667	0,00
27,48333	0,00
27,50000	0,00
27,51667	0,00
27,53333	0,00
27,55000	0,00
27,56667	0,00
27,58333	0,00
27,60000	0,00
27,61667	0,00
27,63333	0,00
27,65000	0,00
27,66667	0,00
27,68333	0,00
27,70000	0,00
27,71667	0,00
27,73333	0,00
27,75000	0,00
27,76667	0,00
27,78333	0,00
27,80000	0,00
27,81667	0,00
27,83333	0,00
27,85000	0,00
27,86667	0,00
27,88333	0,00
27,90000	0,00
27,91667	0,00
27,93333	0,00
27,95000	0,00
27,96667	0,00
27,98333	0,00
28,00000	0,00
28,01667	0,00
28,03333	0,00
28,05000	0,00
28,06667	0,00
28,08333	0,00
28,10000	0,00
28,11667	0,00
28,13333	0,00
28,15000	0,00
28,16667	0,00
28,18333	0,00
28,20000	0,00
28,21667	0,00
28,23333	0,00
28,25000	0,00
28,26667	0,00
28,28333	0,00
28,30000	0,00
28,31667	0,00
28,33333	0,00
28,35000	0,00
28,36667	0,00
28,38333	0,00
28,40000	0,00
28,41667	0,00
28,43333	0,00
28,45000	0,00
28,46667	0,00
28,48333	0,00
28,50000	0,00
28,51667	0,00
28,53333	0,00
28,55000	0,00
28,56667	0,00
28,58333	0,00
28,60000	0,00
28,61667	0,00
28,63333	0,00
28,65000	0,00
28,66667	0,00
28,68333	0,00
28,70000	0,00
28,71667	0,00
28,73333	0,00
28,75000	0,00
28,76667	0,00
28,78333	0,00
28,80000	0,00
28,81667	0,00
28,83333	0,00
28,85000	0,00
28,86667	0,00
28,88333	0,00
28,90000	0,00
28,91667	0,00
28,93333	0,00
28,95000	0,00
28,96667	0,00
28,98333	0,00
29,00000	0,00
29,01667	0,00
29,03333	0,00
29,05000	0,00
29,06667	0,00
29,08333	0,00
29,10000	0,00
29,11667	0,00
29,13333	0,00
29,15000	0,00
29,16667	0,00
29,18333	0,00
29,20000	0,00
29,21667	0,00
29,23333	0,00
29,25000	0,00
29,26667	0,00
29,28333	0,00
29,30000	0,00
29,31667	0,00
29,33333	0,00
29,35000	0,00
29,36667	0,00
29,38333	0,00
29,40000	0,00
29,41667	0,00
29,43333	0,00
29,45000	0,00
29,46667	0,00
29,48333	0,00
29,50000	0,00
29,51667	0,00
29,53333	0,00
29,55000	0,00
29,56667	0,00
29,58333	0,00
29,60000	0,00
29,61667	0,00
29,63333	0,00
29,65000	0,00
29,66667	0,00
29,68333	0,00
29,70000	0,00
29,71667	0,00
29,73333	0,00
29,75000	0,00
29,76667	0,00
29,78333	0,00
29,80000	0,00
29,81667	0,00
29,83333	0,00
29,85000	0,00
29,86667	0,00
29,88333	0,00
29,90000	0,00
29,91667	0,00
29,93333	0,00
29,95000	0,00
29,96667	0,00
29,98333	0,00
30,00000	0,00
30,01667	0,00
30,03333	0,00
30,05000	0,00
30,06667	0,00
30,08333	0,00
30,10000	0,00
30,11667	0,00
30,13333	0,00
30,15000	0,00
30,16667	0,00
30,18333	0,00
30,20000	0,00
30,21667	0,00
30,23333	0,00
30,25000	0,00
30,26667	0,00
30,28333	0,00
30,30000	0,00
30,31667	0,00
30,33333	0,00
30,35000	0,00
30,36667	0,00
30,38333	0,00
30,40000	0,00
30,41667	0,00
30,43333	0,00
30,45000	0,00
30,46667	0,00
30,48333	0,00
30,50000	0,00
30,51667	0,00
30,53333	0,00
30,55000	0,00
30,56667	0,00
30,58333	0,00
30,60000	0,00
30,61667	0,00
30,63333	0,00
30,65000	0,00
30,66667	0,00
30,68333	0,00
30,70000	0,00
30,71667	0,00
30,73333	0,00
30,75000	0,00
30,76667	0,00
30,78333	0,00
30,80000	0,00
30,81667	0,00
30,83333	0,00
30,85000	0,00
30,86667	0,00
30,88333	0,00
30,90000	0,00
30,91667	0,00
30,93333	0,00
30,95000	0,00
30,96667	0,00
30,98333	0,00
31,00000	0,00
31,01667	0,00
31,03333	0,00
31,05000	0,00
31,06667	0,00
31,08333	0,00
31,10000	0,00
31,11667	0,00
31,13333	0,00
31,15000	0,00
31,16667	0,00
31,18333	0,00
31,20000	0,00
31,21667	0,00
31,23333	0,00
31,25000	0,00
31,26667	0,00
31,28333	0,00
31,30000	0,00
31,31667	0,00
31,33333	0,00
31,35000	0,00
31,36667	0,00
31,38333	0,00
31,40000	0,00
31,41667	0,00
31,43333	0,00
31,45000	0,00
31,46667	0,00
31,48333	0,00
31,50000	0,00
31,51667	0,00
31,53333	0,00
31,55000	0,00
31,56667	0,00
31,58333	0,00
31,60000	0,00
31,61667	0,00
31,63333	0,00
31,65000	0,00
31,66667	0,00
31,68333	0,00
31,70000	0,00
31,71667	0,00
31,73333	0,00
31,75000	0,00
31,76667	0,00
31,78333	0,00
31,80000	0,00
31,81667	0,00
31,83333	0,00
31,85000	0,00
31,86667	0,00
31,88333	0,00
31,90000	0,00
31,91667	0,00
31,93333	0,00
31,95000	0,00
31,96667	0,00
31,98333	0,00
32,00000	0,00

[LC Status Trace(Sample Cooler Temp.)]
Interval(msec)	1000
# of Points	1921
Start Time(min)	0,000
End Time(min)	32,000
Intensity Units	C
Intensity Multiplier	1
R.Time (min)	Intensity
0,00000	3,97
0,01667	3,97
0,03333	3,97
0,05000	3,97
0,06667	3,97
0,08333	4,01
0,10000	4,01
0,11667	4,00
0,13333	4,01
0,15000	4,01
0,16667	4,00
0,18333	4,01
0,20000	4,01
0,21667	4,00
0,23333	4,01
0,25000	4,01
0,26667	4,00
0,28333	4,01
0,30000	4,01
0,31667	4,00
0,33333	4,01
0,35000	4,01
0,36667	4,00
0,38333	4,01
0,40000	4,01
0,41667	4,00
0,43333	4,01
0,45000	4,01
0,46667	4,00
0,48333	4,01
0,50000	4,01
0,51667	4,00
0,53333	4,01
0,55000	4,01
0,56667	4,00
0,58333	4,01
0,60000	4,01
0,61667	4,00
0,63333	4,01
0,65000	4,01
0,66667	4,00
0,68333	4,01
0,70000	4,01
0,71667	4,00
0,73333	4,01
0,75000	4,01
0,76667	4,00
0,78333	4,02
0,80000	4,02
0,81667	4,00
0,83333	4,01
0,85000	4,02
0,86667	4,02
0,88333	4,02
0,90000	4,02
0,91667	4,00
0,93333	4,01
0,95000	4,02
0,96667	4,01
0,98333	4,02
1,00000	4,02
1,01667	4,00
1,03333	4,02
1,05000	4,02
1,06667	4,02
1,08333	4,02
1,10000	4,02
1,11667	4,01
1,13333	4,02
1,15000	4,02
1,16667	4,01
1,18333	4,02
1,20000	4,02
1,21667	4,00
1,23333	4,02
1,25000	4,02
1,26667	4,01
1,28333	4,02
1,30000	4,02
1,31667	4,00
1,33333	4,02
1,35000	4,02
1,36667	4,00
1,38333	4,02
1,40000	4,02
1,41667	4,00
1,43333	4,02
1,45000	4,02
1,46667	4,01
1,48333	4,02
1,50000	4,02
1,51667	4,01
1,53333	4,02
1,55000	4,02
1,56667	4,00
1,58333	4,01
1,60000	4,02
1,61667	4,00
1,63333	4,02
1,65000	4,02
1,66667	4,01
1,68333	4,01
1,70000	4,02
1,71667	4,01
1,73333	4,02
1,75000	4,01
1,76667	4,00
1,78333	4,02
1,80000	4,02
1,81667	4,01
1,83333	4,02
1,85000	4,01
1,86667	4,00
1,88333	4,01
1,90000	4,01
1,91667	4,00
1,93333	4,01
1,95000	4,01
1,96667	4,00
1,98333	4,02
2,00000	4,01
2,01667	4,00
2,03333	4,02
2,05000	4,01
2,06667	4,00
2,08333	4,01
2,10000	4,02
2,11667	4,00
2,13333	4,01
2,15000	4,01
2,16667	4,00
2,18333	4,01
2,20000	4,01
2,21667	4,00
2,23333	4,01
2,25000	4,01
2,26667	4,00
2,28333	4,01
2,30000	4,01
2,31667	4,00
2,33333	4,01
2,35000	4,01
2,36667	4,00
2,38333	4,01
2,40000	4,01
2,41667	4,00
2,43333	4,01
2,45000	4,01
2,46667	4,00
2,48333	4,01
2,50000	4,01
2,51667	4,00
2,53333	4,01
2,55000	4,01
2,56667	4,00
2,58333	4,01
2,60000	4,01
2,61667	4,00
2,63333	4,01
2,65000	4,01
2,66667	4,00
2,68333	4,01
2,70000	4,01
2,71667	4,00
2,73333	4,01
2,75000	4,01
2,76667	4,00
2,78333	4,01
2,80000	4,01
2,81667	4,00
2,83333	4,01
2,85000	4,01
2,86667	4,00
2,88333	4,01
2,90000	4,01
2,91667	4,00
2,93333	4,01
2,95000	4,01
2,96667	4,00
2,98333	4,01
3,00000	4,01
3,01667	4,00
3,03333	4,01
3,05000	4,01
3,06667	4,00
3,08333	4,01
3,10000	4,01
3,11667	3,99
3,13333	4,01
3,15000	4,01
3,16667	3,99
3,18333	4,00
3,20000	4,01
3,21667	3,99
3,23333	4,00
3,25000	4,01
3,26667	3,99
3,28333	4,00
3,30000	4,00
3,31667	3,99
3,33333	4,00
3,35000	4,00
3,36667	3,99
3,38333	4,00
3,40000	4,00
3,41667	3,99
3,43333	4,00
3,45000	4,00
3,46667	3,99
3,48333	4,00
3,50000	4,00
3,51667	3,99
3,53333	4,00
3,55000	4,00
3,56667	3,99
3,58333	4,00
3,60000	4,00
3,61667	3,99
3,63333	4,00
3,65000	4,00
3,66667	3,99
3,68333	4,00
3,70000	4,00
3,71667	3,99
3,73333	4,00
3,75000	4,00
3,76667	3,99
3,78333	4,00
3,80000	4,00
3,81667	3,99
3,83333	4,00
3,85000	4,00
3,86667	3,99
3,88333	4,00
3,90000	4,00
3,91667	3,99
3,93333	4,00
3,95000	4,00
3,96667	3,99
3,98333	4,00
4,00000	4,00
4,01667	3,99
4,03333	4,00
4,05000	4,00
4,06667	3,99
4,08333	4,00
4,10000	4,00
4,11667	3,99
4,13333	4,00
4,15000	4,00
4,16667	3,99
4,18333	4,00
4,20000	4,00
4,21667	3,99
4,23333	4,00
4,25000	4,00
4,26667	3,99
4,28333	4,00
4,30000	4,00
4,31667	3,99
4,33333	4,00
4,35000	4,00
4,36667	3,99
4,38333	4,00
4,40000	4,00
4,41667	3,99
4,43333	4,00
4,45000	4,00
4,46667	3,99
4,48333	4,00
4,50000	4,00
4,51667	3,99
4,53333	4,00
4,55000	4,00
4,56667	3,99
4,58333	4,00
4,60000	4,00
4,61667	3,99
4,63333	4,00
4,65000	4,00
4,66667	3,99
4,68333	4,00
4,70000	4,00
4,71667	3,99
4,73333	4,00
4,75000	4,00
4,76667	3,99
4,78333	4,00
4,80000	4,00
4,81667	3,99
4,83333	4,00
4,85000	4,00
4,86667	3,99
4,88333	4,00
4,90000	4,00
4,91667	3,99
4,93333	4,00
4,95000	4,00
4,96667	3,99
4,98333	4,00
5,00000	4,00
5,01667	3,99
5,03333	4,00
5,05000	4,00
5,06667	3,99
5,08333	4,00
5,10000	4,00
5,11667	3,99
5,13333	4,00
5,15000	4,00
5,16667	3,99
5,18333	4,00
5,20000	4,00
5,21667	3,99
5,23333	4,00
5,25000	4,00
5,26667	3,99
5,28333	4,00
5,30000	4,00
5,31667	3,99
5,33333	4,00
5,35000	4,00
5,36667	3,99
5,38333	4,00
5,40000	4,00
5,41667	3,99
5,43333	4,00
5,45000	4,00
5,46667	3,99
5,48333	4,00
5,50000	4,00
5,51667	3,98
5,53333	4,00
5,55000	4,00
5,56667	3,99
5,58333	4,00
5,60000	4,00
5,61667	3,99
5,63333	4,00
5,65000	4,00
5,66667	3,98
5,68333	4,00
5,70000	4,00
5,71667	3,98
5,73333	4,00
5,75000	4,00
5,76667	3,98
5,78333	4,00
5,80000	4,00
5,81667	3,99
5,83333	4,00
5,85000	4,00
5,86667	3,98
5,88333	4,00
5,90000	3,99
5,91667	3,99
5,93333	4,00
5,95000	4,00
5,96667	3,98
5,98333	3,99
6,00000	3,99
6,01667	3,98
6,03333	4,00
6,05000	4,00
6,06667	3,98
6,08333	4,00
6,10000	3,99
6,11667	3,98
6,13333	4,00
6,15000	4,00
6,16667	3,98
6,18333	3,99
6,20000	4,00
6,21667	3,98
6,23333	4,00
6,25000	4,00
6,26667	3,98
6,28333	3,99
6,30000	4,00
6,31667	3,98
6,33333	4,00
6,35000	4,00
6,36667	3,98
6,38333	4,00
6,40000	4,00
6,41667	3,98
6,43333	4,00
6,45000	4,00
6,46667	3,98
6,48333	4,00
6,50000	4,00
6,51667	3,99
6,53333	4,00
6,55000	4,00
6,56667	3,99
6,58333	4,00
6,60000	4,00
6,61667	3,99
6,63333	4,00
6,65000	4,00
6,66667	3,99
6,68333	4,00
6,70000	4,00
6,71667	3,99
6,73333	4,00
6,75000	4,00
6,76667	3,99
6,78333	4,00
6,80000	4,00
6,81667	3,99
6,83333	4,00
6,85000	4,00
6,86667	3,99
6,88333	4,00
6,90000	4,00
6,91667	3,99
6,93333	4,00
6,95000	4,00
6,96667	3,99
6,98333	4,00
7,00000	4,00
7,01667	3,99
7,03333	4,00
7,05000	4,00
7,06667	3,99
7,08333	4,00
7,10000	4,00
7,11667	3,99
7,13333	4,00
7,15000	4,00
7,16667	3,99
7,18333	4,00
7,20000	4,00
7,21667	3,99
7,23333	4,00
7,25000	4,00
7,26667	3,99
7,28333	4,00
7,30000	4,00
7,31667	3,99
7,33333	4,00
7,35000	4,00
7,36667	3,99
7,38333	4,00
7,40000	4,00
7,41667	3,99
7,43333	4,00
7,45000	4,00
7,46667	3,99
7,48333	4,00
7,50000	4,00
7,51667	3,99
7,53333	4,00
7,55000	4,00
7,56667	3,99
7,58333	4,00
7,60000	4,00
7,61667	3,99
7,63333	4,00
7,65000	4,00
7,66667	3,99
7,68333	4,00
7,70000	4,00
7,71667	3,99
7,73333	4,00
7,75000	4,00
7,76667	3,99
7,78333	4,00
7,80000	4,00
7,81667	3,99
7,83333	4,00
7,85000	4,00
7,86667	3,99
7,88333	4,00
7,90000	4,00
7,91667	3,99
7,93333	4,00
7,95000	4,00
7,96667	3,99
7,98333	4,00
8,00000	4,00
8,01667	3,99
8,03333	4,00
8,05000	4,00
8,06667	3,99
8,08333	4,00
8,10000	4,00
8,11667	3,99
8,13333	4,00
8,15000	4,00
8,16667	3,99
8,18333	4,00
8,20000	4,00
8,21667	3,99
8,23333	4,00
8,25000	4,00
8,26667	3,99
8,28333	4,00
8,30000	4,00
8,31667	3,99
8,33333	4,00
8,35000	4,00
8,36667	3,99
8,38333	4,00
8,40000	4,00
8,41667	3,99
8,43333	4,00
8,45000	4,00
8,46667	3,99
8,48333	4,00
8,50000	4,00
8,51667	3,99
8,53333	4,00
8,55000	4,00
8,56667	3,99
8,58333	4,00
8,60000	4,00
8,61667	3,99
8,63333	4,00
8,65000	4,00
8,66667	3,99
8,68333	4,00
8,70000	4,00
8,71667	3,99
8,73333	4,00
8,75000	4,00
8,76667	3,99
8,78333	4,00
8,80000	4,00
8,81667	3,99
8,83333	4,00
8,85000	4,00
8,86667	3,99
8,88333	4,00
8,90000	4,00
8,91667	3,99
8,93333	4,00
8,95000	4,00
8,96667	3,99
8,98333	4,00
9,00000	4,00
9,01667	3,99
9,03333	4,00
9,05000	4,00
9,06667	3,99
9,08333	4,00
9,10000	4,00
9,11667	3,99
9,13333	4,00
9,15000	4,00
9,16667	3,99
9,18333	4,00
9,20000	4,00
9,21667	3,99
9,23333	4,00
9,25000	4,00
9,26667	3,99
9,28333	4,00
9,30000	4,00
9,31667	3,99
9,33333	4,00
9,35000	4,00
9,36667	3,99
9,38333	4,00
9,40000	4,00
9,41667	3,99
9,43333	4,00
9,45000	4,00
9,46667	3,99
9,48333	4,00
9,50000	4,00
9,51667	3,99
9,53333	4,00
9,55000	4,00
9,56667	3,99
9,58333	4,00
9,60000	4,00
9,61667	3,99
9,63333	4,00
9,65000	4,00
9,66667	3,99
9,68333	4,00
9,70000	4,00
9,71667	3,99
9,73333	4,00
9,75000	4,00
9,76667	3,99
9,78333	4,00
9,80000	4,00
9,81667	3,99
9,83333	4,00
9,85000	4,00
9,86667	3,99
9,88333	4,00
9,90000	4,00
9,91667	3,99
9,93333	4,00
9,95000	4,00
9,96667	3,99
9,98333	4,00
10,00000	4,00
10,01667	3,99
10,03333	4,00
10,05000	4,00
10,06667	3,99
10,08333	4,00
10,10000	4,00
10,11667	3,99
10,13333	4,00
10,15000	4,00
10,16667	3,99
10,18333	4,00
10,20000	4,00
10,21667	3,99
10,23333	4,00
10,25000	4,00
10,26667	3,99
10,28333	4,00
10,30000	4,00
10,31667	3,99
10,33333	4,00
10,35000	4,00
10,36667	3,99
10,38333	4,00
10,40000	4,00
10,41667	3,99
10,43333	4,00
10,45000	4,00
10,46667	3,99
10,48333	4,00
10,50000	4,00
10,51667	3,99
10,53333	4,00
10,55000	4,00
10,56667	3,99
10,58333	4,00
10,60000	4,00
10,61667	3,99
10,63333	4,00
10,65000	4,00
10,66667	3,99
10,68333	4,00
10,70000	4,00
10,71667	3,99
10,73333	4,00
10,75000	4,00
10,76667	3,99
10,78333	4,00
10,80000	4,00
10,81667	3,99
10,83333	4,00
10,85000	4,00
10,86667	3,99
10,88333	4,00
10,90000	4,00
10,91667	3,99
10,93333	4,00
10,95000	4,00
10,96667	3,99
10,98333	4,00
11,00000	4,00
11,01667	3,99
11,03333	4,00
11,05000	4,00
11,06667	3,99
11,08333	4,00
11,10000	4,00
11,11667	3,99
11,13333	4,00
11,15000	4,00
11,16667	3,99
11,18333	4,00
11,20000	4,00
11,21667	3,99
11,23333	4,00
11,25000	4,00
11,26667	3,99
11,28333	4,00
11,30000	4,00
11,31667	3,99
11,33333	4,00
11,35000	4,00
11,36667	3,99
11,38333	4,00
11,40000	4,00
11,41667	3,99
11,43333	4,00
11,45000	4,00
11,46667	3,99
11,48333	4,00
11,50000	4,00
11,51667	3,99
11,53333	4,00
11,55000	4,00
11,56667	3,99
11,58333	4,00
11,60000	4,00
11,61667	3,99
11,63333	4,00
11,65000	4,00
11,66667	3,99
11,68333	4,00
11,70000	4,00
11,71667	3,99
11,73333	4,00
11,75000	4,00
11,76667	3,99
11,78333	4,00
11,80000	4,00
11,81667	3,99
11,83333	4,00
11,85000	4,00
11,86667	3,99
11,88333	4,00
11,90000	4,00
11,91667	3,99
11,93333	4,00
11,95000	4,00
11,96667	3,99
11,98333	4,00
12,00000	4,00
12,01667	3,99
12,03333	4,00
12,05000	4,00
12,06667	3,99
12,08333	4,00
12,10000	4,00
12,11667	3,99
12,13333	4,00
12,15000	4,00
12,16667	3,99
12,18333	4,00
12,20000	4,00
12,21667	3,99
12,23333	4,00
12,25000	4,00
12,26667	3,99
12,28333	4,00
12,30000	4,00
12,31667	3,99
12,33333	4,00
12,35000	4,00
12,36667	3,99
12,38333	4,00
12,40000	4,00
12,41667	3,99
12,43333	4,00
12,45000	4,00
12,46667	3,99
12,48333	4,00
12,50000	4,00
12,51667	3,99
12,53333	4,00
12,55000	4,00
12,56667	3,99
12,58333	4,00
12,60000	4,00
12,61667	3,99
12,63333	4,00
12,65000	4,00
12,66667	3,99
12,68333	4,00
12,70000	4,00
12,71667	3,99
12,73333	4,00
12,75000	4,00
12,76667	3,99
12,78333	4,00
12,80000	4,00
12,81667	3,99
12,83333	4,00
12,85000	4,00
12,86667	3,99
12,88333	4,00
12,90000	4,00
12,91667	3,99
12,93333	4,00
12,95000	4,00
12,96667	3,99
12,98333	4,00
13,00000	4,00
13,01667	3,99
13,03333	4,00
13,05000	4,00
13,06667	3,99
13,08333	4,00
13,10000	4,00
13,11667	3,99
13,13333	4,00
13,15000	4,00
13,16667	3,99
13,18333	4,00
13,20000	4,00
13,21667	3,99
13,23333	4,00
13,25000	4,00
13,26667	3,99
13,28333	4,00
13,30000	4,00
13,31667	3,99
13,33333	4,00
13,35000	4,00
13,36667	3,99
13,38333	4,00
13,40000	4,00
13,41667	3,99
13,43333	4,00
13,45000	4,00
13,46667	3,99
13,48333	4,00
13,50000	4,00
13,51667	3,99
13,53333	4,00
13,55000	4,00
13,56667	3,99
13,58333	4,00
13,60000	4,00
13,61667	3,99
13,63333	4,00
13,65000	4,00
13,66667	3,99
13,68333	4,00
13,70000	4,00
13,71667	3,99
13,73333	4,00
13,75000	4,00
13,76667	3,99
13,78333	4,00
13,80000	4,00
13,81667	3,99
13,83333	4,00
13,85000	4,00
13,86667	3,99
13,88333	4,00
13,90000	4,00
13,91667	3,99
13,93333	4,00
13,95000	4,00
13,96667	3,99
13,98333	4,00
14,00000	4,00
14,01667	3,99
14,03333	4,00
14,05000	4,00
14,06667	3,99
14,08333	4,00
14,10000	4,00
14,11667	3,99
14,13333	4,00
14,15000	4,00
14,16667	3,99
14,18333	4,00
14,20000	4,00
14,21667	3,99
14,23333	4,00
14,25000	4,00
14,26667	3,99
14,28333	4,00
14,30000	4,00
14,31667	3,99
14,33333	4,00
14,35000	4,00
14,36667	3,99
14,38333	4,00
14,40000	4,00
14,41667	3,99
14,43333	4,00
14,45000	4,00
14,46667	3,99
14,48333	4,00
14,50000	4,00
14,51667	3,99
14,53333	4,00
14,55000	4,00
14,56667	3,99
14,58333	4,00
14,60000	4,00
14,61667	3,99
14,63333	4,00
14,65000	4,00
14,66667	3,99
14,68333	4,00
14,70000	4,00
14,71667	3,99
14,73333	4,00
14,75000	4,00
14,76667	3,99
14,78333	4,00
14,80000	4,00
14,81667	3,99
14,83333	4,00
14,85000	4,00
14,86667	3,99
14,88333	4,00
14,90000	4,00
14,91667	3,99
14,93333	4,00
14,95000	4,00
14,96667	3,99
14,98333	4,00
15,00000	4,00
15,01667	3,99
15,03333	4,00
15,05000	4,00
15,06667	3,99
15,08333	4,00
15,10000	4,00
15,11667	3,99
15,13333	4,00
15,15000	4,00
15,16667	3,99
15,18333	4,00
15,20000	4,00
15,21667	3,99
15,23333	4,00
15,25000	4,00
15,26667	3,99
15,28333	4,00
15,30000	4,00
15,31667	3,99
15,33333	4,00
15,35000	4,00
15,36667	3,99
15,38333	4,00
15,40000	4,00
15,41667	3,99
15,43333	4,00
15,45000	4,00
15,46667	3,99
15,48333	4,00
15,50000	4,00
15,51667	3,99
15,53333	4,00
15,55000	4,00
15,56667	3,99
15,58333	4,00
15,60000	4,00
15,61667	3,99
15,63333	4,00
15,65000	4,00
15,66667	3,99
15,68333	4,00
15,70000	4,00
15,71667	3,99
15,73333	4,00
15,75000	4,00
15,76667	3,99
15,78333	4,00
15,80000	4,00
15,81667	3,99
15,83333	4,00
15,85000	4,00
15,86667	3,99
15,88333	4,00
15,90000	4,00
15,91667	3,99
15,93333	4,00
15,95000	4,00
15,96667	3,99
15,98333	4,00
16,00000	4,00
16,01667	3,99
16,03333	4,00
16,05000	4,00
16,06667	3,99
16,08333	4,00
16,10000	4,00
16,11667	3,99
16,13333	4,00
16,15000	4,00
16,16667	3,99
16,18333	4,00
16,20000	4,00
16,21667	3,99
16,23333	4,00
16,25000	4,00
16,26667	3,99
16,28333	4,00
16,30000	4,00
16,31667	3,99
16,33333	4,01
16,35000	4,00
16,36667	3,99
16,38333	4,00
16,40000	4,00
16,41667	3,99
16,43333	4,00
16,45000	4,00
16,46667	3,99
16,48333	4,00
16,50000	4,00
16,51667	3,99
16,53333	4,01
16,55000	4,01
16,56667	3,99
16,58333	4,00
16,60000	4,01
16,61667	4,00
16,63333	4,01
16,65000	4,01
16,66667	3,99
16,68333	4,01
16,70000	4,01
16,71667	3,99
16,73333	4,01
16,75000	4,01
16,76667	3,99
16,78333	4,01
16,80000	4,01
16,81667	3,99
16,83333	4,00
16,85000	4,01
16,86667	3,99
16,88333	4,01
16,90000	4,01
16,91667	3,99
16,93333	4,01
16,95000	4,00
16,96667	3,99
16,98333	4,00
17,00000	4,01
17,01667	3,99
17,03333	4,00
17,05000	4,00
17,06667	3,99
17,08333	4,01
17,10000	4,01
17,11667	3,99
17,13333	4,00
17,15000	4,00
17,16667	3,99
17,18333	4,00
17,20000	4,01
17,21667	3,99
17,23333	4,00
17,25000	4,00
17,26667	3,99
17,28333	4,01
17,30000	4,00
17,31667	3,99
17,33333	4,00
17,35000	4,00
17,36667	3,99
17,38333	4,00
17,40000	4,00
17,41667	3,99
17,43333	4,00
17,45000	4,00
17,46667	3,99
17,48333	4,00
17,50000	4,00
17,51667	3,99
17,53333	4,00
17,55000	4,00
17,56667	3,99
17,58333	4,00
17,60000	4,00
17,61667	3,99
17,63333	4,00
17,65000	4,00
17,66667	3,99
17,68333	4,00
17,70000	4,00
17,71667	3,99
17,73333	4,00
17,75000	4,00
17,76667	3,99
17,78333	4,00
17,80000	4,00
17,81667	3,99
17,83333	4,00
17,85000	4,00
17,86667	3,99
17,88333	4,00
17,90000	4,00
17,91667	3,99
17,93333	4,00
17,95000	4,00
17,96667	3,99
17,98333	4,00
18,00000	4,00
18,01667	3,99
18,03333	4,00
18,05000	4,00
18,06667	3,99
18,08333	4,00
18,10000	4,00
18,11667	3,99
18,13333	4,00
18,15000	4,00
18,16667	3,99
18,18333	4,00
18,20000	4,00
18,21667	3,99
18,23333	4,00
18,25000	4,00
18,26667	3,99
18,28333	4,00
18,30000	4,00
18,31667	3,99
18,33333	4,00
18,35000	4,00
18,36667	3,99
18,38333	4,00
18,40000	4,00
18,41667	3,99
18,43333	4,00
18,45000	4,00
18,46667	3,99
18,48333	4,00
18,50000	4,00
18,51667	3,99
18,53333	4,00
18,55000	4,00
18,56667	3,99
18,58333	4,00
18,60000	4,00
18,61667	3,99
18,63333	4,00
18,65000	4,00
18,66667	3,99
18,68333	4,00
18,70000	4,00
18,71667	3,99
18,73333	4,00
18,75000	4,00
18,76667	3,99
18,78333	4,00
18,80000	4,00
18,81667	3,99
18,83333	4,00
18,85000	4,00
18,86667	3,99
18,88333	4,00
18,90000	4,00
18,91667	3,99
18,93333	4,00
18,95000	4,00
18,96667	3,99
18,98333	4,00
19,00000	4,00
19,01667	3,99
19,03333	4,00
19,05000	4,00
19,06667	3,99
19,08333	4,00
19,10000	4,00
19,11667	3,98
19,13333	4,00
19,15000	4,00
19,16667	3,98
19,18333	3,99
19,20000	3,99
19,21667	3,98
19,23333	4,00
19,25000	4,00
19,26667	3,98
19,28333	3,99
19,30000	3,99
19,31667	3,98
19,33333	3,99
19,35000	3,99
19,36667	3,98
19,38333	3,99
19,40000	3,99
19,41667	3,98
19,43333	3,99
19,45000	3,99
19,46667	3,98
19,48333	3,99
19,50000	3,99
19,51667	3,98
19,53333	3,99
19,55000	3,99
19,56667	3,98
19,58333	3,99
19,60000	3,99
19,61667	3,98
19,63333	3,99
19,65000	3,99
19,66667	3,98
19,68333	3,99
19,70000	3,99
19,71667	3,98
19,73333	3,99
19,75000	3,99
19,76667	3,98
19,78333	3,99
19,80000	3,99
19,81667	3,98
19,83333	3,99
19,85000	3,99
19,86667	3,98
19,88333	3,99
19,90000	3,99
19,91667	3,98
19,93333	3,99
19,95000	3,99
19,96667	3,97
19,98333	3,99
20,00000	3,99
20,01667	3,97
20,03333	3,99
20,05000	3,99
20,06667	3,97
20,08333	3,99
20,10000	3,99
20,11667	3,97
20,13333	3,99
20,15000	3,99
20,16667	3,97
20,18333	3,99
20,20000	3,99
20,21667	3,97
20,23333	3,98
20,25000	3,98
20,26667	3,97
20,28333	3,98
20,30000	3,98
20,31667	3,97
20,33333	3,98
20,35000	3,98
20,36667	3,97
20,38333	3,98
20,40000	3,98
20,41667	3,97
20,43333	3,98
20,45000	3,98
20,46667	3,97
20,48333	3,98
20,50000	3,98
20,51667	3,97
20,53333	3,98
20,55000	3,98
20,56667	3,97
20,58333	3,98
20,60000	3,98
20,61667	3,97
20,63333	3,98
20,65000	3,98
20,66667	3,97
20,68333	3,98
20,70000	3,98
20,71667	3,97
20,73333	3,98
20,75000	3,98
20,76667	3,97
20,78333	3,98
20,80000	3,98
20,81667	3,97
20,83333	3,98
20,85000	3,98
20,86667	3,97
20,88333	3,98
20,90000	3,98
20,91667	3,97
20,93333	3,98
20,95000	3,98
20,96667	3,97
20,98333	3,98
21,00000	3,98
21,01667	3,97
21,03333	3,98
21,05000	3,98
21,06667	3,97
21,08333	3,98
21,10000	3,98
21,11667	3,97
21,13333	3,98
21,15000	3,98
21,16667	3,97
21,18333	3,98
21,20000	3,98
21,21667	3,97
21,23333	3,98
21,25000	3,98
21,26667	3,97
21,28333	3,98
21,30000	3,98
21,31667	3,97
21,33333	3,98
21,35000	3,98
21,36667	3,97
21,38333	3,98
21,40000	3,98
21,41667	3,97
21,43333	3,98
21,45000	3,98
21,46667	3,97
21,48333	3,98
21,50000	3,98
21,51667	3,97
21,53333	3,98
21,55000	3,98
21,56667	3,97
21,58333	3,98
21,60000	3,98
21,61667	3,97
21,63333	3,98
21,65000	3,98
21,66667	3,97
21,68333	3,98
21,70000	3,98
21,71667	3,97
21,73333	3,98
21,75000	3,98
21,76667	3,97
21,78333	3,98
21,80000	3,98
21,81667	3,97
21,83333	3,98
21,85000	3,98
21,86667	3,97
21,88333	3,98
21,90000	3,98
21,91667	3,97
21,93333	3,98
21,95000	3,98
21,96667	3,97
21,98333	3,98
22,00000	3,98
22,01667	3,97
22,03333	3,98
22,05000	3,98
22,06667	3,97
22,08333	3,98
22,10000	3,98
22,11667	3,97
22,13333	3,99
22,15000	3,99
22,16667	3,97
22,18333	3,98
22,20000	3,98
22,21667	3,97
22,23333	3,99
22,25000	3,99
22,26667	3,97
22,28333	3,99
22,30000	3,99
22,31667	3,97
22,33333	3,99
22,35000	3,99
22,36667	3,97
22,38333	3,99
22,40000	3,99
22,41667	3,97
22,43333	3,99
22,45000	3,99
22,46667	3,98
22,48333	3,99
22,50000	3,99
22,51667	3,98
22,53333	3,99
22,55000	3,99
22,56667	3,98
22,58333	3,99
22,60000	3,99
22,61667	3,98
22,63333	3,99
22,65000	3,99
22,66667	3,98
22,68333	3,99
22,70000	3,99
22,71667	3,98
22,73333	3,99
22,75000	3,99
22,76667	3,98
22,78333	3,99
22,80000	3,99
22,81667	3,98
22,83333	3,99
22,85000	3,99
22,86667	3,98
22,88333	3,99
22,90000	3,99
22,91667	3,98
22,93333	3,99
22,95000	3,99
22,96667	3,98
22,98333	3,99
23,00000	3,99
23,01667	3,98
23,03333	3,99
23,05000	3,99
23,06667	3,98
23,08333	3,99
23,10000	3,99
23,11667	3,98
23,13333	3,99
23,15000	3,99
23,16667	3,98
23,18333	3,99
23,20000	3,99
23,21667	3,98
23,23333	3,99
23,25000	3,99
23,26667	3,98
23,28333	3,99
23,30000	3,99
23,31667	3,98
23,33333	3,99
23,35000	3,99
23,36667	3,98
23,38333	3,99
23,40000	3,99
23,41667	3,98
23,43333	3,99
23,45000	3,99
23,46667	3,98
23,48333	3,99
23,50000	3,99
23,51667	3,98
23,53333	3,99
23,55000	3,99
23,56667	3,98
23,58333	3,99
23,60000	3,99
23,61667	3,98
23,63333	3,99
23,65000	4,00
23,66667	3,98
23,68333	3,99
23,70000	4,00
23,71667	3,98
23,73333	4,00
23,75000	4,00
23,76667	3,99
23,78333	4,00
23,80000	4,00
23,81667	3,99
23,83333	4,00
23,85000	4,00
23,86667	3,99
23,88333	4,00
23,90000	4,00
23,91667	3,99
23,93333	4,00
23,95000	4,00
23,96667	3,99
23,98333	4,00
24,00000	4,00
24,01667	3,99
24,03333	4,00
24,05000	4,00
24,06667	3,99
24,08333	4,00
24,10000	4,00
24,11667	3,99
24,13333	4,00
24,15000	4,00
24,16667	3,99
24,18333	4,00
24,20000	4,00
24,21667	3,99
24,23333	4,00
24,25000	4,00
24,26667	3,99
24,28333	4,00
24,30000	4,00
24,31667	3,99
24,33333	4,00
24,35000	4,00
24,36667	3,99
24,38333	4,00
24,40000	4,00
24,41667	3,99
24,43333	4,00
24,45000	4,00
24,46667	3,99
24,48333	4,00
24,50000	4,00
24,51667	3,99
24,53333	4,00
24,55000	4,00
24,56667	3,99
24,58333	4,00
24,60000	4,00
24,61667	3,99
24,63333	4,00
24,65000	4,00
24,66667	3,99
24,68333	4,00
24,70000	4,00
24,71667	3,99
24,73333	4,00
24,75000	4,00
24,76667	3,99
24,78333	4,00
24,80000	4,00
24,81667	3,99
24,83333	4,00
24,85000	4,00
24,86667	3,99
24,88333	4,00
24,90000	4,00
24,91667	3,99
24,93333	4,00
24,95000	4,00
24,96667	3,99
24,98333	4,00
25,00000	4,00
25,01667	3,99
25,03333	4,00
25,05000	4,00
25,06667	3,99
25,08333	4,00
25,10000	4,00
25,11667	3,99
25,13333	4,00
25,15000	4,00
25,16667	3,99
25,18333	4,00
25,20000	4,00
25,21667	3,99
25,23333	4,00
25,25000	4,00
25,26667	3,99
25,28333	4,00
25,30000	4,00
25,31667	3,99
25,33333	4,00
25,35000	4,00
25,36667	3,99
25,38333	4,00
25,40000	4,00
25,41667	3,99
25,43333	4,00
25,45000	4,00
25,46667	3,99
25,48333	4,00
25,50000	4,00
25,51667	3,99
25,53333	4,00
25,55000	4,00
25,56667	3,99
25,58333	4,00
25,60000	4,00
25,61667	3,99
25,63333	4,00
25,65000	4,00
25,66667	3,99
25,68333	4,00
25,70000	4,00
25,71667	3,99
25,73333	4,00
25,75000	4,00
25,76667	3,99
25,78333	4,00
25,80000	4,00
25,81667	3,99
25,83333	4,00
25,85000	4,00
25,86667	3,99
25,88333	4,00
25,90000	4,00
25,91667	3,99
25,93333	4,00
25,95000	4,00
25,96667	3,99
25,98333	4,00
26,00000	4,00
26,01667	3,99
26,03333	4,00
26,05000	4,00
26,06667	3,99
26,08333	4,00
26,10000	4,00
26,11667	3,99
26,13333	4,00
26,15000	4,00
26,16667	3,99
26,18333	4,00
26,20000	4,00
26,21667	3,99
26,23333	4,00
26,25000	4,00
26,26667	3,99
26,28333	4,00
26,30000	4,00
26,31667	3,99
26,33333	4,00
26,35000	4,00
26,36667	3,99
26,38333	4,00
26,40000	4,00
26,41667	3,99
26,43333	4,00
26,45000	4,00
26,46667	3,99
26,48333	4,00
26,50000	4,00
26,51667	3,99
26,53333	4,00
26,55000	4,00
26,56667	3,99
26,58333	4,00
26,60000	4,00
26,61667	3,99
26,63333	4,00
26,65000	4,00
26,66667	3,99
26,68333	4,00
26,70000	4,00
26,71667	3,99
26,73333	4,00
26,75000	4,00
26,76667	3,99
26,78333	4,00
26,80000	4,00
26,81667	3,99
26,83333	4,00
26,85000	4,00
26,86667	3,99
26,88333	4,00
26,90000	4,00
26,91667	3,99
26,93333	4,00
26,95000	4,00
26,96667	3,99
26,98333	4,00
27,00000	4,00
27,01667	3,99
27,03333	4,00
27,05000	4,00
27,06667	3,99
27,08333	4,00
27,10000	4,00
27,11667	3,99
27,13333	4,00
27,15000	4,00
27,16667	3,99
27,18333	4,00
27,20000	4,00
27,21667	3,99
27,23333	4,00
27,25000	4,00
27,26667	3,99
27,28333	4,00
27,30000	4,00
27,31667	3,99
27,33333	4,00
27,35000	4,00
27,36667	3,99
27,38333	4,00
27,40000	4,00
27,41667	3,99
27,43333	4,00
27,45000	4,00
27,46667	3,99
27,48333	4,00
27,50000	4,00
27,51667	3,99
27,53333	4,00
27,55000	4,00
27,56667	3,99
27,58333	4,00
27,60000	4,00
27,61667	3,99
27,63333	4,00
27,65000	4,00
27,66667	3,99
27,68333	4,00
27,70000	4,00
27,71667	3,99
27,73333	4,00
27,75000	4,00
27,76667	3,99
27,78333	4,00
27,80000	4,00
27,81667	3,99
27,83333	4,00
27,85000	4,00
27,86667	3,99
27,88333	4,00
27,90000	4,00
27,91667	3,99
27,93333	4,00
27,95000	4,00
27,96667	3,99
27,98333	4,00
28,00000	4,00
28,01667	3,99
28,03333	4,00
28,05000	4,00
28,06667	3,99
28,08333	4,00
28,10000	4,00
28,11667	3,99
28,13333	4,00
28,15000	4,00
28,16667	3,99
28,18333	4,00
28,20000	4,00
28,21667	3,99
28,23333	4,00
28,25000	4,00
28,26667	3,99
28,28333	4,00
28,30000	4,00
28,31667	3,99
28,33333	4,00
28,35000	4,00
28,36667	3,99
28,38333	4,00
28,40000	4,00
28,41667	3,99
28,43333	4,00
28,45000	4,00
28,46667	3,99
28,48333	4,00
28,50000	4,00
28,51667	3,99
28,53333	4,00
28,55000	4,00
28,56667	3,99
28,58333	4,00
28,60000	4,00
28,61667	3,99
28,63333	4,00
28,65000	4,00
28,66667	3,99
28,68333	4,00
28,70000	4,00
28,71667	3,99
28,73333	4,00
28,75000	4,00
28,76667	3,99
28,78333	4,00
28,80000	4,00
28,81667	3,99
28,83333	4,00
28,85000	4,00
28,86667	3,99
28,88333	4,00
28,90000	4,00
28,91667	3,99
28,93333	4,00
28,95000	4,00
28,96667	3,99
28,98333	4,00
29,00000	4,00
29,01667	3,99
29,03333	4,00
29,05000	4,00
29,06667	3,99
29,08333	4,00
29,10000	4,00
29,11667	3,99
29,13333	4,00
29,15000	4,00
29,16667	3,99
29,18333	4,00
29,20000	4,00
29,21667	3,99
29,23333	4,00
29,25000	4,00
29,26667	3,99
29,28333	4,00
29,30000	4,00
29,31667	3,99
29,33333	4,00
29,35000	4,00
29,36667	3,99
29,38333	4,00
29,40000	4,00
29,41667	3,99
29,43333	4,00
29,45000	4,00
29,46667	3,99
29,48333	4,00
29,50000	4,00
29,51667	3,99
29,53333	4,00
29,55000	4,00
29,56667	3,99
29,58333	4,00
29,60000	4,00
29,61667	3,99
29,63333	4,00
29,65000	4,00
29,66667	3,99
29,68333	4,00
29,70000	4,00
29,71667	3,99
29,73333	4,00
29,75000	4,00
29,76667	3,99
29,78333	4,00
29,80000	4,00
29,81667	3,99
29,83333	4,00
29,85000	4,00
29,86667	3,99
29,88333	4,00
29,90000	4,00
29,91667	3,99
29,93333	4,00
29,95000	4,00
29,96667	3,99
29,98333	4,00
30,00000	4,00
30,01667	3,99
30,03333	4,00
30,05000	4,00
30,06667	3,99
30,08333	4,00
30,10000	4,00
30,11667	3,99
30,13333	4,00
30,15000	4,00
30,16667	3,99
30,18333	4,00
30,20000	4,00
30,21667	3,99
30,23333	4,00
30,25000	4,00
30,26667	3,99
30,28333	4,00
30,30000	4,00
30,31667	3,99
30,33333	4,00
30,35000	4,00
30,36667	3,99
30,38333	4,00
30,40000	4,00
30,41667	3,99
30,43333	4,00
30,45000	4,00
30,46667	3,99
30,48333	4,00
30,50000	4,00
30,51667	3,99
30,53333	4,00
30,55000	4,00
30,56667	3,99
30,58333	4,00
30,60000	4,00
30,61667	3,99
30,63333	4,00
30,65000	4,00
30,66667	3,99
30,68333	4,00
30,70000	4,00
30,71667	3,99
30,73333	4,00
30,75000	4,00
30,76667	3,99
30,78333	4,00
30,80000	4,00
30,81667	3,99
30,83333	4,00
30,85000	4,00
30,86667	3,99
30,88333	4,00
30,90000	4,00
30,91667	3,99
30,93333	4,00
30,95000	4,00
30,96667	3,99
30,98333	4,00
31,00000	4,00
31,01667	3,99
31,03333	4,00
31,05000	4,00
31,06667	3,99
31,08333	4,00
31,10000	4,00
31,11667	3,99
31,13333	4,00
31,15000	4,00
31,16667	3,99
31,18333	4,00
31,20000	4,00
31,21667	3,99
31,23333	4,00
31,25000	4,00
31,26667	3,99
31,28333	4,00
31,30000	4,00
31,31667	3,99
31,33333	4,00
31,35000	4,00
31,36667	3,99
31,38333	4,00
31,40000	4,00
31,41667	3,99
31,43333	4,00
31,45000	4,00
31,46667	3,99
31,48333	4,00
31,50000	4,00
31,51667	3,99
31,53333	4,00
31,55000	4,00
31,56667	3,99
31,58333	4,00
31,60000	4,00
31,61667	3,99
31,63333	4,00
31,65000	4,00
31,66667	3,99
31,68333	4,00
31,70000	4,00
31,71667	3,99
31,73333	4,00
31,75000	4,00
31,76667	3,99
31,78333	4,00
31,80000	4,00
31,81667	3,99
31,83333	4,00
31,85000	4,00
31,86667	3,99
31,88333	4,00
31,90000	4,00
31,91667	3,99
31,93333	4,00
31,95000	4,00
31,96667	3,99
31,98333	4,00
32,00000	4,00

[LC Status Trace(Oven Temp.)]
Interval(msec)	1000
# of Points	1921
Start Time(min)	0,000
End Time(min)	32,000
Intensity Units	C
Intensity Multiplier	1
R.Time (min)	Intensity
0,00000	49,99
0,01667	49,99
0,03333	49,99
0,05000	49,99
0,06667	49,99
0,08333	49,99
0,10000	49,99
0,11667	49,99
0,13333	49,99
0,15000	49,99
0,16667	49,99
0,18333	49,99
0,20000	49,99
0,21667	49,99
0,23333	49,99
0,25000	49,99
0,26667	49,99
0,28333	49,99
0,30000	49,99
0,31667	50,00
0,33333	50,00
0,35000	50,00
0,36667	50,00
0,38333	50,00
0,40000	50,00
0,41667	50,00
0,43333	50,00
0,45000	50,00
0,46667	50,00
0,48333	50,00
0,50000	50,00
0,51667	50,00
0,53333	50,00
0,55000	50,00
0,56667	50,00
0,58333	50,00
0,60000	50,00
0,61667	50,00
0,63333	50,00
0,65000	50,00
0,66667	50,00
0,68333	50,00
0,70000	50,00
0,71667	50,00
0,73333	50,00
0,75000	50,00
0,76667	50,00
0,78333	50,00
0,80000	50,00
0,81667	50,00
0,83333	50,00
0,85000	50,00
0,86667	50,00
0,88333	50,00
0,90000	50,00
0,91667	50,00
0,93333	50,00
0,95000	50,00
0,96667	49,99
0,98333	49,99
1,00000	49,99
1,01667	49,99
1,03333	49,99
1,05000	49,99
1,06667	49,99
1,08333	49,99
1,10000	49,99
1,11667	49,99
1,13333	49,99
1,15000	49,99
1,16667	49,99
1,18333	49,99
1,20000	49,99
1,21667	49,99
1,23333	49,99
1,25000	49,99
1,26667	49,99
1,28333	49,99
1,30000	49,99
1,31667	49,99
1,33333	49,99
1,35000	49,99
1,36667	49,99
1,38333	49,99
1,40000	49,99
1,41667	49,99
1,43333	49,99
1,45000	49,99
1,46667	49,99
1,48333	49,99
1,50000	49,99
1,51667	49,99
1,53333	50,00
1,55000	50,00
1,56667	50,00
1,58333	50,00
1,60000	50,00
1,61667	50,00
1,63333	50,00
1,65000	50,00
1,66667	50,00
1,68333	50,00
1,70000	50,00
1,71667	50,00
1,73333	50,00
1,75000	50,00
1,76667	50,00
1,78333	50,00
1,80000	50,00
1,81667	50,00
1,83333	50,00
1,85000	50,00
1,86667	50,00
1,88333	50,00
1,90000	50,00
1,91667	50,00
1,93333	50,00
1,95000	50,00
1,96667	50,00
1,98333	50,00
2,00000	50,00
2,01667	50,00
2,03333	50,00
2,05000	50,00
2,06667	50,00
2,08333	50,00
2,10000	50,00
2,11667	50,00
2,13333	50,00
2,15000	50,00
2,16667	50,00
2,18333	50,00
2,20000	50,00
2,21667	50,00
2,23333	50,00
2,25000	50,00
2,26667	50,00
2,28333	50,00
2,30000	50,00
2,31667	50,00
2,33333	50,00
2,35000	50,00
2,36667	50,00
2,38333	50,00
2,40000	50,00
2,41667	50,00
2,43333	50,00
2,45000	50,00
2,46667	50,00
2,48333	50,00
2,50000	49,99
2,51667	49,99
2,53333	49,99
2,55000	49,99
2,56667	49,99
2,58333	49,99
2,60000	49,99
2,61667	49,99
2,63333	49,99
2,65000	49,99
2,66667	49,99
2,68333	49,99
2,70000	49,99
2,71667	49,99
2,73333	49,99
2,75000	49,99
2,76667	49,99
2,78333	49,99
2,80000	49,99
2,81667	49,99
2,83333	49,99
2,85000	49,99
2,86667	49,99
2,88333	49,99
2,90000	49,99
2,91667	49,99
2,93333	49,99
2,95000	49,99
2,96667	49,99
2,98333	49,99
3,00000	49,99
3,01667	49,99
3,03333	49,99
3,05000	49,99
3,06667	49,99
3,08333	49,99
3,10000	49,99
3,11667	49,99
3,13333	49,99
3,15000	49,99
3,16667	49,99
3,18333	49,99
3,20000	49,99
3,21667	49,99
3,23333	49,99
3,25000	50,00
3,26667	50,00
3,28333	50,00
3,30000	50,00
3,31667	50,00
3,33333	50,00
3,35000	50,00
3,36667	50,00
3,38333	50,00
3,40000	50,00
3,41667	50,00
3,43333	50,00
3,45000	50,00
3,46667	50,00
3,48333	50,00
3,50000	50,00
3,51667	50,00
3,53333	50,00
3,55000	50,00
3,56667	50,00
3,58333	50,00
3,60000	50,00
3,61667	50,00
3,63333	50,00
3,65000	50,00
3,66667	50,00
3,68333	50,00
3,70000	50,00
3,71667	50,00
3,73333	50,00
3,75000	50,00
3,76667	50,00
3,78333	50,00
3,80000	50,00
3,81667	50,00
3,83333	50,00
3,85000	50,00
3,86667	50,00
3,88333	50,00
3,90000	50,00
3,91667	50,00
3,93333	50,00
3,95000	50,00
3,96667	50,00
3,98333	50,00
4,00000	50,00
4,01667	50,00
4,03333	50,00
4,05000	50,00
4,06667	50,00
4,08333	50,00
4,10000	50,00
4,11667	50,00
4,13333	49,99
4,15000	49,99
4,16667	49,99
4,18333	49,99
4,20000	49,99
4,21667	49,99
4,23333	49,99
4,25000	49,99
4,26667	49,99
4,28333	49,99
4,30000	49,99
4,31667	49,99
4,33333	49,99
4,35000	49,99
4,36667	49,99
4,38333	49,99
4,40000	49,99
4,41667	49,99
4,43333	49,99
4,45000	49,99
4,46667	49,99
4,48333	49,99
4,50000	49,99
4,51667	49,99
4,53333	49,99
4,55000	49,99
4,56667	49,99
4,58333	49,99
4,60000	49,99
4,61667	49,99
4,63333	49,99
4,65000	49,99
4,66667	49,99
4,68333	49,99
4,70000	49,99
4,71667	49,99
4,73333	49,99
4,75000	49,99
4,76667	49,99
4,78333	49,99
4,80000	49,99
4,81667	49,99
4,83333	50,00
4,85000	50,00
4,86667	50,00
4,88333	50,00
4,90000	50,00
4,91667	50,00
4,93333	50,00
4,95000	50,00
4,96667	50,00
4,98333	50,00
5,00000	50,00
5,01667	50,00
5,03333	50,00
5,05000	50,00
5,06667	50,00
5,08333	50,00
5,10000	50,00
5,11667	50,00
5,13333	50,00
5,15000	50,00
5,16667	50,00
5,18333	50,00
5,20000	50,00
5,21667	50,00
5,23333	50,00
5,25000	50,00
5,26667	50,00
5,28333	50,00
5,30000	50,00
5,31667	50,00
5,33333	50,00
5,35000	50,00
5,36667	50,00
5,38333	50,00
5,40000	50,00
5,41667	50,00
5,43333	50,00
5,45000	50,00
5,46667	50,00
5,48333	50,00
5,50000	50,00
5,51667	50,00
5,53333	50,00
5,55000	50,00
5,56667	50,00
5,58333	50,00
5,60000	50,00
5,61667	50,00
5,63333	50,00
5,65000	50,00
5,66667	50,00
5,68333	50,00
5,70000	50,00
5,71667	50,00
5,73333	50,00
5,75000	50,00
5,76667	50,00
5,78333	50,00
5,80000	50,00
5,81667	50,00
5,83333	50,00
5,85000	50,00
5,86667	49,99
5,88333	49,99
5,90000	49,99
5,91667	49,99
5,93333	49,99
5,95000	49,99
5,96667	49,99
5,98333	49,99
6,00000	49,99
6,01667	49,99
6,03333	49,99
6,05000	49,99
6,06667	49,99
6,08333	49,99
6,10000	49,99
6,11667	49,99
6,13333	49,99
6,15000	49,99
6,16667	49,99
6,18333	49,99
6,20000	49,99
6,21667	49,99
6,23333	49,99
6,25000	49,99
6,26667	49,99
6,28333	49,99
6,30000	49,99
6,31667	49,99
6,33333	49,99
6,35000	49,99
6,36667	49,99
6,38333	49,99
6,40000	49,99
6,41667	49,99
6,43333	49,99
6,45000	49,99
6,46667	49,99
6,48333	49,99
6,50000	49,99
6,51667	49,99
6,53333	49,99
6,55000	49,99
6,56667	49,99
6,58333	49,99
6,60000	49,99
6,61667	49,99
6,63333	49,99
6,65000	49,99
6,66667	49,99
6,68333	49,99
6,70000	49,99
6,71667	49,99
6,73333	49,99
6,75000	49,99
6,76667	49,99
6,78333	49,99
6,80000	49,99
6,81667	49,99
6,83333	49,99
6,85000	49,99
6,86667	50,00
6,88333	50,00
6,90000	50,00
6,91667	50,00
6,93333	50,00
6,95000	50,00
6,96667	50,00
6,98333	50,00
7,00000	50,00
7,01667	50,00
7,03333	50,00
7,05000	50,00
7,06667	50,00
7,08333	50,00
7,10000	50,00
7,11667	50,00
7,13333	50,00
7,15000	50,00
7,16667	49,99
7,18333	49,99
7,20000	49,99
7,21667	49,99
7,23333	49,99
7,25000	49,99
7,26667	49,99
7,28333	49,99
7,30000	49,99
7,31667	49,99
7,33333	49,99
7,35000	49,99
7,36667	49,99
7,38333	49,99
7,40000	49,99
7,41667	49,99
7,43333	49,99
7,45000	49,99
7,46667	49,99
7,48333	49,99
7,50000	49,99
7,51667	49,99
7,53333	49,99
7,55000	49,99
7,56667	49,99
7,58333	49,99
7,60000	49,99
7,61667	49,99
7,63333	49,99
7,65000	49,99
7,66667	49,99
7,68333	49,99
7,70000	49,99
7,71667	49,99
7,73333	49,99
7,75000	49,99
7,76667	49,99
7,78333	49,99
7,80000	49,99
7,81667	49,99
7,83333	49,99
7,85000	49,99
7,86667	49,99
7,88333	50,00
7,90000	50,00
7,91667	50,00
7,93333	50,00
7,95000	50,00
7,96667	50,00
7,98333	50,00
8,00000	50,00
8,01667	49,99
8,03333	49,99
8,05000	49,99
8,06667	49,99
8,08333	49,99
8,10000	49,99
8,11667	49,99
8,13333	49,99
8,15000	49,99
8,16667	49,99
8,18333	49,99
8,20000	49,99
8,21667	49,99
8,23333	49,99
8,25000	49,99
8,26667	49,99
8,28333	49,99
8,30000	49,99
8,31667	49,99
8,33333	49,99
8,35000	49,99
8,36667	49,99
8,38333	49,99
8,40000	49,99
8,41667	49,99
8,43333	49,99
8,45000	49,99
8,46667	49,99
8,48333	49,99
8,50000	49,99
8,51667	50,00
8,53333	50,00
8,55000	50,00
8,56667	50,00
8,58333	50,00
8,60000	50,00
8,61667	50,00
8,63333	50,00
8,65000	50,00
8,66667	50,00
8,68333	50,00
8,70000	50,00
8,71667	50,00
8,73333	50,00
8,75000	50,00
8,76667	50,00
8,78333	50,00
8,80000	50,00
8,81667	50,00
8,83333	50,00
8,85000	50,00
8,86667	49,99
8,88333	49,99
8,90000	49,99
8,91667	49,99
8,93333	49,99
8,95000	49,99
8,96667	49,99
8,98333	49,99
9,00000	49,99
9,01667	49,99
9,03333	49,99
9,05000	49,99
9,06667	49,99
9,08333	49,99
9,10000	49,99
9,11667	49,99
9,13333	49,99
9,15000	50,00
9,16667	50,00
9,18333	49,99
9,20000	49,99
9,21667	49,99
9,23333	49,99
9,25000	49,99
9,26667	49,99
9,28333	49,99
9,30000	49,99
9,31667	49,99
9,33333	49,99
9,35000	49,99
9,36667	49,99
9,38333	49,99
9,40000	49,99
9,41667	49,99
9,43333	49,99
9,45000	49,99
9,46667	49,99
9,48333	49,99
9,50000	49,99
9,51667	49,99
9,53333	49,99
9,55000	49,99
9,56667	49,99
9,58333	49,99
9,60000	49,99
9,61667	49,99
9,63333	50,00
9,65000	50,00
9,66667	50,00
9,68333	50,00
9,70000	50,00
9,71667	50,00
9,73333	50,00
9,75000	50,00
9,76667	50,00
9,78333	50,00
9,80000	50,00
9,81667	49,99
9,83333	49,99
9,85000	49,99
9,86667	49,99
9,88333	49,99
9,90000	49,99
9,91667	49,99
9,93333	49,99
9,95000	49,99
9,96667	49,99
9,98333	49,99
10,00000	49,99
10,01667	49,99
10,03333	49,99
10,05000	49,99
10,06667	49,99
10,08333	49,99
10,10000	49,99
10,11667	49,99
10,13333	49,99
10,15000	49,99
10,16667	49,99
10,18333	49,99
10,20000	49,99
10,21667	49,99
10,23333	49,99
10,25000	49,99
10,26667	49,99
10,28333	49,99
10,30000	49,99
10,31667	49,99
10,33333	50,00
10,35000	50,00
10,36667	50,00
10,38333	50,00
10,40000	50,00
10,41667	50,00
10,43333	50,00
10,45000	50,00
10,46667	50,00
10,48333	50,00
10,50000	50,00
10,51667	50,00
10,53333	50,00
10,55000	50,00
10,56667	50,00
10,58333	50,00
10,60000	50,00
10,61667	50,00
10,63333	50,00
10,65000	50,00
10,66667	50,00
10,68333	50,00
10,70000	50,00
10,71667	50,00
10,73333	50,00
10,75000	50,00
10,76667	50,00
10,78333	50,00
10,80000	50,00
10,81667	50,00
10,83333	50,00
10,85000	50,00
10,86667	50,00
10,88333	50,00
10,90000	50,00
10,91667	50,00
10,93333	50,00
10,95000	50,00
10,96667	50,00
10,98333	50,00
11,00000	50,00
11,01667	50,00
11,03333	50,00
11,05000	50,00
11,06667	50,00
11,08333	50,00
11,10000	50,00
11,11667	50,00
11,13333	50,00
11,15000	50,00
11,16667	50,00
11,18333	50,00
11,20000	50,00
11,21667	49,99
11,23333	49,99
11,25000	49,99
11,26667	49,99
11,28333	49,99
11,30000	49,99
11,31667	49,99
11,33333	49,99
11,35000	49,99
11,36667	49,99
11,38333	49,99
11,40000	49,99
11,41667	49,99
11,43333	49,99
11,45000	49,99
11,46667	49,99
11,48333	49,99
11,50000	49,99
11,51667	49,99
11,53333	49,99
11,55000	49,99
11,56667	49,99
11,58333	49,99
11,60000	49,99
11,61667	49,99
11,63333	49,99
11,65000	49,99
11,66667	49,99
11,68333	50,00
11,70000	50,00
11,71667	50,00
11,73333	50,00
11,75000	50,00
11,76667	50,00
11,78333	50,00
11,80000	50,00
11,81667	50,00
11,83333	50,00
11,85000	50,00
11,86667	50,00
11,88333	50,00
11,90000	50,00
11,91667	50,00
11,93333	50,00
11,95000	50,00
11,96667	50,00
11,98333	50,00
12,00000	50,00
12,01667	50,00
12,03333	50,00
12,05000	50,00
12,06667	50,00
12,08333	50,00
12,10000	50,00
12,11667	50,00
12,13333	50,00
12,15000	50,00
12,16667	50,00
12,18333	50,00
12,20000	50,00
12,21667	50,00
12,23333	50,00
12,25000	50,00
12,26667	50,00
12,28333	50,00
12,30000	50,00
12,31667	50,00
12,33333	50,00
12,35000	50,00
12,36667	50,00
12,38333	50,00
12,40000	50,00
12,41667	50,00
12,43333	50,00
12,45000	50,00
12,46667	50,00
12,48333	50,00
12,50000	50,00
12,51667	50,00
12,53333	50,00
12,55000	50,00
12,56667	50,00
12,58333	50,00
12,60000	50,00
12,61667	50,00
12,63333	50,00
12,65000	50,00
12,66667	50,00
12,68333	50,00
12,70000	50,00
12,71667	50,00
12,73333	50,00
12,75000	50,00
12,76667	50,00
12,78333	50,00
12,80000	50,00
12,81667	50,00
12,83333	50,00
12,85000	50,00
12,86667	50,00
12,88333	50,00
12,90000	50,00
12,91667	50,00
12,93333	50,00
12,95000	50,00
12,96667	50,00
12,98333	50,00
13,00000	50,00
13,01667	50,00
13,03333	50,00
13,05000	50,00
13,06667	50,00
13,08333	49,99
13,10000	49,99
13,11667	49,99
13,13333	49,99
13,15000	49,99
13,16667	49,99
13,18333	49,99
13,20000	49,99
13,21667	49,99
13,23333	49,99
13,25000	49,99
13,26667	49,99
13,28333	49,99
13,30000	49,99
13,31667	49,99
13,33333	49,99
13,35000	49,99
13,36667	49,99
13,38333	49,99
13,40000	49,99
13,41667	49,99
13,43333	49,99
13,45000	49,99
13,46667	49,99
13,48333	49,99
13,50000	49,99
13,51667	49,99
13,53333	49,99
13,55000	49,99
13,56667	49,99
13,58333	49,99
13,60000	49,99
13,61667	49,99
13,63333	49,99
13,65000	49,99
13,66667	49,99
13,68333	49,99
13,70000	49,99
13,71667	49,99
13,73333	49,99
13,75000	49,99
13,76667	49,99
13,78333	49,99
13,80000	49,99
13,81667	49,99
13,83333	49,99
13,85000	49,99
13,86667	49,99
13,88333	49,99
13,90000	49,99
13,91667	49,99
13,93333	49,99
13,95000	49,99
13,96667	49,99
13,98333	49,99
14,00000	49,99
14,01667	49,99
14,03333	49,99
14,05000	49,99
14,06667	49,99
14,08333	49,99
14,10000	49,99
14,11667	49,99
14,13333	49,99
14,15000	49,99
14,16667	49,99
14,18333	49,99
14,20000	49,99
14,21667	49,99
14,23333	49,99
14,25000	49,99
14,26667	49,99
14,28333	49,99
14,30000	49,99
14,31667	49,99
14,33333	49,99
14,35000	49,99
14,36667	49,99
14,38333	50,00
14,40000	50,00
14,41667	50,00
14,43333	50,00
14,45000	50,00
14,46667	50,00
14,48333	50,00
14,50000	50,00
14,51667	50,00
14,53333	50,00
14,55000	50,00
14,56667	50,00
14,58333	50,00
14,60000	50,00
14,61667	50,00
14,63333	50,00
14,65000	50,00
14,66667	50,00
14,68333	50,00
14,70000	50,00
14,71667	50,00
14,73333	50,00
14,75000	50,00
14,76667	50,00
14,78333	50,00
14,80000	50,00
14,81667	50,00
14,83333	50,00
14,85000	50,00
14,86667	50,00
14,88333	50,00
14,90000	50,00
14,91667	50,00
14,93333	50,00
14,95000	50,00
14,96667	50,00
14,98333	50,00
15,00000	50,00
15,01667	50,00
15,03333	50,00
15,05000	50,00
15,06667	50,00
15,08333	50,00
15,10000	50,00
15,11667	50,00
15,13333	50,00
15,15000	50,00
15,16667	50,00
15,18333	50,00
15,20000	50,00
15,21667	50,00
15,23333	50,00
15,25000	50,00
15,26667	50,00
15,28333	50,00
15,30000	50,00
15,31667	50,00
15,33333	50,00
15,35000	50,00
15,36667	50,00
15,38333	50,00
15,40000	50,00
15,41667	50,00
15,43333	50,00
15,45000	50,00
15,46667	50,00
15,48333	49,99
15,50000	49,99
15,51667	49,99
15,53333	49,99
15,55000	49,99
15,56667	49,99
15,58333	49,99
15,60000	49,99
15,61667	49,99
15,63333	49,99
15,65000	49,99
15,66667	49,99
15,68333	49,99
15,70000	49,99
15,71667	50,00
15,73333	50,00
15,75000	50,00
15,76667	50,00
15,78333	50,00
15,80000	50,00
15,81667	50,00
15,83333	50,00
15,85000	50,00
15,86667	50,00
15,88333	50,00
15,90000	50,00
15,91667	50,00
15,93333	50,00
15,95000	50,00
15,96667	50,00
15,98333	50,00
16,00000	50,00
16,01667	50,00
16,03333	50,00
16,05000	50,00
16,06667	50,00
16,08333	50,00
16,10000	50,00
16,11667	50,00
16,13333	50,00
16,15000	50,00
16,16667	50,00
16,18333	50,00
16,20000	50,00
16,21667	50,00
16,23333	50,00
16,25000	50,00
16,26667	50,00
16,28333	50,00
16,30000	50,00
16,31667	50,00
16,33333	49,99
16,35000	50,00
16,36667	50,00
16,38333	50,00
16,40000	50,00
16,41667	49,99
16,43333	49,99
16,45000	49,99
16,46667	49,99
16,48333	49,99
16,50000	49,99
16,51667	49,99
16,53333	49,99
16,55000	49,99
16,56667	49,99
16,58333	49,99
16,60000	49,99
16,61667	49,99
16,63333	49,99
16,65000	49,99
16,66667	49,99
16,68333	49,99
16,70000	49,99
16,71667	49,99
16,73333	49,99
16,75000	49,99
16,76667	49,99
16,78333	49,99
16,80000	49,99
16,81667	49,99
16,83333	49,99
16,85000	49,99
16,86667	49,99
16,88333	49,99
16,90000	49,99
16,91667	49,99
16,93333	49,99
16,95000	49,99
16,96667	49,99
16,98333	49,99
17,00000	49,99
17,01667	49,99
17,03333	49,99
17,05000	49,99
17,06667	49,99
17,08333	49,99
17,10000	49,99
17,11667	49,99
17,13333	49,99
17,15000	49,99
17,16667	49,99
17,18333	49,99
17,20000	49,99
17,21667	49,99
17,23333	49,99
17,25000	50,00
17,26667	50,00
17,28333	50,00
17,30000	50,00
17,31667	50,00
17,33333	50,00
17,35000	50,00
17,36667	50,00
17,38333	50,00
17,40000	50,00
17,41667	50,00
17,43333	50,00
17,45000	50,00
17,46667	50,00
17,48333	50,00
17,50000	50,00
17,51667	50,00
17,53333	50,00
17,55000	50,00
17,56667	50,00
17,58333	50,00
17,60000	50,00
17,61667	50,00
17,63333	50,00
17,65000	50,00
17,66667	50,00
17,68333	50,00
17,70000	50,00
17,71667	50,00
17,73333	50,00
17,75000	50,00
17,76667	50,00
17,78333	50,00
17,80000	50,00
17,81667	50,00
17,83333	50,00
17,85000	50,00
17,86667	50,00
17,88333	50,00
17,90000	50,00
17,91667	50,00
17,93333	50,00
17,95000	50,00
17,96667	49,99
17,98333	49,99
18,00000	49,99
18,01667	49,99
18,03333	49,99
18,05000	49,99
18,06667	49,99
18,08333	49,99
18,10000	49,99
18,11667	49,99
18,13333	49,99
18,15000	49,99
18,16667	49,99
18,18333	49,99
18,20000	49,99
18,21667	49,99
18,23333	49,99
18,25000	49,99
18,26667	49,99
18,28333	49,99
18,30000	49,99
18,31667	49,99
18,33333	49,99
18,35000	49,99
18,36667	49,99
18,38333	49,99
18,40000	49,99
18,41667	49,99
18,43333	49,99
18,45000	49,99
18,46667	49,99
18,48333	49,99
18,50000	49,99
18,51667	49,99
18,53333	49,99
18,55000	49,99
18,56667	49,99
18,58333	49,99
18,60000	49,99
18,61667	49,99
18,63333	49,99
18,65000	49,99
18,66667	49,99
18,68333	49,99
18,70000	49,99
18,71667	49,99
18,73333	50,00
18,75000	50,00
18,76667	50,00
18,78333	50,00
18,80000	50,00
18,81667	50,00
18,83333	50,00
18,85000	50,00
18,86667	50,00
18,88333	50,00
18,90000	50,00
18,91667	50,00
18,93333	50,00
18,95000	50,00
18,96667	50,00
18,98333	50,00
19,00000	50,00
19,01667	50,00
19,03333	50,00
19,05000	50,00
19,06667	50,00
19,08333	50,00
19,10000	50,00
19,11667	50,00
19,13333	50,00
19,15000	50,00
19,16667	50,00
19,18333	50,00
19,20000	50,00
19,21667	50,00
19,23333	50,00
19,25000	50,00
19,26667	50,00
19,28333	50,00
19,30000	50,00
19,31667	50,00
19,33333	50,00
19,35000	50,00
19,36667	50,00
19,38333	50,00
19,40000	50,00
19,41667	50,00
19,43333	50,00
19,45000	50,00
19,46667	50,00
19,48333	50,00
19,50000	50,00
19,51667	50,00
19,53333	50,00
19,55000	50,00
19,56667	50,00
19,58333	50,00
19,60000	50,00
19,61667	50,00
19,63333	50,00
19,65000	50,00
19,66667	50,00
19,68333	50,00
19,70000	50,00
19,71667	50,00
19,73333	50,00
19,75000	50,00
19,76667	50,00
19,78333	50,00
19,80000	50,00
19,81667	50,00
19,83333	50,00
19,85000	50,00
19,86667	50,00
19,88333	50,00
19,90000	50,00
19,91667	50,00
19,93333	50,00
19,95000	50,00
19,96667	50,00
19,98333	50,00
20,00000	50,00
20,01667	50,00
20,03333	50,00
20,05000	50,00
20,06667	50,00
20,08333	49,99
20,10000	49,99
20,11667	49,99
20,13333	49,99
20,15000	49,99
20,16667	49,99
20,18333	49,99
20,20000	49,99
20,21667	49,99
20,23333	49,99
20,25000	49,99
20,26667	49,99
20,28333	49,99
20,30000	49,99
20,31667	49,99
20,33333	49,99
20,35000	49,99
20,36667	49,99
20,38333	49,99
20,40000	49,99
20,41667	49,99
20,43333	49,99
20,45000	49,99
20,46667	49,99
20,48333	49,99
20,50000	49,99
20,51667	49,99
20,53333	49,99
20,55000	49,99
20,56667	49,99
20,58333	49,99
20,60000	49,99
20,61667	49,99
20,63333	49,99
20,65000	49,99
20,66667	49,99
20,68333	49,99
20,70000	49,99
20,71667	49,99
20,73333	49,99
20,75000	49,99
20,76667	49,99
20,78333	49,99
20,80000	49,99
20,81667	49,99
20,83333	49,99
20,85000	49,99
20,86667	49,99
20,88333	49,99
20,90000	49,99
20,91667	49,99
20,93333	49,99
20,95000	50,00
20,96667	50,00
20,98333	50,00
21,00000	50,00
21,01667	50,00
21,03333	50,00
21,05000	50,00
21,06667	50,00
21,08333	50,00
21,10000	50,00
21,11667	50,00
21,13333	50,00
21,15000	50,00
21,16667	50,00
21,18333	50,00
21,20000	50,00
21,21667	50,00
21,23333	50,00
21,25000	50,00
21,26667	50,00
21,28333	50,00
21,30000	50,00
21,31667	50,00
21,33333	50,00
21,35000	50,00
21,36667	50,00
21,38333	50,00
21,40000	50,00
21,41667	50,00
21,43333	50,00
21,45000	50,00
21,46667	50,00
21,48333	50,00
21,50000	50,00
21,51667	50,00
21,53333	50,00
21,55000	50,00
21,56667	50,00
21,58333	50,00
21,60000	50,00
21,61667	50,00
21,63333	50,00
21,65000	50,00
21,66667	50,00
21,68333	50,00
21,70000	50,00
21,71667	50,00
21,73333	50,00
21,75000	50,00
21,76667	50,00
21,78333	50,00
21,80000	50,00
21,81667	50,00
21,83333	50,00
21,85000	50,00
21,86667	50,00
21,88333	50,00
21,90000	50,00
21,91667	50,00
21,93333	50,00
21,95000	50,00
21,96667	50,00
21,98333	50,00
22,00000	50,00
22,01667	50,00
22,03333	50,00
22,05000	50,00
22,06667	50,00
22,08333	50,00
22,10000	50,00
22,11667	50,00
22,13333	50,00
22,15000	50,00
22,16667	50,00
22,18333	50,00
22,20000	50,00
22,21667	50,00
22,23333	50,00
22,25000	50,00
22,26667	50,00
22,28333	50,00
22,30000	50,00
22,31667	50,00
22,33333	50,00
22,35000	50,00
22,36667	50,00
22,38333	50,00
22,40000	50,00
22,41667	50,00
22,43333	50,00
22,45000	50,00
22,46667	50,00
22,48333	50,00
22,50000	50,00
22,51667	50,00
22,53333	50,00
22,55000	50,00
22,56667	50,00
22,58333	49,99
22,60000	49,99
22,61667	49,99
22,63333	49,99
22,65000	49,99
22,66667	49,99
22,68333	49,99
22,70000	49,99
22,71667	49,99
22,73333	49,99
22,75000	49,99
22,76667	49,99
22,78333	49,99
22,80000	49,99
22,81667	49,99
22,83333	49,99
22,85000	49,99
22,86667	49,99
22,88333	49,99
22,90000	49,99
22,91667	49,99
22,93333	49,99
22,95000	49,99
22,96667	49,99
22,98333	49,99
23,00000	49,99
23,01667	49,99
23,03333	49,99
23,05000	49,99
23,06667	49,99
23,08333	49,99
23,10000	49,99
23,11667	49,99
23,13333	50,00
23,15000	50,00
23,16667	50,00
23,18333	50,00
23,20000	50,00
23,21667	50,00
23,23333	50,00
23,25000	50,00
23,26667	50,00
23,28333	50,00
23,30000	50,00
23,31667	50,00
23,33333	50,00
23,35000	50,00
23,36667	50,00
23,38333	50,00
23,40000	50,00
23,41667	50,00
23,43333	50,00
23,45000	50,00
23,46667	50,00
23,48333	50,00
23,50000	50,00
23,51667	50,00
23,53333	50,00
23,55000	50,00
23,56667	50,00
23,58333	50,00
23,60000	50,00
23,61667	50,00
23,63333	50,00
23,65000	50,00
23,66667	50,00
23,68333	50,00
23,70000	50,00
23,71667	50,00
23,73333	50,00
23,75000	50,00
23,76667	50,00
23,78333	50,00
23,80000	50,00
23,81667	50,00
23,83333	50,00
23,85000	50,00
23,86667	50,00
23,88333	50,00
23,90000	50,00
23,91667	50,00
23,93333	50,00
23,95000	50,00
23,96667	50,00
23,98333	50,00
24,00000	50,00
24,01667	50,00
24,03333	50,00
24,05000	50,00
24,06667	50,00
24,08333	50,00
24,10000	50,00
24,11667	50,00
24,13333	50,00
24,15000	50,00
24,16667	50,00
24,18333	50,00
24,20000	50,00
24,21667	50,00
24,23333	50,00
24,25000	50,00
24,26667	50,00
24,28333	50,00
24,30000	50,00
24,31667	50,00
24,33333	50,00
24,35000	50,00
24,36667	50,00
24,38333	50,00
24,40000	50,00
24,41667	50,00
24,43333	50,00
24,45000	50,00
24,46667	50,00
24,48333	50,00
24,50000	50,00
24,51667	50,00
24,53333	50,00
24,55000	50,00
24,56667	50,00
24,58333	50,00
24,60000	50,00
24,61667	49,99
24,63333	49,99
24,65000	49,99
24,66667	49,99
24,68333	49,99
24,70000	49,99
24,71667	49,99
24,73333	49,99
24,75000	49,99
24,76667	49,99
24,78333	49,99
24,80000	49,99
24,81667	49,99
24,83333	49,99
24,85000	49,99
24,86667	49,99
24,88333	49,99
24,90000	49,99
24,91667	50,00
24,93333	50,00
24,95000	50,00
24,96667	50,00
24,98333	50,00
25,00000	50,00
25,01667	50,00
25,03333	50,00
25,05000	50,00
25,06667	50,00
25,08333	50,00
25,10000	50,00
25,11667	50,00
25,13333	50,00
25,15000	50,00
25,16667	50,00
25,18333	50,00
25,20000	50,00
25,21667	50,00
25,23333	50,00
25,25000	50,00
25,26667	50,00
25,28333	50,00
25,30000	50,00
25,31667	50,00
25,33333	50,00
25,35000	50,00
25,36667	50,00
25,38333	50,00
25,40000	50,00
25,41667	50,00
25,43333	50,00
25,45000	50,00
25,46667	50,00
25,48333	49,99
25,50000	49,99
25,51667	49,99
25,53333	49,99
25,55000	49,99
25,56667	49,99
25,58333	49,99
25,60000	49,99
25,61667	49,99
25,63333	49,99
25,65000	49,99
25,66667	49,99
25,68333	49,99
25,70000	49,99
25,71667	49,99
25,73333	49,99
25,75000	49,99
25,76667	49,99
25,78333	49,99
25,80000	49,99
25,81667	49,99
25,83333	49,99
25,85000	49,99
25,86667	49,99
25,88333	49,99
25,90000	49,99
25,91667	49,99
25,93333	49,99
25,95000	49,99
25,96667	49,99
25,98333	49,99
26,00000	49,99
26,01667	49,99
26,03333	49,99
26,05000	49,99
26,06667	49,99
26,08333	49,99
26,10000	49,99
26,11667	49,99
26,13333	49,99
26,15000	49,99
26,16667	49,99
26,18333	49,99
26,20000	49,99
26,21667	49,99
26,23333	49,99
26,25000	49,99
26,26667	49,99
26,28333	49,99
26,30000	49,99
26,31667	49,99
26,33333	49,99
26,35000	49,99
26,36667	49,99
26,38333	49,99
26,40000	49,99
26,41667	49,99
26,43333	49,99
26,45000	49,99
26,46667	49,99
26,48333	49,99
26,50000	49,99
26,51667	49,99
26,53333	49,99
26,55000	49,99
26,56667	49,99
26,58333	49,99
26,60000	49,99
26,61667	49,99
26,63333	49,99
26,65000	49,99
26,66667	49,99
26,68333	49,99
26,70000	49,99
26,71667	49,99
26,73333	49,99
26,75000	49,99
26,76667	49,99
26,78333	49,99
26,80000	49,99
26,81667	49,99
26,83333	49,99
26,85000	49,99
26,86667	49,99
26,88333	49,99
26,90000	49,99
26,91667	49,99
26,93333	49,99
26,95000	49,99
26,96667	49,99
26,98333	49,99
27,00000	49,99
27,01667	49,99
27,03333	49,99
27,05000	49,99
27,06667	49,99
27,08333	49,99
27,10000	49,99
27,11667	49,99
27,13333	49,99
27,15000	49,99
27,16667	49,99
27,18333	49,99
27,20000	49,99
27,21667	49,99
27,23333	49,99
27,25000	49,99
27,26667	49,99
27,28333	49,99
27,30000	49,99
27,31667	49,99
27,33333	49,99
27,35000	49,99
27,36667	49,99
27,38333	49,99
27,40000	49,99
27,41667	49,99
27,43333	49,99
27,45000	49,99
27,46667	49,99
27,48333	49,99
27,50000	49,99
27,51667	49,99
27,53333	49,99
27,55000	49,99
27,56667	49,99
27,58333	49,99
27,60000	49,99
27,61667	49,99
27,63333	49,99
27,65000	49,99
27,66667	49,99
27,68333	49,99
27,70000	49,99
27,71667	49,99
27,73333	49,99
27,75000	49,99
27,76667	49,99
27,78333	49,99
27,80000	49,99
27,81667	49,99
27,83333	49,99
27,85000	49,99
27,86667	49,99
27,88333	49,99
27,90000	49,99
27,91667	49,99
27,93333	49,99
27,95000	49,99
27,96667	49,99
27,98333	49,99
28,00000	49,99
28,01667	49,99
28,03333	49,99
28,05000	49,99
28,06667	49,99
28,08333	49,99
28,10000	49,99
28,11667	49,99
28,13333	49,99
28,15000	49,99
28,16667	49,99
28,18333	49,99
28,20000	49,99
28,21667	49,99
28,23333	49,99
28,25000	49,99
28,26667	49,99
28,28333	49,99
28,30000	49,99
28,31667	49,99
28,33333	49,99
28,35000	49,99
28,36667	49,99
28,38333	49,99
28,40000	49,99
28,41667	49,99
28,43333	49,99
28,45000	49,99
28,46667	49,99
28,48333	49,99
28,50000	49,99
28,51667	49,99
28,53333	49,99
28,55000	49,99
28,56667	49,99
28,58333	49,99
28,60000	49,99
28,61667	49,99
28,63333	49,99
28,65000	49,99
28,66667	49,99
28,68333	49,99
28,70000	49,99
28,71667	49,99
28,73333	49,99
28,75000	49,99
28,76667	49,99
28,78333	49,99
28,80000	49,99
28,81667	49,99
28,83333	49,99
28,85000	49,99
28,86667	49,99
28,88333	49,99
28,90000	49,99
28,91667	49,99
28,93333	49,99
28,95000	49,99
28,96667	49,99
28,98333	49,99
29,00000	49,99
29,01667	49,99
29,03333	49,99
29,05000	49,99
29,06667	49,99
29,08333	49,99
29,10000	49,99
29,11667	49,99
29,13333	49,99
29,15000	49,99
29,16667	49,99
29,18333	49,99
29,20000	49,99
29,21667	49,99
29,23333	49,99
29,25000	49,99
29,26667	49,99
29,28333	49,99
29,30000	49,99
29,31667	49,99
29,33333	49,99
29,35000	49,99
29,36667	49,99
29,38333	49,99
29,40000	49,99
29,41667	49,99
29,43333	49,99
29,45000	49,99
29,46667	49,99
29,48333	49,99
29,50000	49,99
29,51667	49,99
29,53333	49,99
29,55000	49,99
29,56667	49,99
29,58333	49,99
29,60000	49,99
29,61667	49,99
29,63333	49,99
29,65000	49,99
29,66667	49,99
29,68333	49,99
29,70000	49,99
29,71667	49,99
29,73333	49,99
29,75000	49,99
29,76667	49,99
29,78333	49,99
29,80000	49,99
29,81667	49,99
29,83333	49,99
29,85000	49,99
29,86667	49,99
29,88333	49,99
29,90000	49,99
29,91667	49,99
29,93333	49,99
29,95000	49,99
29,96667	49,99
29,98333	49,99
30,00000	49,99
30,01667	49,99
30,03333	49,99
30,05000	49,99
30,06667	49,99
30,08333	49,99
30,10000	49,99
30,11667	50,00
30,13333	50,00
30,15000	50,00
30,16667	50,00
30,18333	50,00
30,20000	50,00
30,21667	50,00
30,23333	50,00
30,25000	50,00
30,26667	50,00
30,28333	50,00
30,30000	50,00
30,31667	50,00
30,33333	50,00
30,35000	50,00
30,36667	50,00
30,38333	50,00
30,40000	50,00
30,41667	50,00
30,43333	50,00
30,45000	50,00
30,46667	50,00
30,48333	50,00
30,50000	50,00
30,51667	50,00
30,53333	50,00
30,55000	50,00
30,56667	50,00
30,58333	50,00
30,60000	50,00
30,61667	50,00
30,63333	50,00
30,65000	50,00
30,66667	50,00
30,68333	50,00
30,70000	50,00
30,71667	50,00
30,73333	50,00
30,75000	50,00
30,76667	50,00
30,78333	50,00
30,80000	50,00
30,81667	50,00
30,83333	50,00
30,85000	50,00
30,86667	50,00
30,88333	50,00
30,90000	50,00
30,91667	50,00
30,93333	50,00
30,95000	50,00
30,96667	50,00
30,98333	50,00
31,00000	50,00
31,01667	50,00
31,03333	50,00
31,05000	50,00
31,06667	50,00
31,08333	50,00
31,10000	50,00
31,11667	50,00
31,13333	50,00
31,15000	50,00
31,16667	50,00
31,18333	50,00
31,20000	50,00
31,21667	50,00
31,23333	50,00
31,25000	50,00
31,26667	50,00
31,28333	50,00
31,30000	50,00
31,31667	50,00
31,33333	50,00
31,35000	50,00
31,36667	50,00
31,38333	50,00
31,40000	50,00
31,41667	50,00
31,43333	50,00
31,45000	50,00
31,46667	50,00
31,48333	50,00
31,50000	50,00
31,51667	50,00
31,53333	50,00
31,55000	50,00
31,56667	50,00
31,58333	50,00
31,60000	50,00
31,61667	50,00
31,63333	50,00
31,65000	50,00
31,66667	50,00
31,68333	50,00
31,70000	50,00
31,71667	50,00
31,73333	50,00
31,75000	50,00
31,76667	50,00
31,78333	50,00
31,80000	50,00
31,81667	50,00
31,83333	50,00
31,85000	50,00
31,86667	50,00
31,88333	50,00
31,90000	50,00
31,91667	50,00
31,93333	50,00
31,95000	50,00
31,96667	50,00
31,98333	50,00
32,00000	50,00

[LC Status Trace(Room Temp.)]
Interval(msec)	1000
# of Points	1921
Start Time(min)	0,000
End Time(min)	32,000
Intensity Units	C
Intensity Multiplier	1
R.Time (min)	Intensity
0,00000	32,26
0,01667	32,26
0,03333	32,26
0,05000	32,26
0,06667	32,26
0,08333	32,25
0,10000	32,25
0,11667	32,25
0,13333	32,25
0,15000	32,25
0,16667	32,24
0,18333	32,25
0,20000	32,25
0,21667	32,25
0,23333	32,25
0,25000	32,25
0,26667	32,25
0,28333	32,24
0,30000	32,24
0,31667	32,24
0,33333	32,24
0,35000	32,24
0,36667	32,23
0,38333	32,23
0,40000	32,23
0,41667	32,23
0,43333	32,24
0,45000	32,24
0,46667	32,24
0,48333	32,25
0,50000	32,25
0,51667	32,25
0,53333	32,25
0,55000	32,25
0,56667	32,26
0,58333	32,26
0,60000	32,26
0,61667	32,27
0,63333	32,27
0,65000	32,27
0,66667	32,26
0,68333	32,25
0,70000	32,25
0,71667	32,24
0,73333	32,24
0,75000	32,24
0,76667	32,23
0,78333	32,24
0,80000	32,24
0,81667	32,24
0,83333	32,24
0,85000	32,24
0,86667	32,24
0,88333	32,24
0,90000	32,24
0,91667	32,25
0,93333	32,25
0,95000	32,25
0,96667	32,25
0,98333	32,25
1,00000	32,25
1,01667	32,25
1,03333	32,25
1,05000	32,25
1,06667	32,25
1,08333	32,25
1,10000	32,25
1,11667	32,25
1,13333	32,25
1,15000	32,25
1,16667	32,24
1,18333	32,23
1,20000	32,23
1,21667	32,22
1,23333	32,21
1,25000	32,21
1,26667	32,21
1,28333	32,21
1,30000	32,21
1,31667	32,20
1,33333	32,20
1,35000	32,20
1,36667	32,20
1,38333	32,20
1,40000	32,21
1,41667	32,21
1,43333	32,21
1,45000	32,22
1,46667	32,22
1,48333	32,22
1,50000	32,22
1,51667	32,22
1,53333	32,21
1,55000	32,21
1,56667	32,22
1,58333	32,22
1,60000	32,22
1,61667	32,22
1,63333	32,22
1,65000	32,22
1,66667	32,22
1,68333	32,22
1,70000	32,23
1,71667	32,23
1,73333	32,23
1,75000	32,23
1,76667	32,23
1,78333	32,23
1,80000	32,23
1,81667	32,23
1,83333	32,23
1,85000	32,23
1,86667	32,23
1,88333	32,22
1,90000	32,21
1,91667	32,21
1,93333	32,21
1,95000	32,20
1,96667	32,20
1,98333	32,19
2,00000	32,19
2,01667	32,19
2,03333	32,18
2,05000	32,18
2,06667	32,18
2,08333	32,19
2,10000	32,19
2,11667	32,19
2,13333	32,19
2,15000	32,19
2,16667	32,19
2,18333	32,19
2,20000	32,19
2,21667	32,20
2,23333	32,20
2,25000	32,20
2,26667	32,20
2,28333	32,21
2,30000	32,21
2,31667	32,21
2,33333	32,21
2,35000	32,20
2,36667	32,20
2,38333	32,20
2,40000	32,20
2,41667	32,20
2,43333	32,20
2,45000	32,21
2,46667	32,21
2,48333	32,22
2,50000	32,22
2,51667	32,23
2,53333	32,24
2,55000	32,24
2,56667	32,24
2,58333	32,25
2,60000	32,25
2,61667	32,25
2,63333	32,26
2,65000	32,26
2,66667	32,26
2,68333	32,26
2,70000	32,26
2,71667	32,26
2,73333	32,26
2,75000	32,26
2,76667	32,26
2,78333	32,26
2,80000	32,26
2,81667	32,25
2,83333	32,24
2,85000	32,24
2,86667	32,23
2,88333	32,23
2,90000	32,21
2,91667	32,21
2,93333	32,21
2,95000	32,20
2,96667	32,20
2,98333	32,20
3,00000	32,20
3,01667	32,20
3,03333	32,19
3,05000	32,19
3,06667	32,19
3,08333	32,19
3,10000	32,19
3,11667	32,19
3,13333	32,19
3,15000	32,19
3,16667	32,20
3,18333	32,20
3,20000	32,20
3,21667	32,21
3,23333	32,22
3,25000	32,22
3,26667	32,22
3,28333	32,22
3,30000	32,22
3,31667	32,23
3,33333	32,23
3,35000	32,24
3,36667	32,24
3,38333	32,24
3,40000	32,25
3,41667	32,25
3,43333	32,25
3,45000	32,25
3,46667	32,25
3,48333	32,24
3,50000	32,24
3,51667	32,23
3,53333	32,23
3,55000	32,23
3,56667	32,22
3,58333	32,21
3,60000	32,21
3,61667	32,19
3,63333	32,19
3,65000	32,18
3,66667	32,16
3,68333	32,16
3,70000	32,15
3,71667	32,14
3,73333	32,14
3,75000	32,13
3,76667	32,13
3,78333	32,13
3,80000	32,13
3,81667	32,12
3,83333	32,12
3,85000	32,12
3,86667	32,12
3,88333	32,12
3,90000	32,12
3,91667	32,12
3,93333	32,12
3,95000	32,12
3,96667	32,11
3,98333	32,11
4,00000	32,11
4,01667	32,10
4,03333	32,09
4,05000	32,09
4,06667	32,09
4,08333	32,08
4,10000	32,08
4,11667	32,07
4,13333	32,07
4,15000	32,07
4,16667	32,07
4,18333	32,06
4,20000	32,06
4,21667	32,06
4,23333	32,06
4,25000	32,06
4,26667	32,06
4,28333	32,06
4,30000	32,06
4,31667	32,07
4,33333	32,07
4,35000	32,07
4,36667	32,07
4,38333	32,08
4,40000	32,08
4,41667	32,09
4,43333	32,09
4,45000	32,09
4,46667	32,09
4,48333	32,08
4,50000	32,08
4,51667	32,08
4,53333	32,08
4,55000	32,08
4,56667	32,07
4,58333	32,07
4,60000	32,07
4,61667	32,07
4,63333	32,07
4,65000	32,06
4,66667	32,06
4,68333	32,06
4,70000	32,06
4,71667	32,06
4,73333	32,06
4,75000	32,06
4,76667	32,06
4,78333	32,07
4,80000	32,07
4,81667	32,07
4,83333	32,08
4,85000	32,08
4,86667	32,08
4,88333	32,08
4,90000	32,08
4,91667	32,09
4,93333	32,09
4,95000	32,10
4,96667	32,10
4,98333	32,10
5,00000	32,10
5,01667	32,11
5,03333	32,11
5,05000	32,11
5,06667	32,12
5,08333	32,12
5,10000	32,12
5,11667	32,12
5,13333	32,12
5,15000	32,13
5,16667	32,13
5,18333	32,13
5,20000	32,13
5,21667	32,13
5,23333	32,13
5,25000	32,13
5,26667	32,13
5,28333	32,13
5,30000	32,13
5,31667	32,13
5,33333	32,13
5,35000	32,13
5,36667	32,14
5,38333	32,14
5,40000	32,14
5,41667	32,14
5,43333	32,15
5,45000	32,16
5,46667	32,16
5,48333	32,17
5,50000	32,17
5,51667	32,17
5,53333	32,18
5,55000	32,18
5,56667	32,18
5,58333	32,18
5,60000	32,18
5,61667	32,18
5,63333	32,19
5,65000	32,19
5,66667	32,19
5,68333	32,20
5,70000	32,20
5,71667	32,20
5,73333	32,20
5,75000	32,21
5,76667	32,21
5,78333	32,21
5,80000	32,21
5,81667	32,21
5,83333	32,21
5,85000	32,20
5,86667	32,19
5,88333	32,19
5,90000	32,18
5,91667	32,18
5,93333	32,18
5,95000	32,19
5,96667	32,19
5,98333	32,19
6,00000	32,19
6,01667	32,19
6,03333	32,19
6,05000	32,20
6,06667	32,20
6,08333	32,20
6,10000	32,20
6,11667	32,20
6,13333	32,20
6,15000	32,20
6,16667	32,20
6,18333	32,21
6,20000	32,21
6,21667	32,21
6,23333	32,21
6,25000	32,21
6,26667	32,22
6,28333	32,23
6,30000	32,23
6,31667	32,23
6,33333	32,24
6,35000	32,24
6,36667	32,23
6,38333	32,23
6,40000	32,23
6,41667	32,22
6,43333	32,22
6,45000	32,21
6,46667	32,21
6,48333	32,20
6,50000	32,20
6,51667	32,19
6,53333	32,18
6,55000	32,18
6,56667	32,17
6,58333	32,16
6,60000	32,16
6,61667	32,15
6,63333	32,14
6,65000	32,14
6,66667	32,13
6,68333	32,13
6,70000	32,13
6,71667	32,12
6,73333	32,12
6,75000	32,12
6,76667	32,12
6,78333	32,12
6,80000	32,12
6,81667	32,12
6,83333	32,12
6,85000	32,13
6,86667	32,13
6,88333	32,13
6,90000	32,14
6,91667	32,14
6,93333	32,14
6,95000	32,15
6,96667	32,15
6,98333	32,15
7,00000	32,15
7,01667	32,16
7,03333	32,16
7,05000	32,16
7,06667	32,16
7,08333	32,16
7,10000	32,16
7,11667	32,16
7,13333	32,16
7,15000	32,15
7,16667	32,14
7,18333	32,13
7,20000	32,13
7,21667	32,12
7,23333	32,12
7,25000	32,12
7,26667	32,11
7,28333	32,11
7,30000	32,11
7,31667	32,10
7,33333	32,10
7,35000	32,09
7,36667	32,09
7,38333	32,09
7,40000	32,08
7,41667	32,08
7,43333	32,08
7,45000	32,07
7,46667	32,07
7,48333	32,07
7,50000	32,07
7,51667	32,06
7,53333	32,05
7,55000	32,05
7,56667	32,05
7,58333	32,04
7,60000	32,04
7,61667	32,03
7,63333	32,03
7,65000	32,03
7,66667	32,03
7,68333	32,03
7,70000	32,03
7,71667	32,03
7,73333	32,03
7,75000	32,04
7,76667	32,04
7,78333	32,04
7,80000	32,04
7,81667	32,04
7,83333	32,04
7,85000	32,04
7,86667	32,03
7,88333	32,03
7,90000	32,03
7,91667	32,02
7,93333	32,02
7,95000	32,02
7,96667	32,02
7,98333	32,02
8,00000	32,02
8,01667	32,02
8,03333	32,02
8,05000	32,02
8,06667	32,02
8,08333	32,02
8,10000	32,02
8,11667	32,02
8,13333	32,02
8,15000	32,02
8,16667	32,03
8,18333	32,03
8,20000	32,04
8,21667	32,04
8,23333	32,04
8,25000	32,05
8,26667	32,05
8,28333	32,06
8,30000	32,06
8,31667	32,06
8,33333	32,07
8,35000	32,07
8,36667	32,07
8,38333	32,07
8,40000	32,07
8,41667	32,07
8,43333	32,07
8,45000	32,06
8,46667	32,06
8,48333	32,05
8,50000	32,05
8,51667	32,05
8,53333	32,05
8,55000	32,05
8,56667	32,05
8,58333	32,05
8,60000	32,04
8,61667	32,05
8,63333	32,05
8,65000	32,05
8,66667	32,05
8,68333	32,06
8,70000	32,06
8,71667	32,06
8,73333	32,07
8,75000	32,07
8,76667	32,08
8,78333	32,08
8,80000	32,08
8,81667	32,08
8,83333	32,08
8,85000	32,08
8,86667	32,08
8,88333	32,09
8,90000	32,09
8,91667	32,09
8,93333	32,10
8,95000	32,10
8,96667	32,10
8,98333	32,10
9,00000	32,11
9,01667	32,12
9,03333	32,13
9,05000	32,13
9,06667	32,13
9,08333	32,13
9,10000	32,14
9,11667	32,14
9,13333	32,13
9,15000	32,13
9,16667	32,13
9,18333	32,13
9,20000	32,13
9,21667	32,12
9,23333	32,12
9,25000	32,12
9,26667	32,12
9,28333	32,12
9,30000	32,12
9,31667	32,11
9,33333	32,11
9,35000	32,11
9,36667	32,11
9,38333	32,11
9,40000	32,11
9,41667	32,12
9,43333	32,12
9,45000	32,12
9,46667	32,13
9,48333	32,12
9,50000	32,12
9,51667	32,12
9,53333	32,12
9,55000	32,13
9,56667	32,13
9,58333	32,14
9,60000	32,14
9,61667	32,13
9,63333	32,13
9,65000	32,13
9,66667	32,13
9,68333	32,13
9,70000	32,13
9,71667	32,13
9,73333	32,13
9,75000	32,14
9,76667	32,14
9,78333	32,14
9,80000	32,14
9,81667	32,14
9,83333	32,14
9,85000	32,14
9,86667	32,15
9,88333	32,15
9,90000	32,15
9,91667	32,15
9,93333	32,15
9,95000	32,16
9,96667	32,16
9,98333	32,16
10,00000	32,16
10,01667	32,16
10,03333	32,16
10,05000	32,16
10,06667	32,16
10,08333	32,16
10,10000	32,16
10,11667	32,16
10,13333	32,16
10,15000	32,16
10,16667	32,16
10,18333	32,15
10,20000	32,15
10,21667	32,15
10,23333	32,15
10,25000	32,15
10,26667	32,15
10,28333	32,16
10,30000	32,16
10,31667	32,16
10,33333	32,16
10,35000	32,17
10,36667	32,17
10,38333	32,17
10,40000	32,18
10,41667	32,18
10,43333	32,18
10,45000	32,18
10,46667	32,18
10,48333	32,18
10,50000	32,18
10,51667	32,18
10,53333	32,17
10,55000	32,16
10,56667	32,16
10,58333	32,16
10,60000	32,16
10,61667	32,15
10,63333	32,14
10,65000	32,14
10,66667	32,14
10,68333	32,14
10,70000	32,14
10,71667	32,15
10,73333	32,15
10,75000	32,15
10,76667	32,16
10,78333	32,16
10,80000	32,16
10,81667	32,16
10,83333	32,16
10,85000	32,16
10,86667	32,16
10,88333	32,16
10,90000	32,16
10,91667	32,16
10,93333	32,16
10,95000	32,15
10,96667	32,15
10,98333	32,15
11,00000	32,15
11,01667	32,14
11,03333	32,14
11,05000	32,14
11,06667	32,13
11,08333	32,12
11,10000	32,12
11,11667	32,10
11,13333	32,09
11,15000	32,09
11,16667	32,07
11,18333	32,06
11,20000	32,06
11,21667	32,06
11,23333	32,06
11,25000	32,06
11,26667	32,06
11,28333	32,06
11,30000	32,06
11,31667	32,06
11,33333	32,06
11,35000	32,06
11,36667	32,06
11,38333	32,06
11,40000	32,06
11,41667	32,06
11,43333	32,06
11,45000	32,06
11,46667	32,06
11,48333	32,06
11,50000	32,06
11,51667	32,05
11,53333	32,05
11,55000	32,05
11,56667	32,04
11,58333	32,03
11,60000	32,03
11,61667	32,02
11,63333	32,02
11,65000	32,02
11,66667	32,03
11,68333	32,03
11,70000	32,03
11,71667	32,04
11,73333	32,04
11,75000	32,04
11,76667	32,05
11,78333	32,05
11,80000	32,06
11,81667	32,06
11,83333	32,06
11,85000	32,06
11,86667	32,06
11,88333	32,07
11,90000	32,07
11,91667	32,07
11,93333	32,08
11,95000	32,08
11,96667	32,08
11,98333	32,09
12,00000	32,09
12,01667	32,09
12,03333	32,09
12,05000	32,09
12,06667	32,10
12,08333	32,10
12,10000	32,10
12,11667	32,11
12,13333	32,11
12,15000	32,12
12,16667	32,12
12,18333	32,13
12,20000	32,13
12,21667	32,13
12,23333	32,13
12,25000	32,13
12,26667	32,14
12,28333	32,14
12,30000	32,14
12,31667	32,14
12,33333	32,14
12,35000	32,15
12,36667	32,15
12,38333	32,15
12,40000	32,15
12,41667	32,15
12,43333	32,16
12,45000	32,16
12,46667	32,16
12,48333	32,16
12,50000	32,16
12,51667	32,17
12,53333	32,17
12,55000	32,17
12,56667	32,18
12,58333	32,18
12,60000	32,18
12,61667	32,18
12,63333	32,18
12,65000	32,19
12,66667	32,19
12,68333	32,18
12,70000	32,18
12,71667	32,18
12,73333	32,18
12,75000	32,18
12,76667	32,18
12,78333	32,19
12,80000	32,19
12,81667	32,19
12,83333	32,20
12,85000	32,20
12,86667	32,20
12,88333	32,21
12,90000	32,21
12,91667	32,22
12,93333	32,22
12,95000	32,22
12,96667	32,23
12,98333	32,23
13,00000	32,23
13,01667	32,23
13,03333	32,23
13,05000	32,23
13,06667	32,24
13,08333	32,24
13,10000	32,24
13,11667	32,24
13,13333	32,24
13,15000	32,23
13,16667	32,21
13,18333	32,21
13,20000	32,20
13,21667	32,20
13,23333	32,18
13,25000	32,17
13,26667	32,17
13,28333	32,15
13,30000	32,15
13,31667	32,14
13,33333	32,13
13,35000	32,13
13,36667	32,13
13,38333	32,12
13,40000	32,12
13,41667	32,12
13,43333	32,12
13,45000	32,13
13,46667	32,13
13,48333	32,14
13,50000	32,14
13,51667	32,14
13,53333	32,15
13,55000	32,15
13,56667	32,15
13,58333	32,15
13,60000	32,16
13,61667	32,17
13,63333	32,17
13,65000	32,17
13,66667	32,17
13,68333	32,17
13,70000	32,17
13,71667	32,18
13,73333	32,18
13,75000	32,18
13,76667	32,18
13,78333	32,17
13,80000	32,17
13,81667	32,18
13,83333	32,18
13,85000	32,18
13,86667	32,18
13,88333	32,18
13,90000	32,18
13,91667	32,18
13,93333	32,18
13,95000	32,18
13,96667	32,18
13,98333	32,18
14,00000	32,18
14,01667	32,18
14,03333	32,18
14,05000	32,18
14,06667	32,18
14,08333	32,18
14,10000	32,18
14,11667	32,18
14,13333	32,18
14,15000	32,18
14,16667	32,18
14,18333	32,18
14,20000	32,18
14,21667	32,19
14,23333	32,19
14,25000	32,19
14,26667	32,20
14,28333	32,20
14,30000	32,20
14,31667	32,20
14,33333	32,20
14,35000	32,20
14,36667	32,21
14,38333	32,21
14,40000	32,21
14,41667	32,21
14,43333	32,21
14,45000	32,21
14,46667	32,21
14,48333	32,21
14,50000	32,21
14,51667	32,21
14,53333	32,21
14,55000	32,21
14,56667	32,21
14,58333	32,22
14,60000	32,22
14,61667	32,22
14,63333	32,23
14,65000	32,23
14,66667	32,23
14,68333	32,23
14,70000	32,23
14,71667	32,23
14,73333	32,23
14,75000	32,22
14,76667	32,22
14,78333	32,22
14,80000	32,22
14,81667	32,22
14,83333	32,22
14,85000	32,22
14,86667	32,22
14,88333	32,23
14,90000	32,23
14,91667	32,23
14,93333	32,23
14,95000	32,23
14,96667	32,23
14,98333	32,23
15,00000	32,23
15,01667	32,23
15,03333	32,23
15,05000	32,23
15,06667	32,23
15,08333	32,23
15,10000	32,23
15,11667	32,23
15,13333	32,24
15,15000	32,24
15,16667	32,24
15,18333	32,24
15,20000	32,24
15,21667	32,24
15,23333	32,24
15,25000	32,23
15,26667	32,23
15,28333	32,22
15,30000	32,22
15,31667	32,21
15,33333	32,21
15,35000	32,20
15,36667	32,20
15,38333	32,20
15,40000	32,20
15,41667	32,20
15,43333	32,19
15,45000	32,20
15,46667	32,20
15,48333	32,20
15,50000	32,20
15,51667	32,21
15,53333	32,21
15,55000	32,21
15,56667	32,21
15,58333	32,22
15,60000	32,22
15,61667	32,22
15,63333	32,22
15,65000	32,22
15,66667	32,23
15,68333	32,23
15,70000	32,23
15,71667	32,24
15,73333	32,24
15,75000	32,24
15,76667	32,24
15,78333	32,24
15,80000	32,24
15,81667	32,24
15,83333	32,24
15,85000	32,24
15,86667	32,24
15,88333	32,24
15,90000	32,24
15,91667	32,24
15,93333	32,24
15,95000	32,23
15,96667	32,23
15,98333	32,23
16,00000	32,23
16,01667	32,23
16,03333	32,24
16,05000	32,24
16,06667	32,24
16,08333	32,25
16,10000	32,25
16,11667	32,25
16,13333	32,25
16,15000	32,26
16,16667	32,26
16,18333	32,26
16,20000	32,26
16,21667	32,26
16,23333	32,25
16,25000	32,24
16,26667	32,24
16,28333	32,23
16,30000	32,22
16,31667	32,22
16,33333	32,21
16,35000	32,21
16,36667	32,20
16,38333	32,20
16,40000	32,20
16,41667	32,19
16,43333	32,19
16,45000	32,19
16,46667	32,19
16,48333	32,19
16,50000	32,19
16,51667	32,19
16,53333	32,19
16,55000	32,19
16,56667	32,19
16,58333	32,20
16,60000	32,20
16,61667	32,20
16,63333	32,20
16,65000	32,20
16,66667	32,21
16,68333	32,21
16,70000	32,21
16,71667	32,21
16,73333	32,21
16,75000	32,22
16,76667	32,22
16,78333	32,22
16,80000	32,22
16,81667	32,22
16,83333	32,23
16,85000	32,23
16,86667	32,23
16,88333	32,23
16,90000	32,23
16,91667	32,23
16,93333	32,23
16,95000	32,23
16,96667	32,22
16,98333	32,22
17,00000	32,22
17,01667	32,22
17,03333	32,23
17,05000	32,23
17,06667	32,23
17,08333	32,22
17,10000	32,22
17,11667	32,23
17,13333	32,23
17,15000	32,22
17,16667	32,22
17,18333	32,22
17,20000	32,22
17,21667	32,22
17,23333	32,22
17,25000	32,22
17,26667	32,21
17,28333	32,21
17,30000	32,21
17,31667	32,21
17,33333	32,21
17,35000	32,21
17,36667	32,21
17,38333	32,21
17,40000	32,21
17,41667	32,20
17,43333	32,19
17,45000	32,19
17,46667	32,18
17,48333	32,18
17,50000	32,18
17,51667	32,17
17,53333	32,17
17,55000	32,17
17,56667	32,16
17,58333	32,16
17,60000	32,16
17,61667	32,16
17,63333	32,15
17,65000	32,15
17,66667	32,15
17,68333	32,16
17,70000	32,16
17,71667	32,16
17,73333	32,16
17,75000	32,16
17,76667	32,17
17,78333	32,17
17,80000	32,17
17,81667	32,18
17,83333	32,18
17,85000	32,18
17,86667	32,19
17,88333	32,19
17,90000	32,19
17,91667	32,19
17,93333	32,19
17,95000	32,19
17,96667	32,19
17,98333	32,19
18,00000	32,19
18,01667	32,20
18,03333	32,20
18,05000	32,20
18,06667	32,19
18,08333	32,19
18,10000	32,19
18,11667	32,20
18,13333	32,20
18,15000	32,20
18,16667	32,21
18,18333	32,21
18,20000	32,21
18,21667	32,21
18,23333	32,22
18,25000	32,22
18,26667	32,22
18,28333	32,23
18,30000	32,23
18,31667	32,23
18,33333	32,23
18,35000	32,23
18,36667	32,24
18,38333	32,24
18,40000	32,24
18,41667	32,25
18,43333	32,25
18,45000	32,25
18,46667	32,26
18,48333	32,27
18,50000	32,27
18,51667	32,27
18,53333	32,28
18,55000	32,28
18,56667	32,28
18,58333	32,28
18,60000	32,28
18,61667	32,29
18,63333	32,29
18,65000	32,29
18,66667	32,29
18,68333	32,30
18,70000	32,30
18,71667	32,30
18,73333	32,31
18,75000	32,31
18,76667	32,31
18,78333	32,31
18,80000	32,31
18,81667	32,32
18,83333	32,32
18,85000	32,32
18,86667	32,32
18,88333	32,32
18,90000	32,33
18,91667	32,33
18,93333	32,33
18,95000	32,33
18,96667	32,33
18,98333	32,33
19,00000	32,33
19,01667	32,33
19,03333	32,32
19,05000	32,32
19,06667	32,32
19,08333	32,31
19,10000	32,31
19,11667	32,31
19,13333	32,30
19,15000	32,30
19,16667	32,30
19,18333	32,30
19,20000	32,30
19,21667	32,30
19,23333	32,30
19,25000	32,30
19,26667	32,30
19,28333	32,30
19,30000	32,30
19,31667	32,30
19,33333	32,30
19,35000	32,30
19,36667	32,29
19,38333	32,29
19,40000	32,29
19,41667	32,29
19,43333	32,29
19,45000	32,29
19,46667	32,29
19,48333	32,29
19,50000	32,29
19,51667	32,29
19,53333	32,29
19,55000	32,29
19,56667	32,28
19,58333	32,28
19,60000	32,28
19,61667	32,28
19,63333	32,27
19,65000	32,27
19,66667	32,26
19,68333	32,26
19,70000	32,26
19,71667	32,25
19,73333	32,25
19,75000	32,25
19,76667	32,25
19,78333	32,25
19,80000	32,25
19,81667	32,25
19,83333	32,26
19,85000	32,26
19,86667	32,26
19,88333	32,26
19,90000	32,26
19,91667	32,26
19,93333	32,26
19,95000	32,26
19,96667	32,26
19,98333	32,26
20,00000	32,26
20,01667	32,26
20,03333	32,26
20,05000	32,26
20,06667	32,26
20,08333	32,26
20,10000	32,26
20,11667	32,26
20,13333	32,26
20,15000	32,26
20,16667	32,25
20,18333	32,25
20,20000	32,25
20,21667	32,25
20,23333	32,25
20,25000	32,25
20,26667	32,25
20,28333	32,25
20,30000	32,25
20,31667	32,26
20,33333	32,26
20,35000	32,26
20,36667	32,26
20,38333	32,27
20,40000	32,27
20,41667	32,27
20,43333	32,27
20,45000	32,28
20,46667	32,28
20,48333	32,28
20,50000	32,28
20,51667	32,28
20,53333	32,28
20,55000	32,28
20,56667	32,28
20,58333	32,29
20,60000	32,29
20,61667	32,29
20,63333	32,29
20,65000	32,30
20,66667	32,30
20,68333	32,30
20,70000	32,30
20,71667	32,30
20,73333	32,30
20,75000	32,30
20,76667	32,30
20,78333	32,30
20,80000	32,30
20,81667	32,29
20,83333	32,29
20,85000	32,29
20,86667	32,29
20,88333	32,29
20,90000	32,29
20,91667	32,29
20,93333	32,28
20,95000	32,28
20,96667	32,28
20,98333	32,27
21,00000	32,27
21,01667	32,27
21,03333	32,26
21,05000	32,26
21,06667	32,26
21,08333	32,25
21,10000	32,25
21,11667	32,25
21,13333	32,25
21,15000	32,25
21,16667	32,25
21,18333	32,25
21,20000	32,25
21,21667	32,25
21,23333	32,25
21,25000	32,25
21,26667	32,25
21,28333	32,25
21,30000	32,24
21,31667	32,24
21,33333	32,23
21,35000	32,23
21,36667	32,22
21,38333	32,21
21,40000	32,21
21,41667	32,21
21,43333	32,21
21,45000	32,21
21,46667	32,21
21,48333	32,21
21,50000	32,21
21,51667	32,21
21,53333	32,21
21,55000	32,21
21,56667	32,22
21,58333	32,22
21,60000	32,22
21,61667	32,22
21,63333	32,22
21,65000	32,22
21,66667	32,22
21,68333	32,22
21,70000	32,22
21,71667	32,22
21,73333	32,22
21,75000	32,21
21,76667	32,21
21,78333	32,20
21,80000	32,20
21,81667	32,19
21,83333	32,18
21,85000	32,18
21,86667	32,17
21,88333	32,16
21,90000	32,16
21,91667	32,15
21,93333	32,15
21,95000	32,14
21,96667	32,13
21,98333	32,12
22,00000	32,12
22,01667	32,11
22,03333	32,10
22,05000	32,10
22,06667	32,09
22,08333	32,09
22,10000	32,09
22,11667	32,08
22,13333	32,08
22,15000	32,08
22,16667	32,08
22,18333	32,08
22,20000	32,08
22,21667	32,08
22,23333	32,08
22,25000	32,08
22,26667	32,08
22,28333	32,08
22,30000	32,08
22,31667	32,09
22,33333	32,09
22,35000	32,09
22,36667	32,08
22,38333	32,08
22,40000	32,08
22,41667	32,08
22,43333	32,08
22,45000	32,08
22,46667	32,08
22,48333	32,08
22,50000	32,08
22,51667	32,08
22,53333	32,08
22,55000	32,08
22,56667	32,08
22,58333	32,08
22,60000	32,07
22,61667	32,07
22,63333	32,07
22,65000	32,07
22,66667	32,06
22,68333	32,06
22,70000	32,06
22,71667	32,05
22,73333	32,05
22,75000	32,05
22,76667	32,05
22,78333	32,06
22,80000	32,06
22,81667	32,06
22,83333	32,07
22,85000	32,07
22,86667	32,07
22,88333	32,08
22,90000	32,08
22,91667	32,09
22,93333	32,09
22,95000	32,09
22,96667	32,10
22,98333	32,11
23,00000	32,11
23,01667	32,11
23,03333	32,11
23,05000	32,12
23,06667	32,12
23,08333	32,13
23,10000	32,13
23,11667	32,13
23,13333	32,13
23,15000	32,14
23,16667	32,14
23,18333	32,14
23,20000	32,15
23,21667	32,15
23,23333	32,15
23,25000	32,15
23,26667	32,15
23,28333	32,15
23,30000	32,15
23,31667	32,15
23,33333	32,16
23,35000	32,16
23,36667	32,16
23,38333	32,16
23,40000	32,16
23,41667	32,17
23,43333	32,17
23,45000	32,18
23,46667	32,18
23,48333	32,18
23,50000	32,18
23,51667	32,19
23,53333	32,19
23,55000	32,19
23,56667	32,19
23,58333	32,19
23,60000	32,19
23,61667	32,19
23,63333	32,19
23,65000	32,19
23,66667	32,19
23,68333	32,18
23,70000	32,18
23,71667	32,17
23,73333	32,16
23,75000	32,16
23,76667	32,16
23,78333	32,15
23,80000	32,15
23,81667	32,14
23,83333	32,14
23,85000	32,13
23,86667	32,12
23,88333	32,12
23,90000	32,12
23,91667	32,12
23,93333	32,12
23,95000	32,13
23,96667	32,13
23,98333	32,14
24,00000	32,14
24,01667	32,14
24,03333	32,14
24,05000	32,15
24,06667	32,15
24,08333	32,15
24,10000	32,15
24,11667	32,15
24,13333	32,16
24,15000	32,16
24,16667	32,16
24,18333	32,17
24,20000	32,17
24,21667	32,17
24,23333	32,17
24,25000	32,18
24,26667	32,18
24,28333	32,18
24,30000	32,18
24,31667	32,18
24,33333	32,18
24,35000	32,19
24,36667	32,19
24,38333	32,19
24,40000	32,19
24,41667	32,19
24,43333	32,20
24,45000	32,20
24,46667	32,20
24,48333	32,21
24,50000	32,21
24,51667	32,22
24,53333	32,23
24,55000	32,23
24,56667	32,23
24,58333	32,23
24,60000	32,23
24,61667	32,23
24,63333	32,24
24,65000	32,24
24,66667	32,25
24,68333	32,25
24,70000	32,25
24,71667	32,26
24,73333	32,26
24,75000	32,26
24,76667	32,26
24,78333	32,25
24,80000	32,25
24,81667	32,23
24,83333	32,22
24,85000	32,22
24,86667	32,21
24,88333	32,21
24,90000	32,19
24,91667	32,19
24,93333	32,18
24,95000	32,17
24,96667	32,17
24,98333	32,15
25,00000	32,15
25,01667	32,14
25,03333	32,12
25,05000	32,12
25,06667	32,11
25,08333	32,10
25,10000	32,10
25,11667	32,10
25,13333	32,10
25,15000	32,10
25,16667	32,10
25,18333	32,10
25,20000	32,09
25,21667	32,10
25,23333	32,10
25,25000	32,10
25,26667	32,10
25,28333	32,10
25,30000	32,10
25,31667	32,10
25,33333	32,09
25,35000	32,08
25,36667	32,08
25,38333	32,07
25,40000	32,07
25,41667	32,06
25,43333	32,06
25,45000	32,06
25,46667	32,06
25,48333	32,06
25,50000	32,06
25,51667	32,06
25,53333	32,06
25,55000	32,06
25,56667	32,06
25,58333	32,06
25,60000	32,06
25,61667	32,07
25,63333	32,07
25,65000	32,08
25,66667	32,08
25,68333	32,09
25,70000	32,09
25,71667	32,10
25,73333	32,10
25,75000	32,10
25,76667	32,10
25,78333	32,11
25,80000	32,11
25,81667	32,12
25,83333	32,12
25,85000	32,12
25,86667	32,13
25,88333	32,13
25,90000	32,13
25,91667	32,13
25,93333	32,14
25,95000	32,14
25,96667	32,14
25,98333	32,15
26,00000	32,15
26,01667	32,16
26,03333	32,17
26,05000	32,17
26,06667	32,17
26,08333	32,18
26,10000	32,18
26,11667	32,19
26,13333	32,19
26,15000	32,19
26,16667	32,19
26,18333	32,19
26,20000	32,19
26,21667	32,19
26,23333	32,19
26,25000	32,19
26,26667	32,19
26,28333	32,19
26,30000	32,19
26,31667	32,19
26,33333	32,19
26,35000	32,19
26,36667	32,19
26,38333	32,19
26,40000	32,19
26,41667	32,18
26,43333	32,18
26,45000	32,18
26,46667	32,17
26,48333	32,16
26,50000	32,16
26,51667	32,15
26,53333	32,15
26,55000	32,15
26,56667	32,14
26,58333	32,14
26,60000	32,14
26,61667	32,14
26,63333	32,14
26,65000	32,13
26,66667	32,11
26,68333	32,11
26,70000	32,11
26,71667	32,11
26,73333	32,10
26,75000	32,10
26,76667	32,10
26,78333	32,10
26,80000	32,10
26,81667	32,09
26,83333	32,09
26,85000	32,09
26,86667	32,09
26,88333	32,10
26,90000	32,10
26,91667	32,11
26,93333	32,11
26,95000	32,11
26,96667	32,12
26,98333	32,12
27,00000	32,12
27,01667	32,12
27,03333	32,11
27,05000	32,11
27,06667	32,11
27,08333	32,11
27,10000	32,10
27,11667	32,10
27,13333	32,10
27,15000	32,09
27,16667	32,09
27,18333	32,09
27,20000	32,09
27,21667	32,08
27,23333	32,08
27,25000	32,08
27,26667	32,07
27,28333	32,06
27,30000	32,06
27,31667	32,04
27,33333	32,04
27,35000	32,03
27,36667	32,02
27,38333	32,02
27,40000	32,01
27,41667	32,01
27,43333	32,00
27,45000	32,00
27,46667	32,00
27,48333	32,00
27,50000	32,00
27,51667	32,00
27,53333	32,01
27,55000	32,01
27,56667	32,01
27,58333	32,01
27,60000	32,02
27,61667	32,02
27,63333	32,03
27,65000	32,03
27,66667	32,04
27,68333	32,05
27,70000	32,05
27,71667	32,05
27,73333	32,06
27,75000	32,06
27,76667	32,06
27,78333	32,07
27,80000	32,07
27,81667	32,07
27,83333	32,07
27,85000	32,07
27,86667	32,08
27,88333	32,08
27,90000	32,08
27,91667	32,08
27,93333	32,08
27,95000	32,08
27,96667	32,08
27,98333	32,09
28,00000	32,09
28,01667	32,09
28,03333	32,09
28,05000	32,09
28,06667	32,10
28,08333	32,10
28,10000	32,10
28,11667	32,10
28,13333	32,11
28,15000	32,11
28,16667	32,11
28,18333	32,12
28,20000	32,12
28,21667	32,12
28,23333	32,13
28,25000	32,13
28,26667	32,14
28,28333	32,14
28,30000	32,15
28,31667	32,16
28,33333	32,16
28,35000	32,16
28,36667	32,16
28,38333	32,16
28,40000	32,16
28,41667	32,16
28,43333	32,16
28,45000	32,16
28,46667	32,16
28,48333	32,16
28,50000	32,16
28,51667	32,16
28,53333	32,16
28,55000	32,16
28,56667	32,16
28,58333	32,16
28,60000	32,16
28,61667	32,16
28,63333	32,16
28,65000	32,16
28,66667	32,17
28,68333	32,17
28,70000	32,17
28,71667	32,17
28,73333	32,17
28,75000	32,17
28,76667	32,16
28,78333	32,15
28,80000	32,15
28,81667	32,14
28,83333	32,14
28,85000	32,13
28,86667	32,13
28,88333	32,12
28,90000	32,10
28,91667	32,10
28,93333	32,08
28,95000	32,07
28,96667	32,07
28,98333	32,06
29,00000	32,06
29,01667	32,05
29,03333	32,05
29,05000	32,05
29,06667	32,04
29,08333	32,04
29,10000	32,04
29,11667	32,04
29,13333	32,04
29,15000	32,04
29,16667	32,05
29,18333	32,05
29,20000	32,05
29,21667	32,06
29,23333	32,06
29,25000	32,07
29,26667	32,08
29,28333	32,08
29,30000	32,08
29,31667	32,08
29,33333	32,08
29,35000	32,07
29,36667	32,08
29,38333	32,08
29,40000	32,08
29,41667	32,08
29,43333	32,08
29,45000	32,08
29,46667	32,08
29,48333	32,07
29,50000	32,07
29,51667	32,06
29,53333	32,05
29,55000	32,05
29,56667	32,04
29,58333	32,03
29,60000	32,03
29,61667	32,02
29,63333	32,02
29,65000	32,00
29,66667	31,99
29,68333	31,99
29,70000	31,98
29,71667	31,98
29,73333	31,98
29,75000	31,97
29,76667	31,97
29,78333	31,97
29,80000	31,97
29,81667	31,97
29,83333	31,96
29,85000	31,96
29,86667	31,96
29,88333	31,96
29,90000	31,96
29,91667	31,96
29,93333	31,95
29,95000	31,95
29,96667	31,95
29,98333	31,95
30,00000	31,95
30,01667	31,95
30,03333	31,96
30,05000	31,96
30,06667	31,97
30,08333	31,97
30,10000	31,97
30,11667	31,98
30,13333	31,98
30,15000	31,98
30,16667	31,98
30,18333	31,98
30,20000	31,98
30,21667	31,99
30,23333	31,99
30,25000	31,98
30,26667	31,98
30,28333	31,98
30,30000	31,98
30,31667	31,98
30,33333	31,98
30,35000	31,98
30,36667	31,98
30,38333	31,98
30,40000	31,98
30,41667	31,98
30,43333	31,99
30,45000	31,99
30,46667	31,98
30,48333	31,98
30,50000	31,98
30,51667	31,98
30,53333	31,98
30,55000	31,98
30,56667	31,98
30,58333	31,98
30,60000	31,99
30,61667	31,99
30,63333	31,99
30,65000	32,00
30,66667	32,00
30,68333	32,00
30,70000	32,01
30,71667	32,01
30,73333	32,01
30,75000	32,01
30,76667	32,02
30,78333	32,03
30,80000	32,03
30,81667	32,03
30,83333	32,04
30,85000	32,04
30,86667	32,05
30,88333	32,06
30,90000	32,06
30,91667	32,07
30,93333	32,07
30,95000	32,07
30,96667	32,07
30,98333	32,07
31,00000	32,07
31,01667	32,07
31,03333	32,07
31,05000	32,07
31,06667	32,07
31,08333	32,07
31,10000	32,07
31,11667	32,07
31,13333	32,07
31,15000	32,07
31,16667	32,08
31,18333	32,08
31,20000	32,08
31,21667	32,09
31,23333	32,10
31,25000	32,10
31,26667	32,11
31,28333	32,11
31,30000	32,11
31,31667	32,12
31,33333	32,12
31,35000	32,12
31,36667	32,13
31,38333	32,13
31,40000	32,13
31,41667	32,13
31,43333	32,13
31,45000	32,13
31,46667	32,13
31,48333	32,14
31,50000	32,14
31,51667	32,14
31,53333	32,14
31,55000	32,14
31,56667	32,15
31,58333	32,15
31,60000	32,15
31,61667	32,15
31,63333	32,15
31,65000	32,15
31,66667	32,15
31,68333	32,15
31,70000	32,15
31,71667	32,15
31,73333	32,16
31,75000	32,16
31,76667	32,16
31,78333	32,17
31,80000	32,17
31,81667	32,17
31,83333	32,16
31,85000	32,16
31,86667	32,14
31,88333	32,13
31,90000	32,13
31,91667	32,13
31,93333	32,13
31,95000	32,12
31,96667	32,12
31,98333	32,12
32,00000	32,12

[LC Status Trace(PDA Cell Temp.)]
Interval(msec)	1000
# of Points	1921
Start Time(min)	0,000
End Time(min)	32,000
Intensity Units	C
Intensity Multiplier	1
R.Time (min)	Intensity
0,00000	50,00
0,01667	50,00
0,03333	50,00
0,05000	50,00
0,06667	50,00
0,08333	50,00
0,10000	50,00
0,11667	50,00
0,13333	50,00
0,15000	50,00
0,16667	50,00
0,18333	50,00
0,20000	50,00
0,21667	50,00
0,23333	50,00
0,25000	50,00
0,26667	50,00
0,28333	50,00
0,30000	49,99
0,31667	49,99
0,33333	49,99
0,35000	49,99
0,36667	49,99
0,38333	49,99
0,40000	49,99
0,41667	49,99
0,43333	49,99
0,45000	49,99
0,46667	49,99
0,48333	49,99
0,50000	49,99
0,51667	49,99
0,53333	49,99
0,55000	49,99
0,56667	49,99
0,58333	49,99
0,60000	49,99
0,61667	49,99
0,63333	49,99
0,65000	49,99
0,66667	49,99
0,68333	49,99
0,70000	49,99
0,71667	49,99
0,73333	49,99
0,75000	49,99
0,76667	49,99
0,78333	49,99
0,80000	49,99
0,81667	49,99
0,83333	49,99
0,85000	49,99
0,86667	49,99
0,88333	49,99
0,90000	49,99
0,91667	49,99
0,93333	49,99
0,95000	49,99
0,96667	49,99
0,98333	49,99
1,00000	49,99
1,01667	49,99
1,03333	50,00
1,05000	50,00
1,06667	50,00
1,08333	50,00
1,10000	50,00
1,11667	50,00
1,13333	50,00
1,15000	50,00
1,16667	50,00
1,18333	50,00
1,20000	50,00
1,21667	50,00
1,23333	50,00
1,25000	50,00
1,26667	50,00
1,28333	50,00
1,30000	50,00
1,31667	50,00
1,33333	50,00
1,35000	50,00
1,36667	50,00
1,38333	50,00
1,40000	50,00
1,41667	50,00
1,43333	50,00
1,45000	49,99
1,46667	49,99
1,48333	49,99
1,50000	49,99
1,51667	49,99
1,53333	49,99
1,55000	49,99
1,56667	49,99
1,58333	49,99
1,60000	49,99
1,61667	49,99
1,63333	49,99
1,65000	49,99
1,66667	49,99
1,68333	49,99
1,70000	49,99
1,71667	49,99
1,73333	49,99
1,75000	49,99
1,76667	49,99
1,78333	49,99
1,80000	49,99
1,81667	49,99
1,83333	49,99
1,85000	49,99
1,86667	49,99
1,88333	50,00
1,90000	50,00
1,91667	50,00
1,93333	50,00
1,95000	50,00
1,96667	50,00
1,98333	50,00
2,00000	50,00
2,01667	50,00
2,03333	50,00
2,05000	50,00
2,06667	50,00
2,08333	50,00
2,10000	50,00
2,11667	50,00
2,13333	50,00
2,15000	50,00
2,16667	50,00
2,18333	50,00
2,20000	50,00
2,21667	50,00
2,23333	50,00
2,25000	50,00
2,26667	50,00
2,28333	50,00
2,30000	50,00
2,31667	50,00
2,33333	50,00
2,35000	50,00
2,36667	50,00
2,38333	50,00
2,40000	50,00
2,41667	50,00
2,43333	50,00
2,45000	50,00
2,46667	50,00
2,48333	49,99
2,50000	49,99
2,51667	49,99
2,53333	49,99
2,55000	49,99
2,56667	49,99
2,58333	49,99
2,60000	49,99
2,61667	49,99
2,63333	49,99
2,65000	49,99
2,66667	49,99
2,68333	49,99
2,70000	49,99
2,71667	49,99
2,73333	49,99
2,75000	49,99
2,76667	49,99
2,78333	49,99
2,80000	49,99
2,81667	49,99
2,83333	49,99
2,85000	49,99
2,86667	49,99
2,88333	49,99
2,90000	49,99
2,91667	50,00
2,93333	50,00
2,95000	50,00
2,96667	50,00
2,98333	50,00
3,00000	50,00
3,01667	50,00
3,03333	50,00
3,05000	50,00
3,06667	50,00
3,08333	50,00
3,10000	50,00
3,11667	50,00
3,13333	50,00
3,15000	50,00
3,16667	50,00
3,18333	50,00
3,20000	50,00
3,21667	50,00
3,23333	50,00
3,25000	50,00
3,26667	50,00
3,28333	50,00
3,30000	50,00
3,31667	50,00
3,33333	50,00
3,35000	50,00
3,36667	50,00
3,38333	50,00
3,40000	50,00
3,41667	50,00
3,43333	50,00
3,45000	50,00
3,46667	50,00
3,48333	50,00
3,50000	50,00
3,51667	50,00
3,53333	50,00
3,55000	49,99
3,56667	49,99
3,58333	49,99
3,60000	49,99
3,61667	49,99
3,63333	49,99
3,65000	49,99
3,66667	49,99
3,68333	49,99
3,70000	49,99
3,71667	49,99
3,73333	49,99
3,75000	49,99
3,76667	49,99
3,78333	49,99
3,80000	49,99
3,81667	49,99
3,83333	49,99
3,85000	49,99
3,86667	49,99
3,88333	49,99
3,90000	49,99
3,91667	49,99
3,93333	49,99
3,95000	49,99
3,96667	49,99
3,98333	49,99
4,00000	49,99
4,01667	50,00
4,03333	50,00
4,05000	50,00
4,06667	50,00
4,08333	50,00
4,10000	50,00
4,11667	50,00
4,13333	50,00
4,15000	50,00
4,16667	50,00
4,18333	50,00
4,20000	50,00
4,21667	50,00
4,23333	50,00
4,25000	50,00
4,26667	50,00
4,28333	50,00
4,30000	50,00
4,31667	49,99
4,33333	49,99
4,35000	49,99
4,36667	49,99
4,38333	50,00
4,40000	50,00
4,41667	50,00
4,43333	50,00
4,45000	50,00
4,46667	50,00
4,48333	50,00
4,50000	50,00
4,51667	50,00
4,53333	50,00
4,55000	50,00
4,56667	50,00
4,58333	50,00
4,60000	50,00
4,61667	50,00
4,63333	50,00
4,65000	50,00
4,66667	50,00
4,68333	50,00
4,70000	50,00
4,71667	50,00
4,73333	50,00
4,75000	50,00
4,76667	50,00
4,78333	50,00
4,80000	49,99
4,81667	49,99
4,83333	49,99
4,85000	49,99
4,86667	49,99
4,88333	49,99
4,90000	49,99
4,91667	49,99
4,93333	49,99
4,95000	49,99
4,96667	49,99
4,98333	49,99
5,00000	49,99
5,01667	49,99
5,03333	49,99
5,05000	49,99
5,06667	49,99
5,08333	49,99
5,10000	49,99
5,11667	49,99
5,13333	49,99
5,15000	49,99
5,16667	49,99
5,18333	49,99
5,20000	49,99
5,21667	49,99
5,23333	49,99
5,25000	49,99
5,26667	49,99
5,28333	49,99
5,30000	49,99
5,31667	50,00
5,33333	50,00
5,35000	50,00
5,36667	50,00
5,38333	50,00
5,40000	50,00
5,41667	50,00
5,43333	50,00
5,45000	50,00
5,46667	50,00
5,48333	50,00
5,50000	50,00
5,51667	50,00
5,53333	50,00
5,55000	50,00
5,56667	50,00
5,58333	50,00
5,60000	50,00
5,61667	50,00
5,63333	50,00
5,65000	50,00
5,66667	50,00
5,68333	50,00
5,70000	50,00
5,71667	50,00
5,73333	50,00
5,75000	50,00
5,76667	50,00
5,78333	50,00
5,80000	50,00
5,81667	50,00
5,83333	50,00
5,85000	50,00
5,86667	50,00
5,88333	50,00
5,90000	50,00
5,91667	50,00
5,93333	50,00
5,95000	50,00
5,96667	50,00
5,98333	50,00
6,00000	50,00
6,01667	50,00
6,03333	50,00
6,05000	50,00
6,06667	50,00
6,08333	50,00
6,10000	49,99
6,11667	49,99
6,13333	49,99
6,15000	49,99
6,16667	49,99
6,18333	49,99
6,20000	49,99
6,21667	49,99
6,23333	49,99
6,25000	49,99
6,26667	49,99
6,28333	49,99
6,30000	49,99
6,31667	49,99
6,33333	49,99
6,35000	49,99
6,36667	49,99
6,38333	49,99
6,40000	49,99
6,41667	49,99
6,43333	49,99
6,45000	49,99
6,46667	49,99
6,48333	49,99
6,50000	49,99
6,51667	49,99
6,53333	49,99
6,55000	49,99
6,56667	49,99
6,58333	50,00
6,60000	50,00
6,61667	50,00
6,63333	50,00
6,65000	50,00
6,66667	50,00
6,68333	50,00
6,70000	50,00
6,71667	50,00
6,73333	50,00
6,75000	50,00
6,76667	50,00
6,78333	50,00
6,80000	50,00
6,81667	50,00
6,83333	50,00
6,85000	50,00
6,86667	50,00
6,88333	50,00
6,90000	50,00
6,91667	50,00
6,93333	50,00
6,95000	50,00
6,96667	50,00
6,98333	50,00
7,00000	50,00
7,01667	50,00
7,03333	50,00
7,05000	50,00
7,06667	50,00
7,08333	50,00
7,10000	50,00
7,11667	50,00
7,13333	50,00
7,15000	50,00
7,16667	50,00
7,18333	50,00
7,20000	50,00
7,21667	50,00
7,23333	50,00
7,25000	50,00
7,26667	50,00
7,28333	49,99
7,30000	49,99
7,31667	49,99
7,33333	49,99
7,35000	49,99
7,36667	49,99
7,38333	49,99
7,40000	49,99
7,41667	49,99
7,43333	49,99
7,45000	49,99
7,46667	49,99
7,48333	49,99
7,50000	49,99
7,51667	49,99
7,53333	49,99
7,55000	49,99
7,56667	49,99
7,58333	49,99
7,60000	49,99
7,61667	49,99
7,63333	49,99
7,65000	49,99
7,66667	49,99
7,68333	49,99
7,70000	49,99
7,71667	49,99
7,73333	49,99
7,75000	49,99
7,76667	49,99
7,78333	50,00
7,80000	50,00
7,81667	50,00
7,83333	50,00
7,85000	50,00
7,86667	50,00
7,88333	50,00
7,90000	50,00
7,91667	50,00
7,93333	50,00
7,95000	50,00
7,96667	50,00
7,98333	50,00
8,00000	50,00
8,01667	50,00
8,03333	50,00
8,05000	50,00
8,06667	50,00
8,08333	50,00
8,10000	50,00
8,11667	50,00
8,13333	50,00
8,15000	49,99
8,16667	49,99
8,18333	49,99
8,20000	49,99
8,21667	49,99
8,23333	49,99
8,25000	49,99
8,26667	49,99
8,28333	49,99
8,30000	49,99
8,31667	49,99
8,33333	49,99
8,35000	49,99
8,36667	49,99
8,38333	49,99
8,40000	49,99
8,41667	49,99
8,43333	49,99
8,45000	49,99
8,46667	49,99
8,48333	49,99
8,50000	49,99
8,51667	49,99
8,53333	49,99
8,55000	49,99
8,56667	50,00
8,58333	50,00
8,60000	50,00
8,61667	50,00
8,63333	50,00
8,65000	50,00
8,66667	50,00
8,68333	50,00
8,70000	50,00
8,71667	50,00
8,73333	50,00
8,75000	50,00
8,76667	50,00
8,78333	50,00
8,80000	50,00
8,81667	50,00
8,83333	50,00
8,85000	50,00
8,86667	50,00
8,88333	50,00
8,90000	50,00
8,91667	50,00
8,93333	50,00
8,95000	50,00
8,96667	50,00
8,98333	50,00
9,00000	50,00
9,01667	50,00
9,03333	50,00
9,05000	50,00
9,06667	50,00
9,08333	49,99
9,10000	49,99
9,11667	49,99
9,13333	49,99
9,15000	49,99
9,16667	49,99
9,18333	49,99
9,20000	49,99
9,21667	49,99
9,23333	49,99
9,25000	49,99
9,26667	49,99
9,28333	49,99
9,30000	49,99
9,31667	49,99
9,33333	49,99
9,35000	49,99
9,36667	49,99
9,38333	49,99
9,40000	49,99
9,41667	49,99
9,43333	49,99
9,45000	49,99
9,46667	49,99
9,48333	49,99
9,50000	49,99
9,51667	50,00
9,53333	50,00
9,55000	50,00
9,56667	50,00
9,58333	50,00
9,60000	50,00
9,61667	50,00
9,63333	50,00
9,65000	50,00
9,66667	50,00
9,68333	50,00
9,70000	50,00
9,71667	50,00
9,73333	50,00
9,75000	50,00
9,76667	50,00
9,78333	50,00
9,80000	50,00
9,81667	50,00
9,83333	50,00
9,85000	50,00
9,86667	50,00
9,88333	50,00
9,90000	50,00
9,91667	50,00
9,93333	50,00
9,95000	50,00
9,96667	50,00
9,98333	50,00
10,00000	50,00
10,01667	50,00
10,03333	50,00
10,05000	50,00
10,06667	50,00
10,08333	50,00
10,10000	50,00
10,11667	50,00
10,13333	50,00
10,15000	50,00
10,16667	50,00
10,18333	50,00
10,20000	50,00
10,21667	50,00
10,23333	50,00
10,25000	49,99
10,26667	49,99
10,28333	49,99
10,30000	49,99
10,31667	49,99
10,33333	49,99
10,35000	49,99
10,36667	49,99
10,38333	49,99
10,40000	49,99
10,41667	49,99
10,43333	49,99
10,45000	49,99
10,46667	49,99
10,48333	49,99
10,50000	49,99
10,51667	49,99
10,53333	49,99
10,55000	49,99
10,56667	49,99
10,58333	49,99
10,60000	49,99
10,61667	49,99
10,63333	49,99
10,65000	49,99
10,66667	49,99
10,68333	50,00
10,70000	50,00
10,71667	50,00
10,73333	50,00
10,75000	50,00
10,76667	50,00
10,78333	50,00
10,80000	50,00
10,81667	50,00
10,83333	50,00
10,85000	50,00
10,86667	50,00
10,88333	50,00
10,90000	50,00
10,91667	50,00
10,93333	50,00
10,95000	50,00
10,96667	50,00
10,98333	50,00
11,00000	50,00
11,01667	50,00
11,03333	50,00
11,05000	50,00
11,06667	50,00
11,08333	50,00
11,10000	50,00
11,11667	50,00
11,13333	50,00
11,15000	50,00
11,16667	50,00
11,18333	50,00
11,20000	50,00
11,21667	50,00
11,23333	50,00
11,25000	50,00
11,26667	50,00
11,28333	50,00
11,30000	50,00
11,31667	50,00
11,33333	49,99
11,35000	49,99
11,36667	49,99
11,38333	49,99
11,40000	49,99
11,41667	49,99
11,43333	49,99
11,45000	49,99
11,46667	49,99
11,48333	49,99
11,50000	49,99
11,51667	49,99
11,53333	49,99
11,55000	49,99
11,56667	49,99
11,58333	49,99
11,60000	49,99
11,61667	49,99
11,63333	49,99
11,65000	49,99
11,66667	49,99
11,68333	49,99
11,70000	49,99
11,71667	49,99
11,73333	50,00
11,75000	50,00
11,76667	50,00
11,78333	50,00
11,80000	50,00
11,81667	50,00
11,83333	50,00
11,85000	50,00
11,86667	50,00
11,88333	50,00
11,90000	50,00
11,91667	50,00
11,93333	50,00
11,95000	50,00
11,96667	50,00
11,98333	50,00
12,00000	50,00
12,01667	50,00
12,03333	50,00
12,05000	50,00
12,06667	50,00
12,08333	50,00
12,10000	50,00
12,11667	50,00
12,13333	50,00
12,15000	50,00
12,16667	50,00
12,18333	50,00
12,20000	50,00
12,21667	50,00
12,23333	50,00
12,25000	50,00
12,26667	50,00
12,28333	50,00
12,30000	50,00
12,31667	50,00
12,33333	50,00
12,35000	50,00
12,36667	50,00
12,38333	50,00
12,40000	50,00
12,41667	50,00
12,43333	50,00
12,45000	50,00
12,46667	50,00
12,48333	50,00
12,50000	50,00
12,51667	50,00
12,53333	50,00
12,55000	50,00
12,56667	50,00
12,58333	50,00
12,60000	50,00
12,61667	50,00
12,63333	50,00
12,65000	50,00
12,66667	50,00
12,68333	50,00
12,70000	50,00
12,71667	50,00
12,73333	50,00
12,75000	50,00
12,76667	50,00
12,78333	50,00
12,80000	50,00
12,81667	49,99
12,83333	49,99
12,85000	49,99
12,86667	49,99
12,88333	49,99
12,90000	49,99
12,91667	49,99
12,93333	49,99
12,95000	49,99
12,96667	49,99
12,98333	49,99
13,00000	49,99
13,01667	49,99
13,03333	49,99
13,05000	49,99
13,06667	49,99
13,08333	49,99
13,10000	49,99
13,11667	49,99
13,13333	49,99
13,15000	49,99
13,16667	50,00
13,18333	50,00
13,20000	50,00
13,21667	50,00
13,23333	50,00
13,25000	50,00
13,26667	50,00
13,28333	50,00
13,30000	50,00
13,31667	50,00
13,33333	50,00
13,35000	50,00
13,36667	50,00
13,38333	50,00
13,40000	50,00
13,41667	50,00
13,43333	50,00
13,45000	50,00
13,46667	50,00
13,48333	50,00
13,50000	50,00
13,51667	50,00
13,53333	50,00
13,55000	50,00
13,56667	50,00
13,58333	50,00
13,60000	50,00
13,61667	50,00
13,63333	50,00
13,65000	50,00
13,66667	50,00
13,68333	50,00
13,70000	50,00
13,71667	50,00
13,73333	50,00
13,75000	50,00
13,76667	50,00
13,78333	50,00
13,80000	50,00
13,81667	50,00
13,83333	50,00
13,85000	50,00
13,86667	50,00
13,88333	50,00
13,90000	50,00
13,91667	50,00
13,93333	50,00
13,95000	50,00
13,96667	50,00
13,98333	50,00
14,00000	50,00
14,01667	50,00
14,03333	50,00
14,05000	50,00
14,06667	50,00
14,08333	50,00
14,10000	50,00
14,11667	50,00
14,13333	50,00
14,15000	50,00
14,16667	50,00
14,18333	50,00
14,20000	50,00
14,21667	50,00
14,23333	50,00
14,25000	50,00
14,26667	50,00
14,28333	50,00
14,30000	50,00
14,31667	49,99
14,33333	49,99
14,35000	49,99
14,36667	49,99
14,38333	49,99
14,40000	49,99
14,41667	49,99
14,43333	49,99
14,45000	49,99
14,46667	49,99
14,48333	49,99
14,50000	49,99
14,51667	49,99
14,53333	49,99
14,55000	49,99
14,56667	49,99
14,58333	49,99
14,60000	49,99
14,61667	49,99
14,63333	49,99
14,65000	49,99
14,66667	49,99
14,68333	49,99
14,70000	49,99
14,71667	49,99
14,73333	49,99
14,75000	49,99
14,76667	49,99
14,78333	49,99
14,80000	49,99
14,81667	49,99
14,83333	50,00
14,85000	50,00
14,86667	50,00
14,88333	50,00
14,90000	50,00
14,91667	50,00
14,93333	50,00
14,95000	50,00
14,96667	50,00
14,98333	50,00
15,00000	50,00
15,01667	50,00
15,03333	50,00
15,05000	50,00
15,06667	50,00
15,08333	50,00
15,10000	50,00
15,11667	50,00
15,13333	50,00
15,15000	50,00
15,16667	50,00
15,18333	50,00
15,20000	50,00
15,21667	50,00
15,23333	50,00
15,25000	50,00
15,26667	50,00
15,28333	50,00
15,30000	50,00
15,31667	50,00
15,33333	50,00
15,35000	50,00
15,36667	50,00
15,38333	50,00
15,40000	50,00
15,41667	50,00
15,43333	50,00
15,45000	50,00
15,46667	50,00
15,48333	50,00
15,50000	50,00
15,51667	50,00
15,53333	50,00
15,55000	50,00
15,56667	50,00
15,58333	50,00
15,60000	50,00
15,61667	50,00
15,63333	50,00
15,65000	50,00
15,66667	50,00
15,68333	50,00
15,70000	50,00
15,71667	50,00
15,73333	50,00
15,75000	50,00
15,76667	50,00
15,78333	50,00
15,80000	50,00
15,81667	50,00
15,83333	50,00
15,85000	50,00
15,86667	50,00
15,88333	50,00
15,90000	50,00
15,91667	50,00
15,93333	50,00
15,95000	50,00
15,96667	50,00
15,98333	50,00
16,00000	50,00
16,01667	50,00
16,03333	50,00
16,05000	50,00
16,06667	50,00
16,08333	50,00
16,10000	50,00
16,11667	50,00
16,13333	50,00
16,15000	50,00
16,16667	50,00
16,18333	50,00
16,20000	50,00
16,21667	50,00
16,23333	50,00
16,25000	50,00
16,26667	50,00
16,28333	50,00
16,30000	50,00
16,31667	50,00
16,33333	50,00
16,35000	50,00
16,36667	50,00
16,38333	50,00
16,40000	50,00
16,41667	50,00
16,43333	50,00
16,45000	50,00
16,46667	50,00
16,48333	50,00
16,50000	50,00
16,51667	50,00
16,53333	50,00
16,55000	50,00
16,56667	50,00
16,58333	50,00
16,60000	50,00
16,61667	50,00
16,63333	50,00
16,65000	50,00
16,66667	50,00
16,68333	50,00
16,70000	50,00
16,71667	50,00
16,73333	50,00
16,75000	50,00
16,76667	50,00
16,78333	50,00
16,80000	50,00
16,81667	50,00
16,83333	50,00
16,85000	50,00
16,86667	50,00
16,88333	50,00
16,90000	50,00
16,91667	50,00
16,93333	50,00
16,95000	50,00
16,96667	50,00
16,98333	50,00
17,00000	50,00
17,01667	50,00
17,03333	50,00
17,05000	50,00
17,06667	50,00
17,08333	50,00
17,10000	50,00
17,11667	50,00
17,13333	50,00
17,15000	50,00
17,16667	50,00
17,18333	50,00
17,20000	50,00
17,21667	50,00
17,23333	49,99
17,25000	49,99
17,26667	49,99
17,28333	49,99
17,30000	49,99
17,31667	49,99
17,33333	49,99
17,35000	49,99
17,36667	49,99
17,38333	49,99
17,40000	49,99
17,41667	49,99
17,43333	49,99
17,45000	49,99
17,46667	49,99
17,48333	49,99
17,50000	49,99
17,51667	49,99
17,53333	49,99
17,55000	49,99
17,56667	49,99
17,58333	49,99
17,60000	49,99
17,61667	49,99
17,63333	49,99
17,65000	49,99
17,66667	49,99
17,68333	49,99
17,70000	49,99
17,71667	49,99
17,73333	49,99
17,75000	49,99
17,76667	49,99
17,78333	49,99
17,80000	49,99
17,81667	49,99
17,83333	49,99
17,85000	49,99
17,86667	49,99
17,88333	49,99
17,90000	49,99
17,91667	49,99
17,93333	49,99
17,95000	49,99
17,96667	49,99
17,98333	49,99
18,00000	49,99
18,01667	49,99
18,03333	49,99
18,05000	49,99
18,06667	49,99
18,08333	49,99
18,10000	49,99
18,11667	49,99
18,13333	49,99
18,15000	49,99
18,16667	49,99
18,18333	49,99
18,20000	50,00
18,21667	50,00
18,23333	50,00
18,25000	50,00
18,26667	50,00
18,28333	50,00
18,30000	50,00
18,31667	50,00
18,33333	50,00
18,35000	50,00
18,36667	50,00
18,38333	50,00
18,40000	50,00
18,41667	50,00
18,43333	50,00
18,45000	50,00
18,46667	50,00
18,48333	50,00
18,50000	50,00
18,51667	50,00
18,53333	50,00
18,55000	50,00
18,56667	50,00
18,58333	50,00
18,60000	50,00
18,61667	50,00
18,63333	50,00
18,65000	50,00
18,66667	50,00
18,68333	50,00
18,70000	50,00
18,71667	50,00
18,73333	50,00
18,75000	50,00
18,76667	50,00
18,78333	50,00
18,80000	50,00
18,81667	50,00
18,83333	50,00
18,85000	50,00
18,86667	50,00
18,88333	50,00
18,90000	50,00
18,91667	50,00
18,93333	50,00
18,95000	50,00
18,96667	49,99
18,98333	49,99
19,00000	50,00
19,01667	49,99
19,03333	49,99
19,05000	49,99
19,06667	49,99
19,08333	49,99
19,10000	50,00
19,11667	50,00
19,13333	49,99
19,15000	50,00
19,16667	50,00
19,18333	50,00
19,20000	50,00
19,21667	50,00
19,23333	50,00
19,25000	50,00
19,26667	50,00
19,28333	50,00
19,30000	50,00
19,31667	50,00
19,33333	50,00
19,35000	50,00
19,36667	50,00
19,38333	50,00
19,40000	50,00
19,41667	50,00
19,43333	50,00
19,45000	50,00
19,46667	50,00
19,48333	50,00
19,50000	50,00
19,51667	50,00
19,53333	50,00
19,55000	50,00
19,56667	50,00
19,58333	50,00
19,60000	50,00
19,61667	50,00
19,63333	50,00
19,65000	50,00
19,66667	50,00
19,68333	50,00
19,70000	50,00
19,71667	50,00
19,73333	50,00
19,75000	50,00
19,76667	50,00
19,78333	50,00
19,80000	50,00
19,81667	50,00
19,83333	50,00
19,85000	50,00
19,86667	50,00
19,88333	50,00
19,90000	50,00
19,91667	50,00
19,93333	50,00
19,95000	50,00
19,96667	50,00
19,98333	50,00
20,00000	50,00
20,01667	50,00
20,03333	50,00
20,05000	50,00
20,06667	50,00
20,08333	50,00
20,10000	50,00
20,11667	50,00
20,13333	50,00
20,15000	50,00
20,16667	49,99
20,18333	49,99
20,20000	49,99
20,21667	49,99
20,23333	49,99
20,25000	49,99
20,26667	49,99
20,28333	49,99
20,30000	49,99
20,31667	49,99
20,33333	49,99
20,35000	49,99
20,36667	49,99
20,38333	49,99
20,40000	49,99
20,41667	49,99
20,43333	49,99
20,45000	49,99
20,46667	49,99
20,48333	49,99
20,50000	49,99
20,51667	49,99
20,53333	49,99
20,55000	49,99
20,56667	49,99
20,58333	49,99
20,60000	50,00
20,61667	49,99
20,63333	50,00
20,65000	50,00
20,66667	49,99
20,68333	49,99
20,70000	49,99
20,71667	49,99
20,73333	49,99
20,75000	49,99
20,76667	49,99
20,78333	49,99
20,80000	49,99
20,81667	49,99
20,83333	49,99
20,85000	49,99
20,86667	49,99
20,88333	49,99
20,90000	49,99
20,91667	49,99
20,93333	49,99
20,95000	49,99
20,96667	49,99
20,98333	49,99
21,00000	49,99
21,01667	49,99
21,03333	49,99
21,05000	49,99
21,06667	49,99
21,08333	49,99
21,10000	49,99
21,11667	49,99
21,13333	49,99
21,15000	49,99
21,16667	49,99
21,18333	49,99
21,20000	49,99
21,21667	49,99
21,23333	49,99
21,25000	49,99
21,26667	49,99
21,28333	49,99
21,30000	49,99
21,31667	49,99
21,33333	49,99
21,35000	49,99
21,36667	49,99
21,38333	49,99
21,40000	49,99
21,41667	49,99
21,43333	49,99
21,45000	49,99
21,46667	49,99
21,48333	49,99
21,50000	49,99
21,51667	49,99
21,53333	49,99
21,55000	49,99
21,56667	49,99
21,58333	49,99
21,60000	49,99
21,61667	49,99
21,63333	49,99
21,65000	49,99
21,66667	49,99
21,68333	49,99
21,70000	49,99
21,71667	49,99
21,73333	50,00
21,75000	50,00
21,76667	50,00
21,78333	50,00
21,80000	50,00
21,81667	50,00
21,83333	50,00
21,85000	50,00
21,86667	50,00
21,88333	50,00
21,90000	50,00
21,91667	50,00
21,93333	50,00
21,95000	50,00
21,96667	50,00
21,98333	50,00
22,00000	50,00
22,01667	50,00
22,03333	50,00
22,05000	50,00
22,06667	50,00
22,08333	50,00
22,10000	50,00
22,11667	50,00
22,13333	50,00
22,15000	50,00
22,16667	50,00
22,18333	50,00
22,20000	50,00
22,21667	50,00
22,23333	50,00
22,25000	50,00
22,26667	50,00
22,28333	50,00
22,30000	50,00
22,31667	50,00
22,33333	50,00
22,35000	50,00
22,36667	50,00
22,38333	50,00
22,40000	50,00
22,41667	50,00
22,43333	50,00
22,45000	50,00
22,46667	50,00
22,48333	50,00
22,50000	50,00
22,51667	50,00
22,53333	50,00
22,55000	50,00
22,56667	50,00
22,58333	50,00
22,60000	50,00
22,61667	50,00
22,63333	50,00
22,65000	50,00
22,66667	50,00
22,68333	50,00
22,70000	50,00
22,71667	50,00
22,73333	50,00
22,75000	50,00
22,76667	50,00
22,78333	50,00
22,80000	50,00
22,81667	50,00
22,83333	50,00
22,85000	50,00
22,86667	50,00
22,88333	50,00
22,90000	50,00
22,91667	50,00
22,93333	50,00
22,95000	50,00
22,96667	50,00
22,98333	50,00
23,00000	50,00
23,01667	50,00
23,03333	50,00
23,05000	50,00
23,06667	50,00
23,08333	50,00
23,10000	50,00
23,11667	50,00
23,13333	50,00
23,15000	50,00
23,16667	50,00
23,18333	50,00
23,20000	50,00
23,21667	50,00
23,23333	50,00
23,25000	50,00
23,26667	50,00
23,28333	50,00
23,30000	50,00
23,31667	50,00
23,33333	50,00
23,35000	50,00
23,36667	50,00
23,38333	50,00
23,40000	50,00
23,41667	50,00
23,43333	50,00
23,45000	50,00
23,46667	50,00
23,48333	50,00
23,50000	50,00
23,51667	50,00
23,53333	50,00
23,55000	50,00
23,56667	50,00
23,58333	50,00
23,60000	50,00
23,61667	50,00
23,63333	50,00
23,65000	50,00
23,66667	50,00
23,68333	50,00
23,70000	49,99
23,71667	49,99
23,73333	49,99
23,75000	49,99
23,76667	49,99
23,78333	49,99
23,80000	49,99
23,81667	49,99
23,83333	49,99
23,85000	49,99
23,86667	49,99
23,88333	49,99
23,90000	49,99
23,91667	49,99
23,93333	49,99
23,95000	49,99
23,96667	49,99
23,98333	49,99
24,00000	49,99
24,01667	49,99
24,03333	49,99
24,05000	49,99
24,06667	49,99
24,08333	49,99
24,10000	49,99
24,11667	49,99
24,13333	49,99
24,15000	49,99
24,16667	49,99
24,18333	49,99
24,20000	49,99
24,21667	49,99
24,23333	49,99
24,25000	49,99
24,26667	49,99
24,28333	49,99
24,30000	49,99
24,31667	49,99
24,33333	49,99
24,35000	49,99
24,36667	49,99
24,38333	49,99
24,40000	49,99
24,41667	49,99
24,43333	49,99
24,45000	49,99
24,46667	49,99
24,48333	50,00
24,50000	50,00
24,51667	50,00
24,53333	50,00
24,55000	50,00
24,56667	50,00
24,58333	50,00
24,60000	50,00
24,61667	50,00
24,63333	50,00
24,65000	50,00
24,66667	50,00
24,68333	50,00
24,70000	50,00
24,71667	50,00
24,73333	50,00
24,75000	50,00
24,76667	50,00
24,78333	50,00
24,80000	50,00
24,81667	50,00
24,83333	50,00
24,85000	50,00
24,86667	50,00
24,88333	50,00
24,90000	50,00
24,91667	50,00
24,93333	50,00
24,95000	50,00
24,96667	50,00
24,98333	50,00
25,00000	50,00
25,01667	50,00
25,03333	50,00
25,05000	50,00
25,06667	50,00
25,08333	50,00
25,10000	50,00
25,11667	50,00
25,13333	50,00
25,15000	50,00
25,16667	50,00
25,18333	50,00
25,20000	50,00
25,21667	50,00
25,23333	50,00
25,25000	50,00
25,26667	50,00
25,28333	50,00
25,30000	50,00
25,31667	50,00
25,33333	50,00
25,35000	50,00
25,36667	50,00
25,38333	50,00
25,40000	50,00
25,41667	50,00
25,43333	50,00
25,45000	50,00
25,46667	50,00
25,48333	50,00
25,50000	50,00
25,51667	50,00
25,53333	50,00
25,55000	50,00
25,56667	50,00
25,58333	50,00
25,60000	50,00
25,61667	50,00
25,63333	50,00
25,65000	50,00
25,66667	50,00
25,68333	50,00
25,70000	50,00
25,71667	50,00
25,73333	50,00
25,75000	50,00
25,76667	50,00
25,78333	50,00
25,80000	50,00
25,81667	50,00
25,83333	50,00
25,85000	50,00
25,86667	50,00
25,88333	50,00
25,90000	50,00
25,91667	50,00
25,93333	50,00
25,95000	50,00
25,96667	50,00
25,98333	50,00
26,00000	50,00
26,01667	50,00
26,03333	50,00
26,05000	50,00
26,06667	50,00
26,08333	50,00
26,10000	50,00
26,11667	50,00
26,13333	50,00
26,15000	50,00
26,16667	50,00
26,18333	50,00
26,20000	50,00
26,21667	50,00
26,23333	50,00
26,25000	50,00
26,26667	50,00
26,28333	50,00
26,30000	50,00
26,31667	50,00
26,33333	50,00
26,35000	50,00
26,36667	50,00
26,38333	50,00
26,40000	50,00
26,41667	50,00
26,43333	50,00
26,45000	50,00
26,46667	50,00
26,48333	50,00
26,50000	50,00
26,51667	50,00
26,53333	50,00
26,55000	50,00
26,56667	50,00
26,58333	50,00
26,60000	50,00
26,61667	50,00
26,63333	50,00
26,65000	50,00
26,66667	50,00
26,68333	50,00
26,70000	50,00
26,71667	50,00
26,73333	50,00
26,75000	50,00
26,76667	50,00
26,78333	50,00
26,80000	50,00
26,81667	50,00
26,83333	50,00
26,85000	50,00
26,86667	50,00
26,88333	50,00
26,90000	50,00
26,91667	50,00
26,93333	50,00
26,95000	50,00
26,96667	50,00
26,98333	50,00
27,00000	50,00
27,01667	50,00
27,03333	50,00
27,05000	50,00
27,06667	50,00
27,08333	50,00
27,10000	50,00
27,11667	50,00
27,13333	50,00
27,15000	50,00
27,16667	50,00
27,18333	50,00
27,20000	50,00
27,21667	50,00
27,23333	50,00
27,25000	50,00
27,26667	50,00
27,28333	50,00
27,30000	50,00
27,31667	50,00
27,33333	50,00
27,35000	50,00
27,36667	50,00
27,38333	50,00
27,40000	50,00
27,41667	50,00
27,43333	50,00
27,45000	50,00
27,46667	50,00
27,48333	50,00
27,50000	50,00
27,51667	50,00
27,53333	50,00
27,55000	50,00
27,56667	50,00
27,58333	50,00
27,60000	50,00
27,61667	50,00
27,63333	50,00
27,65000	50,00
27,66667	50,00
27,68333	50,00
27,70000	50,00
27,71667	49,99
27,73333	49,99
27,75000	49,99
27,76667	49,99
27,78333	49,99
27,80000	49,99
27,81667	50,00
27,83333	50,00
27,85000	50,00
27,86667	50,00
27,88333	50,00
27,90000	50,00
27,91667	50,00
27,93333	50,00
27,95000	50,00
27,96667	50,00
27,98333	50,00
28,00000	50,00
28,01667	50,00
28,03333	50,00
28,05000	50,00
28,06667	50,00
28,08333	50,00
28,10000	50,00
28,11667	50,00
28,13333	50,00
28,15000	50,00
28,16667	50,00
28,18333	50,00
28,20000	50,00
28,21667	50,00
28,23333	50,00
28,25000	50,00
28,26667	50,00
28,28333	50,00
28,30000	50,00
28,31667	50,00
28,33333	50,00
28,35000	50,00
28,36667	50,00
28,38333	50,00
28,40000	50,00
28,41667	50,00
28,43333	50,00
28,45000	50,00
28,46667	50,00
28,48333	50,00
28,50000	50,00
28,51667	50,00
28,53333	50,00
28,55000	50,00
28,56667	50,00
28,58333	50,00
28,60000	50,00
28,61667	50,00
28,63333	50,00
28,65000	50,00
28,66667	50,00
28,68333	50,00
28,70000	50,00
28,71667	50,00
28,73333	50,00
28,75000	50,00
28,76667	50,00
28,78333	50,00
28,80000	50,00
28,81667	50,00
28,83333	49,99
28,85000	49,99
28,86667	49,99
28,88333	49,99
28,90000	49,99
28,91667	49,99
28,93333	49,99
28,95000	49,99
28,96667	49,99
28,98333	49,99
29,00000	49,99
29,01667	49,99
29,03333	49,99
29,05000	49,99
29,06667	49,99
29,08333	49,99
29,10000	49,99
29,11667	49,99
29,13333	49,99
29,15000	49,99
29,16667	49,99
29,18333	49,99
29,20000	49,99
29,21667	49,99
29,23333	49,99
29,25000	49,99
29,26667	49,99
29,28333	49,99
29,30000	50,00
29,31667	50,00
29,33333	50,00
29,35000	50,00
29,36667	50,00
29,38333	50,00
29,40000	50,00
29,41667	50,00
29,43333	50,00
29,45000	50,00
29,46667	50,00
29,48333	50,00
29,50000	50,00
29,51667	50,00
29,53333	50,00
29,55000	50,00
29,56667	50,00
29,58333	50,00
29,60000	50,00
29,61667	50,00
29,63333	50,00
29,65000	50,00
29,66667	49,99
29,68333	49,99
29,70000	49,99
29,71667	49,99
29,73333	49,99
29,75000	49,99
29,76667	49,99
29,78333	49,99
29,80000	49,99
29,81667	49,99
29,83333	49,99
29,85000	49,99
29,86667	49,99
29,88333	49,99
29,90000	49,99
29,91667	49,99
29,93333	49,99
29,95000	49,99
29,96667	49,99
29,98333	49,99
30,00000	49,99
30,01667	49,99
30,03333	49,99
30,05000	49,99
30,06667	49,99
30,08333	49,99
30,10000	49,99
30,11667	49,99
30,13333	49,99
30,15000	49,99
30,16667	49,99
30,18333	49,99
30,20000	49,99
30,21667	49,99
30,23333	49,99
30,25000	49,99
30,26667	49,99
30,28333	49,99
30,30000	49,99
30,31667	49,99
30,33333	49,99
30,35000	49,99
30,36667	49,99
30,38333	49,99
30,40000	49,99
30,41667	49,99
30,43333	49,99
30,45000	49,99
30,46667	49,99
30,48333	49,99
30,50000	49,99
30,51667	49,99
30,53333	49,99
30,55000	49,99
30,56667	49,99
30,58333	49,99
30,60000	49,99
30,61667	49,99
30,63333	49,99
30,65000	49,99
30,66667	49,99
30,68333	49,99
30,70000	49,99
30,71667	49,99
30,73333	49,99
30,75000	49,99
30,76667	49,99
30,78333	49,99
30,80000	49,99
30,81667	49,99
30,83333	49,99
30,85000	49,99
30,86667	49,99
30,88333	49,99
30,90000	49,99
30,91667	49,99
30,93333	49,99
30,95000	49,99
30,96667	49,99
30,98333	49,99
31,00000	49,99
31,01667	49,99
31,03333	49,99
31,05000	49,99
31,06667	49,99
31,08333	49,99
31,10000	49,99
31,11667	49,99
31,13333	49,99
31,15000	49,99
31,16667	49,99
31,18333	49,99
31,20000	49,99
31,21667	49,99
31,23333	49,99
31,25000	49,99
31,26667	49,99
31,28333	49,99
31,30000	49,99
31,31667	49,99
31,33333	49,99
31,35000	49,99
31,36667	49,99
31,38333	49,99
31,40000	49,99
31,41667	49,99
31,43333	49,99
31,45000	49,99
31,46667	49,99
31,48333	49,99
31,50000	50,00
31,51667	50,00
31,53333	50,00
31,55000	50,00
31,56667	50,00
31,58333	50,00
31,60000	50,00
31,61667	50,00
31,63333	50,00
31,65000	50,00
31,66667	50,00
31,68333	50,00
31,70000	50,00
31,71667	50,00
31,73333	50,00
31,75000	50,00
31,76667	50,00
31,78333	50,00
31,80000	50,00
31,81667	50,00
31,83333	50,00
31,85000	50,00
31,86667	50,00
31,88333	50,00
31,90000	50,00
31,91667	50,00
31,93333	50,00
31,95000	50,00
31,96667	50,00
31,98333	50,00
32,00000	50,00

[LC Status Trace(PDA Optical Unit Temp.)]
Interval(msec)	1000
# of Points	1921
Start Time(min)	0,000
End Time(min)	32,000
Intensity Units	C
Intensity Multiplier	1
R.Time (min)	Intensity
0,00000	47,00
0,01667	47,00
0,03333	46,99
0,05000	46,99
0,06667	46,99
0,08333	46,99
0,10000	46,99
0,11667	46,99
0,13333	47,00
0,15000	46,99
0,16667	46,99
0,18333	46,99
0,20000	47,00
0,21667	47,00
0,23333	47,00
0,25000	47,00
0,26667	47,00
0,28333	47,00
0,30000	47,00
0,31667	47,00
0,33333	47,00
0,35000	47,00
0,36667	47,00
0,38333	47,00
0,40000	47,00
0,41667	47,00
0,43333	47,00
0,45000	47,00
0,46667	47,00
0,48333	47,00
0,50000	47,00
0,51667	47,00
0,53333	47,00
0,55000	47,00
0,56667	47,00
0,58333	47,00
0,60000	47,00
0,61667	47,00
0,63333	47,00
0,65000	47,00
0,66667	47,00
0,68333	47,00
0,70000	47,00
0,71667	47,00
0,73333	47,00
0,75000	47,00
0,76667	47,00
0,78333	47,00
0,80000	47,00
0,81667	47,00
0,83333	47,00
0,85000	47,00
0,86667	47,00
0,88333	47,00
0,90000	47,00
0,91667	47,00
0,93333	47,00
0,95000	47,00
0,96667	47,00
0,98333	47,00
1,00000	47,00
1,01667	47,00
1,03333	47,00
1,05000	47,00
1,06667	47,00
1,08333	47,00
1,10000	47,00
1,11667	47,00
1,13333	47,00
1,15000	47,00
1,16667	47,00
1,18333	47,00
1,20000	47,00
1,21667	47,00
1,23333	47,00
1,25000	47,00
1,26667	47,00
1,28333	47,00
1,30000	47,00
1,31667	47,00
1,33333	47,00
1,35000	47,00
1,36667	47,00
1,38333	47,00
1,40000	47,00
1,41667	47,00
1,43333	47,00
1,45000	47,00
1,46667	47,00
1,48333	47,00
1,50000	47,00
1,51667	47,00
1,53333	47,00
1,55000	47,00
1,56667	47,00
1,58333	47,00
1,60000	47,00
1,61667	47,00
1,63333	47,00
1,65000	47,00
1,66667	47,00
1,68333	47,00
1,70000	47,00
1,71667	47,00
1,73333	47,00
1,75000	47,00
1,76667	47,00
1,78333	47,00
1,80000	47,00
1,81667	47,00
1,83333	47,00
1,85000	47,00
1,86667	47,00
1,88333	47,00
1,90000	47,00
1,91667	47,00
1,93333	47,00
1,95000	47,00
1,96667	47,00
1,98333	47,00
2,00000	47,00
2,01667	47,00
2,03333	47,00
2,05000	47,00
2,06667	47,00
2,08333	47,00
2,10000	47,00
2,11667	47,00
2,13333	47,00
2,15000	47,00
2,16667	47,00
2,18333	47,00
2,20000	47,00
2,21667	47,00
2,23333	47,00
2,25000	47,00
2,26667	47,00
2,28333	47,00
2,30000	47,00
2,31667	47,00
2,33333	47,00
2,35000	47,00
2,36667	47,00
2,38333	47,00
2,40000	47,00
2,41667	47,00
2,43333	47,00
2,45000	47,00
2,46667	47,00
2,48333	47,00
2,50000	47,00
2,51667	47,00
2,53333	47,00
2,55000	47,00
2,56667	47,00
2,58333	47,00
2,60000	47,00
2,61667	47,00
2,63333	47,00
2,65000	47,00
2,66667	47,00
2,68333	47,00
2,70000	47,00
2,71667	47,00
2,73333	47,00
2,75000	47,00
2,76667	47,00
2,78333	47,00
2,80000	47,00
2,81667	47,00
2,83333	47,00
2,85000	47,00
2,86667	47,00
2,88333	47,00
2,90000	47,00
2,91667	47,00
2,93333	47,00
2,95000	47,00
2,96667	47,00
2,98333	47,00
3,00000	47,00
3,01667	47,00
3,03333	47,00
3,05000	47,00
3,06667	47,00
3,08333	47,00
3,10000	47,00
3,11667	47,00
3,13333	47,00
3,15000	47,00
3,16667	47,00
3,18333	47,00
3,20000	47,00
3,21667	47,00
3,23333	47,00
3,25000	47,00
3,26667	47,00
3,28333	47,00
3,30000	47,00
3,31667	47,00
3,33333	47,00
3,35000	47,00
3,36667	47,00
3,38333	47,00
3,40000	47,00
3,41667	47,00
3,43333	47,00
3,45000	47,00
3,46667	47,00
3,48333	47,00
3,50000	47,00
3,51667	47,00
3,53333	47,00
3,55000	47,00
3,56667	47,00
3,58333	47,00
3,60000	47,00
3,61667	47,00
3,63333	47,00
3,65000	47,00
3,66667	47,00
3,68333	47,00
3,70000	47,00
3,71667	47,00
3,73333	47,00
3,75000	47,00
3,76667	47,00
3,78333	47,00
3,80000	47,00
3,81667	47,00
3,83333	47,00
3,85000	47,00
3,86667	47,00
3,88333	47,00
3,90000	47,00
3,91667	47,00
3,93333	47,00
3,95000	47,00
3,96667	47,00
3,98333	47,00
4,00000	47,00
4,01667	47,00
4,03333	47,00
4,05000	47,00
4,06667	47,00
4,08333	47,00
4,10000	47,00
4,11667	47,00
4,13333	47,00
4,15000	47,00
4,16667	47,00
4,18333	47,00
4,20000	47,00
4,21667	47,00
4,23333	47,00
4,25000	47,00
4,26667	47,00
4,28333	47,00
4,30000	47,00
4,31667	47,00
4,33333	47,00
4,35000	47,00
4,36667	47,00
4,38333	47,00
4,40000	47,00
4,41667	47,00
4,43333	47,00
4,45000	47,00
4,46667	47,00
4,48333	47,00
4,50000	47,00
4,51667	47,00
4,53333	47,00
4,55000	47,00
4,56667	47,00
4,58333	47,00
4,60000	47,00
4,61667	47,00
4,63333	47,00
4,65000	47,00
4,66667	47,00
4,68333	47,00
4,70000	47,00
4,71667	47,00
4,73333	47,00
4,75000	47,00
4,76667	47,00
4,78333	47,00
4,80000	47,00
4,81667	47,00
4,83333	47,00
4,85000	47,00
4,86667	47,00
4,88333	47,00
4,90000	47,00
4,91667	47,00
4,93333	47,00
4,95000	47,00
4,96667	47,00
4,98333	47,00
5,00000	47,00
5,01667	47,00
5,03333	47,00
5,05000	47,00
5,06667	47,00
5,08333	47,00
5,10000	47,00
5,11667	47,00
5,13333	47,00
5,15000	47,00
5,16667	47,00
5,18333	47,00
5,20000	47,00
5,21667	47,00
5,23333	47,00
5,25000	47,00
5,26667	47,00
5,28333	47,00
5,30000	47,00
5,31667	47,00
5,33333	47,00
5,35000	47,00
5,36667	47,00
5,38333	47,00
5,40000	47,00
5,41667	47,00
5,43333	47,00
5,45000	47,00
5,46667	47,00
5,48333	47,00
5,50000	47,00
5,51667	47,00
5,53333	47,00
5,55000	47,00
5,56667	47,00
5,58333	47,00
5,60000	47,00
5,61667	47,00
5,63333	47,00
5,65000	47,00
5,66667	47,00
5,68333	47,00
5,70000	47,00
5,71667	47,00
5,73333	47,00
5,75000	47,00
5,76667	47,00
5,78333	47,00
5,80000	47,00
5,81667	47,00
5,83333	47,00
5,85000	47,00
5,86667	47,00
5,88333	47,00
5,90000	47,00
5,91667	47,00
5,93333	47,00
5,95000	47,00
5,96667	47,00
5,98333	47,00
6,00000	47,00
6,01667	47,00
6,03333	47,00
6,05000	47,00
6,06667	47,00
6,08333	47,00
6,10000	47,00
6,11667	47,00
6,13333	47,00
6,15000	47,00
6,16667	47,00
6,18333	47,00
6,20000	47,00
6,21667	47,00
6,23333	47,00
6,25000	47,00
6,26667	47,00
6,28333	47,00
6,30000	47,00
6,31667	47,00
6,33333	47,00
6,35000	47,00
6,36667	47,00
6,38333	47,00
6,40000	47,00
6,41667	47,00
6,43333	47,00
6,45000	47,00
6,46667	47,00
6,48333	47,00
6,50000	47,00
6,51667	47,00
6,53333	47,00
6,55000	47,00
6,56667	47,00
6,58333	47,00
6,60000	47,00
6,61667	47,00
6,63333	47,00
6,65000	47,00
6,66667	47,00
6,68333	47,00
6,70000	47,00
6,71667	47,00
6,73333	47,00
6,75000	47,00
6,76667	47,00
6,78333	47,00
6,80000	47,00
6,81667	47,00
6,83333	47,00
6,85000	47,00
6,86667	47,00
6,88333	47,00
6,90000	47,00
6,91667	47,00
6,93333	47,00
6,95000	47,00
6,96667	47,00
6,98333	47,00
7,00000	47,00
7,01667	47,00
7,03333	47,00
7,05000	47,00
7,06667	47,00
7,08333	47,00
7,10000	47,00
7,11667	47,00
7,13333	47,00
7,15000	47,00
7,16667	47,00
7,18333	47,00
7,20000	47,00
7,21667	47,00
7,23333	47,00
7,25000	47,00
7,26667	47,00
7,28333	47,00
7,30000	47,00
7,31667	47,00
7,33333	47,00
7,35000	47,00
7,36667	47,00
7,38333	47,00
7,40000	47,00
7,41667	47,00
7,43333	47,00
7,45000	47,00
7,46667	47,00
7,48333	47,00
7,50000	47,00
7,51667	47,00
7,53333	47,00
7,55000	47,00
7,56667	47,00
7,58333	47,00
7,60000	47,00
7,61667	47,00
7,63333	47,00
7,65000	47,00
7,66667	47,00
7,68333	47,00
7,70000	47,00
7,71667	47,00
7,73333	47,00
7,75000	47,00
7,76667	47,00
7,78333	47,00
7,80000	47,00
7,81667	47,00
7,83333	47,00
7,85000	47,00
7,86667	47,00
7,88333	47,00
7,90000	47,00
7,91667	47,00
7,93333	47,00
7,95000	47,00
7,96667	47,00
7,98333	47,00
8,00000	47,00
8,01667	47,00
8,03333	47,00
8,05000	47,00
8,06667	47,00
8,08333	47,00
8,10000	47,00
8,11667	47,00
8,13333	47,00
8,15000	47,00
8,16667	47,00
8,18333	47,00
8,20000	47,00
8,21667	47,00
8,23333	47,00
8,25000	47,00
8,26667	47,00
8,28333	47,00
8,30000	47,00
8,31667	47,00
8,33333	47,00
8,35000	47,00
8,36667	47,00
8,38333	47,00
8,40000	47,00
8,41667	47,00
8,43333	47,00
8,45000	47,00
8,46667	47,00
8,48333	47,00
8,50000	47,00
8,51667	47,00
8,53333	47,00
8,55000	47,00
8,56667	47,00
8,58333	47,00
8,60000	47,00
8,61667	47,00
8,63333	47,00
8,65000	47,00
8,66667	47,00
8,68333	47,00
8,70000	47,00
8,71667	47,00
8,73333	47,00
8,75000	47,00
8,76667	47,00
8,78333	47,00
8,80000	47,00
8,81667	47,00
8,83333	47,00
8,85000	47,00
8,86667	47,00
8,88333	47,00
8,90000	47,00
8,91667	47,00
8,93333	47,00
8,95000	47,00
8,96667	47,00
8,98333	47,00
9,00000	47,00
9,01667	47,00
9,03333	47,00
9,05000	47,00
9,06667	47,00
9,08333	47,00
9,10000	47,00
9,11667	47,00
9,13333	47,00
9,15000	47,00
9,16667	47,00
9,18333	47,00
9,20000	47,00
9,21667	47,00
9,23333	47,00
9,25000	47,00
9,26667	47,00
9,28333	47,00
9,30000	47,00
9,31667	47,00
9,33333	47,00
9,35000	47,00
9,36667	47,00
9,38333	47,00
9,40000	47,00
9,41667	47,00
9,43333	47,00
9,45000	47,00
9,46667	47,00
9,48333	47,00
9,50000	47,00
9,51667	47,00
9,53333	47,00
9,55000	47,00
9,56667	47,00
9,58333	47,00
9,60000	47,00
9,61667	47,00
9,63333	47,00
9,65000	47,00
9,66667	47,00
9,68333	47,00
9,70000	47,00
9,71667	47,00
9,73333	47,00
9,75000	47,00
9,76667	47,00
9,78333	47,00
9,80000	47,00
9,81667	47,00
9,83333	47,00
9,85000	47,00
9,86667	47,00
9,88333	47,00
9,90000	47,00
9,91667	47,00
9,93333	47,00
9,95000	47,00
9,96667	47,00
9,98333	47,00
10,00000	47,00
10,01667	47,00
10,03333	47,00
10,05000	47,00
10,06667	47,00
10,08333	47,00
10,10000	47,00
10,11667	47,00
10,13333	47,00
10,15000	47,00
10,16667	47,00
10,18333	47,00
10,20000	47,00
10,21667	47,00
10,23333	47,00
10,25000	47,00
10,26667	47,00
10,28333	47,00
10,30000	47,00
10,31667	47,00
10,33333	47,00
10,35000	47,00
10,36667	47,00
10,38333	47,00
10,40000	47,00
10,41667	47,00
10,43333	47,00
10,45000	47,00
10,46667	47,00
10,48333	47,00
10,50000	47,00
10,51667	47,00
10,53333	47,00
10,55000	47,00
10,56667	47,00
10,58333	47,00
10,60000	47,00
10,61667	47,00
10,63333	47,00
10,65000	47,00
10,66667	47,00
10,68333	47,00
10,70000	47,00
10,71667	47,00
10,73333	47,00
10,75000	47,00
10,76667	47,00
10,78333	47,00
10,80000	47,00
10,81667	47,00
10,83333	47,00
10,85000	47,00
10,86667	47,00
10,88333	47,00
10,90000	47,00
10,91667	47,00
10,93333	47,00
10,95000	47,00
10,96667	47,00
10,98333	47,00
11,00000	47,00
11,01667	47,00
11,03333	47,00
11,05000	47,00
11,06667	47,00
11,08333	47,00
11,10000	47,00
11,11667	47,00
11,13333	47,00
11,15000	47,00
11,16667	47,00
11,18333	47,00
11,20000	47,00
11,21667	47,00
11,23333	47,00
11,25000	47,00
11,26667	47,00
11,28333	47,00
11,30000	47,00
11,31667	47,00
11,33333	47,00
11,35000	47,00
11,36667	47,00
11,38333	47,00
11,40000	47,00
11,41667	47,00
11,43333	47,00
11,45000	47,00
11,46667	47,00
11,48333	47,00
11,50000	47,00
11,51667	47,00
11,53333	47,00
11,55000	47,00
11,56667	47,00
11,58333	47,00
11,60000	47,00
11,61667	47,00
11,63333	47,00
11,65000	47,00
11,66667	47,00
11,68333	47,00
11,70000	47,00
11,71667	47,00
11,73333	47,00
11,75000	47,00
11,76667	47,00
11,78333	47,00
11,80000	47,00
11,81667	47,00
11,83333	47,00
11,85000	47,00
11,86667	47,00
11,88333	47,00
11,90000	47,00
11,91667	47,00
11,93333	47,00
11,95000	47,00
11,96667	47,00
11,98333	47,00
12,00000	47,00
12,01667	47,00
12,03333	47,00
12,05000	47,00
12,06667	47,00
12,08333	47,00
12,10000	47,00
12,11667	47,00
12,13333	47,00
12,15000	47,00
12,16667	47,00
12,18333	47,00
12,20000	47,00
12,21667	47,00
12,23333	47,00
12,25000	47,00
12,26667	47,00
12,28333	47,00
12,30000	47,00
12,31667	47,00
12,33333	47,00
12,35000	47,00
12,36667	47,00
12,38333	47,00
12,40000	47,00
12,41667	47,00
12,43333	47,00
12,45000	47,00
12,46667	47,00
12,48333	47,00
12,50000	47,00
12,51667	47,00
12,53333	47,00
12,55000	47,00
12,56667	47,00
12,58333	47,00
12,60000	47,00
12,61667	47,00
12,63333	47,00
12,65000	47,00
12,66667	47,00
12,68333	47,00
12,70000	47,00
12,71667	47,00
12,73333	47,00
12,75000	47,00
12,76667	47,00
12,78333	47,00
12,80000	47,00
12,81667	47,00
12,83333	47,00
12,85000	47,00
12,86667	47,00
12,88333	47,00
12,90000	47,00
12,91667	47,00
12,93333	47,00
12,95000	47,00
12,96667	47,00
12,98333	47,00
13,00000	47,00
13,01667	47,00
13,03333	47,00
13,05000	47,00
13,06667	47,00
13,08333	47,00
13,10000	47,00
13,11667	47,00
13,13333	47,00
13,15000	47,00
13,16667	47,00
13,18333	47,00
13,20000	47,00
13,21667	47,00
13,23333	47,00
13,25000	47,00
13,26667	47,00
13,28333	47,00
13,30000	47,00
13,31667	47,00
13,33333	47,00
13,35000	47,00
13,36667	47,00
13,38333	47,00
13,40000	47,00
13,41667	47,00
13,43333	47,00
13,45000	47,00
13,46667	47,00
13,48333	47,00
13,50000	47,00
13,51667	47,00
13,53333	47,00
13,55000	47,00
13,56667	47,00
13,58333	47,00
13,60000	47,00
13,61667	47,00
13,63333	47,00
13,65000	47,00
13,66667	47,00
13,68333	47,00
13,70000	47,00
13,71667	47,00
13,73333	47,00
13,75000	47,00
13,76667	47,00
13,78333	47,00
13,80000	47,00
13,81667	47,00
13,83333	47,00
13,85000	47,00
13,86667	47,00
13,88333	47,00
13,90000	47,00
13,91667	47,00
13,93333	47,00
13,95000	47,00
13,96667	47,00
13,98333	47,00
14,00000	47,00
14,01667	47,00
14,03333	47,00
14,05000	47,00
14,06667	47,00
14,08333	47,00
14,10000	47,00
14,11667	47,00
14,13333	47,00
14,15000	47,00
14,16667	47,00
14,18333	47,00
14,20000	47,00
14,21667	47,00
14,23333	47,00
14,25000	47,00
14,26667	47,00
14,28333	47,00
14,30000	47,00
14,31667	47,00
14,33333	47,00
14,35000	47,00
14,36667	47,00
14,38333	47,00
14,40000	47,00
14,41667	47,00
14,43333	47,00
14,45000	47,00
14,46667	47,00
14,48333	47,00
14,50000	47,00
14,51667	47,00
14,53333	47,00
14,55000	47,00
14,56667	47,00
14,58333	47,00
14,60000	47,00
14,61667	47,00
14,63333	47,00
14,65000	47,00
14,66667	47,00
14,68333	47,00
14,70000	47,00
14,71667	47,00
14,73333	47,00
14,75000	47,00
14,76667	47,00
14,78333	47,00
14,80000	47,00
14,81667	47,00
14,83333	47,00
14,85000	47,00
14,86667	47,00
14,88333	47,00
14,90000	47,00
14,91667	47,00
14,93333	47,00
14,95000	47,00
14,96667	46,99
14,98333	47,00
15,00000	47,00
15,01667	46,99
15,03333	46,99
15,05000	46,99
15,06667	46,99
15,08333	47,00
15,10000	47,00
15,11667	47,00
15,13333	47,00
15,15000	47,00
15,16667	47,00
15,18333	47,00
15,20000	47,00
15,21667	47,00
15,23333	47,00
15,25000	47,00
15,26667	47,00
15,28333	47,00
15,30000	47,00
15,31667	47,00
15,33333	47,00
15,35000	47,00
15,36667	47,00
15,38333	47,00
15,40000	47,00
15,41667	47,00
15,43333	47,00
15,45000	47,00
15,46667	47,00
15,48333	47,00
15,50000	47,00
15,51667	47,00
15,53333	47,00
15,55000	46,99
15,56667	47,00
15,58333	47,00
15,60000	47,00
15,61667	47,00
15,63333	47,00
15,65000	47,00
15,66667	46,99
15,68333	46,99
15,70000	47,00
15,71667	46,99
15,73333	46,99
15,75000	46,99
15,76667	46,99
15,78333	46,99
15,80000	46,99
15,81667	46,99
15,83333	46,99
15,85000	47,00
15,86667	47,00
15,88333	47,00
15,90000	47,00
15,91667	47,00
15,93333	47,00
15,95000	47,00
15,96667	47,00
15,98333	47,00
16,00000	47,00
16,01667	47,00
16,03333	47,00
16,05000	47,00
16,06667	47,00
16,08333	47,00
16,10000	47,00
16,11667	47,00
16,13333	47,00
16,15000	47,00
16,16667	47,00
16,18333	47,00
16,20000	47,00
16,21667	47,00
16,23333	46,99
16,25000	47,00
16,26667	46,99
16,28333	47,00
16,30000	46,99
16,31667	46,99
16,33333	47,00
16,35000	47,00
16,36667	47,00
16,38333	47,00
16,40000	47,00
16,41667	47,00
16,43333	47,00
16,45000	47,00
16,46667	47,00
16,48333	47,00
16,50000	47,00
16,51667	47,00
16,53333	47,00
16,55000	47,00
16,56667	47,00
16,58333	47,00
16,60000	47,00
16,61667	47,00
16,63333	47,00
16,65000	47,00
16,66667	47,00
16,68333	47,00
16,70000	47,00
16,71667	47,00
16,73333	47,00
16,75000	47,00
16,76667	47,00
16,78333	47,00
16,80000	47,00
16,81667	47,00
16,83333	47,00
16,85000	47,00
16,86667	47,00
16,88333	47,00
16,90000	47,00
16,91667	47,00
16,93333	47,00
16,95000	47,00
16,96667	47,00
16,98333	47,00
17,00000	47,00
17,01667	47,00
17,03333	47,00
17,05000	47,00
17,06667	47,00
17,08333	47,00
17,10000	47,00
17,11667	47,00
17,13333	47,00
17,15000	47,00
17,16667	47,00
17,18333	47,00
17,20000	47,00
17,21667	47,00
17,23333	47,00
17,25000	47,00
17,26667	47,00
17,28333	47,00
17,30000	47,00
17,31667	47,00
17,33333	47,00
17,35000	47,00
17,36667	47,00
17,38333	47,00
17,40000	47,00
17,41667	47,00
17,43333	47,00
17,45000	47,00
17,46667	47,00
17,48333	47,00
17,50000	47,00
17,51667	47,00
17,53333	47,00
17,55000	47,00
17,56667	47,00
17,58333	47,00
17,60000	47,00
17,61667	47,00
17,63333	47,00
17,65000	47,00
17,66667	47,00
17,68333	47,00
17,70000	47,00
17,71667	47,00
17,73333	47,00
17,75000	47,00
17,76667	47,00
17,78333	47,00
17,80000	47,00
17,81667	47,00
17,83333	47,00
17,85000	47,00
17,86667	47,00
17,88333	47,00
17,90000	47,00
17,91667	47,00
17,93333	47,00
17,95000	47,00
17,96667	47,00
17,98333	47,00
18,00000	47,00
18,01667	47,00
18,03333	47,00
18,05000	47,00
18,06667	47,00
18,08333	47,00
18,10000	47,00
18,11667	47,00
18,13333	47,00
18,15000	47,00
18,16667	47,00
18,18333	47,00
18,20000	47,00
18,21667	47,00
18,23333	47,00
18,25000	47,00
18,26667	47,00
18,28333	47,00
18,30000	47,00
18,31667	47,00
18,33333	47,00
18,35000	47,00
18,36667	47,00
18,38333	47,00
18,40000	47,00
18,41667	47,00
18,43333	47,00
18,45000	47,00
18,46667	47,00
18,48333	47,00
18,50000	47,00
18,51667	47,00
18,53333	47,00
18,55000	47,00
18,56667	47,00
18,58333	47,00
18,60000	47,00
18,61667	47,00
18,63333	47,00
18,65000	47,00
18,66667	47,00
18,68333	47,00
18,70000	47,00
18,71667	47,00
18,73333	47,00
18,75000	47,00
18,76667	47,00
18,78333	47,00
18,80000	47,00
18,81667	47,00
18,83333	47,00
18,85000	47,00
18,86667	47,00
18,88333	47,00
18,90000	47,00
18,91667	47,00
18,93333	47,00
18,95000	47,00
18,96667	47,00
18,98333	47,00
19,00000	47,00
19,01667	47,00
19,03333	47,00
19,05000	47,00
19,06667	47,00
19,08333	47,00
19,10000	47,00
19,11667	47,00
19,13333	47,00
19,15000	47,00
19,16667	47,00
19,18333	47,00
19,20000	47,00
19,21667	47,00
19,23333	47,00
19,25000	47,00
19,26667	47,00
19,28333	47,00
19,30000	47,00
19,31667	47,00
19,33333	47,00
19,35000	47,00
19,36667	47,00
19,38333	47,00
19,40000	47,00
19,41667	47,00
19,43333	47,00
19,45000	47,00
19,46667	47,00
19,48333	47,00
19,50000	47,00
19,51667	47,00
19,53333	47,00
19,55000	47,00
19,56667	47,00
19,58333	47,00
19,60000	47,00
19,61667	47,00
19,63333	47,00
19,65000	47,00
19,66667	47,00
19,68333	47,00
19,70000	47,00
19,71667	47,00
19,73333	47,00
19,75000	47,00
19,76667	47,00
19,78333	47,00
19,80000	47,00
19,81667	47,00
19,83333	47,00
19,85000	47,00
19,86667	47,00
19,88333	47,00
19,90000	47,00
19,91667	47,00
19,93333	47,00
19,95000	47,00
19,96667	47,00
19,98333	47,00
20,00000	47,00
20,01667	47,00
20,03333	47,00
20,05000	47,00
20,06667	47,00
20,08333	47,00
20,10000	47,00
20,11667	47,00
20,13333	47,00
20,15000	47,00
20,16667	47,00
20,18333	47,00
20,20000	47,00
20,21667	47,00
20,23333	47,00
20,25000	47,00
20,26667	47,00
20,28333	47,00
20,30000	47,00
20,31667	47,00
20,33333	47,00
20,35000	47,00
20,36667	47,00
20,38333	47,00
20,40000	47,00
20,41667	47,00
20,43333	47,00
20,45000	47,00
20,46667	47,00
20,48333	47,00
20,50000	47,00
20,51667	47,00
20,53333	47,00
20,55000	47,00
20,56667	47,00
20,58333	47,00
20,60000	47,00
20,61667	47,00
20,63333	47,00
20,65000	47,00
20,66667	47,00
20,68333	47,00
20,70000	47,00
20,71667	47,00
20,73333	47,00
20,75000	47,00
20,76667	47,00
20,78333	47,00
20,80000	47,00
20,81667	47,00
20,83333	47,00
20,85000	47,00
20,86667	47,00
20,88333	47,00
20,90000	47,00
20,91667	47,00
20,93333	47,00
20,95000	47,00
20,96667	47,00
20,98333	47,00
21,00000	47,00
21,01667	47,00
21,03333	47,00
21,05000	47,00
21,06667	47,00
21,08333	47,00
21,10000	47,00
21,11667	47,00
21,13333	47,00
21,15000	47,00
21,16667	47,00
21,18333	47,00
21,20000	47,00
21,21667	47,00
21,23333	47,00
21,25000	47,00
21,26667	47,00
21,28333	47,00
21,30000	47,00
21,31667	47,00
21,33333	47,00
21,35000	47,00
21,36667	47,00
21,38333	47,00
21,40000	47,00
21,41667	47,00
21,43333	47,00
21,45000	47,00
21,46667	47,00
21,48333	47,00
21,50000	47,00
21,51667	47,00
21,53333	47,00
21,55000	47,00
21,56667	47,00
21,58333	47,00
21,60000	47,00
21,61667	47,00
21,63333	47,00
21,65000	47,00
21,66667	47,00
21,68333	47,00
21,70000	47,00
21,71667	47,00
21,73333	47,00
21,75000	47,00
21,76667	47,00
21,78333	47,00
21,80000	47,00
21,81667	47,00
21,83333	47,00
21,85000	47,00
21,86667	47,00
21,88333	47,00
21,90000	47,00
21,91667	47,00
21,93333	47,00
21,95000	47,00
21,96667	47,00
21,98333	47,00
22,00000	47,00
22,01667	47,00
22,03333	47,00
22,05000	47,00
22,06667	47,00
22,08333	47,00
22,10000	47,00
22,11667	47,00
22,13333	47,00
22,15000	47,00
22,16667	47,00
22,18333	47,00
22,20000	47,00
22,21667	47,00
22,23333	47,00
22,25000	47,00
22,26667	47,00
22,28333	47,00
22,30000	47,00
22,31667	47,00
22,33333	47,00
22,35000	47,00
22,36667	47,00
22,38333	47,00
22,40000	47,00
22,41667	47,00
22,43333	47,00
22,45000	47,00
22,46667	47,00
22,48333	47,00
22,50000	47,00
22,51667	47,00
22,53333	47,00
22,55000	47,00
22,56667	47,00
22,58333	47,00
22,60000	47,00
22,61667	47,00
22,63333	47,00
22,65000	47,00
22,66667	47,00
22,68333	47,00
22,70000	47,00
22,71667	47,00
22,73333	47,00
22,75000	47,00
22,76667	47,00
22,78333	47,00
22,80000	47,00
22,81667	47,00
22,83333	47,00
22,85000	47,00
22,86667	47,00
22,88333	47,00
22,90000	47,00
22,91667	47,00
22,93333	47,00
22,95000	47,00
22,96667	47,00
22,98333	47,00
23,00000	47,00
23,01667	47,00
23,03333	47,00
23,05000	47,00
23,06667	47,00
23,08333	47,00
23,10000	47,00
23,11667	47,00
23,13333	47,00
23,15000	47,00
23,16667	47,00
23,18333	47,00
23,20000	47,00
23,21667	47,00
23,23333	47,00
23,25000	47,00
23,26667	47,00
23,28333	47,00
23,30000	47,00
23,31667	47,00
23,33333	47,00
23,35000	47,00
23,36667	47,00
23,38333	47,00
23,40000	47,00
23,41667	47,00
23,43333	47,00
23,45000	47,00
23,46667	47,00
23,48333	47,00
23,50000	47,00
23,51667	47,00
23,53333	47,00
23,55000	47,00
23,56667	47,00
23,58333	47,00
23,60000	47,00
23,61667	47,00
23,63333	47,00
23,65000	47,00
23,66667	47,00
23,68333	47,00
23,70000	47,00
23,71667	47,00
23,73333	47,00
23,75000	47,00
23,76667	47,00
23,78333	47,00
23,80000	47,00
23,81667	47,00
23,83333	47,00
23,85000	47,00
23,86667	47,00
23,88333	47,00
23,90000	47,00
23,91667	47,00
23,93333	47,00
23,95000	47,00
23,96667	47,00
23,98333	47,00
24,00000	47,00
24,01667	47,00
24,03333	47,00
24,05000	47,00
24,06667	47,00
24,08333	47,00
24,10000	47,00
24,11667	47,00
24,13333	47,00
24,15000	47,00
24,16667	47,00
24,18333	47,00
24,20000	47,00
24,21667	47,00
24,23333	47,00
24,25000	47,00
24,26667	47,00
24,28333	47,00
24,30000	47,00
24,31667	47,00
24,33333	47,00
24,35000	47,00
24,36667	47,00
24,38333	47,00
24,40000	47,00
24,41667	47,00
24,43333	47,00
24,45000	47,00
24,46667	47,00
24,48333	47,00
24,50000	47,00
24,51667	47,00
24,53333	47,00
24,55000	47,00
24,56667	47,00
24,58333	47,00
24,60000	47,00
24,61667	47,00
24,63333	47,00
24,65000	47,00
24,66667	47,00
24,68333	47,00
24,70000	47,00
24,71667	47,00
24,73333	47,00
24,75000	47,00
24,76667	47,00
24,78333	47,00
24,80000	47,00
24,81667	47,00
24,83333	47,00
24,85000	47,00
24,86667	47,00
24,88333	47,00
24,90000	47,00
24,91667	47,00
24,93333	47,00
24,95000	47,00
24,96667	47,00
24,98333	47,00
25,00000	47,00
25,01667	47,00
25,03333	47,00
25,05000	47,00
25,06667	47,00
25,08333	47,00
25,10000	47,00
25,11667	47,00
25,13333	47,00
25,15000	47,00
25,16667	47,00
25,18333	47,00
25,20000	47,00
25,21667	47,00
25,23333	47,00
25,25000	47,00
25,26667	47,00
25,28333	47,00
25,30000	47,00
25,31667	47,00
25,33333	47,00
25,35000	47,00
25,36667	47,00
25,38333	47,00
25,40000	47,00
25,41667	47,00
25,43333	47,00
25,45000	47,00
25,46667	47,00
25,48333	47,00
25,50000	47,00
25,51667	47,00
25,53333	47,00
25,55000	47,00
25,56667	47,00
25,58333	47,00
25,60000	47,00
25,61667	47,00
25,63333	47,00
25,65000	47,00
25,66667	47,00
25,68333	47,00
25,70000	47,00
25,71667	47,00
25,73333	47,00
25,75000	47,00
25,76667	47,00
25,78333	47,00
25,80000	47,00
25,81667	47,00
25,83333	47,00
25,85000	47,00
25,86667	47,00
25,88333	47,00
25,90000	47,00
25,91667	47,00
25,93333	47,00
25,95000	47,00
25,96667	47,00
25,98333	47,00
26,00000	47,00
26,01667	47,00
26,03333	47,00
26,05000	47,00
26,06667	47,00
26,08333	47,00
26,10000	47,00
26,11667	47,00
26,13333	47,00
26,15000	47,00
26,16667	47,00
26,18333	47,00
26,20000	47,00
26,21667	47,00
26,23333	47,00
26,25000	47,00
26,26667	47,00
26,28333	47,00
26,30000	47,00
26,31667	47,00
26,33333	47,00
26,35000	47,00
26,36667	47,00
26,38333	47,00
26,40000	47,00
26,41667	47,00
26,43333	47,00
26,45000	47,00
26,46667	47,00
26,48333	47,00
26,50000	47,00
26,51667	47,00
26,53333	47,00
26,55000	47,00
26,56667	47,00
26,58333	47,00
26,60000	47,00
26,61667	47,00
26,63333	47,00
26,65000	47,00
26,66667	47,00
26,68333	47,00
26,70000	47,00
26,71667	47,00
26,73333	47,00
26,75000	47,00
26,76667	47,00
26,78333	47,00
26,80000	47,00
26,81667	47,00
26,83333	47,00
26,85000	47,00
26,86667	47,00
26,88333	47,00
26,90000	47,00
26,91667	47,00
26,93333	47,00
26,95000	47,00
26,96667	47,00
26,98333	47,00
27,00000	47,00
27,01667	47,00
27,03333	47,00
27,05000	47,00
27,06667	47,00
27,08333	47,00
27,10000	47,00
27,11667	47,00
27,13333	47,00
27,15000	47,00
27,16667	47,00
27,18333	47,00
27,20000	47,00
27,21667	47,00
27,23333	47,00
27,25000	47,00
27,26667	47,00
27,28333	47,00
27,30000	47,00
27,31667	47,00
27,33333	47,00
27,35000	47,00
27,36667	47,00
27,38333	47,00
27,40000	47,00
27,41667	47,00
27,43333	47,00
27,45000	47,00
27,46667	47,00
27,48333	47,00
27,50000	47,00
27,51667	47,00
27,53333	47,00
27,55000	47,00
27,56667	47,00
27,58333	47,00
27,60000	47,00
27,61667	47,00
27,63333	47,00
27,65000	47,00
27,66667	47,00
27,68333	47,00
27,70000	47,00
27,71667	47,00
27,73333	47,00
27,75000	47,00
27,76667	47,00
27,78333	47,00
27,80000	47,00
27,81667	47,00
27,83333	47,00
27,85000	47,00
27,86667	47,00
27,88333	47,00
27,90000	47,00
27,91667	47,00
27,93333	47,00
27,95000	47,00
27,96667	47,00
27,98333	47,00
28,00000	47,00
28,01667	47,00
28,03333	47,00
28,05000	47,00
28,06667	47,00
28,08333	47,00
28,10000	47,00
28,11667	47,00
28,13333	47,00
28,15000	47,00
28,16667	47,00
28,18333	47,00
28,20000	47,00
28,21667	47,00
28,23333	47,00
28,25000	47,00
28,26667	47,00
28,28333	47,00
28,30000	47,00
28,31667	47,00
28,33333	47,00
28,35000	47,00
28,36667	47,00
28,38333	47,00
28,40000	47,00
28,41667	47,00
28,43333	47,00
28,45000	47,00
28,46667	47,00
28,48333	47,00
28,50000	47,00
28,51667	47,00
28,53333	47,00
28,55000	47,00
28,56667	47,00
28,58333	47,00
28,60000	47,00
28,61667	47,00
28,63333	47,00
28,65000	47,00
28,66667	47,00
28,68333	47,00
28,70000	47,00
28,71667	47,00
28,73333	47,00
28,75000	47,00
28,76667	47,00
28,78333	47,00
28,80000	47,00
28,81667	47,00
28,83333	47,00
28,85000	47,00
28,86667	47,00
28,88333	47,00
28,90000	47,00
28,91667	47,00
28,93333	47,00
28,95000	47,00
28,96667	47,00
28,98333	47,00
29,00000	47,00
29,01667	47,00
29,03333	47,00
29,05000	47,00
29,06667	47,00
29,08333	47,00
29,10000	47,00
29,11667	47,00
29,13333	47,00
29,15000	47,00
29,16667	47,00
29,18333	47,00
29,20000	47,00
29,21667	47,00
29,23333	47,00
29,25000	47,00
29,26667	47,00
29,28333	47,00
29,30000	47,00
29,31667	47,00
29,33333	47,00
29,35000	47,00
29,36667	47,00
29,38333	47,00
29,40000	47,00
29,41667	46,99
29,43333	46,99
29,45000	46,99
29,46667	46,99
29,48333	46,99
29,50000	46,99
29,51667	46,99
29,53333	46,99
29,55000	46,99
29,56667	46,99
29,58333	46,99
29,60000	46,99
29,61667	46,99
29,63333	46,99
29,65000	46,99
29,66667	46,99
29,68333	46,99
29,70000	46,99
29,71667	46,99
29,73333	46,99
29,75000	47,00
29,76667	46,99
29,78333	46,99
29,80000	46,99
29,81667	46,99
29,83333	46,99
29,85000	46,99
29,86667	46,99
29,88333	46,99
29,90000	46,99
29,91667	46,99
29,93333	46,99
29,95000	46,99
29,96667	46,99
29,98333	46,99
30,00000	46,99
30,01667	46,99
30,03333	46,99
30,05000	46,99
30,06667	46,99
30,08333	46,99
30,10000	46,99
30,11667	46,99
30,13333	46,99
30,15000	46,99
30,16667	46,99
30,18333	46,99
30,20000	46,99
30,21667	46,99
30,23333	46,99
30,25000	46,99
30,26667	46,99
30,28333	46,99
30,30000	46,99
30,31667	46,99
30,33333	46,99
30,35000	46,99
30,36667	46,99
30,38333	46,99
30,40000	46,99
30,41667	46,99
30,43333	46,99
30,45000	46,99
30,46667	46,99
30,48333	46,99
30,50000	46,99
30,51667	46,99
30,53333	46,99
30,55000	46,99
30,56667	46,99
30,58333	46,99
30,60000	46,99
30,61667	46,99
30,63333	46,99
30,65000	46,99
30,66667	46,99
30,68333	46,99
30,70000	46,99
30,71667	46,99
30,73333	46,99
30,75000	46,99
30,76667	46,99
30,78333	46,99
30,80000	46,99
30,81667	46,99
30,83333	46,99
30,85000	46,99
30,86667	46,99
30,88333	46,99
30,90000	46,99
30,91667	46,99
30,93333	46,99
30,95000	46,99
30,96667	46,99
30,98333	46,99
31,00000	46,99
31,01667	46,99
31,03333	46,99
31,05000	46,99
31,06667	46,99
31,08333	46,99
31,10000	46,99
31,11667	46,99
31,13333	46,99
31,15000	46,99
31,16667	46,99
31,18333	46,99
31,20000	46,99
31,21667	46,99
31,23333	46,99
31,25000	46,99
31,26667	46,99
31,28333	46,99
31,30000	46,99
31,31667	46,99
31,33333	46,99
31,35000	46,99
31,36667	46,99
31,38333	46,99
31,40000	46,99
31,41667	46,99
31,43333	46,99
31,45000	46,99
31,46667	46,99
31,48333	46,99
31,50000	46,99
31,51667	46,99
31,53333	46,99
31,55000	46,99
31,56667	46,99
31,58333	46,99
31,60000	46,99
31,61667	46,99
31,63333	46,99
31,65000	46,99
31,66667	46,99
31,68333	46,99
31,70000	46,99
31,71667	46,99
31,73333	46,99
31,75000	46,99
31,76667	46,99
31,78333	46,99
31,80000	46,99
31,81667	46,99
31,83333	46,99
31,85000	46,99
31,86667	46,99
31,88333	46,99
31,90000	46,99
31,91667	46,99
31,93333	46,99
31,95000	46,99
31,96667	46,99
31,98333	46,99
32,00000	46,99

[LC Status Trace(PDA Lamp Housing Temp.)]
Interval(msec)	1000
# of Points	1921
Start Time(min)	0,000
End Time(min)	32,000
Intensity Units	C
Intensity Multiplier	1
R.Time (min)	Intensity
0,00000	53,97
0,01667	53,97
0,03333	53,97
0,05000	53,97
0,06667	53,97
0,08333	53,97
0,10000	53,97
0,11667	53,97
0,13333	53,97
0,15000	53,98
0,16667	53,97
0,18333	53,98
0,20000	53,97
0,21667	53,97
0,23333	53,97
0,25000	53,97
0,26667	53,97
0,28333	53,97
0,30000	53,97
0,31667	53,98
0,33333	53,97
0,35000	53,97
0,36667	53,96
0,38333	53,96
0,40000	53,96
0,41667	53,96
0,43333	53,96
0,45000	53,95
0,46667	53,96
0,48333	53,96
0,50000	53,97
0,51667	53,97
0,53333	53,97
0,55000	53,97
0,56667	53,98
0,58333	53,98
0,60000	53,98
0,61667	53,98
0,63333	53,98
0,65000	53,98
0,66667	53,98
0,68333	53,98
0,70000	53,98
0,71667	53,97
0,73333	53,97
0,75000	53,97
0,76667	53,96
0,78333	53,96
0,80000	53,96
0,81667	53,96
0,83333	53,97
0,85000	53,97
0,86667	53,97
0,88333	53,97
0,90000	53,97
0,91667	53,97
0,93333	53,96
0,95000	53,96
0,96667	53,96
0,98333	53,96
1,00000	53,96
1,01667	53,96
1,03333	53,97
1,05000	53,97
1,06667	53,97
1,08333	53,97
1,10000	53,97
1,11667	53,97
1,13333	53,97
1,15000	53,97
1,16667	53,97
1,18333	53,97
1,20000	53,97
1,21667	53,98
1,23333	53,98
1,25000	53,98
1,26667	53,97
1,28333	53,97
1,30000	53,97
1,31667	53,97
1,33333	53,97
1,35000	53,98
1,36667	53,97
1,38333	53,97
1,40000	53,98
1,41667	53,98
1,43333	53,98
1,45000	53,99
1,46667	53,99
1,48333	53,99
1,50000	53,98
1,51667	53,99
1,53333	53,99
1,55000	53,98
1,56667	53,97
1,58333	53,97
1,60000	53,98
1,61667	53,98
1,63333	53,97
1,65000	53,97
1,66667	53,97
1,68333	53,96
1,70000	53,96
1,71667	53,96
1,73333	53,96
1,75000	53,96
1,76667	53,96
1,78333	53,96
1,80000	53,97
1,81667	53,98
1,83333	53,97
1,85000	53,97
1,86667	53,97
1,88333	53,97
1,90000	53,98
1,91667	53,98
1,93333	53,98
1,95000	53,97
1,96667	53,97
1,98333	53,97
2,00000	53,97
2,01667	53,97
2,03333	53,97
2,05000	53,97
2,06667	53,96
2,08333	53,96
2,10000	53,96
2,11667	53,95
2,13333	53,95
2,15000	53,96
2,16667	53,96
2,18333	53,97
2,20000	53,97
2,21667	53,97
2,23333	53,96
2,25000	53,96
2,26667	53,97
2,28333	53,97
2,30000	53,97
2,31667	53,97
2,33333	53,97
2,35000	53,97
2,36667	53,97
2,38333	53,97
2,40000	53,97
2,41667	53,97
2,43333	53,97
2,45000	53,97
2,46667	53,97
2,48333	53,97
2,50000	53,97
2,51667	53,97
2,53333	53,97
2,55000	53,97
2,56667	53,97
2,58333	53,97
2,60000	53,97
2,61667	53,97
2,63333	53,97
2,65000	53,96
2,66667	53,96
2,68333	53,97
2,70000	53,96
2,71667	53,96
2,73333	53,96
2,75000	53,97
2,76667	53,97
2,78333	53,97
2,80000	53,97
2,81667	53,97
2,83333	53,97
2,85000	53,97
2,86667	53,97
2,88333	53,97
2,90000	53,97
2,91667	53,98
2,93333	53,98
2,95000	53,98
2,96667	53,98
2,98333	53,98
3,00000	53,97
3,01667	53,97
3,03333	53,97
3,05000	53,97
3,06667	53,97
3,08333	53,97
3,10000	53,97
3,11667	53,97
3,13333	53,97
3,15000	53,97
3,16667	53,97
3,18333	53,97
3,20000	53,96
3,21667	53,96
3,23333	53,97
3,25000	53,96
3,26667	53,96
3,28333	53,96
3,30000	53,96
3,31667	53,96
3,33333	53,96
3,35000	53,96
3,36667	53,97
3,38333	53,97
3,40000	53,96
3,41667	53,95
3,43333	53,94
3,45000	53,95
3,46667	53,96
3,48333	53,96
3,50000	53,96
3,51667	53,96
3,53333	53,96
3,55000	53,96
3,56667	53,96
3,58333	53,96
3,60000	53,96
3,61667	53,96
3,63333	53,96
3,65000	53,96
3,66667	53,96
3,68333	53,97
3,70000	53,97
3,71667	53,97
3,73333	53,97
3,75000	53,97
3,76667	53,96
3,78333	53,96
3,80000	53,96
3,81667	53,96
3,83333	53,97
3,85000	53,97
3,86667	53,97
3,88333	53,97
3,90000	53,97
3,91667	53,97
3,93333	53,97
3,95000	53,97
3,96667	53,97
3,98333	53,97
4,00000	53,97
4,01667	53,96
4,03333	53,96
4,05000	53,97
4,06667	53,97
4,08333	53,97
4,10000	53,97
4,11667	53,97
4,13333	53,97
4,15000	53,97
4,16667	53,96
4,18333	53,97
4,20000	53,96
4,21667	53,97
4,23333	53,97
4,25000	53,97
4,26667	53,97
4,28333	53,97
4,30000	53,98
4,31667	53,98
4,33333	53,98
4,35000	53,98
4,36667	53,98
4,38333	53,98
4,40000	53,97
4,41667	53,97
4,43333	53,97
4,45000	53,97
4,46667	53,97
4,48333	53,98
4,50000	53,97
4,51667	53,97
4,53333	53,97
4,55000	53,97
4,56667	53,98
4,58333	53,98
4,60000	53,97
4,61667	53,97
4,63333	53,97
4,65000	53,98
4,66667	53,97
4,68333	53,97
4,70000	53,97
4,71667	53,97
4,73333	53,97
4,75000	53,97
4,76667	53,97
4,78333	53,97
4,80000	53,97
4,81667	53,98
4,83333	53,97
4,85000	53,97
4,86667	53,97
4,88333	53,97
4,90000	53,97
4,91667	53,97
4,93333	53,97
4,95000	53,97
4,96667	53,97
4,98333	53,97
5,00000	53,97
5,01667	53,97
5,03333	53,97
5,05000	53,97
5,06667	53,97
5,08333	53,98
5,10000	53,98
5,11667	53,98
5,13333	53,98
5,15000	53,97
5,16667	53,97
5,18333	53,97
5,20000	53,97
5,21667	53,97
5,23333	53,97
5,25000	53,96
5,26667	53,96
5,28333	53,95
5,30000	53,96
5,31667	53,96
5,33333	53,97
5,35000	53,97
5,36667	53,97
5,38333	53,97
5,40000	53,97
5,41667	53,97
5,43333	53,97
5,45000	53,97
5,46667	53,97
5,48333	53,97
5,50000	53,97
5,51667	53,97
5,53333	53,97
5,55000	53,97
5,56667	53,97
5,58333	53,98
5,60000	53,98
5,61667	53,98
5,63333	53,98
5,65000	53,97
5,66667	53,97
5,68333	53,97
5,70000	53,97
5,71667	53,97
5,73333	53,97
5,75000	53,97
5,76667	53,97
5,78333	53,97
5,80000	53,97
5,81667	53,97
5,83333	53,97
5,85000	53,97
5,86667	53,97
5,88333	53,96
5,90000	53,97
5,91667	53,96
5,93333	53,97
5,95000	53,97
5,96667	53,97
5,98333	53,97
6,00000	53,97
6,01667	53,97
6,03333	53,96
6,05000	53,96
6,06667	53,96
6,08333	53,97
6,10000	53,96
6,11667	53,96
6,13333	53,96
6,15000	53,95
6,16667	53,95
6,18333	53,95
6,20000	53,95
6,21667	53,95
6,23333	53,96
6,25000	53,96
6,26667	53,96
6,28333	53,96
6,30000	53,97
6,31667	53,97
6,33333	53,98
6,35000	53,97
6,36667	53,97
6,38333	53,96
6,40000	53,96
6,41667	53,96
6,43333	53,96
6,45000	53,96
6,46667	53,95
6,48333	53,96
6,50000	53,96
6,51667	53,96
6,53333	53,96
6,55000	53,96
6,56667	53,96
6,58333	53,97
6,60000	53,97
6,61667	53,97
6,63333	53,97
6,65000	53,97
6,66667	53,97
6,68333	53,97
6,70000	53,97
6,71667	53,98
6,73333	53,98
6,75000	53,98
6,76667	53,98
6,78333	53,98
6,80000	53,98
6,81667	53,97
6,83333	53,98
6,85000	53,97
6,86667	53,98
6,88333	53,98
6,90000	53,98
6,91667	53,98
6,93333	53,97
6,95000	53,97
6,96667	53,97
6,98333	53,97
7,00000	53,96
7,01667	53,96
7,03333	53,96
7,05000	53,96
7,06667	53,96
7,08333	53,97
7,10000	53,97
7,11667	53,97
7,13333	53,96
7,15000	53,96
7,16667	53,97
7,18333	53,97
7,20000	53,97
7,21667	53,97
7,23333	53,97
7,25000	53,97
7,26667	53,97
7,28333	53,97
7,30000	53,97
7,31667	53,97
7,33333	53,97
7,35000	53,97
7,36667	53,97
7,38333	53,97
7,40000	53,97
7,41667	53,97
7,43333	53,97
7,45000	53,97
7,46667	53,97
7,48333	53,97
7,50000	53,97
7,51667	53,97
7,53333	53,97
7,55000	53,96
7,56667	53,96
7,58333	53,96
7,60000	53,96
7,61667	53,96
7,63333	53,96
7,65000	53,96
7,66667	53,96
7,68333	53,96
7,70000	53,96
7,71667	53,97
7,73333	53,97
7,75000	53,97
7,76667	53,97
7,78333	53,97
7,80000	53,97
7,81667	53,96
7,83333	53,96
7,85000	53,97
7,86667	53,97
7,88333	53,97
7,90000	53,97
7,91667	53,97
7,93333	53,96
7,95000	53,96
7,96667	53,96
7,98333	53,96
8,00000	53,96
8,01667	53,96
8,03333	53,97
8,05000	53,97
8,06667	53,97
8,08333	53,97
8,10000	53,97
8,11667	53,97
8,13333	53,97
8,15000	53,97
8,16667	53,97
8,18333	53,96
8,20000	53,96
8,21667	53,96
8,23333	53,96
8,25000	53,97
8,26667	53,97
8,28333	53,97
8,30000	53,97
8,31667	53,97
8,33333	53,97
8,35000	53,97
8,36667	53,97
8,38333	53,98
8,40000	53,98
8,41667	53,98
8,43333	53,98
8,45000	53,98
8,46667	53,98
8,48333	53,98
8,50000	53,98
8,51667	53,98
8,53333	53,98
8,55000	53,98
8,56667	53,98
8,58333	53,99
8,60000	53,99
8,61667	53,99
8,63333	53,98
8,65000	53,98
8,66667	53,97
8,68333	53,98
8,70000	53,97
8,71667	53,98
8,73333	53,98
8,75000	53,98
8,76667	53,98
8,78333	53,98
8,80000	53,98
8,81667	53,99
8,83333	53,98
8,85000	53,99
8,86667	53,99
8,88333	53,98
8,90000	53,98
8,91667	53,97
8,93333	53,97
8,95000	53,97
8,96667	53,97
8,98333	53,97
9,00000	53,97
9,01667	53,98
9,03333	53,98
9,05000	53,97
9,06667	53,98
9,08333	53,98
9,10000	53,98
9,11667	53,98
9,13333	53,98
9,15000	53,98
9,16667	53,98
9,18333	53,98
9,20000	53,98
9,21667	53,98
9,23333	53,98
9,25000	53,97
9,26667	53,97
9,28333	53,97
9,30000	53,98
9,31667	53,98
9,33333	53,98
9,35000	53,98
9,36667	53,97
9,38333	53,97
9,40000	53,97
9,41667	53,97
9,43333	53,96
9,45000	53,96
9,46667	53,97
9,48333	53,97
9,50000	53,97
9,51667	53,98
9,53333	53,98
9,55000	53,98
9,56667	53,98
9,58333	53,98
9,60000	53,98
9,61667	53,98
9,63333	53,98
9,65000	53,98
9,66667	53,98
9,68333	53,98
9,70000	53,98
9,71667	53,98
9,73333	53,98
9,75000	53,98
9,76667	53,98
9,78333	53,98
9,80000	53,98
9,81667	53,98
9,83333	53,98
9,85000	53,98
9,86667	53,98
9,88333	53,97
9,90000	53,97
9,91667	53,97
9,93333	53,97
9,95000	53,98
9,96667	53,98
9,98333	53,98
10,00000	53,98
10,01667	53,98
10,03333	53,98
10,05000	53,98
10,06667	53,98
10,08333	53,97
10,10000	53,97
10,11667	53,98
10,13333	53,97
10,15000	53,98
10,16667	53,98
10,18333	53,97
10,20000	53,97
10,21667	53,97
10,23333	53,97
10,25000	53,97
10,26667	53,96
10,28333	53,96
10,30000	53,97
10,31667	53,97
10,33333	53,97
10,35000	53,97
10,36667	53,97
10,38333	53,97
10,40000	53,97
10,41667	53,97
10,43333	53,97
10,45000	53,97
10,46667	53,98
10,48333	53,98
10,50000	53,98
10,51667	53,98
10,53333	53,98
10,55000	53,98
10,56667	53,97
10,58333	53,97
10,60000	53,98
10,61667	53,98
10,63333	53,98
10,65000	53,98
10,66667	53,98
10,68333	53,97
10,70000	53,96
10,71667	53,97
10,73333	53,97
10,75000	53,97
10,76667	53,97
10,78333	53,96
10,80000	53,96
10,81667	53,96
10,83333	53,96
10,85000	53,96
10,86667	53,96
10,88333	53,96
10,90000	53,96
10,91667	53,96
10,93333	53,97
10,95000	53,97
10,96667	53,97
10,98333	53,96
11,00000	53,96
11,01667	53,96
11,03333	53,97
11,05000	53,97
11,06667	53,97
11,08333	53,97
11,10000	53,97
11,11667	53,97
11,13333	53,97
11,15000	53,96
11,16667	53,96
11,18333	53,96
11,20000	53,96
11,21667	53,96
11,23333	53,96
11,25000	53,95
11,26667	53,95
11,28333	53,95
11,30000	53,96
11,31667	53,96
11,33333	53,96
11,35000	53,96
11,36667	53,96
11,38333	53,96
11,40000	53,97
11,41667	53,97
11,43333	53,97
11,45000	53,96
11,46667	53,97
11,48333	53,97
11,50000	53,97
11,51667	53,97
11,53333	53,96
11,55000	53,96
11,56667	53,96
11,58333	53,97
11,60000	53,97
11,61667	53,97
11,63333	53,97
11,65000	53,97
11,66667	53,97
11,68333	53,97
11,70000	53,97
11,71667	53,97
11,73333	53,97
11,75000	53,97
11,76667	53,97
11,78333	53,96
11,80000	53,97
11,81667	53,97
11,83333	53,97
11,85000	53,97
11,86667	53,98
11,88333	53,98
11,90000	53,98
11,91667	53,97
11,93333	53,97
11,95000	53,98
11,96667	53,98
11,98333	53,97
12,00000	53,97
12,01667	53,98
12,03333	53,98
12,05000	53,98
12,06667	53,98
12,08333	53,97
12,10000	53,97
12,11667	53,96
12,13333	53,96
12,15000	53,96
12,16667	53,97
12,18333	53,96
12,20000	53,96
12,21667	53,97
12,23333	53,97
12,25000	53,97
12,26667	53,97
12,28333	53,98
12,30000	53,98
12,31667	53,98
12,33333	53,98
12,35000	53,98
12,36667	53,97
12,38333	53,96
12,40000	53,96
12,41667	53,96
12,43333	53,96
12,45000	53,96
12,46667	53,96
12,48333	53,97
12,50000	53,97
12,51667	53,97
12,53333	53,97
12,55000	53,96
12,56667	53,96
12,58333	53,96
12,60000	53,96
12,61667	53,97
12,63333	53,97
12,65000	53,97
12,66667	53,97
12,68333	53,97
12,70000	53,97
12,71667	53,97
12,73333	53,97
12,75000	53,98
12,76667	53,98
12,78333	53,97
12,80000	53,98
12,81667	53,98
12,83333	53,98
12,85000	53,98
12,86667	53,98
12,88333	53,98
12,90000	53,98
12,91667	53,98
12,93333	53,98
12,95000	53,98
12,96667	53,98
12,98333	53,98
13,00000	53,97
13,01667	53,97
13,03333	53,97
13,05000	53,97
13,06667	53,97
13,08333	53,97
13,10000	53,97
13,11667	53,97
13,13333	53,97
13,15000	53,96
13,16667	53,97
13,18333	53,97
13,20000	53,97
13,21667	53,97
13,23333	53,97
13,25000	53,98
13,26667	53,98
13,28333	53,98
13,30000	53,98
13,31667	53,98
13,33333	53,97
13,35000	53,97
13,36667	53,97
13,38333	53,97
13,40000	53,98
13,41667	53,97
13,43333	53,97
13,45000	53,97
13,46667	53,97
13,48333	53,97
13,50000	53,97
13,51667	53,97
13,53333	53,96
13,55000	53,97
13,56667	53,97
13,58333	53,97
13,60000	53,97
13,61667	53,96
13,63333	53,96
13,65000	53,96
13,66667	53,96
13,68333	53,96
13,70000	53,96
13,71667	53,96
13,73333	53,96
13,75000	53,96
13,76667	53,96
13,78333	53,96
13,80000	53,97
13,81667	53,97
13,83333	53,97
13,85000	53,97
13,86667	53,97
13,88333	53,97
13,90000	53,97
13,91667	53,96
13,93333	53,97
13,95000	53,97
13,96667	53,97
13,98333	53,96
14,00000	53,96
14,01667	53,96
14,03333	53,96
14,05000	53,96
14,06667	53,96
14,08333	53,97
14,10000	53,97
14,11667	53,97
14,13333	53,97
14,15000	53,97
14,16667	53,97
14,18333	53,97
14,20000	53,97
14,21667	53,97
14,23333	53,97
14,25000	53,96
14,26667	53,96
14,28333	53,96
14,30000	53,96
14,31667	53,96
14,33333	53,96
14,35000	53,96
14,36667	53,96
14,38333	53,96
14,40000	53,96
14,41667	53,96
14,43333	53,96
14,45000	53,96
14,46667	53,96
14,48333	53,96
14,50000	53,96
14,51667	53,96
14,53333	53,96
14,55000	53,96
14,56667	53,95
14,58333	53,96
14,60000	53,96
14,61667	53,96
14,63333	53,96
14,65000	53,96
14,66667	53,96
14,68333	53,96
14,70000	53,95
14,71667	53,95
14,73333	53,95
14,75000	53,95
14,76667	53,96
14,78333	53,96
14,80000	53,96
14,81667	53,96
14,83333	53,96
14,85000	53,96
14,86667	53,96
14,88333	53,95
14,90000	53,95
14,91667	53,95
14,93333	53,95
14,95000	53,95
14,96667	53,95
14,98333	53,96
15,00000	53,96
15,01667	53,96
15,03333	53,96
15,05000	53,96
15,06667	53,96
15,08333	53,96
15,10000	53,97
15,11667	53,97
15,13333	53,98
15,15000	53,98
15,16667	53,97
15,18333	53,97
15,20000	53,97
15,21667	53,96
15,23333	53,96
15,25000	53,96
15,26667	53,96
15,28333	53,96
15,30000	53,96
15,31667	53,97
15,33333	53,96
15,35000	53,97
15,36667	53,97
15,38333	53,97
15,40000	53,96
15,41667	53,96
15,43333	53,96
15,45000	53,96
15,46667	53,96
15,48333	53,96
15,50000	53,96
15,51667	53,96
15,53333	53,96
15,55000	53,97
15,56667	53,97
15,58333	53,98
15,60000	53,97
15,61667	53,97
15,63333	53,97
15,65000	53,97
15,66667	53,97
15,68333	53,97
15,70000	53,97
15,71667	53,98
15,73333	53,98
15,75000	53,98
15,76667	53,98
15,78333	53,98
15,80000	53,97
15,81667	53,97
15,83333	53,96
15,85000	53,96
15,86667	53,95
15,88333	53,95
15,90000	53,96
15,91667	53,95
15,93333	53,95
15,95000	53,95
15,96667	53,95
15,98333	53,95
16,00000	53,95
16,01667	53,95
16,03333	53,95
16,05000	53,95
16,06667	53,95
16,08333	53,95
16,10000	53,96
16,11667	53,95
16,13333	53,96
16,15000	53,96
16,16667	53,96
16,18333	53,96
16,20000	53,97
16,21667	53,97
16,23333	53,97
16,25000	53,97
16,26667	53,97
16,28333	53,97
16,30000	53,97
16,31667	53,96
16,33333	53,96
16,35000	53,96
16,36667	53,96
16,38333	53,97
16,40000	53,97
16,41667	53,97
16,43333	53,96
16,45000	53,96
16,46667	53,96
16,48333	53,97
16,50000	53,97
16,51667	53,96
16,53333	53,97
16,55000	53,97
16,56667	53,97
16,58333	53,97
16,60000	53,96
16,61667	53,97
16,63333	53,97
16,65000	53,97
16,66667	53,97
16,68333	53,97
16,70000	53,97
16,71667	53,97
16,73333	53,96
16,75000	53,96
16,76667	53,96
16,78333	53,96
16,80000	53,96
16,81667	53,96
16,83333	53,97
16,85000	53,97
16,86667	53,97
16,88333	53,96
16,90000	53,96
16,91667	53,95
16,93333	53,95
16,95000	53,96
16,96667	53,96
16,98333	53,96
17,00000	53,96
17,01667	53,96
17,03333	53,96
17,05000	53,96
17,06667	53,95
17,08333	53,95
17,10000	53,96
17,11667	53,96
17,13333	53,95
17,15000	53,95
17,16667	53,95
17,18333	53,96
17,20000	53,96
17,21667	53,96
17,23333	53,96
17,25000	53,96
17,26667	53,97
17,28333	53,96
17,30000	53,96
17,31667	53,97
17,33333	53,97
17,35000	53,96
17,36667	53,96
17,38333	53,96
17,40000	53,96
17,41667	53,96
17,43333	53,95
17,45000	53,96
17,46667	53,96
17,48333	53,96
17,50000	53,96
17,51667	53,96
17,53333	53,96
17,55000	53,96
17,56667	53,96
17,58333	53,96
17,60000	53,96
17,61667	53,96
17,63333	53,96
17,65000	53,96
17,66667	53,95
17,68333	53,95
17,70000	53,95
17,71667	53,95
17,73333	53,95
17,75000	53,95
17,76667	53,95
17,78333	53,96
17,80000	53,96
17,81667	53,96
17,83333	53,96
17,85000	53,96
17,86667	53,96
17,88333	53,96
17,90000	53,96
17,91667	53,96
17,93333	53,96
17,95000	53,96
17,96667	53,96
17,98333	53,96
18,00000	53,96
18,01667	53,96
18,03333	53,96
18,05000	53,96
18,06667	53,96
18,08333	53,96
18,10000	53,96
18,11667	53,96
18,13333	53,96
18,15000	53,97
18,16667	53,97
18,18333	53,96
18,20000	53,96
18,21667	53,96
18,23333	53,96
18,25000	53,96
18,26667	53,96
18,28333	53,96
18,30000	53,97
18,31667	53,97
18,33333	53,97
18,35000	53,97
18,36667	53,97
18,38333	53,96
18,40000	53,96
18,41667	53,96
18,43333	53,97
18,45000	53,97
18,46667	53,97
18,48333	53,98
18,50000	53,98
18,51667	53,98
18,53333	53,98
18,55000	53,98
18,56667	53,98
18,58333	53,97
18,60000	53,97
18,61667	53,97
18,63333	53,97
18,65000	53,97
18,66667	53,97
18,68333	53,96
18,70000	53,96
18,71667	53,96
18,73333	53,96
18,75000	53,97
18,76667	53,97
18,78333	53,97
18,80000	53,97
18,81667	53,96
18,83333	53,97
18,85000	53,97
18,86667	53,96
18,88333	53,96
18,90000	53,96
18,91667	53,96
18,93333	53,96
18,95000	53,96
18,96667	53,96
18,98333	53,96
19,00000	53,96
19,01667	53,96
19,03333	53,96
19,05000	53,96
19,06667	53,97
19,08333	53,97
19,10000	53,96
19,11667	53,96
19,13333	53,96
19,15000	53,96
19,16667	53,96
19,18333	53,96
19,20000	53,96
19,21667	53,97
19,23333	53,97
19,25000	53,97
19,26667	53,97
19,28333	53,97
19,30000	53,97
19,31667	53,97
19,33333	53,96
19,35000	53,96
19,36667	53,95
19,38333	53,95
19,40000	53,96
19,41667	53,96
19,43333	53,96
19,45000	53,97
19,46667	53,97
19,48333	53,96
19,50000	53,96
19,51667	53,96
19,53333	53,96
19,55000	53,96
19,56667	53,96
19,58333	53,96
19,60000	53,96
19,61667	53,96
19,63333	53,96
19,65000	53,96
19,66667	53,95
19,68333	53,96
19,70000	53,96
19,71667	53,96
19,73333	53,96
19,75000	53,96
19,76667	53,96
19,78333	53,96
19,80000	53,96
19,81667	53,96
19,83333	53,97
19,85000	53,97
19,86667	53,97
19,88333	53,97
19,90000	53,97
19,91667	53,96
19,93333	53,96
19,95000	53,96
19,96667	53,96
19,98333	53,97
20,00000	53,97
20,01667	53,96
20,03333	53,97
20,05000	53,97
20,06667	53,97
20,08333	53,98
20,10000	53,98
20,11667	53,98
20,13333	53,98
20,15000	53,98
20,16667	53,97
20,18333	53,97
20,20000	53,98
20,21667	53,98
20,23333	53,98
20,25000	53,98
20,26667	53,97
20,28333	53,97
20,30000	53,97
20,31667	53,98
20,33333	53,97
20,35000	53,97
20,36667	53,97
20,38333	53,98
20,40000	53,98
20,41667	53,98
20,43333	53,98
20,45000	53,97
20,46667	53,97
20,48333	53,97
20,50000	53,97
20,51667	53,97
20,53333	53,97
20,55000	53,96
20,56667	53,96
20,58333	53,96
20,60000	53,97
20,61667	53,97
20,63333	53,97
20,65000	53,96
20,66667	53,96
20,68333	53,96
20,70000	53,96
20,71667	53,96
20,73333	53,96
20,75000	53,96
20,76667	53,96
20,78333	53,96
20,80000	53,96
20,81667	53,96
20,83333	53,96
20,85000	53,97
20,86667	53,97
20,88333	53,97
20,90000	53,97
20,91667	53,97
20,93333	53,97
20,95000	53,97
20,96667	53,97
20,98333	53,97
21,00000	53,98
21,01667	53,98
21,03333	53,98
21,05000	53,98
21,06667	53,99
21,08333	53,98
21,10000	53,98
21,11667	53,98
21,13333	53,98
21,15000	53,98
21,16667	53,98
21,18333	53,98
21,20000	53,98
21,21667	53,98
21,23333	53,98
21,25000	53,98
21,26667	53,98
21,28333	53,98
21,30000	53,98
21,31667	53,98
21,33333	53,98
21,35000	53,98
21,36667	53,98
21,38333	53,98
21,40000	53,97
21,41667	53,98
21,43333	53,98
21,45000	53,98
21,46667	53,98
21,48333	53,98
21,50000	53,98
21,51667	53,98
21,53333	53,98
21,55000	53,98
21,56667	53,98
21,58333	53,98
21,60000	53,98
21,61667	53,98
21,63333	53,97
21,65000	53,97
21,66667	53,97
21,68333	53,97
21,70000	53,97
21,71667	53,97
21,73333	53,98
21,75000	53,98
21,76667	53,98
21,78333	53,98
21,80000	53,98
21,81667	53,98
21,83333	53,98
21,85000	53,98
21,86667	53,98
21,88333	53,99
21,90000	53,98
21,91667	53,98
21,93333	53,98
21,95000	53,98
21,96667	53,98
21,98333	53,98
22,00000	53,98
22,01667	53,98
22,03333	53,97
22,05000	53,97
22,06667	53,98
22,08333	53,98
22,10000	53,98
22,11667	53,98
22,13333	53,98
22,15000	53,98
22,16667	53,97
22,18333	53,97
22,20000	53,98
22,21667	53,98
22,23333	53,98
22,25000	53,99
22,26667	53,99
22,28333	53,99
22,30000	53,99
22,31667	53,99
22,33333	53,99
22,35000	53,99
22,36667	53,98
22,38333	53,98
22,40000	53,98
22,41667	53,98
22,43333	53,98
22,45000	53,98
22,46667	53,98
22,48333	53,98
22,50000	53,98
22,51667	53,97
22,53333	53,98
22,55000	53,98
22,56667	53,97
22,58333	53,97
22,60000	53,97
22,61667	53,97
22,63333	53,97
22,65000	53,97
22,66667	53,97
22,68333	53,97
22,70000	53,97
22,71667	53,97
22,73333	53,98
22,75000	53,97
22,76667	53,97
22,78333	53,97
22,80000	53,97
22,81667	53,98
22,83333	53,98
22,85000	53,98
22,86667	53,98
22,88333	53,98
22,90000	53,98
22,91667	53,98
22,93333	53,99
22,95000	53,99
22,96667	53,99
22,98333	53,98
23,00000	53,98
23,01667	53,98
23,03333	53,98
23,05000	53,98
23,06667	53,98
23,08333	53,98
23,10000	53,98
23,11667	53,98
23,13333	53,99
23,15000	53,98
23,16667	53,98
23,18333	53,98
23,20000	53,98
23,21667	53,98
23,23333	53,98
23,25000	53,98
23,26667	53,97
23,28333	53,97
23,30000	53,97
23,31667	53,98
23,33333	53,98
23,35000	53,98
23,36667	53,98
23,38333	53,98
23,40000	53,98
23,41667	53,97
23,43333	53,96
23,45000	53,96
23,46667	53,97
23,48333	53,98
23,50000	53,98
23,51667	53,98
23,53333	53,98
23,55000	53,98
23,56667	53,98
23,58333	53,99
23,60000	53,99
23,61667	53,98
23,63333	53,98
23,65000	53,99
23,66667	53,99
23,68333	53,99
23,70000	53,99
23,71667	53,99
23,73333	53,98
23,75000	53,98
23,76667	53,98
23,78333	53,98
23,80000	53,98
23,81667	53,98
23,83333	53,97
23,85000	53,97
23,86667	53,98
23,88333	53,97
23,90000	53,97
23,91667	53,98
23,93333	53,98
23,95000	53,98
23,96667	53,98
23,98333	53,98
24,00000	53,98
24,01667	53,98
24,03333	53,98
24,05000	53,98
24,06667	53,98
24,08333	53,98
24,10000	53,98
24,11667	53,98
24,13333	53,98
24,15000	53,97
24,16667	53,97
24,18333	53,97
24,20000	53,97
24,21667	53,97
24,23333	53,96
24,25000	53,96
24,26667	53,96
24,28333	53,97
24,30000	53,97
24,31667	53,97
24,33333	53,98
24,35000	53,98
24,36667	53,98
24,38333	53,98
24,40000	53,98
24,41667	53,99
24,43333	53,98
24,45000	53,98
24,46667	53,98
24,48333	53,98
24,50000	53,98
24,51667	53,98
24,53333	53,98
24,55000	53,98
24,56667	53,98
24,58333	53,98
24,60000	53,97
24,61667	53,97
24,63333	53,97
24,65000	53,98
24,66667	53,98
24,68333	53,98
24,70000	53,98
24,71667	53,98
24,73333	53,97
24,75000	53,97
24,76667	53,97
24,78333	53,97
24,80000	53,97
24,81667	53,97
24,83333	53,97
24,85000	53,97
24,86667	53,97
24,88333	53,98
24,90000	53,97
24,91667	53,97
24,93333	53,96
24,95000	53,96
24,96667	53,96
24,98333	53,97
25,00000	53,98
25,01667	53,98
25,03333	53,98
25,05000	53,98
25,06667	53,98
25,08333	53,99
25,10000	53,99
25,11667	53,99
25,13333	53,99
25,15000	53,98
25,16667	53,98
25,18333	53,98
25,20000	53,98
25,21667	53,98
25,23333	53,98
25,25000	53,98
25,26667	53,98
25,28333	53,98
25,30000	53,98
25,31667	53,98
25,33333	53,98
25,35000	53,98
25,36667	53,98
25,38333	53,98
25,40000	53,98
25,41667	53,97
25,43333	53,98
25,45000	53,98
25,46667	53,98
25,48333	53,98
25,50000	53,97
25,51667	53,98
25,53333	53,98
25,55000	53,97
25,56667	53,97
25,58333	53,97
25,60000	53,97
25,61667	53,98
25,63333	53,97
25,65000	53,98
25,66667	53,98
25,68333	53,97
25,70000	53,97
25,71667	53,97
25,73333	53,97
25,75000	53,97
25,76667	53,97
25,78333	53,97
25,80000	53,96
25,81667	53,96
25,83333	53,96
25,85000	53,97
25,86667	53,97
25,88333	53,97
25,90000	53,97
25,91667	53,98
25,93333	53,98
25,95000	53,97
25,96667	53,97
25,98333	53,97
26,00000	53,97
26,01667	53,97
26,03333	53,97
26,05000	53,97
26,06667	53,97
26,08333	53,97
26,10000	53,97
26,11667	53,97
26,13333	53,97
26,15000	53,97
26,16667	53,96
26,18333	53,96
26,20000	53,96
26,21667	53,97
26,23333	53,97
26,25000	53,97
26,26667	53,97
26,28333	53,97
26,30000	53,97
26,31667	53,97
26,33333	53,97
26,35000	53,97
26,36667	53,97
26,38333	53,97
26,40000	53,97
26,41667	53,97
26,43333	53,98
26,45000	53,98
26,46667	53,98
26,48333	53,97
26,50000	53,97
26,51667	53,97
26,53333	53,97
26,55000	53,98
26,56667	53,99
26,58333	53,99
26,60000	53,99
26,61667	53,99
26,63333	53,99
26,65000	53,99
26,66667	53,99
26,68333	53,99
26,70000	53,99
26,71667	53,99
26,73333	53,99
26,75000	53,98
26,76667	53,98
26,78333	53,99
26,80000	53,99
26,81667	53,98
26,83333	53,98
26,85000	53,99
26,86667	53,99
26,88333	53,98
26,90000	53,98
26,91667	53,98
26,93333	53,99
26,95000	53,98
26,96667	53,98
26,98333	53,98
27,00000	53,98
27,01667	53,98
27,03333	53,97
27,05000	53,98
27,06667	53,98
27,08333	53,98
27,10000	53,98
27,11667	53,98
27,13333	53,98
27,15000	53,99
27,16667	53,99
27,18333	53,98
27,20000	53,98
27,21667	53,98
27,23333	53,98
27,25000	53,98
27,26667	53,98
27,28333	53,97
27,30000	53,97
27,31667	53,97
27,33333	53,98
27,35000	53,98
27,36667	53,98
27,38333	53,98
27,40000	53,98
27,41667	53,98
27,43333	53,98
27,45000	53,98
27,46667	53,98
27,48333	53,98
27,50000	53,98
27,51667	53,98
27,53333	53,98
27,55000	53,99
27,56667	53,99
27,58333	53,99
27,60000	53,98
27,61667	53,98
27,63333	53,98
27,65000	53,98
27,66667	53,98
27,68333	53,98
27,70000	53,98
27,71667	53,98
27,73333	53,98
27,75000	53,98
27,76667	53,98
27,78333	53,98
27,80000	53,98
27,81667	53,97
27,83333	53,97
27,85000	53,98
27,86667	53,98
27,88333	53,98
27,90000	53,98
27,91667	53,98
27,93333	53,97
27,95000	53,97
27,96667	53,98
27,98333	53,97
28,00000	53,98
28,01667	53,97
28,03333	53,97
28,05000	53,97
28,06667	53,97
28,08333	53,97
28,10000	53,97
28,11667	53,97
28,13333	53,97
28,15000	53,97
28,16667	53,96
28,18333	53,97
28,20000	53,97
28,21667	53,97
28,23333	53,97
28,25000	53,96
28,26667	53,96
28,28333	53,97
28,30000	53,97
28,31667	53,97
28,33333	53,98
28,35000	53,98
28,36667	53,98
28,38333	53,98
28,40000	53,98
28,41667	53,98
28,43333	53,97
28,45000	53,97
28,46667	53,98
28,48333	53,98
28,50000	53,98
28,51667	53,98
28,53333	53,98
28,55000	53,99
28,56667	53,98
28,58333	53,98
28,60000	53,98
28,61667	53,98
28,63333	53,98
28,65000	53,99
28,66667	53,99
28,68333	53,98
28,70000	53,97
28,71667	53,97
28,73333	53,97
28,75000	53,97
28,76667	53,97
28,78333	53,97
28,80000	53,97
28,81667	53,98
28,83333	53,98
28,85000	53,98
28,86667	53,98
28,88333	53,98
28,90000	53,97
28,91667	53,97
28,93333	53,97
28,95000	53,97
28,96667	53,97
28,98333	53,97
29,00000	53,97
29,01667	53,97
29,03333	53,97
29,05000	53,97
29,06667	53,97
29,08333	53,97
29,10000	53,96
29,11667	53,96
29,13333	53,96
29,15000	53,96
29,16667	53,96
29,18333	53,96
29,20000	53,97
29,21667	53,97
29,23333	53,97
29,25000	53,97
29,26667	53,97
29,28333	53,97
29,30000	53,97
29,31667	53,97
29,33333	53,97
29,35000	53,97
29,36667	53,97
29,38333	53,97
29,40000	53,97
29,41667	53,97
29,43333	53,97
29,45000	53,97
29,46667	53,97
29,48333	53,97
29,50000	53,98
29,51667	53,98
29,53333	53,97
29,55000	53,97
29,56667	53,97
29,58333	53,97
29,60000	53,97
29,61667	53,97
29,63333	53,97
29,65000	53,97
29,66667	53,97
29,68333	53,97
29,70000	53,97
29,71667	53,97
29,73333	53,97
29,75000	53,97
29,76667	53,97
29,78333	53,96
29,80000	53,96
29,81667	53,97
29,83333	53,97
29,85000	53,97
29,86667	53,96
29,88333	53,97
29,90000	53,97
29,91667	53,97
29,93333	53,96
29,95000	53,96
29,96667	53,96
29,98333	53,96
30,00000	53,97
30,01667	53,97
30,03333	53,98
30,05000	53,98
30,06667	53,98
30,08333	53,98
30,10000	53,97
30,11667	53,97
30,13333	53,97
30,15000	53,98
30,16667	53,97
30,18333	53,97
30,20000	53,97
30,21667	53,97
30,23333	53,97
30,25000	53,97
30,26667	53,98
30,28333	53,97
30,30000	53,97
30,31667	53,97
30,33333	53,96
30,35000	53,96
30,36667	53,96
30,38333	53,96
30,40000	53,96
30,41667	53,96
30,43333	53,96
30,45000	53,96
30,46667	53,97
30,48333	53,96
30,50000	53,97
30,51667	53,97
30,53333	53,97
30,55000	53,97
30,56667	53,97
30,58333	53,97
30,60000	53,97
30,61667	53,97
30,63333	53,97
30,65000	53,96
30,66667	53,97
30,68333	53,97
30,70000	53,97
30,71667	53,97
30,73333	53,97
30,75000	53,97
30,76667	53,97
30,78333	53,97
30,80000	53,96
30,81667	53,96
30,83333	53,96
30,85000	53,96
30,86667	53,97
30,88333	53,97
30,90000	53,97
30,91667	53,98
30,93333	53,97
30,95000	53,97
30,96667	53,97
30,98333	53,97
31,00000	53,97
31,01667	53,96
31,03333	53,96
31,05000	53,96
31,06667	53,96
31,08333	53,96
31,10000	53,96
31,11667	53,97
31,13333	53,97
31,15000	53,97
31,16667	53,96
31,18333	53,96
31,20000	53,96
31,21667	53,96
31,23333	53,96
31,25000	53,96
31,26667	53,96
31,28333	53,96
31,30000	53,95
31,31667	53,95
31,33333	53,95
31,35000	53,95
31,36667	53,95
31,38333	53,96
31,40000	53,96
31,41667	53,96
31,43333	53,96
31,45000	53,95
31,46667	53,95
31,48333	53,95
31,50000	53,95
31,51667	53,95
31,53333	53,95
31,55000	53,95
31,56667	53,95
31,58333	53,95
31,60000	53,95
31,61667	53,95
31,63333	53,95
31,65000	53,96
31,66667	53,96
31,68333	53,95
31,70000	53,96
31,71667	53,96
31,73333	53,96
31,75000	53,97
31,76667	53,97
31,78333	53,97
31,80000	53,97
31,81667	53,97
31,83333	53,97
31,85000	53,97
31,86667	53,96
31,88333	53,97
31,90000	53,97
31,91667	53,97
31,93333	53,97
31,95000	53,97
31,96667	53,96
31,98333	53,96
32,00000	53,96

[PDA Multi Chromatogram(Ch1)]
# of Points	      3001
Interval(msec)	640
Start Time(min)	0
End Time(min)	32
Intensity Units	mAU
Intensity Multiplier	1
Type	MultiChrom
Wavelength(nm)	215
Bandwidth(nm)	4
R.Time (min)	Intensity
0,00000	0
0,01067	0
0,02133	-330
0,03200	-654
0,04267	-975
0,05333	-1293
0,06400	-1613
0,07467	-1934
0,08533	-2254
0,09600	-2572
0,10667	-2890
0,11733	-3207
0,12800	-3524
0,13867	-3844
0,14933	-4166
0,16000	-4484
0,17067	-4802
0,18133	-5120
0,19200	-5436
0,20267	-5752
0,21333	-6064
0,22400	-6373
0,23467	-6681
0,24533	-6987
0,25600	-7290
0,26667	-7590
0,27733	-7888
0,28800	-8183
0,29867	-8476
0,30933	-8764
0,32000	-9049
0,33067	-9334
0,34133	-9617
0,35200	-9897
0,36267	-10179
0,37333	-10456
0,38400	-10732
0,39467	-11002
0,40533	-11267
0,41600	-11534
0,42667	-11802
0,43733	-12066
0,44800	-12328
0,45867	-12588
0,46933	-12847
0,48000	-13103
0,49067	-13356
0,50133	-13608
0,51200	-13861
0,52267	-14113
0,53333	-14364
0,54400	-14613
0,55467	-14860
0,56533	-15106
0,57600	-15353
0,58667	-15599
0,59733	-15845
0,60800	-16092
0,61867	-16340
0,62933	-16588
0,64000	-16836
0,65067	-17086
0,66133	-17338
0,67200	-17589
0,68267	-17843
0,69333	-18102
0,70400	-18360
0,71467	-18619
0,72533	-18880
0,73600	-19144
0,74667	-19411
0,75733	-19680
0,76800	-19949
0,77867	-20218
0,78933	-20487
0,80000	-20759
0,81067	-21033
0,82133	-21305
0,83200	-21578
0,84267	-21852
0,85333	-22124
0,86400	-22396
0,87467	-22667
0,88533	-22936
0,89600	-23206
0,90667	-23476
0,91733	-23746
0,92800	-24012
0,93867	-24277
0,94933	-24541
0,96000	-24801
0,97067	-25058
0,98133	-25312
0,99200	-25560
1,00267	-25803
1,01333	-26041
1,02400	-26273
1,03467	-26498
1,04533	-26714
1,05600	-26920
1,06667	-27115
1,07733	-27298
1,08800	-27468
1,09867	-27623
1,10933	-27766
1,12000	-27896
1,13067	-28007
1,14133	-28099
1,15200	-28172
1,16267	-28227
1,17333	-28265
1,18400	-28285
1,19467	-28287
1,20533	-28267
1,21600	-28227
1,22667	-28170
1,23733	-28093
1,24800	-27998
1,25867	-27883
1,26933	-27746
1,28000	-27592
1,29067	-27422
1,30133	-27233
1,31200	-27024
1,32267	-26798
1,33333	-26553
1,34400	-26291
1,35467	-26012
1,36533	-25715
1,37600	-25402
1,38667	-25070
1,39733	-24722
1,40800	-24357
1,41867	-23974
1,42933	-23574
1,44000	-23160
1,45067	-22729
1,46133	-22284
1,47200	-21824
1,48267	-21349
1,49333	-20863
1,50400	-20363
1,51467	-19847
1,52533	-19321
1,53600	-18784
1,54667	-18238
1,55733	-17682
1,56800	-17115
1,57867	-16541
1,58933	-15958
1,60000	-15368
1,61067	-14773
1,62133	-14176
1,63200	-13575
1,64267	-12971
1,65333	-12364
1,66400	-11757
1,67467	-11146
1,68533	-10533
1,69600	-9922
1,70667	-9310
1,71733	-8698
1,72800	-8091
1,73867	-7487
1,74933	-6884
1,76000	-6285
1,77067	-5691
1,78133	-5100
1,79200	-4514
1,80267	-3934
1,81333	-3359
1,82400	-2789
1,83467	-2228
1,84533	-1674
1,85600	-1124
1,86667	-579
1,87733	-42
1,88800	486
1,89867	1007
1,90933	1520
1,92000	2028
1,93067	2530
1,94133	3021
1,95200	3502
1,96267	3976
1,97333	4444
1,98400	4902
1,99467	5352
2,00533	5795
2,01600	6227
2,02667	6648
2,03733	7063
2,04800	7470
2,05867	7864
2,06933	8249
2,08000	8625
2,09067	8990
2,10133	9346
2,11200	9696
2,12267	10037
2,13333	10368
2,14400	10691
2,15467	11006
2,16533	11316
2,17600	11619
2,18667	11916
2,19733	12203
2,20800	12483
2,21867	12757
2,22933	13026
2,24000	13291
2,25067	13550
2,26133	13802
2,27200	14049
2,28267	14291
2,29333	14529
2,30400	14760
2,31467	14986
2,32533	15207
2,33600	15424
2,34667	15635
2,35733	15841
2,36800	16041
2,37867	16237
2,38933	16427
2,40000	16612
2,41067	16793
2,42133	16973
2,43200	17150
2,44267	17321
2,45333	17492
2,46400	17662
2,47467	17826
2,48533	17990
2,49600	18155
2,50667	18315
2,51733	18473
2,52800	18632
2,53867	18788
2,54933	18940
2,56000	19088
2,57067	19233
2,58133	19373
2,59200	19511
2,60267	19648
2,61333	19781
2,62400	19909
2,63467	20034
2,64533	20158
2,65600	20281
2,66667	20402
2,67733	20519
2,68800	20633
2,69867	20747
2,70933	20858
2,72000	20967
2,73067	21077
2,74133	21185
2,75200	21293
2,76267	21399
2,77333	21503
2,78400	21608
2,79467	21713
2,80533	21815
2,81600	21913
2,82667	22009
2,83733	22104
2,84800	22194
2,85867	22284
2,86933	22373
2,88000	22461
2,89067	22547
2,90133	22632
2,91200	22716
2,92267	22797
2,93333	22876
2,94400	22956
2,95467	23034
2,96533	23112
2,97600	23191
2,98667	23271
2,99733	23351
3,00800	23428
3,01867	23506
3,02933	23584
3,04000	23661
3,05067	23737
3,06133	23812
3,07200	23887
3,08267	23963
3,09333	24036
3,10400	24108
3,11467	24177
3,12533	24245
3,13600	24317
3,14667	24385
3,15733	24452
3,16800	24519
3,17867	24585
3,18933	24651
3,20000	24719
3,21067	24787
3,22133	24854
3,23200	24923
3,24267	24994
3,25333	25063
3,26400	25129
3,27467	25198
3,28533	25268
3,29600	25336
3,30667	25404
3,31733	25472
3,32800	25540
3,33867	25606
3,34933	25669
3,36000	25732
3,37067	25795
3,38133	25856
3,39200	25917
3,40267	25976
3,41333	26036
3,42400	26094
3,43467	26152
3,44533	26209
3,45600	26263
3,46667	26320
3,47733	26379
3,48800	26439
3,49867	26501
3,50933	26564
3,52000	26626
3,53067	26686
3,54133	26746
3,55200	26807
3,56267	26866
3,57333	26920
3,58400	26944
3,59467	26895
3,60533	26710
3,61600	26309
3,62667	25628
3,63733	24643
3,64800	23376
3,65867	21901
3,66933	20327
3,68000	18813
3,69067	17571
3,70133	16941
3,71200	17630
3,72267	20898
3,73333	28144
3,74400	39689
3,75467	53815
3,76533	67385
3,77600	77681
3,78667	83691
3,79733	85962
3,80800	85702
3,81867	84044
3,82933	81692
3,84000	78867
3,85067	75499
3,86133	71549
3,87200	67192
3,88267	62750
3,89333	58535
3,90400	54779
3,91467	51632
3,92533	49178
3,93600	47445
3,94667	46398
3,95733	45931
3,96800	45872
3,97867	46007
3,98933	46131
4,00000	46113
4,01067	45913
4,02133	45573
4,03200	45193
4,04267	44882
4,05333	44727
4,06400	44747
4,07467	44104
4,08533	37865
4,09600	19010
4,10667	-13028
4,11733	-51414
4,12800	-88524
4,13867	-120086
4,14933	-145158
4,16000	-165122
4,17067	-181871
4,18133	-195954
4,19200	-207094
4,20267	-215415
4,21333	-221555
4,22400	-225854
4,23467	-225914
4,24533	-214330
4,25600	-181235
4,26667	-64609
4,27733	295302
4,28800	790279
4,29867	1133139
4,30933	1288140
4,32000	1317917
4,33067	1258806
4,34133	1138507
4,35200	982254
4,36267	810815
4,37333	639328
4,38400	479453
4,39467	339422
4,40533	223010
4,41600	130984
4,42667	61536
4,43733	10602
4,44800	-26581
4,45867	-54223
4,46933	-75415
4,48000	-92156
4,49067	-105679
4,50133	-116698
4,51200	-125614
4,52267	-132711
4,53333	-138253
4,54400	-142502
4,55467	-145721
4,56533	-148154
4,57600	-150010
4,58667	-151466
4,59733	-152655
4,60800	-153663
4,61867	-154537
4,62933	-155300
4,64000	-155960
4,65067	-156531
4,66133	-157018
4,67200	-157426
4,68267	-157769
4,69333	-158061
4,70400	-158311
4,71467	-158532
4,72533	-158733
4,73600	-158927
4,74667	-159118
4,75733	-159305
4,76800	-159494
4,77867	-159688
4,78933	-159888
4,80000	-160096
4,81067	-160314
4,82133	-160545
4,83200	-160793
4,84267	-161060
4,85333	-161347
4,86400	-161664
4,87467	-162009
4,88533	-162375
4,89600	-162752
4,90667	-163133
4,91733	-163513
4,92800	-163890
4,93867	-164261
4,94933	-164617
4,96000	-164956
4,97067	-165273
4,98133	-165558
4,99200	-165801
5,00267	-165996
5,01333	-165975
5,02400	-115387
5,03467	237880
5,04533	899374
5,05600	1484035
5,06667	1844281
5,07733	2055888
5,08800	2174086
5,09867	2230912
5,10933	2243617
5,12000	2223449
5,13067	2183176
5,14133	2137364
5,15200	2097031
5,16267	2066010
5,17333	2043918
5,18400	2029169
5,19467	2019715
5,20533	2014075
5,21600	2010970
5,22667	2009669
5,23733	2009841
5,24800	2011059
5,25867	2013120
5,26933	2015851
5,28000	2019091
5,29067	2022348
5,30133	2025680
5,31200	2029336
5,32267	2032779
5,33333	2035742
5,34400	2038396
5,35467	2040741
5,36533	2042526
5,37600	2043842
5,38667	2044766
5,39733	2045189
5,40800	2045329
5,41867	2045166
5,42933	2044647
5,44000	2043929
5,45067	2042975
5,46133	2042122
5,47200	2041394
5,48267	2040861
5,49333	2040671
5,50400	2040594
5,51467	2040994
5,52533	2041948
5,53600	2043216
5,54667	2044887
5,55733	2047002
5,56800	2049496
5,57867	2052595
5,58933	2056184
5,60000	2059925
5,61067	2063984
5,62133	2068275
5,63200	2072451
5,64267	2076674
5,65333	2080915
5,66400	2085100
5,67467	2089289
5,68533	2093210
5,69600	2096688
5,70667	2100346
5,71733	2107673
5,72800	2125777
5,73867	2160134
5,74933	2205384
5,76000	2247646
5,77067	2277856
5,78133	2295125
5,79200	2302202
5,80267	2302830
5,81333	2299370
5,82400	2292626
5,83467	2282124
5,84533	2267295
5,85600	2247712
5,86667	2222851
5,87733	2192636
5,88800	2157406
5,89867	2117629
5,90933	2073465
5,92000	2025239
5,93067	1972811
5,94133	1916136
5,95200	1855682
5,96267	1792108
5,97333	1726242
5,98400	1658885
5,99467	1590624
6,00533	1521669
6,01600	1452016
6,02667	1381901
6,03733	1311528
6,04800	1241192
6,05867	1171478
6,06933	1103023
6,08000	1036573
6,09067	972838
6,10133	912426
6,11200	855709
6,12267	802817
6,13333	753723
6,14400	708292
6,15467	666305
6,16533	627501
6,17600	591639
6,18667	558490
6,19733	527816
6,20800	499419
6,21867	473134
6,22933	448815
6,24000	426323
6,25067	405525
6,26133	386298
6,27200	368527
6,28267	352107
6,29333	336939
6,30400	322922
6,31467	309965
6,32533	297979
6,33600	286878
6,34667	276585
6,35733	267034
6,36800	258160
6,37867	249896
6,38933	242194
6,40000	235011
6,41067	228294
6,42133	222003
6,43200	216102
6,44267	210557
6,45333	205338
6,46400	200423
6,47467	195786
6,48533	191399
6,49600	187249
6,50667	183313
6,51733	179575
6,52800	176023
6,53867	172641
6,54933	169420
6,56000	166349
6,57067	163419
6,58133	160624
6,59200	157953
6,60267	155391
6,61333	152936
6,62400	150587
6,63467	148336
6,64533	146175
6,65600	144100
6,66667	142106
6,67733	140189
6,68800	138350
6,69867	136583
6,70933	134878
6,72000	133235
6,73067	131655
6,74133	130131
6,75200	128657
6,76267	127231
6,77333	125854
6,78400	124527
6,79467	123247
6,80533	122014
6,81600	120828
6,82667	119688
6,83733	118596
6,84800	117561
6,85867	116591
6,86933	115688
6,88000	114842
6,89067	114034
6,90133	113244
6,91200	112457
6,92267	111666
6,93333	110880
6,94400	110109
6,95467	109353
6,96533	108614
6,97600	107889
6,98667	107174
6,99733	106470
7,00800	105778
7,01867	105102
7,02933	104450
7,04000	103820
7,05067	103202
7,06133	102585
7,07200	101959
7,08267	101319
7,09333	100666
7,10400	100003
7,11467	99544
7,12533	109865
7,13600	205828
7,14667	490662
7,15733	887646
7,16800	1230214
7,17867	1473134
7,18933	1634476
7,20000	1737307
7,21067	1800645
7,22133	1838286
7,23200	1859348
7,24267	1869054
7,25333	1870482
7,26400	1865522
7,27467	1855453
7,28533	1840996
7,29600	1822262
7,30667	1799149
7,31733	1771336
7,32800	1738140
7,33867	1698378
7,34933	1650198
7,36000	1591121
7,37067	1518683
7,38133	1430876
7,39200	1327457
7,40267	1210814
7,41333	1085697
7,42400	958184
7,43467	834233
7,44533	718648
7,45600	614537
7,46667	523383
7,47733	445359
7,48800	379770
7,49867	325451
7,50933	281028
7,52000	245105
7,53067	216361
7,54133	193578
7,55200	175668
7,56267	161685
7,57333	150817
7,58400	142381
7,59467	135806
7,60533	130643
7,61600	126546
7,62667	123239
7,63733	120517
7,64800	118227
7,65867	116257
7,66933	114530
7,68000	112994
7,69067	111607
7,70133	110339
7,71200	109172
7,72267	108091
7,73333	107083
7,74400	106136
7,75467	105243
7,76533	104401
7,77600	103601
7,78667	102840
7,79733	102118
7,80800	101429
7,81867	100772
7,82933	100146
7,84000	99551
7,85067	98984
7,86133	98440
7,87200	97918
7,88267	97413
7,89333	96927
7,90400	96456
7,91467	95997
7,92533	95553
7,93600	95123
7,94667	94704
7,95733	94298
7,96800	93903
7,97867	93521
7,98933	93149
8,00000	92787
8,01067	92436
8,02133	92094
8,03200	91758
8,04267	91429
8,05333	91108
8,06400	90794
8,07467	90484
8,08533	90182
8,09600	89890
8,10667	89600
8,11733	89312
8,12800	89023
8,13867	88734
8,14933	88449
8,16000	88164
8,17067	87881
8,18133	87603
8,19200	87327
8,20267	87055
8,21333	86789
8,22400	86527
8,23467	86267
8,24533	86006
8,25600	85750
8,26667	85493
8,27733	85239
8,28800	84989
8,29867	84740
8,30933	84493
8,32000	84251
8,33067	84014
8,34133	83779
8,35200	83547
8,36267	83319
8,37333	83094
8,38400	82870
8,39467	82649
8,40533	82430
8,41600	82213
8,42667	81998
8,43733	81791
8,44800	81586
8,45867	81380
8,46933	81176
8,48000	80976
8,49067	80776
8,50133	80581
8,51200	80392
8,52267	80206
8,53333	80022
8,54400	79836
8,55467	79656
8,56533	79481
8,57600	79307
8,58667	79135
8,59733	78965
8,60800	78797
8,61867	78630
8,62933	78468
8,64000	78309
8,65067	78152
8,66133	77995
8,67200	77839
8,68267	77681
8,69333	77525
8,70400	77373
8,71467	77222
8,72533	77071
8,73600	76917
8,74667	76762
8,75733	76607
8,76800	76454
8,77867	76303
8,78933	76154
8,80000	76005
8,81067	75854
8,82133	75703
8,83200	75556
8,84267	75414
8,85333	75276
8,86400	75144
8,87467	75013
8,88533	74886
8,89600	74764
8,90667	74648
8,91733	74535
8,92800	74424
8,93867	74318
8,94933	74217
8,96000	74118
8,97067	74021
8,98133	73928
8,99200	73836
9,00267	73741
9,01333	73651
9,02400	73563
9,03467	73474
9,04533	73385
9,05600	73299
9,06667	73216
9,07733	73133
9,08800	73053
9,09867	72972
9,10933	72892
9,12000	72813
9,13067	72732
9,14133	72657
9,15200	72584
9,16267	72510
9,17333	72438
9,18400	72370
9,19467	72302
9,20533	72233
9,21600	72165
9,22667	72099
9,23733	72033
9,24800	71969
9,25867	71904
9,26933	71841
9,28000	71778
9,29067	71713
9,30133	71649
9,31200	71586
9,32267	71523
9,33333	71458
9,34400	71391
9,35467	71324
9,36533	71256
9,37600	71187
9,38667	71119
9,39733	71048
9,40800	70975
9,41867	70897
9,42933	70818
9,44000	70738
9,45067	70654
9,46133	70570
9,47200	70482
9,48267	70392
9,49333	70298
9,50400	70200
9,51467	70099
9,52533	70001
9,53600	69903
9,54667	69803
9,55733	69702
9,56800	69599
9,57867	69496
9,58933	69398
9,60000	69302
9,61067	69211
9,62133	69123
9,63200	69039
9,64267	68962
9,65333	68890
9,66400	68825
9,67467	68764
9,68533	68706
9,69600	68650
9,70667	68595
9,71733	68542
9,72800	68491
9,73867	68440
9,74933	68391
9,76000	68347
9,77067	68310
9,78133	68280
9,79200	68261
9,80267	68257
9,81333	68268
9,82400	68294
9,83467	68334
9,84533	68385
9,85600	68444
9,86667	68498
9,87733	68543
9,88800	68576
9,89867	68594
9,90933	68590
9,92000	68563
9,93067	68510
9,94133	68429
9,95200	68321
9,96267	68192
9,97333	68045
9,98400	67890
9,99467	67734
10,00533	67581
10,01600	67434
10,02667	67294
10,03733	67164
10,04800	67043
10,05867	66928
10,06933	66821
10,08000	66724
10,09067	66633
10,10133	66549
10,11200	66472
10,12267	66399
10,13333	66332
10,14400	66267
10,15467	66207
10,16533	66149
10,17600	66095
10,18667	66041
10,19733	65986
10,20800	65933
10,21867	65884
10,22933	65838
10,24000	65794
10,25067	65750
10,26133	65706
10,27200	65663
10,28267	65621
10,29333	65584
10,30400	65549
10,31467	65511
10,32533	65475
10,33600	65440
10,34667	65407
10,35733	65377
10,36800	65350
10,37867	65326
10,38933	65306
10,40000	65293
10,41067	65283
10,42133	65282
10,43200	65290
10,44267	65308
10,45333	65333
10,46400	65364
10,47467	65400
10,48533	65436
10,49600	65472
10,50667	65502
10,51733	65517
10,52800	65522
10,53867	65511
10,54933	65482
10,56000	65438
10,57067	65377
10,58133	65302
10,59200	65219
10,60267	65134
10,61333	65047
10,62400	64962
10,63467	64882
10,64533	64805
10,65600	64735
10,66667	64673
10,67733	64616
10,68800	64565
10,69867	64517
10,70933	64472
10,72000	64427
10,73067	64387
10,74133	64353
10,75200	64323
10,76267	64293
10,77333	64263
10,78400	64237
10,79467	64209
10,80533	64180
10,81600	64152
10,82667	64125
10,83733	64097
10,84800	64069
10,85867	64041
10,86933	64008
10,88000	63977
10,89067	63947
10,90133	63914
10,91200	63879
10,92267	63846
10,93333	63813
10,94400	63780
10,95467	63751
10,96533	63724
10,97600	63695
10,98667	63669
10,99733	63644
11,00800	63619
11,01867	63597
11,02933	63577
11,04000	63557
11,05067	63535
11,06133	63512
11,07200	63491
11,08267	63473
11,09333	63452
11,10400	63430
11,11467	63409
11,12533	63389
11,13600	63369
11,14667	63346
11,15733	63320
11,16800	63296
11,17867	63276
11,18933	63261
11,20000	63252
11,21067	63247
11,22133	63245
11,23200	63249
11,24267	63260
11,25333	63270
11,26400	63276
11,27467	63274
11,28533	63264
11,29600	63248
11,30667	63228
11,31733	63197
11,32800	63159
11,33867	63115
11,34933	63071
11,36000	63027
11,37067	62980
11,38133	62935
11,39200	62893
11,40267	62852
11,41333	62814
11,42400	62776
11,43467	62740
11,44533	62708
11,45600	62677
11,46667	62648
11,47733	62622
11,48800	62599
11,49867	62576
11,50933	62557
11,52000	62542
11,53067	62526
11,54133	62516
11,55200	62513
11,56267	62516
11,57333	62520
11,58400	62521
11,59467	62516
11,60533	62502
11,61600	62481
11,62667	62455
11,63733	62423
11,64800	62390
11,65867	62353
11,66933	62318
11,68000	62286
11,69067	62254
11,70133	62222
11,71200	62191
11,72267	62159
11,73333	62129
11,74400	62101
11,75467	62076
11,76533	62054
11,77600	62031
11,78667	62009
11,79733	61990
11,80800	61974
11,81867	61963
11,82933	61953
11,84000	61942
11,85067	61929
11,86133	61916
11,87200	61903
11,88267	61892
11,89333	61892
11,90400	61908
11,91467	61942
11,92533	61996
11,93600	62068
11,94667	62149
11,95733	62226
11,96800	62288
11,97867	62321
11,98933	62316
12,00000	62275
12,01067	62204
12,02133	62113
12,03200	62014
12,04267	61918
12,05333	61833
12,06400	61756
12,07467	61691
12,08533	61637
12,09600	61590
12,10667	61549
12,11733	61513
12,12800	61481
12,13867	61454
12,14933	61431
12,16000	61411
12,17067	61393
12,18133	61375
12,19200	61359
12,20267	61345
12,21333	61331
12,22400	61317
12,23467	61306
12,24533	61296
12,25600	61284
12,26667	61274
12,27733	61266
12,28800	61258
12,29867	61253
12,30933	61249
12,32000	61245
12,33067	61242
12,34133	61237
12,35200	61230
12,36267	61223
12,37333	61217
12,38400	61211
12,39467	61204
12,40533	61196
12,41600	61187
12,42667	61177
12,43733	61164
12,44800	61151
12,45867	61136
12,46933	61121
12,48000	61104
12,49067	61080
12,50133	61051
12,51200	61018
12,52267	60975
12,53333	60923
12,54400	60867
12,55467	60812
12,56533	60768
12,57600	60745
12,58667	60750
12,59733	60782
12,60800	60835
12,61867	60894
12,62933	60935
12,64000	60939
12,65067	60889
12,66133	60777
12,67200	60607
12,68267	60395
12,69333	60159
12,70400	59916
12,71467	59672
12,72533	59434
12,73600	59206
12,74667	58987
12,75733	58779
12,76800	58577
12,77867	58377
12,78933	58184
12,80000	57997
12,81067	57815
12,82133	57639
12,83200	57468
12,84267	57302
12,85333	57140
12,86400	56981
12,87467	56827
12,88533	56680
12,89600	56538
12,90667	56404
12,91733	56276
12,92800	56154
12,93867	56037
12,94933	55928
12,96000	55830
12,97067	55739
12,98133	55656
12,99200	55583
13,00267	55518
13,01333	55459
13,02400	55406
13,03467	55352
13,04533	55294
13,05600	55231
13,06667	55163
13,07733	55089
13,08800	55010
13,09867	54929
13,10933	54853
13,12000	54779
13,13067	54708
13,14133	54648
13,15200	54596
13,16267	54547
13,17333	54501
13,18400	54462
13,19467	54423
13,20533	54382
13,21600	54338
13,22667	54296
13,23733	54254
13,24800	54211
13,25867	54171
13,26933	54134
13,28000	54103
13,29067	54079
13,30133	54062
13,31200	54046
13,32267	54028
13,33333	54007
13,34400	53979
13,35467	53946
13,36533	53905
13,37600	53860
13,38667	53813
13,39733	53765
13,40800	53722
13,41867	53681
13,42933	53640
13,44000	53602
13,45067	53570
13,46133	53541
13,47200	53515
13,48267	53492
13,49333	53472
13,50400	53452
13,51467	53435
13,52533	53423
13,53600	53412
13,54667	53399
13,55733	53387
13,56800	53376
13,57867	53361
13,58933	53347
13,60000	53333
13,61067	53321
13,62133	53307
13,63200	53296
13,64267	53288
13,65333	53282
13,66400	53283
13,67467	53292
13,68533	53309
13,69600	53330
13,70667	53355
13,71733	53388
13,72800	53422
13,73867	53457
13,74933	53492
13,76000	53519
13,77067	53536
13,78133	53536
13,79200	53520
13,80267	53489
13,81333	53444
13,82400	53389
13,83467	53329
13,84533	53269
13,85600	53212
13,86667	53159
13,87733	53109
13,88800	53066
13,89867	53031
13,90933	52996
13,92000	52968
13,93067	52947
13,94133	52925
13,95200	52906
13,96267	52890
13,97333	52878
13,98400	52870
13,99467	52865
14,00533	52862
14,01600	52862
14,02667	52861
14,03733	52863
14,04800	52867
14,05867	52869
14,06933	52870
14,08000	52875
14,09067	52880
14,10133	52884
14,11200	52885
14,12267	52887
14,13333	52888
14,14400	52888
14,15467	52888
14,16533	52887
14,17600	52885
14,18667	52880
14,19733	52871
14,20800	52859
14,21867	52849
14,22933	52841
14,24000	52831
14,25067	52821
14,26133	52809
14,27200	52798
14,28267	52789
14,29333	52779
14,30400	52768
14,31467	52758
14,32533	52749
14,33600	52742
14,34667	52736
14,35733	52727
14,36800	52718
14,37867	52710
14,38933	52703
14,40000	52699
14,41067	52693
14,42133	52688
14,43200	52682
14,44267	52676
14,45333	52671
14,46400	52661
14,47467	52650
14,48533	52639
14,49600	52629
14,50667	52621
14,51733	52608
14,52800	52594
14,53867	52581
14,54933	52567
14,56000	52554
14,57067	52542
14,58133	52531
14,59200	52517
14,60267	52505
14,61333	52495
14,62400	52486
14,63467	52477
14,64533	52468
14,65600	52460
14,66667	52455
14,67733	52450
14,68800	52445
14,69867	52442
14,70933	52440
14,72000	52439
14,73067	52439
14,74133	52439
14,75200	52439
14,76267	52438
14,77333	52439
14,78400	52441
14,79467	52444
14,80533	52448
14,81600	52451
14,82667	52453
14,83733	52455
14,84800	52458
14,85867	52461
14,86933	52463
14,88000	52463
14,89067	52460
14,90133	52455
14,91200	52450
14,92267	52443
14,93333	52434
14,94400	52426
14,95467	52417
14,96533	52409
14,97600	52403
14,98667	52396
14,99733	52388
15,00800	52383
15,01867	52380
15,02933	52378
15,04000	52380
15,05067	52382
15,06133	52384
15,07200	52387
15,08267	52385
15,09333	52382
15,10400	52380
15,11467	52375
15,12533	52367
15,13600	52357
15,14667	52345
15,15733	52336
15,16800	52323
15,17867	52311
15,18933	52303
15,20000	52297
15,21067	52292
15,22133	52287
15,23200	52284
15,24267	52281
15,25333	52279
15,26400	52280
15,27467	52286
15,28533	52290
15,29600	52291
15,30667	52293
15,31733	52293
15,32800	52290
15,33867	52286
15,34933	52281
15,36000	52277
15,37067	52271
15,38133	52261
15,39200	52248
15,40267	52233
15,41333	52218
15,42400	52203
15,43467	52184
15,44533	52163
15,45600	52141
15,46667	52114
15,47733	52084
15,48800	52053
15,49867	52019
15,50933	51982
15,52000	51945
15,53067	51903
15,54133	51858
15,55200	51811
15,56267	51760
15,57333	51707
15,58400	51653
15,59467	51596
15,60533	51535
15,61600	51473
15,62667	51407
15,63733	51340
15,64800	51271
15,65867	51204
15,66933	51135
15,68000	51066
15,69067	50997
15,70133	50930
15,71200	50862
15,72267	50794
15,73333	50729
15,74400	50663
15,75467	50598
15,76533	50535
15,77600	50473
15,78667	50411
15,79733	50350
15,80800	50290
15,81867	50233
15,82933	50177
15,84000	50124
15,85067	50073
15,86133	50024
15,87200	49974
15,88267	49928
15,89333	49881
15,90400	49835
15,91467	49789
15,92533	49745
15,93600	49705
15,94667	49667
15,95733	49626
15,96800	49588
15,97867	49552
15,98933	49517
16,00000	49481
16,01067	49447
16,02133	49418
16,03200	49390
16,04267	49363
16,05333	49336
16,06400	49312
16,07467	49290
16,08533	49270
16,09600	49249
16,10667	49228
16,11733	49208
16,12800	49190
16,13867	49170
16,14933	49153
16,16000	49137
16,17067	49122
16,18133	49108
16,19200	49095
16,20267	49081
16,21333	49070
16,22400	49059
16,23467	49047
16,24533	49035
16,25600	49022
16,26667	49009
16,27733	48996
16,28800	48986
16,29867	48977
16,30933	48967
16,32000	48959
16,33067	48950
16,34133	48940
16,35200	48931
16,36267	48923
16,37333	48914
16,38400	48903
16,39467	48892
16,40533	48883
16,41600	48874
16,42667	48863
16,43733	48850
16,44800	48837
16,45867	48826
16,46933	48814
16,48000	48800
16,49067	48784
16,50133	48766
16,51200	48747
16,52267	48732
16,53333	48719
16,54400	48705
16,55467	48689
16,56533	48675
16,57600	48663
16,58667	48650
16,59733	48639
16,60800	48630
16,61867	48624
16,62933	48619
16,64000	48613
16,65067	48604
16,66133	48596
16,67200	48591
16,68267	48584
16,69333	48573
16,70400	48560
16,71467	48546
16,72533	48532
16,73600	48517
16,74667	48504
16,75733	48490
16,76800	48475
16,77867	48460
16,78933	48448
16,80000	48434
16,81067	48419
16,82133	48405
16,83200	48390
16,84267	48377
16,85333	48364
16,86400	48349
16,87467	48337
16,88533	48323
16,89600	48308
16,90667	48294
16,91733	48281
16,92800	48269
16,93867	48257
16,94933	48246
16,96000	48233
16,97067	48220
16,98133	48209
16,99200	48198
17,00267	48186
17,01333	48177
17,02400	48170
17,03467	48164
17,04533	48158
17,05600	48156
17,06667	48153
17,07733	48151
17,08800	48153
17,09867	48155
17,10933	48157
17,12000	48156
17,13067	48154
17,14133	48151
17,15200	48148
17,16267	48145
17,17333	48143
17,18400	48139
17,19467	48135
17,20533	48130
17,21600	48129
17,22667	48131
17,23733	48130
17,24800	48130
17,25867	48133
17,26933	48136
17,28000	48139
17,29067	48143
17,30133	48146
17,31200	48146
17,32267	48143
17,33333	48142
17,34400	48139
17,35467	48133
17,36533	48124
17,37600	48113
17,38667	48105
17,39733	48097
17,40800	48088
17,41867	48078
17,42933	48069
17,44000	48060
17,45067	48049
17,46133	48040
17,47200	48033
17,48267	48024
17,49333	48012
17,50400	48002
17,51467	47994
17,52533	47985
17,53600	47978
17,54667	47971
17,55733	47964
17,56800	47957
17,57867	47951
17,58933	47949
17,60000	47946
17,61067	47942
17,62133	47942
17,63200	47942
17,64267	47943
17,65333	47954
17,66400	47972
17,67467	47999
17,68533	48043
17,69600	48106
17,70667	48192
17,71733	48309
17,72800	48466
17,73867	48668
17,74933	48923
17,76000	49237
17,77067	49613
17,78133	50052
17,79200	50553
17,80267	51105
17,81333	51702
17,82400	52336
17,83467	52991
17,84533	53654
17,85600	54318
17,86667	54970
17,87733	55596
17,88800	56187
17,89867	56740
17,90933	57250
17,92000	57722
17,93067	58159
17,94133	58566
17,95200	58941
17,96267	59294
17,97333	59628
17,98400	59946
17,99467	60249
18,00533	60535
18,01600	60799
18,02667	61039
18,03733	61244
18,04800	61401
18,05867	61497
18,06933	61511
18,08000	61435
18,09067	61249
18,10133	60947
18,11200	60532
18,12267	60004
18,13333	59376
18,14400	58667
18,15467	57894
18,16533	57084
18,17600	56258
18,18667	55440
18,19733	54652
18,20800	53905
18,21867	53210
18,22933	52577
18,24000	52007
18,25067	51501
18,26133	51053
18,27200	50659
18,28267	50315
18,29333	50019
18,30400	49762
18,31467	49538
18,32533	49344
18,33600	49177
18,34667	49036
18,35733	48916
18,36800	48814
18,37867	48730
18,38933	48661
18,40000	48605
18,41067	48562
18,42133	48528
18,43200	48503
18,44267	48484
18,45333	48471
18,46400	48465
18,47467	48461
18,48533	48459
18,49600	48461
18,50667	48465
18,51733	48471
18,52800	48478
18,53867	48487
18,54933	48493
18,56000	48499
18,57067	48507
18,58133	48513
18,59200	48517
18,60267	48521
18,61333	48527
18,62400	48531
18,63467	48532
18,64533	48538
18,65600	48545
18,66667	48553
18,67733	48568
18,68800	48592
18,69867	48620
18,70933	48653
18,72000	48694
18,73067	48742
18,74133	48795
18,75200	48859
18,76267	48931
18,77333	49006
18,78400	49081
18,79467	49152
18,80533	49216
18,81600	49275
18,82667	49323
18,83733	49354
18,84800	49371
18,85867	49372
18,86933	49356
18,88000	49324
18,89067	49279
18,90133	49222
18,91200	49154
18,92267	49079
18,93333	49000
18,94400	48918
18,95467	48834
18,96533	48753
18,97600	48675
18,98667	48599
18,99733	48529
19,00800	48465
19,01867	48402
19,02933	48339
19,04000	48281
19,05067	48229
19,06133	48182
19,07200	48140
19,08267	48097
19,09333	48055
19,10400	48019
19,11467	47986
19,12533	47955
19,13600	47928
19,14667	47901
19,15733	47878
19,16800	47856
19,17867	47836
19,18933	47816
19,20000	47798
19,21067	47781
19,22133	47766
19,23200	47752
19,24267	47740
19,25333	47728
19,26400	47715
19,27467	47706
19,28533	47699
19,29600	47690
19,30667	47683
19,31733	47676
19,32800	47666
19,33867	47658
19,34933	47650
19,36000	47642
19,37067	47634
19,38133	47627
19,39200	47618
19,40267	47608
19,41333	47598
19,42400	47589
19,43467	47580
19,44533	47573
19,45600	47567
19,46667	47560
19,47733	47554
19,48800	47548
19,49867	47540
19,50933	47532
19,52000	47522
19,53067	47511
19,54133	47502
19,55200	47495
19,56267	47486
19,57333	47477
19,58400	47468
19,59467	47461
19,60533	47453
19,61600	47444
19,62667	47434
19,63733	47422
19,64800	47412
19,65867	47403
19,66933	47395
19,68000	47385
19,69067	47379
19,70133	47372
19,71200	47362
19,72267	47354
19,73333	47346
19,74400	47340
19,75467	47333
19,76533	47327
19,77600	47322
19,78667	47317
19,79733	47313
19,80800	47309
19,81867	47304
19,82933	47302
19,84000	47301
19,85067	47298
19,86133	47296
19,87200	47295
19,88267	47291
19,89333	47287
19,90400	47284
19,91467	47282
19,92533	47282
19,93600	47281
19,94667	47279
19,95733	47276
19,96800	47273
19,97867	47268
19,98933	47262
20,00000	47255
20,01067	47250
20,02133	47243
20,03200	47236
20,04267	47232
20,05333	47228
20,06400	47219
20,07467	47210
20,08533	47204
20,09600	47198
20,10667	47189
20,11733	47180
20,12800	47171
20,13867	47163
20,14933	47154
20,16000	47146
20,17067	47140
20,18133	47133
20,19200	47125
20,20267	47118
20,21333	47112
20,22400	47107
20,23467	47102
20,24533	47098
20,25600	47095
20,26667	47091
20,27733	47085
20,28800	47084
20,29867	47088
20,30933	47094
20,32000	47102
20,33067	47111
20,34133	47122
20,35200	47137
20,36267	47156
20,37333	47181
20,38400	47214
20,39467	47254
20,40533	47302
20,41600	47356
20,42667	47415
20,43733	47480
20,44800	47553
20,45867	47636
20,46933	47729
20,48000	47830
20,49067	47940
20,50133	48057
20,51200	48181
20,52267	48315
20,53333	48458
20,54400	48608
20,55467	48769
20,56533	48935
20,57600	49107
20,58667	49284
20,59733	49469
20,60800	49658
20,61867	49850
20,62933	50047
20,64000	50249
20,65067	50450
20,66133	50652
20,67200	50855
20,68267	51059
20,69333	51263
20,70400	51465
20,71467	51664
20,72533	51860
20,73600	52052
20,74667	52241
20,75733	52429
20,76800	52612
20,77867	52791
20,78933	52966
20,80000	53136
20,81067	53299
20,82133	53458
20,83200	53613
20,84267	53762
20,85333	53911
20,86400	54054
20,87467	54191
20,88533	54321
20,89600	54445
20,90667	54568
20,91733	54687
20,92800	54800
20,93867	54907
20,94933	55009
20,96000	55108
20,97067	55204
20,98133	55292
20,99200	55376
21,00267	55459
21,01333	55540
21,02400	55614
21,03467	55684
21,04533	55752
21,05600	55817
21,06667	55881
21,07733	55942
21,08800	55998
21,09867	56050
21,10933	56103
21,12000	56153
21,13067	56201
21,14133	56249
21,15200	56296
21,16267	56337
21,17333	56372
21,18400	56407
21,19467	56442
21,20533	56475
21,21600	56507
21,22667	56537
21,23733	56568
21,24800	56599
21,25867	56628
21,26933	56658
21,28000	56684
21,29067	56708
21,30133	56733
21,31200	56759
21,32267	56786
21,33333	56817
21,34400	56844
21,35467	56871
21,36533	56901
21,37600	56927
21,38667	56952
21,39733	56981
21,40800	57009
21,41867	57037
21,42933	57067
21,44000	57097
21,45067	57128
21,46133	57159
21,47200	57191
21,48267	57220
21,49333	57247
21,50400	57274
21,51467	57301
21,52533	57329
21,53600	57356
21,54667	57382
21,55733	57408
21,56800	57434
21,57867	57460
21,58933	57485
21,60000	57509
21,61067	57535
21,62133	57560
21,63200	57583
21,64267	57607
21,65333	57634
21,66400	57660
21,67467	57686
21,68533	57717
21,69600	57748
21,70667	57777
21,71733	57807
21,72800	57836
21,73867	57869
21,74933	57906
21,76000	57944
21,77067	57980
21,78133	58016
21,79200	58056
21,80267	58093
21,81333	58131
21,82400	58171
21,83467	58211
21,84533	58250
21,85600	58288
21,86667	58325
21,87733	58360
21,88800	58396
21,89867	58428
21,90933	58459
21,92000	58492
21,93067	58522
21,94133	58548
21,95200	58570
21,96267	58591
21,97333	58606
21,98400	58619
21,99467	58631
22,00533	58640
22,01600	58643
22,02667	58645
22,03733	58647
22,04800	58644
22,05867	58637
22,06933	58628
22,08000	58620
22,09067	58610
22,10133	58597
22,11200	58586
22,12267	58575
22,13333	58563
22,14400	58550
22,15467	58535
22,16533	58521
22,17600	58507
22,18667	58496
22,19733	58480
22,20800	58464
22,21867	58453
22,22933	58440
22,24000	58426
22,25067	58414
22,26133	58401
22,27200	58387
22,28267	58377
22,29333	58368
22,30400	58356
22,31467	58343
22,32533	58330
22,33600	58321
22,34667	58316
22,35733	58312
22,36800	58307
22,37867	58300
22,38933	58296
22,40000	58294
22,41067	58289
22,42133	58286
22,43200	58284
22,44267	58281
22,45333	58279
22,46400	58279
22,47467	58279
22,48533	58277
22,49600	58273
22,50667	58271
22,51733	58271
22,52800	58271
22,53867	58269
22,54933	58269
22,56000	58269
22,57067	58267
22,58133	58267
22,59200	58268
22,60267	58267
22,61333	58268
22,62400	58270
22,63467	58274
22,64533	58280
22,65600	58288
22,66667	58294
22,67733	58303
22,68800	58314
22,69867	58326
22,70933	58338
22,72000	58348
22,73067	58359
22,74133	58374
22,75200	58385
22,76267	58398
22,77333	58410
22,78400	58421
22,79467	58433
22,80533	58446
22,81600	58457
22,82667	58467
22,83733	58476
22,84800	58488
22,85867	58497
22,86933	58505
22,88000	58515
22,89067	58525
22,90133	58533
22,91200	58541
22,92267	58553
22,93333	58563
22,94400	58572
22,95467	58582
22,96533	58592
22,97600	58598
22,98667	58602
22,99733	58609
23,00800	58617
23,01867	58627
23,02933	58629
23,04000	58631
23,05067	58630
23,06133	58626
23,07200	58624
23,08267	58619
23,09333	58612
23,10400	58603
23,11467	58594
23,12533	58585
23,13600	58577
23,14667	58573
23,15733	58570
23,16800	58565
23,17867	58562
23,18933	58565
23,20000	58567
23,21067	58567
23,22133	58572
23,23200	58581
23,24267	58590
23,25333	58598
23,26400	58606
23,27467	58614
23,28533	58622
23,29600	58629
23,30667	58636
23,31733	58644
23,32800	58648
23,33867	58652
23,34933	58659
23,36000	58665
23,37067	58668
23,38133	58673
23,39200	58679
23,40267	58683
23,41333	58688
23,42400	58692
23,43467	58693
23,44533	58693
23,45600	58695
23,46667	58694
23,47733	58692
23,48800	58692
23,49867	58691
23,50933	58686
23,52000	58681
23,53067	58677
23,54133	58673
23,55200	58670
23,56267	58668
23,57333	58668
23,58400	58670
23,59467	58667
23,60533	58666
23,61600	58668
23,62667	58667
23,63733	58665
23,64800	58668
23,65867	58676
23,66933	58682
23,68000	58686
23,69067	58691
23,70133	58698
23,71200	58706
23,72267	58709
23,73333	58712
23,74400	58717
23,75467	58722
23,76533	58725
23,77600	58726
23,78667	58727
23,79733	58728
23,80800	58729
23,81867	58728
23,82933	58727
23,84000	58727
23,85067	58729
23,86133	58730
23,87200	58731
23,88267	58730
23,89333	58731
23,90400	58733
23,91467	58738
23,92533	58741
23,93600	58742
23,94667	58743
23,95733	58745
23,96800	58748
23,97867	58752
23,98933	58755
24,00000	58759
24,01067	58765
24,02133	58773
24,03200	58779
24,04267	58784
24,05333	58792
24,06400	58803
24,07467	58813
24,08533	58824
24,09600	58836
24,10667	58852
24,11733	58867
24,12800	58883
24,13867	58904
24,14933	58933
24,16000	58968
24,17067	59018
24,18133	59084
24,19200	59170
24,20267	59278
24,21333	59415
24,22400	59586
24,23467	59794
24,24533	60043
24,25600	60331
24,26667	60662
24,27733	61036
24,28800	61456
24,29867	61921
24,30933	62431
24,32000	62980
24,33067	63566
24,34133	64184
24,35200	64834
24,36267	65505
24,37333	66194
24,38400	66896
24,39467	67608
24,40533	68322
24,41600	69029
24,42667	69727
24,43733	70410
24,44800	71072
24,45867	71714
24,46933	72336
24,48000	72939
24,49067	73529
24,50133	74117
24,51200	74719
24,52267	75362
24,53333	76076
24,54400	76879
24,55467	77786
24,56533	78805
24,57600	79920
24,58667	81085
24,59733	82233
24,60800	83284
24,61867	84155
24,62933	84773
24,64000	85100
24,65067	85133
24,66133	84896
24,67200	84442
24,68267	83831
24,69333	83128
24,70400	82383
24,71467	81633
24,72533	80901
24,73600	80198
24,74667	79525
24,75733	78879
24,76800	78262
24,77867	77670
24,78933	77105
24,80000	76563
24,81067	76044
24,82133	75548
24,83200	75072
24,84267	74616
24,85333	74184
24,86400	73771
24,87467	73371
24,88533	72985
24,89600	72617
24,90667	72266
24,91733	71928
24,92800	71600
24,93867	71283
24,94933	70970
24,96000	70655
24,97067	70332
24,98133	70005
24,99200	69678
25,00267	69349
25,01333	69017
25,02400	68686
25,03467	68356
25,04533	68026
25,05600	67689
25,06667	67346
25,07733	66996
25,08800	66634
25,09867	66260
25,10933	65880
25,12000	65493
25,13067	65102
25,14133	64709
25,15200	64316
25,16267	63918
25,17333	63516
25,18400	63113
25,19467	62707
25,20533	62297
25,21600	61884
25,22667	61469
25,23733	61056
25,24800	60649
25,25867	60253
25,26933	59872
25,28000	59514
25,29067	59176
25,30133	58842
25,31200	58491
25,32267	58116
25,33333	57720
25,34400	57312
25,35467	56904
25,36533	56501
25,37600	56101
25,38667	55700
25,39733	55300
25,40800	54909
25,41867	54528
25,42933	54156
25,44000	53794
25,45067	53443
25,46133	53103
25,47200	52777
25,48267	52467
25,49333	52183
25,50400	51929
25,51467	51692
25,52533	51442
25,53600	51148
25,54667	50795
25,55733	50388
25,56800	49954
25,57867	49515
25,58933	49085
25,60000	48668
25,61067	48270
25,62133	47888
25,63200	47518
25,64267	47163
25,65333	46820
25,66400	46491
25,67467	46175
25,68533	45869
25,69600	45572
25,70667	45279
25,71733	44991
25,72800	44713
25,73867	44447
25,74933	44197
25,76000	43962
25,77067	43737
25,78133	43516
25,79200	43295
25,80267	43067
25,81333	42840
25,82400	42614
25,83467	42390
25,84533	42170
25,85600	41952
25,86667	41739
25,87733	41536
25,88800	41353
25,89867	41194
25,90933	41053
25,92000	40915
25,93067	40768
25,94133	40603
25,95200	40421
25,96267	40230
25,97333	40039
25,98400	39853
25,99467	39675
26,00533	39504
26,01600	39337
26,02667	39179
26,03733	39032
26,04800	38891
26,05867	38760
26,06933	38644
26,08000	38557
26,09067	38512
26,10133	38547
26,11200	38758
26,12267	39318
26,13333	40456
26,14400	42305
26,15467	44765
26,16533	47588
26,17600	50569
26,18667	53682
26,19733	57030
26,20800	60698
26,21867	64649
26,22933	68644
26,24000	72147
26,25067	74424
26,26133	74863
26,27200	73309
26,28267	70139
26,29333	66048
26,30400	61719
26,31467	57618
26,32533	53964
26,33600	50812
26,34667	48143
26,35733	45912
26,36800	44066
26,37867	42551
26,38933	41309
26,40000	40282
26,41067	39422
26,42133	38700
26,43200	38092
26,44267	37583
26,45333	37150
26,46400	36775
26,47467	36450
26,48533	36170
26,49600	35926
26,50667	35712
26,51733	35528
26,52800	35360
26,53867	35201
26,54933	35056
26,56000	34929
26,57067	34834
26,58133	34801
26,59200	34851
26,60267	35008
26,61333	35270
26,62400	35603
26,63467	35962
26,64533	36292
26,65600	36544
26,66667	36687
26,67733	36703
26,68800	36592
26,69867	36362
26,70933	36027
26,72000	35616
26,73067	35154
26,74133	34664
26,75200	34168
26,76267	33680
26,77333	33207
26,78400	32758
26,79467	32345
26,80533	31973
26,81600	31653
26,82667	31395
26,83733	31212
26,84800	31139
26,85867	31268
26,86933	31735
26,88000	32662
26,89067	34088
26,90133	35918
26,91200	37893
26,92267	39635
26,93333	40788
26,94400	41194
26,95467	40948
26,96533	40306
26,97600	39539
26,98667	38864
26,99733	38444
27,00800	38407
27,01867	38835
27,02933	39691
27,04000	40742
27,05067	41641
27,06133	42117
27,07200	42110
27,08267	41761
27,09333	41365
27,10400	41496
27,11467	43384
27,12533	49027
27,13600	60051
27,14667	75632
27,15733	91833
27,16800	103748
27,17867	108557
27,18933	106656
27,20000	100411
27,21067	92295
27,22133	83936
27,23200	76099
27,24267	69051
27,25333	62868
27,26400	57578
27,27467	53192
27,28533	49685
27,29600	46991
27,30667	45006
27,31733	43606
27,32800	42667
27,33867	42069
27,34933	41717
27,36000	41536
27,37067	41469
27,38133	41473
27,39200	41520
27,40267	41597
27,41333	41692
27,42400	41805
27,43467	41941
27,44533	42104
27,45600	42296
27,46667	42515
27,47733	42770
27,48800	43083
27,49867	43478
27,50933	43953
27,52000	44469
27,53067	44979
27,54133	45454
27,55200	45890
27,56267	46272
27,57333	46566
27,58400	46750
27,59467	46837
27,60533	46873
27,61600	46896
27,62667	46915
27,63733	46930
27,64800	46948
27,65867	46979
27,66933	47019
27,68000	47049
27,69067	47042
27,70133	46987
27,71200	46885
27,72267	46750
27,73333	46599
27,74400	46449
27,75467	46313
27,76533	46193
27,77600	46087
27,78667	45994
27,79733	45915
27,80800	45847
27,81867	45789
27,82933	45734
27,84000	45686
27,85067	45645
27,86133	45613
27,87200	45601
27,88267	45601
27,89333	45610
27,90400	45625
27,91467	45639
27,92533	45651
27,93600	45656
27,94667	45658
27,95733	45660
27,96800	45659
27,97867	45655
27,98933	45650
28,00000	45647
28,01067	45647
28,02133	45655
28,03200	45669
28,04267	45688
28,05333	45708
28,06400	45725
28,07467	45741
28,08533	45756
28,09600	45763
28,10667	45766
28,11733	45766
28,12800	45767
28,13867	45770
28,14933	45773
28,16000	45776
28,17067	45779
28,18133	45776
28,19200	45775
28,20267	45776
28,21333	45778
28,22400	45782
28,23467	45794
28,24533	45808
28,25600	45819
28,26667	45828
28,27733	45830
28,28800	45830
28,29867	45829
28,30933	45829
28,32000	45833
28,33067	45843
28,34133	45869
28,35200	45914
28,36267	45973
28,37333	46044
28,38400	46117
28,39467	46187
28,40533	46249
28,41600	46302
28,42667	46346
28,43733	46382
28,44800	46410
28,45867	46428
28,46933	46439
28,48000	46443
28,49067	46450
28,50133	46467
28,51200	46498
28,52267	46564
28,53333	46680
28,54400	46860
28,55467	47104
28,56533	47379
28,57600	47638
28,58667	47828
28,59733	47906
28,60800	47866
28,61867	47733
28,62933	47544
28,64000	47337
28,65067	47135
28,66133	46950
28,67200	46785
28,68267	46648
28,69333	46537
28,70400	46447
28,71467	46375
28,72533	46323
28,73600	46287
28,74667	46259
28,75733	46233
28,76800	46206
28,77867	46181
28,78933	46153
28,80000	46122
28,81067	46091
28,82133	46060
28,83200	46032
28,84267	46011
28,85333	45993
28,86400	45983
28,87467	45985
28,88533	45996
28,89600	46011
28,90667	46028
28,91733	46043
28,92800	46055
28,93867	46065
28,94933	46070
28,96000	46071
28,97067	46069
28,98133	46064
28,99200	46054
29,00267	46043
29,01333	46036
29,02400	46028
29,03467	46018
29,04533	46007
29,05600	45998
29,06667	45987
29,07733	45973
29,08800	45956
29,09867	45941
29,10933	45926
29,12000	45917
29,13067	45915
29,14133	45913
29,15200	45912
29,16267	45914
29,17333	45916
29,18400	45917
29,19467	45916
29,20533	45916
29,21600	45917
29,22667	45919
29,23733	45924
29,24800	45938
29,25867	45963
29,26933	46003
29,28000	46057
29,29067	46125
29,30133	46207
29,31200	46308
29,32267	46424
29,33333	46563
29,34400	46733
29,35467	46942
29,36533	47201
29,37600	47518
29,38667	47901
29,39733	48360
29,40800	48906
29,41867	49549
29,42933	50305
29,44000	51194
29,45067	52241
29,46133	53470
29,47200	54905
29,48267	56565
29,49333	58468
29,50400	60619
29,51467	63023
29,52533	65674
29,53600	68550
29,54667	71602
29,55733	74748
29,56800	77885
29,57867	80891
29,58933	83647
29,60000	86071
29,61067	88116
29,62133	89772
29,63200	91065
29,64267	92048
29,65333	92779
29,66400	93316
29,67467	93723
29,68533	94049
29,69600	94338
29,70667	94624
29,71733	94934
29,72800	95291
29,73867	95711
29,74933	96198
29,76000	96759
29,77067	97394
29,78133	98098
29,79200	98864
29,80267	99675
29,81333	100515
29,82400	101360
29,83467	102191
29,84533	102993
29,85600	103751
29,86667	104456
29,87733	105098
29,88800	105673
29,89867	106181
29,90933	106622
29,92000	106998
29,93067	107316
29,94133	107574
29,95200	107775
29,96267	107924
29,97333	108025
29,98400	108079
29,99467	108086
30,00533	108055
30,01600	107987
30,02667	107876
30,03733	107727
30,04800	107538
30,05867	107314
30,06933	107056
30,08000	106767
30,09067	106448
30,10133	106104
30,11200	105736
30,12267	105345
30,13333	104936
30,14400	104513
30,15467	104075
30,16533	103621
30,17600	103159
30,18667	102690
30,19733	102214
30,20800	101732
30,21867	101242
30,22933	100743
30,24000	100234
30,25067	99720
30,26133	99202
30,27200	98674
30,28267	98139
30,29333	97600
30,30400	97055
30,31467	96506
30,32533	95954
30,33600	95399
30,34667	94841
30,35733	94283
30,36800	93720
30,37867	93153
30,38933	92585
30,40000	92015
30,41067	91444
30,42133	90870
30,43200	90292
30,44267	89714
30,45333	89134
30,46400	88550
30,47467	87964
30,48533	87381
30,49600	86799
30,50667	86216
30,51733	85631
30,52800	85044
30,53867	84459
30,54933	83877
30,56000	83293
30,57067	82710
30,58133	82125
30,59200	81542
30,60267	80961
30,61333	80379
30,62400	79801
30,63467	79224
30,64533	78645
30,65600	78067
30,66667	77494
30,67733	76924
30,68800	76356
30,69867	75790
30,70933	75224
30,72000	74660
30,73067	74099
30,74133	73541
30,75200	72982
30,76267	72424
30,77333	71871
30,78400	71319
30,79467	70767
30,80533	70217
30,81600	69670
30,82667	69121
30,83733	68571
30,84800	68021
30,85867	67470
30,86933	66921
30,88000	66374
30,89067	65825
30,90133	65276
30,91200	64727
30,92267	64179
30,93333	63628
30,94400	63078
30,95467	62530
30,96533	61981
30,97600	61430
30,98667	60879
30,99733	60331
31,00800	59781
31,01867	59232
31,02933	58687
31,04000	58142
31,05067	57593
31,06133	57044
31,07200	56499
31,08267	55952
31,09333	55406
31,10400	54863
31,11467	54321
31,12533	53781
31,13600	53239
31,14667	52695
31,15733	52150
31,16800	51607
31,17867	51063
31,18933	50522
31,20000	49981
31,21067	49442
31,22133	48904
31,23200	48362
31,24267	47821
31,25333	47280
31,26400	46740
31,27467	46200
31,28533	45659
31,29600	45117
31,30667	44576
31,31733	44037
31,32800	43499
31,33867	42961
31,34933	42423
31,36000	41887
31,37067	41352
31,38133	40819
31,39200	40288
31,40267	39760
31,41333	39237
31,42400	38712
31,43467	38189
31,44533	37675
31,45600	37163
31,46667	36652
31,47733	36148
31,48800	35649
31,49867	35156
31,50933	34669
31,52000	34184
31,53067	33706
31,54133	33233
31,55200	32763
31,56267	32297
31,57333	31835
31,58400	31376
31,59467	30917
31,60533	30462
31,61600	30010
31,62667	29558
31,63733	29111
31,64800	28664
31,65867	28217
31,66933	27772
31,68000	27326
31,69067	26878
31,70133	26429
31,71200	25979
31,72267	25524
31,73333	25066
31,74400	24607
31,75467	24145
31,76533	23685
31,77600	23222
31,78667	22755
31,79733	22287
31,80800	21819
31,81867	21348
31,82933	20877
31,84000	20406
31,85067	19934
31,86133	19463
31,87200	18995
31,88267	18528
31,89333	18062
31,90400	17597
31,91467	17134
31,92533	16674
31,93600	16219
31,94667	15767
31,95733	15316
31,96800	14872
31,97867	14430
31,98933	13992
32,00000	13558


[Fraction Collection Report]
# of Fractions	0
