[Header]
Application Name	LabSolutions
Version	5.101
Data File Name	C:\Users\User\Desktop\Mervan_EnyzmeML\Kinetics\Kinetics\ManNAc\K (3).lcd
Output Date	11.3.2026.
Output Time	14:07:54

[File Information]
Type	Data File
Generated	27.7.2022. 11:39:53
Generated by	System Administrator
Modified	28.7.2022. 9:09:34
Modified by	System Administrator

[Sample Information]
Operator Name	System Administrator
Acquired	27.7.2022. 11:40:08
Sample Type	0:Unknown
Level	0
Sample Name	
Sample ID	
ISTD Amount1	1
ISTD Amount2	1
ISTD Amount3	1
ISTD Amount4	1
ISTD Amount5	1
ISTD Amount6	1
ISTD Amount7	1
ISTD Amount8	1
ISTD Amount9	1
ISTD Amount10	1
ISTD Amount11	1
ISTD Amount12	1
ISTD Amount13	1
ISTD Amount14	1
ISTD Amount15	1
ISTD Amount16	1
ISTD Amount17	1
ISTD Amount18	1
ISTD Amount19	1
ISTD Amount20	1
ISTD Amount21	1
ISTD Amount22	1
ISTD Amount23	1
ISTD Amount24	1
ISTD Amount25	1
ISTD Amount26	1
ISTD Amount27	1
ISTD Amount28	1
ISTD Amount29	1
ISTD Amount30	1
ISTD Amount31	1
ISTD Amount32	1
Sample Amount	1
Dilution Factor	1
Vial#	27
Injection Volume	15

[Original Files]
Data File	C:\LabSolutions\Data\Project1\Mervan\Method development\2022-07-25 (ManNAc)\M2.lcd
Method File	C:\LabSolutions\Data\Project1\Mervan\Mervan Derivatization - Short - Isocratic.lcm
Batch File	C:\LabSolutions\Data\Project1\Mervan batch.lcb
Report Format File	c:\LabSolutions\System\DEFAULT.lsr

[File Description]


[Configuration]
Instrument Name	LC40_01
Instrument #	1
Line #	1
# of Detectors	1
Detector ID	PDA
Detector Name	PDA
# of Channels	1

[Peak Table(PDA-Ch1)]
# of Peaks	2
Peak#	R.Time	I.Time	F.Time	Area	Height	A/H	Conc.	Mark	ID#	Name	k'	Plate #	Plate Ht.	Tailing	Resolution	Sep.Factor	Area Ratio	Height Ratio	Conc. %	Norm Conc.
1	10,063	9,824	10,283	199444	28825	6,919	1,785	   			0,000	43902	3,417	1,296	0,000	0,000	0	0	0,000	0,000
2	10,570	10,293	10,997	10975418	1063277	10,322	98,215	   			0,050	22467	6,676	1,135	2,136	0,000	0	0	0,000	0,000

[Compound Results(PDA)]
# of IDs	0

[Group Results(PDA)]
# of Groups	0

[LC Status Trace(Pump A Pressure)]
Interval(msec)	1000
# of Points	1921
Start Time(min)	0,000
End Time(min)	32,000
Intensity Units	bar
Intensity Multiplier	0,980665
R.Time (min)	Intensity
0,00000	80,0
0,01667	80,0
0,03333	78,3
0,05000	78,4
0,06667	79,2
0,08333	79,6
0,10000	79,6
0,11667	81,0
0,13333	81,1
0,15000	81,2
0,16667	80,8
0,18333	80,7
0,20000	80,6
0,21667	80,6
0,23333	80,8
0,25000	80,9
0,26667	81,0
0,28333	81,0
0,30000	81,0
0,31667	81,0
0,33333	81,0
0,35000	81,0
0,36667	81,1
0,38333	81,1
0,40000	81,0
0,41667	81,0
0,43333	81,0
0,45000	81,0
0,46667	81,0
0,48333	81,1
0,50000	81,1
0,51667	81,1
0,53333	81,1
0,55000	81,0
0,56667	81,1
0,58333	81,0
0,60000	81,0
0,61667	81,0
0,63333	81,0
0,65000	81,0
0,66667	81,0
0,68333	81,1
0,70000	81,1
0,71667	81,1
0,73333	81,1
0,75000	81,1
0,76667	81,0
0,78333	81,0
0,80000	81,1
0,81667	81,0
0,83333	81,1
0,85000	81,0
0,86667	81,0
0,88333	81,0
0,90000	81,0
0,91667	81,0
0,93333	81,1
0,95000	81,0
0,96667	81,0
0,98333	81,0
1,00000	81,0
1,01667	81,0
1,03333	81,0
1,05000	81,0
1,06667	81,0
1,08333	81,1
1,10000	81,0
1,11667	81,1
1,13333	81,0
1,15000	81,0
1,16667	81,0
1,18333	81,0
1,20000	81,0
1,21667	81,1
1,23333	81,0
1,25000	81,0
1,26667	81,0
1,28333	81,0
1,30000	81,0
1,31667	81,0
1,33333	81,0
1,35000	81,0
1,36667	81,0
1,38333	81,0
1,40000	81,0
1,41667	80,9
1,43333	81,0
1,45000	81,0
1,46667	81,0
1,48333	81,1
1,50000	80,9
1,51667	80,9
1,53333	81,0
1,55000	81,0
1,56667	81,0
1,58333	80,9
1,60000	80,9
1,61667	81,0
1,63333	81,0
1,65000	81,0
1,66667	80,9
1,68333	80,9
1,70000	80,9
1,71667	80,9
1,73333	81,0
1,75000	80,9
1,76667	80,9
1,78333	80,9
1,80000	80,9
1,81667	80,9
1,83333	80,9
1,85000	80,9
1,86667	80,9
1,88333	80,9
1,90000	80,9
1,91667	80,9
1,93333	80,8
1,95000	80,9
1,96667	80,9
1,98333	80,9
2,00000	80,8
2,01667	80,9
2,03333	80,9
2,05000	80,9
2,06667	80,8
2,08333	80,9
2,10000	80,9
2,11667	80,9
2,13333	80,8
2,15000	80,8
2,16667	80,9
2,18333	80,8
2,20000	80,8
2,21667	80,8
2,23333	80,9
2,25000	80,9
2,26667	80,9
2,28333	80,8
2,30000	80,8
2,31667	80,9
2,33333	80,9
2,35000	80,8
2,36667	80,8
2,38333	80,9
2,40000	80,9
2,41667	80,9
2,43333	80,8
2,45000	80,8
2,46667	80,9
2,48333	80,9
2,50000	80,9
2,51667	80,8
2,53333	80,9
2,55000	80,9
2,56667	80,8
2,58333	80,8
2,60000	80,9
2,61667	80,9
2,63333	80,8
2,65000	80,8
2,66667	80,9
2,68333	80,9
2,70000	81,0
2,71667	80,8
2,73333	80,8
2,75000	80,9
2,76667	80,9
2,78333	80,8
2,80000	80,8
2,81667	80,9
2,83333	81,0
2,85000	80,9
2,86667	80,9
2,88333	80,9
2,90000	80,9
2,91667	80,9
2,93333	81,0
2,95000	80,9
2,96667	80,9
2,98333	80,9
3,00000	80,9
3,01667	81,0
3,03333	80,9
3,05000	80,9
3,06667	81,0
3,08333	80,9
3,10000	81,0
3,11667	80,9
3,13333	80,9
3,15000	80,9
3,16667	80,9
3,18333	81,0
3,20000	81,0
3,21667	81,0
3,23333	81,0
3,25000	81,0
3,26667	81,0
3,28333	81,0
3,30000	81,0
3,31667	81,0
3,33333	81,0
3,35000	81,0
3,36667	81,0
3,38333	81,1
3,40000	81,0
3,41667	81,1
3,43333	81,1
3,45000	81,1
3,46667	81,1
3,48333	81,1
3,50000	81,0
3,51667	81,1
3,53333	81,1
3,55000	81,1
3,56667	81,1
3,58333	81,1
3,60000	81,1
3,61667	81,1
3,63333	81,1
3,65000	81,1
3,66667	81,1
3,68333	81,1
3,70000	81,2
3,71667	81,2
3,73333	81,2
3,75000	81,2
3,76667	81,2
3,78333	81,2
3,80000	81,2
3,81667	81,2
3,83333	81,2
3,85000	81,1
3,86667	81,2
3,88333	81,3
3,90000	81,3
3,91667	81,3
3,93333	81,3
3,95000	81,3
3,96667	81,2
3,98333	81,3
4,00000	81,3
4,01667	81,3
4,03333	81,3
4,05000	81,4
4,06667	81,3
4,08333	81,3
4,10000	81,3
4,11667	81,3
4,13333	81,4
4,15000	81,4
4,16667	81,3
4,18333	81,3
4,20000	81,3
4,21667	81,4
4,23333	81,3
4,25000	81,4
4,26667	81,4
4,28333	81,4
4,30000	81,4
4,31667	81,9
4,33333	82,0
4,35000	82,0
4,36667	82,2
4,38333	82,2
4,40000	82,2
4,41667	82,2
4,43333	82,2
4,45000	82,1
4,46667	82,1
4,48333	82,1
4,50000	82,1
4,51667	82,0
4,53333	82,0
4,55000	82,0
4,56667	81,9
4,58333	82,0
4,60000	82,0
4,61667	81,9
4,63333	81,8
4,65000	81,8
4,66667	81,8
4,68333	81,8
4,70000	81,8
4,71667	81,7
4,73333	81,6
4,75000	81,6
4,76667	81,5
4,78333	81,5
4,80000	81,5
4,81667	81,3
4,83333	81,3
4,85000	81,3
4,86667	81,2
4,88333	81,3
4,90000	81,3
4,91667	81,2
4,93333	81,1
4,95000	81,1
4,96667	81,1
4,98333	81,1
5,00000	81,2
5,01667	81,1
5,03333	81,1
5,05000	81,1
5,06667	81,2
5,08333	81,3
5,10000	81,3
5,11667	81,4
5,13333	81,3
5,15000	81,5
5,16667	81,5
5,18333	81,5
5,20000	81,5
5,21667	81,5
5,23333	81,5
5,25000	81,5
5,26667	81,6
5,28333	81,6
5,30000	81,6
5,31667	81,6
5,33333	81,6
5,35000	81,6
5,36667	81,6
5,38333	81,7
5,40000	81,6
5,41667	81,6
5,43333	81,6
5,45000	81,6
5,46667	81,7
5,48333	81,6
5,50000	81,6
5,51667	81,7
5,53333	81,6
5,55000	81,6
5,56667	81,7
5,58333	81,6
5,60000	81,6
5,61667	81,7
5,63333	81,6
5,65000	81,7
5,66667	81,7
5,68333	81,6
5,70000	81,7
5,71667	81,7
5,73333	81,7
5,75000	81,7
5,76667	81,7
5,78333	81,8
5,80000	81,8
5,81667	81,8
5,83333	81,8
5,85000	81,8
5,86667	81,8
5,88333	81,8
5,90000	81,8
5,91667	81,9
5,93333	81,8
5,95000	81,8
5,96667	81,9
5,98333	81,9
6,00000	81,9
6,01667	81,8
6,03333	81,8
6,05000	81,8
6,06667	81,8
6,08333	81,8
6,10000	81,8
6,11667	81,9
6,13333	81,8
6,15000	81,8
6,16667	81,8
6,18333	81,9
6,20000	81,9
6,21667	81,9
6,23333	81,9
6,25000	81,9
6,26667	81,9
6,28333	82,0
6,30000	82,0
6,31667	81,9
6,33333	81,9
6,35000	81,9
6,36667	82,0
6,38333	81,9
6,40000	81,9
6,41667	81,9
6,43333	82,0
6,45000	82,0
6,46667	81,9
6,48333	82,0
6,50000	81,9
6,51667	82,0
6,53333	82,0
6,55000	82,0
6,56667	82,0
6,58333	82,0
6,60000	82,0
6,61667	82,0
6,63333	82,1
6,65000	82,0
6,66667	82,0
6,68333	82,1
6,70000	82,1
6,71667	82,0
6,73333	82,0
6,75000	82,0
6,76667	82,1
6,78333	82,1
6,80000	82,1
6,81667	82,1
6,83333	82,0
6,85000	82,0
6,86667	82,1
6,88333	82,0
6,90000	82,1
6,91667	82,1
6,93333	82,1
6,95000	82,1
6,96667	82,1
6,98333	82,1
7,00000	82,1
7,01667	82,2
7,03333	82,2
7,05000	82,1
7,06667	82,1
7,08333	82,1
7,10000	82,1
7,11667	82,1
7,13333	82,1
7,15000	82,2
7,16667	82,2
7,18333	82,1
7,20000	82,2
7,21667	82,2
7,23333	82,1
7,25000	82,1
7,26667	82,2
7,28333	82,1
7,30000	82,2
7,31667	82,2
7,33333	82,2
7,35000	82,2
7,36667	82,2
7,38333	82,2
7,40000	82,2
7,41667	82,2
7,43333	82,2
7,45000	82,2
7,46667	82,3
7,48333	82,2
7,50000	82,2
7,51667	82,2
7,53333	82,2
7,55000	82,2
7,56667	82,3
7,58333	82,2
7,60000	82,2
7,61667	82,2
7,63333	82,3
7,65000	82,3
7,66667	82,2
7,68333	82,3
7,70000	82,2
7,71667	82,3
7,73333	82,3
7,75000	82,2
7,76667	82,2
7,78333	82,2
7,80000	82,2
7,81667	82,2
7,83333	82,2
7,85000	82,2
7,86667	82,3
7,88333	82,2
7,90000	82,2
7,91667	82,2
7,93333	82,3
7,95000	82,3
7,96667	82,3
7,98333	82,3
8,00000	82,3
8,01667	82,3
8,03333	82,2
8,05000	82,2
8,06667	82,3
8,08333	82,2
8,10000	82,3
8,11667	82,3
8,13333	82,3
8,15000	82,3
8,16667	82,2
8,18333	82,2
8,20000	82,2
8,21667	82,3
8,23333	82,3
8,25000	82,2
8,26667	82,3
8,28333	82,3
8,30000	82,3
8,31667	82,3
8,33333	82,3
8,35000	82,3
8,36667	82,3
8,38333	82,3
8,40000	82,2
8,41667	82,2
8,43333	82,4
8,45000	82,4
8,46667	82,3
8,48333	82,3
8,50000	82,3
8,51667	82,3
8,53333	82,2
8,55000	82,3
8,56667	82,3
8,58333	82,3
8,60000	82,3
8,61667	82,3
8,63333	82,3
8,65000	82,3
8,66667	82,2
8,68333	82,2
8,70000	82,3
8,71667	82,3
8,73333	82,3
8,75000	82,3
8,76667	82,3
8,78333	82,2
8,80000	82,3
8,81667	82,2
8,83333	82,2
8,85000	82,2
8,86667	82,3
8,88333	82,3
8,90000	82,2
8,91667	82,2
8,93333	82,3
8,95000	82,3
8,96667	82,2
8,98333	82,2
9,00000	82,2
9,01667	82,3
9,03333	82,2
9,05000	82,3
9,06667	82,3
9,08333	82,3
9,10000	82,3
9,11667	82,3
9,13333	82,2
9,15000	82,2
9,16667	82,2
9,18333	82,2
9,20000	82,3
9,21667	82,3
9,23333	82,2
9,25000	82,2
9,26667	82,3
9,28333	82,2
9,30000	82,2
9,31667	82,2
9,33333	82,2
9,35000	82,2
9,36667	82,2
9,38333	82,2
9,40000	82,2
9,41667	82,2
9,43333	82,2
9,45000	82,2
9,46667	82,2
9,48333	82,2
9,50000	82,2
9,51667	82,2
9,53333	82,3
9,55000	82,3
9,56667	82,2
9,58333	82,2
9,60000	82,2
9,61667	82,2
9,63333	82,2
9,65000	82,2
9,66667	82,2
9,68333	82,2
9,70000	82,2
9,71667	82,2
9,73333	82,2
9,75000	82,2
9,76667	82,2
9,78333	82,2
9,80000	82,2
9,81667	82,2
9,83333	82,1
9,85000	82,2
9,86667	82,2
9,88333	82,1
9,90000	82,1
9,91667	82,2
9,93333	82,1
9,95000	82,1
9,96667	82,1
9,98333	82,2
10,00000	82,2
10,01667	82,2
10,03333	82,2
10,05000	82,1
10,06667	82,1
10,08333	82,1
10,10000	82,1
10,11667	82,2
10,13333	82,2
10,15000	82,1
10,16667	82,1
10,18333	82,2
10,20000	82,2
10,21667	82,1
10,23333	82,1
10,25000	82,1
10,26667	82,1
10,28333	82,1
10,30000	82,1
10,31667	82,1
10,33333	82,1
10,35000	82,1
10,36667	82,1
10,38333	82,1
10,40000	82,1
10,41667	82,0
10,43333	82,1
10,45000	82,1
10,46667	82,1
10,48333	82,1
10,50000	82,1
10,51667	82,1
10,53333	82,1
10,55000	82,0
10,56667	82,1
10,58333	82,1
10,60000	82,1
10,61667	82,0
10,63333	82,0
10,65000	82,1
10,66667	82,0
10,68333	82,0
10,70000	82,0
10,71667	82,0
10,73333	82,0
10,75000	82,0
10,76667	82,0
10,78333	82,0
10,80000	82,0
10,81667	82,0
10,83333	82,0
10,85000	82,0
10,86667	82,0
10,88333	82,0
10,90000	82,0
10,91667	82,0
10,93333	82,0
10,95000	81,9
10,96667	82,0
10,98333	82,0
11,00000	81,9
11,01667	81,9
11,03333	81,9
11,05000	82,0
11,06667	82,0
11,08333	82,0
11,10000	82,0
11,11667	81,9
11,13333	82,0
11,15000	82,0
11,16667	81,9
11,18333	81,9
11,20000	81,9
11,21667	81,8
11,23333	81,9
11,25000	81,9
11,26667	81,9
11,28333	81,9
11,30000	81,9
11,31667	81,9
11,33333	81,9
11,35000	81,9
11,36667	81,9
11,38333	81,8
11,40000	81,9
11,41667	81,9
11,43333	81,9
11,45000	81,9
11,46667	81,9
11,48333	81,9
11,50000	81,9
11,51667	81,8
11,53333	81,9
11,55000	81,9
11,56667	81,8
11,58333	81,8
11,60000	81,8
11,61667	81,8
11,63333	81,8
11,65000	81,8
11,66667	81,9
11,68333	81,8
11,70000	81,8
11,71667	81,8
11,73333	81,8
11,75000	81,8
11,76667	81,8
11,78333	81,8
11,80000	81,8
11,81667	81,8
11,83333	81,8
11,85000	81,8
11,86667	81,9
11,88333	81,8
11,90000	81,7
11,91667	81,8
11,93333	81,8
11,95000	81,8
11,96667	81,8
11,98333	81,8
12,00000	81,8
12,01667	81,7
12,03333	81,8
12,05000	81,7
12,06667	81,8
12,08333	81,7
12,10000	81,7
12,11667	81,7
12,13333	81,8
12,15000	81,8
12,16667	81,7
12,18333	81,7
12,20000	81,7
12,21667	81,7
12,23333	81,7
12,25000	81,7
12,26667	81,7
12,28333	81,7
12,30000	81,7
12,31667	81,7
12,33333	81,7
12,35000	81,7
12,36667	81,7
12,38333	81,7
12,40000	81,7
12,41667	81,7
12,43333	81,7
12,45000	81,7
12,46667	81,7
12,48333	81,7
12,50000	81,7
12,51667	81,6
12,53333	81,7
12,55000	81,6
12,56667	81,7
12,58333	81,6
12,60000	81,6
12,61667	81,6
12,63333	81,6
12,65000	81,6
12,66667	81,6
12,68333	81,6
12,70000	81,6
12,71667	81,6
12,73333	81,6
12,75000	81,6
12,76667	81,7
12,78333	81,6
12,80000	81,6
12,81667	81,6
12,83333	81,6
12,85000	81,6
12,86667	81,7
12,88333	81,6
12,90000	81,6
12,91667	81,6
12,93333	81,7
12,95000	81,6
12,96667	81,6
12,98333	81,6
13,00000	81,6
13,01667	81,5
13,03333	81,6
13,05000	81,6
13,06667	81,5
13,08333	81,6
13,10000	81,5
13,11667	81,5
13,13333	81,6
13,15000	81,6
13,16667	81,6
13,18333	81,5
13,20000	81,5
13,21667	81,5
13,23333	81,6
13,25000	81,5
13,26667	81,6
13,28333	81,6
13,30000	81,5
13,31667	81,6
13,33333	81,6
13,35000	81,5
13,36667	81,6
13,38333	81,6
13,40000	81,5
13,41667	81,5
13,43333	81,6
13,45000	81,6
13,46667	81,6
13,48333	81,6
13,50000	81,5
13,51667	81,5
13,53333	81,5
13,55000	81,6
13,56667	81,5
13,58333	81,5
13,60000	81,5
13,61667	81,5
13,63333	81,5
13,65000	81,5
13,66667	81,5
13,68333	81,5
13,70000	81,4
13,71667	81,5
13,73333	81,5
13,75000	81,5
13,76667	81,5
13,78333	81,5
13,80000	81,4
13,81667	81,5
13,83333	81,5
13,85000	81,5
13,86667	81,5
13,88333	81,5
13,90000	81,4
13,91667	81,4
13,93333	81,5
13,95000	81,5
13,96667	81,5
13,98333	81,5
14,00000	81,5
14,01667	81,4
14,03333	81,5
14,05000	81,5
14,06667	81,5
14,08333	81,5
14,10000	81,4
14,11667	81,4
14,13333	81,5
14,15000	81,5
14,16667	81,5
14,18333	81,5
14,20000	81,4
14,21667	81,5
14,23333	81,4
14,25000	81,4
14,26667	81,5
14,28333	81,4
14,30000	81,4
14,31667	81,4
14,33333	81,5
14,35000	81,5
14,36667	81,5
14,38333	81,4
14,40000	81,4
14,41667	81,4
14,43333	81,5
14,45000	81,5
14,46667	81,5
14,48333	81,5
14,50000	81,4
14,51667	81,4
14,53333	81,5
14,55000	81,5
14,56667	81,4
14,58333	81,4
14,60000	81,4
14,61667	81,4
14,63333	81,4
14,65000	81,4
14,66667	81,4
14,68333	81,5
14,70000	81,4
14,71667	81,4
14,73333	81,4
14,75000	81,4
14,76667	81,5
14,78333	81,3
14,80000	81,3
14,81667	81,4
14,83333	81,4
14,85000	81,4
14,86667	81,4
14,88333	81,4
14,90000	81,4
14,91667	81,4
14,93333	81,4
14,95000	81,4
14,96667	81,4
14,98333	81,4
15,00000	81,3
15,01667	81,3
15,03333	81,4
15,05000	81,4
15,06667	81,4
15,08333	81,4
15,10000	81,3
15,11667	81,3
15,13333	81,4
15,15000	81,4
15,16667	81,4
15,18333	81,4
15,20000	81,4
15,21667	81,4
15,23333	81,4
15,25000	81,4
15,26667	81,4
15,28333	81,5
15,30000	81,4
15,31667	81,4
15,33333	81,5
15,35000	81,5
15,36667	81,4
15,38333	81,4
15,40000	81,4
15,41667	81,3
15,43333	81,4
15,45000	81,4
15,46667	81,4
15,48333	81,4
15,50000	81,3
15,51667	81,3
15,53333	81,4
15,55000	81,4
15,56667	81,3
15,58333	81,3
15,60000	81,3
15,61667	81,3
15,63333	81,4
15,65000	81,4
15,66667	81,4
15,68333	81,4
15,70000	81,3
15,71667	81,3
15,73333	81,4
15,75000	81,4
15,76667	81,4
15,78333	81,4
15,80000	81,3
15,81667	81,3
15,83333	81,4
15,85000	81,4
15,86667	81,4
15,88333	81,3
15,90000	81,3
15,91667	81,3
15,93333	81,3
15,95000	81,4
15,96667	81,4
15,98333	81,4
16,00000	81,3
16,01667	81,3
16,03333	81,4
16,05000	81,4
16,06667	81,4
16,08333	81,4
16,10000	81,3
16,11667	81,3
16,13333	81,4
16,15000	81,4
16,16667	81,4
16,18333	81,3
16,20000	81,3
16,21667	81,4
16,23333	81,4
16,25000	81,3
16,26667	81,4
16,28333	81,3
16,30000	81,3
16,31667	81,4
16,33333	81,4
16,35000	81,3
16,36667	81,3
16,38333	81,4
16,40000	81,3
16,41667	81,4
16,43333	81,3
16,45000	81,3
16,46667	81,4
16,48333	81,3
16,50000	81,4
16,51667	81,4
16,53333	81,4
16,55000	81,4
16,56667	81,3
16,58333	81,4
16,60000	81,4
16,61667	81,4
16,63333	81,4
16,65000	81,3
16,66667	81,3
16,68333	81,4
16,70000	81,4
16,71667	81,4
16,73333	81,3
16,75000	81,3
16,76667	81,3
16,78333	81,3
16,80000	81,3
16,81667	81,3
16,83333	81,3
16,85000	81,3
16,86667	81,3
16,88333	81,3
16,90000	81,3
16,91667	81,3
16,93333	81,3
16,95000	81,3
16,96667	81,3
16,98333	81,3
17,00000	81,4
17,01667	81,4
17,03333	81,4
17,05000	81,3
17,06667	81,4
17,08333	81,3
17,10000	81,3
17,11667	81,3
17,13333	81,3
17,15000	81,3
17,16667	81,3
17,18333	81,3
17,20000	81,3
17,21667	81,3
17,23333	81,4
17,25000	81,4
17,26667	81,3
17,28333	81,4
17,30000	81,2
17,31667	81,3
17,33333	81,3
17,35000	81,3
17,36667	81,3
17,38333	81,2
17,40000	81,3
17,41667	81,2
17,43333	81,2
17,45000	81,4
17,46667	81,2
17,48333	81,2
17,50000	81,2
17,51667	81,2
17,53333	81,2
17,55000	81,2
17,56667	81,2
17,58333	81,2
17,60000	81,2
17,61667	81,2
17,63333	81,2
17,65000	81,2
17,66667	81,2
17,68333	81,2
17,70000	81,3
17,71667	81,2
17,73333	81,1
17,75000	81,2
17,76667	81,2
17,78333	81,2
17,80000	81,2
17,81667	81,2
17,83333	81,2
17,85000	81,1
17,86667	81,1
17,88333	81,2
17,90000	81,2
17,91667	81,2
17,93333	81,1
17,95000	81,2
17,96667	81,2
17,98333	81,2
18,00000	81,1
18,01667	81,1
18,03333	81,2
18,05000	81,2
18,06667	81,1
18,08333	81,2
18,10000	81,2
18,11667	81,1
18,13333	81,1
18,15000	81,2
18,16667	81,1
18,18333	81,2
18,20000	81,1
18,21667	81,1
18,23333	81,1
18,25000	81,1
18,26667	81,1
18,28333	81,1
18,30000	81,1
18,31667	81,1
18,33333	81,0
18,35000	81,1
18,36667	81,1
18,38333	81,1
18,40000	81,1
18,41667	81,0
18,43333	81,0
18,45000	81,0
18,46667	81,0
18,48333	81,1
18,50000	81,0
18,51667	81,0
18,53333	81,1
18,55000	81,1
18,56667	81,0
18,58333	81,0
18,60000	81,0
18,61667	81,0
18,63333	80,9
18,65000	81,0
18,66667	81,0
18,68333	80,9
18,70000	80,9
18,71667	81,0
18,73333	80,9
18,75000	80,9
18,76667	80,9
18,78333	80,9
18,80000	80,9
18,81667	80,9
18,83333	80,9
18,85000	80,9
18,86667	80,8
18,88333	80,9
18,90000	80,9
18,91667	80,8
18,93333	80,9
18,95000	80,9
18,96667	80,9
18,98333	80,9
19,00000	80,9
19,01667	80,8
19,03333	80,8
19,05000	80,8
19,06667	80,8
19,08333	80,8
19,10000	80,8
19,11667	80,8
19,13333	80,8
19,15000	80,8
19,16667	80,8
19,18333	80,8
19,20000	80,7
19,21667	80,8
19,23333	80,7
19,25000	80,7
19,26667	80,7
19,28333	80,8
19,30000	80,7
19,31667	80,7
19,33333	80,7
19,35000	80,7
19,36667	80,6
19,38333	80,7
19,40000	80,7
19,41667	80,6
19,43333	80,7
19,45000	80,6
19,46667	80,6
19,48333	80,6
19,50000	80,6
19,51667	80,6
19,53333	80,6
19,55000	80,6
19,56667	80,6
19,58333	80,6
19,60000	80,6
19,61667	80,6
19,63333	80,6
19,65000	80,6
19,66667	80,5
19,68333	80,5
19,70000	80,6
19,71667	80,5
19,73333	80,5
19,75000	80,5
19,76667	80,5
19,78333	80,5
19,80000	80,5
19,81667	80,4
19,83333	80,4
19,85000	80,6
19,86667	80,5
19,88333	80,4
19,90000	80,5
19,91667	80,5
19,93333	80,4
19,95000	80,4
19,96667	80,4
19,98333	80,4
20,00000	80,4
20,01667	80,4
20,03333	80,4
20,05000	80,4
20,06667	80,3
20,08333	80,4
20,10000	80,4
20,11667	80,3
20,13333	80,3
20,15000	80,3
20,16667	80,2
20,18333	80,3
20,20000	80,3
20,21667	80,2
20,23333	80,3
20,25000	80,3
20,26667	80,2
20,28333	80,2
20,30000	80,2
20,31667	80,2
20,33333	80,2
20,35000	80,2
20,36667	80,2
20,38333	80,1
20,40000	80,2
20,41667	80,1
20,43333	80,1
20,45000	80,1
20,46667	80,2
20,48333	80,1
20,50000	80,1
20,51667	80,1
20,53333	80,1
20,55000	80,0
20,56667	80,0
20,58333	80,1
20,60000	80,1
20,61667	80,0
20,63333	80,0
20,65000	80,0
20,66667	79,9
20,68333	79,9
20,70000	79,9
20,71667	79,9
20,73333	79,8
20,75000	79,8
20,76667	79,8
20,78333	79,9
20,80000	79,8
20,81667	79,8
20,83333	79,8
20,85000	79,8
20,86667	79,7
20,88333	79,8
20,90000	79,7
20,91667	79,6
20,93333	79,6
20,95000	79,6
20,96667	79,6
20,98333	79,6
21,00000	79,6
21,01667	79,5
21,03333	79,4
21,05000	79,5
21,06667	79,4
21,08333	79,3
21,10000	79,4
21,11667	79,3
21,13333	79,3
21,15000	79,3
21,16667	79,1
21,18333	79,1
21,20000	79,1
21,21667	79,0
21,23333	79,0
21,25000	79,0
21,26667	78,9
21,28333	78,8
21,30000	78,8
21,31667	78,8
21,33333	78,7
21,35000	78,7
21,36667	78,7
21,38333	78,6
21,40000	78,6
21,41667	78,5
21,43333	78,4
21,45000	78,4
21,46667	78,4
21,48333	78,3
21,50000	78,3
21,51667	78,2
21,53333	78,2
21,55000	78,1
21,56667	78,1
21,58333	78,0
21,60000	78,0
21,61667	77,8
21,63333	77,8
21,65000	77,8
21,66667	77,7
21,68333	77,7
21,70000	77,7
21,71667	77,5
21,73333	77,5
21,75000	77,4
21,76667	77,3
21,78333	77,4
21,80000	77,3
21,81667	77,2
21,83333	77,2
21,85000	77,1
21,86667	77,0
21,88333	76,9
21,90000	77,0
21,91667	76,8
21,93333	76,7
21,95000	76,7
21,96667	76,6
21,98333	76,6
22,00000	76,6
22,01667	76,4
22,03333	76,4
22,05000	76,4
22,06667	76,3
22,08333	76,1
22,10000	76,1
22,11667	76,0
22,13333	76,0
22,15000	75,9
22,16667	75,8
22,18333	75,8
22,20000	75,8
22,21667	75,5
22,23333	75,5
22,25000	75,6
22,26667	75,4
22,28333	75,4
22,30000	75,3
22,31667	75,1
22,33333	75,1
22,35000	75,1
22,36667	74,9
22,38333	74,9
22,40000	74,9
22,41667	74,7
22,43333	74,6
22,45000	74,6
22,46667	74,4
22,48333	74,4
22,50000	74,4
22,51667	74,2
22,53333	74,2
22,55000	74,1
22,56667	74,0
22,58333	73,9
22,60000	73,9
22,61667	73,7
22,63333	73,6
22,65000	73,6
22,66667	73,5
22,68333	73,5
22,70000	73,4
22,71667	73,2
22,73333	73,2
22,75000	73,1
22,76667	72,9
22,78333	72,9
22,80000	72,9
22,81667	72,7
22,83333	72,7
22,85000	72,6
22,86667	72,4
22,88333	72,3
22,90000	72,3
22,91667	72,2
22,93333	72,1
22,95000	72,0
22,96667	71,8
22,98333	71,8
23,00000	71,8
23,01667	71,6
23,03333	71,5
23,05000	71,5
23,06667	71,3
23,08333	71,2
23,10000	71,2
23,11667	71,0
23,13333	70,9
23,15000	70,9
23,16667	70,6
23,18333	70,5
23,20000	70,5
23,21667	70,3
23,23333	70,2
23,25000	70,1
23,26667	69,9
23,28333	69,8
23,30000	69,8
23,31667	69,5
23,33333	69,5
23,35000	69,4
23,36667	69,2
23,38333	69,1
23,40000	69,1
23,41667	68,8
23,43333	68,7
23,45000	68,7
23,46667	68,4
23,48333	68,4
23,50000	68,3
23,51667	68,1
23,53333	68,0
23,55000	68,0
23,56667	67,7
23,58333	67,7
23,60000	67,6
23,61667	67,4
23,63333	67,3
23,65000	67,2
23,66667	67,0
23,68333	67,0
23,70000	66,9
23,71667	66,7
23,73333	66,7
23,75000	66,6
23,76667	66,4
23,78333	66,4
23,80000	66,3
23,81667	66,1
23,83333	65,9
23,85000	65,9
23,86667	65,7
23,88333	65,7
23,90000	65,6
23,91667	65,4
23,93333	65,4
23,95000	65,3
23,96667	65,1
23,98333	65,1
24,00000	65,1
24,01667	64,8
24,03333	64,8
24,05000	64,7
24,06667	64,6
24,08333	64,5
24,10000	64,5
24,11667	64,3
24,13333	64,2
24,15000	64,2
24,16667	64,0
24,18333	64,0
24,20000	63,9
24,21667	63,7
24,23333	63,6
24,25000	63,6
24,26667	63,4
24,28333	63,4
24,30000	63,3
24,31667	63,1
24,33333	63,1
24,35000	63,0
24,36667	62,8
24,38333	62,8
24,40000	62,8
24,41667	62,5
24,43333	62,5
24,45000	62,4
24,46667	62,2
24,48333	62,2
24,50000	62,2
24,51667	62,0
24,53333	61,9
24,55000	61,9
24,56667	61,7
24,58333	61,6
24,60000	61,6
24,61667	61,4
24,63333	61,3
24,65000	61,3
24,66667	61,1
24,68333	61,0
24,70000	61,0
24,71667	60,8
24,73333	60,7
24,75000	60,7
24,76667	60,5
24,78333	60,3
24,80000	60,3
24,81667	60,1
24,83333	60,1
24,85000	60,0
24,86667	59,8
24,88333	59,8
24,90000	59,7
24,91667	59,5
24,93333	59,5
24,95000	59,4
24,96667	59,2
24,98333	59,2
25,00000	59,1
25,01667	58,9
25,03333	58,8
25,05000	58,8
25,06667	58,6
25,08333	58,6
25,10000	58,5
25,11667	58,3
25,13333	58,3
25,15000	58,1
25,16667	58,0
25,18333	57,9
25,20000	57,9
25,21667	57,7
25,23333	57,7
25,25000	57,6
25,26667	57,4
25,28333	57,4
25,30000	57,3
25,31667	57,1
25,33333	57,0
25,35000	57,0
25,36667	56,8
25,38333	56,7
25,40000	56,7
25,41667	56,5
25,43333	56,5
25,45000	56,4
25,46667	56,3
25,48333	56,2
25,50000	56,1
25,51667	55,9
25,53333	55,9
25,55000	55,8
25,56667	55,6
25,58333	55,6
25,60000	55,6
25,61667	55,4
25,63333	55,4
25,65000	55,2
25,66667	55,2
25,68333	55,1
25,70000	55,0
25,71667	54,9
25,73333	54,8
25,75000	54,8
25,76667	54,6
25,78333	54,6
25,80000	54,6
25,81667	54,4
25,83333	54,4
25,85000	54,3
25,86667	54,2
25,88333	54,2
25,90000	54,2
25,91667	54,1
25,93333	54,1
25,95000	54,0
25,96667	54,0
25,98333	53,9
26,00000	53,9
26,01667	53,9
26,03333	53,9
26,05000	53,9
26,06667	53,9
26,08333	53,8
26,10000	53,8
26,11667	53,8
26,13333	53,7
26,15000	53,7
26,16667	53,7
26,18333	53,7
26,20000	53,7
26,21667	53,7
26,23333	53,7
26,25000	53,7
26,26667	53,7
26,28333	53,7
26,30000	53,7
26,31667	53,7
26,33333	53,7
26,35000	53,8
26,36667	53,8
26,38333	53,8
26,40000	53,8
26,41667	53,9
26,43333	53,9
26,45000	53,8
26,46667	53,9
26,48333	54,0
26,50000	54,0
26,51667	54,1
26,53333	54,1
26,55000	54,1
26,56667	54,3
26,58333	54,3
26,60000	54,3
26,61667	54,4
26,63333	54,5
26,65000	54,5
26,66667	54,6
26,68333	54,6
26,70000	54,6
26,71667	54,7
26,73333	54,8
26,75000	54,8
26,76667	54,9
26,78333	55,1
26,80000	55,1
26,81667	55,3
26,83333	55,4
26,85000	55,4
26,86667	55,5
26,88333	55,6
26,90000	55,6
26,91667	55,7
26,93333	55,8
26,95000	55,8
26,96667	56,0
26,98333	55,9
27,00000	56,0
27,01667	56,1
27,03333	56,2
27,05000	56,2
27,06667	56,5
27,08333	56,5
27,10000	56,5
27,11667	56,7
27,13333	56,7
27,15000	56,8
27,16667	56,9
27,18333	57,0
27,20000	57,0
27,21667	57,2
27,23333	57,2
27,25000	57,3
27,26667	57,5
27,28333	57,5
27,30000	57,6
27,31667	57,8
27,33333	57,8
27,35000	57,8
27,36667	58,0
27,38333	58,1
27,40000	58,1
27,41667	58,4
27,43333	58,4
27,45000	58,4
27,46667	58,6
27,48333	58,8
27,50000	58,8
27,51667	59,0
27,53333	59,0
27,55000	59,2
27,56667	59,3
27,58333	59,3
27,60000	59,5
27,61667	59,7
27,63333	59,8
27,65000	59,8
27,66667	60,0
27,68333	60,1
27,70000	60,2
27,71667	60,4
27,73333	60,4
27,75000	60,5
27,76667	60,7
27,78333	60,8
27,80000	60,9
27,81667	61,1
27,83333	61,2
27,85000	61,4
27,86667	61,5
27,88333	61,7
27,90000	61,7
27,91667	62,0
27,93333	62,0
27,95000	62,1
27,96667	62,2
27,98333	62,3
28,00000	62,4
28,01667	62,6
28,03333	62,7
28,05000	62,7
28,06667	63,0
28,08333	63,0
28,10000	63,0
28,11667	63,3
28,13333	63,3
28,15000	63,4
28,16667	63,6
28,18333	63,7
28,20000	63,8
28,21667	64,0
28,23333	64,0
28,25000	64,2
28,26667	64,3
28,28333	64,4
28,30000	64,4
28,31667	64,6
28,33333	64,6
28,35000	64,8
28,36667	65,0
28,38333	65,0
28,40000	65,0
28,41667	65,3
28,43333	65,4
28,45000	65,4
28,46667	65,6
28,48333	65,6
28,50000	65,7
28,51667	65,9
28,53333	66,0
28,55000	66,0
28,56667	66,2
28,58333	66,3
28,60000	66,4
28,61667	66,5
28,63333	66,5
28,65000	66,6
28,66667	66,8
28,68333	66,9
28,70000	66,9
28,71667	67,1
28,73333	67,2
28,75000	67,2
28,76667	67,4
28,78333	67,4
28,80000	67,5
28,81667	67,7
28,83333	67,8
28,85000	67,8
28,86667	68,1
28,88333	68,1
28,90000	68,2
28,91667	68,4
28,93333	68,4
28,95000	68,4
28,96667	68,6
28,98333	68,7
29,00000	68,7
29,01667	68,9
29,03333	69,0
29,05000	69,0
29,06667	69,2
29,08333	69,2
29,10000	69,3
29,11667	69,6
29,13333	69,6
29,15000	69,6
29,16667	69,8
29,18333	69,8
29,20000	69,8
29,21667	70,0
29,23333	70,1
29,25000	70,1
29,26667	70,3
29,28333	70,4
29,30000	70,4
29,31667	70,5
29,33333	70,5
29,35000	70,6
29,36667	70,8
29,38333	70,8
29,40000	70,8
29,41667	70,9
29,43333	70,9
29,45000	71,0
29,46667	71,2
29,48333	71,3
29,50000	71,2
29,51667	71,5
29,53333	71,5
29,55000	71,5
29,56667	71,7
29,58333	71,7
29,60000	71,8
29,61667	72,0
29,63333	72,2
29,65000	72,2
29,66667	72,4
29,68333	72,4
29,70000	72,4
29,71667	72,7
29,73333	72,8
29,75000	72,8
29,76667	73,1
29,78333	73,2
29,80000	73,2
29,81667	73,4
29,83333	73,5
29,85000	73,6
29,86667	73,8
29,88333	73,8
29,90000	73,9
29,91667	74,2
29,93333	74,1
29,95000	74,2
29,96667	74,5
29,98333	74,5
30,00000	74,6
30,01667	74,8
30,03333	74,9
30,05000	74,9
30,06667	75,0
30,08333	75,1
30,10000	75,1
30,11667	75,3
30,13333	75,4
30,15000	75,4
30,16667	75,6
30,18333	75,7
30,20000	75,7
30,21667	75,9
30,23333	75,9
30,25000	76,0
30,26667	76,1
30,28333	76,1
30,30000	76,2
30,31667	76,3
30,33333	76,4
30,35000	76,4
30,36667	76,6
30,38333	76,7
30,40000	76,7
30,41667	76,7
30,43333	76,8
30,45000	76,8
30,46667	77,0
30,48333	77,0
30,50000	77,1
30,51667	77,2
30,53333	77,3
30,55000	77,3
30,56667	77,4
30,58333	77,5
30,60000	77,5
30,61667	77,6
30,63333	77,7
30,65000	77,7
30,66667	77,7
30,68333	77,7
30,70000	77,8
30,71667	77,9
30,73333	78,0
30,75000	78,0
30,76667	78,2
30,78333	78,1
30,80000	78,1
30,81667	78,2
30,83333	78,3
30,85000	78,3
30,86667	78,4
30,88333	78,4
30,90000	78,5
30,91667	78,5
30,93333	78,5
30,95000	78,6
30,96667	78,7
30,98333	78,7
31,00000	78,7
31,01667	78,8
31,03333	78,8
31,05000	78,9
31,06667	78,9
31,08333	79,0
31,10000	79,0
31,11667	79,1
31,13333	79,1
31,15000	79,1
31,16667	79,2
31,18333	79,2
31,20000	79,2
31,21667	79,3
31,23333	79,4
31,25000	79,4
31,26667	79,4
31,28333	79,4
31,30000	79,4
31,31667	79,6
31,33333	79,6
31,35000	79,6
31,36667	79,7
31,38333	79,7
31,40000	79,7
31,41667	79,7
31,43333	79,7
31,45000	79,7
31,46667	79,8
31,48333	79,9
31,50000	79,9
31,51667	79,9
31,53333	80,0
31,55000	80,0
31,56667	80,0
31,58333	80,0
31,60000	80,1
31,61667	80,1
31,63333	80,2
31,65000	80,2
31,66667	80,2
31,68333	80,2
31,70000	80,2
31,71667	80,3
31,73333	80,3
31,75000	80,3
31,76667	80,3
31,78333	80,3
31,80000	80,4
31,81667	80,5
31,83333	80,5
31,85000	80,5
31,86667	80,6
31,88333	80,5
31,90000	80,5
31,91667	80,5
31,93333	80,5
31,95000	80,5
31,96667	80,6
31,98333	80,6
32,00000	80,6

[LC Status Trace(Pump A Degasser Pressure)]
Interval(msec)	1000
# of Points	1921
Start Time(min)	0,000
End Time(min)	32,000
Intensity Units	bar
Intensity Multiplier	0,980665
R.Time (min)	Intensity
0,00000	954,4
0,01667	954,4
0,03333	954,4
0,05000	954,4
0,06667	953,4
0,08333	953,4
0,10000	953,4
0,11667	953,4
0,13333	953,4
0,15000	953,4
0,16667	953,4
0,18333	953,4
0,20000	953,4
0,21667	953,4
0,23333	953,4
0,25000	953,4
0,26667	953,4
0,28333	953,4
0,30000	953,4
0,31667	952,4
0,33333	952,4
0,35000	952,4
0,36667	954,4
0,38333	954,4
0,40000	954,4
0,41667	953,4
0,43333	953,4
0,45000	953,4
0,46667	952,4
0,48333	952,4
0,50000	952,4
0,51667	954,4
0,53333	954,4
0,55000	953,4
0,56667	953,4
0,58333	953,4
0,60000	953,4
0,61667	954,4
0,63333	954,4
0,65000	954,4
0,66667	953,4
0,68333	953,4
0,70000	953,4
0,71667	952,4
0,73333	952,4
0,75000	952,4
0,76667	954,4
0,78333	954,4
0,80000	954,4
0,81667	953,4
0,83333	953,4
0,85000	953,4
0,86667	954,4
0,88333	954,4
0,90000	954,4
0,91667	953,4
0,93333	953,4
0,95000	953,4
0,96667	953,4
0,98333	953,4
1,00000	953,4
1,01667	954,4
1,03333	954,4
1,05000	954,4
1,06667	954,4
1,08333	954,4
1,10000	954,4
1,11667	953,4
1,13333	953,4
1,15000	953,4
1,16667	953,4
1,18333	953,4
1,20000	953,4
1,21667	953,4
1,23333	953,4
1,25000	954,4
1,26667	954,4
1,28333	954,4
1,30000	954,4
1,31667	954,4
1,33333	954,4
1,35000	953,4
1,36667	953,4
1,38333	953,4
1,40000	953,4
1,41667	954,4
1,43333	954,4
1,45000	954,4
1,46667	953,4
1,48333	953,4
1,50000	953,4
1,51667	953,4
1,53333	953,4
1,55000	953,4
1,56667	954,4
1,58333	954,4
1,60000	954,4
1,61667	954,4
1,63333	954,4
1,65000	953,4
1,66667	953,4
1,68333	953,4
1,70000	953,4
1,71667	953,4
1,73333	953,4
1,75000	953,4
1,76667	954,4
1,78333	954,4
1,80000	954,4
1,81667	954,4
1,83333	954,4
1,85000	954,4
1,86667	952,4
1,88333	952,4
1,90000	952,4
1,91667	954,4
1,93333	954,4
1,95000	954,4
1,96667	953,4
1,98333	953,4
2,00000	953,4
2,01667	953,4
2,03333	953,4
2,05000	953,4
2,06667	954,4
2,08333	954,4
2,10000	954,4
2,11667	953,4
2,13333	953,4
2,15000	953,4
2,16667	953,4
2,18333	953,4
2,20000	953,4
2,21667	953,4
2,23333	953,4
2,25000	953,4
2,26667	954,4
2,28333	954,4
2,30000	954,4
2,31667	953,4
2,33333	953,4
2,35000	953,4
2,36667	953,4
2,38333	953,4
2,40000	953,4
2,41667	954,4
2,43333	954,4
2,45000	953,4
2,46667	953,4
2,48333	953,4
2,50000	953,4
2,51667	954,4
2,53333	954,4
2,55000	954,4
2,56667	952,4
2,58333	952,4
2,60000	952,4
2,61667	954,4
2,63333	954,4
2,65000	954,4
2,66667	953,4
2,68333	953,4
2,70000	953,4
2,71667	953,4
2,73333	953,4
2,75000	953,4
2,76667	953,4
2,78333	953,4
2,80000	953,4
2,81667	953,4
2,83333	953,4
2,85000	954,4
2,86667	954,4
2,88333	954,4
2,90000	954,4
2,91667	952,4
2,93333	952,4
2,95000	952,4
2,96667	954,4
2,98333	954,4
3,00000	954,4
3,01667	953,4
3,03333	953,4
3,05000	953,4
3,06667	953,4
3,08333	953,4
3,10000	953,4
3,11667	953,4
3,13333	953,4
3,15000	953,4
3,16667	953,4
3,18333	953,4
3,20000	953,4
3,21667	953,4
3,23333	953,4
3,25000	953,4
3,26667	953,4
3,28333	953,4
3,30000	953,4
3,31667	954,4
3,33333	954,4
3,35000	954,4
3,36667	954,4
3,38333	954,4
3,40000	954,4
3,41667	953,4
3,43333	953,4
3,45000	953,4
3,46667	954,4
3,48333	954,4
3,50000	954,4
3,51667	953,4
3,53333	953,4
3,55000	953,4
3,56667	953,4
3,58333	953,4
3,60000	953,4
3,61667	953,4
3,63333	953,4
3,65000	953,4
3,66667	954,4
3,68333	954,4
3,70000	954,4
3,71667	953,4
3,73333	953,4
3,75000	953,4
3,76667	953,4
3,78333	953,4
3,80000	953,4
3,81667	954,4
3,83333	954,4
3,85000	954,4
3,86667	953,4
3,88333	953,4
3,90000	953,4
3,91667	954,4
3,93333	954,4
3,95000	952,4
3,96667	952,4
3,98333	952,4
4,00000	952,4
4,01667	954,4
4,03333	954,4
4,05000	953,4
4,06667	953,4
4,08333	953,4
4,10000	953,4
4,11667	953,4
4,13333	953,4
4,15000	953,4
4,16667	953,4
4,18333	953,4
4,20000	953,4
4,21667	954,4
4,23333	954,4
4,25000	954,4
4,26667	953,4
4,28333	953,4
4,30000	953,4
4,31667	952,4
4,33333	952,4
4,35000	952,4
4,36667	953,4
4,38333	953,4
4,40000	953,4
4,41667	953,4
4,43333	953,4
4,45000	953,4
4,46667	952,4
4,48333	952,4
4,50000	952,4
4,51667	954,4
4,53333	954,4
4,55000	954,4
4,56667	953,4
4,58333	953,4
4,60000	953,4
4,61667	953,4
4,63333	953,4
4,65000	953,4
4,66667	953,4
4,68333	953,4
4,70000	953,4
4,71667	953,4
4,73333	953,4
4,75000	953,4
4,76667	954,4
4,78333	954,4
4,80000	954,4
4,81667	953,4
4,83333	953,4
4,85000	953,4
4,86667	954,4
4,88333	954,4
4,90000	954,4
4,91667	953,4
4,93333	953,4
4,95000	953,4
4,96667	953,4
4,98333	953,4
5,00000	953,4
5,01667	953,4
5,03333	953,4
5,05000	953,4
5,06667	954,4
5,08333	954,4
5,10000	954,4
5,11667	953,4
5,13333	953,4
5,15000	953,4
5,16667	953,4
5,18333	953,4
5,20000	953,4
5,21667	953,4
5,23333	953,4
5,25000	953,4
5,26667	953,4
5,28333	953,4
5,30000	953,4
5,31667	954,4
5,33333	954,4
5,35000	954,4
5,36667	952,4
5,38333	952,4
5,40000	952,4
5,41667	954,4
5,43333	954,4
5,45000	954,4
5,46667	953,4
5,48333	953,4
5,50000	953,4
5,51667	953,4
5,53333	953,4
5,55000	953,4
5,56667	953,4
5,58333	953,4
5,60000	953,4
5,61667	954,4
5,63333	954,4
5,65000	954,4
5,66667	953,4
5,68333	953,4
5,70000	953,4
5,71667	953,4
5,73333	953,4
5,75000	953,4
5,76667	954,4
5,78333	954,4
5,80000	954,4
5,81667	953,4
5,83333	953,4
5,85000	953,4
5,86667	953,4
5,88333	953,4
5,90000	953,4
5,91667	953,4
5,93333	953,4
5,95000	954,4
5,96667	954,4
5,98333	954,4
6,00000	954,4
6,01667	954,4
6,03333	954,4
6,05000	954,4
6,06667	952,4
6,08333	952,4
6,10000	952,4
6,11667	954,4
6,13333	954,4
6,15000	954,4
6,16667	953,4
6,18333	953,4
6,20000	953,4
6,21667	953,4
6,23333	953,4
6,25000	953,4
6,26667	953,4
6,28333	953,4
6,30000	953,4
6,31667	954,4
6,33333	954,4
6,35000	954,4
6,36667	954,4
6,38333	954,4
6,40000	954,4
6,41667	952,4
6,43333	952,4
6,45000	952,4
6,46667	954,4
6,48333	954,4
6,50000	954,4
6,51667	953,4
6,53333	953,4
6,55000	953,4
6,56667	952,4
6,58333	952,4
6,60000	952,4
6,61667	954,4
6,63333	954,4
6,65000	953,4
6,66667	953,4
6,68333	953,4
6,70000	953,4
6,71667	953,4
6,73333	953,4
6,75000	953,4
6,76667	953,4
6,78333	953,4
6,80000	953,4
6,81667	954,4
6,83333	954,4
6,85000	954,4
6,86667	953,4
6,88333	953,4
6,90000	953,4
6,91667	952,4
6,93333	952,4
6,95000	952,4
6,96667	954,4
6,98333	954,4
7,00000	954,4
7,01667	953,4
7,03333	953,4
7,05000	953,4
7,06667	953,4
7,08333	953,4
7,10000	953,4
7,11667	954,4
7,13333	954,4
7,15000	954,4
7,16667	953,4
7,18333	953,4
7,20000	953,4
7,21667	953,4
7,23333	953,4
7,25000	953,4
7,26667	953,4
7,28333	953,4
7,30000	953,4
7,31667	953,4
7,33333	953,4
7,35000	953,4
7,36667	954,4
7,38333	954,4
7,40000	954,4
7,41667	953,4
7,43333	953,4
7,45000	953,4
7,46667	954,4
7,48333	954,4
7,50000	954,4
7,51667	953,4
7,53333	953,4
7,55000	953,4
7,56667	952,4
7,58333	952,4
7,60000	952,4
7,61667	954,4
7,63333	954,4
7,65000	954,4
7,66667	953,4
7,68333	953,4
7,70000	953,4
7,71667	953,4
7,73333	953,4
7,75000	953,4
7,76667	953,4
7,78333	953,4
7,80000	953,4
7,81667	953,4
7,83333	953,4
7,85000	953,4
7,86667	954,4
7,88333	954,4
7,90000	954,4
7,91667	953,4
7,93333	953,4
7,95000	953,4
7,96667	954,4
7,98333	954,4
8,00000	954,4
8,01667	953,4
8,03333	953,4
8,05000	953,4
8,06667	952,4
8,08333	952,4
8,10000	952,4
8,11667	954,4
8,13333	954,4
8,15000	954,4
8,16667	954,4
8,18333	954,4
8,20000	954,4
8,21667	953,4
8,23333	953,4
8,25000	954,4
8,26667	954,4
8,28333	954,4
8,30000	954,4
8,31667	953,4
8,33333	953,4
8,35000	953,4
8,36667	954,4
8,38333	954,4
8,40000	954,4
8,41667	953,4
8,43333	953,4
8,45000	953,4
8,46667	954,4
8,48333	954,4
8,50000	954,4
8,51667	953,4
8,53333	953,4
8,55000	953,4
8,56667	952,4
8,58333	952,4
8,60000	952,4
8,61667	954,4
8,63333	954,4
8,65000	954,4
8,66667	953,4
8,68333	953,4
8,70000	953,4
8,71667	953,4
8,73333	953,4
8,75000	953,4
8,76667	954,4
8,78333	954,4
8,80000	954,4
8,81667	953,4
8,83333	953,4
8,85000	953,4
8,86667	954,4
8,88333	954,4
8,90000	954,4
8,91667	952,4
8,93333	952,4
8,95000	952,4
8,96667	954,4
8,98333	954,4
9,00000	954,4
9,01667	953,4
9,03333	953,4
9,05000	953,4
9,06667	953,4
9,08333	953,4
9,10000	953,4
9,11667	953,4
9,13333	953,4
9,15000	953,4
9,16667	953,4
9,18333	953,4
9,20000	953,4
9,21667	953,4
9,23333	953,4
9,25000	953,4
9,26667	953,4
9,28333	953,4
9,30000	953,4
9,31667	954,4
9,33333	954,4
9,35000	954,4
9,36667	954,4
9,38333	954,4
9,40000	954,4
9,41667	952,4
9,43333	952,4
9,45000	954,4
9,46667	954,4
9,48333	954,4
9,50000	954,4
9,51667	953,4
9,53333	953,4
9,55000	953,4
9,56667	952,4
9,58333	952,4
9,60000	952,4
9,61667	954,4
9,63333	954,4
9,65000	954,4
9,66667	953,4
9,68333	953,4
9,70000	953,4
9,71667	953,4
9,73333	953,4
9,75000	953,4
9,76667	953,4
9,78333	953,4
9,80000	953,4
9,81667	954,4
9,83333	954,4
9,85000	954,4
9,86667	954,4
9,88333	954,4
9,90000	954,4
9,91667	953,4
9,93333	953,4
9,95000	953,4
9,96667	954,4
9,98333	954,4
10,00000	954,4
10,01667	953,4
10,03333	953,4
10,05000	953,4
10,06667	953,4
10,08333	953,4
10,10000	953,4
10,11667	952,4
10,13333	952,4
10,15000	954,4
10,16667	954,4
10,18333	954,4
10,20000	954,4
10,21667	953,4
10,23333	953,4
10,25000	953,4
10,26667	953,4
10,28333	953,4
10,30000	953,4
10,31667	953,4
10,33333	953,4
10,35000	953,4
10,36667	953,4
10,38333	953,4
10,40000	953,4
10,41667	953,4
10,43333	953,4
10,45000	953,4
10,46667	954,4
10,48333	954,4
10,50000	954,4
10,51667	954,4
10,53333	954,4
10,55000	953,4
10,56667	953,4
10,58333	953,4
10,60000	953,4
10,61667	954,4
10,63333	954,4
10,65000	954,4
10,66667	953,4
10,68333	953,4
10,70000	953,4
10,71667	953,4
10,73333	953,4
10,75000	953,4
10,76667	953,4
10,78333	953,4
10,80000	953,4
10,81667	954,4
10,83333	954,4
10,85000	954,4
10,86667	954,4
10,88333	954,4
10,90000	954,4
10,91667	953,4
10,93333	953,4
10,95000	953,4
10,96667	954,4
10,98333	954,4
11,00000	954,4
11,01667	953,4
11,03333	953,4
11,05000	953,4
11,06667	952,4
11,08333	952,4
11,10000	952,4
11,11667	954,4
11,13333	954,4
11,15000	954,4
11,16667	954,4
11,18333	954,4
11,20000	954,4
11,21667	953,4
11,23333	953,4
11,25000	953,4
11,26667	954,4
11,28333	954,4
11,30000	954,4
11,31667	953,4
11,33333	953,4
11,35000	953,4
11,36667	953,4
11,38333	953,4
11,40000	953,4
11,41667	954,4
11,43333	954,4
11,45000	954,4
11,46667	954,4
11,48333	954,4
11,50000	954,4
11,51667	954,4
11,53333	954,4
11,55000	954,4
11,56667	953,4
11,58333	953,4
11,60000	953,4
11,61667	954,4
11,63333	954,4
11,65000	954,4
11,66667	953,4
11,68333	953,4
11,70000	953,4
11,71667	953,4
11,73333	953,4
11,75000	953,4
11,76667	952,4
11,78333	952,4
11,80000	952,4
11,81667	954,4
11,83333	954,4
11,85000	954,4
11,86667	953,4
11,88333	953,4
11,90000	953,4
11,91667	953,4
11,93333	953,4
11,95000	953,4
11,96667	953,4
11,98333	953,4
12,00000	953,4
12,01667	953,4
12,03333	953,4
12,05000	953,4
12,06667	953,4
12,08333	953,4
12,10000	953,4
12,11667	952,4
12,13333	952,4
12,15000	952,4
12,16667	954,4
12,18333	954,4
12,20000	954,4
12,21667	953,4
12,23333	953,4
12,25000	953,4
12,26667	953,4
12,28333	953,4
12,30000	953,4
12,31667	954,4
12,33333	954,4
12,35000	954,4
12,36667	954,4
12,38333	954,4
12,40000	954,4
12,41667	952,4
12,43333	952,4
12,45000	952,4
12,46667	954,4
12,48333	954,4
12,50000	954,4
12,51667	953,4
12,53333	953,4
12,55000	953,4
12,56667	953,4
12,58333	953,4
12,60000	953,4
12,61667	954,4
12,63333	954,4
12,65000	954,4
12,66667	953,4
12,68333	953,4
12,70000	953,4
12,71667	953,4
12,73333	953,4
12,75000	953,4
12,76667	953,4
12,78333	953,4
12,80000	953,4
12,81667	953,4
12,83333	953,4
12,85000	953,4
12,86667	954,4
12,88333	954,4
12,90000	954,4
12,91667	953,4
12,93333	953,4
12,95000	953,4
12,96667	954,4
12,98333	954,4
13,00000	954,4
13,01667	953,4
13,03333	953,4
13,05000	953,4
13,06667	952,4
13,08333	952,4
13,10000	952,4
13,11667	954,4
13,13333	954,4
13,15000	954,4
13,16667	953,4
13,18333	953,4
13,20000	953,4
13,21667	953,4
13,23333	953,4
13,25000	953,4
13,26667	954,4
13,28333	954,4
13,30000	954,4
13,31667	953,4
13,33333	953,4
13,35000	953,4
13,36667	953,4
13,38333	953,4
13,40000	953,4
13,41667	953,4
13,43333	953,4
13,45000	953,4
13,46667	953,4
13,48333	953,4
13,50000	953,4
13,51667	954,4
13,53333	954,4
13,55000	954,4
13,56667	953,4
13,58333	953,4
13,60000	953,4
13,61667	954,4
13,63333	954,4
13,65000	954,4
13,66667	953,4
13,68333	953,4
13,70000	953,4
13,71667	953,4
13,73333	953,4
13,75000	953,4
13,76667	954,4
13,78333	954,4
13,80000	954,4
13,81667	953,4
13,83333	953,4
13,85000	953,4
13,86667	953,4
13,88333	953,4
13,90000	953,4
13,91667	953,4
13,93333	953,4
13,95000	953,4
13,96667	953,4
13,98333	953,4
14,00000	953,4
14,01667	953,4
14,03333	953,4
14,05000	953,4
14,06667	953,4
14,08333	953,4
14,10000	953,4
14,11667	954,4
14,13333	954,4
14,15000	954,4
14,16667	954,4
14,18333	954,4
14,20000	954,4
14,21667	953,4
14,23333	953,4
14,25000	953,4
14,26667	954,4
14,28333	954,4
14,30000	954,4
14,31667	954,4
14,33333	954,4
14,35000	954,4
14,36667	953,4
14,38333	953,4
14,40000	953,4
14,41667	954,4
14,43333	954,4
14,45000	954,4
14,46667	953,4
14,48333	953,4
14,50000	953,4
14,51667	953,4
14,53333	953,4
14,55000	953,4
14,56667	953,4
14,58333	953,4
14,60000	953,4
14,61667	954,4
14,63333	954,4
14,65000	954,4
14,66667	954,4
14,68333	954,4
14,70000	954,4
14,71667	953,4
14,73333	953,4
14,75000	953,4
14,76667	952,4
14,78333	952,4
14,80000	952,4
14,81667	954,4
14,83333	954,4
14,85000	954,4
14,86667	953,4
14,88333	953,4
14,90000	953,4
14,91667	952,4
14,93333	952,4
14,95000	952,4
14,96667	953,4
14,98333	953,4
15,00000	953,4
15,01667	953,4
15,03333	953,4
15,05000	953,4
15,06667	954,4
15,08333	954,4
15,10000	954,4
15,11667	953,4
15,13333	953,4
15,15000	953,4
15,16667	954,4
15,18333	954,4
15,20000	954,4
15,21667	953,4
15,23333	953,4
15,25000	953,4
15,26667	953,4
15,28333	953,4
15,30000	953,4
15,31667	954,4
15,33333	954,4
15,35000	954,4
15,36667	953,4
15,38333	953,4
15,40000	953,4
15,41667	953,4
15,43333	953,4
15,45000	953,4
15,46667	953,4
15,48333	953,4
15,50000	953,4
15,51667	953,4
15,53333	953,4
15,55000	953,4
15,56667	953,4
15,58333	953,4
15,60000	953,4
15,61667	953,4
15,63333	953,4
15,65000	953,4
15,66667	954,4
15,68333	954,4
15,70000	954,4
15,71667	954,4
15,73333	954,4
15,75000	954,4
15,76667	952,4
15,78333	952,4
15,80000	952,4
15,81667	954,4
15,83333	954,4
15,85000	954,4
15,86667	954,4
15,88333	954,4
15,90000	954,4
15,91667	953,4
15,93333	953,4
15,95000	953,4
15,96667	954,4
15,98333	954,4
16,00000	954,4
16,01667	953,4
16,03333	953,4
16,05000	953,4
16,06667	953,4
16,08333	953,4
16,10000	953,4
16,11667	953,4
16,13333	953,4
16,15000	953,4
16,16667	954,4
16,18333	954,4
16,20000	954,4
16,21667	954,4
16,23333	954,4
16,25000	954,4
16,26667	953,4
16,28333	953,4
16,30000	953,4
16,31667	954,4
16,33333	954,4
16,35000	954,4
16,36667	953,4
16,38333	953,4
16,40000	953,4
16,41667	953,4
16,43333	953,4
16,45000	953,4
16,46667	954,4
16,48333	954,4
16,50000	954,4
16,51667	953,4
16,53333	953,4
16,55000	953,4
16,56667	953,4
16,58333	953,4
16,60000	953,4
16,61667	953,4
16,63333	953,4
16,65000	953,4
16,66667	954,4
16,68333	954,4
16,70000	954,4
16,71667	954,4
16,73333	954,4
16,75000	952,4
16,76667	952,4
16,78333	952,4
16,80000	952,4
16,81667	954,4
16,83333	954,4
16,85000	954,4
16,86667	953,4
16,88333	953,4
16,90000	953,4
16,91667	953,4
16,93333	953,4
16,95000	953,4
16,96667	954,4
16,98333	954,4
17,00000	954,4
17,01667	953,4
17,03333	953,4
17,05000	953,4
17,06667	953,4
17,08333	953,4
17,10000	953,4
17,11667	953,4
17,13333	953,4
17,15000	953,4
17,16667	954,4
17,18333	954,4
17,20000	954,4
17,21667	953,4
17,23333	953,4
17,25000	953,4
17,26667	953,4
17,28333	953,4
17,30000	953,4
17,31667	954,4
17,33333	954,4
17,35000	954,4
17,36667	953,4
17,38333	953,4
17,40000	953,4
17,41667	953,4
17,43333	953,4
17,45000	953,4
17,46667	953,4
17,48333	953,4
17,50000	953,4
17,51667	954,4
17,53333	954,4
17,55000	954,4
17,56667	954,4
17,58333	954,4
17,60000	954,4
17,61667	952,4
17,63333	952,4
17,65000	952,4
17,66667	954,4
17,68333	954,4
17,70000	954,4
17,71667	953,4
17,73333	953,4
17,75000	953,4
17,76667	953,4
17,78333	953,4
17,80000	953,4
17,81667	953,4
17,83333	953,4
17,85000	953,4
17,86667	954,4
17,88333	954,4
17,90000	954,4
17,91667	954,4
17,93333	954,4
17,95000	954,4
17,96667	952,4
17,98333	952,4
18,00000	952,4
18,01667	954,4
18,03333	954,4
18,05000	954,4
18,06667	953,4
18,08333	953,4
18,10000	953,4
18,11667	953,4
18,13333	953,4
18,15000	953,4
18,16667	954,4
18,18333	954,4
18,20000	954,4
18,21667	953,4
18,23333	953,4
18,25000	953,4
18,26667	953,4
18,28333	953,4
18,30000	953,4
18,31667	953,4
18,33333	953,4
18,35000	953,4
18,36667	954,4
18,38333	954,4
18,40000	954,4
18,41667	954,4
18,43333	954,4
18,45000	954,4
18,46667	952,4
18,48333	952,4
18,50000	952,4
18,51667	954,4
18,53333	954,4
18,55000	954,4
18,56667	953,4
18,58333	953,4
18,60000	953,4
18,61667	953,4
18,63333	953,4
18,65000	953,4
18,66667	954,4
18,68333	954,4
18,70000	954,4
18,71667	953,4
18,73333	953,4
18,75000	953,4
18,76667	953,4
18,78333	953,4
18,80000	953,4
18,81667	953,4
18,83333	953,4
18,85000	953,4
18,86667	953,4
18,88333	953,4
18,90000	953,4
18,91667	954,4
18,93333	954,4
18,95000	954,4
18,96667	953,4
18,98333	953,4
19,00000	953,4
19,01667	954,4
19,03333	954,4
19,05000	954,4
19,06667	953,4
19,08333	953,4
19,10000	953,4
19,11667	952,4
19,13333	952,4
19,15000	952,4
19,16667	954,4
19,18333	954,4
19,20000	954,4
19,21667	953,4
19,23333	953,4
19,25000	953,4
19,26667	953,4
19,28333	953,4
19,30000	953,4
19,31667	954,4
19,33333	954,4
19,35000	954,4
19,36667	953,4
19,38333	953,4
19,40000	953,4
19,41667	953,4
19,43333	953,4
19,45000	953,4
19,46667	953,4
19,48333	953,4
19,50000	953,4
19,51667	954,4
19,53333	954,4
19,55000	954,4
19,56667	954,4
19,58333	954,4
19,60000	954,4
19,61667	953,4
19,63333	953,4
19,65000	953,4
19,66667	954,4
19,68333	954,4
19,70000	954,4
19,71667	953,4
19,73333	953,4
19,75000	953,4
19,76667	953,4
19,78333	953,4
19,80000	953,4
19,81667	954,4
19,83333	954,4
19,85000	954,4
19,86667	954,4
19,88333	954,4
19,90000	954,4
19,91667	953,4
19,93333	953,4
19,95000	953,4
19,96667	953,4
19,98333	953,4
20,00000	953,4
20,01667	954,4
20,03333	954,4
20,05000	954,4
20,06667	953,4
20,08333	953,4
20,10000	953,4
20,11667	952,4
20,13333	952,4
20,15000	952,4
20,16667	954,4
20,18333	954,4
20,20000	954,4
20,21667	953,4
20,23333	953,4
20,25000	953,4
20,26667	953,4
20,28333	953,4
20,30000	953,4
20,31667	954,4
20,33333	954,4
20,35000	954,4
20,36667	953,4
20,38333	953,4
20,40000	953,4
20,41667	953,4
20,43333	953,4
20,45000	953,4
20,46667	953,4
20,48333	953,4
20,50000	953,4
20,51667	953,4
20,53333	953,4
20,55000	953,4
20,56667	954,4
20,58333	954,4
20,60000	954,4
20,61667	953,4
20,63333	953,4
20,65000	953,4
20,66667	954,4
20,68333	954,4
20,70000	954,4
20,71667	953,4
20,73333	953,4
20,75000	953,4
20,76667	952,4
20,78333	952,4
20,80000	952,4
20,81667	954,4
20,83333	954,4
20,85000	954,4
20,86667	953,4
20,88333	953,4
20,90000	953,4
20,91667	953,4
20,93333	953,4
20,95000	953,4
20,96667	954,4
20,98333	954,4
21,00000	954,4
21,01667	953,4
21,03333	953,4
21,05000	953,4
21,06667	953,4
21,08333	953,4
21,10000	953,4
21,11667	953,4
21,13333	953,4
21,15000	953,4
21,16667	954,4
21,18333	954,4
21,20000	954,4
21,21667	953,4
21,23333	953,4
21,25000	953,4
21,26667	953,4
21,28333	953,4
21,30000	953,4
21,31667	954,4
21,33333	954,4
21,35000	954,4
21,36667	953,4
21,38333	953,4
21,40000	953,4
21,41667	952,4
21,43333	952,4
21,45000	952,4
21,46667	954,4
21,48333	954,4
21,50000	954,4
21,51667	953,4
21,53333	953,4
21,55000	953,4
21,56667	953,4
21,58333	953,4
21,60000	953,4
21,61667	954,4
21,63333	954,4
21,65000	954,4
21,66667	953,4
21,68333	953,4
21,70000	953,4
21,71667	953,4
21,73333	953,4
21,75000	953,4
21,76667	954,4
21,78333	954,4
21,80000	954,4
21,81667	953,4
21,83333	953,4
21,85000	953,4
21,86667	954,4
21,88333	954,4
21,90000	954,4
21,91667	953,4
21,93333	953,4
21,95000	953,4
21,96667	953,4
21,98333	953,4
22,00000	953,4
22,01667	953,4
22,03333	953,4
22,05000	953,4
22,06667	953,4
22,08333	953,4
22,10000	953,4
22,11667	954,4
22,13333	954,4
22,15000	954,4
22,16667	953,4
22,18333	953,4
22,20000	953,4
22,21667	953,4
22,23333	953,4
22,25000	953,4
22,26667	954,4
22,28333	954,4
22,30000	954,4
22,31667	954,4
22,33333	954,4
22,35000	954,4
22,36667	952,4
22,38333	952,4
22,40000	952,4
22,41667	954,4
22,43333	954,4
22,45000	954,4
22,46667	953,4
22,48333	953,4
22,50000	953,4
22,51667	952,4
22,53333	952,4
22,55000	952,4
22,56667	954,4
22,58333	954,4
22,60000	954,4
22,61667	954,4
22,63333	954,4
22,65000	954,4
22,66667	952,4
22,68333	952,4
22,70000	952,4
22,71667	954,4
22,73333	954,4
22,75000	954,4
22,76667	953,4
22,78333	953,4
22,80000	953,4
22,81667	953,4
22,83333	953,4
22,85000	953,4
22,86667	954,4
22,88333	954,4
22,90000	954,4
22,91667	953,4
22,93333	953,4
22,95000	953,4
22,96667	952,4
22,98333	952,4
23,00000	952,4
23,01667	954,4
23,03333	954,4
23,05000	954,4
23,06667	953,4
23,08333	953,4
23,10000	953,4
23,11667	953,4
23,13333	953,4
23,15000	953,4
23,16667	954,4
23,18333	954,4
23,20000	954,4
23,21667	954,4
23,23333	954,4
23,25000	954,4
23,26667	953,4
23,28333	953,4
23,30000	953,4
23,31667	954,4
23,33333	954,4
23,35000	954,4
23,36667	953,4
23,38333	953,4
23,40000	953,4
23,41667	953,4
23,43333	953,4
23,45000	953,4
23,46667	954,4
23,48333	954,4
23,50000	954,4
23,51667	954,4
23,53333	954,4
23,55000	954,4
23,56667	952,4
23,58333	952,4
23,60000	952,4
23,61667	954,4
23,63333	954,4
23,65000	954,4
23,66667	954,4
23,68333	954,4
23,70000	954,4
23,71667	952,4
23,73333	952,4
23,75000	952,4
23,76667	954,4
23,78333	954,4
23,80000	954,4
23,81667	953,4
23,83333	953,4
23,85000	953,4
23,86667	953,4
23,88333	953,4
23,90000	953,4
23,91667	954,4
23,93333	954,4
23,95000	954,4
23,96667	953,4
23,98333	953,4
24,00000	953,4
24,01667	953,4
24,03333	953,4
24,05000	953,4
24,06667	954,4
24,08333	954,4
24,10000	954,4
24,11667	954,4
24,13333	954,4
24,15000	954,4
24,16667	953,4
24,18333	953,4
24,20000	953,4
24,21667	954,4
24,23333	954,4
24,25000	954,4
24,26667	953,4
24,28333	953,4
24,30000	953,4
24,31667	952,4
24,33333	952,4
24,35000	952,4
24,36667	954,4
24,38333	954,4
24,40000	954,4
24,41667	954,4
24,43333	954,4
24,45000	954,4
24,46667	952,4
24,48333	952,4
24,50000	952,4
24,51667	954,4
24,53333	954,4
24,55000	954,4
24,56667	954,4
24,58333	954,4
24,60000	954,4
24,61667	952,4
24,63333	952,4
24,65000	952,4
24,66667	954,4
24,68333	954,4
24,70000	954,4
24,71667	953,4
24,73333	953,4
24,75000	953,4
24,76667	952,4
24,78333	952,4
24,80000	952,4
24,81667	954,4
24,83333	954,4
24,85000	954,4
24,86667	953,4
24,88333	953,4
24,90000	953,4
24,91667	952,4
24,93333	952,4
24,95000	954,4
24,96667	954,4
24,98333	954,4
25,00000	954,4
25,01667	954,4
25,03333	954,4
25,05000	954,4
25,06667	953,4
25,08333	953,4
25,10000	953,4
25,11667	954,4
25,13333	954,4
25,15000	954,4
25,16667	953,4
25,18333	953,4
25,20000	953,4
25,21667	953,4
25,23333	953,4
25,25000	953,4
25,26667	953,4
25,28333	953,4
25,30000	953,4
25,31667	953,4
25,33333	953,4
25,35000	953,4
25,36667	954,4
25,38333	954,4
25,40000	954,4
25,41667	953,4
25,43333	953,4
25,45000	953,4
25,46667	954,4
25,48333	954,4
25,50000	954,4
25,51667	953,4
25,53333	953,4
25,55000	953,4
25,56667	954,4
25,58333	954,4
25,60000	954,4
25,61667	953,4
25,63333	953,4
25,65000	953,4
25,66667	953,4
25,68333	953,4
25,70000	953,4
25,71667	954,4
25,73333	954,4
25,75000	954,4
25,76667	953,4
25,78333	953,4
25,80000	953,4
25,81667	953,4
25,83333	953,4
25,85000	953,4
25,86667	954,4
25,88333	954,4
25,90000	954,4
25,91667	953,4
25,93333	953,4
25,95000	953,4
25,96667	953,4
25,98333	953,4
26,00000	953,4
26,01667	954,4
26,03333	954,4
26,05000	954,4
26,06667	954,4
26,08333	954,4
26,10000	954,4
26,11667	953,4
26,13333	953,4
26,15000	953,4
26,16667	954,4
26,18333	954,4
26,20000	954,4
26,21667	953,4
26,23333	953,4
26,25000	953,4
26,26667	953,4
26,28333	953,4
26,30000	953,4
26,31667	953,4
26,33333	953,4
26,35000	953,4
26,36667	954,4
26,38333	954,4
26,40000	954,4
26,41667	954,4
26,43333	954,4
26,45000	954,4
26,46667	953,4
26,48333	953,4
26,50000	953,4
26,51667	954,4
26,53333	954,4
26,55000	954,4
26,56667	954,4
26,58333	954,4
26,60000	954,4
26,61667	952,4
26,63333	952,4
26,65000	952,4
26,66667	954,4
26,68333	954,4
26,70000	954,4
26,71667	953,4
26,73333	953,4
26,75000	953,4
26,76667	953,4
26,78333	953,4
26,80000	953,4
26,81667	954,4
26,83333	954,4
26,85000	954,4
26,86667	953,4
26,88333	953,4
26,90000	953,4
26,91667	953,4
26,93333	953,4
26,95000	953,4
26,96667	953,4
26,98333	953,4
27,00000	953,4
27,01667	954,4
27,03333	954,4
27,05000	954,4
27,06667	953,4
27,08333	953,4
27,10000	953,4
27,11667	952,4
27,13333	952,4
27,15000	952,4
27,16667	954,4
27,18333	954,4
27,20000	954,4
27,21667	953,4
27,23333	953,4
27,25000	953,4
27,26667	953,4
27,28333	953,4
27,30000	953,4
27,31667	953,4
27,33333	953,4
27,35000	953,4
27,36667	954,4
27,38333	954,4
27,40000	954,4
27,41667	954,4
27,43333	954,4
27,45000	954,4
27,46667	952,4
27,48333	952,4
27,50000	952,4
27,51667	954,4
27,53333	954,4
27,55000	954,4
27,56667	953,4
27,58333	953,4
27,60000	953,4
27,61667	953,4
27,63333	953,4
27,65000	953,4
27,66667	953,4
27,68333	953,4
27,70000	953,4
27,71667	954,4
27,73333	954,4
27,75000	954,4
27,76667	954,4
27,78333	954,4
27,80000	954,4
27,81667	953,4
27,83333	953,4
27,85000	953,4
27,86667	954,4
27,88333	954,4
27,90000	954,4
27,91667	953,4
27,93333	953,4
27,95000	953,4
27,96667	953,4
27,98333	953,4
28,00000	953,4
28,01667	953,4
28,03333	953,4
28,05000	953,4
28,06667	954,4
28,08333	954,4
28,10000	954,4
28,11667	953,4
28,13333	953,4
28,15000	953,4
28,16667	953,4
28,18333	953,4
28,20000	953,4
28,21667	954,4
28,23333	954,4
28,25000	954,4
28,26667	953,4
28,28333	953,4
28,30000	953,4
28,31667	954,4
28,33333	954,4
28,35000	954,4
28,36667	952,4
28,38333	952,4
28,40000	952,4
28,41667	954,4
28,43333	954,4
28,45000	954,4
28,46667	953,4
28,48333	953,4
28,50000	953,4
28,51667	953,4
28,53333	953,4
28,55000	953,4
28,56667	953,4
28,58333	953,4
28,60000	953,4
28,61667	954,4
28,63333	954,4
28,65000	954,4
28,66667	954,4
28,68333	954,4
28,70000	954,4
28,71667	953,4
28,73333	953,4
28,75000	953,4
28,76667	954,4
28,78333	954,4
28,80000	954,4
28,81667	953,4
28,83333	953,4
28,85000	953,4
28,86667	953,4
28,88333	953,4
28,90000	953,4
28,91667	952,4
28,93333	952,4
28,95000	952,4
28,96667	954,4
28,98333	954,4
29,00000	954,4
29,01667	953,4
29,03333	953,4
29,05000	953,4
29,06667	953,4
29,08333	953,4
29,10000	953,4
29,11667	953,4
29,13333	953,4
29,15000	953,4
29,16667	954,4
29,18333	954,4
29,20000	954,4
29,21667	953,4
29,23333	953,4
29,25000	953,4
29,26667	953,4
29,28333	953,4
29,30000	953,4
29,31667	953,4
29,33333	953,4
29,35000	953,4
29,36667	954,4
29,38333	954,4
29,40000	954,4
29,41667	953,4
29,43333	953,4
29,45000	953,4
29,46667	953,4
29,48333	953,4
29,50000	953,4
29,51667	954,4
29,53333	954,4
29,55000	954,4
29,56667	953,4
29,58333	953,4
29,60000	953,4
29,61667	954,4
29,63333	954,4
29,65000	954,4
29,66667	952,4
29,68333	952,4
29,70000	952,4
29,71667	954,4
29,73333	954,4
29,75000	954,4
29,76667	953,4
29,78333	953,4
29,80000	953,4
29,81667	954,4
29,83333	954,4
29,85000	952,4
29,86667	952,4
29,88333	952,4
29,90000	952,4
29,91667	954,4
29,93333	954,4
29,95000	954,4
29,96667	953,4
29,98333	953,4
30,00000	953,4
30,01667	953,4
30,03333	953,4
30,05000	953,4
30,06667	953,4
30,08333	953,4
30,10000	953,4
30,11667	954,4
30,13333	954,4
30,15000	954,4
30,16667	953,4
30,18333	953,4
30,20000	953,4
30,21667	953,4
30,23333	953,4
30,25000	953,4
30,26667	953,4
30,28333	953,4
30,30000	953,4
30,31667	954,4
30,33333	954,4
30,35000	954,4
30,36667	953,4
30,38333	953,4
30,40000	953,4
30,41667	953,4
30,43333	953,4
30,45000	953,4
30,46667	952,4
30,48333	952,4
30,50000	952,4
30,51667	954,4
30,53333	954,4
30,55000	953,4
30,56667	953,4
30,58333	953,4
30,60000	953,4
30,61667	953,4
30,63333	953,4
30,65000	953,4
30,66667	953,4
30,68333	953,4
30,70000	953,4
30,71667	954,4
30,73333	954,4
30,75000	954,4
30,76667	953,4
30,78333	953,4
30,80000	953,4
30,81667	953,4
30,83333	953,4
30,85000	953,4
30,86667	953,4
30,88333	953,4
30,90000	953,4
30,91667	954,4
30,93333	954,4
30,95000	954,4
30,96667	954,4
30,98333	954,4
31,00000	954,4
31,01667	952,4
31,03333	952,4
31,05000	952,4
31,06667	954,4
31,08333	954,4
31,10000	954,4
31,11667	953,4
31,13333	953,4
31,15000	953,4
31,16667	953,4
31,18333	953,4
31,20000	953,4
31,21667	953,4
31,23333	953,4
31,25000	953,4
31,26667	954,4
31,28333	954,4
31,30000	954,4
31,31667	953,4
31,33333	953,4
31,35000	953,4
31,36667	953,4
31,38333	953,4
31,40000	953,4
31,41667	954,4
31,43333	954,4
31,45000	954,4
31,46667	953,4
31,48333	953,4
31,50000	953,4
31,51667	954,4
31,53333	954,4
31,55000	954,4
31,56667	952,4
31,58333	952,4
31,60000	952,4
31,61667	954,4
31,63333	954,4
31,65000	954,4
31,66667	953,4
31,68333	953,4
31,70000	953,4
31,71667	953,4
31,73333	953,4
31,75000	953,4
31,76667	953,4
31,78333	953,4
31,80000	953,4
31,81667	954,4
31,83333	954,4
31,85000	954,4
31,86667	954,4
31,88333	954,4
31,90000	954,4
31,91667	952,4
31,93333	952,4
31,95000	952,4
31,96667	954,4
31,98333	954,4
32,00000	954,4

[LC Status Trace(Pump B Pressure)]
Interval(msec)	1000
# of Points	1921
Start Time(min)	0,000
End Time(min)	32,000
Intensity Units	bar
Intensity Multiplier	0,980665
R.Time (min)	Intensity
0,00000	79,9
0,01667	79,9
0,03333	78,2
0,05000	78,4
0,06667	78,9
0,08333	79,1
0,10000	80,1
0,11667	80,7
0,13333	80,9
0,15000	80,9
0,16667	80,6
0,18333	80,4
0,20000	80,3
0,21667	80,4
0,23333	80,4
0,25000	80,7
0,26667	80,7
0,28333	80,8
0,30000	80,8
0,31667	80,8
0,33333	80,7
0,35000	80,8
0,36667	80,9
0,38333	80,9
0,40000	80,8
0,41667	80,8
0,43333	80,7
0,45000	80,8
0,46667	80,8
0,48333	80,8
0,50000	80,9
0,51667	80,8
0,53333	80,8
0,55000	80,8
0,56667	80,8
0,58333	80,8
0,60000	80,8
0,61667	80,8
0,63333	80,8
0,65000	80,7
0,66667	80,7
0,68333	80,9
0,70000	80,8
0,71667	80,8
0,73333	80,8
0,75000	80,8
0,76667	80,9
0,78333	80,8
0,80000	80,8
0,81667	80,8
0,83333	80,8
0,85000	80,7
0,86667	80,8
0,88333	80,8
0,90000	80,8
0,91667	80,8
0,93333	80,8
0,95000	80,7
0,96667	80,7
0,98333	80,8
1,00000	80,8
1,01667	80,8
1,03333	80,8
1,05000	80,8
1,06667	80,7
1,08333	80,8
1,10000	80,8
1,11667	80,8
1,13333	80,7
1,15000	80,8
1,16667	80,8
1,18333	80,8
1,20000	80,8
1,21667	80,8
1,23333	80,7
1,25000	80,8
1,26667	80,8
1,28333	80,8
1,30000	80,8
1,31667	80,7
1,33333	80,7
1,35000	80,8
1,36667	80,8
1,38333	80,8
1,40000	80,7
1,41667	80,7
1,43333	80,7
1,45000	80,8
1,46667	80,7
1,48333	80,8
1,50000	80,7
1,51667	80,7
1,53333	80,7
1,55000	80,7
1,56667	80,8
1,58333	80,6
1,60000	80,7
1,61667	80,7
1,63333	80,7
1,65000	80,7
1,66667	80,7
1,68333	80,7
1,70000	80,7
1,71667	80,7
1,73333	80,7
1,75000	80,6
1,76667	80,6
1,78333	80,7
1,80000	80,7
1,81667	80,7
1,83333	80,6
1,85000	80,7
1,86667	80,6
1,88333	80,6
1,90000	80,6
1,91667	80,6
1,93333	80,7
1,95000	80,6
1,96667	80,7
1,98333	80,6
2,00000	80,6
2,01667	80,6
2,03333	80,7
2,05000	80,6
2,06667	80,6
2,08333	80,6
2,10000	80,6
2,11667	80,6
2,13333	80,6
2,15000	80,6
2,16667	80,6
2,18333	80,6
2,20000	80,6
2,21667	80,5
2,23333	80,6
2,25000	80,5
2,26667	80,6
2,28333	80,6
2,30000	80,6
2,31667	80,6
2,33333	80,6
2,35000	80,6
2,36667	80,5
2,38333	80,6
2,40000	80,6
2,41667	80,7
2,43333	80,6
2,45000	80,6
2,46667	80,6
2,48333	80,6
2,50000	80,6
2,51667	80,5
2,53333	80,6
2,55000	80,6
2,56667	80,6
2,58333	80,5
2,60000	80,6
2,61667	80,6
2,63333	80,7
2,65000	80,6
2,66667	80,6
2,68333	80,6
2,70000	80,6
2,71667	80,6
2,73333	80,6
2,75000	80,6
2,76667	80,7
2,78333	80,6
2,80000	80,6
2,81667	80,7
2,83333	80,7
2,85000	80,6
2,86667	80,6
2,88333	80,7
2,90000	80,7
2,91667	80,6
2,93333	80,6
2,95000	80,7
2,96667	80,7
2,98333	80,7
3,00000	80,7
3,01667	80,7
3,03333	80,6
3,05000	80,7
3,06667	80,7
3,08333	80,7
3,10000	80,7
3,11667	80,7
3,13333	80,7
3,15000	80,7
3,16667	80,7
3,18333	80,6
3,20000	80,7
3,21667	80,7
3,23333	80,7
3,25000	80,7
3,26667	80,7
3,28333	80,7
3,30000	80,7
3,31667	80,8
3,33333	80,7
3,35000	80,8
3,36667	80,8
3,38333	80,8
3,40000	80,8
3,41667	80,8
3,43333	80,7
3,45000	80,9
3,46667	80,9
3,48333	80,9
3,50000	80,8
3,51667	80,8
3,53333	80,8
3,55000	80,8
3,56667	80,9
3,58333	80,9
3,60000	80,8
3,61667	80,8
3,63333	80,9
3,65000	80,8
3,66667	80,8
3,68333	81,0
3,70000	81,0
3,71667	80,9
3,73333	80,9
3,75000	80,9
3,76667	80,9
3,78333	80,9
3,80000	81,0
3,81667	81,0
3,83333	80,9
3,85000	81,0
3,86667	80,9
3,88333	81,0
3,90000	80,9
3,91667	81,0
3,93333	81,0
3,95000	81,0
3,96667	81,0
3,98333	81,0
4,00000	81,0
4,01667	81,0
4,03333	81,0
4,05000	81,0
4,06667	81,0
4,08333	81,0
4,10000	81,1
4,11667	81,0
4,13333	81,0
4,15000	81,1
4,16667	81,1
4,18333	81,0
4,20000	81,1
4,21667	81,0
4,23333	81,0
4,25000	81,1
4,26667	81,1
4,28333	81,2
4,30000	81,5
4,31667	81,6
4,33333	81,7
4,35000	81,8
4,36667	81,9
4,38333	81,9
4,40000	81,9
4,41667	81,9
4,43333	81,9
4,45000	81,8
4,46667	81,8
4,48333	81,9
4,50000	81,7
4,51667	81,8
4,53333	81,8
4,55000	81,7
4,56667	81,7
4,58333	81,7
4,60000	81,6
4,61667	81,6
4,63333	81,5
4,65000	81,5
4,66667	81,5
4,68333	81,5
4,70000	81,4
4,71667	81,3
4,73333	81,3
4,75000	81,3
4,76667	81,2
4,78333	81,1
4,80000	81,1
4,81667	81,1
4,83333	81,0
4,85000	81,1
4,86667	81,1
4,88333	81,0
4,90000	81,0
4,91667	80,9
4,93333	80,9
4,95000	80,9
4,96667	80,8
4,98333	80,9
5,00000	80,8
5,01667	80,8
5,03333	80,8
5,05000	80,8
5,06667	80,9
5,08333	81,0
5,10000	81,0
5,11667	81,1
5,13333	81,1
5,15000	81,1
5,16667	81,2
5,18333	81,2
5,20000	81,1
5,21667	81,2
5,23333	81,2
5,25000	81,2
5,26667	81,2
5,28333	81,3
5,30000	81,2
5,31667	81,2
5,33333	81,2
5,35000	81,2
5,36667	81,3
5,38333	81,3
5,40000	81,3
5,41667	81,3
5,43333	81,3
5,45000	81,3
5,46667	81,3
5,48333	81,4
5,50000	81,3
5,51667	81,3
5,53333	81,3
5,55000	81,4
5,56667	81,4
5,58333	81,3
5,60000	81,3
5,61667	81,4
5,63333	81,3
5,65000	81,4
5,66667	81,4
5,68333	81,4
5,70000	81,4
5,71667	81,4
5,73333	81,4
5,75000	81,5
5,76667	81,4
5,78333	81,5
5,80000	81,5
5,81667	81,5
5,83333	81,5
5,85000	81,6
5,86667	81,5
5,88333	81,5
5,90000	81,5
5,91667	81,6
5,93333	81,6
5,95000	81,5
5,96667	81,5
5,98333	81,5
6,00000	81,5
6,01667	81,5
6,03333	81,6
6,05000	81,5
6,06667	81,5
6,08333	81,5
6,10000	81,6
6,11667	81,6
6,13333	81,5
6,15000	81,6
6,16667	81,5
6,18333	81,5
6,20000	81,6
6,21667	81,6
6,23333	81,6
6,25000	81,5
6,26667	81,6
6,28333	81,6
6,30000	81,6
6,31667	81,6
6,33333	81,6
6,35000	81,6
6,36667	81,6
6,38333	81,6
6,40000	81,6
6,41667	81,6
6,43333	81,6
6,45000	81,7
6,46667	81,7
6,48333	81,6
6,50000	81,7
6,51667	81,7
6,53333	81,7
6,55000	81,7
6,56667	81,7
6,58333	81,7
6,60000	81,7
6,61667	81,7
6,63333	81,7
6,65000	81,7
6,66667	81,7
6,68333	81,8
6,70000	81,8
6,71667	81,7
6,73333	81,7
6,75000	81,7
6,76667	81,7
6,78333	81,8
6,80000	81,7
6,81667	81,7
6,83333	81,8
6,85000	81,8
6,86667	81,8
6,88333	81,7
6,90000	81,8
6,91667	81,7
6,93333	81,8
6,95000	81,8
6,96667	81,8
6,98333	81,8
7,00000	81,7
7,01667	81,8
7,03333	81,8
7,05000	81,8
7,06667	81,8
7,08333	81,8
7,10000	81,8
7,11667	81,8
7,13333	81,8
7,15000	81,8
7,16667	81,8
7,18333	81,8
7,20000	81,8
7,21667	81,9
7,23333	81,9
7,25000	81,9
7,26667	81,9
7,28333	81,8
7,30000	81,8
7,31667	81,8
7,33333	81,9
7,35000	81,8
7,36667	81,8
7,38333	81,8
7,40000	81,9
7,41667	81,9
7,43333	81,9
7,45000	81,8
7,46667	81,9
7,48333	81,9
7,50000	81,9
7,51667	81,9
7,53333	81,9
7,55000	81,9
7,56667	81,9
7,58333	81,9
7,60000	81,9
7,61667	81,9
7,63333	81,9
7,65000	81,9
7,66667	81,9
7,68333	81,9
7,70000	81,9
7,71667	82,0
7,73333	81,9
7,75000	81,9
7,76667	81,9
7,78333	81,9
7,80000	81,9
7,81667	81,9
7,83333	81,9
7,85000	81,9
7,86667	81,9
7,88333	81,9
7,90000	81,9
7,91667	81,9
7,93333	81,9
7,95000	82,0
7,96667	82,0
7,98333	81,9
8,00000	81,9
8,01667	82,0
8,03333	81,9
8,05000	81,9
8,06667	81,9
8,08333	81,9
8,10000	81,9
8,11667	81,9
8,13333	81,9
8,15000	81,9
8,16667	81,9
8,18333	81,9
8,20000	82,0
8,21667	81,9
8,23333	81,9
8,25000	82,0
8,26667	82,0
8,28333	81,9
8,30000	82,0
8,31667	81,9
8,33333	82,0
8,35000	81,9
8,36667	81,9
8,38333	81,9
8,40000	82,0
8,41667	81,9
8,43333	81,9
8,45000	82,0
8,46667	82,0
8,48333	82,0
8,50000	82,0
8,51667	82,0
8,53333	81,9
8,55000	82,0
8,56667	81,9
8,58333	82,0
8,60000	81,9
8,61667	82,0
8,63333	82,0
8,65000	82,0
8,66667	82,0
8,68333	81,9
8,70000	81,9
8,71667	81,9
8,73333	82,0
8,75000	81,9
8,76667	81,9
8,78333	81,9
8,80000	81,9
8,81667	81,9
8,83333	81,9
8,85000	81,9
8,86667	81,9
8,88333	81,9
8,90000	81,9
8,91667	81,9
8,93333	81,9
8,95000	81,9
8,96667	82,0
8,98333	81,9
9,00000	81,9
9,01667	81,9
9,03333	81,9
9,05000	81,9
9,06667	81,9
9,08333	81,9
9,10000	81,9
9,11667	81,9
9,13333	81,9
9,15000	81,9
9,16667	81,9
9,18333	81,9
9,20000	81,9
9,21667	81,9
9,23333	81,9
9,25000	81,9
9,26667	81,9
9,28333	81,9
9,30000	81,9
9,31667	81,9
9,33333	81,9
9,35000	81,9
9,36667	81,9
9,38333	81,9
9,40000	81,9
9,41667	81,8
9,43333	81,9
9,45000	81,9
9,46667	81,9
9,48333	81,8
9,50000	81,9
9,51667	81,8
9,53333	81,9
9,55000	81,8
9,56667	81,9
9,58333	82,0
9,60000	81,9
9,61667	81,8
9,63333	81,9
9,65000	81,9
9,66667	81,8
9,68333	81,8
9,70000	81,9
9,71667	81,9
9,73333	81,8
9,75000	81,8
9,76667	81,9
9,78333	81,8
9,80000	81,8
9,81667	81,8
9,83333	81,8
9,85000	81,8
9,86667	81,8
9,88333	81,9
9,90000	81,7
9,91667	81,8
9,93333	81,8
9,95000	81,8
9,96667	81,8
9,98333	81,8
10,00000	81,8
10,01667	81,8
10,03333	81,8
10,05000	81,8
10,06667	81,8
10,08333	81,8
10,10000	81,8
10,11667	81,8
10,13333	81,8
10,15000	81,8
10,16667	81,8
10,18333	81,8
10,20000	81,8
10,21667	81,8
10,23333	81,8
10,25000	81,8
10,26667	81,8
10,28333	81,8
10,30000	81,8
10,31667	81,8
10,33333	81,8
10,35000	81,7
10,36667	81,7
10,38333	81,7
10,40000	81,7
10,41667	81,7
10,43333	81,7
10,45000	81,8
10,46667	81,8
10,48333	81,7
10,50000	81,7
10,51667	81,7
10,53333	81,7
10,55000	81,7
10,56667	81,7
10,58333	81,7
10,60000	81,7
10,61667	81,6
10,63333	81,7
10,65000	81,7
10,66667	81,7
10,68333	81,7
10,70000	81,7
10,71667	81,7
10,73333	81,7
10,75000	81,6
10,76667	81,7
10,78333	81,7
10,80000	81,7
10,81667	81,6
10,83333	81,7
10,85000	81,6
10,86667	81,7
10,88333	81,7
10,90000	81,6
10,91667	81,6
10,93333	81,6
10,95000	81,6
10,96667	81,6
10,98333	81,5
11,00000	81,6
11,01667	81,6
11,03333	81,6
11,05000	81,6
11,06667	81,6
11,08333	81,6
11,10000	81,6
11,11667	81,5
11,13333	81,6
11,15000	81,5
11,16667	81,6
11,18333	81,6
11,20000	81,6
11,21667	81,5
11,23333	81,6
11,25000	81,5
11,26667	81,6
11,28333	81,6
11,30000	81,5
11,31667	81,5
11,33333	81,5
11,35000	81,5
11,36667	81,5
11,38333	81,5
11,40000	81,6
11,41667	81,5
11,43333	81,5
11,45000	81,5
11,46667	81,5
11,48333	81,5
11,50000	81,5
11,51667	81,5
11,53333	81,5
11,55000	81,5
11,56667	81,5
11,58333	81,5
11,60000	81,5
11,61667	81,5
11,63333	81,5
11,65000	81,4
11,66667	81,5
11,68333	81,4
11,70000	81,5
11,71667	81,4
11,73333	81,5
11,75000	81,4
11,76667	81,4
11,78333	81,4
11,80000	81,5
11,81667	81,4
11,83333	81,5
11,85000	81,4
11,86667	81,5
11,88333	81,4
11,90000	81,4
11,91667	81,4
11,93333	81,4
11,95000	81,4
11,96667	81,4
11,98333	81,5
12,00000	81,4
12,01667	81,4
12,03333	81,4
12,05000	81,3
12,06667	81,5
12,08333	81,3
12,10000	81,4
12,11667	81,3
12,13333	81,4
12,15000	81,3
12,16667	81,3
12,18333	81,4
12,20000	81,4
12,21667	81,3
12,23333	81,4
12,25000	81,3
12,26667	81,4
12,28333	81,4
12,30000	81,4
12,31667	81,3
12,33333	81,4
12,35000	81,3
12,36667	81,4
12,38333	81,4
12,40000	81,4
12,41667	81,3
12,43333	81,3
12,45000	81,3
12,46667	81,4
12,48333	81,3
12,50000	81,3
12,51667	81,3
12,53333	81,3
12,55000	81,2
12,56667	81,2
12,58333	81,2
12,60000	81,3
12,61667	81,3
12,63333	81,3
12,65000	81,2
12,66667	81,3
12,68333	81,3
12,70000	81,3
12,71667	81,2
12,73333	81,3
12,75000	81,2
12,76667	81,3
12,78333	81,3
12,80000	81,3
12,81667	81,2
12,83333	81,3
12,85000	81,3
12,86667	81,3
12,88333	81,2
12,90000	81,2
12,91667	81,2
12,93333	81,2
12,95000	81,2
12,96667	81,2
12,98333	81,2
13,00000	81,3
13,01667	81,2
13,03333	81,2
13,05000	81,1
13,06667	81,2
13,08333	81,2
13,10000	81,2
13,11667	81,2
13,13333	81,2
13,15000	81,2
13,16667	81,2
13,18333	81,2
13,20000	81,2
13,21667	81,2
13,23333	81,2
13,25000	81,2
13,26667	81,2
13,28333	81,2
13,30000	81,2
13,31667	81,2
13,33333	81,2
13,35000	81,2
13,36667	81,2
13,38333	81,2
13,40000	81,3
13,41667	81,1
13,43333	81,2
13,45000	81,2
13,46667	81,2
13,48333	81,2
13,50000	81,2
13,51667	81,2
13,53333	81,2
13,55000	81,2
13,56667	81,2
13,58333	81,2
13,60000	81,2
13,61667	81,1
13,63333	81,2
13,65000	81,1
13,66667	81,1
13,68333	81,1
13,70000	81,2
13,71667	81,1
13,73333	81,1
13,75000	81,2
13,76667	81,2
13,78333	81,1
13,80000	81,2
13,81667	81,1
13,83333	81,1
13,85000	81,1
13,86667	81,2
13,88333	81,2
13,90000	81,2
13,91667	81,1
13,93333	81,1
13,95000	81,1
13,96667	81,1
13,98333	81,1
14,00000	81,1
14,01667	81,1
14,03333	81,2
14,05000	81,1
14,06667	81,1
14,08333	81,2
14,10000	81,1
14,11667	81,1
14,13333	81,1
14,15000	81,1
14,16667	81,1
14,18333	81,1
14,20000	81,1
14,21667	81,1
14,23333	81,1
14,25000	81,1
14,26667	81,1
14,28333	81,1
14,30000	81,2
14,31667	81,1
14,33333	81,1
14,35000	81,1
14,36667	81,1
14,38333	81,1
14,40000	81,1
14,41667	81,2
14,43333	81,1
14,45000	81,1
14,46667	81,1
14,48333	81,1
14,50000	81,1
14,51667	81,1
14,53333	81,1
14,55000	81,1
14,56667	81,1
14,58333	81,1
14,60000	81,1
14,61667	81,0
14,63333	81,1
14,65000	81,0
14,66667	81,1
14,68333	81,1
14,70000	81,1
14,71667	81,0
14,73333	81,1
14,75000	81,1
14,76667	81,1
14,78333	81,0
14,80000	81,1
14,81667	81,1
14,83333	81,0
14,85000	81,1
14,86667	81,1
14,88333	81,0
14,90000	81,0
14,91667	81,1
14,93333	81,1
14,95000	81,0
14,96667	81,0
14,98333	81,1
15,00000	81,0
15,01667	81,0
15,03333	81,1
15,05000	81,0
15,06667	81,0
15,08333	81,1
15,10000	81,0
15,11667	81,0
15,13333	81,1
15,15000	81,0
15,16667	81,1
15,18333	81,0
15,20000	81,2
15,21667	81,0
15,23333	81,0
15,25000	81,0
15,26667	81,0
15,28333	81,0
15,30000	81,0
15,31667	81,0
15,33333	81,0
15,35000	81,1
15,36667	81,1
15,38333	81,0
15,40000	81,1
15,41667	81,0
15,43333	81,0
15,45000	81,0
15,46667	81,1
15,48333	81,1
15,50000	81,0
15,51667	81,0
15,53333	81,1
15,55000	81,0
15,56667	81,0
15,58333	81,0
15,60000	81,0
15,61667	81,0
15,63333	81,0
15,65000	81,0
15,66667	81,0
15,68333	81,0
15,70000	81,0
15,71667	81,0
15,73333	81,0
15,75000	81,1
15,76667	81,0
15,78333	81,0
15,80000	81,0
15,81667	81,0
15,83333	81,0
15,85000	81,0
15,86667	81,1
15,88333	81,1
15,90000	81,0
15,91667	81,0
15,93333	81,1
15,95000	81,0
15,96667	81,0
15,98333	81,0
16,00000	81,0
16,01667	81,0
16,03333	81,0
16,05000	81,0
16,06667	81,0
16,08333	81,0
16,10000	81,0
16,11667	81,0
16,13333	81,0
16,15000	81,0
16,16667	81,0
16,18333	81,0
16,20000	81,0
16,21667	81,0
16,23333	81,0
16,25000	81,0
16,26667	81,0
16,28333	81,0
16,30000	81,0
16,31667	80,9
16,33333	81,0
16,35000	80,9
16,36667	80,9
16,38333	80,9
16,40000	81,0
16,41667	80,9
16,43333	81,0
16,45000	81,0
16,46667	81,0
16,48333	80,9
16,50000	81,0
16,51667	81,0
16,53333	81,0
16,55000	81,0
16,56667	81,0
16,58333	80,9
16,60000	81,0
16,61667	81,0
16,63333	81,0
16,65000	81,0
16,66667	80,9
16,68333	80,9
16,70000	81,0
16,71667	81,0
16,73333	81,0
16,75000	81,0
16,76667	81,0
16,78333	81,0
16,80000	80,9
16,81667	81,0
16,83333	80,9
16,85000	81,0
16,86667	81,0
16,88333	80,9
16,90000	81,0
16,91667	80,9
16,93333	81,0
16,95000	80,9
16,96667	81,0
16,98333	81,0
17,00000	80,9
17,01667	81,0
17,03333	81,0
17,05000	81,0
17,06667	80,9
17,08333	81,0
17,10000	81,0
17,11667	81,0
17,13333	80,9
17,15000	81,0
17,16667	81,0
17,18333	81,0
17,20000	80,9
17,21667	81,0
17,23333	80,9
17,25000	80,9
17,26667	80,9
17,28333	80,9
17,30000	80,9
17,31667	80,9
17,33333	80,9
17,35000	80,9
17,36667	80,9
17,38333	80,9
17,40000	80,9
17,41667	80,9
17,43333	80,9
17,45000	80,9
17,46667	80,9
17,48333	80,9
17,50000	80,9
17,51667	80,9
17,53333	80,8
17,55000	80,8
17,56667	80,8
17,58333	80,8
17,60000	80,9
17,61667	80,9
17,63333	80,9
17,65000	80,9
17,66667	80,9
17,68333	80,8
17,70000	80,8
17,71667	80,8
17,73333	80,8
17,75000	80,9
17,76667	80,9
17,78333	80,9
17,80000	80,8
17,81667	80,8
17,83333	80,8
17,85000	80,8
17,86667	80,8
17,88333	80,8
17,90000	80,8
17,91667	80,9
17,93333	80,8
17,95000	80,8
17,96667	80,8
17,98333	80,8
18,00000	80,8
18,01667	80,7
18,03333	80,8
18,05000	80,8
18,06667	80,7
18,08333	80,7
18,10000	80,7
18,11667	80,7
18,13333	80,7
18,15000	80,7
18,16667	80,7
18,18333	80,7
18,20000	80,7
18,21667	80,7
18,23333	80,7
18,25000	80,7
18,26667	80,7
18,28333	80,7
18,30000	80,7
18,31667	80,7
18,33333	80,7
18,35000	80,7
18,36667	80,7
18,38333	80,6
18,40000	80,7
18,41667	80,7
18,43333	80,7
18,45000	80,6
18,46667	80,6
18,48333	80,7
18,50000	80,7
18,51667	80,6
18,53333	80,7
18,55000	80,6
18,56667	80,6
18,58333	80,6
18,60000	80,5
18,61667	80,6
18,63333	80,6
18,65000	80,6
18,66667	80,6
18,68333	80,5
18,70000	80,6
18,71667	80,6
18,73333	80,6
18,75000	80,6
18,76667	80,6
18,78333	80,5
18,80000	80,6
18,81667	80,5
18,83333	80,5
18,85000	80,5
18,86667	80,5
18,88333	80,5
18,90000	80,5
18,91667	80,5
18,93333	80,5
18,95000	80,4
18,96667	80,5
18,98333	80,4
19,00000	80,4
19,01667	80,5
19,03333	80,5
19,05000	80,4
19,06667	80,4
19,08333	80,4
19,10000	80,4
19,11667	80,4
19,13333	80,4
19,15000	80,4
19,16667	80,4
19,18333	80,4
19,20000	80,3
19,21667	80,3
19,23333	80,4
19,25000	80,4
19,26667	80,3
19,28333	80,4
19,30000	80,3
19,31667	80,3
19,33333	80,3
19,35000	80,4
19,36667	80,3
19,38333	80,3
19,40000	80,3
19,41667	80,3
19,43333	80,3
19,45000	80,3
19,46667	80,3
19,48333	80,2
19,50000	80,2
19,51667	80,3
19,53333	80,2
19,55000	80,2
19,56667	80,2
19,58333	80,2
19,60000	80,2
19,61667	80,2
19,63333	80,2
19,65000	80,1
19,66667	80,1
19,68333	80,1
19,70000	80,2
19,71667	80,1
19,73333	80,1
19,75000	80,1
19,76667	80,1
19,78333	80,1
19,80000	80,1
19,81667	80,1
19,83333	80,0
19,85000	80,1
19,86667	80,1
19,88333	80,1
19,90000	80,0
19,91667	80,0
19,93333	80,0
19,95000	80,0
19,96667	80,0
19,98333	80,0
20,00000	79,9
20,01667	80,0
20,03333	80,0
20,05000	79,9
20,06667	80,0
20,08333	79,9
20,10000	79,9
20,11667	79,9
20,13333	79,9
20,15000	79,9
20,16667	79,8
20,18333	79,9
20,20000	79,9
20,21667	79,8
20,23333	79,9
20,25000	79,9
20,26667	79,9
20,28333	79,8
20,30000	79,8
20,31667	79,8
20,33333	79,8
20,35000	79,8
20,36667	79,8
20,38333	79,7
20,40000	79,7
20,41667	79,7
20,43333	79,7
20,45000	79,7
20,46667	79,7
20,48333	79,7
20,50000	79,7
20,51667	79,7
20,53333	79,6
20,55000	79,6
20,56667	79,6
20,58333	79,6
20,60000	79,6
20,61667	79,5
20,63333	79,5
20,65000	79,5
20,66667	79,5
20,68333	79,5
20,70000	79,5
20,71667	79,5
20,73333	79,4
20,75000	79,4
20,76667	79,4
20,78333	79,3
20,80000	79,4
20,81667	79,3
20,83333	79,3
20,85000	79,3
20,86667	79,3
20,88333	79,3
20,90000	79,3
20,91667	79,2
20,93333	79,2
20,95000	79,1
20,96667	79,1
20,98333	79,1
21,00000	79,1
21,01667	79,0
21,03333	79,0
21,05000	79,0
21,06667	79,0
21,08333	78,9
21,10000	78,8
21,11667	78,8
21,13333	78,8
21,15000	78,7
21,16667	78,7
21,18333	78,7
21,20000	78,7
21,21667	78,6
21,23333	78,6
21,25000	78,5
21,26667	78,4
21,28333	78,4
21,30000	78,4
21,31667	78,3
21,33333	78,3
21,35000	78,2
21,36667	78,2
21,38333	78,2
21,40000	78,1
21,41667	78,0
21,43333	78,0
21,45000	77,9
21,46667	77,9
21,48333	77,8
21,50000	77,8
21,51667	77,7
21,53333	77,7
21,55000	77,6
21,56667	77,6
21,58333	77,6
21,60000	77,5
21,61667	77,4
21,63333	77,3
21,65000	77,3
21,66667	77,2
21,68333	77,1
21,70000	77,1
21,71667	77,0
21,73333	77,0
21,75000	76,9
21,76667	76,9
21,78333	76,8
21,80000	76,8
21,81667	76,7
21,83333	76,7
21,85000	76,6
21,86667	76,6
21,88333	76,5
21,90000	76,4
21,91667	76,3
21,93333	76,2
21,95000	76,2
21,96667	76,1
21,98333	76,1
22,00000	75,9
22,01667	75,9
22,03333	75,9
22,05000	75,8
22,06667	75,8
22,08333	75,7
22,10000	75,6
22,11667	75,5
22,13333	75,5
22,15000	75,4
22,16667	75,4
22,18333	75,3
22,20000	75,2
22,21667	75,1
22,23333	75,0
22,25000	74,9
22,26667	74,9
22,28333	74,8
22,30000	74,7
22,31667	74,6
22,33333	74,6
22,35000	74,5
22,36667	74,4
22,38333	74,4
22,40000	74,3
22,41667	74,2
22,43333	74,1
22,45000	74,1
22,46667	74,0
22,48333	73,8
22,50000	73,8
22,51667	73,7
22,53333	73,6
22,55000	73,5
22,56667	73,5
22,58333	73,4
22,60000	73,3
22,61667	73,2
22,63333	73,2
22,65000	73,1
22,66667	73,0
22,68333	72,9
22,70000	72,8
22,71667	72,7
22,73333	72,6
22,75000	72,5
22,76667	72,4
22,78333	72,4
22,80000	72,3
22,81667	72,1
22,83333	72,1
22,85000	72,0
22,86667	71,9
22,88333	71,8
22,90000	71,7
22,91667	71,6
22,93333	71,6
22,95000	71,4
22,96667	71,4
22,98333	71,3
23,00000	71,1
23,01667	71,0
23,03333	71,0
23,05000	70,8
23,06667	70,8
23,08333	70,7
23,10000	70,5
23,11667	70,4
23,13333	70,3
23,15000	70,2
23,16667	70,1
23,18333	70,0
23,20000	69,9
23,21667	69,8
23,23333	69,7
23,25000	69,5
23,26667	69,4
23,28333	69,3
23,30000	69,1
23,31667	69,0
23,33333	69,0
23,35000	68,8
23,36667	68,8
23,38333	68,6
23,40000	68,4
23,41667	68,3
23,43333	68,3
23,45000	68,1
23,46667	68,0
23,48333	67,9
23,50000	67,7
23,51667	67,6
23,53333	67,5
23,55000	67,3
23,56667	67,2
23,58333	67,1
23,60000	67,0
23,61667	66,9
23,63333	66,8
23,65000	66,6
23,66667	66,5
23,68333	66,4
23,70000	66,3
23,71667	66,2
23,73333	66,1
23,75000	66,0
23,76667	66,0
23,78333	65,8
23,80000	65,7
23,81667	65,6
23,83333	65,5
23,85000	65,4
23,86667	65,3
23,88333	65,2
23,90000	65,1
23,91667	65,0
23,93333	64,9
23,95000	64,8
23,96667	64,7
23,98333	64,6
24,00000	64,5
24,01667	64,4
24,03333	64,3
24,05000	64,2
24,06667	64,1
24,08333	64,0
24,10000	63,9
24,11667	63,8
24,13333	63,8
24,15000	63,6
24,16667	63,6
24,18333	63,4
24,20000	63,4
24,21667	63,2
24,23333	63,1
24,25000	63,1
24,26667	62,9
24,28333	62,9
24,30000	62,8
24,31667	62,7
24,33333	62,6
24,35000	62,5
24,36667	62,4
24,38333	62,4
24,40000	62,2
24,41667	62,1
24,43333	62,0
24,45000	61,9
24,46667	61,9
24,48333	61,7
24,50000	61,6
24,51667	61,5
24,53333	61,5
24,55000	61,3
24,56667	61,3
24,58333	61,1
24,60000	61,1
24,61667	60,9
24,63333	60,8
24,65000	60,7
24,66667	60,7
24,68333	60,6
24,70000	60,5
24,71667	60,3
24,73333	60,2
24,75000	60,1
24,76667	60,0
24,78333	60,0
24,80000	59,8
24,81667	59,7
24,83333	59,7
24,85000	59,5
24,86667	59,5
24,88333	59,3
24,90000	59,2
24,91667	59,1
24,93333	59,1
24,95000	58,9
24,96667	58,9
24,98333	58,7
25,00000	58,6
25,01667	58,5
25,03333	58,4
25,05000	58,3
25,06667	58,2
25,08333	58,2
25,10000	58,0
25,11667	57,9
25,13333	57,8
25,15000	57,7
25,16667	57,6
25,18333	57,5
25,20000	57,4
25,21667	57,3
25,23333	57,3
25,25000	57,1
25,26667	57,1
25,28333	56,9
25,30000	56,8
25,31667	56,8
25,33333	56,7
25,35000	56,5
25,36667	56,5
25,38333	56,4
25,40000	56,2
25,41667	56,2
25,43333	56,0
25,45000	55,9
25,46667	55,9
25,48333	55,8
25,50000	55,6
25,51667	55,5
25,53333	55,5
25,55000	55,4
25,56667	55,3
25,58333	55,2
25,60000	55,1
25,61667	55,1
25,63333	55,0
25,65000	54,9
25,66667	54,9
25,68333	54,7
25,70000	54,6
25,71667	54,5
25,73333	54,5
25,75000	54,4
25,76667	54,4
25,78333	54,3
25,80000	54,2
25,81667	54,2
25,83333	54,0
25,85000	54,0
25,86667	53,9
25,88333	53,9
25,90000	53,8
25,91667	53,8
25,93333	53,8
25,95000	53,8
25,96667	53,7
25,98333	53,6
26,00000	53,6
26,01667	53,6
26,03333	53,5
26,05000	53,5
26,06667	53,5
26,08333	53,5
26,10000	53,4
26,11667	53,5
26,13333	53,4
26,15000	53,4
26,16667	53,4
26,18333	53,4
26,20000	53,4
26,21667	53,4
26,23333	53,4
26,25000	53,4
26,26667	53,4
26,28333	53,4
26,30000	53,4
26,31667	53,4
26,33333	53,5
26,35000	53,5
26,36667	53,5
26,38333	53,5
26,40000	53,5
26,41667	53,6
26,43333	53,6
26,45000	53,6
26,46667	53,6
26,48333	53,8
26,50000	53,8
26,51667	53,8
26,53333	53,9
26,55000	53,9
26,56667	54,0
26,58333	54,0
26,60000	54,1
26,61667	54,1
26,63333	54,2
26,65000	54,3
26,66667	54,3
26,68333	54,3
26,70000	54,4
26,71667	54,5
26,73333	54,5
26,75000	54,5
26,76667	54,5
26,78333	54,8
26,80000	54,9
26,81667	55,0
26,83333	55,1
26,85000	55,2
26,86667	55,2
26,88333	55,4
26,90000	55,4
26,91667	55,5
26,93333	55,5
26,95000	55,6
26,96667	55,7
26,98333	55,7
27,00000	55,8
27,01667	55,9
27,03333	56,0
27,05000	56,1
27,06667	56,2
27,08333	56,2
27,10000	56,3
27,11667	56,5
27,13333	56,5
27,15000	56,6
27,16667	56,6
27,18333	56,7
27,20000	56,9
27,21667	57,0
27,23333	57,0
27,25000	57,1
27,26667	57,1
27,28333	57,3
27,30000	57,4
27,31667	57,5
27,33333	57,5
27,35000	57,7
27,36667	57,8
27,38333	57,8
27,40000	58,0
27,41667	58,1
27,43333	58,2
27,45000	58,4
27,46667	58,4
27,48333	58,5
27,50000	58,6
27,51667	58,8
27,53333	58,8
27,55000	59,0
27,56667	59,0
27,58333	59,2
27,60000	59,3
27,61667	59,4
27,63333	59,5
27,65000	59,6
27,66667	59,6
27,68333	59,9
27,70000	60,0
27,71667	60,1
27,73333	60,2
27,75000	60,4
27,76667	60,5
27,78333	60,5
27,80000	60,7
27,81667	60,9
27,83333	61,0
27,85000	61,2
27,86667	61,2
27,88333	61,5
27,90000	61,5
27,91667	61,7
27,93333	61,7
27,95000	61,9
27,96667	61,9
27,98333	62,2
28,00000	62,2
28,01667	62,3
28,03333	62,5
28,05000	62,6
28,06667	62,7
28,08333	62,8
28,10000	63,0
28,11667	63,1
28,13333	63,2
28,15000	63,3
28,16667	63,4
28,18333	63,5
28,20000	63,7
28,21667	63,7
28,23333	63,9
28,25000	63,9
28,26667	64,1
28,28333	64,2
28,30000	64,3
28,31667	64,4
28,33333	64,4
28,35000	64,5
28,36667	64,5
28,38333	64,8
28,40000	64,8
28,41667	65,1
28,43333	65,1
28,45000	65,2
28,46667	65,3
28,48333	65,4
28,50000	65,6
28,51667	65,7
28,53333	65,8
28,55000	65,9
28,56667	66,0
28,58333	66,0
28,60000	66,2
28,61667	66,4
28,63333	66,4
28,65000	66,5
28,66667	66,6
28,68333	66,7
28,70000	66,8
28,71667	66,9
28,73333	67,0
28,75000	67,2
28,76667	67,2
28,78333	67,3
28,80000	67,4
28,81667	67,5
28,83333	67,6
28,85000	67,7
28,86667	67,7
28,88333	67,9
28,90000	68,1
28,91667	68,2
28,93333	68,3
28,95000	68,3
28,96667	68,4
28,98333	68,5
29,00000	68,6
29,01667	68,7
29,03333	68,8
29,05000	68,9
29,06667	69,0
29,08333	69,1
29,10000	69,2
29,11667	69,3
29,13333	69,4
29,15000	69,5
29,16667	69,5
29,18333	69,6
29,20000	69,7
29,21667	69,8
29,23333	69,9
29,25000	70,0
29,26667	70,1
29,28333	70,1
29,30000	70,3
29,31667	70,3
29,33333	70,4
29,35000	70,5
29,36667	70,6
29,38333	70,6
29,40000	70,7
29,41667	70,7
29,43333	70,8
29,45000	70,9
29,46667	70,9
29,48333	71,1
29,50000	71,2
29,51667	71,2
29,53333	71,3
29,55000	71,4
29,56667	71,4
29,58333	71,6
29,60000	71,7
29,61667	71,9
29,63333	72,0
29,65000	72,1
29,66667	72,2
29,68333	72,2
29,70000	72,4
29,71667	72,5
29,73333	72,6
29,75000	72,8
29,76667	72,9
29,78333	72,9
29,80000	73,1
29,81667	73,2
29,83333	73,2
29,85000	73,5
29,86667	73,5
29,88333	73,7
29,90000	73,8
29,91667	73,9
29,93333	73,9
29,95000	74,1
29,96667	74,1
29,98333	74,3
30,00000	74,4
30,01667	74,5
30,03333	74,6
30,05000	74,7
30,06667	74,8
30,08333	74,8
30,10000	75,0
30,11667	75,1
30,13333	75,2
30,15000	75,3
30,16667	75,4
30,18333	75,4
30,20000	75,6
30,21667	75,7
30,23333	75,7
30,25000	75,9
30,26667	75,9
30,28333	76,0
30,30000	76,0
30,31667	76,1
30,33333	76,2
30,35000	76,3
30,36667	76,3
30,38333	76,5
30,40000	76,5
30,41667	76,5
30,43333	76,6
30,45000	76,6
30,46667	76,8
30,48333	76,8
30,50000	76,9
30,51667	77,0
30,53333	77,0
30,55000	77,1
30,56667	77,1
30,58333	77,3
30,60000	77,3
30,61667	77,4
30,63333	77,5
30,65000	77,5
30,66667	77,5
30,68333	77,5
30,70000	77,6
30,71667	77,7
30,73333	77,7
30,75000	77,8
30,76667	77,9
30,78333	77,9
30,80000	78,0
30,81667	78,0
30,83333	78,1
30,85000	78,2
30,86667	78,2
30,88333	78,2
30,90000	78,3
30,91667	78,3
30,93333	78,3
30,95000	78,4
30,96667	78,5
30,98333	78,5
31,00000	78,5
31,01667	78,6
31,03333	78,6
31,05000	78,7
31,06667	78,7
31,08333	78,7
31,10000	78,9
31,11667	78,8
31,13333	78,9
31,15000	78,9
31,16667	78,9
31,18333	79,0
31,20000	79,0
31,21667	79,1
31,23333	79,1
31,25000	79,2
31,26667	79,2
31,28333	79,2
31,30000	79,2
31,31667	79,3
31,33333	79,4
31,35000	79,4
31,36667	79,5
31,38333	79,5
31,40000	79,5
31,41667	79,5
31,43333	79,5
31,45000	79,6
31,46667	79,6
31,48333	79,6
31,50000	79,7
31,51667	79,7
31,53333	79,7
31,55000	79,7
31,56667	79,7
31,58333	79,8
31,60000	79,9
31,61667	79,9
31,63333	79,9
31,65000	80,0
31,66667	79,9
31,68333	79,9
31,70000	80,0
31,71667	80,0
31,73333	80,1
31,75000	80,1
31,76667	80,1
31,78333	80,1
31,80000	80,1
31,81667	80,2
31,83333	80,2
31,85000	80,3
31,86667	80,3
31,88333	80,3
31,90000	80,3
31,91667	80,3
31,93333	80,3
31,95000	80,3
31,96667	80,4
31,98333	80,4
32,00000	80,5

[LC Status Trace(Pump B Degasser Pressure)]
Interval(msec)	1000
# of Points	1921
Start Time(min)	0,000
End Time(min)	32,000
Intensity Units	bar
Intensity Multiplier	0,980665
R.Time (min)	Intensity
0,00000	0,00
0,01667	0,00
0,03333	0,00
0,05000	0,00
0,06667	0,00
0,08333	0,00
0,10000	0,00
0,11667	0,00
0,13333	0,00
0,15000	0,00
0,16667	0,00
0,18333	0,00
0,20000	0,00
0,21667	0,00
0,23333	0,00
0,25000	0,00
0,26667	0,00
0,28333	0,00
0,30000	0,00
0,31667	0,00
0,33333	0,00
0,35000	0,00
0,36667	0,00
0,38333	0,00
0,40000	0,00
0,41667	0,00
0,43333	0,00
0,45000	0,00
0,46667	0,00
0,48333	0,00
0,50000	0,00
0,51667	0,00
0,53333	0,00
0,55000	0,00
0,56667	0,00
0,58333	0,00
0,60000	0,00
0,61667	0,00
0,63333	0,00
0,65000	0,00
0,66667	0,00
0,68333	0,00
0,70000	0,00
0,71667	0,00
0,73333	0,00
0,75000	0,00
0,76667	0,00
0,78333	0,00
0,80000	0,00
0,81667	0,00
0,83333	0,00
0,85000	0,00
0,86667	0,00
0,88333	0,00
0,90000	0,00
0,91667	0,00
0,93333	0,00
0,95000	0,00
0,96667	0,00
0,98333	0,00
1,00000	0,00
1,01667	0,00
1,03333	0,00
1,05000	0,00
1,06667	0,00
1,08333	0,00
1,10000	0,00
1,11667	0,00
1,13333	0,00
1,15000	0,00
1,16667	0,00
1,18333	0,00
1,20000	0,00
1,21667	0,00
1,23333	0,00
1,25000	0,00
1,26667	0,00
1,28333	0,00
1,30000	0,00
1,31667	0,00
1,33333	0,00
1,35000	0,00
1,36667	0,00
1,38333	0,00
1,40000	0,00
1,41667	0,00
1,43333	0,00
1,45000	0,00
1,46667	0,00
1,48333	0,00
1,50000	0,00
1,51667	0,00
1,53333	0,00
1,55000	0,00
1,56667	0,00
1,58333	0,00
1,60000	0,00
1,61667	0,00
1,63333	0,00
1,65000	0,00
1,66667	0,00
1,68333	0,00
1,70000	0,00
1,71667	0,00
1,73333	0,00
1,75000	0,00
1,76667	0,00
1,78333	0,00
1,80000	0,00
1,81667	0,00
1,83333	0,00
1,85000	0,00
1,86667	0,00
1,88333	0,00
1,90000	0,00
1,91667	0,00
1,93333	0,00
1,95000	0,00
1,96667	0,00
1,98333	0,00
2,00000	0,00
2,01667	0,00
2,03333	0,00
2,05000	0,00
2,06667	0,00
2,08333	0,00
2,10000	0,00
2,11667	0,00
2,13333	0,00
2,15000	0,00
2,16667	0,00
2,18333	0,00
2,20000	0,00
2,21667	0,00
2,23333	0,00
2,25000	0,00
2,26667	0,00
2,28333	0,00
2,30000	0,00
2,31667	0,00
2,33333	0,00
2,35000	0,00
2,36667	0,00
2,38333	0,00
2,40000	0,00
2,41667	0,00
2,43333	0,00
2,45000	0,00
2,46667	0,00
2,48333	0,00
2,50000	0,00
2,51667	0,00
2,53333	0,00
2,55000	0,00
2,56667	0,00
2,58333	0,00
2,60000	0,00
2,61667	0,00
2,63333	0,00
2,65000	0,00
2,66667	0,00
2,68333	0,00
2,70000	0,00
2,71667	0,00
2,73333	0,00
2,75000	0,00
2,76667	0,00
2,78333	0,00
2,80000	0,00
2,81667	0,00
2,83333	0,00
2,85000	0,00
2,86667	0,00
2,88333	0,00
2,90000	0,00
2,91667	0,00
2,93333	0,00
2,95000	0,00
2,96667	0,00
2,98333	0,00
3,00000	0,00
3,01667	0,00
3,03333	0,00
3,05000	0,00
3,06667	0,00
3,08333	0,00
3,10000	0,00
3,11667	0,00
3,13333	0,00
3,15000	0,00
3,16667	0,00
3,18333	0,00
3,20000	0,00
3,21667	0,00
3,23333	0,00
3,25000	0,00
3,26667	0,00
3,28333	0,00
3,30000	0,00
3,31667	0,00
3,33333	0,00
3,35000	0,00
3,36667	0,00
3,38333	0,00
3,40000	0,00
3,41667	0,00
3,43333	0,00
3,45000	0,00
3,46667	0,00
3,48333	0,00
3,50000	0,00
3,51667	0,00
3,53333	0,00
3,55000	0,00
3,56667	0,00
3,58333	0,00
3,60000	0,00
3,61667	0,00
3,63333	0,00
3,65000	0,00
3,66667	0,00
3,68333	0,00
3,70000	0,00
3,71667	0,00
3,73333	0,00
3,75000	0,00
3,76667	0,00
3,78333	0,00
3,80000	0,00
3,81667	0,00
3,83333	0,00
3,85000	0,00
3,86667	0,00
3,88333	0,00
3,90000	0,00
3,91667	0,00
3,93333	0,00
3,95000	0,00
3,96667	0,00
3,98333	0,00
4,00000	0,00
4,01667	0,00
4,03333	0,00
4,05000	0,00
4,06667	0,00
4,08333	0,00
4,10000	0,00
4,11667	0,00
4,13333	0,00
4,15000	0,00
4,16667	0,00
4,18333	0,00
4,20000	0,00
4,21667	0,00
4,23333	0,00
4,25000	0,00
4,26667	0,00
4,28333	0,00
4,30000	0,00
4,31667	0,00
4,33333	0,00
4,35000	0,00
4,36667	0,00
4,38333	0,00
4,40000	0,00
4,41667	0,00
4,43333	0,00
4,45000	0,00
4,46667	0,00
4,48333	0,00
4,50000	0,00
4,51667	0,00
4,53333	0,00
4,55000	0,00
4,56667	0,00
4,58333	0,00
4,60000	0,00
4,61667	0,00
4,63333	0,00
4,65000	0,00
4,66667	0,00
4,68333	0,00
4,70000	0,00
4,71667	0,00
4,73333	0,00
4,75000	0,00
4,76667	0,00
4,78333	0,00
4,80000	0,00
4,81667	0,00
4,83333	0,00
4,85000	0,00
4,86667	0,00
4,88333	0,00
4,90000	0,00
4,91667	0,00
4,93333	0,00
4,95000	0,00
4,96667	0,00
4,98333	0,00
5,00000	0,00
5,01667	0,00
5,03333	0,00
5,05000	0,00
5,06667	0,00
5,08333	0,00
5,10000	0,00
5,11667	0,00
5,13333	0,00
5,15000	0,00
5,16667	0,00
5,18333	0,00
5,20000	0,00
5,21667	0,00
5,23333	0,00
5,25000	0,00
5,26667	0,00
5,28333	0,00
5,30000	0,00
5,31667	0,00
5,33333	0,00
5,35000	0,00
5,36667	0,00
5,38333	0,00
5,40000	0,00
5,41667	0,00
5,43333	0,00
5,45000	0,00
5,46667	0,00
5,48333	0,00
5,50000	0,00
5,51667	0,00
5,53333	0,00
5,55000	0,00
5,56667	0,00
5,58333	0,00
5,60000	0,00
5,61667	0,00
5,63333	0,00
5,65000	0,00
5,66667	0,00
5,68333	0,00
5,70000	0,00
5,71667	0,00
5,73333	0,00
5,75000	0,00
5,76667	0,00
5,78333	0,00
5,80000	0,00
5,81667	0,00
5,83333	0,00
5,85000	0,00
5,86667	0,00
5,88333	0,00
5,90000	0,00
5,91667	0,00
5,93333	0,00
5,95000	0,00
5,96667	0,00
5,98333	0,00
6,00000	0,00
6,01667	0,00
6,03333	0,00
6,05000	0,00
6,06667	0,00
6,08333	0,00
6,10000	0,00
6,11667	0,00
6,13333	0,00
6,15000	0,00
6,16667	0,00
6,18333	0,00
6,20000	0,00
6,21667	0,00
6,23333	0,00
6,25000	0,00
6,26667	0,00
6,28333	0,00
6,30000	0,00
6,31667	0,00
6,33333	0,00
6,35000	0,00
6,36667	0,00
6,38333	0,00
6,40000	0,00
6,41667	0,00
6,43333	0,00
6,45000	0,00
6,46667	0,00
6,48333	0,00
6,50000	0,00
6,51667	0,00
6,53333	0,00
6,55000	0,00
6,56667	0,00
6,58333	0,00
6,60000	0,00
6,61667	0,00
6,63333	0,00
6,65000	0,00
6,66667	0,00
6,68333	0,00
6,70000	0,00
6,71667	0,00
6,73333	0,00
6,75000	0,00
6,76667	0,00
6,78333	0,00
6,80000	0,00
6,81667	0,00
6,83333	0,00
6,85000	0,00
6,86667	0,00
6,88333	0,00
6,90000	0,00
6,91667	0,00
6,93333	0,00
6,95000	0,00
6,96667	0,00
6,98333	0,00
7,00000	0,00
7,01667	0,00
7,03333	0,00
7,05000	0,00
7,06667	0,00
7,08333	0,00
7,10000	0,00
7,11667	0,00
7,13333	0,00
7,15000	0,00
7,16667	0,00
7,18333	0,00
7,20000	0,00
7,21667	0,00
7,23333	0,00
7,25000	0,00
7,26667	0,00
7,28333	0,00
7,30000	0,00
7,31667	0,00
7,33333	0,00
7,35000	0,00
7,36667	0,00
7,38333	0,00
7,40000	0,00
7,41667	0,00
7,43333	0,00
7,45000	0,00
7,46667	0,00
7,48333	0,00
7,50000	0,00
7,51667	0,00
7,53333	0,00
7,55000	0,00
7,56667	0,00
7,58333	0,00
7,60000	0,00
7,61667	0,00
7,63333	0,00
7,65000	0,00
7,66667	0,00
7,68333	0,00
7,70000	0,00
7,71667	0,00
7,73333	0,00
7,75000	0,00
7,76667	0,00
7,78333	0,00
7,80000	0,00
7,81667	0,00
7,83333	0,00
7,85000	0,00
7,86667	0,00
7,88333	0,00
7,90000	0,00
7,91667	0,00
7,93333	0,00
7,95000	0,00
7,96667	0,00
7,98333	0,00
8,00000	0,00
8,01667	0,00
8,03333	0,00
8,05000	0,00
8,06667	0,00
8,08333	0,00
8,10000	0,00
8,11667	0,00
8,13333	0,00
8,15000	0,00
8,16667	0,00
8,18333	0,00
8,20000	0,00
8,21667	0,00
8,23333	0,00
8,25000	0,00
8,26667	0,00
8,28333	0,00
8,30000	0,00
8,31667	0,00
8,33333	0,00
8,35000	0,00
8,36667	0,00
8,38333	0,00
8,40000	0,00
8,41667	0,00
8,43333	0,00
8,45000	0,00
8,46667	0,00
8,48333	0,00
8,50000	0,00
8,51667	0,00
8,53333	0,00
8,55000	0,00
8,56667	0,00
8,58333	0,00
8,60000	0,00
8,61667	0,00
8,63333	0,00
8,65000	0,00
8,66667	0,00
8,68333	0,00
8,70000	0,00
8,71667	0,00
8,73333	0,00
8,75000	0,00
8,76667	0,00
8,78333	0,00
8,80000	0,00
8,81667	0,00
8,83333	0,00
8,85000	0,00
8,86667	0,00
8,88333	0,00
8,90000	0,00
8,91667	0,00
8,93333	0,00
8,95000	0,00
8,96667	0,00
8,98333	0,00
9,00000	0,00
9,01667	0,00
9,03333	0,00
9,05000	0,00
9,06667	0,00
9,08333	0,00
9,10000	0,00
9,11667	0,00
9,13333	0,00
9,15000	0,00
9,16667	0,00
9,18333	0,00
9,20000	0,00
9,21667	0,00
9,23333	0,00
9,25000	0,00
9,26667	0,00
9,28333	0,00
9,30000	0,00
9,31667	0,00
9,33333	0,00
9,35000	0,00
9,36667	0,00
9,38333	0,00
9,40000	0,00
9,41667	0,00
9,43333	0,00
9,45000	0,00
9,46667	0,00
9,48333	0,00
9,50000	0,00
9,51667	0,00
9,53333	0,00
9,55000	0,00
9,56667	0,00
9,58333	0,00
9,60000	0,00
9,61667	0,00
9,63333	0,00
9,65000	0,00
9,66667	0,00
9,68333	0,00
9,70000	0,00
9,71667	0,00
9,73333	0,00
9,75000	0,00
9,76667	0,00
9,78333	0,00
9,80000	0,00
9,81667	0,00
9,83333	0,00
9,85000	0,00
9,86667	0,00
9,88333	0,00
9,90000	0,00
9,91667	0,00
9,93333	0,00
9,95000	0,00
9,96667	0,00
9,98333	0,00
10,00000	0,00
10,01667	0,00
10,03333	0,00
10,05000	0,00
10,06667	0,00
10,08333	0,00
10,10000	0,00
10,11667	0,00
10,13333	0,00
10,15000	0,00
10,16667	0,00
10,18333	0,00
10,20000	0,00
10,21667	0,00
10,23333	0,00
10,25000	0,00
10,26667	0,00
10,28333	0,00
10,30000	0,00
10,31667	0,00
10,33333	0,00
10,35000	0,00
10,36667	0,00
10,38333	0,00
10,40000	0,00
10,41667	0,00
10,43333	0,00
10,45000	0,00
10,46667	0,00
10,48333	0,00
10,50000	0,00
10,51667	0,00
10,53333	0,00
10,55000	0,00
10,56667	0,00
10,58333	0,00
10,60000	0,00
10,61667	0,00
10,63333	0,00
10,65000	0,00
10,66667	0,00
10,68333	0,00
10,70000	0,00
10,71667	0,00
10,73333	0,00
10,75000	0,00
10,76667	0,00
10,78333	0,00
10,80000	0,00
10,81667	0,00
10,83333	0,00
10,85000	0,00
10,86667	0,00
10,88333	0,00
10,90000	0,00
10,91667	0,00
10,93333	0,00
10,95000	0,00
10,96667	0,00
10,98333	0,00
11,00000	0,00
11,01667	0,00
11,03333	0,00
11,05000	0,00
11,06667	0,00
11,08333	0,00
11,10000	0,00
11,11667	0,00
11,13333	0,00
11,15000	0,00
11,16667	0,00
11,18333	0,00
11,20000	0,00
11,21667	0,00
11,23333	0,00
11,25000	0,00
11,26667	0,00
11,28333	0,00
11,30000	0,00
11,31667	0,00
11,33333	0,00
11,35000	0,00
11,36667	0,00
11,38333	0,00
11,40000	0,00
11,41667	0,00
11,43333	0,00
11,45000	0,00
11,46667	0,00
11,48333	0,00
11,50000	0,00
11,51667	0,00
11,53333	0,00
11,55000	0,00
11,56667	0,00
11,58333	0,00
11,60000	0,00
11,61667	0,00
11,63333	0,00
11,65000	0,00
11,66667	0,00
11,68333	0,00
11,70000	0,00
11,71667	0,00
11,73333	0,00
11,75000	0,00
11,76667	0,00
11,78333	0,00
11,80000	0,00
11,81667	0,00
11,83333	0,00
11,85000	0,00
11,86667	0,00
11,88333	0,00
11,90000	0,00
11,91667	0,00
11,93333	0,00
11,95000	0,00
11,96667	0,00
11,98333	0,00
12,00000	0,00
12,01667	0,00
12,03333	0,00
12,05000	0,00
12,06667	0,00
12,08333	0,00
12,10000	0,00
12,11667	0,00
12,13333	0,00
12,15000	0,00
12,16667	0,00
12,18333	0,00
12,20000	0,00
12,21667	0,00
12,23333	0,00
12,25000	0,00
12,26667	0,00
12,28333	0,00
12,30000	0,00
12,31667	0,00
12,33333	0,00
12,35000	0,00
12,36667	0,00
12,38333	0,00
12,40000	0,00
12,41667	0,00
12,43333	0,00
12,45000	0,00
12,46667	0,00
12,48333	0,00
12,50000	0,00
12,51667	0,00
12,53333	0,00
12,55000	0,00
12,56667	0,00
12,58333	0,00
12,60000	0,00
12,61667	0,00
12,63333	0,00
12,65000	0,00
12,66667	0,00
12,68333	0,00
12,70000	0,00
12,71667	0,00
12,73333	0,00
12,75000	0,00
12,76667	0,00
12,78333	0,00
12,80000	0,00
12,81667	0,00
12,83333	0,00
12,85000	0,00
12,86667	0,00
12,88333	0,00
12,90000	0,00
12,91667	0,00
12,93333	0,00
12,95000	0,00
12,96667	0,00
12,98333	0,00
13,00000	0,00
13,01667	0,00
13,03333	0,00
13,05000	0,00
13,06667	0,00
13,08333	0,00
13,10000	0,00
13,11667	0,00
13,13333	0,00
13,15000	0,00
13,16667	0,00
13,18333	0,00
13,20000	0,00
13,21667	0,00
13,23333	0,00
13,25000	0,00
13,26667	0,00
13,28333	0,00
13,30000	0,00
13,31667	0,00
13,33333	0,00
13,35000	0,00
13,36667	0,00
13,38333	0,00
13,40000	0,00
13,41667	0,00
13,43333	0,00
13,45000	0,00
13,46667	0,00
13,48333	0,00
13,50000	0,00
13,51667	0,00
13,53333	0,00
13,55000	0,00
13,56667	0,00
13,58333	0,00
13,60000	0,00
13,61667	0,00
13,63333	0,00
13,65000	0,00
13,66667	0,00
13,68333	0,00
13,70000	0,00
13,71667	0,00
13,73333	0,00
13,75000	0,00
13,76667	0,00
13,78333	0,00
13,80000	0,00
13,81667	0,00
13,83333	0,00
13,85000	0,00
13,86667	0,00
13,88333	0,00
13,90000	0,00
13,91667	0,00
13,93333	0,00
13,95000	0,00
13,96667	0,00
13,98333	0,00
14,00000	0,00
14,01667	0,00
14,03333	0,00
14,05000	0,00
14,06667	0,00
14,08333	0,00
14,10000	0,00
14,11667	0,00
14,13333	0,00
14,15000	0,00
14,16667	0,00
14,18333	0,00
14,20000	0,00
14,21667	0,00
14,23333	0,00
14,25000	0,00
14,26667	0,00
14,28333	0,00
14,30000	0,00
14,31667	0,00
14,33333	0,00
14,35000	0,00
14,36667	0,00
14,38333	0,00
14,40000	0,00
14,41667	0,00
14,43333	0,00
14,45000	0,00
14,46667	0,00
14,48333	0,00
14,50000	0,00
14,51667	0,00
14,53333	0,00
14,55000	0,00
14,56667	0,00
14,58333	0,00
14,60000	0,00
14,61667	0,00
14,63333	0,00
14,65000	0,00
14,66667	0,00
14,68333	0,00
14,70000	0,00
14,71667	0,00
14,73333	0,00
14,75000	0,00
14,76667	0,00
14,78333	0,00
14,80000	0,00
14,81667	0,00
14,83333	0,00
14,85000	0,00
14,86667	0,00
14,88333	0,00
14,90000	0,00
14,91667	0,00
14,93333	0,00
14,95000	0,00
14,96667	0,00
14,98333	0,00
15,00000	0,00
15,01667	0,00
15,03333	0,00
15,05000	0,00
15,06667	0,00
15,08333	0,00
15,10000	0,00
15,11667	0,00
15,13333	0,00
15,15000	0,00
15,16667	0,00
15,18333	0,00
15,20000	0,00
15,21667	0,00
15,23333	0,00
15,25000	0,00
15,26667	0,00
15,28333	0,00
15,30000	0,00
15,31667	0,00
15,33333	0,00
15,35000	0,00
15,36667	0,00
15,38333	0,00
15,40000	0,00
15,41667	0,00
15,43333	0,00
15,45000	0,00
15,46667	0,00
15,48333	0,00
15,50000	0,00
15,51667	0,00
15,53333	0,00
15,55000	0,00
15,56667	0,00
15,58333	0,00
15,60000	0,00
15,61667	0,00
15,63333	0,00
15,65000	0,00
15,66667	0,00
15,68333	0,00
15,70000	0,00
15,71667	0,00
15,73333	0,00
15,75000	0,00
15,76667	0,00
15,78333	0,00
15,80000	0,00
15,81667	0,00
15,83333	0,00
15,85000	0,00
15,86667	0,00
15,88333	0,00
15,90000	0,00
15,91667	0,00
15,93333	0,00
15,95000	0,00
15,96667	0,00
15,98333	0,00
16,00000	0,00
16,01667	0,00
16,03333	0,00
16,05000	0,00
16,06667	0,00
16,08333	0,00
16,10000	0,00
16,11667	0,00
16,13333	0,00
16,15000	0,00
16,16667	0,00
16,18333	0,00
16,20000	0,00
16,21667	0,00
16,23333	0,00
16,25000	0,00
16,26667	0,00
16,28333	0,00
16,30000	0,00
16,31667	0,00
16,33333	0,00
16,35000	0,00
16,36667	0,00
16,38333	0,00
16,40000	0,00
16,41667	0,00
16,43333	0,00
16,45000	0,00
16,46667	0,00
16,48333	0,00
16,50000	0,00
16,51667	0,00
16,53333	0,00
16,55000	0,00
16,56667	0,00
16,58333	0,00
16,60000	0,00
16,61667	0,00
16,63333	0,00
16,65000	0,00
16,66667	0,00
16,68333	0,00
16,70000	0,00
16,71667	0,00
16,73333	0,00
16,75000	0,00
16,76667	0,00
16,78333	0,00
16,80000	0,00
16,81667	0,00
16,83333	0,00
16,85000	0,00
16,86667	0,00
16,88333	0,00
16,90000	0,00
16,91667	0,00
16,93333	0,00
16,95000	0,00
16,96667	0,00
16,98333	0,00
17,00000	0,00
17,01667	0,00
17,03333	0,00
17,05000	0,00
17,06667	0,00
17,08333	0,00
17,10000	0,00
17,11667	0,00
17,13333	0,00
17,15000	0,00
17,16667	0,00
17,18333	0,00
17,20000	0,00
17,21667	0,00
17,23333	0,00
17,25000	0,00
17,26667	0,00
17,28333	0,00
17,30000	0,00
17,31667	0,00
17,33333	0,00
17,35000	0,00
17,36667	0,00
17,38333	0,00
17,40000	0,00
17,41667	0,00
17,43333	0,00
17,45000	0,00
17,46667	0,00
17,48333	0,00
17,50000	0,00
17,51667	0,00
17,53333	0,00
17,55000	0,00
17,56667	0,00
17,58333	0,00
17,60000	0,00
17,61667	0,00
17,63333	0,00
17,65000	0,00
17,66667	0,00
17,68333	0,00
17,70000	0,00
17,71667	0,00
17,73333	0,00
17,75000	0,00
17,76667	0,00
17,78333	0,00
17,80000	0,00
17,81667	0,00
17,83333	0,00
17,85000	0,00
17,86667	0,00
17,88333	0,00
17,90000	0,00
17,91667	0,00
17,93333	0,00
17,95000	0,00
17,96667	0,00
17,98333	0,00
18,00000	0,00
18,01667	0,00
18,03333	0,00
18,05000	0,00
18,06667	0,00
18,08333	0,00
18,10000	0,00
18,11667	0,00
18,13333	0,00
18,15000	0,00
18,16667	0,00
18,18333	0,00
18,20000	0,00
18,21667	0,00
18,23333	0,00
18,25000	0,00
18,26667	0,00
18,28333	0,00
18,30000	0,00
18,31667	0,00
18,33333	0,00
18,35000	0,00
18,36667	0,00
18,38333	0,00
18,40000	0,00
18,41667	0,00
18,43333	0,00
18,45000	0,00
18,46667	0,00
18,48333	0,00
18,50000	0,00
18,51667	0,00
18,53333	0,00
18,55000	0,00
18,56667	0,00
18,58333	0,00
18,60000	0,00
18,61667	0,00
18,63333	0,00
18,65000	0,00
18,66667	0,00
18,68333	0,00
18,70000	0,00
18,71667	0,00
18,73333	0,00
18,75000	0,00
18,76667	0,00
18,78333	0,00
18,80000	0,00
18,81667	0,00
18,83333	0,00
18,85000	0,00
18,86667	0,00
18,88333	0,00
18,90000	0,00
18,91667	0,00
18,93333	0,00
18,95000	0,00
18,96667	0,00
18,98333	0,00
19,00000	0,00
19,01667	0,00
19,03333	0,00
19,05000	0,00
19,06667	0,00
19,08333	0,00
19,10000	0,00
19,11667	0,00
19,13333	0,00
19,15000	0,00
19,16667	0,00
19,18333	0,00
19,20000	0,00
19,21667	0,00
19,23333	0,00
19,25000	0,00
19,26667	0,00
19,28333	0,00
19,30000	0,00
19,31667	0,00
19,33333	0,00
19,35000	0,00
19,36667	0,00
19,38333	0,00
19,40000	0,00
19,41667	0,00
19,43333	0,00
19,45000	0,00
19,46667	0,00
19,48333	0,00
19,50000	0,00
19,51667	0,00
19,53333	0,00
19,55000	0,00
19,56667	0,00
19,58333	0,00
19,60000	0,00
19,61667	0,00
19,63333	0,00
19,65000	0,00
19,66667	0,00
19,68333	0,00
19,70000	0,00
19,71667	0,00
19,73333	0,00
19,75000	0,00
19,76667	0,00
19,78333	0,00
19,80000	0,00
19,81667	0,00
19,83333	0,00
19,85000	0,00
19,86667	0,00
19,88333	0,00
19,90000	0,00
19,91667	0,00
19,93333	0,00
19,95000	0,00
19,96667	0,00
19,98333	0,00
20,00000	0,00
20,01667	0,00
20,03333	0,00
20,05000	0,00
20,06667	0,00
20,08333	0,00
20,10000	0,00
20,11667	0,00
20,13333	0,00
20,15000	0,00
20,16667	0,00
20,18333	0,00
20,20000	0,00
20,21667	0,00
20,23333	0,00
20,25000	0,00
20,26667	0,00
20,28333	0,00
20,30000	0,00
20,31667	0,00
20,33333	0,00
20,35000	0,00
20,36667	0,00
20,38333	0,00
20,40000	0,00
20,41667	0,00
20,43333	0,00
20,45000	0,00
20,46667	0,00
20,48333	0,00
20,50000	0,00
20,51667	0,00
20,53333	0,00
20,55000	0,00
20,56667	0,00
20,58333	0,00
20,60000	0,00
20,61667	0,00
20,63333	0,00
20,65000	0,00
20,66667	0,00
20,68333	0,00
20,70000	0,00
20,71667	0,00
20,73333	0,00
20,75000	0,00
20,76667	0,00
20,78333	0,00
20,80000	0,00
20,81667	0,00
20,83333	0,00
20,85000	0,00
20,86667	0,00
20,88333	0,00
20,90000	0,00
20,91667	0,00
20,93333	0,00
20,95000	0,00
20,96667	0,00
20,98333	0,00
21,00000	0,00
21,01667	0,00
21,03333	0,00
21,05000	0,00
21,06667	0,00
21,08333	0,00
21,10000	0,00
21,11667	0,00
21,13333	0,00
21,15000	0,00
21,16667	0,00
21,18333	0,00
21,20000	0,00
21,21667	0,00
21,23333	0,00
21,25000	0,00
21,26667	0,00
21,28333	0,00
21,30000	0,00
21,31667	0,00
21,33333	0,00
21,35000	0,00
21,36667	0,00
21,38333	0,00
21,40000	0,00
21,41667	0,00
21,43333	0,00
21,45000	0,00
21,46667	0,00
21,48333	0,00
21,50000	0,00
21,51667	0,00
21,53333	0,00
21,55000	0,00
21,56667	0,00
21,58333	0,00
21,60000	0,00
21,61667	0,00
21,63333	0,00
21,65000	0,00
21,66667	0,00
21,68333	0,00
21,70000	0,00
21,71667	0,00
21,73333	0,00
21,75000	0,00
21,76667	0,00
21,78333	0,00
21,80000	0,00
21,81667	0,00
21,83333	0,00
21,85000	0,00
21,86667	0,00
21,88333	0,00
21,90000	0,00
21,91667	0,00
21,93333	0,00
21,95000	0,00
21,96667	0,00
21,98333	0,00
22,00000	0,00
22,01667	0,00
22,03333	0,00
22,05000	0,00
22,06667	0,00
22,08333	0,00
22,10000	0,00
22,11667	0,00
22,13333	0,00
22,15000	0,00
22,16667	0,00
22,18333	0,00
22,20000	0,00
22,21667	0,00
22,23333	0,00
22,25000	0,00
22,26667	0,00
22,28333	0,00
22,30000	0,00
22,31667	0,00
22,33333	0,00
22,35000	0,00
22,36667	0,00
22,38333	0,00
22,40000	0,00
22,41667	0,00
22,43333	0,00
22,45000	0,00
22,46667	0,00
22,48333	0,00
22,50000	0,00
22,51667	0,00
22,53333	0,00
22,55000	0,00
22,56667	0,00
22,58333	0,00
22,60000	0,00
22,61667	0,00
22,63333	0,00
22,65000	0,00
22,66667	0,00
22,68333	0,00
22,70000	0,00
22,71667	0,00
22,73333	0,00
22,75000	0,00
22,76667	0,00
22,78333	0,00
22,80000	0,00
22,81667	0,00
22,83333	0,00
22,85000	0,00
22,86667	0,00
22,88333	0,00
22,90000	0,00
22,91667	0,00
22,93333	0,00
22,95000	0,00
22,96667	0,00
22,98333	0,00
23,00000	0,00
23,01667	0,00
23,03333	0,00
23,05000	0,00
23,06667	0,00
23,08333	0,00
23,10000	0,00
23,11667	0,00
23,13333	0,00
23,15000	0,00
23,16667	0,00
23,18333	0,00
23,20000	0,00
23,21667	0,00
23,23333	0,00
23,25000	0,00
23,26667	0,00
23,28333	0,00
23,30000	0,00
23,31667	0,00
23,33333	0,00
23,35000	0,00
23,36667	0,00
23,38333	0,00
23,40000	0,00
23,41667	0,00
23,43333	0,00
23,45000	0,00
23,46667	0,00
23,48333	0,00
23,50000	0,00
23,51667	0,00
23,53333	0,00
23,55000	0,00
23,56667	0,00
23,58333	0,00
23,60000	0,00
23,61667	0,00
23,63333	0,00
23,65000	0,00
23,66667	0,00
23,68333	0,00
23,70000	0,00
23,71667	0,00
23,73333	0,00
23,75000	0,00
23,76667	0,00
23,78333	0,00
23,80000	0,00
23,81667	0,00
23,83333	0,00
23,85000	0,00
23,86667	0,00
23,88333	0,00
23,90000	0,00
23,91667	0,00
23,93333	0,00
23,95000	0,00
23,96667	0,00
23,98333	0,00
24,00000	0,00
24,01667	0,00
24,03333	0,00
24,05000	0,00
24,06667	0,00
24,08333	0,00
24,10000	0,00
24,11667	0,00
24,13333	0,00
24,15000	0,00
24,16667	0,00
24,18333	0,00
24,20000	0,00
24,21667	0,00
24,23333	0,00
24,25000	0,00
24,26667	0,00
24,28333	0,00
24,30000	0,00
24,31667	0,00
24,33333	0,00
24,35000	0,00
24,36667	0,00
24,38333	0,00
24,40000	0,00
24,41667	0,00
24,43333	0,00
24,45000	0,00
24,46667	0,00
24,48333	0,00
24,50000	0,00
24,51667	0,00
24,53333	0,00
24,55000	0,00
24,56667	0,00
24,58333	0,00
24,60000	0,00
24,61667	0,00
24,63333	0,00
24,65000	0,00
24,66667	0,00
24,68333	0,00
24,70000	0,00
24,71667	0,00
24,73333	0,00
24,75000	0,00
24,76667	0,00
24,78333	0,00
24,80000	0,00
24,81667	0,00
24,83333	0,00
24,85000	0,00
24,86667	0,00
24,88333	0,00
24,90000	0,00
24,91667	0,00
24,93333	0,00
24,95000	0,00
24,96667	0,00
24,98333	0,00
25,00000	0,00
25,01667	0,00
25,03333	0,00
25,05000	0,00
25,06667	0,00
25,08333	0,00
25,10000	0,00
25,11667	0,00
25,13333	0,00
25,15000	0,00
25,16667	0,00
25,18333	0,00
25,20000	0,00
25,21667	0,00
25,23333	0,00
25,25000	0,00
25,26667	0,00
25,28333	0,00
25,30000	0,00
25,31667	0,00
25,33333	0,00
25,35000	0,00
25,36667	0,00
25,38333	0,00
25,40000	0,00
25,41667	0,00
25,43333	0,00
25,45000	0,00
25,46667	0,00
25,48333	0,00
25,50000	0,00
25,51667	0,00
25,53333	0,00
25,55000	0,00
25,56667	0,00
25,58333	0,00
25,60000	0,00
25,61667	0,00
25,63333	0,00
25,65000	0,00
25,66667	0,00
25,68333	0,00
25,70000	0,00
25,71667	0,00
25,73333	0,00
25,75000	0,00
25,76667	0,00
25,78333	0,00
25,80000	0,00
25,81667	0,00
25,83333	0,00
25,85000	0,00
25,86667	0,00
25,88333	0,00
25,90000	0,00
25,91667	0,00
25,93333	0,00
25,95000	0,00
25,96667	0,00
25,98333	0,00
26,00000	0,00
26,01667	0,00
26,03333	0,00
26,05000	0,00
26,06667	0,00
26,08333	0,00
26,10000	0,00
26,11667	0,00
26,13333	0,00
26,15000	0,00
26,16667	0,00
26,18333	0,00
26,20000	0,00
26,21667	0,00
26,23333	0,00
26,25000	0,00
26,26667	0,00
26,28333	0,00
26,30000	0,00
26,31667	0,00
26,33333	0,00
26,35000	0,00
26,36667	0,00
26,38333	0,00
26,40000	0,00
26,41667	0,00
26,43333	0,00
26,45000	0,00
26,46667	0,00
26,48333	0,00
26,50000	0,00
26,51667	0,00
26,53333	0,00
26,55000	0,00
26,56667	0,00
26,58333	0,00
26,60000	0,00
26,61667	0,00
26,63333	0,00
26,65000	0,00
26,66667	0,00
26,68333	0,00
26,70000	0,00
26,71667	0,00
26,73333	0,00
26,75000	0,00
26,76667	0,00
26,78333	0,00
26,80000	0,00
26,81667	0,00
26,83333	0,00
26,85000	0,00
26,86667	0,00
26,88333	0,00
26,90000	0,00
26,91667	0,00
26,93333	0,00
26,95000	0,00
26,96667	0,00
26,98333	0,00
27,00000	0,00
27,01667	0,00
27,03333	0,00
27,05000	0,00
27,06667	0,00
27,08333	0,00
27,10000	0,00
27,11667	0,00
27,13333	0,00
27,15000	0,00
27,16667	0,00
27,18333	0,00
27,20000	0,00
27,21667	0,00
27,23333	0,00
27,25000	0,00
27,26667	0,00
27,28333	0,00
27,30000	0,00
27,31667	0,00
27,33333	0,00
27,35000	0,00
27,36667	0,00
27,38333	0,00
27,40000	0,00
27,41667	0,00
27,43333	0,00
27,45000	0,00
27,46667	0,00
27,48333	0,00
27,50000	0,00
27,51667	0,00
27,53333	0,00
27,55000	0,00
27,56667	0,00
27,58333	0,00
27,60000	0,00
27,61667	0,00
27,63333	0,00
27,65000	0,00
27,66667	0,00
27,68333	0,00
27,70000	0,00
27,71667	0,00
27,73333	0,00
27,75000	0,00
27,76667	0,00
27,78333	0,00
27,80000	0,00
27,81667	0,00
27,83333	0,00
27,85000	0,00
27,86667	0,00
27,88333	0,00
27,90000	0,00
27,91667	0,00
27,93333	0,00
27,95000	0,00
27,96667	0,00
27,98333	0,00
28,00000	0,00
28,01667	0,00
28,03333	0,00
28,05000	0,00
28,06667	0,00
28,08333	0,00
28,10000	0,00
28,11667	0,00
28,13333	0,00
28,15000	0,00
28,16667	0,00
28,18333	0,00
28,20000	0,00
28,21667	0,00
28,23333	0,00
28,25000	0,00
28,26667	0,00
28,28333	0,00
28,30000	0,00
28,31667	0,00
28,33333	0,00
28,35000	0,00
28,36667	0,00
28,38333	0,00
28,40000	0,00
28,41667	0,00
28,43333	0,00
28,45000	0,00
28,46667	0,00
28,48333	0,00
28,50000	0,00
28,51667	0,00
28,53333	0,00
28,55000	0,00
28,56667	0,00
28,58333	0,00
28,60000	0,00
28,61667	0,00
28,63333	0,00
28,65000	0,00
28,66667	0,00
28,68333	0,00
28,70000	0,00
28,71667	0,00
28,73333	0,00
28,75000	0,00
28,76667	0,00
28,78333	0,00
28,80000	0,00
28,81667	0,00
28,83333	0,00
28,85000	0,00
28,86667	0,00
28,88333	0,00
28,90000	0,00
28,91667	0,00
28,93333	0,00
28,95000	0,00
28,96667	0,00
28,98333	0,00
29,00000	0,00
29,01667	0,00
29,03333	0,00
29,05000	0,00
29,06667	0,00
29,08333	0,00
29,10000	0,00
29,11667	0,00
29,13333	0,00
29,15000	0,00
29,16667	0,00
29,18333	0,00
29,20000	0,00
29,21667	0,00
29,23333	0,00
29,25000	0,00
29,26667	0,00
29,28333	0,00
29,30000	0,00
29,31667	0,00
29,33333	0,00
29,35000	0,00
29,36667	0,00
29,38333	0,00
29,40000	0,00
29,41667	0,00
29,43333	0,00
29,45000	0,00
29,46667	0,00
29,48333	0,00
29,50000	0,00
29,51667	0,00
29,53333	0,00
29,55000	0,00
29,56667	0,00
29,58333	0,00
29,60000	0,00
29,61667	0,00
29,63333	0,00
29,65000	0,00
29,66667	0,00
29,68333	0,00
29,70000	0,00
29,71667	0,00
29,73333	0,00
29,75000	0,00
29,76667	0,00
29,78333	0,00
29,80000	0,00
29,81667	0,00
29,83333	0,00
29,85000	0,00
29,86667	0,00
29,88333	0,00
29,90000	0,00
29,91667	0,00
29,93333	0,00
29,95000	0,00
29,96667	0,00
29,98333	0,00
30,00000	0,00
30,01667	0,00
30,03333	0,00
30,05000	0,00
30,06667	0,00
30,08333	0,00
30,10000	0,00
30,11667	0,00
30,13333	0,00
30,15000	0,00
30,16667	0,00
30,18333	0,00
30,20000	0,00
30,21667	0,00
30,23333	0,00
30,25000	0,00
30,26667	0,00
30,28333	0,00
30,30000	0,00
30,31667	0,00
30,33333	0,00
30,35000	0,00
30,36667	0,00
30,38333	0,00
30,40000	0,00
30,41667	0,00
30,43333	0,00
30,45000	0,00
30,46667	0,00
30,48333	0,00
30,50000	0,00
30,51667	0,00
30,53333	0,00
30,55000	0,00
30,56667	0,00
30,58333	0,00
30,60000	0,00
30,61667	0,00
30,63333	0,00
30,65000	0,00
30,66667	0,00
30,68333	0,00
30,70000	0,00
30,71667	0,00
30,73333	0,00
30,75000	0,00
30,76667	0,00
30,78333	0,00
30,80000	0,00
30,81667	0,00
30,83333	0,00
30,85000	0,00
30,86667	0,00
30,88333	0,00
30,90000	0,00
30,91667	0,00
30,93333	0,00
30,95000	0,00
30,96667	0,00
30,98333	0,00
31,00000	0,00
31,01667	0,00
31,03333	0,00
31,05000	0,00
31,06667	0,00
31,08333	0,00
31,10000	0,00
31,11667	0,00
31,13333	0,00
31,15000	0,00
31,16667	0,00
31,18333	0,00
31,20000	0,00
31,21667	0,00
31,23333	0,00
31,25000	0,00
31,26667	0,00
31,28333	0,00
31,30000	0,00
31,31667	0,00
31,33333	0,00
31,35000	0,00
31,36667	0,00
31,38333	0,00
31,40000	0,00
31,41667	0,00
31,43333	0,00
31,45000	0,00
31,46667	0,00
31,48333	0,00
31,50000	0,00
31,51667	0,00
31,53333	0,00
31,55000	0,00
31,56667	0,00
31,58333	0,00
31,60000	0,00
31,61667	0,00
31,63333	0,00
31,65000	0,00
31,66667	0,00
31,68333	0,00
31,70000	0,00
31,71667	0,00
31,73333	0,00
31,75000	0,00
31,76667	0,00
31,78333	0,00
31,80000	0,00
31,81667	0,00
31,83333	0,00
31,85000	0,00
31,86667	0,00
31,88333	0,00
31,90000	0,00
31,91667	0,00
31,93333	0,00
31,95000	0,00
31,96667	0,00
31,98333	0,00
32,00000	0,00

[LC Status Trace(Sample Cooler Temp.)]
Interval(msec)	1000
# of Points	1921
Start Time(min)	0,000
End Time(min)	32,000
Intensity Units	C
Intensity Multiplier	1
R.Time (min)	Intensity
0,00000	3,98
0,01667	3,98
0,03333	3,98
0,05000	3,98
0,06667	3,98
0,08333	4,01
0,10000	4,00
0,11667	4,01
0,13333	4,01
0,15000	4,00
0,16667	4,01
0,18333	4,01
0,20000	4,00
0,21667	4,01
0,23333	4,01
0,25000	4,00
0,26667	4,01
0,28333	4,01
0,30000	4,00
0,31667	4,01
0,33333	4,01
0,35000	4,00
0,36667	4,01
0,38333	4,01
0,40000	4,00
0,41667	4,01
0,43333	4,01
0,45000	4,00
0,46667	4,01
0,48333	4,01
0,50000	4,00
0,51667	4,01
0,53333	4,01
0,55000	4,00
0,56667	4,02
0,58333	4,01
0,60000	4,00
0,61667	4,02
0,63333	4,01
0,65000	4,00
0,66667	4,02
0,68333	4,02
0,70000	4,01
0,71667	4,02
0,73333	4,02
0,75000	4,01
0,76667	4,02
0,78333	4,02
0,80000	4,01
0,81667	4,02
0,83333	4,02
0,85000	4,01
0,86667	4,02
0,88333	4,02
0,90000	4,01
0,91667	4,02
0,93333	4,02
0,95000	4,01
0,96667	4,02
0,98333	4,02
1,00000	4,01
1,01667	4,02
1,03333	4,02
1,05000	4,01
1,06667	4,02
1,08333	4,02
1,10000	4,01
1,11667	4,02
1,13333	4,02
1,15000	4,01
1,16667	4,02
1,18333	4,02
1,20000	4,01
1,21667	4,02
1,23333	4,02
1,25000	4,01
1,26667	4,02
1,28333	4,02
1,30000	4,01
1,31667	4,02
1,33333	4,02
1,35000	4,01
1,36667	4,02
1,38333	4,02
1,40000	4,01
1,41667	4,02
1,43333	4,02
1,45000	4,01
1,46667	4,02
1,48333	4,02
1,50000	4,01
1,51667	4,02
1,53333	4,02
1,55000	4,01
1,56667	4,02
1,58333	4,02
1,60000	4,01
1,61667	4,02
1,63333	4,02
1,65000	4,01
1,66667	4,02
1,68333	4,02
1,70000	4,01
1,71667	4,03
1,73333	4,03
1,75000	4,01
1,76667	4,02
1,78333	4,02
1,80000	4,01
1,81667	4,03
1,83333	4,02
1,85000	4,01
1,86667	4,02
1,88333	4,03
1,90000	4,01
1,91667	4,02
1,93333	4,02
1,95000	4,01
1,96667	4,02
1,98333	4,03
2,00000	4,01
2,01667	4,02
2,03333	4,02
2,05000	4,01
2,06667	4,02
2,08333	4,02
2,10000	4,01
2,11667	4,02
2,13333	4,02
2,15000	4,01
2,16667	4,03
2,18333	4,02
2,20000	4,01
2,21667	4,02
2,23333	4,03
2,25000	4,01
2,26667	4,03
2,28333	4,02
2,30000	4,01
2,31667	4,02
2,33333	4,02
2,35000	4,01
2,36667	4,02
2,38333	4,03
2,40000	4,01
2,41667	4,03
2,43333	4,02
2,45000	4,01
2,46667	4,03
2,48333	4,02
2,50000	4,01
2,51667	4,02
2,53333	4,03
2,55000	4,01
2,56667	4,03
2,58333	4,02
2,60000	4,01
2,61667	4,02
2,63333	4,03
2,65000	4,01
2,66667	4,02
2,68333	4,03
2,70000	4,01
2,71667	4,02
2,73333	4,03
2,75000	4,01
2,76667	4,02
2,78333	4,02
2,80000	4,01
2,81667	4,02
2,83333	4,02
2,85000	4,01
2,86667	4,02
2,88333	4,02
2,90000	4,01
2,91667	4,02
2,93333	4,02
2,95000	4,01
2,96667	4,02
2,98333	4,02
3,00000	4,01
3,01667	4,02
3,03333	4,02
3,05000	4,01
3,06667	4,02
3,08333	4,02
3,10000	4,01
3,11667	4,02
3,13333	4,02
3,15000	4,01
3,16667	4,02
3,18333	4,02
3,20000	4,01
3,21667	4,02
3,23333	4,02
3,25000	4,01
3,26667	4,02
3,28333	4,02
3,30000	4,01
3,31667	4,02
3,33333	4,02
3,35000	4,01
3,36667	4,02
3,38333	4,02
3,40000	4,01
3,41667	4,02
3,43333	4,02
3,45000	4,00
3,46667	4,02
3,48333	4,02
3,50000	4,01
3,51667	4,02
3,53333	4,02
3,55000	4,00
3,56667	4,01
3,58333	4,02
3,60000	4,00
3,61667	4,02
3,63333	4,02
3,65000	4,00
3,66667	4,01
3,68333	4,01
3,70000	4,00
3,71667	4,01
3,73333	4,01
3,75000	4,00
3,76667	4,01
3,78333	4,01
3,80000	4,00
3,81667	4,01
3,83333	4,01
3,85000	4,00
3,86667	4,01
3,88333	4,01
3,90000	4,00
3,91667	4,01
3,93333	4,01
3,95000	4,00
3,96667	4,01
3,98333	4,01
4,00000	4,00
4,01667	4,01
4,03333	4,01
4,05000	4,00
4,06667	4,01
4,08333	4,01
4,10000	4,00
4,11667	4,01
4,13333	4,01
4,15000	4,00
4,16667	4,01
4,18333	4,01
4,20000	3,99
4,21667	4,01
4,23333	4,01
4,25000	3,99
4,26667	4,01
4,28333	4,00
4,30000	3,99
4,31667	4,00
4,33333	4,01
4,35000	3,99
4,36667	4,01
4,38333	4,00
4,40000	3,99
4,41667	4,00
4,43333	4,00
4,45000	3,99
4,46667	4,00
4,48333	4,00
4,50000	3,99
4,51667	4,00
4,53333	4,00
4,55000	3,99
4,56667	4,00
4,58333	4,00
4,60000	3,99
4,61667	4,00
4,63333	4,00
4,65000	3,99
4,66667	4,00
4,68333	4,00
4,70000	3,99
4,71667	4,00
4,73333	4,00
4,75000	3,99
4,76667	4,00
4,78333	4,00
4,80000	3,99
4,81667	4,00
4,83333	4,00
4,85000	3,99
4,86667	4,00
4,88333	4,00
4,90000	3,99
4,91667	4,00
4,93333	4,00
4,95000	3,99
4,96667	4,00
4,98333	4,00
5,00000	3,99
5,01667	4,00
5,03333	4,00
5,05000	3,99
5,06667	4,00
5,08333	4,00
5,10000	3,99
5,11667	4,00
5,13333	4,00
5,15000	3,99
5,16667	4,00
5,18333	4,00
5,20000	3,99
5,21667	4,00
5,23333	4,00
5,25000	3,99
5,26667	4,00
5,28333	4,00
5,30000	3,99
5,31667	4,00
5,33333	4,00
5,35000	3,99
5,36667	4,00
5,38333	4,00
5,40000	3,99
5,41667	4,00
5,43333	4,00
5,45000	3,99
5,46667	4,00
5,48333	4,00
5,50000	3,98
5,51667	4,00
5,53333	4,00
5,55000	3,99
5,56667	4,00
5,58333	4,00
5,60000	3,99
5,61667	4,00
5,63333	4,00
5,65000	3,99
5,66667	4,00
5,68333	4,00
5,70000	3,98
5,71667	4,00
5,73333	4,00
5,75000	3,99
5,76667	4,00
5,78333	4,00
5,80000	3,98
5,81667	4,00
5,83333	4,00
5,85000	3,99
5,86667	4,00
5,88333	4,00
5,90000	3,98
5,91667	4,00
5,93333	4,00
5,95000	3,99
5,96667	4,00
5,98333	4,00
6,00000	3,98
6,01667	4,00
6,03333	4,00
6,05000	3,98
6,06667	4,00
6,08333	3,99
6,10000	3,98
6,11667	3,99
6,13333	4,00
6,15000	3,98
6,16667	3,99
6,18333	3,99
6,20000	3,98
6,21667	4,00
6,23333	4,00
6,25000	3,98
6,26667	3,99
6,28333	3,99
6,30000	3,98
6,31667	3,99
6,33333	3,99
6,35000	3,98
6,36667	3,99
6,38333	3,99
6,40000	3,98
6,41667	3,99
6,43333	3,99
6,45000	3,98
6,46667	3,99
6,48333	3,99
6,50000	3,98
6,51667	3,99
6,53333	3,99
6,55000	3,98
6,56667	3,99
6,58333	3,99
6,60000	3,98
6,61667	3,99
6,63333	3,99
6,65000	3,98
6,66667	3,99
6,68333	3,99
6,70000	3,98
6,71667	3,99
6,73333	3,99
6,75000	3,98
6,76667	3,99
6,78333	3,99
6,80000	3,98
6,81667	3,99
6,83333	3,99
6,85000	3,98
6,86667	3,99
6,88333	3,99
6,90000	3,98
6,91667	3,99
6,93333	3,99
6,95000	3,98
6,96667	3,99
6,98333	3,99
7,00000	3,98
7,01667	3,99
7,03333	3,99
7,05000	3,98
7,06667	3,99
7,08333	3,99
7,10000	3,98
7,11667	3,99
7,13333	3,99
7,15000	3,98
7,16667	3,99
7,18333	3,99
7,20000	3,98
7,21667	3,99
7,23333	3,99
7,25000	3,98
7,26667	3,99
7,28333	3,99
7,30000	3,98
7,31667	3,99
7,33333	3,99
7,35000	3,98
7,36667	3,99
7,38333	3,99
7,40000	3,98
7,41667	3,99
7,43333	3,99
7,45000	3,98
7,46667	3,99
7,48333	3,99
7,50000	3,98
7,51667	3,99
7,53333	3,99
7,55000	3,98
7,56667	3,99
7,58333	3,99
7,60000	3,98
7,61667	3,99
7,63333	3,99
7,65000	3,98
7,66667	3,99
7,68333	3,99
7,70000	3,98
7,71667	3,99
7,73333	3,99
7,75000	3,98
7,76667	3,99
7,78333	3,99
7,80000	3,98
7,81667	3,99
7,83333	3,99
7,85000	3,98
7,86667	3,99
7,88333	3,99
7,90000	3,98
7,91667	3,99
7,93333	3,99
7,95000	3,98
7,96667	3,99
7,98333	3,99
8,00000	3,98
8,01667	3,99
8,03333	3,99
8,05000	3,98
8,06667	3,99
8,08333	3,99
8,10000	3,98
8,11667	3,99
8,13333	3,99
8,15000	3,98
8,16667	3,99
8,18333	3,99
8,20000	3,98
8,21667	3,99
8,23333	3,99
8,25000	3,98
8,26667	3,99
8,28333	3,99
8,30000	3,98
8,31667	3,99
8,33333	3,99
8,35000	3,98
8,36667	3,99
8,38333	3,99
8,40000	3,98
8,41667	3,99
8,43333	3,99
8,45000	3,98
8,46667	3,99
8,48333	3,99
8,50000	3,98
8,51667	3,99
8,53333	3,99
8,55000	3,98
8,56667	3,99
8,58333	3,99
8,60000	3,98
8,61667	3,99
8,63333	3,99
8,65000	3,98
8,66667	3,99
8,68333	3,99
8,70000	3,98
8,71667	3,99
8,73333	3,99
8,75000	3,98
8,76667	3,99
8,78333	3,99
8,80000	3,98
8,81667	3,99
8,83333	3,99
8,85000	3,98
8,86667	3,99
8,88333	3,99
8,90000	3,98
8,91667	3,99
8,93333	3,99
8,95000	3,98
8,96667	3,99
8,98333	3,99
9,00000	3,98
9,01667	3,99
9,03333	3,99
9,05000	3,98
9,06667	3,99
9,08333	3,99
9,10000	3,98
9,11667	3,99
9,13333	3,99
9,15000	3,98
9,16667	3,99
9,18333	3,99
9,20000	3,98
9,21667	3,99
9,23333	3,99
9,25000	3,98
9,26667	3,99
9,28333	3,99
9,30000	3,98
9,31667	3,99
9,33333	3,99
9,35000	3,98
9,36667	3,99
9,38333	3,99
9,40000	3,98
9,41667	3,99
9,43333	3,99
9,45000	3,98
9,46667	3,99
9,48333	3,99
9,50000	3,98
9,51667	3,99
9,53333	3,99
9,55000	3,98
9,56667	3,99
9,58333	3,99
9,60000	3,98
9,61667	3,99
9,63333	3,99
9,65000	3,98
9,66667	3,99
9,68333	3,99
9,70000	3,98
9,71667	3,99
9,73333	3,99
9,75000	3,98
9,76667	3,99
9,78333	3,99
9,80000	3,98
9,81667	3,99
9,83333	3,99
9,85000	3,98
9,86667	3,99
9,88333	3,99
9,90000	3,98
9,91667	3,99
9,93333	3,99
9,95000	3,98
9,96667	3,99
9,98333	3,99
10,00000	3,98
10,01667	3,99
10,03333	3,99
10,05000	3,98
10,06667	3,99
10,08333	3,99
10,10000	3,98
10,11667	3,99
10,13333	3,99
10,15000	3,98
10,16667	3,99
10,18333	3,99
10,20000	3,98
10,21667	3,99
10,23333	3,99
10,25000	3,98
10,26667	3,99
10,28333	3,99
10,30000	3,98
10,31667	3,99
10,33333	3,99
10,35000	3,98
10,36667	3,99
10,38333	3,99
10,40000	3,98
10,41667	3,99
10,43333	3,99
10,45000	3,98
10,46667	3,99
10,48333	3,99
10,50000	3,98
10,51667	3,99
10,53333	3,99
10,55000	3,98
10,56667	3,99
10,58333	3,99
10,60000	3,98
10,61667	3,99
10,63333	3,99
10,65000	3,98
10,66667	3,99
10,68333	3,99
10,70000	3,98
10,71667	3,99
10,73333	3,99
10,75000	3,98
10,76667	3,99
10,78333	3,99
10,80000	3,98
10,81667	3,99
10,83333	3,99
10,85000	3,98
10,86667	3,99
10,88333	3,99
10,90000	3,98
10,91667	3,99
10,93333	3,99
10,95000	3,98
10,96667	3,99
10,98333	3,99
11,00000	3,98
11,01667	3,99
11,03333	3,99
11,05000	3,98
11,06667	3,99
11,08333	3,99
11,10000	3,98
11,11667	3,99
11,13333	3,99
11,15000	3,98
11,16667	3,99
11,18333	4,00
11,20000	3,98
11,21667	3,99
11,23333	3,99
11,25000	3,98
11,26667	3,99
11,28333	4,00
11,30000	3,98
11,31667	3,99
11,33333	3,99
11,35000	3,98
11,36667	3,99
11,38333	3,99
11,40000	3,98
11,41667	3,99
11,43333	3,99
11,45000	3,98
11,46667	3,99
11,48333	3,99
11,50000	3,98
11,51667	3,99
11,53333	3,99
11,55000	3,98
11,56667	4,00
11,58333	3,99
11,60000	3,98
11,61667	3,99
11,63333	3,99
11,65000	3,98
11,66667	3,99
11,68333	3,99
11,70000	3,98
11,71667	3,99
11,73333	3,99
11,75000	3,98
11,76667	3,99
11,78333	3,99
11,80000	3,98
11,81667	3,99
11,83333	3,99
11,85000	3,98
11,86667	3,99
11,88333	3,99
11,90000	3,98
11,91667	3,99
11,93333	3,99
11,95000	3,98
11,96667	3,99
11,98333	3,99
12,00000	3,98
12,01667	3,99
12,03333	3,99
12,05000	3,98
12,06667	3,99
12,08333	3,99
12,10000	3,98
12,11667	3,99
12,13333	3,99
12,15000	3,98
12,16667	3,99
12,18333	3,99
12,20000	3,98
12,21667	3,99
12,23333	3,99
12,25000	3,98
12,26667	3,99
12,28333	3,99
12,30000	3,98
12,31667	3,99
12,33333	3,99
12,35000	3,98
12,36667	3,99
12,38333	3,99
12,40000	3,98
12,41667	3,99
12,43333	3,99
12,45000	3,98
12,46667	3,99
12,48333	3,99
12,50000	3,98
12,51667	3,99
12,53333	3,99
12,55000	3,98
12,56667	3,99
12,58333	3,99
12,60000	3,98
12,61667	3,99
12,63333	3,99
12,65000	3,98
12,66667	3,99
12,68333	3,99
12,70000	3,98
12,71667	3,99
12,73333	3,99
12,75000	3,98
12,76667	3,99
12,78333	3,99
12,80000	3,98
12,81667	3,99
12,83333	3,99
12,85000	3,98
12,86667	3,99
12,88333	3,99
12,90000	3,98
12,91667	3,99
12,93333	3,99
12,95000	3,98
12,96667	3,99
12,98333	3,99
13,00000	3,98
13,01667	3,99
13,03333	3,99
13,05000	3,98
13,06667	3,99
13,08333	3,99
13,10000	3,98
13,11667	3,99
13,13333	3,99
13,15000	3,98
13,16667	3,99
13,18333	3,99
13,20000	3,98
13,21667	3,99
13,23333	4,00
13,25000	3,98
13,26667	3,99
13,28333	3,99
13,30000	3,98
13,31667	3,99
13,33333	4,00
13,35000	3,98
13,36667	4,00
13,38333	3,99
13,40000	3,98
13,41667	4,00
13,43333	3,99
13,45000	3,98
13,46667	3,99
13,48333	3,99
13,50000	3,98
13,51667	4,00
13,53333	3,99
13,55000	3,98
13,56667	3,99
13,58333	3,99
13,60000	3,98
13,61667	3,99
13,63333	4,00
13,65000	3,98
13,66667	3,99
13,68333	3,99
13,70000	3,98
13,71667	3,99
13,73333	3,99
13,75000	3,98
13,76667	4,00
13,78333	3,99
13,80000	3,98
13,81667	4,00
13,83333	4,00
13,85000	3,98
13,86667	3,99
13,88333	3,99
13,90000	3,99
13,91667	4,00
13,93333	4,00
13,95000	3,98
13,96667	4,00
13,98333	4,00
14,00000	3,99
14,01667	4,00
14,03333	4,00
14,05000	3,98
14,06667	4,00
14,08333	4,00
14,10000	3,98
14,11667	4,00
14,13333	4,00
14,15000	3,99
14,16667	4,00
14,18333	4,00
14,20000	3,99
14,21667	4,00
14,23333	4,00
14,25000	3,99
14,26667	4,00
14,28333	4,00
14,30000	3,98
14,31667	4,00
14,33333	4,00
14,35000	3,99
14,36667	4,00
14,38333	4,00
14,40000	3,98
14,41667	4,00
14,43333	4,00
14,45000	3,99
14,46667	4,00
14,48333	4,00
14,50000	3,98
14,51667	4,00
14,53333	4,00
14,55000	3,99
14,56667	4,00
14,58333	4,00
14,60000	3,99
14,61667	4,00
14,63333	4,00
14,65000	3,99
14,66667	4,00
14,68333	4,00
14,70000	3,98
14,71667	4,00
14,73333	4,00
14,75000	3,99
14,76667	4,00
14,78333	4,00
14,80000	3,98
14,81667	4,00
14,83333	4,00
14,85000	3,99
14,86667	4,00
14,88333	4,00
14,90000	3,98
14,91667	4,00
14,93333	4,00
14,95000	3,99
14,96667	4,00
14,98333	4,00
15,00000	3,99
15,01667	4,00
15,03333	4,00
15,05000	3,99
15,06667	4,00
15,08333	4,00
15,10000	3,99
15,11667	4,00
15,13333	4,00
15,15000	3,98
15,16667	4,00
15,18333	4,00
15,20000	3,99
15,21667	4,00
15,23333	4,00
15,25000	3,99
15,26667	4,00
15,28333	4,00
15,30000	3,99
15,31667	4,00
15,33333	4,00
15,35000	3,98
15,36667	4,00
15,38333	4,00
15,40000	3,99
15,41667	4,00
15,43333	4,00
15,45000	3,98
15,46667	4,00
15,48333	4,00
15,50000	3,99
15,51667	4,00
15,53333	4,00
15,55000	3,98
15,56667	4,00
15,58333	4,00
15,60000	3,99
15,61667	4,00
15,63333	4,00
15,65000	3,98
15,66667	4,00
15,68333	4,00
15,70000	3,98
15,71667	4,00
15,73333	4,00
15,75000	3,99
15,76667	4,00
15,78333	4,00
15,80000	3,98
15,81667	4,00
15,83333	4,00
15,85000	3,98
15,86667	4,00
15,88333	4,00
15,90000	3,98
15,91667	4,00
15,93333	4,00
15,95000	3,99
15,96667	4,00
15,98333	4,00
16,00000	3,98
16,01667	3,99
16,03333	3,99
16,05000	3,99
16,06667	4,00
16,08333	3,99
16,10000	3,98
16,11667	3,99
16,13333	4,00
16,15000	3,99
16,16667	4,00
16,18333	4,00
16,20000	3,98
16,21667	4,00
16,23333	4,00
16,25000	3,98
16,26667	4,00
16,28333	4,00
16,30000	3,98
16,31667	3,99
16,33333	4,00
16,35000	3,98
16,36667	3,99
16,38333	3,99
16,40000	3,98
16,41667	4,00
16,43333	4,00
16,45000	3,98
16,46667	4,00
16,48333	4,00
16,50000	3,98
16,51667	4,00
16,53333	4,00
16,55000	3,98
16,56667	4,00
16,58333	4,00
16,60000	3,99
16,61667	4,00
16,63333	4,00
16,65000	3,98
16,66667	4,00
16,68333	4,00
16,70000	3,98
16,71667	4,00
16,73333	4,00
16,75000	3,99
16,76667	4,00
16,78333	3,99
16,80000	3,98
16,81667	4,00
16,83333	4,00
16,85000	3,98
16,86667	3,99
16,88333	4,00
16,90000	3,99
16,91667	4,00
16,93333	4,00
16,95000	3,98
16,96667	4,00
16,98333	4,00
17,00000	3,99
17,01667	3,99
17,03333	3,99
17,05000	3,98
17,06667	4,00
17,08333	4,00
17,10000	3,98
17,11667	4,00
17,13333	3,99
17,15000	3,98
17,16667	4,00
17,18333	4,00
17,20000	3,98
17,21667	3,99
17,23333	4,00
17,25000	3,98
17,26667	3,99
17,28333	4,00
17,30000	3,98
17,31667	3,99
17,33333	3,99
17,35000	3,98
17,36667	3,99
17,38333	3,99
17,40000	3,98
17,41667	3,99
17,43333	3,99
17,45000	3,98
17,46667	3,99
17,48333	4,00
17,50000	3,98
17,51667	3,99
17,53333	4,00
17,55000	3,98
17,56667	3,99
17,58333	3,99
17,60000	3,98
17,61667	3,99
17,63333	4,00
17,65000	3,98
17,66667	3,99
17,68333	3,99
17,70000	3,98
17,71667	3,99
17,73333	3,99
17,75000	3,98
17,76667	3,99
17,78333	3,99
17,80000	3,98
17,81667	3,99
17,83333	3,99
17,85000	3,98
17,86667	3,99
17,88333	3,99
17,90000	3,98
17,91667	3,99
17,93333	4,00
17,95000	3,98
17,96667	3,99
17,98333	3,99
18,00000	3,98
18,01667	3,99
18,03333	3,99
18,05000	3,98
18,06667	3,99
18,08333	3,99
18,10000	3,98
18,11667	3,99
18,13333	3,99
18,15000	3,98
18,16667	3,99
18,18333	3,99
18,20000	3,98
18,21667	3,99
18,23333	3,99
18,25000	3,98
18,26667	3,99
18,28333	3,99
18,30000	3,98
18,31667	3,99
18,33333	3,99
18,35000	3,98
18,36667	3,99
18,38333	3,99
18,40000	3,98
18,41667	3,99
18,43333	3,99
18,45000	3,98
18,46667	3,99
18,48333	3,99
18,50000	3,98
18,51667	3,99
18,53333	3,99
18,55000	3,98
18,56667	3,99
18,58333	3,99
18,60000	3,98
18,61667	3,99
18,63333	3,99
18,65000	3,98
18,66667	3,99
18,68333	3,99
18,70000	3,98
18,71667	3,99
18,73333	3,99
18,75000	3,98
18,76667	3,99
18,78333	3,99
18,80000	3,98
18,81667	3,99
18,83333	3,99
18,85000	3,98
18,86667	3,99
18,88333	3,99
18,90000	3,98
18,91667	3,99
18,93333	3,99
18,95000	3,98
18,96667	3,99
18,98333	3,99
19,00000	3,98
19,01667	3,99
19,03333	3,99
19,05000	3,98
19,06667	3,99
19,08333	3,99
19,10000	3,98
19,11667	3,99
19,13333	3,99
19,15000	3,98
19,16667	3,99
19,18333	3,99
19,20000	3,98
19,21667	3,99
19,23333	4,00
19,25000	3,98
19,26667	3,99
19,28333	3,99
19,30000	3,98
19,31667	3,99
19,33333	3,99
19,35000	3,98
19,36667	3,99
19,38333	3,99
19,40000	3,98
19,41667	4,00
19,43333	3,99
19,45000	3,98
19,46667	3,99
19,48333	3,99
19,50000	3,98
19,51667	3,99
19,53333	4,00
19,55000	3,98
19,56667	3,99
19,58333	4,00
19,60000	3,98
19,61667	4,00
19,63333	4,00
19,65000	3,98
19,66667	3,99
19,68333	4,00
19,70000	3,99
19,71667	4,00
19,73333	4,00
19,75000	3,98
19,76667	4,00
19,78333	4,00
19,80000	3,98
19,81667	3,99
19,83333	3,99
19,85000	3,98
19,86667	3,99
19,88333	3,99
19,90000	3,98
19,91667	3,99
19,93333	3,99
19,95000	3,98
19,96667	4,00
19,98333	4,00
20,00000	3,98
20,01667	4,00
20,03333	4,00
20,05000	3,98
20,06667	4,00
20,08333	4,00
20,10000	3,98
20,11667	4,00
20,13333	3,99
20,15000	3,98
20,16667	4,00
20,18333	4,00
20,20000	3,98
20,21667	4,00
20,23333	3,99
20,25000	3,98
20,26667	4,00
20,28333	4,00
20,30000	3,98
20,31667	4,00
20,33333	4,00
20,35000	3,99
20,36667	4,00
20,38333	4,00
20,40000	3,99
20,41667	4,00
20,43333	4,00
20,45000	3,99
20,46667	4,00
20,48333	4,00
20,50000	3,99
20,51667	4,00
20,53333	4,00
20,55000	3,99
20,56667	4,00
20,58333	4,00
20,60000	3,99
20,61667	4,00
20,63333	4,00
20,65000	3,99
20,66667	4,00
20,68333	4,00
20,70000	3,99
20,71667	4,00
20,73333	4,00
20,75000	3,99
20,76667	4,00
20,78333	4,00
20,80000	3,99
20,81667	4,00
20,83333	4,00
20,85000	3,99
20,86667	4,00
20,88333	4,00
20,90000	3,99
20,91667	4,00
20,93333	4,00
20,95000	3,99
20,96667	4,00
20,98333	4,00
21,00000	3,99
21,01667	4,00
21,03333	4,00
21,05000	3,99
21,06667	4,00
21,08333	4,00
21,10000	3,99
21,11667	4,00
21,13333	4,00
21,15000	3,99
21,16667	4,00
21,18333	4,00
21,20000	3,99
21,21667	4,00
21,23333	4,00
21,25000	3,99
21,26667	4,00
21,28333	4,00
21,30000	3,99
21,31667	4,00
21,33333	4,00
21,35000	3,99
21,36667	4,00
21,38333	4,00
21,40000	3,99
21,41667	4,00
21,43333	4,00
21,45000	3,99
21,46667	4,00
21,48333	4,00
21,50000	3,99
21,51667	4,00
21,53333	4,00
21,55000	3,99
21,56667	4,00
21,58333	4,00
21,60000	3,99
21,61667	4,00
21,63333	4,00
21,65000	3,99
21,66667	4,00
21,68333	4,00
21,70000	3,99
21,71667	4,00
21,73333	4,00
21,75000	3,99
21,76667	4,00
21,78333	4,00
21,80000	3,99
21,81667	4,00
21,83333	4,00
21,85000	3,99
21,86667	4,00
21,88333	4,00
21,90000	3,99
21,91667	4,00
21,93333	4,00
21,95000	3,99
21,96667	4,00
21,98333	4,00
22,00000	3,99
22,01667	4,00
22,03333	4,00
22,05000	3,99
22,06667	4,00
22,08333	4,00
22,10000	3,99
22,11667	4,00
22,13333	4,00
22,15000	3,99
22,16667	4,00
22,18333	4,00
22,20000	3,99
22,21667	4,00
22,23333	4,00
22,25000	3,99
22,26667	4,00
22,28333	4,00
22,30000	3,99
22,31667	4,00
22,33333	4,00
22,35000	3,99
22,36667	4,00
22,38333	4,00
22,40000	3,99
22,41667	4,00
22,43333	4,00
22,45000	3,99
22,46667	4,00
22,48333	4,00
22,50000	3,99
22,51667	4,00
22,53333	4,00
22,55000	3,99
22,56667	4,00
22,58333	4,00
22,60000	3,99
22,61667	4,00
22,63333	4,00
22,65000	3,99
22,66667	4,00
22,68333	4,00
22,70000	3,99
22,71667	4,00
22,73333	4,00
22,75000	3,98
22,76667	4,00
22,78333	4,00
22,80000	3,99
22,81667	4,00
22,83333	4,00
22,85000	3,98
22,86667	4,00
22,88333	4,00
22,90000	3,98
22,91667	4,00
22,93333	4,00
22,95000	3,98
22,96667	4,00
22,98333	4,00
23,00000	3,99
23,01667	4,00
23,03333	3,99
23,05000	3,98
23,06667	4,00
23,08333	4,00
23,10000	3,98
23,11667	3,99
23,13333	3,99
23,15000	3,98
23,16667	4,00
23,18333	4,00
23,20000	3,98
23,21667	3,99
23,23333	3,99
23,25000	3,98
23,26667	4,00
23,28333	4,00
23,30000	3,98
23,31667	3,99
23,33333	3,99
23,35000	3,98
23,36667	3,99
23,38333	3,99
23,40000	3,98
23,41667	3,99
23,43333	3,99
23,45000	3,98
23,46667	3,99
23,48333	3,99
23,50000	3,98
23,51667	3,99
23,53333	3,99
23,55000	3,98
23,56667	3,99
23,58333	3,99
23,60000	3,98
23,61667	3,99
23,63333	3,99
23,65000	3,98
23,66667	3,99
23,68333	3,99
23,70000	3,98
23,71667	3,99
23,73333	3,99
23,75000	3,98
23,76667	3,99
23,78333	3,99
23,80000	3,98
23,81667	3,99
23,83333	3,99
23,85000	3,98
23,86667	3,99
23,88333	3,99
23,90000	3,98
23,91667	3,99
23,93333	3,99
23,95000	3,98
23,96667	3,99
23,98333	3,99
24,00000	3,98
24,01667	3,99
24,03333	3,99
24,05000	3,98
24,06667	3,99
24,08333	3,99
24,10000	3,98
24,11667	3,99
24,13333	3,99
24,15000	3,98
24,16667	3,99
24,18333	3,99
24,20000	3,98
24,21667	3,99
24,23333	3,99
24,25000	3,98
24,26667	3,99
24,28333	3,99
24,30000	3,98
24,31667	3,99
24,33333	3,99
24,35000	3,98
24,36667	3,99
24,38333	3,99
24,40000	3,98
24,41667	3,99
24,43333	3,99
24,45000	3,98
24,46667	3,99
24,48333	3,99
24,50000	3,98
24,51667	3,99
24,53333	3,99
24,55000	3,98
24,56667	3,99
24,58333	3,99
24,60000	3,98
24,61667	3,99
24,63333	3,99
24,65000	3,98
24,66667	3,99
24,68333	3,99
24,70000	3,98
24,71667	3,99
24,73333	3,99
24,75000	3,98
24,76667	3,99
24,78333	3,99
24,80000	3,98
24,81667	3,99
24,83333	3,99
24,85000	3,98
24,86667	3,99
24,88333	3,99
24,90000	3,98
24,91667	3,99
24,93333	3,99
24,95000	3,98
24,96667	3,99
24,98333	3,99
25,00000	3,98
25,01667	3,99
25,03333	3,99
25,05000	3,98
25,06667	3,99
25,08333	3,99
25,10000	3,98
25,11667	3,99
25,13333	3,99
25,15000	3,98
25,16667	3,99
25,18333	3,99
25,20000	3,98
25,21667	3,99
25,23333	3,99
25,25000	3,98
25,26667	3,99
25,28333	3,99
25,30000	3,98
25,31667	3,99
25,33333	3,99
25,35000	3,98
25,36667	3,99
25,38333	3,99
25,40000	3,98
25,41667	3,99
25,43333	3,99
25,45000	3,98
25,46667	3,99
25,48333	3,99
25,50000	3,98
25,51667	3,99
25,53333	3,99
25,55000	3,98
25,56667	3,99
25,58333	3,99
25,60000	3,98
25,61667	3,99
25,63333	3,99
25,65000	3,98
25,66667	3,99
25,68333	3,99
25,70000	3,98
25,71667	3,99
25,73333	3,99
25,75000	3,98
25,76667	3,99
25,78333	3,99
25,80000	3,98
25,81667	3,99
25,83333	3,99
25,85000	3,97
25,86667	3,99
25,88333	3,99
25,90000	3,98
25,91667	3,99
25,93333	3,99
25,95000	3,98
25,96667	3,99
25,98333	3,99
26,00000	3,98
26,01667	3,99
26,03333	3,99
26,05000	3,97
26,06667	3,99
26,08333	3,99
26,10000	3,98
26,11667	3,99
26,13333	3,99
26,15000	3,98
26,16667	3,99
26,18333	3,99
26,20000	3,97
26,21667	3,99
26,23333	3,99
26,25000	3,97
26,26667	3,99
26,28333	3,99
26,30000	3,97
26,31667	3,99
26,33333	3,99
26,35000	3,98
26,36667	3,99
26,38333	3,99
26,40000	3,97
26,41667	3,99
26,43333	3,99
26,45000	3,98
26,46667	3,99
26,48333	3,99
26,50000	3,97
26,51667	3,99
26,53333	3,99
26,55000	3,98
26,56667	3,99
26,58333	3,99
26,60000	3,97
26,61667	3,99
26,63333	3,99
26,65000	3,98
26,66667	3,99
26,68333	3,99
26,70000	3,97
26,71667	3,99
26,73333	3,99
26,75000	3,97
26,76667	3,99
26,78333	3,99
26,80000	3,97
26,81667	3,99
26,83333	3,99
26,85000	3,98
26,86667	3,99
26,88333	3,99
26,90000	3,97
26,91667	3,99
26,93333	3,99
26,95000	3,97
26,96667	3,99
26,98333	3,99
27,00000	3,97
27,01667	3,99
27,03333	3,99
27,05000	3,98
27,06667	3,99
27,08333	3,99
27,10000	3,98
27,11667	3,99
27,13333	3,99
27,15000	3,98
27,16667	3,99
27,18333	3,99
27,20000	3,98
27,21667	3,99
27,23333	3,99
27,25000	3,97
27,26667	3,99
27,28333	3,99
27,30000	3,97
27,31667	3,99
27,33333	3,99
27,35000	3,97
27,36667	3,99
27,38333	3,99
27,40000	3,98
27,41667	3,99
27,43333	3,99
27,45000	3,97
27,46667	3,99
27,48333	3,99
27,50000	3,98
27,51667	3,99
27,53333	3,99
27,55000	3,97
27,56667	3,99
27,58333	3,99
27,60000	3,98
27,61667	3,99
27,63333	3,99
27,65000	3,98
27,66667	3,99
27,68333	3,99
27,70000	3,98
27,71667	3,99
27,73333	3,99
27,75000	3,98
27,76667	3,99
27,78333	3,99
27,80000	3,98
27,81667	3,99
27,83333	3,99
27,85000	3,98
27,86667	3,99
27,88333	3,99
27,90000	3,98
27,91667	3,99
27,93333	3,99
27,95000	3,98
27,96667	3,99
27,98333	3,99
28,00000	3,98
28,01667	3,99
28,03333	3,99
28,05000	3,98
28,06667	3,99
28,08333	3,99
28,10000	3,98
28,11667	3,99
28,13333	3,99
28,15000	3,98
28,16667	3,99
28,18333	3,99
28,20000	3,98
28,21667	3,99
28,23333	3,99
28,25000	3,98
28,26667	3,99
28,28333	3,99
28,30000	3,98
28,31667	3,99
28,33333	3,99
28,35000	3,98
28,36667	3,99
28,38333	3,99
28,40000	3,98
28,41667	3,99
28,43333	3,99
28,45000	3,98
28,46667	3,99
28,48333	3,99
28,50000	3,98
28,51667	3,99
28,53333	3,99
28,55000	3,98
28,56667	3,99
28,58333	3,99
28,60000	3,98
28,61667	3,99
28,63333	3,99
28,65000	3,98
28,66667	3,99
28,68333	3,99
28,70000	3,98
28,71667	3,99
28,73333	3,99
28,75000	3,98
28,76667	3,99
28,78333	3,99
28,80000	3,98
28,81667	3,99
28,83333	3,99
28,85000	3,98
28,86667	3,99
28,88333	3,99
28,90000	3,98
28,91667	3,99
28,93333	3,99
28,95000	3,98
28,96667	3,99
28,98333	3,99
29,00000	3,98
29,01667	3,99
29,03333	3,99
29,05000	3,98
29,06667	3,99
29,08333	3,99
29,10000	3,98
29,11667	3,99
29,13333	3,99
29,15000	3,98
29,16667	3,99
29,18333	3,99
29,20000	3,98
29,21667	3,99
29,23333	3,99
29,25000	3,98
29,26667	3,99
29,28333	3,99
29,30000	3,98
29,31667	3,99
29,33333	3,99
29,35000	3,98
29,36667	3,99
29,38333	3,99
29,40000	3,98
29,41667	3,99
29,43333	3,99
29,45000	3,98
29,46667	3,99
29,48333	3,99
29,50000	3,98
29,51667	3,99
29,53333	3,99
29,55000	3,98
29,56667	3,99
29,58333	3,99
29,60000	3,98
29,61667	3,99
29,63333	3,99
29,65000	3,98
29,66667	3,99
29,68333	3,99
29,70000	3,98
29,71667	3,99
29,73333	3,99
29,75000	3,98
29,76667	3,99
29,78333	3,99
29,80000	3,98
29,81667	3,99
29,83333	3,99
29,85000	3,98
29,86667	3,99
29,88333	3,99
29,90000	3,98
29,91667	3,99
29,93333	3,99
29,95000	3,98
29,96667	3,99
29,98333	3,99
30,00000	3,98
30,01667	3,99
30,03333	3,99
30,05000	3,98
30,06667	3,99
30,08333	3,99
30,10000	3,98
30,11667	3,99
30,13333	3,99
30,15000	3,98
30,16667	3,99
30,18333	3,99
30,20000	3,98
30,21667	3,99
30,23333	3,99
30,25000	3,98
30,26667	3,99
30,28333	3,99
30,30000	3,98
30,31667	3,99
30,33333	3,99
30,35000	3,98
30,36667	3,99
30,38333	3,99
30,40000	3,98
30,41667	3,99
30,43333	3,99
30,45000	3,98
30,46667	3,99
30,48333	3,99
30,50000	3,98
30,51667	3,99
30,53333	3,99
30,55000	3,98
30,56667	3,99
30,58333	3,99
30,60000	3,98
30,61667	3,99
30,63333	3,99
30,65000	3,98
30,66667	3,99
30,68333	3,99
30,70000	3,98
30,71667	3,99
30,73333	3,99
30,75000	3,98
30,76667	3,99
30,78333	3,99
30,80000	3,98
30,81667	3,99
30,83333	3,99
30,85000	3,98
30,86667	3,99
30,88333	3,99
30,90000	3,98
30,91667	3,99
30,93333	3,99
30,95000	3,98
30,96667	3,99
30,98333	3,99
31,00000	3,98
31,01667	3,99
31,03333	3,99
31,05000	3,98
31,06667	3,99
31,08333	3,99
31,10000	3,98
31,11667	3,99
31,13333	3,99
31,15000	3,98
31,16667	3,99
31,18333	3,99
31,20000	3,98
31,21667	3,99
31,23333	3,99
31,25000	3,98
31,26667	3,99
31,28333	3,99
31,30000	3,98
31,31667	3,99
31,33333	3,99
31,35000	3,98
31,36667	3,99
31,38333	3,99
31,40000	3,98
31,41667	3,99
31,43333	3,99
31,45000	3,98
31,46667	3,99
31,48333	3,99
31,50000	3,98
31,51667	3,99
31,53333	3,99
31,55000	3,98
31,56667	3,99
31,58333	3,99
31,60000	3,98
31,61667	3,99
31,63333	3,99
31,65000	3,98
31,66667	3,99
31,68333	3,99
31,70000	3,98
31,71667	3,99
31,73333	3,99
31,75000	3,98
31,76667	3,99
31,78333	4,00
31,80000	3,98
31,81667	4,00
31,83333	3,99
31,85000	3,98
31,86667	3,99
31,88333	4,00
31,90000	3,98
31,91667	4,00
31,93333	3,99
31,95000	3,98
31,96667	4,00
31,98333	4,00
32,00000	3,98

[LC Status Trace(Oven Temp.)]
Interval(msec)	1000
# of Points	1921
Start Time(min)	0,000
End Time(min)	32,000
Intensity Units	C
Intensity Multiplier	1
R.Time (min)	Intensity
0,00000	49,99
0,01667	49,99
0,03333	49,99
0,05000	49,99
0,06667	49,99
0,08333	49,99
0,10000	49,99
0,11667	49,99
0,13333	49,99
0,15000	49,99
0,16667	49,99
0,18333	49,99
0,20000	49,99
0,21667	49,99
0,23333	49,99
0,25000	49,99
0,26667	49,99
0,28333	49,99
0,30000	49,99
0,31667	49,99
0,33333	49,99
0,35000	49,99
0,36667	49,99
0,38333	49,99
0,40000	49,99
0,41667	49,99
0,43333	49,99
0,45000	49,99
0,46667	49,99
0,48333	49,99
0,50000	49,99
0,51667	49,99
0,53333	49,99
0,55000	49,99
0,56667	49,99
0,58333	49,99
0,60000	50,00
0,61667	50,00
0,63333	50,00
0,65000	50,00
0,66667	50,00
0,68333	50,00
0,70000	50,00
0,71667	50,00
0,73333	50,00
0,75000	50,00
0,76667	50,00
0,78333	50,00
0,80000	50,00
0,81667	50,00
0,83333	50,00
0,85000	50,00
0,86667	50,00
0,88333	50,00
0,90000	50,00
0,91667	50,00
0,93333	50,00
0,95000	50,00
0,96667	50,00
0,98333	50,00
1,00000	50,00
1,01667	50,00
1,03333	50,00
1,05000	50,00
1,06667	50,00
1,08333	50,00
1,10000	50,00
1,11667	50,00
1,13333	50,00
1,15000	50,00
1,16667	50,00
1,18333	50,00
1,20000	50,00
1,21667	50,00
1,23333	50,00
1,25000	50,00
1,26667	50,00
1,28333	50,00
1,30000	50,00
1,31667	50,00
1,33333	50,00
1,35000	50,00
1,36667	50,00
1,38333	49,99
1,40000	49,99
1,41667	50,00
1,43333	50,00
1,45000	50,00
1,46667	50,00
1,48333	50,00
1,50000	50,00
1,51667	49,99
1,53333	49,99
1,55000	49,99
1,56667	49,99
1,58333	49,99
1,60000	49,99
1,61667	49,99
1,63333	49,99
1,65000	49,99
1,66667	49,99
1,68333	49,99
1,70000	49,99
1,71667	49,99
1,73333	49,99
1,75000	49,99
1,76667	49,99
1,78333	49,99
1,80000	49,99
1,81667	49,99
1,83333	49,99
1,85000	49,99
1,86667	49,99
1,88333	49,99
1,90000	49,99
1,91667	49,99
1,93333	49,99
1,95000	49,99
1,96667	49,99
1,98333	49,99
2,00000	49,99
2,01667	49,99
2,03333	49,99
2,05000	49,99
2,06667	49,99
2,08333	49,99
2,10000	49,99
2,11667	49,99
2,13333	49,99
2,15000	49,99
2,16667	50,00
2,18333	50,00
2,20000	50,00
2,21667	50,00
2,23333	50,00
2,25000	50,00
2,26667	50,00
2,28333	50,00
2,30000	50,00
2,31667	50,00
2,33333	50,00
2,35000	50,00
2,36667	50,00
2,38333	50,00
2,40000	50,00
2,41667	50,00
2,43333	50,00
2,45000	50,00
2,46667	50,00
2,48333	50,00
2,50000	50,00
2,51667	50,00
2,53333	50,00
2,55000	50,00
2,56667	50,00
2,58333	50,00
2,60000	50,00
2,61667	50,00
2,63333	50,00
2,65000	50,00
2,66667	50,00
2,68333	50,00
2,70000	50,00
2,71667	50,00
2,73333	50,00
2,75000	50,00
2,76667	49,99
2,78333	49,99
2,80000	49,99
2,81667	49,99
2,83333	49,99
2,85000	49,99
2,86667	49,99
2,88333	49,99
2,90000	49,99
2,91667	49,99
2,93333	49,99
2,95000	49,99
2,96667	49,99
2,98333	50,00
3,00000	50,00
3,01667	50,00
3,03333	50,00
3,05000	50,00
3,06667	50,00
3,08333	50,00
3,10000	50,00
3,11667	49,99
3,13333	49,99
3,15000	49,99
3,16667	49,99
3,18333	49,99
3,20000	49,99
3,21667	49,99
3,23333	49,99
3,25000	49,99
3,26667	49,99
3,28333	49,99
3,30000	49,99
3,31667	49,99
3,33333	49,99
3,35000	49,99
3,36667	49,99
3,38333	49,99
3,40000	49,99
3,41667	49,99
3,43333	49,99
3,45000	49,99
3,46667	49,99
3,48333	49,99
3,50000	49,99
3,51667	49,99
3,53333	49,99
3,55000	49,99
3,56667	50,00
3,58333	50,00
3,60000	50,00
3,61667	50,00
3,63333	50,00
3,65000	50,00
3,66667	50,00
3,68333	50,00
3,70000	50,00
3,71667	50,00
3,73333	50,00
3,75000	50,00
3,76667	50,00
3,78333	50,00
3,80000	50,00
3,81667	50,00
3,83333	50,00
3,85000	50,00
3,86667	50,00
3,88333	50,00
3,90000	50,00
3,91667	50,00
3,93333	50,00
3,95000	50,00
3,96667	50,00
3,98333	50,00
4,00000	50,00
4,01667	50,00
4,03333	50,00
4,05000	50,00
4,06667	50,00
4,08333	50,00
4,10000	50,00
4,11667	50,00
4,13333	50,00
4,15000	50,00
4,16667	50,00
4,18333	50,00
4,20000	50,00
4,21667	50,00
4,23333	50,00
4,25000	50,00
4,26667	50,00
4,28333	50,00
4,30000	50,00
4,31667	50,00
4,33333	50,00
4,35000	50,00
4,36667	50,00
4,38333	50,00
4,40000	50,00
4,41667	50,00
4,43333	50,00
4,45000	50,00
4,46667	50,00
4,48333	50,00
4,50000	50,00
4,51667	50,00
4,53333	50,00
4,55000	50,00
4,56667	50,00
4,58333	50,00
4,60000	50,00
4,61667	50,00
4,63333	50,00
4,65000	50,00
4,66667	50,00
4,68333	50,00
4,70000	50,00
4,71667	50,00
4,73333	50,00
4,75000	50,00
4,76667	50,00
4,78333	50,00
4,80000	50,00
4,81667	50,00
4,83333	50,00
4,85000	50,00
4,86667	50,00
4,88333	50,00
4,90000	50,00
4,91667	50,00
4,93333	50,00
4,95000	50,00
4,96667	50,00
4,98333	50,00
5,00000	50,00
5,01667	50,00
5,03333	50,00
5,05000	50,00
5,06667	50,00
5,08333	49,99
5,10000	49,99
5,11667	50,00
5,13333	50,00
5,15000	50,00
5,16667	50,00
5,18333	50,00
5,20000	50,00
5,21667	50,00
5,23333	50,00
5,25000	50,00
5,26667	50,00
5,28333	50,00
5,30000	49,99
5,31667	49,99
5,33333	49,99
5,35000	49,99
5,36667	49,99
5,38333	49,99
5,40000	49,99
5,41667	49,99
5,43333	49,99
5,45000	49,99
5,46667	49,99
5,48333	49,99
5,50000	49,99
5,51667	49,99
5,53333	49,99
5,55000	49,99
5,56667	49,99
5,58333	49,99
5,60000	49,99
5,61667	49,99
5,63333	49,99
5,65000	49,99
5,66667	49,99
5,68333	49,99
5,70000	49,99
5,71667	49,99
5,73333	49,99
5,75000	49,99
5,76667	49,99
5,78333	49,99
5,80000	49,99
5,81667	49,99
5,83333	49,99
5,85000	49,99
5,86667	49,99
5,88333	49,99
5,90000	49,99
5,91667	49,99
5,93333	49,99
5,95000	49,99
5,96667	49,99
5,98333	49,99
6,00000	49,99
6,01667	49,99
6,03333	49,99
6,05000	49,99
6,06667	49,99
6,08333	49,99
6,10000	49,99
6,11667	49,99
6,13333	49,99
6,15000	49,99
6,16667	49,99
6,18333	49,99
6,20000	49,99
6,21667	49,99
6,23333	50,00
6,25000	50,00
6,26667	50,00
6,28333	50,00
6,30000	50,00
6,31667	50,00
6,33333	50,00
6,35000	50,00
6,36667	50,00
6,38333	50,00
6,40000	50,00
6,41667	50,00
6,43333	50,00
6,45000	50,00
6,46667	50,00
6,48333	50,00
6,50000	50,00
6,51667	50,00
6,53333	50,00
6,55000	50,00
6,56667	50,00
6,58333	50,00
6,60000	50,00
6,61667	50,00
6,63333	50,00
6,65000	50,00
6,66667	50,00
6,68333	50,00
6,70000	50,00
6,71667	50,00
6,73333	50,00
6,75000	50,00
6,76667	50,00
6,78333	50,00
6,80000	50,00
6,81667	50,00
6,83333	50,00
6,85000	50,00
6,86667	50,00
6,88333	50,00
6,90000	50,00
6,91667	50,00
6,93333	50,00
6,95000	50,00
6,96667	50,00
6,98333	50,00
7,00000	50,00
7,01667	50,00
7,03333	50,00
7,05000	50,00
7,06667	50,00
7,08333	50,00
7,10000	50,00
7,11667	50,00
7,13333	50,00
7,15000	50,00
7,16667	50,00
7,18333	50,00
7,20000	50,00
7,21667	50,00
7,23333	50,00
7,25000	50,00
7,26667	50,00
7,28333	50,00
7,30000	50,00
7,31667	50,00
7,33333	50,00
7,35000	50,00
7,36667	50,00
7,38333	50,00
7,40000	50,00
7,41667	50,00
7,43333	50,00
7,45000	50,00
7,46667	50,00
7,48333	49,99
7,50000	49,99
7,51667	49,99
7,53333	49,99
7,55000	49,99
7,56667	49,99
7,58333	49,99
7,60000	49,99
7,61667	49,99
7,63333	49,99
7,65000	49,99
7,66667	49,99
7,68333	49,99
7,70000	49,99
7,71667	50,00
7,73333	50,00
7,75000	50,00
7,76667	50,00
7,78333	50,00
7,80000	50,00
7,81667	50,00
7,83333	50,00
7,85000	50,00
7,86667	50,00
7,88333	50,00
7,90000	50,00
7,91667	49,99
7,93333	49,99
7,95000	49,99
7,96667	49,99
7,98333	49,99
8,00000	49,99
8,01667	49,99
8,03333	49,99
8,05000	49,99
8,06667	49,99
8,08333	49,99
8,10000	49,99
8,11667	49,99
8,13333	49,99
8,15000	49,99
8,16667	49,99
8,18333	49,99
8,20000	49,99
8,21667	49,99
8,23333	49,99
8,25000	49,99
8,26667	49,99
8,28333	49,99
8,30000	49,99
8,31667	49,99
8,33333	49,99
8,35000	49,99
8,36667	49,99
8,38333	49,99
8,40000	49,99
8,41667	49,99
8,43333	49,99
8,45000	49,99
8,46667	49,99
8,48333	49,99
8,50000	49,99
8,51667	49,99
8,53333	49,99
8,55000	49,99
8,56667	49,99
8,58333	49,99
8,60000	49,99
8,61667	49,99
8,63333	49,99
8,65000	49,99
8,66667	50,00
8,68333	50,00
8,70000	50,00
8,71667	50,00
8,73333	50,00
8,75000	50,00
8,76667	50,00
8,78333	50,00
8,80000	50,00
8,81667	50,00
8,83333	50,00
8,85000	50,00
8,86667	50,00
8,88333	50,00
8,90000	50,00
8,91667	50,00
8,93333	50,00
8,95000	50,00
8,96667	50,00
8,98333	50,00
9,00000	50,00
9,01667	50,00
9,03333	50,00
9,05000	50,00
9,06667	50,00
9,08333	50,00
9,10000	50,00
9,11667	50,00
9,13333	50,00
9,15000	50,00
9,16667	50,00
9,18333	50,00
9,20000	50,00
9,21667	49,99
9,23333	49,99
9,25000	49,99
9,26667	49,99
9,28333	49,99
9,30000	49,99
9,31667	49,99
9,33333	49,99
9,35000	49,99
9,36667	49,99
9,38333	49,99
9,40000	49,99
9,41667	49,99
9,43333	49,99
9,45000	49,99
9,46667	49,99
9,48333	49,99
9,50000	49,99
9,51667	49,99
9,53333	49,99
9,55000	49,99
9,56667	49,99
9,58333	49,99
9,60000	49,99
9,61667	49,99
9,63333	49,99
9,65000	49,99
9,66667	49,99
9,68333	49,99
9,70000	49,99
9,71667	49,99
9,73333	49,99
9,75000	49,99
9,76667	49,99
9,78333	49,99
9,80000	49,99
9,81667	49,99
9,83333	49,99
9,85000	49,99
9,86667	49,99
9,88333	49,99
9,90000	49,99
9,91667	49,99
9,93333	49,99
9,95000	49,99
9,96667	49,99
9,98333	49,99
10,00000	49,99
10,01667	49,99
10,03333	49,99
10,05000	50,00
10,06667	50,00
10,08333	50,00
10,10000	50,00
10,11667	50,00
10,13333	50,00
10,15000	50,00
10,16667	50,00
10,18333	50,00
10,20000	50,00
10,21667	50,00
10,23333	50,00
10,25000	50,00
10,26667	50,00
10,28333	50,00
10,30000	50,00
10,31667	50,00
10,33333	50,00
10,35000	50,00
10,36667	50,00
10,38333	50,00
10,40000	50,00
10,41667	50,00
10,43333	50,00
10,45000	50,00
10,46667	50,00
10,48333	50,00
10,50000	50,00
10,51667	50,00
10,53333	50,00
10,55000	50,00
10,56667	50,00
10,58333	49,99
10,60000	49,99
10,61667	49,99
10,63333	49,99
10,65000	49,99
10,66667	49,99
10,68333	49,99
10,70000	49,99
10,71667	49,99
10,73333	49,99
10,75000	49,99
10,76667	49,99
10,78333	49,99
10,80000	49,99
10,81667	49,99
10,83333	49,99
10,85000	49,99
10,86667	49,99
10,88333	49,99
10,90000	49,99
10,91667	49,99
10,93333	49,99
10,95000	49,99
10,96667	49,99
10,98333	49,99
11,00000	49,99
11,01667	49,99
11,03333	49,99
11,05000	49,99
11,06667	49,99
11,08333	49,99
11,10000	49,99
11,11667	49,99
11,13333	49,99
11,15000	49,99
11,16667	49,99
11,18333	49,99
11,20000	49,99
11,21667	49,99
11,23333	49,99
11,25000	50,00
11,26667	50,00
11,28333	50,00
11,30000	50,00
11,31667	50,00
11,33333	50,00
11,35000	50,00
11,36667	50,00
11,38333	50,00
11,40000	50,00
11,41667	50,00
11,43333	50,00
11,45000	50,00
11,46667	50,00
11,48333	50,00
11,50000	50,00
11,51667	50,00
11,53333	50,00
11,55000	50,00
11,56667	50,00
11,58333	50,00
11,60000	50,00
11,61667	50,00
11,63333	50,00
11,65000	50,00
11,66667	50,00
11,68333	50,00
11,70000	50,00
11,71667	50,00
11,73333	50,00
11,75000	50,00
11,76667	50,00
11,78333	50,00
11,80000	50,00
11,81667	50,00
11,83333	50,00
11,85000	50,00
11,86667	50,00
11,88333	50,00
11,90000	50,00
11,91667	50,00
11,93333	50,00
11,95000	50,00
11,96667	50,00
11,98333	50,00
12,00000	50,00
12,01667	50,00
12,03333	50,00
12,05000	50,00
12,06667	49,99
12,08333	49,99
12,10000	49,99
12,11667	49,99
12,13333	49,99
12,15000	49,99
12,16667	49,99
12,18333	49,99
12,20000	49,99
12,21667	49,99
12,23333	49,99
12,25000	49,99
12,26667	49,99
12,28333	49,99
12,30000	49,99
12,31667	49,99
12,33333	49,99
12,35000	49,99
12,36667	49,99
12,38333	49,99
12,40000	49,99
12,41667	49,99
12,43333	49,99
12,45000	49,99
12,46667	49,99
12,48333	50,00
12,50000	50,00
12,51667	50,00
12,53333	50,00
12,55000	50,00
12,56667	50,00
12,58333	50,00
12,60000	50,00
12,61667	50,00
12,63333	50,00
12,65000	50,00
12,66667	50,00
12,68333	50,00
12,70000	50,00
12,71667	50,00
12,73333	50,00
12,75000	50,00
12,76667	50,00
12,78333	50,00
12,80000	50,00
12,81667	50,00
12,83333	50,00
12,85000	50,00
12,86667	50,00
12,88333	50,00
12,90000	50,00
12,91667	50,00
12,93333	50,00
12,95000	50,00
12,96667	50,00
12,98333	50,00
13,00000	50,00
13,01667	50,00
13,03333	50,00
13,05000	50,00
13,06667	50,00
13,08333	50,00
13,10000	50,00
13,11667	50,00
13,13333	50,00
13,15000	50,00
13,16667	50,00
13,18333	50,00
13,20000	50,00
13,21667	50,00
13,23333	50,00
13,25000	50,00
13,26667	50,00
13,28333	50,00
13,30000	50,00
13,31667	50,00
13,33333	50,00
13,35000	49,99
13,36667	49,99
13,38333	49,99
13,40000	49,99
13,41667	49,99
13,43333	49,99
13,45000	49,99
13,46667	49,99
13,48333	49,99
13,50000	49,99
13,51667	49,99
13,53333	49,99
13,55000	49,99
13,56667	49,99
13,58333	49,99
13,60000	49,99
13,61667	49,99
13,63333	49,99
13,65000	49,99
13,66667	49,99
13,68333	49,99
13,70000	49,99
13,71667	49,99
13,73333	49,99
13,75000	49,99
13,76667	49,99
13,78333	49,99
13,80000	49,99
13,81667	49,99
13,83333	49,99
13,85000	49,99
13,86667	49,99
13,88333	49,99
13,90000	49,99
13,91667	49,99
13,93333	49,99
13,95000	49,99
13,96667	49,99
13,98333	49,99
14,00000	49,99
14,01667	49,99
14,03333	49,99
14,05000	49,99
14,06667	49,99
14,08333	49,99
14,10000	49,99
14,11667	49,99
14,13333	49,99
14,15000	49,99
14,16667	49,99
14,18333	49,99
14,20000	49,99
14,21667	49,99
14,23333	49,99
14,25000	49,99
14,26667	49,99
14,28333	49,99
14,30000	49,99
14,31667	49,99
14,33333	49,99
14,35000	49,99
14,36667	49,99
14,38333	50,00
14,40000	50,00
14,41667	50,00
14,43333	50,00
14,45000	50,00
14,46667	50,00
14,48333	50,00
14,50000	50,00
14,51667	50,00
14,53333	50,00
14,55000	50,00
14,56667	50,00
14,58333	50,00
14,60000	50,00
14,61667	50,00
14,63333	50,00
14,65000	50,00
14,66667	50,00
14,68333	50,00
14,70000	50,00
14,71667	50,00
14,73333	50,00
14,75000	50,00
14,76667	50,00
14,78333	50,00
14,80000	50,00
14,81667	50,00
14,83333	50,00
14,85000	50,00
14,86667	50,00
14,88333	50,00
14,90000	50,00
14,91667	50,00
14,93333	50,00
14,95000	50,00
14,96667	50,00
14,98333	50,00
15,00000	50,00
15,01667	50,00
15,03333	50,00
15,05000	50,00
15,06667	49,99
15,08333	49,99
15,10000	49,99
15,11667	49,99
15,13333	49,99
15,15000	49,99
15,16667	49,99
15,18333	49,99
15,20000	49,99
15,21667	49,99
15,23333	49,99
15,25000	49,99
15,26667	49,99
15,28333	49,99
15,30000	49,99
15,31667	49,99
15,33333	49,99
15,35000	49,99
15,36667	49,99
15,38333	49,99
15,40000	49,99
15,41667	49,99
15,43333	49,99
15,45000	49,99
15,46667	49,99
15,48333	49,99
15,50000	49,99
15,51667	49,99
15,53333	49,99
15,55000	49,99
15,56667	49,99
15,58333	49,99
15,60000	49,99
15,61667	49,99
15,63333	49,99
15,65000	49,99
15,66667	49,99
15,68333	49,99
15,70000	49,99
15,71667	49,99
15,73333	49,99
15,75000	49,99
15,76667	49,99
15,78333	49,99
15,80000	50,00
15,81667	50,00
15,83333	50,00
15,85000	50,00
15,86667	50,00
15,88333	50,00
15,90000	50,00
15,91667	50,00
15,93333	50,00
15,95000	50,00
15,96667	50,00
15,98333	50,00
16,00000	50,00
16,01667	50,00
16,03333	50,00
16,05000	50,00
16,06667	50,00
16,08333	50,00
16,10000	50,00
16,11667	50,00
16,13333	50,00
16,15000	50,00
16,16667	50,00
16,18333	50,00
16,20000	50,00
16,21667	50,00
16,23333	50,00
16,25000	50,00
16,26667	50,00
16,28333	50,00
16,30000	50,00
16,31667	50,00
16,33333	50,00
16,35000	50,00
16,36667	50,00
16,38333	50,00
16,40000	50,00
16,41667	50,00
16,43333	50,00
16,45000	50,00
16,46667	50,00
16,48333	50,00
16,50000	50,00
16,51667	50,00
16,53333	50,00
16,55000	50,00
16,56667	50,00
16,58333	50,00
16,60000	50,00
16,61667	50,00
16,63333	50,00
16,65000	50,00
16,66667	50,00
16,68333	50,00
16,70000	49,99
16,71667	49,99
16,73333	49,99
16,75000	49,99
16,76667	49,99
16,78333	49,99
16,80000	49,99
16,81667	49,99
16,83333	49,99
16,85000	49,99
16,86667	49,99
16,88333	49,99
16,90000	49,99
16,91667	49,99
16,93333	49,99
16,95000	49,99
16,96667	49,99
16,98333	49,99
17,00000	49,99
17,01667	49,99
17,03333	49,99
17,05000	49,99
17,06667	49,99
17,08333	49,99
17,10000	49,99
17,11667	49,99
17,13333	49,99
17,15000	49,99
17,16667	49,99
17,18333	49,99
17,20000	49,99
17,21667	49,99
17,23333	49,99
17,25000	49,99
17,26667	49,99
17,28333	49,99
17,30000	49,99
17,31667	49,99
17,33333	49,99
17,35000	49,99
17,36667	49,99
17,38333	49,99
17,40000	49,99
17,41667	49,99
17,43333	49,99
17,45000	49,99
17,46667	49,99
17,48333	49,99
17,50000	49,99
17,51667	49,99
17,53333	49,99
17,55000	49,99
17,56667	50,00
17,58333	50,00
17,60000	50,00
17,61667	50,00
17,63333	50,00
17,65000	50,00
17,66667	50,00
17,68333	50,00
17,70000	50,00
17,71667	50,00
17,73333	50,00
17,75000	50,00
17,76667	50,00
17,78333	50,00
17,80000	50,00
17,81667	50,00
17,83333	50,00
17,85000	50,00
17,86667	50,00
17,88333	50,00
17,90000	50,00
17,91667	50,00
17,93333	50,00
17,95000	50,00
17,96667	50,00
17,98333	50,00
18,00000	50,00
18,01667	49,99
18,03333	49,99
18,05000	49,99
18,06667	49,99
18,08333	49,99
18,10000	49,99
18,11667	49,99
18,13333	49,99
18,15000	49,99
18,16667	49,99
18,18333	49,99
18,20000	49,99
18,21667	49,99
18,23333	49,99
18,25000	49,99
18,26667	49,99
18,28333	49,99
18,30000	49,99
18,31667	49,99
18,33333	49,99
18,35000	49,99
18,36667	49,99
18,38333	49,99
18,40000	49,99
18,41667	49,99
18,43333	49,99
18,45000	49,99
18,46667	49,99
18,48333	49,99
18,50000	49,99
18,51667	49,99
18,53333	49,99
18,55000	49,99
18,56667	49,99
18,58333	49,99
18,60000	49,99
18,61667	49,99
18,63333	49,99
18,65000	49,99
18,66667	49,99
18,68333	49,99
18,70000	49,99
18,71667	49,99
18,73333	49,99
18,75000	49,99
18,76667	49,99
18,78333	49,99
18,80000	49,99
18,81667	49,99
18,83333	49,99
18,85000	49,99
18,86667	49,99
18,88333	49,99
18,90000	50,00
18,91667	50,00
18,93333	50,00
18,95000	50,00
18,96667	50,00
18,98333	50,00
19,00000	50,00
19,01667	50,00
19,03333	50,00
19,05000	50,00
19,06667	50,00
19,08333	50,00
19,10000	50,00
19,11667	50,00
19,13333	50,00
19,15000	50,00
19,16667	50,00
19,18333	50,00
19,20000	50,00
19,21667	50,00
19,23333	50,00
19,25000	50,00
19,26667	50,00
19,28333	50,00
19,30000	50,00
19,31667	50,00
19,33333	50,00
19,35000	50,00
19,36667	50,00
19,38333	50,00
19,40000	50,00
19,41667	50,00
19,43333	50,00
19,45000	50,00
19,46667	50,00
19,48333	50,00
19,50000	50,00
19,51667	50,00
19,53333	50,00
19,55000	50,00
19,56667	50,00
19,58333	50,00
19,60000	50,00
19,61667	50,00
19,63333	50,00
19,65000	50,00
19,66667	50,00
19,68333	50,00
19,70000	50,00
19,71667	50,00
19,73333	50,00
19,75000	50,00
19,76667	50,00
19,78333	50,00
19,80000	50,00
19,81667	50,00
19,83333	50,00
19,85000	50,00
19,86667	50,00
19,88333	50,00
19,90000	50,00
19,91667	50,00
19,93333	50,00
19,95000	50,00
19,96667	50,00
19,98333	50,00
20,00000	50,00
20,01667	50,00
20,03333	50,00
20,05000	50,00
20,06667	50,00
20,08333	50,00
20,10000	50,00
20,11667	50,00
20,13333	50,00
20,15000	50,00
20,16667	50,00
20,18333	50,00
20,20000	50,00
20,21667	50,00
20,23333	50,00
20,25000	50,00
20,26667	50,00
20,28333	50,00
20,30000	50,00
20,31667	50,00
20,33333	50,00
20,35000	50,00
20,36667	50,00
20,38333	50,00
20,40000	50,00
20,41667	50,00
20,43333	50,00
20,45000	50,00
20,46667	50,00
20,48333	50,00
20,50000	50,00
20,51667	50,00
20,53333	50,00
20,55000	50,00
20,56667	50,00
20,58333	50,00
20,60000	50,00
20,61667	49,99
20,63333	49,99
20,65000	49,99
20,66667	49,99
20,68333	49,99
20,70000	49,99
20,71667	49,99
20,73333	49,99
20,75000	49,99
20,76667	49,99
20,78333	49,99
20,80000	49,99
20,81667	49,99
20,83333	49,99
20,85000	49,99
20,86667	49,99
20,88333	49,99
20,90000	49,99
20,91667	49,99
20,93333	49,99
20,95000	49,99
20,96667	49,99
20,98333	49,99
21,00000	49,99
21,01667	49,99
21,03333	49,99
21,05000	49,99
21,06667	49,99
21,08333	49,99
21,10000	49,99
21,11667	49,99
21,13333	49,99
21,15000	49,99
21,16667	49,99
21,18333	49,99
21,20000	49,99
21,21667	49,99
21,23333	49,99
21,25000	49,99
21,26667	49,99
21,28333	49,99
21,30000	49,99
21,31667	49,99
21,33333	49,99
21,35000	49,99
21,36667	49,99
21,38333	49,99
21,40000	49,99
21,41667	50,00
21,43333	50,00
21,45000	50,00
21,46667	50,00
21,48333	50,00
21,50000	49,99
21,51667	49,99
21,53333	49,99
21,55000	49,99
21,56667	49,99
21,58333	49,99
21,60000	49,99
21,61667	49,99
21,63333	49,99
21,65000	49,99
21,66667	49,99
21,68333	49,99
21,70000	49,99
21,71667	49,99
21,73333	49,99
21,75000	49,99
21,76667	49,99
21,78333	49,99
21,80000	50,00
21,81667	50,00
21,83333	50,00
21,85000	50,00
21,86667	50,00
21,88333	50,00
21,90000	50,00
21,91667	50,00
21,93333	50,00
21,95000	50,00
21,96667	50,00
21,98333	50,00
22,00000	50,00
22,01667	50,00
22,03333	50,00
22,05000	50,00
22,06667	50,00
22,08333	50,00
22,10000	50,00
22,11667	50,00
22,13333	50,00
22,15000	50,00
22,16667	50,00
22,18333	50,00
22,20000	50,00
22,21667	50,00
22,23333	50,00
22,25000	50,00
22,26667	50,00
22,28333	50,00
22,30000	50,00
22,31667	50,00
22,33333	50,00
22,35000	50,00
22,36667	50,00
22,38333	50,00
22,40000	50,00
22,41667	50,00
22,43333	50,00
22,45000	50,00
22,46667	50,00
22,48333	50,00
22,50000	50,00
22,51667	50,00
22,53333	50,00
22,55000	50,00
22,56667	50,00
22,58333	50,00
22,60000	50,00
22,61667	50,00
22,63333	50,00
22,65000	50,00
22,66667	50,00
22,68333	50,00
22,70000	50,00
22,71667	50,00
22,73333	50,00
22,75000	50,00
22,76667	50,00
22,78333	50,00
22,80000	49,99
22,81667	49,99
22,83333	49,99
22,85000	49,99
22,86667	49,99
22,88333	49,99
22,90000	49,99
22,91667	49,99
22,93333	49,99
22,95000	49,99
22,96667	49,99
22,98333	49,99
23,00000	49,99
23,01667	49,99
23,03333	49,99
23,05000	49,99
23,06667	49,99
23,08333	49,99
23,10000	49,99
23,11667	49,99
23,13333	49,99
23,15000	50,00
23,16667	50,00
23,18333	50,00
23,20000	50,00
23,21667	50,00
23,23333	50,00
23,25000	50,00
23,26667	50,00
23,28333	50,00
23,30000	50,00
23,31667	50,00
23,33333	50,00
23,35000	50,00
23,36667	50,00
23,38333	50,00
23,40000	50,00
23,41667	50,00
23,43333	50,00
23,45000	50,00
23,46667	50,00
23,48333	50,00
23,50000	50,00
23,51667	50,00
23,53333	50,00
23,55000	50,00
23,56667	50,00
23,58333	50,00
23,60000	50,00
23,61667	50,00
23,63333	50,00
23,65000	50,00
23,66667	50,00
23,68333	50,00
23,70000	49,99
23,71667	49,99
23,73333	49,99
23,75000	49,99
23,76667	49,99
23,78333	49,99
23,80000	49,99
23,81667	49,99
23,83333	49,99
23,85000	49,99
23,86667	49,99
23,88333	49,99
23,90000	49,99
23,91667	49,99
23,93333	49,99
23,95000	49,99
23,96667	49,99
23,98333	49,99
24,00000	49,99
24,01667	49,99
24,03333	49,99
24,05000	49,99
24,06667	49,99
24,08333	49,99
24,10000	49,99
24,11667	49,99
24,13333	49,99
24,15000	49,99
24,16667	49,99
24,18333	49,99
24,20000	49,99
24,21667	49,99
24,23333	49,99
24,25000	49,99
24,26667	49,99
24,28333	49,99
24,30000	49,99
24,31667	49,99
24,33333	49,99
24,35000	49,99
24,36667	49,99
24,38333	49,99
24,40000	49,99
24,41667	49,99
24,43333	49,99
24,45000	49,99
24,46667	49,99
24,48333	49,99
24,50000	49,99
24,51667	49,99
24,53333	49,99
24,55000	49,99
24,56667	49,99
24,58333	49,99
24,60000	49,99
24,61667	49,99
24,63333	49,99
24,65000	50,00
24,66667	50,00
24,68333	50,00
24,70000	50,00
24,71667	50,00
24,73333	50,00
24,75000	50,00
24,76667	50,00
24,78333	50,00
24,80000	50,00
24,81667	50,00
24,83333	50,00
24,85000	50,00
24,86667	50,00
24,88333	50,00
24,90000	50,00
24,91667	50,00
24,93333	50,00
24,95000	50,00
24,96667	50,00
24,98333	50,00
25,00000	50,00
25,01667	50,00
25,03333	50,00
25,05000	50,00
25,06667	50,00
25,08333	50,00
25,10000	50,00
25,11667	50,00
25,13333	50,00
25,15000	50,00
25,16667	50,00
25,18333	50,00
25,20000	50,00
25,21667	50,00
25,23333	50,00
25,25000	50,00
25,26667	50,00
25,28333	50,00
25,30000	50,00
25,31667	50,00
25,33333	50,00
25,35000	50,00
25,36667	50,00
25,38333	50,00
25,40000	50,00
25,41667	50,00
25,43333	50,00
25,45000	50,00
25,46667	50,00
25,48333	50,00
25,50000	50,00
25,51667	50,00
25,53333	50,00
25,55000	50,00
25,56667	49,99
25,58333	49,99
25,60000	49,99
25,61667	49,99
25,63333	49,99
25,65000	49,99
25,66667	49,99
25,68333	49,99
25,70000	49,99
25,71667	49,99
25,73333	49,99
25,75000	49,99
25,76667	49,99
25,78333	49,99
25,80000	49,99
25,81667	49,99
25,83333	49,99
25,85000	49,99
25,86667	49,99
25,88333	49,99
25,90000	49,99
25,91667	49,99
25,93333	49,99
25,95000	49,99
25,96667	49,99
25,98333	49,99
26,00000	49,99
26,01667	49,99
26,03333	49,99
26,05000	49,99
26,06667	49,99
26,08333	49,99
26,10000	49,99
26,11667	49,99
26,13333	49,99
26,15000	49,99
26,16667	49,99
26,18333	49,99
26,20000	49,99
26,21667	49,99
26,23333	49,99
26,25000	49,99
26,26667	49,99
26,28333	49,99
26,30000	49,99
26,31667	49,99
26,33333	49,99
26,35000	49,99
26,36667	49,99
26,38333	49,99
26,40000	49,99
26,41667	49,99
26,43333	49,99
26,45000	49,99
26,46667	49,99
26,48333	49,99
26,50000	49,99
26,51667	49,99
26,53333	49,99
26,55000	49,99
26,56667	49,99
26,58333	49,99
26,60000	49,99
26,61667	49,99
26,63333	49,99
26,65000	49,99
26,66667	49,99
26,68333	49,99
26,70000	49,99
26,71667	49,99
26,73333	49,99
26,75000	49,99
26,76667	49,99
26,78333	49,99
26,80000	49,99
26,81667	49,99
26,83333	49,99
26,85000	49,99
26,86667	49,99
26,88333	49,99
26,90000	49,99
26,91667	49,99
26,93333	49,99
26,95000	49,99
26,96667	49,99
26,98333	49,99
27,00000	49,99
27,01667	49,99
27,03333	49,99
27,05000	49,99
27,06667	49,99
27,08333	49,99
27,10000	49,99
27,11667	49,99
27,13333	49,99
27,15000	49,99
27,16667	49,99
27,18333	49,99
27,20000	49,99
27,21667	49,99
27,23333	49,99
27,25000	49,99
27,26667	49,99
27,28333	49,99
27,30000	49,99
27,31667	49,99
27,33333	49,99
27,35000	49,99
27,36667	49,99
27,38333	49,99
27,40000	49,99
27,41667	49,99
27,43333	49,99
27,45000	49,99
27,46667	49,99
27,48333	49,99
27,50000	49,99
27,51667	49,99
27,53333	49,99
27,55000	49,99
27,56667	49,99
27,58333	49,99
27,60000	49,99
27,61667	49,99
27,63333	49,99
27,65000	49,99
27,66667	49,99
27,68333	49,99
27,70000	49,99
27,71667	49,99
27,73333	49,99
27,75000	49,99
27,76667	49,99
27,78333	49,99
27,80000	49,99
27,81667	49,99
27,83333	49,99
27,85000	49,99
27,86667	49,99
27,88333	49,99
27,90000	49,99
27,91667	49,99
27,93333	49,99
27,95000	49,99
27,96667	49,99
27,98333	49,99
28,00000	49,99
28,01667	49,99
28,03333	49,99
28,05000	49,99
28,06667	49,99
28,08333	49,99
28,10000	49,99
28,11667	49,99
28,13333	49,99
28,15000	49,99
28,16667	49,99
28,18333	49,99
28,20000	49,99
28,21667	49,99
28,23333	49,99
28,25000	49,99
28,26667	49,99
28,28333	49,99
28,30000	49,99
28,31667	49,99
28,33333	49,99
28,35000	49,99
28,36667	49,99
28,38333	49,99
28,40000	49,99
28,41667	49,99
28,43333	49,99
28,45000	49,99
28,46667	49,99
28,48333	49,99
28,50000	49,99
28,51667	49,99
28,53333	49,99
28,55000	49,99
28,56667	49,99
28,58333	49,99
28,60000	49,99
28,61667	49,99
28,63333	49,99
28,65000	49,99
28,66667	49,99
28,68333	49,99
28,70000	49,99
28,71667	49,99
28,73333	49,99
28,75000	49,99
28,76667	49,99
28,78333	49,99
28,80000	49,99
28,81667	49,99
28,83333	49,99
28,85000	49,99
28,86667	49,99
28,88333	49,99
28,90000	49,99
28,91667	49,99
28,93333	49,99
28,95000	49,99
28,96667	49,99
28,98333	49,99
29,00000	49,99
29,01667	49,99
29,03333	49,99
29,05000	49,99
29,06667	49,99
29,08333	49,99
29,10000	49,99
29,11667	49,99
29,13333	49,99
29,15000	49,99
29,16667	49,99
29,18333	49,99
29,20000	49,99
29,21667	49,99
29,23333	49,99
29,25000	49,99
29,26667	49,99
29,28333	49,99
29,30000	49,99
29,31667	49,99
29,33333	49,99
29,35000	49,99
29,36667	49,99
29,38333	49,99
29,40000	49,99
29,41667	49,99
29,43333	49,99
29,45000	49,99
29,46667	49,99
29,48333	49,99
29,50000	49,99
29,51667	49,99
29,53333	49,99
29,55000	49,99
29,56667	49,99
29,58333	49,99
29,60000	49,99
29,61667	49,99
29,63333	49,99
29,65000	49,99
29,66667	49,99
29,68333	49,99
29,70000	49,99
29,71667	49,99
29,73333	49,99
29,75000	49,99
29,76667	49,99
29,78333	49,99
29,80000	49,99
29,81667	49,99
29,83333	49,99
29,85000	49,99
29,86667	49,99
29,88333	49,99
29,90000	49,99
29,91667	49,99
29,93333	49,99
29,95000	49,99
29,96667	49,99
29,98333	49,99
30,00000	49,99
30,01667	49,99
30,03333	49,99
30,05000	49,99
30,06667	49,99
30,08333	49,99
30,10000	49,99
30,11667	49,99
30,13333	49,99
30,15000	49,99
30,16667	49,99
30,18333	49,99
30,20000	49,99
30,21667	49,99
30,23333	49,99
30,25000	49,99
30,26667	49,99
30,28333	49,99
30,30000	49,99
30,31667	50,00
30,33333	50,00
30,35000	50,00
30,36667	50,00
30,38333	50,00
30,40000	50,00
30,41667	50,00
30,43333	50,00
30,45000	50,00
30,46667	50,00
30,48333	50,00
30,50000	50,00
30,51667	50,00
30,53333	50,00
30,55000	50,00
30,56667	50,00
30,58333	50,00
30,60000	50,00
30,61667	50,00
30,63333	50,00
30,65000	50,00
30,66667	50,00
30,68333	50,00
30,70000	50,00
30,71667	50,00
30,73333	50,00
30,75000	50,00
30,76667	50,00
30,78333	50,00
30,80000	50,00
30,81667	50,00
30,83333	50,00
30,85000	50,00
30,86667	50,00
30,88333	50,00
30,90000	50,00
30,91667	50,00
30,93333	49,99
30,95000	49,99
30,96667	49,99
30,98333	49,99
31,00000	49,99
31,01667	49,99
31,03333	49,99
31,05000	49,99
31,06667	49,99
31,08333	49,99
31,10000	49,99
31,11667	49,99
31,13333	49,99
31,15000	49,99
31,16667	50,00
31,18333	50,00
31,20000	50,00
31,21667	50,00
31,23333	50,00
31,25000	50,00
31,26667	50,00
31,28333	50,00
31,30000	50,00
31,31667	50,00
31,33333	50,00
31,35000	50,00
31,36667	50,00
31,38333	50,00
31,40000	50,00
31,41667	50,00
31,43333	50,00
31,45000	50,00
31,46667	50,00
31,48333	50,00
31,50000	50,00
31,51667	50,00
31,53333	50,00
31,55000	50,00
31,56667	50,00
31,58333	50,00
31,60000	50,00
31,61667	50,00
31,63333	50,00
31,65000	50,00
31,66667	50,00
31,68333	50,00
31,70000	50,00
31,71667	50,00
31,73333	50,00
31,75000	50,00
31,76667	50,00
31,78333	50,00
31,80000	50,00
31,81667	50,00
31,83333	50,00
31,85000	50,00
31,86667	50,00
31,88333	50,00
31,90000	50,00
31,91667	50,00
31,93333	50,00
31,95000	50,00
31,96667	50,00
31,98333	50,00
32,00000	50,00

[LC Status Trace(Room Temp.)]
Interval(msec)	1000
# of Points	1921
Start Time(min)	0,000
End Time(min)	32,000
Intensity Units	C
Intensity Multiplier	1
R.Time (min)	Intensity
0,00000	32,24
0,01667	32,24
0,03333	32,24
0,05000	32,24
0,06667	32,24
0,08333	32,24
0,10000	32,24
0,11667	32,24
0,13333	32,24
0,15000	32,24
0,16667	32,24
0,18333	32,24
0,20000	32,24
0,21667	32,24
0,23333	32,24
0,25000	32,24
0,26667	32,24
0,28333	32,24
0,30000	32,24
0,31667	32,24
0,33333	32,24
0,35000	32,24
0,36667	32,24
0,38333	32,25
0,40000	32,25
0,41667	32,25
0,43333	32,25
0,45000	32,25
0,46667	32,25
0,48333	32,25
0,50000	32,25
0,51667	32,25
0,53333	32,25
0,55000	32,26
0,56667	32,26
0,58333	32,26
0,60000	32,26
0,61667	32,26
0,63333	32,26
0,65000	32,26
0,66667	32,26
0,68333	32,26
0,70000	32,26
0,71667	32,26
0,73333	32,26
0,75000	32,26
0,76667	32,26
0,78333	32,26
0,80000	32,26
0,81667	32,26
0,83333	32,27
0,85000	32,27
0,86667	32,27
0,88333	32,27
0,90000	32,27
0,91667	32,27
0,93333	32,27
0,95000	32,27
0,96667	32,27
0,98333	32,27
1,00000	32,27
1,01667	32,27
1,03333	32,27
1,05000	32,27
1,06667	32,27
1,08333	32,27
1,10000	32,27
1,11667	32,27
1,13333	32,27
1,15000	32,27
1,16667	32,27
1,18333	32,27
1,20000	32,27
1,21667	32,27
1,23333	32,27
1,25000	32,27
1,26667	32,27
1,28333	32,27
1,30000	32,27
1,31667	32,27
1,33333	32,26
1,35000	32,26
1,36667	32,26
1,38333	32,26
1,40000	32,25
1,41667	32,25
1,43333	32,25
1,45000	32,24
1,46667	32,23
1,48333	32,23
1,50000	32,22
1,51667	32,22
1,53333	32,22
1,55000	32,21
1,56667	32,21
1,58333	32,21
1,60000	32,21
1,61667	32,21
1,63333	32,21
1,65000	32,21
1,66667	32,21
1,68333	32,21
1,70000	32,21
1,71667	32,21
1,73333	32,21
1,75000	32,21
1,76667	32,20
1,78333	32,20
1,80000	32,20
1,81667	32,20
1,83333	32,20
1,85000	32,20
1,86667	32,20
1,88333	32,19
1,90000	32,18
1,91667	32,18
1,93333	32,18
1,95000	32,17
1,96667	32,17
1,98333	32,17
2,00000	32,17
2,01667	32,17
2,03333	32,17
2,05000	32,17
2,06667	32,18
2,08333	32,18
2,10000	32,18
2,11667	32,18
2,13333	32,18
2,15000	32,19
2,16667	32,20
2,18333	32,20
2,20000	32,20
2,21667	32,20
2,23333	32,20
2,25000	32,20
2,26667	32,21
2,28333	32,21
2,30000	32,21
2,31667	32,21
2,33333	32,21
2,35000	32,21
2,36667	32,21
2,38333	32,21
2,40000	32,21
2,41667	32,21
2,43333	32,21
2,45000	32,21
2,46667	32,21
2,48333	32,21
2,50000	32,21
2,51667	32,21
2,53333	32,21
2,55000	32,21
2,56667	32,21
2,58333	32,22
2,60000	32,22
2,61667	32,22
2,63333	32,22
2,65000	32,21
2,66667	32,21
2,68333	32,21
2,70000	32,20
2,71667	32,20
2,73333	32,20
2,75000	32,19
2,76667	32,19
2,78333	32,19
2,80000	32,18
2,81667	32,18
2,83333	32,18
2,85000	32,18
2,86667	32,18
2,88333	32,18
2,90000	32,18
2,91667	32,18
2,93333	32,18
2,95000	32,19
2,96667	32,19
2,98333	32,19
3,00000	32,19
3,01667	32,19
3,03333	32,19
3,05000	32,19
3,06667	32,19
3,08333	32,19
3,10000	32,19
3,11667	32,20
3,13333	32,20
3,15000	32,20
3,16667	32,20
3,18333	32,20
3,20000	32,20
3,21667	32,20
3,23333	32,20
3,25000	32,20
3,26667	32,21
3,28333	32,21
3,30000	32,21
3,31667	32,21
3,33333	32,21
3,35000	32,21
3,36667	32,21
3,38333	32,21
3,40000	32,21
3,41667	32,21
3,43333	32,21
3,45000	32,21
3,46667	32,22
3,48333	32,22
3,50000	32,22
3,51667	32,22
3,53333	32,22
3,55000	32,22
3,56667	32,22
3,58333	32,22
3,60000	32,22
3,61667	32,22
3,63333	32,22
3,65000	32,22
3,66667	32,22
3,68333	32,22
3,70000	32,23
3,71667	32,23
3,73333	32,23
3,75000	32,24
3,76667	32,24
3,78333	32,24
3,80000	32,25
3,81667	32,25
3,83333	32,25
3,85000	32,25
3,86667	32,25
3,88333	32,25
3,90000	32,25
3,91667	32,24
3,93333	32,23
3,95000	32,23
3,96667	32,23
3,98333	32,23
4,00000	32,22
4,01667	32,21
4,03333	32,21
4,05000	32,21
4,06667	32,21
4,08333	32,21
4,10000	32,20
4,11667	32,20
4,13333	32,20
4,15000	32,20
4,16667	32,20
4,18333	32,19
4,20000	32,19
4,21667	32,19
4,23333	32,18
4,25000	32,18
4,26667	32,18
4,28333	32,18
4,30000	32,17
4,31667	32,17
4,33333	32,17
4,35000	32,17
4,36667	32,17
4,38333	32,17
4,40000	32,17
4,41667	32,17
4,43333	32,17
4,45000	32,16
4,46667	32,16
4,48333	32,16
4,50000	32,15
4,51667	32,15
4,53333	32,14
4,55000	32,14
4,56667	32,14
4,58333	32,14
4,60000	32,13
4,61667	32,13
4,63333	32,13
4,65000	32,12
4,66667	32,12
4,68333	32,12
4,70000	32,12
4,71667	32,12
4,73333	32,12
4,75000	32,13
4,76667	32,13
4,78333	32,13
4,80000	32,13
4,81667	32,13
4,83333	32,14
4,85000	32,13
4,86667	32,13
4,88333	32,13
4,90000	32,12
4,91667	32,12
4,93333	32,12
4,95000	32,12
4,96667	32,12
4,98333	32,12
5,00000	32,12
5,01667	32,12
5,03333	32,12
5,05000	32,12
5,06667	32,12
5,08333	32,12
5,10000	32,13
5,11667	32,13
5,13333	32,13
5,15000	32,13
5,16667	32,13
5,18333	32,13
5,20000	32,13
5,21667	32,14
5,23333	32,14
5,25000	32,14
5,26667	32,14
5,28333	32,15
5,30000	32,15
5,31667	32,14
5,33333	32,14
5,35000	32,13
5,36667	32,13
5,38333	32,13
5,40000	32,13
5,41667	32,13
5,43333	32,12
5,45000	32,12
5,46667	32,12
5,48333	32,12
5,50000	32,13
5,51667	32,13
5,53333	32,13
5,55000	32,13
5,56667	32,14
5,58333	32,14
5,60000	32,14
5,61667	32,14
5,63333	32,14
5,65000	32,14
5,66667	32,14
5,68333	32,14
5,70000	32,14
5,71667	32,14
5,73333	32,14
5,75000	32,14
5,76667	32,14
5,78333	32,14
5,80000	32,14
5,81667	32,15
5,83333	32,15
5,85000	32,15
5,86667	32,15
5,88333	32,15
5,90000	32,16
5,91667	32,16
5,93333	32,16
5,95000	32,16
5,96667	32,16
5,98333	32,16
6,00000	32,16
6,01667	32,15
6,03333	32,15
6,05000	32,15
6,06667	32,15
6,08333	32,15
6,10000	32,15
6,11667	32,15
6,13333	32,15
6,15000	32,15
6,16667	32,15
6,18333	32,15
6,20000	32,15
6,21667	32,15
6,23333	32,15
6,25000	32,16
6,26667	32,16
6,28333	32,16
6,30000	32,16
6,31667	32,16
6,33333	32,16
6,35000	32,16
6,36667	32,16
6,38333	32,16
6,40000	32,16
6,41667	32,16
6,43333	32,16
6,45000	32,15
6,46667	32,15
6,48333	32,15
6,50000	32,15
6,51667	32,15
6,53333	32,15
6,55000	32,15
6,56667	32,15
6,58333	32,16
6,60000	32,16
6,61667	32,16
6,63333	32,16
6,65000	32,16
6,66667	32,16
6,68333	32,16
6,70000	32,16
6,71667	32,17
6,73333	32,17
6,75000	32,17
6,76667	32,17
6,78333	32,16
6,80000	32,16
6,81667	32,16
6,83333	32,16
6,85000	32,16
6,86667	32,15
6,88333	32,15
6,90000	32,15
6,91667	32,15
6,93333	32,15
6,95000	32,15
6,96667	32,15
6,98333	32,15
7,00000	32,15
7,01667	32,15
7,03333	32,15
7,05000	32,15
7,06667	32,15
7,08333	32,15
7,10000	32,14
7,11667	32,14
7,13333	32,13
7,15000	32,13
7,16667	32,13
7,18333	32,12
7,20000	32,12
7,21667	32,12
7,23333	32,12
7,25000	32,12
7,26667	32,12
7,28333	32,12
7,30000	32,12
7,31667	32,12
7,33333	32,12
7,35000	32,12
7,36667	32,11
7,38333	32,11
7,40000	32,11
7,41667	32,11
7,43333	32,10
7,45000	32,09
7,46667	32,09
7,48333	32,09
7,50000	32,08
7,51667	32,08
7,53333	32,08
7,55000	32,08
7,56667	32,07
7,58333	32,06
7,60000	32,06
7,61667	32,06
7,63333	32,06
7,65000	32,05
7,66667	32,05
7,68333	32,05
7,70000	32,05
7,71667	32,05
7,73333	32,04
7,75000	32,04
7,76667	32,03
7,78333	32,03
7,80000	32,03
7,81667	32,03
7,83333	32,02
7,85000	32,02
7,86667	32,02
7,88333	32,02
7,90000	32,02
7,91667	32,02
7,93333	32,03
7,95000	32,03
7,96667	32,03
7,98333	32,03
8,00000	32,03
8,01667	32,04
8,03333	32,04
8,05000	32,04
8,06667	32,04
8,08333	32,04
8,10000	32,04
8,11667	32,04
8,13333	32,04
8,15000	32,05
8,16667	32,05
8,18333	32,05
8,20000	32,06
8,21667	32,06
8,23333	32,06
8,25000	32,07
8,26667	32,07
8,28333	32,07
8,30000	32,07
8,31667	32,07
8,33333	32,07
8,35000	32,07
8,36667	32,07
8,38333	32,07
8,40000	32,07
8,41667	32,07
8,43333	32,07
8,45000	32,07
8,46667	32,06
8,48333	32,06
8,50000	32,06
8,51667	32,06
8,53333	32,06
8,55000	32,06
8,56667	32,07
8,58333	32,07
8,60000	32,07
8,61667	32,07
8,63333	32,07
8,65000	32,07
8,66667	32,07
8,68333	32,07
8,70000	32,07
8,71667	32,08
8,73333	32,08
8,75000	32,08
8,76667	32,08
8,78333	32,08
8,80000	32,08
8,81667	32,08
8,83333	32,08
8,85000	32,08
8,86667	32,08
8,88333	32,08
8,90000	32,08
8,91667	32,08
8,93333	32,08
8,95000	32,08
8,96667	32,08
8,98333	32,08
9,00000	32,08
9,01667	32,08
9,03333	32,08
9,05000	32,08
9,06667	32,08
9,08333	32,08
9,10000	32,09
9,11667	32,09
9,13333	32,09
9,15000	32,09
9,16667	32,08
9,18333	32,08
9,20000	32,08
9,21667	32,08
9,23333	32,07
9,25000	32,07
9,26667	32,07
9,28333	32,07
9,30000	32,07
9,31667	32,07
9,33333	32,07
9,35000	32,08
9,36667	32,08
9,38333	32,08
9,40000	32,08
9,41667	32,08
9,43333	32,08
9,45000	32,09
9,46667	32,09
9,48333	32,09
9,50000	32,09
9,51667	32,09
9,53333	32,09
9,55000	32,10
9,56667	32,10
9,58333	32,10
9,60000	32,10
9,61667	32,10
9,63333	32,10
9,65000	32,11
9,66667	32,10
9,68333	32,10
9,70000	32,10
9,71667	32,10
9,73333	32,10
9,75000	32,09
9,76667	32,09
9,78333	32,09
9,80000	32,09
9,81667	32,09
9,83333	32,08
9,85000	32,08
9,86667	32,08
9,88333	32,08
9,90000	32,08
9,91667	32,08
9,93333	32,08
9,95000	32,08
9,96667	32,08
9,98333	32,08
10,00000	32,08
10,01667	32,08
10,03333	32,08
10,05000	32,08
10,06667	32,08
10,08333	32,08
10,10000	32,08
10,11667	32,08
10,13333	32,09
10,15000	32,09
10,16667	32,09
10,18333	32,09
10,20000	32,09
10,21667	32,09
10,23333	32,09
10,25000	32,09
10,26667	32,09
10,28333	32,09
10,30000	32,09
10,31667	32,10
10,33333	32,10
10,35000	32,10
10,36667	32,09
10,38333	32,09
10,40000	32,09
10,41667	32,09
10,43333	32,08
10,45000	32,08
10,46667	32,08
10,48333	32,07
10,50000	32,07
10,51667	32,06
10,53333	32,05
10,55000	32,05
10,56667	32,05
10,58333	32,05
10,60000	32,05
10,61667	32,04
10,63333	32,04
10,65000	32,04
10,66667	32,03
10,68333	32,03
10,70000	32,03
10,71667	32,03
10,73333	32,03
10,75000	32,03
10,76667	32,03
10,78333	32,03
10,80000	32,03
10,81667	32,03
10,83333	32,02
10,85000	32,02
10,86667	32,02
10,88333	32,02
10,90000	32,02
10,91667	32,02
10,93333	32,02
10,95000	32,02
10,96667	32,02
10,98333	32,02
11,00000	32,02
11,01667	32,03
11,03333	32,03
11,05000	32,03
11,06667	32,03
11,08333	32,03
11,10000	32,03
11,11667	32,03
11,13333	32,03
11,15000	32,03
11,16667	32,03
11,18333	32,03
11,20000	32,04
11,21667	32,04
11,23333	32,04
11,25000	32,04
11,26667	32,04
11,28333	32,04
11,30000	32,04
11,31667	32,05
11,33333	32,05
11,35000	32,05
11,36667	32,05
11,38333	32,04
11,40000	32,04
11,41667	32,04
11,43333	32,04
11,45000	32,03
11,46667	32,03
11,48333	32,03
11,50000	32,03
11,51667	32,03
11,53333	32,03
11,55000	32,04
11,56667	32,04
11,58333	32,04
11,60000	32,04
11,61667	32,04
11,63333	32,04
11,65000	32,04
11,66667	32,03
11,68333	32,03
11,70000	32,03
11,71667	32,03
11,73333	32,03
11,75000	32,03
11,76667	32,03
11,78333	32,03
11,80000	32,03
11,81667	32,04
11,83333	32,04
11,85000	32,05
11,86667	32,05
11,88333	32,06
11,90000	32,06
11,91667	32,06
11,93333	32,07
11,95000	32,07
11,96667	32,07
11,98333	32,07
12,00000	32,07
12,01667	32,07
12,03333	32,08
12,05000	32,08
12,06667	32,08
12,08333	32,08
12,10000	32,08
12,11667	32,08
12,13333	32,08
12,15000	32,09
12,16667	32,09
12,18333	32,09
12,20000	32,09
12,21667	32,09
12,23333	32,09
12,25000	32,09
12,26667	32,09
12,28333	32,09
12,30000	32,09
12,31667	32,09
12,33333	32,09
12,35000	32,08
12,36667	32,08
12,38333	32,08
12,40000	32,08
12,41667	32,07
12,43333	32,07
12,45000	32,07
12,46667	32,06
12,48333	32,06
12,50000	32,06
12,51667	32,05
12,53333	32,05
12,55000	32,05
12,56667	32,05
12,58333	32,05
12,60000	32,05
12,61667	32,06
12,63333	32,06
12,65000	32,06
12,66667	32,06
12,68333	32,06
12,70000	32,07
12,71667	32,07
12,73333	32,07
12,75000	32,08
12,76667	32,08
12,78333	32,08
12,80000	32,08
12,81667	32,08
12,83333	32,09
12,85000	32,09
12,86667	32,09
12,88333	32,09
12,90000	32,09
12,91667	32,09
12,93333	32,09
12,95000	32,09
12,96667	32,08
12,98333	32,08
13,00000	32,08
13,01667	32,07
13,03333	32,07
13,05000	32,07
13,06667	32,07
13,08333	32,07
13,10000	32,06
13,11667	32,06
13,13333	32,06
13,15000	32,06
13,16667	32,05
13,18333	32,04
13,20000	32,04
13,21667	32,03
13,23333	32,03
13,25000	32,02
13,26667	32,02
13,28333	32,02
13,30000	32,01
13,31667	32,01
13,33333	32,01
13,35000	32,01
13,36667	32,01
13,38333	32,02
13,40000	32,02
13,41667	32,02
13,43333	32,02
13,45000	32,03
13,46667	32,03
13,48333	32,03
13,50000	32,03
13,51667	32,03
13,53333	32,03
13,55000	32,03
13,56667	32,03
13,58333	32,03
13,60000	32,02
13,61667	32,02
13,63333	32,02
13,65000	32,01
13,66667	32,01
13,68333	32,01
13,70000	32,01
13,71667	32,01
13,73333	32,01
13,75000	32,01
13,76667	32,01
13,78333	32,01
13,80000	32,01
13,81667	32,02
13,83333	32,02
13,85000	32,02
13,86667	32,02
13,88333	32,02
13,90000	32,02
13,91667	32,02
13,93333	32,02
13,95000	32,02
13,96667	32,02
13,98333	32,02
14,00000	32,03
14,01667	32,03
14,03333	32,03
14,05000	32,03
14,06667	32,03
14,08333	32,03
14,10000	32,04
14,11667	32,04
14,13333	32,04
14,15000	32,04
14,16667	32,04
14,18333	32,04
14,20000	32,04
14,21667	32,04
14,23333	32,04
14,25000	32,04
14,26667	32,04
14,28333	32,04
14,30000	32,04
14,31667	32,04
14,33333	32,04
14,35000	32,04
14,36667	32,04
14,38333	32,04
14,40000	32,05
14,41667	32,05
14,43333	32,05
14,45000	32,05
14,46667	32,05
14,48333	32,05
14,50000	32,05
14,51667	32,04
14,53333	32,04
14,55000	32,04
14,56667	32,04
14,58333	32,04
14,60000	32,03
14,61667	32,03
14,63333	32,03
14,65000	32,03
14,66667	32,03
14,68333	32,03
14,70000	32,03
14,71667	32,03
14,73333	32,04
14,75000	32,04
14,76667	32,04
14,78333	32,03
14,80000	32,03
14,81667	32,03
14,83333	32,03
14,85000	32,03
14,86667	32,03
14,88333	32,03
14,90000	32,03
14,91667	32,03
14,93333	32,03
14,95000	32,03
14,96667	32,02
14,98333	32,02
15,00000	32,01
15,01667	32,01
15,03333	32,01
15,05000	32,00
15,06667	31,99
15,08333	31,99
15,10000	31,99
15,11667	31,99
15,13333	31,98
15,15000	31,98
15,16667	31,98
15,18333	31,98
15,20000	31,98
15,21667	31,98
15,23333	31,99
15,25000	31,99
15,26667	31,99
15,28333	31,99
15,30000	31,99
15,31667	31,99
15,33333	31,99
15,35000	31,99
15,36667	32,00
15,38333	32,00
15,40000	32,00
15,41667	32,01
15,43333	32,01
15,45000	32,02
15,46667	32,02
15,48333	32,02
15,50000	32,03
15,51667	32,03
15,53333	32,04
15,55000	32,04
15,56667	32,04
15,58333	32,04
15,60000	32,05
15,61667	32,05
15,63333	32,05
15,65000	32,05
15,66667	32,05
15,68333	32,05
15,70000	32,05
15,71667	32,05
15,73333	32,05
15,75000	32,06
15,76667	32,06
15,78333	32,06
15,80000	32,06
15,81667	32,06
15,83333	32,06
15,85000	32,06
15,86667	32,05
15,88333	32,05
15,90000	32,05
15,91667	32,05
15,93333	32,04
15,95000	32,04
15,96667	32,04
15,98333	32,03
16,00000	32,03
16,01667	32,03
16,03333	32,03
16,05000	32,03
16,06667	32,03
16,08333	32,03
16,10000	32,03
16,11667	32,02
16,13333	32,02
16,15000	32,02
16,16667	32,02
16,18333	32,02
16,20000	32,02
16,21667	32,03
16,23333	32,03
16,25000	32,03
16,26667	32,03
16,28333	32,03
16,30000	32,03
16,31667	32,03
16,33333	32,03
16,35000	32,03
16,36667	32,03
16,38333	32,03
16,40000	32,03
16,41667	32,03
16,43333	32,03
16,45000	32,04
16,46667	32,04
16,48333	32,03
16,50000	32,03
16,51667	32,03
16,53333	32,03
16,55000	32,03
16,56667	32,02
16,58333	32,02
16,60000	32,02
16,61667	32,01
16,63333	32,01
16,65000	32,01
16,66667	32,00
16,68333	32,00
16,70000	32,00
16,71667	32,00
16,73333	32,00
16,75000	32,00
16,76667	32,00
16,78333	32,00
16,80000	32,00
16,81667	31,99
16,83333	31,99
16,85000	31,99
16,86667	31,99
16,88333	31,99
16,90000	31,99
16,91667	31,99
16,93333	31,99
16,95000	31,99
16,96667	32,00
16,98333	32,00
17,00000	32,00
17,01667	32,00
17,03333	32,00
17,05000	32,00
17,06667	32,00
17,08333	32,00
17,10000	32,01
17,11667	32,01
17,13333	32,01
17,15000	32,01
17,16667	32,01
17,18333	32,01
17,20000	32,01
17,21667	32,01
17,23333	32,01
17,25000	32,00
17,26667	32,00
17,28333	32,00
17,30000	32,00
17,31667	32,00
17,33333	32,00
17,35000	32,00
17,36667	32,00
17,38333	32,00
17,40000	32,00
17,41667	31,99
17,43333	31,99
17,45000	31,99
17,46667	32,00
17,48333	32,00
17,50000	32,00
17,51667	32,00
17,53333	32,00
17,55000	32,00
17,56667	32,00
17,58333	32,00
17,60000	32,00
17,61667	32,00
17,63333	32,00
17,65000	32,01
17,66667	32,01
17,68333	32,01
17,70000	32,01
17,71667	32,01
17,73333	32,02
17,75000	32,02
17,76667	32,02
17,78333	32,02
17,80000	32,03
17,81667	32,03
17,83333	32,04
17,85000	32,04
17,86667	32,04
17,88333	32,05
17,90000	32,05
17,91667	32,05
17,93333	32,05
17,95000	32,05
17,96667	32,05
17,98333	32,05
18,00000	32,05
18,01667	32,05
18,03333	32,05
18,05000	32,05
18,06667	32,05
18,08333	32,05
18,10000	32,05
18,11667	32,05
18,13333	32,05
18,15000	32,05
18,16667	32,05
18,18333	32,05
18,20000	32,05
18,21667	32,05
18,23333	32,05
18,25000	32,04
18,26667	32,04
18,28333	32,04
18,30000	32,04
18,31667	32,04
18,33333	32,05
18,35000	32,05
18,36667	32,05
18,38333	32,05
18,40000	32,05
18,41667	32,06
18,43333	32,06
18,45000	32,06
18,46667	32,06
18,48333	32,06
18,50000	32,06
18,51667	32,06
18,53333	32,06
18,55000	32,05
18,56667	32,05
18,58333	32,05
18,60000	32,05
18,61667	32,05
18,63333	32,05
18,65000	32,05
18,66667	32,05
18,68333	32,04
18,70000	32,04
18,71667	32,04
18,73333	32,04
18,75000	32,04
18,76667	32,04
18,78333	32,04
18,80000	32,04
18,81667	32,05
18,83333	32,05
18,85000	32,04
18,86667	32,04
18,88333	32,04
18,90000	32,04
18,91667	32,04
18,93333	32,04
18,95000	32,04
18,96667	32,04
18,98333	32,03
19,00000	32,03
19,01667	32,03
19,03333	32,02
19,05000	32,02
19,06667	32,02
19,08333	32,02
19,10000	32,02
19,11667	32,02
19,13333	32,02
19,15000	32,02
19,16667	32,01
19,18333	32,01
19,20000	32,01
19,21667	32,01
19,23333	32,01
19,25000	32,01
19,26667	32,01
19,28333	32,01
19,30000	32,01
19,31667	32,01
19,33333	32,01
19,35000	32,01
19,36667	32,01
19,38333	32,01
19,40000	32,00
19,41667	32,00
19,43333	32,00
19,45000	31,99
19,46667	31,99
19,48333	31,99
19,50000	31,98
19,51667	31,98
19,53333	31,98
19,55000	31,97
19,56667	31,97
19,58333	31,96
19,60000	31,95
19,61667	31,95
19,63333	31,95
19,65000	31,96
19,66667	31,96
19,68333	31,96
19,70000	31,96
19,71667	31,96
19,73333	31,96
19,75000	31,96
19,76667	31,96
19,78333	31,95
19,80000	31,95
19,81667	31,95
19,83333	31,95
19,85000	31,95
19,86667	31,95
19,88333	31,95
19,90000	31,95
19,91667	31,96
19,93333	31,96
19,95000	31,96
19,96667	31,96
19,98333	31,96
20,00000	31,97
20,01667	31,96
20,03333	31,96
20,05000	31,96
20,06667	31,96
20,08333	31,96
20,10000	31,96
20,11667	31,96
20,13333	31,96
20,15000	31,96
20,16667	31,97
20,18333	31,98
20,20000	31,98
20,21667	31,98
20,23333	31,99
20,25000	31,99
20,26667	31,99
20,28333	31,99
20,30000	31,99
20,31667	31,99
20,33333	31,99
20,35000	31,99
20,36667	31,99
20,38333	31,99
20,40000	31,99
20,41667	31,99
20,43333	31,99
20,45000	31,99
20,46667	31,99
20,48333	31,99
20,50000	31,99
20,51667	31,99
20,53333	32,00
20,55000	32,00
20,56667	32,00
20,58333	32,01
20,60000	32,01
20,61667	32,01
20,63333	32,01
20,65000	32,01
20,66667	32,00
20,68333	32,00
20,70000	32,00
20,71667	32,00
20,73333	32,00
20,75000	31,99
20,76667	31,99
20,78333	31,99
20,80000	31,98
20,81667	31,97
20,83333	31,97
20,85000	31,97
20,86667	31,96
20,88333	31,96
20,90000	31,96
20,91667	31,96
20,93333	31,96
20,95000	31,96
20,96667	31,96
20,98333	31,96
21,00000	31,96
21,01667	31,96
21,03333	31,95
21,05000	31,95
21,06667	31,95
21,08333	31,95
21,10000	31,95
21,11667	31,95
21,13333	31,95
21,15000	31,96
21,16667	31,96
21,18333	31,96
21,20000	31,96
21,21667	31,96
21,23333	31,96
21,25000	31,96
21,26667	31,96
21,28333	31,96
21,30000	31,97
21,31667	31,97
21,33333	31,97
21,35000	31,97
21,36667	31,97
21,38333	31,97
21,40000	31,96
21,41667	31,96
21,43333	31,96
21,45000	31,96
21,46667	31,96
21,48333	31,95
21,50000	31,95
21,51667	31,95
21,53333	31,95
21,55000	31,95
21,56667	31,94
21,58333	31,94
21,60000	31,94
21,61667	31,93
21,63333	31,93
21,65000	31,93
21,66667	31,92
21,68333	31,92
21,70000	31,92
21,71667	31,92
21,73333	31,92
21,75000	31,91
21,76667	31,91
21,78333	31,91
21,80000	31,90
21,81667	31,90
21,83333	31,90
21,85000	31,90
21,86667	31,90
21,88333	31,90
21,90000	31,90
21,91667	31,89
21,93333	31,89
21,95000	31,89
21,96667	31,89
21,98333	31,89
22,00000	31,89
22,01667	31,89
22,03333	31,89
22,05000	31,89
22,06667	31,90
22,08333	31,90
22,10000	31,90
22,11667	31,90
22,13333	31,90
22,15000	31,90
22,16667	31,90
22,18333	31,90
22,20000	31,90
22,21667	31,89
22,23333	31,89
22,25000	31,90
22,26667	31,90
22,28333	31,90
22,30000	31,90
22,31667	31,90
22,33333	31,90
22,35000	31,91
22,36667	31,91
22,38333	31,91
22,40000	31,91
22,41667	31,91
22,43333	31,91
22,45000	31,91
22,46667	31,91
22,48333	31,91
22,50000	31,90
22,51667	31,90
22,53333	31,90
22,55000	31,90
22,56667	31,90
22,58333	31,90
22,60000	31,90
22,61667	31,90
22,63333	31,90
22,65000	31,90
22,66667	31,90
22,68333	31,89
22,70000	31,89
22,71667	31,89
22,73333	31,89
22,75000	31,89
22,76667	31,89
22,78333	31,89
22,80000	31,89
22,81667	31,89
22,83333	31,89
22,85000	31,89
22,86667	31,90
22,88333	31,90
22,90000	31,90
22,91667	31,90
22,93333	31,90
22,95000	31,90
22,96667	31,91
22,98333	31,91
23,00000	31,90
23,01667	31,90
23,03333	31,90
23,05000	31,90
23,06667	31,90
23,08333	31,90
23,10000	31,90
23,11667	31,90
23,13333	31,90
23,15000	31,90
23,16667	31,89
23,18333	31,89
23,20000	31,89
23,21667	31,89
23,23333	31,88
23,25000	31,87
23,26667	31,87
23,28333	31,87
23,30000	31,87
23,31667	31,87
23,33333	31,86
23,35000	31,86
23,36667	31,86
23,38333	31,86
23,40000	31,86
23,41667	31,86
23,43333	31,86
23,45000	31,85
23,46667	31,85
23,48333	31,85
23,50000	31,85
23,51667	31,85
23,53333	31,85
23,55000	31,85
23,56667	31,85
23,58333	31,85
23,60000	31,85
23,61667	31,85
23,63333	31,85
23,65000	31,85
23,66667	31,84
23,68333	31,84
23,70000	31,84
23,71667	31,84
23,73333	31,84
23,75000	31,84
23,76667	31,84
23,78333	31,84
23,80000	31,84
23,81667	31,84
23,83333	31,84
23,85000	31,85
23,86667	31,85
23,88333	31,85
23,90000	31,86
23,91667	31,86
23,93333	31,86
23,95000	31,86
23,96667	31,86
23,98333	31,87
24,00000	31,87
24,01667	31,87
24,03333	31,87
24,05000	31,87
24,06667	31,87
24,08333	31,87
24,10000	31,86
24,11667	31,87
24,13333	31,87
24,15000	31,87
24,16667	31,87
24,18333	31,87
24,20000	31,87
24,21667	31,87
24,23333	31,87
24,25000	31,87
24,26667	31,87
24,28333	31,86
24,30000	31,86
24,31667	31,86
24,33333	31,86
24,35000	31,86
24,36667	31,86
24,38333	31,86
24,40000	31,86
24,41667	31,87
24,43333	31,87
24,45000	31,87
24,46667	31,87
24,48333	31,87
24,50000	31,87
24,51667	31,88
24,53333	31,88
24,55000	31,88
24,56667	31,88
24,58333	31,88
24,60000	31,88
24,61667	31,89
24,63333	31,89
24,65000	31,89
24,66667	31,89
24,68333	31,90
24,70000	31,90
24,71667	31,90
24,73333	31,90
24,75000	31,91
24,76667	31,91
24,78333	31,91
24,80000	31,91
24,81667	31,91
24,83333	31,91
24,85000	31,91
24,86667	31,90
24,88333	31,90
24,90000	31,90
24,91667	31,90
24,93333	31,90
24,95000	31,90
24,96667	31,90
24,98333	31,90
25,00000	31,90
25,01667	31,90
25,03333	31,90
25,05000	31,90
25,06667	31,90
25,08333	31,90
25,10000	31,90
25,11667	31,90
25,13333	31,91
25,15000	31,91
25,16667	31,91
25,18333	31,92
25,20000	31,92
25,21667	31,92
25,23333	31,92
25,25000	31,93
25,26667	31,93
25,28333	31,93
25,30000	31,93
25,31667	31,94
25,33333	31,94
25,35000	31,94
25,36667	31,94
25,38333	31,94
25,40000	31,94
25,41667	31,94
25,43333	31,93
25,45000	31,93
25,46667	31,93
25,48333	31,92
25,50000	31,92
25,51667	31,91
25,53333	31,91
25,55000	31,91
25,56667	31,90
25,58333	31,90
25,60000	31,90
25,61667	31,90
25,63333	31,90
25,65000	31,89
25,66667	31,90
25,68333	31,90
25,70000	31,90
25,71667	31,90
25,73333	31,90
25,75000	31,90
25,76667	31,90
25,78333	31,89
25,80000	31,89
25,81667	31,89
25,83333	31,89
25,85000	31,89
25,86667	31,89
25,88333	31,90
25,90000	31,90
25,91667	31,90
25,93333	31,89
25,95000	31,89
25,96667	31,89
25,98333	31,89
26,00000	31,89
26,01667	31,89
26,03333	31,89
26,05000	31,89
26,06667	31,89
26,08333	31,89
26,10000	31,89
26,11667	31,89
26,13333	31,89
26,15000	31,88
26,16667	31,88
26,18333	31,87
26,20000	31,86
26,21667	31,86
26,23333	31,86
26,25000	31,85
26,26667	31,85
26,28333	31,84
26,30000	31,84
26,31667	31,84
26,33333	31,84
26,35000	31,84
26,36667	31,84
26,38333	31,84
26,40000	31,84
26,41667	31,84
26,43333	31,84
26,45000	31,85
26,46667	31,85
26,48333	31,85
26,50000	31,86
26,51667	31,86
26,53333	31,86
26,55000	31,86
26,56667	31,86
26,58333	31,87
26,60000	31,87
26,61667	31,87
26,63333	31,87
26,65000	31,87
26,66667	31,87
26,68333	31,87
26,70000	31,87
26,71667	31,87
26,73333	31,87
26,75000	31,88
26,76667	31,88
26,78333	31,88
26,80000	31,88
26,81667	31,88
26,83333	31,88
26,85000	31,88
26,86667	31,88
26,88333	31,88
26,90000	31,88
26,91667	31,88
26,93333	31,89
26,95000	31,89
26,96667	31,89
26,98333	31,89
27,00000	31,89
27,01667	31,88
27,03333	31,88
27,05000	31,88
27,06667	31,88
27,08333	31,88
27,10000	31,87
27,11667	31,87
27,13333	31,87
27,15000	31,87
27,16667	31,87
27,18333	31,87
27,20000	31,87
27,21667	31,86
27,23333	31,86
27,25000	31,86
27,26667	31,86
27,28333	31,85
27,30000	31,85
27,31667	31,85
27,33333	31,84
27,35000	31,84
27,36667	31,84
27,38333	31,84
27,40000	31,84
27,41667	31,83
27,43333	31,83
27,45000	31,83
27,46667	31,83
27,48333	31,83
27,50000	31,82
27,51667	31,82
27,53333	31,82
27,55000	31,82
27,56667	31,81
27,58333	31,81
27,60000	31,81
27,61667	31,81
27,63333	31,81
27,65000	31,81
27,66667	31,81
27,68333	31,81
27,70000	31,81
27,71667	31,81
27,73333	31,81
27,75000	31,81
27,76667	31,81
27,78333	31,81
27,80000	31,81
27,81667	31,81
27,83333	31,81
27,85000	31,81
27,86667	31,81
27,88333	31,81
27,90000	31,81
27,91667	31,82
27,93333	31,82
27,95000	31,82
27,96667	31,82
27,98333	31,82
28,00000	31,82
28,01667	31,82
28,03333	31,82
28,05000	31,82
28,06667	31,82
28,08333	31,82
28,10000	31,83
28,11667	31,83
28,13333	31,83
28,15000	31,83
28,16667	31,83
28,18333	31,83
28,20000	31,83
28,21667	31,83
28,23333	31,82
28,25000	31,82
28,26667	31,82
28,28333	31,82
28,30000	31,82
28,31667	31,82
28,33333	31,82
28,35000	31,82
28,36667	31,82
28,38333	31,82
28,40000	31,82
28,41667	31,82
28,43333	31,82
28,45000	31,82
28,46667	31,82
28,48333	31,82
28,50000	31,81
28,51667	31,81
28,53333	31,81
28,55000	31,80
28,56667	31,80
28,58333	31,80
28,60000	31,80
28,61667	31,80
28,63333	31,80
28,65000	31,80
28,66667	31,80
28,68333	31,80
28,70000	31,80
28,71667	31,79
28,73333	31,79
28,75000	31,79
28,76667	31,79
28,78333	31,79
28,80000	31,79
28,81667	31,79
28,83333	31,79
28,85000	31,79
28,86667	31,79
28,88333	31,80
28,90000	31,80
28,91667	31,80
28,93333	31,80
28,95000	31,80
28,96667	31,80
28,98333	31,80
29,00000	31,80
29,01667	31,79
29,03333	31,79
29,05000	31,79
29,06667	31,79
29,08333	31,79
29,10000	31,78
29,11667	31,78
29,13333	31,78
29,15000	31,78
29,16667	31,78
29,18333	31,78
29,20000	31,78
29,21667	31,78
29,23333	31,78
29,25000	31,78
29,26667	31,78
29,28333	31,78
29,30000	31,78
29,31667	31,78
29,33333	31,79
29,35000	31,79
29,36667	31,79
29,38333	31,79
29,40000	31,79
29,41667	31,80
29,43333	31,80
29,45000	31,80
29,46667	31,80
29,48333	31,80
29,50000	31,80
29,51667	31,81
29,53333	31,81
29,55000	31,81
29,56667	31,81
29,58333	31,81
29,60000	31,82
29,61667	31,82
29,63333	31,82
29,65000	31,83
29,66667	31,83
29,68333	31,83
29,70000	31,83
29,71667	31,83
29,73333	31,83
29,75000	31,83
29,76667	31,83
29,78333	31,83
29,80000	31,83
29,81667	31,83
29,83333	31,84
29,85000	31,84
29,86667	31,84
29,88333	31,84
29,90000	31,84
29,91667	31,84
29,93333	31,84
29,95000	31,85
29,96667	31,85
29,98333	31,85
30,00000	31,86
30,01667	31,86
30,03333	31,86
30,05000	31,86
30,06667	31,86
30,08333	31,86
30,10000	31,87
30,11667	31,87
30,13333	31,87
30,15000	31,87
30,16667	31,87
30,18333	31,87
30,20000	31,87
30,21667	31,87
30,23333	31,87
30,25000	31,87
30,26667	31,86
30,28333	31,86
30,30000	31,86
30,31667	31,86
30,33333	31,86
30,35000	31,85
30,36667	31,85
30,38333	31,85
30,40000	31,85
30,41667	31,84
30,43333	31,84
30,45000	31,84
30,46667	31,84
30,48333	31,84
30,50000	31,84
30,51667	31,84
30,53333	31,84
30,55000	31,84
30,56667	31,85
30,58333	31,85
30,60000	31,85
30,61667	31,85
30,63333	31,85
30,65000	31,86
30,66667	31,85
30,68333	31,85
30,70000	31,85
30,71667	31,85
30,73333	31,85
30,75000	31,85
30,76667	31,85
30,78333	31,85
30,80000	31,85
30,81667	31,85
30,83333	31,85
30,85000	31,85
30,86667	31,85
30,88333	31,84
30,90000	31,84
30,91667	31,84
30,93333	31,85
30,95000	31,85
30,96667	31,85
30,98333	31,85
31,00000	31,86
31,01667	31,86
31,03333	31,86
31,05000	31,86
31,06667	31,87
31,08333	31,87
31,10000	31,87
31,11667	31,87
31,13333	31,87
31,15000	31,86
31,16667	31,86
31,18333	31,86
31,20000	31,85
31,21667	31,85
31,23333	31,85
31,25000	31,84
31,26667	31,83
31,28333	31,83
31,30000	31,83
31,31667	31,83
31,33333	31,84
31,35000	31,84
31,36667	31,84
31,38333	31,84
31,40000	31,84
31,41667	31,84
31,43333	31,83
31,45000	31,83
31,46667	31,83
31,48333	31,83
31,50000	31,82
31,51667	31,82
31,53333	31,82
31,55000	31,81
31,56667	31,81
31,58333	31,81
31,60000	31,80
31,61667	31,80
31,63333	31,80
31,65000	31,80
31,66667	31,79
31,68333	31,79
31,70000	31,79
31,71667	31,79
31,73333	31,79
31,75000	31,78
31,76667	31,78
31,78333	31,78
31,80000	31,78
31,81667	31,78
31,83333	31,78
31,85000	31,78
31,86667	31,78
31,88333	31,78
31,90000	31,79
31,91667	31,79
31,93333	31,79
31,95000	31,79
31,96667	31,80
31,98333	31,80
32,00000	31,80

[LC Status Trace(PDA Cell Temp.)]
Interval(msec)	1000
# of Points	1921
Start Time(min)	0,000
End Time(min)	32,000
Intensity Units	C
Intensity Multiplier	1
R.Time (min)	Intensity
0,00000	49,99
0,01667	49,99
0,03333	49,99
0,05000	49,99
0,06667	49,99
0,08333	49,99
0,10000	49,99
0,11667	49,99
0,13333	49,99
0,15000	49,99
0,16667	49,99
0,18333	49,99
0,20000	49,99
0,21667	49,99
0,23333	50,00
0,25000	50,00
0,26667	50,00
0,28333	50,00
0,30000	50,00
0,31667	50,00
0,33333	50,00
0,35000	50,00
0,36667	50,00
0,38333	50,00
0,40000	50,00
0,41667	50,00
0,43333	50,00
0,45000	50,00
0,46667	50,00
0,48333	50,00
0,50000	49,99
0,51667	49,99
0,53333	49,99
0,55000	49,99
0,56667	49,99
0,58333	49,99
0,60000	49,99
0,61667	49,99
0,63333	49,99
0,65000	49,99
0,66667	49,99
0,68333	49,99
0,70000	49,99
0,71667	50,00
0,73333	50,00
0,75000	50,00
0,76667	50,00
0,78333	50,00
0,80000	50,00
0,81667	50,00
0,83333	50,00
0,85000	50,00
0,86667	50,00
0,88333	50,00
0,90000	50,00
0,91667	50,00
0,93333	50,00
0,95000	50,00
0,96667	50,00
0,98333	50,00
1,00000	50,00
1,01667	50,00
1,03333	50,00
1,05000	50,00
1,06667	50,00
1,08333	50,00
1,10000	50,00
1,11667	50,00
1,13333	49,99
1,15000	49,99
1,16667	49,99
1,18333	49,99
1,20000	49,99
1,21667	49,99
1,23333	49,99
1,25000	49,99
1,26667	49,99
1,28333	49,99
1,30000	49,99
1,31667	49,99
1,33333	49,99
1,35000	49,99
1,36667	49,99
1,38333	49,99
1,40000	49,99
1,41667	49,99
1,43333	49,99
1,45000	49,99
1,46667	49,99
1,48333	49,99
1,50000	49,99
1,51667	49,99
1,53333	49,99
1,55000	49,99
1,56667	49,99
1,58333	49,99
1,60000	49,99
1,61667	49,99
1,63333	49,99
1,65000	49,99
1,66667	49,99
1,68333	49,99
1,70000	49,99
1,71667	49,99
1,73333	49,99
1,75000	49,99
1,76667	49,99
1,78333	49,99
1,80000	49,99
1,81667	49,99
1,83333	49,99
1,85000	49,99
1,86667	49,99
1,88333	49,99
1,90000	50,00
1,91667	49,99
1,93333	49,99
1,95000	50,00
1,96667	50,00
1,98333	50,00
2,00000	50,00
2,01667	50,00
2,03333	50,00
2,05000	50,00
2,06667	50,00
2,08333	50,00
2,10000	50,00
2,11667	50,00
2,13333	50,00
2,15000	50,00
2,16667	50,00
2,18333	50,00
2,20000	50,00
2,21667	50,00
2,23333	50,00
2,25000	50,00
2,26667	50,00
2,28333	50,00
2,30000	50,00
2,31667	50,00
2,33333	50,00
2,35000	50,00
2,36667	50,00
2,38333	50,00
2,40000	50,00
2,41667	50,00
2,43333	50,00
2,45000	49,99
2,46667	50,00
2,48333	49,99
2,50000	50,00
2,51667	49,99
2,53333	49,99
2,55000	49,99
2,56667	49,99
2,58333	49,99
2,60000	49,99
2,61667	49,99
2,63333	49,99
2,65000	49,99
2,66667	49,99
2,68333	49,99
2,70000	49,99
2,71667	49,99
2,73333	49,99
2,75000	49,99
2,76667	49,99
2,78333	49,99
2,80000	49,99
2,81667	49,99
2,83333	49,99
2,85000	49,99
2,86667	49,99
2,88333	49,99
2,90000	49,99
2,91667	49,99
2,93333	49,99
2,95000	49,99
2,96667	50,00
2,98333	50,00
3,00000	50,00
3,01667	50,00
3,03333	50,00
3,05000	50,00
3,06667	50,00
3,08333	50,00
3,10000	50,00
3,11667	50,00
3,13333	50,00
3,15000	50,00
3,16667	50,00
3,18333	50,00
3,20000	50,00
3,21667	50,00
3,23333	50,00
3,25000	50,00
3,26667	50,00
3,28333	50,00
3,30000	50,00
3,31667	50,00
3,33333	50,00
3,35000	50,00
3,36667	50,00
3,38333	50,00
3,40000	50,00
3,41667	50,00
3,43333	50,00
3,45000	50,00
3,46667	50,00
3,48333	50,00
3,50000	50,00
3,51667	50,00
3,53333	50,00
3,55000	50,00
3,56667	50,00
3,58333	50,00
3,60000	50,00
3,61667	50,00
3,63333	50,00
3,65000	50,00
3,66667	50,00
3,68333	50,00
3,70000	50,00
3,71667	50,00
3,73333	50,00
3,75000	50,00
3,76667	50,00
3,78333	50,00
3,80000	50,00
3,81667	50,00
3,83333	50,00
3,85000	50,00
3,86667	50,00
3,88333	50,00
3,90000	50,00
3,91667	50,00
3,93333	50,00
3,95000	50,00
3,96667	50,00
3,98333	50,00
4,00000	50,00
4,01667	50,00
4,03333	50,00
4,05000	50,00
4,06667	50,00
4,08333	50,00
4,10000	50,00
4,11667	50,00
4,13333	50,00
4,15000	50,00
4,16667	50,00
4,18333	50,00
4,20000	50,00
4,21667	50,00
4,23333	50,00
4,25000	50,00
4,26667	50,00
4,28333	50,00
4,30000	50,00
4,31667	50,00
4,33333	50,00
4,35000	50,00
4,36667	50,00
4,38333	50,00
4,40000	50,00
4,41667	50,00
4,43333	50,00
4,45000	50,00
4,46667	50,00
4,48333	50,00
4,50000	50,00
4,51667	50,00
4,53333	50,00
4,55000	50,00
4,56667	49,99
4,58333	49,99
4,60000	49,99
4,61667	49,99
4,63333	49,99
4,65000	49,99
4,66667	49,99
4,68333	49,99
4,70000	49,99
4,71667	49,99
4,73333	49,99
4,75000	49,99
4,76667	49,99
4,78333	49,99
4,80000	49,99
4,81667	49,99
4,83333	49,99
4,85000	49,99
4,86667	49,99
4,88333	49,99
4,90000	49,99
4,91667	49,99
4,93333	49,99
4,95000	49,99
4,96667	49,99
4,98333	49,99
5,00000	49,99
5,01667	49,99
5,03333	49,99
5,05000	49,99
5,06667	49,99
5,08333	49,99
5,10000	49,99
5,11667	50,00
5,13333	50,00
5,15000	50,00
5,16667	50,00
5,18333	50,00
5,20000	50,00
5,21667	50,00
5,23333	50,00
5,25000	50,00
5,26667	50,00
5,28333	50,00
5,30000	50,00
5,31667	50,00
5,33333	50,00
5,35000	50,00
5,36667	50,00
5,38333	50,00
5,40000	50,00
5,41667	50,00
5,43333	50,00
5,45000	50,00
5,46667	50,00
5,48333	50,00
5,50000	50,00
5,51667	50,00
5,53333	50,00
5,55000	50,00
5,56667	50,00
5,58333	50,00
5,60000	50,00
5,61667	50,00
5,63333	50,00
5,65000	50,00
5,66667	50,00
5,68333	50,00
5,70000	50,00
5,71667	50,00
5,73333	50,00
5,75000	50,00
5,76667	50,00
5,78333	50,00
5,80000	49,99
5,81667	49,99
5,83333	49,99
5,85000	49,99
5,86667	49,99
5,88333	49,99
5,90000	49,99
5,91667	49,99
5,93333	49,99
5,95000	49,99
5,96667	49,99
5,98333	49,99
6,00000	49,99
6,01667	49,99
6,03333	49,99
6,05000	49,99
6,06667	49,99
6,08333	49,99
6,10000	49,99
6,11667	49,99
6,13333	49,99
6,15000	49,99
6,16667	49,99
6,18333	49,99
6,20000	49,99
6,21667	49,99
6,23333	49,99
6,25000	49,99
6,26667	49,99
6,28333	49,99
6,30000	49,99
6,31667	49,99
6,33333	49,99
6,35000	49,99
6,36667	49,99
6,38333	50,00
6,40000	50,00
6,41667	50,00
6,43333	50,00
6,45000	50,00
6,46667	50,00
6,48333	50,00
6,50000	50,00
6,51667	50,00
6,53333	50,00
6,55000	50,00
6,56667	50,00
6,58333	50,00
6,60000	50,00
6,61667	50,00
6,63333	50,00
6,65000	50,00
6,66667	50,00
6,68333	50,00
6,70000	50,00
6,71667	50,00
6,73333	50,00
6,75000	50,00
6,76667	50,00
6,78333	50,00
6,80000	50,00
6,81667	50,00
6,83333	50,00
6,85000	50,00
6,86667	50,00
6,88333	50,00
6,90000	50,00
6,91667	50,00
6,93333	50,00
6,95000	50,00
6,96667	50,00
6,98333	50,00
7,00000	50,00
7,01667	49,99
7,03333	49,99
7,05000	49,99
7,06667	49,99
7,08333	49,99
7,10000	49,99
7,11667	49,99
7,13333	49,99
7,15000	49,99
7,16667	49,99
7,18333	49,99
7,20000	49,99
7,21667	49,99
7,23333	49,99
7,25000	50,00
7,26667	50,00
7,28333	50,00
7,30000	50,00
7,31667	50,00
7,33333	50,00
7,35000	50,00
7,36667	50,00
7,38333	50,00
7,40000	50,00
7,41667	50,00
7,43333	50,00
7,45000	50,00
7,46667	50,00
7,48333	50,00
7,50000	50,00
7,51667	50,00
7,53333	50,00
7,55000	50,00
7,56667	50,00
7,58333	50,00
7,60000	50,00
7,61667	50,00
7,63333	50,00
7,65000	50,00
7,66667	50,00
7,68333	50,00
7,70000	50,00
7,71667	50,00
7,73333	50,00
7,75000	50,00
7,76667	50,00
7,78333	50,00
7,80000	50,00
7,81667	50,00
7,83333	50,00
7,85000	50,00
7,86667	50,00
7,88333	50,00
7,90000	50,00
7,91667	50,00
7,93333	50,00
7,95000	50,00
7,96667	50,00
7,98333	50,00
8,00000	50,00
8,01667	50,00
8,03333	50,00
8,05000	50,00
8,06667	50,00
8,08333	50,00
8,10000	50,00
8,11667	50,00
8,13333	50,00
8,15000	50,00
8,16667	50,00
8,18333	50,00
8,20000	50,00
8,21667	50,00
8,23333	50,00
8,25000	50,00
8,26667	49,99
8,28333	49,99
8,30000	49,99
8,31667	49,99
8,33333	49,99
8,35000	49,99
8,36667	49,99
8,38333	49,99
8,40000	49,99
8,41667	49,99
8,43333	49,99
8,45000	49,99
8,46667	49,99
8,48333	49,99
8,50000	49,99
8,51667	49,99
8,53333	49,99
8,55000	49,99
8,56667	49,99
8,58333	49,99
8,60000	49,99
8,61667	49,99
8,63333	49,99
8,65000	49,99
8,66667	49,99
8,68333	49,99
8,70000	49,99
8,71667	49,99
8,73333	49,99
8,75000	49,99
8,76667	49,99
8,78333	49,99
8,80000	49,99
8,81667	49,99
8,83333	49,99
8,85000	49,99
8,86667	49,99
8,88333	49,99
8,90000	49,99
8,91667	49,99
8,93333	49,99
8,95000	49,99
8,96667	49,99
8,98333	49,99
9,00000	49,99
9,01667	49,99
9,03333	49,99
9,05000	49,99
9,06667	49,99
9,08333	49,99
9,10000	49,99
9,11667	49,99
9,13333	49,99
9,15000	49,99
9,16667	49,99
9,18333	49,99
9,20000	49,99
9,21667	49,99
9,23333	49,99
9,25000	49,99
9,26667	49,99
9,28333	49,99
9,30000	49,99
9,31667	49,99
9,33333	49,99
9,35000	49,99
9,36667	49,99
9,38333	49,99
9,40000	49,99
9,41667	49,99
9,43333	50,00
9,45000	50,00
9,46667	50,00
9,48333	50,00
9,50000	50,00
9,51667	50,00
9,53333	50,00
9,55000	50,00
9,56667	50,00
9,58333	50,00
9,60000	50,00
9,61667	50,00
9,63333	50,00
9,65000	50,00
9,66667	50,00
9,68333	50,00
9,70000	50,00
9,71667	50,00
9,73333	50,00
9,75000	50,00
9,76667	50,00
9,78333	50,00
9,80000	50,00
9,81667	50,00
9,83333	50,00
9,85000	50,00
9,86667	50,00
9,88333	50,00
9,90000	50,00
9,91667	50,00
9,93333	50,00
9,95000	50,00
9,96667	50,00
9,98333	50,00
10,00000	50,00
10,01667	50,00
10,03333	50,00
10,05000	50,00
10,06667	50,00
10,08333	50,00
10,10000	50,00
10,11667	50,00
10,13333	50,00
10,15000	50,00
10,16667	50,00
10,18333	50,00
10,20000	50,00
10,21667	50,00
10,23333	50,00
10,25000	50,00
10,26667	50,00
10,28333	50,00
10,30000	50,00
10,31667	50,00
10,33333	50,00
10,35000	50,00
10,36667	50,00
10,38333	50,00
10,40000	50,00
10,41667	50,00
10,43333	50,00
10,45000	50,00
10,46667	50,00
10,48333	49,99
10,50000	49,99
10,51667	49,99
10,53333	49,99
10,55000	49,99
10,56667	49,99
10,58333	49,99
10,60000	49,99
10,61667	49,99
10,63333	49,99
10,65000	49,99
10,66667	49,99
10,68333	49,99
10,70000	49,99
10,71667	49,99
10,73333	50,00
10,75000	49,99
10,76667	49,99
10,78333	50,00
10,80000	50,00
10,81667	50,00
10,83333	50,00
10,85000	50,00
10,86667	50,00
10,88333	50,00
10,90000	50,00
10,91667	50,00
10,93333	50,00
10,95000	50,00
10,96667	50,00
10,98333	50,00
11,00000	50,00
11,01667	50,00
11,03333	50,00
11,05000	50,00
11,06667	50,00
11,08333	50,00
11,10000	50,00
11,11667	50,00
11,13333	50,00
11,15000	50,00
11,16667	50,00
11,18333	50,00
11,20000	50,00
11,21667	50,00
11,23333	50,00
11,25000	50,00
11,26667	50,00
11,28333	50,00
11,30000	50,00
11,31667	50,00
11,33333	50,00
11,35000	50,00
11,36667	50,00
11,38333	50,00
11,40000	50,00
11,41667	50,00
11,43333	50,00
11,45000	50,00
11,46667	50,00
11,48333	50,00
11,50000	50,00
11,51667	50,00
11,53333	49,99
11,55000	49,99
11,56667	49,99
11,58333	49,99
11,60000	50,00
11,61667	49,99
11,63333	49,99
11,65000	49,99
11,66667	49,99
11,68333	49,99
11,70000	49,99
11,71667	49,99
11,73333	49,99
11,75000	49,99
11,76667	50,00
11,78333	49,99
11,80000	50,00
11,81667	50,00
11,83333	50,00
11,85000	50,00
11,86667	50,00
11,88333	50,00
11,90000	50,00
11,91667	50,00
11,93333	50,00
11,95000	50,00
11,96667	50,00
11,98333	50,00
12,00000	50,00
12,01667	50,00
12,03333	50,00
12,05000	50,00
12,06667	50,00
12,08333	50,00
12,10000	50,00
12,11667	50,00
12,13333	50,00
12,15000	50,00
12,16667	50,00
12,18333	50,00
12,20000	50,00
12,21667	50,00
12,23333	50,00
12,25000	50,00
12,26667	50,00
12,28333	50,00
12,30000	50,00
12,31667	50,00
12,33333	50,00
12,35000	50,00
12,36667	49,99
12,38333	49,99
12,40000	49,99
12,41667	49,99
12,43333	49,99
12,45000	49,99
12,46667	49,99
12,48333	49,99
12,50000	49,99
12,51667	50,00
12,53333	50,00
12,55000	50,00
12,56667	50,00
12,58333	50,00
12,60000	50,00
12,61667	50,00
12,63333	50,00
12,65000	50,00
12,66667	50,00
12,68333	50,00
12,70000	50,00
12,71667	50,00
12,73333	50,00
12,75000	50,00
12,76667	50,00
12,78333	50,00
12,80000	50,00
12,81667	50,00
12,83333	50,00
12,85000	50,00
12,86667	50,00
12,88333	50,00
12,90000	50,00
12,91667	50,00
12,93333	50,00
12,95000	50,00
12,96667	50,00
12,98333	50,00
13,00000	50,00
13,01667	50,00
13,03333	50,00
13,05000	50,00
13,06667	50,00
13,08333	50,00
13,10000	50,00
13,11667	50,00
13,13333	50,00
13,15000	50,00
13,16667	50,00
13,18333	50,00
13,20000	50,00
13,21667	50,00
13,23333	49,99
13,25000	49,99
13,26667	49,99
13,28333	49,99
13,30000	49,99
13,31667	49,99
13,33333	49,99
13,35000	49,99
13,36667	49,99
13,38333	49,99
13,40000	49,99
13,41667	49,99
13,43333	49,99
13,45000	49,99
13,46667	49,99
13,48333	49,99
13,50000	49,99
13,51667	50,00
13,53333	50,00
13,55000	50,00
13,56667	50,00
13,58333	50,00
13,60000	50,00
13,61667	50,00
13,63333	50,00
13,65000	50,00
13,66667	50,00
13,68333	50,00
13,70000	50,00
13,71667	50,00
13,73333	50,00
13,75000	50,00
13,76667	50,00
13,78333	50,00
13,80000	50,00
13,81667	50,00
13,83333	50,00
13,85000	50,00
13,86667	50,00
13,88333	50,00
13,90000	50,00
13,91667	50,00
13,93333	50,00
13,95000	50,00
13,96667	50,00
13,98333	50,00
14,00000	50,00
14,01667	50,00
14,03333	50,00
14,05000	50,00
14,06667	49,99
14,08333	49,99
14,10000	49,99
14,11667	49,99
14,13333	49,99
14,15000	49,99
14,16667	49,99
14,18333	49,99
14,20000	49,99
14,21667	49,99
14,23333	49,99
14,25000	49,99
14,26667	49,99
14,28333	49,99
14,30000	49,99
14,31667	49,99
14,33333	49,99
14,35000	49,99
14,36667	49,99
14,38333	49,99
14,40000	49,99
14,41667	49,99
14,43333	49,99
14,45000	49,99
14,46667	49,99
14,48333	49,99
14,50000	49,99
14,51667	49,99
14,53333	49,99
14,55000	49,99
14,56667	50,00
14,58333	50,00
14,60000	50,00
14,61667	50,00
14,63333	50,00
14,65000	50,00
14,66667	50,00
14,68333	50,00
14,70000	50,00
14,71667	50,00
14,73333	50,00
14,75000	50,00
14,76667	50,00
14,78333	49,99
14,80000	49,99
14,81667	49,99
14,83333	49,99
14,85000	49,99
14,86667	49,99
14,88333	49,99
14,90000	49,99
14,91667	49,99
14,93333	49,99
14,95000	49,99
14,96667	49,99
14,98333	49,99
15,00000	49,99
15,01667	49,99
15,03333	49,99
15,05000	49,99
15,06667	49,99
15,08333	50,00
15,10000	50,00
15,11667	50,00
15,13333	50,00
15,15000	50,00
15,16667	50,00
15,18333	50,00
15,20000	50,00
15,21667	50,00
15,23333	50,00
15,25000	50,00
15,26667	50,00
15,28333	50,00
15,30000	50,00
15,31667	50,00
15,33333	50,00
15,35000	50,00
15,36667	50,00
15,38333	50,00
15,40000	50,00
15,41667	50,00
15,43333	50,00
15,45000	50,00
15,46667	50,00
15,48333	50,00
15,50000	50,00
15,51667	50,00
15,53333	50,00
15,55000	50,00
15,56667	50,00
15,58333	50,00
15,60000	50,00
15,61667	50,00
15,63333	50,00
15,65000	50,00
15,66667	50,00
15,68333	50,00
15,70000	50,00
15,71667	50,00
15,73333	50,00
15,75000	50,00
15,76667	50,00
15,78333	50,00
15,80000	50,00
15,81667	50,00
15,83333	50,00
15,85000	50,00
15,86667	50,00
15,88333	50,00
15,90000	50,00
15,91667	50,00
15,93333	50,00
15,95000	50,00
15,96667	50,00
15,98333	50,00
16,00000	50,00
16,01667	50,00
16,03333	50,00
16,05000	50,00
16,06667	50,00
16,08333	50,00
16,10000	50,00
16,11667	50,00
16,13333	50,00
16,15000	50,00
16,16667	50,00
16,18333	50,00
16,20000	50,00
16,21667	50,00
16,23333	50,00
16,25000	49,99
16,26667	49,99
16,28333	49,99
16,30000	49,99
16,31667	49,99
16,33333	49,99
16,35000	49,99
16,36667	49,99
16,38333	49,99
16,40000	49,99
16,41667	49,99
16,43333	49,99
16,45000	49,99
16,46667	49,99
16,48333	49,99
16,50000	49,99
16,51667	49,99
16,53333	49,99
16,55000	49,99
16,56667	49,99
16,58333	49,99
16,60000	49,99
16,61667	49,99
16,63333	49,99
16,65000	49,99
16,66667	49,99
16,68333	49,99
16,70000	49,99
16,71667	49,99
16,73333	50,00
16,75000	50,00
16,76667	50,00
16,78333	50,00
16,80000	50,00
16,81667	50,00
16,83333	50,00
16,85000	50,00
16,86667	50,00
16,88333	50,00
16,90000	50,00
16,91667	50,00
16,93333	50,00
16,95000	50,00
16,96667	50,00
16,98333	50,00
17,00000	50,00
17,01667	50,00
17,03333	50,00
17,05000	50,00
17,06667	50,00
17,08333	50,00
17,10000	50,00
17,11667	50,00
17,13333	50,00
17,15000	50,00
17,16667	50,00
17,18333	50,00
17,20000	50,00
17,21667	50,00
17,23333	50,00
17,25000	50,00
17,26667	50,00
17,28333	50,00
17,30000	50,00
17,31667	50,00
17,33333	50,00
17,35000	50,00
17,36667	50,00
17,38333	50,00
17,40000	49,99
17,41667	49,99
17,43333	49,99
17,45000	49,99
17,46667	49,99
17,48333	49,99
17,50000	49,99
17,51667	49,99
17,53333	49,99
17,55000	49,99
17,56667	49,99
17,58333	49,99
17,60000	49,99
17,61667	50,00
17,63333	50,00
17,65000	50,00
17,66667	50,00
17,68333	50,00
17,70000	50,00
17,71667	50,00
17,73333	50,00
17,75000	50,00
17,76667	50,00
17,78333	50,00
17,80000	50,00
17,81667	50,00
17,83333	50,00
17,85000	50,00
17,86667	50,00
17,88333	50,00
17,90000	50,00
17,91667	50,00
17,93333	50,00
17,95000	50,00
17,96667	50,00
17,98333	50,00
18,00000	50,00
18,01667	50,00
18,03333	50,00
18,05000	50,00
18,06667	50,00
18,08333	50,00
18,10000	50,00
18,11667	50,00
18,13333	50,00
18,15000	50,00
18,16667	50,00
18,18333	50,00
18,20000	50,00
18,21667	50,00
18,23333	50,00
18,25000	50,00
18,26667	50,00
18,28333	50,00
18,30000	50,00
18,31667	50,00
18,33333	49,99
18,35000	50,00
18,36667	49,99
18,38333	49,99
18,40000	49,99
18,41667	49,99
18,43333	49,99
18,45000	49,99
18,46667	49,99
18,48333	49,99
18,50000	49,99
18,51667	49,99
18,53333	49,99
18,55000	49,99
18,56667	49,99
18,58333	49,99
18,60000	49,99
18,61667	49,99
18,63333	49,99
18,65000	49,99
18,66667	49,99
18,68333	49,99
18,70000	49,99
18,71667	49,99
18,73333	49,99
18,75000	49,99
18,76667	49,99
18,78333	49,99
18,80000	49,99
18,81667	49,99
18,83333	49,99
18,85000	49,99
18,86667	49,99
18,88333	49,99
18,90000	49,99
18,91667	49,99
18,93333	49,99
18,95000	49,99
18,96667	49,99
18,98333	50,00
19,00000	50,00
19,01667	50,00
19,03333	50,00
19,05000	50,00
19,06667	50,00
19,08333	50,00
19,10000	50,00
19,11667	50,00
19,13333	50,00
19,15000	50,00
19,16667	50,00
19,18333	50,00
19,20000	50,00
19,21667	50,00
19,23333	50,00
19,25000	50,00
19,26667	50,00
19,28333	50,00
19,30000	50,00
19,31667	50,00
19,33333	50,00
19,35000	50,00
19,36667	50,00
19,38333	50,00
19,40000	50,00
19,41667	50,00
19,43333	50,00
19,45000	50,00
19,46667	50,00
19,48333	50,00
19,50000	50,00
19,51667	50,00
19,53333	50,00
19,55000	50,00
19,56667	50,00
19,58333	50,00
19,60000	50,00
19,61667	49,99
19,63333	49,99
19,65000	49,99
19,66667	49,99
19,68333	49,99
19,70000	49,99
19,71667	49,99
19,73333	49,99
19,75000	49,99
19,76667	49,99
19,78333	49,99
19,80000	49,99
19,81667	49,99
19,83333	49,99
19,85000	49,99
19,86667	49,99
19,88333	49,99
19,90000	49,99
19,91667	49,99
19,93333	49,99
19,95000	49,99
19,96667	49,99
19,98333	49,99
20,00000	49,99
20,01667	49,99
20,03333	49,99
20,05000	49,99
20,06667	49,99
20,08333	49,99
20,10000	49,99
20,11667	49,99
20,13333	49,99
20,15000	50,00
20,16667	50,00
20,18333	50,00
20,20000	50,00
20,21667	50,00
20,23333	50,00
20,25000	50,00
20,26667	50,00
20,28333	50,00
20,30000	50,00
20,31667	50,00
20,33333	50,00
20,35000	50,00
20,36667	50,00
20,38333	50,00
20,40000	50,00
20,41667	50,00
20,43333	50,00
20,45000	50,00
20,46667	50,00
20,48333	50,00
20,50000	50,00
20,51667	50,00
20,53333	50,00
20,55000	50,00
20,56667	50,00
20,58333	50,00
20,60000	50,00
20,61667	50,00
20,63333	50,00
20,65000	50,00
20,66667	50,00
20,68333	50,00
20,70000	50,00
20,71667	50,00
20,73333	50,00
20,75000	50,00
20,76667	50,00
20,78333	50,00
20,80000	50,00
20,81667	50,00
20,83333	50,00
20,85000	50,00
20,86667	49,99
20,88333	49,99
20,90000	49,99
20,91667	49,99
20,93333	49,99
20,95000	49,99
20,96667	49,99
20,98333	49,99
21,00000	49,99
21,01667	49,99
21,03333	49,99
21,05000	49,99
21,06667	49,99
21,08333	49,99
21,10000	49,99
21,11667	49,99
21,13333	49,99
21,15000	49,99
21,16667	49,99
21,18333	49,99
21,20000	49,99
21,21667	49,99
21,23333	49,99
21,25000	49,99
21,26667	49,99
21,28333	49,99
21,30000	49,99
21,31667	49,99
21,33333	49,99
21,35000	49,99
21,36667	49,99
21,38333	50,00
21,40000	50,00
21,41667	50,00
21,43333	50,00
21,45000	50,00
21,46667	50,00
21,48333	50,00
21,50000	50,00
21,51667	50,00
21,53333	50,00
21,55000	50,00
21,56667	50,00
21,58333	50,00
21,60000	50,00
21,61667	50,00
21,63333	50,00
21,65000	50,00
21,66667	50,00
21,68333	50,00
21,70000	50,00
21,71667	50,00
21,73333	50,00
21,75000	50,00
21,76667	50,00
21,78333	50,00
21,80000	50,00
21,81667	50,00
21,83333	50,00
21,85000	50,00
21,86667	50,00
21,88333	50,00
21,90000	50,00
21,91667	50,00
21,93333	50,00
21,95000	50,00
21,96667	50,00
21,98333	50,00
22,00000	49,99
22,01667	49,99
22,03333	49,99
22,05000	49,99
22,06667	49,99
22,08333	49,99
22,10000	49,99
22,11667	49,99
22,13333	49,99
22,15000	49,99
22,16667	49,99
22,18333	49,99
22,20000	49,99
22,21667	49,99
22,23333	49,99
22,25000	49,99
22,26667	49,99
22,28333	49,99
22,30000	49,99
22,31667	49,99
22,33333	49,99
22,35000	49,99
22,36667	49,99
22,38333	49,99
22,40000	49,99
22,41667	49,99
22,43333	50,00
22,45000	50,00
22,46667	50,00
22,48333	50,00
22,50000	50,00
22,51667	50,00
22,53333	50,00
22,55000	50,00
22,56667	50,00
22,58333	50,00
22,60000	50,00
22,61667	50,00
22,63333	50,00
22,65000	50,00
22,66667	50,00
22,68333	50,00
22,70000	50,00
22,71667	50,00
22,73333	50,00
22,75000	50,00
22,76667	50,00
22,78333	50,00
22,80000	50,00
22,81667	50,00
22,83333	50,00
22,85000	50,00
22,86667	50,00
22,88333	50,00
22,90000	50,00
22,91667	50,00
22,93333	50,00
22,95000	50,00
22,96667	50,00
22,98333	50,00
23,00000	49,99
23,01667	49,99
23,03333	49,99
23,05000	49,99
23,06667	49,99
23,08333	49,99
23,10000	49,99
23,11667	49,99
23,13333	49,99
23,15000	49,99
23,16667	49,99
23,18333	49,99
23,20000	49,99
23,21667	49,99
23,23333	49,99
23,25000	49,99
23,26667	49,99
23,28333	49,99
23,30000	49,99
23,31667	49,99
23,33333	49,99
23,35000	49,99
23,36667	49,99
23,38333	50,00
23,40000	50,00
23,41667	50,00
23,43333	50,00
23,45000	50,00
23,46667	50,00
23,48333	50,00
23,50000	50,00
23,51667	50,00
23,53333	50,00
23,55000	50,00
23,56667	50,00
23,58333	50,00
23,60000	50,00
23,61667	50,00
23,63333	50,00
23,65000	50,00
23,66667	50,00
23,68333	50,00
23,70000	50,00
23,71667	50,00
23,73333	50,00
23,75000	50,00
23,76667	50,00
23,78333	50,00
23,80000	50,00
23,81667	50,00
23,83333	50,00
23,85000	50,00
23,86667	50,00
23,88333	50,00
23,90000	50,00
23,91667	50,00
23,93333	50,00
23,95000	50,00
23,96667	49,99
23,98333	49,99
24,00000	49,99
24,01667	49,99
24,03333	49,99
24,05000	49,99
24,06667	49,99
24,08333	49,99
24,10000	49,99
24,11667	49,99
24,13333	49,99
24,15000	49,99
24,16667	49,99
24,18333	49,99
24,20000	49,99
24,21667	49,99
24,23333	49,99
24,25000	49,99
24,26667	49,99
24,28333	49,99
24,30000	49,99
24,31667	49,99
24,33333	49,99
24,35000	49,99
24,36667	49,99
24,38333	49,99
24,40000	49,99
24,41667	49,99
24,43333	50,00
24,45000	50,00
24,46667	50,00
24,48333	50,00
24,50000	50,00
24,51667	50,00
24,53333	50,00
24,55000	50,00
24,56667	50,00
24,58333	50,00
24,60000	50,00
24,61667	50,00
24,63333	50,00
24,65000	50,00
24,66667	50,00
24,68333	50,00
24,70000	50,00
24,71667	50,00
24,73333	50,00
24,75000	50,00
24,76667	50,00
24,78333	50,00
24,80000	50,00
24,81667	50,00
24,83333	50,00
24,85000	50,00
24,86667	50,00
24,88333	50,00
24,90000	50,00
24,91667	50,00
24,93333	50,00
24,95000	50,00
24,96667	50,00
24,98333	50,00
25,00000	50,00
25,01667	50,00
25,03333	50,00
25,05000	50,00
25,06667	50,00
25,08333	50,00
25,10000	50,00
25,11667	50,00
25,13333	50,00
25,15000	50,00
25,16667	50,00
25,18333	50,00
25,20000	50,00
25,21667	50,00
25,23333	50,00
25,25000	50,00
25,26667	50,00
25,28333	50,00
25,30000	50,00
25,31667	50,00
25,33333	50,00
25,35000	50,00
25,36667	50,00
25,38333	50,00
25,40000	50,00
25,41667	50,00
25,43333	50,00
25,45000	50,00
25,46667	50,00
25,48333	50,00
25,50000	50,00
25,51667	50,00
25,53333	50,00
25,55000	50,00
25,56667	50,00
25,58333	50,00
25,60000	50,00
25,61667	50,00
25,63333	50,00
25,65000	50,00
25,66667	50,00
25,68333	50,00
25,70000	50,00
25,71667	50,00
25,73333	50,00
25,75000	50,00
25,76667	50,00
25,78333	50,00
25,80000	50,00
25,81667	50,00
25,83333	50,00
25,85000	50,00
25,86667	50,00
25,88333	50,00
25,90000	50,00
25,91667	50,00
25,93333	50,00
25,95000	50,00
25,96667	50,00
25,98333	50,00
26,00000	50,00
26,01667	50,00
26,03333	50,00
26,05000	50,00
26,06667	50,00
26,08333	50,00
26,10000	50,00
26,11667	50,00
26,13333	50,00
26,15000	50,00
26,16667	50,00
26,18333	50,00
26,20000	50,00
26,21667	50,00
26,23333	50,00
26,25000	50,00
26,26667	50,00
26,28333	50,00
26,30000	50,00
26,31667	50,00
26,33333	50,00
26,35000	50,00
26,36667	50,00
26,38333	50,00
26,40000	50,00
26,41667	50,00
26,43333	50,00
26,45000	50,00
26,46667	50,00
26,48333	50,00
26,50000	50,00
26,51667	50,00
26,53333	50,00
26,55000	50,00
26,56667	50,00
26,58333	50,00
26,60000	50,00
26,61667	50,00
26,63333	50,00
26,65000	50,00
26,66667	50,00
26,68333	50,00
26,70000	50,00
26,71667	50,00
26,73333	49,99
26,75000	49,99
26,76667	49,99
26,78333	49,99
26,80000	49,99
26,81667	49,99
26,83333	49,99
26,85000	50,00
26,86667	50,00
26,88333	50,00
26,90000	50,00
26,91667	50,00
26,93333	50,00
26,95000	50,00
26,96667	50,00
26,98333	50,00
27,00000	50,00
27,01667	50,00
27,03333	50,00
27,05000	50,00
27,06667	50,00
27,08333	50,00
27,10000	50,00
27,11667	50,00
27,13333	50,00
27,15000	50,00
27,16667	50,00
27,18333	50,00
27,20000	50,00
27,21667	50,00
27,23333	50,00
27,25000	50,00
27,26667	50,00
27,28333	50,00
27,30000	50,00
27,31667	50,00
27,33333	50,00
27,35000	50,00
27,36667	50,00
27,38333	50,00
27,40000	50,00
27,41667	50,00
27,43333	50,00
27,45000	50,00
27,46667	50,00
27,48333	50,00
27,50000	50,00
27,51667	50,00
27,53333	50,00
27,55000	50,00
27,56667	50,00
27,58333	50,00
27,60000	50,00
27,61667	50,00
27,63333	50,00
27,65000	50,00
27,66667	50,00
27,68333	50,00
27,70000	50,00
27,71667	50,00
27,73333	50,00
27,75000	50,00
27,76667	50,00
27,78333	50,00
27,80000	49,99
27,81667	49,99
27,83333	49,99
27,85000	49,99
27,86667	49,99
27,88333	49,99
27,90000	49,99
27,91667	49,99
27,93333	49,99
27,95000	49,99
27,96667	49,99
27,98333	49,99
28,00000	49,99
28,01667	49,99
28,03333	49,99
28,05000	49,99
28,06667	49,99
28,08333	49,99
28,10000	49,99
28,11667	50,00
28,13333	50,00
28,15000	50,00
28,16667	50,00
28,18333	50,00
28,20000	50,00
28,21667	50,00
28,23333	50,00
28,25000	50,00
28,26667	50,00
28,28333	50,00
28,30000	50,00
28,31667	50,00
28,33333	50,00
28,35000	50,00
28,36667	50,00
28,38333	50,00
28,40000	50,00
28,41667	50,00
28,43333	50,00
28,45000	50,00
28,46667	50,00
28,48333	50,00
28,50000	50,00
28,51667	50,00
28,53333	50,00
28,55000	50,00
28,56667	50,00
28,58333	50,00
28,60000	50,00
28,61667	50,00
28,63333	50,00
28,65000	50,00
28,66667	50,00
28,68333	50,00
28,70000	50,00
28,71667	50,00
28,73333	50,00
28,75000	50,00
28,76667	50,00
28,78333	50,00
28,80000	50,00
28,81667	50,00
28,83333	50,00
28,85000	50,00
28,86667	50,00
28,88333	50,00
28,90000	50,00
28,91667	50,00
28,93333	50,00
28,95000	50,00
28,96667	50,00
28,98333	50,00
29,00000	50,00
29,01667	50,00
29,03333	50,00
29,05000	50,00
29,06667	50,00
29,08333	50,00
29,10000	50,00
29,11667	50,00
29,13333	50,00
29,15000	50,00
29,16667	50,00
29,18333	50,00
29,20000	50,00
29,21667	50,00
29,23333	50,00
29,25000	50,00
29,26667	50,00
29,28333	50,00
29,30000	50,00
29,31667	50,00
29,33333	50,00
29,35000	50,00
29,36667	50,00
29,38333	50,00
29,40000	50,00
29,41667	50,00
29,43333	50,00
29,45000	50,00
29,46667	50,00
29,48333	50,00
29,50000	50,00
29,51667	50,00
29,53333	50,00
29,55000	50,00
29,56667	50,00
29,58333	50,00
29,60000	50,00
29,61667	50,00
29,63333	50,00
29,65000	50,00
29,66667	50,00
29,68333	50,00
29,70000	50,00
29,71667	50,00
29,73333	50,00
29,75000	49,99
29,76667	49,99
29,78333	49,99
29,80000	49,99
29,81667	49,99
29,83333	49,99
29,85000	49,99
29,86667	49,99
29,88333	49,99
29,90000	49,99
29,91667	49,99
29,93333	49,99
29,95000	49,99
29,96667	49,99
29,98333	49,99
30,00000	49,99
30,01667	49,99
30,03333	49,99
30,05000	49,99
30,06667	49,99
30,08333	49,99
30,10000	49,99
30,11667	49,99
30,13333	49,99
30,15000	49,99
30,16667	49,99
30,18333	49,99
30,20000	49,99
30,21667	49,99
30,23333	49,99
30,25000	49,99
30,26667	49,99
30,28333	49,99
30,30000	49,99
30,31667	49,99
30,33333	49,99
30,35000	49,99
30,36667	49,99
30,38333	49,99
30,40000	49,99
30,41667	49,99
30,43333	49,99
30,45000	49,99
30,46667	49,99
30,48333	49,99
30,50000	49,99
30,51667	49,99
30,53333	49,99
30,55000	49,99
30,56667	49,99
30,58333	49,99
30,60000	49,99
30,61667	49,99
30,63333	49,99
30,65000	49,99
30,66667	49,99
30,68333	50,00
30,70000	50,00
30,71667	50,00
30,73333	50,00
30,75000	50,00
30,76667	50,00
30,78333	49,99
30,80000	49,99
30,81667	49,99
30,83333	49,99
30,85000	49,99
30,86667	49,99
30,88333	49,99
30,90000	49,99
30,91667	49,99
30,93333	49,99
30,95000	49,99
30,96667	49,99
30,98333	49,99
31,00000	49,99
31,01667	49,99
31,03333	49,99
31,05000	49,99
31,06667	49,99
31,08333	49,99
31,10000	49,99
31,11667	49,99
31,13333	49,99
31,15000	49,99
31,16667	49,99
31,18333	49,99
31,20000	49,99
31,21667	49,99
31,23333	49,99
31,25000	49,99
31,26667	49,99
31,28333	49,99
31,30000	49,99
31,31667	49,99
31,33333	49,99
31,35000	49,99
31,36667	49,99
31,38333	49,99
31,40000	49,99
31,41667	49,99
31,43333	49,99
31,45000	49,99
31,46667	49,99
31,48333	49,99
31,50000	49,99
31,51667	49,99
31,53333	49,99
31,55000	49,99
31,56667	49,99
31,58333	49,99
31,60000	49,99
31,61667	49,99
31,63333	50,00
31,65000	50,00
31,66667	50,00
31,68333	50,00
31,70000	50,00
31,71667	50,00
31,73333	50,00
31,75000	50,00
31,76667	50,00
31,78333	50,00
31,80000	50,00
31,81667	50,00
31,83333	50,00
31,85000	50,00
31,86667	50,00
31,88333	50,00
31,90000	50,00
31,91667	50,00
31,93333	50,00
31,95000	50,00
31,96667	50,00
31,98333	50,00
32,00000	50,00

[LC Status Trace(PDA Optical Unit Temp.)]
Interval(msec)	1000
# of Points	1921
Start Time(min)	0,000
End Time(min)	32,000
Intensity Units	C
Intensity Multiplier	1
R.Time (min)	Intensity
0,00000	47,01
0,01667	47,01
0,03333	47,01
0,05000	47,01
0,06667	47,01
0,08333	47,01
0,10000	47,01
0,11667	47,01
0,13333	47,01
0,15000	47,01
0,16667	47,01
0,18333	47,01
0,20000	47,01
0,21667	47,01
0,23333	47,01
0,25000	47,01
0,26667	47,01
0,28333	47,01
0,30000	47,01
0,31667	47,01
0,33333	47,01
0,35000	47,01
0,36667	47,01
0,38333	47,01
0,40000	47,01
0,41667	47,01
0,43333	47,01
0,45000	47,01
0,46667	47,01
0,48333	47,01
0,50000	47,01
0,51667	47,01
0,53333	47,01
0,55000	47,01
0,56667	47,01
0,58333	47,01
0,60000	47,01
0,61667	47,01
0,63333	47,01
0,65000	47,01
0,66667	47,01
0,68333	47,01
0,70000	47,01
0,71667	47,01
0,73333	47,01
0,75000	47,01
0,76667	47,01
0,78333	47,01
0,80000	47,01
0,81667	47,01
0,83333	47,01
0,85000	47,01
0,86667	47,01
0,88333	47,01
0,90000	47,01
0,91667	47,01
0,93333	47,01
0,95000	47,01
0,96667	47,01
0,98333	47,01
1,00000	47,01
1,01667	47,01
1,03333	47,01
1,05000	47,01
1,06667	47,01
1,08333	47,01
1,10000	47,01
1,11667	47,01
1,13333	47,01
1,15000	47,01
1,16667	47,01
1,18333	47,01
1,20000	47,01
1,21667	47,01
1,23333	47,01
1,25000	47,01
1,26667	47,01
1,28333	47,01
1,30000	47,01
1,31667	47,01
1,33333	47,01
1,35000	47,01
1,36667	47,01
1,38333	47,01
1,40000	47,01
1,41667	47,01
1,43333	47,01
1,45000	47,01
1,46667	47,01
1,48333	47,01
1,50000	47,01
1,51667	47,01
1,53333	47,01
1,55000	47,01
1,56667	47,01
1,58333	47,01
1,60000	47,01
1,61667	47,01
1,63333	47,01
1,65000	47,01
1,66667	47,01
1,68333	47,01
1,70000	47,01
1,71667	47,01
1,73333	47,01
1,75000	47,01
1,76667	47,01
1,78333	47,01
1,80000	47,01
1,81667	47,01
1,83333	47,01
1,85000	47,01
1,86667	47,01
1,88333	47,01
1,90000	47,01
1,91667	47,01
1,93333	47,01
1,95000	47,01
1,96667	47,01
1,98333	47,01
2,00000	47,01
2,01667	47,01
2,03333	47,01
2,05000	47,01
2,06667	47,01
2,08333	47,01
2,10000	47,02
2,11667	47,02
2,13333	47,02
2,15000	47,02
2,16667	47,02
2,18333	47,02
2,20000	47,02
2,21667	47,02
2,23333	47,02
2,25000	47,02
2,26667	47,02
2,28333	47,02
2,30000	47,02
2,31667	47,02
2,33333	47,02
2,35000	47,02
2,36667	47,02
2,38333	47,02
2,40000	47,02
2,41667	47,02
2,43333	47,02
2,45000	47,02
2,46667	47,02
2,48333	47,02
2,50000	47,02
2,51667	47,02
2,53333	47,02
2,55000	47,02
2,56667	47,02
2,58333	47,02
2,60000	47,02
2,61667	47,02
2,63333	47,02
2,65000	47,02
2,66667	47,02
2,68333	47,02
2,70000	47,02
2,71667	47,02
2,73333	47,02
2,75000	47,02
2,76667	47,02
2,78333	47,02
2,80000	47,02
2,81667	47,02
2,83333	47,02
2,85000	47,02
2,86667	47,02
2,88333	47,02
2,90000	47,02
2,91667	47,02
2,93333	47,02
2,95000	47,02
2,96667	47,02
2,98333	47,02
3,00000	47,02
3,01667	47,02
3,03333	47,02
3,05000	47,02
3,06667	47,02
3,08333	47,02
3,10000	47,02
3,11667	47,02
3,13333	47,02
3,15000	47,02
3,16667	47,02
3,18333	47,02
3,20000	47,02
3,21667	47,02
3,23333	47,02
3,25000	47,02
3,26667	47,02
3,28333	47,02
3,30000	47,02
3,31667	47,02
3,33333	47,02
3,35000	47,02
3,36667	47,02
3,38333	47,02
3,40000	47,02
3,41667	47,02
3,43333	47,02
3,45000	47,02
3,46667	47,02
3,48333	47,02
3,50000	47,02
3,51667	47,02
3,53333	47,02
3,55000	47,02
3,56667	47,02
3,58333	47,02
3,60000	47,02
3,61667	47,02
3,63333	47,02
3,65000	47,02
3,66667	47,02
3,68333	47,02
3,70000	47,02
3,71667	47,02
3,73333	47,02
3,75000	47,02
3,76667	47,02
3,78333	47,02
3,80000	47,02
3,81667	47,02
3,83333	47,02
3,85000	47,02
3,86667	47,02
3,88333	47,02
3,90000	47,02
3,91667	47,02
3,93333	47,02
3,95000	47,02
3,96667	47,02
3,98333	47,02
4,00000	47,02
4,01667	47,02
4,03333	47,02
4,05000	47,02
4,06667	47,02
4,08333	47,02
4,10000	47,02
4,11667	47,02
4,13333	47,02
4,15000	47,02
4,16667	47,02
4,18333	47,02
4,20000	47,02
4,21667	47,02
4,23333	47,02
4,25000	47,02
4,26667	47,02
4,28333	47,02
4,30000	47,02
4,31667	47,02
4,33333	47,02
4,35000	47,02
4,36667	47,02
4,38333	47,02
4,40000	47,02
4,41667	47,02
4,43333	47,02
4,45000	47,02
4,46667	47,02
4,48333	47,02
4,50000	47,02
4,51667	47,02
4,53333	47,02
4,55000	47,02
4,56667	47,02
4,58333	47,02
4,60000	47,02
4,61667	47,02
4,63333	47,02
4,65000	47,02
4,66667	47,02
4,68333	47,02
4,70000	47,02
4,71667	47,02
4,73333	47,02
4,75000	47,02
4,76667	47,02
4,78333	47,02
4,80000	47,02
4,81667	47,02
4,83333	47,02
4,85000	47,02
4,86667	47,02
4,88333	47,02
4,90000	47,02
4,91667	47,02
4,93333	47,02
4,95000	47,02
4,96667	47,02
4,98333	47,02
5,00000	47,02
5,01667	47,02
5,03333	47,02
5,05000	47,02
5,06667	47,02
5,08333	47,02
5,10000	47,02
5,11667	47,02
5,13333	47,02
5,15000	47,02
5,16667	47,02
5,18333	47,02
5,20000	47,02
5,21667	47,02
5,23333	47,02
5,25000	47,02
5,26667	47,02
5,28333	47,02
5,30000	47,02
5,31667	47,02
5,33333	47,02
5,35000	47,02
5,36667	47,02
5,38333	47,02
5,40000	47,02
5,41667	47,02
5,43333	47,02
5,45000	47,02
5,46667	47,02
5,48333	47,02
5,50000	47,02
5,51667	47,02
5,53333	47,02
5,55000	47,02
5,56667	47,02
5,58333	47,02
5,60000	47,02
5,61667	47,02
5,63333	47,02
5,65000	47,02
5,66667	47,02
5,68333	47,02
5,70000	47,02
5,71667	47,02
5,73333	47,02
5,75000	47,02
5,76667	47,02
5,78333	47,02
5,80000	47,02
5,81667	47,02
5,83333	47,02
5,85000	47,02
5,86667	47,02
5,88333	47,02
5,90000	47,02
5,91667	47,02
5,93333	47,02
5,95000	47,02
5,96667	47,02
5,98333	47,02
6,00000	47,02
6,01667	47,02
6,03333	47,02
6,05000	47,02
6,06667	47,02
6,08333	47,02
6,10000	47,02
6,11667	47,02
6,13333	47,02
6,15000	47,02
6,16667	47,02
6,18333	47,02
6,20000	47,02
6,21667	47,02
6,23333	47,02
6,25000	47,02
6,26667	47,02
6,28333	47,02
6,30000	47,02
6,31667	47,02
6,33333	47,02
6,35000	47,02
6,36667	47,02
6,38333	47,02
6,40000	47,02
6,41667	47,02
6,43333	47,02
6,45000	47,02
6,46667	47,02
6,48333	47,02
6,50000	47,02
6,51667	47,02
6,53333	47,02
6,55000	47,02
6,56667	47,02
6,58333	47,02
6,60000	47,02
6,61667	47,02
6,63333	47,02
6,65000	47,02
6,66667	47,02
6,68333	47,02
6,70000	47,02
6,71667	47,02
6,73333	47,02
6,75000	47,02
6,76667	47,02
6,78333	47,02
6,80000	47,02
6,81667	47,02
6,83333	47,02
6,85000	47,02
6,86667	47,02
6,88333	47,02
6,90000	47,02
6,91667	47,02
6,93333	47,02
6,95000	47,02
6,96667	47,02
6,98333	47,02
7,00000	47,02
7,01667	47,02
7,03333	47,02
7,05000	47,02
7,06667	47,02
7,08333	47,02
7,10000	47,02
7,11667	47,02
7,13333	47,02
7,15000	47,02
7,16667	47,02
7,18333	47,02
7,20000	47,02
7,21667	47,02
7,23333	47,02
7,25000	47,02
7,26667	47,02
7,28333	47,02
7,30000	47,02
7,31667	47,02
7,33333	47,01
7,35000	47,01
7,36667	47,01
7,38333	47,01
7,40000	47,01
7,41667	47,01
7,43333	47,01
7,45000	47,01
7,46667	47,01
7,48333	47,01
7,50000	47,01
7,51667	47,01
7,53333	47,01
7,55000	47,01
7,56667	47,01
7,58333	47,01
7,60000	47,01
7,61667	47,01
7,63333	47,01
7,65000	47,01
7,66667	47,01
7,68333	47,01
7,70000	47,01
7,71667	47,01
7,73333	47,01
7,75000	47,01
7,76667	47,01
7,78333	47,01
7,80000	47,01
7,81667	47,01
7,83333	47,01
7,85000	47,01
7,86667	47,01
7,88333	47,01
7,90000	47,01
7,91667	47,01
7,93333	47,01
7,95000	47,01
7,96667	47,01
7,98333	47,01
8,00000	47,01
8,01667	47,01
8,03333	47,01
8,05000	47,01
8,06667	47,01
8,08333	47,01
8,10000	47,01
8,11667	47,01
8,13333	47,01
8,15000	47,01
8,16667	47,01
8,18333	47,01
8,20000	47,01
8,21667	47,01
8,23333	47,01
8,25000	47,01
8,26667	47,01
8,28333	47,01
8,30000	47,01
8,31667	47,01
8,33333	47,01
8,35000	47,01
8,36667	47,01
8,38333	47,01
8,40000	47,01
8,41667	47,01
8,43333	47,01
8,45000	47,01
8,46667	47,01
8,48333	47,01
8,50000	47,01
8,51667	47,01
8,53333	47,01
8,55000	47,01
8,56667	47,01
8,58333	47,01
8,60000	47,01
8,61667	47,01
8,63333	47,01
8,65000	47,01
8,66667	47,01
8,68333	47,01
8,70000	47,01
8,71667	47,01
8,73333	47,01
8,75000	47,01
8,76667	47,01
8,78333	47,01
8,80000	47,01
8,81667	47,01
8,83333	47,01
8,85000	47,01
8,86667	47,01
8,88333	47,01
8,90000	47,01
8,91667	47,01
8,93333	47,01
8,95000	47,01
8,96667	47,01
8,98333	47,01
9,00000	47,01
9,01667	47,01
9,03333	47,01
9,05000	47,01
9,06667	47,01
9,08333	47,01
9,10000	47,01
9,11667	47,01
9,13333	47,01
9,15000	47,01
9,16667	47,01
9,18333	47,01
9,20000	47,01
9,21667	47,01
9,23333	47,01
9,25000	47,01
9,26667	47,01
9,28333	47,01
9,30000	47,01
9,31667	47,01
9,33333	47,01
9,35000	47,01
9,36667	47,01
9,38333	47,01
9,40000	47,01
9,41667	47,01
9,43333	47,01
9,45000	47,01
9,46667	47,01
9,48333	47,01
9,50000	47,01
9,51667	47,01
9,53333	47,01
9,55000	47,01
9,56667	47,01
9,58333	47,01
9,60000	47,01
9,61667	47,01
9,63333	47,01
9,65000	47,01
9,66667	47,01
9,68333	47,01
9,70000	47,01
9,71667	47,01
9,73333	47,01
9,75000	47,01
9,76667	47,01
9,78333	47,01
9,80000	47,01
9,81667	47,01
9,83333	47,01
9,85000	47,01
9,86667	47,01
9,88333	47,01
9,90000	47,01
9,91667	47,01
9,93333	47,01
9,95000	47,01
9,96667	47,01
9,98333	47,01
10,00000	47,01
10,01667	47,01
10,03333	47,01
10,05000	47,01
10,06667	47,01
10,08333	47,01
10,10000	47,01
10,11667	47,01
10,13333	47,01
10,15000	47,01
10,16667	47,01
10,18333	47,01
10,20000	47,01
10,21667	47,01
10,23333	47,01
10,25000	47,01
10,26667	47,01
10,28333	47,01
10,30000	47,01
10,31667	47,01
10,33333	47,01
10,35000	47,01
10,36667	47,01
10,38333	47,01
10,40000	47,01
10,41667	47,01
10,43333	47,01
10,45000	47,01
10,46667	47,01
10,48333	47,01
10,50000	47,01
10,51667	47,01
10,53333	47,01
10,55000	47,01
10,56667	47,01
10,58333	47,01
10,60000	47,01
10,61667	47,01
10,63333	47,01
10,65000	47,01
10,66667	47,01
10,68333	47,01
10,70000	47,01
10,71667	47,01
10,73333	47,01
10,75000	47,01
10,76667	47,01
10,78333	47,01
10,80000	47,01
10,81667	47,01
10,83333	47,01
10,85000	47,00
10,86667	47,01
10,88333	47,01
10,90000	47,00
10,91667	47,01
10,93333	47,00
10,95000	47,00
10,96667	47,00
10,98333	47,00
11,00000	47,00
11,01667	47,00
11,03333	47,00
11,05000	47,00
11,06667	47,00
11,08333	47,00
11,10000	47,00
11,11667	47,00
11,13333	47,00
11,15000	47,00
11,16667	47,00
11,18333	47,00
11,20000	47,00
11,21667	47,00
11,23333	47,00
11,25000	47,00
11,26667	47,00
11,28333	47,01
11,30000	47,01
11,31667	47,00
11,33333	47,01
11,35000	47,00
11,36667	47,00
11,38333	47,01
11,40000	47,00
11,41667	47,00
11,43333	47,00
11,45000	47,00
11,46667	47,00
11,48333	47,00
11,50000	47,00
11,51667	47,00
11,53333	47,00
11,55000	47,00
11,56667	47,00
11,58333	47,00
11,60000	47,00
11,61667	47,00
11,63333	47,00
11,65000	47,00
11,66667	47,00
11,68333	47,00
11,70000	47,00
11,71667	47,00
11,73333	47,00
11,75000	47,00
11,76667	47,00
11,78333	47,00
11,80000	47,00
11,81667	47,00
11,83333	47,00
11,85000	47,00
11,86667	47,00
11,88333	47,00
11,90000	47,00
11,91667	47,00
11,93333	47,00
11,95000	47,00
11,96667	47,00
11,98333	47,00
12,00000	47,00
12,01667	47,00
12,03333	47,00
12,05000	47,00
12,06667	47,00
12,08333	47,00
12,10000	47,00
12,11667	47,00
12,13333	47,00
12,15000	47,00
12,16667	47,00
12,18333	47,00
12,20000	47,00
12,21667	47,00
12,23333	47,00
12,25000	47,00
12,26667	47,00
12,28333	47,00
12,30000	47,00
12,31667	47,00
12,33333	47,00
12,35000	47,00
12,36667	47,00
12,38333	47,00
12,40000	47,00
12,41667	47,00
12,43333	47,00
12,45000	47,00
12,46667	47,00
12,48333	47,00
12,50000	47,00
12,51667	47,00
12,53333	47,00
12,55000	47,00
12,56667	47,00
12,58333	47,00
12,60000	47,00
12,61667	47,00
12,63333	47,00
12,65000	47,00
12,66667	47,00
12,68333	47,00
12,70000	47,00
12,71667	47,00
12,73333	47,00
12,75000	47,00
12,76667	47,00
12,78333	47,00
12,80000	47,00
12,81667	47,00
12,83333	47,00
12,85000	47,00
12,86667	47,00
12,88333	47,00
12,90000	47,00
12,91667	47,00
12,93333	47,00
12,95000	47,00
12,96667	47,00
12,98333	47,00
13,00000	47,00
13,01667	47,00
13,03333	47,00
13,05000	47,00
13,06667	47,00
13,08333	47,00
13,10000	47,00
13,11667	47,00
13,13333	47,00
13,15000	47,00
13,16667	47,00
13,18333	47,00
13,20000	47,00
13,21667	47,00
13,23333	47,00
13,25000	47,00
13,26667	47,00
13,28333	47,00
13,30000	47,00
13,31667	47,00
13,33333	47,00
13,35000	47,00
13,36667	47,00
13,38333	47,00
13,40000	47,00
13,41667	47,00
13,43333	47,00
13,45000	47,00
13,46667	47,00
13,48333	47,00
13,50000	47,00
13,51667	47,00
13,53333	47,00
13,55000	47,00
13,56667	47,00
13,58333	47,00
13,60000	47,00
13,61667	47,00
13,63333	47,00
13,65000	47,00
13,66667	47,00
13,68333	47,00
13,70000	47,00
13,71667	47,00
13,73333	47,00
13,75000	47,00
13,76667	47,00
13,78333	47,00
13,80000	47,00
13,81667	47,00
13,83333	47,00
13,85000	47,00
13,86667	47,00
13,88333	47,00
13,90000	47,00
13,91667	47,00
13,93333	47,00
13,95000	47,00
13,96667	47,00
13,98333	47,00
14,00000	47,00
14,01667	47,00
14,03333	47,00
14,05000	47,00
14,06667	47,00
14,08333	47,00
14,10000	47,00
14,11667	47,00
14,13333	47,00
14,15000	47,00
14,16667	47,00
14,18333	47,00
14,20000	47,00
14,21667	47,00
14,23333	47,00
14,25000	47,00
14,26667	47,00
14,28333	47,00
14,30000	47,00
14,31667	47,00
14,33333	47,00
14,35000	47,00
14,36667	47,00
14,38333	47,00
14,40000	47,00
14,41667	47,00
14,43333	47,00
14,45000	47,00
14,46667	47,00
14,48333	47,00
14,50000	47,00
14,51667	46,99
14,53333	47,00
14,55000	46,99
14,56667	46,99
14,58333	46,99
14,60000	46,99
14,61667	46,99
14,63333	46,99
14,65000	46,99
14,66667	46,99
14,68333	46,99
14,70000	46,99
14,71667	46,99
14,73333	46,99
14,75000	46,99
14,76667	46,99
14,78333	46,99
14,80000	46,99
14,81667	46,99
14,83333	46,99
14,85000	46,99
14,86667	46,99
14,88333	46,99
14,90000	46,99
14,91667	46,99
14,93333	46,99
14,95000	46,99
14,96667	46,99
14,98333	46,99
15,00000	46,99
15,01667	46,99
15,03333	46,99
15,05000	46,99
15,06667	46,99
15,08333	46,99
15,10000	46,99
15,11667	46,99
15,13333	46,99
15,15000	46,99
15,16667	46,99
15,18333	46,99
15,20000	46,99
15,21667	46,99
15,23333	46,99
15,25000	46,99
15,26667	46,99
15,28333	46,99
15,30000	46,99
15,31667	46,99
15,33333	46,99
15,35000	46,99
15,36667	46,99
15,38333	46,99
15,40000	46,99
15,41667	46,99
15,43333	46,99
15,45000	46,99
15,46667	46,99
15,48333	46,99
15,50000	46,99
15,51667	46,99
15,53333	46,99
15,55000	46,99
15,56667	46,99
15,58333	46,99
15,60000	46,99
15,61667	46,99
15,63333	46,99
15,65000	46,99
15,66667	46,99
15,68333	46,99
15,70000	46,99
15,71667	46,99
15,73333	46,99
15,75000	46,99
15,76667	46,99
15,78333	46,99
15,80000	46,99
15,81667	46,99
15,83333	46,99
15,85000	46,99
15,86667	46,99
15,88333	46,99
15,90000	46,99
15,91667	46,99
15,93333	46,99
15,95000	46,99
15,96667	46,99
15,98333	46,99
16,00000	46,99
16,01667	46,99
16,03333	46,99
16,05000	46,99
16,06667	46,99
16,08333	46,99
16,10000	46,99
16,11667	46,99
16,13333	46,99
16,15000	46,99
16,16667	46,99
16,18333	46,99
16,20000	46,99
16,21667	46,99
16,23333	46,99
16,25000	46,99
16,26667	46,99
16,28333	46,99
16,30000	46,99
16,31667	46,99
16,33333	46,99
16,35000	46,99
16,36667	46,99
16,38333	46,99
16,40000	46,99
16,41667	46,99
16,43333	46,99
16,45000	46,99
16,46667	46,99
16,48333	46,99
16,50000	46,99
16,51667	46,99
16,53333	46,99
16,55000	46,99
16,56667	46,99
16,58333	46,99
16,60000	46,99
16,61667	46,99
16,63333	46,99
16,65000	46,99
16,66667	46,99
16,68333	46,99
16,70000	46,99
16,71667	46,99
16,73333	46,99
16,75000	46,99
16,76667	46,99
16,78333	46,99
16,80000	46,99
16,81667	46,99
16,83333	46,99
16,85000	46,99
16,86667	46,99
16,88333	46,99
16,90000	46,99
16,91667	46,99
16,93333	46,99
16,95000	46,99
16,96667	46,99
16,98333	46,99
17,00000	46,99
17,01667	46,99
17,03333	46,99
17,05000	46,99
17,06667	46,99
17,08333	46,99
17,10000	46,99
17,11667	46,99
17,13333	46,99
17,15000	46,99
17,16667	46,99
17,18333	46,99
17,20000	46,99
17,21667	46,99
17,23333	46,99
17,25000	46,99
17,26667	46,99
17,28333	46,99
17,30000	46,99
17,31667	46,99
17,33333	46,99
17,35000	46,99
17,36667	46,99
17,38333	46,99
17,40000	46,99
17,41667	46,99
17,43333	46,99
17,45000	46,99
17,46667	46,99
17,48333	46,99
17,50000	46,99
17,51667	46,99
17,53333	46,99
17,55000	46,99
17,56667	46,99
17,58333	46,99
17,60000	46,99
17,61667	46,99
17,63333	46,99
17,65000	46,99
17,66667	46,99
17,68333	46,99
17,70000	46,99
17,71667	46,99
17,73333	46,99
17,75000	46,99
17,76667	46,99
17,78333	46,99
17,80000	46,99
17,81667	46,99
17,83333	46,99
17,85000	46,99
17,86667	46,99
17,88333	46,99
17,90000	46,99
17,91667	46,99
17,93333	46,99
17,95000	46,99
17,96667	46,99
17,98333	46,99
18,00000	46,99
18,01667	46,99
18,03333	46,99
18,05000	46,99
18,06667	46,99
18,08333	46,99
18,10000	46,99
18,11667	46,99
18,13333	46,99
18,15000	46,99
18,16667	46,99
18,18333	46,99
18,20000	46,99
18,21667	46,99
18,23333	46,99
18,25000	46,99
18,26667	46,99
18,28333	46,99
18,30000	46,99
18,31667	46,99
18,33333	46,99
18,35000	46,99
18,36667	46,99
18,38333	46,99
18,40000	46,99
18,41667	46,99
18,43333	46,99
18,45000	46,99
18,46667	46,99
18,48333	46,99
18,50000	46,99
18,51667	46,99
18,53333	46,99
18,55000	46,99
18,56667	46,99
18,58333	46,99
18,60000	46,99
18,61667	46,99
18,63333	46,98
18,65000	46,98
18,66667	46,98
18,68333	46,98
18,70000	46,98
18,71667	46,98
18,73333	46,98
18,75000	46,98
18,76667	46,98
18,78333	46,98
18,80000	46,98
18,81667	46,98
18,83333	46,98
18,85000	46,98
18,86667	46,98
18,88333	46,98
18,90000	46,98
18,91667	46,98
18,93333	46,98
18,95000	46,98
18,96667	46,98
18,98333	46,98
19,00000	46,98
19,01667	46,98
19,03333	46,98
19,05000	46,98
19,06667	46,98
19,08333	46,98
19,10000	46,98
19,11667	46,98
19,13333	46,98
19,15000	46,98
19,16667	46,98
19,18333	46,98
19,20000	46,98
19,21667	46,98
19,23333	46,98
19,25000	46,98
19,26667	46,98
19,28333	46,98
19,30000	46,98
19,31667	46,98
19,33333	46,98
19,35000	46,98
19,36667	46,98
19,38333	46,98
19,40000	46,98
19,41667	46,98
19,43333	46,98
19,45000	46,98
19,46667	46,98
19,48333	46,98
19,50000	46,98
19,51667	46,98
19,53333	46,98
19,55000	46,98
19,56667	46,98
19,58333	46,98
19,60000	46,98
19,61667	46,98
19,63333	46,98
19,65000	46,98
19,66667	46,98
19,68333	46,98
19,70000	46,98
19,71667	46,98
19,73333	46,98
19,75000	46,98
19,76667	46,98
19,78333	46,98
19,80000	46,98
19,81667	46,98
19,83333	46,98
19,85000	46,98
19,86667	46,98
19,88333	46,98
19,90000	46,98
19,91667	46,98
19,93333	46,98
19,95000	46,98
19,96667	46,98
19,98333	46,98
20,00000	46,98
20,01667	46,98
20,03333	46,98
20,05000	46,98
20,06667	46,98
20,08333	46,98
20,10000	46,98
20,11667	46,98
20,13333	46,98
20,15000	46,98
20,16667	46,98
20,18333	46,98
20,20000	46,98
20,21667	46,98
20,23333	46,98
20,25000	46,98
20,26667	46,98
20,28333	46,98
20,30000	46,98
20,31667	46,98
20,33333	46,98
20,35000	46,98
20,36667	46,98
20,38333	46,98
20,40000	46,98
20,41667	46,98
20,43333	46,98
20,45000	46,98
20,46667	46,98
20,48333	46,98
20,50000	46,98
20,51667	46,98
20,53333	46,98
20,55000	46,98
20,56667	46,98
20,58333	46,98
20,60000	46,98
20,61667	46,98
20,63333	46,98
20,65000	46,98
20,66667	46,98
20,68333	46,98
20,70000	46,98
20,71667	46,98
20,73333	46,98
20,75000	46,98
20,76667	46,98
20,78333	46,98
20,80000	46,98
20,81667	46,98
20,83333	46,98
20,85000	46,98
20,86667	46,98
20,88333	46,98
20,90000	46,98
20,91667	46,98
20,93333	46,98
20,95000	46,98
20,96667	46,98
20,98333	46,98
21,00000	46,98
21,01667	46,98
21,03333	46,98
21,05000	46,98
21,06667	46,98
21,08333	46,98
21,10000	46,98
21,11667	46,98
21,13333	46,98
21,15000	46,98
21,16667	46,98
21,18333	46,98
21,20000	46,98
21,21667	46,98
21,23333	46,98
21,25000	46,98
21,26667	46,98
21,28333	46,98
21,30000	46,98
21,31667	46,98
21,33333	46,98
21,35000	46,98
21,36667	46,98
21,38333	46,98
21,40000	46,98
21,41667	46,98
21,43333	46,98
21,45000	46,98
21,46667	46,98
21,48333	46,98
21,50000	46,98
21,51667	46,98
21,53333	46,98
21,55000	46,98
21,56667	46,98
21,58333	46,98
21,60000	46,98
21,61667	46,98
21,63333	46,98
21,65000	46,98
21,66667	46,98
21,68333	46,98
21,70000	46,98
21,71667	46,98
21,73333	46,98
21,75000	46,98
21,76667	46,98
21,78333	46,98
21,80000	46,98
21,81667	46,98
21,83333	46,98
21,85000	46,98
21,86667	46,98
21,88333	46,98
21,90000	46,98
21,91667	46,98
21,93333	46,98
21,95000	46,98
21,96667	46,98
21,98333	46,98
22,00000	46,98
22,01667	46,98
22,03333	46,98
22,05000	46,98
22,06667	46,98
22,08333	46,98
22,10000	46,98
22,11667	46,98
22,13333	46,98
22,15000	46,98
22,16667	46,98
22,18333	46,98
22,20000	46,97
22,21667	46,97
22,23333	46,97
22,25000	46,97
22,26667	46,97
22,28333	46,97
22,30000	46,97
22,31667	46,97
22,33333	46,97
22,35000	46,97
22,36667	46,97
22,38333	46,97
22,40000	46,97
22,41667	46,97
22,43333	46,97
22,45000	46,97
22,46667	46,97
22,48333	46,97
22,50000	46,97
22,51667	46,97
22,53333	46,97
22,55000	46,97
22,56667	46,97
22,58333	46,97
22,60000	46,97
22,61667	46,97
22,63333	46,97
22,65000	46,97
22,66667	46,97
22,68333	46,97
22,70000	46,97
22,71667	46,97
22,73333	46,97
22,75000	46,97
22,76667	46,97
22,78333	46,97
22,80000	46,97
22,81667	46,97
22,83333	46,97
22,85000	46,97
22,86667	46,97
22,88333	46,97
22,90000	46,97
22,91667	46,97
22,93333	46,97
22,95000	46,97
22,96667	46,97
22,98333	46,97
23,00000	46,97
23,01667	46,97
23,03333	46,97
23,05000	46,97
23,06667	46,97
23,08333	46,97
23,10000	46,97
23,11667	46,97
23,13333	46,97
23,15000	46,97
23,16667	46,97
23,18333	46,97
23,20000	46,97
23,21667	46,97
23,23333	46,97
23,25000	46,97
23,26667	46,97
23,28333	46,97
23,30000	46,97
23,31667	46,97
23,33333	46,97
23,35000	46,97
23,36667	46,97
23,38333	46,97
23,40000	46,97
23,41667	46,97
23,43333	46,97
23,45000	46,97
23,46667	46,97
23,48333	46,97
23,50000	46,97
23,51667	46,97
23,53333	46,97
23,55000	46,97
23,56667	46,97
23,58333	46,97
23,60000	46,97
23,61667	46,97
23,63333	46,97
23,65000	46,97
23,66667	46,97
23,68333	46,97
23,70000	46,97
23,71667	46,97
23,73333	46,97
23,75000	46,97
23,76667	46,97
23,78333	46,97
23,80000	46,97
23,81667	46,97
23,83333	46,97
23,85000	46,97
23,86667	46,97
23,88333	46,97
23,90000	46,97
23,91667	46,97
23,93333	46,97
23,95000	46,97
23,96667	46,97
23,98333	46,97
24,00000	46,97
24,01667	46,97
24,03333	46,97
24,05000	46,97
24,06667	46,97
24,08333	46,97
24,10000	46,97
24,11667	46,97
24,13333	46,97
24,15000	46,97
24,16667	46,97
24,18333	46,97
24,20000	46,97
24,21667	46,97
24,23333	46,97
24,25000	46,97
24,26667	46,97
24,28333	46,97
24,30000	46,97
24,31667	46,97
24,33333	46,97
24,35000	46,97
24,36667	46,97
24,38333	46,97
24,40000	46,97
24,41667	46,97
24,43333	46,97
24,45000	46,97
24,46667	46,97
24,48333	46,97
24,50000	46,97
24,51667	46,97
24,53333	46,97
24,55000	46,97
24,56667	46,97
24,58333	46,97
24,60000	46,97
24,61667	46,97
24,63333	46,97
24,65000	46,97
24,66667	46,97
24,68333	46,97
24,70000	46,97
24,71667	46,97
24,73333	46,97
24,75000	46,97
24,76667	46,97
24,78333	46,97
24,80000	46,97
24,81667	46,97
24,83333	46,97
24,85000	46,97
24,86667	46,97
24,88333	46,97
24,90000	46,97
24,91667	46,97
24,93333	46,97
24,95000	46,97
24,96667	46,97
24,98333	46,97
25,00000	46,97
25,01667	46,97
25,03333	46,97
25,05000	46,97
25,06667	46,97
25,08333	46,97
25,10000	46,97
25,11667	46,97
25,13333	46,97
25,15000	46,97
25,16667	46,97
25,18333	46,97
25,20000	46,97
25,21667	46,97
25,23333	46,97
25,25000	46,97
25,26667	46,97
25,28333	46,97
25,30000	46,97
25,31667	46,97
25,33333	46,97
25,35000	46,97
25,36667	46,97
25,38333	46,97
25,40000	46,97
25,41667	46,97
25,43333	46,97
25,45000	46,97
25,46667	46,97
25,48333	46,97
25,50000	46,97
25,51667	46,97
25,53333	46,97
25,55000	46,97
25,56667	46,97
25,58333	46,97
25,60000	46,97
25,61667	46,97
25,63333	46,97
25,65000	46,97
25,66667	46,97
25,68333	46,97
25,70000	46,97
25,71667	46,97
25,73333	46,97
25,75000	46,97
25,76667	46,97
25,78333	46,97
25,80000	46,97
25,81667	46,97
25,83333	46,97
25,85000	46,97
25,86667	46,97
25,88333	46,97
25,90000	46,97
25,91667	46,97
25,93333	46,97
25,95000	46,97
25,96667	46,97
25,98333	46,97
26,00000	46,97
26,01667	46,97
26,03333	46,97
26,05000	46,97
26,06667	46,97
26,08333	46,97
26,10000	46,97
26,11667	46,97
26,13333	46,97
26,15000	46,97
26,16667	46,97
26,18333	46,97
26,20000	46,97
26,21667	46,97
26,23333	46,97
26,25000	46,97
26,26667	46,97
26,28333	46,97
26,30000	46,97
26,31667	46,97
26,33333	46,96
26,35000	46,96
26,36667	46,96
26,38333	46,96
26,40000	46,96
26,41667	46,96
26,43333	46,96
26,45000	46,96
26,46667	46,96
26,48333	46,96
26,50000	46,96
26,51667	46,96
26,53333	46,96
26,55000	46,96
26,56667	46,96
26,58333	46,96
26,60000	46,96
26,61667	46,96
26,63333	46,96
26,65000	46,96
26,66667	46,96
26,68333	46,96
26,70000	46,96
26,71667	46,96
26,73333	46,96
26,75000	46,96
26,76667	46,96
26,78333	46,96
26,80000	46,96
26,81667	46,96
26,83333	46,96
26,85000	46,96
26,86667	46,96
26,88333	46,96
26,90000	46,96
26,91667	46,96
26,93333	46,96
26,95000	46,96
26,96667	46,96
26,98333	46,96
27,00000	46,96
27,01667	46,96
27,03333	46,96
27,05000	46,96
27,06667	46,96
27,08333	46,96
27,10000	46,96
27,11667	46,96
27,13333	46,96
27,15000	46,96
27,16667	46,96
27,18333	46,96
27,20000	46,96
27,21667	46,96
27,23333	46,96
27,25000	46,96
27,26667	46,96
27,28333	46,96
27,30000	46,96
27,31667	46,96
27,33333	46,96
27,35000	46,96
27,36667	46,96
27,38333	46,96
27,40000	46,96
27,41667	46,96
27,43333	46,96
27,45000	46,96
27,46667	46,96
27,48333	46,96
27,50000	46,96
27,51667	46,96
27,53333	46,96
27,55000	46,96
27,56667	46,96
27,58333	46,96
27,60000	46,96
27,61667	46,96
27,63333	46,96
27,65000	46,96
27,66667	46,96
27,68333	46,96
27,70000	46,96
27,71667	46,96
27,73333	46,96
27,75000	46,96
27,76667	46,96
27,78333	46,96
27,80000	46,96
27,81667	46,96
27,83333	46,96
27,85000	46,96
27,86667	46,96
27,88333	46,96
27,90000	46,96
27,91667	46,96
27,93333	46,96
27,95000	46,96
27,96667	46,96
27,98333	46,96
28,00000	46,96
28,01667	46,96
28,03333	46,96
28,05000	46,96
28,06667	46,96
28,08333	46,96
28,10000	46,96
28,11667	46,96
28,13333	46,96
28,15000	46,96
28,16667	46,96
28,18333	46,96
28,20000	46,96
28,21667	46,96
28,23333	46,96
28,25000	46,96
28,26667	46,96
28,28333	46,96
28,30000	46,96
28,31667	46,96
28,33333	46,96
28,35000	46,96
28,36667	46,96
28,38333	46,96
28,40000	46,96
28,41667	46,96
28,43333	46,96
28,45000	46,96
28,46667	46,96
28,48333	46,96
28,50000	46,96
28,51667	46,96
28,53333	46,96
28,55000	46,96
28,56667	46,96
28,58333	46,96
28,60000	46,96
28,61667	46,96
28,63333	46,96
28,65000	46,96
28,66667	46,96
28,68333	46,96
28,70000	46,96
28,71667	46,96
28,73333	46,96
28,75000	46,96
28,76667	46,96
28,78333	46,96
28,80000	46,96
28,81667	46,96
28,83333	46,96
28,85000	46,96
28,86667	46,96
28,88333	46,96
28,90000	46,96
28,91667	46,96
28,93333	46,96
28,95000	46,96
28,96667	46,96
28,98333	46,96
29,00000	46,96
29,01667	46,96
29,03333	46,96
29,05000	46,96
29,06667	46,96
29,08333	46,96
29,10000	46,96
29,11667	46,96
29,13333	46,96
29,15000	46,96
29,16667	46,96
29,18333	46,96
29,20000	46,96
29,21667	46,96
29,23333	46,96
29,25000	46,96
29,26667	46,96
29,28333	46,96
29,30000	46,96
29,31667	46,96
29,33333	46,96
29,35000	46,96
29,36667	46,96
29,38333	46,96
29,40000	46,96
29,41667	46,96
29,43333	46,96
29,45000	46,96
29,46667	46,96
29,48333	46,96
29,50000	46,96
29,51667	46,96
29,53333	46,96
29,55000	46,96
29,56667	46,96
29,58333	46,96
29,60000	46,96
29,61667	46,96
29,63333	46,96
29,65000	46,96
29,66667	46,96
29,68333	46,96
29,70000	46,96
29,71667	46,96
29,73333	46,96
29,75000	46,96
29,76667	46,96
29,78333	46,96
29,80000	46,96
29,81667	46,96
29,83333	46,96
29,85000	46,96
29,86667	46,96
29,88333	46,96
29,90000	46,96
29,91667	46,96
29,93333	46,96
29,95000	46,96
29,96667	46,96
29,98333	46,96
30,00000	46,96
30,01667	46,96
30,03333	46,96
30,05000	46,96
30,06667	46,96
30,08333	46,96
30,10000	46,96
30,11667	46,96
30,13333	46,96
30,15000	46,96
30,16667	46,96
30,18333	46,96
30,20000	46,96
30,21667	46,96
30,23333	46,96
30,25000	46,96
30,26667	46,96
30,28333	46,96
30,30000	46,96
30,31667	46,96
30,33333	46,96
30,35000	46,96
30,36667	46,96
30,38333	46,96
30,40000	46,96
30,41667	46,96
30,43333	46,96
30,45000	46,96
30,46667	46,96
30,48333	46,96
30,50000	46,96
30,51667	46,96
30,53333	46,96
30,55000	46,96
30,56667	46,96
30,58333	46,96
30,60000	46,96
30,61667	46,96
30,63333	46,96
30,65000	46,96
30,66667	46,96
30,68333	46,96
30,70000	46,96
30,71667	46,96
30,73333	46,96
30,75000	46,96
30,76667	46,96
30,78333	46,96
30,80000	46,96
30,81667	46,96
30,83333	46,96
30,85000	46,96
30,86667	46,96
30,88333	46,96
30,90000	46,96
30,91667	46,96
30,93333	46,96
30,95000	46,96
30,96667	46,96
30,98333	46,96
31,00000	46,96
31,01667	46,96
31,03333	46,96
31,05000	46,96
31,06667	46,96
31,08333	46,96
31,10000	46,96
31,11667	46,96
31,13333	46,96
31,15000	46,96
31,16667	46,96
31,18333	46,96
31,20000	46,96
31,21667	46,96
31,23333	46,96
31,25000	46,96
31,26667	46,96
31,28333	46,96
31,30000	46,96
31,31667	46,96
31,33333	46,96
31,35000	46,96
31,36667	46,96
31,38333	46,96
31,40000	46,96
31,41667	46,96
31,43333	46,96
31,45000	46,96
31,46667	46,96
31,48333	46,96
31,50000	46,96
31,51667	46,96
31,53333	46,96
31,55000	46,96
31,56667	46,96
31,58333	46,96
31,60000	46,96
31,61667	46,96
31,63333	46,96
31,65000	46,96
31,66667	46,96
31,68333	46,96
31,70000	46,96
31,71667	46,96
31,73333	46,96
31,75000	46,96
31,76667	46,96
31,78333	46,96
31,80000	46,96
31,81667	46,96
31,83333	46,96
31,85000	46,96
31,86667	46,96
31,88333	46,96
31,90000	46,96
31,91667	46,96
31,93333	46,96
31,95000	46,96
31,96667	46,96
31,98333	46,96
32,00000	46,96

[LC Status Trace(PDA Lamp Housing Temp.)]
Interval(msec)	1000
# of Points	1921
Start Time(min)	0,000
End Time(min)	32,000
Intensity Units	C
Intensity Multiplier	1
R.Time (min)	Intensity
0,00000	54,12
0,01667	54,12
0,03333	54,12
0,05000	54,13
0,06667	54,13
0,08333	54,13
0,10000	54,13
0,11667	54,13
0,13333	54,13
0,15000	54,13
0,16667	54,13
0,18333	54,13
0,20000	54,12
0,21667	54,12
0,23333	54,12
0,25000	54,12
0,26667	54,12
0,28333	54,13
0,30000	54,13
0,31667	54,13
0,33333	54,13
0,35000	54,13
0,36667	54,13
0,38333	54,13
0,40000	54,13
0,41667	54,13
0,43333	54,13
0,45000	54,13
0,46667	54,13
0,48333	54,13
0,50000	54,14
0,51667	54,14
0,53333	54,13
0,55000	54,14
0,56667	54,14
0,58333	54,14
0,60000	54,14
0,61667	54,14
0,63333	54,14
0,65000	54,14
0,66667	54,14
0,68333	54,14
0,70000	54,14
0,71667	54,14
0,73333	54,13
0,75000	54,13
0,76667	54,13
0,78333	54,13
0,80000	54,14
0,81667	54,14
0,83333	54,14
0,85000	54,14
0,86667	54,14
0,88333	54,14
0,90000	54,14
0,91667	54,14
0,93333	54,14
0,95000	54,14
0,96667	54,14
0,98333	54,14
1,00000	54,14
1,01667	54,14
1,03333	54,14
1,05000	54,14
1,06667	54,14
1,08333	54,14
1,10000	54,14
1,11667	54,14
1,13333	54,14
1,15000	54,13
1,16667	54,13
1,18333	54,13
1,20000	54,13
1,21667	54,13
1,23333	54,13
1,25000	54,14
1,26667	54,13
1,28333	54,14
1,30000	54,14
1,31667	54,14
1,33333	54,14
1,35000	54,13
1,36667	54,13
1,38333	54,13
1,40000	54,13
1,41667	54,13
1,43333	54,13
1,45000	54,13
1,46667	54,13
1,48333	54,13
1,50000	54,13
1,51667	54,13
1,53333	54,14
1,55000	54,14
1,56667	54,13
1,58333	54,13
1,60000	54,13
1,61667	54,13
1,63333	54,14
1,65000	54,14
1,66667	54,14
1,68333	54,14
1,70000	54,14
1,71667	54,14
1,73333	54,14
1,75000	54,13
1,76667	54,13
1,78333	54,14
1,80000	54,14
1,81667	54,14
1,83333	54,14
1,85000	54,14
1,86667	54,14
1,88333	54,14
1,90000	54,14
1,91667	54,14
1,93333	54,14
1,95000	54,14
1,96667	54,14
1,98333	54,14
2,00000	54,14
2,01667	54,14
2,03333	54,14
2,05000	54,14
2,06667	54,14
2,08333	54,14
2,10000	54,14
2,11667	54,14
2,13333	54,14
2,15000	54,13
2,16667	54,14
2,18333	54,14
2,20000	54,14
2,21667	54,14
2,23333	54,15
2,25000	54,15
2,26667	54,15
2,28333	54,15
2,30000	54,14
2,31667	54,14
2,33333	54,14
2,35000	54,14
2,36667	54,15
2,38333	54,15
2,40000	54,15
2,41667	54,15
2,43333	54,15
2,45000	54,15
2,46667	54,14
2,48333	54,14
2,50000	54,14
2,51667	54,14
2,53333	54,14
2,55000	54,14
2,56667	54,14
2,58333	54,14
2,60000	54,14
2,61667	54,14
2,63333	54,14
2,65000	54,14
2,66667	54,13
2,68333	54,13
2,70000	54,12
2,71667	54,12
2,73333	54,12
2,75000	54,12
2,76667	54,13
2,78333	54,13
2,80000	54,13
2,81667	54,13
2,83333	54,13
2,85000	54,13
2,86667	54,13
2,88333	54,13
2,90000	54,13
2,91667	54,13
2,93333	54,13
2,95000	54,13
2,96667	54,14
2,98333	54,14
3,00000	54,14
3,01667	54,14
3,03333	54,14
3,05000	54,14
3,06667	54,14
3,08333	54,14
3,10000	54,14
3,11667	54,14
3,13333	54,14
3,15000	54,14
3,16667	54,14
3,18333	54,14
3,20000	54,14
3,21667	54,14
3,23333	54,14
3,25000	54,14
3,26667	54,14
3,28333	54,14
3,30000	54,14
3,31667	54,14
3,33333	54,15
3,35000	54,15
3,36667	54,15
3,38333	54,15
3,40000	54,15
3,41667	54,15
3,43333	54,15
3,45000	54,15
3,46667	54,14
3,48333	54,14
3,50000	54,15
3,51667	54,15
3,53333	54,14
3,55000	54,15
3,56667	54,14
3,58333	54,14
3,60000	54,15
3,61667	54,15
3,63333	54,14
3,65000	54,14
3,66667	54,14
3,68333	54,14
3,70000	54,15
3,71667	54,14
3,73333	54,14
3,75000	54,14
3,76667	54,15
3,78333	54,14
3,80000	54,14
3,81667	54,14
3,83333	54,14
3,85000	54,14
3,86667	54,14
3,88333	54,14
3,90000	54,14
3,91667	54,14
3,93333	54,14
3,95000	54,14
3,96667	54,14
3,98333	54,14
4,00000	54,14
4,01667	54,13
4,03333	54,14
4,05000	54,14
4,06667	54,14
4,08333	54,14
4,10000	54,14
4,11667	54,14
4,13333	54,14
4,15000	54,14
4,16667	54,14
4,18333	54,14
4,20000	54,14
4,21667	54,14
4,23333	54,14
4,25000	54,14
4,26667	54,14
4,28333	54,14
4,30000	54,14
4,31667	54,13
4,33333	54,13
4,35000	54,13
4,36667	54,13
4,38333	54,13
4,40000	54,13
4,41667	54,13
4,43333	54,13
4,45000	54,13
4,46667	54,13
4,48333	54,14
4,50000	54,14
4,51667	54,13
4,53333	54,14
4,55000	54,14
4,56667	54,14
4,58333	54,14
4,60000	54,14
4,61667	54,13
4,63333	54,12
4,65000	54,12
4,66667	54,12
4,68333	54,12
4,70000	54,12
4,71667	54,13
4,73333	54,13
4,75000	54,12
4,76667	54,12
4,78333	54,12
4,80000	54,13
4,81667	54,12
4,83333	54,12
4,85000	54,12
4,86667	54,13
4,88333	54,12
4,90000	54,13
4,91667	54,13
4,93333	54,13
4,95000	54,13
4,96667	54,13
4,98333	54,13
5,00000	54,13
5,01667	54,13
5,03333	54,13
5,05000	54,13
5,06667	54,13
5,08333	54,12
5,10000	54,12
5,11667	54,13
5,13333	54,12
5,15000	54,12
5,16667	54,12
5,18333	54,12
5,20000	54,12
5,21667	54,13
5,23333	54,13
5,25000	54,13
5,26667	54,13
5,28333	54,13
5,30000	54,12
5,31667	54,13
5,33333	54,13
5,35000	54,13
5,36667	54,14
5,38333	54,14
5,40000	54,14
5,41667	54,14
5,43333	54,14
5,45000	54,14
5,46667	54,15
5,48333	54,15
5,50000	54,15
5,51667	54,15
5,53333	54,15
5,55000	54,14
5,56667	54,14
5,58333	54,14
5,60000	54,14
5,61667	54,15
5,63333	54,14
5,65000	54,14
5,66667	54,14
5,68333	54,13
5,70000	54,13
5,71667	54,14
5,73333	54,14
5,75000	54,14
5,76667	54,14
5,78333	54,14
5,80000	54,14
5,81667	54,14
5,83333	54,14
5,85000	54,14
5,86667	54,14
5,88333	54,14
5,90000	54,14
5,91667	54,13
5,93333	54,13
5,95000	54,13
5,96667	54,13
5,98333	54,13
6,00000	54,13
6,01667	54,13
6,03333	54,13
6,05000	54,13
6,06667	54,13
6,08333	54,12
6,10000	54,12
6,11667	54,12
6,13333	54,13
6,15000	54,13
6,16667	54,13
6,18333	54,13
6,20000	54,13
6,21667	54,13
6,23333	54,13
6,25000	54,13
6,26667	54,13
6,28333	54,13
6,30000	54,14
6,31667	54,14
6,33333	54,14
6,35000	54,14
6,36667	54,14
6,38333	54,13
6,40000	54,13
6,41667	54,13
6,43333	54,13
6,45000	54,14
6,46667	54,14
6,48333	54,13
6,50000	54,13
6,51667	54,14
6,53333	54,14
6,55000	54,13
6,56667	54,13
6,58333	54,13
6,60000	54,13
6,61667	54,14
6,63333	54,14
6,65000	54,13
6,66667	54,13
6,68333	54,14
6,70000	54,14
6,71667	54,13
6,73333	54,13
6,75000	54,13
6,76667	54,13
6,78333	54,13
6,80000	54,13
6,81667	54,12
6,83333	54,12
6,85000	54,13
6,86667	54,13
6,88333	54,13
6,90000	54,13
6,91667	54,13
6,93333	54,13
6,95000	54,13
6,96667	54,13
6,98333	54,13
7,00000	54,12
7,01667	54,13
7,03333	54,12
7,05000	54,12
7,06667	54,12
7,08333	54,11
7,10000	54,11
7,11667	54,11
7,13333	54,11
7,15000	54,11
7,16667	54,12
7,18333	54,12
7,20000	54,12
7,21667	54,12
7,23333	54,11
7,25000	54,11
7,26667	54,11
7,28333	54,11
7,30000	54,11
7,31667	54,11
7,33333	54,11
7,35000	54,11
7,36667	54,11
7,38333	54,10
7,40000	54,10
7,41667	54,11
7,43333	54,10
7,45000	54,11
7,46667	54,11
7,48333	54,11
7,50000	54,11
7,51667	54,11
7,53333	54,11
7,55000	54,11
7,56667	54,11
7,58333	54,11
7,60000	54,12
7,61667	54,12
7,63333	54,12
7,65000	54,12
7,66667	54,12
7,68333	54,13
7,70000	54,12
7,71667	54,12
7,73333	54,11
7,75000	54,11
7,76667	54,12
7,78333	54,12
7,80000	54,12
7,81667	54,12
7,83333	54,12
7,85000	54,12
7,86667	54,12
7,88333	54,12
7,90000	54,12
7,91667	54,12
7,93333	54,12
7,95000	54,12
7,96667	54,12
7,98333	54,12
8,00000	54,12
8,01667	54,12
8,03333	54,12
8,05000	54,12
8,06667	54,12
8,08333	54,12
8,10000	54,12
8,11667	54,13
8,13333	54,13
8,15000	54,13
8,16667	54,13
8,18333	54,13
8,20000	54,12
8,21667	54,12
8,23333	54,12
8,25000	54,12
8,26667	54,12
8,28333	54,11
8,30000	54,12
8,31667	54,12
8,33333	54,12
8,35000	54,12
8,36667	54,11
8,38333	54,11
8,40000	54,11
8,41667	54,11
8,43333	54,12
8,45000	54,12
8,46667	54,13
8,48333	54,13
8,50000	54,13
8,51667	54,13
8,53333	54,12
8,55000	54,12
8,56667	54,12
8,58333	54,12
8,60000	54,12
8,61667	54,11
8,63333	54,11
8,65000	54,11
8,66667	54,12
8,68333	54,12
8,70000	54,11
8,71667	54,11
8,73333	54,11
8,75000	54,11
8,76667	54,12
8,78333	54,13
8,80000	54,13
8,81667	54,12
8,83333	54,12
8,85000	54,12
8,86667	54,12
8,88333	54,12
8,90000	54,12
8,91667	54,12
8,93333	54,12
8,95000	54,12
8,96667	54,12
8,98333	54,12
9,00000	54,12
9,01667	54,12
9,03333	54,13
9,05000	54,13
9,06667	54,12
9,08333	54,12
9,10000	54,12
9,11667	54,12
9,13333	54,12
9,15000	54,12
9,16667	54,12
9,18333	54,12
9,20000	54,12
9,21667	54,12
9,23333	54,12
9,25000	54,12
9,26667	54,12
9,28333	54,12
9,30000	54,12
9,31667	54,12
9,33333	54,12
9,35000	54,12
9,36667	54,12
9,38333	54,12
9,40000	54,11
9,41667	54,12
9,43333	54,12
9,45000	54,11
9,46667	54,11
9,48333	54,10
9,50000	54,10
9,51667	54,10
9,53333	54,10
9,55000	54,11
9,56667	54,11
9,58333	54,11
9,60000	54,11
9,61667	54,11
9,63333	54,11
9,65000	54,12
9,66667	54,12
9,68333	54,11
9,70000	54,11
9,71667	54,11
9,73333	54,11
9,75000	54,11
9,76667	54,11
9,78333	54,11
9,80000	54,11
9,81667	54,12
9,83333	54,12
9,85000	54,12
9,86667	54,11
9,88333	54,11
9,90000	54,11
9,91667	54,11
9,93333	54,11
9,95000	54,11
9,96667	54,12
9,98333	54,12
10,00000	54,12
10,01667	54,12
10,03333	54,11
10,05000	54,11
10,06667	54,11
10,08333	54,11
10,10000	54,11
10,11667	54,11
10,13333	54,11
10,15000	54,11
10,16667	54,11
10,18333	54,11
10,20000	54,11
10,21667	54,11
10,23333	54,11
10,25000	54,11
10,26667	54,11
10,28333	54,11
10,30000	54,12
10,31667	54,12
10,33333	54,12
10,35000	54,11
10,36667	54,11
10,38333	54,12
10,40000	54,12
10,41667	54,12
10,43333	54,11
10,45000	54,11
10,46667	54,11
10,48333	54,12
10,50000	54,12
10,51667	54,12
10,53333	54,12
10,55000	54,12
10,56667	54,12
10,58333	54,12
10,60000	54,12
10,61667	54,11
10,63333	54,11
10,65000	54,11
10,66667	54,11
10,68333	54,11
10,70000	54,11
10,71667	54,11
10,73333	54,10
10,75000	54,10
10,76667	54,10
10,78333	54,10
10,80000	54,10
10,81667	54,10
10,83333	54,10
10,85000	54,10
10,86667	54,11
10,88333	54,10
10,90000	54,10
10,91667	54,10
10,93333	54,10
10,95000	54,10
10,96667	54,11
10,98333	54,11
11,00000	54,11
11,01667	54,11
11,03333	54,11
11,05000	54,11
11,06667	54,11
11,08333	54,11
11,10000	54,10
11,11667	54,10
11,13333	54,10
11,15000	54,10
11,16667	54,10
11,18333	54,11
11,20000	54,11
11,21667	54,11
11,23333	54,10
11,25000	54,10
11,26667	54,11
11,28333	54,11
11,30000	54,11
11,31667	54,11
11,33333	54,11
11,35000	54,11
11,36667	54,12
11,38333	54,12
11,40000	54,11
11,41667	54,11
11,43333	54,10
11,45000	54,10
11,46667	54,10
11,48333	54,10
11,50000	54,10
11,51667	54,10
11,53333	54,10
11,55000	54,10
11,56667	54,10
11,58333	54,11
11,60000	54,11
11,61667	54,10
11,63333	54,10
11,65000	54,11
11,66667	54,11
11,68333	54,11
11,70000	54,12
11,71667	54,11
11,73333	54,11
11,75000	54,11
11,76667	54,11
11,78333	54,12
11,80000	54,12
11,81667	54,11
11,83333	54,11
11,85000	54,11
11,86667	54,11
11,88333	54,11
11,90000	54,11
11,91667	54,11
11,93333	54,11
11,95000	54,11
11,96667	54,11
11,98333	54,11
12,00000	54,11
12,01667	54,11
12,03333	54,11
12,05000	54,11
12,06667	54,11
12,08333	54,11
12,10000	54,11
12,11667	54,10
12,13333	54,10
12,15000	54,10
12,16667	54,10
12,18333	54,10
12,20000	54,10
12,21667	54,10
12,23333	54,10
12,25000	54,10
12,26667	54,10
12,28333	54,11
12,30000	54,10
12,31667	54,10
12,33333	54,10
12,35000	54,10
12,36667	54,11
12,38333	54,11
12,40000	54,11
12,41667	54,11
12,43333	54,10
12,45000	54,10
12,46667	54,11
12,48333	54,11
12,50000	54,10
12,51667	54,10
12,53333	54,10
12,55000	54,10
12,56667	54,10
12,58333	54,10
12,60000	54,10
12,61667	54,10
12,63333	54,10
12,65000	54,10
12,66667	54,10
12,68333	54,10
12,70000	54,10
12,71667	54,10
12,73333	54,10
12,75000	54,10
12,76667	54,10
12,78333	54,09
12,80000	54,10
12,81667	54,10
12,83333	54,10
12,85000	54,10
12,86667	54,10
12,88333	54,09
12,90000	54,09
12,91667	54,09
12,93333	54,09
12,95000	54,09
12,96667	54,09
12,98333	54,10
13,00000	54,10
13,01667	54,10
13,03333	54,10
13,05000	54,09
13,06667	54,09
13,08333	54,09
13,10000	54,10
13,11667	54,10
13,13333	54,10
13,15000	54,10
13,16667	54,10
13,18333	54,10
13,20000	54,10
13,21667	54,10
13,23333	54,10
13,25000	54,10
13,26667	54,10
13,28333	54,10
13,30000	54,09
13,31667	54,09
13,33333	54,10
13,35000	54,10
13,36667	54,09
13,38333	54,10
13,40000	54,10
13,41667	54,11
13,43333	54,10
13,45000	54,10
13,46667	54,10
13,48333	54,10
13,50000	54,09
13,51667	54,09
13,53333	54,09
13,55000	54,09
13,56667	54,09
13,58333	54,09
13,60000	54,09
13,61667	54,09
13,63333	54,09
13,65000	54,09
13,66667	54,09
13,68333	54,09
13,70000	54,09
13,71667	54,09
13,73333	54,09
13,75000	54,09
13,76667	54,09
13,78333	54,09
13,80000	54,09
13,81667	54,09
13,83333	54,09
13,85000	54,09
13,86667	54,09
13,88333	54,08
13,90000	54,08
13,91667	54,09
13,93333	54,09
13,95000	54,09
13,96667	54,09
13,98333	54,09
14,00000	54,09
14,01667	54,09
14,03333	54,09
14,05000	54,09
14,06667	54,09
14,08333	54,09
14,10000	54,09
14,11667	54,09
14,13333	54,10
14,15000	54,10
14,16667	54,09
14,18333	54,09
14,20000	54,09
14,21667	54,10
14,23333	54,10
14,25000	54,10
14,26667	54,10
14,28333	54,10
14,30000	54,10
14,31667	54,10
14,33333	54,10
14,35000	54,10
14,36667	54,10
14,38333	54,09
14,40000	54,09
14,41667	54,09
14,43333	54,10
14,45000	54,10
14,46667	54,10
14,48333	54,09
14,50000	54,09
14,51667	54,09
14,53333	54,08
14,55000	54,08
14,56667	54,08
14,58333	54,08
14,60000	54,08
14,61667	54,08
14,63333	54,08
14,65000	54,08
14,66667	54,09
14,68333	54,09
14,70000	54,09
14,71667	54,09
14,73333	54,09
14,75000	54,09
14,76667	54,09
14,78333	54,09
14,80000	54,10
14,81667	54,10
14,83333	54,09
14,85000	54,09
14,86667	54,09
14,88333	54,09
14,90000	54,08
14,91667	54,09
14,93333	54,09
14,95000	54,09
14,96667	54,09
14,98333	54,09
15,00000	54,09
15,01667	54,09
15,03333	54,09
15,05000	54,09
15,06667	54,09
15,08333	54,09
15,10000	54,09
15,11667	54,09
15,13333	54,09
15,15000	54,09
15,16667	54,09
15,18333	54,09
15,20000	54,09
15,21667	54,09
15,23333	54,09
15,25000	54,09
15,26667	54,09
15,28333	54,08
15,30000	54,08
15,31667	54,08
15,33333	54,08
15,35000	54,08
15,36667	54,07
15,38333	54,07
15,40000	54,07
15,41667	54,07
15,43333	54,08
15,45000	54,08
15,46667	54,08
15,48333	54,08
15,50000	54,09
15,51667	54,08
15,53333	54,08
15,55000	54,08
15,56667	54,09
15,58333	54,09
15,60000	54,09
15,61667	54,10
15,63333	54,09
15,65000	54,09
15,66667	54,09
15,68333	54,09
15,70000	54,09
15,71667	54,09
15,73333	54,09
15,75000	54,09
15,76667	54,09
15,78333	54,08
15,80000	54,08
15,81667	54,08
15,83333	54,09
15,85000	54,09
15,86667	54,09
15,88333	54,09
15,90000	54,09
15,91667	54,09
15,93333	54,09
15,95000	54,09
15,96667	54,08
15,98333	54,08
16,00000	54,09
16,01667	54,09
16,03333	54,08
16,05000	54,08
16,06667	54,08
16,08333	54,08
16,10000	54,08
16,11667	54,08
16,13333	54,08
16,15000	54,08
16,16667	54,08
16,18333	54,08
16,20000	54,08
16,21667	54,09
16,23333	54,09
16,25000	54,09
16,26667	54,09
16,28333	54,08
16,30000	54,08
16,31667	54,08
16,33333	54,07
16,35000	54,08
16,36667	54,08
16,38333	54,08
16,40000	54,08
16,41667	54,08
16,43333	54,08
16,45000	54,08
16,46667	54,09
16,48333	54,09
16,50000	54,08
16,51667	54,08
16,53333	54,08
16,55000	54,08
16,56667	54,09
16,58333	54,09
16,60000	54,10
16,61667	54,10
16,63333	54,10
16,65000	54,09
16,66667	54,09
16,68333	54,09
16,70000	54,09
16,71667	54,09
16,73333	54,09
16,75000	54,09
16,76667	54,09
16,78333	54,08
16,80000	54,08
16,81667	54,09
16,83333	54,09
16,85000	54,09
16,86667	54,09
16,88333	54,09
16,90000	54,08
16,91667	54,09
16,93333	54,08
16,95000	54,08
16,96667	54,09
16,98333	54,09
17,00000	54,09
17,01667	54,09
17,03333	54,09
17,05000	54,09
17,06667	54,09
17,08333	54,08
17,10000	54,08
17,11667	54,09
17,13333	54,08
17,15000	54,08
17,16667	54,09
17,18333	54,09
17,20000	54,09
17,21667	54,08
17,23333	54,08
17,25000	54,08
17,26667	54,08
17,28333	54,08
17,30000	54,08
17,31667	54,08
17,33333	54,08
17,35000	54,08
17,36667	54,08
17,38333	54,08
17,40000	54,08
17,41667	54,08
17,43333	54,09
17,45000	54,09
17,46667	54,09
17,48333	54,09
17,50000	54,09
17,51667	54,09
17,53333	54,08
17,55000	54,08
17,56667	54,08
17,58333	54,08
17,60000	54,09
17,61667	54,09
17,63333	54,09
17,65000	54,09
17,66667	54,09
17,68333	54,10
17,70000	54,09
17,71667	54,09
17,73333	54,09
17,75000	54,08
17,76667	54,08
17,78333	54,08
17,80000	54,09
17,81667	54,09
17,83333	54,09
17,85000	54,08
17,86667	54,08
17,88333	54,08
17,90000	54,08
17,91667	54,08
17,93333	54,08
17,95000	54,09
17,96667	54,09
17,98333	54,09
18,00000	54,09
18,01667	54,09
18,03333	54,08
18,05000	54,09
18,06667	54,09
18,08333	54,09
18,10000	54,09
18,11667	54,09
18,13333	54,09
18,15000	54,09
18,16667	54,09
18,18333	54,09
18,20000	54,09
18,21667	54,09
18,23333	54,09
18,25000	54,09
18,26667	54,09
18,28333	54,09
18,30000	54,09
18,31667	54,09
18,33333	54,08
18,35000	54,09
18,36667	54,09
18,38333	54,09
18,40000	54,09
18,41667	54,09
18,43333	54,09
18,45000	54,09
18,46667	54,09
18,48333	54,09
18,50000	54,09
18,51667	54,09
18,53333	54,09
18,55000	54,08
18,56667	54,09
18,58333	54,09
18,60000	54,09
18,61667	54,08
18,63333	54,08
18,65000	54,08
18,66667	54,08
18,68333	54,08
18,70000	54,08
18,71667	54,07
18,73333	54,07
18,75000	54,07
18,76667	54,08
18,78333	54,07
18,80000	54,08
18,81667	54,08
18,83333	54,08
18,85000	54,08
18,86667	54,08
18,88333	54,08
18,90000	54,08
18,91667	54,08
18,93333	54,08
18,95000	54,08
18,96667	54,09
18,98333	54,09
19,00000	54,09
19,01667	54,09
19,03333	54,09
19,05000	54,09
19,06667	54,09
19,08333	54,09
19,10000	54,09
19,11667	54,09
19,13333	54,09
19,15000	54,08
19,16667	54,08
19,18333	54,08
19,20000	54,07
19,21667	54,07
19,23333	54,07
19,25000	54,07
19,26667	54,06
19,28333	54,06
19,30000	54,06
19,31667	54,07
19,33333	54,07
19,35000	54,07
19,36667	54,07
19,38333	54,07
19,40000	54,07
19,41667	54,07
19,43333	54,07
19,45000	54,07
19,46667	54,08
19,48333	54,08
19,50000	54,08
19,51667	54,08
19,53333	54,08
19,55000	54,08
19,56667	54,07
19,58333	54,07
19,60000	54,07
19,61667	54,07
19,63333	54,07
19,65000	54,07
19,66667	54,06
19,68333	54,06
19,70000	54,07
19,71667	54,07
19,73333	54,07
19,75000	54,07
19,76667	54,07
19,78333	54,07
19,80000	54,07
19,81667	54,08
19,83333	54,08
19,85000	54,08
19,86667	54,08
19,88333	54,08
19,90000	54,08
19,91667	54,08
19,93333	54,08
19,95000	54,07
19,96667	54,07
19,98333	54,07
20,00000	54,07
20,01667	54,07
20,03333	54,08
20,05000	54,08
20,06667	54,08
20,08333	54,07
20,10000	54,07
20,11667	54,08
20,13333	54,08
20,15000	54,08
20,16667	54,07
20,18333	54,07
20,20000	54,07
20,21667	54,07
20,23333	54,08
20,25000	54,07
20,26667	54,07
20,28333	54,07
20,30000	54,07
20,31667	54,07
20,33333	54,07
20,35000	54,07
20,36667	54,06
20,38333	54,06
20,40000	54,06
20,41667	54,06
20,43333	54,05
20,45000	54,06
20,46667	54,06
20,48333	54,06
20,50000	54,06
20,51667	54,06
20,53333	54,06
20,55000	54,06
20,56667	54,06
20,58333	54,06
20,60000	54,06
20,61667	54,06
20,63333	54,07
20,65000	54,07
20,66667	54,07
20,68333	54,07
20,70000	54,07
20,71667	54,07
20,73333	54,07
20,75000	54,07
20,76667	54,07
20,78333	54,06
20,80000	54,06
20,81667	54,06
20,83333	54,06
20,85000	54,06
20,86667	54,06
20,88333	54,06
20,90000	54,06
20,91667	54,06
20,93333	54,06
20,95000	54,06
20,96667	54,06
20,98333	54,06
21,00000	54,06
21,01667	54,06
21,03333	54,06
21,05000	54,06
21,06667	54,06
21,08333	54,06
21,10000	54,07
21,11667	54,06
21,13333	54,06
21,15000	54,06
21,16667	54,06
21,18333	54,06
21,20000	54,06
21,21667	54,06
21,23333	54,06
21,25000	54,06
21,26667	54,06
21,28333	54,06
21,30000	54,06
21,31667	54,06
21,33333	54,05
21,35000	54,05
21,36667	54,05
21,38333	54,05
21,40000	54,05
21,41667	54,06
21,43333	54,05
21,45000	54,05
21,46667	54,05
21,48333	54,05
21,50000	54,05
21,51667	54,05
21,53333	54,05
21,55000	54,05
21,56667	54,05
21,58333	54,05
21,60000	54,05
21,61667	54,05
21,63333	54,05
21,65000	54,06
21,66667	54,06
21,68333	54,06
21,70000	54,06
21,71667	54,06
21,73333	54,06
21,75000	54,07
21,76667	54,07
21,78333	54,07
21,80000	54,06
21,81667	54,07
21,83333	54,07
21,85000	54,07
21,86667	54,07
21,88333	54,07
21,90000	54,07
21,91667	54,07
21,93333	54,07
21,95000	54,06
21,96667	54,07
21,98333	54,07
22,00000	54,07
22,01667	54,07
22,03333	54,07
22,05000	54,07
22,06667	54,07
22,08333	54,07
22,10000	54,07
22,11667	54,07
22,13333	54,07
22,15000	54,07
22,16667	54,07
22,18333	54,07
22,20000	54,06
22,21667	54,06
22,23333	54,05
22,25000	54,05
22,26667	54,05
22,28333	54,06
22,30000	54,06
22,31667	54,06
22,33333	54,06
22,35000	54,06
22,36667	54,06
22,38333	54,06
22,40000	54,06
22,41667	54,06
22,43333	54,06
22,45000	54,07
22,46667	54,07
22,48333	54,07
22,50000	54,07
22,51667	54,07
22,53333	54,07
22,55000	54,06
22,56667	54,06
22,58333	54,06
22,60000	54,05
22,61667	54,05
22,63333	54,05
22,65000	54,06
22,66667	54,06
22,68333	54,05
22,70000	54,05
22,71667	54,06
22,73333	54,06
22,75000	54,06
22,76667	54,06
22,78333	54,06
22,80000	54,06
22,81667	54,05
22,83333	54,05
22,85000	54,06
22,86667	54,06
22,88333	54,05
22,90000	54,04
22,91667	54,03
22,93333	54,03
22,95000	54,03
22,96667	54,03
22,98333	54,03
23,00000	54,04
23,01667	54,04
23,03333	54,04
23,05000	54,03
23,06667	54,04
23,08333	54,04
23,10000	54,04
23,11667	54,05
23,13333	54,05
23,15000	54,05
23,16667	54,05
23,18333	54,05
23,20000	54,05
23,21667	54,05
23,23333	54,05
23,25000	54,05
23,26667	54,05
23,28333	54,05
23,30000	54,05
23,31667	54,05
23,33333	54,06
23,35000	54,06
23,36667	54,06
23,38333	54,06
23,40000	54,07
23,41667	54,07
23,43333	54,07
23,45000	54,06
23,46667	54,05
23,48333	54,05
23,50000	54,05
23,51667	54,06
23,53333	54,06
23,55000	54,06
23,56667	54,06
23,58333	54,06
23,60000	54,06
23,61667	54,06
23,63333	54,06
23,65000	54,05
23,66667	54,05
23,68333	54,05
23,70000	54,05
23,71667	54,06
23,73333	54,06
23,75000	54,06
23,76667	54,06
23,78333	54,06
23,80000	54,05
23,81667	54,04
23,83333	54,04
23,85000	54,05
23,86667	54,05
23,88333	54,05
23,90000	54,05
23,91667	54,05
23,93333	54,04
23,95000	54,04
23,96667	54,05
23,98333	54,04
24,00000	54,05
24,01667	54,05
24,03333	54,05
24,05000	54,05
24,06667	54,05
24,08333	54,05
24,10000	54,04
24,11667	54,04
24,13333	54,05
24,15000	54,05
24,16667	54,05
24,18333	54,05
24,20000	54,05
24,21667	54,05
24,23333	54,05
24,25000	54,05
24,26667	54,05
24,28333	54,05
24,30000	54,05
24,31667	54,06
24,33333	54,05
24,35000	54,05
24,36667	54,05
24,38333	54,05
24,40000	54,05
24,41667	54,06
24,43333	54,06
24,45000	54,05
24,46667	54,06
24,48333	54,06
24,50000	54,06
24,51667	54,06
24,53333	54,06
24,55000	54,05
24,56667	54,05
24,58333	54,05
24,60000	54,05
24,61667	54,05
24,63333	54,05
24,65000	54,05
24,66667	54,05
24,68333	54,05
24,70000	54,05
24,71667	54,05
24,73333	54,05
24,75000	54,05
24,76667	54,05
24,78333	54,04
24,80000	54,05
24,81667	54,05
24,83333	54,05
24,85000	54,04
24,86667	54,04
24,88333	54,04
24,90000	54,04
24,91667	54,04
24,93333	54,04
24,95000	54,04
24,96667	54,04
24,98333	54,04
25,00000	54,04
25,01667	54,04
25,03333	54,04
25,05000	54,04
25,06667	54,04
25,08333	54,04
25,10000	54,04
25,11667	54,04
25,13333	54,04
25,15000	54,04
25,16667	54,04
25,18333	54,04
25,20000	54,05
25,21667	54,04
25,23333	54,04
25,25000	54,04
25,26667	54,04
25,28333	54,04
25,30000	54,05
25,31667	54,04
25,33333	54,04
25,35000	54,05
25,36667	54,05
25,38333	54,05
25,40000	54,04
25,41667	54,04
25,43333	54,04
25,45000	54,04
25,46667	54,05
25,48333	54,05
25,50000	54,05
25,51667	54,05
25,53333	54,04
25,55000	54,04
25,56667	54,05
25,58333	54,04
25,60000	54,04
25,61667	54,04
25,63333	54,05
25,65000	54,05
25,66667	54,04
25,68333	54,04
25,70000	54,04
25,71667	54,04
25,73333	54,04
25,75000	54,04
25,76667	54,04
25,78333	54,04
25,80000	54,03
25,81667	54,04
25,83333	54,04
25,85000	54,04
25,86667	54,04
25,88333	54,04
25,90000	54,04
25,91667	54,04
25,93333	54,04
25,95000	54,04
25,96667	54,03
25,98333	54,04
26,00000	54,04
26,01667	54,04
26,03333	54,04
26,05000	54,04
26,06667	54,04
26,08333	54,04
26,10000	54,04
26,11667	54,03
26,13333	54,03
26,15000	54,03
26,16667	54,03
26,18333	54,04
26,20000	54,04
26,21667	54,04
26,23333	54,05
26,25000	54,05
26,26667	54,05
26,28333	54,04
26,30000	54,04
26,31667	54,04
26,33333	54,04
26,35000	54,05
26,36667	54,05
26,38333	54,05
26,40000	54,05
26,41667	54,05
26,43333	54,05
26,45000	54,04
26,46667	54,05
26,48333	54,04
26,50000	54,04
26,51667	54,04
26,53333	54,04
26,55000	54,05
26,56667	54,04
26,58333	54,04
26,60000	54,04
26,61667	54,04
26,63333	54,04
26,65000	54,04
26,66667	54,04
26,68333	54,04
26,70000	54,04
26,71667	54,04
26,73333	54,04
26,75000	54,04
26,76667	54,03
26,78333	54,03
26,80000	54,03
26,81667	54,03
26,83333	54,03
26,85000	54,04
26,86667	54,03
26,88333	54,04
26,90000	54,04
26,91667	54,04
26,93333	54,04
26,95000	54,04
26,96667	54,04
26,98333	54,04
27,00000	54,04
27,01667	54,04
27,03333	54,04
27,05000	54,04
27,06667	54,04
27,08333	54,04
27,10000	54,04
27,11667	54,04
27,13333	54,03
27,15000	54,03
27,16667	54,03
27,18333	54,04
27,20000	54,03
27,21667	54,03
27,23333	54,03
27,25000	54,03
27,26667	54,03
27,28333	54,03
27,30000	54,03
27,31667	54,03
27,33333	54,03
27,35000	54,03
27,36667	54,03
27,38333	54,04
27,40000	54,04
27,41667	54,03
27,43333	54,04
27,45000	54,03
27,46667	54,03
27,48333	54,04
27,50000	54,04
27,51667	54,04
27,53333	54,03
27,55000	54,03
27,56667	54,03
27,58333	54,04
27,60000	54,04
27,61667	54,04
27,63333	54,04
27,65000	54,04
27,66667	54,04
27,68333	54,04
27,70000	54,04
27,71667	54,03
27,73333	54,03
27,75000	54,02
27,76667	54,02
27,78333	54,02
27,80000	54,03
27,81667	54,03
27,83333	54,03
27,85000	54,03
27,86667	54,03
27,88333	54,03
27,90000	54,03
27,91667	54,03
27,93333	54,03
27,95000	54,03
27,96667	54,02
27,98333	54,02
28,00000	54,03
28,01667	54,03
28,03333	54,03
28,05000	54,04
28,06667	54,04
28,08333	54,04
28,10000	54,03
28,11667	54,04
28,13333	54,04
28,15000	54,04
28,16667	54,04
28,18333	54,03
28,20000	54,04
28,21667	54,04
28,23333	54,04
28,25000	54,03
28,26667	54,04
28,28333	54,04
28,30000	54,04
28,31667	54,04
28,33333	54,03
28,35000	54,03
28,36667	54,04
28,38333	54,04
28,40000	54,04
28,41667	54,05
28,43333	54,04
28,45000	54,04
28,46667	54,04
28,48333	54,04
28,50000	54,04
28,51667	54,04
28,53333	54,04
28,55000	54,04
28,56667	54,03
28,58333	54,04
28,60000	54,04
28,61667	54,04
28,63333	54,03
28,65000	54,03
28,66667	54,03
28,68333	54,03
28,70000	54,03
28,71667	54,03
28,73333	54,03
28,75000	54,03
28,76667	54,03
28,78333	54,03
28,80000	54,02
28,81667	54,03
28,83333	54,03
28,85000	54,03
28,86667	54,04
28,88333	54,03
28,90000	54,03
28,91667	54,03
28,93333	54,03
28,95000	54,04
28,96667	54,04
28,98333	54,04
29,00000	54,04
29,01667	54,04
29,03333	54,04
29,05000	54,03
29,06667	54,03
29,08333	54,03
29,10000	54,02
29,11667	54,02
29,13333	54,03
29,15000	54,03
29,16667	54,03
29,18333	54,03
29,20000	54,04
29,21667	54,04
29,23333	54,04
29,25000	54,04
29,26667	54,03
29,28333	54,04
29,30000	54,03
29,31667	54,03
29,33333	54,04
29,35000	54,04
29,36667	54,04
29,38333	54,04
29,40000	54,04
29,41667	54,04
29,43333	54,04
29,45000	54,04
29,46667	54,04
29,48333	54,04
29,50000	54,04
29,51667	54,04
29,53333	54,04
29,55000	54,04
29,56667	54,04
29,58333	54,03
29,60000	54,04
29,61667	54,04
29,63333	54,04
29,65000	54,04
29,66667	54,04
29,68333	54,04
29,70000	54,04
29,71667	54,04
29,73333	54,04
29,75000	54,04
29,76667	54,03
29,78333	54,03
29,80000	54,03
29,81667	54,03
29,83333	54,03
29,85000	54,04
29,86667	54,04
29,88333	54,04
29,90000	54,04
29,91667	54,04
29,93333	54,04
29,95000	54,04
29,96667	54,04
29,98333	54,04
30,00000	54,04
30,01667	54,05
30,03333	54,05
30,05000	54,05
30,06667	54,05
30,08333	54,05
30,10000	54,05
30,11667	54,05
30,13333	54,05
30,15000	54,05
30,16667	54,04
30,18333	54,05
30,20000	54,04
30,21667	54,04
30,23333	54,04
30,25000	54,04
30,26667	54,04
30,28333	54,04
30,30000	54,03
30,31667	54,03
30,33333	54,04
30,35000	54,04
30,36667	54,04
30,38333	54,04
30,40000	54,04
30,41667	54,04
30,43333	54,04
30,45000	54,04
30,46667	54,04
30,48333	54,04
30,50000	54,04
30,51667	54,04
30,53333	54,04
30,55000	54,04
30,56667	54,04
30,58333	54,03
30,60000	54,04
30,61667	54,03
30,63333	54,03
30,65000	54,03
30,66667	54,03
30,68333	54,03
30,70000	54,03
30,71667	54,03
30,73333	54,03
30,75000	54,03
30,76667	54,02
30,78333	54,03
30,80000	54,02
30,81667	54,02
30,83333	54,02
30,85000	54,03
30,86667	54,03
30,88333	54,03
30,90000	54,03
30,91667	54,03
30,93333	54,03
30,95000	54,03
30,96667	54,03
30,98333	54,03
31,00000	54,03
31,01667	54,03
31,03333	54,03
31,05000	54,03
31,06667	54,03
31,08333	54,03
31,10000	54,03
31,11667	54,03
31,13333	54,03
31,15000	54,04
31,16667	54,04
31,18333	54,04
31,20000	54,04
31,21667	54,04
31,23333	54,04
31,25000	54,04
31,26667	54,04
31,28333	54,04
31,30000	54,04
31,31667	54,04
31,33333	54,04
31,35000	54,04
31,36667	54,04
31,38333	54,03
31,40000	54,03
31,41667	54,03
31,43333	54,04
31,45000	54,04
31,46667	54,04
31,48333	54,04
31,50000	54,04
31,51667	54,04
31,53333	54,04
31,55000	54,04
31,56667	54,04
31,58333	54,04
31,60000	54,04
31,61667	54,04
31,63333	54,04
31,65000	54,04
31,66667	54,05
31,68333	54,04
31,70000	54,04
31,71667	54,04
31,73333	54,04
31,75000	54,04
31,76667	54,04
31,78333	54,03
31,80000	54,03
31,81667	54,03
31,83333	54,03
31,85000	54,03
31,86667	54,03
31,88333	54,03
31,90000	54,03
31,91667	54,03
31,93333	54,03
31,95000	54,02
31,96667	54,02
31,98333	54,02
32,00000	54,02

[PDA Multi Chromatogram(Ch1)]
# of Points	      3001
Interval(msec)	640
Start Time(min)	0
End Time(min)	32
Intensity Units	mAU
Intensity Multiplier	1
Type	MultiChrom
Wavelength(nm)	215
Bandwidth(nm)	4
R.Time (min)	Intensity
0,00000	0
0,01067	0
0,02133	-324
0,03200	-651
0,04267	-978
0,05333	-1302
0,06400	-1624
0,07467	-1948
0,08533	-2268
0,09600	-2590
0,10667	-2913
0,11733	-3235
0,12800	-3555
0,13867	-3875
0,14933	-4197
0,16000	-4521
0,17067	-4843
0,18133	-5162
0,19200	-5482
0,20267	-5802
0,21333	-6117
0,22400	-6429
0,23467	-6742
0,24533	-7050
0,25600	-7357
0,26667	-7660
0,27733	-7961
0,28800	-8259
0,29867	-8554
0,30933	-8849
0,32000	-9141
0,33067	-9426
0,34133	-9710
0,35200	-9995
0,36267	-10277
0,37333	-10557
0,38400	-10833
0,39467	-11104
0,40533	-11375
0,41600	-11646
0,42667	-11912
0,43733	-12176
0,44800	-12439
0,45867	-12700
0,46933	-12959
0,48000	-13219
0,49067	-13477
0,50133	-13734
0,51200	-13991
0,52267	-14245
0,53333	-14498
0,54400	-14750
0,55467	-15000
0,56533	-15248
0,57600	-15496
0,58667	-15744
0,59733	-15993
0,60800	-16240
0,61867	-16486
0,62933	-16733
0,64000	-16980
0,65067	-17229
0,66133	-17478
0,67200	-17729
0,68267	-17982
0,69333	-18236
0,70400	-18494
0,71467	-18752
0,72533	-19010
0,73600	-19273
0,74667	-19537
0,75733	-19802
0,76800	-20069
0,77867	-20337
0,78933	-20605
0,80000	-20877
0,81067	-21151
0,82133	-21426
0,83200	-21701
0,84267	-21976
0,85333	-22250
0,86400	-22522
0,87467	-22793
0,88533	-23065
0,89600	-23337
0,90667	-23608
0,91733	-23878
0,92800	-24146
0,93867	-24412
0,94933	-24676
0,96000	-24937
0,97067	-25196
0,98133	-25451
0,99200	-25702
1,00267	-25950
1,01333	-26196
1,02400	-26436
1,03467	-26668
1,04533	-26893
1,05600	-27111
1,06667	-27321
1,07733	-27519
1,08800	-27708
1,09867	-27883
1,10933	-28046
1,12000	-28197
1,13067	-28332
1,14133	-28447
1,15200	-28547
1,16267	-28629
1,17333	-28694
1,18400	-28743
1,19467	-28770
1,20533	-28777
1,21600	-28765
1,22667	-28733
1,23733	-28680
1,24800	-28608
1,25867	-28514
1,26933	-28400
1,28000	-28270
1,29067	-28121
1,30133	-27954
1,31200	-27767
1,32267	-27559
1,33333	-27333
1,34400	-27089
1,35467	-26830
1,36533	-26554
1,37600	-26260
1,38667	-25948
1,39733	-25621
1,40800	-25277
1,41867	-24914
1,42933	-24534
1,44000	-24140
1,45067	-23733
1,46133	-23308
1,47200	-22865
1,48267	-22410
1,49333	-21940
1,50400	-21455
1,51467	-20958
1,52533	-20448
1,53600	-19925
1,54667	-19389
1,55733	-18842
1,56800	-18283
1,57867	-17712
1,58933	-17133
1,60000	-16547
1,61067	-15956
1,62133	-15361
1,63200	-14757
1,64267	-14148
1,65333	-13538
1,66400	-12926
1,67467	-12310
1,68533	-11693
1,69600	-11078
1,70667	-10464
1,71733	-9850
1,72800	-9236
1,73867	-8622
1,74933	-8010
1,76000	-7404
1,77067	-6803
1,78133	-6205
1,79200	-5610
1,80267	-5021
1,81333	-4436
1,82400	-3855
1,83467	-3281
1,84533	-2715
1,85600	-2153
1,86667	-1598
1,87733	-1053
1,88800	-512
1,89867	23
1,90933	552
1,92000	1072
1,93067	1583
1,94133	2087
1,95200	2584
1,96267	3072
1,97333	3553
1,98400	4023
1,99467	4485
2,00533	4941
2,01600	5387
2,02667	5824
2,03733	6252
2,04800	6671
2,05867	7082
2,06933	7484
2,08000	7877
2,09067	8259
2,10133	8632
2,11200	8997
2,12267	9353
2,13333	9702
2,14400	10039
2,15467	10368
2,16533	10689
2,17600	11000
2,18667	11304
2,19733	11601
2,20800	11890
2,21867	12174
2,22933	12451
2,24000	12720
2,25067	12985
2,26133	13245
2,27200	13499
2,28267	13748
2,29333	13989
2,30400	14226
2,31467	14459
2,32533	14690
2,33600	14915
2,34667	15134
2,35733	15347
2,36800	15558
2,37867	15765
2,38933	15968
2,40000	16168
2,41067	16363
2,42133	16553
2,43200	16737
2,44267	16917
2,45333	17096
2,46400	17272
2,47467	17443
2,48533	17609
2,49600	17772
2,50667	17930
2,51733	18086
2,52800	18240
2,53867	18390
2,54933	18539
2,56000	18685
2,57067	18831
2,58133	18973
2,59200	19115
2,60267	19258
2,61333	19396
2,62400	19531
2,63467	19665
2,64533	19798
2,65600	19932
2,66667	20063
2,67733	20188
2,68800	20311
2,69867	20434
2,70933	20554
2,72000	20670
2,73067	20784
2,74133	20898
2,75200	21013
2,76267	21123
2,77333	21231
2,78400	21337
2,79467	21442
2,80533	21545
2,81600	21648
2,82667	21747
2,83733	21843
2,84800	21939
2,85867	22035
2,86933	22131
2,88000	22227
2,89067	22317
2,90133	22404
2,91200	22491
2,92267	22578
2,93333	22660
2,94400	22741
2,95467	22820
2,96533	22897
2,97600	22974
2,98667	23048
2,99733	23120
3,00800	23193
3,01867	23265
3,02933	23337
3,04000	23413
3,05067	23488
3,06133	23563
3,07200	23639
3,08267	23716
3,09333	23790
3,10400	23863
3,11467	23940
3,12533	24015
3,13600	24088
3,14667	24163
3,15733	24239
3,16800	24314
3,17867	24387
3,18933	24459
3,20000	24529
3,21067	24596
3,22133	24664
3,23200	24733
3,24267	24799
3,25333	24864
3,26400	24928
3,27467	24990
3,28533	25051
3,29600	25112
3,30667	25176
3,31733	25243
3,32800	25309
3,33867	25371
3,34933	25434
3,36000	25499
3,37067	25562
3,38133	25623
3,39200	25684
3,40267	25746
3,41333	25810
3,42400	25873
3,43467	25934
3,44533	25994
3,45600	26054
3,46667	26112
3,47733	26169
3,48800	26226
3,49867	26285
3,50933	26346
3,52000	26401
3,53067	26455
3,54133	26512
3,55200	26567
3,56267	26623
3,57333	26668
3,58400	26676
3,59467	26600
3,60533	26354
3,61600	25849
3,62667	25010
3,63733	23800
3,64800	22234
3,65867	20382
3,66933	18364
3,68000	16355
3,69067	14601
3,70133	13501
3,71200	13910
3,72267	17620
3,73333	27148
3,74400	43839
3,75467	65464
3,76533	86564
3,77600	102038
3,78667	110070
3,79733	111841
3,80800	109620
3,81867	105369
3,82933	100294
3,84000	94848
3,85067	88977
3,86133	82586
3,87200	75867
3,88267	69232
3,89333	63068
3,90400	57625
3,91467	53026
3,92533	49307
3,93600	46440
3,94667	44368
3,95733	43015
3,96800	42287
3,97867	42088
3,98933	42298
4,00000	42780
4,01067	43390
4,02133	43988
4,03200	44460
4,04267	44756
4,05333	44891
4,06400	44916
4,07467	44602
4,08533	40816
4,09600	26684
4,10667	-789
4,11733	-36616
4,12800	-73374
4,13867	-106395
4,14933	-134112
4,16000	-155439
4,17067	-169301
4,18133	-177763
4,19200	-185714
4,20267	-195056
4,21333	-204232
4,22400	-211595
4,23467	-213538
4,24533	-201248
4,25600	-163921
4,26667	-43385
4,27733	314190
4,28800	810678
4,29867	1165054
4,30933	1332229
4,32000	1370930
4,33067	1316895
4,34133	1197978
4,35200	1040227
4,36267	865895
4,37333	690790
4,38400	525687
4,39467	379055
4,40533	255709
4,41600	156784
4,42667	81150
4,43733	25472
4,44800	-14846
4,45867	-44235
4,46933	-66225
4,48000	-83337
4,49067	-97242
4,50133	-108969
4,51200	-119068
4,52267	-127733
4,53333	-134955
4,54400	-140725
4,55467	-145136
4,56533	-148358
4,57600	-150605
4,58667	-152123
4,59733	-153174
4,60800	-154006
4,61867	-154789
4,62933	-155596
4,64000	-156425
4,65067	-157241
4,66133	-158005
4,67200	-158690
4,68267	-159281
4,69333	-159774
4,70400	-160179
4,71467	-160512
4,72533	-160789
4,73600	-161029
4,74667	-161242
4,75733	-161439
4,76800	-161627
4,77867	-161813
4,78933	-162002
4,80000	-162198
4,81067	-162403
4,82133	-162621
4,83200	-162857
4,84267	-163112
4,85333	-163392
4,86400	-163703
4,87467	-164042
4,88533	-164404
4,89600	-164783
4,90667	-165172
4,91733	-165562
4,92800	-165948
4,93867	-166328
4,94933	-166700
4,96000	-167061
4,97067	-167403
4,98133	-167714
4,99200	-167989
5,00267	-168227
5,01333	-168437
5,02400	-146786
5,03467	94643
5,04533	700534
5,05600	1346352
5,06667	1761659
5,07733	2008450
5,08800	2149401
5,09867	2222084
5,10933	2247300
5,12000	2236380
5,13067	2201084
5,14133	2155719
5,15200	2112524
5,16267	2077853
5,17333	2052839
5,18400	2035928
5,19467	2024793
5,20533	2017803
5,21600	2013724
5,22667	2011725
5,23733	2011422
5,24800	2012253
5,25867	2013987
5,26933	2016602
5,28000	2019762
5,29067	2023398
5,30133	2027315
5,31200	2031242
5,32267	2035011
5,33333	2038582
5,34400	2042017
5,35467	2044898
5,36533	2047295
5,37600	2049335
5,38667	2050757
5,39733	2051715
5,40800	2052258
5,41867	2052290
5,42933	2051837
5,44000	2050965
5,45067	2049784
5,46133	2048375
5,47200	2046941
5,48267	2045571
5,49333	2044280
5,50400	2043188
5,51467	2042235
5,52533	2041502
5,53600	2041283
5,54667	2041518
5,55733	2042076
5,56800	2043192
5,57867	2044770
5,58933	2046844
5,60000	2049447
5,61067	2052505
5,62133	2055944
5,63200	2059831
5,64267	2064071
5,65333	2068354
5,66400	2072768
5,67467	2077313
5,68533	2081826
5,69600	2086390
5,70667	2090823
5,71733	2095071
5,72800	2101451
5,73867	2116792
5,74933	2148118
5,76000	2193028
5,77067	2238733
5,78133	2273277
5,79200	2293867
5,80267	2303564
5,81333	2305862
5,82400	2303070
5,83467	2296950
5,84533	2287640
5,85600	2273924
5,86667	2255092
5,87733	2230843
5,88800	2200741
5,89867	2165185
5,90933	2124793
5,92000	2079670
5,93067	2030197
5,94133	1976333
5,95200	1918039
5,96267	1856028
5,97333	1791044
5,98400	1723600
5,99467	1654353
6,00533	1583864
6,01600	1512564
6,02667	1440712
6,03733	1368514
6,04800	1296401
6,05867	1224843
6,06933	1154366
6,08000	1085586
6,09067	1019181
6,10133	955791
6,11200	895872
6,12267	839725
6,13333	787476
6,14400	739075
6,15467	694346
6,16533	653079
6,17600	615012
6,18667	579884
6,19733	547449
6,20800	517488
6,21867	489809
6,22933	464240
6,24000	440621
6,25067	418801
6,26133	398645
6,27200	380031
6,28267	362833
6,29333	346946
6,30400	332264
6,31467	318683
6,32533	306118
6,33600	294481
6,34667	283694
6,35733	273687
6,36800	264389
6,37867	255735
6,38933	247673
6,40000	240152
6,41067	233125
6,42133	226553
6,43200	220390
6,44267	214602
6,45333	209158
6,46400	204034
6,47467	199208
6,48533	194653
6,49600	190347
6,50667	186267
6,51733	182399
6,52800	178729
6,53867	175242
6,54933	171920
6,56000	168754
6,57067	165738
6,58133	162859
6,59200	160109
6,60267	157482
6,61333	154965
6,62400	152555
6,63467	150245
6,64533	148027
6,65600	145896
6,66667	143847
6,67733	141880
6,68800	139989
6,69867	138166
6,70933	136409
6,72000	134717
6,73067	133088
6,74133	131519
6,75200	130006
6,76267	128549
6,77333	127141
6,78400	125778
6,79467	124464
6,80533	123196
6,81600	121972
6,82667	120794
6,83733	119664
6,84800	118579
6,85867	117541
6,86933	116562
6,88000	115649
6,89067	114804
6,90133	114018
6,91200	113273
6,92267	112545
6,93333	111815
6,94400	111081
6,95467	110347
6,96533	109620
6,97600	108905
6,98667	108198
6,99733	107496
7,00800	106803
7,01867	106113
7,02933	105435
7,04000	104777
7,05067	104137
7,06133	103516
7,07200	102907
7,08267	102300
7,09333	101686
7,10400	101062
7,11467	101254
7,12533	129955
7,13600	304455
7,14667	676820
7,15733	1081987
7,16800	1384774
7,17867	1589678
7,18933	1722413
7,20000	1805480
7,21067	1856098
7,22133	1886019
7,23200	1902271
7,24267	1909096
7,25333	1909153
7,26400	1904100
7,27467	1894713
7,28533	1881670
7,29600	1865406
7,30667	1845918
7,31733	1823193
7,32800	1796909
7,33867	1766281
7,34933	1730343
7,36000	1687533
7,37067	1635703
7,38133	1572387
7,39200	1495098
7,40267	1402254
7,41333	1294450
7,42400	1174954
7,43467	1049046
7,44533	922838
7,45600	801922
7,46667	690490
7,47733	591044
7,48800	504562
7,49867	430891
7,50933	369168
7,52000	318176
7,53067	276556
7,54133	242946
7,55200	216068
7,56267	194761
7,57333	177999
7,58400	164879
7,59467	154636
7,60533	146634
7,61600	140347
7,62667	135359
7,63733	131346
7,64800	128060
7,65867	125316
7,66933	122977
7,68000	120946
7,69067	119148
7,70133	117537
7,71200	116072
7,72267	114729
7,73333	113488
7,74400	112333
7,75467	111256
7,76533	110245
7,77600	109289
7,78667	108384
7,79733	107526
7,80800	106711
7,81867	105935
7,82933	105196
7,84000	104490
7,85067	103819
7,86133	103183
7,87200	102575
7,88267	101990
7,89333	101430
7,90400	100892
7,91467	100372
7,92533	99867
7,93600	99380
7,94667	98908
7,95733	98448
7,96800	98003
7,97867	97576
7,98933	97161
8,00000	96756
8,01067	96367
8,02133	95988
8,03200	95615
8,04267	95252
8,05333	94895
8,06400	94548
8,07467	94213
8,08533	93885
8,09600	93562
8,10667	93248
8,11733	92937
8,12800	92634
8,13867	92335
8,14933	92034
8,16000	91732
8,17067	91432
8,18133	91136
8,19200	90843
8,20267	90555
8,21333	90269
8,22400	89988
8,23467	89712
8,24533	89440
8,25600	89170
8,26667	88903
8,27733	88640
8,28800	88378
8,29867	88120
8,30933	87866
8,32000	87616
8,33067	87368
8,34133	87122
8,35200	86879
8,36267	86642
8,37333	86410
8,38400	86182
8,39467	85954
8,40533	85726
8,41600	85501
8,42667	85281
8,43733	85065
8,44800	84855
8,45867	84646
8,46933	84434
8,48000	84225
8,49067	84023
8,50133	83821
8,51200	83618
8,52267	83420
8,53333	83228
8,54400	83038
8,55467	82851
8,56533	82667
8,57600	82485
8,58667	82307
8,59733	82131
8,60800	81960
8,61867	81791
8,62933	81626
8,64000	81463
8,65067	81302
8,66133	81141
8,67200	80982
8,68267	80824
8,69333	80664
8,70400	80505
8,71467	80349
8,72533	80192
8,73600	80032
8,74667	79873
8,75733	79716
8,76800	79559
8,77867	79402
8,78933	79246
8,80000	79091
8,81067	78937
8,82133	78785
8,83200	78635
8,84267	78488
8,85333	78346
8,86400	78207
8,87467	78070
8,88533	77936
8,89600	77807
8,90667	77686
8,91733	77567
8,92800	77451
8,93867	77339
8,94933	77232
8,96000	77129
8,97067	77026
8,98133	76927
8,99200	76831
9,00267	76738
9,01333	76645
9,02400	76552
9,03467	76459
9,04533	76371
9,05600	76285
9,06667	76197
9,07733	76107
9,08800	76021
9,09867	75937
9,10933	75852
9,12000	75770
9,13067	75690
9,14133	75613
9,15200	75535
9,16267	75456
9,17333	75381
9,18400	75310
9,19467	75238
9,20533	75167
9,21600	75094
9,22667	75022
9,23733	74954
9,24800	74888
9,25867	74822
9,26933	74757
9,28000	74692
9,29067	74630
9,30133	74569
9,31200	74501
9,32267	74433
9,33333	74368
9,34400	74302
9,35467	74232
9,36533	74162
9,37600	74095
9,38667	74027
9,39733	73955
9,40800	73884
9,41867	73816
9,42933	73747
9,44000	73680
9,45067	73622
9,46133	73574
9,47200	73543
9,48267	73541
9,49333	73576
9,50400	73656
9,51467	73780
9,52533	73937
9,53600	74105
9,54667	74254
9,55733	74348
9,56800	74363
9,57867	74289
9,58933	74128
9,60000	73901
9,61067	73635
9,62133	73357
9,63200	73093
9,64267	72852
9,65333	72641
9,66400	72459
9,67467	72305
9,68533	72174
9,69600	72061
9,70667	71963
9,71733	71879
9,72800	71803
9,73867	71731
9,74933	71665
9,76000	71602
9,77067	71544
9,78133	71492
9,79200	71449
9,80267	71415
9,81333	71389
9,82400	71377
9,83467	71387
9,84533	71417
9,85600	71462
9,86667	71521
9,87733	71585
9,88800	71651
9,89867	71715
9,90933	71768
9,92000	71809
9,93067	71838
9,94133	71864
9,95200	71931
9,96267	72133
9,97333	72646
9,98400	73746
9,99467	75759
10,00533	78933
10,01600	83255
10,02667	88297
10,03733	93247
10,04800	97129
10,05867	99161
10,06933	99055
10,08000	97078
10,09067	93866
10,10133	90145
10,11200	86506
10,12267	83293
10,13333	80618
10,14400	78465
10,15467	76744
10,16533	75360
10,17600	74226
10,18667	73283
10,19733	72487
10,20800	71805
10,21867	71223
10,22933	70727
10,24000	70309
10,25067	69967
10,26133	69695
10,27200	69498
10,28267	69384
10,29333	69363
10,30400	69456
10,31467	69702
10,32533	70155
10,33600	70908
10,34667	72120
10,35733	74055
10,36800	77128
10,37867	81944
10,38933	89361
10,40000	100514
10,41067	116816
10,42133	139938
10,43200	171748
10,44267	214159
10,45333	268895
10,46400	337171
10,47467	419207
10,48533	513782
10,49600	617926
10,50667	726839
10,51733	834272
10,52800	933314
10,53867	1017305
10,54933	1080663
10,56000	1119295
10,57067	1130843
10,58133	1114798
10,59200	1072660
10,60267	1008064
10,61333	926440
10,62400	834344
10,63467	738424
10,64533	644432
10,65600	556617
10,66667	477544
10,67733	408270
10,68800	348731
10,69867	298189
10,70933	255600
10,72000	219878
10,73067	190020
10,74133	165158
10,75200	144566
10,76267	127630
10,77333	113824
10,78400	102684
10,79467	93794
10,80533	86789
10,81600	81338
10,82667	77147
10,83733	73963
10,84800	71573
10,85867	69797
10,86933	68487
10,88000	67527
10,89067	66830
10,90133	66324
10,91200	65949
10,92267	65668
10,93333	65452
10,94400	65283
10,95467	65147
10,96533	65034
10,97600	64940
10,98667	64859
10,99733	64789
11,00800	64726
11,01867	64667
11,02933	64613
11,04000	64564
11,05067	64516
11,06133	64472
11,07200	64431
11,08267	64391
11,09333	64352
11,10400	64312
11,11467	64273
11,12533	64236
11,13600	64198
11,14667	64157
11,15733	64118
11,16800	64081
11,17867	64045
11,18933	64013
11,20000	63983
11,21067	63955
11,22133	63930
11,23200	63910
11,24267	63898
11,25333	63894
11,26400	63895
11,27467	63897
11,28533	63898
11,29600	63896
11,30667	63890
11,31733	63876
11,32800	63855
11,33867	63828
11,34933	63793
11,36000	63753
11,37067	63711
11,38133	63665
11,39200	63617
11,40267	63570
11,41333	63525
11,42400	63480
11,43467	63438
11,44533	63399
11,45600	63363
11,46667	63325
11,47733	63289
11,48800	63257
11,49867	63226
11,50933	63196
11,52000	63169
11,53067	63147
11,54133	63128
11,55200	63108
11,56267	63093
11,57333	63086
11,58400	63086
11,59467	63089
11,60533	63089
11,61600	63086
11,62667	63076
11,63733	63057
11,64800	63029
11,65867	62991
11,66933	62947
11,68000	62904
11,69067	62863
11,70133	62823
11,71200	62787
11,72267	62749
11,73333	62712
11,74400	62677
11,75467	62645
11,76533	62613
11,77600	62584
11,78667	62553
11,79733	62521
11,80800	62494
11,81867	62471
11,82933	62450
11,84000	62427
11,85067	62405
11,86133	62386
11,87200	62368
11,88267	62351
11,89333	62338
11,90400	62331
11,91467	62336
11,92533	62362
11,93600	62414
11,94667	62497
11,95733	62619
11,96800	62777
11,97867	62962
11,98933	63158
12,00000	63345
12,01067	63508
12,02133	63634
12,03200	63710
12,04267	63731
12,05333	63702
12,06400	63630
12,07467	63517
12,08533	63371
12,09600	63205
12,10667	63032
12,11733	62860
12,12800	62696
12,13867	62550
12,14933	62421
12,16000	62312
12,17067	62220
12,18133	62140
12,19200	62070
12,20267	62008
12,21333	61955
12,22400	61906
12,23467	61864
12,24533	61829
12,25600	61798
12,26667	61773
12,27733	61753
12,28800	61735
12,29867	61721
12,30933	61711
12,32000	61702
12,33067	61695
12,34133	61687
12,35200	61679
12,36267	61673
12,37333	61665
12,38400	61657
12,39467	61651
12,40533	61642
12,41600	61635
12,42667	61630
12,43733	61626
12,44800	61624
12,45867	61618
12,46933	61606
12,48000	61591
12,49067	61569
12,50133	61541
12,51200	61504
12,52267	61455
12,53333	61395
12,54400	61331
12,55467	61263
12,56533	61190
12,57600	61125
12,58667	61074
12,59733	61047
12,60800	61056
12,61867	61102
12,62933	61182
12,64000	61283
12,65067	61384
12,66133	61457
12,67200	61471
12,68267	61404
12,69333	61256
12,70400	61040
12,71467	60778
12,72533	60491
12,73600	60199
12,74667	59914
12,75733	59646
12,76800	59395
12,77867	59158
12,78933	58931
12,80000	58716
12,81067	58509
12,82133	58309
12,83200	58117
12,84267	57935
12,85333	57757
12,86400	57584
12,87467	57417
12,88533	57257
12,89600	57101
12,90667	56953
12,91733	56811
12,92800	56675
12,93867	56544
12,94933	56420
12,96000	56304
12,97067	56197
12,98133	56097
12,99200	56003
13,00267	55918
13,01333	55841
13,02400	55773
13,03467	55713
13,04533	55660
13,05600	55612
13,06667	55561
13,07733	55508
13,08800	55451
13,09867	55384
13,10933	55309
13,12000	55229
13,13067	55146
13,14133	55062
13,15200	54985
13,16267	54916
13,17333	54852
13,18400	54795
13,19467	54744
13,20533	54697
13,21600	54653
13,22667	54612
13,23733	54573
13,24800	54531
13,25867	54486
13,26933	54442
13,28000	54401
13,29067	54361
13,30133	54323
13,31200	54295
13,32267	54272
13,33333	54254
13,34400	54246
13,35467	54242
13,36533	54234
13,37600	54221
13,38667	54198
13,39733	54167
13,40800	54130
13,41867	54088
13,42933	54045
13,44000	54002
13,45067	53957
13,46133	53915
13,47200	53877
13,48267	53841
13,49333	53808
13,50400	53780
13,51467	53755
13,52533	53734
13,53600	53715
13,54667	53696
13,55733	53677
13,56800	53660
13,57867	53647
13,58933	53634
13,60000	53619
13,61067	53602
13,62133	53585
13,63200	53567
13,64267	53549
13,65333	53532
13,66400	53515
13,67467	53502
13,68533	53492
13,69600	53489
13,70667	53492
13,71733	53500
13,72800	53512
13,73867	53529
13,74933	53556
13,76000	53591
13,77067	53627
13,78133	53664
13,79200	53697
13,80267	53723
13,81333	53736
13,82400	53735
13,83467	53718
13,84533	53688
13,85600	53646
13,86667	53595
13,87733	53536
13,88800	53479
13,89867	53424
13,90933	53373
13,92000	53327
13,93067	53285
13,94133	53248
13,95200	53219
13,96267	53197
13,97333	53177
13,98400	53159
13,99467	53143
14,00533	53131
14,01600	53122
14,02667	53118
14,03733	53114
14,04800	53116
14,05867	53119
14,06933	53123
14,08000	53129
14,09067	53134
14,10133	53137
14,11200	53140
14,12267	53143
14,13333	53144
14,14400	53141
14,15467	53139
14,16533	53138
14,17600	53131
14,18667	53121
14,19733	53113
14,20800	53101
14,21867	53085
14,22933	53070
14,24000	53053
14,25067	53037
14,26133	53021
14,27200	53005
14,28267	52991
14,29333	52976
14,30400	52962
14,31467	52949
14,32533	52933
14,33600	52915
14,34667	52901
14,35733	52888
14,36800	52873
14,37867	52859
14,38933	52847
14,40000	52837
14,41067	52832
14,42133	52826
14,43200	52816
14,44267	52809
14,45333	52805
14,46400	52801
14,47467	52797
14,48533	52791
14,49600	52785
14,50667	52781
14,51733	52780
14,52800	52777
14,53867	52774
14,54933	52772
14,56000	52768
14,57067	52764
14,58133	52761
14,59200	52756
14,60267	52753
14,61333	52750
14,62400	52750
14,63467	52750
14,64533	52748
14,65600	52746
14,66667	52744
14,67733	52743
14,68800	52741
14,69867	52739
14,70933	52738
14,72000	52735
14,73067	52735
14,74133	52734
14,75200	52733
14,76267	52736
14,77333	52739
14,78400	52740
14,79467	52741
14,80533	52742
14,81600	52742
14,82667	52739
14,83733	52740
14,84800	52741
14,85867	52740
14,86933	52741
14,88000	52742
14,89067	52743
14,90133	52741
14,91200	52738
14,92267	52734
14,93333	52727
14,94400	52717
14,95467	52707
14,96533	52697
14,97600	52684
14,98667	52668
14,99733	52650
15,00800	52636
15,01867	52625
15,02933	52614
15,04000	52604
15,05067	52595
15,06133	52587
15,07200	52581
15,08267	52578
15,09333	52573
15,10400	52571
15,11467	52570
15,12533	52568
15,13600	52567
15,14667	52563
15,15733	52559
15,16800	52555
15,17867	52548
15,18933	52542
15,20000	52535
15,21067	52526
15,22133	52518
15,23200	52513
15,24267	52505
15,25333	52500
15,26400	52497
15,27467	52495
15,28533	52496
15,29600	52498
15,30667	52501
15,31733	52507
15,32800	52512
15,33867	52516
15,34933	52521
15,36000	52526
15,37067	52529
15,38133	52525
15,39200	52518
15,40267	52511
15,41333	52503
15,42400	52490
15,43467	52473
15,44533	52452
15,45600	52431
15,46667	52405
15,47733	52371
15,48800	52336
15,49867	52299
15,50933	52260
15,52000	52215
15,53067	52170
15,54133	52125
15,55200	52079
15,56267	52027
15,57333	51972
15,58400	51918
15,59467	51861
15,60533	51802
15,61600	51741
15,62667	51676
15,63733	51611
15,64800	51545
15,65867	51475
15,66933	51404
15,68000	51333
15,69067	51257
15,70133	51183
15,71200	51109
15,72267	51035
15,73333	50963
15,74400	50889
15,75467	50815
15,76533	50746
15,77600	50681
15,78667	50615
15,79733	50551
15,80800	50488
15,81867	50425
15,82933	50364
15,84000	50304
15,85067	50249
15,86133	50195
15,87200	50139
15,88267	50085
15,89333	50031
15,90400	49981
15,91467	49933
15,92533	49889
15,93600	49847
15,94667	49803
15,95733	49761
15,96800	49723
15,97867	49687
15,98933	49652
16,00000	49618
16,01067	49584
16,02133	49551
16,03200	49522
16,04267	49495
16,05333	49467
16,06400	49440
16,07467	49417
16,08533	49394
16,09600	49371
16,10667	49350
16,11733	49331
16,12800	49312
16,13867	49293
16,14933	49278
16,16000	49260
16,17067	49243
16,18133	49226
16,19200	49210
16,20267	49195
16,21333	49184
16,22400	49171
16,23467	49158
16,24533	49145
16,25600	49133
16,26667	49118
16,27733	49103
16,28800	49088
16,29867	49071
16,30933	49055
16,32000	49040
16,33067	49025
16,34133	49013
16,35200	49002
16,36267	48989
16,37333	48977
16,38400	48967
16,39467	48958
16,40533	48949
16,41600	48941
16,42667	48934
16,43733	48926
16,44800	48920
16,45867	48913
16,46933	48907
16,48000	48900
16,49067	48892
16,50133	48885
16,51200	48878
16,52267	48870
16,53333	48862
16,54400	48852
16,55467	48844
16,56533	48836
16,57600	48827
16,58667	48816
16,59733	48805
16,60800	48796
16,61867	48787
16,62933	48778
16,64000	48771
16,65067	48765
16,66133	48760
16,67200	48755
16,68267	48750
16,69333	48747
16,70400	48743
16,71467	48740
16,72533	48733
16,73600	48724
16,74667	48716
16,75733	48705
16,76800	48695
16,77867	48683
16,78933	48667
16,80000	48651
16,81067	48634
16,82133	48617
16,83200	48598
16,84267	48580
16,85333	48563
16,86400	48544
16,87467	48526
16,88533	48509
16,89600	48490
16,90667	48472
16,91733	48453
16,92800	48434
16,93867	48417
16,94933	48402
16,96000	48386
16,97067	48369
16,98133	48352
16,99200	48336
17,00267	48321
17,01333	48308
17,02400	48295
17,03467	48282
17,04533	48268
17,05600	48254
17,06667	48245
17,07733	48239
17,08800	48233
17,09867	48224
17,10933	48216
17,12000	48211
17,13067	48207
17,14133	48204
17,15200	48203
17,16267	48204
17,17333	48202
17,18400	48199
17,19467	48196
17,20533	48196
17,21600	48193
17,22667	48186
17,23733	48178
17,24800	48174
17,25867	48171
17,26933	48165
17,28000	48158
17,29067	48156
17,30133	48154
17,31200	48151
17,32267	48148
17,33333	48150
17,34400	48151
17,35467	48149
17,36533	48145
17,37600	48141
17,38667	48139
17,39733	48136
17,40800	48131
17,41867	48126
17,42933	48119
17,44000	48114
17,45067	48112
17,46133	48108
17,47200	48101
17,48267	48098
17,49333	48095
17,50400	48093
17,51467	48094
17,52533	48094
17,53600	48094
17,54667	48094
17,55733	48095
17,56800	48096
17,57867	48091
17,58933	48085
17,60000	48084
17,61067	48082
17,62133	48079
17,63200	48077
17,64267	48073
17,65333	48068
17,66400	48062
17,67467	48059
17,68533	48057
17,69600	48053
17,70667	48049
17,71733	48051
17,72800	48054
17,73867	48062
17,74933	48081
17,76000	48113
17,77067	48164
17,78133	48239
17,79200	48347
17,80267	48494
17,81333	48687
17,82400	48935
17,83467	49248
17,84533	49628
17,85600	50079
17,86667	50603
17,87733	51194
17,88800	51848
17,89867	52555
17,90933	53296
17,92000	54062
17,93067	54838
17,94133	55612
17,95200	56369
17,96267	57095
17,97333	57784
17,98400	58428
17,99467	59026
18,00533	59581
18,01600	60096
18,02667	60575
18,03733	61020
18,04800	61438
18,05867	61833
18,06933	62201
18,08000	62544
18,09067	62865
18,10133	63154
18,11200	63398
18,12267	63584
18,13333	63699
18,14400	63726
18,15467	63649
18,16533	63454
18,17600	63133
18,18667	62684
18,19733	62105
18,20800	61410
18,21867	60617
18,22933	59747
18,24000	58829
18,25067	57884
18,26133	56944
18,27200	56029
18,28267	55157
18,29333	54344
18,30400	53596
18,31467	52919
18,32533	52312
18,33600	51771
18,34667	51295
18,35733	50878
18,36800	50513
18,37867	50195
18,38933	49919
18,40000	49680
18,41067	49472
18,42133	49295
18,43200	49144
18,44267	49015
18,45333	48903
18,46400	48809
18,47467	48732
18,48533	48667
18,49600	48617
18,50667	48579
18,51733	48549
18,52800	48524
18,53867	48504
18,54933	48493
18,56000	48485
18,57067	48480
18,58133	48479
18,59200	48481
18,60267	48486
18,61333	48489
18,62400	48494
18,63467	48501
18,64533	48505
18,65600	48508
18,66667	48514
18,67733	48520
18,68800	48526
18,69867	48533
18,70933	48537
18,72000	48543
18,73067	48552
18,74133	48562
18,75200	48576
18,76267	48595
18,77333	48619
18,78400	48651
18,79467	48692
18,80533	48743
18,81600	48804
18,82667	48873
18,83733	48953
18,84800	49040
18,85867	49130
18,86933	49223
18,88000	49314
18,89067	49397
18,90133	49471
18,91200	49532
18,92267	49575
18,93333	49601
18,94400	49608
18,95467	49596
18,96533	49565
18,97600	49519
18,98667	49456
18,99733	49379
19,00800	49294
19,01867	49206
19,02933	49113
19,04000	49014
19,05067	48916
19,06133	48822
19,07200	48730
19,08267	48645
19,09333	48564
19,10400	48486
19,11467	48415
19,12533	48349
19,13600	48287
19,14667	48229
19,15733	48178
19,16800	48127
19,17867	48080
19,18933	48036
19,20000	47997
19,21067	47962
19,22133	47929
19,23200	47898
19,24267	47869
19,25333	47840
19,26400	47815
19,27467	47795
19,28533	47777
19,29600	47761
19,30667	47750
19,31733	47738
19,32800	47726
19,33867	47718
19,34933	47710
19,36000	47704
19,37067	47702
19,38133	47697
19,39200	47692
19,40267	47687
19,41333	47682
19,42400	47679
19,43467	47676
19,44533	47672
19,45600	47668
19,46667	47662
19,47733	47657
19,48800	47650
19,49867	47643
19,50933	47634
19,52000	47624
19,53067	47611
19,54133	47600
19,55200	47591
19,56267	47580
19,57333	47569
19,58400	47558
19,59467	47548
19,60533	47535
19,61600	47524
19,62667	47513
19,63733	47501
19,64800	47491
19,65867	47483
19,66933	47476
19,68000	47466
19,69067	47456
19,70133	47448
19,71200	47441
19,72267	47434
19,73333	47428
19,74400	47421
19,75467	47415
19,76533	47408
19,77600	47401
19,78667	47396
19,79733	47391
19,80800	47383
19,81867	47374
19,82933	47368
19,84000	47361
19,85067	47353
19,86133	47346
19,87200	47340
19,88267	47333
19,89333	47328
19,90400	47324
19,91467	47315
19,92533	47305
19,93600	47297
19,94667	47294
19,95733	47288
19,96800	47280
19,97867	47272
19,98933	47265
20,00000	47260
20,01067	47255
20,02133	47251
20,03200	47247
20,04267	47239
20,05333	47231
20,06400	47227
20,07467	47221
20,08533	47214
20,09600	47209
20,10667	47206
20,11733	47200
20,12800	47191
20,13867	47185
20,14933	47183
20,16000	47181
20,17067	47178
20,18133	47173
20,19200	47168
20,20267	47162
20,21333	47158
20,22400	47154
20,23467	47151
20,24533	47151
20,25600	47148
20,26667	47144
20,27733	47140
20,28800	47139
20,29867	47138
20,30933	47137
20,32000	47141
20,33067	47152
20,34133	47162
20,35200	47172
20,36267	47185
20,37333	47205
20,38400	47230
20,39467	47262
20,40533	47299
20,41600	47344
20,42667	47397
20,43733	47456
20,44800	47522
20,45867	47596
20,46933	47679
20,48000	47771
20,49067	47870
20,50133	47978
20,51200	48098
20,52267	48224
20,53333	48356
20,54400	48499
20,55467	48651
20,56533	48810
20,57600	48974
20,58667	49145
20,59733	49321
20,60800	49502
20,61867	49690
20,62933	49880
20,64000	50077
20,65067	50280
20,66133	50483
20,67200	50687
20,68267	50890
20,69333	51095
20,70400	51300
20,71467	51503
20,72533	51708
20,73600	51911
20,74667	52109
20,75733	52301
20,76800	52491
20,77867	52678
20,78933	52862
20,80000	53041
20,81067	53215
20,82133	53383
20,83200	53547
20,84267	53706
20,85333	53857
20,86400	54005
20,87467	54150
20,88533	54288
20,89600	54419
20,90667	54542
20,91733	54662
20,92800	54778
20,93867	54887
20,94933	54993
20,96000	55097
20,97067	55195
20,98133	55287
20,99200	55378
21,00267	55464
21,01333	55544
21,02400	55623
21,03467	55703
21,04533	55777
21,05600	55849
21,06667	55916
21,07733	55983
21,08800	56047
21,09867	56108
21,10933	56169
21,12000	56227
21,13067	56281
21,14133	56336
21,15200	56388
21,16267	56437
21,17333	56486
21,18400	56530
21,19467	56574
21,20533	56617
21,21600	56657
21,22667	56696
21,23733	56733
21,24800	56770
21,25867	56805
21,26933	56836
21,28000	56867
21,29067	56896
21,30133	56925
21,31200	56954
21,32267	56979
21,33333	57002
21,34400	57022
21,35467	57044
21,36533	57063
21,37600	57081
21,38667	57101
21,39733	57120
21,40800	57137
21,41867	57151
21,42933	57167
21,44000	57184
21,45067	57203
21,46133	57221
21,47200	57239
21,48267	57257
21,49333	57274
21,50400	57293
21,51467	57312
21,52533	57328
21,53600	57349
21,54667	57368
21,55733	57386
21,56800	57406
21,57867	57429
21,58933	57451
21,60000	57474
21,61067	57499
21,62133	57522
21,63200	57549
21,64267	57577
21,65333	57605
21,66400	57633
21,67467	57664
21,68533	57698
21,69600	57733
21,70667	57770
21,71733	57807
21,72800	57844
21,73867	57881
21,74933	57919
21,76000	57957
21,77067	57995
21,78133	58037
21,79200	58080
21,80267	58120
21,81333	58163
21,82400	58207
21,83467	58249
21,84533	58292
21,85600	58334
21,86667	58375
21,87733	58414
21,88800	58454
21,89867	58496
21,90933	58537
21,92000	58576
21,93067	58614
21,94133	58652
21,95200	58688
21,96267	58721
21,97333	58752
21,98400	58783
21,99467	58816
22,00533	58847
22,01600	58874
22,02667	58898
22,03733	58920
22,04800	58939
22,05867	58957
22,06933	58972
22,08000	58983
22,09067	58992
22,10133	58998
22,11200	58999
22,12267	58997
22,13333	58992
22,14400	58981
22,15467	58967
22,16533	58955
22,17600	58942
22,18667	58927
22,19733	58910
22,20800	58894
22,21867	58876
22,22933	58858
22,24000	58838
22,25067	58813
22,26133	58791
22,27200	58769
22,28267	58741
22,29333	58716
22,30400	58695
22,31467	58672
22,32533	58646
22,33600	58621
22,34667	58595
22,35733	58568
22,36800	58542
22,37867	58518
22,38933	58496
22,40000	58474
22,41067	58449
22,42133	58427
22,43200	58410
22,44267	58390
22,45333	58371
22,46400	58354
22,47467	58337
22,48533	58321
22,49600	58304
22,50667	58288
22,51733	58277
22,52800	58267
22,53867	58258
22,54933	58252
22,56000	58243
22,57067	58236
22,58133	58233
22,59200	58231
22,60267	58228
22,61333	58224
22,62400	58223
22,63467	58225
22,64533	58229
22,65600	58233
22,66667	58238
22,67733	58244
22,68800	58249
22,69867	58255
22,70933	58264
22,72000	58277
22,73067	58293
22,74133	58309
22,75200	58322
22,76267	58339
22,77333	58358
22,78400	58375
22,79467	58391
22,80533	58411
22,81600	58432
22,82667	58449
22,83733	58467
22,84800	58487
22,85867	58504
22,86933	58521
22,88000	58539
22,89067	58554
22,90133	58571
22,91200	58587
22,92267	58600
22,93333	58611
22,94400	58620
22,95467	58630
22,96533	58638
22,97600	58647
22,98667	58658
22,99733	58666
23,00800	58669
23,01867	58670
23,02933	58675
23,04000	58678
23,05067	58679
23,06133	58681
23,07200	58685
23,08267	58689
23,09333	58693
23,10400	58695
23,11467	58697
23,12533	58698
23,13600	58699
23,14667	58700
23,15733	58701
23,16800	58704
23,17867	58702
23,18933	58698
23,20000	58695
23,21067	58692
23,22133	58690
23,23200	58689
23,24267	58688
23,25333	58686
23,26400	58684
23,27467	58679
23,28533	58674
23,29600	58671
23,30667	58670
23,31733	58670
23,32800	58671
23,33867	58671
23,34933	58669
23,36000	58667
23,37067	58665
23,38133	58664
23,39200	58664
23,40267	58662
23,41333	58657
23,42400	58654
23,43467	58652
23,44533	58647
23,45600	58645
23,46667	58644
23,47733	58644
23,48800	58643
23,49867	58642
23,50933	58643
23,52000	58646
23,53067	58647
23,54133	58647
23,55200	58646
23,56267	58647
23,57333	58650
23,58400	58653
23,59467	58658
23,60533	58660
23,61600	58658
23,62667	58660
23,63733	58664
23,64800	58669
23,65867	58674
23,66933	58682
23,68000	58688
23,69067	58691
23,70133	58696
23,71200	58701
23,72267	58704
23,73333	58708
23,74400	58710
23,75467	58709
23,76533	58710
23,77600	58713
23,78667	58713
23,79733	58714
23,80800	58712
23,81867	58709
23,82933	58708
23,84000	58704
23,85067	58696
23,86133	58692
23,87200	58690
23,88267	58685
23,89333	58678
23,90400	58676
23,91467	58676
23,92533	58676
23,93600	58677
23,94667	58680
23,95733	58683
23,96800	58690
23,97867	58695
23,98933	58699
24,00000	58710
24,01067	58722
24,02133	58730
24,03200	58736
24,04267	58740
24,05333	58746
24,06400	58754
24,07467	58768
24,08533	58783
24,09600	58793
24,10667	58805
24,11733	58822
24,12800	58841
24,13867	58866
24,14933	58897
24,16000	58931
24,17067	58972
24,18133	59028
24,19200	59099
24,20267	59192
24,21333	59312
24,22400	59460
24,23467	59639
24,24533	59855
24,25600	60110
24,26667	60406
24,27733	60742
24,28800	61124
24,29867	61550
24,30933	62018
24,32000	62526
24,33067	63075
24,34133	63660
24,35200	64278
24,36267	64930
24,37333	65602
24,38400	66288
24,39467	66989
24,40533	67698
24,41600	68411
24,42667	69118
24,43733	69811
24,44800	70491
24,45867	71152
24,46933	71789
24,48000	72399
24,49067	72976
24,50133	73523
24,51200	74038
24,52267	74515
24,53333	74964
24,54400	75387
24,55467	75790
24,56533	76189
24,57600	76604
24,58667	77062
24,59733	77598
24,60800	78256
24,61867	79064
24,62933	80039
24,64000	81172
24,65067	82416
24,66133	83689
24,67200	84884
24,68267	85878
24,69333	86569
24,70400	86894
24,71467	86838
24,72533	86431
24,73600	85739
24,74667	84848
24,75733	83847
24,76800	82806
24,77867	81772
24,78933	80776
24,80000	79833
24,81067	78948
24,82133	78121
24,83200	77345
24,84267	76618
24,85333	75932
24,86400	75287
24,87467	74681
24,88533	74111
24,89600	73577
24,90667	73078
24,91733	72612
24,92800	72172
24,93867	71759
24,94933	71365
24,96000	70991
24,97067	70637
24,98133	70294
24,99200	69958
25,00267	69626
25,01333	69297
25,02400	68962
25,03467	68627
25,04533	68293
25,05600	67953
25,06667	67615
25,07733	67280
25,08800	66942
25,09867	66600
25,10933	66251
25,12000	65890
25,13067	65519
25,14133	65134
25,15200	64739
25,16267	64342
25,17333	63939
25,18400	63533
25,19467	63126
25,20533	62717
25,21600	62304
25,22667	61887
25,23733	61471
25,24800	61054
25,25867	60631
25,26933	60209
25,28000	59796
25,29067	59401
25,30133	59031
25,31200	58690
25,32267	58365
25,33333	58026
25,34400	57653
25,35467	57247
25,36533	56817
25,37600	56383
25,38667	55950
25,39733	55523
25,40800	55105
25,41867	54697
25,42933	54294
25,44000	53900
25,45067	53522
25,46133	53157
25,47200	52808
25,48267	52473
25,49333	52146
25,50400	51827
25,51467	51527
25,52533	51258
25,53600	51026
25,54667	50816
25,55733	50592
25,56800	50310
25,57867	49951
25,58933	49539
25,60000	49101
25,61067	48656
25,62133	48225
25,63200	47816
25,64267	47423
25,65333	47045
25,66400	46682
25,67467	46330
25,68533	45993
25,69600	45669
25,70667	45354
25,71733	45049
25,72800	44753
25,73867	44462
25,74933	44174
25,76000	43896
25,77067	43630
25,78133	43380
25,79200	43141
25,80267	42910
25,81333	42682
25,82400	42451
25,83467	42221
25,84533	41995
25,85600	41773
25,86667	41554
25,87733	41339
25,88800	41129
25,89867	40926
25,90933	40739
25,92000	40578
25,93067	40441
25,94133	40318
25,95200	40187
25,96267	40032
25,97333	39854
25,98400	39661
25,99467	39462
26,00533	39266
26,01600	39077
26,02667	38891
26,03733	38711
26,04800	38538
26,05867	38375
26,06933	38219
26,08000	38071
26,09067	37934
26,10133	37820
26,11200	37737
26,12267	37714
26,13333	37826
26,14400	38227
26,15467	39159
26,16533	40828
26,17600	43214
26,18667	46069
26,19733	49138
26,20800	52350
26,21867	55813
26,22933	59668
26,24000	63961
26,25067	68573
26,26133	73135
26,27200	76955
26,28267	79176
26,29333	79179
26,30400	76932
26,31467	73000
26,32533	68207
26,33600	63285
26,34667	58700
26,35733	54655
26,36800	51194
26,37867	48284
26,38933	45876
26,40000	43911
26,41067	42317
26,42133	41025
26,43200	39979
26,44267	39127
26,45333	38431
26,46400	37863
26,47467	37400
26,48533	37021
26,49600	36706
26,50667	36440
26,51733	36215
26,52800	36026
26,53867	35859
26,54933	35706
26,56000	35558
26,57067	35417
26,58133	35287
26,59200	35176
26,60267	35104
26,61333	35097
26,62400	35181
26,63467	35375
26,64533	35668
26,65600	36028
26,66667	36405
26,67733	36740
26,68800	36985
26,69867	37107
26,70933	37092
26,72000	36935
26,73067	36655
26,74133	36273
26,75200	35822
26,76267	35329
26,77333	34816
26,78400	34303
26,79467	33804
26,80533	33327
26,81600	32882
26,82667	32482
26,83733	32137
26,84800	31855
26,85867	31651
26,86933	31566
26,88000	31683
26,89067	32144
26,90133	33100
26,91200	34616
26,92267	36635
26,93333	38946
26,94400	41176
26,95467	42875
26,96533	43736
26,97600	43737
26,98667	43105
26,99733	42168
27,00800	41221
27,01867	40486
27,02933	40135
27,04000	40300
27,05067	41017
27,06133	42118
27,07200	43231
27,08267	43963
27,09333	44124
27,10400	43787
27,11467	43250
27,12533	43115
27,13600	44692
27,14667	50321
27,15733	62385
27,16800	80812
27,17867	101508
27,18933	118215
27,20000	126478
27,21067	125863
27,22133	118963
27,23200	109033
27,24267	98418
27,25333	88308
27,26400	79150
27,27467	71076
27,28533	64126
27,29600	58312
27,30667	53608
27,31733	49947
27,32800	47212
27,33867	45254
27,34933	43918
27,36000	43058
27,37067	42542
27,38133	42258
27,39200	42123
27,40267	42076
27,41333	42083
27,42400	42121
27,43467	42181
27,44533	42262
27,45600	42368
27,46667	42502
27,47733	42668
27,48800	42864
27,49867	43091
27,50933	43369
27,52000	43734
27,53067	44194
27,54133	44724
27,55200	45265
27,56267	45765
27,57333	46210
27,58400	46593
27,59467	46893
27,60533	47086
27,61600	47181
27,62667	47220
27,63733	47247
27,64800	47278
27,65867	47308
27,66933	47335
27,68000	47366
27,69067	47415
27,70133	47467
27,71200	47492
27,72267	47464
27,73333	47373
27,74400	47227
27,75467	47048
27,76533	46855
27,77600	46663
27,78667	46484
27,79733	46325
27,80800	46187
27,81867	46073
27,82933	45980
27,84000	45902
27,85067	45842
27,86133	45792
27,87200	45749
27,88267	45722
27,89333	45713
27,90400	45719
27,91467	45739
27,92533	45767
27,93600	45798
27,94667	45825
27,95733	45844
27,96800	45851
27,97867	45850
27,98933	45847
28,00000	45842
28,01067	45839
28,02133	45835
28,03200	45828
28,04267	45825
28,05333	45831
28,06400	45844
28,07467	45862
28,08533	45884
28,09600	45906
28,10667	45929
28,11733	45950
28,12800	45967
28,13867	45981
28,14933	45997
28,16000	46013
28,17067	46030
28,18133	46049
28,19200	46064
28,20267	46077
28,21333	46088
28,22400	46095
28,23467	46105
28,24533	46114
28,25600	46124
28,26667	46139
28,27733	46156
28,28800	46169
28,29867	46179
28,30933	46187
28,32000	46192
28,33067	46197
28,34133	46204
28,35200	46216
28,36267	46237
28,37333	46274
28,38400	46327
28,39467	46390
28,40533	46460
28,41600	46531
28,42667	46597
28,43733	46660
28,44800	46718
28,45867	46771
28,46933	46816
28,48000	46859
28,49067	46896
28,50133	46922
28,51200	46940
28,52267	46959
28,53333	46987
28,54400	47043
28,55467	47146
28,56533	47327
28,57600	47606
28,58667	47977
28,59733	48395
28,60800	48784
28,61867	49059
28,62933	49171
28,64000	49109
28,65067	48912
28,66133	48638
28,67200	48338
28,68267	48047
28,69333	47786
28,70400	47557
28,71467	47364
28,72533	47206
28,73600	47077
28,74667	46975
28,75733	46896
28,76800	46835
28,77867	46788
28,78933	46746
28,80000	46708
28,81067	46671
28,82133	46634
28,83200	46596
28,84267	46559
28,85333	46523
28,86400	46489
28,87467	46462
28,88533	46445
28,89600	46435
28,90667	46441
28,91733	46458
28,92800	46483
28,93867	46509
28,94933	46532
28,96000	46544
28,97067	46543
28,98133	46531
28,99200	46512
29,00267	46490
29,01333	46468
29,02400	46444
29,03467	46420
29,04533	46396
29,05600	46377
29,06667	46360
29,07733	46340
29,08800	46318
29,09867	46292
29,10933	46265
29,12000	46239
29,13067	46214
29,14133	46194
29,15200	46176
29,16267	46160
29,17333	46150
29,18400	46142
29,19467	46136
29,20533	46130
29,21600	46122
29,22667	46112
29,23733	46104
29,24800	46099
29,25867	46099
29,26933	46107
29,28000	46128
29,29067	46163
29,30133	46217
29,31200	46292
29,32267	46390
29,33333	46513
29,34400	46658
29,35467	46829
29,36533	47036
29,37600	47289
29,38667	47600
29,39733	47987
29,40800	48466
29,41867	49051
29,42933	49762
29,44000	50615
29,45067	51629
29,46133	52826
29,47200	54227
29,48267	55861
29,49333	57752
29,50400	59920
29,51467	62373
29,52533	65099
29,53600	68062
29,54667	71207
29,55733	74440
29,56800	77648
29,57867	80713
29,58933	83521
29,60000	85993
29,61067	88082
29,62133	89779
29,63200	91109
29,64267	92118
29,65333	92864
29,66400	93407
29,67467	93807
29,68533	94118
29,69600	94382
29,70667	94639
29,71733	94915
29,72800	95230
29,73867	95603
29,74933	96043
29,76000	96556
29,77067	97142
29,78133	97804
29,79200	98535
29,80267	99317
29,81333	100134
29,82400	100969
29,83467	101799
29,84533	102608
29,85600	103377
29,86667	104095
29,87733	104751
29,88800	105347
29,89867	105874
29,90933	106333
29,92000	106727
29,93067	107058
29,94133	107326
29,95200	107538
29,96267	107701
29,97333	107811
29,98400	107868
29,99467	107884
30,00533	107861
30,01600	107798
30,02667	107697
30,03733	107556
30,04800	107377
30,05867	107161
30,06933	106909
30,08000	106624
30,09067	106310
30,10133	105971
30,11200	105607
30,12267	105220
30,13333	104814
30,14400	104391
30,15467	103952
30,16533	103500
30,17600	103036
30,18667	102563
30,19733	102083
30,20800	101596
30,21867	101103
30,22933	100602
30,24000	100093
30,25067	99579
30,26133	99060
30,27200	98531
30,28267	97998
30,29333	97459
30,30400	96911
30,31467	96363
30,32533	95811
30,33600	95258
30,34667	94702
30,35733	94144
30,36800	93582
30,37867	93015
30,38933	92449
30,40000	91882
30,41067	91310
30,42133	90733
30,43200	90156
30,44267	89578
30,45333	88998
30,46400	88413
30,47467	87826
30,48533	87241
30,49600	86656
30,50667	86072
30,51733	85492
30,52800	84910
30,53867	84327
30,54933	83742
30,56000	83158
30,57067	82574
30,58133	81994
30,59200	81414
30,60267	80830
30,61333	80247
30,62400	79667
30,63467	79086
30,64533	78507
30,65600	77934
30,66667	77364
30,67733	76795
30,68800	76229
30,69867	75665
30,70933	75098
30,72000	74533
30,73067	73971
30,74133	73410
30,75200	72853
30,76267	72299
30,77333	71745
30,78400	71193
30,79467	70641
30,80533	70091
30,81600	69545
30,82667	68997
30,83733	68447
30,84800	67898
30,85867	67351
30,86933	66804
30,88000	66254
30,89067	65707
30,90133	65161
30,91200	64614
30,92267	64066
30,93333	63514
30,94400	62962
30,95467	62415
30,96533	61866
30,97600	61315
30,98667	60768
30,99733	60217
31,00800	59666
31,01867	59117
31,02933	58570
31,04000	58024
31,05067	57478
31,06133	56934
31,07200	56391
31,08267	55845
31,09333	55300
31,10400	54757
31,11467	54212
31,12533	53667
31,13600	53121
31,14667	52577
31,15733	52034
31,16800	51491
31,17867	50948
31,18933	50405
31,20000	49865
31,21067	49326
31,22133	48784
31,23200	48242
31,24267	47701
31,25333	47161
31,26400	46619
31,27467	46075
31,28533	45532
31,29600	44990
31,30667	44451
31,31733	43912
31,32800	43373
31,33867	42836
31,34933	42301
31,36000	41766
31,37067	41230
31,38133	40694
31,39200	40161
31,40267	39630
31,41333	39101
31,42400	38575
31,43467	38056
31,44533	37538
31,45600	37021
31,46667	36510
31,47733	36005
31,48800	35504
31,49867	35006
31,50933	34515
31,52000	34028
31,53067	33544
31,54133	33065
31,55200	32590
31,56267	32121
31,57333	31653
31,58400	31189
31,59467	30729
31,60533	30270
31,61600	29814
31,62667	29362
31,63733	28909
31,64800	28457
31,65867	28005
31,66933	27556
31,68000	27106
31,69067	26653
31,70133	26198
31,71200	25742
31,72267	25286
31,73333	24829
31,74400	24371
31,75467	23909
31,76533	23447
31,77600	22981
31,78667	22513
31,79733	22047
31,80800	21577
31,81867	21105
31,82933	20635
31,84000	20167
31,85067	19698
31,86133	19229
31,87200	18763
31,88267	18300
31,89333	17837
31,90400	17373
31,91467	16911
31,92533	16455
31,93600	16001
31,94667	15549
31,95733	15101
31,96800	14654
31,97867	14210
31,98933	13773
32,00000	13340


[Fraction Collection Report]
# of Fractions	0
