[Header]
Application Name	LabSolutions
Version	5.101
Data File Name	C:\Users\User\Desktop\Mervan_EnyzmeML\Kinetics\Kinetics\ManNAc\K (4).lcd
Output Date	11.3.2026.
Output Time	14:07:54

[File Information]
Type	Data File
Generated	27.7.2022. 12:12:15
Generated by	System Administrator
Modified	28.7.2022. 9:09:40
Modified by	System Administrator

[Sample Information]
Operator Name	System Administrator
Acquired	27.7.2022. 12:12:31
Sample Type	0:Unknown
Level	0
Sample Name	
Sample ID	
ISTD Amount1	1
ISTD Amount2	1
ISTD Amount3	1
ISTD Amount4	1
ISTD Amount5	1
ISTD Amount6	1
ISTD Amount7	1
ISTD Amount8	1
ISTD Amount9	1
ISTD Amount10	1
ISTD Amount11	1
ISTD Amount12	1
ISTD Amount13	1
ISTD Amount14	1
ISTD Amount15	1
ISTD Amount16	1
ISTD Amount17	1
ISTD Amount18	1
ISTD Amount19	1
ISTD Amount20	1
ISTD Amount21	1
ISTD Amount22	1
ISTD Amount23	1
ISTD Amount24	1
ISTD Amount25	1
ISTD Amount26	1
ISTD Amount27	1
ISTD Amount28	1
ISTD Amount29	1
ISTD Amount30	1
ISTD Amount31	1
ISTD Amount32	1
Sample Amount	1
Dilution Factor	1
Vial#	28
Injection Volume	15

[Original Files]
Data File	C:\LabSolutions\Data\Project1\Mervan\Method development\2022-07-25 (ManNAc)\M3.lcd
Method File	C:\LabSolutions\Data\Project1\Mervan\Mervan Derivatization - Short - Isocratic.lcm
Batch File	C:\LabSolutions\Data\Project1\Mervan batch.lcb
Report Format File	c:\LabSolutions\System\DEFAULT.lsr

[File Description]


[Configuration]
Instrument Name	LC40_01
Instrument #	1
Line #	1
# of Detectors	1
Detector ID	PDA
Detector Name	PDA
# of Channels	1

[Peak Table(PDA-Ch1)]
# of Peaks	2
Peak#	R.Time	I.Time	F.Time	Area	Height	A/H	Conc.	Mark	ID#	Name	k'	Plate #	Plate Ht.	Tailing	Resolution	Sep.Factor	Area Ratio	Height Ratio	Conc. %	Norm Conc.
1	10,081	9,845	10,304	230704	34157	6,754	2,510	   			0,000	44202	3,394	1,357	0,000	0,000	0	0	0,000	0,000
2	10,577	10,304	10,997	8959454	877823	10,206	97,490	   			0,049	23098	6,494	1,137	2,107	0,000	0	0	0,000	0,000

[Compound Results(PDA)]
# of IDs	0

[Group Results(PDA)]
# of Groups	0

[LC Status Trace(Pump A Pressure)]
Interval(msec)	1000
# of Points	1921
Start Time(min)	0,000
End Time(min)	32,000
Intensity Units	bar
Intensity Multiplier	0,980665
R.Time (min)	Intensity
0,00000	80,7
0,01667	80,7
0,03333	79,0
0,05000	79,1
0,06667	79,5
0,08333	80,6
0,10000	81,0
0,11667	81,3
0,13333	81,6
0,15000	81,6
0,16667	81,3
0,18333	81,1
0,20000	81,2
0,21667	81,2
0,23333	81,3
0,25000	81,4
0,26667	81,4
0,28333	81,5
0,30000	81,4
0,31667	81,5
0,33333	81,5
0,35000	81,5
0,36667	81,5
0,38333	81,5
0,40000	81,5
0,41667	81,5
0,43333	81,5
0,45000	81,5
0,46667	81,5
0,48333	81,4
0,50000	81,4
0,51667	81,4
0,53333	81,5
0,55000	81,4
0,56667	81,5
0,58333	81,4
0,60000	81,5
0,61667	81,5
0,63333	81,5
0,65000	81,6
0,66667	81,5
0,68333	81,4
0,70000	81,5
0,71667	81,5
0,73333	81,5
0,75000	81,5
0,76667	81,5
0,78333	81,5
0,80000	81,4
0,81667	81,4
0,83333	81,5
0,85000	81,5
0,86667	81,5
0,88333	81,5
0,90000	81,4
0,91667	81,4
0,93333	81,4
0,95000	81,5
0,96667	81,5
0,98333	81,4
1,00000	81,4
1,01667	81,4
1,03333	81,5
1,05000	81,5
1,06667	81,4
1,08333	81,4
1,10000	81,4
1,11667	81,4
1,13333	81,4
1,15000	81,4
1,16667	81,4
1,18333	81,4
1,20000	81,4
1,21667	81,5
1,23333	81,5
1,25000	81,5
1,26667	81,4
1,28333	81,4
1,30000	81,4
1,31667	81,4
1,33333	81,4
1,35000	81,5
1,36667	81,4
1,38333	81,5
1,40000	81,4
1,41667	81,5
1,43333	81,4
1,45000	81,4
1,46667	81,4
1,48333	81,4
1,50000	81,4
1,51667	81,4
1,53333	81,3
1,55000	81,4
1,56667	81,4
1,58333	81,5
1,60000	81,4
1,61667	81,4
1,63333	81,4
1,65000	81,4
1,66667	81,4
1,68333	81,4
1,70000	81,3
1,71667	81,3
1,73333	81,4
1,75000	81,4
1,76667	81,4
1,78333	81,3
1,80000	81,3
1,81667	81,4
1,83333	81,3
1,85000	81,3
1,86667	81,3
1,88333	81,3
1,90000	81,3
1,91667	81,3
1,93333	81,3
1,95000	81,2
1,96667	81,2
1,98333	81,3
2,00000	81,3
2,01667	81,3
2,03333	81,3
2,05000	81,3
2,06667	81,4
2,08333	81,3
2,10000	81,2
2,11667	81,2
2,13333	81,3
2,15000	81,3
2,16667	81,3
2,18333	81,3
2,20000	81,3
2,21667	81,3
2,23333	81,3
2,25000	81,3
2,26667	81,3
2,28333	81,3
2,30000	81,3
2,31667	81,3
2,33333	81,3
2,35000	81,3
2,36667	81,3
2,38333	81,2
2,40000	81,2
2,41667	81,3
2,43333	81,3
2,45000	81,3
2,46667	81,3
2,48333	81,3
2,50000	81,3
2,51667	81,3
2,53333	81,2
2,55000	81,2
2,56667	81,3
2,58333	81,4
2,60000	81,3
2,61667	81,3
2,63333	81,4
2,65000	81,3
2,66667	81,4
2,68333	81,3
2,70000	81,3
2,71667	81,3
2,73333	81,2
2,75000	81,3
2,76667	81,3
2,78333	81,4
2,80000	81,3
2,81667	81,3
2,83333	81,3
2,85000	81,3
2,86667	81,4
2,88333	81,3
2,90000	81,3
2,91667	81,3
2,93333	81,3
2,95000	81,3
2,96667	81,3
2,98333	81,4
3,00000	81,4
3,01667	81,3
3,03333	81,4
3,05000	81,4
3,06667	81,4
3,08333	81,4
3,10000	81,4
3,11667	81,4
3,13333	81,4
3,15000	81,3
3,16667	81,4
3,18333	81,5
3,20000	81,5
3,21667	81,4
3,23333	81,4
3,25000	81,4
3,26667	81,4
3,28333	81,5
3,30000	81,5
3,31667	81,5
3,33333	81,4
3,35000	81,5
3,36667	81,5
3,38333	81,4
3,40000	81,5
3,41667	81,5
3,43333	81,5
3,45000	81,5
3,46667	81,5
3,48333	81,5
3,50000	81,5
3,51667	81,5
3,53333	81,5
3,55000	81,5
3,56667	81,5
3,58333	81,6
3,60000	81,5
3,61667	81,5
3,63333	81,5
3,65000	81,6
3,66667	81,6
3,68333	81,5
3,70000	81,6
3,71667	81,6
3,73333	81,6
3,75000	81,6
3,76667	81,6
3,78333	81,7
3,80000	81,7
3,81667	81,6
3,83333	81,7
3,85000	81,7
3,86667	81,7
3,88333	81,7
3,90000	81,7
3,91667	81,8
3,93333	81,7
3,95000	81,7
3,96667	81,7
3,98333	81,7
4,00000	81,8
4,01667	81,8
4,03333	81,7
4,05000	81,7
4,06667	81,7
4,08333	81,7
4,10000	81,7
4,11667	81,7
4,13333	81,7
4,15000	81,7
4,16667	81,7
4,18333	81,8
4,20000	81,8
4,21667	81,7
4,23333	81,8
4,25000	81,7
4,26667	81,7
4,28333	82,0
4,30000	82,1
4,31667	82,2
4,33333	82,4
4,35000	82,5
4,36667	82,5
4,38333	82,6
4,40000	82,6
4,41667	82,6
4,43333	82,6
4,45000	82,6
4,46667	82,5
4,48333	82,5
4,50000	82,4
4,51667	82,5
4,53333	82,5
4,55000	82,4
4,56667	82,5
4,58333	82,4
4,60000	82,3
4,61667	82,4
4,63333	82,3
4,65000	82,2
4,66667	82,2
4,68333	82,1
4,70000	82,1
4,71667	82,1
4,73333	82,0
4,75000	82,0
4,76667	82,0
4,78333	81,8
4,80000	81,8
4,81667	81,8
4,83333	81,7
4,85000	81,7
4,86667	81,7
4,88333	81,6
4,90000	81,7
4,91667	81,6
4,93333	81,5
4,95000	81,6
4,96667	81,6
4,98333	81,5
5,00000	81,5
5,01667	81,6
5,03333	81,6
5,05000	81,6
5,06667	81,6
5,08333	81,7
5,10000	81,7
5,11667	81,8
5,13333	81,9
5,15000	81,8
5,16667	81,9
5,18333	81,9
5,20000	82,0
5,21667	82,0
5,23333	82,0
5,25000	81,9
5,26667	82,0
5,28333	81,9
5,30000	82,0
5,31667	82,0
5,33333	82,0
5,35000	82,0
5,36667	82,0
5,38333	82,0
5,40000	82,0
5,41667	82,0
5,43333	82,1
5,45000	82,0
5,46667	82,1
5,48333	82,1
5,50000	82,1
5,51667	82,1
5,53333	82,1
5,55000	82,1
5,56667	82,1
5,58333	82,1
5,60000	82,1
5,61667	82,1
5,63333	82,2
5,65000	82,1
5,66667	82,1
5,68333	82,1
5,70000	82,1
5,71667	82,1
5,73333	82,1
5,75000	82,1
5,76667	82,1
5,78333	82,1
5,80000	82,2
5,81667	82,2
5,83333	82,2
5,85000	82,2
5,86667	82,2
5,88333	82,2
5,90000	82,3
5,91667	82,3
5,93333	82,3
5,95000	82,3
5,96667	82,2
5,98333	82,3
6,00000	82,3
6,01667	82,3
6,03333	82,3
6,05000	82,3
6,06667	82,2
6,08333	82,3
6,10000	82,2
6,11667	82,3
6,13333	82,2
6,15000	82,3
6,16667	82,3
6,18333	82,3
6,20000	82,3
6,21667	82,3
6,23333	82,3
6,25000	82,4
6,26667	82,4
6,28333	82,4
6,30000	82,3
6,31667	82,4
6,33333	82,4
6,35000	82,4
6,36667	82,4
6,38333	82,4
6,40000	82,4
6,41667	82,3
6,43333	82,4
6,45000	82,4
6,46667	82,4
6,48333	82,4
6,50000	82,5
6,51667	82,4
6,53333	82,4
6,55000	82,4
6,56667	82,4
6,58333	82,5
6,60000	82,5
6,61667	82,4
6,63333	82,5
6,65000	82,4
6,66667	82,5
6,68333	82,4
6,70000	82,5
6,71667	82,5
6,73333	82,5
6,75000	82,5
6,76667	82,5
6,78333	82,5
6,80000	82,5
6,81667	82,5
6,83333	82,5
6,85000	82,5
6,86667	82,5
6,88333	82,5
6,90000	82,5
6,91667	82,5
6,93333	82,5
6,95000	82,5
6,96667	82,5
6,98333	82,6
7,00000	82,6
7,01667	82,6
7,03333	82,5
7,05000	82,6
7,06667	82,5
7,08333	82,6
7,10000	82,6
7,11667	82,6
7,13333	82,5
7,15000	82,6
7,16667	82,6
7,18333	82,6
7,20000	82,6
7,21667	82,6
7,23333	82,6
7,25000	82,6
7,26667	82,6
7,28333	82,6
7,30000	82,6
7,31667	82,6
7,33333	82,6
7,35000	82,6
7,36667	82,6
7,38333	82,7
7,40000	82,7
7,41667	82,6
7,43333	82,6
7,45000	82,6
7,46667	82,6
7,48333	82,6
7,50000	82,7
7,51667	82,7
7,53333	82,6
7,55000	82,6
7,56667	82,6
7,58333	82,6
7,60000	82,6
7,61667	82,6
7,63333	82,6
7,65000	82,7
7,66667	82,7
7,68333	82,7
7,70000	82,7
7,71667	82,7
7,73333	82,7
7,75000	82,6
7,76667	82,7
7,78333	82,6
7,80000	82,7
7,81667	82,6
7,83333	82,7
7,85000	82,7
7,86667	82,6
7,88333	82,7
7,90000	82,7
7,91667	82,7
7,93333	82,7
7,95000	82,7
7,96667	82,7
7,98333	82,7
8,00000	82,7
8,01667	82,7
8,03333	82,7
8,05000	82,7
8,06667	82,7
8,08333	82,7
8,10000	82,7
8,11667	82,7
8,13333	82,7
8,15000	82,7
8,16667	82,7
8,18333	82,6
8,20000	82,7
8,21667	82,7
8,23333	82,7
8,25000	82,7
8,26667	82,7
8,28333	82,7
8,30000	82,7
8,31667	82,7
8,33333	82,7
8,35000	82,7
8,36667	82,7
8,38333	82,7
8,40000	82,7
8,41667	82,6
8,43333	82,6
8,45000	82,7
8,46667	82,7
8,48333	82,7
8,50000	82,7
8,51667	82,7
8,53333	82,7
8,55000	82,7
8,56667	82,7
8,58333	82,7
8,60000	82,7
8,61667	82,7
8,63333	82,7
8,65000	82,7
8,66667	82,7
8,68333	82,7
8,70000	82,7
8,71667	82,7
8,73333	82,7
8,75000	82,7
8,76667	82,7
8,78333	82,7
8,80000	82,7
8,81667	82,8
8,83333	82,7
8,85000	82,7
8,86667	82,7
8,88333	82,7
8,90000	82,7
8,91667	82,7
8,93333	82,7
8,95000	82,7
8,96667	82,8
8,98333	82,7
9,00000	82,7
9,01667	82,7
9,03333	82,7
9,05000	82,6
9,06667	82,7
9,08333	82,7
9,10000	82,7
9,11667	82,7
9,13333	82,7
9,15000	82,7
9,16667	82,7
9,18333	82,7
9,20000	82,7
9,21667	82,7
9,23333	82,7
9,25000	82,6
9,26667	82,6
9,28333	82,6
9,30000	82,7
9,31667	82,7
9,33333	82,7
9,35000	82,7
9,36667	82,7
9,38333	82,6
9,40000	82,6
9,41667	82,7
9,43333	82,6
9,45000	82,6
9,46667	82,6
9,48333	82,7
9,50000	82,6
9,51667	82,6
9,53333	82,6
9,55000	82,7
9,56667	82,7
9,58333	82,6
9,60000	82,6
9,61667	82,6
9,63333	82,6
9,65000	82,6
9,66667	82,6
9,68333	82,7
9,70000	82,6
9,71667	82,6
9,73333	82,6
9,75000	82,6
9,76667	82,6
9,78333	82,6
9,80000	82,6
9,81667	82,6
9,83333	82,6
9,85000	82,5
9,86667	82,6
9,88333	82,6
9,90000	82,6
9,91667	82,6
9,93333	82,6
9,95000	82,5
9,96667	82,6
9,98333	82,6
10,00000	82,6
10,01667	82,6
10,03333	82,6
10,05000	82,6
10,06667	82,6
10,08333	82,6
10,10000	82,6
10,11667	82,7
10,13333	82,6
10,15000	82,6
10,16667	82,5
10,18333	82,5
10,20000	82,5
10,21667	82,5
10,23333	82,6
10,25000	82,6
10,26667	82,5
10,28333	82,5
10,30000	82,6
10,31667	82,5
10,33333	82,5
10,35000	82,5
10,36667	82,5
10,38333	82,5
10,40000	82,5
10,41667	82,5
10,43333	82,5
10,45000	82,5
10,46667	82,5
10,48333	82,5
10,50000	82,5
10,51667	82,5
10,53333	82,5
10,55000	82,4
10,56667	82,4
10,58333	82,5
10,60000	82,4
10,61667	82,4
10,63333	82,5
10,65000	82,5
10,66667	82,4
10,68333	82,4
10,70000	82,4
10,71667	82,5
10,73333	82,4
10,75000	82,4
10,76667	82,4
10,78333	82,4
10,80000	82,4
10,81667	82,4
10,83333	82,4
10,85000	82,4
10,86667	82,4
10,88333	82,4
10,90000	82,3
10,91667	82,4
10,93333	82,4
10,95000	82,4
10,96667	82,3
10,98333	82,5
11,00000	82,4
11,01667	82,4
11,03333	82,4
11,05000	82,4
11,06667	82,4
11,08333	82,4
11,10000	82,4
11,11667	82,4
11,13333	82,3
11,15000	82,4
11,16667	82,4
11,18333	82,4
11,20000	82,3
11,21667	82,3
11,23333	82,4
11,25000	82,4
11,26667	82,4
11,28333	82,3
11,30000	82,3
11,31667	82,3
11,33333	82,3
11,35000	82,3
11,36667	82,2
11,38333	82,3
11,40000	82,3
11,41667	82,3
11,43333	82,3
11,45000	82,3
11,46667	82,3
11,48333	82,3
11,50000	82,3
11,51667	82,3
11,53333	82,3
11,55000	82,3
11,56667	82,3
11,58333	82,3
11,60000	82,2
11,61667	82,3
11,63333	82,2
11,65000	82,2
11,66667	82,3
11,68333	82,2
11,70000	82,2
11,71667	82,3
11,73333	82,2
11,75000	82,2
11,76667	82,2
11,78333	82,2
11,80000	82,2
11,81667	82,2
11,83333	82,2
11,85000	82,2
11,86667	82,3
11,88333	82,3
11,90000	82,2
11,91667	82,2
11,93333	82,3
11,95000	82,2
11,96667	82,2
11,98333	82,2
12,00000	82,2
12,01667	82,2
12,03333	82,2
12,05000	82,2
12,06667	82,3
12,08333	82,2
12,10000	82,1
12,11667	82,2
12,13333	82,2
12,15000	82,1
12,16667	82,1
12,18333	82,2
12,20000	82,1
12,21667	82,2
12,23333	82,2
12,25000	82,2
12,26667	82,2
12,28333	82,1
12,30000	82,1
12,31667	82,1
12,33333	82,1
12,35000	82,1
12,36667	82,1
12,38333	82,2
12,40000	82,1
12,41667	82,1
12,43333	82,1
12,45000	82,2
12,46667	82,1
12,48333	82,1
12,50000	82,1
12,51667	82,1
12,53333	82,1
12,55000	82,1
12,56667	82,0
12,58333	82,1
12,60000	82,0
12,61667	82,1
12,63333	82,1
12,65000	82,1
12,66667	82,1
12,68333	82,1
12,70000	82,0
12,71667	82,0
12,73333	82,0
12,75000	82,1
12,76667	82,1
12,78333	82,1
12,80000	82,0
12,81667	82,0
12,83333	82,1
12,85000	82,1
12,86667	82,0
12,88333	82,0
12,90000	82,0
12,91667	82,0
12,93333	82,0
12,95000	82,0
12,96667	82,0
12,98333	82,1
13,00000	82,0
13,01667	82,0
13,03333	82,0
13,05000	82,0
13,06667	82,1
13,08333	82,0
13,10000	81,9
13,11667	82,0
13,13333	82,0
13,15000	82,0
13,16667	82,0
13,18333	82,0
13,20000	81,9
13,21667	82,0
13,23333	82,0
13,25000	82,0
13,26667	81,9
13,28333	81,9
13,30000	82,0
13,31667	82,0
13,33333	82,0
13,35000	82,0
13,36667	81,9
13,38333	82,0
13,40000	81,9
13,41667	82,0
13,43333	82,0
13,45000	82,0
13,46667	82,0
13,48333	81,9
13,50000	81,9
13,51667	82,0
13,53333	82,0
13,55000	82,0
13,56667	82,0
13,58333	82,0
13,60000	81,9
13,61667	81,9
13,63333	81,9
13,65000	81,9
13,66667	81,9
13,68333	81,9
13,70000	81,9
13,71667	81,9
13,73333	81,9
13,75000	81,9
13,76667	81,9
13,78333	82,0
13,80000	81,9
13,81667	81,9
13,83333	82,0
13,85000	82,0
13,86667	82,0
13,88333	81,9
13,90000	81,9
13,91667	81,9
13,93333	81,9
13,95000	81,9
13,96667	81,9
13,98333	81,9
14,00000	81,9
14,01667	81,9
14,03333	81,9
14,05000	82,0
14,06667	81,9
14,08333	81,9
14,10000	81,9
14,11667	81,9
14,13333	81,9
14,15000	81,9
14,16667	81,9
14,18333	81,9
14,20000	81,9
14,21667	81,9
14,23333	81,9
14,25000	81,9
14,26667	81,9
14,28333	82,0
14,30000	81,9
14,31667	81,9
14,33333	81,9
14,35000	81,9
14,36667	81,9
14,38333	81,9
14,40000	81,9
14,41667	82,0
14,43333	81,9
14,45000	81,9
14,46667	81,8
14,48333	81,9
14,50000	81,8
14,51667	81,9
14,53333	81,9
14,55000	81,9
14,56667	81,9
14,58333	81,9
14,60000	81,9
14,61667	81,9
14,63333	81,9
14,65000	81,9
14,66667	81,9
14,68333	81,9
14,70000	81,8
14,71667	81,9
14,73333	81,9
14,75000	81,9
14,76667	81,9
14,78333	81,9
14,80000	81,9
14,81667	81,9
14,83333	81,9
14,85000	81,9
14,86667	81,9
14,88333	81,9
14,90000	81,8
14,91667	81,9
14,93333	81,8
14,95000	81,9
14,96667	81,9
14,98333	81,9
15,00000	81,9
15,01667	81,9
15,03333	81,9
15,05000	81,9
15,06667	81,9
15,08333	81,9
15,10000	81,8
15,11667	81,9
15,13333	81,8
15,15000	81,8
15,16667	81,8
15,18333	81,9
15,20000	81,8
15,21667	81,8
15,23333	81,8
15,25000	81,8
15,26667	81,8
15,28333	81,8
15,30000	81,8
15,31667	81,8
15,33333	81,9
15,35000	81,9
15,36667	81,8
15,38333	81,9
15,40000	81,8
15,41667	81,8
15,43333	81,8
15,45000	81,9
15,46667	81,9
15,48333	81,8
15,50000	81,8
15,51667	81,8
15,53333	81,8
15,55000	81,8
15,56667	81,8
15,58333	81,9
15,60000	81,8
15,61667	81,8
15,63333	81,8
15,65000	81,9
15,66667	81,8
15,68333	81,9
15,70000	81,8
15,71667	81,8
15,73333	81,9
15,75000	81,8
15,76667	81,8
15,78333	81,8
15,80000	81,8
15,81667	81,8
15,83333	81,8
15,85000	81,8
15,86667	81,9
15,88333	81,8
15,90000	81,8
15,91667	81,8
15,93333	81,8
15,95000	81,8
15,96667	81,8
15,98333	81,8
16,00000	81,8
16,01667	81,8
16,03333	81,8
16,05000	81,8
16,06667	81,8
16,08333	81,8
16,10000	81,8
16,11667	81,8
16,13333	81,8
16,15000	81,8
16,16667	81,8
16,18333	81,9
16,20000	81,8
16,21667	81,8
16,23333	81,9
16,25000	81,8
16,26667	81,9
16,28333	81,9
16,30000	81,8
16,31667	81,8
16,33333	81,8
16,35000	81,8
16,36667	81,7
16,38333	81,8
16,40000	81,8
16,41667	81,8
16,43333	81,8
16,45000	81,9
16,46667	81,8
16,48333	81,8
16,50000	81,8
16,51667	81,8
16,53333	81,8
16,55000	81,7
16,56667	81,7
16,58333	81,8
16,60000	81,8
16,61667	81,8
16,63333	81,8
16,65000	81,8
16,66667	81,8
16,68333	81,9
16,70000	81,8
16,71667	81,8
16,73333	81,8
16,75000	81,7
16,76667	81,8
16,78333	81,8
16,80000	81,8
16,81667	81,8
16,83333	81,7
16,85000	81,8
16,86667	81,8
16,88333	81,8
16,90000	81,8
16,91667	81,7
16,93333	81,8
16,95000	81,8
16,96667	81,8
16,98333	81,7
17,00000	81,7
17,01667	81,8
17,03333	81,8
17,05000	81,8
17,06667	81,7
17,08333	81,8
17,10000	81,8
17,11667	81,8
17,13333	81,8
17,15000	81,7
17,16667	81,8
17,18333	81,8
17,20000	81,8
17,21667	81,7
17,23333	81,7
17,25000	81,8
17,26667	81,8
17,28333	81,7
17,30000	81,7
17,31667	81,8
17,33333	81,7
17,35000	81,7
17,36667	81,7
17,38333	81,7
17,40000	81,7
17,41667	81,7
17,43333	81,7
17,45000	81,6
17,46667	81,7
17,48333	81,7
17,50000	81,8
17,51667	81,7
17,53333	81,7
17,55000	81,7
17,56667	81,7
17,58333	81,7
17,60000	81,7
17,61667	81,8
17,63333	81,7
17,65000	81,8
17,66667	81,7
17,68333	81,8
17,70000	81,7
17,71667	81,7
17,73333	81,7
17,75000	81,7
17,76667	81,7
17,78333	81,7
17,80000	81,6
17,81667	81,7
17,83333	81,6
17,85000	81,7
17,86667	81,6
17,88333	81,6
17,90000	81,7
17,91667	81,7
17,93333	81,6
17,95000	81,6
17,96667	81,6
17,98333	81,6
18,00000	81,6
18,01667	81,6
18,03333	81,6
18,05000	81,6
18,06667	81,6
18,08333	81,6
18,10000	81,6
18,11667	81,6
18,13333	81,6
18,15000	81,6
18,16667	81,6
18,18333	81,6
18,20000	81,5
18,21667	81,6
18,23333	81,6
18,25000	81,6
18,26667	81,6
18,28333	81,6
18,30000	81,5
18,31667	81,5
18,33333	81,5
18,35000	81,6
18,36667	81,5
18,38333	81,6
18,40000	81,5
18,41667	81,5
18,43333	81,5
18,45000	81,5
18,46667	81,6
18,48333	81,5
18,50000	81,5
18,51667	81,5
18,53333	81,5
18,55000	81,5
18,56667	81,5
18,58333	81,4
18,60000	81,5
18,61667	81,4
18,63333	81,4
18,65000	81,5
18,66667	81,4
18,68333	81,4
18,70000	81,5
18,71667	81,5
18,73333	81,5
18,75000	81,4
18,76667	81,4
18,78333	81,4
18,80000	81,4
18,81667	81,4
18,83333	81,4
18,85000	81,4
18,86667	81,3
18,88333	81,4
18,90000	81,4
18,91667	81,3
18,93333	81,3
18,95000	81,3
18,96667	81,3
18,98333	81,3
19,00000	81,3
19,01667	81,3
19,03333	81,2
19,05000	81,3
19,06667	81,3
19,08333	81,2
19,10000	81,3
19,11667	81,3
19,13333	81,2
19,15000	81,2
19,16667	81,3
19,18333	81,3
19,20000	81,2
19,21667	81,3
19,23333	81,2
19,25000	81,2
19,26667	81,2
19,28333	81,2
19,30000	81,2
19,31667	81,2
19,33333	81,2
19,35000	81,1
19,36667	81,2
19,38333	81,1
19,40000	81,1
19,41667	81,1
19,43333	81,1
19,45000	81,2
19,46667	81,1
19,48333	81,1
19,50000	81,1
19,51667	81,1
19,53333	81,1
19,55000	81,1
19,56667	81,1
19,58333	81,0
19,60000	81,0
19,61667	81,0
19,63333	81,1
19,65000	81,0
19,66667	81,0
19,68333	81,1
19,70000	81,0
19,71667	81,0
19,73333	81,0
19,75000	81,0
19,76667	80,9
19,78333	80,9
19,80000	80,9
19,81667	80,9
19,83333	80,9
19,85000	80,9
19,86667	80,9
19,88333	80,9
19,90000	80,9
19,91667	80,9
19,93333	80,9
19,95000	80,9
19,96667	80,9
19,98333	80,8
20,00000	80,8
20,01667	80,8
20,03333	80,8
20,05000	80,8
20,06667	80,8
20,08333	80,8
20,10000	80,7
20,11667	80,7
20,13333	80,7
20,15000	80,7
20,16667	80,7
20,18333	80,7
20,20000	80,7
20,21667	80,7
20,23333	80,7
20,25000	80,7
20,26667	80,7
20,28333	80,7
20,30000	80,6
20,31667	80,7
20,33333	80,6
20,35000	80,6
20,36667	80,6
20,38333	80,6
20,40000	80,7
20,41667	80,6
20,43333	80,6
20,45000	80,6
20,46667	80,6
20,48333	80,5
20,50000	80,6
20,51667	80,5
20,53333	80,5
20,55000	80,5
20,56667	80,5
20,58333	80,5
20,60000	80,4
20,61667	80,4
20,63333	80,4
20,65000	80,5
20,66667	80,4
20,68333	80,4
20,70000	80,4
20,71667	80,4
20,73333	80,3
20,75000	80,3
20,76667	80,3
20,78333	80,2
20,80000	80,2
20,81667	80,3
20,83333	80,2
20,85000	80,2
20,86667	80,2
20,88333	80,2
20,90000	80,1
20,91667	80,1
20,93333	80,1
20,95000	80,1
20,96667	80,0
20,98333	79,9
21,00000	79,9
21,01667	79,9
21,03333	80,0
21,05000	79,8
21,06667	79,8
21,08333	79,8
21,10000	79,8
21,11667	79,7
21,13333	79,6
21,15000	79,6
21,16667	79,6
21,18333	79,5
21,20000	79,5
21,21667	79,5
21,23333	79,4
21,25000	79,4
21,26667	79,4
21,28333	79,3
21,30000	79,2
21,31667	79,2
21,33333	79,2
21,35000	79,1
21,36667	79,1
21,38333	79,0
21,40000	78,9
21,41667	78,9
21,43333	78,8
21,45000	78,8
21,46667	78,8
21,48333	78,7
21,50000	78,7
21,51667	78,6
21,53333	78,5
21,55000	78,5
21,56667	78,5
21,58333	78,3
21,60000	78,3
21,61667	78,3
21,63333	78,2
21,65000	78,1
21,66667	78,2
21,68333	78,0
21,70000	78,0
21,71667	77,9
21,73333	77,9
21,75000	77,9
21,76667	77,8
21,78333	77,7
21,80000	77,6
21,81667	77,6
21,83333	77,4
21,85000	77,5
21,86667	77,5
21,88333	77,3
21,90000	77,3
21,91667	77,3
21,93333	77,1
21,95000	77,1
21,96667	77,1
21,98333	76,9
22,00000	76,9
22,01667	76,8
22,03333	76,7
22,05000	76,6
22,06667	76,7
22,08333	76,5
22,10000	76,5
22,11667	76,4
22,13333	76,3
22,15000	76,3
22,16667	76,2
22,18333	76,1
22,20000	76,0
22,21667	76,0
22,23333	75,8
22,25000	75,8
22,26667	75,8
22,28333	75,7
22,30000	75,6
22,31667	75,6
22,33333	75,5
22,35000	75,3
22,36667	75,3
22,38333	75,1
22,40000	75,2
22,41667	75,1
22,43333	74,9
22,45000	74,9
22,46667	74,8
22,48333	74,6
22,50000	74,6
22,51667	74,6
22,53333	74,4
22,55000	74,4
22,56667	74,3
22,58333	74,2
22,60000	74,1
22,61667	74,1
22,63333	74,0
22,65000	73,9
22,66667	73,8
22,68333	73,6
22,70000	73,6
22,71667	73,6
22,73333	73,4
22,75000	73,3
22,76667	73,3
22,78333	73,1
22,80000	73,1
22,81667	73,0
22,83333	72,9
22,85000	72,8
22,86667	72,8
22,88333	72,6
22,90000	72,5
22,91667	72,5
22,93333	72,3
22,95000	72,2
22,96667	72,1
22,98333	72,0
23,00000	71,9
23,01667	71,9
23,03333	71,7
23,05000	71,6
23,06667	71,5
23,08333	71,4
23,10000	71,3
23,11667	71,2
23,13333	71,0
23,15000	71,0
23,16667	71,0
23,18333	70,7
23,20000	70,7
23,21667	70,6
23,23333	70,3
23,25000	70,3
23,26667	70,2
23,28333	70,0
23,30000	69,8
23,31667	69,8
23,33333	69,6
23,35000	69,6
23,36667	69,4
23,38333	69,2
23,40000	69,2
23,41667	69,1
23,43333	68,8
23,45000	68,8
23,46667	68,7
23,48333	68,5
23,50000	68,4
23,51667	68,3
23,53333	68,1
23,55000	68,0
23,56667	68,0
23,58333	67,8
23,60000	67,7
23,61667	67,6
23,63333	67,4
23,65000	67,4
23,66667	67,3
23,68333	67,1
23,70000	67,0
23,71667	67,0
23,73333	66,7
23,75000	66,7
23,76667	66,6
23,78333	66,4
23,80000	66,4
23,81667	66,3
23,83333	66,1
23,85000	66,1
23,86667	66,0
23,88333	65,8
23,90000	65,7
23,91667	65,7
23,93333	65,5
23,95000	65,5
23,96667	65,4
23,98333	65,2
24,00000	65,2
24,01667	65,1
24,03333	64,9
24,05000	64,9
24,06667	64,7
24,08333	64,6
24,10000	64,5
24,11667	64,5
24,13333	64,3
24,15000	64,3
24,16667	64,2
24,18333	64,0
24,20000	64,0
24,21667	63,9
24,23333	63,7
24,25000	63,7
24,26667	63,6
24,28333	63,5
24,30000	63,4
24,31667	63,3
24,33333	63,2
24,35000	63,1
24,36667	63,1
24,38333	62,9
24,40000	62,8
24,41667	62,8
24,43333	62,6
24,45000	62,5
24,46667	62,5
24,48333	62,3
24,50000	62,2
24,51667	62,2
24,53333	62,0
24,55000	62,0
24,56667	61,9
24,58333	61,7
24,60000	61,6
24,61667	61,6
24,63333	61,4
24,65000	61,3
24,66667	61,3
24,68333	61,1
24,70000	61,0
24,71667	61,0
24,73333	60,8
24,75000	60,7
24,76667	60,7
24,78333	60,5
24,80000	60,4
24,81667	60,4
24,83333	60,2
24,85000	60,1
24,86667	60,0
24,88333	59,9
24,90000	59,7
24,91667	59,7
24,93333	59,5
24,95000	59,5
24,96667	59,4
24,98333	59,2
25,00000	59,2
25,01667	59,2
25,03333	58,9
25,05000	58,8
25,06667	58,8
25,08333	58,6
25,10000	58,5
25,11667	58,5
25,13333	58,3
25,15000	58,2
25,16667	58,2
25,18333	58,0
25,20000	57,9
25,21667	57,9
25,23333	57,7
25,25000	57,6
25,26667	57,5
25,28333	57,4
25,30000	57,4
25,31667	57,3
25,33333	57,1
25,35000	57,1
25,36667	57,0
25,38333	56,8
25,40000	56,7
25,41667	56,7
25,43333	56,4
25,45000	56,4
25,46667	56,4
25,48333	56,2
25,50000	56,1
25,51667	56,1
25,53333	55,9
25,55000	55,9
25,56667	55,8
25,58333	55,7
25,60000	55,7
25,61667	55,6
25,63333	55,4
25,65000	55,3
25,66667	55,3
25,68333	55,1
25,70000	55,1
25,71667	55,0
25,73333	54,9
25,75000	54,9
25,76667	54,8
25,78333	54,7
25,80000	54,7
25,81667	54,6
25,83333	54,5
25,85000	54,4
25,86667	54,4
25,88333	54,3
25,90000	54,3
25,91667	54,2
25,93333	54,1
25,95000	54,1
25,96667	54,2
25,98333	54,1
26,00000	54,1
26,01667	54,1
26,03333	54,0
26,05000	53,9
26,06667	53,9
26,08333	53,9
26,10000	53,9
26,11667	53,9
26,13333	53,9
26,15000	53,9
26,16667	53,9
26,18333	53,9
26,20000	53,8
26,21667	53,8
26,23333	53,9
26,25000	53,8
26,26667	53,8
26,28333	53,8
26,30000	53,8
26,31667	53,9
26,33333	53,9
26,35000	53,9
26,36667	53,9
26,38333	54,0
26,40000	53,9
26,41667	53,9
26,43333	54,0
26,45000	54,1
26,46667	54,2
26,48333	54,2
26,50000	54,2
26,51667	54,3
26,53333	54,4
26,55000	54,4
26,56667	54,4
26,58333	54,5
26,60000	54,6
26,61667	54,6
26,63333	54,7
26,65000	54,7
26,66667	54,7
26,68333	54,8
26,70000	54,9
26,71667	54,9
26,73333	55,0
26,75000	55,1
26,76667	55,2
26,78333	55,2
26,80000	55,3
26,81667	55,3
26,83333	55,4
26,85000	55,4
26,86667	55,4
26,88333	55,6
26,90000	55,6
26,91667	55,6
26,93333	55,7
26,95000	55,8
26,96667	55,8
26,98333	56,0
27,00000	56,0
27,01667	56,0
27,03333	56,2
27,05000	56,2
27,06667	56,3
27,08333	56,4
27,10000	56,4
27,11667	56,5
27,13333	56,7
27,15000	56,7
27,16667	56,8
27,18333	56,9
27,20000	57,0
27,21667	57,0
27,23333	57,2
27,25000	57,2
27,26667	57,3
27,28333	57,4
27,30000	57,5
27,31667	57,5
27,33333	57,7
27,35000	57,8
27,36667	57,8
27,38333	58,0
27,40000	58,1
27,41667	58,1
27,43333	58,4
27,45000	58,4
27,46667	58,5
27,48333	58,7
27,50000	58,8
27,51667	58,8
27,53333	59,0
27,55000	59,1
27,56667	59,1
27,58333	59,3
27,60000	59,5
27,61667	59,5
27,63333	59,6
27,65000	59,7
27,66667	59,8
27,68333	60,0
27,70000	60,1
27,71667	60,1
27,73333	60,4
27,75000	60,5
27,76667	60,5
27,78333	60,8
27,80000	60,9
27,81667	60,9
27,83333	61,2
27,85000	61,2
27,86667	61,3
27,88333	61,5
27,90000	61,6
27,91667	61,7
27,93333	61,9
27,95000	61,9
27,96667	62,1
27,98333	62,2
28,00000	62,3
28,01667	62,4
28,03333	62,6
28,05000	62,7
28,06667	62,7
28,08333	63,0
28,10000	63,0
28,11667	63,1
28,13333	63,3
28,15000	63,4
28,16667	63,4
28,18333	63,6
28,20000	63,7
28,21667	63,7
28,23333	63,9
28,25000	64,0
28,26667	64,0
28,28333	64,2
28,30000	64,3
28,31667	64,4
28,33333	64,6
28,35000	64,6
28,36667	64,7
28,38333	64,9
28,40000	65,0
28,41667	65,0
28,43333	65,3
28,45000	65,3
28,46667	65,4
28,48333	65,6
28,50000	65,6
28,51667	65,7
28,53333	65,9
28,55000	66,0
28,56667	66,0
28,58333	66,2
28,60000	66,2
28,61667	66,3
28,63333	66,5
28,65000	66,5
28,66667	66,6
28,68333	66,8
28,70000	66,9
28,71667	66,9
28,73333	67,1
28,75000	67,2
28,76667	67,2
28,78333	67,4
28,80000	67,4
28,81667	67,5
28,83333	67,7
28,85000	67,8
28,86667	67,8
28,88333	68,0
28,90000	68,0
28,91667	68,1
28,93333	68,3
28,95000	68,4
28,96667	68,4
28,98333	68,6
29,00000	68,6
29,01667	68,7
29,03333	68,9
29,05000	68,9
29,06667	69,0
29,08333	69,2
29,10000	69,3
29,11667	69,3
29,13333	69,4
29,15000	69,5
29,16667	69,6
29,18333	69,7
29,20000	69,8
29,21667	69,8
29,23333	70,0
29,25000	70,0
29,26667	70,1
29,28333	70,2
29,30000	70,3
29,31667	70,4
29,33333	70,5
29,35000	70,5
29,36667	70,5
29,38333	70,8
29,40000	70,7
29,41667	70,7
29,43333	70,9
29,45000	71,0
29,46667	71,1
29,48333	71,1
29,50000	71,2
29,51667	71,2
29,53333	71,4
29,55000	71,5
29,56667	71,6
29,58333	71,7
29,60000	71,7
29,61667	71,8
29,63333	72,1
29,65000	72,1
29,66667	72,2
29,68333	72,4
29,70000	72,5
29,71667	72,6
29,73333	72,7
29,75000	72,8
29,76667	72,8
29,78333	73,1
29,80000	73,2
29,81667	73,2
29,83333	73,4
29,85000	73,4
29,86667	73,5
29,88333	73,8
29,90000	73,9
29,91667	73,9
29,93333	74,2
29,95000	74,2
29,96667	74,2
29,98333	74,4
30,00000	74,5
30,01667	74,5
30,03333	74,8
30,05000	74,9
30,06667	74,9
30,08333	75,0
30,10000	75,1
30,11667	75,1
30,13333	75,4
30,15000	75,4
30,16667	75,4
30,18333	75,6
30,20000	75,6
30,21667	75,7
30,23333	75,8
30,25000	75,9
30,26667	76,0
30,28333	76,1
30,30000	76,2
30,31667	76,2
30,33333	76,3
30,35000	76,4
30,36667	76,4
30,38333	76,5
30,40000	76,6
30,41667	76,6
30,43333	76,8
30,45000	76,8
30,46667	76,8
30,48333	77,0
30,50000	77,0
30,51667	77,0
30,53333	77,2
30,55000	77,2
30,56667	77,2
30,58333	77,3
30,60000	77,3
30,61667	77,3
30,63333	77,5
30,65000	77,6
30,66667	77,6
30,68333	77,7
30,70000	77,7
30,71667	77,8
30,73333	77,9
30,75000	77,9
30,76667	78,0
30,78333	78,1
30,80000	78,1
30,81667	78,2
30,83333	78,2
30,85000	78,2
30,86667	78,2
30,88333	78,3
30,90000	78,4
30,91667	78,4
30,93333	78,5
30,95000	78,5
30,96667	78,6
30,98333	78,6
31,00000	78,7
31,01667	78,7
31,03333	78,8
31,05000	78,8
31,06667	78,8
31,08333	78,9
31,10000	78,9
31,11667	78,9
31,13333	79,0
31,15000	79,0
31,16667	79,1
31,18333	79,1
31,20000	79,2
31,21667	79,1
31,23333	79,2
31,25000	79,3
31,26667	79,3
31,28333	79,4
31,30000	79,4
31,31667	79,4
31,33333	79,4
31,35000	79,5
31,36667	79,5
31,38333	79,6
31,40000	79,6
31,41667	79,6
31,43333	79,7
31,45000	79,7
31,46667	79,7
31,48333	79,7
31,50000	79,8
31,51667	79,8
31,53333	79,9
31,55000	79,9
31,56667	79,9
31,58333	79,9
31,60000	79,9
31,61667	79,9
31,63333	80,0
31,65000	80,0
31,66667	80,0
31,68333	80,1
31,70000	80,2
31,71667	80,1
31,73333	80,2
31,75000	80,2
31,76667	80,2
31,78333	80,3
31,80000	80,3
31,81667	80,3
31,83333	80,3
31,85000	80,3
31,86667	80,4
31,88333	80,4
31,90000	80,4
31,91667	80,4
31,93333	80,5
31,95000	80,5
31,96667	80,4
31,98333	80,5
32,00000	80,6

[LC Status Trace(Pump A Degasser Pressure)]
Interval(msec)	1000
# of Points	1921
Start Time(min)	0,000
End Time(min)	32,000
Intensity Units	bar
Intensity Multiplier	0,980665
R.Time (min)	Intensity
0,00000	954,4
0,01667	954,4
0,03333	954,4
0,05000	954,4
0,06667	954,4
0,08333	953,4
0,10000	953,4
0,11667	953,4
0,13333	954,4
0,15000	954,4
0,16667	953,4
0,18333	953,4
0,20000	953,4
0,21667	953,4
0,23333	953,4
0,25000	953,4
0,26667	953,4
0,28333	953,4
0,30000	953,4
0,31667	953,4
0,33333	953,4
0,35000	953,4
0,36667	953,4
0,38333	953,4
0,40000	953,4
0,41667	953,4
0,43333	952,4
0,45000	952,4
0,46667	954,4
0,48333	954,4
0,50000	954,4
0,51667	954,4
0,53333	953,4
0,55000	953,4
0,56667	953,4
0,58333	952,4
0,60000	952,4
0,61667	952,4
0,63333	953,4
0,65000	953,4
0,66667	953,4
0,68333	953,4
0,70000	953,4
0,71667	953,4
0,73333	954,4
0,75000	954,4
0,76667	954,4
0,78333	954,4
0,80000	954,4
0,81667	954,4
0,83333	953,4
0,85000	953,4
0,86667	953,4
0,88333	953,4
0,90000	953,4
0,91667	953,4
0,93333	953,4
0,95000	953,4
0,96667	953,4
0,98333	954,4
1,00000	954,4
1,01667	954,4
1,03333	954,4
1,05000	954,4
1,06667	954,4
1,08333	953,4
1,10000	953,4
1,11667	953,4
1,13333	954,4
1,15000	954,4
1,16667	954,4
1,18333	953,4
1,20000	953,4
1,21667	953,4
1,23333	953,4
1,25000	953,4
1,26667	953,4
1,28333	954,4
1,30000	954,4
1,31667	954,4
1,33333	953,4
1,35000	953,4
1,36667	953,4
1,38333	954,4
1,40000	954,4
1,41667	954,4
1,43333	953,4
1,45000	953,4
1,46667	953,4
1,48333	954,4
1,50000	954,4
1,51667	954,4
1,53333	954,4
1,55000	954,4
1,56667	954,4
1,58333	952,4
1,60000	952,4
1,61667	952,4
1,63333	954,4
1,65000	954,4
1,66667	954,4
1,68333	953,4
1,70000	953,4
1,71667	953,4
1,73333	952,4
1,75000	952,4
1,76667	954,4
1,78333	954,4
1,80000	954,4
1,81667	954,4
1,83333	953,4
1,85000	953,4
1,86667	953,4
1,88333	953,4
1,90000	953,4
1,91667	953,4
1,93333	954,4
1,95000	954,4
1,96667	954,4
1,98333	954,4
2,00000	954,4
2,01667	954,4
2,03333	954,4
2,05000	954,4
2,06667	954,4
2,08333	953,4
2,10000	953,4
2,11667	953,4
2,13333	954,4
2,15000	954,4
2,16667	954,4
2,18333	953,4
2,20000	953,4
2,21667	953,4
2,23333	953,4
2,25000	953,4
2,26667	953,4
2,28333	954,4
2,30000	954,4
2,31667	954,4
2,33333	953,4
2,35000	953,4
2,36667	953,4
2,38333	954,4
2,40000	954,4
2,41667	954,4
2,43333	953,4
2,45000	953,4
2,46667	953,4
2,48333	954,4
2,50000	954,4
2,51667	954,4
2,53333	953,4
2,55000	953,4
2,56667	953,4
2,58333	953,4
2,60000	953,4
2,61667	953,4
2,63333	954,4
2,65000	954,4
2,66667	954,4
2,68333	954,4
2,70000	954,4
2,71667	954,4
2,73333	953,4
2,75000	953,4
2,76667	953,4
2,78333	953,4
2,80000	953,4
2,81667	953,4
2,83333	953,4
2,85000	953,4
2,86667	953,4
2,88333	954,4
2,90000	954,4
2,91667	954,4
2,93333	953,4
2,95000	953,4
2,96667	953,4
2,98333	952,4
3,00000	952,4
3,01667	952,4
3,03333	953,4
3,05000	953,4
3,06667	953,4
3,08333	953,4
3,10000	953,4
3,11667	953,4
3,13333	953,4
3,15000	953,4
3,16667	953,4
3,18333	953,4
3,20000	953,4
3,21667	953,4
3,23333	954,4
3,25000	954,4
3,26667	954,4
3,28333	953,4
3,30000	953,4
3,31667	953,4
3,33333	953,4
3,35000	953,4
3,36667	953,4
3,38333	953,4
3,40000	953,4
3,41667	953,4
3,43333	953,4
3,45000	953,4
3,46667	953,4
3,48333	953,4
3,50000	953,4
3,51667	953,4
3,53333	952,4
3,55000	952,4
3,56667	952,4
3,58333	954,4
3,60000	954,4
3,61667	954,4
3,63333	953,4
3,65000	953,4
3,66667	953,4
3,68333	953,4
3,70000	953,4
3,71667	953,4
3,73333	954,4
3,75000	954,4
3,76667	954,4
3,78333	953,4
3,80000	953,4
3,81667	953,4
3,83333	953,4
3,85000	953,4
3,86667	953,4
3,88333	953,4
3,90000	953,4
3,91667	953,4
3,93333	954,4
3,95000	954,4
3,96667	954,4
3,98333	954,4
4,00000	954,4
4,01667	954,4
4,03333	953,4
4,05000	953,4
4,06667	953,4
4,08333	954,4
4,10000	954,4
4,11667	954,4
4,13333	954,4
4,15000	954,4
4,16667	954,4
4,18333	953,4
4,20000	953,4
4,21667	953,4
4,23333	954,4
4,25000	954,4
4,26667	954,4
4,28333	953,4
4,30000	953,4
4,31667	953,4
4,33333	954,4
4,35000	954,4
4,36667	954,4
4,38333	953,4
4,40000	953,4
4,41667	953,4
4,43333	954,4
4,45000	954,4
4,46667	953,4
4,48333	953,4
4,50000	953,4
4,51667	953,4
4,53333	954,4
4,55000	954,4
4,56667	954,4
4,58333	953,4
4,60000	953,4
4,61667	953,4
4,63333	954,4
4,65000	954,4
4,66667	954,4
4,68333	953,4
4,70000	953,4
4,71667	953,4
4,73333	953,4
4,75000	953,4
4,76667	953,4
4,78333	953,4
4,80000	953,4
4,81667	953,4
4,83333	954,4
4,85000	954,4
4,86667	953,4
4,88333	953,4
4,90000	953,4
4,91667	953,4
4,93333	953,4
4,95000	953,4
4,96667	953,4
4,98333	953,4
5,00000	953,4
5,01667	953,4
5,03333	954,4
5,05000	954,4
5,06667	954,4
5,08333	953,4
5,10000	953,4
5,11667	953,4
5,13333	952,4
5,15000	952,4
5,16667	954,4
5,18333	954,4
5,20000	954,4
5,21667	954,4
5,23333	953,4
5,25000	953,4
5,26667	952,4
5,28333	952,4
5,30000	952,4
5,31667	952,4
5,33333	954,4
5,35000	954,4
5,36667	954,4
5,38333	953,4
5,40000	953,4
5,41667	953,4
5,43333	953,4
5,45000	953,4
5,46667	953,4
5,48333	953,4
5,50000	953,4
5,51667	953,4
5,53333	954,4
5,55000	954,4
5,56667	954,4
5,58333	954,4
5,60000	954,4
5,61667	954,4
5,63333	953,4
5,65000	953,4
5,66667	953,4
5,68333	954,4
5,70000	954,4
5,71667	954,4
5,73333	953,4
5,75000	953,4
5,76667	953,4
5,78333	953,4
5,80000	953,4
5,81667	953,4
5,83333	954,4
5,85000	954,4
5,86667	954,4
5,88333	953,4
5,90000	953,4
5,91667	953,4
5,93333	954,4
5,95000	954,4
5,96667	954,4
5,98333	953,4
6,00000	953,4
6,01667	953,4
6,03333	954,4
6,05000	954,4
6,06667	954,4
6,08333	953,4
6,10000	953,4
6,11667	953,4
6,13333	953,4
6,15000	953,4
6,16667	953,4
6,18333	954,4
6,20000	954,4
6,21667	954,4
6,23333	954,4
6,25000	954,4
6,26667	954,4
6,28333	953,4
6,30000	953,4
6,31667	953,4
6,33333	953,4
6,35000	953,4
6,36667	954,4
6,38333	954,4
6,40000	954,4
6,41667	954,4
6,43333	953,4
6,45000	953,4
6,46667	953,4
6,48333	953,4
6,50000	953,4
6,51667	953,4
6,53333	953,4
6,55000	953,4
6,56667	953,4
6,58333	953,4
6,60000	953,4
6,61667	953,4
6,63333	953,4
6,65000	953,4
6,66667	953,4
6,68333	953,4
6,70000	953,4
6,71667	953,4
6,73333	954,4
6,75000	954,4
6,76667	953,4
6,78333	953,4
6,80000	953,4
6,81667	953,4
6,83333	953,4
6,85000	953,4
6,86667	953,4
6,88333	954,4
6,90000	954,4
6,91667	954,4
6,93333	953,4
6,95000	953,4
6,96667	953,4
6,98333	954,4
7,00000	954,4
7,01667	954,4
7,03333	952,4
7,05000	952,4
7,06667	952,4
7,08333	954,4
7,10000	954,4
7,11667	954,4
7,13333	953,4
7,15000	953,4
7,16667	953,4
7,18333	953,4
7,20000	953,4
7,21667	953,4
7,23333	954,4
7,25000	954,4
7,26667	954,4
7,28333	953,4
7,30000	953,4
7,31667	953,4
7,33333	953,4
7,35000	953,4
7,36667	953,4
7,38333	953,4
7,40000	953,4
7,41667	953,4
7,43333	954,4
7,45000	954,4
7,46667	954,4
7,48333	953,4
7,50000	953,4
7,51667	953,4
7,53333	953,4
7,55000	953,4
7,56667	953,4
7,58333	953,4
7,60000	953,4
7,61667	953,4
7,63333	953,4
7,65000	953,4
7,66667	953,4
7,68333	953,4
7,70000	953,4
7,71667	953,4
7,73333	953,4
7,75000	953,4
7,76667	953,4
7,78333	954,4
7,80000	954,4
7,81667	954,4
7,83333	954,4
7,85000	954,4
7,86667	952,4
7,88333	952,4
7,90000	952,4
7,91667	952,4
7,93333	954,4
7,95000	954,4
7,96667	954,4
7,98333	953,4
8,00000	953,4
8,01667	953,4
8,03333	953,4
8,05000	953,4
8,06667	953,4
8,08333	954,4
8,10000	954,4
8,11667	954,4
8,13333	954,4
8,15000	954,4
8,16667	954,4
8,18333	953,4
8,20000	953,4
8,21667	953,4
8,23333	953,4
8,25000	953,4
8,26667	953,4
8,28333	954,4
8,30000	954,4
8,31667	954,4
8,33333	953,4
8,35000	953,4
8,36667	953,4
8,38333	953,4
8,40000	953,4
8,41667	953,4
8,43333	954,4
8,45000	954,4
8,46667	954,4
8,48333	953,4
8,50000	953,4
8,51667	953,4
8,53333	954,4
8,55000	954,4
8,56667	954,4
8,58333	953,4
8,60000	953,4
8,61667	953,4
8,63333	954,4
8,65000	954,4
8,66667	954,4
8,68333	954,4
8,70000	954,4
8,71667	954,4
8,73333	953,4
8,75000	953,4
8,76667	953,4
8,78333	954,4
8,80000	954,4
8,81667	954,4
8,83333	953,4
8,85000	953,4
8,86667	953,4
8,88333	953,4
8,90000	953,4
8,91667	953,4
8,93333	953,4
8,95000	953,4
8,96667	953,4
8,98333	954,4
9,00000	954,4
9,01667	954,4
9,03333	954,4
9,05000	954,4
9,06667	954,4
9,08333	953,4
9,10000	953,4
9,11667	953,4
9,13333	954,4
9,15000	954,4
9,16667	954,4
9,18333	953,4
9,20000	953,4
9,21667	953,4
9,23333	953,4
9,25000	953,4
9,26667	953,4
9,28333	953,4
9,30000	953,4
9,31667	953,4
9,33333	954,4
9,35000	954,4
9,36667	954,4
9,38333	954,4
9,40000	954,4
9,41667	954,4
9,43333	952,4
9,45000	952,4
9,46667	952,4
9,48333	954,4
9,50000	954,4
9,51667	954,4
9,53333	953,4
9,55000	953,4
9,56667	953,4
9,58333	952,4
9,60000	952,4
9,61667	952,4
9,63333	954,4
9,65000	954,4
9,66667	954,4
9,68333	953,4
9,70000	953,4
9,71667	953,4
9,73333	953,4
9,75000	953,4
9,76667	953,4
9,78333	953,4
9,80000	953,4
9,81667	953,4
9,83333	954,4
9,85000	954,4
9,86667	954,4
9,88333	954,4
9,90000	954,4
9,91667	954,4
9,93333	953,4
9,95000	953,4
9,96667	953,4
9,98333	954,4
10,00000	954,4
10,01667	954,4
10,03333	953,4
10,05000	953,4
10,06667	953,4
10,08333	953,4
10,10000	953,4
10,11667	953,4
10,13333	953,4
10,15000	953,4
10,16667	953,4
10,18333	954,4
10,20000	954,4
10,21667	954,4
10,23333	953,4
10,25000	953,4
10,26667	952,4
10,28333	952,4
10,30000	952,4
10,31667	952,4
10,33333	954,4
10,35000	954,4
10,36667	954,4
10,38333	954,4
10,40000	954,4
10,41667	954,4
10,43333	953,4
10,45000	953,4
10,46667	953,4
10,48333	953,4
10,50000	953,4
10,51667	953,4
10,53333	954,4
10,55000	954,4
10,56667	954,4
10,58333	953,4
10,60000	953,4
10,61667	953,4
10,63333	953,4
10,65000	953,4
10,66667	953,4
10,68333	953,4
10,70000	953,4
10,71667	953,4
10,73333	953,4
10,75000	953,4
10,76667	953,4
10,78333	953,4
10,80000	953,4
10,81667	953,4
10,83333	952,4
10,85000	952,4
10,86667	952,4
10,88333	954,4
10,90000	954,4
10,91667	954,4
10,93333	954,4
10,95000	954,4
10,96667	954,4
10,98333	952,4
11,00000	952,4
11,01667	952,4
11,03333	954,4
11,05000	954,4
11,06667	954,4
11,08333	953,4
11,10000	953,4
11,11667	953,4
11,13333	953,4
11,15000	953,4
11,16667	953,4
11,18333	954,4
11,20000	954,4
11,21667	954,4
11,23333	953,4
11,25000	953,4
11,26667	953,4
11,28333	954,4
11,30000	954,4
11,31667	954,4
11,33333	953,4
11,35000	953,4
11,36667	953,4
11,38333	954,4
11,40000	954,4
11,41667	954,4
11,43333	954,4
11,45000	954,4
11,46667	954,4
11,48333	953,4
11,50000	953,4
11,51667	953,4
11,53333	954,4
11,55000	954,4
11,56667	954,4
11,58333	954,4
11,60000	954,4
11,61667	954,4
11,63333	954,4
11,65000	954,4
11,66667	954,4
11,68333	953,4
11,70000	953,4
11,71667	953,4
11,73333	954,4
11,75000	954,4
11,76667	953,4
11,78333	953,4
11,80000	953,4
11,81667	953,4
11,83333	953,4
11,85000	953,4
11,86667	953,4
11,88333	954,4
11,90000	954,4
11,91667	954,4
11,93333	953,4
11,95000	953,4
11,96667	953,4
11,98333	953,4
12,00000	953,4
12,01667	953,4
12,03333	953,4
12,05000	953,4
12,06667	953,4
12,08333	954,4
12,10000	954,4
12,11667	954,4
12,13333	954,4
12,15000	954,4
12,16667	954,4
12,18333	953,4
12,20000	953,4
12,21667	953,4
12,23333	953,4
12,25000	953,4
12,26667	953,4
12,28333	954,4
12,30000	954,4
12,31667	954,4
12,33333	953,4
12,35000	953,4
12,36667	953,4
12,38333	953,4
12,40000	953,4
12,41667	953,4
12,43333	953,4
12,45000	953,4
12,46667	953,4
12,48333	954,4
12,50000	954,4
12,51667	954,4
12,53333	953,4
12,55000	953,4
12,56667	953,4
12,58333	952,4
12,60000	952,4
12,61667	952,4
12,63333	954,4
12,65000	954,4
12,66667	954,4
12,68333	954,4
12,70000	954,4
12,71667	954,4
12,73333	953,4
12,75000	953,4
12,76667	953,4
12,78333	954,4
12,80000	954,4
12,81667	954,4
12,83333	954,4
12,85000	954,4
12,86667	954,4
12,88333	953,4
12,90000	953,4
12,91667	953,4
12,93333	954,4
12,95000	954,4
12,96667	954,4
12,98333	953,4
13,00000	953,4
13,01667	953,4
13,03333	953,4
13,05000	953,4
13,06667	953,4
13,08333	954,4
13,10000	954,4
13,11667	954,4
13,13333	954,4
13,15000	954,4
13,16667	954,4
13,18333	954,4
13,20000	954,4
13,21667	954,4
13,23333	952,4
13,25000	952,4
13,26667	954,4
13,28333	954,4
13,30000	954,4
13,31667	954,4
13,33333	953,4
13,35000	953,4
13,36667	953,4
13,38333	953,4
13,40000	953,4
13,41667	953,4
13,43333	953,4
13,45000	953,4
13,46667	953,4
13,48333	954,4
13,50000	954,4
13,51667	954,4
13,53333	954,4
13,55000	954,4
13,56667	954,4
13,58333	952,4
13,60000	952,4
13,61667	952,4
13,63333	954,4
13,65000	954,4
13,66667	953,4
13,68333	953,4
13,70000	953,4
13,71667	953,4
13,73333	953,4
13,75000	953,4
13,76667	953,4
13,78333	953,4
13,80000	953,4
13,81667	953,4
13,83333	954,4
13,85000	954,4
13,86667	954,4
13,88333	954,4
13,90000	954,4
13,91667	954,4
13,93333	953,4
13,95000	953,4
13,96667	953,4
13,98333	953,4
14,00000	953,4
14,01667	953,4
14,03333	953,4
14,05000	953,4
14,06667	954,4
14,08333	954,4
14,10000	954,4
14,11667	954,4
14,13333	953,4
14,15000	953,4
14,16667	953,4
14,18333	954,4
14,20000	954,4
14,21667	954,4
14,23333	954,4
14,25000	954,4
14,26667	954,4
14,28333	953,4
14,30000	953,4
14,31667	953,4
14,33333	953,4
14,35000	953,4
14,36667	953,4
14,38333	954,4
14,40000	954,4
14,41667	954,4
14,43333	953,4
14,45000	953,4
14,46667	952,4
14,48333	952,4
14,50000	952,4
14,51667	952,4
14,53333	954,4
14,55000	954,4
14,56667	954,4
14,58333	953,4
14,60000	953,4
14,61667	953,4
14,63333	953,4
14,65000	953,4
14,66667	953,4
14,68333	954,4
14,70000	954,4
14,71667	954,4
14,73333	954,4
14,75000	954,4
14,76667	954,4
14,78333	953,4
14,80000	953,4
14,81667	953,4
14,83333	954,4
14,85000	954,4
14,86667	954,4
14,88333	954,4
14,90000	954,4
14,91667	954,4
14,93333	954,4
14,95000	954,4
14,96667	954,4
14,98333	953,4
15,00000	953,4
15,01667	953,4
15,03333	954,4
15,05000	954,4
15,06667	954,4
15,08333	954,4
15,10000	954,4
15,11667	954,4
15,13333	954,4
15,15000	954,4
15,16667	954,4
15,18333	953,4
15,20000	953,4
15,21667	953,4
15,23333	954,4
15,25000	954,4
15,26667	953,4
15,28333	953,4
15,30000	953,4
15,31667	953,4
15,33333	953,4
15,35000	953,4
15,36667	953,4
15,38333	952,4
15,40000	952,4
15,41667	952,4
15,43333	954,4
15,45000	954,4
15,46667	954,4
15,48333	953,4
15,50000	953,4
15,51667	953,4
15,53333	953,4
15,55000	953,4
15,56667	953,4
15,58333	953,4
15,60000	953,4
15,61667	953,4
15,63333	954,4
15,65000	954,4
15,66667	953,4
15,68333	953,4
15,70000	953,4
15,71667	953,4
15,73333	953,4
15,75000	953,4
15,76667	953,4
15,78333	953,4
15,80000	953,4
15,81667	953,4
15,83333	953,4
15,85000	953,4
15,86667	953,4
15,88333	953,4
15,90000	953,4
15,91667	953,4
15,93333	953,4
15,95000	953,4
15,96667	953,4
15,98333	954,4
16,00000	954,4
16,01667	954,4
16,03333	953,4
16,05000	953,4
16,06667	953,4
16,08333	953,4
16,10000	953,4
16,11667	953,4
16,13333	953,4
16,15000	953,4
16,16667	953,4
16,18333	954,4
16,20000	954,4
16,21667	954,4
16,23333	954,4
16,25000	954,4
16,26667	954,4
16,28333	952,4
16,30000	952,4
16,31667	952,4
16,33333	953,4
16,35000	953,4
16,36667	953,4
16,38333	953,4
16,40000	953,4
16,41667	953,4
16,43333	953,4
16,45000	953,4
16,46667	953,4
16,48333	954,4
16,50000	954,4
16,51667	954,4
16,53333	953,4
16,55000	953,4
16,56667	953,4
16,58333	953,4
16,60000	953,4
16,61667	953,4
16,63333	954,4
16,65000	954,4
16,66667	954,4
16,68333	954,4
16,70000	954,4
16,71667	954,4
16,73333	954,4
16,75000	954,4
16,76667	954,4
16,78333	953,4
16,80000	953,4
16,81667	953,4
16,83333	954,4
16,85000	954,4
16,86667	954,4
16,88333	954,4
16,90000	954,4
16,91667	954,4
16,93333	953,4
16,95000	953,4
16,96667	953,4
16,98333	954,4
17,00000	954,4
17,01667	954,4
17,03333	954,4
17,05000	954,4
17,06667	954,4
17,08333	953,4
17,10000	953,4
17,11667	953,4
17,13333	953,4
17,15000	953,4
17,16667	953,4
17,18333	953,4
17,20000	953,4
17,21667	953,4
17,23333	954,4
17,25000	954,4
17,26667	954,4
17,28333	953,4
17,30000	953,4
17,31667	953,4
17,33333	952,4
17,35000	952,4
17,36667	952,4
17,38333	954,4
17,40000	954,4
17,41667	954,4
17,43333	953,4
17,45000	953,4
17,46667	953,4
17,48333	952,4
17,50000	952,4
17,51667	952,4
17,53333	954,4
17,55000	954,4
17,56667	954,4
17,58333	953,4
17,60000	953,4
17,61667	953,4
17,63333	953,4
17,65000	953,4
17,66667	953,4
17,68333	954,4
17,70000	954,4
17,71667	954,4
17,73333	954,4
17,75000	954,4
17,76667	954,4
17,78333	954,4
17,80000	954,4
17,81667	954,4
17,83333	953,4
17,85000	953,4
17,86667	953,4
17,88333	954,4
17,90000	954,4
17,91667	954,4
17,93333	954,4
17,95000	954,4
17,96667	954,4
17,98333	953,4
18,00000	953,4
18,01667	953,4
18,03333	954,4
18,05000	954,4
18,06667	954,4
18,08333	953,4
18,10000	953,4
18,11667	953,4
18,13333	953,4
18,15000	953,4
18,16667	953,4
18,18333	953,4
18,20000	953,4
18,21667	953,4
18,23333	954,4
18,25000	954,4
18,26667	954,4
18,28333	954,4
18,30000	954,4
18,31667	954,4
18,33333	953,4
18,35000	953,4
18,36667	953,4
18,38333	954,4
18,40000	954,4
18,41667	954,4
18,43333	954,4
18,45000	954,4
18,46667	954,4
18,48333	953,4
18,50000	953,4
18,51667	953,4
18,53333	954,4
18,55000	954,4
18,56667	954,4
18,58333	954,4
18,60000	954,4
18,61667	954,4
18,63333	953,4
18,65000	953,4
18,66667	953,4
18,68333	953,4
18,70000	953,4
18,71667	953,4
18,73333	954,4
18,75000	954,4
18,76667	954,4
18,78333	953,4
18,80000	953,4
18,81667	953,4
18,83333	953,4
18,85000	953,4
18,86667	953,4
18,88333	954,4
18,90000	954,4
18,91667	954,4
18,93333	953,4
18,95000	953,4
18,96667	953,4
18,98333	953,4
19,00000	953,4
19,01667	953,4
19,03333	953,4
19,05000	953,4
19,06667	953,4
19,08333	954,4
19,10000	954,4
19,11667	954,4
19,13333	954,4
19,15000	954,4
19,16667	954,4
19,18333	952,4
19,20000	952,4
19,21667	952,4
19,23333	954,4
19,25000	954,4
19,26667	954,4
19,28333	953,4
19,30000	953,4
19,31667	953,4
19,33333	953,4
19,35000	953,4
19,36667	953,4
19,38333	953,4
19,40000	953,4
19,41667	953,4
19,43333	953,4
19,45000	953,4
19,46667	953,4
19,48333	954,4
19,50000	954,4
19,51667	954,4
19,53333	953,4
19,55000	953,4
19,56667	953,4
19,58333	954,4
19,60000	954,4
19,61667	954,4
19,63333	954,4
19,65000	954,4
19,66667	954,4
19,68333	953,4
19,70000	953,4
19,71667	953,4
19,73333	954,4
19,75000	954,4
19,76667	954,4
19,78333	953,4
19,80000	953,4
19,81667	953,4
19,83333	953,4
19,85000	953,4
19,86667	953,4
19,88333	953,4
19,90000	953,4
19,91667	953,4
19,93333	954,4
19,95000	954,4
19,96667	954,4
19,98333	954,4
20,00000	954,4
20,01667	954,4
20,03333	952,4
20,05000	952,4
20,06667	952,4
20,08333	954,4
20,10000	954,4
20,11667	954,4
20,13333	953,4
20,15000	953,4
20,16667	953,4
20,18333	953,4
20,20000	953,4
20,21667	953,4
20,23333	954,4
20,25000	954,4
20,26667	954,4
20,28333	954,4
20,30000	954,4
20,31667	954,4
20,33333	954,4
20,35000	954,4
20,36667	954,4
20,38333	953,4
20,40000	953,4
20,41667	953,4
20,43333	954,4
20,45000	954,4
20,46667	954,4
20,48333	954,4
20,50000	954,4
20,51667	954,4
20,53333	952,4
20,55000	952,4
20,56667	952,4
20,58333	954,4
20,60000	954,4
20,61667	954,4
20,63333	953,4
20,65000	953,4
20,66667	953,4
20,68333	953,4
20,70000	953,4
20,71667	953,4
20,73333	953,4
20,75000	953,4
20,76667	953,4
20,78333	954,4
20,80000	954,4
20,81667	954,4
20,83333	954,4
20,85000	954,4
20,86667	954,4
20,88333	952,4
20,90000	952,4
20,91667	952,4
20,93333	954,4
20,95000	954,4
20,96667	954,4
20,98333	953,4
21,00000	953,4
21,01667	953,4
21,03333	953,4
21,05000	953,4
21,06667	953,4
21,08333	954,4
21,10000	954,4
21,11667	954,4
21,13333	953,4
21,15000	953,4
21,16667	953,4
21,18333	953,4
21,20000	953,4
21,21667	953,4
21,23333	953,4
21,25000	953,4
21,26667	953,4
21,28333	954,4
21,30000	954,4
21,31667	954,4
21,33333	954,4
21,35000	954,4
21,36667	954,4
21,38333	952,4
21,40000	952,4
21,41667	952,4
21,43333	954,4
21,45000	954,4
21,46667	954,4
21,48333	953,4
21,50000	953,4
21,51667	953,4
21,53333	953,4
21,55000	953,4
21,56667	953,4
21,58333	954,4
21,60000	954,4
21,61667	954,4
21,63333	953,4
21,65000	953,4
21,66667	953,4
21,68333	953,4
21,70000	953,4
21,71667	953,4
21,73333	953,4
21,75000	953,4
21,76667	953,4
21,78333	953,4
21,80000	953,4
21,81667	953,4
21,83333	953,4
21,85000	953,4
21,86667	953,4
21,88333	952,4
21,90000	952,4
21,91667	952,4
21,93333	954,4
21,95000	954,4
21,96667	954,4
21,98333	954,4
22,00000	954,4
22,01667	954,4
22,03333	952,4
22,05000	952,4
22,06667	952,4
22,08333	954,4
22,10000	954,4
22,11667	954,4
22,13333	953,4
22,15000	953,4
22,16667	953,4
22,18333	953,4
22,20000	953,4
22,21667	953,4
22,23333	954,4
22,25000	954,4
22,26667	954,4
22,28333	953,4
22,30000	953,4
22,31667	953,4
22,33333	953,4
22,35000	953,4
22,36667	953,4
22,38333	953,4
22,40000	953,4
22,41667	953,4
22,43333	953,4
22,45000	953,4
22,46667	953,4
22,48333	953,4
22,50000	953,4
22,51667	953,4
22,53333	953,4
22,55000	953,4
22,56667	953,4
22,58333	953,4
22,60000	953,4
22,61667	953,4
22,63333	953,4
22,65000	953,4
22,66667	953,4
22,68333	953,4
22,70000	953,4
22,71667	953,4
22,73333	954,4
22,75000	954,4
22,76667	954,4
22,78333	953,4
22,80000	953,4
22,81667	953,4
22,83333	953,4
22,85000	953,4
22,86667	953,4
22,88333	954,4
22,90000	954,4
22,91667	954,4
22,93333	954,4
22,95000	954,4
22,96667	954,4
22,98333	953,4
23,00000	953,4
23,01667	953,4
23,03333	954,4
23,05000	954,4
23,06667	954,4
23,08333	953,4
23,10000	953,4
23,11667	953,4
23,13333	952,4
23,15000	952,4
23,16667	952,4
23,18333	954,4
23,20000	954,4
23,21667	954,4
23,23333	954,4
23,25000	954,4
23,26667	954,4
23,28333	953,4
23,30000	953,4
23,31667	953,4
23,33333	954,4
23,35000	954,4
23,36667	954,4
23,38333	954,4
23,40000	954,4
23,41667	954,4
23,43333	952,4
23,45000	952,4
23,46667	952,4
23,48333	954,4
23,50000	954,4
23,51667	954,4
23,53333	953,4
23,55000	953,4
23,56667	953,4
23,58333	953,4
23,60000	953,4
23,61667	953,4
23,63333	954,4
23,65000	954,4
23,66667	954,4
23,68333	953,4
23,70000	953,4
23,71667	953,4
23,73333	953,4
23,75000	953,4
23,76667	953,4
23,78333	954,4
23,80000	954,4
23,81667	954,4
23,83333	953,4
23,85000	953,4
23,86667	953,4
23,88333	953,4
23,90000	953,4
23,91667	953,4
23,93333	954,4
23,95000	954,4
23,96667	954,4
23,98333	953,4
24,00000	953,4
24,01667	953,4
24,03333	953,4
24,05000	953,4
24,06667	953,4
24,08333	954,4
24,10000	954,4
24,11667	954,4
24,13333	953,4
24,15000	953,4
24,16667	953,4
24,18333	953,4
24,20000	953,4
24,21667	953,4
24,23333	954,4
24,25000	954,4
24,26667	954,4
24,28333	954,4
24,30000	954,4
24,31667	954,4
24,33333	952,4
24,35000	952,4
24,36667	952,4
24,38333	954,4
24,40000	954,4
24,41667	954,4
24,43333	954,4
24,45000	954,4
24,46667	954,4
24,48333	953,4
24,50000	953,4
24,51667	953,4
24,53333	954,4
24,55000	954,4
24,56667	954,4
24,58333	953,4
24,60000	953,4
24,61667	953,4
24,63333	953,4
24,65000	953,4
24,66667	953,4
24,68333	954,4
24,70000	954,4
24,71667	954,4
24,73333	954,4
24,75000	954,4
24,76667	954,4
24,78333	953,4
24,80000	953,4
24,81667	953,4
24,83333	953,4
24,85000	953,4
24,86667	953,4
24,88333	954,4
24,90000	954,4
24,91667	954,4
24,93333	954,4
24,95000	954,4
24,96667	954,4
24,98333	953,4
25,00000	953,4
25,01667	953,4
25,03333	954,4
25,05000	954,4
25,06667	954,4
25,08333	953,4
25,10000	953,4
25,11667	953,4
25,13333	952,4
25,15000	952,4
25,16667	952,4
25,18333	954,4
25,20000	954,4
25,21667	954,4
25,23333	953,4
25,25000	953,4
25,26667	953,4
25,28333	952,4
25,30000	952,4
25,31667	952,4
25,33333	954,4
25,35000	954,4
25,36667	954,4
25,38333	954,4
25,40000	954,4
25,41667	954,4
25,43333	953,4
25,45000	953,4
25,46667	953,4
25,48333	954,4
25,50000	954,4
25,51667	954,4
25,53333	953,4
25,55000	953,4
25,56667	953,4
25,58333	952,4
25,60000	952,4
25,61667	952,4
25,63333	954,4
25,65000	954,4
25,66667	954,4
25,68333	953,4
25,70000	953,4
25,71667	953,4
25,73333	953,4
25,75000	953,4
25,76667	953,4
25,78333	954,4
25,80000	954,4
25,81667	954,4
25,83333	953,4
25,85000	953,4
25,86667	953,4
25,88333	954,4
25,90000	954,4
25,91667	954,4
25,93333	953,4
25,95000	953,4
25,96667	953,4
25,98333	954,4
26,00000	954,4
26,01667	954,4
26,03333	954,4
26,05000	954,4
26,06667	954,4
26,08333	953,4
26,10000	953,4
26,11667	953,4
26,13333	954,4
26,15000	954,4
26,16667	954,4
26,18333	954,4
26,20000	954,4
26,21667	954,4
26,23333	952,4
26,25000	952,4
26,26667	952,4
26,28333	954,4
26,30000	954,4
26,31667	954,4
26,33333	953,4
26,35000	953,4
26,36667	953,4
26,38333	953,4
26,40000	953,4
26,41667	953,4
26,43333	954,4
26,45000	954,4
26,46667	954,4
26,48333	953,4
26,50000	953,4
26,51667	953,4
26,53333	953,4
26,55000	953,4
26,56667	953,4
26,58333	954,4
26,60000	954,4
26,61667	954,4
26,63333	954,4
26,65000	954,4
26,66667	954,4
26,68333	954,4
26,70000	954,4
26,71667	954,4
26,73333	952,4
26,75000	952,4
26,76667	952,4
26,78333	954,4
26,80000	954,4
26,81667	954,4
26,83333	953,4
26,85000	953,4
26,86667	953,4
26,88333	953,4
26,90000	953,4
26,91667	953,4
26,93333	953,4
26,95000	953,4
26,96667	953,4
26,98333	954,4
27,00000	954,4
27,01667	954,4
27,03333	954,4
27,05000	954,4
27,06667	954,4
27,08333	953,4
27,10000	953,4
27,11667	953,4
27,13333	954,4
27,15000	954,4
27,16667	954,4
27,18333	953,4
27,20000	953,4
27,21667	953,4
27,23333	954,4
27,25000	954,4
27,26667	954,4
27,28333	953,4
27,30000	953,4
27,31667	953,4
27,33333	954,4
27,35000	954,4
27,36667	954,4
27,38333	954,4
27,40000	954,4
27,41667	954,4
27,43333	953,4
27,45000	953,4
27,46667	953,4
27,48333	954,4
27,50000	954,4
27,51667	954,4
27,53333	953,4
27,55000	953,4
27,56667	953,4
27,58333	953,4
27,60000	953,4
27,61667	953,4
27,63333	954,4
27,65000	954,4
27,66667	954,4
27,68333	954,4
27,70000	954,4
27,71667	954,4
27,73333	954,4
27,75000	954,4
27,76667	954,4
27,78333	953,4
27,80000	953,4
27,81667	953,4
27,83333	954,4
27,85000	954,4
27,86667	954,4
27,88333	954,4
27,90000	954,4
27,91667	954,4
27,93333	954,4
27,95000	954,4
27,96667	954,4
27,98333	952,4
28,00000	952,4
28,01667	952,4
28,03333	954,4
28,05000	954,4
28,06667	954,4
28,08333	953,4
28,10000	953,4
28,11667	953,4
28,13333	953,4
28,15000	953,4
28,16667	953,4
28,18333	953,4
28,20000	953,4
28,21667	953,4
28,23333	954,4
28,25000	954,4
28,26667	954,4
28,28333	954,4
28,30000	954,4
28,31667	954,4
28,33333	953,4
28,35000	953,4
28,36667	952,4
28,38333	952,4
28,40000	952,4
28,41667	952,4
28,43333	954,4
28,45000	954,4
28,46667	954,4
28,48333	954,4
28,50000	954,4
28,51667	954,4
28,53333	953,4
28,55000	953,4
28,56667	953,4
28,58333	952,4
28,60000	952,4
28,61667	952,4
28,63333	954,4
28,65000	954,4
28,66667	954,4
28,68333	954,4
28,70000	954,4
28,71667	954,4
28,73333	954,4
28,75000	954,4
28,76667	954,4
28,78333	952,4
28,80000	952,4
28,81667	952,4
28,83333	954,4
28,85000	954,4
28,86667	954,4
28,88333	953,4
28,90000	953,4
28,91667	953,4
28,93333	953,4
28,95000	953,4
28,96667	953,4
28,98333	954,4
29,00000	954,4
29,01667	954,4
29,03333	954,4
29,05000	954,4
29,06667	954,4
29,08333	953,4
29,10000	953,4
29,11667	953,4
29,13333	953,4
29,15000	953,4
29,16667	953,4
29,18333	953,4
29,20000	953,4
29,21667	953,4
29,23333	954,4
29,25000	954,4
29,26667	954,4
29,28333	953,4
29,30000	953,4
29,31667	953,4
29,33333	953,4
29,35000	953,4
29,36667	953,4
29,38333	953,4
29,40000	953,4
29,41667	953,4
29,43333	954,4
29,45000	954,4
29,46667	954,4
29,48333	953,4
29,50000	953,4
29,51667	953,4
29,53333	953,4
29,55000	953,4
29,56667	953,4
29,58333	953,4
29,60000	953,4
29,61667	953,4
29,63333	954,4
29,65000	954,4
29,66667	954,4
29,68333	954,4
29,70000	954,4
29,71667	954,4
29,73333	953,4
29,75000	953,4
29,76667	953,4
29,78333	954,4
29,80000	954,4
29,81667	954,4
29,83333	953,4
29,85000	953,4
29,86667	954,4
29,88333	954,4
29,90000	954,4
29,91667	954,4
29,93333	953,4
29,95000	953,4
29,96667	953,4
29,98333	953,4
30,00000	953,4
30,01667	953,4
30,03333	954,4
30,05000	954,4
30,06667	954,4
30,08333	953,4
30,10000	953,4
30,11667	953,4
30,13333	953,4
30,15000	953,4
30,16667	953,4
30,18333	954,4
30,20000	954,4
30,21667	954,4
30,23333	954,4
30,25000	954,4
30,26667	954,4
30,28333	954,4
30,30000	954,4
30,31667	954,4
30,33333	953,4
30,35000	953,4
30,36667	953,4
30,38333	954,4
30,40000	954,4
30,41667	954,4
30,43333	953,4
30,45000	953,4
30,46667	953,4
30,48333	953,4
30,50000	953,4
30,51667	953,4
30,53333	953,4
30,55000	953,4
30,56667	953,4
30,58333	954,4
30,60000	954,4
30,61667	954,4
30,63333	954,4
30,65000	954,4
30,66667	954,4
30,68333	953,4
30,70000	953,4
30,71667	953,4
30,73333	954,4
30,75000	954,4
30,76667	954,4
30,78333	954,4
30,80000	954,4
30,81667	954,4
30,83333	954,4
30,85000	954,4
30,86667	954,4
30,88333	953,4
30,90000	953,4
30,91667	953,4
30,93333	954,4
30,95000	954,4
30,96667	954,4
30,98333	953,4
31,00000	953,4
31,01667	953,4
31,03333	954,4
31,05000	954,4
31,06667	953,4
31,08333	953,4
31,10000	953,4
31,11667	953,4
31,13333	954,4
31,15000	954,4
31,16667	954,4
31,18333	953,4
31,20000	953,4
31,21667	953,4
31,23333	953,4
31,25000	953,4
31,26667	953,4
31,28333	953,4
31,30000	953,4
31,31667	953,4
31,33333	954,4
31,35000	954,4
31,36667	954,4
31,38333	954,4
31,40000	954,4
31,41667	954,4
31,43333	953,4
31,45000	953,4
31,46667	954,4
31,48333	954,4
31,50000	954,4
31,51667	954,4
31,53333	953,4
31,55000	953,4
31,56667	953,4
31,58333	954,4
31,60000	954,4
31,61667	954,4
31,63333	953,4
31,65000	953,4
31,66667	953,4
31,68333	954,4
31,70000	954,4
31,71667	954,4
31,73333	953,4
31,75000	953,4
31,76667	953,4
31,78333	953,4
31,80000	953,4
31,81667	953,4
31,83333	953,4
31,85000	953,4
31,86667	954,4
31,88333	954,4
31,90000	954,4
31,91667	954,4
31,93333	953,4
31,95000	953,4
31,96667	953,4
31,98333	953,4
32,00000	953,4

[LC Status Trace(Pump B Pressure)]
Interval(msec)	1000
# of Points	1921
Start Time(min)	0,000
End Time(min)	32,000
Intensity Units	bar
Intensity Multiplier	0,980665
R.Time (min)	Intensity
0,00000	78,6
0,01667	78,6
0,03333	78,6
0,05000	79,1
0,06667	79,6
0,08333	80,2
0,10000	80,6
0,11667	81,3
0,13333	81,4
0,15000	81,2
0,16667	81,0
0,18333	80,7
0,20000	80,9
0,21667	81,0
0,23333	81,1
0,25000	81,2
0,26667	81,1
0,28333	81,1
0,30000	81,2
0,31667	81,3
0,33333	81,3
0,35000	81,3
0,36667	81,3
0,38333	81,2
0,40000	81,2
0,41667	81,3
0,43333	81,3
0,45000	81,3
0,46667	81,2
0,48333	81,2
0,50000	81,2
0,51667	81,2
0,53333	81,3
0,55000	81,2
0,56667	81,2
0,58333	81,2
0,60000	81,2
0,61667	81,3
0,63333	81,2
0,65000	81,3
0,66667	81,3
0,68333	81,3
0,70000	81,2
0,71667	81,2
0,73333	81,3
0,75000	81,2
0,76667	81,2
0,78333	81,2
0,80000	81,2
0,81667	81,2
0,83333	81,3
0,85000	81,3
0,86667	81,3
0,88333	81,2
0,90000	81,2
0,91667	81,2
0,93333	81,2
0,95000	81,2
0,96667	81,2
0,98333	81,3
1,00000	81,1
1,01667	81,2
1,03333	81,2
1,05000	81,3
1,06667	81,2
1,08333	81,2
1,10000	81,2
1,11667	81,2
1,13333	81,2
1,15000	81,2
1,16667	81,2
1,18333	81,2
1,20000	81,2
1,21667	81,2
1,23333	81,2
1,25000	81,2
1,26667	81,1
1,28333	81,1
1,30000	81,1
1,31667	81,2
1,33333	81,2
1,35000	81,2
1,36667	81,1
1,38333	81,3
1,40000	81,2
1,41667	81,2
1,43333	81,2
1,45000	81,2
1,46667	81,1
1,48333	81,1
1,50000	81,2
1,51667	81,2
1,53333	81,1
1,55000	81,2
1,56667	81,1
1,58333	81,2
1,60000	81,2
1,61667	81,1
1,63333	81,1
1,65000	81,1
1,66667	81,2
1,68333	81,1
1,70000	81,1
1,71667	81,1
1,73333	81,1
1,75000	81,1
1,76667	81,1
1,78333	81,1
1,80000	81,0
1,81667	81,1
1,83333	81,1
1,85000	81,1
1,86667	81,0
1,88333	81,0
1,90000	81,0
1,91667	81,0
1,93333	81,0
1,95000	81,0
1,96667	81,0
1,98333	81,0
2,00000	81,0
2,01667	81,0
2,03333	81,0
2,05000	81,1
2,06667	81,1
2,08333	81,1
2,10000	81,0
2,11667	81,0
2,13333	81,0
2,15000	81,1
2,16667	81,0
2,18333	81,0
2,20000	81,1
2,21667	81,0
2,23333	81,1
2,25000	81,0
2,26667	81,0
2,28333	81,0
2,30000	81,0
2,31667	80,9
2,33333	81,0
2,35000	81,0
2,36667	81,0
2,38333	81,1
2,40000	80,9
2,41667	81,0
2,43333	81,0
2,45000	81,0
2,46667	81,0
2,48333	81,0
2,50000	81,1
2,51667	81,0
2,53333	81,0
2,55000	81,0
2,56667	81,0
2,58333	81,0
2,60000	81,0
2,61667	81,1
2,63333	81,1
2,65000	81,1
2,66667	81,0
2,68333	81,0
2,70000	81,1
2,71667	81,0
2,73333	81,0
2,75000	81,0
2,76667	81,1
2,78333	81,1
2,80000	81,1
2,81667	81,0
2,83333	81,1
2,85000	81,1
2,86667	81,1
2,88333	81,0
2,90000	81,1
2,91667	81,1
2,93333	81,1
2,95000	81,1
2,96667	81,1
2,98333	81,1
3,00000	81,1
3,01667	81,1
3,03333	81,1
3,05000	81,2
3,06667	81,1
3,08333	81,1
3,10000	81,1
3,11667	81,1
3,13333	81,2
3,15000	81,1
3,16667	81,2
3,18333	81,2
3,20000	81,2
3,21667	81,1
3,23333	81,1
3,25000	81,2
3,26667	81,1
3,28333	81,1
3,30000	81,2
3,31667	81,3
3,33333	81,2
3,35000	81,2
3,36667	81,2
3,38333	81,2
3,40000	81,2
3,41667	81,2
3,43333	81,3
3,45000	81,3
3,46667	81,2
3,48333	81,2
3,50000	81,3
3,51667	81,2
3,53333	81,3
3,55000	81,3
3,56667	81,3
3,58333	81,2
3,60000	81,3
3,61667	81,3
3,63333	81,2
3,65000	81,3
3,66667	81,3
3,68333	81,3
3,70000	81,3
3,71667	81,3
3,73333	81,3
3,75000	81,3
3,76667	81,3
3,78333	81,3
3,80000	81,4
3,81667	81,4
3,83333	81,4
3,85000	81,4
3,86667	81,4
3,88333	81,4
3,90000	81,4
3,91667	81,4
3,93333	81,4
3,95000	81,4
3,96667	81,4
3,98333	81,4
4,00000	81,4
4,01667	81,4
4,03333	81,4
4,05000	81,4
4,06667	81,5
4,08333	81,5
4,10000	81,5
4,11667	81,4
4,13333	81,5
4,15000	81,4
4,16667	81,5
4,18333	81,5
4,20000	81,5
4,21667	81,5
4,23333	81,5
4,25000	81,5
4,26667	81,5
4,28333	81,6
4,30000	81,8
4,31667	82,0
4,33333	82,1
4,35000	82,2
4,36667	82,2
4,38333	82,2
4,40000	82,2
4,41667	82,2
4,43333	82,3
4,45000	82,3
4,46667	82,2
4,48333	82,2
4,50000	82,2
4,51667	82,2
4,53333	82,1
4,55000	82,2
4,56667	82,1
4,58333	82,1
4,60000	82,0
4,61667	82,0
4,63333	82,0
4,65000	82,0
4,66667	81,9
4,68333	81,8
4,70000	81,8
4,71667	81,8
4,73333	81,7
4,75000	81,7
4,76667	81,7
4,78333	81,5
4,80000	81,5
4,81667	81,5
4,83333	81,4
4,85000	81,5
4,86667	81,4
4,88333	81,4
4,90000	81,3
4,91667	81,3
4,93333	81,3
4,95000	81,3
4,96667	81,3
4,98333	81,3
5,00000	81,2
5,01667	81,2
5,03333	81,2
5,05000	81,2
5,06667	81,4
5,08333	81,3
5,10000	81,4
5,11667	81,5
5,13333	81,5
5,15000	81,5
5,16667	81,6
5,18333	81,5
5,20000	81,6
5,21667	81,6
5,23333	81,6
5,25000	81,7
5,26667	81,7
5,28333	81,7
5,30000	81,6
5,31667	81,6
5,33333	81,7
5,35000	81,7
5,36667	81,6
5,38333	81,6
5,40000	81,7
5,41667	81,6
5,43333	81,7
5,45000	81,7
5,46667	81,7
5,48333	81,7
5,50000	81,8
5,51667	81,7
5,53333	81,8
5,55000	81,8
5,56667	81,8
5,58333	81,7
5,60000	81,7
5,61667	81,8
5,63333	81,8
5,65000	81,8
5,66667	81,8
5,68333	81,8
5,70000	81,8
5,71667	81,9
5,73333	81,9
5,75000	81,8
5,76667	81,9
5,78333	81,9
5,80000	81,9
5,81667	81,9
5,83333	81,9
5,85000	81,9
5,86667	82,0
5,88333	81,9
5,90000	82,0
5,91667	81,9
5,93333	81,9
5,95000	81,9
5,96667	81,9
5,98333	82,0
6,00000	82,0
6,01667	81,9
6,03333	82,0
6,05000	82,0
6,06667	82,0
6,08333	82,0
6,10000	81,9
6,11667	82,0
6,13333	82,0
6,15000	81,9
6,16667	82,0
6,18333	82,1
6,20000	82,0
6,21667	82,1
6,23333	82,0
6,25000	82,0
6,26667	82,0
6,28333	82,0
6,30000	82,0
6,31667	82,0
6,33333	82,0
6,35000	82,0
6,36667	82,1
6,38333	82,1
6,40000	82,0
6,41667	82,1
6,43333	82,1
6,45000	82,0
6,46667	82,1
6,48333	82,1
6,50000	82,1
6,51667	82,1
6,53333	82,1
6,55000	82,1
6,56667	82,1
6,58333	82,1
6,60000	82,2
6,61667	82,1
6,63333	82,1
6,65000	82,1
6,66667	82,1
6,68333	82,1
6,70000	82,1
6,71667	82,2
6,73333	82,1
6,75000	82,2
6,76667	82,2
6,78333	82,2
6,80000	82,2
6,81667	82,1
6,83333	82,2
6,85000	82,2
6,86667	82,2
6,88333	82,2
6,90000	82,1
6,91667	82,2
6,93333	82,1
6,95000	82,2
6,96667	82,2
6,98333	82,2
7,00000	82,3
7,01667	82,2
7,03333	82,2
7,05000	82,2
7,06667	82,2
7,08333	82,2
7,10000	82,2
7,11667	82,3
7,13333	82,3
7,15000	82,3
7,16667	82,3
7,18333	82,3
7,20000	82,2
7,21667	82,2
7,23333	82,3
7,25000	82,4
7,26667	82,3
7,28333	82,3
7,30000	82,3
7,31667	82,3
7,33333	82,3
7,35000	82,4
7,36667	82,2
7,38333	82,3
7,40000	82,3
7,41667	82,3
7,43333	82,3
7,45000	82,3
7,46667	82,3
7,48333	82,3
7,50000	82,3
7,51667	82,3
7,53333	82,4
7,55000	82,3
7,56667	82,3
7,58333	82,3
7,60000	82,3
7,61667	82,3
7,63333	82,3
7,65000	82,4
7,66667	82,3
7,68333	82,3
7,70000	82,3
7,71667	82,4
7,73333	82,3
7,75000	82,3
7,76667	82,3
7,78333	82,3
7,80000	82,3
7,81667	82,3
7,83333	82,3
7,85000	82,3
7,86667	82,4
7,88333	82,4
7,90000	82,3
7,91667	82,3
7,93333	82,3
7,95000	82,3
7,96667	82,3
7,98333	82,3
8,00000	82,3
8,01667	82,3
8,03333	82,3
8,05000	82,3
8,06667	82,4
8,08333	82,4
8,10000	82,4
8,11667	82,3
8,13333	82,4
8,15000	82,3
8,16667	82,3
8,18333	82,3
8,20000	82,3
8,21667	82,3
8,23333	82,4
8,25000	82,3
8,26667	82,4
8,28333	82,4
8,30000	82,3
8,31667	82,4
8,33333	82,3
8,35000	82,4
8,36667	82,3
8,38333	82,4
8,40000	82,3
8,41667	82,4
8,43333	82,3
8,45000	82,3
8,46667	82,3
8,48333	82,3
8,50000	82,4
8,51667	82,3
8,53333	82,3
8,55000	82,3
8,56667	82,4
8,58333	82,3
8,60000	82,3
8,61667	82,3
8,63333	82,4
8,65000	82,3
8,66667	82,3
8,68333	82,3
8,70000	82,4
8,71667	82,4
8,73333	82,4
8,75000	82,4
8,76667	82,4
8,78333	82,4
8,80000	82,4
8,81667	82,4
8,83333	82,3
8,85000	82,4
8,86667	82,3
8,88333	82,3
8,90000	82,3
8,91667	82,4
8,93333	82,3
8,95000	82,4
8,96667	82,3
8,98333	82,4
9,00000	82,4
9,01667	82,4
9,03333	82,3
9,05000	82,4
9,06667	82,3
9,08333	82,3
9,10000	82,4
9,11667	82,3
9,13333	82,4
9,15000	82,3
9,16667	82,3
9,18333	82,3
9,20000	82,3
9,21667	82,3
9,23333	82,3
9,25000	82,3
9,26667	82,3
9,28333	82,3
9,30000	82,3
9,31667	82,3
9,33333	82,3
9,35000	82,3
9,36667	82,3
9,38333	82,3
9,40000	82,3
9,41667	82,3
9,43333	82,3
9,45000	82,3
9,46667	82,3
9,48333	82,3
9,50000	82,3
9,51667	82,3
9,53333	82,2
9,55000	82,3
9,56667	82,3
9,58333	82,3
9,60000	82,2
9,61667	82,3
9,63333	82,2
9,65000	82,2
9,66667	82,2
9,68333	82,3
9,70000	82,3
9,71667	82,3
9,73333	82,2
9,75000	82,3
9,76667	82,2
9,78333	82,2
9,80000	82,2
9,81667	82,2
9,83333	82,3
9,85000	82,2
9,86667	82,2
9,88333	82,2
9,90000	82,3
9,91667	82,2
9,93333	82,2
9,95000	82,2
9,96667	82,3
9,98333	82,3
10,00000	82,2
10,01667	82,2
10,03333	82,3
10,05000	82,2
10,06667	82,2
10,08333	82,2
10,10000	82,3
10,11667	82,2
10,13333	82,2
10,15000	82,2
10,16667	82,2
10,18333	82,1
10,20000	82,2
10,21667	82,1
10,23333	82,2
10,25000	82,2
10,26667	82,2
10,28333	82,2
10,30000	82,2
10,31667	82,2
10,33333	82,2
10,35000	82,2
10,36667	82,2
10,38333	82,2
10,40000	82,2
10,41667	82,1
10,43333	82,1
10,45000	82,2
10,46667	82,1
10,48333	82,2
10,50000	82,1
10,51667	82,2
10,53333	82,1
10,55000	82,1
10,56667	82,2
10,58333	82,1
10,60000	82,1
10,61667	82,1
10,63333	82,1
10,65000	82,1
10,66667	82,0
10,68333	82,0
10,70000	82,0
10,71667	82,1
10,73333	82,1
10,75000	82,1
10,76667	82,1
10,78333	82,1
10,80000	82,1
10,81667	82,0
10,83333	82,1
10,85000	82,1
10,86667	82,1
10,88333	82,0
10,90000	82,0
10,91667	82,0
10,93333	82,0
10,95000	82,1
10,96667	82,1
10,98333	82,1
11,00000	82,0
11,01667	82,1
11,03333	82,0
11,05000	82,0
11,06667	82,0
11,08333	82,0
11,10000	82,0
11,11667	82,0
11,13333	82,0
11,15000	82,0
11,16667	82,0
11,18333	82,0
11,20000	82,1
11,21667	82,0
11,23333	82,0
11,25000	82,1
11,26667	82,0
11,28333	82,0
11,30000	81,9
11,31667	82,0
11,33333	81,9
11,35000	82,0
11,36667	81,9
11,38333	82,0
11,40000	81,9
11,41667	82,0
11,43333	81,9
11,45000	81,9
11,46667	82,0
11,48333	82,0
11,50000	81,9
11,51667	82,0
11,53333	81,9
11,55000	81,9
11,56667	81,9
11,58333	81,9
11,60000	81,9
11,61667	81,9
11,63333	81,9
11,65000	81,9
11,66667	81,9
11,68333	81,9
11,70000	81,9
11,71667	81,9
11,73333	81,9
11,75000	81,9
11,76667	81,8
11,78333	81,9
11,80000	81,9
11,81667	81,9
11,83333	81,8
11,85000	81,9
11,86667	81,8
11,88333	81,8
11,90000	81,9
11,91667	81,9
11,93333	81,8
11,95000	81,9
11,96667	81,9
11,98333	81,9
12,00000	81,8
12,01667	81,9
12,03333	81,8
12,05000	81,8
12,06667	81,8
12,08333	81,8
12,10000	81,8
12,11667	81,8
12,13333	81,8
12,15000	81,8
12,16667	81,8
12,18333	81,8
12,20000	81,8
12,21667	81,8
12,23333	81,8
12,25000	81,8
12,26667	81,7
12,28333	81,7
12,30000	81,7
12,31667	81,8
12,33333	81,8
12,35000	81,7
12,36667	81,8
12,38333	81,8
12,40000	81,8
12,41667	81,8
12,43333	81,7
12,45000	81,8
12,46667	81,7
12,48333	81,7
12,50000	81,7
12,51667	81,8
12,53333	81,7
12,55000	81,7
12,56667	81,7
12,58333	81,7
12,60000	81,7
12,61667	81,7
12,63333	81,7
12,65000	81,8
12,66667	81,7
12,68333	81,7
12,70000	81,7
12,71667	81,7
12,73333	81,6
12,75000	81,7
12,76667	81,7
12,78333	81,7
12,80000	81,7
12,81667	81,7
12,83333	81,6
12,85000	81,7
12,86667	81,7
12,88333	81,7
12,90000	81,6
12,91667	81,7
12,93333	81,6
12,95000	81,7
12,96667	81,6
12,98333	81,6
13,00000	81,6
13,01667	81,6
13,03333	81,7
13,05000	81,7
13,06667	81,7
13,08333	81,7
13,10000	81,6
13,11667	81,7
13,13333	81,6
13,15000	81,7
13,16667	81,6
13,18333	81,6
13,20000	81,6
13,21667	81,6
13,23333	81,6
13,25000	81,6
13,26667	81,6
13,28333	81,6
13,30000	81,6
13,31667	81,6
13,33333	81,6
13,35000	81,6
13,36667	81,6
13,38333	81,6
13,40000	81,6
13,41667	81,6
13,43333	81,6
13,45000	81,6
13,46667	81,6
13,48333	81,6
13,50000	81,6
13,51667	81,6
13,53333	81,6
13,55000	81,6
13,56667	81,6
13,58333	81,6
13,60000	81,6
13,61667	81,6
13,63333	81,5
13,65000	81,6
13,66667	81,6
13,68333	81,6
13,70000	81,6
13,71667	81,6
13,73333	81,6
13,75000	81,6
13,76667	81,6
13,78333	81,6
13,80000	81,5
13,81667	81,6
13,83333	81,5
13,85000	81,6
13,86667	81,5
13,88333	81,6
13,90000	81,5
13,91667	81,6
13,93333	81,6
13,95000	81,5
13,96667	81,5
13,98333	81,6
14,00000	81,6
14,01667	81,6
14,03333	81,5
14,05000	81,6
14,06667	81,5
14,08333	81,6
14,10000	81,5
14,11667	81,6
14,13333	81,5
14,15000	81,5
14,16667	81,5
14,18333	81,5
14,20000	81,5
14,21667	81,6
14,23333	81,5
14,25000	81,6
14,26667	81,6
14,28333	81,6
14,30000	81,5
14,31667	81,6
14,33333	81,5
14,35000	81,5
14,36667	81,5
14,38333	81,5
14,40000	81,6
14,41667	81,5
14,43333	81,5
14,45000	81,6
14,46667	81,5
14,48333	81,6
14,50000	81,5
14,51667	81,6
14,53333	81,5
14,55000	81,6
14,56667	81,5
14,58333	81,5
14,60000	81,6
14,61667	81,5
14,63333	81,5
14,65000	81,6
14,66667	81,5
14,68333	81,5
14,70000	81,5
14,71667	81,6
14,73333	81,5
14,75000	81,5
14,76667	81,5
14,78333	81,6
14,80000	81,5
14,81667	81,5
14,83333	81,5
14,85000	81,5
14,86667	81,5
14,88333	81,5
14,90000	81,5
14,91667	81,5
14,93333	81,5
14,95000	81,5
14,96667	81,4
14,98333	81,4
15,00000	81,5
15,01667	81,5
15,03333	81,5
15,05000	81,6
15,06667	81,5
15,08333	81,5
15,10000	81,5
15,11667	81,5
15,13333	81,4
15,15000	81,5
15,16667	81,4
15,18333	81,5
15,20000	81,5
15,21667	81,5
15,23333	81,4
15,25000	81,5
15,26667	81,5
15,28333	81,5
15,30000	81,5
15,31667	81,5
15,33333	81,5
15,35000	81,5
15,36667	81,4
15,38333	81,4
15,40000	81,4
15,41667	81,5
15,43333	81,4
15,45000	81,5
15,46667	81,4
15,48333	81,5
15,50000	81,5
15,51667	81,5
15,53333	81,4
15,55000	81,5
15,56667	81,5
15,58333	81,5
15,60000	81,5
15,61667	81,5
15,63333	81,4
15,65000	81,5
15,66667	81,4
15,68333	81,4
15,70000	81,4
15,71667	81,5
15,73333	81,4
15,75000	81,5
15,76667	81,4
15,78333	81,4
15,80000	81,4
15,81667	81,5
15,83333	81,4
15,85000	81,5
15,86667	81,4
15,88333	81,5
15,90000	81,5
15,91667	81,5
15,93333	81,5
15,95000	81,4
15,96667	81,4
15,98333	81,5
16,00000	81,5
16,01667	81,5
16,03333	81,4
16,05000	81,5
16,06667	81,4
16,08333	81,4
16,10000	81,4
16,11667	81,5
16,13333	81,4
16,15000	81,4
16,16667	81,5
16,18333	81,5
16,20000	81,5
16,21667	81,5
16,23333	81,4
16,25000	81,5
16,26667	81,4
16,28333	81,5
16,30000	81,4
16,31667	81,5
16,33333	81,4
16,35000	81,5
16,36667	81,5
16,38333	81,5
16,40000	81,5
16,41667	81,5
16,43333	81,5
16,45000	81,5
16,46667	81,5
16,48333	81,5
16,50000	81,5
16,51667	81,5
16,53333	81,4
16,55000	81,4
16,56667	81,5
16,58333	81,5
16,60000	81,5
16,61667	81,4
16,63333	81,4
16,65000	81,4
16,66667	81,4
16,68333	81,4
16,70000	81,4
16,71667	81,4
16,73333	81,4
16,75000	81,4
16,76667	81,5
16,78333	81,4
16,80000	81,4
16,81667	81,4
16,83333	81,4
16,85000	81,4
16,86667	81,4
16,88333	81,4
16,90000	81,4
16,91667	81,4
16,93333	81,4
16,95000	81,4
16,96667	81,4
16,98333	81,4
17,00000	81,3
17,01667	81,5
17,03333	81,4
17,05000	81,4
17,06667	81,4
17,08333	81,4
17,10000	81,4
17,11667	81,4
17,13333	81,4
17,15000	81,4
17,16667	81,4
17,18333	81,4
17,20000	81,4
17,21667	81,4
17,23333	81,4
17,25000	81,4
17,26667	81,3
17,28333	81,3
17,30000	81,4
17,31667	81,4
17,33333	81,3
17,35000	81,4
17,36667	81,3
17,38333	81,4
17,40000	81,4
17,41667	81,3
17,43333	81,4
17,45000	81,3
17,46667	81,3
17,48333	81,4
17,50000	81,3
17,51667	81,4
17,53333	81,3
17,55000	81,3
17,56667	81,3
17,58333	81,3
17,60000	81,3
17,61667	81,4
17,63333	81,3
17,65000	81,3
17,66667	81,4
17,68333	81,4
17,70000	81,3
17,71667	81,4
17,73333	81,3
17,75000	81,3
17,76667	81,3
17,78333	81,3
17,80000	81,3
17,81667	81,4
17,83333	81,3
17,85000	81,3
17,86667	81,3
17,88333	81,2
17,90000	81,3
17,91667	81,2
17,93333	81,2
17,95000	81,2
17,96667	81,2
17,98333	81,2
18,00000	81,2
18,01667	81,2
18,03333	81,3
18,05000	81,2
18,06667	81,3
18,08333	81,3
18,10000	81,3
18,11667	81,2
18,13333	81,2
18,15000	81,2
18,16667	81,2
18,18333	81,2
18,20000	81,1
18,21667	81,2
18,23333	81,2
18,25000	81,1
18,26667	81,2
18,28333	81,2
18,30000	81,2
18,31667	81,1
18,33333	81,1
18,35000	81,2
18,36667	81,1
18,38333	81,1
18,40000	81,2
18,41667	81,1
18,43333	81,2
18,45000	81,1
18,46667	81,2
18,48333	81,2
18,50000	81,1
18,51667	81,1
18,53333	81,1
18,55000	81,1
18,56667	81,2
18,58333	81,0
18,60000	81,0
18,61667	81,1
18,63333	81,1
18,65000	81,1
18,66667	81,0
18,68333	81,1
18,70000	81,0
18,71667	81,0
18,73333	81,1
18,75000	81,0
18,76667	81,0
18,78333	81,0
18,80000	81,0
18,81667	81,0
18,83333	81,0
18,85000	81,0
18,86667	81,0
18,88333	81,0
18,90000	81,0
18,91667	81,0
18,93333	80,9
18,95000	80,9
18,96667	80,9
18,98333	80,9
19,00000	80,9
19,01667	80,9
19,03333	80,9
19,05000	80,9
19,06667	80,9
19,08333	80,9
19,10000	80,9
19,11667	80,9
19,13333	80,9
19,15000	80,8
19,16667	80,8
19,18333	80,8
19,20000	80,9
19,21667	80,8
19,23333	80,8
19,25000	80,8
19,26667	80,8
19,28333	80,7
19,30000	80,8
19,31667	80,8
19,33333	80,7
19,35000	80,8
19,36667	80,8
19,38333	80,7
19,40000	80,7
19,41667	80,7
19,43333	80,7
19,45000	80,7
19,46667	80,7
19,48333	80,7
19,50000	80,7
19,51667	80,8
19,53333	80,7
19,55000	80,7
19,56667	80,7
19,58333	80,7
19,60000	80,7
19,61667	80,7
19,63333	80,6
19,65000	80,6
19,66667	80,6
19,68333	80,6
19,70000	80,6
19,71667	80,6
19,73333	80,6
19,75000	80,6
19,76667	80,6
19,78333	80,6
19,80000	80,5
19,81667	80,6
19,83333	80,5
19,85000	80,5
19,86667	80,5
19,88333	80,5
19,90000	80,5
19,91667	80,5
19,93333	80,4
19,95000	80,5
19,96667	80,5
19,98333	80,5
20,00000	80,4
20,01667	80,5
20,03333	80,4
20,05000	80,4
20,06667	80,4
20,08333	80,4
20,10000	80,4
20,11667	80,4
20,13333	80,3
20,15000	80,3
20,16667	80,4
20,18333	80,3
20,20000	80,3
20,21667	80,4
20,23333	80,3
20,25000	80,3
20,26667	80,3
20,28333	80,3
20,30000	80,3
20,31667	80,2
20,33333	80,2
20,35000	80,3
20,36667	80,2
20,38333	80,2
20,40000	80,2
20,41667	80,1
20,43333	80,2
20,45000	80,1
20,46667	80,1
20,48333	80,1
20,50000	80,1
20,51667	80,1
20,53333	80,0
20,55000	80,1
20,56667	80,1
20,58333	80,0
20,60000	80,0
20,61667	80,0
20,63333	80,0
20,65000	80,0
20,66667	80,0
20,68333	80,0
20,70000	79,9
20,71667	79,9
20,73333	79,9
20,75000	79,9
20,76667	79,9
20,78333	79,9
20,80000	79,8
20,81667	79,8
20,83333	79,7
20,85000	79,8
20,86667	79,7
20,88333	79,7
20,90000	79,8
20,91667	79,6
20,93333	79,5
20,95000	79,6
20,96667	79,6
20,98333	79,5
21,00000	79,5
21,01667	79,5
21,03333	79,4
21,05000	79,4
21,06667	79,3
21,08333	79,3
21,10000	79,2
21,11667	79,3
21,13333	79,2
21,15000	79,2
21,16667	79,1
21,18333	79,1
21,20000	79,0
21,21667	79,0
21,23333	79,0
21,25000	79,0
21,26667	78,9
21,28333	78,8
21,30000	78,8
21,31667	78,7
21,33333	78,7
21,35000	78,6
21,36667	78,6
21,38333	78,5
21,40000	78,4
21,41667	78,4
21,43333	78,4
21,45000	78,3
21,46667	78,2
21,48333	78,2
21,50000	78,1
21,51667	78,1
21,53333	78,0
21,55000	78,0
21,56667	77,9
21,58333	77,9
21,60000	77,8
21,61667	77,8
21,63333	77,7
21,65000	77,7
21,66667	77,6
21,68333	77,5
21,70000	77,5
21,71667	77,4
21,73333	77,4
21,75000	77,3
21,76667	77,3
21,78333	77,2
21,80000	77,1
21,81667	77,0
21,83333	77,0
21,85000	77,0
21,86667	76,8
21,88333	76,8
21,90000	76,8
21,91667	76,7
21,93333	76,6
21,95000	76,6
21,96667	76,5
21,98333	76,5
22,00000	76,4
22,01667	76,3
22,03333	76,2
22,05000	76,2
22,06667	76,1
22,08333	76,0
22,10000	75,9
22,11667	75,9
22,13333	75,8
22,15000	75,7
22,16667	75,7
22,18333	75,6
22,20000	75,5
22,21667	75,4
22,23333	75,4
22,25000	75,3
22,26667	75,2
22,28333	75,2
22,30000	75,0
22,31667	75,0
22,33333	74,9
22,35000	74,9
22,36667	74,8
22,38333	74,7
22,40000	74,7
22,41667	74,5
22,43333	74,4
22,45000	74,3
22,46667	74,3
22,48333	74,2
22,50000	74,1
22,51667	74,0
22,53333	73,9
22,55000	73,8
22,56667	73,7
22,58333	73,7
22,60000	73,6
22,61667	73,5
22,63333	73,4
22,65000	73,4
22,66667	73,2
22,68333	73,2
22,70000	73,1
22,71667	73,0
22,73333	72,9
22,75000	72,8
22,76667	72,7
22,78333	72,7
22,80000	72,6
22,81667	72,4
22,83333	72,3
22,85000	72,3
22,86667	72,2
22,88333	72,1
22,90000	72,0
22,91667	71,8
22,93333	71,8
22,95000	71,7
22,96667	71,5
22,98333	71,5
23,00000	71,4
23,01667	71,3
23,03333	71,2
23,05000	71,1
23,06667	71,0
23,08333	70,9
23,10000	70,8
23,11667	70,6
23,13333	70,5
23,15000	70,4
23,16667	70,3
23,18333	70,3
23,20000	70,1
23,21667	69,9
23,23333	69,8
23,25000	69,7
23,26667	69,6
23,28333	69,5
23,30000	69,4
23,31667	69,2
23,33333	69,1
23,35000	69,0
23,36667	68,8
23,38333	68,8
23,40000	68,6
23,41667	68,5
23,43333	68,3
23,45000	68,3
23,46667	68,1
23,48333	68,1
23,50000	67,9
23,51667	67,7
23,53333	67,6
23,55000	67,5
23,56667	67,4
23,58333	67,2
23,60000	67,2
23,61667	67,0
23,63333	66,9
23,65000	66,8
23,66667	66,7
23,68333	66,6
23,70000	66,5
23,71667	66,4
23,73333	66,2
23,75000	66,2
23,76667	66,0
23,78333	66,0
23,80000	65,8
23,81667	65,7
23,83333	65,6
23,85000	65,6
23,86667	65,4
23,88333	65,4
23,90000	65,2
23,91667	65,1
23,93333	65,0
23,95000	64,9
23,96667	64,8
23,98333	64,7
24,00000	64,7
24,01667	64,5
24,03333	64,4
24,05000	64,3
24,06667	64,2
24,08333	64,1
24,10000	64,0
24,11667	63,9
24,13333	63,8
24,15000	63,8
24,16667	63,7
24,18333	63,7
24,20000	63,5
24,21667	63,4
24,23333	63,3
24,25000	63,2
24,26667	63,1
24,28333	63,1
24,30000	62,9
24,31667	62,8
24,33333	62,7
24,35000	62,6
24,36667	62,5
24,38333	62,4
24,40000	62,4
24,41667	62,2
24,43333	62,1
24,45000	62,0
24,46667	61,9
24,48333	61,8
24,50000	61,7
24,51667	61,6
24,53333	61,5
24,55000	61,5
24,56667	61,4
24,58333	61,4
24,60000	61,1
24,61667	61,1
24,63333	60,9
24,65000	60,9
24,66667	60,7
24,68333	60,7
24,70000	60,6
24,71667	60,4
24,73333	60,3
24,75000	60,2
24,76667	60,1
24,78333	60,0
24,80000	60,0
24,81667	59,8
24,83333	59,7
24,85000	59,6
24,86667	59,5
24,88333	59,4
24,90000	59,3
24,91667	59,2
24,93333	59,1
24,95000	59,0
24,96667	58,9
24,98333	58,9
25,00000	58,7
25,01667	58,6
25,03333	58,5
25,05000	58,4
25,06667	58,3
25,08333	58,2
25,10000	58,1
25,11667	58,0
25,13333	57,9
25,15000	57,8
25,16667	57,7
25,18333	57,5
25,20000	57,5
25,21667	57,4
25,23333	57,3
25,25000	57,2
25,26667	57,1
25,28333	57,1
25,30000	56,9
25,31667	56,8
25,33333	56,7
25,35000	56,6
25,36667	56,5
25,38333	56,5
25,40000	56,3
25,41667	56,2
25,43333	56,1
25,45000	56,0
25,46667	55,9
25,48333	55,9
25,50000	55,8
25,51667	55,6
25,53333	55,5
25,55000	55,5
25,56667	55,4
25,58333	55,3
25,60000	55,3
25,61667	55,1
25,63333	55,0
25,65000	55,0
25,66667	54,9
25,68333	54,9
25,70000	54,7
25,71667	54,7
25,73333	54,6
25,75000	54,6
25,76667	54,4
25,78333	54,4
25,80000	54,3
25,81667	54,2
25,83333	54,2
25,85000	54,0
25,86667	54,0
25,88333	54,0
25,90000	54,0
25,91667	53,9
25,93333	53,8
25,95000	53,8
25,96667	53,8
25,98333	53,7
26,00000	53,7
26,01667	53,7
26,03333	53,7
26,05000	53,7
26,06667	53,6
26,08333	53,6
26,10000	53,6
26,11667	53,6
26,13333	53,6
26,15000	53,6
26,16667	53,5
26,18333	53,5
26,20000	53,5
26,21667	53,6
26,23333	53,5
26,25000	53,5
26,26667	53,5
26,28333	53,6
26,30000	53,5
26,31667	53,6
26,33333	53,5
26,35000	53,6
26,36667	53,6
26,38333	53,7
26,40000	53,7
26,41667	53,7
26,43333	53,7
26,45000	53,7
26,46667	53,9
26,48333	53,9
26,50000	54,0
26,51667	54,0
26,53333	54,1
26,55000	54,1
26,56667	54,2
26,58333	54,2
26,60000	54,2
26,61667	54,4
26,63333	54,4
26,65000	54,4
26,66667	54,5
26,68333	54,6
26,70000	54,6
26,71667	54,7
26,73333	54,7
26,75000	54,8
26,76667	54,8
26,78333	54,9
26,80000	55,0
26,81667	55,0
26,83333	55,1
26,85000	55,1
26,86667	55,3
26,88333	55,3
26,90000	55,4
26,91667	55,4
26,93333	55,5
26,95000	55,6
26,96667	55,6
26,98333	55,6
27,00000	55,7
27,01667	55,8
27,03333	55,9
27,05000	56,0
27,06667	56,0
27,08333	56,2
27,10000	56,2
27,11667	56,3
27,13333	56,4
27,15000	56,5
27,16667	56,5
27,18333	56,6
27,20000	56,7
27,21667	56,8
27,23333	56,9
27,25000	56,9
27,26667	57,1
27,28333	57,1
27,30000	57,3
27,31667	57,3
27,33333	57,5
27,35000	57,5
27,36667	57,6
27,38333	57,7
27,40000	57,8
27,41667	58,0
27,43333	58,1
27,45000	58,2
27,46667	58,3
27,48333	58,5
27,50000	58,5
27,51667	58,6
27,53333	58,7
27,55000	58,9
27,56667	58,9
27,58333	59,1
27,60000	59,2
27,61667	59,3
27,63333	59,4
27,65000	59,4
27,66667	59,7
27,68333	59,7
27,70000	59,9
27,71667	60,0
27,73333	60,1
27,75000	60,2
27,76667	60,4
27,78333	60,4
27,80000	60,7
27,81667	60,8
27,83333	60,9
27,85000	61,1
27,86667	61,2
27,88333	61,3
27,90000	61,3
27,91667	61,5
27,93333	61,7
27,95000	61,7
27,96667	61,9
27,98333	61,9
28,00000	62,1
28,01667	62,2
28,03333	62,3
28,05000	62,4
28,06667	62,6
28,08333	62,6
28,10000	62,8
28,11667	62,9
28,13333	63,0
28,15000	63,2
28,16667	63,3
28,18333	63,3
28,20000	63,5
28,21667	63,6
28,23333	63,8
28,25000	63,8
28,26667	63,9
28,28333	64,0
28,30000	64,1
28,31667	64,2
28,33333	64,3
28,35000	64,4
28,36667	64,6
28,38333	64,6
28,40000	64,8
28,41667	64,9
28,43333	65,1
28,45000	65,1
28,46667	65,3
28,48333	65,3
28,50000	65,5
28,51667	65,6
28,53333	65,6
28,55000	65,8
28,56667	65,9
28,58333	65,9
28,60000	66,0
28,61667	66,2
28,63333	66,2
28,65000	66,3
28,66667	66,4
28,68333	66,7
28,70000	66,7
28,71667	66,8
28,73333	66,9
28,75000	66,9
28,76667	67,1
28,78333	67,1
28,80000	67,3
28,81667	67,4
28,83333	67,5
28,85000	67,5
28,86667	67,7
28,88333	67,7
28,90000	67,9
28,91667	68,1
28,93333	68,1
28,95000	68,2
28,96667	68,3
28,98333	68,3
29,00000	68,4
29,01667	68,6
29,03333	68,7
29,05000	68,8
29,06667	68,9
29,08333	69,1
29,10000	69,1
29,11667	69,1
29,13333	69,2
29,15000	69,3
29,16667	69,5
29,18333	69,5
29,20000	69,6
29,21667	69,7
29,23333	69,7
29,25000	69,8
29,26667	69,9
29,28333	69,9
29,30000	70,1
29,31667	70,2
29,33333	70,3
29,35000	70,3
29,36667	70,4
29,38333	70,5
29,40000	70,5
29,41667	70,6
29,43333	70,8
29,45000	70,8
29,46667	70,9
29,48333	71,0
29,50000	71,0
29,51667	71,2
29,53333	71,2
29,55000	71,3
29,56667	71,4
29,58333	71,4
29,60000	71,6
29,61667	71,6
29,63333	71,9
29,65000	71,9
29,66667	72,1
29,68333	72,1
29,70000	72,3
29,71667	72,5
29,73333	72,5
29,75000	72,6
29,76667	72,8
29,78333	72,9
29,80000	73,0
29,81667	73,1
29,83333	73,2
29,85000	73,2
29,86667	73,4
29,88333	73,6
29,90000	73,7
29,91667	73,8
29,93333	73,9
29,95000	74,0
29,96667	74,1
29,98333	74,1
30,00000	74,3
30,01667	74,4
30,03333	74,6
30,05000	74,6
30,06667	74,8
30,08333	74,9
30,10000	74,8
30,11667	75,0
30,13333	75,1
30,15000	75,2
30,16667	75,3
30,18333	75,4
30,20000	75,4
30,21667	75,5
30,23333	75,6
30,25000	75,7
30,26667	75,9
30,28333	75,9
30,30000	76,0
30,31667	76,1
30,33333	76,1
30,35000	76,2
30,36667	76,2
30,38333	76,2
30,40000	76,4
30,41667	76,4
30,43333	76,5
30,45000	76,5
30,46667	76,6
30,48333	76,6
30,50000	76,8
30,51667	76,9
30,53333	77,0
30,55000	77,0
30,56667	77,1
30,58333	77,1
30,60000	77,1
30,61667	77,2
30,63333	77,3
30,65000	77,3
30,66667	77,4
30,68333	77,4
30,70000	77,6
30,71667	77,5
30,73333	77,6
30,75000	77,7
30,76667	77,8
30,78333	77,8
30,80000	77,9
30,81667	78,0
30,83333	77,9
30,85000	78,0
30,86667	78,0
30,88333	78,1
30,90000	78,1
30,91667	78,2
30,93333	78,3
30,95000	78,3
30,96667	78,3
30,98333	78,4
31,00000	78,4
31,01667	78,5
31,03333	78,5
31,05000	78,5
31,06667	78,6
31,08333	78,6
31,10000	78,6
31,11667	78,7
31,13333	78,8
31,15000	78,8
31,16667	78,9
31,18333	78,9
31,20000	78,9
31,21667	78,9
31,23333	79,0
31,25000	79,1
31,26667	79,1
31,28333	79,2
31,30000	79,2
31,31667	79,3
31,33333	79,2
31,35000	79,2
31,36667	79,4
31,38333	79,4
31,40000	79,4
31,41667	79,4
31,43333	79,4
31,45000	79,5
31,46667	79,5
31,48333	79,5
31,50000	79,5
31,51667	79,6
31,53333	79,6
31,55000	79,6
31,56667	79,7
31,58333	79,7
31,60000	79,7
31,61667	79,8
31,63333	79,8
31,65000	79,8
31,66667	79,8
31,68333	79,9
31,70000	79,9
31,71667	79,9
31,73333	79,9
31,75000	80,0
31,76667	80,0
31,78333	80,0
31,80000	80,1
31,81667	80,1
31,83333	80,1
31,85000	80,0
31,86667	80,1
31,88333	80,1
31,90000	80,2
31,91667	80,2
31,93333	80,2
31,95000	80,2
31,96667	80,2
31,98333	80,2
32,00000	80,4

[LC Status Trace(Pump B Degasser Pressure)]
Interval(msec)	1000
# of Points	1921
Start Time(min)	0,000
End Time(min)	32,000
Intensity Units	bar
Intensity Multiplier	0,980665
R.Time (min)	Intensity
0,00000	0,00
0,01667	0,00
0,03333	0,00
0,05000	0,00
0,06667	0,00
0,08333	0,00
0,10000	0,00
0,11667	0,00
0,13333	0,00
0,15000	0,00
0,16667	0,00
0,18333	0,00
0,20000	0,00
0,21667	0,00
0,23333	0,00
0,25000	0,00
0,26667	0,00
0,28333	0,00
0,30000	0,00
0,31667	0,00
0,33333	0,00
0,35000	0,00
0,36667	0,00
0,38333	0,00
0,40000	0,00
0,41667	0,00
0,43333	0,00
0,45000	0,00
0,46667	0,00
0,48333	0,00
0,50000	0,00
0,51667	0,00
0,53333	0,00
0,55000	0,00
0,56667	0,00
0,58333	0,00
0,60000	0,00
0,61667	0,00
0,63333	0,00
0,65000	0,00
0,66667	0,00
0,68333	0,00
0,70000	0,00
0,71667	0,00
0,73333	0,00
0,75000	0,00
0,76667	0,00
0,78333	0,00
0,80000	0,00
0,81667	0,00
0,83333	0,00
0,85000	0,00
0,86667	0,00
0,88333	0,00
0,90000	0,00
0,91667	0,00
0,93333	0,00
0,95000	0,00
0,96667	0,00
0,98333	0,00
1,00000	0,00
1,01667	0,00
1,03333	0,00
1,05000	0,00
1,06667	0,00
1,08333	0,00
1,10000	0,00
1,11667	0,00
1,13333	0,00
1,15000	0,00
1,16667	0,00
1,18333	0,00
1,20000	0,00
1,21667	0,00
1,23333	0,00
1,25000	0,00
1,26667	0,00
1,28333	0,00
1,30000	0,00
1,31667	0,00
1,33333	0,00
1,35000	0,00
1,36667	0,00
1,38333	0,00
1,40000	0,00
1,41667	0,00
1,43333	0,00
1,45000	0,00
1,46667	0,00
1,48333	0,00
1,50000	0,00
1,51667	0,00
1,53333	0,00
1,55000	0,00
1,56667	0,00
1,58333	0,00
1,60000	0,00
1,61667	0,00
1,63333	0,00
1,65000	0,00
1,66667	0,00
1,68333	0,00
1,70000	0,00
1,71667	0,00
1,73333	0,00
1,75000	0,00
1,76667	0,00
1,78333	0,00
1,80000	0,00
1,81667	0,00
1,83333	0,00
1,85000	0,00
1,86667	0,00
1,88333	0,00
1,90000	0,00
1,91667	0,00
1,93333	0,00
1,95000	0,00
1,96667	0,00
1,98333	0,00
2,00000	0,00
2,01667	0,00
2,03333	0,00
2,05000	0,00
2,06667	0,00
2,08333	0,00
2,10000	0,00
2,11667	0,00
2,13333	0,00
2,15000	0,00
2,16667	0,00
2,18333	0,00
2,20000	0,00
2,21667	0,00
2,23333	0,00
2,25000	0,00
2,26667	0,00
2,28333	0,00
2,30000	0,00
2,31667	0,00
2,33333	0,00
2,35000	0,00
2,36667	0,00
2,38333	0,00
2,40000	0,00
2,41667	0,00
2,43333	0,00
2,45000	0,00
2,46667	0,00
2,48333	0,00
2,50000	0,00
2,51667	0,00
2,53333	0,00
2,55000	0,00
2,56667	0,00
2,58333	0,00
2,60000	0,00
2,61667	0,00
2,63333	0,00
2,65000	0,00
2,66667	0,00
2,68333	0,00
2,70000	0,00
2,71667	0,00
2,73333	0,00
2,75000	0,00
2,76667	0,00
2,78333	0,00
2,80000	0,00
2,81667	0,00
2,83333	0,00
2,85000	0,00
2,86667	0,00
2,88333	0,00
2,90000	0,00
2,91667	0,00
2,93333	0,00
2,95000	0,00
2,96667	0,00
2,98333	0,00
3,00000	0,00
3,01667	0,00
3,03333	0,00
3,05000	0,00
3,06667	0,00
3,08333	0,00
3,10000	0,00
3,11667	0,00
3,13333	0,00
3,15000	0,00
3,16667	0,00
3,18333	0,00
3,20000	0,00
3,21667	0,00
3,23333	0,00
3,25000	0,00
3,26667	0,00
3,28333	0,00
3,30000	0,00
3,31667	0,00
3,33333	0,00
3,35000	0,00
3,36667	0,00
3,38333	0,00
3,40000	0,00
3,41667	0,00
3,43333	0,00
3,45000	0,00
3,46667	0,00
3,48333	0,00
3,50000	0,00
3,51667	0,00
3,53333	0,00
3,55000	0,00
3,56667	0,00
3,58333	0,00
3,60000	0,00
3,61667	0,00
3,63333	0,00
3,65000	0,00
3,66667	0,00
3,68333	0,00
3,70000	0,00
3,71667	0,00
3,73333	0,00
3,75000	0,00
3,76667	0,00
3,78333	0,00
3,80000	0,00
3,81667	0,00
3,83333	0,00
3,85000	0,00
3,86667	0,00
3,88333	0,00
3,90000	0,00
3,91667	0,00
3,93333	0,00
3,95000	0,00
3,96667	0,00
3,98333	0,00
4,00000	0,00
4,01667	0,00
4,03333	0,00
4,05000	0,00
4,06667	0,00
4,08333	0,00
4,10000	0,00
4,11667	0,00
4,13333	0,00
4,15000	0,00
4,16667	0,00
4,18333	0,00
4,20000	0,00
4,21667	0,00
4,23333	0,00
4,25000	0,00
4,26667	0,00
4,28333	0,00
4,30000	0,00
4,31667	0,00
4,33333	0,00
4,35000	0,00
4,36667	0,00
4,38333	0,00
4,40000	0,00
4,41667	0,00
4,43333	0,00
4,45000	0,00
4,46667	0,00
4,48333	0,00
4,50000	0,00
4,51667	0,00
4,53333	0,00
4,55000	0,00
4,56667	0,00
4,58333	0,00
4,60000	0,00
4,61667	0,00
4,63333	0,00
4,65000	0,00
4,66667	0,00
4,68333	0,00
4,70000	0,00
4,71667	0,00
4,73333	0,00
4,75000	0,00
4,76667	0,00
4,78333	0,00
4,80000	0,00
4,81667	0,00
4,83333	0,00
4,85000	0,00
4,86667	0,00
4,88333	0,00
4,90000	0,00
4,91667	0,00
4,93333	0,00
4,95000	0,00
4,96667	0,00
4,98333	0,00
5,00000	0,00
5,01667	0,00
5,03333	0,00
5,05000	0,00
5,06667	0,00
5,08333	0,00
5,10000	0,00
5,11667	0,00
5,13333	0,00
5,15000	0,00
5,16667	0,00
5,18333	0,00
5,20000	0,00
5,21667	0,00
5,23333	0,00
5,25000	0,00
5,26667	0,00
5,28333	0,00
5,30000	0,00
5,31667	0,00
5,33333	0,00
5,35000	0,00
5,36667	0,00
5,38333	0,00
5,40000	0,00
5,41667	0,00
5,43333	0,00
5,45000	0,00
5,46667	0,00
5,48333	0,00
5,50000	0,00
5,51667	0,00
5,53333	0,00
5,55000	0,00
5,56667	0,00
5,58333	0,00
5,60000	0,00
5,61667	0,00
5,63333	0,00
5,65000	0,00
5,66667	0,00
5,68333	0,00
5,70000	0,00
5,71667	0,00
5,73333	0,00
5,75000	0,00
5,76667	0,00
5,78333	0,00
5,80000	0,00
5,81667	0,00
5,83333	0,00
5,85000	0,00
5,86667	0,00
5,88333	0,00
5,90000	0,00
5,91667	0,00
5,93333	0,00
5,95000	0,00
5,96667	0,00
5,98333	0,00
6,00000	0,00
6,01667	0,00
6,03333	0,00
6,05000	0,00
6,06667	0,00
6,08333	0,00
6,10000	0,00
6,11667	0,00
6,13333	0,00
6,15000	0,00
6,16667	0,00
6,18333	0,00
6,20000	0,00
6,21667	0,00
6,23333	0,00
6,25000	0,00
6,26667	0,00
6,28333	0,00
6,30000	0,00
6,31667	0,00
6,33333	0,00
6,35000	0,00
6,36667	0,00
6,38333	0,00
6,40000	0,00
6,41667	0,00
6,43333	0,00
6,45000	0,00
6,46667	0,00
6,48333	0,00
6,50000	0,00
6,51667	0,00
6,53333	0,00
6,55000	0,00
6,56667	0,00
6,58333	0,00
6,60000	0,00
6,61667	0,00
6,63333	0,00
6,65000	0,00
6,66667	0,00
6,68333	0,00
6,70000	0,00
6,71667	0,00
6,73333	0,00
6,75000	0,00
6,76667	0,00
6,78333	0,00
6,80000	0,00
6,81667	0,00
6,83333	0,00
6,85000	0,00
6,86667	0,00
6,88333	0,00
6,90000	0,00
6,91667	0,00
6,93333	0,00
6,95000	0,00
6,96667	0,00
6,98333	0,00
7,00000	0,00
7,01667	0,00
7,03333	0,00
7,05000	0,00
7,06667	0,00
7,08333	0,00
7,10000	0,00
7,11667	0,00
7,13333	0,00
7,15000	0,00
7,16667	0,00
7,18333	0,00
7,20000	0,00
7,21667	0,00
7,23333	0,00
7,25000	0,00
7,26667	0,00
7,28333	0,00
7,30000	0,00
7,31667	0,00
7,33333	0,00
7,35000	0,00
7,36667	0,00
7,38333	0,00
7,40000	0,00
7,41667	0,00
7,43333	0,00
7,45000	0,00
7,46667	0,00
7,48333	0,00
7,50000	0,00
7,51667	0,00
7,53333	0,00
7,55000	0,00
7,56667	0,00
7,58333	0,00
7,60000	0,00
7,61667	0,00
7,63333	0,00
7,65000	0,00
7,66667	0,00
7,68333	0,00
7,70000	0,00
7,71667	0,00
7,73333	0,00
7,75000	0,00
7,76667	0,00
7,78333	0,00
7,80000	0,00
7,81667	0,00
7,83333	0,00
7,85000	0,00
7,86667	0,00
7,88333	0,00
7,90000	0,00
7,91667	0,00
7,93333	0,00
7,95000	0,00
7,96667	0,00
7,98333	0,00
8,00000	0,00
8,01667	0,00
8,03333	0,00
8,05000	0,00
8,06667	0,00
8,08333	0,00
8,10000	0,00
8,11667	0,00
8,13333	0,00
8,15000	0,00
8,16667	0,00
8,18333	0,00
8,20000	0,00
8,21667	0,00
8,23333	0,00
8,25000	0,00
8,26667	0,00
8,28333	0,00
8,30000	0,00
8,31667	0,00
8,33333	0,00
8,35000	0,00
8,36667	0,00
8,38333	0,00
8,40000	0,00
8,41667	0,00
8,43333	0,00
8,45000	0,00
8,46667	0,00
8,48333	0,00
8,50000	0,00
8,51667	0,00
8,53333	0,00
8,55000	0,00
8,56667	0,00
8,58333	0,00
8,60000	0,00
8,61667	0,00
8,63333	0,00
8,65000	0,00
8,66667	0,00
8,68333	0,00
8,70000	0,00
8,71667	0,00
8,73333	0,00
8,75000	0,00
8,76667	0,00
8,78333	0,00
8,80000	0,00
8,81667	0,00
8,83333	0,00
8,85000	0,00
8,86667	0,00
8,88333	0,00
8,90000	0,00
8,91667	0,00
8,93333	0,00
8,95000	0,00
8,96667	0,00
8,98333	0,00
9,00000	0,00
9,01667	0,00
9,03333	0,00
9,05000	0,00
9,06667	0,00
9,08333	0,00
9,10000	0,00
9,11667	0,00
9,13333	0,00
9,15000	0,00
9,16667	0,00
9,18333	0,00
9,20000	0,00
9,21667	0,00
9,23333	0,00
9,25000	0,00
9,26667	0,00
9,28333	0,00
9,30000	0,00
9,31667	0,00
9,33333	0,00
9,35000	0,00
9,36667	0,00
9,38333	0,00
9,40000	0,00
9,41667	0,00
9,43333	0,00
9,45000	0,00
9,46667	0,00
9,48333	0,00
9,50000	0,00
9,51667	0,00
9,53333	0,00
9,55000	0,00
9,56667	0,00
9,58333	0,00
9,60000	0,00
9,61667	0,00
9,63333	0,00
9,65000	0,00
9,66667	0,00
9,68333	0,00
9,70000	0,00
9,71667	0,00
9,73333	0,00
9,75000	0,00
9,76667	0,00
9,78333	0,00
9,80000	0,00
9,81667	0,00
9,83333	0,00
9,85000	0,00
9,86667	0,00
9,88333	0,00
9,90000	0,00
9,91667	0,00
9,93333	0,00
9,95000	0,00
9,96667	0,00
9,98333	0,00
10,00000	0,00
10,01667	0,00
10,03333	0,00
10,05000	0,00
10,06667	0,00
10,08333	0,00
10,10000	0,00
10,11667	0,00
10,13333	0,00
10,15000	0,00
10,16667	0,00
10,18333	0,00
10,20000	0,00
10,21667	0,00
10,23333	0,00
10,25000	0,00
10,26667	0,00
10,28333	0,00
10,30000	0,00
10,31667	0,00
10,33333	0,00
10,35000	0,00
10,36667	0,00
10,38333	0,00
10,40000	0,00
10,41667	0,00
10,43333	0,00
10,45000	0,00
10,46667	0,00
10,48333	0,00
10,50000	0,00
10,51667	0,00
10,53333	0,00
10,55000	0,00
10,56667	0,00
10,58333	0,00
10,60000	0,00
10,61667	0,00
10,63333	0,00
10,65000	0,00
10,66667	0,00
10,68333	0,00
10,70000	0,00
10,71667	0,00
10,73333	0,00
10,75000	0,00
10,76667	0,00
10,78333	0,00
10,80000	0,00
10,81667	0,00
10,83333	0,00
10,85000	0,00
10,86667	0,00
10,88333	0,00
10,90000	0,00
10,91667	0,00
10,93333	0,00
10,95000	0,00
10,96667	0,00
10,98333	0,00
11,00000	0,00
11,01667	0,00
11,03333	0,00
11,05000	0,00
11,06667	0,00
11,08333	0,00
11,10000	0,00
11,11667	0,00
11,13333	0,00
11,15000	0,00
11,16667	0,00
11,18333	0,00
11,20000	0,00
11,21667	0,00
11,23333	0,00
11,25000	0,00
11,26667	0,00
11,28333	0,00
11,30000	0,00
11,31667	0,00
11,33333	0,00
11,35000	0,00
11,36667	0,00
11,38333	0,00
11,40000	0,00
11,41667	0,00
11,43333	0,00
11,45000	0,00
11,46667	0,00
11,48333	0,00
11,50000	0,00
11,51667	0,00
11,53333	0,00
11,55000	0,00
11,56667	0,00
11,58333	0,00
11,60000	0,00
11,61667	0,00
11,63333	0,00
11,65000	0,00
11,66667	0,00
11,68333	0,00
11,70000	0,00
11,71667	0,00
11,73333	0,00
11,75000	0,00
11,76667	0,00
11,78333	0,00
11,80000	0,00
11,81667	0,00
11,83333	0,00
11,85000	0,00
11,86667	0,00
11,88333	0,00
11,90000	0,00
11,91667	0,00
11,93333	0,00
11,95000	0,00
11,96667	0,00
11,98333	0,00
12,00000	0,00
12,01667	0,00
12,03333	0,00
12,05000	0,00
12,06667	0,00
12,08333	0,00
12,10000	0,00
12,11667	0,00
12,13333	0,00
12,15000	0,00
12,16667	0,00
12,18333	0,00
12,20000	0,00
12,21667	0,00
12,23333	0,00
12,25000	0,00
12,26667	0,00
12,28333	0,00
12,30000	0,00
12,31667	0,00
12,33333	0,00
12,35000	0,00
12,36667	0,00
12,38333	0,00
12,40000	0,00
12,41667	0,00
12,43333	0,00
12,45000	0,00
12,46667	0,00
12,48333	0,00
12,50000	0,00
12,51667	0,00
12,53333	0,00
12,55000	0,00
12,56667	0,00
12,58333	0,00
12,60000	0,00
12,61667	0,00
12,63333	0,00
12,65000	0,00
12,66667	0,00
12,68333	0,00
12,70000	0,00
12,71667	0,00
12,73333	0,00
12,75000	0,00
12,76667	0,00
12,78333	0,00
12,80000	0,00
12,81667	0,00
12,83333	0,00
12,85000	0,00
12,86667	0,00
12,88333	0,00
12,90000	0,00
12,91667	0,00
12,93333	0,00
12,95000	0,00
12,96667	0,00
12,98333	0,00
13,00000	0,00
13,01667	0,00
13,03333	0,00
13,05000	0,00
13,06667	0,00
13,08333	0,00
13,10000	0,00
13,11667	0,00
13,13333	0,00
13,15000	0,00
13,16667	0,00
13,18333	0,00
13,20000	0,00
13,21667	0,00
13,23333	0,00
13,25000	0,00
13,26667	0,00
13,28333	0,00
13,30000	0,00
13,31667	0,00
13,33333	0,00
13,35000	0,00
13,36667	0,00
13,38333	0,00
13,40000	0,00
13,41667	0,00
13,43333	0,00
13,45000	0,00
13,46667	0,00
13,48333	0,00
13,50000	0,00
13,51667	0,00
13,53333	0,00
13,55000	0,00
13,56667	0,00
13,58333	0,00
13,60000	0,00
13,61667	0,00
13,63333	0,00
13,65000	0,00
13,66667	0,00
13,68333	0,00
13,70000	0,00
13,71667	0,00
13,73333	0,00
13,75000	0,00
13,76667	0,00
13,78333	0,00
13,80000	0,00
13,81667	0,00
13,83333	0,00
13,85000	0,00
13,86667	0,00
13,88333	0,00
13,90000	0,00
13,91667	0,00
13,93333	0,00
13,95000	0,00
13,96667	0,00
13,98333	0,00
14,00000	0,00
14,01667	0,00
14,03333	0,00
14,05000	0,00
14,06667	0,00
14,08333	0,00
14,10000	0,00
14,11667	0,00
14,13333	0,00
14,15000	0,00
14,16667	0,00
14,18333	0,00
14,20000	0,00
14,21667	0,00
14,23333	0,00
14,25000	0,00
14,26667	0,00
14,28333	0,00
14,30000	0,00
14,31667	0,00
14,33333	0,00
14,35000	0,00
14,36667	0,00
14,38333	0,00
14,40000	0,00
14,41667	0,00
14,43333	0,00
14,45000	0,00
14,46667	0,00
14,48333	0,00
14,50000	0,00
14,51667	0,00
14,53333	0,00
14,55000	0,00
14,56667	0,00
14,58333	0,00
14,60000	0,00
14,61667	0,00
14,63333	0,00
14,65000	0,00
14,66667	0,00
14,68333	0,00
14,70000	0,00
14,71667	0,00
14,73333	0,00
14,75000	0,00
14,76667	0,00
14,78333	0,00
14,80000	0,00
14,81667	0,00
14,83333	0,00
14,85000	0,00
14,86667	0,00
14,88333	0,00
14,90000	0,00
14,91667	0,00
14,93333	0,00
14,95000	0,00
14,96667	0,00
14,98333	0,00
15,00000	0,00
15,01667	0,00
15,03333	0,00
15,05000	0,00
15,06667	0,00
15,08333	0,00
15,10000	0,00
15,11667	0,00
15,13333	0,00
15,15000	0,00
15,16667	0,00
15,18333	0,00
15,20000	0,00
15,21667	0,00
15,23333	0,00
15,25000	0,00
15,26667	0,00
15,28333	0,00
15,30000	0,00
15,31667	0,00
15,33333	0,00
15,35000	0,00
15,36667	0,00
15,38333	0,00
15,40000	0,00
15,41667	0,00
15,43333	0,00
15,45000	0,00
15,46667	0,00
15,48333	0,00
15,50000	0,00
15,51667	0,00
15,53333	0,00
15,55000	0,00
15,56667	0,00
15,58333	0,00
15,60000	0,00
15,61667	0,00
15,63333	0,00
15,65000	0,00
15,66667	0,00
15,68333	0,00
15,70000	0,00
15,71667	0,00
15,73333	0,00
15,75000	0,00
15,76667	0,00
15,78333	0,00
15,80000	0,00
15,81667	0,00
15,83333	0,00
15,85000	0,00
15,86667	0,00
15,88333	0,00
15,90000	0,00
15,91667	0,00
15,93333	0,00
15,95000	0,00
15,96667	0,00
15,98333	0,00
16,00000	0,00
16,01667	0,00
16,03333	0,00
16,05000	0,00
16,06667	0,00
16,08333	0,00
16,10000	0,00
16,11667	0,00
16,13333	0,00
16,15000	0,00
16,16667	0,00
16,18333	0,00
16,20000	0,00
16,21667	0,00
16,23333	0,00
16,25000	0,00
16,26667	0,00
16,28333	0,00
16,30000	0,00
16,31667	0,00
16,33333	0,00
16,35000	0,00
16,36667	0,00
16,38333	0,00
16,40000	0,00
16,41667	0,00
16,43333	0,00
16,45000	0,00
16,46667	0,00
16,48333	0,00
16,50000	0,00
16,51667	0,00
16,53333	0,00
16,55000	0,00
16,56667	0,00
16,58333	0,00
16,60000	0,00
16,61667	0,00
16,63333	0,00
16,65000	0,00
16,66667	0,00
16,68333	0,00
16,70000	0,00
16,71667	0,00
16,73333	0,00
16,75000	0,00
16,76667	0,00
16,78333	0,00
16,80000	0,00
16,81667	0,00
16,83333	0,00
16,85000	0,00
16,86667	0,00
16,88333	0,00
16,90000	0,00
16,91667	0,00
16,93333	0,00
16,95000	0,00
16,96667	0,00
16,98333	0,00
17,00000	0,00
17,01667	0,00
17,03333	0,00
17,05000	0,00
17,06667	0,00
17,08333	0,00
17,10000	0,00
17,11667	0,00
17,13333	0,00
17,15000	0,00
17,16667	0,00
17,18333	0,00
17,20000	0,00
17,21667	0,00
17,23333	0,00
17,25000	0,00
17,26667	0,00
17,28333	0,00
17,30000	0,00
17,31667	0,00
17,33333	0,00
17,35000	0,00
17,36667	0,00
17,38333	0,00
17,40000	0,00
17,41667	0,00
17,43333	0,00
17,45000	0,00
17,46667	0,00
17,48333	0,00
17,50000	0,00
17,51667	0,00
17,53333	0,00
17,55000	0,00
17,56667	0,00
17,58333	0,00
17,60000	0,00
17,61667	0,00
17,63333	0,00
17,65000	0,00
17,66667	0,00
17,68333	0,00
17,70000	0,00
17,71667	0,00
17,73333	0,00
17,75000	0,00
17,76667	0,00
17,78333	0,00
17,80000	0,00
17,81667	0,00
17,83333	0,00
17,85000	0,00
17,86667	0,00
17,88333	0,00
17,90000	0,00
17,91667	0,00
17,93333	0,00
17,95000	0,00
17,96667	0,00
17,98333	0,00
18,00000	0,00
18,01667	0,00
18,03333	0,00
18,05000	0,00
18,06667	0,00
18,08333	0,00
18,10000	0,00
18,11667	0,00
18,13333	0,00
18,15000	0,00
18,16667	0,00
18,18333	0,00
18,20000	0,00
18,21667	0,00
18,23333	0,00
18,25000	0,00
18,26667	0,00
18,28333	0,00
18,30000	0,00
18,31667	0,00
18,33333	0,00
18,35000	0,00
18,36667	0,00
18,38333	0,00
18,40000	0,00
18,41667	0,00
18,43333	0,00
18,45000	0,00
18,46667	0,00
18,48333	0,00
18,50000	0,00
18,51667	0,00
18,53333	0,00
18,55000	0,00
18,56667	0,00
18,58333	0,00
18,60000	0,00
18,61667	0,00
18,63333	0,00
18,65000	0,00
18,66667	0,00
18,68333	0,00
18,70000	0,00
18,71667	0,00
18,73333	0,00
18,75000	0,00
18,76667	0,00
18,78333	0,00
18,80000	0,00
18,81667	0,00
18,83333	0,00
18,85000	0,00
18,86667	0,00
18,88333	0,00
18,90000	0,00
18,91667	0,00
18,93333	0,00
18,95000	0,00
18,96667	0,00
18,98333	0,00
19,00000	0,00
19,01667	0,00
19,03333	0,00
19,05000	0,00
19,06667	0,00
19,08333	0,00
19,10000	0,00
19,11667	0,00
19,13333	0,00
19,15000	0,00
19,16667	0,00
19,18333	0,00
19,20000	0,00
19,21667	0,00
19,23333	0,00
19,25000	0,00
19,26667	0,00
19,28333	0,00
19,30000	0,00
19,31667	0,00
19,33333	0,00
19,35000	0,00
19,36667	0,00
19,38333	0,00
19,40000	0,00
19,41667	0,00
19,43333	0,00
19,45000	0,00
19,46667	0,00
19,48333	0,00
19,50000	0,00
19,51667	0,00
19,53333	0,00
19,55000	0,00
19,56667	0,00
19,58333	0,00
19,60000	0,00
19,61667	0,00
19,63333	0,00
19,65000	0,00
19,66667	0,00
19,68333	0,00
19,70000	0,00
19,71667	0,00
19,73333	0,00
19,75000	0,00
19,76667	0,00
19,78333	0,00
19,80000	0,00
19,81667	0,00
19,83333	0,00
19,85000	0,00
19,86667	0,00
19,88333	0,00
19,90000	0,00
19,91667	0,00
19,93333	0,00
19,95000	0,00
19,96667	0,00
19,98333	0,00
20,00000	0,00
20,01667	0,00
20,03333	0,00
20,05000	0,00
20,06667	0,00
20,08333	0,00
20,10000	0,00
20,11667	0,00
20,13333	0,00
20,15000	0,00
20,16667	0,00
20,18333	0,00
20,20000	0,00
20,21667	0,00
20,23333	0,00
20,25000	0,00
20,26667	0,00
20,28333	0,00
20,30000	0,00
20,31667	0,00
20,33333	0,00
20,35000	0,00
20,36667	0,00
20,38333	0,00
20,40000	0,00
20,41667	0,00
20,43333	0,00
20,45000	0,00
20,46667	0,00
20,48333	0,00
20,50000	0,00
20,51667	0,00
20,53333	0,00
20,55000	0,00
20,56667	0,00
20,58333	0,00
20,60000	0,00
20,61667	0,00
20,63333	0,00
20,65000	0,00
20,66667	0,00
20,68333	0,00
20,70000	0,00
20,71667	0,00
20,73333	0,00
20,75000	0,00
20,76667	0,00
20,78333	0,00
20,80000	0,00
20,81667	0,00
20,83333	0,00
20,85000	0,00
20,86667	0,00
20,88333	0,00
20,90000	0,00
20,91667	0,00
20,93333	0,00
20,95000	0,00
20,96667	0,00
20,98333	0,00
21,00000	0,00
21,01667	0,00
21,03333	0,00
21,05000	0,00
21,06667	0,00
21,08333	0,00
21,10000	0,00
21,11667	0,00
21,13333	0,00
21,15000	0,00
21,16667	0,00
21,18333	0,00
21,20000	0,00
21,21667	0,00
21,23333	0,00
21,25000	0,00
21,26667	0,00
21,28333	0,00
21,30000	0,00
21,31667	0,00
21,33333	0,00
21,35000	0,00
21,36667	0,00
21,38333	0,00
21,40000	0,00
21,41667	0,00
21,43333	0,00
21,45000	0,00
21,46667	0,00
21,48333	0,00
21,50000	0,00
21,51667	0,00
21,53333	0,00
21,55000	0,00
21,56667	0,00
21,58333	0,00
21,60000	0,00
21,61667	0,00
21,63333	0,00
21,65000	0,00
21,66667	0,00
21,68333	0,00
21,70000	0,00
21,71667	0,00
21,73333	0,00
21,75000	0,00
21,76667	0,00
21,78333	0,00
21,80000	0,00
21,81667	0,00
21,83333	0,00
21,85000	0,00
21,86667	0,00
21,88333	0,00
21,90000	0,00
21,91667	0,00
21,93333	0,00
21,95000	0,00
21,96667	0,00
21,98333	0,00
22,00000	0,00
22,01667	0,00
22,03333	0,00
22,05000	0,00
22,06667	0,00
22,08333	0,00
22,10000	0,00
22,11667	0,00
22,13333	0,00
22,15000	0,00
22,16667	0,00
22,18333	0,00
22,20000	0,00
22,21667	0,00
22,23333	0,00
22,25000	0,00
22,26667	0,00
22,28333	0,00
22,30000	0,00
22,31667	0,00
22,33333	0,00
22,35000	0,00
22,36667	0,00
22,38333	0,00
22,40000	0,00
22,41667	0,00
22,43333	0,00
22,45000	0,00
22,46667	0,00
22,48333	0,00
22,50000	0,00
22,51667	0,00
22,53333	0,00
22,55000	0,00
22,56667	0,00
22,58333	0,00
22,60000	0,00
22,61667	0,00
22,63333	0,00
22,65000	0,00
22,66667	0,00
22,68333	0,00
22,70000	0,00
22,71667	0,00
22,73333	0,00
22,75000	0,00
22,76667	0,00
22,78333	0,00
22,80000	0,00
22,81667	0,00
22,83333	0,00
22,85000	0,00
22,86667	0,00
22,88333	0,00
22,90000	0,00
22,91667	0,00
22,93333	0,00
22,95000	0,00
22,96667	0,00
22,98333	0,00
23,00000	0,00
23,01667	0,00
23,03333	0,00
23,05000	0,00
23,06667	0,00
23,08333	0,00
23,10000	0,00
23,11667	0,00
23,13333	0,00
23,15000	0,00
23,16667	0,00
23,18333	0,00
23,20000	0,00
23,21667	0,00
23,23333	0,00
23,25000	0,00
23,26667	0,00
23,28333	0,00
23,30000	0,00
23,31667	0,00
23,33333	0,00
23,35000	0,00
23,36667	0,00
23,38333	0,00
23,40000	0,00
23,41667	0,00
23,43333	0,00
23,45000	0,00
23,46667	0,00
23,48333	0,00
23,50000	0,00
23,51667	0,00
23,53333	0,00
23,55000	0,00
23,56667	0,00
23,58333	0,00
23,60000	0,00
23,61667	0,00
23,63333	0,00
23,65000	0,00
23,66667	0,00
23,68333	0,00
23,70000	0,00
23,71667	0,00
23,73333	0,00
23,75000	0,00
23,76667	0,00
23,78333	0,00
23,80000	0,00
23,81667	0,00
23,83333	0,00
23,85000	0,00
23,86667	0,00
23,88333	0,00
23,90000	0,00
23,91667	0,00
23,93333	0,00
23,95000	0,00
23,96667	0,00
23,98333	0,00
24,00000	0,00
24,01667	0,00
24,03333	0,00
24,05000	0,00
24,06667	0,00
24,08333	0,00
24,10000	0,00
24,11667	0,00
24,13333	0,00
24,15000	0,00
24,16667	0,00
24,18333	0,00
24,20000	0,00
24,21667	0,00
24,23333	0,00
24,25000	0,00
24,26667	0,00
24,28333	0,00
24,30000	0,00
24,31667	0,00
24,33333	0,00
24,35000	0,00
24,36667	0,00
24,38333	0,00
24,40000	0,00
24,41667	0,00
24,43333	0,00
24,45000	0,00
24,46667	0,00
24,48333	0,00
24,50000	0,00
24,51667	0,00
24,53333	0,00
24,55000	0,00
24,56667	0,00
24,58333	0,00
24,60000	0,00
24,61667	0,00
24,63333	0,00
24,65000	0,00
24,66667	0,00
24,68333	0,00
24,70000	0,00
24,71667	0,00
24,73333	0,00
24,75000	0,00
24,76667	0,00
24,78333	0,00
24,80000	0,00
24,81667	0,00
24,83333	0,00
24,85000	0,00
24,86667	0,00
24,88333	0,00
24,90000	0,00
24,91667	0,00
24,93333	0,00
24,95000	0,00
24,96667	0,00
24,98333	0,00
25,00000	0,00
25,01667	0,00
25,03333	0,00
25,05000	0,00
25,06667	0,00
25,08333	0,00
25,10000	0,00
25,11667	0,00
25,13333	0,00
25,15000	0,00
25,16667	0,00
25,18333	0,00
25,20000	0,00
25,21667	0,00
25,23333	0,00
25,25000	0,00
25,26667	0,00
25,28333	0,00
25,30000	0,00
25,31667	0,00
25,33333	0,00
25,35000	0,00
25,36667	0,00
25,38333	0,00
25,40000	0,00
25,41667	0,00
25,43333	0,00
25,45000	0,00
25,46667	0,00
25,48333	0,00
25,50000	0,00
25,51667	0,00
25,53333	0,00
25,55000	0,00
25,56667	0,00
25,58333	0,00
25,60000	0,00
25,61667	0,00
25,63333	0,00
25,65000	0,00
25,66667	0,00
25,68333	0,00
25,70000	0,00
25,71667	0,00
25,73333	0,00
25,75000	0,00
25,76667	0,00
25,78333	0,00
25,80000	0,00
25,81667	0,00
25,83333	0,00
25,85000	0,00
25,86667	0,00
25,88333	0,00
25,90000	0,00
25,91667	0,00
25,93333	0,00
25,95000	0,00
25,96667	0,00
25,98333	0,00
26,00000	0,00
26,01667	0,00
26,03333	0,00
26,05000	0,00
26,06667	0,00
26,08333	0,00
26,10000	0,00
26,11667	0,00
26,13333	0,00
26,15000	0,00
26,16667	0,00
26,18333	0,00
26,20000	0,00
26,21667	0,00
26,23333	0,00
26,25000	0,00
26,26667	0,00
26,28333	0,00
26,30000	0,00
26,31667	0,00
26,33333	0,00
26,35000	0,00
26,36667	0,00
26,38333	0,00
26,40000	0,00
26,41667	0,00
26,43333	0,00
26,45000	0,00
26,46667	0,00
26,48333	0,00
26,50000	0,00
26,51667	0,00
26,53333	0,00
26,55000	0,00
26,56667	0,00
26,58333	0,00
26,60000	0,00
26,61667	0,00
26,63333	0,00
26,65000	0,00
26,66667	0,00
26,68333	0,00
26,70000	0,00
26,71667	0,00
26,73333	0,00
26,75000	0,00
26,76667	0,00
26,78333	0,00
26,80000	0,00
26,81667	0,00
26,83333	0,00
26,85000	0,00
26,86667	0,00
26,88333	0,00
26,90000	0,00
26,91667	0,00
26,93333	0,00
26,95000	0,00
26,96667	0,00
26,98333	0,00
27,00000	0,00
27,01667	0,00
27,03333	0,00
27,05000	0,00
27,06667	0,00
27,08333	0,00
27,10000	0,00
27,11667	0,00
27,13333	0,00
27,15000	0,00
27,16667	0,00
27,18333	0,00
27,20000	0,00
27,21667	0,00
27,23333	0,00
27,25000	0,00
27,26667	0,00
27,28333	0,00
27,30000	0,00
27,31667	0,00
27,33333	0,00
27,35000	0,00
27,36667	0,00
27,38333	0,00
27,40000	0,00
27,41667	0,00
27,43333	0,00
27,45000	0,00
27,46667	0,00
27,48333	0,00
27,50000	0,00
27,51667	0,00
27,53333	0,00
27,55000	0,00
27,56667	0,00
27,58333	0,00
27,60000	0,00
27,61667	0,00
27,63333	0,00
27,65000	0,00
27,66667	0,00
27,68333	0,00
27,70000	0,00
27,71667	0,00
27,73333	0,00
27,75000	0,00
27,76667	0,00
27,78333	0,00
27,80000	0,00
27,81667	0,00
27,83333	0,00
27,85000	0,00
27,86667	0,00
27,88333	0,00
27,90000	0,00
27,91667	0,00
27,93333	0,00
27,95000	0,00
27,96667	0,00
27,98333	0,00
28,00000	0,00
28,01667	0,00
28,03333	0,00
28,05000	0,00
28,06667	0,00
28,08333	0,00
28,10000	0,00
28,11667	0,00
28,13333	0,00
28,15000	0,00
28,16667	0,00
28,18333	0,00
28,20000	0,00
28,21667	0,00
28,23333	0,00
28,25000	0,00
28,26667	0,00
28,28333	0,00
28,30000	0,00
28,31667	0,00
28,33333	0,00
28,35000	0,00
28,36667	0,00
28,38333	0,00
28,40000	0,00
28,41667	0,00
28,43333	0,00
28,45000	0,00
28,46667	0,00
28,48333	0,00
28,50000	0,00
28,51667	0,00
28,53333	0,00
28,55000	0,00
28,56667	0,00
28,58333	0,00
28,60000	0,00
28,61667	0,00
28,63333	0,00
28,65000	0,00
28,66667	0,00
28,68333	0,00
28,70000	0,00
28,71667	0,00
28,73333	0,00
28,75000	0,00
28,76667	0,00
28,78333	0,00
28,80000	0,00
28,81667	0,00
28,83333	0,00
28,85000	0,00
28,86667	0,00
28,88333	0,00
28,90000	0,00
28,91667	0,00
28,93333	0,00
28,95000	0,00
28,96667	0,00
28,98333	0,00
29,00000	0,00
29,01667	0,00
29,03333	0,00
29,05000	0,00
29,06667	0,00
29,08333	0,00
29,10000	0,00
29,11667	0,00
29,13333	0,00
29,15000	0,00
29,16667	0,00
29,18333	0,00
29,20000	0,00
29,21667	0,00
29,23333	0,00
29,25000	0,00
29,26667	0,00
29,28333	0,00
29,30000	0,00
29,31667	0,00
29,33333	0,00
29,35000	0,00
29,36667	0,00
29,38333	0,00
29,40000	0,00
29,41667	0,00
29,43333	0,00
29,45000	0,00
29,46667	0,00
29,48333	0,00
29,50000	0,00
29,51667	0,00
29,53333	0,00
29,55000	0,00
29,56667	0,00
29,58333	0,00
29,60000	0,00
29,61667	0,00
29,63333	0,00
29,65000	0,00
29,66667	0,00
29,68333	0,00
29,70000	0,00
29,71667	0,00
29,73333	0,00
29,75000	0,00
29,76667	0,00
29,78333	0,00
29,80000	0,00
29,81667	0,00
29,83333	0,00
29,85000	0,00
29,86667	0,00
29,88333	0,00
29,90000	0,00
29,91667	0,00
29,93333	0,00
29,95000	0,00
29,96667	0,00
29,98333	0,00
30,00000	0,00
30,01667	0,00
30,03333	0,00
30,05000	0,00
30,06667	0,00
30,08333	0,00
30,10000	0,00
30,11667	0,00
30,13333	0,00
30,15000	0,00
30,16667	0,00
30,18333	0,00
30,20000	0,00
30,21667	0,00
30,23333	0,00
30,25000	0,00
30,26667	0,00
30,28333	0,00
30,30000	0,00
30,31667	0,00
30,33333	0,00
30,35000	0,00
30,36667	0,00
30,38333	0,00
30,40000	0,00
30,41667	0,00
30,43333	0,00
30,45000	0,00
30,46667	0,00
30,48333	0,00
30,50000	0,00
30,51667	0,00
30,53333	0,00
30,55000	0,00
30,56667	0,00
30,58333	0,00
30,60000	0,00
30,61667	0,00
30,63333	0,00
30,65000	0,00
30,66667	0,00
30,68333	0,00
30,70000	0,00
30,71667	0,00
30,73333	0,00
30,75000	0,00
30,76667	0,00
30,78333	0,00
30,80000	0,00
30,81667	0,00
30,83333	0,00
30,85000	0,00
30,86667	0,00
30,88333	0,00
30,90000	0,00
30,91667	0,00
30,93333	0,00
30,95000	0,00
30,96667	0,00
30,98333	0,00
31,00000	0,00
31,01667	0,00
31,03333	0,00
31,05000	0,00
31,06667	0,00
31,08333	0,00
31,10000	0,00
31,11667	0,00
31,13333	0,00
31,15000	0,00
31,16667	0,00
31,18333	0,00
31,20000	0,00
31,21667	0,00
31,23333	0,00
31,25000	0,00
31,26667	0,00
31,28333	0,00
31,30000	0,00
31,31667	0,00
31,33333	0,00
31,35000	0,00
31,36667	0,00
31,38333	0,00
31,40000	0,00
31,41667	0,00
31,43333	0,00
31,45000	0,00
31,46667	0,00
31,48333	0,00
31,50000	0,00
31,51667	0,00
31,53333	0,00
31,55000	0,00
31,56667	0,00
31,58333	0,00
31,60000	0,00
31,61667	0,00
31,63333	0,00
31,65000	0,00
31,66667	0,00
31,68333	0,00
31,70000	0,00
31,71667	0,00
31,73333	0,00
31,75000	0,00
31,76667	0,00
31,78333	0,00
31,80000	0,00
31,81667	0,00
31,83333	0,00
31,85000	0,00
31,86667	0,00
31,88333	0,00
31,90000	0,00
31,91667	0,00
31,93333	0,00
31,95000	0,00
31,96667	0,00
31,98333	0,00
32,00000	0,00

[LC Status Trace(Sample Cooler Temp.)]
Interval(msec)	1000
# of Points	1921
Start Time(min)	0,000
End Time(min)	32,000
Intensity Units	C
Intensity Multiplier	1
R.Time (min)	Intensity
0,00000	3,96
0,01667	3,96
0,03333	3,96
0,05000	3,96
0,06667	3,96
0,08333	3,99
0,10000	4,00
0,11667	3,99
0,13333	4,00
0,15000	4,00
0,16667	3,99
0,18333	4,00
0,20000	4,00
0,21667	3,99
0,23333	4,00
0,25000	4,00
0,26667	3,99
0,28333	4,00
0,30000	4,00
0,31667	3,99
0,33333	4,00
0,35000	4,00
0,36667	3,99
0,38333	4,00
0,40000	4,00
0,41667	3,99
0,43333	4,00
0,45000	4,00
0,46667	3,99
0,48333	4,00
0,50000	4,00
0,51667	3,99
0,53333	4,00
0,55000	4,00
0,56667	3,99
0,58333	4,00
0,60000	4,00
0,61667	3,99
0,63333	4,00
0,65000	4,00
0,66667	3,99
0,68333	4,00
0,70000	4,00
0,71667	3,99
0,73333	4,00
0,75000	4,00
0,76667	3,99
0,78333	4,00
0,80000	4,01
0,81667	3,99
0,83333	4,01
0,85000	4,01
0,86667	3,99
0,88333	4,01
0,90000	4,01
0,91667	4,00
0,93333	4,01
0,95000	4,01
0,96667	3,99
0,98333	4,01
1,00000	4,01
1,01667	4,00
1,03333	4,01
1,05000	4,01
1,06667	4,00
1,08333	4,01
1,10000	4,01
1,11667	4,00
1,13333	4,01
1,15000	4,01
1,16667	4,00
1,18333	4,01
1,20000	4,01
1,21667	4,00
1,23333	4,01
1,25000	4,01
1,26667	4,00
1,28333	4,01
1,30000	4,01
1,31667	4,00
1,33333	4,01
1,35000	4,01
1,36667	4,00
1,38333	4,01
1,40000	4,01
1,41667	4,00
1,43333	4,01
1,45000	4,01
1,46667	4,00
1,48333	4,01
1,50000	4,01
1,51667	4,00
1,53333	4,01
1,55000	4,01
1,56667	4,00
1,58333	4,01
1,60000	4,01
1,61667	4,00
1,63333	4,01
1,65000	4,01
1,66667	4,00
1,68333	4,02
1,70000	4,01
1,71667	4,00
1,73333	4,02
1,75000	4,02
1,76667	4,00
1,78333	4,02
1,80000	4,02
1,81667	4,00
1,83333	4,02
1,85000	4,02
1,86667	4,01
1,88333	4,02
1,90000	4,02
1,91667	4,01
1,93333	4,02
1,95000	4,02
1,96667	4,01
1,98333	4,02
2,00000	4,02
2,01667	4,01
2,03333	4,02
2,05000	4,02
2,06667	4,01
2,08333	4,02
2,10000	4,02
2,11667	4,01
2,13333	4,03
2,15000	4,03
2,16667	4,01
2,18333	4,02
2,20000	4,03
2,21667	4,02
2,23333	4,03
2,25000	4,03
2,26667	4,02
2,28333	4,03
2,30000	4,03
2,31667	4,02
2,33333	4,03
2,35000	4,03
2,36667	4,02
2,38333	4,03
2,40000	4,03
2,41667	4,02
2,43333	4,03
2,45000	4,03
2,46667	4,02
2,48333	4,03
2,50000	4,03
2,51667	4,02
2,53333	4,03
2,55000	4,03
2,56667	4,02
2,58333	4,03
2,60000	4,03
2,61667	4,02
2,63333	4,03
2,65000	4,03
2,66667	4,02
2,68333	4,03
2,70000	4,04
2,71667	4,02
2,73333	4,04
2,75000	4,04
2,76667	4,03
2,78333	4,04
2,80000	4,04
2,81667	4,03
2,83333	4,04
2,85000	4,04
2,86667	4,03
2,88333	4,04
2,90000	4,04
2,91667	4,03
2,93333	4,04
2,95000	4,04
2,96667	4,03
2,98333	4,04
3,00000	4,04
3,01667	4,03
3,03333	4,04
3,05000	4,04
3,06667	4,03
3,08333	4,04
3,10000	4,04
3,11667	4,03
3,13333	4,04
3,15000	4,04
3,16667	4,03
3,18333	4,04
3,20000	4,04
3,21667	4,03
3,23333	4,04
3,25000	4,04
3,26667	4,03
3,28333	4,04
3,30000	4,04
3,31667	4,03
3,33333	4,05
3,35000	4,05
3,36667	4,03
3,38333	4,04
3,40000	4,04
3,41667	4,03
3,43333	4,05
3,45000	4,05
3,46667	4,03
3,48333	4,05
3,50000	4,05
3,51667	4,03
3,53333	4,05
3,55000	4,05
3,56667	4,03
3,58333	4,05
3,60000	4,05
3,61667	4,03
3,63333	4,05
3,65000	4,05
3,66667	4,03
3,68333	4,05
3,70000	4,05
3,71667	4,04
3,73333	4,05
3,75000	4,05
3,76667	4,03
3,78333	4,05
3,80000	4,05
3,81667	4,03
3,83333	4,05
3,85000	4,05
3,86667	4,03
3,88333	4,05
3,90000	4,05
3,91667	4,04
3,93333	4,05
3,95000	4,05
3,96667	4,04
3,98333	4,05
4,00000	4,05
4,01667	4,04
4,03333	4,05
4,05000	4,05
4,06667	4,03
4,08333	4,05
4,10000	4,05
4,11667	4,04
4,13333	4,05
4,15000	4,05
4,16667	4,03
4,18333	4,05
4,20000	4,05
4,21667	4,03
4,23333	4,05
4,25000	4,05
4,26667	4,03
4,28333	4,05
4,30000	4,05
4,31667	4,03
4,33333	4,05
4,35000	4,05
4,36667	4,03
4,38333	4,05
4,40000	4,05
4,41667	4,03
4,43333	4,05
4,45000	4,04
4,46667	4,03
4,48333	4,05
4,50000	4,05
4,51667	4,03
4,53333	4,05
4,55000	4,05
4,56667	4,03
4,58333	4,05
4,60000	4,05
4,61667	4,03
4,63333	4,04
4,65000	4,05
4,66667	4,03
4,68333	4,04
4,70000	4,04
4,71667	4,03
4,73333	4,04
4,75000	4,05
4,76667	4,03
4,78333	4,05
4,80000	4,04
4,81667	4,03
4,83333	4,05
4,85000	4,04
4,86667	4,03
4,88333	4,04
4,90000	4,04
4,91667	4,03
4,93333	4,04
4,95000	4,04
4,96667	4,03
4,98333	4,04
5,00000	4,04
5,01667	4,03
5,03333	4,04
5,05000	4,04
5,06667	4,03
5,08333	4,04
5,10000	4,04
5,11667	4,03
5,13333	4,04
5,15000	4,04
5,16667	4,03
5,18333	4,04
5,20000	4,04
5,21667	4,03
5,23333	4,04
5,25000	4,04
5,26667	4,03
5,28333	4,04
5,30000	4,04
5,31667	4,03
5,33333	4,04
5,35000	4,04
5,36667	4,03
5,38333	4,04
5,40000	4,04
5,41667	4,03
5,43333	4,04
5,45000	4,04
5,46667	4,03
5,48333	4,04
5,50000	4,04
5,51667	4,03
5,53333	4,04
5,55000	4,04
5,56667	4,02
5,58333	4,04
5,60000	4,04
5,61667	4,02
5,63333	4,04
5,65000	4,03
5,66667	4,02
5,68333	4,03
5,70000	4,04
5,71667	4,02
5,73333	4,03
5,75000	4,03
5,76667	4,02
5,78333	4,03
5,80000	4,03
5,81667	4,02
5,83333	4,03
5,85000	4,03
5,86667	4,02
5,88333	4,03
5,90000	4,03
5,91667	4,02
5,93333	4,03
5,95000	4,03
5,96667	4,02
5,98333	4,03
6,00000	4,03
6,01667	4,02
6,03333	4,03
6,05000	4,03
6,06667	4,02
6,08333	4,03
6,10000	4,03
6,11667	4,02
6,13333	4,03
6,15000	4,03
6,16667	4,02
6,18333	4,03
6,20000	4,03
6,21667	4,02
6,23333	4,03
6,25000	4,03
6,26667	4,02
6,28333	4,03
6,30000	4,03
6,31667	4,02
6,33333	4,03
6,35000	4,03
6,36667	4,02
6,38333	4,03
6,40000	4,03
6,41667	4,02
6,43333	4,03
6,45000	4,03
6,46667	4,02
6,48333	4,03
6,50000	4,03
6,51667	4,02
6,53333	4,03
6,55000	4,03
6,56667	4,02
6,58333	4,03
6,60000	4,03
6,61667	4,02
6,63333	4,03
6,65000	4,03
6,66667	4,02
6,68333	4,03
6,70000	4,03
6,71667	4,02
6,73333	4,03
6,75000	4,02
6,76667	4,01
6,78333	4,03
6,80000	4,03
6,81667	4,01
6,83333	4,02
6,85000	4,02
6,86667	4,01
6,88333	4,02
6,90000	4,02
6,91667	4,01
6,93333	4,02
6,95000	4,02
6,96667	4,01
6,98333	4,02
7,00000	4,02
7,01667	4,01
7,03333	4,02
7,05000	4,02
7,06667	4,01
7,08333	4,02
7,10000	4,02
7,11667	4,01
7,13333	4,02
7,15000	4,02
7,16667	4,01
7,18333	4,02
7,20000	4,02
7,21667	4,01
7,23333	4,02
7,25000	4,02
7,26667	4,01
7,28333	4,02
7,30000	4,02
7,31667	4,01
7,33333	4,02
7,35000	4,02
7,36667	4,01
7,38333	4,02
7,40000	4,02
7,41667	4,01
7,43333	4,02
7,45000	4,02
7,46667	4,01
7,48333	4,02
7,50000	4,02
7,51667	4,01
7,53333	4,02
7,55000	4,02
7,56667	4,01
7,58333	4,02
7,60000	4,02
7,61667	4,01
7,63333	4,02
7,65000	4,02
7,66667	4,01
7,68333	4,02
7,70000	4,02
7,71667	4,00
7,73333	4,02
7,75000	4,02
7,76667	4,00
7,78333	4,01
7,80000	4,02
7,81667	4,00
7,83333	4,02
7,85000	4,02
7,86667	4,00
7,88333	4,01
7,90000	4,01
7,91667	4,00
7,93333	4,02
7,95000	4,02
7,96667	4,00
7,98333	4,01
8,00000	4,01
8,01667	4,00
8,03333	4,01
8,05000	4,01
8,06667	4,00
8,08333	4,01
8,10000	4,01
8,11667	4,00
8,13333	4,01
8,15000	4,01
8,16667	4,00
8,18333	4,01
8,20000	4,01
8,21667	4,00
8,23333	4,01
8,25000	4,01
8,26667	4,00
8,28333	4,01
8,30000	4,01
8,31667	4,00
8,33333	4,01
8,35000	4,01
8,36667	4,00
8,38333	4,01
8,40000	4,01
8,41667	4,00
8,43333	4,01
8,45000	4,01
8,46667	4,00
8,48333	4,01
8,50000	4,01
8,51667	4,00
8,53333	4,01
8,55000	4,01
8,56667	4,00
8,58333	4,01
8,60000	4,01
8,61667	4,00
8,63333	4,01
8,65000	4,01
8,66667	4,00
8,68333	4,01
8,70000	4,01
8,71667	4,00
8,73333	4,01
8,75000	4,01
8,76667	4,00
8,78333	4,01
8,80000	4,01
8,81667	4,00
8,83333	4,01
8,85000	4,01
8,86667	4,00
8,88333	4,01
8,90000	4,01
8,91667	4,00
8,93333	4,01
8,95000	4,01
8,96667	4,00
8,98333	4,01
9,00000	4,01
9,01667	4,00
9,03333	4,01
9,05000	4,01
9,06667	4,00
9,08333	4,01
9,10000	4,01
9,11667	4,00
9,13333	4,01
9,15000	4,01
9,16667	4,00
9,18333	4,01
9,20000	4,01
9,21667	4,00
9,23333	4,01
9,25000	4,01
9,26667	4,00
9,28333	4,01
9,30000	4,01
9,31667	4,00
9,33333	4,01
9,35000	4,01
9,36667	4,00
9,38333	4,01
9,40000	4,01
9,41667	4,00
9,43333	4,01
9,45000	4,01
9,46667	4,00
9,48333	4,01
9,50000	4,01
9,51667	3,99
9,53333	4,01
9,55000	4,01
9,56667	3,99
9,58333	4,00
9,60000	4,01
9,61667	3,99
9,63333	4,01
9,65000	4,01
9,66667	3,99
9,68333	4,00
9,70000	4,01
9,71667	3,99
9,73333	4,01
9,75000	4,01
9,76667	3,99
9,78333	4,01
9,80000	4,01
9,81667	3,99
9,83333	4,01
9,85000	4,00
9,86667	3,99
9,88333	4,01
9,90000	4,01
9,91667	3,99
9,93333	4,01
9,95000	4,00
9,96667	3,99
9,98333	4,00
10,00000	4,01
10,01667	3,99
10,03333	4,00
10,05000	4,00
10,06667	3,99
10,08333	4,00
10,10000	4,01
10,11667	3,99
10,13333	4,00
10,15000	4,00
10,16667	3,99
10,18333	4,00
10,20000	4,00
10,21667	3,99
10,23333	4,00
10,25000	4,00
10,26667	3,99
10,28333	4,00
10,30000	4,00
10,31667	3,99
10,33333	4,00
10,35000	4,00
10,36667	3,99
10,38333	4,00
10,40000	4,00
10,41667	3,99
10,43333	4,00
10,45000	4,00
10,46667	3,99
10,48333	4,00
10,50000	4,00
10,51667	3,99
10,53333	4,00
10,55000	4,00
10,56667	3,99
10,58333	4,00
10,60000	4,00
10,61667	3,99
10,63333	4,00
10,65000	4,00
10,66667	3,99
10,68333	4,00
10,70000	4,00
10,71667	3,99
10,73333	4,00
10,75000	4,00
10,76667	3,99
10,78333	4,00
10,80000	4,00
10,81667	3,99
10,83333	4,00
10,85000	4,00
10,86667	3,99
10,88333	4,00
10,90000	4,00
10,91667	3,99
10,93333	4,00
10,95000	4,00
10,96667	3,99
10,98333	4,00
11,00000	4,00
11,01667	3,99
11,03333	4,00
11,05000	4,00
11,06667	3,99
11,08333	4,00
11,10000	4,00
11,11667	3,99
11,13333	4,00
11,15000	4,00
11,16667	3,99
11,18333	4,00
11,20000	4,00
11,21667	3,99
11,23333	4,00
11,25000	4,00
11,26667	3,99
11,28333	4,00
11,30000	4,00
11,31667	3,99
11,33333	4,00
11,35000	4,00
11,36667	3,99
11,38333	4,00
11,40000	4,00
11,41667	3,99
11,43333	4,00
11,45000	4,00
11,46667	3,99
11,48333	4,00
11,50000	4,00
11,51667	3,99
11,53333	4,00
11,55000	4,00
11,56667	3,99
11,58333	4,00
11,60000	4,00
11,61667	3,99
11,63333	4,00
11,65000	4,00
11,66667	3,99
11,68333	4,00
11,70000	4,00
11,71667	3,99
11,73333	4,00
11,75000	4,00
11,76667	3,99
11,78333	4,00
11,80000	4,00
11,81667	3,99
11,83333	4,00
11,85000	4,00
11,86667	3,99
11,88333	4,00
11,90000	4,00
11,91667	3,99
11,93333	4,00
11,95000	4,00
11,96667	3,99
11,98333	4,00
12,00000	4,00
12,01667	3,99
12,03333	4,00
12,05000	4,00
12,06667	3,99
12,08333	4,00
12,10000	4,00
12,11667	3,99
12,13333	4,00
12,15000	4,00
12,16667	3,99
12,18333	4,00
12,20000	4,00
12,21667	3,99
12,23333	4,00
12,25000	4,00
12,26667	3,99
12,28333	4,00
12,30000	4,00
12,31667	3,98
12,33333	4,00
12,35000	4,00
12,36667	3,99
12,38333	4,00
12,40000	4,00
12,41667	3,99
12,43333	4,00
12,45000	4,00
12,46667	3,99
12,48333	4,00
12,50000	4,00
12,51667	3,99
12,53333	4,00
12,55000	4,00
12,56667	3,98
12,58333	3,99
12,60000	4,00
12,61667	3,99
12,63333	4,00
12,65000	4,00
12,66667	3,98
12,68333	4,00
12,70000	4,00
12,71667	3,99
12,73333	4,00
12,75000	4,00
12,76667	3,99
12,78333	4,00
12,80000	4,00
12,81667	3,99
12,83333	4,00
12,85000	4,00
12,86667	3,99
12,88333	4,00
12,90000	4,00
12,91667	3,99
12,93333	4,00
12,95000	4,00
12,96667	3,99
12,98333	4,00
13,00000	4,00
13,01667	3,98
13,03333	4,00
13,05000	4,00
13,06667	3,99
13,08333	4,00
13,10000	4,00
13,11667	3,98
13,13333	4,00
13,15000	4,00
13,16667	3,99
13,18333	4,00
13,20000	4,00
13,21667	3,98
13,23333	4,00
13,25000	4,00
13,26667	3,99
13,28333	4,00
13,30000	4,00
13,31667	3,99
13,33333	4,00
13,35000	4,00
13,36667	3,99
13,38333	4,00
13,40000	4,00
13,41667	3,98
13,43333	4,00
13,45000	4,00
13,46667	3,99
13,48333	4,00
13,50000	4,00
13,51667	3,99
13,53333	4,00
13,55000	4,00
13,56667	3,99
13,58333	4,00
13,60000	4,00
13,61667	3,99
13,63333	4,00
13,65000	4,00
13,66667	3,99
13,68333	4,00
13,70000	4,00
13,71667	3,99
13,73333	4,00
13,75000	4,00
13,76667	3,99
13,78333	4,00
13,80000	4,00
13,81667	3,98
13,83333	4,00
13,85000	4,00
13,86667	3,98
13,88333	4,00
13,90000	4,00
13,91667	3,98
13,93333	4,00
13,95000	4,00
13,96667	3,98
13,98333	4,00
14,00000	3,99
14,01667	3,98
14,03333	4,00
14,05000	4,00
14,06667	3,98
14,08333	3,99
14,10000	4,00
14,11667	3,98
14,13333	4,00
14,15000	3,99
14,16667	3,98
14,18333	4,00
14,20000	4,00
14,21667	3,98
14,23333	4,00
14,25000	3,99
14,26667	3,98
14,28333	3,99
14,30000	4,00
14,31667	3,98
14,33333	4,00
14,35000	4,00
14,36667	3,98
14,38333	4,00
14,40000	4,00
14,41667	3,98
14,43333	4,00
14,45000	3,99
14,46667	3,98
14,48333	4,00
14,50000	4,00
14,51667	3,98
14,53333	4,00
14,55000	4,00
14,56667	3,98
14,58333	4,00
14,60000	4,00
14,61667	3,99
14,63333	4,00
14,65000	3,99
14,66667	3,99
14,68333	4,00
14,70000	4,00
14,71667	3,98
14,73333	4,00
14,75000	4,00
14,76667	3,98
14,78333	4,00
14,80000	4,00
14,81667	3,98
14,83333	3,99
14,85000	4,00
14,86667	3,98
14,88333	4,00
14,90000	4,00
14,91667	3,98
14,93333	3,99
14,95000	4,00
14,96667	3,99
14,98333	4,00
15,00000	4,00
15,01667	3,98
15,03333	4,00
15,05000	4,00
15,06667	3,99
15,08333	4,00
15,10000	4,00
15,11667	3,98
15,13333	3,99
15,15000	4,00
15,16667	3,98
15,18333	3,99
15,20000	4,00
15,21667	3,98
15,23333	3,99
15,25000	3,99
15,26667	3,98
15,28333	4,00
15,30000	3,99
15,31667	3,98
15,33333	3,99
15,35000	4,00
15,36667	3,98
15,38333	4,00
15,40000	3,99
15,41667	3,98
15,43333	4,00
15,45000	4,00
15,46667	3,98
15,48333	3,99
15,50000	4,00
15,51667	3,98
15,53333	4,00
15,55000	4,00
15,56667	3,98
15,58333	3,99
15,60000	4,00
15,61667	3,98
15,63333	4,00
15,65000	4,00
15,66667	3,98
15,68333	3,99
15,70000	4,00
15,71667	3,99
15,73333	4,00
15,75000	3,99
15,76667	3,98
15,78333	4,00
15,80000	4,00
15,81667	3,98
15,83333	3,99
15,85000	3,99
15,86667	3,98
15,88333	3,99
15,90000	3,99
15,91667	3,98
15,93333	4,00
15,95000	4,00
15,96667	3,98
15,98333	3,99
16,00000	4,00
16,01667	3,98
16,03333	3,99
16,05000	4,00
16,06667	3,98
16,08333	4,00
16,10000	4,00
16,11667	3,98
16,13333	4,00
16,15000	3,99
16,16667	3,98
16,18333	4,00
16,20000	4,00
16,21667	3,98
16,23333	4,00
16,25000	3,99
16,26667	3,98
16,28333	4,00
16,30000	4,00
16,31667	3,98
16,33333	4,00
16,35000	4,00
16,36667	3,98
16,38333	4,00
16,40000	4,00
16,41667	3,98
16,43333	3,99
16,45000	4,00
16,46667	3,98
16,48333	3,99
16,50000	4,00
16,51667	3,98
16,53333	3,99
16,55000	3,99
16,56667	3,98
16,58333	4,00
16,60000	3,99
16,61667	3,98
16,63333	3,99
16,65000	4,00
16,66667	3,98
16,68333	3,99
16,70000	3,99
16,71667	3,98
16,73333	4,00
16,75000	4,00
16,76667	3,98
16,78333	3,99
16,80000	3,99
16,81667	3,98
16,83333	4,00
16,85000	3,99
16,86667	3,98
16,88333	3,99
16,90000	3,99
16,91667	3,98
16,93333	3,99
16,95000	3,99
16,96667	3,98
16,98333	3,99
17,00000	3,99
17,01667	3,98
17,03333	3,99
17,05000	3,99
17,06667	3,98
17,08333	3,99
17,10000	3,99
17,11667	3,98
17,13333	3,99
17,15000	3,99
17,16667	3,98
17,18333	3,99
17,20000	3,99
17,21667	3,98
17,23333	3,99
17,25000	3,99
17,26667	3,98
17,28333	3,99
17,30000	3,99
17,31667	3,98
17,33333	3,99
17,35000	3,99
17,36667	3,98
17,38333	3,99
17,40000	3,99
17,41667	3,98
17,43333	3,99
17,45000	3,99
17,46667	3,98
17,48333	3,99
17,50000	3,99
17,51667	3,98
17,53333	3,99
17,55000	3,99
17,56667	3,98
17,58333	3,99
17,60000	3,99
17,61667	3,98
17,63333	3,99
17,65000	3,99
17,66667	3,98
17,68333	3,99
17,70000	3,99
17,71667	3,98
17,73333	3,99
17,75000	3,99
17,76667	3,98
17,78333	3,99
17,80000	3,99
17,81667	3,98
17,83333	3,99
17,85000	3,99
17,86667	3,98
17,88333	3,99
17,90000	3,99
17,91667	3,98
17,93333	3,99
17,95000	3,99
17,96667	3,98
17,98333	3,99
18,00000	3,99
18,01667	3,98
18,03333	3,99
18,05000	3,99
18,06667	3,98
18,08333	3,99
18,10000	3,99
18,11667	3,98
18,13333	3,99
18,15000	3,99
18,16667	3,98
18,18333	3,99
18,20000	3,99
18,21667	3,98
18,23333	3,99
18,25000	3,99
18,26667	3,98
18,28333	3,99
18,30000	3,99
18,31667	3,98
18,33333	3,99
18,35000	3,99
18,36667	3,98
18,38333	3,99
18,40000	3,99
18,41667	3,98
18,43333	3,99
18,45000	3,99
18,46667	3,98
18,48333	3,99
18,50000	3,99
18,51667	3,98
18,53333	3,99
18,55000	3,99
18,56667	3,98
18,58333	3,99
18,60000	3,99
18,61667	3,98
18,63333	3,99
18,65000	3,99
18,66667	3,98
18,68333	3,99
18,70000	3,99
18,71667	3,98
18,73333	3,99
18,75000	3,99
18,76667	3,98
18,78333	3,99
18,80000	3,99
18,81667	3,98
18,83333	3,99
18,85000	3,99
18,86667	3,98
18,88333	3,99
18,90000	3,99
18,91667	3,98
18,93333	3,99
18,95000	4,00
18,96667	3,98
18,98333	3,99
19,00000	3,99
19,01667	3,98
19,03333	3,99
19,05000	3,99
19,06667	3,98
19,08333	3,99
19,10000	4,00
19,11667	3,98
19,13333	4,00
19,15000	3,99
19,16667	3,98
19,18333	4,00
19,20000	4,00
19,21667	3,98
19,23333	3,99
19,25000	3,99
19,26667	3,98
19,28333	4,00
19,30000	4,00
19,31667	3,98
19,33333	4,00
19,35000	4,00
19,36667	3,99
19,38333	4,00
19,40000	4,00
19,41667	3,99
19,43333	4,00
19,45000	4,00
19,46667	3,99
19,48333	4,00
19,50000	4,00
19,51667	3,99
19,53333	4,00
19,55000	4,00
19,56667	3,99
19,58333	4,00
19,60000	4,00
19,61667	3,98
19,63333	4,00
19,65000	4,00
19,66667	3,99
19,68333	4,00
19,70000	4,00
19,71667	3,99
19,73333	4,00
19,75000	4,00
19,76667	3,99
19,78333	4,00
19,80000	4,00
19,81667	3,99
19,83333	4,00
19,85000	4,00
19,86667	3,99
19,88333	4,00
19,90000	4,00
19,91667	3,99
19,93333	4,00
19,95000	4,00
19,96667	3,99
19,98333	4,00
20,00000	4,00
20,01667	3,99
20,03333	4,00
20,05000	4,00
20,06667	3,99
20,08333	4,00
20,10000	4,00
20,11667	3,99
20,13333	4,00
20,15000	4,00
20,16667	3,99
20,18333	4,00
20,20000	4,00
20,21667	3,99
20,23333	4,00
20,25000	4,00
20,26667	3,99
20,28333	4,00
20,30000	4,00
20,31667	3,99
20,33333	4,00
20,35000	4,00
20,36667	3,99
20,38333	4,00
20,40000	4,00
20,41667	3,99
20,43333	4,00
20,45000	4,00
20,46667	3,99
20,48333	4,00
20,50000	4,00
20,51667	3,99
20,53333	4,00
20,55000	4,00
20,56667	3,99
20,58333	4,00
20,60000	4,00
20,61667	3,99
20,63333	4,00
20,65000	4,00
20,66667	3,99
20,68333	4,00
20,70000	4,00
20,71667	3,99
20,73333	4,00
20,75000	4,00
20,76667	3,99
20,78333	4,00
20,80000	4,00
20,81667	3,99
20,83333	4,00
20,85000	4,00
20,86667	3,99
20,88333	4,00
20,90000	4,00
20,91667	3,99
20,93333	4,00
20,95000	4,00
20,96667	3,99
20,98333	4,00
21,00000	4,00
21,01667	3,99
21,03333	4,00
21,05000	4,00
21,06667	3,99
21,08333	4,00
21,10000	4,00
21,11667	3,99
21,13333	4,00
21,15000	4,00
21,16667	3,99
21,18333	4,00
21,20000	4,00
21,21667	3,99
21,23333	4,00
21,25000	4,00
21,26667	3,99
21,28333	4,00
21,30000	4,00
21,31667	3,99
21,33333	4,00
21,35000	4,00
21,36667	3,99
21,38333	4,00
21,40000	4,00
21,41667	3,99
21,43333	4,00
21,45000	4,00
21,46667	3,99
21,48333	4,00
21,50000	4,00
21,51667	3,99
21,53333	4,00
21,55000	4,00
21,56667	3,99
21,58333	4,00
21,60000	4,00
21,61667	3,99
21,63333	4,00
21,65000	4,00
21,66667	3,99
21,68333	4,00
21,70000	4,00
21,71667	3,99
21,73333	4,00
21,75000	4,00
21,76667	3,99
21,78333	4,00
21,80000	4,00
21,81667	3,99
21,83333	4,00
21,85000	4,00
21,86667	3,99
21,88333	4,00
21,90000	4,00
21,91667	3,99
21,93333	4,00
21,95000	4,00
21,96667	3,99
21,98333	4,00
22,00000	4,00
22,01667	3,99
22,03333	4,00
22,05000	4,00
22,06667	3,99
22,08333	4,00
22,10000	4,00
22,11667	3,99
22,13333	4,00
22,15000	4,00
22,16667	3,99
22,18333	4,00
22,20000	4,00
22,21667	3,99
22,23333	4,00
22,25000	4,00
22,26667	3,99
22,28333	4,00
22,30000	4,00
22,31667	3,99
22,33333	4,00
22,35000	4,00
22,36667	3,99
22,38333	4,00
22,40000	4,00
22,41667	3,99
22,43333	4,00
22,45000	4,00
22,46667	3,99
22,48333	4,00
22,50000	4,00
22,51667	3,99
22,53333	4,00
22,55000	4,00
22,56667	3,99
22,58333	4,00
22,60000	4,00
22,61667	3,99
22,63333	4,00
22,65000	4,00
22,66667	3,99
22,68333	4,00
22,70000	4,00
22,71667	3,99
22,73333	4,00
22,75000	4,00
22,76667	3,99
22,78333	4,00
22,80000	4,00
22,81667	3,99
22,83333	4,00
22,85000	4,00
22,86667	3,99
22,88333	4,00
22,90000	4,00
22,91667	3,99
22,93333	4,00
22,95000	4,00
22,96667	3,99
22,98333	4,00
23,00000	4,00
23,01667	3,99
23,03333	4,00
23,05000	4,00
23,06667	3,99
23,08333	4,00
23,10000	4,00
23,11667	3,99
23,13333	4,00
23,15000	4,00
23,16667	3,99
23,18333	4,00
23,20000	4,00
23,21667	3,99
23,23333	4,00
23,25000	4,00
23,26667	3,99
23,28333	4,00
23,30000	4,00
23,31667	3,99
23,33333	4,00
23,35000	4,00
23,36667	3,99
23,38333	4,00
23,40000	4,00
23,41667	3,99
23,43333	4,00
23,45000	4,00
23,46667	3,99
23,48333	4,00
23,50000	4,00
23,51667	3,99
23,53333	4,00
23,55000	4,00
23,56667	3,99
23,58333	4,00
23,60000	4,00
23,61667	3,99
23,63333	4,00
23,65000	4,00
23,66667	3,99
23,68333	4,00
23,70000	4,00
23,71667	3,99
23,73333	4,00
23,75000	4,00
23,76667	3,99
23,78333	4,00
23,80000	4,00
23,81667	3,99
23,83333	4,00
23,85000	4,00
23,86667	3,99
23,88333	4,00
23,90000	4,00
23,91667	3,99
23,93333	4,00
23,95000	4,00
23,96667	3,99
23,98333	4,00
24,00000	4,00
24,01667	3,99
24,03333	4,00
24,05000	4,00
24,06667	3,99
24,08333	4,00
24,10000	4,00
24,11667	3,99
24,13333	4,00
24,15000	4,00
24,16667	3,99
24,18333	4,00
24,20000	4,00
24,21667	3,99
24,23333	4,00
24,25000	4,00
24,26667	3,99
24,28333	4,00
24,30000	4,00
24,31667	3,99
24,33333	4,00
24,35000	4,00
24,36667	3,99
24,38333	4,00
24,40000	4,00
24,41667	3,99
24,43333	4,00
24,45000	4,00
24,46667	3,99
24,48333	4,00
24,50000	4,00
24,51667	3,99
24,53333	4,00
24,55000	4,00
24,56667	3,99
24,58333	4,00
24,60000	4,00
24,61667	3,99
24,63333	4,00
24,65000	4,00
24,66667	3,99
24,68333	4,00
24,70000	4,00
24,71667	3,99
24,73333	4,00
24,75000	4,00
24,76667	3,99
24,78333	4,00
24,80000	4,00
24,81667	3,99
24,83333	4,00
24,85000	4,00
24,86667	3,99
24,88333	4,00
24,90000	4,00
24,91667	3,99
24,93333	4,00
24,95000	4,00
24,96667	3,99
24,98333	4,00
25,00000	4,00
25,01667	3,99
25,03333	4,00
25,05000	4,00
25,06667	3,98
25,08333	4,00
25,10000	4,00
25,11667	3,99
25,13333	4,00
25,15000	4,00
25,16667	3,98
25,18333	4,00
25,20000	4,00
25,21667	3,99
25,23333	4,00
25,25000	4,00
25,26667	3,99
25,28333	4,00
25,30000	4,00
25,31667	3,98
25,33333	4,00
25,35000	4,00
25,36667	3,98
25,38333	4,00
25,40000	4,00
25,41667	3,98
25,43333	4,00
25,45000	4,00
25,46667	3,99
25,48333	4,00
25,50000	4,00
25,51667	3,98
25,53333	4,00
25,55000	4,00
25,56667	3,98
25,58333	4,00
25,60000	4,00
25,61667	3,98
25,63333	4,00
25,65000	3,99
25,66667	3,98
25,68333	4,00
25,70000	4,00
25,71667	3,98
25,73333	4,00
25,75000	4,00
25,76667	3,98
25,78333	3,99
25,80000	3,99
25,81667	3,98
25,83333	4,00
25,85000	3,99
25,86667	3,98
25,88333	3,99
25,90000	3,99
25,91667	3,98
25,93333	4,00
25,95000	4,00
25,96667	3,98
25,98333	3,99
26,00000	3,99
26,01667	3,98
26,03333	3,99
26,05000	3,99
26,06667	3,98
26,08333	3,99
26,10000	3,99
26,11667	3,98
26,13333	3,99
26,15000	3,99
26,16667	3,98
26,18333	3,99
26,20000	3,99
26,21667	3,98
26,23333	3,99
26,25000	3,99
26,26667	3,98
26,28333	3,99
26,30000	3,99
26,31667	3,98
26,33333	3,99
26,35000	3,99
26,36667	3,98
26,38333	3,99
26,40000	3,99
26,41667	3,98
26,43333	3,99
26,45000	3,99
26,46667	3,98
26,48333	3,99
26,50000	3,99
26,51667	3,98
26,53333	3,99
26,55000	3,99
26,56667	3,98
26,58333	3,99
26,60000	3,99
26,61667	3,98
26,63333	3,99
26,65000	3,99
26,66667	3,98
26,68333	3,99
26,70000	3,99
26,71667	3,98
26,73333	3,99
26,75000	3,99
26,76667	3,98
26,78333	3,99
26,80000	3,99
26,81667	3,98
26,83333	3,99
26,85000	3,99
26,86667	3,98
26,88333	3,99
26,90000	3,99
26,91667	3,98
26,93333	3,99
26,95000	3,99
26,96667	3,98
26,98333	3,99
27,00000	3,99
27,01667	3,98
27,03333	3,99
27,05000	3,99
27,06667	3,98
27,08333	3,99
27,10000	3,99
27,11667	3,98
27,13333	3,99
27,15000	3,99
27,16667	3,98
27,18333	3,99
27,20000	3,99
27,21667	3,98
27,23333	3,99
27,25000	3,99
27,26667	3,98
27,28333	3,99
27,30000	3,99
27,31667	3,98
27,33333	3,99
27,35000	3,99
27,36667	3,98
27,38333	3,99
27,40000	3,99
27,41667	3,98
27,43333	3,99
27,45000	3,99
27,46667	3,98
27,48333	3,99
27,50000	3,99
27,51667	3,98
27,53333	3,99
27,55000	3,99
27,56667	3,98
27,58333	3,99
27,60000	3,99
27,61667	3,98
27,63333	3,99
27,65000	3,99
27,66667	3,98
27,68333	3,99
27,70000	3,99
27,71667	3,98
27,73333	3,99
27,75000	3,99
27,76667	3,98
27,78333	3,99
27,80000	3,99
27,81667	3,98
27,83333	3,99
27,85000	3,99
27,86667	3,98
27,88333	3,99
27,90000	3,99
27,91667	3,98
27,93333	3,99
27,95000	3,99
27,96667	3,98
27,98333	3,99
28,00000	3,99
28,01667	3,98
28,03333	3,99
28,05000	3,99
28,06667	3,98
28,08333	3,99
28,10000	3,99
28,11667	3,98
28,13333	3,99
28,15000	3,99
28,16667	3,98
28,18333	3,99
28,20000	3,99
28,21667	3,98
28,23333	3,99
28,25000	3,99
28,26667	3,98
28,28333	3,99
28,30000	3,99
28,31667	3,98
28,33333	3,99
28,35000	3,99
28,36667	3,98
28,38333	3,99
28,40000	3,99
28,41667	3,98
28,43333	3,99
28,45000	3,99
28,46667	3,98
28,48333	3,99
28,50000	3,99
28,51667	3,98
28,53333	3,99
28,55000	3,99
28,56667	3,98
28,58333	3,99
28,60000	3,99
28,61667	3,98
28,63333	3,99
28,65000	3,99
28,66667	3,98
28,68333	3,99
28,70000	3,99
28,71667	3,98
28,73333	3,99
28,75000	3,99
28,76667	3,98
28,78333	3,99
28,80000	3,99
28,81667	3,98
28,83333	3,99
28,85000	3,99
28,86667	3,98
28,88333	3,99
28,90000	3,99
28,91667	3,98
28,93333	3,99
28,95000	3,99
28,96667	3,98
28,98333	3,99
29,00000	3,99
29,01667	3,98
29,03333	3,99
29,05000	3,99
29,06667	3,98
29,08333	3,99
29,10000	3,99
29,11667	3,98
29,13333	3,99
29,15000	3,99
29,16667	3,98
29,18333	3,99
29,20000	3,99
29,21667	3,98
29,23333	3,99
29,25000	3,99
29,26667	3,98
29,28333	3,99
29,30000	3,99
29,31667	3,98
29,33333	3,99
29,35000	3,99
29,36667	3,98
29,38333	3,99
29,40000	3,99
29,41667	3,98
29,43333	3,99
29,45000	3,99
29,46667	3,98
29,48333	3,99
29,50000	3,99
29,51667	3,98
29,53333	3,99
29,55000	3,99
29,56667	3,98
29,58333	3,99
29,60000	3,99
29,61667	3,98
29,63333	3,99
29,65000	3,99
29,66667	3,98
29,68333	3,99
29,70000	3,99
29,71667	3,98
29,73333	3,99
29,75000	3,99
29,76667	3,98
29,78333	3,99
29,80000	3,99
29,81667	3,98
29,83333	3,99
29,85000	4,00
29,86667	3,98
29,88333	4,00
29,90000	4,00
29,91667	3,98
29,93333	3,99
29,95000	4,00
29,96667	3,98
29,98333	3,99
30,00000	3,99
30,01667	3,98
30,03333	3,99
30,05000	3,99
30,06667	3,98
30,08333	3,99
30,10000	3,99
30,11667	3,98
30,13333	4,00
30,15000	4,00
30,16667	3,99
30,18333	4,00
30,20000	4,00
30,21667	3,98
30,23333	4,00
30,25000	4,00
30,26667	3,99
30,28333	4,00
30,30000	4,00
30,31667	3,99
30,33333	4,00
30,35000	4,00
30,36667	3,99
30,38333	4,00
30,40000	4,00
30,41667	3,99
30,43333	4,00
30,45000	4,00
30,46667	3,99
30,48333	4,00
30,50000	4,00
30,51667	3,99
30,53333	4,00
30,55000	4,00
30,56667	3,99
30,58333	4,00
30,60000	4,00
30,61667	3,99
30,63333	4,00
30,65000	4,00
30,66667	3,99
30,68333	4,00
30,70000	4,00
30,71667	3,99
30,73333	4,00
30,75000	4,00
30,76667	3,99
30,78333	4,00
30,80000	4,00
30,81667	3,99
30,83333	4,00
30,85000	4,00
30,86667	3,99
30,88333	4,00
30,90000	4,00
30,91667	3,99
30,93333	4,00
30,95000	4,00
30,96667	3,99
30,98333	4,00
31,00000	4,00
31,01667	3,99
31,03333	4,00
31,05000	4,00
31,06667	3,99
31,08333	4,00
31,10000	4,00
31,11667	3,99
31,13333	4,00
31,15000	4,00
31,16667	3,99
31,18333	4,00
31,20000	4,00
31,21667	3,99
31,23333	4,00
31,25000	4,00
31,26667	3,99
31,28333	4,00
31,30000	4,00
31,31667	3,99
31,33333	4,00
31,35000	4,00
31,36667	3,99
31,38333	4,00
31,40000	4,00
31,41667	3,99
31,43333	4,00
31,45000	4,00
31,46667	3,99
31,48333	4,00
31,50000	4,00
31,51667	3,99
31,53333	4,00
31,55000	4,00
31,56667	3,99
31,58333	4,00
31,60000	4,00
31,61667	3,99
31,63333	4,00
31,65000	4,00
31,66667	3,99
31,68333	4,00
31,70000	4,00
31,71667	3,99
31,73333	4,00
31,75000	4,00
31,76667	3,99
31,78333	4,00
31,80000	4,00
31,81667	3,99
31,83333	4,00
31,85000	4,00
31,86667	3,99
31,88333	4,00
31,90000	4,00
31,91667	3,99
31,93333	4,00
31,95000	4,00
31,96667	3,99
31,98333	4,00
32,00000	4,00

[LC Status Trace(Oven Temp.)]
Interval(msec)	1000
# of Points	1921
Start Time(min)	0,000
End Time(min)	32,000
Intensity Units	C
Intensity Multiplier	1
R.Time (min)	Intensity
0,00000	50,00
0,01667	50,00
0,03333	50,00
0,05000	50,00
0,06667	50,00
0,08333	50,00
0,10000	50,00
0,11667	50,00
0,13333	50,00
0,15000	50,00
0,16667	50,00
0,18333	50,00
0,20000	50,00
0,21667	50,00
0,23333	50,00
0,25000	50,00
0,26667	50,00
0,28333	50,00
0,30000	50,00
0,31667	50,00
0,33333	50,00
0,35000	50,00
0,36667	50,00
0,38333	50,00
0,40000	50,00
0,41667	50,00
0,43333	50,00
0,45000	50,00
0,46667	50,00
0,48333	50,00
0,50000	50,00
0,51667	50,00
0,53333	50,00
0,55000	50,00
0,56667	50,00
0,58333	50,00
0,60000	50,00
0,61667	50,00
0,63333	50,00
0,65000	50,00
0,66667	50,00
0,68333	50,00
0,70000	50,00
0,71667	50,00
0,73333	50,00
0,75000	50,00
0,76667	50,00
0,78333	50,00
0,80000	50,00
0,81667	50,00
0,83333	50,00
0,85000	50,00
0,86667	50,00
0,88333	50,00
0,90000	50,00
0,91667	49,99
0,93333	49,99
0,95000	49,99
0,96667	49,99
0,98333	49,99
1,00000	49,99
1,01667	49,99
1,03333	49,99
1,05000	49,99
1,06667	49,99
1,08333	49,99
1,10000	49,99
1,11667	49,99
1,13333	49,99
1,15000	49,99
1,16667	49,99
1,18333	49,99
1,20000	49,99
1,21667	49,99
1,23333	49,99
1,25000	49,99
1,26667	49,99
1,28333	49,99
1,30000	49,99
1,31667	49,99
1,33333	49,99
1,35000	49,99
1,36667	49,99
1,38333	49,99
1,40000	49,99
1,41667	49,99
1,43333	49,99
1,45000	49,99
1,46667	49,99
1,48333	49,99
1,50000	49,99
1,51667	49,99
1,53333	49,99
1,55000	49,99
1,56667	49,99
1,58333	49,99
1,60000	49,99
1,61667	49,99
1,63333	49,99
1,65000	49,99
1,66667	49,99
1,68333	49,99
1,70000	49,99
1,71667	49,99
1,73333	49,99
1,75000	49,99
1,76667	49,99
1,78333	49,99
1,80000	49,99
1,81667	50,00
1,83333	50,00
1,85000	50,00
1,86667	50,00
1,88333	50,00
1,90000	50,00
1,91667	50,00
1,93333	50,00
1,95000	50,00
1,96667	50,00
1,98333	50,00
2,00000	50,00
2,01667	50,00
2,03333	50,00
2,05000	50,00
2,06667	50,00
2,08333	50,00
2,10000	50,00
2,11667	50,00
2,13333	50,00
2,15000	50,00
2,16667	50,00
2,18333	50,00
2,20000	50,00
2,21667	50,00
2,23333	50,00
2,25000	50,00
2,26667	50,00
2,28333	50,00
2,30000	50,00
2,31667	50,00
2,33333	50,00
2,35000	50,00
2,36667	50,00
2,38333	50,00
2,40000	50,00
2,41667	50,00
2,43333	50,00
2,45000	50,00
2,46667	50,00
2,48333	50,00
2,50000	50,00
2,51667	50,00
2,53333	50,00
2,55000	50,00
2,56667	50,00
2,58333	49,99
2,60000	49,99
2,61667	49,99
2,63333	49,99
2,65000	49,99
2,66667	49,99
2,68333	49,99
2,70000	49,99
2,71667	49,99
2,73333	49,99
2,75000	49,99
2,76667	49,99
2,78333	49,99
2,80000	49,99
2,81667	49,99
2,83333	49,99
2,85000	49,99
2,86667	49,99
2,88333	49,99
2,90000	49,99
2,91667	49,99
2,93333	49,99
2,95000	49,99
2,96667	49,99
2,98333	49,99
3,00000	49,99
3,01667	49,99
3,03333	50,00
3,05000	50,00
3,06667	50,00
3,08333	50,00
3,10000	50,00
3,11667	50,00
3,13333	50,00
3,15000	50,00
3,16667	50,00
3,18333	50,00
3,20000	50,00
3,21667	50,00
3,23333	50,00
3,25000	50,00
3,26667	50,00
3,28333	50,00
3,30000	50,00
3,31667	50,00
3,33333	50,00
3,35000	50,00
3,36667	50,00
3,38333	50,00
3,40000	50,00
3,41667	50,00
3,43333	50,00
3,45000	50,00
3,46667	50,00
3,48333	49,99
3,50000	49,99
3,51667	49,99
3,53333	49,99
3,55000	49,99
3,56667	49,99
3,58333	49,99
3,60000	49,99
3,61667	49,99
3,63333	49,99
3,65000	49,99
3,66667	50,00
3,68333	50,00
3,70000	50,00
3,71667	50,00
3,73333	50,00
3,75000	50,00
3,76667	50,00
3,78333	50,00
3,80000	50,00
3,81667	50,00
3,83333	50,00
3,85000	50,00
3,86667	50,00
3,88333	50,00
3,90000	50,00
3,91667	50,00
3,93333	50,00
3,95000	50,00
3,96667	50,00
3,98333	50,00
4,00000	50,00
4,01667	50,00
4,03333	50,00
4,05000	50,00
4,06667	49,99
4,08333	49,99
4,10000	49,99
4,11667	49,99
4,13333	49,99
4,15000	49,99
4,16667	49,99
4,18333	49,99
4,20000	49,99
4,21667	49,99
4,23333	49,99
4,25000	49,99
4,26667	49,99
4,28333	49,99
4,30000	49,99
4,31667	49,99
4,33333	49,99
4,35000	49,99
4,36667	49,99
4,38333	49,99
4,40000	49,99
4,41667	49,99
4,43333	49,99
4,45000	49,99
4,46667	49,99
4,48333	49,99
4,50000	49,99
4,51667	49,99
4,53333	49,99
4,55000	49,99
4,56667	49,99
4,58333	49,99
4,60000	49,99
4,61667	49,99
4,63333	49,99
4,65000	49,99
4,66667	49,99
4,68333	49,99
4,70000	49,99
4,71667	49,99
4,73333	49,99
4,75000	49,99
4,76667	49,99
4,78333	49,99
4,80000	49,99
4,81667	49,99
4,83333	49,99
4,85000	49,99
4,86667	49,99
4,88333	49,99
4,90000	49,99
4,91667	49,99
4,93333	49,99
4,95000	49,99
4,96667	50,00
4,98333	50,00
5,00000	50,00
5,01667	50,00
5,03333	50,00
5,05000	50,00
5,06667	50,00
5,08333	50,00
5,10000	50,00
5,11667	50,00
5,13333	50,00
5,15000	50,00
5,16667	50,00
5,18333	50,00
5,20000	50,00
5,21667	50,00
5,23333	50,00
5,25000	50,00
5,26667	50,00
5,28333	49,99
5,30000	49,99
5,31667	49,99
5,33333	49,99
5,35000	49,99
5,36667	49,99
5,38333	49,99
5,40000	49,99
5,41667	49,99
5,43333	49,99
5,45000	49,99
5,46667	49,99
5,48333	49,99
5,50000	49,99
5,51667	49,99
5,53333	49,99
5,55000	49,99
5,56667	49,99
5,58333	49,99
5,60000	49,99
5,61667	50,00
5,63333	50,00
5,65000	50,00
5,66667	50,00
5,68333	50,00
5,70000	50,00
5,71667	50,00
5,73333	50,00
5,75000	50,00
5,76667	50,00
5,78333	50,00
5,80000	50,00
5,81667	50,00
5,83333	50,00
5,85000	50,00
5,86667	50,00
5,88333	50,00
5,90000	50,00
5,91667	50,00
5,93333	50,00
5,95000	50,00
5,96667	50,00
5,98333	50,00
6,00000	50,00
6,01667	50,00
6,03333	50,00
6,05000	50,00
6,06667	50,00
6,08333	50,00
6,10000	50,00
6,11667	50,00
6,13333	50,00
6,15000	50,00
6,16667	50,00
6,18333	50,00
6,20000	50,00
6,21667	50,00
6,23333	50,00
6,25000	50,00
6,26667	50,00
6,28333	50,00
6,30000	50,00
6,31667	50,00
6,33333	50,00
6,35000	50,00
6,36667	50,00
6,38333	50,00
6,40000	50,00
6,41667	50,00
6,43333	50,00
6,45000	50,00
6,46667	49,99
6,48333	49,99
6,50000	49,99
6,51667	49,99
6,53333	49,99
6,55000	49,99
6,56667	49,99
6,58333	49,99
6,60000	49,99
6,61667	49,99
6,63333	49,99
6,65000	49,99
6,66667	49,99
6,68333	49,99
6,70000	49,99
6,71667	49,99
6,73333	49,99
6,75000	49,99
6,76667	49,99
6,78333	49,99
6,80000	49,99
6,81667	49,99
6,83333	49,99
6,85000	49,99
6,86667	49,99
6,88333	49,99
6,90000	49,99
6,91667	49,99
6,93333	49,99
6,95000	49,99
6,96667	49,99
6,98333	49,99
7,00000	49,99
7,01667	49,99
7,03333	49,99
7,05000	49,99
7,06667	49,99
7,08333	49,99
7,10000	49,99
7,11667	49,99
7,13333	49,99
7,15000	49,99
7,16667	49,99
7,18333	49,99
7,20000	49,99
7,21667	49,99
7,23333	49,99
7,25000	49,99
7,26667	49,99
7,28333	49,99
7,30000	49,99
7,31667	49,99
7,33333	49,99
7,35000	49,99
7,36667	49,99
7,38333	49,99
7,40000	49,99
7,41667	49,99
7,43333	49,99
7,45000	49,99
7,46667	50,00
7,48333	50,00
7,50000	50,00
7,51667	50,00
7,53333	50,00
7,55000	50,00
7,56667	50,00
7,58333	50,00
7,60000	50,00
7,61667	50,00
7,63333	50,00
7,65000	50,00
7,66667	50,00
7,68333	50,00
7,70000	50,00
7,71667	50,00
7,73333	50,00
7,75000	50,00
7,76667	50,00
7,78333	50,00
7,80000	50,00
7,81667	50,00
7,83333	50,00
7,85000	50,00
7,86667	50,00
7,88333	50,00
7,90000	50,00
7,91667	50,00
7,93333	50,00
7,95000	50,00
7,96667	50,00
7,98333	50,00
8,00000	50,00
8,01667	50,00
8,03333	50,00
8,05000	50,00
8,06667	50,00
8,08333	50,00
8,10000	50,00
8,11667	50,00
8,13333	50,00
8,15000	50,00
8,16667	50,00
8,18333	50,00
8,20000	50,00
8,21667	50,00
8,23333	50,00
8,25000	50,00
8,26667	50,00
8,28333	50,00
8,30000	50,00
8,31667	50,00
8,33333	50,00
8,35000	50,00
8,36667	50,00
8,38333	50,00
8,40000	50,00
8,41667	50,00
8,43333	50,00
8,45000	50,00
8,46667	50,00
8,48333	50,00
8,50000	50,00
8,51667	50,00
8,53333	50,00
8,55000	50,00
8,56667	50,00
8,58333	50,00
8,60000	50,00
8,61667	50,00
8,63333	50,00
8,65000	50,00
8,66667	50,00
8,68333	49,99
8,70000	49,99
8,71667	49,99
8,73333	49,99
8,75000	49,99
8,76667	49,99
8,78333	49,99
8,80000	49,99
8,81667	49,99
8,83333	49,99
8,85000	49,99
8,86667	49,99
8,88333	49,99
8,90000	49,99
8,91667	49,99
8,93333	49,99
8,95000	49,99
8,96667	49,99
8,98333	49,99
9,00000	49,99
9,01667	50,00
9,03333	50,00
9,05000	50,00
9,06667	50,00
9,08333	50,00
9,10000	50,00
9,11667	50,00
9,13333	50,00
9,15000	50,00
9,16667	50,00
9,18333	50,00
9,20000	50,00
9,21667	50,00
9,23333	50,00
9,25000	50,00
9,26667	50,00
9,28333	50,00
9,30000	50,00
9,31667	50,00
9,33333	50,00
9,35000	50,00
9,36667	50,00
9,38333	50,00
9,40000	50,00
9,41667	50,00
9,43333	50,00
9,45000	50,00
9,46667	50,00
9,48333	50,00
9,50000	50,00
9,51667	50,00
9,53333	50,00
9,55000	50,00
9,56667	50,00
9,58333	50,00
9,60000	50,00
9,61667	50,00
9,63333	50,00
9,65000	50,00
9,66667	50,00
9,68333	50,00
9,70000	50,00
9,71667	50,00
9,73333	50,00
9,75000	50,00
9,76667	50,00
9,78333	50,00
9,80000	50,00
9,81667	49,99
9,83333	49,99
9,85000	49,99
9,86667	49,99
9,88333	49,99
9,90000	49,99
9,91667	49,99
9,93333	49,99
9,95000	49,99
9,96667	49,99
9,98333	49,99
10,00000	49,99
10,01667	49,99
10,03333	49,99
10,05000	49,99
10,06667	49,99
10,08333	49,99
10,10000	49,99
10,11667	49,99
10,13333	49,99
10,15000	49,99
10,16667	49,99
10,18333	49,99
10,20000	49,99
10,21667	49,99
10,23333	49,99
10,25000	49,99
10,26667	49,99
10,28333	49,99
10,30000	49,99
10,31667	49,99
10,33333	49,99
10,35000	49,99
10,36667	49,99
10,38333	49,99
10,40000	49,99
10,41667	49,99
10,43333	49,99
10,45000	49,99
10,46667	49,99
10,48333	49,99
10,50000	49,99
10,51667	49,99
10,53333	49,99
10,55000	49,99
10,56667	49,99
10,58333	49,99
10,60000	49,99
10,61667	50,00
10,63333	50,00
10,65000	50,00
10,66667	50,00
10,68333	50,00
10,70000	50,00
10,71667	49,99
10,73333	49,99
10,75000	49,99
10,76667	49,99
10,78333	49,99
10,80000	49,99
10,81667	49,99
10,83333	49,99
10,85000	49,99
10,86667	49,99
10,88333	50,00
10,90000	50,00
10,91667	50,00
10,93333	50,00
10,95000	50,00
10,96667	50,00
10,98333	50,00
11,00000	50,00
11,01667	50,00
11,03333	50,00
11,05000	50,00
11,06667	50,00
11,08333	50,00
11,10000	50,00
11,11667	50,00
11,13333	50,00
11,15000	50,00
11,16667	50,00
11,18333	50,00
11,20000	50,00
11,21667	50,00
11,23333	50,00
11,25000	50,00
11,26667	50,00
11,28333	50,00
11,30000	50,00
11,31667	50,00
11,33333	50,00
11,35000	50,00
11,36667	50,00
11,38333	50,00
11,40000	50,00
11,41667	50,00
11,43333	50,00
11,45000	50,00
11,46667	50,00
11,48333	50,00
11,50000	50,00
11,51667	50,00
11,53333	50,00
11,55000	50,00
11,56667	50,00
11,58333	50,00
11,60000	50,00
11,61667	50,00
11,63333	50,00
11,65000	50,00
11,66667	50,00
11,68333	50,00
11,70000	50,00
11,71667	50,00
11,73333	50,00
11,75000	50,00
11,76667	50,00
11,78333	50,00
11,80000	49,99
11,81667	49,99
11,83333	49,99
11,85000	49,99
11,86667	49,99
11,88333	49,99
11,90000	49,99
11,91667	49,99
11,93333	49,99
11,95000	49,99
11,96667	49,99
11,98333	49,99
12,00000	49,99
12,01667	49,99
12,03333	49,99
12,05000	49,99
12,06667	49,99
12,08333	49,99
12,10000	49,99
12,11667	49,99
12,13333	49,99
12,15000	49,99
12,16667	49,99
12,18333	49,99
12,20000	49,99
12,21667	49,99
12,23333	49,99
12,25000	49,99
12,26667	49,99
12,28333	49,99
12,30000	49,99
12,31667	49,99
12,33333	49,99
12,35000	49,99
12,36667	49,99
12,38333	49,99
12,40000	49,99
12,41667	49,99
12,43333	49,99
12,45000	49,99
12,46667	49,99
12,48333	49,99
12,50000	49,99
12,51667	49,99
12,53333	49,99
12,55000	49,99
12,56667	49,99
12,58333	49,99
12,60000	49,99
12,61667	49,99
12,63333	49,99
12,65000	49,99
12,66667	49,99
12,68333	49,99
12,70000	49,99
12,71667	49,99
12,73333	49,99
12,75000	49,99
12,76667	49,99
12,78333	50,00
12,80000	50,00
12,81667	50,00
12,83333	50,00
12,85000	50,00
12,86667	50,00
12,88333	50,00
12,90000	50,00
12,91667	50,00
12,93333	50,00
12,95000	50,00
12,96667	50,00
12,98333	50,00
13,00000	50,00
13,01667	50,00
13,03333	50,00
13,05000	50,00
13,06667	50,00
13,08333	50,00
13,10000	50,00
13,11667	50,00
13,13333	50,00
13,15000	50,00
13,16667	50,00
13,18333	50,00
13,20000	50,00
13,21667	50,00
13,23333	50,00
13,25000	50,00
13,26667	50,00
13,28333	50,00
13,30000	50,00
13,31667	50,00
13,33333	50,00
13,35000	50,00
13,36667	50,00
13,38333	50,00
13,40000	50,00
13,41667	50,00
13,43333	50,00
13,45000	50,00
13,46667	50,00
13,48333	50,00
13,50000	50,00
13,51667	50,00
13,53333	50,00
13,55000	50,00
13,56667	50,00
13,58333	50,00
13,60000	50,00
13,61667	50,00
13,63333	50,00
13,65000	50,00
13,66667	50,00
13,68333	50,00
13,70000	50,00
13,71667	50,00
13,73333	50,00
13,75000	50,00
13,76667	50,00
13,78333	50,00
13,80000	50,00
13,81667	50,00
13,83333	50,00
13,85000	50,00
13,86667	50,00
13,88333	50,00
13,90000	50,00
13,91667	50,00
13,93333	50,00
13,95000	50,00
13,96667	50,00
13,98333	50,00
14,00000	50,00
14,01667	50,00
14,03333	50,00
14,05000	50,00
14,06667	50,00
14,08333	50,00
14,10000	50,00
14,11667	50,00
14,13333	50,00
14,15000	49,99
14,16667	49,99
14,18333	49,99
14,20000	49,99
14,21667	49,99
14,23333	49,99
14,25000	49,99
14,26667	49,99
14,28333	49,99
14,30000	49,99
14,31667	49,99
14,33333	49,99
14,35000	49,99
14,36667	49,99
14,38333	49,99
14,40000	49,99
14,41667	49,99
14,43333	49,99
14,45000	49,99
14,46667	49,99
14,48333	49,99
14,50000	49,99
14,51667	49,99
14,53333	49,99
14,55000	49,99
14,56667	49,99
14,58333	49,99
14,60000	49,99
14,61667	49,99
14,63333	49,99
14,65000	49,99
14,66667	49,99
14,68333	49,99
14,70000	49,99
14,71667	49,99
14,73333	49,99
14,75000	49,99
14,76667	49,99
14,78333	49,99
14,80000	49,99
14,81667	49,99
14,83333	49,99
14,85000	49,99
14,86667	49,99
14,88333	49,99
14,90000	49,99
14,91667	49,99
14,93333	49,99
14,95000	49,99
14,96667	49,99
14,98333	49,99
15,00000	49,99
15,01667	49,99
15,03333	49,99
15,05000	49,99
15,06667	49,99
15,08333	49,99
15,10000	49,99
15,11667	49,99
15,13333	49,99
15,15000	49,99
15,16667	49,99
15,18333	49,99
15,20000	49,99
15,21667	49,99
15,23333	49,99
15,25000	49,99
15,26667	49,99
15,28333	49,99
15,30000	49,99
15,31667	49,99
15,33333	49,99
15,35000	49,99
15,36667	49,99
15,38333	49,99
15,40000	49,99
15,41667	50,00
15,43333	50,00
15,45000	50,00
15,46667	50,00
15,48333	50,00
15,50000	50,00
15,51667	50,00
15,53333	50,00
15,55000	50,00
15,56667	50,00
15,58333	50,00
15,60000	50,00
15,61667	50,00
15,63333	50,00
15,65000	49,99
15,66667	49,99
15,68333	49,99
15,70000	49,99
15,71667	49,99
15,73333	50,00
15,75000	50,00
15,76667	50,00
15,78333	50,00
15,80000	50,00
15,81667	50,00
15,83333	50,00
15,85000	50,00
15,86667	50,00
15,88333	50,00
15,90000	50,00
15,91667	50,00
15,93333	50,00
15,95000	50,00
15,96667	50,00
15,98333	50,00
16,00000	50,00
16,01667	50,00
16,03333	49,99
16,05000	49,99
16,06667	49,99
16,08333	49,99
16,10000	49,99
16,11667	49,99
16,13333	49,99
16,15000	49,99
16,16667	49,99
16,18333	49,99
16,20000	49,99
16,21667	49,99
16,23333	49,99
16,25000	49,99
16,26667	49,99
16,28333	49,99
16,30000	49,99
16,31667	49,99
16,33333	49,99
16,35000	50,00
16,36667	50,00
16,38333	50,00
16,40000	50,00
16,41667	50,00
16,43333	50,00
16,45000	50,00
16,46667	50,00
16,48333	50,00
16,50000	50,00
16,51667	50,00
16,53333	50,00
16,55000	50,00
16,56667	50,00
16,58333	50,00
16,60000	50,00
16,61667	50,00
16,63333	50,00
16,65000	50,00
16,66667	50,00
16,68333	50,00
16,70000	50,00
16,71667	50,00
16,73333	50,00
16,75000	50,00
16,76667	50,00
16,78333	50,00
16,80000	50,00
16,81667	50,00
16,83333	50,00
16,85000	50,00
16,86667	50,00
16,88333	50,00
16,90000	50,00
16,91667	50,00
16,93333	50,00
16,95000	50,00
16,96667	50,00
16,98333	50,00
17,00000	50,00
17,01667	50,00
17,03333	50,00
17,05000	50,00
17,06667	50,00
17,08333	50,00
17,10000	50,00
17,11667	50,00
17,13333	50,00
17,15000	50,00
17,16667	50,00
17,18333	50,00
17,20000	50,00
17,21667	50,00
17,23333	50,00
17,25000	50,00
17,26667	50,00
17,28333	50,00
17,30000	50,00
17,31667	50,00
17,33333	50,00
17,35000	50,00
17,36667	50,00
17,38333	50,00
17,40000	50,00
17,41667	50,00
17,43333	49,99
17,45000	49,99
17,46667	49,99
17,48333	49,99
17,50000	49,99
17,51667	49,99
17,53333	49,99
17,55000	49,99
17,56667	49,99
17,58333	49,99
17,60000	49,99
17,61667	49,99
17,63333	49,99
17,65000	49,99
17,66667	49,99
17,68333	49,99
17,70000	49,99
17,71667	49,99
17,73333	49,99
17,75000	49,99
17,76667	49,99
17,78333	49,99
17,80000	49,99
17,81667	49,99
17,83333	49,99
17,85000	49,99
17,86667	49,99
17,88333	49,99
17,90000	49,99
17,91667	49,99
17,93333	49,99
17,95000	49,99
17,96667	49,99
17,98333	49,99
18,00000	49,99
18,01667	49,99
18,03333	49,99
18,05000	49,99
18,06667	49,99
18,08333	49,99
18,10000	49,99
18,11667	49,99
18,13333	49,99
18,15000	49,99
18,16667	49,99
18,18333	49,99
18,20000	49,99
18,21667	49,99
18,23333	49,99
18,25000	49,99
18,26667	49,99
18,28333	49,99
18,30000	49,99
18,31667	49,99
18,33333	49,99
18,35000	49,99
18,36667	49,99
18,38333	49,99
18,40000	49,99
18,41667	49,99
18,43333	50,00
18,45000	50,00
18,46667	50,00
18,48333	50,00
18,50000	50,00
18,51667	50,00
18,53333	50,00
18,55000	50,00
18,56667	50,00
18,58333	50,00
18,60000	50,00
18,61667	50,00
18,63333	50,00
18,65000	50,00
18,66667	50,00
18,68333	50,00
18,70000	50,00
18,71667	50,00
18,73333	50,00
18,75000	50,00
18,76667	50,00
18,78333	50,00
18,80000	50,00
18,81667	50,00
18,83333	50,00
18,85000	50,00
18,86667	50,00
18,88333	50,00
18,90000	50,00
18,91667	50,00
18,93333	50,00
18,95000	50,00
18,96667	50,00
18,98333	50,00
19,00000	50,00
19,01667	50,00
19,03333	50,00
19,05000	50,00
19,06667	50,00
19,08333	50,00
19,10000	50,00
19,11667	50,00
19,13333	50,00
19,15000	50,00
19,16667	50,00
19,18333	50,00
19,20000	50,00
19,21667	50,00
19,23333	50,00
19,25000	50,00
19,26667	50,00
19,28333	50,00
19,30000	50,00
19,31667	50,00
19,33333	50,00
19,35000	50,00
19,36667	49,99
19,38333	49,99
19,40000	49,99
19,41667	49,99
19,43333	49,99
19,45000	49,99
19,46667	49,99
19,48333	49,99
19,50000	49,99
19,51667	49,99
19,53333	49,99
19,55000	49,99
19,56667	49,99
19,58333	49,99
19,60000	49,99
19,61667	49,99
19,63333	49,99
19,65000	49,99
19,66667	49,99
19,68333	49,99
19,70000	49,99
19,71667	49,99
19,73333	49,99
19,75000	49,99
19,76667	49,99
19,78333	49,99
19,80000	49,99
19,81667	49,99
19,83333	49,99
19,85000	49,99
19,86667	49,99
19,88333	49,99
19,90000	49,99
19,91667	49,99
19,93333	49,99
19,95000	49,99
19,96667	49,99
19,98333	49,99
20,00000	49,99
20,01667	49,99
20,03333	49,99
20,05000	49,99
20,06667	49,99
20,08333	49,99
20,10000	49,99
20,11667	49,99
20,13333	50,00
20,15000	50,00
20,16667	50,00
20,18333	50,00
20,20000	50,00
20,21667	50,00
20,23333	50,00
20,25000	50,00
20,26667	50,00
20,28333	50,00
20,30000	50,00
20,31667	50,00
20,33333	50,00
20,35000	50,00
20,36667	50,00
20,38333	50,00
20,40000	50,00
20,41667	50,00
20,43333	50,00
20,45000	50,00
20,46667	50,00
20,48333	50,00
20,50000	50,00
20,51667	50,00
20,53333	50,00
20,55000	50,00
20,56667	50,00
20,58333	50,00
20,60000	50,00
20,61667	50,00
20,63333	50,00
20,65000	50,00
20,66667	50,00
20,68333	50,00
20,70000	49,99
20,71667	49,99
20,73333	49,99
20,75000	49,99
20,76667	49,99
20,78333	49,99
20,80000	49,99
20,81667	49,99
20,83333	49,99
20,85000	49,99
20,86667	49,99
20,88333	49,99
20,90000	49,99
20,91667	49,99
20,93333	49,99
20,95000	49,99
20,96667	49,99
20,98333	49,99
21,00000	49,99
21,01667	49,99
21,03333	49,99
21,05000	49,99
21,06667	49,99
21,08333	49,99
21,10000	49,99
21,11667	49,99
21,13333	49,99
21,15000	49,99
21,16667	49,99
21,18333	50,00
21,20000	50,00
21,21667	50,00
21,23333	50,00
21,25000	50,00
21,26667	50,00
21,28333	50,00
21,30000	50,00
21,31667	50,00
21,33333	50,00
21,35000	50,00
21,36667	50,00
21,38333	50,00
21,40000	50,00
21,41667	50,00
21,43333	50,00
21,45000	50,00
21,46667	50,00
21,48333	50,00
21,50000	50,00
21,51667	50,00
21,53333	50,00
21,55000	50,00
21,56667	50,00
21,58333	50,00
21,60000	50,00
21,61667	50,00
21,63333	50,00
21,65000	50,00
21,66667	50,00
21,68333	50,00
21,70000	50,00
21,71667	50,00
21,73333	50,00
21,75000	50,00
21,76667	50,00
21,78333	50,00
21,80000	49,99
21,81667	49,99
21,83333	49,99
21,85000	49,99
21,86667	49,99
21,88333	49,99
21,90000	49,99
21,91667	49,99
21,93333	49,99
21,95000	49,99
21,96667	49,99
21,98333	49,99
22,00000	49,99
22,01667	49,99
22,03333	49,99
22,05000	49,99
22,06667	49,99
22,08333	49,99
22,10000	49,99
22,11667	49,99
22,13333	49,99
22,15000	49,99
22,16667	49,99
22,18333	49,99
22,20000	49,99
22,21667	49,99
22,23333	49,99
22,25000	49,99
22,26667	49,99
22,28333	49,99
22,30000	49,99
22,31667	49,99
22,33333	49,99
22,35000	49,99
22,36667	49,99
22,38333	49,99
22,40000	49,99
22,41667	49,99
22,43333	49,99
22,45000	49,99
22,46667	49,99
22,48333	49,99
22,50000	49,99
22,51667	50,00
22,53333	50,00
22,55000	50,00
22,56667	50,00
22,58333	50,00
22,60000	50,00
22,61667	50,00
22,63333	50,00
22,65000	50,00
22,66667	50,00
22,68333	50,00
22,70000	50,00
22,71667	50,00
22,73333	50,00
22,75000	50,00
22,76667	50,00
22,78333	50,00
22,80000	50,00
22,81667	50,00
22,83333	50,00
22,85000	50,00
22,86667	50,00
22,88333	50,00
22,90000	50,00
22,91667	50,00
22,93333	50,00
22,95000	50,00
22,96667	50,00
22,98333	50,00
23,00000	50,00
23,01667	50,00
23,03333	50,00
23,05000	50,00
23,06667	50,00
23,08333	50,00
23,10000	50,00
23,11667	50,00
23,13333	50,00
23,15000	50,00
23,16667	50,00
23,18333	50,00
23,20000	50,00
23,21667	50,00
23,23333	50,00
23,25000	50,00
23,26667	50,00
23,28333	50,00
23,30000	50,00
23,31667	50,00
23,33333	50,00
23,35000	50,00
23,36667	50,00
23,38333	50,00
23,40000	50,00
23,41667	50,00
23,43333	50,00
23,45000	50,00
23,46667	50,00
23,48333	50,00
23,50000	50,00
23,51667	50,00
23,53333	50,00
23,55000	50,00
23,56667	50,00
23,58333	50,00
23,60000	50,00
23,61667	50,00
23,63333	50,00
23,65000	50,00
23,66667	50,00
23,68333	50,00
23,70000	50,00
23,71667	50,00
23,73333	50,00
23,75000	50,00
23,76667	50,00
23,78333	50,00
23,80000	50,00
23,81667	50,00
23,83333	50,00
23,85000	50,00
23,86667	50,00
23,88333	50,00
23,90000	50,00
23,91667	50,00
23,93333	50,00
23,95000	50,00
23,96667	50,00
23,98333	50,00
24,00000	50,00
24,01667	50,00
24,03333	50,00
24,05000	50,00
24,06667	50,00
24,08333	50,00
24,10000	50,00
24,11667	50,00
24,13333	50,00
24,15000	50,00
24,16667	50,00
24,18333	50,00
24,20000	50,00
24,21667	49,99
24,23333	49,99
24,25000	49,99
24,26667	49,99
24,28333	49,99
24,30000	49,99
24,31667	49,99
24,33333	49,99
24,35000	49,99
24,36667	49,99
24,38333	49,99
24,40000	49,99
24,41667	49,99
24,43333	49,99
24,45000	49,99
24,46667	49,99
24,48333	49,99
24,50000	49,99
24,51667	49,99
24,53333	49,99
24,55000	49,99
24,56667	49,99
24,58333	49,99
24,60000	49,99
24,61667	49,99
24,63333	49,99
24,65000	49,99
24,66667	49,99
24,68333	49,99
24,70000	49,99
24,71667	49,99
24,73333	49,99
24,75000	49,99
24,76667	49,99
24,78333	49,99
24,80000	49,99
24,81667	49,99
24,83333	49,99
24,85000	49,99
24,86667	49,99
24,88333	49,99
24,90000	49,99
24,91667	49,99
24,93333	49,99
24,95000	49,99
24,96667	49,99
24,98333	49,99
25,00000	49,99
25,01667	49,99
25,03333	49,99
25,05000	49,99
25,06667	49,99
25,08333	49,99
25,10000	49,99
25,11667	49,99
25,13333	49,99
25,15000	49,99
25,16667	49,99
25,18333	49,99
25,20000	49,99
25,21667	49,99
25,23333	49,99
25,25000	49,99
25,26667	49,99
25,28333	49,99
25,30000	49,99
25,31667	50,00
25,33333	50,00
25,35000	49,99
25,36667	49,99
25,38333	49,99
25,40000	49,99
25,41667	49,99
25,43333	49,99
25,45000	49,99
25,46667	49,99
25,48333	49,99
25,50000	49,99
25,51667	49,99
25,53333	49,99
25,55000	49,99
25,56667	49,99
25,58333	49,99
25,60000	49,99
25,61667	49,99
25,63333	49,99
25,65000	49,99
25,66667	49,99
25,68333	49,99
25,70000	49,99
25,71667	49,99
25,73333	49,99
25,75000	49,99
25,76667	49,99
25,78333	49,99
25,80000	49,99
25,81667	49,99
25,83333	49,99
25,85000	49,99
25,86667	49,99
25,88333	49,99
25,90000	49,99
25,91667	49,99
25,93333	49,99
25,95000	49,99
25,96667	49,99
25,98333	49,99
26,00000	49,99
26,01667	49,99
26,03333	49,99
26,05000	49,99
26,06667	49,99
26,08333	49,99
26,10000	49,99
26,11667	49,99
26,13333	49,99
26,15000	49,99
26,16667	49,99
26,18333	49,99
26,20000	49,99
26,21667	49,99
26,23333	49,99
26,25000	49,99
26,26667	49,99
26,28333	49,99
26,30000	49,99
26,31667	49,99
26,33333	49,99
26,35000	49,99
26,36667	49,99
26,38333	49,99
26,40000	49,99
26,41667	49,99
26,43333	49,99
26,45000	49,99
26,46667	49,99
26,48333	49,99
26,50000	49,99
26,51667	49,99
26,53333	49,99
26,55000	49,99
26,56667	49,99
26,58333	49,99
26,60000	49,99
26,61667	49,99
26,63333	49,99
26,65000	49,99
26,66667	49,99
26,68333	49,99
26,70000	49,99
26,71667	49,99
26,73333	49,99
26,75000	49,99
26,76667	50,00
26,78333	50,00
26,80000	50,00
26,81667	50,00
26,83333	50,00
26,85000	50,00
26,86667	50,00
26,88333	50,00
26,90000	50,00
26,91667	50,00
26,93333	50,00
26,95000	50,00
26,96667	50,00
26,98333	50,00
27,00000	50,00
27,01667	50,00
27,03333	50,00
27,05000	50,00
27,06667	50,00
27,08333	50,00
27,10000	50,00
27,11667	50,00
27,13333	50,00
27,15000	50,00
27,16667	50,00
27,18333	49,99
27,20000	49,99
27,21667	49,99
27,23333	49,99
27,25000	49,99
27,26667	49,99
27,28333	49,99
27,30000	49,99
27,31667	49,99
27,33333	49,99
27,35000	49,99
27,36667	49,99
27,38333	49,99
27,40000	49,99
27,41667	49,99
27,43333	49,99
27,45000	49,99
27,46667	49,99
27,48333	49,99
27,50000	49,99
27,51667	49,99
27,53333	49,99
27,55000	49,99
27,56667	49,99
27,58333	49,99
27,60000	49,99
27,61667	49,99
27,63333	49,99
27,65000	49,99
27,66667	49,99
27,68333	49,99
27,70000	49,99
27,71667	49,99
27,73333	49,99
27,75000	49,99
27,76667	49,99
27,78333	49,99
27,80000	49,99
27,81667	49,99
27,83333	49,99
27,85000	49,99
27,86667	49,99
27,88333	49,99
27,90000	49,99
27,91667	49,99
27,93333	49,99
27,95000	49,99
27,96667	49,99
27,98333	49,99
28,00000	49,99
28,01667	49,99
28,03333	49,99
28,05000	49,99
28,06667	49,99
28,08333	49,99
28,10000	49,99
28,11667	49,99
28,13333	49,99
28,15000	49,99
28,16667	49,99
28,18333	49,99
28,20000	49,99
28,21667	49,99
28,23333	49,99
28,25000	49,99
28,26667	49,99
28,28333	49,99
28,30000	49,99
28,31667	49,99
28,33333	49,99
28,35000	49,99
28,36667	49,99
28,38333	49,99
28,40000	49,99
28,41667	49,99
28,43333	49,99
28,45000	49,99
28,46667	49,99
28,48333	49,99
28,50000	49,99
28,51667	49,99
28,53333	49,99
28,55000	49,99
28,56667	49,99
28,58333	49,99
28,60000	49,99
28,61667	49,99
28,63333	49,99
28,65000	49,99
28,66667	49,99
28,68333	49,99
28,70000	49,99
28,71667	49,99
28,73333	49,99
28,75000	49,99
28,76667	49,99
28,78333	49,99
28,80000	49,99
28,81667	49,99
28,83333	49,99
28,85000	49,99
28,86667	49,99
28,88333	49,99
28,90000	49,99
28,91667	49,99
28,93333	49,99
28,95000	49,99
28,96667	49,99
28,98333	49,99
29,00000	49,99
29,01667	49,99
29,03333	49,99
29,05000	49,99
29,06667	49,99
29,08333	49,99
29,10000	49,99
29,11667	49,99
29,13333	49,99
29,15000	49,99
29,16667	49,99
29,18333	49,99
29,20000	49,99
29,21667	49,99
29,23333	49,99
29,25000	49,99
29,26667	49,99
29,28333	49,99
29,30000	49,99
29,31667	49,99
29,33333	49,99
29,35000	49,99
29,36667	49,99
29,38333	49,99
29,40000	49,99
29,41667	49,99
29,43333	49,99
29,45000	49,99
29,46667	49,99
29,48333	49,99
29,50000	49,99
29,51667	49,99
29,53333	49,99
29,55000	49,99
29,56667	49,99
29,58333	49,99
29,60000	49,99
29,61667	49,99
29,63333	49,99
29,65000	49,99
29,66667	49,99
29,68333	49,99
29,70000	49,99
29,71667	49,99
29,73333	49,99
29,75000	49,99
29,76667	49,99
29,78333	49,99
29,80000	49,99
29,81667	49,99
29,83333	49,99
29,85000	49,99
29,86667	49,99
29,88333	49,99
29,90000	49,99
29,91667	49,99
29,93333	49,99
29,95000	49,99
29,96667	49,99
29,98333	49,99
30,00000	49,99
30,01667	49,99
30,03333	49,99
30,05000	49,99
30,06667	49,99
30,08333	49,99
30,10000	49,99
30,11667	49,99
30,13333	49,99
30,15000	49,99
30,16667	49,99
30,18333	49,99
30,20000	49,99
30,21667	49,99
30,23333	50,00
30,25000	50,00
30,26667	50,00
30,28333	50,00
30,30000	50,00
30,31667	50,00
30,33333	50,00
30,35000	50,00
30,36667	50,00
30,38333	50,00
30,40000	50,00
30,41667	50,00
30,43333	50,00
30,45000	50,00
30,46667	50,00
30,48333	50,00
30,50000	50,00
30,51667	50,00
30,53333	50,00
30,55000	50,00
30,56667	50,00
30,58333	50,00
30,60000	50,00
30,61667	50,00
30,63333	50,00
30,65000	50,00
30,66667	50,00
30,68333	50,00
30,70000	50,00
30,71667	50,00
30,73333	50,00
30,75000	50,00
30,76667	50,00
30,78333	50,00
30,80000	50,00
30,81667	50,00
30,83333	50,00
30,85000	50,00
30,86667	50,00
30,88333	50,00
30,90000	50,00
30,91667	50,00
30,93333	50,00
30,95000	50,00
30,96667	50,00
30,98333	50,00
31,00000	50,00
31,01667	50,00
31,03333	50,00
31,05000	50,00
31,06667	50,00
31,08333	50,00
31,10000	50,00
31,11667	50,00
31,13333	50,00
31,15000	50,00
31,16667	50,00
31,18333	50,00
31,20000	50,00
31,21667	50,00
31,23333	50,00
31,25000	50,00
31,26667	50,00
31,28333	50,00
31,30000	50,00
31,31667	50,00
31,33333	50,00
31,35000	50,00
31,36667	50,00
31,38333	50,00
31,40000	50,00
31,41667	50,00
31,43333	50,00
31,45000	50,00
31,46667	50,00
31,48333	50,00
31,50000	50,00
31,51667	50,00
31,53333	50,00
31,55000	50,00
31,56667	50,00
31,58333	50,00
31,60000	50,00
31,61667	50,00
31,63333	50,00
31,65000	50,00
31,66667	50,00
31,68333	50,00
31,70000	50,00
31,71667	50,00
31,73333	50,00
31,75000	50,00
31,76667	50,00
31,78333	50,00
31,80000	50,00
31,81667	50,00
31,83333	50,00
31,85000	50,00
31,86667	50,00
31,88333	50,00
31,90000	50,00
31,91667	50,00
31,93333	50,00
31,95000	50,00
31,96667	50,00
31,98333	50,00
32,00000	50,00

[LC Status Trace(Room Temp.)]
Interval(msec)	1000
# of Points	1921
Start Time(min)	0,000
End Time(min)	32,000
Intensity Units	C
Intensity Multiplier	1
R.Time (min)	Intensity
0,00000	31,79
0,01667	31,79
0,03333	31,79
0,05000	31,79
0,06667	31,79
0,08333	31,79
0,10000	31,79
0,11667	31,79
0,13333	31,79
0,15000	31,80
0,16667	31,80
0,18333	31,80
0,20000	31,80
0,21667	31,80
0,23333	31,81
0,25000	31,81
0,26667	31,81
0,28333	31,82
0,30000	31,82
0,31667	31,82
0,33333	31,82
0,35000	31,82
0,36667	31,82
0,38333	31,82
0,40000	31,83
0,41667	31,82
0,43333	31,82
0,45000	31,82
0,46667	31,82
0,48333	31,82
0,50000	31,82
0,51667	31,82
0,53333	31,82
0,55000	31,82
0,56667	31,82
0,58333	31,82
0,60000	31,81
0,61667	31,81
0,63333	31,81
0,65000	31,81
0,66667	31,81
0,68333	31,81
0,70000	31,80
0,71667	31,80
0,73333	31,80
0,75000	31,80
0,76667	31,79
0,78333	31,79
0,80000	31,79
0,81667	31,79
0,83333	31,79
0,85000	31,78
0,86667	31,77
0,88333	31,75
0,90000	31,75
0,91667	31,74
0,93333	31,74
0,95000	31,74
0,96667	31,73
0,98333	31,73
1,00000	31,73
1,01667	31,73
1,03333	31,73
1,05000	31,73
1,06667	31,74
1,08333	31,74
1,10000	31,74
1,11667	31,74
1,13333	31,74
1,15000	31,74
1,16667	31,74
1,18333	31,73
1,20000	31,73
1,21667	31,73
1,23333	31,72
1,25000	31,72
1,26667	31,72
1,28333	31,72
1,30000	31,72
1,31667	31,71
1,33333	31,71
1,35000	31,71
1,36667	31,71
1,38333	31,71
1,40000	31,71
1,41667	31,72
1,43333	31,72
1,45000	31,72
1,46667	31,72
1,48333	31,72
1,50000	31,72
1,51667	31,73
1,53333	31,73
1,55000	31,73
1,56667	31,73
1,58333	31,73
1,60000	31,73
1,61667	31,74
1,63333	31,74
1,65000	31,74
1,66667	31,74
1,68333	31,74
1,70000	31,74
1,71667	31,74
1,73333	31,74
1,75000	31,74
1,76667	31,74
1,78333	31,74
1,80000	31,74
1,81667	31,73
1,83333	31,73
1,85000	31,73
1,86667	31,73
1,88333	31,73
1,90000	31,73
1,91667	31,73
1,93333	31,74
1,95000	31,74
1,96667	31,74
1,98333	31,74
2,00000	31,75
2,01667	31,75
2,03333	31,75
2,05000	31,75
2,06667	31,75
2,08333	31,75
2,10000	31,75
2,11667	31,75
2,13333	31,75
2,15000	31,75
2,16667	31,75
2,18333	31,75
2,20000	31,75
2,21667	31,75
2,23333	31,75
2,25000	31,75
2,26667	31,75
2,28333	31,75
2,30000	31,75
2,31667	31,75
2,33333	31,75
2,35000	31,76
2,36667	31,76
2,38333	31,76
2,40000	31,76
2,41667	31,76
2,43333	31,77
2,45000	31,77
2,46667	31,77
2,48333	31,78
2,50000	31,78
2,51667	31,78
2,53333	31,78
2,55000	31,78
2,56667	31,78
2,58333	31,78
2,60000	31,78
2,61667	31,78
2,63333	31,78
2,65000	31,78
2,66667	31,78
2,68333	31,78
2,70000	31,78
2,71667	31,78
2,73333	31,78
2,75000	31,78
2,76667	31,78
2,78333	31,78
2,80000	31,78
2,81667	31,79
2,83333	31,79
2,85000	31,80
2,86667	31,80
2,88333	31,80
2,90000	31,81
2,91667	31,81
2,93333	31,81
2,95000	31,81
2,96667	31,81
2,98333	31,82
3,00000	31,82
3,01667	31,82
3,03333	31,82
3,05000	31,82
3,06667	31,82
3,08333	31,82
3,10000	31,82
3,11667	31,82
3,13333	31,82
3,15000	31,82
3,16667	31,81
3,18333	31,81
3,20000	31,81
3,21667	31,80
3,23333	31,80
3,25000	31,79
3,26667	31,79
3,28333	31,78
3,30000	31,78
3,31667	31,78
3,33333	31,78
3,35000	31,77
3,36667	31,77
3,38333	31,77
3,40000	31,77
3,41667	31,77
3,43333	31,77
3,45000	31,77
3,46667	31,77
3,48333	31,77
3,50000	31,77
3,51667	31,77
3,53333	31,78
3,55000	31,78
3,56667	31,78
3,58333	31,78
3,60000	31,78
3,61667	31,78
3,63333	31,78
3,65000	31,78
3,66667	31,78
3,68333	31,78
3,70000	31,78
3,71667	31,79
3,73333	31,79
3,75000	31,79
3,76667	31,79
3,78333	31,79
3,80000	31,79
3,81667	31,79
3,83333	31,79
3,85000	31,79
3,86667	31,79
3,88333	31,79
3,90000	31,79
3,91667	31,79
3,93333	31,79
3,95000	31,79
3,96667	31,80
3,98333	31,80
4,00000	31,80
4,01667	31,81
4,03333	31,81
4,05000	31,81
4,06667	31,82
4,08333	31,82
4,10000	31,82
4,11667	31,83
4,13333	31,83
4,15000	31,83
4,16667	31,83
4,18333	31,83
4,20000	31,84
4,21667	31,84
4,23333	31,84
4,25000	31,84
4,26667	31,84
4,28333	31,84
4,30000	31,84
4,31667	31,84
4,33333	31,84
4,35000	31,84
4,36667	31,84
4,38333	31,84
4,40000	31,84
4,41667	31,85
4,43333	31,85
4,45000	31,85
4,46667	31,85
4,48333	31,85
4,50000	31,85
4,51667	31,85
4,53333	31,85
4,55000	31,85
4,56667	31,85
4,58333	31,85
4,60000	31,85
4,61667	31,85
4,63333	31,84
4,65000	31,84
4,66667	31,84
4,68333	31,84
4,70000	31,84
4,71667	31,83
4,73333	31,82
4,75000	31,82
4,76667	31,82
4,78333	31,81
4,80000	31,81
4,81667	31,81
4,83333	31,81
4,85000	31,81
4,86667	31,81
4,88333	31,82
4,90000	31,82
4,91667	31,81
4,93333	31,81
4,95000	31,81
4,96667	31,81
4,98333	31,81
5,00000	31,81
5,01667	31,81
5,03333	31,81
5,05000	31,81
5,06667	31,81
5,08333	31,81
5,10000	31,81
5,11667	31,81
5,13333	31,81
5,15000	31,81
5,16667	31,81
5,18333	31,81
5,20000	31,81
5,21667	31,81
5,23333	31,81
5,25000	31,81
5,26667	31,81
5,28333	31,81
5,30000	31,81
5,31667	31,81
5,33333	31,81
5,35000	31,81
5,36667	31,82
5,38333	31,82
5,40000	31,82
5,41667	31,82
5,43333	31,81
5,45000	31,81
5,46667	31,81
5,48333	31,81
5,50000	31,81
5,51667	31,81
5,53333	31,80
5,55000	31,80
5,56667	31,80
5,58333	31,80
5,60000	31,80
5,61667	31,80
5,63333	31,81
5,65000	31,81
5,66667	31,81
5,68333	31,80
5,70000	31,80
5,71667	31,80
5,73333	31,80
5,75000	31,80
5,76667	31,80
5,78333	31,80
5,80000	31,80
5,81667	31,81
5,83333	31,81
5,85000	31,82
5,86667	31,82
5,88333	31,83
5,90000	31,83
5,91667	31,83
5,93333	31,83
5,95000	31,84
5,96667	31,84
5,98333	31,84
6,00000	31,84
6,01667	31,84
6,03333	31,84
6,05000	31,84
6,06667	31,84
6,08333	31,84
6,10000	31,84
6,11667	31,84
6,13333	31,84
6,15000	31,84
6,16667	31,84
6,18333	31,84
6,20000	31,84
6,21667	31,84
6,23333	31,85
6,25000	31,85
6,26667	31,85
6,28333	31,85
6,30000	31,85
6,31667	31,85
6,33333	31,85
6,35000	31,85
6,36667	31,84
6,38333	31,84
6,40000	31,84
6,41667	31,84
6,43333	31,84
6,45000	31,84
6,46667	31,84
6,48333	31,84
6,50000	31,84
6,51667	31,84
6,53333	31,84
6,55000	31,84
6,56667	31,84
6,58333	31,84
6,60000	31,84
6,61667	31,85
6,63333	31,85
6,65000	31,85
6,66667	31,85
6,68333	31,85
6,70000	31,86
6,71667	31,86
6,73333	31,86
6,75000	31,86
6,76667	31,86
6,78333	31,86
6,80000	31,85
6,81667	31,85
6,83333	31,85
6,85000	31,85
6,86667	31,84
6,88333	31,84
6,90000	31,84
6,91667	31,84
6,93333	31,84
6,95000	31,84
6,96667	31,84
6,98333	31,84
7,00000	31,84
7,01667	31,84
7,03333	31,84
7,05000	31,84
7,06667	31,84
7,08333	31,84
7,10000	31,84
7,11667	31,84
7,13333	31,84
7,15000	31,84
7,16667	31,84
7,18333	31,84
7,20000	31,84
7,21667	31,84
7,23333	31,84
7,25000	31,84
7,26667	31,83
7,28333	31,83
7,30000	31,83
7,31667	31,82
7,33333	31,82
7,35000	31,82
7,36667	31,82
7,38333	31,82
7,40000	31,81
7,41667	31,82
7,43333	31,82
7,45000	31,81
7,46667	31,81
7,48333	31,81
7,50000	31,81
7,51667	31,81
7,53333	31,80
7,55000	31,80
7,56667	31,80
7,58333	31,80
7,60000	31,80
7,61667	31,79
7,63333	31,79
7,65000	31,79
7,66667	31,79
7,68333	31,79
7,70000	31,79
7,71667	31,80
7,73333	31,80
7,75000	31,80
7,76667	31,80
7,78333	31,80
7,80000	31,80
7,81667	31,80
7,83333	31,80
7,85000	31,81
7,86667	31,81
7,88333	31,81
7,90000	31,82
7,91667	31,82
7,93333	31,82
7,95000	31,82
7,96667	31,82
7,98333	31,83
8,00000	31,83
8,01667	31,83
8,03333	31,83
8,05000	31,83
8,06667	31,84
8,08333	31,84
8,10000	31,84
8,11667	31,84
8,13333	31,84
8,15000	31,84
8,16667	31,85
8,18333	31,85
8,20000	31,85
8,21667	31,85
8,23333	31,85
8,25000	31,86
8,26667	31,86
8,28333	31,86
8,30000	31,86
8,31667	31,86
8,33333	31,87
8,35000	31,87
8,36667	31,87
8,38333	31,87
8,40000	31,87
8,41667	31,87
8,43333	31,87
8,45000	31,87
8,46667	31,87
8,48333	31,87
8,50000	31,86
8,51667	31,86
8,53333	31,86
8,55000	31,85
8,56667	31,85
8,58333	31,85
8,60000	31,85
8,61667	31,85
8,63333	31,85
8,65000	31,85
8,66667	31,85
8,68333	31,85
8,70000	31,85
8,71667	31,85
8,73333	31,85
8,75000	31,85
8,76667	31,85
8,78333	31,85
8,80000	31,85
8,81667	31,85
8,83333	31,84
8,85000	31,84
8,86667	31,83
8,88333	31,83
8,90000	31,83
8,91667	31,82
8,93333	31,82
8,95000	31,82
8,96667	31,81
8,98333	31,81
9,00000	31,81
9,01667	31,81
9,03333	31,81
9,05000	31,80
9,06667	31,80
9,08333	31,80
9,10000	31,80
9,11667	31,80
9,13333	31,80
9,15000	31,80
9,16667	31,79
9,18333	31,79
9,20000	31,79
9,21667	31,79
9,23333	31,79
9,25000	31,79
9,26667	31,79
9,28333	31,79
9,30000	31,80
9,31667	31,80
9,33333	31,80
9,35000	31,81
9,36667	31,82
9,38333	31,82
9,40000	31,82
9,41667	31,82
9,43333	31,82
9,45000	31,82
9,46667	31,82
9,48333	31,82
9,50000	31,82
9,51667	31,82
9,53333	31,82
9,55000	31,82
9,56667	31,82
9,58333	31,82
9,60000	31,82
9,61667	31,81
9,63333	31,81
9,65000	31,81
9,66667	31,81
9,68333	31,81
9,70000	31,82
9,71667	31,82
9,73333	31,82
9,75000	31,83
9,76667	31,83
9,78333	31,84
9,80000	31,84
9,81667	31,84
9,83333	31,85
9,85000	31,85
9,86667	31,85
9,88333	31,85
9,90000	31,85
9,91667	31,85
9,93333	31,84
9,95000	31,84
9,96667	31,84
9,98333	31,84
10,00000	31,84
10,01667	31,84
10,03333	31,83
10,05000	31,83
10,06667	31,83
10,08333	31,83
10,10000	31,83
10,11667	31,83
10,13333	31,82
10,15000	31,82
10,16667	31,82
10,18333	31,82
10,20000	31,82
10,21667	31,81
10,23333	31,81
10,25000	31,81
10,26667	31,81
10,28333	31,80
10,30000	31,80
10,31667	31,79
10,33333	31,78
10,35000	31,78
10,36667	31,77
10,38333	31,77
10,40000	31,76
10,41667	31,76
10,43333	31,76
10,45000	31,76
10,46667	31,75
10,48333	31,75
10,50000	31,75
10,51667	31,75
10,53333	31,74
10,55000	31,74
10,56667	31,74
10,58333	31,74
10,60000	31,74
10,61667	31,74
10,63333	31,74
10,65000	31,74
10,66667	31,74
10,68333	31,74
10,70000	31,74
10,71667	31,74
10,73333	31,74
10,75000	31,74
10,76667	31,74
10,78333	31,74
10,80000	31,75
10,81667	31,76
10,83333	31,76
10,85000	31,76
10,86667	31,76
10,88333	31,76
10,90000	31,77
10,91667	31,77
10,93333	31,78
10,95000	31,78
10,96667	31,78
10,98333	31,79
11,00000	31,79
11,01667	31,79
11,03333	31,80
11,05000	31,80
11,06667	31,80
11,08333	31,81
11,10000	31,81
11,11667	31,81
11,13333	31,81
11,15000	31,81
11,16667	31,81
11,18333	31,81
11,20000	31,81
11,21667	31,80
11,23333	31,80
11,25000	31,79
11,26667	31,79
11,28333	31,79
11,30000	31,79
11,31667	31,79
11,33333	31,79
11,35000	31,79
11,36667	31,79
11,38333	31,79
11,40000	31,78
11,41667	31,78
11,43333	31,78
11,45000	31,78
11,46667	31,78
11,48333	31,78
11,50000	31,78
11,51667	31,78
11,53333	31,78
11,55000	31,78
11,56667	31,79
11,58333	31,79
11,60000	31,79
11,61667	31,79
11,63333	31,79
11,65000	31,79
11,66667	31,79
11,68333	31,79
11,70000	31,79
11,71667	31,78
11,73333	31,78
11,75000	31,78
11,76667	31,78
11,78333	31,78
11,80000	31,78
11,81667	31,78
11,83333	31,78
11,85000	31,78
11,86667	31,78
11,88333	31,79
11,90000	31,79
11,91667	31,79
11,93333	31,79
11,95000	31,79
11,96667	31,79
11,98333	31,80
12,00000	31,80
12,01667	31,79
12,03333	31,79
12,05000	31,79
12,06667	31,79
12,08333	31,79
12,10000	31,78
12,11667	31,78
12,13333	31,78
12,15000	31,78
12,16667	31,78
12,18333	31,78
12,20000	31,78
12,21667	31,78
12,23333	31,78
12,25000	31,78
12,26667	31,78
12,28333	31,78
12,30000	31,78
12,31667	31,78
12,33333	31,78
12,35000	31,78
12,36667	31,78
12,38333	31,77
12,40000	31,77
12,41667	31,77
12,43333	31,77
12,45000	31,76
12,46667	31,76
12,48333	31,76
12,50000	31,75
12,51667	31,75
12,53333	31,75
12,55000	31,75
12,56667	31,75
12,58333	31,75
12,60000	31,75
12,61667	31,75
12,63333	31,76
12,65000	31,76
12,66667	31,76
12,68333	31,76
12,70000	31,76
12,71667	31,77
12,73333	31,77
12,75000	31,77
12,76667	31,77
12,78333	31,77
12,80000	31,77
12,81667	31,77
12,83333	31,77
12,85000	31,77
12,86667	31,77
12,88333	31,77
12,90000	31,77
12,91667	31,77
12,93333	31,77
12,95000	31,78
12,96667	31,78
12,98333	31,78
13,00000	31,79
13,01667	31,79
13,03333	31,79
13,05000	31,80
13,06667	31,80
13,08333	31,80
13,10000	31,80
13,11667	31,80
13,13333	31,80
13,15000	31,80
13,16667	31,80
13,18333	31,79
13,20000	31,79
13,21667	31,79
13,23333	31,79
13,25000	31,79
13,26667	31,79
13,28333	31,79
13,30000	31,79
13,31667	31,79
13,33333	31,79
13,35000	31,79
13,36667	31,78
13,38333	31,78
13,40000	31,78
13,41667	31,78
13,43333	31,78
13,45000	31,78
13,46667	31,78
13,48333	31,78
13,50000	31,78
13,51667	31,78
13,53333	31,78
13,55000	31,78
13,56667	31,78
13,58333	31,78
13,60000	31,78
13,61667	31,78
13,63333	31,78
13,65000	31,78
13,66667	31,77
13,68333	31,76
13,70000	31,76
13,71667	31,75
13,73333	31,75
13,75000	31,75
13,76667	31,75
13,78333	31,74
13,80000	31,74
13,81667	31,74
13,83333	31,74
13,85000	31,74
13,86667	31,74
13,88333	31,74
13,90000	31,74
13,91667	31,74
13,93333	31,74
13,95000	31,75
13,96667	31,76
13,98333	31,76
14,00000	31,76
14,01667	31,76
14,03333	31,77
14,05000	31,77
14,06667	31,77
14,08333	31,77
14,10000	31,77
14,11667	31,77
14,13333	31,77
14,15000	31,77
14,16667	31,77
14,18333	31,77
14,20000	31,77
14,21667	31,77
14,23333	31,77
14,25000	31,77
14,26667	31,77
14,28333	31,77
14,30000	31,78
14,31667	31,78
14,33333	31,78
14,35000	31,78
14,36667	31,78
14,38333	31,79
14,40000	31,79
14,41667	31,79
14,43333	31,79
14,45000	31,79
14,46667	31,79
14,48333	31,79
14,50000	31,79
14,51667	31,79
14,53333	31,78
14,55000	31,78
14,56667	31,78
14,58333	31,78
14,60000	31,78
14,61667	31,78
14,63333	31,78
14,65000	31,78
14,66667	31,77
14,68333	31,77
14,70000	31,77
14,71667	31,78
14,73333	31,78
14,75000	31,78
14,76667	31,78
14,78333	31,78
14,80000	31,78
14,81667	31,77
14,83333	31,77
14,85000	31,77
14,86667	31,78
14,88333	31,78
14,90000	31,78
14,91667	31,78
14,93333	31,78
14,95000	31,79
14,96667	31,79
14,98333	31,79
15,00000	31,79
15,01667	31,79
15,03333	31,80
15,05000	31,80
15,06667	31,80
15,08333	31,79
15,10000	31,79
15,11667	31,79
15,13333	31,79
15,15000	31,79
15,16667	31,79
15,18333	31,79
15,20000	31,79
15,21667	31,78
15,23333	31,78
15,25000	31,78
15,26667	31,78
15,28333	31,78
15,30000	31,77
15,31667	31,77
15,33333	31,77
15,35000	31,77
15,36667	31,77
15,38333	31,77
15,40000	31,77
15,41667	31,77
15,43333	31,77
15,45000	31,77
15,46667	31,78
15,48333	31,79
15,50000	31,79
15,51667	31,79
15,53333	31,79
15,55000	31,79
15,56667	31,80
15,58333	31,80
15,60000	31,80
15,61667	31,80
15,63333	31,80
15,65000	31,80
15,66667	31,80
15,68333	31,80
15,70000	31,80
15,71667	31,80
15,73333	31,80
15,75000	31,80
15,76667	31,80
15,78333	31,81
15,80000	31,81
15,81667	31,81
15,83333	31,81
15,85000	31,82
15,86667	31,82
15,88333	31,82
15,90000	31,82
15,91667	31,82
15,93333	31,83
15,95000	31,82
15,96667	31,82
15,98333	31,82
16,00000	31,82
16,01667	31,82
16,03333	31,82
16,05000	31,82
16,06667	31,82
16,08333	31,82
16,10000	31,82
16,11667	31,81
16,13333	31,81
16,15000	31,81
16,16667	31,82
16,18333	31,82
16,20000	31,82
16,21667	31,83
16,23333	31,83
16,25000	31,83
16,26667	31,84
16,28333	31,84
16,30000	31,84
16,31667	31,84
16,33333	31,84
16,35000	31,85
16,36667	31,85
16,38333	31,85
16,40000	31,85
16,41667	31,85
16,43333	31,85
16,45000	31,86
16,46667	31,86
16,48333	31,86
16,50000	31,86
16,51667	31,86
16,53333	31,86
16,55000	31,86
16,56667	31,86
16,58333	31,86
16,60000	31,87
16,61667	31,87
16,63333	31,87
16,65000	31,87
16,66667	31,86
16,68333	31,86
16,70000	31,86
16,71667	31,85
16,73333	31,85
16,75000	31,85
16,76667	31,85
16,78333	31,84
16,80000	31,84
16,81667	31,84
16,83333	31,84
16,85000	31,83
16,86667	31,83
16,88333	31,83
16,90000	31,83
16,91667	31,83
16,93333	31,83
16,95000	31,83
16,96667	31,83
16,98333	31,83
17,00000	31,83
17,01667	31,83
17,03333	31,83
17,05000	31,83
17,06667	31,83
17,08333	31,83
17,10000	31,83
17,11667	31,83
17,13333	31,83
17,15000	31,84
17,16667	31,84
17,18333	31,84
17,20000	31,84
17,21667	31,84
17,23333	31,84
17,25000	31,84
17,26667	31,84
17,28333	31,83
17,30000	31,83
17,31667	31,83
17,33333	31,82
17,35000	31,82
17,36667	31,81
17,38333	31,81
17,40000	31,81
17,41667	31,79
17,43333	31,79
17,45000	31,79
17,46667	31,78
17,48333	31,78
17,50000	31,78
17,51667	31,77
17,53333	31,77
17,55000	31,77
17,56667	31,77
17,58333	31,77
17,60000	31,77
17,61667	31,77
17,63333	31,77
17,65000	31,78
17,66667	31,78
17,68333	31,78
17,70000	31,79
17,71667	31,79
17,73333	31,79
17,75000	31,79
17,76667	31,80
17,78333	31,80
17,80000	31,80
17,81667	31,80
17,83333	31,80
17,85000	31,81
17,86667	31,81
17,88333	31,81
17,90000	31,81
17,91667	31,81
17,93333	31,81
17,95000	31,81
17,96667	31,82
17,98333	31,82
18,00000	31,82
18,01667	31,83
18,03333	31,83
18,05000	31,83
18,06667	31,84
18,08333	31,84
18,10000	31,84
18,11667	31,84
18,13333	31,84
18,15000	31,84
18,16667	31,84
18,18333	31,84
18,20000	31,84
18,21667	31,85
18,23333	31,85
18,25000	31,85
18,26667	31,86
18,28333	31,86
18,30000	31,86
18,31667	31,87
18,33333	31,87
18,35000	31,87
18,36667	31,88
18,38333	31,88
18,40000	31,88
18,41667	31,89
18,43333	31,89
18,45000	31,89
18,46667	31,90
18,48333	31,90
18,50000	31,90
18,51667	31,90
18,53333	31,91
18,55000	31,91
18,56667	31,91
18,58333	31,91
18,60000	31,91
18,61667	31,90
18,63333	31,90
18,65000	31,90
18,66667	31,90
18,68333	31,90
18,70000	31,90
18,71667	31,89
18,73333	31,89
18,75000	31,89
18,76667	31,89
18,78333	31,89
18,80000	31,89
18,81667	31,88
18,83333	31,88
18,85000	31,88
18,86667	31,87
18,88333	31,87
18,90000	31,87
18,91667	31,87
18,93333	31,86
18,95000	31,86
18,96667	31,86
18,98333	31,86
19,00000	31,86
19,01667	31,86
19,03333	31,86
19,05000	31,85
19,06667	31,85
19,08333	31,84
19,10000	31,84
19,11667	31,83
19,13333	31,83
19,15000	31,83
19,16667	31,82
19,18333	31,82
19,20000	31,82
19,21667	31,82
19,23333	31,81
19,25000	31,81
19,26667	31,81
19,28333	31,81
19,30000	31,81
19,31667	31,81
19,33333	31,81
19,35000	31,81
19,36667	31,80
19,38333	31,80
19,40000	31,80
19,41667	31,80
19,43333	31,80
19,45000	31,79
19,46667	31,79
19,48333	31,79
19,50000	31,78
19,51667	31,78
19,53333	31,78
19,55000	31,78
19,56667	31,78
19,58333	31,77
19,60000	31,77
19,61667	31,77
19,63333	31,77
19,65000	31,77
19,66667	31,77
19,68333	31,76
19,70000	31,76
19,71667	31,76
19,73333	31,76
19,75000	31,76
19,76667	31,76
19,78333	31,76
19,80000	31,76
19,81667	31,76
19,83333	31,76
19,85000	31,76
19,86667	31,76
19,88333	31,76
19,90000	31,75
19,91667	31,75
19,93333	31,75
19,95000	31,74
19,96667	31,74
19,98333	31,74
20,00000	31,74
20,01667	31,73
20,03333	31,73
20,05000	31,73
20,06667	31,74
20,08333	31,74
20,10000	31,74
20,11667	31,75
20,13333	31,76
20,15000	31,76
20,16667	31,77
20,18333	31,77
20,20000	31,77
20,21667	31,78
20,23333	31,78
20,25000	31,78
20,26667	31,78
20,28333	31,79
20,30000	31,79
20,31667	31,79
20,33333	31,80
20,35000	31,80
20,36667	31,81
20,38333	31,82
20,40000	31,82
20,41667	31,82
20,43333	31,83
20,45000	31,83
20,46667	31,83
20,48333	31,83
20,50000	31,83
20,51667	31,83
20,53333	31,83
20,55000	31,83
20,56667	31,83
20,58333	31,83
20,60000	31,83
20,61667	31,83
20,63333	31,84
20,65000	31,84
20,66667	31,84
20,68333	31,84
20,70000	31,84
20,71667	31,84
20,73333	31,83
20,75000	31,83
20,76667	31,83
20,78333	31,84
20,80000	31,84
20,81667	31,84
20,83333	31,84
20,85000	31,84
20,86667	31,85
20,88333	31,85
20,90000	31,86
20,91667	31,86
20,93333	31,86
20,95000	31,86
20,96667	31,87
20,98333	31,87
21,00000	31,87
21,01667	31,87
21,03333	31,87
21,05000	31,86
21,06667	31,86
21,08333	31,86
21,10000	31,86
21,11667	31,86
21,13333	31,85
21,15000	31,85
21,16667	31,85
21,18333	31,84
21,20000	31,84
21,21667	31,84
21,23333	31,83
21,25000	31,83
21,26667	31,83
21,28333	31,83
21,30000	31,82
21,31667	31,82
21,33333	31,82
21,35000	31,81
21,36667	31,80
21,38333	31,80
21,40000	31,80
21,41667	31,80
21,43333	31,79
21,45000	31,78
21,46667	31,78
21,48333	31,77
21,50000	31,76
21,51667	31,76
21,53333	31,76
21,55000	31,76
21,56667	31,76
21,58333	31,76
21,60000	31,76
21,61667	31,75
21,63333	31,74
21,65000	31,74
21,66667	31,74
21,68333	31,74
21,70000	31,73
21,71667	31,73
21,73333	31,73
21,75000	31,73
21,76667	31,73
21,78333	31,73
21,80000	31,73
21,81667	31,73
21,83333	31,74
21,85000	31,74
21,86667	31,74
21,88333	31,74
21,90000	31,74
21,91667	31,74
21,93333	31,74
21,95000	31,74
21,96667	31,75
21,98333	31,75
22,00000	31,75
22,01667	31,76
22,03333	31,77
22,05000	31,77
22,06667	31,77
22,08333	31,77
22,10000	31,78
22,11667	31,78
22,13333	31,78
22,15000	31,79
22,16667	31,79
22,18333	31,79
22,20000	31,79
22,21667	31,79
22,23333	31,79
22,25000	31,79
22,26667	31,79
22,28333	31,79
22,30000	31,79
22,31667	31,79
22,33333	31,79
22,35000	31,79
22,36667	31,79
22,38333	31,79
22,40000	31,79
22,41667	31,79
22,43333	31,79
22,45000	31,79
22,46667	31,79
22,48333	31,79
22,50000	31,79
22,51667	31,79
22,53333	31,79
22,55000	31,79
22,56667	31,79
22,58333	31,79
22,60000	31,79
22,61667	31,79
22,63333	31,79
22,65000	31,79
22,66667	31,78
22,68333	31,78
22,70000	31,78
22,71667	31,79
22,73333	31,79
22,75000	31,79
22,76667	31,79
22,78333	31,79
22,80000	31,79
22,81667	31,78
22,83333	31,78
22,85000	31,78
22,86667	31,78
22,88333	31,77
22,90000	31,77
22,91667	31,76
22,93333	31,76
22,95000	31,76
22,96667	31,75
22,98333	31,75
23,00000	31,75
23,01667	31,74
23,03333	31,74
23,05000	31,73
23,06667	31,73
23,08333	31,73
23,10000	31,72
23,11667	31,72
23,13333	31,72
23,15000	31,71
23,16667	31,71
23,18333	31,70
23,20000	31,70
23,21667	31,70
23,23333	31,70
23,25000	31,70
23,26667	31,69
23,28333	31,69
23,30000	31,69
23,31667	31,69
23,33333	31,69
23,35000	31,69
23,36667	31,69
23,38333	31,70
23,40000	31,70
23,41667	31,70
23,43333	31,70
23,45000	31,71
23,46667	31,71
23,48333	31,71
23,50000	31,72
23,51667	31,72
23,53333	31,72
23,55000	31,73
23,56667	31,73
23,58333	31,73
23,60000	31,73
23,61667	31,73
23,63333	31,73
23,65000	31,73
23,66667	31,73
23,68333	31,73
23,70000	31,73
23,71667	31,73
23,73333	31,73
23,75000	31,73
23,76667	31,73
23,78333	31,73
23,80000	31,73
23,81667	31,73
23,83333	31,73
23,85000	31,73
23,86667	31,73
23,88333	31,73
23,90000	31,73
23,91667	31,73
23,93333	31,73
23,95000	31,73
23,96667	31,73
23,98333	31,73
24,00000	31,73
24,01667	31,73
24,03333	31,74
24,05000	31,74
24,06667	31,74
24,08333	31,75
24,10000	31,75
24,11667	31,76
24,13333	31,76
24,15000	31,76
24,16667	31,77
24,18333	31,77
24,20000	31,77
24,21667	31,77
24,23333	31,78
24,25000	31,78
24,26667	31,78
24,28333	31,78
24,30000	31,78
24,31667	31,78
24,33333	31,78
24,35000	31,78
24,36667	31,78
24,38333	31,78
24,40000	31,78
24,41667	31,78
24,43333	31,78
24,45000	31,78
24,46667	31,78
24,48333	31,78
24,50000	31,78
24,51667	31,78
24,53333	31,78
24,55000	31,78
24,56667	31,78
24,58333	31,77
24,60000	31,77
24,61667	31,77
24,63333	31,77
24,65000	31,77
24,66667	31,78
24,68333	31,78
24,70000	31,78
24,71667	31,78
24,73333	31,78
24,75000	31,79
24,76667	31,79
24,78333	31,79
24,80000	31,79
24,81667	31,79
24,83333	31,79
24,85000	31,79
24,86667	31,79
24,88333	31,79
24,90000	31,79
24,91667	31,79
24,93333	31,79
24,95000	31,79
24,96667	31,79
24,98333	31,79
25,00000	31,79
25,01667	31,80
25,03333	31,80
25,05000	31,80
25,06667	31,80
25,08333	31,80
25,10000	31,80
25,11667	31,80
25,13333	31,81
25,15000	31,81
25,16667	31,81
25,18333	31,81
25,20000	31,82
25,21667	31,82
25,23333	31,82
25,25000	31,82
25,26667	31,82
25,28333	31,83
25,30000	31,84
25,31667	31,84
25,33333	31,85
25,35000	31,85
25,36667	31,85
25,38333	31,86
25,40000	31,86
25,41667	31,86
25,43333	31,87
25,45000	31,87
25,46667	31,87
25,48333	31,88
25,50000	31,88
25,51667	31,88
25,53333	31,88
25,55000	31,88
25,56667	31,88
25,58333	31,87
25,60000	31,87
25,61667	31,87
25,63333	31,87
25,65000	31,86
25,66667	31,86
25,68333	31,86
25,70000	31,85
25,71667	31,85
25,73333	31,85
25,75000	31,84
25,76667	31,84
25,78333	31,83
25,80000	31,83
25,81667	31,83
25,83333	31,82
25,85000	31,82
25,86667	31,82
25,88333	31,82
25,90000	31,82
25,91667	31,83
25,93333	31,83
25,95000	31,83
25,96667	31,83
25,98333	31,84
26,00000	31,84
26,01667	31,84
26,03333	31,84
26,05000	31,84
26,06667	31,84
26,08333	31,84
26,10000	31,84
26,11667	31,84
26,13333	31,84
26,15000	31,83
26,16667	31,83
26,18333	31,83
26,20000	31,83
26,21667	31,83
26,23333	31,83
26,25000	31,83
26,26667	31,83
26,28333	31,84
26,30000	31,84
26,31667	31,84
26,33333	31,83
26,35000	31,83
26,36667	31,83
26,38333	31,83
26,40000	31,83
26,41667	31,83
26,43333	31,83
26,45000	31,82
26,46667	31,82
26,48333	31,82
26,50000	31,82
26,51667	31,83
26,53333	31,83
26,55000	31,83
26,56667	31,83
26,58333	31,83
26,60000	31,84
26,61667	31,84
26,63333	31,84
26,65000	31,85
26,66667	31,85
26,68333	31,85
26,70000	31,85
26,71667	31,85
26,73333	31,86
26,75000	31,86
26,76667	31,86
26,78333	31,86
26,80000	31,86
26,81667	31,86
26,83333	31,85
26,85000	31,85
26,86667	31,86
26,88333	31,86
26,90000	31,86
26,91667	31,85
26,93333	31,85
26,95000	31,85
26,96667	31,85
26,98333	31,85
27,00000	31,86
27,01667	31,86
27,03333	31,86
27,05000	31,87
27,06667	31,87
27,08333	31,88
27,10000	31,88
27,11667	31,88
27,13333	31,88
27,15000	31,88
27,16667	31,88
27,18333	31,88
27,20000	31,88
27,21667	31,88
27,23333	31,87
27,25000	31,87
27,26667	31,86
27,28333	31,86
27,30000	31,86
27,31667	31,86
27,33333	31,86
27,35000	31,86
27,36667	31,86
27,38333	31,86
27,40000	31,85
27,41667	31,85
27,43333	31,85
27,45000	31,85
27,46667	31,86
27,48333	31,86
27,50000	31,85
27,51667	31,85
27,53333	31,85
27,55000	31,84
27,56667	31,84
27,58333	31,84
27,60000	31,84
27,61667	31,84
27,63333	31,83
27,65000	31,83
27,66667	31,83
27,68333	31,83
27,70000	31,83
27,71667	31,83
27,73333	31,82
27,75000	31,82
27,76667	31,82
27,78333	31,82
27,80000	31,82
27,81667	31,82
27,83333	31,82
27,85000	31,82
27,86667	31,82
27,88333	31,82
27,90000	31,82
27,91667	31,82
27,93333	31,82
27,95000	31,83
27,96667	31,82
27,98333	31,82
28,00000	31,82
28,01667	31,82
28,03333	31,83
28,05000	31,83
28,06667	31,83
28,08333	31,83
28,10000	31,83
28,11667	31,83
28,13333	31,84
28,15000	31,84
28,16667	31,84
28,18333	31,85
28,20000	31,85
28,21667	31,85
28,23333	31,85
28,25000	31,85
28,26667	31,85
28,28333	31,85
28,30000	31,85
28,31667	31,85
28,33333	31,85
28,35000	31,85
28,36667	31,85
28,38333	31,85
28,40000	31,85
28,41667	31,85
28,43333	31,85
28,45000	31,85
28,46667	31,85
28,48333	31,85
28,50000	31,85
28,51667	31,85
28,53333	31,85
28,55000	31,85
28,56667	31,84
28,58333	31,84
28,60000	31,84
28,61667	31,83
28,63333	31,83
28,65000	31,83
28,66667	31,83
28,68333	31,83
28,70000	31,82
28,71667	31,82
28,73333	31,82
28,75000	31,82
28,76667	31,83
28,78333	31,83
28,80000	31,83
28,81667	31,83
28,83333	31,83
28,85000	31,84
28,86667	31,84
28,88333	31,84
28,90000	31,84
28,91667	31,84
28,93333	31,83
28,95000	31,83
28,96667	31,83
28,98333	31,83
29,00000	31,83
29,01667	31,83
29,03333	31,83
29,05000	31,83
29,06667	31,83
29,08333	31,83
29,10000	31,83
29,11667	31,83
29,13333	31,83
29,15000	31,82
29,16667	31,82
29,18333	31,82
29,20000	31,82
29,21667	31,82
29,23333	31,82
29,25000	31,82
29,26667	31,82
29,28333	31,83
29,30000	31,83
29,31667	31,83
29,33333	31,83
29,35000	31,83
29,36667	31,83
29,38333	31,83
29,40000	31,83
29,41667	31,84
29,43333	31,84
29,45000	31,84
29,46667	31,84
29,48333	31,85
29,50000	31,85
29,51667	31,85
29,53333	31,85
29,55000	31,85
29,56667	31,85
29,58333	31,85
29,60000	31,85
29,61667	31,84
29,63333	31,84
29,65000	31,83
29,66667	31,83
29,68333	31,82
29,70000	31,82
29,71667	31,82
29,73333	31,81
29,75000	31,81
29,76667	31,80
29,78333	31,80
29,80000	31,80
29,81667	31,80
29,83333	31,80
29,85000	31,80
29,86667	31,79
29,88333	31,79
29,90000	31,79
29,91667	31,78
29,93333	31,78
29,95000	31,78
29,96667	31,77
29,98333	31,77
30,00000	31,77
30,01667	31,76
30,03333	31,76
30,05000	31,76
30,06667	31,76
30,08333	31,76
30,10000	31,75
30,11667	31,75
30,13333	31,75
30,15000	31,75
30,16667	31,75
30,18333	31,74
30,20000	31,74
30,21667	31,74
30,23333	31,74
30,25000	31,74
30,26667	31,73
30,28333	31,73
30,30000	31,73
30,31667	31,73
30,33333	31,72
30,35000	31,72
30,36667	31,72
30,38333	31,71
30,40000	31,71
30,41667	31,71
30,43333	31,71
30,45000	31,71
30,46667	31,71
30,48333	31,71
30,50000	31,72
30,51667	31,72
30,53333	31,72
30,55000	31,73
30,56667	31,73
30,58333	31,73
30,60000	31,73
30,61667	31,74
30,63333	31,74
30,65000	31,74
30,66667	31,75
30,68333	31,75
30,70000	31,75
30,71667	31,75
30,73333	31,75
30,75000	31,75
30,76667	31,75
30,78333	31,75
30,80000	31,75
30,81667	31,75
30,83333	31,75
30,85000	31,75
30,86667	31,75
30,88333	31,75
30,90000	31,75
30,91667	31,75
30,93333	31,75
30,95000	31,75
30,96667	31,76
30,98333	31,76
31,00000	31,76
31,01667	31,76
31,03333	31,77
31,05000	31,77
31,06667	31,77
31,08333	31,77
31,10000	31,77
31,11667	31,77
31,13333	31,77
31,15000	31,77
31,16667	31,77
31,18333	31,77
31,20000	31,77
31,21667	31,78
31,23333	31,78
31,25000	31,78
31,26667	31,78
31,28333	31,78
31,30000	31,78
31,31667	31,79
31,33333	31,79
31,35000	31,79
31,36667	31,79
31,38333	31,79
31,40000	31,79
31,41667	31,79
31,43333	31,79
31,45000	31,80
31,46667	31,80
31,48333	31,80
31,50000	31,80
31,51667	31,79
31,53333	31,79
31,55000	31,79
31,56667	31,78
31,58333	31,78
31,60000	31,77
31,61667	31,77
31,63333	31,77
31,65000	31,77
31,66667	31,77
31,68333	31,77
31,70000	31,77
31,71667	31,77
31,73333	31,76
31,75000	31,76
31,76667	31,76
31,78333	31,75
31,80000	31,75
31,81667	31,75
31,83333	31,75
31,85000	31,75
31,86667	31,74
31,88333	31,74
31,90000	31,74
31,91667	31,74
31,93333	31,73
31,95000	31,73
31,96667	31,73
31,98333	31,73
32,00000	31,73

[LC Status Trace(PDA Cell Temp.)]
Interval(msec)	1000
# of Points	1921
Start Time(min)	0,000
End Time(min)	32,000
Intensity Units	C
Intensity Multiplier	1
R.Time (min)	Intensity
0,00000	49,99
0,01667	49,99
0,03333	49,99
0,05000	49,99
0,06667	49,99
0,08333	49,99
0,10000	49,99
0,11667	49,99
0,13333	49,99
0,15000	49,99
0,16667	49,99
0,18333	49,99
0,20000	49,99
0,21667	49,99
0,23333	49,99
0,25000	49,99
0,26667	49,99
0,28333	49,99
0,30000	49,99
0,31667	49,99
0,33333	49,99
0,35000	50,00
0,36667	49,99
0,38333	50,00
0,40000	50,00
0,41667	50,00
0,43333	50,00
0,45000	50,00
0,46667	50,00
0,48333	50,00
0,50000	50,00
0,51667	50,00
0,53333	49,99
0,55000	50,00
0,56667	49,99
0,58333	49,99
0,60000	49,99
0,61667	49,99
0,63333	49,99
0,65000	49,99
0,66667	49,99
0,68333	49,99
0,70000	49,99
0,71667	49,99
0,73333	49,99
0,75000	49,99
0,76667	49,99
0,78333	49,99
0,80000	49,99
0,81667	49,99
0,83333	49,99
0,85000	49,99
0,86667	49,99
0,88333	49,99
0,90000	49,99
0,91667	49,99
0,93333	49,99
0,95000	49,99
0,96667	49,99
0,98333	49,99
1,00000	49,99
1,01667	49,99
1,03333	49,99
1,05000	50,00
1,06667	50,00
1,08333	50,00
1,10000	50,00
1,11667	50,00
1,13333	50,00
1,15000	50,00
1,16667	50,00
1,18333	50,00
1,20000	50,00
1,21667	50,00
1,23333	50,00
1,25000	50,00
1,26667	50,00
1,28333	50,00
1,30000	50,00
1,31667	50,00
1,33333	50,00
1,35000	50,00
1,36667	50,00
1,38333	50,00
1,40000	50,00
1,41667	50,00
1,43333	50,00
1,45000	50,00
1,46667	49,99
1,48333	49,99
1,50000	49,99
1,51667	49,99
1,53333	49,99
1,55000	49,99
1,56667	49,99
1,58333	49,99
1,60000	49,99
1,61667	49,99
1,63333	49,99
1,65000	49,99
1,66667	49,99
1,68333	49,99
1,70000	49,99
1,71667	49,99
1,73333	49,99
1,75000	49,99
1,76667	49,99
1,78333	49,99
1,80000	49,99
1,81667	49,99
1,83333	49,99
1,85000	49,99
1,86667	49,99
1,88333	49,99
1,90000	49,99
1,91667	49,99
1,93333	49,99
1,95000	49,99
1,96667	49,99
1,98333	49,99
2,00000	49,99
2,01667	49,99
2,03333	49,99
2,05000	50,00
2,06667	50,00
2,08333	50,00
2,10000	50,00
2,11667	50,00
2,13333	50,00
2,15000	50,00
2,16667	50,00
2,18333	50,00
2,20000	50,00
2,21667	50,00
2,23333	50,00
2,25000	50,00
2,26667	50,00
2,28333	50,00
2,30000	50,00
2,31667	50,00
2,33333	50,00
2,35000	50,00
2,36667	49,99
2,38333	49,99
2,40000	49,99
2,41667	49,99
2,43333	49,99
2,45000	49,99
2,46667	49,99
2,48333	49,99
2,50000	49,99
2,51667	49,99
2,53333	49,99
2,55000	49,99
2,56667	49,99
2,58333	49,99
2,60000	49,99
2,61667	49,99
2,63333	49,99
2,65000	49,99
2,66667	49,99
2,68333	49,99
2,70000	49,99
2,71667	49,99
2,73333	49,99
2,75000	49,99
2,76667	49,99
2,78333	49,99
2,80000	49,99
2,81667	49,99
2,83333	49,99
2,85000	49,99
2,86667	49,99
2,88333	49,99
2,90000	49,99
2,91667	49,99
2,93333	50,00
2,95000	50,00
2,96667	50,00
2,98333	50,00
3,00000	50,00
3,01667	50,00
3,03333	50,00
3,05000	50,00
3,06667	50,00
3,08333	50,00
3,10000	50,00
3,11667	50,00
3,13333	50,00
3,15000	50,00
3,16667	50,00
3,18333	50,00
3,20000	50,00
3,21667	50,00
3,23333	50,00
3,25000	50,00
3,26667	50,00
3,28333	50,00
3,30000	50,00
3,31667	50,00
3,33333	50,00
3,35000	50,00
3,36667	50,00
3,38333	50,00
3,40000	50,00
3,41667	50,00
3,43333	50,00
3,45000	50,00
3,46667	50,00
3,48333	50,00
3,50000	50,00
3,51667	50,00
3,53333	50,00
3,55000	50,00
3,56667	50,00
3,58333	50,00
3,60000	50,00
3,61667	50,00
3,63333	50,00
3,65000	50,00
3,66667	50,00
3,68333	50,00
3,70000	50,00
3,71667	50,00
3,73333	50,00
3,75000	50,00
3,76667	50,00
3,78333	50,00
3,80000	50,00
3,81667	50,00
3,83333	50,00
3,85000	50,00
3,86667	50,00
3,88333	50,00
3,90000	50,00
3,91667	50,00
3,93333	50,00
3,95000	50,00
3,96667	50,00
3,98333	50,00
4,00000	50,00
4,01667	50,00
4,03333	50,00
4,05000	49,99
4,06667	49,99
4,08333	49,99
4,10000	49,99
4,11667	49,99
4,13333	49,99
4,15000	49,99
4,16667	49,99
4,18333	49,99
4,20000	49,99
4,21667	49,99
4,23333	49,99
4,25000	49,99
4,26667	49,99
4,28333	49,99
4,30000	49,99
4,31667	49,99
4,33333	49,99
4,35000	49,99
4,36667	49,99
4,38333	49,99
4,40000	49,99
4,41667	49,99
4,43333	49,99
4,45000	50,00
4,46667	50,00
4,48333	50,00
4,50000	50,00
4,51667	50,00
4,53333	50,00
4,55000	50,00
4,56667	50,00
4,58333	50,00
4,60000	50,00
4,61667	50,00
4,63333	50,00
4,65000	50,00
4,66667	50,00
4,68333	50,00
4,70000	50,00
4,71667	50,00
4,73333	50,00
4,75000	50,00
4,76667	50,00
4,78333	50,00
4,80000	50,00
4,81667	50,00
4,83333	50,00
4,85000	50,00
4,86667	50,00
4,88333	50,00
4,90000	50,00
4,91667	49,99
4,93333	49,99
4,95000	49,99
4,96667	49,99
4,98333	49,99
5,00000	49,99
5,01667	49,99
5,03333	49,99
5,05000	49,99
5,06667	49,99
5,08333	49,99
5,10000	49,99
5,11667	49,99
5,13333	49,99
5,15000	49,99
5,16667	49,99
5,18333	49,99
5,20000	49,99
5,21667	49,99
5,23333	49,99
5,25000	49,99
5,26667	49,99
5,28333	50,00
5,30000	50,00
5,31667	50,00
5,33333	50,00
5,35000	50,00
5,36667	50,00
5,38333	50,00
5,40000	50,00
5,41667	50,00
5,43333	50,00
5,45000	50,00
5,46667	50,00
5,48333	50,00
5,50000	50,00
5,51667	50,00
5,53333	50,00
5,55000	50,00
5,56667	50,00
5,58333	50,00
5,60000	50,00
5,61667	50,00
5,63333	50,00
5,65000	50,00
5,66667	50,00
5,68333	50,00
5,70000	50,00
5,71667	50,00
5,73333	50,00
5,75000	50,00
5,76667	50,00
5,78333	50,00
5,80000	50,00
5,81667	50,00
5,83333	50,00
5,85000	50,00
5,86667	50,00
5,88333	50,00
5,90000	50,00
5,91667	50,00
5,93333	50,00
5,95000	50,00
5,96667	50,00
5,98333	50,00
6,00000	50,00
6,01667	49,99
6,03333	49,99
6,05000	49,99
6,06667	49,99
6,08333	49,99
6,10000	49,99
6,11667	49,99
6,13333	49,99
6,15000	49,99
6,16667	49,99
6,18333	49,99
6,20000	49,99
6,21667	49,99
6,23333	49,99
6,25000	49,99
6,26667	49,99
6,28333	49,99
6,30000	49,99
6,31667	49,99
6,33333	49,99
6,35000	49,99
6,36667	49,99
6,38333	49,99
6,40000	49,99
6,41667	49,99
6,43333	49,99
6,45000	49,99
6,46667	49,99
6,48333	49,99
6,50000	49,99
6,51667	50,00
6,53333	50,00
6,55000	50,00
6,56667	50,00
6,58333	50,00
6,60000	50,00
6,61667	50,00
6,63333	50,00
6,65000	50,00
6,66667	50,00
6,68333	50,00
6,70000	50,00
6,71667	50,00
6,73333	50,00
6,75000	50,00
6,76667	50,00
6,78333	50,00
6,80000	50,00
6,81667	50,00
6,83333	50,00
6,85000	50,00
6,86667	50,00
6,88333	50,00
6,90000	50,00
6,91667	50,00
6,93333	50,00
6,95000	50,00
6,96667	50,00
6,98333	50,00
7,00000	50,00
7,01667	50,00
7,03333	50,00
7,05000	50,00
7,06667	50,00
7,08333	50,00
7,10000	50,00
7,11667	50,00
7,13333	50,00
7,15000	50,00
7,16667	50,00
7,18333	50,00
7,20000	50,00
7,21667	50,00
7,23333	50,00
7,25000	50,00
7,26667	50,00
7,28333	50,00
7,30000	50,00
7,31667	50,00
7,33333	50,00
7,35000	50,00
7,36667	50,00
7,38333	50,00
7,40000	50,00
7,41667	50,00
7,43333	50,00
7,45000	50,00
7,46667	50,00
7,48333	49,99
7,50000	49,99
7,51667	49,99
7,53333	49,99
7,55000	49,99
7,56667	49,99
7,58333	49,99
7,60000	49,99
7,61667	49,99
7,63333	49,99
7,65000	49,99
7,66667	49,99
7,68333	49,99
7,70000	49,99
7,71667	49,99
7,73333	49,99
7,75000	49,99
7,76667	49,99
7,78333	49,99
7,80000	49,99
7,81667	49,99
7,83333	50,00
7,85000	50,00
7,86667	50,00
7,88333	50,00
7,90000	50,00
7,91667	50,00
7,93333	50,00
7,95000	50,00
7,96667	50,00
7,98333	50,00
8,00000	50,00
8,01667	50,00
8,03333	50,00
8,05000	50,00
8,06667	50,00
8,08333	50,00
8,10000	50,00
8,11667	50,00
8,13333	50,00
8,15000	50,00
8,16667	50,00
8,18333	50,00
8,20000	50,00
8,21667	50,00
8,23333	50,00
8,25000	50,00
8,26667	50,00
8,28333	50,00
8,30000	50,00
8,31667	50,00
8,33333	50,00
8,35000	50,00
8,36667	50,00
8,38333	50,00
8,40000	50,00
8,41667	50,00
8,43333	50,00
8,45000	50,00
8,46667	50,00
8,48333	50,00
8,50000	50,00
8,51667	50,00
8,53333	49,99
8,55000	49,99
8,56667	49,99
8,58333	49,99
8,60000	49,99
8,61667	49,99
8,63333	49,99
8,65000	49,99
8,66667	49,99
8,68333	49,99
8,70000	49,99
8,71667	49,99
8,73333	49,99
8,75000	49,99
8,76667	49,99
8,78333	49,99
8,80000	49,99
8,81667	49,99
8,83333	49,99
8,85000	49,99
8,86667	49,99
8,88333	49,99
8,90000	49,99
8,91667	49,99
8,93333	49,99
8,95000	49,99
8,96667	49,99
8,98333	49,99
9,00000	49,99
9,01667	49,99
9,03333	49,99
9,05000	49,99
9,06667	49,99
9,08333	49,99
9,10000	49,99
9,11667	50,00
9,13333	50,00
9,15000	50,00
9,16667	50,00
9,18333	50,00
9,20000	50,00
9,21667	50,00
9,23333	50,00
9,25000	50,00
9,26667	50,00
9,28333	50,00
9,30000	50,00
9,31667	50,00
9,33333	50,00
9,35000	50,00
9,36667	50,00
9,38333	50,00
9,40000	50,00
9,41667	50,00
9,43333	50,00
9,45000	50,00
9,46667	50,00
9,48333	50,00
9,50000	50,00
9,51667	50,00
9,53333	50,00
9,55000	50,00
9,56667	50,00
9,58333	50,00
9,60000	50,00
9,61667	50,00
9,63333	50,00
9,65000	50,00
9,66667	50,00
9,68333	50,00
9,70000	50,00
9,71667	50,00
9,73333	50,00
9,75000	50,00
9,76667	50,00
9,78333	50,00
9,80000	50,00
9,81667	50,00
9,83333	50,00
9,85000	50,00
9,86667	50,00
9,88333	50,00
9,90000	50,00
9,91667	50,00
9,93333	50,00
9,95000	50,00
9,96667	50,00
9,98333	50,00
10,00000	50,00
10,01667	50,00
10,03333	50,00
10,05000	50,00
10,06667	50,00
10,08333	50,00
10,10000	50,00
10,11667	50,00
10,13333	50,00
10,15000	50,00
10,16667	50,00
10,18333	50,00
10,20000	50,00
10,21667	50,00
10,23333	50,00
10,25000	50,00
10,26667	50,00
10,28333	50,00
10,30000	50,00
10,31667	49,99
10,33333	49,99
10,35000	50,00
10,36667	49,99
10,38333	49,99
10,40000	49,99
10,41667	50,00
10,43333	50,00
10,45000	50,00
10,46667	50,00
10,48333	50,00
10,50000	50,00
10,51667	50,00
10,53333	50,00
10,55000	50,00
10,56667	50,00
10,58333	50,00
10,60000	50,00
10,61667	50,00
10,63333	50,00
10,65000	50,00
10,66667	50,00
10,68333	50,00
10,70000	50,00
10,71667	50,00
10,73333	50,00
10,75000	50,00
10,76667	50,00
10,78333	50,00
10,80000	50,00
10,81667	50,00
10,83333	50,00
10,85000	50,00
10,86667	50,00
10,88333	50,00
10,90000	50,00
10,91667	50,00
10,93333	50,00
10,95000	50,00
10,96667	50,00
10,98333	50,00
11,00000	50,00
11,01667	50,00
11,03333	50,00
11,05000	50,00
11,06667	49,99
11,08333	49,99
11,10000	49,99
11,11667	49,99
11,13333	49,99
11,15000	49,99
11,16667	49,99
11,18333	49,99
11,20000	49,99
11,21667	49,99
11,23333	49,99
11,25000	49,99
11,26667	49,99
11,28333	49,99
11,30000	49,99
11,31667	49,99
11,33333	50,00
11,35000	50,00
11,36667	50,00
11,38333	50,00
11,40000	50,00
11,41667	50,00
11,43333	50,00
11,45000	50,00
11,46667	50,00
11,48333	50,00
11,50000	50,00
11,51667	50,00
11,53333	50,00
11,55000	50,00
11,56667	50,00
11,58333	50,00
11,60000	50,00
11,61667	50,00
11,63333	50,00
11,65000	50,00
11,66667	50,00
11,68333	50,00
11,70000	50,00
11,71667	50,00
11,73333	50,00
11,75000	50,00
11,76667	50,00
11,78333	50,00
11,80000	50,00
11,81667	50,00
11,83333	50,00
11,85000	50,00
11,86667	50,00
11,88333	50,00
11,90000	50,00
11,91667	50,00
11,93333	50,00
11,95000	50,00
11,96667	50,00
11,98333	50,00
12,00000	50,00
12,01667	49,99
12,03333	49,99
12,05000	49,99
12,06667	49,99
12,08333	49,99
12,10000	49,99
12,11667	49,99
12,13333	49,99
12,15000	49,99
12,16667	49,99
12,18333	49,99
12,20000	49,99
12,21667	49,99
12,23333	50,00
12,25000	50,00
12,26667	50,00
12,28333	50,00
12,30000	50,00
12,31667	50,00
12,33333	50,00
12,35000	50,00
12,36667	50,00
12,38333	50,00
12,40000	50,00
12,41667	50,00
12,43333	50,00
12,45000	50,00
12,46667	50,00
12,48333	50,00
12,50000	50,00
12,51667	50,00
12,53333	50,00
12,55000	50,00
12,56667	50,00
12,58333	50,00
12,60000	50,00
12,61667	50,00
12,63333	50,00
12,65000	50,00
12,66667	50,00
12,68333	50,00
12,70000	50,00
12,71667	50,00
12,73333	50,00
12,75000	50,00
12,76667	50,00
12,78333	50,00
12,80000	50,00
12,81667	50,00
12,83333	50,00
12,85000	50,00
12,86667	50,00
12,88333	50,00
12,90000	50,00
12,91667	50,00
12,93333	50,00
12,95000	50,00
12,96667	50,00
12,98333	50,00
13,00000	50,00
13,01667	50,00
13,03333	50,00
13,05000	50,00
13,06667	50,00
13,08333	49,99
13,10000	49,99
13,11667	49,99
13,13333	49,99
13,15000	49,99
13,16667	49,99
13,18333	49,99
13,20000	49,99
13,21667	49,99
13,23333	49,99
13,25000	49,99
13,26667	49,99
13,28333	49,99
13,30000	49,99
13,31667	49,99
13,33333	49,99
13,35000	49,99
13,36667	49,99
13,38333	49,99
13,40000	49,99
13,41667	49,99
13,43333	49,99
13,45000	50,00
13,46667	50,00
13,48333	50,00
13,50000	50,00
13,51667	50,00
13,53333	50,00
13,55000	50,00
13,56667	50,00
13,58333	50,00
13,60000	50,00
13,61667	50,00
13,63333	50,00
13,65000	50,00
13,66667	50,00
13,68333	50,00
13,70000	50,00
13,71667	50,00
13,73333	50,00
13,75000	50,00
13,76667	50,00
13,78333	50,00
13,80000	50,00
13,81667	50,00
13,83333	50,00
13,85000	50,00
13,86667	50,00
13,88333	50,00
13,90000	50,00
13,91667	50,00
13,93333	50,00
13,95000	50,00
13,96667	50,00
13,98333	50,00
14,00000	50,00
14,01667	49,99
14,03333	49,99
14,05000	49,99
14,06667	49,99
14,08333	49,99
14,10000	49,99
14,11667	49,99
14,13333	49,99
14,15000	49,99
14,16667	49,99
14,18333	49,99
14,20000	49,99
14,21667	49,99
14,23333	49,99
14,25000	49,99
14,26667	49,99
14,28333	49,99
14,30000	49,99
14,31667	49,99
14,33333	49,99
14,35000	49,99
14,36667	49,99
14,38333	49,99
14,40000	49,99
14,41667	49,99
14,43333	49,99
14,45000	49,99
14,46667	49,99
14,48333	49,99
14,50000	49,99
14,51667	49,99
14,53333	49,99
14,55000	50,00
14,56667	50,00
14,58333	50,00
14,60000	50,00
14,61667	50,00
14,63333	50,00
14,65000	50,00
14,66667	50,00
14,68333	50,00
14,70000	50,00
14,71667	50,00
14,73333	50,00
14,75000	50,00
14,76667	50,00
14,78333	50,00
14,80000	50,00
14,81667	50,00
14,83333	50,00
14,85000	50,00
14,86667	50,00
14,88333	50,00
14,90000	50,00
14,91667	50,00
14,93333	50,00
14,95000	50,00
14,96667	50,00
14,98333	50,00
15,00000	50,00
15,01667	50,00
15,03333	50,00
15,05000	50,00
15,06667	50,00
15,08333	50,00
15,10000	50,00
15,11667	50,00
15,13333	50,00
15,15000	50,00
15,16667	50,00
15,18333	50,00
15,20000	50,00
15,21667	50,00
15,23333	50,00
15,25000	50,00
15,26667	50,00
15,28333	50,00
15,30000	50,00
15,31667	50,00
15,33333	49,99
15,35000	49,99
15,36667	49,99
15,38333	49,99
15,40000	49,99
15,41667	49,99
15,43333	49,99
15,45000	49,99
15,46667	49,99
15,48333	49,99
15,50000	49,99
15,51667	49,99
15,53333	49,99
15,55000	49,99
15,56667	49,99
15,58333	49,99
15,60000	49,99
15,61667	49,99
15,63333	49,99
15,65000	49,99
15,66667	49,99
15,68333	49,99
15,70000	49,99
15,71667	49,99
15,73333	49,99
15,75000	49,99
15,76667	49,99
15,78333	49,99
15,80000	49,99
15,81667	49,99
15,83333	49,99
15,85000	49,99
15,86667	50,00
15,88333	50,00
15,90000	50,00
15,91667	50,00
15,93333	50,00
15,95000	50,00
15,96667	50,00
15,98333	50,00
16,00000	50,00
16,01667	50,00
16,03333	50,00
16,05000	50,00
16,06667	50,00
16,08333	50,00
16,10000	50,00
16,11667	50,00
16,13333	50,00
16,15000	50,00
16,16667	50,00
16,18333	50,00
16,20000	50,00
16,21667	50,00
16,23333	50,00
16,25000	50,00
16,26667	50,00
16,28333	50,00
16,30000	50,00
16,31667	50,00
16,33333	50,00
16,35000	50,00
16,36667	50,00
16,38333	50,00
16,40000	50,00
16,41667	50,00
16,43333	50,00
16,45000	50,00
16,46667	50,00
16,48333	50,00
16,50000	50,00
16,51667	50,00
16,53333	50,00
16,55000	50,00
16,56667	50,00
16,58333	50,00
16,60000	50,00
16,61667	50,00
16,63333	49,99
16,65000	49,99
16,66667	49,99
16,68333	49,99
16,70000	49,99
16,71667	49,99
16,73333	49,99
16,75000	49,99
16,76667	49,99
16,78333	49,99
16,80000	49,99
16,81667	49,99
16,83333	49,99
16,85000	49,99
16,86667	49,99
16,88333	49,99
16,90000	49,99
16,91667	49,99
16,93333	49,99
16,95000	49,99
16,96667	49,99
16,98333	49,99
17,00000	49,99
17,01667	49,99
17,03333	49,99
17,05000	49,99
17,06667	49,99
17,08333	49,99
17,10000	49,99
17,11667	49,99
17,13333	49,99
17,15000	49,99
17,16667	49,99
17,18333	49,99
17,20000	49,99
17,21667	49,99
17,23333	49,99
17,25000	49,99
17,26667	50,00
17,28333	50,00
17,30000	50,00
17,31667	50,00
17,33333	50,00
17,35000	50,00
17,36667	50,00
17,38333	50,00
17,40000	50,00
17,41667	50,00
17,43333	50,00
17,45000	50,00
17,46667	50,00
17,48333	50,00
17,50000	50,00
17,51667	50,00
17,53333	50,00
17,55000	50,00
17,56667	50,00
17,58333	50,00
17,60000	50,00
17,61667	50,00
17,63333	50,00
17,65000	49,99
17,66667	49,99
17,68333	49,99
17,70000	49,99
17,71667	49,99
17,73333	49,99
17,75000	49,99
17,76667	49,99
17,78333	49,99
17,80000	49,99
17,81667	50,00
17,83333	50,00
17,85000	50,00
17,86667	50,00
17,88333	50,00
17,90000	50,00
17,91667	50,00
17,93333	50,00
17,95000	50,00
17,96667	50,00
17,98333	50,00
18,00000	50,00
18,01667	50,00
18,03333	50,00
18,05000	50,00
18,06667	50,00
18,08333	50,00
18,10000	49,99
18,11667	49,99
18,13333	49,99
18,15000	49,99
18,16667	49,99
18,18333	49,99
18,20000	49,99
18,21667	49,99
18,23333	49,99
18,25000	49,99
18,26667	49,99
18,28333	49,99
18,30000	49,99
18,31667	49,99
18,33333	49,99
18,35000	49,99
18,36667	49,99
18,38333	49,99
18,40000	49,99
18,41667	49,99
18,43333	49,99
18,45000	49,99
18,46667	49,99
18,48333	49,99
18,50000	49,99
18,51667	49,99
18,53333	49,99
18,55000	49,99
18,56667	50,00
18,58333	50,00
18,60000	50,00
18,61667	50,00
18,63333	50,00
18,65000	50,00
18,66667	50,00
18,68333	50,00
18,70000	50,00
18,71667	50,00
18,73333	50,00
18,75000	50,00
18,76667	50,00
18,78333	50,00
18,80000	50,00
18,81667	50,00
18,83333	50,00
18,85000	50,00
18,86667	50,00
18,88333	50,00
18,90000	50,00
18,91667	50,00
18,93333	50,00
18,95000	50,00
18,96667	50,00
18,98333	50,00
19,00000	50,00
19,01667	50,00
19,03333	50,00
19,05000	50,00
19,06667	50,00
19,08333	50,00
19,10000	50,00
19,11667	50,00
19,13333	50,00
19,15000	50,00
19,16667	50,00
19,18333	50,00
19,20000	50,00
19,21667	50,00
19,23333	50,00
19,25000	50,00
19,26667	50,00
19,28333	50,00
19,30000	50,00
19,31667	50,00
19,33333	50,00
19,35000	50,00
19,36667	50,00
19,38333	50,00
19,40000	50,00
19,41667	50,00
19,43333	50,00
19,45000	50,00
19,46667	50,00
19,48333	49,99
19,50000	49,99
19,51667	49,99
19,53333	49,99
19,55000	49,99
19,56667	49,99
19,58333	49,99
19,60000	49,99
19,61667	49,99
19,63333	49,99
19,65000	49,99
19,66667	49,99
19,68333	49,99
19,70000	49,99
19,71667	49,99
19,73333	49,99
19,75000	49,99
19,76667	49,99
19,78333	49,99
19,80000	49,99
19,81667	49,99
19,83333	49,99
19,85000	49,99
19,86667	49,99
19,88333	49,99
19,90000	49,99
19,91667	49,99
19,93333	49,99
19,95000	49,99
19,96667	50,00
19,98333	50,00
20,00000	50,00
20,01667	50,00
20,03333	50,00
20,05000	50,00
20,06667	50,00
20,08333	50,00
20,10000	50,00
20,11667	50,00
20,13333	50,00
20,15000	50,00
20,16667	50,00
20,18333	50,00
20,20000	50,00
20,21667	50,00
20,23333	50,00
20,25000	50,00
20,26667	50,00
20,28333	50,00
20,30000	50,00
20,31667	50,00
20,33333	50,00
20,35000	50,00
20,36667	50,00
20,38333	50,00
20,40000	50,00
20,41667	50,00
20,43333	50,00
20,45000	50,00
20,46667	50,00
20,48333	50,00
20,50000	50,00
20,51667	50,00
20,53333	50,00
20,55000	50,00
20,56667	50,00
20,58333	49,99
20,60000	49,99
20,61667	49,99
20,63333	49,99
20,65000	49,99
20,66667	49,99
20,68333	49,99
20,70000	49,99
20,71667	49,99
20,73333	49,99
20,75000	49,99
20,76667	49,99
20,78333	49,99
20,80000	49,99
20,81667	49,99
20,83333	49,99
20,85000	49,99
20,86667	49,99
20,88333	49,99
20,90000	49,99
20,91667	49,99
20,93333	49,99
20,95000	49,99
20,96667	49,99
20,98333	49,99
21,00000	49,99
21,01667	49,99
21,03333	49,99
21,05000	49,99
21,06667	49,99
21,08333	49,99
21,10000	49,99
21,11667	50,00
21,13333	50,00
21,15000	50,00
21,16667	50,00
21,18333	50,00
21,20000	50,00
21,21667	50,00
21,23333	50,00
21,25000	50,00
21,26667	50,00
21,28333	50,00
21,30000	50,00
21,31667	50,00
21,33333	50,00
21,35000	50,00
21,36667	50,00
21,38333	50,00
21,40000	50,00
21,41667	50,00
21,43333	50,00
21,45000	50,00
21,46667	50,00
21,48333	50,00
21,50000	50,00
21,51667	50,00
21,53333	50,00
21,55000	50,00
21,56667	50,00
21,58333	50,00
21,60000	50,00
21,61667	50,00
21,63333	50,00
21,65000	50,00
21,66667	50,00
21,68333	50,00
21,70000	50,00
21,71667	50,00
21,73333	50,00
21,75000	50,00
21,76667	49,99
21,78333	49,99
21,80000	49,99
21,81667	49,99
21,83333	49,99
21,85000	49,99
21,86667	49,99
21,88333	49,99
21,90000	49,99
21,91667	49,99
21,93333	49,99
21,95000	49,99
21,96667	49,99
21,98333	49,99
22,00000	50,00
22,01667	50,00
22,03333	50,00
22,05000	50,00
22,06667	50,00
22,08333	50,00
22,10000	50,00
22,11667	50,00
22,13333	50,00
22,15000	50,00
22,16667	50,00
22,18333	50,00
22,20000	50,00
22,21667	50,00
22,23333	50,00
22,25000	50,00
22,26667	50,00
22,28333	50,00
22,30000	50,00
22,31667	50,00
22,33333	50,00
22,35000	50,00
22,36667	50,00
22,38333	50,00
22,40000	50,00
22,41667	50,00
22,43333	50,00
22,45000	50,00
22,46667	50,00
22,48333	50,00
22,50000	50,00
22,51667	50,00
22,53333	50,00
22,55000	50,00
22,56667	50,00
22,58333	50,00
22,60000	50,00
22,61667	50,00
22,63333	49,99
22,65000	49,99
22,66667	49,99
22,68333	49,99
22,70000	49,99
22,71667	49,99
22,73333	49,99
22,75000	49,99
22,76667	49,99
22,78333	49,99
22,80000	49,99
22,81667	49,99
22,83333	49,99
22,85000	49,99
22,86667	49,99
22,88333	49,99
22,90000	49,99
22,91667	49,99
22,93333	49,99
22,95000	50,00
22,96667	50,00
22,98333	50,00
23,00000	50,00
23,01667	50,00
23,03333	50,00
23,05000	50,00
23,06667	50,00
23,08333	50,00
23,10000	50,00
23,11667	50,00
23,13333	50,00
23,15000	50,00
23,16667	50,00
23,18333	50,00
23,20000	50,00
23,21667	50,00
23,23333	50,00
23,25000	50,00
23,26667	50,00
23,28333	50,00
23,30000	50,00
23,31667	50,00
23,33333	50,00
23,35000	50,00
23,36667	50,00
23,38333	50,00
23,40000	50,00
23,41667	50,00
23,43333	50,00
23,45000	50,00
23,46667	50,00
23,48333	50,00
23,50000	50,00
23,51667	50,00
23,53333	49,99
23,55000	49,99
23,56667	49,99
23,58333	49,99
23,60000	49,99
23,61667	49,99
23,63333	49,99
23,65000	49,99
23,66667	49,99
23,68333	49,99
23,70000	49,99
23,71667	49,99
23,73333	49,99
23,75000	49,99
23,76667	49,99
23,78333	49,99
23,80000	49,99
23,81667	49,99
23,83333	49,99
23,85000	50,00
23,86667	50,00
23,88333	50,00
23,90000	50,00
23,91667	50,00
23,93333	50,00
23,95000	50,00
23,96667	50,00
23,98333	50,00
24,00000	50,00
24,01667	50,00
24,03333	50,00
24,05000	50,00
24,06667	50,00
24,08333	50,00
24,10000	50,00
24,11667	50,00
24,13333	50,00
24,15000	50,00
24,16667	50,00
24,18333	50,00
24,20000	50,00
24,21667	50,00
24,23333	50,00
24,25000	50,00
24,26667	50,00
24,28333	50,00
24,30000	50,00
24,31667	50,00
24,33333	50,00
24,35000	50,00
24,36667	50,00
24,38333	50,00
24,40000	50,00
24,41667	50,00
24,43333	50,00
24,45000	50,00
24,46667	50,00
24,48333	50,00
24,50000	50,00
24,51667	50,00
24,53333	50,00
24,55000	50,00
24,56667	50,00
24,58333	50,00
24,60000	50,00
24,61667	50,00
24,63333	50,00
24,65000	50,00
24,66667	50,00
24,68333	50,00
24,70000	50,00
24,71667	50,00
24,73333	50,00
24,75000	50,00
24,76667	50,00
24,78333	50,00
24,80000	49,99
24,81667	49,99
24,83333	49,99
24,85000	49,99
24,86667	49,99
24,88333	49,99
24,90000	49,99
24,91667	49,99
24,93333	49,99
24,95000	49,99
24,96667	49,99
24,98333	49,99
25,00000	49,99
25,01667	49,99
25,03333	49,99
25,05000	50,00
25,06667	50,00
25,08333	50,00
25,10000	50,00
25,11667	50,00
25,13333	50,00
25,15000	50,00
25,16667	50,00
25,18333	50,00
25,20000	50,00
25,21667	50,00
25,23333	50,00
25,25000	50,00
25,26667	50,00
25,28333	50,00
25,30000	50,00
25,31667	50,00
25,33333	50,00
25,35000	50,00
25,36667	50,00
25,38333	50,00
25,40000	50,00
25,41667	50,00
25,43333	50,00
25,45000	50,00
25,46667	50,00
25,48333	50,00
25,50000	50,00
25,51667	50,00
25,53333	50,00
25,55000	50,00
25,56667	50,00
25,58333	50,00
25,60000	50,00
25,61667	50,00
25,63333	50,00
25,65000	50,00
25,66667	50,00
25,68333	50,00
25,70000	50,00
25,71667	50,00
25,73333	50,00
25,75000	50,00
25,76667	50,00
25,78333	50,00
25,80000	50,00
25,81667	50,00
25,83333	50,00
25,85000	50,00
25,86667	50,00
25,88333	50,00
25,90000	50,00
25,91667	50,00
25,93333	50,00
25,95000	50,00
25,96667	50,00
25,98333	50,00
26,00000	50,00
26,01667	50,00
26,03333	50,00
26,05000	50,00
26,06667	50,00
26,08333	50,00
26,10000	50,00
26,11667	50,00
26,13333	50,00
26,15000	50,00
26,16667	50,00
26,18333	50,00
26,20000	50,00
26,21667	50,00
26,23333	50,00
26,25000	50,00
26,26667	50,00
26,28333	50,00
26,30000	50,00
26,31667	50,00
26,33333	50,00
26,35000	50,00
26,36667	50,00
26,38333	50,00
26,40000	50,00
26,41667	50,00
26,43333	50,00
26,45000	50,00
26,46667	50,00
26,48333	50,00
26,50000	50,00
26,51667	50,00
26,53333	50,00
26,55000	50,00
26,56667	50,00
26,58333	50,00
26,60000	50,00
26,61667	50,00
26,63333	50,00
26,65000	50,00
26,66667	50,00
26,68333	50,00
26,70000	50,00
26,71667	50,00
26,73333	50,00
26,75000	50,00
26,76667	50,00
26,78333	50,00
26,80000	50,00
26,81667	50,00
26,83333	50,00
26,85000	50,00
26,86667	50,00
26,88333	50,00
26,90000	50,00
26,91667	50,00
26,93333	50,00
26,95000	50,00
26,96667	50,00
26,98333	50,00
27,00000	50,00
27,01667	50,00
27,03333	50,00
27,05000	50,00
27,06667	50,00
27,08333	50,00
27,10000	50,00
27,11667	50,00
27,13333	50,00
27,15000	50,00
27,16667	50,00
27,18333	50,00
27,20000	50,00
27,21667	50,00
27,23333	50,00
27,25000	50,00
27,26667	50,00
27,28333	50,00
27,30000	50,00
27,31667	50,00
27,33333	50,00
27,35000	50,00
27,36667	50,00
27,38333	50,00
27,40000	50,00
27,41667	50,00
27,43333	50,00
27,45000	50,00
27,46667	50,00
27,48333	50,00
27,50000	50,00
27,51667	50,00
27,53333	50,00
27,55000	50,00
27,56667	50,00
27,58333	50,00
27,60000	50,00
27,61667	50,00
27,63333	50,00
27,65000	50,00
27,66667	50,00
27,68333	50,00
27,70000	50,00
27,71667	50,00
27,73333	50,00
27,75000	50,00
27,76667	50,00
27,78333	50,00
27,80000	50,00
27,81667	50,00
27,83333	50,00
27,85000	50,00
27,86667	49,99
27,88333	49,99
27,90000	49,99
27,91667	49,99
27,93333	49,99
27,95000	49,99
27,96667	49,99
27,98333	49,99
28,00000	49,99
28,01667	49,99
28,03333	49,99
28,05000	49,99
28,06667	49,99
28,08333	49,99
28,10000	49,99
28,11667	49,99
28,13333	49,99
28,15000	49,99
28,16667	49,99
28,18333	49,99
28,20000	50,00
28,21667	50,00
28,23333	50,00
28,25000	50,00
28,26667	50,00
28,28333	50,00
28,30000	50,00
28,31667	50,00
28,33333	50,00
28,35000	49,99
28,36667	49,99
28,38333	49,99
28,40000	49,99
28,41667	49,99
28,43333	49,99
28,45000	49,99
28,46667	49,99
28,48333	49,99
28,50000	49,99
28,51667	49,99
28,53333	49,99
28,55000	49,99
28,56667	49,99
28,58333	49,99
28,60000	49,99
28,61667	49,99
28,63333	49,99
28,65000	49,99
28,66667	49,99
28,68333	49,99
28,70000	49,99
28,71667	49,99
28,73333	49,99
28,75000	49,99
28,76667	49,99
28,78333	49,99
28,80000	49,99
28,81667	49,99
28,83333	49,99
28,85000	49,99
28,86667	49,99
28,88333	49,99
28,90000	49,99
28,91667	49,99
28,93333	49,99
28,95000	49,99
28,96667	49,99
28,98333	49,99
29,00000	49,99
29,01667	49,99
29,03333	49,99
29,05000	49,99
29,06667	49,99
29,08333	49,99
29,10000	49,99
29,11667	49,99
29,13333	49,99
29,15000	49,99
29,16667	49,99
29,18333	49,99
29,20000	49,99
29,21667	49,99
29,23333	49,99
29,25000	49,99
29,26667	49,99
29,28333	49,99
29,30000	49,99
29,31667	49,99
29,33333	49,99
29,35000	49,99
29,36667	49,99
29,38333	49,99
29,40000	49,99
29,41667	49,99
29,43333	49,99
29,45000	49,99
29,46667	49,99
29,48333	49,99
29,50000	50,00
29,51667	50,00
29,53333	50,00
29,55000	50,00
29,56667	50,00
29,58333	50,00
29,60000	50,00
29,61667	50,00
29,63333	50,00
29,65000	50,00
29,66667	50,00
29,68333	50,00
29,70000	50,00
29,71667	50,00
29,73333	50,00
29,75000	50,00
29,76667	50,00
29,78333	50,00
29,80000	50,00
29,81667	50,00
29,83333	50,00
29,85000	50,00
29,86667	49,99
29,88333	49,99
29,90000	49,99
29,91667	49,99
29,93333	49,99
29,95000	49,99
29,96667	49,99
29,98333	49,99
30,00000	49,99
30,01667	49,99
30,03333	49,99
30,05000	49,99
30,06667	49,99
30,08333	49,99
30,10000	49,99
30,11667	49,99
30,13333	49,99
30,15000	49,99
30,16667	49,99
30,18333	49,99
30,20000	49,99
30,21667	49,99
30,23333	49,99
30,25000	49,99
30,26667	49,99
30,28333	49,99
30,30000	49,99
30,31667	49,99
30,33333	49,99
30,35000	49,99
30,36667	49,99
30,38333	49,99
30,40000	49,99
30,41667	49,99
30,43333	49,99
30,45000	49,99
30,46667	49,99
30,48333	49,99
30,50000	49,99
30,51667	49,99
30,53333	49,99
30,55000	49,99
30,56667	49,99
30,58333	49,99
30,60000	49,99
30,61667	49,99
30,63333	49,99
30,65000	49,99
30,66667	49,99
30,68333	49,99
30,70000	49,99
30,71667	49,99
30,73333	49,99
30,75000	49,99
30,76667	49,99
30,78333	49,99
30,80000	49,99
30,81667	49,99
30,83333	49,99
30,85000	49,99
30,86667	49,99
30,88333	49,99
30,90000	49,99
30,91667	49,99
30,93333	49,99
30,95000	49,99
30,96667	49,99
30,98333	49,99
31,00000	49,99
31,01667	49,99
31,03333	49,99
31,05000	49,99
31,06667	50,00
31,08333	49,99
31,10000	50,00
31,11667	50,00
31,13333	50,00
31,15000	50,00
31,16667	50,00
31,18333	50,00
31,20000	50,00
31,21667	50,00
31,23333	50,00
31,25000	49,99
31,26667	49,99
31,28333	49,99
31,30000	49,99
31,31667	49,99
31,33333	49,99
31,35000	49,99
31,36667	49,99
31,38333	49,99
31,40000	49,99
31,41667	49,99
31,43333	49,99
31,45000	49,99
31,46667	49,99
31,48333	49,99
31,50000	49,99
31,51667	49,99
31,53333	49,99
31,55000	49,99
31,56667	49,99
31,58333	49,99
31,60000	49,99
31,61667	49,99
31,63333	49,99
31,65000	49,99
31,66667	49,99
31,68333	49,99
31,70000	49,99
31,71667	49,99
31,73333	49,99
31,75000	50,00
31,76667	50,00
31,78333	50,00
31,80000	50,00
31,81667	50,00
31,83333	50,00
31,85000	50,00
31,86667	50,00
31,88333	50,00
31,90000	50,00
31,91667	50,00
31,93333	50,00
31,95000	50,00
31,96667	50,00
31,98333	50,00
32,00000	50,00

[LC Status Trace(PDA Optical Unit Temp.)]
Interval(msec)	1000
# of Points	1921
Start Time(min)	0,000
End Time(min)	32,000
Intensity Units	C
Intensity Multiplier	1
R.Time (min)	Intensity
0,00000	46,96
0,01667	46,96
0,03333	46,96
0,05000	46,96
0,06667	46,96
0,08333	46,96
0,10000	46,96
0,11667	46,96
0,13333	46,96
0,15000	46,96
0,16667	46,96
0,18333	46,96
0,20000	46,96
0,21667	46,96
0,23333	46,96
0,25000	46,96
0,26667	46,96
0,28333	46,96
0,30000	46,96
0,31667	46,96
0,33333	46,96
0,35000	46,96
0,36667	46,96
0,38333	46,96
0,40000	46,96
0,41667	46,96
0,43333	46,96
0,45000	46,96
0,46667	46,96
0,48333	46,96
0,50000	46,96
0,51667	46,96
0,53333	46,96
0,55000	46,96
0,56667	46,96
0,58333	46,96
0,60000	46,96
0,61667	46,96
0,63333	46,96
0,65000	46,96
0,66667	46,96
0,68333	46,96
0,70000	46,96
0,71667	46,96
0,73333	46,96
0,75000	46,96
0,76667	46,96
0,78333	46,96
0,80000	46,96
0,81667	46,96
0,83333	46,96
0,85000	46,96
0,86667	46,96
0,88333	46,96
0,90000	46,96
0,91667	46,96
0,93333	46,96
0,95000	46,96
0,96667	46,96
0,98333	46,96
1,00000	46,96
1,01667	46,96
1,03333	46,96
1,05000	46,96
1,06667	46,96
1,08333	46,96
1,10000	46,96
1,11667	46,96
1,13333	46,96
1,15000	46,96
1,16667	46,96
1,18333	46,96
1,20000	46,96
1,21667	46,96
1,23333	46,96
1,25000	46,96
1,26667	46,96
1,28333	46,96
1,30000	46,96
1,31667	46,96
1,33333	46,96
1,35000	46,96
1,36667	46,96
1,38333	46,96
1,40000	46,96
1,41667	46,96
1,43333	46,96
1,45000	46,96
1,46667	46,96
1,48333	46,96
1,50000	46,96
1,51667	46,96
1,53333	46,96
1,55000	46,96
1,56667	46,96
1,58333	46,96
1,60000	46,96
1,61667	46,96
1,63333	46,96
1,65000	46,96
1,66667	46,96
1,68333	46,96
1,70000	46,96
1,71667	46,96
1,73333	46,96
1,75000	46,96
1,76667	46,96
1,78333	46,96
1,80000	46,96
1,81667	46,96
1,83333	46,96
1,85000	46,96
1,86667	46,96
1,88333	46,96
1,90000	46,96
1,91667	46,96
1,93333	46,96
1,95000	46,96
1,96667	46,96
1,98333	46,96
2,00000	46,96
2,01667	46,96
2,03333	46,96
2,05000	46,96
2,06667	46,96
2,08333	46,96
2,10000	46,96
2,11667	46,96
2,13333	46,96
2,15000	46,96
2,16667	46,96
2,18333	46,96
2,20000	46,96
2,21667	46,96
2,23333	46,96
2,25000	46,96
2,26667	46,96
2,28333	46,96
2,30000	46,96
2,31667	46,96
2,33333	46,96
2,35000	46,96
2,36667	46,96
2,38333	46,96
2,40000	46,96
2,41667	46,96
2,43333	46,96
2,45000	46,96
2,46667	46,96
2,48333	46,96
2,50000	46,96
2,51667	46,96
2,53333	46,96
2,55000	46,96
2,56667	46,96
2,58333	46,96
2,60000	46,96
2,61667	46,96
2,63333	46,96
2,65000	46,96
2,66667	46,96
2,68333	46,96
2,70000	46,96
2,71667	46,96
2,73333	46,96
2,75000	46,96
2,76667	46,96
2,78333	46,96
2,80000	46,96
2,81667	46,96
2,83333	46,96
2,85000	46,96
2,86667	46,96
2,88333	46,96
2,90000	46,96
2,91667	46,96
2,93333	46,96
2,95000	46,96
2,96667	46,96
2,98333	46,96
3,00000	46,96
3,01667	46,96
3,03333	46,96
3,05000	46,96
3,06667	46,96
3,08333	46,96
3,10000	46,96
3,11667	46,96
3,13333	46,96
3,15000	46,96
3,16667	46,96
3,18333	46,96
3,20000	46,96
3,21667	46,96
3,23333	46,96
3,25000	46,96
3,26667	46,96
3,28333	46,96
3,30000	46,96
3,31667	46,96
3,33333	46,96
3,35000	46,96
3,36667	46,96
3,38333	46,96
3,40000	46,96
3,41667	46,97
3,43333	46,96
3,45000	46,97
3,46667	46,97
3,48333	46,96
3,50000	46,97
3,51667	46,96
3,53333	46,96
3,55000	46,97
3,56667	46,97
3,58333	46,96
3,60000	46,97
3,61667	46,97
3,63333	46,96
3,65000	46,97
3,66667	46,96
3,68333	46,96
3,70000	46,96
3,71667	46,96
3,73333	46,96
3,75000	46,96
3,76667	46,96
3,78333	46,96
3,80000	46,96
3,81667	46,96
3,83333	46,97
3,85000	46,97
3,86667	46,97
3,88333	46,97
3,90000	46,97
3,91667	46,97
3,93333	46,97
3,95000	46,97
3,96667	46,97
3,98333	46,97
4,00000	46,97
4,01667	46,97
4,03333	46,97
4,05000	46,97
4,06667	46,97
4,08333	46,97
4,10000	46,97
4,11667	46,96
4,13333	46,96
4,15000	46,96
4,16667	46,96
4,18333	46,96
4,20000	46,96
4,21667	46,96
4,23333	46,96
4,25000	46,96
4,26667	46,96
4,28333	46,96
4,30000	46,96
4,31667	46,97
4,33333	46,96
4,35000	46,97
4,36667	46,96
4,38333	46,97
4,40000	46,97
4,41667	46,97
4,43333	46,97
4,45000	46,97
4,46667	46,97
4,48333	46,97
4,50000	46,97
4,51667	46,97
4,53333	46,97
4,55000	46,96
4,56667	46,96
4,58333	46,96
4,60000	46,96
4,61667	46,97
4,63333	46,97
4,65000	46,96
4,66667	46,97
4,68333	46,97
4,70000	46,97
4,71667	46,97
4,73333	46,97
4,75000	46,97
4,76667	46,97
4,78333	46,97
4,80000	46,97
4,81667	46,97
4,83333	46,97
4,85000	46,97
4,86667	46,96
4,88333	46,96
4,90000	46,96
4,91667	46,96
4,93333	46,96
4,95000	46,96
4,96667	46,96
4,98333	46,96
5,00000	46,96
5,01667	46,96
5,03333	46,96
5,05000	46,96
5,06667	46,96
5,08333	46,96
5,10000	46,96
5,11667	46,97
5,13333	46,97
5,15000	46,97
5,16667	46,97
5,18333	46,97
5,20000	46,97
5,21667	46,97
5,23333	46,97
5,25000	46,97
5,26667	46,97
5,28333	46,97
5,30000	46,97
5,31667	46,97
5,33333	46,97
5,35000	46,97
5,36667	46,97
5,38333	46,97
5,40000	46,97
5,41667	46,97
5,43333	46,97
5,45000	46,97
5,46667	46,97
5,48333	46,97
5,50000	46,97
5,51667	46,97
5,53333	46,97
5,55000	46,97
5,56667	46,97
5,58333	46,97
5,60000	46,97
5,61667	46,97
5,63333	46,97
5,65000	46,97
5,66667	46,97
5,68333	46,97
5,70000	46,96
5,71667	46,96
5,73333	46,96
5,75000	46,96
5,76667	46,96
5,78333	46,96
5,80000	46,96
5,81667	46,96
5,83333	46,96
5,85000	46,96
5,86667	46,96
5,88333	46,96
5,90000	46,96
5,91667	46,96
5,93333	46,97
5,95000	46,96
5,96667	46,97
5,98333	46,97
6,00000	46,97
6,01667	46,97
6,03333	46,97
6,05000	46,97
6,06667	46,97
6,08333	46,97
6,10000	46,97
6,11667	46,97
6,13333	46,97
6,15000	46,97
6,16667	46,97
6,18333	46,97
6,20000	46,97
6,21667	46,97
6,23333	46,97
6,25000	46,97
6,26667	46,96
6,28333	46,96
6,30000	46,96
6,31667	46,96
6,33333	46,96
6,35000	46,96
6,36667	46,96
6,38333	46,96
6,40000	46,96
6,41667	46,96
6,43333	46,96
6,45000	46,96
6,46667	46,96
6,48333	46,96
6,50000	46,96
6,51667	46,96
6,53333	46,96
6,55000	46,96
6,56667	46,96
6,58333	46,96
6,60000	46,96
6,61667	46,96
6,63333	46,96
6,65000	46,96
6,66667	46,97
6,68333	46,97
6,70000	46,97
6,71667	46,97
6,73333	46,97
6,75000	46,97
6,76667	46,97
6,78333	46,97
6,80000	46,97
6,81667	46,97
6,83333	46,97
6,85000	46,97
6,86667	46,97
6,88333	46,97
6,90000	46,97
6,91667	46,97
6,93333	46,97
6,95000	46,97
6,96667	46,97
6,98333	46,97
7,00000	46,97
7,01667	46,97
7,03333	46,97
7,05000	46,96
7,06667	46,97
7,08333	46,97
7,10000	46,96
7,11667	46,96
7,13333	46,97
7,15000	46,97
7,16667	46,96
7,18333	46,97
7,20000	46,97
7,21667	46,97
7,23333	46,97
7,25000	46,97
7,26667	46,97
7,28333	46,97
7,30000	46,97
7,31667	46,97
7,33333	46,97
7,35000	46,97
7,36667	46,97
7,38333	46,97
7,40000	46,97
7,41667	46,97
7,43333	46,96
7,45000	46,97
7,46667	46,97
7,48333	46,96
7,50000	46,96
7,51667	46,96
7,53333	46,96
7,55000	46,96
7,56667	46,96
7,58333	46,96
7,60000	46,96
7,61667	46,96
7,63333	46,96
7,65000	46,96
7,66667	46,96
7,68333	46,96
7,70000	46,96
7,71667	46,96
7,73333	46,97
7,75000	46,97
7,76667	46,97
7,78333	46,97
7,80000	46,97
7,81667	46,97
7,83333	46,97
7,85000	46,97
7,86667	46,97
7,88333	46,97
7,90000	46,97
7,91667	46,97
7,93333	46,97
7,95000	46,97
7,96667	46,97
7,98333	46,97
8,00000	46,97
8,01667	46,97
8,03333	46,97
8,05000	46,97
8,06667	46,97
8,08333	46,97
8,10000	46,97
8,11667	46,97
8,13333	46,97
8,15000	46,97
8,16667	46,97
8,18333	46,97
8,20000	46,97
8,21667	46,97
8,23333	46,97
8,25000	46,97
8,26667	46,97
8,28333	46,97
8,30000	46,97
8,31667	46,97
8,33333	46,97
8,35000	46,97
8,36667	46,97
8,38333	46,97
8,40000	46,97
8,41667	46,97
8,43333	46,97
8,45000	46,97
8,46667	46,97
8,48333	46,97
8,50000	46,97
8,51667	46,97
8,53333	46,97
8,55000	46,97
8,56667	46,97
8,58333	46,97
8,60000	46,97
8,61667	46,97
8,63333	46,97
8,65000	46,97
8,66667	46,97
8,68333	46,97
8,70000	46,97
8,71667	46,97
8,73333	46,97
8,75000	46,97
8,76667	46,97
8,78333	46,97
8,80000	46,97
8,81667	46,97
8,83333	46,97
8,85000	46,97
8,86667	46,97
8,88333	46,97
8,90000	46,97
8,91667	46,97
8,93333	46,97
8,95000	46,97
8,96667	46,97
8,98333	46,97
9,00000	46,97
9,01667	46,97
9,03333	46,97
9,05000	46,97
9,06667	46,97
9,08333	46,97
9,10000	46,97
9,11667	46,97
9,13333	46,97
9,15000	46,97
9,16667	46,97
9,18333	46,97
9,20000	46,97
9,21667	46,97
9,23333	46,97
9,25000	46,97
9,26667	46,97
9,28333	46,97
9,30000	46,97
9,31667	46,97
9,33333	46,97
9,35000	46,97
9,36667	46,97
9,38333	46,97
9,40000	46,97
9,41667	46,97
9,43333	46,97
9,45000	46,97
9,46667	46,97
9,48333	46,97
9,50000	46,97
9,51667	46,97
9,53333	46,97
9,55000	46,97
9,56667	46,97
9,58333	46,97
9,60000	46,97
9,61667	46,97
9,63333	46,97
9,65000	46,97
9,66667	46,97
9,68333	46,97
9,70000	46,97
9,71667	46,97
9,73333	46,97
9,75000	46,97
9,76667	46,97
9,78333	46,97
9,80000	46,97
9,81667	46,97
9,83333	46,97
9,85000	46,97
9,86667	46,97
9,88333	46,97
9,90000	46,97
9,91667	46,97
9,93333	46,97
9,95000	46,97
9,96667	46,97
9,98333	46,97
10,00000	46,97
10,01667	46,97
10,03333	46,97
10,05000	46,97
10,06667	46,97
10,08333	46,97
10,10000	46,97
10,11667	46,97
10,13333	46,97
10,15000	46,97
10,16667	46,97
10,18333	46,97
10,20000	46,97
10,21667	46,97
10,23333	46,97
10,25000	46,97
10,26667	46,97
10,28333	46,97
10,30000	46,97
10,31667	46,97
10,33333	46,97
10,35000	46,97
10,36667	46,97
10,38333	46,97
10,40000	46,97
10,41667	46,97
10,43333	46,97
10,45000	46,97
10,46667	46,97
10,48333	46,97
10,50000	46,97
10,51667	46,97
10,53333	46,97
10,55000	46,97
10,56667	46,97
10,58333	46,97
10,60000	46,97
10,61667	46,97
10,63333	46,97
10,65000	46,97
10,66667	46,97
10,68333	46,97
10,70000	46,97
10,71667	46,97
10,73333	46,97
10,75000	46,97
10,76667	46,97
10,78333	46,97
10,80000	46,97
10,81667	46,97
10,83333	46,97
10,85000	46,97
10,86667	46,97
10,88333	46,97
10,90000	46,97
10,91667	46,97
10,93333	46,97
10,95000	46,97
10,96667	46,97
10,98333	46,97
11,00000	46,97
11,01667	46,97
11,03333	46,97
11,05000	46,97
11,06667	46,97
11,08333	46,97
11,10000	46,97
11,11667	46,97
11,13333	46,97
11,15000	46,97
11,16667	46,97
11,18333	46,97
11,20000	46,97
11,21667	46,97
11,23333	46,97
11,25000	46,97
11,26667	46,97
11,28333	46,97
11,30000	46,97
11,31667	46,97
11,33333	46,97
11,35000	46,97
11,36667	46,97
11,38333	46,97
11,40000	46,97
11,41667	46,97
11,43333	46,97
11,45000	46,97
11,46667	46,97
11,48333	46,97
11,50000	46,97
11,51667	46,97
11,53333	46,97
11,55000	46,97
11,56667	46,97
11,58333	46,97
11,60000	46,97
11,61667	46,97
11,63333	46,97
11,65000	46,97
11,66667	46,97
11,68333	46,97
11,70000	46,97
11,71667	46,97
11,73333	46,97
11,75000	46,97
11,76667	46,97
11,78333	46,97
11,80000	46,97
11,81667	46,97
11,83333	46,97
11,85000	46,97
11,86667	46,97
11,88333	46,97
11,90000	46,97
11,91667	46,97
11,93333	46,97
11,95000	46,97
11,96667	46,97
11,98333	46,97
12,00000	46,97
12,01667	46,97
12,03333	46,97
12,05000	46,97
12,06667	46,97
12,08333	46,97
12,10000	46,97
12,11667	46,97
12,13333	46,97
12,15000	46,97
12,16667	46,97
12,18333	46,97
12,20000	46,97
12,21667	46,97
12,23333	46,97
12,25000	46,97
12,26667	46,97
12,28333	46,97
12,30000	46,97
12,31667	46,97
12,33333	46,97
12,35000	46,97
12,36667	46,97
12,38333	46,97
12,40000	46,97
12,41667	46,97
12,43333	46,97
12,45000	46,97
12,46667	46,97
12,48333	46,97
12,50000	46,97
12,51667	46,97
12,53333	46,97
12,55000	46,97
12,56667	46,97
12,58333	46,97
12,60000	46,97
12,61667	46,97
12,63333	46,97
12,65000	46,97
12,66667	46,97
12,68333	46,97
12,70000	46,97
12,71667	46,97
12,73333	46,97
12,75000	46,97
12,76667	46,97
12,78333	46,97
12,80000	46,97
12,81667	46,97
12,83333	46,97
12,85000	46,97
12,86667	46,97
12,88333	46,97
12,90000	46,97
12,91667	46,97
12,93333	46,97
12,95000	46,97
12,96667	46,97
12,98333	46,97
13,00000	46,97
13,01667	46,97
13,03333	46,97
13,05000	46,97
13,06667	46,97
13,08333	46,97
13,10000	46,97
13,11667	46,97
13,13333	46,97
13,15000	46,97
13,16667	46,97
13,18333	46,97
13,20000	46,97
13,21667	46,97
13,23333	46,97
13,25000	46,97
13,26667	46,97
13,28333	46,97
13,30000	46,97
13,31667	46,97
13,33333	46,97
13,35000	46,97
13,36667	46,97
13,38333	46,97
13,40000	46,97
13,41667	46,97
13,43333	46,97
13,45000	46,97
13,46667	46,97
13,48333	46,97
13,50000	46,97
13,51667	46,97
13,53333	46,97
13,55000	46,97
13,56667	46,97
13,58333	46,97
13,60000	46,97
13,61667	46,97
13,63333	46,97
13,65000	46,97
13,66667	46,97
13,68333	46,97
13,70000	46,97
13,71667	46,97
13,73333	46,97
13,75000	46,97
13,76667	46,97
13,78333	46,97
13,80000	46,98
13,81667	46,98
13,83333	46,97
13,85000	46,97
13,86667	46,98
13,88333	46,98
13,90000	46,98
13,91667	46,98
13,93333	46,98
13,95000	46,98
13,96667	46,97
13,98333	46,98
14,00000	46,98
14,01667	46,98
14,03333	46,98
14,05000	46,97
14,06667	46,97
14,08333	46,97
14,10000	46,97
14,11667	46,97
14,13333	46,97
14,15000	46,97
14,16667	46,97
14,18333	46,98
14,20000	46,97
14,21667	46,97
14,23333	46,97
14,25000	46,98
14,26667	46,98
14,28333	46,98
14,30000	46,98
14,31667	46,98
14,33333	46,98
14,35000	46,98
14,36667	46,98
14,38333	46,98
14,40000	46,98
14,41667	46,98
14,43333	46,98
14,45000	46,98
14,46667	46,98
14,48333	46,98
14,50000	46,98
14,51667	46,98
14,53333	46,98
14,55000	46,98
14,56667	46,97
14,58333	46,98
14,60000	46,97
14,61667	46,97
14,63333	46,97
14,65000	46,97
14,66667	46,97
14,68333	46,97
14,70000	46,97
14,71667	46,97
14,73333	46,97
14,75000	46,97
14,76667	46,97
14,78333	46,97
14,80000	46,97
14,81667	46,98
14,83333	46,97
14,85000	46,97
14,86667	46,97
14,88333	46,98
14,90000	46,98
14,91667	46,98
14,93333	46,98
14,95000	46,98
14,96667	46,98
14,98333	46,98
15,00000	46,98
15,01667	46,98
15,03333	46,98
15,05000	46,98
15,06667	46,98
15,08333	46,98
15,10000	46,98
15,11667	46,98
15,13333	46,98
15,15000	46,98
15,16667	46,98
15,18333	46,98
15,20000	46,98
15,21667	46,98
15,23333	46,98
15,25000	46,98
15,26667	46,98
15,28333	46,98
15,30000	46,98
15,31667	46,98
15,33333	46,98
15,35000	46,98
15,36667	46,98
15,38333	46,98
15,40000	46,98
15,41667	46,98
15,43333	46,98
15,45000	46,98
15,46667	46,98
15,48333	46,98
15,50000	46,98
15,51667	46,98
15,53333	46,98
15,55000	46,98
15,56667	46,98
15,58333	46,98
15,60000	46,98
15,61667	46,98
15,63333	46,98
15,65000	46,98
15,66667	46,98
15,68333	46,98
15,70000	46,98
15,71667	46,97
15,73333	46,97
15,75000	46,97
15,76667	46,97
15,78333	46,97
15,80000	46,97
15,81667	46,97
15,83333	46,97
15,85000	46,98
15,86667	46,98
15,88333	46,98
15,90000	46,98
15,91667	46,98
15,93333	46,98
15,95000	46,98
15,96667	46,98
15,98333	46,98
16,00000	46,98
16,01667	46,98
16,03333	46,98
16,05000	46,98
16,06667	46,98
16,08333	46,98
16,10000	46,98
16,11667	46,98
16,13333	46,98
16,15000	46,98
16,16667	46,98
16,18333	46,98
16,20000	46,98
16,21667	46,98
16,23333	46,98
16,25000	46,98
16,26667	46,98
16,28333	46,98
16,30000	46,98
16,31667	46,98
16,33333	46,98
16,35000	46,98
16,36667	46,98
16,38333	46,98
16,40000	46,98
16,41667	46,98
16,43333	46,98
16,45000	46,98
16,46667	46,98
16,48333	46,98
16,50000	46,98
16,51667	46,98
16,53333	46,98
16,55000	46,98
16,56667	46,98
16,58333	46,98
16,60000	46,98
16,61667	46,98
16,63333	46,98
16,65000	46,98
16,66667	46,98
16,68333	46,98
16,70000	46,98
16,71667	46,98
16,73333	46,98
16,75000	46,98
16,76667	46,98
16,78333	46,98
16,80000	46,98
16,81667	46,97
16,83333	46,98
16,85000	46,97
16,86667	46,97
16,88333	46,97
16,90000	46,98
16,91667	46,98
16,93333	46,98
16,95000	46,97
16,96667	46,97
16,98333	46,97
17,00000	46,98
17,01667	46,98
17,03333	46,98
17,05000	46,97
17,06667	46,97
17,08333	46,97
17,10000	46,97
17,11667	46,97
17,13333	46,97
17,15000	46,97
17,16667	46,97
17,18333	46,97
17,20000	46,97
17,21667	46,97
17,23333	46,97
17,25000	46,97
17,26667	46,97
17,28333	46,97
17,30000	46,97
17,31667	46,97
17,33333	46,98
17,35000	46,98
17,36667	46,98
17,38333	46,98
17,40000	46,98
17,41667	46,98
17,43333	46,98
17,45000	46,98
17,46667	46,98
17,48333	46,98
17,50000	46,98
17,51667	46,98
17,53333	46,98
17,55000	46,98
17,56667	46,98
17,58333	46,98
17,60000	46,98
17,61667	46,98
17,63333	46,98
17,65000	46,98
17,66667	46,98
17,68333	46,98
17,70000	46,98
17,71667	46,98
17,73333	46,98
17,75000	46,98
17,76667	46,98
17,78333	46,98
17,80000	46,98
17,81667	46,98
17,83333	46,98
17,85000	46,98
17,86667	46,98
17,88333	46,98
17,90000	46,98
17,91667	46,98
17,93333	46,98
17,95000	46,98
17,96667	46,98
17,98333	46,98
18,00000	46,98
18,01667	46,98
18,03333	46,98
18,05000	46,98
18,06667	46,98
18,08333	46,98
18,10000	46,98
18,11667	46,98
18,13333	46,98
18,15000	46,98
18,16667	46,98
18,18333	46,98
18,20000	46,98
18,21667	46,97
18,23333	46,98
18,25000	46,98
18,26667	46,98
18,28333	46,98
18,30000	46,98
18,31667	46,98
18,33333	46,98
18,35000	46,98
18,36667	46,98
18,38333	46,98
18,40000	46,98
18,41667	46,98
18,43333	46,98
18,45000	46,98
18,46667	46,98
18,48333	46,98
18,50000	46,98
18,51667	46,98
18,53333	46,98
18,55000	46,98
18,56667	46,98
18,58333	46,98
18,60000	46,98
18,61667	46,98
18,63333	46,98
18,65000	46,98
18,66667	46,98
18,68333	46,98
18,70000	46,98
18,71667	46,98
18,73333	46,98
18,75000	46,98
18,76667	46,98
18,78333	46,98
18,80000	46,98
18,81667	46,98
18,83333	46,98
18,85000	46,98
18,86667	46,98
18,88333	46,98
18,90000	46,98
18,91667	46,98
18,93333	46,98
18,95000	46,98
18,96667	46,98
18,98333	46,98
19,00000	46,98
19,01667	46,98
19,03333	46,98
19,05000	46,98
19,06667	46,98
19,08333	46,98
19,10000	46,98
19,11667	46,98
19,13333	46,98
19,15000	46,98
19,16667	46,98
19,18333	46,98
19,20000	46,98
19,21667	46,98
19,23333	46,98
19,25000	46,98
19,26667	46,98
19,28333	46,98
19,30000	46,98
19,31667	46,98
19,33333	46,98
19,35000	46,98
19,36667	46,98
19,38333	46,98
19,40000	46,98
19,41667	46,98
19,43333	46,98
19,45000	46,98
19,46667	46,98
19,48333	46,98
19,50000	46,98
19,51667	46,98
19,53333	46,98
19,55000	46,98
19,56667	46,98
19,58333	46,98
19,60000	46,98
19,61667	46,98
19,63333	46,98
19,65000	46,98
19,66667	46,98
19,68333	46,98
19,70000	46,98
19,71667	46,98
19,73333	46,98
19,75000	46,98
19,76667	46,98
19,78333	46,98
19,80000	46,98
19,81667	46,98
19,83333	46,98
19,85000	46,98
19,86667	46,98
19,88333	46,98
19,90000	46,98
19,91667	46,98
19,93333	46,98
19,95000	46,98
19,96667	46,98
19,98333	46,98
20,00000	46,98
20,01667	46,98
20,03333	46,98
20,05000	46,98
20,06667	46,98
20,08333	46,98
20,10000	46,98
20,11667	46,98
20,13333	46,98
20,15000	46,98
20,16667	46,98
20,18333	46,98
20,20000	46,98
20,21667	46,98
20,23333	46,98
20,25000	46,98
20,26667	46,98
20,28333	46,98
20,30000	46,98
20,31667	46,98
20,33333	46,98
20,35000	46,98
20,36667	46,98
20,38333	46,98
20,40000	46,98
20,41667	46,98
20,43333	46,98
20,45000	46,98
20,46667	46,98
20,48333	46,98
20,50000	46,98
20,51667	46,98
20,53333	46,98
20,55000	46,98
20,56667	46,98
20,58333	46,98
20,60000	46,98
20,61667	46,98
20,63333	46,98
20,65000	46,98
20,66667	46,98
20,68333	46,98
20,70000	46,98
20,71667	46,98
20,73333	46,98
20,75000	46,98
20,76667	46,98
20,78333	46,98
20,80000	46,98
20,81667	46,98
20,83333	46,98
20,85000	46,98
20,86667	46,98
20,88333	46,98
20,90000	46,98
20,91667	46,98
20,93333	46,98
20,95000	46,98
20,96667	46,98
20,98333	46,98
21,00000	46,98
21,01667	46,98
21,03333	46,98
21,05000	46,98
21,06667	46,98
21,08333	46,98
21,10000	46,98
21,11667	46,98
21,13333	46,98
21,15000	46,98
21,16667	46,98
21,18333	46,98
21,20000	46,98
21,21667	46,98
21,23333	46,98
21,25000	46,98
21,26667	46,98
21,28333	46,98
21,30000	46,98
21,31667	46,98
21,33333	46,98
21,35000	46,98
21,36667	46,98
21,38333	46,98
21,40000	46,98
21,41667	46,98
21,43333	46,98
21,45000	46,98
21,46667	46,98
21,48333	46,98
21,50000	46,98
21,51667	46,98
21,53333	46,98
21,55000	46,98
21,56667	46,98
21,58333	46,98
21,60000	46,98
21,61667	46,98
21,63333	46,98
21,65000	46,98
21,66667	46,98
21,68333	46,98
21,70000	46,98
21,71667	46,98
21,73333	46,98
21,75000	46,98
21,76667	46,98
21,78333	46,98
21,80000	46,98
21,81667	46,98
21,83333	46,98
21,85000	46,98
21,86667	46,98
21,88333	46,98
21,90000	46,98
21,91667	46,98
21,93333	46,98
21,95000	46,98
21,96667	46,98
21,98333	46,98
22,00000	46,98
22,01667	46,98
22,03333	46,98
22,05000	46,98
22,06667	46,98
22,08333	46,98
22,10000	46,98
22,11667	46,98
22,13333	46,98
22,15000	46,98
22,16667	46,98
22,18333	46,98
22,20000	46,98
22,21667	46,98
22,23333	46,98
22,25000	46,98
22,26667	46,98
22,28333	46,98
22,30000	46,98
22,31667	46,98
22,33333	46,98
22,35000	46,98
22,36667	46,98
22,38333	46,98
22,40000	46,98
22,41667	46,98
22,43333	46,98
22,45000	46,98
22,46667	46,98
22,48333	46,98
22,50000	46,98
22,51667	46,98
22,53333	46,98
22,55000	46,98
22,56667	46,98
22,58333	46,98
22,60000	46,98
22,61667	46,98
22,63333	46,98
22,65000	46,98
22,66667	46,98
22,68333	46,98
22,70000	46,98
22,71667	46,98
22,73333	46,98
22,75000	46,98
22,76667	46,98
22,78333	46,98
22,80000	46,98
22,81667	46,98
22,83333	46,98
22,85000	46,98
22,86667	46,98
22,88333	46,98
22,90000	46,98
22,91667	46,98
22,93333	46,98
22,95000	46,98
22,96667	46,98
22,98333	46,98
23,00000	46,98
23,01667	46,98
23,03333	46,98
23,05000	46,98
23,06667	46,98
23,08333	46,98
23,10000	46,98
23,11667	46,98
23,13333	46,98
23,15000	46,98
23,16667	46,98
23,18333	46,98
23,20000	46,98
23,21667	46,98
23,23333	46,98
23,25000	46,98
23,26667	46,98
23,28333	46,98
23,30000	46,98
23,31667	46,98
23,33333	46,98
23,35000	46,98
23,36667	46,98
23,38333	46,98
23,40000	46,98
23,41667	46,98
23,43333	46,98
23,45000	46,98
23,46667	46,98
23,48333	46,98
23,50000	46,98
23,51667	46,98
23,53333	46,98
23,55000	46,98
23,56667	46,98
23,58333	46,98
23,60000	46,98
23,61667	46,98
23,63333	46,98
23,65000	46,98
23,66667	46,98
23,68333	46,98
23,70000	46,98
23,71667	46,98
23,73333	46,98
23,75000	46,98
23,76667	46,98
23,78333	46,98
23,80000	46,98
23,81667	46,98
23,83333	46,98
23,85000	46,98
23,86667	46,98
23,88333	46,98
23,90000	46,98
23,91667	46,98
23,93333	46,98
23,95000	46,98
23,96667	46,98
23,98333	46,98
24,00000	46,98
24,01667	46,98
24,03333	46,98
24,05000	46,98
24,06667	46,98
24,08333	46,98
24,10000	46,98
24,11667	46,98
24,13333	46,98
24,15000	46,98
24,16667	46,98
24,18333	46,98
24,20000	46,98
24,21667	46,98
24,23333	46,98
24,25000	46,98
24,26667	46,98
24,28333	46,98
24,30000	46,98
24,31667	46,98
24,33333	46,98
24,35000	46,98
24,36667	46,98
24,38333	46,98
24,40000	46,98
24,41667	46,98
24,43333	46,98
24,45000	46,98
24,46667	46,98
24,48333	46,98
24,50000	46,98
24,51667	46,98
24,53333	46,98
24,55000	46,98
24,56667	46,98
24,58333	46,98
24,60000	46,98
24,61667	46,98
24,63333	46,98
24,65000	46,98
24,66667	46,98
24,68333	46,98
24,70000	46,98
24,71667	46,98
24,73333	46,98
24,75000	46,98
24,76667	46,98
24,78333	46,98
24,80000	46,98
24,81667	46,98
24,83333	46,98
24,85000	46,98
24,86667	46,98
24,88333	46,98
24,90000	46,98
24,91667	46,98
24,93333	46,98
24,95000	46,98
24,96667	46,98
24,98333	46,98
25,00000	46,98
25,01667	46,98
25,03333	46,98
25,05000	46,98
25,06667	46,98
25,08333	46,98
25,10000	46,98
25,11667	46,98
25,13333	46,98
25,15000	46,98
25,16667	46,98
25,18333	46,98
25,20000	46,98
25,21667	46,98
25,23333	46,98
25,25000	46,98
25,26667	46,98
25,28333	46,98
25,30000	46,98
25,31667	46,98
25,33333	46,98
25,35000	46,98
25,36667	46,98
25,38333	46,98
25,40000	46,98
25,41667	46,98
25,43333	46,98
25,45000	46,98
25,46667	46,98
25,48333	46,98
25,50000	46,98
25,51667	46,98
25,53333	46,98
25,55000	46,98
25,56667	46,98
25,58333	46,98
25,60000	46,98
25,61667	46,98
25,63333	46,98
25,65000	46,98
25,66667	46,98
25,68333	46,98
25,70000	46,98
25,71667	46,98
25,73333	46,98
25,75000	46,98
25,76667	46,98
25,78333	46,98
25,80000	46,98
25,81667	46,98
25,83333	46,98
25,85000	46,98
25,86667	46,98
25,88333	46,98
25,90000	46,98
25,91667	46,99
25,93333	46,98
25,95000	46,98
25,96667	46,98
25,98333	46,98
26,00000	46,98
26,01667	46,98
26,03333	46,98
26,05000	46,98
26,06667	46,98
26,08333	46,98
26,10000	46,98
26,11667	46,98
26,13333	46,98
26,15000	46,98
26,16667	46,98
26,18333	46,98
26,20000	46,98
26,21667	46,98
26,23333	46,98
26,25000	46,98
26,26667	46,98
26,28333	46,98
26,30000	46,98
26,31667	46,98
26,33333	46,98
26,35000	46,98
26,36667	46,98
26,38333	46,98
26,40000	46,98
26,41667	46,98
26,43333	46,98
26,45000	46,98
26,46667	46,98
26,48333	46,98
26,50000	46,98
26,51667	46,98
26,53333	46,98
26,55000	46,98
26,56667	46,98
26,58333	46,98
26,60000	46,98
26,61667	46,98
26,63333	46,98
26,65000	46,98
26,66667	46,98
26,68333	46,98
26,70000	46,98
26,71667	46,99
26,73333	46,99
26,75000	46,99
26,76667	46,99
26,78333	46,99
26,80000	46,99
26,81667	46,99
26,83333	46,99
26,85000	46,99
26,86667	46,99
26,88333	46,99
26,90000	46,98
26,91667	46,98
26,93333	46,98
26,95000	46,98
26,96667	46,98
26,98333	46,98
27,00000	46,98
27,01667	46,98
27,03333	46,98
27,05000	46,98
27,06667	46,98
27,08333	46,98
27,10000	46,98
27,11667	46,98
27,13333	46,98
27,15000	46,98
27,16667	46,98
27,18333	46,98
27,20000	46,99
27,21667	46,98
27,23333	46,99
27,25000	46,99
27,26667	46,98
27,28333	46,98
27,30000	46,99
27,31667	46,99
27,33333	46,99
27,35000	46,99
27,36667	46,99
27,38333	46,98
27,40000	46,99
27,41667	46,98
27,43333	46,98
27,45000	46,99
27,46667	46,98
27,48333	46,98
27,50000	46,98
27,51667	46,98
27,53333	46,98
27,55000	46,98
27,56667	46,98
27,58333	46,98
27,60000	46,98
27,61667	46,98
27,63333	46,98
27,65000	46,98
27,66667	46,98
27,68333	46,98
27,70000	46,98
27,71667	46,98
27,73333	46,98
27,75000	46,98
27,76667	46,98
27,78333	46,98
27,80000	46,98
27,81667	46,98
27,83333	46,98
27,85000	46,98
27,86667	46,98
27,88333	46,98
27,90000	46,98
27,91667	46,98
27,93333	46,98
27,95000	46,98
27,96667	46,98
27,98333	46,98
28,00000	46,98
28,01667	46,98
28,03333	46,98
28,05000	46,98
28,06667	46,98
28,08333	46,98
28,10000	46,98
28,11667	46,98
28,13333	46,98
28,15000	46,98
28,16667	46,98
28,18333	46,98
28,20000	46,98
28,21667	46,98
28,23333	46,98
28,25000	46,98
28,26667	46,98
28,28333	46,98
28,30000	46,98
28,31667	46,98
28,33333	46,98
28,35000	46,98
28,36667	46,98
28,38333	46,98
28,40000	46,98
28,41667	46,98
28,43333	46,98
28,45000	46,98
28,46667	46,98
28,48333	46,98
28,50000	46,98
28,51667	46,98
28,53333	46,98
28,55000	46,98
28,56667	46,98
28,58333	46,98
28,60000	46,98
28,61667	46,98
28,63333	46,98
28,65000	46,98
28,66667	46,98
28,68333	46,98
28,70000	46,98
28,71667	46,98
28,73333	46,98
28,75000	46,98
28,76667	46,98
28,78333	46,98
28,80000	46,98
28,81667	46,98
28,83333	46,98
28,85000	46,98
28,86667	46,98
28,88333	46,98
28,90000	46,98
28,91667	46,98
28,93333	46,98
28,95000	46,98
28,96667	46,98
28,98333	46,98
29,00000	46,98
29,01667	46,98
29,03333	46,98
29,05000	46,98
29,06667	46,98
29,08333	46,98
29,10000	46,98
29,11667	46,98
29,13333	46,98
29,15000	46,98
29,16667	46,98
29,18333	46,98
29,20000	46,98
29,21667	46,98
29,23333	46,98
29,25000	46,98
29,26667	46,98
29,28333	46,98
29,30000	46,98
29,31667	46,98
29,33333	46,98
29,35000	46,98
29,36667	46,98
29,38333	46,98
29,40000	46,98
29,41667	46,98
29,43333	46,98
29,45000	46,98
29,46667	46,98
29,48333	46,98
29,50000	46,98
29,51667	46,98
29,53333	46,98
29,55000	46,98
29,56667	46,98
29,58333	46,98
29,60000	46,98
29,61667	46,98
29,63333	46,98
29,65000	46,98
29,66667	46,98
29,68333	46,98
29,70000	46,98
29,71667	46,98
29,73333	46,98
29,75000	46,98
29,76667	46,98
29,78333	46,98
29,80000	46,98
29,81667	46,98
29,83333	46,98
29,85000	46,98
29,86667	46,98
29,88333	46,98
29,90000	46,98
29,91667	46,98
29,93333	46,98
29,95000	46,98
29,96667	46,98
29,98333	46,98
30,00000	46,98
30,01667	46,98
30,03333	46,98
30,05000	46,98
30,06667	46,98
30,08333	46,98
30,10000	46,98
30,11667	46,98
30,13333	46,98
30,15000	46,98
30,16667	46,98
30,18333	46,98
30,20000	46,98
30,21667	46,98
30,23333	46,98
30,25000	46,98
30,26667	46,98
30,28333	46,98
30,30000	46,98
30,31667	46,98
30,33333	46,98
30,35000	46,98
30,36667	46,98
30,38333	46,98
30,40000	46,98
30,41667	46,98
30,43333	46,98
30,45000	46,98
30,46667	46,98
30,48333	46,98
30,50000	46,98
30,51667	46,98
30,53333	46,98
30,55000	46,98
30,56667	46,98
30,58333	46,98
30,60000	46,98
30,61667	46,98
30,63333	46,98
30,65000	46,98
30,66667	46,98
30,68333	46,98
30,70000	46,98
30,71667	46,98
30,73333	46,98
30,75000	46,98
30,76667	46,98
30,78333	46,98
30,80000	46,98
30,81667	46,98
30,83333	46,98
30,85000	46,98
30,86667	46,98
30,88333	46,98
30,90000	46,98
30,91667	46,98
30,93333	46,98
30,95000	46,98
30,96667	46,98
30,98333	46,98
31,00000	46,98
31,01667	46,98
31,03333	46,98
31,05000	46,98
31,06667	46,98
31,08333	46,98
31,10000	46,98
31,11667	46,98
31,13333	46,98
31,15000	46,98
31,16667	46,98
31,18333	46,98
31,20000	46,98
31,21667	46,98
31,23333	46,98
31,25000	46,98
31,26667	46,98
31,28333	46,98
31,30000	46,98
31,31667	46,98
31,33333	46,98
31,35000	46,98
31,36667	46,98
31,38333	46,98
31,40000	46,98
31,41667	46,98
31,43333	46,98
31,45000	46,98
31,46667	46,98
31,48333	46,98
31,50000	46,98
31,51667	46,98
31,53333	46,98
31,55000	46,98
31,56667	46,98
31,58333	46,98
31,60000	46,98
31,61667	46,98
31,63333	46,98
31,65000	46,98
31,66667	46,98
31,68333	46,98
31,70000	46,98
31,71667	46,98
31,73333	46,98
31,75000	46,98
31,76667	46,98
31,78333	46,98
31,80000	46,98
31,81667	46,98
31,83333	46,98
31,85000	46,98
31,86667	46,98
31,88333	46,98
31,90000	46,98
31,91667	46,98
31,93333	46,98
31,95000	46,98
31,96667	46,98
31,98333	46,98
32,00000	46,98

[LC Status Trace(PDA Lamp Housing Temp.)]
Interval(msec)	1000
# of Points	1921
Start Time(min)	0,000
End Time(min)	32,000
Intensity Units	C
Intensity Multiplier	1
R.Time (min)	Intensity
0,00000	54,03
0,01667	54,03
0,03333	54,03
0,05000	54,03
0,06667	54,03
0,08333	54,03
0,10000	54,03
0,11667	54,03
0,13333	54,03
0,15000	54,03
0,16667	54,03
0,18333	54,02
0,20000	54,03
0,21667	54,03
0,23333	54,03
0,25000	54,03
0,26667	54,03
0,28333	54,03
0,30000	54,03
0,31667	54,03
0,33333	54,03
0,35000	54,03
0,36667	54,03
0,38333	54,03
0,40000	54,03
0,41667	54,02
0,43333	54,02
0,45000	54,02
0,46667	54,02
0,48333	54,02
0,50000	54,02
0,51667	54,01
0,53333	54,01
0,55000	54,01
0,56667	54,01
0,58333	54,01
0,60000	54,02
0,61667	54,02
0,63333	54,02
0,65000	54,01
0,66667	54,01
0,68333	54,01
0,70000	54,01
0,71667	54,02
0,73333	54,02
0,75000	54,02
0,76667	54,02
0,78333	54,03
0,80000	54,03
0,81667	54,02
0,83333	54,02
0,85000	54,02
0,86667	54,03
0,88333	54,03
0,90000	54,02
0,91667	54,03
0,93333	54,03
0,95000	54,03
0,96667	54,02
0,98333	54,02
1,00000	54,02
1,01667	54,02
1,03333	54,02
1,05000	54,02
1,06667	54,02
1,08333	54,02
1,10000	54,02
1,11667	54,02
1,13333	54,02
1,15000	54,02
1,16667	54,02
1,18333	54,02
1,20000	54,03
1,21667	54,02
1,23333	54,02
1,25000	54,02
1,26667	54,03
1,28333	54,02
1,30000	54,02
1,31667	54,03
1,33333	54,03
1,35000	54,02
1,36667	54,02
1,38333	54,02
1,40000	54,02
1,41667	54,02
1,43333	54,03
1,45000	54,03
1,46667	54,03
1,48333	54,03
1,50000	54,03
1,51667	54,03
1,53333	54,03
1,55000	54,03
1,56667	54,03
1,58333	54,03
1,60000	54,03
1,61667	54,03
1,63333	54,03
1,65000	54,03
1,66667	54,03
1,68333	54,02
1,70000	54,02
1,71667	54,02
1,73333	54,03
1,75000	54,03
1,76667	54,03
1,78333	54,03
1,80000	54,03
1,81667	54,03
1,83333	54,03
1,85000	54,03
1,86667	54,03
1,88333	54,03
1,90000	54,02
1,91667	54,03
1,93333	54,03
1,95000	54,02
1,96667	54,02
1,98333	54,02
2,00000	54,02
2,01667	54,02
2,03333	54,02
2,05000	54,02
2,06667	54,03
2,08333	54,03
2,10000	54,03
2,11667	54,03
2,13333	54,03
2,15000	54,03
2,16667	54,03
2,18333	54,02
2,20000	54,02
2,21667	54,02
2,23333	54,02
2,25000	54,02
2,26667	54,02
2,28333	54,02
2,30000	54,02
2,31667	54,02
2,33333	54,02
2,35000	54,03
2,36667	54,03
2,38333	54,02
2,40000	54,02
2,41667	54,02
2,43333	54,02
2,45000	54,01
2,46667	54,02
2,48333	54,02
2,50000	54,02
2,51667	54,02
2,53333	54,02
2,55000	54,02
2,56667	54,02
2,58333	54,02
2,60000	54,02
2,61667	54,02
2,63333	54,02
2,65000	54,02
2,66667	54,02
2,68333	54,03
2,70000	54,03
2,71667	54,02
2,73333	54,02
2,75000	54,02
2,76667	54,02
2,78333	54,01
2,80000	54,01
2,81667	54,01
2,83333	54,02
2,85000	54,01
2,86667	54,01
2,88333	54,02
2,90000	54,02
2,91667	54,02
2,93333	54,01
2,95000	54,02
2,96667	54,02
2,98333	54,02
3,00000	54,02
3,01667	54,02
3,03333	54,02
3,05000	54,02
3,06667	54,02
3,08333	54,02
3,10000	54,01
3,11667	54,01
3,13333	54,01
3,15000	54,01
3,16667	54,01
3,18333	54,02
3,20000	54,02
3,21667	54,02
3,23333	54,02
3,25000	54,02
3,26667	54,02
3,28333	54,02
3,30000	54,02
3,31667	54,02
3,33333	54,02
3,35000	54,02
3,36667	54,01
3,38333	54,02
3,40000	54,02
3,41667	54,02
3,43333	54,02
3,45000	54,02
3,46667	54,02
3,48333	54,02
3,50000	54,02
3,51667	54,02
3,53333	54,02
3,55000	54,02
3,56667	54,02
3,58333	54,02
3,60000	54,02
3,61667	54,01
3,63333	54,01
3,65000	54,01
3,66667	54,02
3,68333	54,01
3,70000	54,01
3,71667	54,01
3,73333	54,01
3,75000	54,02
3,76667	54,02
3,78333	54,02
3,80000	54,02
3,81667	54,02
3,83333	54,02
3,85000	54,02
3,86667	54,01
3,88333	54,01
3,90000	54,02
3,91667	54,02
3,93333	54,01
3,95000	54,01
3,96667	54,02
3,98333	54,01
4,00000	54,01
4,01667	54,01
4,03333	54,00
4,05000	54,00
4,06667	54,00
4,08333	54,00
4,10000	54,00
4,11667	54,00
4,13333	54,00
4,15000	54,01
4,16667	54,01
4,18333	54,01
4,20000	54,01
4,21667	54,01
4,23333	54,01
4,25000	54,01
4,26667	54,01
4,28333	54,01
4,30000	54,01
4,31667	54,01
4,33333	54,01
4,35000	54,01
4,36667	54,01
4,38333	54,02
4,40000	54,02
4,41667	54,02
4,43333	54,02
4,45000	54,02
4,46667	54,02
4,48333	54,02
4,50000	54,02
4,51667	54,02
4,53333	54,01
4,55000	54,01
4,56667	54,01
4,58333	54,02
4,60000	54,02
4,61667	54,02
4,63333	54,02
4,65000	54,02
4,66667	54,01
4,68333	54,01
4,70000	54,01
4,71667	54,02
4,73333	54,02
4,75000	54,02
4,76667	54,02
4,78333	54,02
4,80000	54,01
4,81667	54,01
4,83333	54,02
4,85000	54,02
4,86667	54,02
4,88333	54,02
4,90000	54,02
4,91667	54,02
4,93333	54,02
4,95000	54,02
4,96667	54,02
4,98333	54,02
5,00000	54,01
5,01667	54,01
5,03333	54,01
5,05000	54,01
5,06667	54,00
5,08333	54,00
5,10000	54,00
5,11667	54,01
5,13333	54,01
5,15000	54,00
5,16667	54,00
5,18333	54,01
5,20000	54,01
5,21667	54,01
5,23333	54,02
5,25000	54,02
5,26667	54,02
5,28333	54,01
5,30000	54,01
5,31667	54,01
5,33333	54,01
5,35000	54,01
5,36667	54,02
5,38333	54,02
5,40000	54,02
5,41667	54,02
5,43333	54,01
5,45000	54,01
5,46667	54,01
5,48333	54,01
5,50000	54,01
5,51667	54,01
5,53333	54,01
5,55000	54,01
5,56667	54,02
5,58333	54,02
5,60000	54,02
5,61667	54,01
5,63333	54,01
5,65000	54,02
5,66667	54,02
5,68333	54,02
5,70000	54,02
5,71667	54,02
5,73333	54,02
5,75000	54,02
5,76667	54,02
5,78333	54,02
5,80000	54,01
5,81667	54,01
5,83333	54,01
5,85000	54,01
5,86667	54,01
5,88333	54,01
5,90000	54,02
5,91667	54,02
5,93333	54,02
5,95000	54,02
5,96667	54,02
5,98333	54,02
6,00000	54,02
6,01667	54,01
6,03333	54,02
6,05000	54,01
6,06667	54,01
6,08333	54,02
6,10000	54,02
6,11667	54,02
6,13333	54,02
6,15000	54,02
6,16667	54,02
6,18333	54,02
6,20000	54,02
6,21667	54,02
6,23333	54,02
6,25000	54,02
6,26667	54,02
6,28333	54,02
6,30000	54,02
6,31667	54,02
6,33333	54,01
6,35000	54,01
6,36667	54,01
6,38333	54,01
6,40000	54,01
6,41667	54,01
6,43333	54,01
6,45000	54,01
6,46667	54,00
6,48333	54,01
6,50000	54,01
6,51667	54,01
6,53333	54,01
6,55000	54,01
6,56667	54,01
6,58333	54,01
6,60000	54,01
6,61667	54,01
6,63333	54,02
6,65000	54,02
6,66667	54,02
6,68333	54,02
6,70000	54,01
6,71667	54,00
6,73333	54,01
6,75000	54,01
6,76667	54,01
6,78333	54,01
6,80000	54,01
6,81667	54,01
6,83333	54,01
6,85000	54,01
6,86667	54,01
6,88333	54,01
6,90000	54,01
6,91667	54,01
6,93333	54,01
6,95000	54,01
6,96667	54,01
6,98333	54,01
7,00000	54,01
7,01667	54,02
7,03333	54,02
7,05000	54,02
7,06667	54,02
7,08333	54,02
7,10000	54,02
7,11667	54,02
7,13333	54,02
7,15000	54,01
7,16667	54,01
7,18333	54,00
7,20000	54,00
7,21667	54,00
7,23333	54,01
7,25000	54,01
7,26667	54,01
7,28333	54,01
7,30000	54,01
7,31667	54,01
7,33333	54,01
7,35000	54,01
7,36667	54,01
7,38333	54,01
7,40000	54,01
7,41667	54,01
7,43333	54,01
7,45000	54,01
7,46667	54,01
7,48333	54,01
7,50000	54,01
7,51667	54,01
7,53333	54,02
7,55000	54,02
7,56667	54,02
7,58333	54,02
7,60000	54,02
7,61667	54,02
7,63333	54,01
7,65000	54,02
7,66667	54,02
7,68333	54,02
7,70000	54,02
7,71667	54,01
7,73333	54,01
7,75000	54,02
7,76667	54,01
7,78333	54,02
7,80000	54,02
7,81667	54,02
7,83333	54,02
7,85000	54,02
7,86667	54,01
7,88333	54,02
7,90000	54,01
7,91667	54,01
7,93333	54,01
7,95000	54,01
7,96667	54,01
7,98333	54,01
8,00000	54,01
8,01667	54,01
8,03333	54,01
8,05000	54,01
8,06667	54,00
8,08333	54,01
8,10000	54,01
8,11667	54,01
8,13333	54,00
8,15000	54,00
8,16667	54,00
8,18333	54,00
8,20000	54,00
8,21667	54,00
8,23333	54,00
8,25000	54,00
8,26667	54,00
8,28333	54,00
8,30000	54,00
8,31667	54,00
8,33333	54,00
8,35000	53,99
8,36667	53,99
8,38333	54,00
8,40000	54,00
8,41667	54,00
8,43333	53,99
8,45000	53,99
8,46667	53,99
8,48333	53,99
8,50000	53,99
8,51667	53,99
8,53333	53,99
8,55000	54,00
8,56667	54,00
8,58333	53,99
8,60000	53,99
8,61667	53,99
8,63333	54,00
8,65000	54,00
8,66667	54,00
8,68333	54,00
8,70000	53,99
8,71667	54,00
8,73333	54,00
8,75000	53,99
8,76667	53,99
8,78333	54,00
8,80000	54,00
8,81667	54,00
8,83333	54,00
8,85000	54,00
8,86667	54,00
8,88333	53,99
8,90000	54,00
8,91667	54,00
8,93333	54,00
8,95000	54,00
8,96667	54,00
8,98333	54,00
9,00000	54,00
9,01667	54,00
9,03333	54,00
9,05000	54,00
9,06667	54,00
9,08333	54,00
9,10000	54,00
9,11667	54,00
9,13333	54,01
9,15000	54,01
9,16667	54,01
9,18333	54,01
9,20000	54,01
9,21667	54,01
9,23333	54,01
9,25000	54,01
9,26667	54,01
9,28333	54,01
9,30000	54,01
9,31667	54,01
9,33333	54,01
9,35000	54,02
9,36667	54,02
9,38333	54,02
9,40000	54,02
9,41667	54,02
9,43333	54,02
9,45000	54,03
9,46667	54,03
9,48333	54,03
9,50000	54,03
9,51667	54,02
9,53333	54,02
9,55000	54,02
9,56667	54,02
9,58333	54,01
9,60000	54,00
9,61667	54,00
9,63333	54,00
9,65000	54,01
9,66667	54,01
9,68333	54,00
9,70000	54,00
9,71667	54,00
9,73333	54,00
9,75000	54,00
9,76667	54,01
9,78333	54,01
9,80000	54,01
9,81667	54,01
9,83333	54,01
9,85000	54,01
9,86667	54,01
9,88333	54,01
9,90000	54,01
9,91667	54,01
9,93333	54,01
9,95000	54,01
9,96667	54,01
9,98333	54,01
10,00000	54,01
10,01667	54,01
10,03333	54,01
10,05000	54,01
10,06667	54,01
10,08333	54,01
10,10000	54,01
10,11667	54,01
10,13333	54,01
10,15000	54,01
10,16667	54,01
10,18333	54,00
10,20000	54,00
10,21667	54,00
10,23333	54,00
10,25000	54,00
10,26667	54,00
10,28333	54,00
10,30000	54,00
10,31667	54,00
10,33333	54,01
10,35000	54,01
10,36667	54,01
10,38333	54,01
10,40000	54,01
10,41667	54,01
10,43333	54,01
10,45000	54,01
10,46667	54,01
10,48333	54,01
10,50000	54,01
10,51667	54,00
10,53333	54,00
10,55000	54,01
10,56667	54,01
10,58333	54,01
10,60000	54,00
10,61667	54,00
10,63333	54,00
10,65000	54,00
10,66667	54,00
10,68333	54,00
10,70000	54,00
10,71667	54,00
10,73333	54,00
10,75000	54,01
10,76667	54,01
10,78333	54,01
10,80000	54,01
10,81667	54,00
10,83333	54,00
10,85000	54,00
10,86667	54,00
10,88333	54,00
10,90000	54,01
10,91667	54,01
10,93333	54,02
10,95000	54,02
10,96667	54,01
10,98333	54,01
11,00000	54,01
11,01667	54,01
11,03333	54,01
11,05000	54,00
11,06667	54,00
11,08333	54,00
11,10000	54,00
11,11667	54,01
11,13333	54,01
11,15000	54,00
11,16667	54,01
11,18333	54,01
11,20000	54,01
11,21667	54,01
11,23333	54,01
11,25000	54,01
11,26667	54,01
11,28333	54,02
11,30000	54,01
11,31667	54,01
11,33333	54,01
11,35000	54,01
11,36667	54,01
11,38333	54,01
11,40000	54,01
11,41667	54,01
11,43333	54,01
11,45000	54,00
11,46667	54,00
11,48333	54,00
11,50000	54,00
11,51667	54,00
11,53333	54,00
11,55000	54,00
11,56667	54,00
11,58333	54,01
11,60000	54,01
11,61667	54,01
11,63333	54,01
11,65000	54,01
11,66667	54,01
11,68333	54,00
11,70000	54,00
11,71667	54,00
11,73333	54,01
11,75000	54,01
11,76667	54,01
11,78333	54,01
11,80000	54,01
11,81667	54,01
11,83333	54,01
11,85000	54,01
11,86667	54,01
11,88333	54,01
11,90000	54,01
11,91667	54,01
11,93333	54,01
11,95000	54,01
11,96667	54,01
11,98333	54,01
12,00000	54,01
12,01667	54,01
12,03333	54,01
12,05000	54,02
12,06667	54,02
12,08333	54,02
12,10000	54,02
12,11667	54,01
12,13333	54,02
12,15000	54,02
12,16667	54,02
12,18333	54,02
12,20000	54,03
12,21667	54,03
12,23333	54,03
12,25000	54,02
12,26667	54,02
12,28333	54,02
12,30000	54,02
12,31667	54,02
12,33333	54,02
12,35000	54,02
12,36667	54,02
12,38333	54,02
12,40000	54,02
12,41667	54,01
12,43333	54,01
12,45000	54,01
12,46667	54,01
12,48333	54,01
12,50000	54,01
12,51667	54,01
12,53333	54,01
12,55000	54,00
12,56667	54,00
12,58333	54,01
12,60000	54,00
12,61667	54,00
12,63333	54,00
12,65000	54,00
12,66667	54,00
12,68333	54,00
12,70000	54,00
12,71667	54,00
12,73333	54,00
12,75000	54,00
12,76667	54,00
12,78333	54,01
12,80000	54,01
12,81667	54,01
12,83333	54,01
12,85000	54,01
12,86667	54,01
12,88333	54,01
12,90000	54,01
12,91667	54,01
12,93333	54,01
12,95000	54,01
12,96667	54,01
12,98333	54,01
13,00000	54,01
13,01667	54,01
13,03333	54,00
13,05000	54,00
13,06667	54,00
13,08333	54,00
13,10000	54,00
13,11667	54,00
13,13333	54,00
13,15000	54,01
13,16667	54,00
13,18333	54,00
13,20000	54,00
13,21667	54,00
13,23333	54,00
13,25000	54,00
13,26667	54,00
13,28333	54,01
13,30000	54,01
13,31667	54,00
13,33333	54,00
13,35000	54,01
13,36667	54,01
13,38333	54,00
13,40000	54,00
13,41667	54,01
13,43333	54,01
13,45000	54,01
13,46667	54,01
13,48333	54,01
13,50000	54,01
13,51667	54,01
13,53333	54,01
13,55000	54,00
13,56667	54,01
13,58333	54,01
13,60000	54,01
13,61667	54,01
13,63333	54,01
13,65000	54,01
13,66667	54,02
13,68333	54,02
13,70000	54,01
13,71667	54,01
13,73333	54,01
13,75000	54,01
13,76667	54,01
13,78333	54,01
13,80000	54,01
13,81667	54,01
13,83333	54,01
13,85000	54,01
13,86667	54,01
13,88333	54,01
13,90000	54,01
13,91667	54,01
13,93333	54,01
13,95000	54,01
13,96667	54,01
13,98333	54,01
14,00000	54,01
14,01667	54,01
14,03333	54,01
14,05000	54,01
14,06667	54,00
14,08333	54,00
14,10000	54,00
14,11667	54,00
14,13333	54,00
14,15000	54,01
14,16667	54,01
14,18333	54,01
14,20000	54,01
14,21667	54,00
14,23333	54,01
14,25000	54,00
14,26667	54,00
14,28333	54,00
14,30000	53,99
14,31667	54,00
14,33333	54,00
14,35000	54,00
14,36667	54,00
14,38333	54,00
14,40000	54,00
14,41667	54,00
14,43333	54,00
14,45000	54,00
14,46667	54,00
14,48333	54,00
14,50000	54,00
14,51667	54,00
14,53333	54,00
14,55000	54,00
14,56667	54,00
14,58333	54,00
14,60000	54,00
14,61667	54,00
14,63333	54,01
14,65000	54,01
14,66667	54,01
14,68333	54,02
14,70000	54,02
14,71667	54,02
14,73333	54,01
14,75000	54,01
14,76667	54,02
14,78333	54,02
14,80000	54,02
14,81667	54,01
14,83333	54,01
14,85000	54,02
14,86667	54,01
14,88333	54,01
14,90000	54,01
14,91667	54,00
14,93333	54,00
14,95000	53,99
14,96667	54,00
14,98333	54,00
15,00000	54,00
15,01667	53,99
15,03333	53,99
15,05000	53,99
15,06667	53,99
15,08333	54,00
15,10000	53,99
15,11667	53,99
15,13333	53,99
15,15000	53,99
15,16667	53,99
15,18333	54,00
15,20000	54,00
15,21667	54,00
15,23333	54,01
15,25000	54,00
15,26667	54,00
15,28333	54,00
15,30000	54,00
15,31667	54,00
15,33333	53,99
15,35000	54,00
15,36667	54,00
15,38333	54,00
15,40000	54,00
15,41667	54,01
15,43333	54,01
15,45000	54,01
15,46667	54,01
15,48333	54,01
15,50000	54,01
15,51667	54,01
15,53333	54,01
15,55000	54,01
15,56667	54,00
15,58333	54,00
15,60000	54,00
15,61667	54,00
15,63333	54,00
15,65000	54,00
15,66667	54,00
15,68333	54,00
15,70000	53,99
15,71667	54,00
15,73333	53,99
15,75000	53,99
15,76667	53,99
15,78333	54,00
15,80000	54,00
15,81667	54,00
15,83333	54,00
15,85000	54,01
15,86667	54,01
15,88333	54,01
15,90000	54,01
15,91667	54,01
15,93333	54,01
15,95000	54,01
15,96667	54,01
15,98333	54,01
16,00000	54,01
16,01667	54,01
16,03333	54,00
16,05000	54,00
16,06667	54,00
16,08333	54,00
16,10000	54,00
16,11667	54,01
16,13333	54,01
16,15000	54,01
16,16667	54,01
16,18333	54,01
16,20000	54,01
16,21667	54,01
16,23333	54,01
16,25000	54,01
16,26667	54,01
16,28333	54,01
16,30000	54,00
16,31667	54,01
16,33333	54,01
16,35000	54,01
16,36667	54,00
16,38333	54,00
16,40000	54,00
16,41667	54,00
16,43333	54,00
16,45000	54,00
16,46667	54,00
16,48333	54,01
16,50000	54,01
16,51667	54,00
16,53333	54,00
16,55000	54,00
16,56667	54,00
16,58333	54,00
16,60000	54,00
16,61667	54,00
16,63333	54,00
16,65000	54,00
16,66667	53,99
16,68333	53,99
16,70000	53,99
16,71667	54,00
16,73333	53,99
16,75000	54,00
16,76667	54,00
16,78333	53,99
16,80000	53,99
16,81667	53,99
16,83333	54,00
16,85000	54,00
16,86667	54,00
16,88333	54,00
16,90000	54,00
16,91667	54,00
16,93333	54,00
16,95000	54,00
16,96667	54,00
16,98333	54,00
17,00000	54,00
17,01667	54,00
17,03333	54,00
17,05000	54,00
17,06667	54,00
17,08333	54,00
17,10000	54,00
17,11667	54,00
17,13333	53,99
17,15000	53,99
17,16667	53,99
17,18333	53,99
17,20000	53,99
17,21667	54,00
17,23333	54,00
17,25000	54,00
17,26667	54,00
17,28333	53,99
17,30000	54,00
17,31667	54,00
17,33333	54,00
17,35000	54,00
17,36667	54,00
17,38333	54,00
17,40000	54,00
17,41667	54,01
17,43333	54,01
17,45000	54,01
17,46667	54,01
17,48333	54,00
17,50000	53,99
17,51667	53,99
17,53333	53,98
17,55000	53,99
17,56667	53,99
17,58333	53,99
17,60000	53,99
17,61667	54,00
17,63333	54,00
17,65000	54,00
17,66667	54,00
17,68333	54,00
17,70000	54,00
17,71667	54,01
17,73333	54,01
17,75000	54,01
17,76667	54,01
17,78333	54,01
17,80000	54,01
17,81667	54,01
17,83333	54,01
17,85000	54,01
17,86667	54,01
17,88333	54,00
17,90000	54,00
17,91667	54,01
17,93333	54,01
17,95000	54,01
17,96667	54,01
17,98333	54,00
18,00000	54,00
18,01667	54,00
18,03333	54,00
18,05000	54,00
18,06667	54,00
18,08333	54,01
18,10000	54,01
18,11667	54,01
18,13333	54,01
18,15000	54,01
18,16667	54,00
18,18333	54,00
18,20000	53,99
18,21667	53,99
18,23333	54,00
18,25000	54,00
18,26667	54,00
18,28333	54,00
18,30000	54,01
18,31667	54,01
18,33333	54,01
18,35000	54,01
18,36667	54,00
18,38333	54,00
18,40000	54,00
18,41667	54,01
18,43333	54,01
18,45000	54,01
18,46667	54,00
18,48333	54,00
18,50000	54,00
18,51667	54,00
18,53333	54,00
18,55000	54,00
18,56667	54,00
18,58333	54,00
18,60000	54,00
18,61667	54,00
18,63333	54,01
18,65000	54,01
18,66667	54,01
18,68333	54,00
18,70000	54,00
18,71667	54,00
18,73333	54,01
18,75000	54,01
18,76667	54,01
18,78333	54,01
18,80000	54,01
18,81667	54,02
18,83333	54,02
18,85000	54,01
18,86667	54,01
18,88333	54,01
18,90000	54,01
18,91667	54,01
18,93333	54,01
18,95000	54,01
18,96667	54,01
18,98333	54,01
19,00000	54,01
19,01667	54,01
19,03333	54,01
19,05000	54,01
19,06667	54,01
19,08333	54,00
19,10000	54,00
19,11667	54,00
19,13333	54,00
19,15000	54,01
19,16667	54,01
19,18333	54,01
19,20000	54,01
19,21667	54,01
19,23333	54,01
19,25000	54,01
19,26667	54,01
19,28333	54,01
19,30000	54,01
19,31667	54,01
19,33333	54,01
19,35000	54,01
19,36667	54,00
19,38333	54,00
19,40000	54,00
19,41667	54,00
19,43333	54,00
19,45000	54,00
19,46667	54,00
19,48333	54,00
19,50000	54,00
19,51667	54,00
19,53333	54,00
19,55000	54,01
19,56667	54,01
19,58333	54,01
19,60000	54,01
19,61667	54,01
19,63333	54,01
19,65000	54,01
19,66667	54,01
19,68333	54,00
19,70000	54,00
19,71667	54,01
19,73333	54,01
19,75000	54,01
19,76667	54,01
19,78333	54,01
19,80000	54,01
19,81667	54,01
19,83333	54,01
19,85000	54,01
19,86667	54,00
19,88333	54,00
19,90000	54,00
19,91667	54,00
19,93333	54,00
19,95000	54,00
19,96667	54,00
19,98333	54,00
20,00000	54,01
20,01667	54,01
20,03333	54,01
20,05000	54,01
20,06667	54,01
20,08333	54,01
20,10000	54,01
20,11667	54,01
20,13333	54,01
20,15000	54,01
20,16667	54,02
20,18333	54,02
20,20000	54,02
20,21667	54,02
20,23333	54,02
20,25000	54,02
20,26667	54,02
20,28333	54,02
20,30000	54,02
20,31667	54,02
20,33333	54,02
20,35000	54,02
20,36667	54,01
20,38333	54,01
20,40000	54,01
20,41667	54,01
20,43333	54,01
20,45000	54,02
20,46667	54,02
20,48333	54,02
20,50000	54,02
20,51667	54,01
20,53333	54,01
20,55000	54,01
20,56667	54,01
20,58333	54,01
20,60000	54,01
20,61667	54,01
20,63333	54,01
20,65000	54,01
20,66667	54,01
20,68333	54,01
20,70000	54,01
20,71667	54,01
20,73333	54,01
20,75000	54,01
20,76667	54,01
20,78333	54,01
20,80000	54,01
20,81667	54,01
20,83333	54,01
20,85000	54,01
20,86667	54,01
20,88333	54,01
20,90000	54,01
20,91667	54,01
20,93333	54,00
20,95000	54,00
20,96667	54,01
20,98333	54,01
21,00000	54,01
21,01667	54,01
21,03333	54,00
21,05000	54,00
21,06667	54,00
21,08333	54,01
21,10000	54,00
21,11667	54,00
21,13333	54,00
21,15000	54,00
21,16667	54,00
21,18333	54,00
21,20000	54,00
21,21667	54,00
21,23333	54,01
21,25000	54,01
21,26667	54,01
21,28333	54,01
21,30000	54,01
21,31667	54,01
21,33333	54,01
21,35000	54,01
21,36667	54,01
21,38333	54,01
21,40000	54,01
21,41667	54,01
21,43333	54,01
21,45000	54,01
21,46667	54,01
21,48333	54,02
21,50000	54,02
21,51667	54,02
21,53333	54,02
21,55000	54,02
21,56667	54,02
21,58333	54,02
21,60000	54,02
21,61667	54,01
21,63333	54,01
21,65000	54,01
21,66667	54,01
21,68333	54,01
21,70000	54,01
21,71667	54,01
21,73333	54,00
21,75000	54,00
21,76667	54,00
21,78333	54,00
21,80000	54,00
21,81667	54,00
21,83333	54,00
21,85000	54,00
21,86667	54,00
21,88333	54,00
21,90000	54,00
21,91667	54,00
21,93333	54,00
21,95000	54,01
21,96667	54,00
21,98333	54,00
22,00000	54,01
22,01667	54,00
22,03333	54,01
22,05000	54,00
22,06667	54,01
22,08333	54,01
22,10000	54,00
22,11667	54,00
22,13333	54,00
22,15000	54,00
22,16667	53,99
22,18333	53,99
22,20000	54,00
22,21667	54,00
22,23333	54,00
22,25000	54,00
22,26667	54,00
22,28333	54,00
22,30000	54,00
22,31667	54,00
22,33333	54,00
22,35000	54,00
22,36667	54,01
22,38333	54,01
22,40000	54,00
22,41667	54,01
22,43333	54,01
22,45000	54,01
22,46667	54,01
22,48333	54,01
22,50000	54,01
22,51667	54,00
22,53333	54,00
22,55000	54,00
22,56667	54,00
22,58333	54,00
22,60000	54,00
22,61667	54,00
22,63333	54,00
22,65000	54,00
22,66667	54,00
22,68333	53,99
22,70000	53,99
22,71667	54,00
22,73333	54,00
22,75000	54,00
22,76667	54,00
22,78333	54,01
22,80000	54,01
22,81667	54,01
22,83333	54,01
22,85000	54,02
22,86667	54,02
22,88333	54,02
22,90000	54,02
22,91667	54,02
22,93333	54,02
22,95000	54,02
22,96667	54,02
22,98333	54,02
23,00000	54,02
23,01667	54,01
23,03333	54,01
23,05000	54,02
23,06667	54,02
23,08333	54,02
23,10000	54,02
23,11667	54,01
23,13333	54,01
23,15000	54,01
23,16667	54,01
23,18333	54,01
23,20000	54,01
23,21667	54,01
23,23333	54,01
23,25000	54,01
23,26667	54,01
23,28333	54,01
23,30000	54,01
23,31667	54,01
23,33333	54,00
23,35000	54,00
23,36667	54,00
23,38333	54,00
23,40000	54,00
23,41667	54,01
23,43333	54,01
23,45000	54,01
23,46667	54,01
23,48333	54,00
23,50000	54,00
23,51667	54,00
23,53333	54,00
23,55000	54,00
23,56667	54,00
23,58333	54,00
23,60000	54,00
23,61667	54,01
23,63333	54,00
23,65000	54,00
23,66667	54,00
23,68333	54,00
23,70000	54,00
23,71667	54,00
23,73333	54,00
23,75000	54,00
23,76667	53,99
23,78333	53,99
23,80000	54,00
23,81667	54,00
23,83333	54,00
23,85000	54,00
23,86667	54,01
23,88333	54,00
23,90000	54,01
23,91667	54,00
23,93333	54,01
23,95000	54,01
23,96667	54,01
23,98333	54,01
24,00000	54,01
24,01667	54,00
24,03333	54,01
24,05000	54,01
24,06667	54,01
24,08333	54,01
24,10000	54,01
24,11667	54,01
24,13333	54,01
24,15000	54,01
24,16667	54,01
24,18333	54,01
24,20000	54,00
24,21667	54,00
24,23333	53,99
24,25000	54,00
24,26667	53,99
24,28333	53,99
24,30000	53,99
24,31667	53,99
24,33333	53,99
24,35000	53,99
24,36667	53,99
24,38333	53,99
24,40000	53,99
24,41667	54,00
24,43333	54,00
24,45000	54,00
24,46667	54,00
24,48333	53,99
24,50000	53,99
24,51667	54,00
24,53333	54,00
24,55000	54,00
24,56667	54,00
24,58333	54,00
24,60000	54,00
24,61667	54,00
24,63333	54,00
24,65000	54,00
24,66667	54,00
24,68333	54,00
24,70000	54,00
24,71667	54,00
24,73333	54,00
24,75000	54,00
24,76667	54,00
24,78333	54,00
24,80000	54,00
24,81667	54,00
24,83333	53,99
24,85000	53,98
24,86667	53,98
24,88333	53,98
24,90000	53,98
24,91667	53,98
24,93333	53,98
24,95000	53,98
24,96667	53,99
24,98333	53,99
25,00000	53,99
25,01667	54,00
25,03333	54,00
25,05000	54,00
25,06667	54,00
25,08333	54,00
25,10000	54,00
25,11667	53,99
25,13333	54,00
25,15000	54,00
25,16667	54,00
25,18333	54,00
25,20000	54,00
25,21667	54,00
25,23333	54,00
25,25000	54,00
25,26667	54,00
25,28333	54,00
25,30000	54,00
25,31667	54,00
25,33333	54,00
25,35000	54,00
25,36667	54,01
25,38333	54,01
25,40000	54,01
25,41667	54,01
25,43333	54,01
25,45000	54,01
25,46667	54,01
25,48333	54,01
25,50000	54,01
25,51667	54,01
25,53333	54,01
25,55000	54,01
25,56667	54,01
25,58333	54,00
25,60000	54,01
25,61667	54,00
25,63333	54,00
25,65000	54,00
25,66667	54,00
25,68333	54,00
25,70000	54,00
25,71667	54,00
25,73333	53,99
25,75000	54,00
25,76667	54,00
25,78333	54,00
25,80000	54,01
25,81667	54,01
25,83333	54,01
25,85000	54,00
25,86667	54,00
25,88333	54,01
25,90000	54,00
25,91667	54,00
25,93333	53,99
25,95000	53,99
25,96667	54,00
25,98333	54,00
26,00000	54,00
26,01667	54,00
26,03333	54,01
26,05000	54,01
26,06667	54,00
26,08333	54,00
26,10000	54,00
26,11667	54,00
26,13333	54,00
26,15000	54,00
26,16667	54,00
26,18333	54,00
26,20000	53,99
26,21667	53,99
26,23333	53,99
26,25000	54,00
26,26667	54,00
26,28333	53,99
26,30000	53,99
26,31667	53,99
26,33333	53,99
26,35000	53,99
26,36667	53,99
26,38333	53,99
26,40000	53,99
26,41667	53,99
26,43333	53,98
26,45000	53,98
26,46667	53,98
26,48333	53,98
26,50000	53,99
26,51667	53,99
26,53333	53,99
26,55000	53,99
26,56667	54,00
26,58333	54,00
26,60000	54,00
26,61667	54,00
26,63333	54,00
26,65000	54,00
26,66667	53,99
26,68333	53,99
26,70000	53,99
26,71667	53,99
26,73333	53,99
26,75000	53,99
26,76667	53,99
26,78333	53,99
26,80000	53,99
26,81667	53,99
26,83333	53,99
26,85000	53,99
26,86667	53,99
26,88333	53,99
26,90000	53,99
26,91667	53,99
26,93333	53,99
26,95000	53,99
26,96667	54,00
26,98333	53,99
27,00000	54,00
27,01667	53,99
27,03333	54,00
27,05000	54,00
27,06667	54,00
27,08333	54,00
27,10000	54,00
27,11667	54,00
27,13333	54,00
27,15000	53,99
27,16667	53,99
27,18333	54,00
27,20000	53,99
27,21667	54,00
27,23333	54,00
27,25000	54,00
27,26667	54,00
27,28333	54,00
27,30000	54,00
27,31667	54,01
27,33333	54,01
27,35000	54,00
27,36667	54,00
27,38333	53,99
27,40000	54,00
27,41667	54,00
27,43333	54,00
27,45000	54,00
27,46667	53,99
27,48333	53,99
27,50000	53,98
27,51667	53,99
27,53333	53,99
27,55000	53,99
27,56667	53,99
27,58333	53,99
27,60000	53,99
27,61667	53,99
27,63333	53,99
27,65000	53,98
27,66667	53,99
27,68333	53,99
27,70000	53,99
27,71667	53,99
27,73333	53,99
27,75000	53,99
27,76667	54,00
27,78333	54,00
27,80000	54,00
27,81667	54,00
27,83333	54,00
27,85000	54,00
27,86667	54,00
27,88333	54,00
27,90000	54,01
27,91667	54,00
27,93333	54,00
27,95000	54,00
27,96667	54,00
27,98333	54,00
28,00000	54,00
28,01667	54,00
28,03333	54,00
28,05000	53,99
28,06667	53,99
28,08333	54,00
28,10000	54,00
28,11667	54,00
28,13333	53,99
28,15000	53,99
28,16667	53,99
28,18333	53,99
28,20000	53,99
28,21667	53,99
28,23333	53,99
28,25000	53,99
28,26667	53,99
28,28333	53,99
28,30000	53,99
28,31667	53,98
28,33333	53,99
28,35000	53,99
28,36667	53,99
28,38333	53,99
28,40000	53,99
28,41667	53,99
28,43333	53,99
28,45000	53,99
28,46667	53,99
28,48333	53,99
28,50000	53,99
28,51667	53,99
28,53333	53,99
28,55000	53,99
28,56667	53,99
28,58333	53,99
28,60000	53,99
28,61667	54,00
28,63333	54,00
28,65000	54,00
28,66667	54,00
28,68333	54,00
28,70000	54,00
28,71667	54,00
28,73333	54,00
28,75000	54,00
28,76667	54,00
28,78333	54,00
28,80000	54,00
28,81667	54,00
28,83333	54,00
28,85000	54,00
28,86667	54,00
28,88333	54,00
28,90000	54,00
28,91667	54,01
28,93333	54,01
28,95000	54,01
28,96667	54,01
28,98333	54,01
29,00000	54,01
29,01667	54,00
29,03333	54,00
29,05000	54,00
29,06667	54,00
29,08333	54,01
29,10000	54,01
29,11667	54,01
29,13333	54,01
29,15000	54,01
29,16667	54,01
29,18333	54,01
29,20000	54,01
29,21667	54,00
29,23333	54,01
29,25000	54,00
29,26667	54,00
29,28333	54,00
29,30000	54,00
29,31667	53,99
29,33333	53,99
29,35000	53,99
29,36667	53,99
29,38333	53,99
29,40000	53,99
29,41667	53,99
29,43333	53,99
29,45000	53,99
29,46667	53,99
29,48333	53,99
29,50000	54,00
29,51667	54,00
29,53333	54,00
29,55000	54,00
29,56667	54,00
29,58333	54,00
29,60000	54,00
29,61667	54,00
29,63333	54,00
29,65000	54,00
29,66667	54,00
29,68333	54,00
29,70000	54,00
29,71667	54,00
29,73333	54,00
29,75000	53,99
29,76667	53,99
29,78333	53,99
29,80000	53,99
29,81667	53,99
29,83333	54,00
29,85000	54,00
29,86667	54,00
29,88333	54,00
29,90000	54,00
29,91667	54,00
29,93333	54,00
29,95000	54,00
29,96667	54,00
29,98333	53,99
30,00000	53,99
30,01667	53,99
30,03333	53,99
30,05000	53,99
30,06667	53,99
30,08333	54,00
30,10000	54,00
30,11667	54,00
30,13333	54,00
30,15000	54,00
30,16667	54,00
30,18333	53,99
30,20000	53,99
30,21667	53,99
30,23333	53,99
30,25000	53,99
30,26667	53,99
30,28333	53,99
30,30000	53,99
30,31667	54,00
30,33333	53,99
30,35000	53,99
30,36667	53,99
30,38333	53,99
30,40000	53,99
30,41667	53,99
30,43333	53,99
30,45000	53,99
30,46667	53,99
30,48333	53,99
30,50000	54,00
30,51667	54,00
30,53333	53,99
30,55000	53,99
30,56667	53,99
30,58333	53,99
30,60000	53,99
30,61667	53,99
30,63333	53,99
30,65000	54,00
30,66667	54,00
30,68333	54,00
30,70000	53,99
30,71667	53,99
30,73333	53,99
30,75000	54,00
30,76667	54,00
30,78333	53,99
30,80000	54,00
30,81667	54,00
30,83333	54,00
30,85000	54,00
30,86667	54,00
30,88333	54,00
30,90000	54,00
30,91667	54,00
30,93333	54,00
30,95000	54,00
30,96667	54,00
30,98333	54,00
31,00000	54,00
31,01667	54,00
31,03333	54,00
31,05000	53,99
31,06667	54,00
31,08333	54,00
31,10000	54,00
31,11667	54,00
31,13333	54,00
31,15000	54,01
31,16667	54,01
31,18333	54,01
31,20000	54,01
31,21667	54,00
31,23333	54,00
31,25000	54,00
31,26667	54,00
31,28333	54,00
31,30000	54,00
31,31667	54,00
31,33333	54,00
31,35000	54,00
31,36667	54,00
31,38333	53,99
31,40000	53,99
31,41667	53,99
31,43333	53,99
31,45000	53,99
31,46667	53,99
31,48333	54,00
31,50000	54,00
31,51667	54,00
31,53333	54,00
31,55000	54,00
31,56667	54,00
31,58333	54,00
31,60000	54,00
31,61667	54,00
31,63333	53,99
31,65000	54,00
31,66667	54,00
31,68333	54,00
31,70000	54,00
31,71667	54,00
31,73333	54,00
31,75000	54,00
31,76667	54,00
31,78333	54,00
31,80000	54,00
31,81667	53,99
31,83333	53,99
31,85000	53,99
31,86667	53,99
31,88333	53,99
31,90000	53,99
31,91667	53,99
31,93333	53,98
31,95000	53,98
31,96667	53,97
31,98333	53,97
32,00000	53,97

[PDA Multi Chromatogram(Ch1)]
# of Points	      3001
Interval(msec)	640
Start Time(min)	0
End Time(min)	32
Intensity Units	mAU
Intensity Multiplier	1
Type	MultiChrom
Wavelength(nm)	215
Bandwidth(nm)	4
R.Time (min)	Intensity
0,00000	0
0,01067	0
0,02133	-328
0,03200	-655
0,04267	-977
0,05333	-1298
0,06400	-1619
0,07467	-1940
0,08533	-2263
0,09600	-2584
0,10667	-2901
0,11733	-3218
0,12800	-3534
0,13867	-3849
0,14933	-4165
0,16000	-4482
0,17067	-4800
0,18133	-5115
0,19200	-5432
0,20267	-5747
0,21333	-6058
0,22400	-6366
0,23467	-6676
0,24533	-6984
0,25600	-7291
0,26667	-7596
0,27733	-7896
0,28800	-8195
0,29867	-8491
0,30933	-8782
0,32000	-9074
0,33067	-9365
0,34133	-9654
0,35200	-9939
0,36267	-10221
0,37333	-10501
0,38400	-10779
0,39467	-11057
0,40533	-11331
0,41600	-11603
0,42667	-11874
0,43733	-12145
0,44800	-12411
0,45867	-12676
0,46933	-12939
0,48000	-13201
0,49067	-13460
0,50133	-13717
0,51200	-13972
0,52267	-14226
0,53333	-14479
0,54400	-14731
0,55467	-14982
0,56533	-15235
0,57600	-15489
0,58667	-15738
0,59733	-15985
0,60800	-16231
0,61867	-16478
0,62933	-16728
0,64000	-16978
0,65067	-17229
0,66133	-17480
0,67200	-17733
0,68267	-17989
0,69333	-18245
0,70400	-18501
0,71467	-18760
0,72533	-19022
0,73600	-19285
0,74667	-19550
0,75733	-19816
0,76800	-20083
0,77867	-20353
0,78933	-20623
0,80000	-20896
0,81067	-21168
0,82133	-21441
0,83200	-21714
0,84267	-21987
0,85333	-22260
0,86400	-22533
0,87467	-22805
0,88533	-23076
0,89600	-23345
0,90667	-23616
0,91733	-23886
0,92800	-24151
0,93867	-24414
0,94933	-24675
0,96000	-24932
0,97067	-25186
0,98133	-25438
0,99200	-25688
1,00267	-25932
1,01333	-26171
1,02400	-26407
1,03467	-26635
1,04533	-26857
1,05600	-27071
1,06667	-27277
1,07733	-27472
1,08800	-27658
1,09867	-27831
1,10933	-27988
1,12000	-28133
1,13067	-28263
1,14133	-28373
1,15200	-28464
1,16267	-28538
1,17333	-28596
1,18400	-28634
1,19467	-28654
1,20533	-28654
1,21600	-28634
1,22667	-28594
1,23733	-28532
1,24800	-28452
1,25867	-28353
1,26933	-28236
1,28000	-28101
1,29067	-27947
1,30133	-27775
1,31200	-27585
1,32267	-27376
1,33333	-27150
1,34400	-26909
1,35467	-26648
1,36533	-26367
1,37600	-26069
1,38667	-25756
1,39733	-25427
1,40800	-25082
1,41867	-24720
1,42933	-24340
1,44000	-23943
1,45067	-23529
1,46133	-23099
1,47200	-22654
1,48267	-22195
1,49333	-21720
1,50400	-21231
1,51467	-20731
1,52533	-20215
1,53600	-19688
1,54667	-19147
1,55733	-18593
1,56800	-18032
1,57867	-17461
1,58933	-16881
1,60000	-16296
1,61067	-15705
1,62133	-15109
1,63200	-14508
1,64267	-13904
1,65333	-13297
1,66400	-12684
1,67467	-12068
1,68533	-11454
1,69600	-10838
1,70667	-10223
1,71733	-9611
1,72800	-9001
1,73867	-8388
1,74933	-7780
1,76000	-7178
1,77067	-6575
1,78133	-5977
1,79200	-5383
1,80267	-4793
1,81333	-4209
1,82400	-3628
1,83467	-3054
1,84533	-2487
1,85600	-1926
1,86667	-1374
1,87733	-830
1,88800	-292
1,89867	239
1,90933	762
1,92000	1281
1,93067	1790
1,94133	2292
1,95200	2786
1,96267	3273
1,97333	3748
1,98400	4217
1,99467	4680
2,00533	5132
2,01600	5572
2,02667	6006
2,03733	6434
2,04800	6849
2,05867	7255
2,06933	7653
2,08000	8040
2,09067	8417
2,10133	8786
2,11200	9146
2,12267	9494
2,13333	9834
2,14400	10166
2,15467	10492
2,16533	10811
2,17600	11123
2,18667	11428
2,19733	11725
2,20800	12014
2,21867	12293
2,22933	12567
2,24000	12837
2,25067	13101
2,26133	13359
2,27200	13613
2,28267	13862
2,29333	14107
2,30400	14346
2,31467	14581
2,32533	14808
2,33600	15030
2,34667	15249
2,35733	15461
2,36800	15669
2,37867	15872
2,38933	16070
2,40000	16263
2,41067	16451
2,42133	16637
2,43200	16823
2,44267	17004
2,45333	17181
2,46400	17355
2,47467	17526
2,48533	17693
2,49600	17857
2,50667	18020
2,51733	18182
2,52800	18342
2,53867	18498
2,54933	18650
2,56000	18800
2,57067	18949
2,58133	19097
2,59200	19242
2,60267	19386
2,61333	19526
2,62400	19662
2,63467	19796
2,64533	19928
2,65600	20059
2,66667	20187
2,67733	20312
2,68800	20436
2,69867	20557
2,70933	20674
2,72000	20788
2,73067	20901
2,74133	21015
2,75200	21126
2,76267	21235
2,77333	21341
2,78400	21447
2,79467	21550
2,80533	21651
2,81600	21751
2,82667	21849
2,83733	21947
2,84800	22041
2,85867	22130
2,86933	22217
2,88000	22302
2,89067	22389
2,90133	22476
2,91200	22559
2,92267	22640
2,93333	22721
2,94400	22802
2,95467	22881
2,96533	22959
2,97600	23037
2,98667	23116
2,99733	23194
3,00800	23270
3,01867	23346
3,02933	23423
3,04000	23502
3,05067	23581
3,06133	23661
3,07200	23740
3,08267	23819
3,09333	23893
3,10400	23968
3,11467	24044
3,12533	24118
3,13600	24189
3,14667	24259
3,15733	24330
3,16800	24401
3,17867	24470
3,18933	24536
3,20000	24602
3,21067	24670
3,22133	24738
3,23200	24805
3,24267	24870
3,25333	24934
3,26400	24998
3,27467	25065
3,28533	25132
3,29600	25200
3,30667	25268
3,31733	25337
3,32800	25405
3,33867	25470
3,34933	25533
3,36000	25597
3,37067	25662
3,38133	25727
3,39200	25790
3,40267	25849
3,41333	25908
3,42400	25970
3,43467	26032
3,44533	26090
3,45600	26148
3,46667	26209
3,47733	26270
3,48800	26330
3,49867	26391
3,50933	26450
3,52000	26511
3,53067	26574
3,54133	26636
3,55200	26697
3,56267	26757
3,57333	26813
3,58400	26846
3,59467	26814
3,60533	26657
3,61600	26297
3,62667	25656
3,63733	24696
3,64800	23431
3,65867	21921
3,66933	20274
3,68000	18641
3,69067	17218
3,70133	16286
3,71200	16389
3,72267	18597
3,73333	24356
3,74400	34457
3,75467	47787
3,76533	61415
3,77600	72319
3,78667	79045
3,79733	81882
3,80800	82006
3,81867	80614
3,82933	78509
3,84000	75992
3,85067	72974
3,86133	69329
3,87200	65163
3,88267	60781
3,89333	56524
3,90400	52651
3,91467	49312
3,92533	46589
3,93600	44517
3,94667	43087
3,95733	42261
3,96800	41965
3,97867	42085
3,98933	42473
4,00000	42958
4,01067	43384
4,02133	43646
4,03200	43723
4,04267	43662
4,05333	43559
4,06400	43520
4,07467	43421
4,08533	40656
4,09600	28309
4,10667	2106
4,11733	-33879
4,12800	-71944
4,13867	-106538
4,14933	-135282
4,16000	-157609
4,17067	-174839
4,18133	-189121
4,19200	-201230
4,20267	-210851
4,21333	-218061
4,22400	-223284
4,23467	-225229
4,24533	-217699
4,25600	-191877
4,26667	-112911
4,27733	171241
4,28800	655658
4,29867	1060450
4,30933	1265273
4,32000	1330011
4,33067	1296104
4,34133	1192050
4,35200	1044128
4,36267	875468
4,37333	703228
4,38400	538834
4,39467	390943
4,40533	265093
4,41600	163220
4,42667	84797
4,43733	26898
4,44800	-14957
4,45867	-45304
4,46933	-67889
4,48000	-85373
4,49067	-99437
4,50133	-111078
4,51200	-120827
4,52267	-128904
4,53333	-135411
4,54400	-140476
4,55467	-144270
4,56533	-146981
4,57600	-148812
4,58667	-149994
4,59733	-150781
4,60800	-151407
4,61867	-152036
4,62933	-152736
4,64000	-153503
4,65067	-154296
4,66133	-155071
4,67200	-155791
4,68267	-156436
4,69333	-156997
4,70400	-157474
4,71467	-157876
4,72533	-158216
4,73600	-158508
4,74667	-158768
4,75733	-159006
4,76800	-159229
4,77867	-159443
4,78933	-159656
4,80000	-159872
4,81067	-160093
4,82133	-160321
4,83200	-160563
4,84267	-160822
4,85333	-161103
4,86400	-161410
4,87467	-161742
4,88533	-162096
4,89600	-162467
4,90667	-162845
4,91733	-163224
4,92800	-163600
4,93867	-163968
4,94933	-164328
4,96000	-164676
4,97067	-165005
4,98133	-165305
4,99200	-165566
5,00267	-165786
5,01333	-165971
5,02400	-158296
5,03467	-1817
5,04533	532779
5,05600	1210951
5,06667	1679823
5,07733	1960566
5,08800	2123259
5,09867	2210495
5,10933	2245997
5,12000	2243029
5,13067	2212687
5,14133	2168348
5,15200	2123534
5,16267	2086135
5,17333	2058314
5,18400	2039131
5,19467	2026330
5,20533	2018121
5,21600	2013271
5,22667	2010750
5,23733	2009789
5,24800	2010025
5,25867	2011343
5,26933	2013499
5,28000	2016325
5,29067	2019641
5,30133	2023236
5,31200	2026837
5,32267	2030450
5,33333	2033985
5,34400	2037252
5,35467	2040007
5,36533	2042291
5,37600	2044404
5,38667	2046046
5,39733	2047109
5,40800	2047626
5,41867	2047619
5,42933	2047299
5,44000	2046745
5,45067	2045953
5,46133	2044944
5,47200	2043885
5,48267	2042771
5,49333	2041637
5,50400	2040990
5,51467	2040548
5,52533	2040162
5,53600	2040260
5,54667	2040716
5,55733	2041609
5,56800	2043128
5,57867	2045247
5,58933	2047740
5,60000	2050360
5,61067	2053433
5,62133	2057028
5,63200	2060872
5,64267	2065054
5,65333	2069570
5,66400	2074235
5,67467	2079016
5,68533	2083597
5,69600	2089429
5,70667	2102861
5,71733	2131032
5,72800	2174256
5,73867	2221582
5,74933	2259851
5,76000	2284347
5,77067	2297021
5,78133	2301369
5,79200	2300207
5,80267	2295343
5,81333	2287265
5,82400	2275693
5,83467	2259931
5,84533	2239390
5,85600	2213530
5,86667	2182248
5,87733	2146120
5,88800	2105524
5,89867	2060633
5,90933	2011570
5,92000	1958384
5,93067	1901520
5,94133	1841311
5,95200	1778231
5,96267	1712940
5,97333	1645927
5,98400	1577534
5,99467	1508200
6,00533	1438262
6,01600	1368066
6,02667	1297955
6,03733	1228221
6,04800	1159397
6,05867	1092059
6,06933	1026853
6,08000	964373
6,09067	905109
6,10133	849395
6,11200	797375
6,12267	749054
6,13333	704290
6,14400	662888
6,15467	624614
6,16533	589209
6,17600	556437
6,18667	526091
6,19733	497987
6,20800	471956
6,21867	447861
6,22933	425564
6,24000	404932
6,25067	385857
6,26133	368225
6,27200	351930
6,28267	336870
6,29333	322947
6,30400	310068
6,31467	298149
6,32533	287111
6,33600	276870
6,34667	267359
6,35733	258518
6,36800	250279
6,37867	242592
6,38933	235414
6,40000	228701
6,41067	222408
6,42133	216497
6,43200	210943
6,44267	205715
6,45333	200783
6,46400	196125
6,47467	191723
6,48533	187555
6,49600	183603
6,50667	179857
6,51733	176298
6,52800	172911
6,53867	169681
6,54933	166607
6,56000	163679
6,57067	160880
6,58133	158204
6,59200	155643
6,60267	153191
6,61333	150845
6,62400	148599
6,63467	146442
6,64533	144368
6,65600	142376
6,66667	140461
6,67733	138619
6,68800	136850
6,69867	135149
6,70933	133509
6,72000	131925
6,73067	130399
6,74133	128931
6,75200	127512
6,76267	126138
6,77333	124809
6,78400	123528
6,79467	122293
6,80533	121102
6,81600	119955
6,82667	118851
6,83733	117789
6,84800	116774
6,85867	115814
6,86933	114918
6,88000	114090
6,89067	113318
6,90133	112582
6,91200	111859
6,92267	111136
6,93333	110413
6,94400	109691
6,95467	108977
6,96533	108276
6,97600	107588
6,98667	106907
6,99733	106227
7,00800	105545
7,01867	104866
7,02933	104195
7,04000	103536
7,05067	102893
7,06133	102262
7,07200	101630
7,08267	100991
7,09333	100346
7,10400	99696
7,11467	99043
7,12533	98487
7,13600	104071
7,14667	174617
7,15733	421107
7,16800	806981
7,17867	1165679
7,18933	1426484
7,20000	1601988
7,21067	1714903
7,22133	1784965
7,23200	1827017
7,24267	1850922
7,25333	1862431
7,26400	1865348
7,27467	1861886
7,28533	1853004
7,29600	1839241
7,30667	1821069
7,31733	1798693
7,32800	1771812
7,33867	1739508
7,34933	1700635
7,36000	1653698
7,37067	1596339
7,38133	1525995
7,39200	1440709
7,40267	1339961
7,41333	1225723
7,42400	1102381
7,43467	975752
7,44533	851762
7,45600	735343
7,46667	629852
7,47733	537012
7,48800	457203
7,49867	389874
7,50933	333944
7,52000	288088
7,53067	250927
7,54133	221134
7,55200	197483
7,56267	178872
7,57333	164332
7,58400	153027
7,59467	144258
7,60533	137440
7,61600	132104
7,62667	127881
7,63733	124484
7,64800	121697
7,65867	119365
7,66933	117371
7,68000	115630
7,69067	114084
7,70133	112693
7,71200	111425
7,72267	110256
7,73333	109171
7,74400	108156
7,75467	107205
7,76533	106309
7,77600	105462
7,78667	104658
7,79733	103891
7,80800	103164
7,81867	102472
7,82933	101809
7,84000	101175
7,85067	100568
7,86133	99991
7,87200	99444
7,88267	98916
7,89333	98410
7,90400	97923
7,91467	97454
7,92533	97001
7,93600	96561
7,94667	96136
7,95733	95719
7,96800	95311
7,97867	94917
7,98933	94534
8,00000	94163
8,01067	93803
8,02133	93453
8,03200	93112
8,04267	92776
8,05333	92449
8,06400	92134
8,07467	91823
8,08533	91517
8,09600	91216
8,10667	90921
8,11733	90632
8,12800	90346
8,13867	90060
8,14933	89777
8,16000	89495
8,17067	89213
8,18133	88931
8,19200	88648
8,20267	88368
8,21333	88094
8,22400	87824
8,23467	87560
8,24533	87300
8,25600	87042
8,26667	86786
8,27733	86534
8,28800	86285
8,29867	86038
8,30933	85797
8,32000	85560
8,33067	85325
8,34133	85092
8,35200	84862
8,36267	84635
8,37333	84413
8,38400	84193
8,39467	83978
8,40533	83766
8,41600	83554
8,42667	83345
8,43733	83140
8,44800	82937
8,45867	82736
8,46933	82538
8,48000	82342
8,49067	82152
8,50133	81966
8,51200	81779
8,52267	81594
8,53333	81416
8,54400	81239
8,55467	81060
8,56533	80884
8,57600	80711
8,58667	80543
8,59733	80377
8,60800	80213
8,61867	80052
8,62933	79894
8,64000	79737
8,65067	79579
8,66133	79423
8,67200	79270
8,68267	79117
8,69333	78966
8,70400	78817
8,71467	78666
8,72533	78517
8,73600	78369
8,74667	78223
8,75733	78075
8,76800	77926
8,77867	77778
8,78933	77633
8,80000	77487
8,81067	77341
8,82133	77198
8,83200	77056
8,84267	76916
8,85333	76778
8,86400	76644
8,87467	76516
8,88533	76388
8,89600	76264
8,90667	76143
8,91733	76025
8,92800	75911
8,93867	75803
8,94933	75696
8,96000	75592
8,97067	75491
8,98133	75392
8,99200	75299
9,00267	75209
9,01333	75120
9,02400	75031
9,03467	74942
9,04533	74854
9,05600	74767
9,06667	74684
9,07733	74603
9,08800	74521
9,09867	74443
9,10933	74363
9,12000	74281
9,13067	74200
9,14133	74123
9,15200	74050
9,16267	73980
9,17333	73910
9,18400	73840
9,19467	73772
9,20533	73705
9,21600	73641
9,22667	73578
9,23733	73516
9,24800	73458
9,25867	73401
9,26933	73343
9,28000	73285
9,29067	73227
9,30133	73169
9,31200	73112
9,32267	73053
9,33333	72992
9,34400	72928
9,35467	72866
9,36533	72804
9,37600	72741
9,38667	72680
9,39733	72615
9,40800	72547
9,41867	72480
9,42933	72412
9,44000	72344
9,45067	72276
9,46133	72209
9,47200	72151
9,48267	72108
9,49333	72083
9,50400	72093
9,51467	72154
9,52533	72270
9,53600	72436
9,54667	72641
9,55733	72863
9,56800	73063
9,57867	73201
9,58933	73247
9,60000	73186
9,61067	73021
9,62133	72782
9,63200	72492
9,64267	72185
9,65333	71893
9,66400	71629
9,67467	71399
9,68533	71205
9,69600	71038
9,70667	70896
9,71733	70776
9,72800	70672
9,73867	70580
9,74933	70493
9,76000	70414
9,77067	70343
9,78133	70276
9,79200	70217
9,80267	70166
9,81333	70125
9,82400	70099
9,83467	70088
9,84533	70092
9,85600	70114
9,86667	70148
9,87733	70190
9,88800	70239
9,89867	70283
9,90933	70317
9,92000	70341
9,93067	70350
9,94133	70345
9,95200	70335
9,96267	70347
9,97333	70445
9,98400	70782
9,99467	71618
10,00533	73310
10,01600	76226
10,02667	80570
10,03733	86153
10,04800	92281
10,05867	97865
10,06933	101782
10,08000	103294
10,09067	102313
10,10133	99360
10,11200	95268
10,12267	90861
10,13333	86733
10,14400	83186
10,15467	80283
10,16533	77959
10,17600	76104
10,18667	74603
10,19733	73367
10,20800	72336
10,21867	71465
10,22933	70724
10,24000	70094
10,25067	69563
10,26133	69119
10,27200	68762
10,28267	68496
10,29333	68316
10,30400	68234
10,31467	68267
10,32533	68448
10,33600	68823
10,34667	69482
10,35733	70574
10,36800	72343
10,37867	75166
10,38933	79593
10,40000	86387
10,41067	96545
10,42133	111297
10,43200	132075
10,44267	160434
10,45333	197926
10,46400	245901
10,47467	305183
10,48533	375738
10,49600	456314
10,50667	544165
10,51733	635093
10,52800	723719
10,53867	804120
10,54933	870536
10,56000	918063
10,57067	943255
10,58133	944417
10,59200	921814
10,60267	877774
10,61333	816460
10,62400	743264
10,63467	664034
10,64533	584158
10,65600	507900
10,66667	438128
10,67733	376329
10,68800	322846
10,69867	277268
10,70933	238802
10,72000	206512
10,73067	179502
10,74133	156984
10,75200	138287
10,76267	122847
10,77333	110197
10,78400	99927
10,79467	91675
10,80533	85124
10,81600	79988
10,82667	76012
10,83733	72969
10,84800	70666
10,85867	68949
10,86933	67680
10,88000	66745
10,89067	66059
10,90133	65559
10,91200	65186
10,92267	64905
10,93333	64695
10,94400	64534
10,95467	64405
10,96533	64298
10,97600	64206
10,98667	64129
10,99733	64062
11,00800	64004
11,01867	63954
11,02933	63906
11,04000	63861
11,05067	63820
11,06133	63776
11,07200	63734
11,08267	63696
11,09333	63660
11,10400	63625
11,11467	63591
11,12533	63559
11,13600	63526
11,14667	63493
11,15733	63458
11,16800	63422
11,17867	63390
11,18933	63361
11,20000	63334
11,21067	63309
11,22133	63280
11,23200	63253
11,24267	63233
11,25333	63220
11,26400	63211
11,27467	63207
11,28533	63207
11,29600	63211
11,30667	63211
11,31733	63202
11,32800	63191
11,33867	63179
11,34933	63159
11,36000	63131
11,37067	63100
11,38133	63064
11,39200	63024
11,40267	62982
11,41333	62937
11,42400	62893
11,43467	62850
11,44533	62809
11,45600	62769
11,46667	62732
11,47733	62695
11,48800	62663
11,49867	62631
11,50933	62603
11,52000	62577
11,53067	62552
11,54133	62529
11,55200	62505
11,56267	62481
11,57333	62463
11,58400	62452
11,59467	62444
11,60533	62438
11,61600	62434
11,62667	62436
11,63733	62435
11,64800	62425
11,65867	62409
11,66933	62384
11,68000	62352
11,69067	62318
11,70133	62281
11,71200	62245
11,72267	62210
11,73333	62176
11,74400	62142
11,75467	62105
11,76533	62070
11,77600	62038
11,78667	62007
11,79733	61975
11,80800	61941
11,81867	61911
11,82933	61883
11,84000	61855
11,85067	61828
11,86133	61805
11,87200	61784
11,88267	61766
11,89333	61749
11,90400	61734
11,91467	61720
11,92533	61712
11,93600	61715
11,94667	61736
11,95733	61787
11,96800	61880
11,97867	62019
11,98933	62205
12,00000	62430
12,01067	62675
12,02133	62921
12,03200	63139
12,04267	63306
12,05333	63408
12,06400	63433
12,07467	63381
12,08533	63259
12,09600	63084
12,10667	62877
12,11733	62657
12,12800	62442
12,13867	62242
12,14933	62065
12,16000	61916
12,17067	61791
12,18133	61685
12,19200	61596
12,20267	61519
12,21333	61451
12,22400	61391
12,23467	61342
12,24533	61301
12,25600	61264
12,26667	61234
12,27733	61205
12,28800	61183
12,29867	61164
12,30933	61145
12,32000	61129
12,33067	61118
12,34133	61109
12,35200	61100
12,36267	61093
12,37333	61086
12,38400	61075
12,39467	61064
12,40533	61056
12,41600	61052
12,42667	61047
12,43733	61042
12,44800	61041
12,45867	61042
12,46933	61039
12,48000	61029
12,49067	61013
12,50133	60989
12,51200	60952
12,52267	60905
12,53333	60851
12,54400	60790
12,55467	60721
12,56533	60647
12,57600	60566
12,58667	60478
12,59733	60393
12,60800	60318
12,61867	60260
12,62933	60226
12,64000	60223
12,65067	60251
12,66133	60300
12,67200	60357
12,68267	60396
12,69333	60395
12,70400	60342
12,71467	60224
12,72533	60049
12,73600	59833
12,74667	59586
12,75733	59328
12,76800	59077
12,77867	58836
12,78933	58602
12,80000	58378
12,81067	58165
12,82133	57958
12,83200	57758
12,84267	57567
12,85333	57383
12,86400	57203
12,87467	57029
12,88533	56861
12,89600	56699
12,90667	56543
12,91733	56398
12,92800	56260
12,93867	56124
12,94933	55995
12,96000	55874
12,97067	55758
12,98133	55654
12,99200	55559
13,00267	55462
13,01333	55372
13,02400	55291
13,03467	55218
13,04533	55152
13,05600	55091
13,06667	55035
13,07733	54985
13,08800	54934
13,09867	54881
13,10933	54823
13,12000	54759
13,13067	54690
13,14133	54616
13,15200	54540
13,16267	54466
13,17333	54397
13,18400	54331
13,19467	54270
13,20533	54214
13,21600	54167
13,22667	54125
13,23733	54085
13,24800	54046
13,25867	54009
13,26933	53973
13,28000	53935
13,29067	53893
13,30133	53856
13,31200	53827
13,32267	53800
13,33333	53775
13,34400	53760
13,35467	53751
13,36533	53742
13,37600	53729
13,38667	53706
13,39733	53678
13,40800	53646
13,41867	53607
13,42933	53567
13,44000	53525
13,45067	53483
13,46133	53444
13,47200	53408
13,48267	53374
13,49333	53342
13,50400	53313
13,51467	53287
13,52533	53264
13,53600	53242
13,54667	53222
13,55733	53204
13,56800	53187
13,57867	53173
13,58933	53160
13,60000	53150
13,61067	53140
13,62133	53131
13,63200	53120
13,64267	53103
13,65333	53089
13,66400	53075
13,67467	53059
13,68533	53043
13,69600	53031
13,70667	53023
13,71733	53016
13,72800	53013
13,73867	53017
13,74933	53026
13,76000	53040
13,77067	53061
13,78133	53089
13,79200	53123
13,80267	53161
13,81333	53202
13,82400	53240
13,83467	53269
13,84533	53285
13,85600	53287
13,86667	53271
13,87733	53242
13,88800	53202
13,89867	53151
13,90933	53095
13,92000	53039
13,93067	52984
13,94133	52930
13,95200	52882
13,96267	52842
13,97333	52808
13,98400	52781
13,99467	52758
14,00533	52738
14,01600	52717
14,02667	52700
14,03733	52688
14,04800	52678
14,05867	52670
14,06933	52665
14,08000	52661
14,09067	52656
14,10133	52653
14,11200	52651
14,12267	52653
14,13333	52655
14,14400	52653
14,15467	52650
14,16533	52650
14,17600	52653
14,18667	52654
14,19733	52650
14,20800	52643
14,21867	52635
14,22933	52628
14,24000	52618
14,25067	52605
14,26133	52591
14,27200	52576
14,28267	52560
14,29333	52546
14,30400	52535
14,31467	52524
14,32533	52510
14,33600	52496
14,34667	52487
14,35733	52476
14,36800	52463
14,37867	52450
14,38933	52439
14,40000	52430
14,41067	52423
14,42133	52412
14,43200	52402
14,44267	52392
14,45333	52384
14,46400	52376
14,47467	52369
14,48533	52365
14,49600	52360
14,50667	52355
14,51733	52352
14,52800	52349
14,53867	52345
14,54933	52346
14,56000	52344
14,57067	52341
14,58133	52340
14,59200	52340
14,60267	52340
14,61333	52338
14,62400	52336
14,63467	52336
14,64533	52337
14,65600	52335
14,66667	52333
14,67733	52330
14,68800	52330
14,69867	52332
14,70933	52333
14,72000	52335
14,73067	52334
14,74133	52332
14,75200	52329
14,76267	52327
14,77333	52330
14,78400	52333
14,79467	52334
14,80533	52335
14,81600	52334
14,82667	52334
14,83733	52334
14,84800	52335
14,85867	52334
14,86933	52333
14,88000	52331
14,89067	52326
14,90133	52320
14,91200	52316
14,92267	52311
14,93333	52305
14,94400	52295
14,95467	52279
14,96533	52262
14,97600	52246
14,98667	52228
14,99733	52211
15,00800	52194
15,01867	52178
15,02933	52165
15,04000	52155
15,05067	52144
15,06133	52135
15,07200	52123
15,08267	52116
15,09333	52112
15,10400	52111
15,11467	52111
15,12533	52109
15,13600	52109
15,14667	52111
15,15733	52111
15,16800	52110
15,17867	52108
15,18933	52104
15,20000	52101
15,21067	52099
15,22133	52096
15,23200	52093
15,24267	52091
15,25333	52092
15,26400	52093
15,27467	52094
15,28533	52095
15,29600	52098
15,30667	52105
15,31733	52110
15,32800	52118
15,33867	52127
15,34933	52133
15,36000	52136
15,37067	52138
15,38133	52137
15,39200	52136
15,40267	52130
15,41333	52120
15,42400	52103
15,43467	52084
15,44533	52060
15,45600	52031
15,46667	51999
15,47733	51964
15,48800	51927
15,49867	51885
15,50933	51841
15,52000	51793
15,53067	51741
15,54133	51688
15,55200	51636
15,56267	51579
15,57333	51520
15,58400	51461
15,59467	51400
15,60533	51337
15,61600	51271
15,62667	51203
15,63733	51137
15,64800	51067
15,65867	50996
15,66933	50927
15,68000	50853
15,69067	50780
15,70133	50709
15,71200	50638
15,72267	50570
15,73333	50501
15,74400	50433
15,75467	50367
15,76533	50301
15,77600	50236
15,78667	50171
15,79733	50106
15,80800	50045
15,81867	49984
15,82933	49925
15,84000	49868
15,85067	49814
15,86133	49761
15,87200	49707
15,88267	49657
15,89333	49608
15,90400	49562
15,91467	49517
15,92533	49474
15,93600	49433
15,94667	49393
15,95733	49355
15,96800	49319
15,97867	49284
15,98933	49250
16,00000	49220
16,01067	49190
16,02133	49158
16,03200	49131
16,04267	49107
16,05333	49085
16,06400	49064
16,07467	49044
16,08533	49027
16,09600	49014
16,10667	48999
16,11733	48986
16,12800	48972
16,13867	48957
16,14933	48944
16,16000	48934
16,17067	48925
16,18133	48916
16,19200	48904
16,20267	48892
16,21333	48882
16,22400	48874
16,23467	48862
16,24533	48847
16,25600	48832
16,26667	48815
16,27733	48799
16,28800	48780
16,29867	48763
16,30933	48745
16,32000	48726
16,33067	48708
16,34133	48687
16,35200	48665
16,36267	48646
16,37333	48629
16,38400	48613
16,39467	48596
16,40533	48582
16,41600	48568
16,42667	48553
16,43733	48539
16,44800	48527
16,45867	48516
16,46933	48507
16,48000	48495
16,49067	48479
16,50133	48464
16,51200	48451
16,52267	48442
16,53333	48432
16,54400	48419
16,55467	48403
16,56533	48390
16,57600	48378
16,58667	48364
16,59733	48351
16,60800	48340
16,61867	48330
16,62933	48319
16,64000	48309
16,65067	48303
16,66133	48297
16,67200	48290
16,68267	48288
16,69333	48290
16,70400	48291
16,71467	48290
16,72533	48288
16,73600	48285
16,74667	48281
16,75733	48277
16,76800	48270
16,77867	48261
16,78933	48254
16,80000	48246
16,81067	48237
16,82133	48227
16,83200	48219
16,84267	48211
16,85333	48200
16,86400	48190
16,87467	48182
16,88533	48175
16,89600	48167
16,90667	48158
16,91733	48152
16,92800	48146
16,93867	48135
16,94933	48125
16,96000	48117
16,97067	48108
16,98133	48097
16,99200	48087
17,00267	48078
17,01333	48068
17,02400	48055
17,03467	48041
17,04533	48027
17,05600	48015
17,06667	48005
17,07733	47994
17,08800	47982
17,09867	47970
17,10933	47958
17,12000	47945
17,13067	47933
17,14133	47923
17,15200	47914
17,16267	47906
17,17333	47897
17,18400	47887
17,19467	47880
17,20533	47873
17,21600	47865
17,22667	47857
17,23733	47848
17,24800	47839
17,25867	47832
17,26933	47826
17,28000	47823
17,29067	47819
17,30133	47816
17,31200	47814
17,32267	47815
17,33333	47814
17,34400	47813
17,35467	47810
17,36533	47807
17,37600	47806
17,38667	47804
17,39733	47800
17,40800	47799
17,41867	47800
17,42933	47796
17,44000	47790
17,45067	47784
17,46133	47779
17,47200	47773
17,48267	47767
17,49333	47762
17,50400	47758
17,51467	47754
17,52533	47748
17,53600	47744
17,54667	47740
17,55733	47734
17,56800	47729
17,57867	47724
17,58933	47720
17,60000	47716
17,61067	47713
17,62133	47710
17,63200	47704
17,64267	47701
17,65333	47695
17,66400	47689
17,67467	47685
17,68533	47682
17,69600	47681
17,70667	47680
17,71733	47681
17,72800	47687
17,73867	47700
17,74933	47721
17,76000	47754
17,77067	47807
17,78133	47885
17,79200	47991
17,80267	48136
17,81333	48329
17,82400	48576
17,83467	48888
17,84533	49268
17,85600	49719
17,86667	50244
17,87733	50837
17,88800	51495
17,89867	52209
17,90933	52961
17,92000	53738
17,93067	54525
17,94133	55307
17,95200	56074
17,96267	56813
17,97333	57512
17,98400	58168
17,99467	58782
18,00533	59351
18,01600	59879
18,02667	60372
18,03733	60835
18,04800	61273
18,05867	61688
18,06933	62080
18,08000	62452
18,09067	62801
18,10133	63117
18,11200	63393
18,12267	63614
18,13333	63765
18,14400	63825
18,15467	63777
18,16533	63608
18,17600	63308
18,18667	62871
18,19733	62301
18,20800	61605
18,21867	60802
18,22933	59916
18,24000	58970
18,25067	57995
18,26133	57020
18,27200	56068
18,28267	55160
18,29333	54311
18,30400	53530
18,31467	52822
18,32533	52188
18,33600	51626
18,34667	51130
18,35733	50694
18,36800	50313
18,37867	49983
18,38933	49695
18,40000	49445
18,41067	49230
18,42133	49045
18,43200	48887
18,44267	48750
18,45333	48633
18,46400	48537
18,47467	48459
18,48533	48393
18,49600	48341
18,50667	48298
18,51733	48263
18,52800	48238
18,53867	48223
18,54933	48209
18,56000	48201
18,57067	48201
18,58133	48202
18,59200	48204
18,60267	48208
18,61333	48212
18,62400	48219
18,63467	48230
18,64533	48238
18,65600	48244
18,66667	48249
18,67733	48253
18,68800	48261
18,69867	48269
18,70933	48278
18,72000	48284
18,73067	48291
18,74133	48303
18,75200	48316
18,76267	48333
18,77333	48355
18,78400	48385
18,79467	48421
18,80533	48465
18,81600	48519
18,82667	48583
18,83733	48652
18,84800	48725
18,85867	48802
18,86933	48882
18,88000	48959
18,89067	49031
18,90133	49091
18,91200	49142
18,92267	49178
18,93333	49198
18,94400	49198
18,95467	49181
18,96533	49147
18,97600	49098
18,98667	49034
18,99733	48958
19,00800	48875
19,01867	48785
19,02933	48693
19,04000	48598
19,05067	48506
19,06133	48419
19,07200	48335
19,08267	48253
19,09333	48175
19,10400	48103
19,11467	48040
19,12533	47981
19,13600	47926
19,14667	47877
19,15733	47829
19,16800	47784
19,17867	47745
19,18933	47710
19,20000	47676
19,21067	47642
19,22133	47611
19,23200	47585
19,24267	47561
19,25333	47538
19,26400	47516
19,27467	47498
19,28533	47481
19,29600	47462
19,30667	47447
19,31733	47435
19,32800	47423
19,33867	47411
19,34933	47401
19,36000	47391
19,37067	47383
19,38133	47374
19,39200	47364
19,40267	47354
19,41333	47345
19,42400	47339
19,43467	47331
19,44533	47324
19,45600	47316
19,46667	47305
19,47733	47297
19,48800	47288
19,49867	47280
19,50933	47271
19,52000	47261
19,53067	47253
19,54133	47245
19,55200	47233
19,56267	47223
19,57333	47216
19,58400	47211
19,59467	47205
19,60533	47198
19,61600	47192
19,62667	47187
19,63733	47177
19,64800	47167
19,65867	47163
19,66933	47159
19,68000	47153
19,69067	47149
19,70133	47145
19,71200	47138
19,72267	47129
19,73333	47122
19,74400	47117
19,75467	47113
19,76533	47108
19,77600	47102
19,78667	47098
19,79733	47093
19,80800	47089
19,81867	47086
19,82933	47081
19,84000	47074
19,85067	47068
19,86133	47065
19,87200	47065
19,88267	47063
19,89333	47060
19,90400	47057
19,91467	47056
19,92533	47053
19,93600	47050
19,94667	47046
19,95733	47042
19,96800	47037
19,97867	47031
19,98933	47029
20,00000	47025
20,01067	47018
20,02133	47011
20,03200	47003
20,04267	46994
20,05333	46984
20,06400	46973
20,07467	46964
20,08533	46952
20,09600	46941
20,10667	46932
20,11733	46924
20,12800	46914
20,13867	46903
20,14933	46892
20,16000	46881
20,17067	46869
20,18133	46858
20,19200	46850
20,20267	46845
20,21333	46839
20,22400	46830
20,23467	46826
20,24533	46823
20,25600	46821
20,26667	46819
20,27733	46817
20,28800	46815
20,29867	46815
20,30933	46820
20,32000	46828
20,33067	46837
20,34133	46849
20,35200	46864
20,36267	46884
20,37333	46910
20,38400	46941
20,39467	46977
20,40533	47018
20,41600	47067
20,42667	47120
20,43733	47180
20,44800	47247
20,45867	47323
20,46933	47407
20,48000	47498
20,49067	47599
20,50133	47708
20,51200	47826
20,52267	47951
20,53333	48083
20,54400	48220
20,55467	48366
20,56533	48521
20,57600	48682
20,58667	48850
20,59733	49024
20,60800	49202
20,61867	49385
20,62933	49573
20,64000	49766
20,65067	49964
20,66133	50163
20,67200	50364
20,68267	50564
20,69333	50766
20,70400	50968
20,71467	51167
20,72533	51365
20,73600	51561
20,74667	51754
20,75733	51943
20,76800	52129
20,77867	52310
20,78933	52486
20,80000	52658
20,81067	52828
20,82133	52994
20,83200	53153
20,84267	53306
20,85333	53453
20,86400	53598
20,87467	53739
20,88533	53876
20,89600	54007
20,90667	54131
20,91733	54252
20,92800	54370
20,93867	54483
20,94933	54591
20,96000	54698
20,97067	54798
20,98133	54892
20,99200	54984
21,00267	55071
21,01333	55157
21,02400	55240
21,03467	55319
21,04533	55395
21,05600	55469
21,06667	55539
21,07733	55607
21,08800	55672
21,09867	55733
21,10933	55791
21,12000	55848
21,13067	55902
21,14133	55953
21,15200	56002
21,16267	56050
21,17333	56098
21,18400	56142
21,19467	56184
21,20533	56229
21,21600	56273
21,22667	56311
21,23733	56347
21,24800	56383
21,25867	56417
21,26933	56452
21,28000	56484
21,29067	56516
21,30133	56545
21,31200	56572
21,32267	56598
21,33333	56624
21,34400	56650
21,35467	56676
21,36533	56700
21,37600	56722
21,38667	56744
21,39733	56765
21,40800	56788
21,41867	56812
21,42933	56834
21,44000	56856
21,45067	56878
21,46133	56901
21,47200	56922
21,48267	56944
21,49333	56968
21,50400	56990
21,51467	57012
21,52533	57036
21,53600	57060
21,54667	57083
21,55733	57107
21,56800	57133
21,57867	57160
21,58933	57186
21,60000	57212
21,61067	57243
21,62133	57271
21,63200	57300
21,64267	57330
21,65333	57361
21,66400	57390
21,67467	57418
21,68533	57450
21,69600	57481
21,70667	57513
21,71733	57542
21,72800	57573
21,73867	57606
21,74933	57640
21,76000	57673
21,77067	57705
21,78133	57738
21,79200	57770
21,80267	57803
21,81333	57834
21,82400	57867
21,83467	57900
21,84533	57931
21,85600	57966
21,86667	57998
21,87733	58028
21,88800	58058
21,89867	58088
21,90933	58116
21,92000	58142
21,93067	58165
21,94133	58188
21,95200	58210
21,96267	58229
21,97333	58246
21,98400	58264
21,99467	58279
22,00533	58293
22,01600	58305
22,02667	58315
22,03733	58326
22,04800	58335
22,05867	58341
22,06933	58344
22,08000	58348
22,09067	58351
22,10133	58349
22,11200	58345
22,12267	58342
22,13333	58333
22,14400	58324
22,15467	58316
22,16533	58307
22,17600	58299
22,18667	58294
22,19733	58289
22,20800	58285
22,21867	58281
22,22933	58277
22,24000	58273
22,25067	58267
22,26133	58262
22,27200	58257
22,28267	58253
22,29333	58249
22,30400	58241
22,31467	58234
22,32533	58230
22,33600	58225
22,34667	58215
22,35733	58205
22,36800	58196
22,37867	58187
22,38933	58177
22,40000	58163
22,41067	58150
22,42133	58138
22,43200	58125
22,44267	58110
22,45333	58095
22,46400	58080
22,47467	58069
22,48533	58053
22,49600	58039
22,50667	58025
22,51733	58011
22,52800	58000
22,53867	57989
22,54933	57976
22,56000	57964
22,57067	57956
22,58133	57947
22,59200	57937
22,60267	57929
22,61333	57924
22,62400	57922
22,63467	57920
22,64533	57921
22,65600	57922
22,66667	57922
22,67733	57925
22,68800	57930
22,69867	57934
22,70933	57939
22,72000	57947
22,73067	57959
22,74133	57972
22,75200	57985
22,76267	57997
22,77333	58011
22,78400	58026
22,79467	58039
22,80533	58055
22,81600	58072
22,82667	58088
22,83733	58102
22,84800	58120
22,85867	58136
22,86933	58152
22,88000	58170
22,89067	58186
22,90133	58204
22,91200	58220
22,92267	58236
22,93333	58249
22,94400	58260
22,95467	58274
22,96533	58288
22,97600	58299
22,98667	58305
22,99733	58312
23,00800	58324
23,01867	58333
23,02933	58337
23,04000	58341
23,05067	58348
23,06133	58359
23,07200	58366
23,08267	58373
23,09333	58381
23,10400	58386
23,11467	58388
23,12533	58392
23,13600	58396
23,14667	58394
23,15733	58392
23,16800	58393
23,17867	58393
23,18933	58386
23,20000	58381
23,21067	58379
23,22133	58374
23,23200	58372
23,24267	58371
23,25333	58367
23,26400	58365
23,27467	58360
23,28533	58354
23,29600	58356
23,30667	58355
23,31733	58350
23,32800	58345
23,33867	58343
23,34933	58342
23,36000	58339
23,37067	58336
23,38133	58335
23,39200	58332
23,40267	58327
23,41333	58326
23,42400	58324
23,43467	58322
23,44533	58325
23,45600	58327
23,46667	58327
23,47733	58329
23,48800	58330
23,49867	58332
23,50933	58332
23,52000	58333
23,53067	58334
23,54133	58339
23,55200	58344
23,56267	58347
23,57333	58347
23,58400	58351
23,59467	58358
23,60533	58364
23,61600	58369
23,62667	58374
23,63733	58381
23,64800	58387
23,65867	58393
23,66933	58399
23,68000	58404
23,69067	58408
23,70133	58411
23,71200	58416
23,72267	58421
23,73333	58429
23,74400	58438
23,75467	58443
23,76533	58443
23,77600	58446
23,78667	58448
23,79733	58451
23,80800	58453
23,81867	58452
23,82933	58449
23,84000	58446
23,85067	58444
23,86133	58443
23,87200	58441
23,88267	58438
23,89333	58436
23,90400	58432
23,91467	58427
23,92533	58427
23,93600	58428
23,94667	58427
23,95733	58427
23,96800	58428
23,97867	58431
23,98933	58434
24,00000	58437
24,01067	58442
24,02133	58451
24,03200	58463
24,04267	58470
24,05333	58480
24,06400	58492
24,07467	58501
24,08533	58512
24,09600	58524
24,10667	58534
24,11733	58544
24,12800	58556
24,13867	58569
24,14933	58584
24,16000	58612
24,17067	58651
24,18133	58699
24,19200	58762
24,20267	58846
24,21333	58956
24,22400	59089
24,23467	59253
24,24533	59454
24,25600	59687
24,26667	59960
24,27733	60274
24,28800	60630
24,29867	61032
24,30933	61476
24,32000	61960
24,33067	62485
24,34133	63049
24,35200	63643
24,36267	64270
24,37333	64923
24,38400	65595
24,39467	66285
24,40533	66985
24,41600	67691
24,42667	68396
24,43733	69094
24,44800	69783
24,45867	70461
24,46933	71117
24,48000	71747
24,49067	72349
24,50133	72917
24,51200	73453
24,52267	73956
24,53333	74427
24,54400	74870
24,55467	75290
24,56533	75695
24,57600	76105
24,58667	76547
24,59733	77050
24,60800	77646
24,61867	78359
24,62933	79205
24,64000	80175
24,65067	81232
24,66133	82311
24,67200	83316
24,68267	84150
24,69333	84732
24,70400	85008
24,71467	84967
24,72533	84632
24,73600	84057
24,74667	83313
24,75733	82467
24,76800	81579
24,77867	80688
24,78933	79821
24,80000	78994
24,81067	78211
24,82133	77470
24,83200	76768
24,84267	76100
24,85333	75467
24,86400	74869
24,87467	74302
24,88533	73767
24,89600	73260
24,90667	72780
24,91733	72325
24,92800	71893
24,93867	71485
24,94933	71101
24,96000	70738
24,97067	70390
24,98133	70051
24,99200	69722
25,00267	69396
25,01333	69072
25,02400	68743
25,03467	68410
25,04533	68075
25,05600	67737
25,06667	67400
25,07733	67064
25,08800	66727
25,09867	66388
25,10933	66042
25,12000	65683
25,13067	65314
25,14133	64936
25,15200	64551
25,16267	64159
25,17333	63762
25,18400	63362
25,19467	62960
25,20533	62557
25,21600	62149
25,22667	61742
25,23733	61336
25,24800	60924
25,25867	60508
25,26933	60093
25,28000	59682
25,29067	59283
25,30133	58905
25,31200	58555
25,32267	58216
25,33333	57868
25,34400	57495
25,35467	57088
25,36533	56660
25,37600	56225
25,38667	55794
25,39733	55374
25,40800	54963
25,41867	54557
25,42933	54160
25,44000	53772
25,45067	53394
25,46133	53026
25,47200	52670
25,48267	52327
25,49333	51995
25,50400	51675
25,51467	51377
25,52533	51113
25,53600	50891
25,54667	50701
25,55733	50502
25,56800	50244
25,57867	49907
25,58933	49503
25,60000	49058
25,61067	48604
25,62133	48162
25,63200	47736
25,64267	47331
25,65333	46942
25,66400	46566
25,67467	46204
25,68533	45859
25,69600	45525
25,70667	45206
25,71733	44899
25,72800	44598
25,73867	44307
25,74933	44024
25,76000	43746
25,77067	43480
25,78133	43228
25,79200	42989
25,80267	42760
25,81333	42533
25,82400	42304
25,83467	42075
25,84533	41848
25,85600	41627
25,86667	41410
25,87733	41195
25,88800	40980
25,89867	40773
25,90933	40581
25,92000	40408
25,93067	40253
25,94133	40115
25,95200	39977
25,96267	39823
25,97333	39651
25,98400	39465
25,99467	39272
26,00533	39077
26,01600	38885
26,02667	38701
26,03733	38526
26,04800	38353
26,05867	38185
26,06933	38025
26,08000	37875
26,09067	37737
26,10133	37612
26,11200	37510
26,12267	37451
26,13333	37488
26,14400	37746
26,15467	38431
26,16533	39752
26,17600	41739
26,18667	44184
26,19733	46815
26,20800	49505
26,21867	52313
26,22933	55379
26,24000	58788
26,25067	62489
26,26133	66230
26,27200	69498
26,28267	71601
26,29333	71968
26,30400	70460
26,31467	67443
26,32533	63569
26,33600	59472
26,34667	55591
26,35733	52141
26,36800	49178
26,37867	46688
26,38933	44632
26,40000	42954
26,41067	41593
26,42133	40487
26,43200	39580
26,44267	38826
26,45333	38195
26,46400	37666
26,47467	37223
26,48533	36849
26,49600	36528
26,50667	36253
26,51733	36018
26,52800	35815
26,53867	35636
26,54933	35472
26,56000	35317
26,57067	35173
26,58133	35040
26,59200	34922
26,60267	34837
26,61333	34808
26,62400	34864
26,63467	35030
26,64533	35304
26,65600	35655
26,66667	36037
26,67733	36389
26,68800	36660
26,69867	36814
26,70933	36835
26,72000	36716
26,73067	36466
26,74133	36108
26,75200	35671
26,76267	35182
26,77333	34665
26,78400	34141
26,79467	33624
26,80533	33123
26,81600	32652
26,82667	32224
26,83733	31853
26,84800	31548
26,85867	31316
26,86933	31177
26,88000	31191
26,89067	31462
26,90133	32114
26,91200	33224
26,92267	34773
26,93333	36623
26,94400	38501
26,95467	40049
26,96533	40978
26,97600	41208
26,98667	40876
26,99733	40232
27,00800	39526
27,01867	38949
27,02933	38644
27,04000	38728
27,05067	39260
27,06133	40151
27,07200	41137
27,08267	41890
27,09333	42205
27,10400	42088
27,11467	41732
27,12533	41530
27,13600	42339
27,14667	45820
27,15733	54018
27,16800	67604
27,17867	84171
27,18933	98934
27,20000	107690
27,21067	109176
27,22133	104931
27,23200	97543
27,24267	89130
27,25333	80889
27,26400	73325
27,27467	66596
27,28533	60755
27,29600	55822
27,30667	51794
27,31733	48626
27,32800	46236
27,33867	44505
27,34933	43303
27,36000	42515
27,37067	42029
27,38133	41759
27,39200	41639
27,40267	41615
27,41333	41648
27,42400	41715
27,43467	41797
27,44533	41893
27,45600	42010
27,46667	42151
27,47733	42315
27,48800	42505
27,49867	42724
27,50933	42987
27,52000	43322
27,53067	43741
27,54133	44231
27,55200	44748
27,56267	45244
27,57333	45702
27,58400	46110
27,59467	46447
27,60533	46685
27,61600	46817
27,62667	46870
27,63733	46890
27,64800	46905
27,65867	46923
27,66933	46936
27,68000	46953
27,69067	46983
27,70133	47022
27,71200	47046
27,72267	47033
27,73333	46968
27,74400	46852
27,75467	46702
27,76533	46536
27,77600	46366
27,78667	46201
27,79733	46050
27,80800	45915
27,81867	45799
27,82933	45703
27,84000	45623
27,85067	45558
27,86133	45504
27,87200	45458
27,88267	45418
27,89333	45389
27,90400	45378
27,91467	45385
27,92533	45406
27,93600	45431
27,94667	45456
27,95733	45474
27,96800	45480
27,97867	45481
27,98933	45478
28,00000	45472
28,01067	45464
28,02133	45455
28,03200	45442
28,04267	45431
28,05333	45427
28,06400	45427
28,07467	45433
28,08533	45443
28,09600	45458
28,10667	45473
28,11733	45487
28,12800	45496
28,13867	45503
28,14933	45508
28,16000	45515
28,17067	45525
28,18133	45540
28,19200	45553
28,20267	45563
28,21333	45571
28,22400	45574
28,23467	45579
28,24533	45585
28,25600	45590
28,26667	45598
28,27733	45607
28,28800	45616
28,29867	45623
28,30933	45625
28,32000	45624
28,33067	45619
28,34133	45616
28,35200	45613
28,36267	45619
28,37333	45641
28,38400	45674
28,39467	45721
28,40533	45781
28,41600	45846
28,42667	45907
28,43733	45965
28,44800	46017
28,45867	46066
28,46933	46110
28,48000	46151
28,49067	46186
28,50133	46212
28,51200	46230
28,52267	46244
28,53333	46263
28,54400	46299
28,55467	46368
28,56533	46494
28,57600	46695
28,58667	46978
28,59733	47320
28,60800	47659
28,61867	47925
28,62933	48064
28,64000	48052
28,65067	47915
28,66133	47693
28,67200	47436
28,68267	47180
28,69333	46944
28,70400	46737
28,71467	46562
28,72533	46417
28,73600	46302
28,74667	46215
28,75733	46148
28,76800	46097
28,77867	46061
28,78933	46031
28,80000	46005
28,81067	45977
28,82133	45947
28,83200	45918
28,84267	45887
28,85333	45856
28,86400	45827
28,87467	45803
28,88533	45785
28,89600	45776
28,90667	45778
28,91733	45786
28,92800	45799
28,93867	45814
28,94933	45827
28,96000	45836
28,97067	45841
28,98133	45838
28,99200	45832
29,00267	45826
29,01333	45819
29,02400	45811
29,03467	45801
29,04533	45793
29,05600	45784
29,06667	45774
29,07733	45764
29,08800	45750
29,09867	45735
29,10933	45717
29,12000	45700
29,13067	45683
29,14133	45669
29,15200	45659
29,16267	45651
29,17333	45648
29,18400	45647
29,19467	45650
29,20533	45652
29,21600	45652
29,22667	45654
29,23733	45656
29,24800	45659
29,25867	45665
29,26933	45679
29,28000	45699
29,29067	45731
29,30133	45782
29,31200	45854
29,32267	45946
29,33333	46058
29,34400	46191
29,35467	46350
29,36533	46541
29,37600	46771
29,38667	47049
29,39733	47391
29,40800	47813
29,41867	48330
29,42933	48962
29,44000	49727
29,45067	50644
29,46133	51734
29,47200	53019
29,48267	54528
29,49333	56286
29,50400	58315
29,51467	60628
29,52533	63218
29,53600	66062
29,54667	69107
29,55733	72281
29,56800	75490
29,57867	78623
29,58933	81566
29,60000	84218
29,61067	86516
29,62133	88431
29,63200	89967
29,64267	91158
29,65333	92056
29,66400	92714
29,67467	93194
29,68533	93555
29,69600	93844
29,70667	94106
29,71733	94372
29,72800	94664
29,73867	95002
29,74933	95401
29,76000	95869
29,77067	96412
29,78133	97032
29,79200	97724
29,80267	98477
29,81333	99277
29,82400	100106
29,83467	100944
29,84533	101772
29,85600	102569
29,86667	103326
29,87733	104032
29,88800	104674
29,89867	105249
29,90933	105759
29,92000	106198
29,93067	106573
29,94133	106887
29,95200	107141
29,96267	107339
29,97333	107486
29,98400	107584
29,99467	107636
30,00533	107644
30,01600	107611
30,02667	107538
30,03733	107425
30,04800	107272
30,05867	107083
30,06933	106859
30,08000	106602
30,09067	106314
30,10133	105997
30,11200	105650
30,12267	105276
30,13333	104884
30,14400	104471
30,15467	104041
30,16533	103601
30,17600	103149
30,18667	102687
30,19733	102215
30,20800	101734
30,21867	101244
30,22933	100748
30,24000	100247
30,25067	99740
30,26133	99226
30,27200	98710
30,28267	98186
30,29333	97649
30,30400	97108
30,31467	96564
30,32533	96019
30,33600	95466
30,34667	94908
30,35733	94351
30,36800	93796
30,37867	93237
30,38933	92672
30,40000	92105
30,41067	91535
30,42133	90963
30,43200	90391
30,44267	89814
30,45333	89234
30,46400	88655
30,47467	88075
30,48533	87495
30,49600	86913
30,50667	86330
30,51733	85747
30,52800	85166
30,53867	84586
30,54933	84004
30,56000	83419
30,57067	82833
30,58133	82249
30,59200	81669
30,60267	81090
30,61333	80511
30,62400	79934
30,63467	79359
30,64533	78785
30,65600	78212
30,66667	77639
30,67733	77066
30,68800	76498
30,69867	75930
30,70933	75360
30,72000	74793
30,73067	74231
30,74133	73669
30,75200	73111
30,76267	72557
30,77333	72002
30,78400	71447
30,79467	70894
30,80533	70344
30,81600	69796
30,82667	69249
30,83733	68700
30,84800	68151
30,85867	67603
30,86933	67057
30,88000	66512
30,89067	65963
30,90133	65415
30,91200	64867
30,92267	64318
30,93333	63767
30,94400	63217
30,95467	62666
30,96533	62118
30,97600	61567
30,98667	61015
30,99733	60466
31,00800	59919
31,01867	59370
31,02933	58821
31,04000	58275
31,05067	57727
31,06133	57180
31,07200	56634
31,08267	56088
31,09333	55545
31,10400	55001
31,11467	54458
31,12533	53916
31,13600	53371
31,14667	52824
31,15733	52281
31,16800	51742
31,17867	51201
31,18933	50659
31,20000	50118
31,21067	49576
31,22133	49035
31,23200	48495
31,24267	47953
31,25333	47410
31,26400	46866
31,27467	46323
31,28533	45781
31,29600	45242
31,30667	44704
31,31733	44164
31,32800	43625
31,33867	43087
31,34933	42548
31,36000	42009
31,37067	41472
31,38133	40937
31,39200	40403
31,40267	39873
31,41333	39344
31,42400	38818
31,43467	38296
31,44533	37774
31,45600	37253
31,46667	36739
31,47733	36229
31,48800	35725
31,49867	35227
31,50933	34730
31,52000	34237
31,53067	33751
31,54133	33270
31,55200	32791
31,56267	32318
31,57333	31850
31,58400	31385
31,59467	30925
31,60533	30467
31,61600	30010
31,62667	29556
31,63733	29106
31,64800	28662
31,65867	28219
31,66933	27772
31,68000	27325
31,69067	26873
31,70133	26418
31,71200	25970
31,72267	25522
31,73333	25068
31,74400	24613
31,75467	24156
31,76533	23697
31,77600	23237
31,78667	22775
31,79733	22312
31,80800	21846
31,81867	21377
31,82933	20908
31,84000	20440
31,85067	19970
31,86133	19503
31,87200	19035
31,88267	18567
31,89333	18099
31,90400	17630
31,91467	17166
31,92533	16702
31,93600	16240
31,94667	15781
31,95733	15328
31,96800	14878
31,97867	14431
31,98933	13987
32,00000	13544


[Fraction Collection Report]
# of Fractions	0
