[Header]
Application Name	LabSolutions
Version	5.101
Data File Name	C:\Users\User\Desktop\Mervan_EnyzmeML\Kinetics\Kinetics\ManNAc\J (4).lcd
Output Date	11.3.2026.
Output Time	14:07:52

[File Information]
Type	Data File
Generated	27.7.2022. 8:25:30
Generated by	System Administrator
Modified	28.7.2022. 9:09:04
Modified by	System Administrator

[Sample Information]
Operator Name	System Administrator
Acquired	27.7.2022. 8:25:47
Sample Type	0:Unknown
Level	0
Sample Name	
Sample ID	
ISTD Amount1	1
ISTD Amount2	1
ISTD Amount3	1
ISTD Amount4	1
ISTD Amount5	1
ISTD Amount6	1
ISTD Amount7	1
ISTD Amount8	1
ISTD Amount9	1
ISTD Amount10	1
ISTD Amount11	1
ISTD Amount12	1
ISTD Amount13	1
ISTD Amount14	1
ISTD Amount15	1
ISTD Amount16	1
ISTD Amount17	1
ISTD Amount18	1
ISTD Amount19	1
ISTD Amount20	1
ISTD Amount21	1
ISTD Amount22	1
ISTD Amount23	1
ISTD Amount24	1
ISTD Amount25	1
ISTD Amount26	1
ISTD Amount27	1
ISTD Amount28	1
ISTD Amount29	1
ISTD Amount30	1
ISTD Amount31	1
ISTD Amount32	1
Sample Amount	1
Dilution Factor	1
Vial#	22
Injection Volume	15

[Original Files]
Data File	C:\LabSolutions\Data\Project1\Mervan\Method development\2022-07-25 (ManNAc)\L3.lcd
Method File	C:\LabSolutions\Data\Project1\Mervan\Mervan Derivatization - Short - Isocratic.lcm
Batch File	C:\LabSolutions\Data\Project1\Mervan batch.lcb
Report Format File	c:\LabSolutions\System\DEFAULT.lsr

[File Description]


[Configuration]
Instrument Name	LC40_01
Instrument #	1
Line #	1
# of Detectors	1
Detector ID	PDA
Detector Name	PDA
# of Channels	1

[Peak Table(PDA-Ch1)]
# of Peaks	2
Peak#	R.Time	I.Time	F.Time	Area	Height	A/H	Conc.	Mark	ID#	Name	k'	Plate #	Plate Ht.	Tailing	Resolution	Sep.Factor	Area Ratio	Height Ratio	Conc. %	Norm Conc.
1	10,056	9,824	10,283	240265	34900	6,884	3,099	   			0,000	43549	3,444	1,331	0,000	0,000	0	0	0,000	0,000
2	10,561	10,293	10,987	7512309	743026	10,110	96,901	   			0,050	23205	6,464	1,134	2,147	0,000	0	0	0,000	0,000

[Compound Results(PDA)]
# of IDs	0

[Group Results(PDA)]
# of Groups	0

[LC Status Trace(Pump A Pressure)]
Interval(msec)	1000
# of Points	1921
Start Time(min)	0,000
End Time(min)	32,000
Intensity Units	bar
Intensity Multiplier	0,980665
R.Time (min)	Intensity
0,00000	78,1
0,01667	78,1
0,03333	78,2
0,05000	78,3
0,06667	79,3
0,08333	80,0
0,10000	80,7
0,11667	81,0
0,13333	81,1
0,15000	81,0
0,16667	80,6
0,18333	80,5
0,20000	80,5
0,21667	80,7
0,23333	80,7
0,25000	80,7
0,26667	80,8
0,28333	80,8
0,30000	80,8
0,31667	80,9
0,33333	80,9
0,35000	80,9
0,36667	80,8
0,38333	80,8
0,40000	80,9
0,41667	80,9
0,43333	80,9
0,45000	81,0
0,46667	80,9
0,48333	80,8
0,50000	80,8
0,51667	80,9
0,53333	80,9
0,55000	80,9
0,56667	80,9
0,58333	80,8
0,60000	80,9
0,61667	80,8
0,63333	80,8
0,65000	80,8
0,66667	80,8
0,68333	80,9
0,70000	80,8
0,71667	80,8
0,73333	80,8
0,75000	80,8
0,76667	80,8
0,78333	80,7
0,80000	80,8
0,81667	80,8
0,83333	80,9
0,85000	80,8
0,86667	80,8
0,88333	80,7
0,90000	80,7
0,91667	80,7
0,93333	80,7
0,95000	80,8
0,96667	80,8
0,98333	80,7
1,00000	80,7
1,01667	80,8
1,03333	80,7
1,05000	80,7
1,06667	80,7
1,08333	80,7
1,10000	80,6
1,11667	80,7
1,13333	80,7
1,15000	80,7
1,16667	80,7
1,18333	80,7
1,20000	80,7
1,21667	80,8
1,23333	80,7
1,25000	80,7
1,26667	80,6
1,28333	80,7
1,30000	80,7
1,31667	80,7
1,33333	80,7
1,35000	80,7
1,36667	80,7
1,38333	80,7
1,40000	80,7
1,41667	80,7
1,43333	80,6
1,45000	80,6
1,46667	80,7
1,48333	80,6
1,50000	80,6
1,51667	80,7
1,53333	80,6
1,55000	80,6
1,56667	80,6
1,58333	80,7
1,60000	80,6
1,61667	80,6
1,63333	80,6
1,65000	80,6
1,66667	80,6
1,68333	80,7
1,70000	80,6
1,71667	80,6
1,73333	80,7
1,75000	80,7
1,76667	80,6
1,78333	80,6
1,80000	80,7
1,81667	80,6
1,83333	80,6
1,85000	80,6
1,86667	80,6
1,88333	80,6
1,90000	80,6
1,91667	80,7
1,93333	80,6
1,95000	80,5
1,96667	80,6
1,98333	80,6
2,00000	80,6
2,01667	80,5
2,03333	80,5
2,05000	80,5
2,06667	80,6
2,08333	80,5
2,10000	80,5
2,11667	80,5
2,13333	80,5
2,15000	80,5
2,16667	80,4
2,18333	80,5
2,20000	80,5
2,21667	80,5
2,23333	80,5
2,25000	80,5
2,26667	80,5
2,28333	80,5
2,30000	80,5
2,31667	80,5
2,33333	80,5
2,35000	80,5
2,36667	80,6
2,38333	80,5
2,40000	80,5
2,41667	80,5
2,43333	80,5
2,45000	80,5
2,46667	80,5
2,48333	80,6
2,50000	80,6
2,51667	80,6
2,53333	80,5
2,55000	80,5
2,56667	80,5
2,58333	80,6
2,60000	80,5
2,61667	80,6
2,63333	80,6
2,65000	80,6
2,66667	80,5
2,68333	80,5
2,70000	80,5
2,71667	80,6
2,73333	80,6
2,75000	80,5
2,76667	80,6
2,78333	80,6
2,80000	80,6
2,81667	80,6
2,83333	80,5
2,85000	80,6
2,86667	80,6
2,88333	80,6
2,90000	80,6
2,91667	80,7
2,93333	80,6
2,95000	80,6
2,96667	80,6
2,98333	80,6
3,00000	80,6
3,01667	80,6
3,03333	80,7
3,05000	80,7
3,06667	80,6
3,08333	80,6
3,10000	80,7
3,11667	80,7
3,13333	80,6
3,15000	80,6
3,16667	80,7
3,18333	80,7
3,20000	80,7
3,21667	80,7
3,23333	80,7
3,25000	80,7
3,26667	80,7
3,28333	80,7
3,30000	80,8
3,31667	80,7
3,33333	80,7
3,35000	80,7
3,36667	80,8
3,38333	80,7
3,40000	80,8
3,41667	80,8
3,43333	80,8
3,45000	80,8
3,46667	80,7
3,48333	80,8
3,50000	80,8
3,51667	80,8
3,53333	80,8
3,55000	80,8
3,56667	80,7
3,58333	80,8
3,60000	80,8
3,61667	80,8
3,63333	80,8
3,65000	80,8
3,66667	80,9
3,68333	80,8
3,70000	80,8
3,71667	80,8
3,73333	80,8
3,75000	80,8
3,76667	80,9
3,78333	80,9
3,80000	80,9
3,81667	80,9
3,83333	80,9
3,85000	80,9
3,86667	80,9
3,88333	80,9
3,90000	80,9
3,91667	80,9
3,93333	80,9
3,95000	80,9
3,96667	80,9
3,98333	80,9
4,00000	81,0
4,01667	81,0
4,03333	81,0
4,05000	81,0
4,06667	81,0
4,08333	81,0
4,10000	81,0
4,11667	81,0
4,13333	81,0
4,15000	81,0
4,16667	81,0
4,18333	81,0
4,20000	81,0
4,21667	81,1
4,23333	81,1
4,25000	81,1
4,26667	81,2
4,28333	81,4
4,30000	81,5
4,31667	81,6
4,33333	81,7
4,35000	81,8
4,36667	81,8
4,38333	81,8
4,40000	81,9
4,41667	81,8
4,43333	81,9
4,45000	81,9
4,46667	81,8
4,48333	81,8
4,50000	81,7
4,51667	81,7
4,53333	81,7
4,55000	81,7
4,56667	81,6
4,58333	81,6
4,60000	81,6
4,61667	81,5
4,63333	81,5
4,65000	81,5
4,66667	81,4
4,68333	81,4
4,70000	81,3
4,71667	81,3
4,73333	81,3
4,75000	81,2
4,76667	81,1
4,78333	81,1
4,80000	81,0
4,81667	81,0
4,83333	80,9
4,85000	80,9
4,86667	80,9
4,88333	80,8
4,90000	80,8
4,91667	80,8
4,93333	80,8
4,95000	80,8
4,96667	80,8
4,98333	80,8
5,00000	80,7
5,01667	80,8
5,03333	80,7
5,05000	80,8
5,06667	80,9
5,08333	81,0
5,10000	81,0
5,11667	81,0
5,13333	81,0
5,15000	81,1
5,16667	81,1
5,18333	81,2
5,20000	81,2
5,21667	81,2
5,23333	81,2
5,25000	81,2
5,26667	81,2
5,28333	81,2
5,30000	81,2
5,31667	81,2
5,33333	81,3
5,35000	81,3
5,36667	81,2
5,38333	81,3
5,40000	81,3
5,41667	81,3
5,43333	81,3
5,45000	81,3
5,46667	81,3
5,48333	81,4
5,50000	81,3
5,51667	81,3
5,53333	81,4
5,55000	81,4
5,56667	81,3
5,58333	81,4
5,60000	81,3
5,61667	81,4
5,63333	81,4
5,65000	81,4
5,66667	81,3
5,68333	81,4
5,70000	81,3
5,71667	81,4
5,73333	81,3
5,75000	81,3
5,76667	81,5
5,78333	81,4
5,80000	81,5
5,81667	81,5
5,83333	81,4
5,85000	81,5
5,86667	81,4
5,88333	81,5
5,90000	81,5
5,91667	81,5
5,93333	81,6
5,95000	81,5
5,96667	81,5
5,98333	81,6
6,00000	81,5
6,01667	81,5
6,03333	81,5
6,05000	81,5
6,06667	81,5
6,08333	81,5
6,10000	81,5
6,11667	81,5
6,13333	81,5
6,15000	81,5
6,16667	81,6
6,18333	81,5
6,20000	81,6
6,21667	81,5
6,23333	81,6
6,25000	81,7
6,26667	81,5
6,28333	81,6
6,30000	81,6
6,31667	81,6
6,33333	81,6
6,35000	81,6
6,36667	81,6
6,38333	81,6
6,40000	81,7
6,41667	81,7
6,43333	81,6
6,45000	81,6
6,46667	81,7
6,48333	81,6
6,50000	81,7
6,51667	81,7
6,53333	81,7
6,55000	81,7
6,56667	81,7
6,58333	81,8
6,60000	81,7
6,61667	81,8
6,63333	81,7
6,65000	81,7
6,66667	81,7
6,68333	81,7
6,70000	81,7
6,71667	81,8
6,73333	81,7
6,75000	81,7
6,76667	81,7
6,78333	81,7
6,80000	81,8
6,81667	81,8
6,83333	81,8
6,85000	81,8
6,86667	81,8
6,88333	81,8
6,90000	81,8
6,91667	81,8
6,93333	81,7
6,95000	81,8
6,96667	81,8
6,98333	81,8
7,00000	81,8
7,01667	81,8
7,03333	81,8
7,05000	81,8
7,06667	81,8
7,08333	81,8
7,10000	81,8
7,11667	81,8
7,13333	81,8
7,15000	81,8
7,16667	81,8
7,18333	81,9
7,20000	81,8
7,21667	81,9
7,23333	81,9
7,25000	81,9
7,26667	81,9
7,28333	81,8
7,30000	81,9
7,31667	81,8
7,33333	81,8
7,35000	81,9
7,36667	81,8
7,38333	81,9
7,40000	81,8
7,41667	81,9
7,43333	81,8
7,45000	81,9
7,46667	82,0
7,48333	81,9
7,50000	81,9
7,51667	81,8
7,53333	81,9
7,55000	81,9
7,56667	81,9
7,58333	81,9
7,60000	81,9
7,61667	81,9
7,63333	81,9
7,65000	81,9
7,66667	81,9
7,68333	81,9
7,70000	81,9
7,71667	81,9
7,73333	81,9
7,75000	82,0
7,76667	81,9
7,78333	81,9
7,80000	81,9
7,81667	81,9
7,83333	81,9
7,85000	82,0
7,86667	81,9
7,88333	81,9
7,90000	81,9
7,91667	82,0
7,93333	81,9
7,95000	81,9
7,96667	81,9
7,98333	82,0
8,00000	81,9
8,01667	81,9
8,03333	81,9
8,05000	81,9
8,06667	81,9
8,08333	81,9
8,10000	81,9
8,11667	82,0
8,13333	82,0
8,15000	82,0
8,16667	82,0
8,18333	81,9
8,20000	82,0
8,21667	81,9
8,23333	81,9
8,25000	81,9
8,26667	82,0
8,28333	82,0
8,30000	81,9
8,31667	81,9
8,33333	82,0
8,35000	82,0
8,36667	81,9
8,38333	81,9
8,40000	81,9
8,41667	82,0
8,43333	81,9
8,45000	81,9
8,46667	81,9
8,48333	82,0
8,50000	82,0
8,51667	81,9
8,53333	82,0
8,55000	81,9
8,56667	82,0
8,58333	82,0
8,60000	82,0
8,61667	81,9
8,63333	82,0
8,65000	82,0
8,66667	82,0
8,68333	81,9
8,70000	82,0
8,71667	81,9
8,73333	82,0
8,75000	82,0
8,76667	82,0
8,78333	82,0
8,80000	82,0
8,81667	82,0
8,83333	82,0
8,85000	82,0
8,86667	82,0
8,88333	81,9
8,90000	81,9
8,91667	82,0
8,93333	81,9
8,95000	81,9
8,96667	81,9
8,98333	81,9
9,00000	81,9
9,01667	81,9
9,03333	81,9
9,05000	81,9
9,06667	81,9
9,08333	81,9
9,10000	81,9
9,11667	82,0
9,13333	82,0
9,15000	82,0
9,16667	81,9
9,18333	81,9
9,20000	82,0
9,21667	81,9
9,23333	81,9
9,25000	81,9
9,26667	82,0
9,28333	81,9
9,30000	81,9
9,31667	81,9
9,33333	81,9
9,35000	81,9
9,36667	81,9
9,38333	81,9
9,40000	81,9
9,41667	81,9
9,43333	81,9
9,45000	81,9
9,46667	81,9
9,48333	81,9
9,50000	81,9
9,51667	81,9
9,53333	81,9
9,55000	81,9
9,56667	81,9
9,58333	81,9
9,60000	81,9
9,61667	81,9
9,63333	81,9
9,65000	81,8
9,66667	81,8
9,68333	81,9
9,70000	81,8
9,71667	81,9
9,73333	81,9
9,75000	81,8
9,76667	81,8
9,78333	81,9
9,80000	81,8
9,81667	81,9
9,83333	81,9
9,85000	81,9
9,86667	81,8
9,88333	81,8
9,90000	81,8
9,91667	81,8
9,93333	81,8
9,95000	81,8
9,96667	81,9
9,98333	81,8
10,00000	81,9
10,01667	81,9
10,03333	81,9
10,05000	81,9
10,06667	81,8
10,08333	81,9
10,10000	81,8
10,11667	81,8
10,13333	81,8
10,15000	81,8
10,16667	81,8
10,18333	81,7
10,20000	81,8
10,21667	81,7
10,23333	81,8
10,25000	81,8
10,26667	81,8
10,28333	81,8
10,30000	81,8
10,31667	81,8
10,33333	81,7
10,35000	81,7
10,36667	81,8
10,38333	81,8
10,40000	81,8
10,41667	81,7
10,43333	81,8
10,45000	81,8
10,46667	81,7
10,48333	81,7
10,50000	81,8
10,51667	81,7
10,53333	81,7
10,55000	81,7
10,56667	81,8
10,58333	81,7
10,60000	81,7
10,61667	81,7
10,63333	81,7
10,65000	81,7
10,66667	81,7
10,68333	81,7
10,70000	81,7
10,71667	81,6
10,73333	81,7
10,75000	81,7
10,76667	81,7
10,78333	81,7
10,80000	81,7
10,81667	81,7
10,83333	81,6
10,85000	81,7
10,86667	81,7
10,88333	81,6
10,90000	81,7
10,91667	81,7
10,93333	81,6
10,95000	81,7
10,96667	81,7
10,98333	81,7
11,00000	81,6
11,01667	81,7
11,03333	81,6
11,05000	81,6
11,06667	81,6
11,08333	81,6
11,10000	81,6
11,11667	81,6
11,13333	81,7
11,15000	81,7
11,16667	81,7
11,18333	81,6
11,20000	81,6
11,21667	81,6
11,23333	81,6
11,25000	81,6
11,26667	81,6
11,28333	81,6
11,30000	81,6
11,31667	81,6
11,33333	81,5
11,35000	81,6
11,36667	81,6
11,38333	81,6
11,40000	81,6
11,41667	81,6
11,43333	81,6
11,45000	81,6
11,46667	81,6
11,48333	81,6
11,50000	81,5
11,51667	81,6
11,53333	81,5
11,55000	81,5
11,56667	81,6
11,58333	81,5
11,60000	81,5
11,61667	81,5
11,63333	81,5
11,65000	81,5
11,66667	81,5
11,68333	81,6
11,70000	81,5
11,71667	81,5
11,73333	81,5
11,75000	81,5
11,76667	81,5
11,78333	81,5
11,80000	81,6
11,81667	81,5
11,83333	81,5
11,85000	81,5
11,86667	81,5
11,88333	81,5
11,90000	81,4
11,91667	81,5
11,93333	81,5
11,95000	81,5
11,96667	81,5
11,98333	81,5
12,00000	81,4
12,01667	81,4
12,03333	81,4
12,05000	81,5
12,06667	81,4
12,08333	81,5
12,10000	81,5
12,11667	81,5
12,13333	81,4
12,15000	81,5
12,16667	81,4
12,18333	81,4
12,20000	81,4
12,21667	81,4
12,23333	81,4
12,25000	81,4
12,26667	81,4
12,28333	81,4
12,30000	81,3
12,31667	81,4
12,33333	81,3
12,35000	81,4
12,36667	81,4
12,38333	81,4
12,40000	81,4
12,41667	81,4
12,43333	81,3
12,45000	81,4
12,46667	81,4
12,48333	81,4
12,50000	81,4
12,51667	81,4
12,53333	81,4
12,55000	81,4
12,56667	81,4
12,58333	81,4
12,60000	81,3
12,61667	81,4
12,63333	81,4
12,65000	81,4
12,66667	81,4
12,68333	81,3
12,70000	81,3
12,71667	81,3
12,73333	81,3
12,75000	81,4
12,76667	81,3
12,78333	81,3
12,80000	81,3
12,81667	81,3
12,83333	81,3
12,85000	81,3
12,86667	81,3
12,88333	81,3
12,90000	81,3
12,91667	81,3
12,93333	81,3
12,95000	81,3
12,96667	81,3
12,98333	81,4
13,00000	81,3
13,01667	81,3
13,03333	81,3
13,05000	81,3
13,06667	81,3
13,08333	81,3
13,10000	81,3
13,11667	81,3
13,13333	81,2
13,15000	81,3
13,16667	81,3
13,18333	81,3
13,20000	81,3
13,21667	81,3
13,23333	81,2
13,25000	81,3
13,26667	81,2
13,28333	81,3
13,30000	81,3
13,31667	81,3
13,33333	81,3
13,35000	81,3
13,36667	81,3
13,38333	81,3
13,40000	81,2
13,41667	81,3
13,43333	81,3
13,45000	81,3
13,46667	81,3
13,48333	81,2
13,50000	81,2
13,51667	81,3
13,53333	81,3
13,55000	81,3
13,56667	81,3
13,58333	81,3
13,60000	81,2
13,61667	81,2
13,63333	81,2
13,65000	81,3
13,66667	81,2
13,68333	81,3
13,70000	81,3
13,71667	81,3
13,73333	81,2
13,75000	81,2
13,76667	81,2
13,78333	81,2
13,80000	81,1
13,81667	81,2
13,83333	81,2
13,85000	81,2
13,86667	81,2
13,88333	81,2
13,90000	81,2
13,91667	81,3
13,93333	81,2
13,95000	81,2
13,96667	81,2
13,98333	81,3
14,00000	81,2
14,01667	81,2
14,03333	81,2
14,05000	81,3
14,06667	81,2
14,08333	81,2
14,10000	81,2
14,11667	81,2
14,13333	81,2
14,15000	81,2
14,16667	81,2
14,18333	81,2
14,20000	81,2
14,21667	81,2
14,23333	81,2
14,25000	81,2
14,26667	81,1
14,28333	81,1
14,30000	81,2
14,31667	81,2
14,33333	81,1
14,35000	81,2
14,36667	81,2
14,38333	81,2
14,40000	81,2
14,41667	81,2
14,43333	81,2
14,45000	81,2
14,46667	81,2
14,48333	81,2
14,50000	81,2
14,51667	81,2
14,53333	81,2
14,55000	81,2
14,56667	81,1
14,58333	81,2
14,60000	81,1
14,61667	81,2
14,63333	81,1
14,65000	81,1
14,66667	81,1
14,68333	81,1
14,70000	81,2
14,71667	81,1
14,73333	81,1
14,75000	81,1
14,76667	81,2
14,78333	81,2
14,80000	81,2
14,81667	81,2
14,83333	81,1
14,85000	81,1
14,86667	81,1
14,88333	81,2
14,90000	81,1
14,91667	81,1
14,93333	81,1
14,95000	81,1
14,96667	81,1
14,98333	81,2
15,00000	81,1
15,01667	81,1
15,03333	81,1
15,05000	81,1
15,06667	81,1
15,08333	81,1
15,10000	81,1
15,11667	81,1
15,13333	81,1
15,15000	81,1
15,16667	81,1
15,18333	81,1
15,20000	81,1
15,21667	81,1
15,23333	81,1
15,25000	81,1
15,26667	81,0
15,28333	81,1
15,30000	81,1
15,31667	81,1
15,33333	81,1
15,35000	81,1
15,36667	81,1
15,38333	81,1
15,40000	81,1
15,41667	81,1
15,43333	81,1
15,45000	81,1
15,46667	81,1
15,48333	81,2
15,50000	81,1
15,51667	81,1
15,53333	81,1
15,55000	81,0
15,56667	81,1
15,58333	81,1
15,60000	81,1
15,61667	81,1
15,63333	81,1
15,65000	81,1
15,66667	81,1
15,68333	81,0
15,70000	81,1
15,71667	81,1
15,73333	81,1
15,75000	81,1
15,76667	81,1
15,78333	81,1
15,80000	81,1
15,81667	81,1
15,83333	81,1
15,85000	81,1
15,86667	81,1
15,88333	81,1
15,90000	81,1
15,91667	81,1
15,93333	81,1
15,95000	81,1
15,96667	81,1
15,98333	81,1
16,00000	81,1
16,01667	81,1
16,03333	81,1
16,05000	81,1
16,06667	81,1
16,08333	81,1
16,10000	81,1
16,11667	81,1
16,13333	81,0
16,15000	81,0
16,16667	81,1
16,18333	81,1
16,20000	81,1
16,21667	81,1
16,23333	81,1
16,25000	81,1
16,26667	81,1
16,28333	81,1
16,30000	81,1
16,31667	81,1
16,33333	81,0
16,35000	81,1
16,36667	81,1
16,38333	81,1
16,40000	81,1
16,41667	81,1
16,43333	81,1
16,45000	81,1
16,46667	81,0
16,48333	81,1
16,50000	81,0
16,51667	81,0
16,53333	81,1
16,55000	81,1
16,56667	81,1
16,58333	81,0
16,60000	81,0
16,61667	81,0
16,63333	81,1
16,65000	81,1
16,66667	81,0
16,68333	81,0
16,70000	81,1
16,71667	81,1
16,73333	81,0
16,75000	81,0
16,76667	81,0
16,78333	81,0
16,80000	81,0
16,81667	81,1
16,83333	81,1
16,85000	81,1
16,86667	81,0
16,88333	81,1
16,90000	81,0
16,91667	81,1
16,93333	81,1
16,95000	81,1
16,96667	81,1
16,98333	81,1
17,00000	81,1
17,01667	81,1
17,03333	81,1
17,05000	81,1
17,06667	81,1
17,08333	81,0
17,10000	81,1
17,11667	81,0
17,13333	81,0
17,15000	81,0
17,16667	81,0
17,18333	81,0
17,20000	81,0
17,21667	81,0
17,23333	81,0
17,25000	81,0
17,26667	81,1
17,28333	81,0
17,30000	81,0
17,31667	81,0
17,33333	81,0
17,35000	81,0
17,36667	81,0
17,38333	81,0
17,40000	81,0
17,41667	81,0
17,43333	81,0
17,45000	81,0
17,46667	81,0
17,48333	81,0
17,50000	81,0
17,51667	81,0
17,53333	81,0
17,55000	81,0
17,56667	81,0
17,58333	81,0
17,60000	81,0
17,61667	81,0
17,63333	81,0
17,65000	81,0
17,66667	81,0
17,68333	80,9
17,70000	81,0
17,71667	81,0
17,73333	81,0
17,75000	80,9
17,76667	80,9
17,78333	81,0
17,80000	81,0
17,81667	80,9
17,83333	80,9
17,85000	81,0
17,86667	80,9
17,88333	80,9
17,90000	80,9
17,91667	80,9
17,93333	80,9
17,95000	80,9
17,96667	80,9
17,98333	80,9
18,00000	80,9
18,01667	80,9
18,03333	80,8
18,05000	80,8
18,06667	80,9
18,08333	80,8
18,10000	80,8
18,11667	80,9
18,13333	80,9
18,15000	80,9
18,16667	80,8
18,18333	80,9
18,20000	80,9
18,21667	80,8
18,23333	80,9
18,25000	80,8
18,26667	80,9
18,28333	80,9
18,30000	80,8
18,31667	80,9
18,33333	80,8
18,35000	80,8
18,36667	80,8
18,38333	80,8
18,40000	80,8
18,41667	80,8
18,43333	80,8
18,45000	80,8
18,46667	80,8
18,48333	80,8
18,50000	80,8
18,51667	80,8
18,53333	80,7
18,55000	80,8
18,56667	80,8
18,58333	80,8
18,60000	80,7
18,61667	80,8
18,63333	80,8
18,65000	80,7
18,66667	80,8
18,68333	80,7
18,70000	80,7
18,71667	80,7
18,73333	80,7
18,75000	80,7
18,76667	80,7
18,78333	80,8
18,80000	80,6
18,81667	80,6
18,83333	80,7
18,85000	80,7
18,86667	80,7
18,88333	80,6
18,90000	80,6
18,91667	80,6
18,93333	80,6
18,95000	80,6
18,96667	80,6
18,98333	80,6
19,00000	80,6
19,01667	80,6
19,03333	80,6
19,05000	80,6
19,06667	80,6
19,08333	80,6
19,10000	80,6
19,11667	80,5
19,13333	80,5
19,15000	80,5
19,16667	80,5
19,18333	80,5
19,20000	80,5
19,21667	80,5
19,23333	80,5
19,25000	80,5
19,26667	80,5
19,28333	80,5
19,30000	80,5
19,31667	80,5
19,33333	80,5
19,35000	80,5
19,36667	80,5
19,38333	80,4
19,40000	80,4
19,41667	80,5
19,43333	80,4
19,45000	80,4
19,46667	80,4
19,48333	80,4
19,50000	80,3
19,51667	80,4
19,53333	80,4
19,55000	80,4
19,56667	80,4
19,58333	80,3
19,60000	80,3
19,61667	80,4
19,63333	80,3
19,65000	80,3
19,66667	80,4
19,68333	80,3
19,70000	80,3
19,71667	80,3
19,73333	80,3
19,75000	80,2
19,76667	80,3
19,78333	80,2
19,80000	80,3
19,81667	80,2
19,83333	80,2
19,85000	80,2
19,86667	80,2
19,88333	80,2
19,90000	80,2
19,91667	80,2
19,93333	80,2
19,95000	80,2
19,96667	80,2
19,98333	80,1
20,00000	80,1
20,01667	80,1
20,03333	80,1
20,05000	80,1
20,06667	80,1
20,08333	80,1
20,10000	80,1
20,11667	80,1
20,13333	80,0
20,15000	80,1
20,16667	80,1
20,18333	80,0
20,20000	80,0
20,21667	80,0
20,23333	80,0
20,25000	80,0
20,26667	80,0
20,28333	80,0
20,30000	80,0
20,31667	80,0
20,33333	79,9
20,35000	79,9
20,36667	79,9
20,38333	79,9
20,40000	79,9
20,41667	79,9
20,43333	79,9
20,45000	79,9
20,46667	79,8
20,48333	79,8
20,50000	79,8
20,51667	79,8
20,53333	79,8
20,55000	79,8
20,56667	79,8
20,58333	79,8
20,60000	79,8
20,61667	79,7
20,63333	79,7
20,65000	79,7
20,66667	79,7
20,68333	79,7
20,70000	79,7
20,71667	79,7
20,73333	79,7
20,75000	79,7
20,76667	79,7
20,78333	79,6
20,80000	79,6
20,81667	79,6
20,83333	79,5
20,85000	79,5
20,86667	79,5
20,88333	79,5
20,90000	79,4
20,91667	79,5
20,93333	79,4
20,95000	79,4
20,96667	79,3
20,98333	79,3
21,00000	79,3
21,01667	79,2
21,03333	79,2
21,05000	79,2
21,06667	79,2
21,08333	79,1
21,10000	79,1
21,11667	79,0
21,13333	78,9
21,15000	78,9
21,16667	79,0
21,18333	78,9
21,20000	78,8
21,21667	78,9
21,23333	78,8
21,25000	78,8
21,26667	78,7
21,28333	78,7
21,30000	78,6
21,31667	78,6
21,33333	78,5
21,35000	78,5
21,36667	78,4
21,38333	78,4
21,40000	78,3
21,41667	78,3
21,43333	78,2
21,45000	78,2
21,46667	78,1
21,48333	78,0
21,50000	78,1
21,51667	78,0
21,53333	77,9
21,55000	77,9
21,56667	77,8
21,58333	77,7
21,60000	77,7
21,61667	77,7
21,63333	77,6
21,65000	77,6
21,66667	77,5
21,68333	77,4
21,70000	77,4
21,71667	77,3
21,73333	77,3
21,75000	77,3
21,76667	77,1
21,78333	77,1
21,80000	77,0
21,81667	77,0
21,83333	77,0
21,85000	77,0
21,86667	76,8
21,88333	76,8
21,90000	76,6
21,91667	76,6
21,93333	76,6
21,95000	76,6
21,96667	76,4
21,98333	76,4
22,00000	76,3
22,01667	76,3
22,03333	76,2
22,05000	76,2
22,06667	76,0
22,08333	75,9
22,10000	75,9
22,11667	75,8
22,13333	75,8
22,15000	75,8
22,16667	75,6
22,18333	75,6
22,20000	75,5
22,21667	75,4
22,23333	75,4
22,25000	75,4
22,26667	75,2
22,28333	75,2
22,30000	75,1
22,31667	75,0
22,33333	75,0
22,35000	75,0
22,36667	74,8
22,38333	74,7
22,40000	74,6
22,41667	74,6
22,43333	74,5
22,45000	74,5
22,46667	74,3
22,48333	74,2
22,50000	74,1
22,51667	74,1
22,53333	74,0
22,55000	74,0
22,56667	73,8
22,58333	73,7
22,60000	73,7
22,61667	73,6
22,63333	73,5
22,65000	73,5
22,66667	73,3
22,68333	73,3
22,70000	73,2
22,71667	73,1
22,73333	72,9
22,75000	72,9
22,76667	72,8
22,78333	72,7
22,80000	72,6
22,81667	72,6
22,83333	72,5
22,85000	72,5
22,86667	72,3
22,88333	72,2
22,90000	72,1
22,91667	72,0
22,93333	72,0
22,95000	71,9
22,96667	71,7
22,98333	71,7
23,00000	71,6
23,01667	71,5
23,03333	71,4
23,05000	71,4
23,06667	71,2
23,08333	71,1
23,10000	71,0
23,11667	70,9
23,13333	70,7
23,15000	70,7
23,16667	70,5
23,18333	70,4
23,20000	70,3
23,21667	70,2
23,23333	70,1
23,25000	70,1
23,26667	69,9
23,28333	69,7
23,30000	69,6
23,31667	69,5
23,33333	69,3
23,35000	69,3
23,36667	69,1
23,38333	69,0
23,40000	68,8
23,41667	68,7
23,43333	68,6
23,45000	68,6
23,46667	68,3
23,48333	68,3
23,50000	68,1
23,51667	68,0
23,53333	67,9
23,55000	67,9
23,56667	67,6
23,58333	67,5
23,60000	67,4
23,61667	67,3
23,63333	67,2
23,65000	67,2
23,66667	67,0
23,68333	66,8
23,70000	66,7
23,71667	66,6
23,73333	66,5
23,75000	66,5
23,76667	66,3
23,78333	66,3
23,80000	66,1
23,81667	66,0
23,83333	65,9
23,85000	65,9
23,86667	65,7
23,88333	65,6
23,90000	65,5
23,91667	65,4
23,93333	65,3
23,95000	65,3
23,96667	65,1
23,98333	65,0
24,00000	64,9
24,01667	64,8
24,03333	64,7
24,05000	64,7
24,06667	64,5
24,08333	64,4
24,10000	64,3
24,11667	64,2
24,13333	64,1
24,15000	64,1
24,16667	63,9
24,18333	63,9
24,20000	63,8
24,21667	63,6
24,23333	63,5
24,25000	63,5
24,26667	63,4
24,28333	63,3
24,30000	63,1
24,31667	63,1
24,33333	63,0
24,35000	63,0
24,36667	62,7
24,38333	62,7
24,40000	62,6
24,41667	62,5
24,43333	62,4
24,45000	62,4
24,46667	62,2
24,48333	62,2
24,50000	62,0
24,51667	61,9
24,53333	61,8
24,55000	61,8
24,56667	61,6
24,58333	61,6
24,60000	61,5
24,61667	61,3
24,63333	61,3
24,65000	61,3
24,66667	61,0
24,68333	60,9
24,70000	60,8
24,71667	60,7
24,73333	60,6
24,75000	60,6
24,76667	60,4
24,78333	60,3
24,80000	60,2
24,81667	60,1
24,83333	60,0
24,85000	60,0
24,86667	59,8
24,88333	59,7
24,90000	59,6
24,91667	59,5
24,93333	59,4
24,95000	59,4
24,96667	59,1
24,98333	59,1
25,00000	59,0
25,01667	58,9
25,03333	58,8
25,05000	58,8
25,06667	58,6
25,08333	58,5
25,10000	58,4
25,11667	58,3
25,13333	58,3
25,15000	58,1
25,16667	57,9
25,18333	57,9
25,20000	57,8
25,21667	57,7
25,23333	57,6
25,25000	57,5
25,26667	57,3
25,28333	57,3
25,30000	57,1
25,31667	57,1
25,33333	56,9
25,35000	56,9
25,36667	56,7
25,38333	56,7
25,40000	56,5
25,41667	56,4
25,43333	56,4
25,45000	56,3
25,46667	56,2
25,48333	56,0
25,50000	56,0
25,51667	55,9
25,53333	55,8
25,55000	55,8
25,56667	55,6
25,58333	55,5
25,60000	55,4
25,61667	55,4
25,63333	55,3
25,65000	55,2
25,66667	55,1
25,68333	55,0
25,70000	54,9
25,71667	54,8
25,73333	54,7
25,75000	54,7
25,76667	54,6
25,78333	54,5
25,80000	54,5
25,81667	54,4
25,83333	54,4
25,85000	54,3
25,86667	54,2
25,88333	54,2
25,90000	54,1
25,91667	54,1
25,93333	54,0
25,95000	54,0
25,96667	53,9
25,98333	53,9
26,00000	53,9
26,01667	53,9
26,03333	53,8
26,05000	53,8
26,06667	53,8
26,08333	53,8
26,10000	53,7
26,11667	53,7
26,13333	53,7
26,15000	53,7
26,16667	53,6
26,18333	53,7
26,20000	53,6
26,21667	53,6
26,23333	53,6
26,25000	53,6
26,26667	53,7
26,28333	53,7
26,30000	53,7
26,31667	53,7
26,33333	53,7
26,35000	53,7
26,36667	53,8
26,38333	53,8
26,40000	53,8
26,41667	53,8
26,43333	53,9
26,45000	53,9
26,46667	53,9
26,48333	54,0
26,50000	54,0
26,51667	54,1
26,53333	54,2
26,55000	54,2
26,56667	54,2
26,58333	54,2
26,60000	54,3
26,61667	54,4
26,63333	54,4
26,65000	54,4
26,66667	54,5
26,68333	54,5
26,70000	54,6
26,71667	54,7
26,73333	54,7
26,75000	54,7
26,76667	54,8
26,78333	54,8
26,80000	55,0
26,81667	55,0
26,83333	55,1
26,85000	55,1
26,86667	55,2
26,88333	55,2
26,90000	55,2
26,91667	55,3
26,93333	55,4
26,95000	55,4
26,96667	55,6
26,98333	55,6
27,00000	55,6
27,01667	55,8
27,03333	55,8
27,05000	55,9
27,06667	55,9
27,08333	56,1
27,10000	56,1
27,11667	56,2
27,13333	56,3
27,15000	56,3
27,16667	56,5
27,18333	56,5
27,20000	56,6
27,21667	56,7
27,23333	56,8
27,25000	56,8
27,26667	57,0
27,28333	57,0
27,30000	57,2
27,31667	57,3
27,33333	57,4
27,35000	57,4
27,36667	57,5
27,38333	57,6
27,40000	57,7
27,41667	57,8
27,43333	57,9
27,45000	58,0
27,46667	58,1
27,48333	58,2
27,50000	58,3
27,51667	58,4
27,53333	58,5
27,55000	58,5
27,56667	58,8
27,58333	58,8
27,60000	59,0
27,61667	59,0
27,63333	59,2
27,65000	59,2
27,66667	59,4
27,68333	59,4
27,70000	59,6
27,71667	59,8
27,73333	60,0
27,75000	60,0
27,76667	60,2
27,78333	60,3
27,80000	60,4
27,81667	60,5
27,83333	60,6
27,85000	60,7
27,86667	60,9
27,88333	61,0
27,90000	61,1
27,91667	61,3
27,93333	61,3
27,95000	61,4
27,96667	61,7
27,98333	61,6
28,00000	61,8
28,01667	61,9
28,03333	62,1
28,05000	62,1
28,06667	62,3
28,08333	62,3
28,10000	62,4
28,11667	62,6
28,13333	62,6
28,15000	62,7
28,16667	63,0
28,18333	63,1
28,20000	63,1
28,21667	63,3
28,23333	63,3
28,25000	63,3
28,26667	63,5
28,28333	63,7
28,30000	63,8
28,31667	63,8
28,33333	63,9
28,35000	64,0
28,36667	64,1
28,38333	64,2
28,40000	64,4
28,41667	64,5
28,43333	64,6
28,45000	64,6
28,46667	64,8
28,48333	64,9
28,50000	65,0
28,51667	65,2
28,53333	65,2
28,55000	65,2
28,56667	65,5
28,58333	65,6
28,60000	65,7
28,61667	65,8
28,63333	65,8
28,65000	65,9
28,66667	66,0
28,68333	66,2
28,70000	66,4
28,71667	66,4
28,73333	66,4
28,75000	66,4
28,76667	66,7
28,78333	66,7
28,80000	66,8
28,81667	67,0
28,83333	67,1
28,85000	67,1
28,86667	67,3
28,88333	67,4
28,90000	67,4
28,91667	67,5
28,93333	67,7
28,95000	67,7
28,96667	67,9
28,98333	68,0
29,00000	68,0
29,01667	68,1
29,03333	68,2
29,05000	68,3
29,06667	68,5
29,08333	68,6
29,10000	68,7
29,11667	68,7
29,13333	68,8
29,15000	68,8
29,16667	69,1
29,18333	69,1
29,20000	69,2
29,21667	69,3
29,23333	69,4
29,25000	69,4
29,26667	69,5
29,28333	69,5
29,30000	69,7
29,31667	69,8
29,33333	69,9
29,35000	69,9
29,36667	70,0
29,38333	70,0
29,40000	70,2
29,41667	70,2
29,43333	70,3
29,45000	70,3
29,46667	70,4
29,48333	70,5
29,50000	70,6
29,51667	70,7
29,53333	70,9
29,55000	70,9
29,56667	71,1
29,58333	71,1
29,60000	71,2
29,61667	71,4
29,63333	71,5
29,65000	71,5
29,66667	71,7
29,68333	71,8
29,70000	72,0
29,71667	72,1
29,73333	72,1
29,75000	72,2
29,76667	72,4
29,78333	72,5
29,80000	72,7
29,81667	72,8
29,83333	72,8
29,85000	72,9
29,86667	73,1
29,88333	73,1
29,90000	73,3
29,91667	73,5
29,93333	73,5
29,95000	73,5
29,96667	73,8
29,98333	73,9
30,00000	73,9
30,01667	74,0
30,03333	74,3
30,05000	74,3
30,06667	74,4
30,08333	74,5
30,10000	74,6
30,11667	74,7
30,13333	74,6
30,15000	74,7
30,16667	75,0
30,18333	75,0
30,20000	75,2
30,21667	75,2
30,23333	75,3
30,25000	75,2
30,26667	75,4
30,28333	75,5
30,30000	75,6
30,31667	75,7
30,33333	75,8
30,35000	75,8
30,36667	75,9
30,38333	75,9
30,40000	76,1
30,41667	76,1
30,43333	76,2
30,45000	76,2
30,46667	76,4
30,48333	76,3
30,50000	76,4
30,51667	76,5
30,53333	76,6
30,55000	76,6
30,56667	76,7
30,58333	76,9
30,60000	76,8
30,61667	76,9
30,63333	76,9
30,65000	76,9
30,66667	77,1
30,68333	77,1
30,70000	77,2
30,71667	77,3
30,73333	77,2
30,75000	77,2
30,76667	77,4
30,78333	77,4
30,80000	77,5
30,81667	77,6
30,83333	77,7
30,85000	77,7
30,86667	77,7
30,88333	77,7
30,90000	77,9
30,91667	77,9
30,93333	77,9
30,95000	77,9
30,96667	78,0
30,98333	78,0
31,00000	78,1
31,01667	78,2
31,03333	78,2
31,05000	78,2
31,06667	78,3
31,08333	78,3
31,10000	78,3
31,11667	78,3
31,13333	78,5
31,15000	78,5
31,16667	78,5
31,18333	78,6
31,20000	78,6
31,21667	78,7
31,23333	78,6
31,25000	78,6
31,26667	78,8
31,28333	78,8
31,30000	78,9
31,31667	78,9
31,33333	79,0
31,35000	78,9
31,36667	79,0
31,38333	79,0
31,40000	79,1
31,41667	79,1
31,43333	79,1
31,45000	79,1
31,46667	79,1
31,48333	79,1
31,50000	79,2
31,51667	79,3
31,53333	79,3
31,55000	79,3
31,56667	79,4
31,58333	79,4
31,60000	79,4
31,61667	79,4
31,63333	79,4
31,65000	79,5
31,66667	79,5
31,68333	79,6
31,70000	79,6
31,71667	79,6
31,73333	79,6
31,75000	79,6
31,76667	79,7
31,78333	79,7
31,80000	79,7
31,81667	79,7
31,83333	79,8
31,85000	79,8
31,86667	79,8
31,88333	79,8
31,90000	79,8
31,91667	79,9
31,93333	79,9
31,95000	79,9
31,96667	79,9
31,98333	79,9
32,00000	79,9

[LC Status Trace(Pump A Degasser Pressure)]
Interval(msec)	1000
# of Points	1921
Start Time(min)	0,000
End Time(min)	32,000
Intensity Units	bar
Intensity Multiplier	0,980665
R.Time (min)	Intensity
0,00000	953,4
0,01667	953,4
0,03333	953,4
0,05000	953,4
0,06667	953,4
0,08333	953,4
0,10000	954,4
0,11667	954,4
0,13333	954,4
0,15000	954,4
0,16667	954,4
0,18333	954,4
0,20000	953,4
0,21667	953,4
0,23333	953,4
0,25000	953,4
0,26667	953,4
0,28333	953,4
0,30000	954,4
0,31667	954,4
0,33333	954,4
0,35000	954,4
0,36667	954,4
0,38333	954,4
0,40000	954,4
0,41667	954,4
0,43333	954,4
0,45000	954,4
0,46667	953,4
0,48333	953,4
0,50000	955,4
0,51667	955,4
0,53333	955,4
0,55000	955,4
0,56667	953,4
0,58333	953,4
0,60000	953,4
0,61667	953,4
0,63333	953,4
0,65000	953,4
0,66667	954,4
0,68333	954,4
0,70000	954,4
0,71667	954,4
0,73333	954,4
0,75000	954,4
0,76667	954,4
0,78333	954,4
0,80000	953,4
0,81667	953,4
0,83333	953,4
0,85000	953,4
0,86667	954,4
0,88333	954,4
0,90000	953,4
0,91667	953,4
0,93333	953,4
0,95000	953,4
0,96667	953,4
0,98333	953,4
1,00000	954,4
1,01667	954,4
1,03333	954,4
1,05000	954,4
1,06667	954,4
1,08333	954,4
1,10000	953,4
1,11667	953,4
1,13333	953,4
1,15000	953,4
1,16667	955,4
1,18333	955,4
1,20000	954,4
1,21667	954,4
1,23333	954,4
1,25000	954,4
1,26667	954,4
1,28333	954,4
1,30000	954,4
1,31667	954,4
1,33333	954,4
1,35000	954,4
1,36667	954,4
1,38333	954,4
1,40000	954,4
1,41667	954,4
1,43333	954,4
1,45000	954,4
1,46667	954,4
1,48333	954,4
1,50000	954,4
1,51667	953,4
1,53333	953,4
1,55000	953,4
1,56667	955,4
1,58333	955,4
1,60000	954,4
1,61667	954,4
1,63333	954,4
1,65000	954,4
1,66667	954,4
1,68333	954,4
1,70000	954,4
1,71667	954,4
1,73333	954,4
1,75000	954,4
1,76667	953,4
1,78333	953,4
1,80000	955,4
1,81667	955,4
1,83333	955,4
1,85000	955,4
1,86667	954,4
1,88333	954,4
1,90000	954,4
1,91667	954,4
1,93333	954,4
1,95000	954,4
1,96667	953,4
1,98333	953,4
2,00000	954,4
2,01667	954,4
2,03333	954,4
2,05000	954,4
2,06667	955,4
2,08333	955,4
2,10000	953,4
2,11667	953,4
2,13333	953,4
2,15000	953,4
2,16667	954,4
2,18333	954,4
2,20000	953,4
2,21667	953,4
2,23333	953,4
2,25000	953,4
2,26667	953,4
2,28333	953,4
2,30000	955,4
2,31667	955,4
2,33333	955,4
2,35000	955,4
2,36667	954,4
2,38333	954,4
2,40000	954,4
2,41667	954,4
2,43333	954,4
2,45000	954,4
2,46667	953,4
2,48333	953,4
2,50000	954,4
2,51667	954,4
2,53333	954,4
2,55000	954,4
2,56667	954,4
2,58333	954,4
2,60000	954,4
2,61667	954,4
2,63333	954,4
2,65000	954,4
2,66667	953,4
2,68333	953,4
2,70000	953,4
2,71667	953,4
2,73333	953,4
2,75000	953,4
2,76667	955,4
2,78333	955,4
2,80000	954,4
2,81667	954,4
2,83333	954,4
2,85000	954,4
2,86667	954,4
2,88333	954,4
2,90000	954,4
2,91667	954,4
2,93333	954,4
2,95000	954,4
2,96667	953,4
2,98333	953,4
3,00000	953,4
3,01667	955,4
3,03333	955,4
3,05000	955,4
3,06667	954,4
3,08333	954,4
3,10000	954,4
3,11667	954,4
3,13333	954,4
3,15000	954,4
3,16667	953,4
3,18333	953,4
3,20000	953,4
3,21667	953,4
3,23333	953,4
3,25000	953,4
3,26667	955,4
3,28333	955,4
3,30000	954,4
3,31667	954,4
3,33333	954,4
3,35000	954,4
3,36667	954,4
3,38333	954,4
3,40000	954,4
3,41667	953,4
3,43333	953,4
3,45000	953,4
3,46667	954,4
3,48333	954,4
3,50000	954,4
3,51667	954,4
3,53333	954,4
3,55000	954,4
3,56667	954,4
3,58333	954,4
3,60000	954,4
3,61667	954,4
3,63333	954,4
3,65000	954,4
3,66667	953,4
3,68333	953,4
3,70000	954,4
3,71667	954,4
3,73333	954,4
3,75000	954,4
3,76667	954,4
3,78333	954,4
3,80000	954,4
3,81667	954,4
3,83333	954,4
3,85000	954,4
3,86667	954,4
3,88333	954,4
3,90000	953,4
3,91667	953,4
3,93333	953,4
3,95000	953,4
3,96667	954,4
3,98333	954,4
4,00000	954,4
4,01667	954,4
4,03333	954,4
4,05000	954,4
4,06667	954,4
4,08333	954,4
4,10000	953,4
4,11667	953,4
4,13333	953,4
4,15000	953,4
4,16667	953,4
4,18333	953,4
4,20000	953,4
4,21667	955,4
4,23333	955,4
4,25000	955,4
4,26667	953,4
4,28333	953,4
4,30000	954,4
4,31667	954,4
4,33333	954,4
4,35000	954,4
4,36667	953,4
4,38333	953,4
4,40000	954,4
4,41667	954,4
4,43333	954,4
4,45000	954,4
4,46667	955,4
4,48333	955,4
4,50000	954,4
4,51667	954,4
4,53333	954,4
4,55000	954,4
4,56667	954,4
4,58333	954,4
4,60000	953,4
4,61667	953,4
4,63333	953,4
4,65000	953,4
4,66667	954,4
4,68333	954,4
4,70000	954,4
4,71667	954,4
4,73333	954,4
4,75000	954,4
4,76667	954,4
4,78333	954,4
4,80000	953,4
4,81667	953,4
4,83333	953,4
4,85000	953,4
4,86667	954,4
4,88333	954,4
4,90000	954,4
4,91667	954,4
4,93333	954,4
4,95000	954,4
4,96667	954,4
4,98333	954,4
5,00000	954,4
5,01667	954,4
5,03333	954,4
5,05000	954,4
5,06667	953,4
5,08333	953,4
5,10000	954,4
5,11667	954,4
5,13333	954,4
5,15000	954,4
5,16667	954,4
5,18333	954,4
5,20000	954,4
5,21667	954,4
5,23333	954,4
5,25000	954,4
5,26667	954,4
5,28333	954,4
5,30000	954,4
5,31667	953,4
5,33333	953,4
5,35000	953,4
5,36667	955,4
5,38333	955,4
5,40000	954,4
5,41667	954,4
5,43333	954,4
5,45000	954,4
5,46667	954,4
5,48333	954,4
5,50000	954,4
5,51667	954,4
5,53333	954,4
5,55000	954,4
5,56667	953,4
5,58333	953,4
5,60000	954,4
5,61667	954,4
5,63333	954,4
5,65000	954,4
5,66667	953,4
5,68333	953,4
5,70000	953,4
5,71667	954,4
5,73333	954,4
5,75000	954,4
5,76667	953,4
5,78333	953,4
5,80000	953,4
5,81667	953,4
5,83333	953,4
5,85000	953,4
5,86667	954,4
5,88333	954,4
5,90000	953,4
5,91667	953,4
5,93333	953,4
5,95000	953,4
5,96667	953,4
5,98333	953,4
6,00000	953,4
6,01667	953,4
6,03333	953,4
6,05000	953,4
6,06667	955,4
6,08333	955,4
6,10000	954,4
6,11667	954,4
6,13333	954,4
6,15000	954,4
6,16667	954,4
6,18333	954,4
6,20000	953,4
6,21667	953,4
6,23333	953,4
6,25000	953,4
6,26667	953,4
6,28333	953,4
6,30000	954,4
6,31667	954,4
6,33333	954,4
6,35000	954,4
6,36667	954,4
6,38333	954,4
6,40000	954,4
6,41667	954,4
6,43333	954,4
6,45000	954,4
6,46667	953,4
6,48333	953,4
6,50000	953,4
6,51667	954,4
6,53333	954,4
6,55000	954,4
6,56667	954,4
6,58333	954,4
6,60000	953,4
6,61667	953,4
6,63333	953,4
6,65000	953,4
6,66667	954,4
6,68333	954,4
6,70000	953,4
6,71667	953,4
6,73333	953,4
6,75000	953,4
6,76667	955,4
6,78333	955,4
6,80000	954,4
6,81667	954,4
6,83333	954,4
6,85000	954,4
6,86667	954,4
6,88333	954,4
6,90000	954,4
6,91667	954,4
6,93333	954,4
6,95000	954,4
6,96667	953,4
6,98333	953,4
7,00000	955,4
7,01667	955,4
7,03333	955,4
7,05000	955,4
7,06667	954,4
7,08333	954,4
7,10000	954,4
7,11667	954,4
7,13333	954,4
7,15000	954,4
7,16667	953,4
7,18333	953,4
7,20000	954,4
7,21667	954,4
7,23333	954,4
7,25000	954,4
7,26667	954,4
7,28333	954,4
7,30000	954,4
7,31667	954,4
7,33333	954,4
7,35000	954,4
7,36667	953,4
7,38333	953,4
7,40000	953,4
7,41667	953,4
7,43333	953,4
7,45000	953,4
7,46667	954,4
7,48333	954,4
7,50000	954,4
7,51667	954,4
7,53333	954,4
7,55000	954,4
7,56667	954,4
7,58333	954,4
7,60000	953,4
7,61667	953,4
7,63333	953,4
7,65000	953,4
7,66667	954,4
7,68333	954,4
7,70000	954,4
7,71667	954,4
7,73333	954,4
7,75000	954,4
7,76667	954,4
7,78333	954,4
7,80000	953,4
7,81667	953,4
7,83333	953,4
7,85000	953,4
7,86667	954,4
7,88333	954,4
7,90000	954,4
7,91667	954,4
7,93333	954,4
7,95000	954,4
7,96667	954,4
7,98333	954,4
8,00000	954,4
8,01667	954,4
8,03333	954,4
8,05000	954,4
8,06667	953,4
8,08333	953,4
8,10000	954,4
8,11667	954,4
8,13333	954,4
8,15000	954,4
8,16667	954,4
8,18333	954,4
8,20000	954,4
8,21667	954,4
8,23333	954,4
8,25000	954,4
8,26667	953,4
8,28333	953,4
8,30000	954,4
8,31667	954,4
8,33333	954,4
8,35000	954,4
8,36667	954,4
8,38333	954,4
8,40000	954,4
8,41667	954,4
8,43333	954,4
8,45000	954,4
8,46667	954,4
8,48333	954,4
8,50000	953,4
8,51667	953,4
8,53333	953,4
8,55000	953,4
8,56667	955,4
8,58333	955,4
8,60000	954,4
8,61667	954,4
8,63333	954,4
8,65000	954,4
8,66667	954,4
8,68333	954,4
8,70000	953,4
8,71667	953,4
8,73333	953,4
8,75000	953,4
8,76667	954,4
8,78333	954,4
8,80000	954,4
8,81667	954,4
8,83333	954,4
8,85000	954,4
8,86667	954,4
8,88333	954,4
8,90000	954,4
8,91667	954,4
8,93333	954,4
8,95000	954,4
8,96667	953,4
8,98333	953,4
9,00000	955,4
9,01667	955,4
9,03333	955,4
9,05000	955,4
9,06667	954,4
9,08333	954,4
9,10000	954,4
9,11667	954,4
9,13333	954,4
9,15000	954,4
9,16667	953,4
9,18333	953,4
9,20000	953,4
9,21667	954,4
9,23333	954,4
9,25000	954,4
9,26667	954,4
9,28333	954,4
9,30000	953,4
9,31667	953,4
9,33333	953,4
9,35000	953,4
9,36667	954,4
9,38333	954,4
9,40000	953,4
9,41667	953,4
9,43333	953,4
9,45000	953,4
9,46667	955,4
9,48333	955,4
9,50000	954,4
9,51667	954,4
9,53333	954,4
9,55000	954,4
9,56667	954,4
9,58333	954,4
9,60000	954,4
9,61667	953,4
9,63333	953,4
9,65000	953,4
9,66667	953,4
9,68333	953,4
9,70000	954,4
9,71667	954,4
9,73333	954,4
9,75000	954,4
9,76667	953,4
9,78333	953,4
9,80000	954,4
9,81667	954,4
9,83333	954,4
9,85000	954,4
9,86667	953,4
9,88333	953,4
9,90000	954,4
9,91667	954,4
9,93333	954,4
9,95000	954,4
9,96667	954,4
9,98333	954,4
10,00000	954,4
10,01667	954,4
10,03333	954,4
10,05000	954,4
10,06667	954,4
10,08333	954,4
10,10000	953,4
10,11667	953,4
10,13333	953,4
10,15000	953,4
10,16667	954,4
10,18333	954,4
10,20000	954,4
10,21667	954,4
10,23333	954,4
10,25000	954,4
10,26667	954,4
10,28333	954,4
10,30000	954,4
10,31667	954,4
10,33333	954,4
10,35000	954,4
10,36667	953,4
10,38333	953,4
10,40000	955,4
10,41667	955,4
10,43333	955,4
10,45000	955,4
10,46667	954,4
10,48333	954,4
10,50000	954,4
10,51667	954,4
10,53333	954,4
10,55000	954,4
10,56667	953,4
10,58333	953,4
10,60000	955,4
10,61667	955,4
10,63333	955,4
10,65000	955,4
10,66667	954,4
10,68333	954,4
10,70000	954,4
10,71667	954,4
10,73333	954,4
10,75000	954,4
10,76667	953,4
10,78333	953,4
10,80000	953,4
10,81667	953,4
10,83333	953,4
10,85000	953,4
10,86667	955,4
10,88333	955,4
10,90000	954,4
10,91667	954,4
10,93333	954,4
10,95000	954,4
10,96667	954,4
10,98333	954,4
11,00000	953,4
11,01667	953,4
11,03333	953,4
11,05000	953,4
11,06667	953,4
11,08333	953,4
11,10000	953,4
11,11667	954,4
11,13333	954,4
11,15000	954,4
11,16667	953,4
11,18333	953,4
11,20000	954,4
11,21667	954,4
11,23333	954,4
11,25000	954,4
11,26667	953,4
11,28333	953,4
11,30000	954,4
11,31667	954,4
11,33333	954,4
11,35000	954,4
11,36667	954,4
11,38333	954,4
11,40000	954,4
11,41667	954,4
11,43333	954,4
11,45000	954,4
11,46667	953,4
11,48333	953,4
11,50000	953,4
11,51667	953,4
11,53333	953,4
11,55000	953,4
11,56667	954,4
11,58333	954,4
11,60000	954,4
11,61667	954,4
11,63333	954,4
11,65000	954,4
11,66667	954,4
11,68333	954,4
11,70000	953,4
11,71667	953,4
11,73333	953,4
11,75000	953,4
11,76667	954,4
11,78333	954,4
11,80000	954,4
11,81667	954,4
11,83333	954,4
11,85000	954,4
11,86667	954,4
11,88333	954,4
11,90000	954,4
11,91667	953,4
11,93333	953,4
11,95000	953,4
11,96667	953,4
11,98333	953,4
12,00000	954,4
12,01667	954,4
12,03333	954,4
12,05000	954,4
12,06667	953,4
12,08333	953,4
12,10000	954,4
12,11667	954,4
12,13333	954,4
12,15000	954,4
12,16667	953,4
12,18333	953,4
12,20000	954,4
12,21667	954,4
12,23333	954,4
12,25000	954,4
12,26667	954,4
12,28333	954,4
12,30000	954,4
12,31667	954,4
12,33333	954,4
12,35000	954,4
12,36667	953,4
12,38333	953,4
12,40000	954,4
12,41667	954,4
12,43333	954,4
12,45000	954,4
12,46667	955,4
12,48333	955,4
12,50000	953,4
12,51667	953,4
12,53333	953,4
12,55000	953,4
12,56667	954,4
12,58333	954,4
12,60000	953,4
12,61667	953,4
12,63333	953,4
12,65000	953,4
12,66667	955,4
12,68333	955,4
12,70000	954,4
12,71667	954,4
12,73333	954,4
12,75000	954,4
12,76667	954,4
12,78333	954,4
12,80000	953,4
12,81667	953,4
12,83333	953,4
12,85000	953,4
12,86667	953,4
12,88333	953,4
12,90000	954,4
12,91667	954,4
12,93333	954,4
12,95000	954,4
12,96667	954,4
12,98333	954,4
13,00000	954,4
13,01667	954,4
13,03333	954,4
13,05000	954,4
13,06667	952,4
13,08333	952,4
13,10000	954,4
13,11667	954,4
13,13333	954,4
13,15000	954,4
13,16667	954,4
13,18333	954,4
13,20000	954,4
13,21667	954,4
13,23333	954,4
13,25000	954,4
13,26667	953,4
13,28333	953,4
13,30000	954,4
13,31667	954,4
13,33333	954,4
13,35000	954,4
13,36667	955,4
13,38333	955,4
13,40000	954,4
13,41667	954,4
13,43333	954,4
13,45000	954,4
13,46667	954,4
13,48333	954,4
13,50000	953,4
13,51667	953,4
13,53333	953,4
13,55000	953,4
13,56667	954,4
13,58333	954,4
13,60000	954,4
13,61667	954,4
13,63333	954,4
13,65000	954,4
13,66667	953,4
13,68333	953,4
13,70000	953,4
13,71667	953,4
13,73333	953,4
13,75000	953,4
13,76667	953,4
13,78333	953,4
13,80000	954,4
13,81667	954,4
13,83333	954,4
13,85000	954,4
13,86667	954,4
13,88333	954,4
13,90000	954,4
13,91667	954,4
13,93333	954,4
13,95000	954,4
13,96667	953,4
13,98333	953,4
14,00000	954,4
14,01667	954,4
14,03333	954,4
14,05000	954,4
14,06667	954,4
14,08333	954,4
14,10000	954,4
14,11667	954,4
14,13333	954,4
14,15000	954,4
14,16667	953,4
14,18333	953,4
14,20000	954,4
14,21667	954,4
14,23333	954,4
14,25000	954,4
14,26667	954,4
14,28333	954,4
14,30000	954,4
14,31667	954,4
14,33333	954,4
14,35000	954,4
14,36667	953,4
14,38333	953,4
14,40000	953,4
14,41667	953,4
14,43333	953,4
14,45000	953,4
14,46667	954,4
14,48333	954,4
14,50000	954,4
14,51667	954,4
14,53333	954,4
14,55000	954,4
14,56667	954,4
14,58333	954,4
14,60000	953,4
14,61667	953,4
14,63333	953,4
14,65000	953,4
14,66667	954,4
14,68333	954,4
14,70000	954,4
14,71667	954,4
14,73333	954,4
14,75000	954,4
14,76667	954,4
14,78333	954,4
14,80000	953,4
14,81667	953,4
14,83333	953,4
14,85000	953,4
14,86667	954,4
14,88333	954,4
14,90000	954,4
14,91667	954,4
14,93333	954,4
14,95000	954,4
14,96667	954,4
14,98333	954,4
15,00000	954,4
15,01667	954,4
15,03333	954,4
15,05000	954,4
15,06667	953,4
15,08333	953,4
15,10000	955,4
15,11667	955,4
15,13333	955,4
15,15000	955,4
15,16667	954,4
15,18333	954,4
15,20000	954,4
15,21667	954,4
15,23333	954,4
15,25000	954,4
15,26667	953,4
15,28333	953,4
15,30000	954,4
15,31667	954,4
15,33333	954,4
15,35000	954,4
15,36667	954,4
15,38333	954,4
15,40000	954,4
15,41667	954,4
15,43333	954,4
15,45000	954,4
15,46667	953,4
15,48333	953,4
15,50000	954,4
15,51667	954,4
15,53333	954,4
15,55000	954,4
15,56667	954,4
15,58333	954,4
15,60000	953,4
15,61667	953,4
15,63333	953,4
15,65000	953,4
15,66667	954,4
15,68333	954,4
15,70000	953,4
15,71667	953,4
15,73333	953,4
15,75000	953,4
15,76667	954,4
15,78333	954,4
15,80000	954,4
15,81667	954,4
15,83333	954,4
15,85000	954,4
15,86667	954,4
15,88333	954,4
15,90000	953,4
15,91667	953,4
15,93333	953,4
15,95000	953,4
15,96667	954,4
15,98333	954,4
16,00000	954,4
16,01667	954,4
16,03333	954,4
16,05000	954,4
16,06667	954,4
16,08333	954,4
16,10000	954,4
16,11667	953,4
16,13333	953,4
16,15000	953,4
16,16667	954,4
16,18333	954,4
16,20000	954,4
16,21667	954,4
16,23333	954,4
16,25000	954,4
16,26667	954,4
16,28333	954,4
16,30000	954,4
16,31667	954,4
16,33333	954,4
16,35000	954,4
16,36667	953,4
16,38333	953,4
16,40000	954,4
16,41667	954,4
16,43333	954,4
16,45000	954,4
16,46667	954,4
16,48333	954,4
16,50000	954,4
16,51667	954,4
16,53333	954,4
16,55000	954,4
16,56667	953,4
16,58333	953,4
16,60000	954,4
16,61667	954,4
16,63333	954,4
16,65000	954,4
16,66667	954,4
16,68333	954,4
16,70000	954,4
16,71667	954,4
16,73333	954,4
16,75000	954,4
16,76667	953,4
16,78333	953,4
16,80000	953,4
16,81667	953,4
16,83333	953,4
16,85000	953,4
16,86667	954,4
16,88333	954,4
16,90000	954,4
16,91667	954,4
16,93333	954,4
16,95000	954,4
16,96667	954,4
16,98333	954,4
17,00000	953,4
17,01667	953,4
17,03333	953,4
17,05000	953,4
17,06667	954,4
17,08333	954,4
17,10000	954,4
17,11667	954,4
17,13333	954,4
17,15000	954,4
17,16667	954,4
17,18333	954,4
17,20000	953,4
17,21667	953,4
17,23333	953,4
17,25000	953,4
17,26667	954,4
17,28333	954,4
17,30000	954,4
17,31667	954,4
17,33333	954,4
17,35000	954,4
17,36667	954,4
17,38333	954,4
17,40000	953,4
17,41667	953,4
17,43333	953,4
17,45000	953,4
17,46667	954,4
17,48333	954,4
17,50000	954,4
17,51667	954,4
17,53333	954,4
17,55000	954,4
17,56667	954,4
17,58333	954,4
17,60000	953,4
17,61667	953,4
17,63333	953,4
17,65000	953,4
17,66667	953,4
17,68333	953,4
17,70000	953,4
17,71667	955,4
17,73333	955,4
17,75000	955,4
17,76667	954,4
17,78333	954,4
17,80000	954,4
17,81667	954,4
17,83333	954,4
17,85000	954,4
17,86667	953,4
17,88333	953,4
17,90000	954,4
17,91667	954,4
17,93333	954,4
17,95000	954,4
17,96667	954,4
17,98333	954,4
18,00000	954,4
18,01667	954,4
18,03333	954,4
18,05000	954,4
18,06667	953,4
18,08333	953,4
18,10000	954,4
18,11667	954,4
18,13333	954,4
18,15000	954,4
18,16667	954,4
18,18333	954,4
18,20000	954,4
18,21667	954,4
18,23333	954,4
18,25000	954,4
18,26667	953,4
18,28333	953,4
18,30000	954,4
18,31667	954,4
18,33333	954,4
18,35000	954,4
18,36667	954,4
18,38333	954,4
18,40000	954,4
18,41667	954,4
18,43333	954,4
18,45000	954,4
18,46667	954,4
18,48333	954,4
18,50000	953,4
18,51667	953,4
18,53333	953,4
18,55000	953,4
18,56667	954,4
18,58333	954,4
18,60000	954,4
18,61667	954,4
18,63333	954,4
18,65000	954,4
18,66667	954,4
18,68333	954,4
18,70000	953,4
18,71667	953,4
18,73333	953,4
18,75000	953,4
18,76667	954,4
18,78333	954,4
18,80000	954,4
18,81667	954,4
18,83333	954,4
18,85000	954,4
18,86667	954,4
18,88333	954,4
18,90000	954,4
18,91667	954,4
18,93333	954,4
18,95000	954,4
18,96667	953,4
18,98333	953,4
19,00000	954,4
19,01667	954,4
19,03333	954,4
19,05000	954,4
19,06667	954,4
19,08333	954,4
19,10000	954,4
19,11667	954,4
19,13333	954,4
19,15000	954,4
19,16667	953,4
19,18333	953,4
19,20000	953,4
19,21667	954,4
19,23333	954,4
19,25000	954,4
19,26667	954,4
19,28333	954,4
19,30000	954,4
19,31667	954,4
19,33333	954,4
19,35000	954,4
19,36667	954,4
19,38333	954,4
19,40000	953,4
19,41667	953,4
19,43333	953,4
19,45000	953,4
19,46667	954,4
19,48333	954,4
19,50000	954,4
19,51667	954,4
19,53333	954,4
19,55000	954,4
19,56667	954,4
19,58333	954,4
19,60000	954,4
19,61667	953,4
19,63333	953,4
19,65000	953,4
19,66667	954,4
19,68333	954,4
19,70000	954,4
19,71667	954,4
19,73333	954,4
19,75000	954,4
19,76667	953,4
19,78333	953,4
19,80000	953,4
19,81667	953,4
19,83333	953,4
19,85000	953,4
19,86667	955,4
19,88333	955,4
19,90000	954,4
19,91667	954,4
19,93333	954,4
19,95000	954,4
19,96667	954,4
19,98333	954,4
20,00000	954,4
20,01667	953,4
20,03333	953,4
20,05000	953,4
20,06667	953,4
20,08333	953,4
20,10000	954,4
20,11667	954,4
20,13333	954,4
20,15000	954,4
20,16667	954,4
20,18333	954,4
20,20000	954,4
20,21667	954,4
20,23333	954,4
20,25000	954,4
20,26667	953,4
20,28333	953,4
20,30000	954,4
20,31667	954,4
20,33333	954,4
20,35000	954,4
20,36667	953,4
20,38333	953,4
20,40000	953,4
20,41667	954,4
20,43333	954,4
20,45000	954,4
20,46667	952,4
20,48333	952,4
20,50000	954,4
20,51667	954,4
20,53333	954,4
20,55000	954,4
20,56667	953,4
20,58333	953,4
20,60000	954,4
20,61667	954,4
20,63333	954,4
20,65000	954,4
20,66667	953,4
20,68333	953,4
20,70000	954,4
20,71667	954,4
20,73333	954,4
20,75000	954,4
20,76667	954,4
20,78333	954,4
20,80000	954,4
20,81667	954,4
20,83333	954,4
20,85000	954,4
20,86667	953,4
20,88333	953,4
20,90000	955,4
20,91667	955,4
20,93333	955,4
20,95000	955,4
20,96667	954,4
20,98333	954,4
21,00000	954,4
21,01667	954,4
21,03333	954,4
21,05000	954,4
21,06667	953,4
21,08333	953,4
21,10000	954,4
21,11667	954,4
21,13333	954,4
21,15000	954,4
21,16667	954,4
21,18333	954,4
21,20000	954,4
21,21667	954,4
21,23333	954,4
21,25000	954,4
21,26667	953,4
21,28333	953,4
21,30000	954,4
21,31667	954,4
21,33333	954,4
21,35000	954,4
21,36667	954,4
21,38333	954,4
21,40000	954,4
21,41667	954,4
21,43333	954,4
21,45000	954,4
21,46667	953,4
21,48333	953,4
21,50000	953,4
21,51667	954,4
21,53333	954,4
21,55000	954,4
21,56667	954,4
21,58333	954,4
21,60000	954,4
21,61667	954,4
21,63333	954,4
21,65000	954,4
21,66667	953,4
21,68333	953,4
21,70000	954,4
21,71667	954,4
21,73333	954,4
21,75000	954,4
21,76667	954,4
21,78333	954,4
21,80000	954,4
21,81667	954,4
21,83333	954,4
21,85000	954,4
21,86667	953,4
21,88333	953,4
21,90000	953,4
21,91667	954,4
21,93333	954,4
21,95000	954,4
21,96667	954,4
21,98333	954,4
22,00000	954,4
22,01667	954,4
22,03333	954,4
22,05000	954,4
22,06667	953,4
22,08333	953,4
22,10000	954,4
22,11667	954,4
22,13333	954,4
22,15000	954,4
22,16667	954,4
22,18333	954,4
22,20000	954,4
22,21667	954,4
22,23333	954,4
22,25000	954,4
22,26667	953,4
22,28333	953,4
22,30000	953,4
22,31667	954,4
22,33333	954,4
22,35000	954,4
22,36667	954,4
22,38333	954,4
22,40000	954,4
22,41667	954,4
22,43333	954,4
22,45000	954,4
22,46667	953,4
22,48333	953,4
22,50000	954,4
22,51667	954,4
22,53333	954,4
22,55000	954,4
22,56667	953,4
22,58333	953,4
22,60000	954,4
22,61667	954,4
22,63333	954,4
22,65000	954,4
22,66667	953,4
22,68333	953,4
22,70000	953,4
22,71667	954,4
22,73333	954,4
22,75000	954,4
22,76667	954,4
22,78333	954,4
22,80000	954,4
22,81667	954,4
22,83333	954,4
22,85000	954,4
22,86667	953,4
22,88333	953,4
22,90000	954,4
22,91667	954,4
22,93333	954,4
22,95000	954,4
22,96667	953,4
22,98333	953,4
23,00000	953,4
23,01667	953,4
23,03333	953,4
23,05000	953,4
23,06667	954,4
23,08333	954,4
23,10000	954,4
23,11667	954,4
23,13333	954,4
23,15000	954,4
23,16667	954,4
23,18333	954,4
23,20000	952,4
23,21667	952,4
23,23333	952,4
23,25000	952,4
23,26667	954,4
23,28333	954,4
23,30000	954,4
23,31667	954,4
23,33333	954,4
23,35000	954,4
23,36667	954,4
23,38333	954,4
23,40000	953,4
23,41667	953,4
23,43333	953,4
23,45000	953,4
23,46667	954,4
23,48333	954,4
23,50000	954,4
23,51667	954,4
23,53333	954,4
23,55000	954,4
23,56667	953,4
23,58333	953,4
23,60000	954,4
23,61667	954,4
23,63333	954,4
23,65000	954,4
23,66667	954,4
23,68333	954,4
23,70000	954,4
23,71667	954,4
23,73333	954,4
23,75000	954,4
23,76667	953,4
23,78333	953,4
23,80000	954,4
23,81667	954,4
23,83333	954,4
23,85000	954,4
23,86667	954,4
23,88333	954,4
23,90000	953,4
23,91667	953,4
23,93333	953,4
23,95000	953,4
23,96667	954,4
23,98333	954,4
24,00000	954,4
24,01667	954,4
24,03333	954,4
24,05000	954,4
24,06667	954,4
24,08333	954,4
24,10000	953,4
24,11667	953,4
24,13333	953,4
24,15000	953,4
24,16667	954,4
24,18333	954,4
24,20000	954,4
24,21667	954,4
24,23333	954,4
24,25000	954,4
24,26667	954,4
24,28333	954,4
24,30000	953,4
24,31667	953,4
24,33333	953,4
24,35000	953,4
24,36667	954,4
24,38333	954,4
24,40000	954,4
24,41667	954,4
24,43333	954,4
24,45000	954,4
24,46667	954,4
24,48333	954,4
24,50000	953,4
24,51667	953,4
24,53333	953,4
24,55000	953,4
24,56667	954,4
24,58333	954,4
24,60000	954,4
24,61667	954,4
24,63333	954,4
24,65000	954,4
24,66667	953,4
24,68333	953,4
24,70000	954,4
24,71667	954,4
24,73333	954,4
24,75000	954,4
24,76667	953,4
24,78333	953,4
24,80000	954,4
24,81667	954,4
24,83333	954,4
24,85000	954,4
24,86667	953,4
24,88333	953,4
24,90000	954,4
24,91667	954,4
24,93333	954,4
24,95000	954,4
24,96667	954,4
24,98333	954,4
25,00000	954,4
25,01667	953,4
25,03333	953,4
25,05000	953,4
25,06667	954,4
25,08333	954,4
25,10000	954,4
25,11667	954,4
25,13333	954,4
25,15000	954,4
25,16667	954,4
25,18333	954,4
25,20000	953,4
25,21667	953,4
25,23333	953,4
25,25000	953,4
25,26667	954,4
25,28333	954,4
25,30000	953,4
25,31667	953,4
25,33333	953,4
25,35000	953,4
25,36667	953,4
25,38333	953,4
25,40000	953,4
25,41667	953,4
25,43333	953,4
25,45000	953,4
25,46667	954,4
25,48333	954,4
25,50000	954,4
25,51667	954,4
25,53333	954,4
25,55000	954,4
25,56667	953,4
25,58333	953,4
25,60000	954,4
25,61667	954,4
25,63333	954,4
25,65000	954,4
25,66667	954,4
25,68333	954,4
25,70000	954,4
25,71667	954,4
25,73333	954,4
25,75000	954,4
25,76667	953,4
25,78333	953,4
25,80000	953,4
25,81667	954,4
25,83333	954,4
25,85000	954,4
25,86667	954,4
25,88333	954,4
25,90000	954,4
25,91667	954,4
25,93333	954,4
25,95000	954,4
25,96667	953,4
25,98333	953,4
26,00000	954,4
26,01667	954,4
26,03333	954,4
26,05000	954,4
26,06667	953,4
26,08333	953,4
26,10000	954,4
26,11667	954,4
26,13333	954,4
26,15000	954,4
26,16667	953,4
26,18333	953,4
26,20000	954,4
26,21667	954,4
26,23333	954,4
26,25000	954,4
26,26667	954,4
26,28333	954,4
26,30000	954,4
26,31667	954,4
26,33333	954,4
26,35000	954,4
26,36667	953,4
26,38333	953,4
26,40000	954,4
26,41667	954,4
26,43333	954,4
26,45000	954,4
26,46667	954,4
26,48333	954,4
26,50000	954,4
26,51667	954,4
26,53333	954,4
26,55000	954,4
26,56667	953,4
26,58333	953,4
26,60000	954,4
26,61667	954,4
26,63333	954,4
26,65000	954,4
26,66667	954,4
26,68333	954,4
26,70000	954,4
26,71667	954,4
26,73333	954,4
26,75000	954,4
26,76667	953,4
26,78333	953,4
26,80000	954,4
26,81667	954,4
26,83333	954,4
26,85000	954,4
26,86667	954,4
26,88333	954,4
26,90000	954,4
26,91667	954,4
26,93333	954,4
26,95000	954,4
26,96667	953,4
26,98333	953,4
27,00000	954,4
27,01667	954,4
27,03333	954,4
27,05000	954,4
27,06667	954,4
27,08333	954,4
27,10000	954,4
27,11667	954,4
27,13333	954,4
27,15000	954,4
27,16667	952,4
27,18333	952,4
27,20000	954,4
27,21667	954,4
27,23333	954,4
27,25000	954,4
27,26667	954,4
27,28333	954,4
27,30000	954,4
27,31667	954,4
27,33333	954,4
27,35000	954,4
27,36667	954,4
27,38333	954,4
27,40000	953,4
27,41667	953,4
27,43333	953,4
27,45000	953,4
27,46667	954,4
27,48333	954,4
27,50000	954,4
27,51667	954,4
27,53333	954,4
27,55000	954,4
27,56667	954,4
27,58333	954,4
27,60000	953,4
27,61667	953,4
27,63333	953,4
27,65000	953,4
27,66667	954,4
27,68333	954,4
27,70000	954,4
27,71667	954,4
27,73333	954,4
27,75000	954,4
27,76667	954,4
27,78333	954,4
27,80000	952,4
27,81667	952,4
27,83333	952,4
27,85000	952,4
27,86667	955,4
27,88333	955,4
27,90000	954,4
27,91667	954,4
27,93333	954,4
27,95000	954,4
27,96667	953,4
27,98333	953,4
28,00000	953,4
28,01667	953,4
28,03333	953,4
28,05000	953,4
28,06667	954,4
28,08333	954,4
28,10000	954,4
28,11667	954,4
28,13333	954,4
28,15000	954,4
28,16667	954,4
28,18333	954,4
28,20000	954,4
28,21667	954,4
28,23333	954,4
28,25000	954,4
28,26667	953,4
28,28333	953,4
28,30000	954,4
28,31667	954,4
28,33333	954,4
28,35000	954,4
28,36667	954,4
28,38333	954,4
28,40000	954,4
28,41667	954,4
28,43333	954,4
28,45000	954,4
28,46667	953,4
28,48333	953,4
28,50000	954,4
28,51667	954,4
28,53333	954,4
28,55000	954,4
28,56667	954,4
28,58333	954,4
28,60000	954,4
28,61667	954,4
28,63333	954,4
28,65000	954,4
28,66667	953,4
28,68333	953,4
28,70000	953,4
28,71667	953,4
28,73333	953,4
28,75000	953,4
28,76667	955,4
28,78333	955,4
28,80000	954,4
28,81667	954,4
28,83333	954,4
28,85000	954,4
28,86667	954,4
28,88333	954,4
28,90000	953,4
28,91667	953,4
28,93333	953,4
28,95000	953,4
28,96667	954,4
28,98333	954,4
29,00000	954,4
29,01667	954,4
29,03333	954,4
29,05000	954,4
29,06667	954,4
29,08333	954,4
29,10000	954,4
29,11667	954,4
29,13333	954,4
29,15000	954,4
29,16667	953,4
29,18333	953,4
29,20000	955,4
29,21667	955,4
29,23333	955,4
29,25000	955,4
29,26667	954,4
29,28333	954,4
29,30000	954,4
29,31667	954,4
29,33333	954,4
29,35000	954,4
29,36667	953,4
29,38333	953,4
29,40000	954,4
29,41667	954,4
29,43333	954,4
29,45000	954,4
29,46667	954,4
29,48333	954,4
29,50000	954,4
29,51667	954,4
29,53333	954,4
29,55000	954,4
29,56667	954,4
29,58333	954,4
29,60000	953,4
29,61667	953,4
29,63333	953,4
29,65000	953,4
29,66667	954,4
29,68333	954,4
29,70000	954,4
29,71667	954,4
29,73333	954,4
29,75000	954,4
29,76667	954,4
29,78333	954,4
29,80000	953,4
29,81667	953,4
29,83333	953,4
29,85000	953,4
29,86667	953,4
29,88333	953,4
29,90000	954,4
29,91667	954,4
29,93333	954,4
29,95000	954,4
29,96667	954,4
29,98333	954,4
30,00000	954,4
30,01667	954,4
30,03333	954,4
30,05000	954,4
30,06667	953,4
30,08333	953,4
30,10000	954,4
30,11667	954,4
30,13333	954,4
30,15000	954,4
30,16667	954,4
30,18333	954,4
30,20000	954,4
30,21667	954,4
30,23333	954,4
30,25000	954,4
30,26667	954,4
30,28333	954,4
30,30000	953,4
30,31667	953,4
30,33333	953,4
30,35000	953,4
30,36667	954,4
30,38333	954,4
30,40000	954,4
30,41667	954,4
30,43333	954,4
30,45000	954,4
30,46667	953,4
30,48333	953,4
30,50000	953,4
30,51667	953,4
30,53333	953,4
30,55000	953,4
30,56667	953,4
30,58333	953,4
30,60000	954,4
30,61667	954,4
30,63333	954,4
30,65000	954,4
30,66667	953,4
30,68333	953,4
30,70000	954,4
30,71667	954,4
30,73333	954,4
30,75000	954,4
30,76667	953,4
30,78333	953,4
30,80000	953,4
30,81667	953,4
30,83333	953,4
30,85000	953,4
30,86667	954,4
30,88333	954,4
30,90000	954,4
30,91667	954,4
30,93333	954,4
30,95000	954,4
30,96667	954,4
30,98333	954,4
31,00000	952,4
31,01667	952,4
31,03333	952,4
31,05000	952,4
31,06667	954,4
31,08333	954,4
31,10000	954,4
31,11667	954,4
31,13333	954,4
31,15000	954,4
31,16667	954,4
31,18333	954,4
31,20000	954,4
31,21667	953,4
31,23333	953,4
31,25000	953,4
31,26667	954,4
31,28333	954,4
31,30000	954,4
31,31667	954,4
31,33333	954,4
31,35000	954,4
31,36667	954,4
31,38333	954,4
31,40000	953,4
31,41667	953,4
31,43333	953,4
31,45000	953,4
31,46667	954,4
31,48333	954,4
31,50000	955,4
31,51667	955,4
31,53333	955,4
31,55000	955,4
31,56667	954,4
31,58333	954,4
31,60000	954,4
31,61667	954,4
31,63333	954,4
31,65000	954,4
31,66667	953,4
31,68333	953,4
31,70000	954,4
31,71667	954,4
31,73333	954,4
31,75000	954,4
31,76667	954,4
31,78333	954,4
31,80000	954,4
31,81667	954,4
31,83333	954,4
31,85000	954,4
31,86667	953,4
31,88333	953,4
31,90000	953,4
31,91667	953,4
31,93333	953,4
31,95000	953,4
31,96667	954,4
31,98333	954,4
32,00000	954,4

[LC Status Trace(Pump B Pressure)]
Interval(msec)	1000
# of Points	1921
Start Time(min)	0,000
End Time(min)	32,000
Intensity Units	bar
Intensity Multiplier	0,980665
R.Time (min)	Intensity
0,00000	79,6
0,01667	79,6
0,03333	78,0
0,05000	78,5
0,06667	79,1
0,08333	79,5
0,10000	80,3
0,11667	80,7
0,13333	80,9
0,15000	80,7
0,16667	80,3
0,18333	80,2
0,20000	80,3
0,21667	80,4
0,23333	80,5
0,25000	80,5
0,26667	80,5
0,28333	80,5
0,30000	80,7
0,31667	80,7
0,33333	80,7
0,35000	80,7
0,36667	80,6
0,38333	80,6
0,40000	80,7
0,41667	80,7
0,43333	80,7
0,45000	80,6
0,46667	80,6
0,48333	80,6
0,50000	80,6
0,51667	80,6
0,53333	80,6
0,55000	80,7
0,56667	80,6
0,58333	80,6
0,60000	80,6
0,61667	80,6
0,63333	80,7
0,65000	80,6
0,66667	80,6
0,68333	80,6
0,70000	80,5
0,71667	80,6
0,73333	80,5
0,75000	80,6
0,76667	80,6
0,78333	80,5
0,80000	80,5
0,81667	80,5
0,83333	80,6
0,85000	80,6
0,86667	80,5
0,88333	80,6
0,90000	80,5
0,91667	80,5
0,93333	80,5
0,95000	80,5
0,96667	80,5
0,98333	80,4
1,00000	80,5
1,01667	80,5
1,03333	80,5
1,05000	80,5
1,06667	80,5
1,08333	80,4
1,10000	80,4
1,11667	80,5
1,13333	80,5
1,15000	80,4
1,16667	80,5
1,18333	80,4
1,20000	80,5
1,21667	80,5
1,23333	80,5
1,25000	80,5
1,26667	80,4
1,28333	80,4
1,30000	80,5
1,31667	80,5
1,33333	80,5
1,35000	80,4
1,36667	80,4
1,38333	80,5
1,40000	80,5
1,41667	80,4
1,43333	80,5
1,45000	80,4
1,46667	80,4
1,48333	80,4
1,50000	80,4
1,51667	80,4
1,53333	80,4
1,55000	80,4
1,56667	80,4
1,58333	80,4
1,60000	80,4
1,61667	80,4
1,63333	80,4
1,65000	80,4
1,66667	80,4
1,68333	80,4
1,70000	80,3
1,71667	80,4
1,73333	80,4
1,75000	80,4
1,76667	80,3
1,78333	80,3
1,80000	80,3
1,81667	80,3
1,83333	80,3
1,85000	80,3
1,86667	80,3
1,88333	80,4
1,90000	80,3
1,91667	80,4
1,93333	80,3
1,95000	80,2
1,96667	80,3
1,98333	80,3
2,00000	80,3
2,01667	80,3
2,03333	80,3
2,05000	80,3
2,06667	80,4
2,08333	80,4
2,10000	80,2
2,11667	80,2
2,13333	80,3
2,15000	80,3
2,16667	80,2
2,18333	80,3
2,20000	80,3
2,21667	80,4
2,23333	80,3
2,25000	80,2
2,26667	80,3
2,28333	80,3
2,30000	80,3
2,31667	80,3
2,33333	80,3
2,35000	80,3
2,36667	80,3
2,38333	80,2
2,40000	80,2
2,41667	80,3
2,43333	80,3
2,45000	80,3
2,46667	80,3
2,48333	80,3
2,50000	80,3
2,51667	80,3
2,53333	80,3
2,55000	80,3
2,56667	80,4
2,58333	80,3
2,60000	80,2
2,61667	80,2
2,63333	80,3
2,65000	80,3
2,66667	80,2
2,68333	80,2
2,70000	80,3
2,71667	80,3
2,73333	80,3
2,75000	80,2
2,76667	80,4
2,78333	80,3
2,80000	80,3
2,81667	80,3
2,83333	80,3
2,85000	80,4
2,86667	80,3
2,88333	80,3
2,90000	80,4
2,91667	80,3
2,93333	80,4
2,95000	80,3
2,96667	80,4
2,98333	80,4
3,00000	80,4
3,01667	80,3
3,03333	80,4
3,05000	80,4
3,06667	80,3
3,08333	80,4
3,10000	80,4
3,11667	80,4
3,13333	80,4
3,15000	80,5
3,16667	80,4
3,18333	80,4
3,20000	80,4
3,21667	80,4
3,23333	80,5
3,25000	80,5
3,26667	80,5
3,28333	80,4
3,30000	80,5
3,31667	80,4
3,33333	80,4
3,35000	80,5
3,36667	80,5
3,38333	80,5
3,40000	80,5
3,41667	80,5
3,43333	80,5
3,45000	80,4
3,46667	80,5
3,48333	80,5
3,50000	80,5
3,51667	80,5
3,53333	80,5
3,55000	80,5
3,56667	80,5
3,58333	80,6
3,60000	80,5
3,61667	80,5
3,63333	80,5
3,65000	80,6
3,66667	80,6
3,68333	80,5
3,70000	80,5
3,71667	80,5
3,73333	80,6
3,75000	80,5
3,76667	80,6
3,78333	80,6
3,80000	80,6
3,81667	80,5
3,83333	80,6
3,85000	80,6
3,86667	80,6
3,88333	80,6
3,90000	80,7
3,91667	80,6
3,93333	80,6
3,95000	80,7
3,96667	80,6
3,98333	80,7
4,00000	80,7
4,01667	80,7
4,03333	80,6
4,05000	80,7
4,06667	80,7
4,08333	80,7
4,10000	80,7
4,11667	80,7
4,13333	80,7
4,15000	80,7
4,16667	80,7
4,18333	80,8
4,20000	80,7
4,21667	80,8
4,23333	80,8
4,25000	80,7
4,26667	80,9
4,28333	81,0
4,30000	81,2
4,31667	81,3
4,33333	81,5
4,35000	81,5
4,36667	81,5
4,38333	81,5
4,40000	81,6
4,41667	81,5
4,43333	81,6
4,45000	81,5
4,46667	81,5
4,48333	81,5
4,50000	81,4
4,51667	81,4
4,53333	81,4
4,55000	81,4
4,56667	81,3
4,58333	81,3
4,60000	81,3
4,61667	81,2
4,63333	81,2
4,65000	81,2
4,66667	81,0
4,68333	81,1
4,70000	81,1
4,71667	81,0
4,73333	80,9
4,75000	80,9
4,76667	80,7
4,78333	80,8
4,80000	80,8
4,81667	80,7
4,83333	80,7
4,85000	80,7
4,86667	80,6
4,88333	80,6
4,90000	80,6
4,91667	80,6
4,93333	80,5
4,95000	80,6
4,96667	80,5
4,98333	80,5
5,00000	80,5
5,01667	80,5
5,03333	80,5
5,05000	80,6
5,06667	80,6
5,08333	80,6
5,10000	80,7
5,11667	80,8
5,13333	80,7
5,15000	80,8
5,16667	80,8
5,18333	80,8
5,20000	80,8
5,21667	80,9
5,23333	80,9
5,25000	80,9
5,26667	80,9
5,28333	80,9
5,30000	80,9
5,31667	80,9
5,33333	80,9
5,35000	81,0
5,36667	80,9
5,38333	81,0
5,40000	81,0
5,41667	80,9
5,43333	81,0
5,45000	81,0
5,46667	81,0
5,48333	81,0
5,50000	81,0
5,51667	81,0
5,53333	81,1
5,55000	81,1
5,56667	81,0
5,58333	81,1
5,60000	81,0
5,61667	81,1
5,63333	81,1
5,65000	81,0
5,66667	81,1
5,68333	81,1
5,70000	81,1
5,71667	81,1
5,73333	81,1
5,75000	81,1
5,76667	81,2
5,78333	81,2
5,80000	81,2
5,81667	81,2
5,83333	81,2
5,85000	81,2
5,86667	81,1
5,88333	81,2
5,90000	81,2
5,91667	81,2
5,93333	81,2
5,95000	81,2
5,96667	81,2
5,98333	81,2
6,00000	81,2
6,01667	81,2
6,03333	81,2
6,05000	81,2
6,06667	81,2
6,08333	81,3
6,10000	81,3
6,11667	81,2
6,13333	81,2
6,15000	81,2
6,16667	81,3
6,18333	81,2
6,20000	81,3
6,21667	81,2
6,23333	81,3
6,25000	81,3
6,26667	81,3
6,28333	81,3
6,30000	81,3
6,31667	81,3
6,33333	81,3
6,35000	81,3
6,36667	81,3
6,38333	81,3
6,40000	81,3
6,41667	81,3
6,43333	81,3
6,45000	81,3
6,46667	81,4
6,48333	81,3
6,50000	81,4
6,51667	81,4
6,53333	81,4
6,55000	81,4
6,56667	81,4
6,58333	81,4
6,60000	81,4
6,61667	81,4
6,63333	81,4
6,65000	81,4
6,66667	81,5
6,68333	81,4
6,70000	81,4
6,71667	81,4
6,73333	81,4
6,75000	81,5
6,76667	81,4
6,78333	81,4
6,80000	81,5
6,81667	81,4
6,83333	81,5
6,85000	81,4
6,86667	81,5
6,88333	81,5
6,90000	81,5
6,91667	81,5
6,93333	81,4
6,95000	81,5
6,96667	81,4
6,98333	81,5
7,00000	81,5
7,01667	81,4
7,03333	81,5
7,05000	81,5
7,06667	81,5
7,08333	81,6
7,10000	81,5
7,11667	81,5
7,13333	81,4
7,15000	81,5
7,16667	81,5
7,18333	81,5
7,20000	81,5
7,21667	81,5
7,23333	81,6
7,25000	81,5
7,26667	81,5
7,28333	81,5
7,30000	81,6
7,31667	81,5
7,33333	81,5
7,35000	81,5
7,36667	81,5
7,38333	81,5
7,40000	81,6
7,41667	81,5
7,43333	81,6
7,45000	81,5
7,46667	81,6
7,48333	81,5
7,50000	81,6
7,51667	81,5
7,53333	81,6
7,55000	81,6
7,56667	81,6
7,58333	81,6
7,60000	81,6
7,61667	81,6
7,63333	81,5
7,65000	81,6
7,66667	81,6
7,68333	81,6
7,70000	81,6
7,71667	81,6
7,73333	81,6
7,75000	81,6
7,76667	81,7
7,78333	81,6
7,80000	81,6
7,81667	81,5
7,83333	81,6
7,85000	81,7
7,86667	81,6
7,88333	81,6
7,90000	81,6
7,91667	81,6
7,93333	81,6
7,95000	81,6
7,96667	81,6
7,98333	81,6
8,00000	81,6
8,01667	81,6
8,03333	81,6
8,05000	81,6
8,06667	81,6
8,08333	81,6
8,10000	81,6
8,11667	81,6
8,13333	81,6
8,15000	81,6
8,16667	81,6
8,18333	81,6
8,20000	81,6
8,21667	81,6
8,23333	81,6
8,25000	81,6
8,26667	81,6
8,28333	81,6
8,30000	81,6
8,31667	81,6
8,33333	81,6
8,35000	81,6
8,36667	81,6
8,38333	81,6
8,40000	81,6
8,41667	81,6
8,43333	81,5
8,45000	81,7
8,46667	81,6
8,48333	81,6
8,50000	81,6
8,51667	81,6
8,53333	81,7
8,55000	81,7
8,56667	81,6
8,58333	81,6
8,60000	81,7
8,61667	81,6
8,63333	81,6
8,65000	81,6
8,66667	81,7
8,68333	81,6
8,70000	81,6
8,71667	81,6
8,73333	81,6
8,75000	81,7
8,76667	81,6
8,78333	81,7
8,80000	81,6
8,81667	81,7
8,83333	81,6
8,85000	81,6
8,86667	81,6
8,88333	81,6
8,90000	81,6
8,91667	81,6
8,93333	81,5
8,95000	81,6
8,96667	81,6
8,98333	81,6
9,00000	81,6
9,01667	81,6
9,03333	81,6
9,05000	81,6
9,06667	81,5
9,08333	81,6
9,10000	81,6
9,11667	81,6
9,13333	81,6
9,15000	81,6
9,16667	81,6
9,18333	81,5
9,20000	81,6
9,21667	81,5
9,23333	81,6
9,25000	81,5
9,26667	81,6
9,28333	81,6
9,30000	81,5
9,31667	81,6
9,33333	81,6
9,35000	81,6
9,36667	81,5
9,38333	81,6
9,40000	81,6
9,41667	81,6
9,43333	81,5
9,45000	81,6
9,46667	81,6
9,48333	81,6
9,50000	81,6
9,51667	81,6
9,53333	81,5
9,55000	81,6
9,56667	81,6
9,58333	81,5
9,60000	81,5
9,61667	81,6
9,63333	81,5
9,65000	81,5
9,66667	81,5
9,68333	81,5
9,70000	81,5
9,71667	81,5
9,73333	81,5
9,75000	81,5
9,76667	81,5
9,78333	81,5
9,80000	81,5
9,81667	81,5
9,83333	81,5
9,85000	81,5
9,86667	81,4
9,88333	81,5
9,90000	81,5
9,91667	81,5
9,93333	81,6
9,95000	81,5
9,96667	81,5
9,98333	81,5
10,00000	81,5
10,01667	81,5
10,03333	81,5
10,05000	81,5
10,06667	81,5
10,08333	81,4
10,10000	81,5
10,11667	81,4
10,13333	81,5
10,15000	81,4
10,16667	81,5
10,18333	81,4
10,20000	81,4
10,21667	81,4
10,23333	81,5
10,25000	81,4
10,26667	81,4
10,28333	81,4
10,30000	81,5
10,31667	81,4
10,33333	81,4
10,35000	81,4
10,36667	81,4
10,38333	81,4
10,40000	81,4
10,41667	81,4
10,43333	81,4
10,45000	81,4
10,46667	81,5
10,48333	81,4
10,50000	81,4
10,51667	81,4
10,53333	81,4
10,55000	81,4
10,56667	81,4
10,58333	81,4
10,60000	81,4
10,61667	81,4
10,63333	81,4
10,65000	81,4
10,66667	81,3
10,68333	81,3
10,70000	81,4
10,71667	81,4
10,73333	81,4
10,75000	81,4
10,76667	81,4
10,78333	81,4
10,80000	81,3
10,81667	81,4
10,83333	81,4
10,85000	81,4
10,86667	81,3
10,88333	81,3
10,90000	81,3
10,91667	81,3
10,93333	81,3
10,95000	81,3
10,96667	81,3
10,98333	81,4
11,00000	81,3
11,01667	81,3
11,03333	81,3
11,05000	81,3
11,06667	81,3
11,08333	81,3
11,10000	81,3
11,11667	81,3
11,13333	81,2
11,15000	81,3
11,16667	81,3
11,18333	81,3
11,20000	81,2
11,21667	81,3
11,23333	81,2
11,25000	81,3
11,26667	81,2
11,28333	81,3
11,30000	81,2
11,31667	81,3
11,33333	81,2
11,35000	81,2
11,36667	81,3
11,38333	81,2
11,40000	81,2
11,41667	81,2
11,43333	81,2
11,45000	81,2
11,46667	81,2
11,48333	81,2
11,50000	81,2
11,51667	81,2
11,53333	81,2
11,55000	81,2
11,56667	81,2
11,58333	81,2
11,60000	81,2
11,61667	81,2
11,63333	81,1
11,65000	81,2
11,66667	81,2
11,68333	81,2
11,70000	81,2
11,71667	81,2
11,73333	81,1
11,75000	81,1
11,76667	81,2
11,78333	81,1
11,80000	81,1
11,81667	81,1
11,83333	81,1
11,85000	81,2
11,86667	81,2
11,88333	81,2
11,90000	81,1
11,91667	81,2
11,93333	81,1
11,95000	81,2
11,96667	81,1
11,98333	81,1
12,00000	81,2
12,01667	81,1
12,03333	81,1
12,05000	81,1
12,06667	81,1
12,08333	81,1
12,10000	81,1
12,11667	81,1
12,13333	81,0
12,15000	81,1
12,16667	81,1
12,18333	81,1
12,20000	81,1
12,21667	81,1
12,23333	81,0
12,25000	81,1
12,26667	81,1
12,28333	81,1
12,30000	81,0
12,31667	81,1
12,33333	81,1
12,35000	81,0
12,36667	81,1
12,38333	81,1
12,40000	81,0
12,41667	81,1
12,43333	81,1
12,45000	81,1
12,46667	81,0
12,48333	81,0
12,50000	81,0
12,51667	81,0
12,53333	81,0
12,55000	81,1
12,56667	81,0
12,58333	81,0
12,60000	81,0
12,61667	81,0
12,63333	81,0
12,65000	81,0
12,66667	81,0
12,68333	81,0
12,70000	81,0
12,71667	81,0
12,73333	81,0
12,75000	81,0
12,76667	81,0
12,78333	81,0
12,80000	80,9
12,81667	81,0
12,83333	80,9
12,85000	81,0
12,86667	81,0
12,88333	81,0
12,90000	80,9
12,91667	81,0
12,93333	80,9
12,95000	80,9
12,96667	81,0
12,98333	81,0
13,00000	81,0
13,01667	80,9
13,03333	80,9
13,05000	81,0
13,06667	80,9
13,08333	80,9
13,10000	80,9
13,11667	81,0
13,13333	80,9
13,15000	80,9
13,16667	81,0
13,18333	81,0
13,20000	80,9
13,21667	81,0
13,23333	80,9
13,25000	81,0
13,26667	80,9
13,28333	81,0
13,30000	80,9
13,31667	80,9
13,33333	81,0
13,35000	80,9
13,36667	80,9
13,38333	80,9
13,40000	80,9
13,41667	80,9
13,43333	80,9
13,45000	81,0
13,46667	80,9
13,48333	80,9
13,50000	80,9
13,51667	81,0
13,53333	80,9
13,55000	80,9
13,56667	80,9
13,58333	80,9
13,60000	80,9
13,61667	80,9
13,63333	80,9
13,65000	80,9
13,66667	80,9
13,68333	80,9
13,70000	80,8
13,71667	80,9
13,73333	80,8
13,75000	80,8
13,76667	80,8
13,78333	80,9
13,80000	80,8
13,81667	80,8
13,83333	80,8
13,85000	80,9
13,86667	80,9
13,88333	80,9
13,90000	80,8
13,91667	80,9
13,93333	80,8
13,95000	80,9
13,96667	80,9
13,98333	80,9
14,00000	80,9
14,01667	80,8
14,03333	80,8
14,05000	80,9
14,06667	80,8
14,08333	80,9
14,10000	80,8
14,11667	80,9
14,13333	80,8
14,15000	80,8
14,16667	80,9
14,18333	80,9
14,20000	80,8
14,21667	80,8
14,23333	80,8
14,25000	80,8
14,26667	80,8
14,28333	80,8
14,30000	80,8
14,31667	80,8
14,33333	80,8
14,35000	80,8
14,36667	80,8
14,38333	80,9
14,40000	80,8
14,41667	80,9
14,43333	80,8
14,45000	80,9
14,46667	80,8
14,48333	80,8
14,50000	80,8
14,51667	80,8
14,53333	80,8
14,55000	80,8
14,56667	80,8
14,58333	80,8
14,60000	80,8
14,61667	80,8
14,63333	80,8
14,65000	80,8
14,66667	80,8
14,68333	80,8
14,70000	80,8
14,71667	80,8
14,73333	80,8
14,75000	80,8
14,76667	80,8
14,78333	80,9
14,80000	80,7
14,81667	80,8
14,83333	80,8
14,85000	80,8
14,86667	80,8
14,88333	80,8
14,90000	80,8
14,91667	80,8
14,93333	80,7
14,95000	80,8
14,96667	80,8
14,98333	80,8
15,00000	80,7
15,01667	80,8
15,03333	80,7
15,05000	80,8
15,06667	80,7
15,08333	80,8
15,10000	80,7
15,11667	80,8
15,13333	80,7
15,15000	80,8
15,16667	80,8
15,18333	80,8
15,20000	80,7
15,21667	80,8
15,23333	80,7
15,25000	80,7
15,26667	80,7
15,28333	80,8
15,30000	80,7
15,31667	80,8
15,33333	80,7
15,35000	80,8
15,36667	80,8
15,38333	80,8
15,40000	80,7
15,41667	80,8
15,43333	80,7
15,45000	80,8
15,46667	80,8
15,48333	80,7
15,50000	80,7
15,51667	80,8
15,53333	80,7
15,55000	80,7
15,56667	80,7
15,58333	80,7
15,60000	80,7
15,61667	80,7
15,63333	80,7
15,65000	80,8
15,66667	80,8
15,68333	80,8
15,70000	80,7
15,71667	80,8
15,73333	80,7
15,75000	80,7
15,76667	80,7
15,78333	80,8
15,80000	80,7
15,81667	80,7
15,83333	80,7
15,85000	80,8
15,86667	80,8
15,88333	80,7
15,90000	80,7
15,91667	80,8
15,93333	80,7
15,95000	80,7
15,96667	80,7
15,98333	80,8
16,00000	80,7
16,01667	80,8
16,03333	80,7
16,05000	80,8
16,06667	80,8
16,08333	80,8
16,10000	80,7
16,11667	80,8
16,13333	80,7
16,15000	80,7
16,16667	80,8
16,18333	80,8
16,20000	80,7
16,21667	80,7
16,23333	80,7
16,25000	80,7
16,26667	80,7
16,28333	80,7
16,30000	80,7
16,31667	80,8
16,33333	80,7
16,35000	80,7
16,36667	80,7
16,38333	80,8
16,40000	80,8
16,41667	80,7
16,43333	80,8
16,45000	80,7
16,46667	80,7
16,48333	80,7
16,50000	80,7
16,51667	80,7
16,53333	80,7
16,55000	80,7
16,56667	80,7
16,58333	80,7
16,60000	80,7
16,61667	80,6
16,63333	80,8
16,65000	80,6
16,66667	80,7
16,68333	80,6
16,70000	80,7
16,71667	80,7
16,73333	80,7
16,75000	80,7
16,76667	80,6
16,78333	80,7
16,80000	80,7
16,81667	80,7
16,83333	80,7
16,85000	80,7
16,86667	80,7
16,88333	80,7
16,90000	80,7
16,91667	80,7
16,93333	80,7
16,95000	80,8
16,96667	80,7
16,98333	80,7
17,00000	80,7
17,01667	80,7
17,03333	80,7
17,05000	80,7
17,06667	80,7
17,08333	80,7
17,10000	80,7
17,11667	80,6
17,13333	80,7
17,15000	80,6
17,16667	80,6
17,18333	80,7
17,20000	80,7
17,21667	80,7
17,23333	80,6
17,25000	80,8
17,26667	80,7
17,28333	80,7
17,30000	80,7
17,31667	80,7
17,33333	80,6
17,35000	80,6
17,36667	80,7
17,38333	80,6
17,40000	80,6
17,41667	80,6
17,43333	80,7
17,45000	80,7
17,46667	80,6
17,48333	80,7
17,50000	80,6
17,51667	80,6
17,53333	80,6
17,55000	80,6
17,56667	80,6
17,58333	80,6
17,60000	80,6
17,61667	80,7
17,63333	80,6
17,65000	80,6
17,66667	80,7
17,68333	80,6
17,70000	80,6
17,71667	80,6
17,73333	80,6
17,75000	80,6
17,76667	80,6
17,78333	80,6
17,80000	80,6
17,81667	80,6
17,83333	80,6
17,85000	80,6
17,86667	80,6
17,88333	80,5
17,90000	80,6
17,91667	80,5
17,93333	80,6
17,95000	80,5
17,96667	80,5
17,98333	80,5
18,00000	80,5
18,01667	80,5
18,03333	80,5
18,05000	80,5
18,06667	80,5
18,08333	80,4
18,10000	80,5
18,11667	80,5
18,13333	80,5
18,15000	80,5
18,16667	80,5
18,18333	80,5
18,20000	80,5
18,21667	80,5
18,23333	80,5
18,25000	80,4
18,26667	80,5
18,28333	80,5
18,30000	80,5
18,31667	80,5
18,33333	80,4
18,35000	80,5
18,36667	80,5
18,38333	80,5
18,40000	80,4
18,41667	80,5
18,43333	80,4
18,45000	80,4
18,46667	80,4
18,48333	80,4
18,50000	80,4
18,51667	80,4
18,53333	80,3
18,55000	80,4
18,56667	80,4
18,58333	80,3
18,60000	80,4
18,61667	80,4
18,63333	80,4
18,65000	80,4
18,66667	80,4
18,68333	80,4
18,70000	80,3
18,71667	80,3
18,73333	80,4
18,75000	80,3
18,76667	80,3
18,78333	80,3
18,80000	80,2
18,81667	80,3
18,83333	80,3
18,85000	80,2
18,86667	80,2
18,88333	80,3
18,90000	80,3
18,91667	80,3
18,93333	80,2
18,95000	80,3
18,96667	80,2
18,98333	80,2
19,00000	80,3
19,01667	80,2
19,03333	80,2
19,05000	80,2
19,06667	80,1
19,08333	80,2
19,10000	80,2
19,11667	80,1
19,13333	80,2
19,15000	80,2
19,16667	80,1
19,18333	80,1
19,20000	80,1
19,21667	80,1
19,23333	80,1
19,25000	80,1
19,26667	80,1
19,28333	80,1
19,30000	80,1
19,31667	80,1
19,33333	80,1
19,35000	80,1
19,36667	80,1
19,38333	80,1
19,40000	80,0
19,41667	80,1
19,43333	80,0
19,45000	80,0
19,46667	80,0
19,48333	80,0
19,50000	80,0
19,51667	80,0
19,53333	80,0
19,55000	80,0
19,56667	80,0
19,58333	79,9
19,60000	80,0
19,61667	80,0
19,63333	79,9
19,65000	79,9
19,66667	79,9
19,68333	79,8
19,70000	79,9
19,71667	79,9
19,73333	79,8
19,75000	79,9
19,76667	79,9
19,78333	79,8
19,80000	79,9
19,81667	79,9
19,83333	79,8
19,85000	79,8
19,86667	79,8
19,88333	79,7
19,90000	79,8
19,91667	79,8
19,93333	79,7
19,95000	79,8
19,96667	79,8
19,98333	79,7
20,00000	79,8
20,01667	79,7
20,03333	79,7
20,05000	79,7
20,06667	79,7
20,08333	79,6
20,10000	79,7
20,11667	79,7
20,13333	79,6
20,15000	79,7
20,16667	79,6
20,18333	79,6
20,20000	79,6
20,21667	79,7
20,23333	79,6
20,25000	79,6
20,26667	79,5
20,28333	79,5
20,30000	79,5
20,31667	79,5
20,33333	79,5
20,35000	79,5
20,36667	79,5
20,38333	79,5
20,40000	79,5
20,41667	79,5
20,43333	79,5
20,45000	79,4
20,46667	79,5
20,48333	79,5
20,50000	79,4
20,51667	79,4
20,53333	79,3
20,55000	79,4
20,56667	79,3
20,58333	79,4
20,60000	79,4
20,61667	79,3
20,63333	79,3
20,65000	79,3
20,66667	79,3
20,68333	79,2
20,70000	79,2
20,71667	79,2
20,73333	79,2
20,75000	79,2
20,76667	79,2
20,78333	79,2
20,80000	79,1
20,81667	79,1
20,83333	79,1
20,85000	79,1
20,86667	79,0
20,88333	79,0
20,90000	79,0
20,91667	78,9
20,93333	78,9
20,95000	78,9
20,96667	78,8
20,98333	78,8
21,00000	78,8
21,01667	78,8
21,03333	78,7
21,05000	78,7
21,06667	78,7
21,08333	78,6
21,10000	78,5
21,11667	78,6
21,13333	78,5
21,15000	78,5
21,16667	78,4
21,18333	78,5
21,20000	78,4
21,21667	78,4
21,23333	78,3
21,25000	78,3
21,26667	78,2
21,28333	78,2
21,30000	78,1
21,31667	78,1
21,33333	78,0
21,35000	78,0
21,36667	77,9
21,38333	77,9
21,40000	77,8
21,41667	77,7
21,43333	77,7
21,45000	77,6
21,46667	77,6
21,48333	77,5
21,50000	77,5
21,51667	77,4
21,53333	77,4
21,55000	77,3
21,56667	77,3
21,58333	77,2
21,60000	77,2
21,61667	77,2
21,63333	77,1
21,65000	77,1
21,66667	77,0
21,68333	77,0
21,70000	76,9
21,71667	76,9
21,73333	76,8
21,75000	76,7
21,76667	76,6
21,78333	76,6
21,80000	76,5
21,81667	76,5
21,83333	76,4
21,85000	76,3
21,86667	76,2
21,88333	76,2
21,90000	76,2
21,91667	76,1
21,93333	76,0
21,95000	76,0
21,96667	75,9
21,98333	75,9
22,00000	75,8
22,01667	75,7
22,03333	75,6
22,05000	75,6
22,06667	75,4
22,08333	75,5
22,10000	75,4
22,11667	75,4
22,13333	75,2
22,15000	75,2
22,16667	75,1
22,18333	75,1
22,20000	74,9
22,21667	74,9
22,23333	74,8
22,25000	74,7
22,26667	74,7
22,28333	74,7
22,30000	74,6
22,31667	74,5
22,33333	74,4
22,35000	74,3
22,36667	74,2
22,38333	74,2
22,40000	74,1
22,41667	74,0
22,43333	73,9
22,45000	73,9
22,46667	73,7
22,48333	73,7
22,50000	73,6
22,51667	73,5
22,53333	73,5
22,55000	73,4
22,56667	73,2
22,58333	73,2
22,60000	73,2
22,61667	73,1
22,63333	72,9
22,65000	72,9
22,66667	72,7
22,68333	72,7
22,70000	72,6
22,71667	72,5
22,73333	72,4
22,75000	72,4
22,76667	72,2
22,78333	72,2
22,80000	72,1
22,81667	72,0
22,83333	72,0
22,85000	71,9
22,86667	71,7
22,88333	71,7
22,90000	71,6
22,91667	71,5
22,93333	71,4
22,95000	71,3
22,96667	71,1
22,98333	71,1
23,00000	71,0
23,01667	70,9
23,03333	70,8
23,05000	70,7
23,06667	70,6
23,08333	70,5
23,10000	70,4
23,11667	70,3
23,13333	70,2
23,15000	70,1
23,16667	69,9
23,18333	69,9
23,20000	69,8
23,21667	69,7
23,23333	69,6
23,25000	69,4
23,26667	69,3
23,28333	69,2
23,30000	69,1
23,31667	68,9
23,33333	68,8
23,35000	68,7
23,36667	68,5
23,38333	68,4
23,40000	68,3
23,41667	68,2
23,43333	68,0
23,45000	67,9
23,46667	67,7
23,48333	67,7
23,50000	67,6
23,51667	67,4
23,53333	67,3
23,55000	67,2
23,56667	67,1
23,58333	67,0
23,60000	66,9
23,61667	66,8
23,63333	66,7
23,65000	66,5
23,66667	66,4
23,68333	66,3
23,70000	66,2
23,71667	66,1
23,73333	66,0
23,75000	65,9
23,76667	65,7
23,78333	65,7
23,80000	65,6
23,81667	65,5
23,83333	65,4
23,85000	65,2
23,86667	65,1
23,88333	65,1
23,90000	65,0
23,91667	64,9
23,93333	64,8
23,95000	64,7
23,96667	64,5
23,98333	64,5
24,00000	64,4
24,01667	64,3
24,03333	64,2
24,05000	64,1
24,06667	63,9
24,08333	63,9
24,10000	63,8
24,11667	63,7
24,13333	63,6
24,15000	63,5
24,16667	63,4
24,18333	63,3
24,20000	63,2
24,21667	63,1
24,23333	63,0
24,25000	62,9
24,26667	62,8
24,28333	62,8
24,30000	62,7
24,31667	62,6
24,33333	62,5
24,35000	62,4
24,36667	62,2
24,38333	62,2
24,40000	62,1
24,41667	62,0
24,43333	61,9
24,45000	61,8
24,46667	61,7
24,48333	61,6
24,50000	61,5
24,51667	61,4
24,53333	61,3
24,55000	61,2
24,56667	61,1
24,58333	61,0
24,60000	60,9
24,61667	60,8
24,63333	60,7
24,65000	60,7
24,66667	60,5
24,68333	60,4
24,70000	60,3
24,71667	60,2
24,73333	60,1
24,75000	60,0
24,76667	59,8
24,78333	59,8
24,80000	59,7
24,81667	59,6
24,83333	59,5
24,85000	59,4
24,86667	59,3
24,88333	59,2
24,90000	59,1
24,91667	59,0
24,93333	58,9
24,95000	58,8
24,96667	58,6
24,98333	58,6
25,00000	58,5
25,01667	58,4
25,03333	58,3
25,05000	58,2
25,06667	58,0
25,08333	58,0
25,10000	57,9
25,11667	57,8
25,13333	57,7
25,15000	57,6
25,16667	57,5
25,18333	57,4
25,20000	57,3
25,21667	57,2
25,23333	57,1
25,25000	57,0
25,26667	56,8
25,28333	56,8
25,30000	56,7
25,31667	56,6
25,33333	56,5
25,35000	56,4
25,36667	56,3
25,38333	56,2
25,40000	56,1
25,41667	56,0
25,43333	55,9
25,45000	55,8
25,46667	55,7
25,48333	55,6
25,50000	55,5
25,51667	55,5
25,53333	55,4
25,55000	55,3
25,56667	55,2
25,58333	55,1
25,60000	55,0
25,61667	54,9
25,63333	54,8
25,65000	54,8
25,66667	54,6
25,68333	54,6
25,70000	54,5
25,71667	54,5
25,73333	54,4
25,75000	54,3
25,76667	54,2
25,78333	54,2
25,80000	54,1
25,81667	54,0
25,83333	54,0
25,85000	53,9
25,86667	53,8
25,88333	53,8
25,90000	53,7
25,91667	53,7
25,93333	53,6
25,95000	53,6
25,96667	53,6
25,98333	53,6
26,00000	53,5
26,01667	53,5
26,03333	53,5
26,05000	53,4
26,06667	53,4
26,08333	53,4
26,10000	53,4
26,11667	53,4
26,13333	53,3
26,15000	53,3
26,16667	53,3
26,18333	53,4
26,20000	53,3
26,21667	53,3
26,23333	53,3
26,25000	53,3
26,26667	53,3
26,28333	53,3
26,30000	53,3
26,31667	53,3
26,33333	53,3
26,35000	53,3
26,36667	53,4
26,38333	53,4
26,40000	53,5
26,41667	53,4
26,43333	53,5
26,45000	53,5
26,46667	53,6
26,48333	53,6
26,50000	53,7
26,51667	53,7
26,53333	53,7
26,55000	53,8
26,56667	53,9
26,58333	53,9
26,60000	54,0
26,61667	54,0
26,63333	54,1
26,65000	54,1
26,66667	54,2
26,68333	54,2
26,70000	54,3
26,71667	54,3
26,73333	54,4
26,75000	54,4
26,76667	54,5
26,78333	54,6
26,80000	54,6
26,81667	54,7
26,83333	54,7
26,85000	54,8
26,86667	54,8
26,88333	54,9
26,90000	55,0
26,91667	55,0
26,93333	55,1
26,95000	55,2
26,96667	55,3
26,98333	55,3
27,00000	55,4
27,01667	55,4
27,03333	55,5
27,05000	55,6
27,06667	55,7
27,08333	55,8
27,10000	55,8
27,11667	55,9
27,13333	56,0
27,15000	56,0
27,16667	56,2
27,18333	56,3
27,20000	56,3
27,21667	56,3
27,23333	56,5
27,25000	56,6
27,26667	56,7
27,28333	56,8
27,30000	56,9
27,31667	56,9
27,33333	57,1
27,35000	57,1
27,36667	57,3
27,38333	57,3
27,40000	57,4
27,41667	57,5
27,43333	57,6
27,45000	57,7
27,46667	57,8
27,48333	57,9
27,50000	58,0
27,51667	58,2
27,53333	58,2
27,55000	58,4
27,56667	58,5
27,58333	58,5
27,60000	58,7
27,61667	58,8
27,63333	58,9
27,65000	59,0
27,66667	59,2
27,68333	59,2
27,70000	59,4
27,71667	59,5
27,73333	59,6
27,75000	59,7
27,76667	59,9
27,78333	60,0
27,80000	60,1
27,81667	60,2
27,83333	60,3
27,85000	60,5
27,86667	60,6
27,88333	60,7
27,90000	60,8
27,91667	60,9
27,93333	61,1
27,95000	61,1
27,96667	61,4
27,98333	61,4
28,00000	61,6
28,01667	61,7
28,03333	61,8
28,05000	61,9
28,06667	62,1
28,08333	62,1
28,10000	62,2
28,11667	62,3
28,13333	62,4
28,15000	62,5
28,16667	62,7
28,18333	62,7
28,20000	62,9
28,21667	63,0
28,23333	63,1
28,25000	63,2
28,26667	63,3
28,28333	63,4
28,30000	63,5
28,31667	63,6
28,33333	63,8
28,35000	63,9
28,36667	64,0
28,38333	64,1
28,40000	64,1
28,41667	64,3
28,43333	64,4
28,45000	64,5
28,46667	64,6
28,48333	64,7
28,50000	64,8
28,51667	64,9
28,53333	65,0
28,55000	65,1
28,56667	65,3
28,58333	65,4
28,60000	65,4
28,61667	65,5
28,63333	65,6
28,65000	65,7
28,66667	65,9
28,68333	65,9
28,70000	66,0
28,71667	66,2
28,73333	66,2
28,75000	66,3
28,76667	66,4
28,78333	66,6
28,80000	66,6
28,81667	66,7
28,83333	66,9
28,85000	67,1
28,86667	67,1
28,88333	67,2
28,90000	67,2
28,91667	67,3
28,93333	67,5
28,95000	67,5
28,96667	67,7
28,98333	67,8
29,00000	67,8
29,01667	67,9
29,03333	68,1
29,05000	68,1
29,06667	68,4
29,08333	68,4
29,10000	68,5
29,11667	68,5
29,13333	68,6
29,15000	68,7
29,16667	68,9
29,18333	68,9
29,20000	69,0
29,21667	69,1
29,23333	69,2
29,25000	69,2
29,26667	69,3
29,28333	69,4
29,30000	69,5
29,31667	69,6
29,33333	69,6
29,35000	69,8
29,36667	69,8
29,38333	69,8
29,40000	69,9
29,41667	70,0
29,43333	70,2
29,45000	70,2
29,46667	70,3
29,48333	70,4
29,50000	70,3
29,51667	70,5
29,53333	70,6
29,55000	70,7
29,56667	70,9
29,58333	70,9
29,60000	71,1
29,61667	71,1
29,63333	71,2
29,65000	71,4
29,66667	71,5
29,68333	71,6
29,70000	71,8
29,71667	71,8
29,73333	71,9
29,75000	72,1
29,76667	72,2
29,78333	72,3
29,80000	72,4
29,81667	72,6
29,83333	72,7
29,85000	72,8
29,86667	72,9
29,88333	72,9
29,90000	73,1
29,91667	73,2
29,93333	73,3
29,95000	73,4
29,96667	73,6
29,98333	73,7
30,00000	73,7
30,01667	73,8
30,03333	74,0
30,05000	74,0
30,06667	74,2
30,08333	74,3
30,10000	74,4
30,11667	74,4
30,13333	74,4
30,15000	74,6
30,16667	74,8
30,18333	74,8
30,20000	74,9
30,21667	75,0
30,23333	75,0
30,25000	75,1
30,26667	75,2
30,28333	75,3
30,30000	75,4
30,31667	75,5
30,33333	75,5
30,35000	75,6
30,36667	75,7
30,38333	75,6
30,40000	75,8
30,41667	75,9
30,43333	75,9
30,45000	76,0
30,46667	76,1
30,48333	76,1
30,50000	76,1
30,51667	76,2
30,53333	76,4
30,55000	76,4
30,56667	76,5
30,58333	76,6
30,60000	76,6
30,61667	76,7
30,63333	76,7
30,65000	76,8
30,66667	76,9
30,68333	76,9
30,70000	77,0
30,71667	77,0
30,73333	77,0
30,75000	77,1
30,76667	77,2
30,78333	77,2
30,80000	77,3
30,81667	77,4
30,83333	77,4
30,85000	77,5
30,86667	77,4
30,88333	77,5
30,90000	77,6
30,91667	77,6
30,93333	77,7
30,95000	77,8
30,96667	77,8
30,98333	77,8
31,00000	77,9
31,01667	77,9
31,03333	78,0
31,05000	78,0
31,06667	78,1
31,08333	78,1
31,10000	78,1
31,11667	78,1
31,13333	78,2
31,15000	78,2
31,16667	78,3
31,18333	78,3
31,20000	78,3
31,21667	78,4
31,23333	78,3
31,25000	78,4
31,26667	78,6
31,28333	78,5
31,30000	78,6
31,31667	78,7
31,33333	78,7
31,35000	78,7
31,36667	78,7
31,38333	78,7
31,40000	78,8
31,41667	78,8
31,43333	78,9
31,45000	78,9
31,46667	78,9
31,48333	78,9
31,50000	79,0
31,51667	79,0
31,53333	79,0
31,55000	79,2
31,56667	79,1
31,58333	79,2
31,60000	79,1
31,61667	79,1
31,63333	79,2
31,65000	79,2
31,66667	79,3
31,68333	79,3
31,70000	79,3
31,71667	79,3
31,73333	79,4
31,75000	79,4
31,76667	79,4
31,78333	79,5
31,80000	79,5
31,81667	79,5
31,83333	79,5
31,85000	79,5
31,86667	79,5
31,88333	79,6
31,90000	79,6
31,91667	79,6
31,93333	79,6
31,95000	79,7
31,96667	79,7
31,98333	79,6
32,00000	79,7

[LC Status Trace(Pump B Degasser Pressure)]
Interval(msec)	1000
# of Points	1921
Start Time(min)	0,000
End Time(min)	32,000
Intensity Units	bar
Intensity Multiplier	0,980665
R.Time (min)	Intensity
0,00000	0,00
0,01667	0,00
0,03333	0,00
0,05000	0,00
0,06667	0,00
0,08333	0,00
0,10000	0,00
0,11667	0,00
0,13333	0,00
0,15000	0,00
0,16667	0,00
0,18333	0,00
0,20000	0,00
0,21667	0,00
0,23333	0,00
0,25000	0,00
0,26667	0,00
0,28333	0,00
0,30000	0,00
0,31667	0,00
0,33333	0,00
0,35000	0,00
0,36667	0,00
0,38333	0,00
0,40000	0,00
0,41667	0,00
0,43333	0,00
0,45000	0,00
0,46667	0,00
0,48333	0,00
0,50000	0,00
0,51667	0,00
0,53333	0,00
0,55000	0,00
0,56667	0,00
0,58333	0,00
0,60000	0,00
0,61667	0,00
0,63333	0,00
0,65000	0,00
0,66667	0,00
0,68333	0,00
0,70000	0,00
0,71667	0,00
0,73333	0,00
0,75000	0,00
0,76667	0,00
0,78333	0,00
0,80000	0,00
0,81667	0,00
0,83333	0,00
0,85000	0,00
0,86667	0,00
0,88333	0,00
0,90000	0,00
0,91667	0,00
0,93333	0,00
0,95000	0,00
0,96667	0,00
0,98333	0,00
1,00000	0,00
1,01667	0,00
1,03333	0,00
1,05000	0,00
1,06667	0,00
1,08333	0,00
1,10000	0,00
1,11667	0,00
1,13333	0,00
1,15000	0,00
1,16667	0,00
1,18333	0,00
1,20000	0,00
1,21667	0,00
1,23333	0,00
1,25000	0,00
1,26667	0,00
1,28333	0,00
1,30000	0,00
1,31667	0,00
1,33333	0,00
1,35000	0,00
1,36667	0,00
1,38333	0,00
1,40000	0,00
1,41667	0,00
1,43333	0,00
1,45000	0,00
1,46667	0,00
1,48333	0,00
1,50000	0,00
1,51667	0,00
1,53333	0,00
1,55000	0,00
1,56667	0,00
1,58333	0,00
1,60000	0,00
1,61667	0,00
1,63333	0,00
1,65000	0,00
1,66667	0,00
1,68333	0,00
1,70000	0,00
1,71667	0,00
1,73333	0,00
1,75000	0,00
1,76667	0,00
1,78333	0,00
1,80000	0,00
1,81667	0,00
1,83333	0,00
1,85000	0,00
1,86667	0,00
1,88333	0,00
1,90000	0,00
1,91667	0,00
1,93333	0,00
1,95000	0,00
1,96667	0,00
1,98333	0,00
2,00000	0,00
2,01667	0,00
2,03333	0,00
2,05000	0,00
2,06667	0,00
2,08333	0,00
2,10000	0,00
2,11667	0,00
2,13333	0,00
2,15000	0,00
2,16667	0,00
2,18333	0,00
2,20000	0,00
2,21667	0,00
2,23333	0,00
2,25000	0,00
2,26667	0,00
2,28333	0,00
2,30000	0,00
2,31667	0,00
2,33333	0,00
2,35000	0,00
2,36667	0,00
2,38333	0,00
2,40000	0,00
2,41667	0,00
2,43333	0,00
2,45000	0,00
2,46667	0,00
2,48333	0,00
2,50000	0,00
2,51667	0,00
2,53333	0,00
2,55000	0,00
2,56667	0,00
2,58333	0,00
2,60000	0,00
2,61667	0,00
2,63333	0,00
2,65000	0,00
2,66667	0,00
2,68333	0,00
2,70000	0,00
2,71667	0,00
2,73333	0,00
2,75000	0,00
2,76667	0,00
2,78333	0,00
2,80000	0,00
2,81667	0,00
2,83333	0,00
2,85000	0,00
2,86667	0,00
2,88333	0,00
2,90000	0,00
2,91667	0,00
2,93333	0,00
2,95000	0,00
2,96667	0,00
2,98333	0,00
3,00000	0,00
3,01667	0,00
3,03333	0,00
3,05000	0,00
3,06667	0,00
3,08333	0,00
3,10000	0,00
3,11667	0,00
3,13333	0,00
3,15000	0,00
3,16667	0,00
3,18333	0,00
3,20000	0,00
3,21667	0,00
3,23333	0,00
3,25000	0,00
3,26667	0,00
3,28333	0,00
3,30000	0,00
3,31667	0,00
3,33333	0,00
3,35000	0,00
3,36667	0,00
3,38333	0,00
3,40000	0,00
3,41667	0,00
3,43333	0,00
3,45000	0,00
3,46667	0,00
3,48333	0,00
3,50000	0,00
3,51667	0,00
3,53333	0,00
3,55000	0,00
3,56667	0,00
3,58333	0,00
3,60000	0,00
3,61667	0,00
3,63333	0,00
3,65000	0,00
3,66667	0,00
3,68333	0,00
3,70000	0,00
3,71667	0,00
3,73333	0,00
3,75000	0,00
3,76667	0,00
3,78333	0,00
3,80000	0,00
3,81667	0,00
3,83333	0,00
3,85000	0,00
3,86667	0,00
3,88333	0,00
3,90000	0,00
3,91667	0,00
3,93333	0,00
3,95000	0,00
3,96667	0,00
3,98333	0,00
4,00000	0,00
4,01667	0,00
4,03333	0,00
4,05000	0,00
4,06667	0,00
4,08333	0,00
4,10000	0,00
4,11667	0,00
4,13333	0,00
4,15000	0,00
4,16667	0,00
4,18333	0,00
4,20000	0,00
4,21667	0,00
4,23333	0,00
4,25000	0,00
4,26667	0,00
4,28333	0,00
4,30000	0,00
4,31667	0,00
4,33333	0,00
4,35000	0,00
4,36667	0,00
4,38333	0,00
4,40000	0,00
4,41667	0,00
4,43333	0,00
4,45000	0,00
4,46667	0,00
4,48333	0,00
4,50000	0,00
4,51667	0,00
4,53333	0,00
4,55000	0,00
4,56667	0,00
4,58333	0,00
4,60000	0,00
4,61667	0,00
4,63333	0,00
4,65000	0,00
4,66667	0,00
4,68333	0,00
4,70000	0,00
4,71667	0,00
4,73333	0,00
4,75000	0,00
4,76667	0,00
4,78333	0,00
4,80000	0,00
4,81667	0,00
4,83333	0,00
4,85000	0,00
4,86667	0,00
4,88333	0,00
4,90000	0,00
4,91667	0,00
4,93333	0,00
4,95000	0,00
4,96667	0,00
4,98333	0,00
5,00000	0,00
5,01667	0,00
5,03333	0,00
5,05000	0,00
5,06667	0,00
5,08333	0,00
5,10000	0,00
5,11667	0,00
5,13333	0,00
5,15000	0,00
5,16667	0,00
5,18333	0,00
5,20000	0,00
5,21667	0,00
5,23333	0,00
5,25000	0,00
5,26667	0,00
5,28333	0,00
5,30000	0,00
5,31667	0,00
5,33333	0,00
5,35000	0,00
5,36667	0,00
5,38333	0,00
5,40000	0,00
5,41667	0,00
5,43333	0,00
5,45000	0,00
5,46667	0,00
5,48333	0,00
5,50000	0,00
5,51667	0,00
5,53333	0,00
5,55000	0,00
5,56667	0,00
5,58333	0,00
5,60000	0,00
5,61667	0,00
5,63333	0,00
5,65000	0,00
5,66667	0,00
5,68333	0,00
5,70000	0,00
5,71667	0,00
5,73333	0,00
5,75000	0,00
5,76667	0,00
5,78333	0,00
5,80000	0,00
5,81667	0,00
5,83333	0,00
5,85000	0,00
5,86667	0,00
5,88333	0,00
5,90000	0,00
5,91667	0,00
5,93333	0,00
5,95000	0,00
5,96667	0,00
5,98333	0,00
6,00000	0,00
6,01667	0,00
6,03333	0,00
6,05000	0,00
6,06667	0,00
6,08333	0,00
6,10000	0,00
6,11667	0,00
6,13333	0,00
6,15000	0,00
6,16667	0,00
6,18333	0,00
6,20000	0,00
6,21667	0,00
6,23333	0,00
6,25000	0,00
6,26667	0,00
6,28333	0,00
6,30000	0,00
6,31667	0,00
6,33333	0,00
6,35000	0,00
6,36667	0,00
6,38333	0,00
6,40000	0,00
6,41667	0,00
6,43333	0,00
6,45000	0,00
6,46667	0,00
6,48333	0,00
6,50000	0,00
6,51667	0,00
6,53333	0,00
6,55000	0,00
6,56667	0,00
6,58333	0,00
6,60000	0,00
6,61667	0,00
6,63333	0,00
6,65000	0,00
6,66667	0,00
6,68333	0,00
6,70000	0,00
6,71667	0,00
6,73333	0,00
6,75000	0,00
6,76667	0,00
6,78333	0,00
6,80000	0,00
6,81667	0,00
6,83333	0,00
6,85000	0,00
6,86667	0,00
6,88333	0,00
6,90000	0,00
6,91667	0,00
6,93333	0,00
6,95000	0,00
6,96667	0,00
6,98333	0,00
7,00000	0,00
7,01667	0,00
7,03333	0,00
7,05000	0,00
7,06667	0,00
7,08333	0,00
7,10000	0,00
7,11667	0,00
7,13333	0,00
7,15000	0,00
7,16667	0,00
7,18333	0,00
7,20000	0,00
7,21667	0,00
7,23333	0,00
7,25000	0,00
7,26667	0,00
7,28333	0,00
7,30000	0,00
7,31667	0,00
7,33333	0,00
7,35000	0,00
7,36667	0,00
7,38333	0,00
7,40000	0,00
7,41667	0,00
7,43333	0,00
7,45000	0,00
7,46667	0,00
7,48333	0,00
7,50000	0,00
7,51667	0,00
7,53333	0,00
7,55000	0,00
7,56667	0,00
7,58333	0,00
7,60000	0,00
7,61667	0,00
7,63333	0,00
7,65000	0,00
7,66667	0,00
7,68333	0,00
7,70000	0,00
7,71667	0,00
7,73333	0,00
7,75000	0,00
7,76667	0,00
7,78333	0,00
7,80000	0,00
7,81667	0,00
7,83333	0,00
7,85000	0,00
7,86667	0,00
7,88333	0,00
7,90000	0,00
7,91667	0,00
7,93333	0,00
7,95000	0,00
7,96667	0,00
7,98333	0,00
8,00000	0,00
8,01667	0,00
8,03333	0,00
8,05000	0,00
8,06667	0,00
8,08333	0,00
8,10000	0,00
8,11667	0,00
8,13333	0,00
8,15000	0,00
8,16667	0,00
8,18333	0,00
8,20000	0,00
8,21667	0,00
8,23333	0,00
8,25000	0,00
8,26667	0,00
8,28333	0,00
8,30000	0,00
8,31667	0,00
8,33333	0,00
8,35000	0,00
8,36667	0,00
8,38333	0,00
8,40000	0,00
8,41667	0,00
8,43333	0,00
8,45000	0,00
8,46667	0,00
8,48333	0,00
8,50000	0,00
8,51667	0,00
8,53333	0,00
8,55000	0,00
8,56667	0,00
8,58333	0,00
8,60000	0,00
8,61667	0,00
8,63333	0,00
8,65000	0,00
8,66667	0,00
8,68333	0,00
8,70000	0,00
8,71667	0,00
8,73333	0,00
8,75000	0,00
8,76667	0,00
8,78333	0,00
8,80000	0,00
8,81667	0,00
8,83333	0,00
8,85000	0,00
8,86667	0,00
8,88333	0,00
8,90000	0,00
8,91667	0,00
8,93333	0,00
8,95000	0,00
8,96667	0,00
8,98333	0,00
9,00000	0,00
9,01667	0,00
9,03333	0,00
9,05000	0,00
9,06667	0,00
9,08333	0,00
9,10000	0,00
9,11667	0,00
9,13333	0,00
9,15000	0,00
9,16667	0,00
9,18333	0,00
9,20000	0,00
9,21667	0,00
9,23333	0,00
9,25000	0,00
9,26667	0,00
9,28333	0,00
9,30000	0,00
9,31667	0,00
9,33333	0,00
9,35000	0,00
9,36667	0,00
9,38333	0,00
9,40000	0,00
9,41667	0,00
9,43333	0,00
9,45000	0,00
9,46667	0,00
9,48333	0,00
9,50000	0,00
9,51667	0,00
9,53333	0,00
9,55000	0,00
9,56667	0,00
9,58333	0,00
9,60000	0,00
9,61667	0,00
9,63333	0,00
9,65000	0,00
9,66667	0,00
9,68333	0,00
9,70000	0,00
9,71667	0,00
9,73333	0,00
9,75000	0,00
9,76667	0,00
9,78333	0,00
9,80000	0,00
9,81667	0,00
9,83333	0,00
9,85000	0,00
9,86667	0,00
9,88333	0,00
9,90000	0,00
9,91667	0,00
9,93333	0,00
9,95000	0,00
9,96667	0,00
9,98333	0,00
10,00000	0,00
10,01667	0,00
10,03333	0,00
10,05000	0,00
10,06667	0,00
10,08333	0,00
10,10000	0,00
10,11667	0,00
10,13333	0,00
10,15000	0,00
10,16667	0,00
10,18333	0,00
10,20000	0,00
10,21667	0,00
10,23333	0,00
10,25000	0,00
10,26667	0,00
10,28333	0,00
10,30000	0,00
10,31667	0,00
10,33333	0,00
10,35000	0,00
10,36667	0,00
10,38333	0,00
10,40000	0,00
10,41667	0,00
10,43333	0,00
10,45000	0,00
10,46667	0,00
10,48333	0,00
10,50000	0,00
10,51667	0,00
10,53333	0,00
10,55000	0,00
10,56667	0,00
10,58333	0,00
10,60000	0,00
10,61667	0,00
10,63333	0,00
10,65000	0,00
10,66667	0,00
10,68333	0,00
10,70000	0,00
10,71667	0,00
10,73333	0,00
10,75000	0,00
10,76667	0,00
10,78333	0,00
10,80000	0,00
10,81667	0,00
10,83333	0,00
10,85000	0,00
10,86667	0,00
10,88333	0,00
10,90000	0,00
10,91667	0,00
10,93333	0,00
10,95000	0,00
10,96667	0,00
10,98333	0,00
11,00000	0,00
11,01667	0,00
11,03333	0,00
11,05000	0,00
11,06667	0,00
11,08333	0,00
11,10000	0,00
11,11667	0,00
11,13333	0,00
11,15000	0,00
11,16667	0,00
11,18333	0,00
11,20000	0,00
11,21667	0,00
11,23333	0,00
11,25000	0,00
11,26667	0,00
11,28333	0,00
11,30000	0,00
11,31667	0,00
11,33333	0,00
11,35000	0,00
11,36667	0,00
11,38333	0,00
11,40000	0,00
11,41667	0,00
11,43333	0,00
11,45000	0,00
11,46667	0,00
11,48333	0,00
11,50000	0,00
11,51667	0,00
11,53333	0,00
11,55000	0,00
11,56667	0,00
11,58333	0,00
11,60000	0,00
11,61667	0,00
11,63333	0,00
11,65000	0,00
11,66667	0,00
11,68333	0,00
11,70000	0,00
11,71667	0,00
11,73333	0,00
11,75000	0,00
11,76667	0,00
11,78333	0,00
11,80000	0,00
11,81667	0,00
11,83333	0,00
11,85000	0,00
11,86667	0,00
11,88333	0,00
11,90000	0,00
11,91667	0,00
11,93333	0,00
11,95000	0,00
11,96667	0,00
11,98333	0,00
12,00000	0,00
12,01667	0,00
12,03333	0,00
12,05000	0,00
12,06667	0,00
12,08333	0,00
12,10000	0,00
12,11667	0,00
12,13333	0,00
12,15000	0,00
12,16667	0,00
12,18333	0,00
12,20000	0,00
12,21667	0,00
12,23333	0,00
12,25000	0,00
12,26667	0,00
12,28333	0,00
12,30000	0,00
12,31667	0,00
12,33333	0,00
12,35000	0,00
12,36667	0,00
12,38333	0,00
12,40000	0,00
12,41667	0,00
12,43333	0,00
12,45000	0,00
12,46667	0,00
12,48333	0,00
12,50000	0,00
12,51667	0,00
12,53333	0,00
12,55000	0,00
12,56667	0,00
12,58333	0,00
12,60000	0,00
12,61667	0,00
12,63333	0,00
12,65000	0,00
12,66667	0,00
12,68333	0,00
12,70000	0,00
12,71667	0,00
12,73333	0,00
12,75000	0,00
12,76667	0,00
12,78333	0,00
12,80000	0,00
12,81667	0,00
12,83333	0,00
12,85000	0,00
12,86667	0,00
12,88333	0,00
12,90000	0,00
12,91667	0,00
12,93333	0,00
12,95000	0,00
12,96667	0,00
12,98333	0,00
13,00000	0,00
13,01667	0,00
13,03333	0,00
13,05000	0,00
13,06667	0,00
13,08333	0,00
13,10000	0,00
13,11667	0,00
13,13333	0,00
13,15000	0,00
13,16667	0,00
13,18333	0,00
13,20000	0,00
13,21667	0,00
13,23333	0,00
13,25000	0,00
13,26667	0,00
13,28333	0,00
13,30000	0,00
13,31667	0,00
13,33333	0,00
13,35000	0,00
13,36667	0,00
13,38333	0,00
13,40000	0,00
13,41667	0,00
13,43333	0,00
13,45000	0,00
13,46667	0,00
13,48333	0,00
13,50000	0,00
13,51667	0,00
13,53333	0,00
13,55000	0,00
13,56667	0,00
13,58333	0,00
13,60000	0,00
13,61667	0,00
13,63333	0,00
13,65000	0,00
13,66667	0,00
13,68333	0,00
13,70000	0,00
13,71667	0,00
13,73333	0,00
13,75000	0,00
13,76667	0,00
13,78333	0,00
13,80000	0,00
13,81667	0,00
13,83333	0,00
13,85000	0,00
13,86667	0,00
13,88333	0,00
13,90000	0,00
13,91667	0,00
13,93333	0,00
13,95000	0,00
13,96667	0,00
13,98333	0,00
14,00000	0,00
14,01667	0,00
14,03333	0,00
14,05000	0,00
14,06667	0,00
14,08333	0,00
14,10000	0,00
14,11667	0,00
14,13333	0,00
14,15000	0,00
14,16667	0,00
14,18333	0,00
14,20000	0,00
14,21667	0,00
14,23333	0,00
14,25000	0,00
14,26667	0,00
14,28333	0,00
14,30000	0,00
14,31667	0,00
14,33333	0,00
14,35000	0,00
14,36667	0,00
14,38333	0,00
14,40000	0,00
14,41667	0,00
14,43333	0,00
14,45000	0,00
14,46667	0,00
14,48333	0,00
14,50000	0,00
14,51667	0,00
14,53333	0,00
14,55000	0,00
14,56667	0,00
14,58333	0,00
14,60000	0,00
14,61667	0,00
14,63333	0,00
14,65000	0,00
14,66667	0,00
14,68333	0,00
14,70000	0,00
14,71667	0,00
14,73333	0,00
14,75000	0,00
14,76667	0,00
14,78333	0,00
14,80000	0,00
14,81667	0,00
14,83333	0,00
14,85000	0,00
14,86667	0,00
14,88333	0,00
14,90000	0,00
14,91667	0,00
14,93333	0,00
14,95000	0,00
14,96667	0,00
14,98333	0,00
15,00000	0,00
15,01667	0,00
15,03333	0,00
15,05000	0,00
15,06667	0,00
15,08333	0,00
15,10000	0,00
15,11667	0,00
15,13333	0,00
15,15000	0,00
15,16667	0,00
15,18333	0,00
15,20000	0,00
15,21667	0,00
15,23333	0,00
15,25000	0,00
15,26667	0,00
15,28333	0,00
15,30000	0,00
15,31667	0,00
15,33333	0,00
15,35000	0,00
15,36667	0,00
15,38333	0,00
15,40000	0,00
15,41667	0,00
15,43333	0,00
15,45000	0,00
15,46667	0,00
15,48333	0,00
15,50000	0,00
15,51667	0,00
15,53333	0,00
15,55000	0,00
15,56667	0,00
15,58333	0,00
15,60000	0,00
15,61667	0,00
15,63333	0,00
15,65000	0,00
15,66667	0,00
15,68333	0,00
15,70000	0,00
15,71667	0,00
15,73333	0,00
15,75000	0,00
15,76667	0,00
15,78333	0,00
15,80000	0,00
15,81667	0,00
15,83333	0,00
15,85000	0,00
15,86667	0,00
15,88333	0,00
15,90000	0,00
15,91667	0,00
15,93333	0,00
15,95000	0,00
15,96667	0,00
15,98333	0,00
16,00000	0,00
16,01667	0,00
16,03333	0,00
16,05000	0,00
16,06667	0,00
16,08333	0,00
16,10000	0,00
16,11667	0,00
16,13333	0,00
16,15000	0,00
16,16667	0,00
16,18333	0,00
16,20000	0,00
16,21667	0,00
16,23333	0,00
16,25000	0,00
16,26667	0,00
16,28333	0,00
16,30000	0,00
16,31667	0,00
16,33333	0,00
16,35000	0,00
16,36667	0,00
16,38333	0,00
16,40000	0,00
16,41667	0,00
16,43333	0,00
16,45000	0,00
16,46667	0,00
16,48333	0,00
16,50000	0,00
16,51667	0,00
16,53333	0,00
16,55000	0,00
16,56667	0,00
16,58333	0,00
16,60000	0,00
16,61667	0,00
16,63333	0,00
16,65000	0,00
16,66667	0,00
16,68333	0,00
16,70000	0,00
16,71667	0,00
16,73333	0,00
16,75000	0,00
16,76667	0,00
16,78333	0,00
16,80000	0,00
16,81667	0,00
16,83333	0,00
16,85000	0,00
16,86667	0,00
16,88333	0,00
16,90000	0,00
16,91667	0,00
16,93333	0,00
16,95000	0,00
16,96667	0,00
16,98333	0,00
17,00000	0,00
17,01667	0,00
17,03333	0,00
17,05000	0,00
17,06667	0,00
17,08333	0,00
17,10000	0,00
17,11667	0,00
17,13333	0,00
17,15000	0,00
17,16667	0,00
17,18333	0,00
17,20000	0,00
17,21667	0,00
17,23333	0,00
17,25000	0,00
17,26667	0,00
17,28333	0,00
17,30000	0,00
17,31667	0,00
17,33333	0,00
17,35000	0,00
17,36667	0,00
17,38333	0,00
17,40000	0,00
17,41667	0,00
17,43333	0,00
17,45000	0,00
17,46667	0,00
17,48333	0,00
17,50000	0,00
17,51667	0,00
17,53333	0,00
17,55000	0,00
17,56667	0,00
17,58333	0,00
17,60000	0,00
17,61667	0,00
17,63333	0,00
17,65000	0,00
17,66667	0,00
17,68333	0,00
17,70000	0,00
17,71667	0,00
17,73333	0,00
17,75000	0,00
17,76667	0,00
17,78333	0,00
17,80000	0,00
17,81667	0,00
17,83333	0,00
17,85000	0,00
17,86667	0,00
17,88333	0,00
17,90000	0,00
17,91667	0,00
17,93333	0,00
17,95000	0,00
17,96667	0,00
17,98333	0,00
18,00000	0,00
18,01667	0,00
18,03333	0,00
18,05000	0,00
18,06667	0,00
18,08333	0,00
18,10000	0,00
18,11667	0,00
18,13333	0,00
18,15000	0,00
18,16667	0,00
18,18333	0,00
18,20000	0,00
18,21667	0,00
18,23333	0,00
18,25000	0,00
18,26667	0,00
18,28333	0,00
18,30000	0,00
18,31667	0,00
18,33333	0,00
18,35000	0,00
18,36667	0,00
18,38333	0,00
18,40000	0,00
18,41667	0,00
18,43333	0,00
18,45000	0,00
18,46667	0,00
18,48333	0,00
18,50000	0,00
18,51667	0,00
18,53333	0,00
18,55000	0,00
18,56667	0,00
18,58333	0,00
18,60000	0,00
18,61667	0,00
18,63333	0,00
18,65000	0,00
18,66667	0,00
18,68333	0,00
18,70000	0,00
18,71667	0,00
18,73333	0,00
18,75000	0,00
18,76667	0,00
18,78333	0,00
18,80000	0,00
18,81667	0,00
18,83333	0,00
18,85000	0,00
18,86667	0,00
18,88333	0,00
18,90000	0,00
18,91667	0,00
18,93333	0,00
18,95000	0,00
18,96667	0,00
18,98333	0,00
19,00000	0,00
19,01667	0,00
19,03333	0,00
19,05000	0,00
19,06667	0,00
19,08333	0,00
19,10000	0,00
19,11667	0,00
19,13333	0,00
19,15000	0,00
19,16667	0,00
19,18333	0,00
19,20000	0,00
19,21667	0,00
19,23333	0,00
19,25000	0,00
19,26667	0,00
19,28333	0,00
19,30000	0,00
19,31667	0,00
19,33333	0,00
19,35000	0,00
19,36667	0,00
19,38333	0,00
19,40000	0,00
19,41667	0,00
19,43333	0,00
19,45000	0,00
19,46667	0,00
19,48333	0,00
19,50000	0,00
19,51667	0,00
19,53333	0,00
19,55000	0,00
19,56667	0,00
19,58333	0,00
19,60000	0,00
19,61667	0,00
19,63333	0,00
19,65000	0,00
19,66667	0,00
19,68333	0,00
19,70000	0,00
19,71667	0,00
19,73333	0,00
19,75000	0,00
19,76667	0,00
19,78333	0,00
19,80000	0,00
19,81667	0,00
19,83333	0,00
19,85000	0,00
19,86667	0,00
19,88333	0,00
19,90000	0,00
19,91667	0,00
19,93333	0,00
19,95000	0,00
19,96667	0,00
19,98333	0,00
20,00000	0,00
20,01667	0,00
20,03333	0,00
20,05000	0,00
20,06667	0,00
20,08333	0,00
20,10000	0,00
20,11667	0,00
20,13333	0,00
20,15000	0,00
20,16667	0,00
20,18333	0,00
20,20000	0,00
20,21667	0,00
20,23333	0,00
20,25000	0,00
20,26667	0,00
20,28333	0,00
20,30000	0,00
20,31667	0,00
20,33333	0,00
20,35000	0,00
20,36667	0,00
20,38333	0,00
20,40000	0,00
20,41667	0,00
20,43333	0,00
20,45000	0,00
20,46667	0,00
20,48333	0,00
20,50000	0,00
20,51667	0,00
20,53333	0,00
20,55000	0,00
20,56667	0,00
20,58333	0,00
20,60000	0,00
20,61667	0,00
20,63333	0,00
20,65000	0,00
20,66667	0,00
20,68333	0,00
20,70000	0,00
20,71667	0,00
20,73333	0,00
20,75000	0,00
20,76667	0,00
20,78333	0,00
20,80000	0,00
20,81667	0,00
20,83333	0,00
20,85000	0,00
20,86667	0,00
20,88333	0,00
20,90000	0,00
20,91667	0,00
20,93333	0,00
20,95000	0,00
20,96667	0,00
20,98333	0,00
21,00000	0,00
21,01667	0,00
21,03333	0,00
21,05000	0,00
21,06667	0,00
21,08333	0,00
21,10000	0,00
21,11667	0,00
21,13333	0,00
21,15000	0,00
21,16667	0,00
21,18333	0,00
21,20000	0,00
21,21667	0,00
21,23333	0,00
21,25000	0,00
21,26667	0,00
21,28333	0,00
21,30000	0,00
21,31667	0,00
21,33333	0,00
21,35000	0,00
21,36667	0,00
21,38333	0,00
21,40000	0,00
21,41667	0,00
21,43333	0,00
21,45000	0,00
21,46667	0,00
21,48333	0,00
21,50000	0,00
21,51667	0,00
21,53333	0,00
21,55000	0,00
21,56667	0,00
21,58333	0,00
21,60000	0,00
21,61667	0,00
21,63333	0,00
21,65000	0,00
21,66667	0,00
21,68333	0,00
21,70000	0,00
21,71667	0,00
21,73333	0,00
21,75000	0,00
21,76667	0,00
21,78333	0,00
21,80000	0,00
21,81667	0,00
21,83333	0,00
21,85000	0,00
21,86667	0,00
21,88333	0,00
21,90000	0,00
21,91667	0,00
21,93333	0,00
21,95000	0,00
21,96667	0,00
21,98333	0,00
22,00000	0,00
22,01667	0,00
22,03333	0,00
22,05000	0,00
22,06667	0,00
22,08333	0,00
22,10000	0,00
22,11667	0,00
22,13333	0,00
22,15000	0,00
22,16667	0,00
22,18333	0,00
22,20000	0,00
22,21667	0,00
22,23333	0,00
22,25000	0,00
22,26667	0,00
22,28333	0,00
22,30000	0,00
22,31667	0,00
22,33333	0,00
22,35000	0,00
22,36667	0,00
22,38333	0,00
22,40000	0,00
22,41667	0,00
22,43333	0,00
22,45000	0,00
22,46667	0,00
22,48333	0,00
22,50000	0,00
22,51667	0,00
22,53333	0,00
22,55000	0,00
22,56667	0,00
22,58333	0,00
22,60000	0,00
22,61667	0,00
22,63333	0,00
22,65000	0,00
22,66667	0,00
22,68333	0,00
22,70000	0,00
22,71667	0,00
22,73333	0,00
22,75000	0,00
22,76667	0,00
22,78333	0,00
22,80000	0,00
22,81667	0,00
22,83333	0,00
22,85000	0,00
22,86667	0,00
22,88333	0,00
22,90000	0,00
22,91667	0,00
22,93333	0,00
22,95000	0,00
22,96667	0,00
22,98333	0,00
23,00000	0,00
23,01667	0,00
23,03333	0,00
23,05000	0,00
23,06667	0,00
23,08333	0,00
23,10000	0,00
23,11667	0,00
23,13333	0,00
23,15000	0,00
23,16667	0,00
23,18333	0,00
23,20000	0,00
23,21667	0,00
23,23333	0,00
23,25000	0,00
23,26667	0,00
23,28333	0,00
23,30000	0,00
23,31667	0,00
23,33333	0,00
23,35000	0,00
23,36667	0,00
23,38333	0,00
23,40000	0,00
23,41667	0,00
23,43333	0,00
23,45000	0,00
23,46667	0,00
23,48333	0,00
23,50000	0,00
23,51667	0,00
23,53333	0,00
23,55000	0,00
23,56667	0,00
23,58333	0,00
23,60000	0,00
23,61667	0,00
23,63333	0,00
23,65000	0,00
23,66667	0,00
23,68333	0,00
23,70000	0,00
23,71667	0,00
23,73333	0,00
23,75000	0,00
23,76667	0,00
23,78333	0,00
23,80000	0,00
23,81667	0,00
23,83333	0,00
23,85000	0,00
23,86667	0,00
23,88333	0,00
23,90000	0,00
23,91667	0,00
23,93333	0,00
23,95000	0,00
23,96667	0,00
23,98333	0,00
24,00000	0,00
24,01667	0,00
24,03333	0,00
24,05000	0,00
24,06667	0,00
24,08333	0,00
24,10000	0,00
24,11667	0,00
24,13333	0,00
24,15000	0,00
24,16667	0,00
24,18333	0,00
24,20000	0,00
24,21667	0,00
24,23333	0,00
24,25000	0,00
24,26667	0,00
24,28333	0,00
24,30000	0,00
24,31667	0,00
24,33333	0,00
24,35000	0,00
24,36667	0,00
24,38333	0,00
24,40000	0,00
24,41667	0,00
24,43333	0,00
24,45000	0,00
24,46667	0,00
24,48333	0,00
24,50000	0,00
24,51667	0,00
24,53333	0,00
24,55000	0,00
24,56667	0,00
24,58333	0,00
24,60000	0,00
24,61667	0,00
24,63333	0,00
24,65000	0,00
24,66667	0,00
24,68333	0,00
24,70000	0,00
24,71667	0,00
24,73333	0,00
24,75000	0,00
24,76667	0,00
24,78333	0,00
24,80000	0,00
24,81667	0,00
24,83333	0,00
24,85000	0,00
24,86667	0,00
24,88333	0,00
24,90000	0,00
24,91667	0,00
24,93333	0,00
24,95000	0,00
24,96667	0,00
24,98333	0,00
25,00000	0,00
25,01667	0,00
25,03333	0,00
25,05000	0,00
25,06667	0,00
25,08333	0,00
25,10000	0,00
25,11667	0,00
25,13333	0,00
25,15000	0,00
25,16667	0,00
25,18333	0,00
25,20000	0,00
25,21667	0,00
25,23333	0,00
25,25000	0,00
25,26667	0,00
25,28333	0,00
25,30000	0,00
25,31667	0,00
25,33333	0,00
25,35000	0,00
25,36667	0,00
25,38333	0,00
25,40000	0,00
25,41667	0,00
25,43333	0,00
25,45000	0,00
25,46667	0,00
25,48333	0,00
25,50000	0,00
25,51667	0,00
25,53333	0,00
25,55000	0,00
25,56667	0,00
25,58333	0,00
25,60000	0,00
25,61667	0,00
25,63333	0,00
25,65000	0,00
25,66667	0,00
25,68333	0,00
25,70000	0,00
25,71667	0,00
25,73333	0,00
25,75000	0,00
25,76667	0,00
25,78333	0,00
25,80000	0,00
25,81667	0,00
25,83333	0,00
25,85000	0,00
25,86667	0,00
25,88333	0,00
25,90000	0,00
25,91667	0,00
25,93333	0,00
25,95000	0,00
25,96667	0,00
25,98333	0,00
26,00000	0,00
26,01667	0,00
26,03333	0,00
26,05000	0,00
26,06667	0,00
26,08333	0,00
26,10000	0,00
26,11667	0,00
26,13333	0,00
26,15000	0,00
26,16667	0,00
26,18333	0,00
26,20000	0,00
26,21667	0,00
26,23333	0,00
26,25000	0,00
26,26667	0,00
26,28333	0,00
26,30000	0,00
26,31667	0,00
26,33333	0,00
26,35000	0,00
26,36667	0,00
26,38333	0,00
26,40000	0,00
26,41667	0,00
26,43333	0,00
26,45000	0,00
26,46667	0,00
26,48333	0,00
26,50000	0,00
26,51667	0,00
26,53333	0,00
26,55000	0,00
26,56667	0,00
26,58333	0,00
26,60000	0,00
26,61667	0,00
26,63333	0,00
26,65000	0,00
26,66667	0,00
26,68333	0,00
26,70000	0,00
26,71667	0,00
26,73333	0,00
26,75000	0,00
26,76667	0,00
26,78333	0,00
26,80000	0,00
26,81667	0,00
26,83333	0,00
26,85000	0,00
26,86667	0,00
26,88333	0,00
26,90000	0,00
26,91667	0,00
26,93333	0,00
26,95000	0,00
26,96667	0,00
26,98333	0,00
27,00000	0,00
27,01667	0,00
27,03333	0,00
27,05000	0,00
27,06667	0,00
27,08333	0,00
27,10000	0,00
27,11667	0,00
27,13333	0,00
27,15000	0,00
27,16667	0,00
27,18333	0,00
27,20000	0,00
27,21667	0,00
27,23333	0,00
27,25000	0,00
27,26667	0,00
27,28333	0,00
27,30000	0,00
27,31667	0,00
27,33333	0,00
27,35000	0,00
27,36667	0,00
27,38333	0,00
27,40000	0,00
27,41667	0,00
27,43333	0,00
27,45000	0,00
27,46667	0,00
27,48333	0,00
27,50000	0,00
27,51667	0,00
27,53333	0,00
27,55000	0,00
27,56667	0,00
27,58333	0,00
27,60000	0,00
27,61667	0,00
27,63333	0,00
27,65000	0,00
27,66667	0,00
27,68333	0,00
27,70000	0,00
27,71667	0,00
27,73333	0,00
27,75000	0,00
27,76667	0,00
27,78333	0,00
27,80000	0,00
27,81667	0,00
27,83333	0,00
27,85000	0,00
27,86667	0,00
27,88333	0,00
27,90000	0,00
27,91667	0,00
27,93333	0,00
27,95000	0,00
27,96667	0,00
27,98333	0,00
28,00000	0,00
28,01667	0,00
28,03333	0,00
28,05000	0,00
28,06667	0,00
28,08333	0,00
28,10000	0,00
28,11667	0,00
28,13333	0,00
28,15000	0,00
28,16667	0,00
28,18333	0,00
28,20000	0,00
28,21667	0,00
28,23333	0,00
28,25000	0,00
28,26667	0,00
28,28333	0,00
28,30000	0,00
28,31667	0,00
28,33333	0,00
28,35000	0,00
28,36667	0,00
28,38333	0,00
28,40000	0,00
28,41667	0,00
28,43333	0,00
28,45000	0,00
28,46667	0,00
28,48333	0,00
28,50000	0,00
28,51667	0,00
28,53333	0,00
28,55000	0,00
28,56667	0,00
28,58333	0,00
28,60000	0,00
28,61667	0,00
28,63333	0,00
28,65000	0,00
28,66667	0,00
28,68333	0,00
28,70000	0,00
28,71667	0,00
28,73333	0,00
28,75000	0,00
28,76667	0,00
28,78333	0,00
28,80000	0,00
28,81667	0,00
28,83333	0,00
28,85000	0,00
28,86667	0,00
28,88333	0,00
28,90000	0,00
28,91667	0,00
28,93333	0,00
28,95000	0,00
28,96667	0,00
28,98333	0,00
29,00000	0,00
29,01667	0,00
29,03333	0,00
29,05000	0,00
29,06667	0,00
29,08333	0,00
29,10000	0,00
29,11667	0,00
29,13333	0,00
29,15000	0,00
29,16667	0,00
29,18333	0,00
29,20000	0,00
29,21667	0,00
29,23333	0,00
29,25000	0,00
29,26667	0,00
29,28333	0,00
29,30000	0,00
29,31667	0,00
29,33333	0,00
29,35000	0,00
29,36667	0,00
29,38333	0,00
29,40000	0,00
29,41667	0,00
29,43333	0,00
29,45000	0,00
29,46667	0,00
29,48333	0,00
29,50000	0,00
29,51667	0,00
29,53333	0,00
29,55000	0,00
29,56667	0,00
29,58333	0,00
29,60000	0,00
29,61667	0,00
29,63333	0,00
29,65000	0,00
29,66667	0,00
29,68333	0,00
29,70000	0,00
29,71667	0,00
29,73333	0,00
29,75000	0,00
29,76667	0,00
29,78333	0,00
29,80000	0,00
29,81667	0,00
29,83333	0,00
29,85000	0,00
29,86667	0,00
29,88333	0,00
29,90000	0,00
29,91667	0,00
29,93333	0,00
29,95000	0,00
29,96667	0,00
29,98333	0,00
30,00000	0,00
30,01667	0,00
30,03333	0,00
30,05000	0,00
30,06667	0,00
30,08333	0,00
30,10000	0,00
30,11667	0,00
30,13333	0,00
30,15000	0,00
30,16667	0,00
30,18333	0,00
30,20000	0,00
30,21667	0,00
30,23333	0,00
30,25000	0,00
30,26667	0,00
30,28333	0,00
30,30000	0,00
30,31667	0,00
30,33333	0,00
30,35000	0,00
30,36667	0,00
30,38333	0,00
30,40000	0,00
30,41667	0,00
30,43333	0,00
30,45000	0,00
30,46667	0,00
30,48333	0,00
30,50000	0,00
30,51667	0,00
30,53333	0,00
30,55000	0,00
30,56667	0,00
30,58333	0,00
30,60000	0,00
30,61667	0,00
30,63333	0,00
30,65000	0,00
30,66667	0,00
30,68333	0,00
30,70000	0,00
30,71667	0,00
30,73333	0,00
30,75000	0,00
30,76667	0,00
30,78333	0,00
30,80000	0,00
30,81667	0,00
30,83333	0,00
30,85000	0,00
30,86667	0,00
30,88333	0,00
30,90000	0,00
30,91667	0,00
30,93333	0,00
30,95000	0,00
30,96667	0,00
30,98333	0,00
31,00000	0,00
31,01667	0,00
31,03333	0,00
31,05000	0,00
31,06667	0,00
31,08333	0,00
31,10000	0,00
31,11667	0,00
31,13333	0,00
31,15000	0,00
31,16667	0,00
31,18333	0,00
31,20000	0,00
31,21667	0,00
31,23333	0,00
31,25000	0,00
31,26667	0,00
31,28333	0,00
31,30000	0,00
31,31667	0,00
31,33333	0,00
31,35000	0,00
31,36667	0,00
31,38333	0,00
31,40000	0,00
31,41667	0,00
31,43333	0,00
31,45000	0,00
31,46667	0,00
31,48333	0,00
31,50000	0,00
31,51667	0,00
31,53333	0,00
31,55000	0,00
31,56667	0,00
31,58333	0,00
31,60000	0,00
31,61667	0,00
31,63333	0,00
31,65000	0,00
31,66667	0,00
31,68333	0,00
31,70000	0,00
31,71667	0,00
31,73333	0,00
31,75000	0,00
31,76667	0,00
31,78333	0,00
31,80000	0,00
31,81667	0,00
31,83333	0,00
31,85000	0,00
31,86667	0,00
31,88333	0,00
31,90000	0,00
31,91667	0,00
31,93333	0,00
31,95000	0,00
31,96667	0,00
31,98333	0,00
32,00000	0,00

[LC Status Trace(Sample Cooler Temp.)]
Interval(msec)	1000
# of Points	1921
Start Time(min)	0,000
End Time(min)	32,000
Intensity Units	C
Intensity Multiplier	1
R.Time (min)	Intensity
0,00000	3,97
0,01667	3,97
0,03333	3,97
0,05000	3,98
0,06667	3,98
0,08333	4,01
0,10000	4,00
0,11667	4,01
0,13333	4,00
0,15000	4,00
0,16667	4,01
0,18333	4,01
0,20000	4,00
0,21667	4,01
0,23333	4,01
0,25000	4,00
0,26667	4,01
0,28333	4,01
0,30000	4,00
0,31667	4,01
0,33333	4,01
0,35000	4,00
0,36667	4,01
0,38333	4,01
0,40000	4,00
0,41667	4,01
0,43333	4,01
0,45000	4,00
0,46667	4,01
0,48333	4,01
0,50000	4,01
0,51667	4,01
0,53333	4,00
0,55000	4,00
0,56667	4,01
0,58333	4,01
0,60000	4,00
0,61667	4,02
0,63333	4,02
0,65000	4,00
0,66667	4,01
0,68333	4,01
0,70000	4,00
0,71667	4,01
0,73333	4,01
0,75000	4,00
0,76667	4,01
0,78333	4,02
0,80000	4,01
0,81667	4,02
0,83333	4,02
0,85000	4,00
0,86667	4,02
0,88333	4,02
0,90000	4,02
0,91667	4,02
0,93333	4,02
0,95000	4,01
0,96667	4,02
0,98333	4,02
1,00000	4,01
1,01667	4,02
1,03333	4,02
1,05000	4,01
1,06667	4,02
1,08333	4,02
1,10000	4,01
1,11667	4,02
1,13333	4,02
1,15000	4,01
1,16667	4,02
1,18333	4,02
1,20000	4,01
1,21667	4,02
1,23333	4,02
1,25000	4,01
1,26667	4,02
1,28333	4,02
1,30000	4,02
1,31667	4,02
1,33333	4,02
1,35000	4,01
1,36667	4,02
1,38333	4,02
1,40000	4,01
1,41667	4,02
1,43333	4,02
1,45000	4,01
1,46667	4,02
1,48333	4,02
1,50000	4,01
1,51667	4,02
1,53333	4,02
1,55000	4,01
1,56667	4,02
1,58333	4,02
1,60000	4,01
1,61667	4,02
1,63333	4,02
1,65000	4,01
1,66667	4,02
1,68333	4,02
1,70000	4,01
1,71667	4,02
1,73333	4,02
1,75000	4,01
1,76667	4,02
1,78333	4,02
1,80000	4,00
1,81667	4,02
1,83333	4,02
1,85000	4,02
1,86667	4,02
1,88333	4,02
1,90000	4,01
1,91667	4,02
1,93333	4,02
1,95000	4,01
1,96667	4,02
1,98333	4,02
2,00000	4,01
2,01667	4,02
2,03333	4,02
2,05000	4,00
2,06667	4,02
2,08333	4,02
2,10000	4,01
2,11667	4,02
2,13333	4,02
2,15000	4,01
2,16667	4,02
2,18333	4,02
2,20000	4,01
2,21667	4,02
2,23333	4,02
2,25000	4,02
2,26667	4,02
2,28333	4,02
2,30000	4,01
2,31667	4,02
2,33333	4,02
2,35000	4,00
2,36667	4,02
2,38333	4,02
2,40000	4,01
2,41667	4,02
2,43333	4,00
2,45000	4,00
2,46667	4,02
2,48333	4,02
2,50000	4,01
2,51667	4,02
2,53333	4,01
2,55000	4,00
2,56667	4,02
2,58333	4,02
2,60000	4,01
2,61667	4,02
2,63333	4,01
2,65000	4,02
2,66667	4,02
2,68333	4,02
2,70000	4,00
2,71667	4,02
2,73333	4,01
2,75000	4,00
2,76667	4,02
2,78333	4,02
2,80000	4,00
2,81667	4,01
2,83333	4,00
2,85000	4,00
2,86667	4,01
2,88333	4,01
2,90000	4,00
2,91667	4,01
2,93333	4,01
2,95000	4,00
2,96667	4,02
2,98333	4,01
3,00000	4,00
3,01667	4,01
3,03333	4,01
3,05000	4,00
3,06667	4,01
3,08333	4,01
3,10000	4,00
3,11667	4,01
3,13333	4,01
3,15000	4,00
3,16667	4,01
3,18333	4,01
3,20000	4,01
3,21667	4,01
3,23333	4,00
3,25000	4,00
3,26667	4,01
3,28333	4,01
3,30000	4,00
3,31667	4,01
3,33333	4,01
3,35000	4,00
3,36667	4,01
3,38333	4,01
3,40000	4,00
3,41667	4,01
3,43333	4,01
3,45000	4,00
3,46667	4,01
3,48333	4,01
3,50000	4,00
3,51667	4,01
3,53333	4,01
3,55000	4,00
3,56667	4,01
3,58333	4,01
3,60000	4,01
3,61667	4,01
3,63333	4,01
3,65000	4,00
3,66667	4,01
3,68333	4,01
3,70000	4,00
3,71667	4,01
3,73333	4,01
3,75000	4,00
3,76667	4,01
3,78333	4,01
3,80000	4,00
3,81667	4,01
3,83333	4,01
3,85000	4,00
3,86667	4,01
3,88333	4,01
3,90000	4,00
3,91667	4,01
3,93333	4,01
3,95000	4,00
3,96667	4,01
3,98333	4,01
4,00000	4,01
4,01667	4,01
4,03333	4,01
4,05000	4,00
4,06667	4,01
4,08333	4,01
4,10000	4,00
4,11667	4,01
4,13333	4,01
4,15000	4,00
4,16667	4,01
4,18333	4,01
4,20000	4,00
4,21667	4,01
4,23333	4,01
4,25000	4,00
4,26667	4,01
4,28333	4,01
4,30000	4,00
4,31667	4,01
4,33333	4,01
4,35000	4,00
4,36667	4,01
4,38333	4,01
4,40000	4,00
4,41667	4,01
4,43333	4,01
4,45000	4,00
4,46667	4,01
4,48333	4,01
4,50000	4,00
4,51667	4,01
4,53333	4,01
4,55000	4,01
4,56667	4,01
4,58333	4,01
4,60000	4,00
4,61667	4,01
4,63333	4,01
4,65000	4,00
4,66667	4,01
4,68333	4,01
4,70000	4,00
4,71667	4,01
4,73333	4,01
4,75000	4,00
4,76667	4,01
4,78333	4,01
4,80000	4,00
4,81667	4,01
4,83333	4,01
4,85000	4,00
4,86667	4,01
4,88333	4,01
4,90000	3,99
4,91667	4,01
4,93333	4,01
4,95000	4,01
4,96667	4,01
4,98333	4,01
5,00000	4,00
5,01667	4,01
5,03333	4,01
5,05000	4,00
5,06667	4,01
5,08333	4,01
5,10000	4,00
5,11667	4,01
5,13333	4,00
5,15000	4,00
5,16667	4,01
5,18333	4,01
5,20000	3,99
5,21667	4,01
5,23333	4,00
5,25000	3,99
5,26667	4,01
5,28333	4,01
5,30000	3,99
5,31667	4,00
5,33333	4,00
5,35000	4,00
5,36667	4,00
5,38333	4,00
5,40000	3,99
5,41667	4,00
5,43333	4,00
5,45000	3,99
5,46667	4,00
5,48333	4,00
5,50000	3,99
5,51667	4,00
5,53333	3,99
5,55000	3,99
5,56667	4,00
5,58333	4,00
5,60000	3,99
5,61667	4,00
5,63333	4,00
5,65000	3,99
5,66667	4,00
5,68333	4,00
5,70000	3,99
5,71667	4,00
5,73333	4,00
5,75000	3,99
5,76667	4,00
5,78333	4,00
5,80000	3,99
5,81667	4,00
5,83333	4,00
5,85000	3,99
5,86667	4,00
5,88333	4,00
5,90000	4,00
5,91667	4,00
5,93333	3,99
5,95000	3,99
5,96667	4,00
5,98333	4,00
6,00000	3,99
6,01667	4,00
6,03333	4,00
6,05000	3,99
6,06667	4,00
6,08333	4,00
6,10000	3,99
6,11667	4,00
6,13333	4,00
6,15000	3,99
6,16667	4,00
6,18333	4,00
6,20000	3,99
6,21667	4,00
6,23333	4,00
6,25000	3,99
6,26667	4,00
6,28333	4,00
6,30000	4,00
6,31667	4,00
6,33333	4,00
6,35000	3,99
6,36667	4,00
6,38333	4,00
6,40000	3,99
6,41667	4,00
6,43333	4,00
6,45000	3,99
6,46667	4,00
6,48333	4,00
6,50000	3,99
6,51667	4,00
6,53333	4,00
6,55000	3,99
6,56667	4,00
6,58333	4,00
6,60000	3,99
6,61667	4,00
6,63333	4,00
6,65000	3,99
6,66667	4,00
6,68333	4,00
6,70000	4,00
6,71667	4,00
6,73333	4,00
6,75000	3,99
6,76667	4,00
6,78333	4,00
6,80000	3,99
6,81667	4,00
6,83333	4,00
6,85000	3,99
6,86667	4,00
6,88333	4,00
6,90000	3,99
6,91667	4,00
6,93333	4,00
6,95000	3,99
6,96667	4,00
6,98333	4,00
7,00000	3,99
7,01667	4,00
7,03333	4,00
7,05000	3,99
7,06667	4,00
7,08333	4,00
7,10000	3,99
7,11667	4,00
7,13333	4,00
7,15000	3,99
7,16667	4,00
7,18333	4,00
7,20000	3,99
7,21667	4,00
7,23333	4,00
7,25000	4,00
7,26667	4,00
7,28333	4,00
7,30000	3,99
7,31667	4,00
7,33333	4,00
7,35000	3,99
7,36667	4,00
7,38333	4,00
7,40000	3,99
7,41667	4,00
7,43333	4,00
7,45000	3,99
7,46667	4,00
7,48333	4,00
7,50000	3,99
7,51667	4,00
7,53333	4,00
7,55000	3,99
7,56667	4,00
7,58333	4,00
7,60000	3,99
7,61667	4,00
7,63333	4,00
7,65000	4,00
7,66667	4,00
7,68333	4,00
7,70000	3,99
7,71667	4,00
7,73333	4,00
7,75000	3,99
7,76667	4,00
7,78333	4,00
7,80000	3,99
7,81667	4,00
7,83333	3,99
7,85000	3,99
7,86667	4,00
7,88333	4,00
7,90000	3,99
7,91667	4,00
7,93333	4,00
7,95000	3,99
7,96667	4,00
7,98333	4,00
8,00000	3,99
8,01667	4,00
8,03333	4,00
8,05000	4,00
8,06667	4,00
8,08333	4,00
8,10000	3,99
8,11667	4,00
8,13333	4,00
8,15000	3,99
8,16667	4,00
8,18333	4,00
8,20000	3,99
8,21667	4,00
8,23333	3,99
8,25000	3,99
8,26667	4,00
8,28333	4,00
8,30000	3,99
8,31667	4,00
8,33333	4,00
8,35000	3,99
8,36667	4,00
8,38333	4,00
8,40000	3,99
8,41667	4,00
8,43333	4,00
8,45000	3,99
8,46667	4,00
8,48333	4,00
8,50000	3,99
8,51667	4,00
8,53333	4,00
8,55000	3,99
8,56667	4,00
8,58333	4,00
8,60000	4,00
8,61667	4,00
8,63333	3,99
8,65000	3,99
8,66667	4,00
8,68333	4,00
8,70000	3,99
8,71667	4,00
8,73333	4,00
8,75000	3,99
8,76667	4,00
8,78333	4,00
8,80000	3,99
8,81667	4,00
8,83333	4,00
8,85000	3,99
8,86667	4,00
8,88333	4,00
8,90000	3,99
8,91667	4,00
8,93333	4,00
8,95000	3,99
8,96667	4,00
8,98333	4,00
9,00000	4,00
9,01667	4,00
9,03333	4,00
9,05000	3,99
9,06667	4,00
9,08333	4,00
9,10000	3,99
9,11667	4,00
9,13333	4,00
9,15000	3,99
9,16667	4,00
9,18333	4,00
9,20000	3,99
9,21667	4,00
9,23333	4,00
9,25000	3,99
9,26667	4,00
9,28333	4,00
9,30000	3,99
9,31667	4,00
9,33333	4,00
9,35000	3,99
9,36667	4,00
9,38333	4,00
9,40000	4,00
9,41667	4,00
9,43333	4,00
9,45000	3,99
9,46667	4,00
9,48333	4,00
9,50000	3,99
9,51667	4,00
9,53333	4,00
9,55000	3,99
9,56667	4,00
9,58333	4,00
9,60000	3,99
9,61667	4,00
9,63333	4,00
9,65000	3,99
9,66667	4,00
9,68333	4,00
9,70000	3,99
9,71667	4,00
9,73333	4,00
9,75000	3,99
9,76667	4,00
9,78333	4,00
9,80000	3,99
9,81667	4,00
9,83333	4,00
9,85000	3,99
9,86667	4,00
9,88333	4,00
9,90000	3,99
9,91667	4,00
9,93333	4,00
9,95000	4,00
9,96667	4,00
9,98333	4,00
10,00000	3,99
10,01667	4,00
10,03333	4,00
10,05000	3,99
10,06667	4,00
10,08333	4,00
10,10000	3,99
10,11667	4,00
10,13333	4,00
10,15000	3,99
10,16667	4,00
10,18333	4,00
10,20000	3,99
10,21667	4,00
10,23333	4,00
10,25000	3,99
10,26667	4,00
10,28333	4,00
10,30000	3,99
10,31667	4,00
10,33333	4,00
10,35000	4,00
10,36667	4,00
10,38333	4,00
10,40000	3,99
10,41667	4,00
10,43333	4,00
10,45000	3,99
10,46667	4,00
10,48333	4,00
10,50000	3,99
10,51667	4,00
10,53333	3,99
10,55000	3,99
10,56667	4,00
10,58333	4,00
10,60000	3,99
10,61667	4,00
10,63333	4,00
10,65000	3,99
10,66667	4,00
10,68333	4,00
10,70000	3,99
10,71667	4,00
10,73333	4,00
10,75000	4,00
10,76667	4,00
10,78333	4,00
10,80000	3,99
10,81667	4,00
10,83333	4,00
10,85000	3,99
10,86667	4,00
10,88333	4,00
10,90000	3,99
10,91667	4,00
10,93333	3,99
10,95000	3,99
10,96667	4,00
10,98333	4,00
11,00000	3,99
11,01667	4,00
11,03333	4,00
11,05000	3,99
11,06667	4,00
11,08333	4,00
11,10000	3,99
11,11667	4,00
11,13333	4,00
11,15000	3,99
11,16667	4,00
11,18333	4,00
11,20000	3,99
11,21667	4,00
11,23333	4,00
11,25000	3,99
11,26667	4,00
11,28333	4,00
11,30000	4,00
11,31667	4,00
11,33333	4,00
11,35000	3,99
11,36667	4,00
11,38333	4,00
11,40000	3,99
11,41667	4,00
11,43333	4,00
11,45000	3,99
11,46667	4,00
11,48333	4,00
11,50000	3,99
11,51667	4,00
11,53333	4,00
11,55000	3,99
11,56667	4,00
11,58333	4,00
11,60000	3,99
11,61667	4,00
11,63333	4,00
11,65000	3,99
11,66667	4,00
11,68333	4,00
11,70000	4,00
11,71667	4,00
11,73333	4,00
11,75000	3,99
11,76667	4,00
11,78333	4,00
11,80000	3,99
11,81667	4,00
11,83333	4,00
11,85000	3,99
11,86667	4,00
11,88333	4,00
11,90000	3,99
11,91667	4,00
11,93333	4,00
11,95000	3,99
11,96667	4,00
11,98333	4,00
12,00000	3,99
12,01667	4,00
12,03333	4,00
12,05000	3,99
12,06667	4,00
12,08333	4,00
12,10000	4,00
12,11667	4,00
12,13333	4,00
12,15000	3,99
12,16667	4,00
12,18333	4,00
12,20000	3,99
12,21667	4,00
12,23333	4,00
12,25000	3,99
12,26667	4,00
12,28333	4,00
12,30000	3,99
12,31667	4,00
12,33333	4,00
12,35000	3,99
12,36667	4,00
12,38333	4,00
12,40000	3,99
12,41667	4,00
12,43333	4,00
12,45000	3,99
12,46667	4,01
12,48333	4,01
12,50000	3,99
12,51667	4,00
12,53333	4,01
12,55000	3,99
12,56667	4,00
12,58333	4,00
12,60000	4,00
12,61667	4,01
12,63333	4,01
12,65000	4,00
12,66667	4,00
12,68333	4,00
12,70000	3,99
12,71667	4,00
12,73333	4,01
12,75000	3,99
12,76667	4,01
12,78333	4,01
12,80000	4,00
12,81667	4,01
12,83333	4,01
12,85000	3,99
12,86667	4,01
12,88333	4,01
12,90000	4,00
12,91667	4,01
12,93333	4,01
12,95000	3,99
12,96667	4,01
12,98333	4,01
13,00000	4,00
13,01667	4,01
13,03333	4,01
13,05000	4,01
13,06667	4,01
13,08333	4,01
13,10000	4,00
13,11667	4,01
13,13333	4,01
13,15000	4,00
13,16667	4,01
13,18333	4,01
13,20000	4,00
13,21667	4,01
13,23333	4,00
13,25000	4,00
13,26667	4,01
13,28333	4,01
13,30000	3,99
13,31667	4,01
13,33333	4,01
13,35000	4,00
13,36667	4,01
13,38333	4,01
13,40000	4,00
13,41667	4,01
13,43333	4,01
13,45000	4,01
13,46667	4,01
13,48333	4,01
13,50000	3,99
13,51667	4,01
13,53333	4,01
13,55000	4,00
13,56667	4,01
13,58333	4,01
13,60000	3,99
13,61667	4,01
13,63333	4,00
13,65000	4,00
13,66667	4,01
13,68333	4,01
13,70000	4,00
13,71667	4,01
13,73333	4,01
13,75000	4,00
13,76667	4,01
13,78333	4,01
13,80000	4,00
13,81667	4,01
13,83333	4,01
13,85000	4,00
13,86667	4,01
13,88333	4,01
13,90000	4,00
13,91667	4,01
13,93333	4,01
13,95000	4,00
13,96667	4,01
13,98333	4,01
14,00000	4,01
14,01667	4,01
14,03333	4,01
14,05000	4,00
14,06667	4,01
14,08333	4,01
14,10000	4,00
14,11667	4,01
14,13333	4,01
14,15000	4,00
14,16667	4,01
14,18333	4,01
14,20000	4,00
14,21667	4,01
14,23333	4,01
14,25000	4,00
14,26667	4,01
14,28333	4,01
14,30000	4,00
14,31667	4,01
14,33333	4,01
14,35000	4,00
14,36667	4,01
14,38333	4,01
14,40000	4,01
14,41667	4,01
14,43333	4,01
14,45000	4,00
14,46667	4,01
14,48333	4,01
14,50000	4,00
14,51667	4,01
14,53333	4,01
14,55000	4,00
14,56667	4,01
14,58333	4,01
14,60000	4,00
14,61667	4,01
14,63333	4,01
14,65000	4,00
14,66667	4,01
14,68333	4,01
14,70000	4,00
14,71667	4,01
14,73333	4,01
14,75000	4,00
14,76667	4,01
14,78333	4,01
14,80000	4,01
14,81667	4,01
14,83333	4,01
14,85000	4,00
14,86667	4,01
14,88333	4,01
14,90000	4,00
14,91667	4,01
14,93333	4,01
14,95000	4,00
14,96667	4,01
14,98333	4,01
15,00000	4,00
15,01667	4,01
15,03333	4,01
15,05000	4,00
15,06667	4,01
15,08333	4,01
15,10000	4,00
15,11667	4,01
15,13333	4,01
15,15000	4,00
15,16667	4,01
15,18333	4,01
15,20000	4,00
15,21667	4,01
15,23333	4,01
15,25000	4,00
15,26667	4,01
15,28333	4,01
15,30000	4,00
15,31667	4,01
15,33333	4,01
15,35000	4,01
15,36667	4,01
15,38333	4,01
15,40000	4,00
15,41667	4,01
15,43333	4,01
15,45000	4,00
15,46667	4,01
15,48333	4,01
15,50000	3,99
15,51667	4,01
15,53333	4,01
15,55000	3,99
15,56667	4,01
15,58333	4,01
15,60000	4,00
15,61667	4,01
15,63333	4,01
15,65000	3,99
15,66667	4,01
15,68333	4,01
15,70000	4,00
15,71667	4,01
15,73333	4,01
15,75000	4,01
15,76667	4,01
15,78333	4,01
15,80000	3,99
15,81667	4,01
15,83333	4,01
15,85000	3,99
15,86667	4,00
15,88333	4,01
15,90000	3,99
15,91667	4,01
15,93333	3,99
15,95000	3,99
15,96667	4,00
15,98333	4,00
16,00000	3,99
16,01667	4,00
16,03333	4,00
16,05000	3,99
16,06667	4,00
16,08333	4,00
16,10000	3,99
16,11667	4,00
16,13333	4,00
16,15000	4,00
16,16667	4,00
16,18333	4,00
16,20000	3,99
16,21667	4,00
16,23333	4,00
16,25000	3,99
16,26667	4,00
16,28333	4,00
16,30000	3,99
16,31667	4,00
16,33333	3,99
16,35000	3,99
16,36667	4,00
16,38333	4,00
16,40000	3,99
16,41667	4,00
16,43333	4,00
16,45000	3,99
16,46667	4,00
16,48333	4,00
16,50000	3,99
16,51667	4,00
16,53333	4,00
16,55000	3,99
16,56667	4,00
16,58333	4,00
16,60000	3,99
16,61667	4,00
16,63333	4,00
16,65000	3,99
16,66667	4,00
16,68333	4,00
16,70000	4,00
16,71667	4,00
16,73333	4,00
16,75000	3,99
16,76667	4,00
16,78333	4,00
16,80000	3,99
16,81667	4,00
16,83333	4,00
16,85000	3,99
16,86667	4,00
16,88333	4,00
16,90000	3,99
16,91667	4,00
16,93333	4,00
16,95000	3,99
16,96667	4,00
16,98333	4,00
17,00000	3,99
17,01667	4,00
17,03333	4,00
17,05000	3,99
17,06667	4,00
17,08333	4,00
17,10000	4,00
17,11667	4,00
17,13333	4,00
17,15000	3,99
17,16667	4,00
17,18333	4,00
17,20000	3,99
17,21667	4,00
17,23333	4,00
17,25000	3,99
17,26667	4,00
17,28333	4,00
17,30000	3,99
17,31667	4,00
17,33333	4,00
17,35000	3,99
17,36667	4,00
17,38333	4,00
17,40000	3,99
17,41667	4,00
17,43333	4,00
17,45000	3,99
17,46667	4,00
17,48333	4,00
17,50000	4,00
17,51667	4,00
17,53333	4,00
17,55000	3,99
17,56667	4,00
17,58333	4,00
17,60000	3,99
17,61667	4,00
17,63333	4,00
17,65000	3,99
17,66667	4,00
17,68333	4,00
17,70000	3,99
17,71667	4,00
17,73333	4,00
17,75000	3,99
17,76667	4,00
17,78333	4,00
17,80000	3,99
17,81667	4,00
17,83333	4,00
17,85000	3,99
17,86667	4,00
17,88333	4,00
17,90000	3,99
17,91667	4,00
17,93333	4,00
17,95000	3,99
17,96667	4,00
17,98333	4,00
18,00000	3,99
18,01667	4,00
18,03333	4,00
18,05000	4,00
18,06667	4,00
18,08333	4,00
18,10000	3,99
18,11667	4,00
18,13333	4,00
18,15000	3,99
18,16667	4,00
18,18333	4,00
18,20000	3,99
18,21667	4,00
18,23333	4,00
18,25000	3,99
18,26667	4,00
18,28333	4,00
18,30000	3,99
18,31667	4,00
18,33333	4,00
18,35000	3,99
18,36667	4,00
18,38333	4,00
18,40000	3,99
18,41667	4,00
18,43333	4,00
18,45000	4,00
18,46667	4,00
18,48333	4,00
18,50000	3,99
18,51667	4,00
18,53333	4,00
18,55000	3,99
18,56667	4,00
18,58333	4,00
18,60000	3,99
18,61667	4,00
18,63333	3,99
18,65000	3,99
18,66667	4,00
18,68333	4,00
18,70000	3,99
18,71667	4,00
18,73333	4,00
18,75000	3,99
18,76667	4,00
18,78333	4,00
18,80000	3,99
18,81667	4,00
18,83333	4,00
18,85000	4,00
18,86667	4,00
18,88333	4,00
18,90000	3,99
18,91667	4,00
18,93333	4,00
18,95000	3,99
18,96667	4,00
18,98333	4,00
19,00000	3,99
19,01667	4,00
19,03333	3,99
19,05000	3,99
19,06667	4,00
19,08333	4,00
19,10000	3,99
19,11667	4,00
19,13333	4,00
19,15000	3,99
19,16667	4,00
19,18333	4,00
19,20000	3,99
19,21667	4,00
19,23333	4,00
19,25000	3,99
19,26667	4,00
19,28333	4,00
19,30000	3,99
19,31667	4,00
19,33333	4,00
19,35000	3,99
19,36667	4,00
19,38333	4,00
19,40000	4,00
19,41667	4,00
19,43333	4,01
19,45000	3,99
19,46667	4,00
19,48333	4,00
19,50000	3,99
19,51667	4,00
19,53333	4,00
19,55000	3,99
19,56667	4,00
19,58333	4,00
19,60000	3,99
19,61667	4,00
19,63333	4,00
19,65000	3,99
19,66667	4,00
19,68333	4,00
19,70000	3,99
19,71667	4,01
19,73333	4,01
19,75000	3,99
19,76667	4,00
19,78333	4,00
19,80000	4,00
19,81667	4,00
19,83333	4,01
19,85000	3,99
19,86667	4,00
19,88333	4,00
19,90000	3,99
19,91667	4,01
19,93333	4,01
19,95000	3,99
19,96667	4,00
19,98333	4,00
20,00000	3,99
20,01667	4,01
20,03333	4,01
20,05000	3,99
20,06667	4,00
20,08333	4,00
20,10000	3,99
20,11667	4,01
20,13333	4,01
20,15000	3,99
20,16667	4,01
20,18333	4,00
20,20000	4,01
20,21667	4,01
20,23333	4,00
20,25000	3,99
20,26667	4,00
20,28333	4,01
20,30000	3,99
20,31667	4,01
20,33333	4,00
20,35000	3,99
20,36667	4,00
20,38333	4,01
20,40000	3,99
20,41667	4,00
20,43333	4,00
20,45000	3,99
20,46667	4,00
20,48333	4,00
20,50000	3,99
20,51667	4,01
20,53333	4,00
20,55000	3,99
20,56667	4,01
20,58333	4,01
20,60000	3,99
20,61667	4,01
20,63333	4,01
20,65000	3,99
20,66667	4,01
20,68333	4,01
20,70000	3,99
20,71667	4,00
20,73333	4,01
20,75000	4,01
20,76667	4,01
20,78333	4,01
20,80000	3,99
20,81667	4,00
20,83333	4,01
20,85000	4,00
20,86667	4,01
20,88333	4,01
20,90000	4,00
20,91667	4,01
20,93333	4,01
20,95000	4,00
20,96667	4,01
20,98333	4,01
21,00000	3,99
21,01667	4,01
21,03333	4,01
21,05000	4,00
21,06667	4,01
21,08333	4,01
21,10000	4,00
21,11667	4,01
21,13333	4,01
21,15000	4,01
21,16667	4,01
21,18333	4,01
21,20000	3,99
21,21667	4,01
21,23333	4,01
21,25000	4,00
21,26667	4,01
21,28333	4,01
21,30000	4,00
21,31667	4,01
21,33333	4,00
21,35000	4,00
21,36667	4,01
21,38333	4,01
21,40000	4,00
21,41667	4,01
21,43333	4,01
21,45000	4,00
21,46667	4,01
21,48333	4,01
21,50000	4,00
21,51667	4,01
21,53333	4,01
21,55000	4,01
21,56667	4,01
21,58333	4,01
21,60000	4,00
21,61667	4,01
21,63333	4,01
21,65000	4,00
21,66667	4,01
21,68333	4,01
21,70000	4,00
21,71667	4,01
21,73333	4,00
21,75000	4,00
21,76667	4,01
21,78333	4,01
21,80000	4,00
21,81667	4,01
21,83333	4,01
21,85000	4,00
21,86667	4,01
21,88333	4,01
21,90000	4,00
21,91667	4,01
21,93333	4,01
21,95000	4,00
21,96667	4,01
21,98333	4,01
22,00000	4,00
22,01667	4,01
22,03333	4,01
22,05000	4,00
22,06667	4,01
22,08333	4,01
22,10000	4,01
22,11667	4,01
22,13333	4,01
22,15000	4,00
22,16667	4,01
22,18333	4,01
22,20000	4,00
22,21667	4,01
22,23333	4,01
22,25000	4,00
22,26667	4,01
22,28333	4,01
22,30000	3,99
22,31667	4,01
22,33333	4,01
22,35000	4,00
22,36667	4,01
22,38333	4,01
22,40000	4,00
22,41667	4,01
22,43333	4,01
22,45000	4,00
22,46667	4,01
22,48333	4,01
22,50000	4,01
22,51667	4,01
22,53333	4,01
22,55000	4,00
22,56667	4,01
22,58333	4,00
22,60000	3,99
22,61667	4,01
22,63333	4,01
22,65000	4,00
22,66667	4,01
22,68333	4,01
22,70000	3,99
22,71667	4,01
22,73333	4,01
22,75000	3,99
22,76667	4,01
22,78333	4,01
22,80000	3,99
22,81667	4,01
22,83333	4,01
22,85000	3,99
22,86667	4,01
22,88333	4,00
22,90000	4,01
22,91667	4,01
22,93333	4,01
22,95000	3,99
22,96667	4,01
22,98333	4,00
23,00000	3,99
23,01667	4,01
23,03333	4,01
23,05000	3,99
23,06667	4,00
23,08333	4,01
23,10000	3,99
23,11667	4,00
23,13333	4,00
23,15000	3,99
23,16667	4,00
23,18333	4,00
23,20000	3,99
23,21667	4,00
23,23333	4,00
23,25000	3,99
23,26667	4,00
23,28333	4,00
23,30000	3,99
23,31667	4,00
23,33333	4,00
23,35000	3,99
23,36667	4,00
23,38333	4,00
23,40000	3,99
23,41667	4,00
23,43333	4,00
23,45000	4,00
23,46667	4,00
23,48333	4,00
23,50000	3,99
23,51667	4,00
23,53333	4,00
23,55000	3,99
23,56667	4,00
23,58333	4,00
23,60000	3,99
23,61667	4,00
23,63333	4,00
23,65000	3,99
23,66667	4,00
23,68333	4,00
23,70000	3,99
23,71667	4,00
23,73333	4,00
23,75000	3,99
23,76667	4,00
23,78333	4,00
23,80000	3,99
23,81667	4,00
23,83333	4,00
23,85000	4,00
23,86667	4,00
23,88333	4,00
23,90000	3,99
23,91667	4,00
23,93333	4,00
23,95000	3,99
23,96667	4,00
23,98333	4,00
24,00000	3,99
24,01667	4,00
24,03333	3,99
24,05000	3,99
24,06667	4,00
24,08333	4,00
24,10000	3,99
24,11667	4,00
24,13333	4,00
24,15000	3,99
24,16667	4,00
24,18333	4,00
24,20000	3,99
24,21667	4,00
24,23333	4,00
24,25000	4,00
24,26667	4,00
24,28333	4,00
24,30000	3,99
24,31667	4,00
24,33333	4,00
24,35000	3,99
24,36667	4,00
24,38333	4,00
24,40000	3,99
24,41667	4,00
24,43333	3,99
24,45000	3,99
24,46667	4,00
24,48333	4,00
24,50000	3,99
24,51667	4,00
24,53333	4,00
24,55000	3,99
24,56667	4,00
24,58333	4,00
24,60000	3,99
24,61667	4,00
24,63333	4,00
24,65000	3,99
24,66667	4,00
24,68333	4,00
24,70000	3,99
24,71667	4,00
24,73333	4,00
24,75000	3,99
24,76667	4,00
24,78333	4,00
24,80000	4,00
24,81667	4,00
24,83333	4,00
24,85000	3,99
24,86667	4,00
24,88333	4,00
24,90000	3,99
24,91667	4,00
24,93333	4,00
24,95000	3,99
24,96667	4,00
24,98333	4,00
25,00000	3,99
25,01667	4,00
25,03333	4,00
25,05000	3,99
25,06667	4,00
25,08333	4,00
25,10000	3,99
25,11667	4,00
25,13333	4,00
25,15000	3,99
25,16667	4,00
25,18333	4,00
25,20000	4,00
25,21667	4,00
25,23333	4,00
25,25000	3,99
25,26667	4,00
25,28333	4,00
25,30000	3,99
25,31667	4,00
25,33333	4,00
25,35000	3,99
25,36667	4,00
25,38333	4,00
25,40000	3,99
25,41667	4,00
25,43333	4,00
25,45000	3,99
25,46667	4,00
25,48333	4,00
25,50000	3,99
25,51667	4,00
25,53333	4,00
25,55000	3,99
25,56667	4,00
25,58333	4,00
25,60000	4,00
25,61667	4,00
25,63333	4,00
25,65000	3,99
25,66667	4,00
25,68333	4,00
25,70000	3,99
25,71667	4,00
25,73333	4,00
25,75000	3,99
25,76667	4,00
25,78333	4,00
25,80000	3,99
25,81667	4,00
25,83333	4,00
25,85000	3,99
25,86667	4,00
25,88333	4,00
25,90000	3,99
25,91667	4,00
25,93333	4,00
25,95000	3,99
25,96667	4,00
25,98333	4,00
26,00000	3,99
26,01667	4,00
26,03333	4,00
26,05000	3,99
26,06667	4,00
26,08333	4,00
26,10000	3,99
26,11667	4,00
26,13333	4,00
26,15000	4,00
26,16667	4,00
26,18333	4,00
26,20000	3,99
26,21667	4,00
26,23333	4,00
26,25000	3,99
26,26667	4,00
26,28333	4,00
26,30000	3,99
26,31667	4,00
26,33333	4,00
26,35000	3,99
26,36667	4,00
26,38333	4,00
26,40000	3,99
26,41667	4,00
26,43333	4,00
26,45000	3,99
26,46667	4,00
26,48333	4,00
26,50000	3,99
26,51667	4,00
26,53333	4,00
26,55000	4,00
26,56667	4,00
26,58333	4,00
26,60000	3,99
26,61667	4,00
26,63333	4,00
26,65000	3,99
26,66667	4,00
26,68333	4,00
26,70000	3,99
26,71667	4,00
26,73333	3,99
26,75000	3,99
26,76667	4,00
26,78333	4,00
26,80000	3,99
26,81667	4,00
26,83333	4,00
26,85000	3,99
26,86667	4,00
26,88333	4,00
26,90000	3,99
26,91667	4,00
26,93333	4,00
26,95000	4,00
26,96667	4,00
26,98333	4,00
27,00000	3,99
27,01667	4,00
27,03333	4,00
27,05000	3,99
27,06667	4,00
27,08333	4,00
27,10000	3,99
27,11667	4,00
27,13333	3,99
27,15000	3,99
27,16667	4,00
27,18333	4,00
27,20000	3,99
27,21667	4,00
27,23333	4,00
27,25000	3,99
27,26667	4,00
27,28333	4,00
27,30000	3,99
27,31667	4,00
27,33333	4,00
27,35000	3,99
27,36667	4,00
27,38333	4,00
27,40000	3,99
27,41667	4,00
27,43333	4,00
27,45000	3,99
27,46667	4,00
27,48333	4,00
27,50000	4,00
27,51667	4,00
27,53333	4,00
27,55000	3,99
27,56667	4,00
27,58333	4,00
27,60000	3,99
27,61667	4,00
27,63333	4,00
27,65000	3,99
27,66667	4,00
27,68333	4,00
27,70000	3,99
27,71667	4,00
27,73333	4,00
27,75000	3,99
27,76667	4,00
27,78333	4,00
27,80000	3,99
27,81667	4,00
27,83333	4,00
27,85000	3,99
27,86667	4,00
27,88333	4,00
27,90000	4,00
27,91667	4,00
27,93333	4,00
27,95000	3,99
27,96667	4,00
27,98333	4,00
28,00000	3,99
28,01667	4,00
28,03333	4,00
28,05000	3,99
28,06667	4,00
28,08333	4,00
28,10000	3,99
28,11667	4,00
28,13333	4,00
28,15000	3,99
28,16667	4,00
28,18333	4,00
28,20000	3,99
28,21667	4,00
28,23333	4,00
28,25000	3,99
28,26667	4,00
28,28333	4,00
28,30000	4,00
28,31667	4,00
28,33333	4,00
28,35000	3,99
28,36667	4,00
28,38333	4,00
28,40000	3,99
28,41667	4,00
28,43333	4,00
28,45000	3,99
28,46667	4,00
28,48333	4,00
28,50000	3,99
28,51667	4,00
28,53333	4,00
28,55000	3,99
28,56667	4,00
28,58333	4,00
28,60000	3,99
28,61667	4,00
28,63333	4,00
28,65000	3,99
28,66667	4,00
28,68333	4,00
28,70000	3,99
28,71667	4,00
28,73333	4,00
28,75000	3,99
28,76667	4,00
28,78333	4,00
28,80000	3,99
28,81667	4,01
28,83333	4,00
28,85000	4,00
28,86667	4,00
28,88333	4,00
28,90000	3,99
28,91667	4,00
28,93333	4,01
28,95000	3,99
28,96667	4,00
28,98333	4,00
29,00000	3,99
29,01667	4,01
29,03333	4,00
29,05000	3,99
29,06667	4,00
29,08333	4,00
29,10000	3,99
29,11667	4,01
29,13333	4,00
29,15000	3,99
29,16667	4,00
29,18333	4,01
29,20000	3,99
29,21667	4,01
29,23333	4,00
29,25000	4,01
29,26667	4,01
29,28333	4,01
29,30000	4,00
29,31667	4,01
29,33333	4,01
29,35000	3,99
29,36667	4,01
29,38333	4,01
29,40000	4,00
29,41667	4,01
29,43333	3,99
29,45000	3,99
29,46667	4,01
29,48333	4,01
29,50000	4,00
29,51667	4,01
29,53333	4,01
29,55000	4,00
29,56667	4,01
29,58333	4,01
29,60000	3,99
29,61667	4,01
29,63333	4,01
29,65000	4,00
29,66667	4,01
29,68333	4,01
29,70000	4,00
29,71667	4,01
29,73333	4,01
29,75000	4,00
29,76667	4,01
29,78333	4,01
29,80000	4,00
29,81667	4,01
29,83333	4,00
29,85000	4,00
29,86667	4,01
29,88333	4,01
29,90000	4,00
29,91667	4,01
29,93333	4,01
29,95000	4,00
29,96667	4,01
29,98333	4,01
30,00000	4,00
30,01667	4,01
30,03333	4,01
30,05000	4,00
30,06667	4,01
30,08333	4,01
30,10000	4,00
30,11667	4,01
30,13333	4,01
30,15000	4,00
30,16667	4,01
30,18333	4,01
30,20000	4,01
30,21667	4,01
30,23333	4,01
30,25000	4,00
30,26667	4,01
30,28333	4,01
30,30000	4,00
30,31667	4,01
30,33333	4,01
30,35000	4,00
30,36667	4,01
30,38333	4,01
30,40000	4,00
30,41667	4,01
30,43333	4,01
30,45000	4,00
30,46667	4,01
30,48333	4,01
30,50000	4,00
30,51667	4,01
30,53333	4,01
30,55000	4,00
30,56667	4,01
30,58333	4,01
30,60000	4,01
30,61667	4,01
30,63333	4,01
30,65000	4,00
30,66667	4,01
30,68333	4,01
30,70000	4,00
30,71667	4,01
30,73333	4,01
30,75000	4,00
30,76667	4,01
30,78333	4,01
30,80000	4,00
30,81667	4,01
30,83333	4,01
30,85000	4,00
30,86667	4,01
30,88333	4,01
30,90000	4,00
30,91667	4,01
30,93333	4,01
30,95000	4,00
30,96667	4,01
30,98333	4,01
31,00000	4,00
31,01667	4,01
31,03333	4,01
31,05000	4,00
31,06667	4,01
31,08333	4,01
31,10000	4,00
31,11667	4,01
31,13333	4,01
31,15000	4,00
31,16667	4,01
31,18333	4,01
31,20000	4,00
31,21667	4,01
31,23333	4,01
31,25000	4,00
31,26667	4,01
31,28333	4,01
31,30000	4,00
31,31667	4,01
31,33333	4,01
31,35000	4,00
31,36667	4,01
31,38333	4,01
31,40000	4,00
31,41667	4,01
31,43333	4,01
31,45000	4,00
31,46667	4,01
31,48333	4,01
31,50000	4,00
31,51667	4,01
31,53333	4,01
31,55000	4,01
31,56667	4,01
31,58333	4,01
31,60000	4,00
31,61667	4,01
31,63333	4,01
31,65000	4,00
31,66667	4,01
31,68333	4,01
31,70000	4,00
31,71667	4,01
31,73333	4,01
31,75000	4,00
31,76667	4,01
31,78333	4,01
31,80000	4,00
31,81667	4,01
31,83333	4,01
31,85000	4,00
31,86667	4,01
31,88333	4,01
31,90000	4,00
31,91667	4,01
31,93333	4,01
31,95000	4,01
31,96667	4,01
31,98333	4,01
32,00000	4,00

[LC Status Trace(Oven Temp.)]
Interval(msec)	1000
# of Points	1921
Start Time(min)	0,000
End Time(min)	32,000
Intensity Units	C
Intensity Multiplier	1
R.Time (min)	Intensity
0,00000	49,99
0,01667	49,99
0,03333	49,99
0,05000	49,99
0,06667	49,99
0,08333	49,99
0,10000	49,99
0,11667	49,99
0,13333	49,99
0,15000	49,99
0,16667	49,99
0,18333	49,99
0,20000	49,99
0,21667	49,99
0,23333	49,99
0,25000	49,99
0,26667	49,99
0,28333	49,99
0,30000	49,99
0,31667	49,99
0,33333	49,99
0,35000	49,99
0,36667	49,99
0,38333	49,99
0,40000	49,99
0,41667	49,99
0,43333	49,99
0,45000	49,99
0,46667	49,99
0,48333	49,99
0,50000	49,99
0,51667	49,99
0,53333	49,99
0,55000	49,99
0,56667	50,00
0,58333	50,00
0,60000	50,00
0,61667	50,00
0,63333	50,00
0,65000	50,00
0,66667	50,00
0,68333	50,00
0,70000	50,00
0,71667	50,00
0,73333	50,00
0,75000	50,00
0,76667	50,00
0,78333	50,00
0,80000	50,00
0,81667	50,00
0,83333	50,00
0,85000	50,00
0,86667	50,00
0,88333	50,00
0,90000	50,00
0,91667	50,00
0,93333	50,00
0,95000	50,00
0,96667	50,00
0,98333	50,00
1,00000	50,00
1,01667	50,00
1,03333	50,00
1,05000	50,00
1,06667	50,00
1,08333	50,00
1,10000	50,00
1,11667	50,00
1,13333	50,00
1,15000	50,00
1,16667	50,00
1,18333	50,00
1,20000	50,00
1,21667	50,00
1,23333	50,00
1,25000	50,00
1,26667	50,00
1,28333	50,00
1,30000	50,00
1,31667	50,00
1,33333	50,00
1,35000	50,00
1,36667	50,00
1,38333	50,00
1,40000	50,00
1,41667	50,00
1,43333	50,00
1,45000	50,00
1,46667	50,00
1,48333	50,00
1,50000	50,00
1,51667	50,00
1,53333	50,00
1,55000	50,00
1,56667	50,00
1,58333	50,00
1,60000	50,00
1,61667	49,99
1,63333	49,99
1,65000	49,99
1,66667	49,99
1,68333	49,99
1,70000	49,99
1,71667	49,99
1,73333	49,99
1,75000	49,99
1,76667	49,99
1,78333	49,99
1,80000	49,99
1,81667	49,99
1,83333	49,99
1,85000	49,99
1,86667	49,99
1,88333	49,99
1,90000	49,99
1,91667	49,99
1,93333	49,99
1,95000	49,99
1,96667	49,99
1,98333	49,99
2,00000	49,99
2,01667	49,99
2,03333	49,99
2,05000	49,99
2,06667	49,99
2,08333	49,99
2,10000	49,99
2,11667	49,99
2,13333	49,99
2,15000	49,99
2,16667	49,99
2,18333	49,99
2,20000	49,99
2,21667	49,99
2,23333	49,99
2,25000	49,99
2,26667	49,99
2,28333	49,99
2,30000	49,99
2,31667	49,99
2,33333	49,99
2,35000	49,99
2,36667	49,99
2,38333	49,99
2,40000	50,00
2,41667	50,00
2,43333	50,00
2,45000	50,00
2,46667	50,00
2,48333	50,00
2,50000	50,00
2,51667	50,00
2,53333	50,00
2,55000	50,00
2,56667	50,00
2,58333	50,00
2,60000	50,00
2,61667	50,00
2,63333	50,00
2,65000	50,00
2,66667	50,00
2,68333	50,00
2,70000	50,00
2,71667	50,00
2,73333	50,00
2,75000	50,00
2,76667	50,00
2,78333	50,00
2,80000	50,00
2,81667	50,00
2,83333	50,00
2,85000	50,00
2,86667	50,00
2,88333	50,00
2,90000	50,00
2,91667	50,00
2,93333	50,00
2,95000	50,00
2,96667	50,00
2,98333	50,00
3,00000	50,00
3,01667	50,00
3,03333	50,00
3,05000	50,00
3,06667	50,00
3,08333	50,00
3,10000	50,00
3,11667	50,00
3,13333	50,00
3,15000	50,00
3,16667	50,00
3,18333	50,00
3,20000	50,00
3,21667	50,00
3,23333	50,00
3,25000	50,00
3,26667	50,00
3,28333	50,00
3,30000	50,00
3,31667	50,00
3,33333	50,00
3,35000	50,00
3,36667	50,00
3,38333	50,00
3,40000	50,00
3,41667	50,00
3,43333	49,99
3,45000	50,00
3,46667	50,00
3,48333	50,00
3,50000	50,00
3,51667	50,00
3,53333	50,00
3,55000	50,00
3,56667	50,00
3,58333	50,00
3,60000	50,00
3,61667	50,00
3,63333	50,00
3,65000	50,00
3,66667	49,99
3,68333	49,99
3,70000	49,99
3,71667	49,99
3,73333	49,99
3,75000	49,99
3,76667	49,99
3,78333	49,99
3,80000	49,99
3,81667	49,99
3,83333	50,00
3,85000	50,00
3,86667	50,00
3,88333	50,00
3,90000	50,00
3,91667	50,00
3,93333	50,00
3,95000	50,00
3,96667	50,00
3,98333	50,00
4,00000	50,00
4,01667	50,00
4,03333	50,00
4,05000	50,00
4,06667	50,00
4,08333	50,00
4,10000	50,00
4,11667	50,00
4,13333	50,00
4,15000	50,00
4,16667	50,00
4,18333	50,00
4,20000	50,00
4,21667	50,00
4,23333	50,00
4,25000	50,00
4,26667	50,00
4,28333	50,00
4,30000	50,00
4,31667	50,00
4,33333	50,00
4,35000	50,00
4,36667	50,00
4,38333	50,00
4,40000	50,00
4,41667	50,00
4,43333	50,00
4,45000	50,00
4,46667	50,00
4,48333	50,00
4,50000	50,00
4,51667	50,00
4,53333	50,00
4,55000	50,00
4,56667	49,99
4,58333	49,99
4,60000	49,99
4,61667	49,99
4,63333	49,99
4,65000	49,99
4,66667	49,99
4,68333	49,99
4,70000	49,99
4,71667	49,99
4,73333	49,99
4,75000	49,99
4,76667	49,99
4,78333	49,99
4,80000	49,99
4,81667	49,99
4,83333	49,99
4,85000	49,99
4,86667	49,99
4,88333	49,99
4,90000	49,99
4,91667	49,99
4,93333	49,99
4,95000	49,99
4,96667	49,99
4,98333	49,99
5,00000	49,99
5,01667	49,99
5,03333	49,99
5,05000	49,99
5,06667	49,99
5,08333	49,99
5,10000	49,99
5,11667	49,99
5,13333	49,99
5,15000	49,99
5,16667	49,99
5,18333	49,99
5,20000	49,99
5,21667	49,99
5,23333	49,99
5,25000	49,99
5,26667	49,99
5,28333	49,99
5,30000	49,99
5,31667	49,99
5,33333	49,99
5,35000	49,99
5,36667	49,99
5,38333	49,99
5,40000	49,99
5,41667	49,99
5,43333	49,99
5,45000	49,99
5,46667	49,99
5,48333	49,99
5,50000	49,99
5,51667	50,00
5,53333	50,00
5,55000	50,00
5,56667	50,00
5,58333	50,00
5,60000	50,00
5,61667	50,00
5,63333	50,00
5,65000	50,00
5,66667	50,00
5,68333	50,00
5,70000	50,00
5,71667	50,00
5,73333	50,00
5,75000	50,00
5,76667	50,00
5,78333	50,00
5,80000	50,00
5,81667	50,00
5,83333	50,00
5,85000	50,00
5,86667	50,00
5,88333	50,00
5,90000	50,00
5,91667	50,00
5,93333	50,00
5,95000	50,00
5,96667	50,00
5,98333	50,00
6,00000	50,00
6,01667	50,00
6,03333	50,00
6,05000	50,00
6,06667	50,00
6,08333	50,00
6,10000	50,00
6,11667	50,00
6,13333	50,00
6,15000	50,00
6,16667	50,00
6,18333	50,00
6,20000	50,00
6,21667	50,00
6,23333	50,00
6,25000	50,00
6,26667	50,00
6,28333	50,00
6,30000	50,00
6,31667	50,00
6,33333	50,00
6,35000	50,00
6,36667	50,00
6,38333	50,00
6,40000	50,00
6,41667	49,99
6,43333	49,99
6,45000	49,99
6,46667	49,99
6,48333	49,99
6,50000	49,99
6,51667	49,99
6,53333	49,99
6,55000	49,99
6,56667	49,99
6,58333	49,99
6,60000	49,99
6,61667	49,99
6,63333	49,99
6,65000	49,99
6,66667	49,99
6,68333	49,99
6,70000	49,99
6,71667	49,99
6,73333	49,99
6,75000	49,99
6,76667	49,99
6,78333	49,99
6,80000	49,99
6,81667	49,99
6,83333	49,99
6,85000	49,99
6,86667	49,99
6,88333	49,99
6,90000	49,99
6,91667	49,99
6,93333	49,99
6,95000	49,99
6,96667	49,99
6,98333	49,99
7,00000	49,99
7,01667	49,99
7,03333	49,99
7,05000	49,99
7,06667	49,99
7,08333	49,99
7,10000	49,99
7,11667	49,99
7,13333	49,99
7,15000	49,99
7,16667	49,99
7,18333	49,99
7,20000	49,99
7,21667	49,99
7,23333	49,99
7,25000	49,99
7,26667	49,99
7,28333	50,00
7,30000	50,00
7,31667	50,00
7,33333	50,00
7,35000	50,00
7,36667	50,00
7,38333	50,00
7,40000	50,00
7,41667	50,00
7,43333	50,00
7,45000	50,00
7,46667	50,00
7,48333	50,00
7,50000	50,00
7,51667	50,00
7,53333	50,00
7,55000	50,00
7,56667	50,00
7,58333	50,00
7,60000	50,00
7,61667	50,00
7,63333	50,00
7,65000	50,00
7,66667	50,00
7,68333	50,00
7,70000	50,00
7,71667	50,00
7,73333	50,00
7,75000	50,00
7,76667	50,00
7,78333	50,00
7,80000	50,00
7,81667	50,00
7,83333	50,00
7,85000	50,00
7,86667	50,00
7,88333	50,00
7,90000	50,00
7,91667	50,00
7,93333	50,00
7,95000	50,00
7,96667	50,00
7,98333	50,00
8,00000	50,00
8,01667	50,00
8,03333	50,00
8,05000	50,00
8,06667	50,00
8,08333	50,00
8,10000	50,00
8,11667	50,00
8,13333	50,00
8,15000	50,00
8,16667	50,00
8,18333	50,00
8,20000	50,00
8,21667	50,00
8,23333	50,00
8,25000	50,00
8,26667	50,00
8,28333	50,00
8,30000	50,00
8,31667	49,99
8,33333	49,99
8,35000	49,99
8,36667	49,99
8,38333	49,99
8,40000	49,99
8,41667	49,99
8,43333	49,99
8,45000	49,99
8,46667	49,99
8,48333	49,99
8,50000	49,99
8,51667	49,99
8,53333	49,99
8,55000	49,99
8,56667	49,99
8,58333	49,99
8,60000	49,99
8,61667	49,99
8,63333	49,99
8,65000	49,99
8,66667	49,99
8,68333	49,99
8,70000	49,99
8,71667	49,99
8,73333	49,99
8,75000	49,99
8,76667	49,99
8,78333	49,99
8,80000	49,99
8,81667	49,99
8,83333	49,99
8,85000	49,99
8,86667	49,99
8,88333	49,99
8,90000	49,99
8,91667	49,99
8,93333	49,99
8,95000	50,00
8,96667	50,00
8,98333	50,00
9,00000	50,00
9,01667	50,00
9,03333	50,00
9,05000	50,00
9,06667	50,00
9,08333	50,00
9,10000	50,00
9,11667	50,00
9,13333	50,00
9,15000	50,00
9,16667	50,00
9,18333	50,00
9,20000	50,00
9,21667	50,00
9,23333	50,00
9,25000	50,00
9,26667	50,00
9,28333	50,00
9,30000	50,00
9,31667	50,00
9,33333	50,00
9,35000	50,00
9,36667	50,00
9,38333	50,00
9,40000	50,00
9,41667	50,00
9,43333	50,00
9,45000	50,00
9,46667	50,00
9,48333	50,00
9,50000	50,00
9,51667	50,00
9,53333	50,00
9,55000	50,00
9,56667	50,00
9,58333	50,00
9,60000	50,00
9,61667	50,00
9,63333	50,00
9,65000	50,00
9,66667	50,00
9,68333	50,00
9,70000	50,00
9,71667	50,00
9,73333	50,00
9,75000	50,00
9,76667	50,00
9,78333	50,00
9,80000	50,00
9,81667	49,99
9,83333	49,99
9,85000	49,99
9,86667	49,99
9,88333	49,99
9,90000	49,99
9,91667	49,99
9,93333	49,99
9,95000	49,99
9,96667	49,99
9,98333	49,99
10,00000	49,99
10,01667	49,99
10,03333	49,99
10,05000	49,99
10,06667	49,99
10,08333	49,99
10,10000	49,99
10,11667	49,99
10,13333	49,99
10,15000	49,99
10,16667	49,99
10,18333	49,99
10,20000	49,99
10,21667	49,99
10,23333	49,99
10,25000	49,99
10,26667	49,99
10,28333	49,99
10,30000	49,99
10,31667	49,99
10,33333	49,99
10,35000	49,99
10,36667	49,99
10,38333	49,99
10,40000	49,99
10,41667	49,99
10,43333	49,99
10,45000	49,99
10,46667	49,99
10,48333	49,99
10,50000	49,99
10,51667	49,99
10,53333	49,99
10,55000	49,99
10,56667	49,99
10,58333	49,99
10,60000	50,00
10,61667	50,00
10,63333	50,00
10,65000	50,00
10,66667	50,00
10,68333	50,00
10,70000	50,00
10,71667	50,00
10,73333	50,00
10,75000	50,00
10,76667	50,00
10,78333	50,00
10,80000	50,00
10,81667	50,00
10,83333	50,00
10,85000	50,00
10,86667	50,00
10,88333	50,00
10,90000	50,00
10,91667	50,00
10,93333	50,00
10,95000	50,00
10,96667	50,00
10,98333	50,00
11,00000	50,00
11,01667	50,00
11,03333	50,00
11,05000	50,00
11,06667	50,00
11,08333	50,00
11,10000	50,00
11,11667	50,00
11,13333	50,00
11,15000	50,00
11,16667	50,00
11,18333	50,00
11,20000	50,00
11,21667	50,00
11,23333	50,00
11,25000	50,00
11,26667	50,00
11,28333	50,00
11,30000	50,00
11,31667	50,00
11,33333	50,00
11,35000	50,00
11,36667	50,00
11,38333	50,00
11,40000	50,00
11,41667	50,00
11,43333	50,00
11,45000	50,00
11,46667	50,00
11,48333	50,00
11,50000	50,00
11,51667	50,00
11,53333	50,00
11,55000	50,00
11,56667	50,00
11,58333	50,00
11,60000	50,00
11,61667	50,00
11,63333	50,00
11,65000	50,00
11,66667	50,00
11,68333	50,00
11,70000	50,00
11,71667	50,00
11,73333	50,00
11,75000	50,00
11,76667	50,00
11,78333	50,00
11,80000	50,00
11,81667	50,00
11,83333	50,00
11,85000	50,00
11,86667	50,00
11,88333	50,00
11,90000	50,00
11,91667	50,00
11,93333	50,00
11,95000	50,00
11,96667	50,00
11,98333	50,00
12,00000	50,00
12,01667	50,00
12,03333	50,00
12,05000	50,00
12,06667	50,00
12,08333	50,00
12,10000	50,00
12,11667	50,00
12,13333	50,00
12,15000	50,00
12,16667	50,00
12,18333	50,00
12,20000	50,00
12,21667	50,00
12,23333	50,00
12,25000	50,00
12,26667	50,00
12,28333	49,99
12,30000	49,99
12,31667	50,00
12,33333	50,00
12,35000	49,99
12,36667	49,99
12,38333	49,99
12,40000	49,99
12,41667	49,99
12,43333	49,99
12,45000	49,99
12,46667	49,99
12,48333	49,99
12,50000	49,99
12,51667	49,99
12,53333	49,99
12,55000	49,99
12,56667	49,99
12,58333	49,99
12,60000	49,99
12,61667	49,99
12,63333	49,99
12,65000	49,99
12,66667	49,99
12,68333	49,99
12,70000	49,99
12,71667	49,99
12,73333	49,99
12,75000	49,99
12,76667	49,99
12,78333	49,99
12,80000	49,99
12,81667	49,99
12,83333	49,99
12,85000	49,99
12,86667	49,99
12,88333	49,99
12,90000	49,99
12,91667	49,99
12,93333	49,99
12,95000	49,99
12,96667	49,99
12,98333	49,99
13,00000	49,99
13,01667	49,99
13,03333	49,99
13,05000	49,99
13,06667	49,99
13,08333	49,99
13,10000	49,99
13,11667	49,99
13,13333	49,99
13,15000	49,99
13,16667	49,99
13,18333	49,99
13,20000	49,99
13,21667	49,99
13,23333	49,99
13,25000	49,99
13,26667	49,99
13,28333	49,99
13,30000	49,99
13,31667	49,99
13,33333	49,99
13,35000	49,99
13,36667	49,99
13,38333	49,99
13,40000	50,00
13,41667	50,00
13,43333	50,00
13,45000	50,00
13,46667	50,00
13,48333	50,00
13,50000	50,00
13,51667	50,00
13,53333	50,00
13,55000	50,00
13,56667	50,00
13,58333	50,00
13,60000	50,00
13,61667	50,00
13,63333	50,00
13,65000	50,00
13,66667	50,00
13,68333	50,00
13,70000	50,00
13,71667	50,00
13,73333	50,00
13,75000	50,00
13,76667	50,00
13,78333	50,00
13,80000	50,00
13,81667	50,00
13,83333	50,00
13,85000	50,00
13,86667	50,00
13,88333	50,00
13,90000	50,00
13,91667	50,00
13,93333	50,00
13,95000	50,00
13,96667	50,00
13,98333	50,00
14,00000	50,00
14,01667	50,00
14,03333	50,00
14,05000	50,00
14,06667	50,00
14,08333	50,00
14,10000	50,00
14,11667	50,00
14,13333	50,00
14,15000	50,00
14,16667	50,00
14,18333	50,00
14,20000	50,00
14,21667	50,00
14,23333	50,00
14,25000	50,00
14,26667	50,00
14,28333	49,99
14,30000	49,99
14,31667	49,99
14,33333	49,99
14,35000	49,99
14,36667	49,99
14,38333	49,99
14,40000	49,99
14,41667	49,99
14,43333	49,99
14,45000	49,99
14,46667	49,99
14,48333	49,99
14,50000	49,99
14,51667	49,99
14,53333	49,99
14,55000	49,99
14,56667	49,99
14,58333	49,99
14,60000	49,99
14,61667	49,99
14,63333	49,99
14,65000	49,99
14,66667	49,99
14,68333	49,99
14,70000	49,99
14,71667	49,99
14,73333	49,99
14,75000	49,99
14,76667	49,99
14,78333	49,99
14,80000	49,99
14,81667	49,99
14,83333	49,99
14,85000	49,99
14,86667	49,99
14,88333	49,99
14,90000	49,99
14,91667	49,99
14,93333	49,99
14,95000	49,99
14,96667	49,99
14,98333	49,99
15,00000	49,99
15,01667	49,99
15,03333	49,99
15,05000	49,99
15,06667	49,99
15,08333	49,99
15,10000	49,99
15,11667	49,99
15,13333	49,99
15,15000	49,99
15,16667	49,99
15,18333	50,00
15,20000	50,00
15,21667	50,00
15,23333	50,00
15,25000	50,00
15,26667	50,00
15,28333	50,00
15,30000	50,00
15,31667	50,00
15,33333	50,00
15,35000	50,00
15,36667	50,00
15,38333	50,00
15,40000	50,00
15,41667	50,00
15,43333	50,00
15,45000	50,00
15,46667	50,00
15,48333	50,00
15,50000	50,00
15,51667	50,00
15,53333	50,00
15,55000	50,00
15,56667	50,00
15,58333	50,00
15,60000	50,00
15,61667	50,00
15,63333	50,00
15,65000	50,00
15,66667	50,00
15,68333	50,00
15,70000	50,00
15,71667	50,00
15,73333	50,00
15,75000	50,00
15,76667	50,00
15,78333	50,00
15,80000	50,00
15,81667	50,00
15,83333	50,00
15,85000	50,00
15,86667	50,00
15,88333	50,00
15,90000	50,00
15,91667	50,00
15,93333	50,00
15,95000	50,00
15,96667	49,99
15,98333	49,99
16,00000	49,99
16,01667	49,99
16,03333	49,99
16,05000	49,99
16,06667	49,99
16,08333	49,99
16,10000	49,99
16,11667	49,99
16,13333	49,99
16,15000	49,99
16,16667	49,99
16,18333	49,99
16,20000	49,99
16,21667	49,99
16,23333	49,99
16,25000	49,99
16,26667	49,99
16,28333	49,99
16,30000	49,99
16,31667	49,99
16,33333	49,99
16,35000	49,99
16,36667	49,99
16,38333	49,99
16,40000	49,99
16,41667	49,99
16,43333	49,99
16,45000	49,99
16,46667	49,99
16,48333	49,99
16,50000	49,99
16,51667	49,99
16,53333	49,99
16,55000	49,99
16,56667	49,99
16,58333	49,99
16,60000	50,00
16,61667	50,00
16,63333	50,00
16,65000	50,00
16,66667	50,00
16,68333	50,00
16,70000	50,00
16,71667	50,00
16,73333	50,00
16,75000	50,00
16,76667	50,00
16,78333	50,00
16,80000	50,00
16,81667	50,00
16,83333	50,00
16,85000	50,00
16,86667	50,00
16,88333	50,00
16,90000	50,00
16,91667	50,00
16,93333	50,00
16,95000	50,00
16,96667	50,00
16,98333	50,00
17,00000	50,00
17,01667	50,00
17,03333	50,00
17,05000	50,00
17,06667	50,00
17,08333	50,00
17,10000	50,00
17,11667	50,00
17,13333	50,00
17,15000	50,00
17,16667	50,00
17,18333	50,00
17,20000	50,00
17,21667	50,00
17,23333	50,00
17,25000	50,00
17,26667	50,00
17,28333	50,00
17,30000	50,00
17,31667	50,00
17,33333	50,00
17,35000	50,00
17,36667	50,00
17,38333	50,00
17,40000	50,00
17,41667	50,00
17,43333	50,00
17,45000	50,00
17,46667	50,00
17,48333	50,00
17,50000	50,00
17,51667	50,00
17,53333	50,00
17,55000	50,00
17,56667	50,00
17,58333	50,00
17,60000	50,00
17,61667	50,00
17,63333	50,00
17,65000	50,00
17,66667	50,00
17,68333	50,00
17,70000	50,00
17,71667	50,00
17,73333	50,00
17,75000	50,00
17,76667	50,00
17,78333	50,00
17,80000	50,00
17,81667	50,00
17,83333	50,00
17,85000	50,00
17,86667	50,00
17,88333	50,00
17,90000	50,00
17,91667	50,00
17,93333	50,00
17,95000	50,00
17,96667	50,00
17,98333	50,00
18,00000	50,00
18,01667	50,00
18,03333	50,00
18,05000	50,00
18,06667	50,00
18,08333	50,00
18,10000	50,00
18,11667	50,00
18,13333	50,00
18,15000	50,00
18,16667	50,00
18,18333	50,00
18,20000	50,00
18,21667	49,99
18,23333	49,99
18,25000	49,99
18,26667	49,99
18,28333	49,99
18,30000	49,99
18,31667	49,99
18,33333	49,99
18,35000	49,99
18,36667	49,99
18,38333	49,99
18,40000	49,99
18,41667	49,99
18,43333	49,99
18,45000	49,99
18,46667	49,99
18,48333	49,99
18,50000	49,99
18,51667	49,99
18,53333	49,99
18,55000	49,99
18,56667	49,99
18,58333	49,99
18,60000	49,99
18,61667	49,99
18,63333	49,99
18,65000	50,00
18,66667	50,00
18,68333	49,99
18,70000	49,99
18,71667	49,99
18,73333	49,99
18,75000	49,99
18,76667	49,99
18,78333	49,99
18,80000	49,99
18,81667	49,99
18,83333	49,99
18,85000	49,99
18,86667	49,99
18,88333	49,99
18,90000	49,99
18,91667	49,99
18,93333	49,99
18,95000	49,99
18,96667	49,99
18,98333	49,99
19,00000	49,99
19,01667	49,99
19,03333	49,99
19,05000	49,99
19,06667	49,99
19,08333	49,99
19,10000	49,99
19,11667	49,99
19,13333	49,99
19,15000	49,99
19,16667	49,99
19,18333	49,99
19,20000	49,99
19,21667	49,99
19,23333	49,99
19,25000	49,99
19,26667	50,00
19,28333	50,00
19,30000	50,00
19,31667	50,00
19,33333	50,00
19,35000	50,00
19,36667	50,00
19,38333	50,00
19,40000	50,00
19,41667	50,00
19,43333	50,00
19,45000	50,00
19,46667	50,00
19,48333	50,00
19,50000	50,00
19,51667	50,00
19,53333	50,00
19,55000	50,00
19,56667	50,00
19,58333	50,00
19,60000	50,00
19,61667	50,00
19,63333	50,00
19,65000	50,00
19,66667	50,00
19,68333	50,00
19,70000	50,00
19,71667	50,00
19,73333	49,99
19,75000	49,99
19,76667	49,99
19,78333	50,00
19,80000	49,99
19,81667	49,99
19,83333	49,99
19,85000	49,99
19,86667	49,99
19,88333	49,99
19,90000	49,99
19,91667	49,99
19,93333	49,99
19,95000	49,99
19,96667	49,99
19,98333	49,99
20,00000	49,99
20,01667	49,99
20,03333	49,99
20,05000	49,99
20,06667	49,99
20,08333	49,99
20,10000	49,99
20,11667	50,00
20,13333	50,00
20,15000	50,00
20,16667	50,00
20,18333	49,99
20,20000	49,99
20,21667	49,99
20,23333	49,99
20,25000	49,99
20,26667	49,99
20,28333	49,99
20,30000	49,99
20,31667	49,99
20,33333	49,99
20,35000	49,99
20,36667	49,99
20,38333	49,99
20,40000	49,99
20,41667	49,99
20,43333	49,99
20,45000	49,99
20,46667	49,99
20,48333	49,99
20,50000	49,99
20,51667	49,99
20,53333	49,99
20,55000	49,99
20,56667	50,00
20,58333	50,00
20,60000	50,00
20,61667	50,00
20,63333	50,00
20,65000	50,00
20,66667	50,00
20,68333	50,00
20,70000	50,00
20,71667	50,00
20,73333	50,00
20,75000	50,00
20,76667	50,00
20,78333	50,00
20,80000	50,00
20,81667	50,00
20,83333	50,00
20,85000	50,00
20,86667	50,00
20,88333	50,00
20,90000	50,00
20,91667	50,00
20,93333	50,00
20,95000	50,00
20,96667	50,00
20,98333	50,00
21,00000	50,00
21,01667	50,00
21,03333	50,00
21,05000	50,00
21,06667	50,00
21,08333	50,00
21,10000	50,00
21,11667	50,00
21,13333	50,00
21,15000	50,00
21,16667	50,00
21,18333	50,00
21,20000	50,00
21,21667	50,00
21,23333	50,00
21,25000	50,00
21,26667	50,00
21,28333	50,00
21,30000	50,00
21,31667	50,00
21,33333	50,00
21,35000	50,00
21,36667	50,00
21,38333	50,00
21,40000	50,00
21,41667	50,00
21,43333	50,00
21,45000	50,00
21,46667	50,00
21,48333	50,00
21,50000	50,00
21,51667	50,00
21,53333	50,00
21,55000	50,00
21,56667	50,00
21,58333	50,00
21,60000	50,00
21,61667	50,00
21,63333	50,00
21,65000	50,00
21,66667	50,00
21,68333	50,00
21,70000	50,00
21,71667	50,00
21,73333	50,00
21,75000	50,00
21,76667	50,00
21,78333	50,00
21,80000	50,00
21,81667	50,00
21,83333	50,00
21,85000	50,00
21,86667	50,00
21,88333	50,00
21,90000	50,00
21,91667	50,00
21,93333	50,00
21,95000	50,00
21,96667	50,00
21,98333	50,00
22,00000	49,99
22,01667	49,99
22,03333	49,99
22,05000	49,99
22,06667	49,99
22,08333	49,99
22,10000	49,99
22,11667	49,99
22,13333	49,99
22,15000	49,99
22,16667	49,99
22,18333	49,99
22,20000	49,99
22,21667	49,99
22,23333	49,99
22,25000	49,99
22,26667	49,99
22,28333	49,99
22,30000	49,99
22,31667	49,99
22,33333	49,99
22,35000	49,99
22,36667	49,99
22,38333	49,99
22,40000	50,00
22,41667	50,00
22,43333	50,00
22,45000	50,00
22,46667	50,00
22,48333	50,00
22,50000	50,00
22,51667	50,00
22,53333	50,00
22,55000	50,00
22,56667	50,00
22,58333	50,00
22,60000	50,00
22,61667	50,00
22,63333	50,00
22,65000	50,00
22,66667	50,00
22,68333	50,00
22,70000	50,00
22,71667	50,00
22,73333	50,00
22,75000	50,00
22,76667	50,00
22,78333	50,00
22,80000	50,00
22,81667	50,00
22,83333	50,00
22,85000	50,00
22,86667	50,00
22,88333	50,00
22,90000	50,00
22,91667	50,00
22,93333	50,00
22,95000	50,00
22,96667	50,00
22,98333	49,99
23,00000	49,99
23,01667	49,99
23,03333	49,99
23,05000	49,99
23,06667	49,99
23,08333	49,99
23,10000	49,99
23,11667	49,99
23,13333	49,99
23,15000	49,99
23,16667	50,00
23,18333	50,00
23,20000	50,00
23,21667	50,00
23,23333	50,00
23,25000	50,00
23,26667	50,00
23,28333	50,00
23,30000	50,00
23,31667	50,00
23,33333	50,00
23,35000	50,00
23,36667	50,00
23,38333	50,00
23,40000	50,00
23,41667	50,00
23,43333	50,00
23,45000	50,00
23,46667	50,00
23,48333	50,00
23,50000	50,00
23,51667	50,00
23,53333	50,00
23,55000	50,00
23,56667	50,00
23,58333	50,00
23,60000	50,00
23,61667	50,00
23,63333	50,00
23,65000	50,00
23,66667	50,00
23,68333	50,00
23,70000	50,00
23,71667	50,00
23,73333	50,00
23,75000	50,00
23,76667	50,00
23,78333	50,00
23,80000	50,00
23,81667	50,00
23,83333	50,00
23,85000	50,00
23,86667	50,00
23,88333	50,00
23,90000	50,00
23,91667	50,00
23,93333	50,00
23,95000	50,00
23,96667	50,00
23,98333	50,00
24,00000	50,00
24,01667	50,00
24,03333	50,00
24,05000	50,00
24,06667	50,00
24,08333	50,00
24,10000	50,00
24,11667	50,00
24,13333	50,00
24,15000	50,00
24,16667	50,00
24,18333	50,00
24,20000	50,00
24,21667	50,00
24,23333	50,00
24,25000	50,00
24,26667	50,00
24,28333	50,00
24,30000	50,00
24,31667	49,99
24,33333	49,99
24,35000	49,99
24,36667	49,99
24,38333	49,99
24,40000	49,99
24,41667	49,99
24,43333	49,99
24,45000	49,99
24,46667	49,99
24,48333	49,99
24,50000	49,99
24,51667	49,99
24,53333	49,99
24,55000	49,99
24,56667	49,99
24,58333	49,99
24,60000	49,99
24,61667	49,99
24,63333	49,99
24,65000	49,99
24,66667	49,99
24,68333	49,99
24,70000	49,99
24,71667	49,99
24,73333	49,99
24,75000	49,99
24,76667	49,99
24,78333	49,99
24,80000	49,99
24,81667	50,00
24,83333	50,00
24,85000	50,00
24,86667	50,00
24,88333	50,00
24,90000	50,00
24,91667	50,00
24,93333	50,00
24,95000	50,00
24,96667	50,00
24,98333	50,00
25,00000	50,00
25,01667	50,00
25,03333	50,00
25,05000	50,00
25,06667	50,00
25,08333	50,00
25,10000	50,00
25,11667	50,00
25,13333	50,00
25,15000	50,00
25,16667	50,00
25,18333	50,00
25,20000	50,00
25,21667	50,00
25,23333	50,00
25,25000	50,00
25,26667	50,00
25,28333	50,00
25,30000	50,00
25,31667	50,00
25,33333	50,00
25,35000	50,00
25,36667	50,00
25,38333	50,00
25,40000	50,00
25,41667	50,00
25,43333	50,00
25,45000	50,00
25,46667	50,00
25,48333	50,00
25,50000	50,00
25,51667	50,00
25,53333	50,00
25,55000	50,00
25,56667	50,00
25,58333	50,00
25,60000	50,00
25,61667	50,00
25,63333	50,00
25,65000	50,00
25,66667	50,00
25,68333	50,00
25,70000	50,00
25,71667	50,00
25,73333	50,00
25,75000	50,00
25,76667	50,00
25,78333	50,00
25,80000	50,00
25,81667	50,00
25,83333	50,00
25,85000	49,99
25,86667	49,99
25,88333	49,99
25,90000	49,99
25,91667	49,99
25,93333	49,99
25,95000	50,00
25,96667	50,00
25,98333	50,00
26,00000	50,00
26,01667	50,00
26,03333	50,00
26,05000	50,00
26,06667	50,00
26,08333	50,00
26,10000	50,00
26,11667	50,00
26,13333	50,00
26,15000	50,00
26,16667	50,00
26,18333	50,00
26,20000	50,00
26,21667	50,00
26,23333	50,00
26,25000	50,00
26,26667	50,00
26,28333	50,00
26,30000	50,00
26,31667	50,00
26,33333	50,00
26,35000	50,00
26,36667	50,00
26,38333	50,00
26,40000	50,00
26,41667	50,00
26,43333	50,00
26,45000	49,99
26,46667	49,99
26,48333	49,99
26,50000	49,99
26,51667	49,99
26,53333	49,99
26,55000	49,99
26,56667	49,99
26,58333	49,99
26,60000	49,99
26,61667	49,99
26,63333	49,99
26,65000	49,99
26,66667	49,99
26,68333	49,99
26,70000	49,99
26,71667	49,99
26,73333	49,99
26,75000	49,99
26,76667	49,99
26,78333	49,99
26,80000	49,99
26,81667	49,99
26,83333	49,99
26,85000	49,99
26,86667	49,99
26,88333	49,99
26,90000	49,99
26,91667	49,99
26,93333	49,99
26,95000	49,99
26,96667	49,99
26,98333	49,99
27,00000	49,99
27,01667	49,99
27,03333	49,99
27,05000	49,99
27,06667	49,99
27,08333	49,99
27,10000	49,99
27,11667	49,99
27,13333	49,99
27,15000	49,99
27,16667	49,99
27,18333	50,00
27,20000	50,00
27,21667	50,00
27,23333	50,00
27,25000	50,00
27,26667	50,00
27,28333	50,00
27,30000	49,99
27,31667	49,99
27,33333	49,99
27,35000	49,99
27,36667	49,99
27,38333	49,99
27,40000	49,99
27,41667	49,99
27,43333	49,99
27,45000	49,99
27,46667	49,99
27,48333	49,99
27,50000	49,99
27,51667	49,99
27,53333	49,99
27,55000	49,99
27,56667	49,99
27,58333	49,99
27,60000	49,99
27,61667	49,99
27,63333	49,99
27,65000	49,99
27,66667	49,99
27,68333	49,99
27,70000	49,99
27,71667	49,99
27,73333	49,99
27,75000	49,99
27,76667	49,99
27,78333	49,99
27,80000	49,99
27,81667	49,99
27,83333	49,99
27,85000	49,99
27,86667	49,99
27,88333	49,99
27,90000	49,99
27,91667	49,99
27,93333	49,99
27,95000	49,99
27,96667	49,99
27,98333	49,99
28,00000	49,99
28,01667	49,99
28,03333	49,99
28,05000	49,99
28,06667	49,99
28,08333	49,99
28,10000	49,99
28,11667	49,99
28,13333	49,99
28,15000	49,99
28,16667	49,99
28,18333	49,99
28,20000	49,99
28,21667	49,99
28,23333	49,99
28,25000	49,99
28,26667	49,99
28,28333	49,99
28,30000	49,99
28,31667	49,99
28,33333	49,99
28,35000	49,99
28,36667	49,99
28,38333	49,99
28,40000	49,99
28,41667	49,99
28,43333	49,99
28,45000	49,99
28,46667	49,99
28,48333	49,99
28,50000	49,99
28,51667	49,99
28,53333	49,99
28,55000	49,99
28,56667	49,99
28,58333	49,99
28,60000	49,99
28,61667	49,99
28,63333	49,99
28,65000	49,99
28,66667	49,99
28,68333	49,99
28,70000	49,99
28,71667	49,99
28,73333	49,99
28,75000	49,99
28,76667	49,99
28,78333	49,99
28,80000	49,99
28,81667	49,99
28,83333	49,99
28,85000	49,99
28,86667	49,99
28,88333	49,99
28,90000	49,99
28,91667	49,99
28,93333	49,99
28,95000	49,99
28,96667	49,99
28,98333	49,99
29,00000	49,99
29,01667	49,99
29,03333	49,99
29,05000	49,99
29,06667	49,99
29,08333	49,99
29,10000	49,99
29,11667	49,99
29,13333	49,99
29,15000	49,99
29,16667	49,99
29,18333	49,99
29,20000	49,99
29,21667	49,99
29,23333	49,99
29,25000	49,99
29,26667	49,99
29,28333	49,99
29,30000	49,99
29,31667	49,99
29,33333	49,99
29,35000	49,99
29,36667	49,99
29,38333	49,99
29,40000	49,99
29,41667	49,99
29,43333	49,99
29,45000	49,99
29,46667	49,99
29,48333	49,99
29,50000	49,99
29,51667	49,99
29,53333	49,99
29,55000	49,99
29,56667	49,99
29,58333	49,99
29,60000	49,99
29,61667	49,99
29,63333	49,99
29,65000	49,99
29,66667	49,99
29,68333	49,99
29,70000	49,99
29,71667	49,99
29,73333	49,99
29,75000	49,99
29,76667	49,99
29,78333	49,99
29,80000	49,99
29,81667	49,99
29,83333	49,99
29,85000	49,99
29,86667	49,99
29,88333	49,99
29,90000	49,99
29,91667	50,00
29,93333	50,00
29,95000	50,00
29,96667	49,99
29,98333	49,99
30,00000	49,99
30,01667	49,99
30,03333	49,99
30,05000	49,99
30,06667	49,99
30,08333	50,00
30,10000	50,00
30,11667	50,00
30,13333	50,00
30,15000	50,00
30,16667	50,00
30,18333	50,00
30,20000	50,00
30,21667	50,00
30,23333	50,00
30,25000	50,00
30,26667	50,00
30,28333	50,00
30,30000	50,00
30,31667	50,00
30,33333	50,00
30,35000	50,00
30,36667	50,00
30,38333	50,00
30,40000	50,00
30,41667	50,00
30,43333	50,00
30,45000	50,00
30,46667	50,00
30,48333	50,00
30,50000	50,00
30,51667	50,00
30,53333	50,00
30,55000	50,00
30,56667	50,00
30,58333	50,00
30,60000	50,00
30,61667	50,00
30,63333	50,00
30,65000	50,00
30,66667	50,00
30,68333	50,00
30,70000	50,00
30,71667	50,00
30,73333	50,00
30,75000	50,00
30,76667	50,00
30,78333	50,00
30,80000	50,00
30,81667	50,00
30,83333	50,00
30,85000	50,00
30,86667	50,00
30,88333	50,00
30,90000	50,00
30,91667	50,00
30,93333	50,00
30,95000	50,00
30,96667	50,00
30,98333	50,00
31,00000	50,00
31,01667	50,00
31,03333	50,00
31,05000	50,00
31,06667	50,00
31,08333	50,00
31,10000	50,00
31,11667	50,00
31,13333	50,00
31,15000	50,00
31,16667	50,00
31,18333	50,00
31,20000	50,00
31,21667	50,00
31,23333	50,00
31,25000	50,00
31,26667	50,00
31,28333	50,00
31,30000	50,00
31,31667	50,00
31,33333	50,00
31,35000	50,00
31,36667	50,00
31,38333	50,00
31,40000	50,00
31,41667	50,00
31,43333	50,00
31,45000	50,00
31,46667	50,00
31,48333	50,00
31,50000	50,00
31,51667	50,00
31,53333	50,00
31,55000	50,00
31,56667	50,00
31,58333	50,00
31,60000	50,00
31,61667	50,00
31,63333	50,00
31,65000	50,00
31,66667	50,00
31,68333	50,00
31,70000	50,00
31,71667	50,00
31,73333	50,00
31,75000	50,00
31,76667	50,00
31,78333	50,00
31,80000	50,00
31,81667	50,00
31,83333	50,00
31,85000	50,00
31,86667	50,00
31,88333	50,00
31,90000	50,00
31,91667	50,00
31,93333	50,00
31,95000	50,00
31,96667	50,00
31,98333	50,00
32,00000	50,00

[LC Status Trace(Room Temp.)]
Interval(msec)	1000
# of Points	1921
Start Time(min)	0,000
End Time(min)	32,000
Intensity Units	C
Intensity Multiplier	1
R.Time (min)	Intensity
0,00000	30,49
0,01667	30,49
0,03333	30,49
0,05000	30,49
0,06667	30,49
0,08333	30,49
0,10000	30,49
0,11667	30,49
0,13333	30,49
0,15000	30,48
0,16667	30,48
0,18333	30,48
0,20000	30,48
0,21667	30,48
0,23333	30,48
0,25000	30,48
0,26667	30,47
0,28333	30,47
0,30000	30,47
0,31667	30,47
0,33333	30,47
0,35000	30,47
0,36667	30,47
0,38333	30,46
0,40000	30,46
0,41667	30,46
0,43333	30,46
0,45000	30,46
0,46667	30,45
0,48333	30,45
0,50000	30,45
0,51667	30,45
0,53333	30,45
0,55000	30,45
0,56667	30,45
0,58333	30,45
0,60000	30,45
0,61667	30,45
0,63333	30,45
0,65000	30,45
0,66667	30,45
0,68333	30,45
0,70000	30,46
0,71667	30,46
0,73333	30,46
0,75000	30,46
0,76667	30,46
0,78333	30,46
0,80000	30,46
0,81667	30,47
0,83333	30,47
0,85000	30,47
0,86667	30,48
0,88333	30,48
0,90000	30,48
0,91667	30,48
0,93333	30,48
0,95000	30,49
0,96667	30,49
0,98333	30,49
1,00000	30,50
1,01667	30,50
1,03333	30,50
1,05000	30,51
1,06667	30,52
1,08333	30,52
1,10000	30,52
1,11667	30,52
1,13333	30,53
1,15000	30,53
1,16667	30,53
1,18333	30,53
1,20000	30,53
1,21667	30,53
1,23333	30,53
1,25000	30,53
1,26667	30,53
1,28333	30,53
1,30000	30,52
1,31667	30,52
1,33333	30,52
1,35000	30,52
1,36667	30,52
1,38333	30,52
1,40000	30,52
1,41667	30,52
1,43333	30,52
1,45000	30,52
1,46667	30,52
1,48333	30,52
1,50000	30,53
1,51667	30,53
1,53333	30,53
1,55000	30,54
1,56667	30,54
1,58333	30,54
1,60000	30,54
1,61667	30,55
1,63333	30,55
1,65000	30,55
1,66667	30,55
1,68333	30,55
1,70000	30,55
1,71667	30,55
1,73333	30,55
1,75000	30,55
1,76667	30,54
1,78333	30,54
1,80000	30,54
1,81667	30,53
1,83333	30,53
1,85000	30,53
1,86667	30,52
1,88333	30,52
1,90000	30,52
1,91667	30,52
1,93333	30,52
1,95000	30,52
1,96667	30,53
1,98333	30,53
2,00000	30,53
2,01667	30,54
2,03333	30,54
2,05000	30,54
2,06667	30,54
2,08333	30,55
2,10000	30,56
2,11667	30,56
2,13333	30,56
2,15000	30,56
2,16667	30,56
2,18333	30,56
2,20000	30,56
2,21667	30,56
2,23333	30,56
2,25000	30,56
2,26667	30,55
2,28333	30,55
2,30000	30,55
2,31667	30,55
2,33333	30,55
2,35000	30,55
2,36667	30,55
2,38333	30,55
2,40000	30,55
2,41667	30,55
2,43333	30,55
2,45000	30,55
2,46667	30,55
2,48333	30,55
2,50000	30,55
2,51667	30,55
2,53333	30,55
2,55000	30,55
2,56667	30,55
2,58333	30,55
2,60000	30,55
2,61667	30,55
2,63333	30,55
2,65000	30,55
2,66667	30,54
2,68333	30,54
2,70000	30,54
2,71667	30,54
2,73333	30,54
2,75000	30,54
2,76667	30,55
2,78333	30,55
2,80000	30,55
2,81667	30,56
2,83333	30,56
2,85000	30,57
2,86667	30,57
2,88333	30,57
2,90000	30,57
2,91667	30,58
2,93333	30,58
2,95000	30,58
2,96667	30,59
2,98333	30,59
3,00000	30,59
3,01667	30,59
3,03333	30,58
3,05000	30,58
3,06667	30,58
3,08333	30,58
3,10000	30,58
3,11667	30,58
3,13333	30,58
3,15000	30,58
3,16667	30,58
3,18333	30,58
3,20000	30,58
3,21667	30,58
3,23333	30,58
3,25000	30,58
3,26667	30,58
3,28333	30,58
3,30000	30,58
3,31667	30,58
3,33333	30,58
3,35000	30,58
3,36667	30,58
3,38333	30,58
3,40000	30,59
3,41667	30,59
3,43333	30,59
3,45000	30,59
3,46667	30,59
3,48333	30,60
3,50000	30,60
3,51667	30,60
3,53333	30,60
3,55000	30,60
3,56667	30,60
3,58333	30,61
3,60000	30,61
3,61667	30,61
3,63333	30,61
3,65000	30,61
3,66667	30,62
3,68333	30,62
3,70000	30,62
3,71667	30,62
3,73333	30,62
3,75000	30,62
3,76667	30,62
3,78333	30,62
3,80000	30,62
3,81667	30,62
3,83333	30,62
3,85000	30,62
3,86667	30,61
3,88333	30,61
3,90000	30,61
3,91667	30,60
3,93333	30,60
3,95000	30,60
3,96667	30,59
3,98333	30,59
4,00000	30,59
4,01667	30,59
4,03333	30,59
4,05000	30,59
4,06667	30,59
4,08333	30,59
4,10000	30,60
4,11667	30,60
4,13333	30,60
4,15000	30,60
4,16667	30,60
4,18333	30,60
4,20000	30,61
4,21667	30,61
4,23333	30,61
4,25000	30,61
4,26667	30,61
4,28333	30,61
4,30000	30,61
4,31667	30,61
4,33333	30,61
4,35000	30,61
4,36667	30,60
4,38333	30,60
4,40000	30,60
4,41667	30,60
4,43333	30,60
4,45000	30,60
4,46667	30,60
4,48333	30,60
4,50000	30,60
4,51667	30,60
4,53333	30,60
4,55000	30,60
4,56667	30,60
4,58333	30,60
4,60000	30,60
4,61667	30,60
4,63333	30,60
4,65000	30,60
4,66667	30,60
4,68333	30,60
4,70000	30,60
4,71667	30,60
4,73333	30,60
4,75000	30,60
4,76667	30,60
4,78333	30,60
4,80000	30,60
4,81667	30,60
4,83333	30,60
4,85000	30,60
4,86667	30,60
4,88333	30,60
4,90000	30,60
4,91667	30,60
4,93333	30,60
4,95000	30,60
4,96667	30,59
4,98333	30,59
5,00000	30,59
5,01667	30,59
5,03333	30,59
5,05000	30,59
5,06667	30,59
5,08333	30,58
5,10000	30,58
5,11667	30,58
5,13333	30,58
5,15000	30,57
5,16667	30,57
5,18333	30,57
5,20000	30,56
5,21667	30,56
5,23333	30,56
5,25000	30,56
5,26667	30,56
5,28333	30,56
5,30000	30,56
5,31667	30,55
5,33333	30,55
5,35000	30,56
5,36667	30,56
5,38333	30,56
5,40000	30,56
5,41667	30,56
5,43333	30,56
5,45000	30,57
5,46667	30,57
5,48333	30,57
5,50000	30,57
5,51667	30,58
5,53333	30,58
5,55000	30,57
5,56667	30,57
5,58333	30,57
5,60000	30,57
5,61667	30,57
5,63333	30,57
5,65000	30,57
5,66667	30,57
5,68333	30,57
5,70000	30,57
5,71667	30,57
5,73333	30,57
5,75000	30,57
5,76667	30,56
5,78333	30,56
5,80000	30,56
5,81667	30,56
5,83333	30,56
5,85000	30,56
5,86667	30,56
5,88333	30,56
5,90000	30,56
5,91667	30,56
5,93333	30,56
5,95000	30,57
5,96667	30,57
5,98333	30,57
6,00000	30,58
6,01667	30,58
6,03333	30,58
6,05000	30,59
6,06667	30,59
6,08333	30,59
6,10000	30,60
6,11667	30,60
6,13333	30,60
6,15000	30,60
6,16667	30,60
6,18333	30,60
6,20000	30,60
6,21667	30,60
6,23333	30,60
6,25000	30,60
6,26667	30,61
6,28333	30,61
6,30000	30,61
6,31667	30,61
6,33333	30,61
6,35000	30,62
6,36667	30,62
6,38333	30,63
6,40000	30,63
6,41667	30,63
6,43333	30,64
6,45000	30,64
6,46667	30,64
6,48333	30,64
6,50000	30,64
6,51667	30,65
6,53333	30,65
6,55000	30,65
6,56667	30,66
6,58333	30,66
6,60000	30,66
6,61667	30,66
6,63333	30,66
6,65000	30,66
6,66667	30,66
6,68333	30,66
6,70000	30,66
6,71667	30,66
6,73333	30,65
6,75000	30,65
6,76667	30,65
6,78333	30,65
6,80000	30,65
6,81667	30,64
6,83333	30,64
6,85000	30,64
6,86667	30,64
6,88333	30,64
6,90000	30,63
6,91667	30,63
6,93333	30,63
6,95000	30,63
6,96667	30,62
6,98333	30,62
7,00000	30,62
7,01667	30,62
7,03333	30,62
7,05000	30,62
7,06667	30,62
7,08333	30,62
7,10000	30,62
7,11667	30,63
7,13333	30,63
7,15000	30,63
7,16667	30,63
7,18333	30,64
7,20000	30,64
7,21667	30,64
7,23333	30,64
7,25000	30,64
7,26667	30,64
7,28333	30,64
7,30000	30,64
7,31667	30,64
7,33333	30,64
7,35000	30,63
7,36667	30,63
7,38333	30,63
7,40000	30,63
7,41667	30,62
7,43333	30,62
7,45000	30,62
7,46667	30,62
7,48333	30,61
7,50000	30,61
7,51667	30,61
7,53333	30,61
7,55000	30,61
7,56667	30,61
7,58333	30,60
7,60000	30,60
7,61667	30,60
7,63333	30,60
7,65000	30,60
7,66667	30,60
7,68333	30,60
7,70000	30,61
7,71667	30,61
7,73333	30,61
7,75000	30,61
7,76667	30,61
7,78333	30,62
7,80000	30,62
7,81667	30,62
7,83333	30,62
7,85000	30,63
7,86667	30,63
7,88333	30,63
7,90000	30,64
7,91667	30,64
7,93333	30,64
7,95000	30,65
7,96667	30,65
7,98333	30,65
8,00000	30,66
8,01667	30,66
8,03333	30,66
8,05000	30,66
8,06667	30,66
8,08333	30,66
8,10000	30,67
8,11667	30,67
8,13333	30,67
8,15000	30,67
8,16667	30,67
8,18333	30,67
8,20000	30,67
8,21667	30,68
8,23333	30,68
8,25000	30,68
8,26667	30,67
8,28333	30,67
8,30000	30,66
8,31667	30,66
8,33333	30,66
8,35000	30,65
8,36667	30,65
8,38333	30,65
8,40000	30,66
8,41667	30,66
8,43333	30,66
8,45000	30,66
8,46667	30,66
8,48333	30,66
8,50000	30,66
8,51667	30,66
8,53333	30,66
8,55000	30,66
8,56667	30,66
8,58333	30,66
8,60000	30,66
8,61667	30,66
8,63333	30,66
8,65000	30,66
8,66667	30,66
8,68333	30,66
8,70000	30,66
8,71667	30,66
8,73333	30,66
8,75000	30,66
8,76667	30,66
8,78333	30,66
8,80000	30,66
8,81667	30,66
8,83333	30,66
8,85000	30,66
8,86667	30,66
8,88333	30,66
8,90000	30,66
8,91667	30,66
8,93333	30,66
8,95000	30,66
8,96667	30,66
8,98333	30,67
9,00000	30,67
9,01667	30,67
9,03333	30,66
9,05000	30,66
9,06667	30,66
9,08333	30,66
9,10000	30,66
9,11667	30,66
9,13333	30,67
9,15000	30,67
9,16667	30,66
9,18333	30,66
9,20000	30,66
9,21667	30,66
9,23333	30,66
9,25000	30,66
9,26667	30,66
9,28333	30,66
9,30000	30,66
9,31667	30,66
9,33333	30,66
9,35000	30,66
9,36667	30,66
9,38333	30,66
9,40000	30,66
9,41667	30,66
9,43333	30,66
9,45000	30,66
9,46667	30,66
9,48333	30,65
9,50000	30,65
9,51667	30,65
9,53333	30,64
9,55000	30,64
9,56667	30,64
9,58333	30,64
9,60000	30,63
9,61667	30,63
9,63333	30,63
9,65000	30,63
9,66667	30,63
9,68333	30,63
9,70000	30,63
9,71667	30,63
9,73333	30,63
9,75000	30,63
9,76667	30,63
9,78333	30,63
9,80000	30,63
9,81667	30,63
9,83333	30,63
9,85000	30,63
9,86667	30,63
9,88333	30,63
9,90000	30,63
9,91667	30,63
9,93333	30,63
9,95000	30,63
9,96667	30,63
9,98333	30,63
10,00000	30,63
10,01667	30,63
10,03333	30,63
10,05000	30,63
10,06667	30,64
10,08333	30,64
10,10000	30,64
10,11667	30,64
10,13333	30,64
10,15000	30,65
10,16667	30,65
10,18333	30,66
10,20000	30,66
10,21667	30,67
10,23333	30,67
10,25000	30,67
10,26667	30,67
10,28333	30,67
10,30000	30,67
10,31667	30,67
10,33333	30,67
10,35000	30,67
10,36667	30,67
10,38333	30,67
10,40000	30,67
10,41667	30,67
10,43333	30,67
10,45000	30,67
10,46667	30,67
10,48333	30,67
10,50000	30,67
10,51667	30,66
10,53333	30,66
10,55000	30,66
10,56667	30,66
10,58333	30,66
10,60000	30,66
10,61667	30,65
10,63333	30,65
10,65000	30,65
10,66667	30,65
10,68333	30,65
10,70000	30,65
10,71667	30,65
10,73333	30,66
10,75000	30,66
10,76667	30,66
10,78333	30,66
10,80000	30,66
10,81667	30,66
10,83333	30,66
10,85000	30,66
10,86667	30,66
10,88333	30,66
10,90000	30,66
10,91667	30,66
10,93333	30,66
10,95000	30,66
10,96667	30,66
10,98333	30,66
11,00000	30,66
11,01667	30,66
11,03333	30,66
11,05000	30,65
11,06667	30,65
11,08333	30,65
11,10000	30,65
11,11667	30,65
11,13333	30,65
11,15000	30,65
11,16667	30,65
11,18333	30,65
11,20000	30,65
11,21667	30,65
11,23333	30,65
11,25000	30,65
11,26667	30,65
11,28333	30,66
11,30000	30,66
11,31667	30,66
11,33333	30,66
11,35000	30,66
11,36667	30,66
11,38333	30,67
11,40000	30,67
11,41667	30,67
11,43333	30,66
11,45000	30,66
11,46667	30,67
11,48333	30,67
11,50000	30,67
11,51667	30,67
11,53333	30,67
11,55000	30,67
11,56667	30,67
11,58333	30,67
11,60000	30,67
11,61667	30,67
11,63333	30,66
11,65000	30,65
11,66667	30,65
11,68333	30,64
11,70000	30,63
11,71667	30,63
11,73333	30,63
11,75000	30,63
11,76667	30,63
11,78333	30,63
11,80000	30,63
11,81667	30,63
11,83333	30,64
11,85000	30,64
11,86667	30,64
11,88333	30,64
11,90000	30,64
11,91667	30,64
11,93333	30,64
11,95000	30,64
11,96667	30,65
11,98333	30,65
12,00000	30,65
12,01667	30,65
12,03333	30,65
12,05000	30,65
12,06667	30,65
12,08333	30,64
12,10000	30,64
12,11667	30,64
12,13333	30,64
12,15000	30,64
12,16667	30,64
12,18333	30,64
12,20000	30,64
12,21667	30,64
12,23333	30,64
12,25000	30,64
12,26667	30,64
12,28333	30,64
12,30000	30,64
12,31667	30,64
12,33333	30,64
12,35000	30,64
12,36667	30,64
12,38333	30,64
12,40000	30,64
12,41667	30,64
12,43333	30,64
12,45000	30,65
12,46667	30,65
12,48333	30,65
12,50000	30,65
12,51667	30,65
12,53333	30,65
12,55000	30,65
12,56667	30,65
12,58333	30,65
12,60000	30,65
12,61667	30,65
12,63333	30,65
12,65000	30,65
12,66667	30,65
12,68333	30,65
12,70000	30,65
12,71667	30,64
12,73333	30,64
12,75000	30,64
12,76667	30,64
12,78333	30,64
12,80000	30,64
12,81667	30,64
12,83333	30,64
12,85000	30,64
12,86667	30,64
12,88333	30,64
12,90000	30,64
12,91667	30,63
12,93333	30,63
12,95000	30,63
12,96667	30,63
12,98333	30,62
13,00000	30,62
13,01667	30,62
13,03333	30,62
13,05000	30,62
13,06667	30,62
13,08333	30,62
13,10000	30,63
13,11667	30,63
13,13333	30,63
13,15000	30,63
13,16667	30,64
13,18333	30,64
13,20000	30,64
13,21667	30,65
13,23333	30,65
13,25000	30,65
13,26667	30,65
13,28333	30,65
13,30000	30,66
13,31667	30,66
13,33333	30,66
13,35000	30,66
13,36667	30,66
13,38333	30,66
13,40000	30,66
13,41667	30,66
13,43333	30,65
13,45000	30,65
13,46667	30,65
13,48333	30,65
13,50000	30,65
13,51667	30,65
13,53333	30,65
13,55000	30,66
13,56667	30,66
13,58333	30,66
13,60000	30,66
13,61667	30,66
13,63333	30,66
13,65000	30,66
13,66667	30,66
13,68333	30,66
13,70000	30,66
13,71667	30,66
13,73333	30,66
13,75000	30,67
13,76667	30,67
13,78333	30,67
13,80000	30,67
13,81667	30,67
13,83333	30,67
13,85000	30,67
13,86667	30,67
13,88333	30,67
13,90000	30,67
13,91667	30,67
13,93333	30,67
13,95000	30,67
13,96667	30,67
13,98333	30,67
14,00000	30,66
14,01667	30,66
14,03333	30,66
14,05000	30,66
14,06667	30,65
14,08333	30,65
14,10000	30,65
14,11667	30,65
14,13333	30,65
14,15000	30,65
14,16667	30,65
14,18333	30,65
14,20000	30,65
14,21667	30,65
14,23333	30,65
14,25000	30,65
14,26667	30,65
14,28333	30,65
14,30000	30,65
14,31667	30,65
14,33333	30,65
14,35000	30,64
14,36667	30,64
14,38333	30,64
14,40000	30,64
14,41667	30,64
14,43333	30,64
14,45000	30,64
14,46667	30,64
14,48333	30,64
14,50000	30,64
14,51667	30,64
14,53333	30,64
14,55000	30,65
14,56667	30,65
14,58333	30,65
14,60000	30,65
14,61667	30,65
14,63333	30,65
14,65000	30,65
14,66667	30,65
14,68333	30,65
14,70000	30,65
14,71667	30,65
14,73333	30,65
14,75000	30,65
14,76667	30,65
14,78333	30,65
14,80000	30,65
14,81667	30,65
14,83333	30,65
14,85000	30,65
14,86667	30,65
14,88333	30,65
14,90000	30,65
14,91667	30,65
14,93333	30,65
14,95000	30,65
14,96667	30,66
14,98333	30,66
15,00000	30,66
15,01667	30,67
15,03333	30,67
15,05000	30,67
15,06667	30,68
15,08333	30,68
15,10000	30,68
15,11667	30,69
15,13333	30,69
15,15000	30,70
15,16667	30,70
15,18333	30,70
15,20000	30,70
15,21667	30,70
15,23333	30,70
15,25000	30,70
15,26667	30,71
15,28333	30,71
15,30000	30,71
15,31667	30,71
15,33333	30,71
15,35000	30,71
15,36667	30,72
15,38333	30,72
15,40000	30,72
15,41667	30,72
15,43333	30,72
15,45000	30,72
15,46667	30,72
15,48333	30,72
15,50000	30,73
15,51667	30,73
15,53333	30,73
15,55000	30,73
15,56667	30,73
15,58333	30,74
15,60000	30,74
15,61667	30,75
15,63333	30,75
15,65000	30,75
15,66667	30,75
15,68333	30,75
15,70000	30,75
15,71667	30,76
15,73333	30,76
15,75000	30,76
15,76667	30,76
15,78333	30,76
15,80000	30,77
15,81667	30,77
15,83333	30,77
15,85000	30,77
15,86667	30,78
15,88333	30,78
15,90000	30,78
15,91667	30,78
15,93333	30,78
15,95000	30,78
15,96667	30,78
15,98333	30,79
16,00000	30,79
16,01667	30,79
16,03333	30,79
16,05000	30,79
16,06667	30,80
16,08333	30,80
16,10000	30,80
16,11667	30,80
16,13333	30,80
16,15000	30,80
16,16667	30,80
16,18333	30,80
16,20000	30,80
16,21667	30,81
16,23333	30,81
16,25000	30,81
16,26667	30,81
16,28333	30,82
16,30000	30,82
16,31667	30,81
16,33333	30,81
16,35000	30,81
16,36667	30,81
16,38333	30,81
16,40000	30,81
16,41667	30,80
16,43333	30,80
16,45000	30,80
16,46667	30,80
16,48333	30,80
16,50000	30,80
16,51667	30,80
16,53333	30,80
16,55000	30,80
16,56667	30,79
16,58333	30,79
16,60000	30,79
16,61667	30,79
16,63333	30,79
16,65000	30,79
16,66667	30,79
16,68333	30,79
16,70000	30,79
16,71667	30,79
16,73333	30,79
16,75000	30,78
16,76667	30,78
16,78333	30,77
16,80000	30,77
16,81667	30,77
16,83333	30,77
16,85000	30,76
16,86667	30,75
16,88333	30,75
16,90000	30,75
16,91667	30,75
16,93333	30,75
16,95000	30,75
16,96667	30,75
16,98333	30,75
17,00000	30,75
17,01667	30,75
17,03333	30,74
17,05000	30,74
17,06667	30,75
17,08333	30,75
17,10000	30,75
17,11667	30,74
17,13333	30,74
17,15000	30,74
17,16667	30,74
17,18333	30,74
17,20000	30,74
17,21667	30,74
17,23333	30,74
17,25000	30,74
17,26667	30,74
17,28333	30,74
17,30000	30,75
17,31667	30,75
17,33333	30,75
17,35000	30,75
17,36667	30,75
17,38333	30,75
17,40000	30,75
17,41667	30,75
17,43333	30,75
17,45000	30,75
17,46667	30,76
17,48333	30,76
17,50000	30,76
17,51667	30,76
17,53333	30,76
17,55000	30,76
17,56667	30,76
17,58333	30,76
17,60000	30,76
17,61667	30,75
17,63333	30,75
17,65000	30,75
17,66667	30,74
17,68333	30,74
17,70000	30,74
17,71667	30,74
17,73333	30,74
17,75000	30,74
17,76667	30,74
17,78333	30,74
17,80000	30,74
17,81667	30,74
17,83333	30,74
17,85000	30,74
17,86667	30,74
17,88333	30,74
17,90000	30,75
17,91667	30,75
17,93333	30,75
17,95000	30,76
17,96667	30,76
17,98333	30,76
18,00000	30,76
18,01667	30,76
18,03333	30,76
18,05000	30,76
18,06667	30,76
18,08333	30,76
18,10000	30,76
18,11667	30,77
18,13333	30,77
18,15000	30,77
18,16667	30,77
18,18333	30,77
18,20000	30,77
18,21667	30,77
18,23333	30,77
18,25000	30,77
18,26667	30,77
18,28333	30,77
18,30000	30,77
18,31667	30,77
18,33333	30,77
18,35000	30,77
18,36667	30,77
18,38333	30,77
18,40000	30,77
18,41667	30,77
18,43333	30,77
18,45000	30,77
18,46667	30,77
18,48333	30,77
18,50000	30,77
18,51667	30,77
18,53333	30,77
18,55000	30,77
18,56667	30,77
18,58333	30,77
18,60000	30,76
18,61667	30,76
18,63333	30,76
18,65000	30,76
18,66667	30,76
18,68333	30,77
18,70000	30,77
18,71667	30,77
18,73333	30,77
18,75000	30,77
18,76667	30,77
18,78333	30,78
18,80000	30,78
18,81667	30,78
18,83333	30,78
18,85000	30,78
18,86667	30,78
18,88333	30,78
18,90000	30,78
18,91667	30,79
18,93333	30,79
18,95000	30,79
18,96667	30,79
18,98333	30,79
19,00000	30,79
19,01667	30,79
19,03333	30,79
19,05000	30,78
19,06667	30,78
19,08333	30,78
19,10000	30,79
19,11667	30,79
19,13333	30,79
19,15000	30,79
19,16667	30,79
19,18333	30,79
19,20000	30,80
19,21667	30,80
19,23333	30,80
19,25000	30,80
19,26667	30,80
19,28333	30,80
19,30000	30,80
19,31667	30,80
19,33333	30,80
19,35000	30,80
19,36667	30,80
19,38333	30,80
19,40000	30,80
19,41667	30,80
19,43333	30,80
19,45000	30,80
19,46667	30,80
19,48333	30,80
19,50000	30,80
19,51667	30,80
19,53333	30,80
19,55000	30,80
19,56667	30,80
19,58333	30,80
19,60000	30,81
19,61667	30,81
19,63333	30,81
19,65000	30,81
19,66667	30,81
19,68333	30,81
19,70000	30,82
19,71667	30,82
19,73333	30,82
19,75000	30,82
19,76667	30,82
19,78333	30,83
19,80000	30,83
19,81667	30,83
19,83333	30,83
19,85000	30,83
19,86667	30,83
19,88333	30,83
19,90000	30,83
19,91667	30,83
19,93333	30,83
19,95000	30,83
19,96667	30,83
19,98333	30,83
20,00000	30,83
20,01667	30,83
20,03333	30,84
20,05000	30,84
20,06667	30,84
20,08333	30,84
20,10000	30,85
20,11667	30,85
20,13333	30,85
20,15000	30,85
20,16667	30,85
20,18333	30,85
20,20000	30,85
20,21667	30,85
20,23333	30,85
20,25000	30,85
20,26667	30,85
20,28333	30,85
20,30000	30,85
20,31667	30,85
20,33333	30,85
20,35000	30,85
20,36667	30,85
20,38333	30,85
20,40000	30,86
20,41667	30,86
20,43333	30,86
20,45000	30,86
20,46667	30,86
20,48333	30,86
20,50000	30,86
20,51667	30,86
20,53333	30,86
20,55000	30,86
20,56667	30,86
20,58333	30,86
20,60000	30,85
20,61667	30,85
20,63333	30,85
20,65000	30,84
20,66667	30,84
20,68333	30,84
20,70000	30,84
20,71667	30,84
20,73333	30,84
20,75000	30,84
20,76667	30,84
20,78333	30,84
20,80000	30,84
20,81667	30,84
20,83333	30,84
20,85000	30,84
20,86667	30,84
20,88333	30,84
20,90000	30,84
20,91667	30,84
20,93333	30,84
20,95000	30,84
20,96667	30,84
20,98333	30,84
21,00000	30,84
21,01667	30,84
21,03333	30,84
21,05000	30,84
21,06667	30,84
21,08333	30,84
21,10000	30,84
21,11667	30,84
21,13333	30,83
21,15000	30,83
21,16667	30,82
21,18333	30,82
21,20000	30,82
21,21667	30,82
21,23333	30,82
21,25000	30,82
21,26667	30,82
21,28333	30,82
21,30000	30,82
21,31667	30,81
21,33333	30,81
21,35000	30,81
21,36667	30,81
21,38333	30,81
21,40000	30,81
21,41667	30,81
21,43333	30,81
21,45000	30,82
21,46667	30,82
21,48333	30,82
21,50000	30,82
21,51667	30,82
21,53333	30,82
21,55000	30,82
21,56667	30,82
21,58333	30,82
21,60000	30,82
21,61667	30,83
21,63333	30,83
21,65000	30,83
21,66667	30,83
21,68333	30,83
21,70000	30,83
21,71667	30,83
21,73333	30,83
21,75000	30,83
21,76667	30,82
21,78333	30,82
21,80000	30,82
21,81667	30,82
21,83333	30,82
21,85000	30,82
21,86667	30,82
21,88333	30,82
21,90000	30,82
21,91667	30,82
21,93333	30,82
21,95000	30,82
21,96667	30,82
21,98333	30,83
22,00000	30,83
22,01667	30,83
22,03333	30,83
22,05000	30,83
22,06667	30,83
22,08333	30,83
22,10000	30,83
22,11667	30,83
22,13333	30,83
22,15000	30,82
22,16667	30,82
22,18333	30,81
22,20000	30,81
22,21667	30,81
22,23333	30,81
22,25000	30,81
22,26667	30,80
22,28333	30,80
22,30000	30,80
22,31667	30,80
22,33333	30,79
22,35000	30,79
22,36667	30,79
22,38333	30,79
22,40000	30,79
22,41667	30,78
22,43333	30,78
22,45000	30,78
22,46667	30,78
22,48333	30,78
22,50000	30,78
22,51667	30,78
22,53333	30,78
22,55000	30,78
22,56667	30,78
22,58333	30,78
22,60000	30,77
22,61667	30,77
22,63333	30,77
22,65000	30,77
22,66667	30,77
22,68333	30,77
22,70000	30,77
22,71667	30,77
22,73333	30,77
22,75000	30,77
22,76667	30,77
22,78333	30,77
22,80000	30,77
22,81667	30,77
22,83333	30,77
22,85000	30,77
22,86667	30,77
22,88333	30,77
22,90000	30,77
22,91667	30,77
22,93333	30,77
22,95000	30,77
22,96667	30,77
22,98333	30,77
23,00000	30,77
23,01667	30,77
23,03333	30,77
23,05000	30,77
23,06667	30,78
23,08333	30,78
23,10000	30,78
23,11667	30,78
23,13333	30,78
23,15000	30,78
23,16667	30,79
23,18333	30,79
23,20000	30,79
23,21667	30,79
23,23333	30,79
23,25000	30,79
23,26667	30,80
23,28333	30,80
23,30000	30,80
23,31667	30,80
23,33333	30,80
23,35000	30,80
23,36667	30,80
23,38333	30,80
23,40000	30,80
23,41667	30,80
23,43333	30,80
23,45000	30,80
23,46667	30,80
23,48333	30,80
23,50000	30,80
23,51667	30,80
23,53333	30,80
23,55000	30,81
23,56667	30,81
23,58333	30,81
23,60000	30,80
23,61667	30,81
23,63333	30,81
23,65000	30,81
23,66667	30,81
23,68333	30,81
23,70000	30,81
23,71667	30,81
23,73333	30,81
23,75000	30,81
23,76667	30,81
23,78333	30,82
23,80000	30,82
23,81667	30,82
23,83333	30,82
23,85000	30,82
23,86667	30,82
23,88333	30,82
23,90000	30,83
23,91667	30,83
23,93333	30,83
23,95000	30,83
23,96667	30,83
23,98333	30,83
24,00000	30,83
24,01667	30,82
24,03333	30,82
24,05000	30,82
24,06667	30,82
24,08333	30,81
24,10000	30,81
24,11667	30,81
24,13333	30,81
24,15000	30,81
24,16667	30,81
24,18333	30,81
24,20000	30,81
24,21667	30,82
24,23333	30,82
24,25000	30,82
24,26667	30,82
24,28333	30,82
24,30000	30,82
24,31667	30,82
24,33333	30,82
24,35000	30,83
24,36667	30,84
24,38333	30,84
24,40000	30,84
24,41667	30,85
24,43333	30,85
24,45000	30,86
24,46667	30,86
24,48333	30,86
24,50000	30,87
24,51667	30,87
24,53333	30,88
24,55000	30,88
24,56667	30,88
24,58333	30,89
24,60000	30,89
24,61667	30,89
24,63333	30,89
24,65000	30,89
24,66667	30,89
24,68333	30,89
24,70000	30,89
24,71667	30,90
24,73333	30,90
24,75000	30,90
24,76667	30,90
24,78333	30,90
24,80000	30,90
24,81667	30,90
24,83333	30,90
24,85000	30,90
24,86667	30,90
24,88333	30,90
24,90000	30,90
24,91667	30,89
24,93333	30,89
24,95000	30,89
24,96667	30,89
24,98333	30,89
25,00000	30,89
25,01667	30,88
25,03333	30,87
25,05000	30,87
25,06667	30,87
25,08333	30,87
25,10000	30,86
25,11667	30,85
25,13333	30,85
25,15000	30,85
25,16667	30,85
25,18333	30,84
25,20000	30,84
25,21667	30,84
25,23333	30,84
25,25000	30,84
25,26667	30,84
25,28333	30,84
25,30000	30,85
25,31667	30,85
25,33333	30,85
25,35000	30,86
25,36667	30,86
25,38333	30,86
25,40000	30,86
25,41667	30,87
25,43333	30,88
25,45000	30,88
25,46667	30,88
25,48333	30,88
25,50000	30,89
25,51667	30,89
25,53333	30,89
25,55000	30,90
25,56667	30,91
25,58333	30,92
25,60000	30,92
25,61667	30,92
25,63333	30,92
25,65000	30,93
25,66667	30,93
25,68333	30,93
25,70000	30,94
25,71667	30,94
25,73333	30,94
25,75000	30,94
25,76667	30,94
25,78333	30,94
25,80000	30,94
25,81667	30,94
25,83333	30,94
25,85000	30,94
25,86667	30,94
25,88333	30,94
25,90000	30,94
25,91667	30,94
25,93333	30,93
25,95000	30,94
25,96667	30,94
25,98333	30,94
26,00000	30,94
26,01667	30,94
26,03333	30,94
26,05000	30,94
26,06667	30,94
26,08333	30,94
26,10000	30,94
26,11667	30,94
26,13333	30,94
26,15000	30,94
26,16667	30,94
26,18333	30,94
26,20000	30,94
26,21667	30,94
26,23333	30,94
26,25000	30,94
26,26667	30,94
26,28333	30,94
26,30000	30,94
26,31667	30,93
26,33333	30,93
26,35000	30,93
26,36667	30,93
26,38333	30,93
26,40000	30,92
26,41667	30,92
26,43333	30,92
26,45000	30,91
26,46667	30,91
26,48333	30,91
26,50000	30,91
26,51667	30,90
26,53333	30,90
26,55000	30,90
26,56667	30,90
26,58333	30,90
26,60000	30,90
26,61667	30,91
26,63333	30,91
26,65000	30,91
26,66667	30,91
26,68333	30,92
26,70000	30,92
26,71667	30,92
26,73333	30,92
26,75000	30,93
26,76667	30,93
26,78333	30,93
26,80000	30,94
26,81667	30,94
26,83333	30,94
26,85000	30,94
26,86667	30,94
26,88333	30,95
26,90000	30,95
26,91667	30,95
26,93333	30,95
26,95000	30,95
26,96667	30,95
26,98333	30,95
27,00000	30,95
27,01667	30,95
27,03333	30,95
27,05000	30,95
27,06667	30,95
27,08333	30,96
27,10000	30,96
27,11667	30,96
27,13333	30,96
27,15000	30,96
27,16667	30,96
27,18333	30,97
27,20000	30,97
27,21667	30,97
27,23333	30,97
27,25000	30,97
27,26667	30,97
27,28333	30,97
27,30000	30,97
27,31667	30,96
27,33333	30,96
27,35000	30,96
27,36667	30,95
27,38333	30,95
27,40000	30,94
27,41667	30,93
27,43333	30,93
27,45000	30,93
27,46667	30,92
27,48333	30,92
27,50000	30,92
27,51667	30,92
27,53333	30,92
27,55000	30,92
27,56667	30,92
27,58333	30,92
27,60000	30,92
27,61667	30,92
27,63333	30,92
27,65000	30,92
27,66667	30,92
27,68333	30,92
27,70000	30,92
27,71667	30,92
27,73333	30,92
27,75000	30,92
27,76667	30,93
27,78333	30,93
27,80000	30,93
27,81667	30,93
27,83333	30,93
27,85000	30,93
27,86667	30,93
27,88333	30,94
27,90000	30,94
27,91667	30,94
27,93333	30,94
27,95000	30,95
27,96667	30,95
27,98333	30,95
28,00000	30,96
28,01667	30,96
28,03333	30,96
28,05000	30,96
28,06667	30,97
28,08333	30,97
28,10000	30,97
28,11667	30,97
28,13333	30,97
28,15000	30,97
28,16667	30,98
28,18333	30,98
28,20000	30,99
28,21667	30,99
28,23333	30,99
28,25000	30,99
28,26667	30,99
28,28333	30,99
28,30000	30,99
28,31667	30,99
28,33333	30,99
28,35000	30,98
28,36667	30,97
28,38333	30,97
28,40000	30,97
28,41667	30,96
28,43333	30,96
28,45000	30,96
28,46667	30,96
28,48333	30,96
28,50000	30,96
28,51667	30,96
28,53333	30,96
28,55000	30,96
28,56667	30,96
28,58333	30,96
28,60000	30,95
28,61667	30,95
28,63333	30,95
28,65000	30,95
28,66667	30,95
28,68333	30,94
28,70000	30,94
28,71667	30,94
28,73333	30,94
28,75000	30,94
28,76667	30,94
28,78333	30,94
28,80000	30,94
28,81667	30,94
28,83333	30,94
28,85000	30,94
28,86667	30,94
28,88333	30,94
28,90000	30,94
28,91667	30,94
28,93333	30,94
28,95000	30,94
28,96667	30,95
28,98333	30,95
29,00000	30,95
29,01667	30,95
29,03333	30,95
29,05000	30,96
29,06667	30,96
29,08333	30,96
29,10000	30,96
29,11667	30,96
29,13333	30,96
29,15000	30,96
29,16667	30,96
29,18333	30,96
29,20000	30,96
29,21667	30,96
29,23333	30,96
29,25000	30,96
29,26667	30,96
29,28333	30,96
29,30000	30,96
29,31667	30,97
29,33333	30,97
29,35000	30,96
29,36667	30,96
29,38333	30,96
29,40000	30,95
29,41667	30,95
29,43333	30,95
29,45000	30,95
29,46667	30,95
29,48333	30,95
29,50000	30,95
29,51667	30,95
29,53333	30,95
29,55000	30,95
29,56667	30,95
29,58333	30,95
29,60000	30,95
29,61667	30,95
29,63333	30,95
29,65000	30,95
29,66667	30,95
29,68333	30,95
29,70000	30,95
29,71667	30,95
29,73333	30,95
29,75000	30,95
29,76667	30,95
29,78333	30,95
29,80000	30,94
29,81667	30,94
29,83333	30,94
29,85000	30,94
29,86667	30,94
29,88333	30,94
29,90000	30,94
29,91667	30,94
29,93333	30,94
29,95000	30,94
29,96667	30,94
29,98333	30,94
30,00000	30,94
30,01667	30,94
30,03333	30,94
30,05000	30,94
30,06667	30,93
30,08333	30,93
30,10000	30,93
30,11667	30,94
30,13333	30,94
30,15000	30,94
30,16667	30,94
30,18333	30,94
30,20000	30,94
30,21667	30,94
30,23333	30,94
30,25000	30,94
30,26667	30,94
30,28333	30,94
30,30000	30,94
30,31667	30,94
30,33333	30,94
30,35000	30,95
30,36667	30,95
30,38333	30,95
30,40000	30,95
30,41667	30,95
30,43333	30,95
30,45000	30,95
30,46667	30,95
30,48333	30,95
30,50000	30,94
30,51667	30,94
30,53333	30,94
30,55000	30,93
30,56667	30,93
30,58333	30,93
30,60000	30,93
30,61667	30,93
30,63333	30,93
30,65000	30,93
30,66667	30,93
30,68333	30,93
30,70000	30,93
30,71667	30,93
30,73333	30,93
30,75000	30,94
30,76667	30,94
30,78333	30,94
30,80000	30,94
30,81667	30,94
30,83333	30,94
30,85000	30,94
30,86667	30,94
30,88333	30,94
30,90000	30,94
30,91667	30,93
30,93333	30,93
30,95000	30,93
30,96667	30,93
30,98333	30,93
31,00000	30,93
31,01667	30,93
31,03333	30,93
31,05000	30,93
31,06667	30,93
31,08333	30,93
31,10000	30,93
31,11667	30,93
31,13333	30,93
31,15000	30,93
31,16667	30,93
31,18333	30,93
31,20000	30,94
31,21667	30,95
31,23333	30,95
31,25000	30,95
31,26667	30,96
31,28333	30,96
31,30000	30,96
31,31667	30,96
31,33333	30,96
31,35000	30,97
31,36667	30,97
31,38333	30,97
31,40000	30,97
31,41667	30,98
31,43333	30,98
31,45000	30,98
31,46667	30,98
31,48333	30,98
31,50000	30,98
31,51667	30,98
31,53333	30,98
31,55000	30,98
31,56667	30,98
31,58333	30,98
31,60000	30,97
31,61667	30,97
31,63333	30,97
31,65000	30,97
31,66667	30,96
31,68333	30,96
31,70000	30,96
31,71667	30,96
31,73333	30,96
31,75000	30,96
31,76667	30,95
31,78333	30,95
31,80000	30,95
31,81667	30,95
31,83333	30,95
31,85000	30,95
31,86667	30,94
31,88333	30,94
31,90000	30,93
31,91667	30,93
31,93333	30,93
31,95000	30,93
31,96667	30,93
31,98333	30,93
32,00000	30,92

[LC Status Trace(PDA Cell Temp.)]
Interval(msec)	1000
# of Points	1921
Start Time(min)	0,000
End Time(min)	32,000
Intensity Units	C
Intensity Multiplier	1
R.Time (min)	Intensity
0,00000	49,99
0,01667	49,99
0,03333	49,99
0,05000	49,99
0,06667	49,99
0,08333	49,99
0,10000	49,99
0,11667	49,99
0,13333	49,99
0,15000	49,99
0,16667	49,99
0,18333	49,99
0,20000	49,99
0,21667	49,99
0,23333	49,99
0,25000	49,99
0,26667	49,99
0,28333	49,99
0,30000	49,99
0,31667	49,99
0,33333	49,99
0,35000	49,99
0,36667	49,99
0,38333	49,99
0,40000	49,99
0,41667	49,99
0,43333	49,99
0,45000	49,99
0,46667	49,99
0,48333	49,99
0,50000	49,99
0,51667	49,99
0,53333	49,99
0,55000	49,99
0,56667	49,99
0,58333	49,99
0,60000	49,99
0,61667	49,99
0,63333	49,99
0,65000	49,99
0,66667	50,00
0,68333	50,00
0,70000	50,00
0,71667	50,00
0,73333	50,00
0,75000	50,00
0,76667	50,00
0,78333	50,00
0,80000	50,00
0,81667	50,00
0,83333	50,00
0,85000	50,00
0,86667	50,00
0,88333	50,00
0,90000	50,00
0,91667	50,00
0,93333	49,99
0,95000	49,99
0,96667	49,99
0,98333	49,99
1,00000	49,99
1,01667	49,99
1,03333	49,99
1,05000	49,99
1,06667	49,99
1,08333	49,99
1,10000	49,99
1,11667	49,99
1,13333	49,99
1,15000	49,99
1,16667	49,99
1,18333	49,99
1,20000	49,99
1,21667	49,99
1,23333	49,99
1,25000	49,99
1,26667	49,99
1,28333	49,99
1,30000	49,99
1,31667	49,99
1,33333	49,99
1,35000	49,99
1,36667	49,99
1,38333	49,99
1,40000	49,99
1,41667	49,99
1,43333	49,99
1,45000	50,00
1,46667	50,00
1,48333	50,00
1,50000	50,00
1,51667	50,00
1,53333	50,00
1,55000	50,00
1,56667	50,00
1,58333	50,00
1,60000	50,00
1,61667	50,00
1,63333	50,00
1,65000	50,00
1,66667	50,00
1,68333	50,00
1,70000	50,00
1,71667	50,00
1,73333	50,00
1,75000	50,00
1,76667	50,00
1,78333	50,00
1,80000	50,00
1,81667	50,00
1,83333	50,00
1,85000	50,00
1,86667	50,00
1,88333	50,00
1,90000	50,00
1,91667	50,00
1,93333	50,00
1,95000	50,00
1,96667	50,00
1,98333	49,99
2,00000	49,99
2,01667	49,99
2,03333	49,99
2,05000	49,99
2,06667	49,99
2,08333	49,99
2,10000	49,99
2,11667	49,99
2,13333	49,99
2,15000	49,99
2,16667	49,99
2,18333	49,99
2,20000	49,99
2,21667	49,99
2,23333	49,99
2,25000	49,99
2,26667	49,99
2,28333	49,99
2,30000	49,99
2,31667	49,99
2,33333	49,99
2,35000	49,99
2,36667	49,99
2,38333	49,99
2,40000	49,99
2,41667	49,99
2,43333	49,99
2,45000	49,99
2,46667	49,99
2,48333	49,99
2,50000	49,99
2,51667	49,99
2,53333	49,99
2,55000	49,99
2,56667	49,99
2,58333	49,99
2,60000	50,00
2,61667	50,00
2,63333	50,00
2,65000	50,00
2,66667	50,00
2,68333	50,00
2,70000	50,00
2,71667	50,00
2,73333	50,00
2,75000	50,00
2,76667	50,00
2,78333	50,00
2,80000	50,00
2,81667	50,00
2,83333	50,00
2,85000	50,00
2,86667	50,00
2,88333	50,00
2,90000	50,00
2,91667	50,00
2,93333	50,00
2,95000	50,00
2,96667	50,00
2,98333	50,00
3,00000	50,00
3,01667	50,00
3,03333	50,00
3,05000	50,00
3,06667	50,00
3,08333	50,00
3,10000	50,00
3,11667	50,00
3,13333	50,00
3,15000	50,00
3,16667	50,00
3,18333	50,00
3,20000	50,00
3,21667	50,00
3,23333	50,00
3,25000	50,00
3,26667	50,00
3,28333	50,00
3,30000	50,00
3,31667	50,00
3,33333	50,00
3,35000	50,00
3,36667	50,00
3,38333	50,00
3,40000	49,99
3,41667	49,99
3,43333	49,99
3,45000	49,99
3,46667	49,99
3,48333	49,99
3,50000	49,99
3,51667	50,00
3,53333	50,00
3,55000	50,00
3,56667	50,00
3,58333	50,00
3,60000	50,00
3,61667	50,00
3,63333	50,00
3,65000	50,00
3,66667	50,00
3,68333	50,00
3,70000	50,00
3,71667	50,00
3,73333	50,00
3,75000	50,00
3,76667	50,00
3,78333	50,00
3,80000	50,00
3,81667	50,00
3,83333	50,00
3,85000	50,00
3,86667	50,00
3,88333	50,00
3,90000	50,00
3,91667	50,00
3,93333	50,00
3,95000	50,00
3,96667	50,00
3,98333	50,00
4,00000	50,00
4,01667	50,00
4,03333	50,00
4,05000	50,00
4,06667	50,00
4,08333	50,00
4,10000	50,00
4,11667	50,00
4,13333	50,00
4,15000	50,00
4,16667	50,00
4,18333	50,00
4,20000	50,00
4,21667	50,00
4,23333	50,00
4,25000	50,00
4,26667	50,00
4,28333	50,00
4,30000	50,00
4,31667	50,00
4,33333	50,00
4,35000	50,00
4,36667	50,00
4,38333	50,00
4,40000	50,00
4,41667	50,00
4,43333	50,00
4,45000	50,00
4,46667	50,00
4,48333	50,00
4,50000	50,00
4,51667	50,00
4,53333	50,00
4,55000	50,00
4,56667	50,00
4,58333	50,00
4,60000	50,00
4,61667	50,00
4,63333	50,00
4,65000	50,00
4,66667	50,00
4,68333	50,00
4,70000	50,00
4,71667	50,00
4,73333	50,00
4,75000	50,00
4,76667	50,00
4,78333	50,00
4,80000	50,00
4,81667	50,00
4,83333	50,00
4,85000	50,00
4,86667	50,00
4,88333	50,00
4,90000	50,00
4,91667	50,00
4,93333	50,00
4,95000	50,00
4,96667	49,99
4,98333	49,99
5,00000	49,99
5,01667	49,99
5,03333	49,99
5,05000	49,99
5,06667	49,99
5,08333	49,99
5,10000	49,99
5,11667	49,99
5,13333	49,99
5,15000	49,99
5,16667	49,99
5,18333	49,99
5,20000	49,99
5,21667	49,99
5,23333	49,99
5,25000	49,99
5,26667	50,00
5,28333	50,00
5,30000	50,00
5,31667	50,00
5,33333	50,00
5,35000	50,00
5,36667	50,00
5,38333	50,00
5,40000	50,00
5,41667	50,00
5,43333	50,00
5,45000	50,00
5,46667	50,00
5,48333	50,00
5,50000	50,00
5,51667	50,00
5,53333	50,00
5,55000	50,00
5,56667	50,00
5,58333	50,00
5,60000	50,00
5,61667	50,00
5,63333	50,00
5,65000	50,00
5,66667	50,00
5,68333	50,00
5,70000	50,00
5,71667	50,00
5,73333	50,00
5,75000	50,00
5,76667	50,00
5,78333	50,00
5,80000	50,00
5,81667	50,00
5,83333	50,00
5,85000	50,00
5,86667	50,00
5,88333	49,99
5,90000	49,99
5,91667	49,99
5,93333	49,99
5,95000	49,99
5,96667	49,99
5,98333	49,99
6,00000	49,99
6,01667	49,99
6,03333	50,00
6,05000	50,00
6,06667	50,00
6,08333	50,00
6,10000	50,00
6,11667	50,00
6,13333	50,00
6,15000	50,00
6,16667	50,00
6,18333	50,00
6,20000	50,00
6,21667	50,00
6,23333	50,00
6,25000	50,00
6,26667	50,00
6,28333	50,00
6,30000	50,00
6,31667	50,00
6,33333	50,00
6,35000	50,00
6,36667	50,00
6,38333	50,00
6,40000	50,00
6,41667	50,00
6,43333	50,00
6,45000	50,00
6,46667	50,00
6,48333	50,00
6,50000	50,00
6,51667	50,00
6,53333	50,00
6,55000	50,00
6,56667	50,00
6,58333	50,00
6,60000	50,00
6,61667	50,00
6,63333	50,00
6,65000	50,00
6,66667	50,00
6,68333	50,00
6,70000	50,00
6,71667	50,00
6,73333	50,00
6,75000	50,00
6,76667	50,00
6,78333	50,00
6,80000	50,00
6,81667	50,00
6,83333	50,00
6,85000	50,00
6,86667	50,00
6,88333	50,00
6,90000	50,00
6,91667	50,00
6,93333	50,00
6,95000	50,00
6,96667	50,00
6,98333	50,00
7,00000	50,00
7,01667	50,00
7,03333	50,00
7,05000	50,00
7,06667	50,00
7,08333	50,00
7,10000	50,00
7,11667	50,00
7,13333	50,00
7,15000	50,00
7,16667	50,00
7,18333	50,00
7,20000	50,00
7,21667	50,00
7,23333	50,00
7,25000	50,00
7,26667	50,00
7,28333	50,00
7,30000	50,00
7,31667	50,00
7,33333	50,00
7,35000	50,00
7,36667	50,00
7,38333	50,00
7,40000	50,00
7,41667	50,00
7,43333	50,00
7,45000	50,00
7,46667	50,00
7,48333	50,00
7,50000	50,00
7,51667	50,00
7,53333	50,00
7,55000	50,00
7,56667	50,00
7,58333	50,00
7,60000	50,00
7,61667	50,00
7,63333	50,00
7,65000	50,00
7,66667	50,00
7,68333	50,00
7,70000	50,00
7,71667	50,00
7,73333	50,00
7,75000	50,00
7,76667	50,00
7,78333	50,00
7,80000	50,00
7,81667	50,00
7,83333	50,00
7,85000	50,00
7,86667	50,00
7,88333	50,00
7,90000	50,00
7,91667	50,00
7,93333	50,00
7,95000	50,00
7,96667	50,00
7,98333	50,00
8,00000	50,00
8,01667	50,00
8,03333	50,00
8,05000	50,00
8,06667	50,00
8,08333	50,00
8,10000	50,00
8,11667	50,00
8,13333	50,00
8,15000	50,00
8,16667	50,00
8,18333	50,00
8,20000	50,00
8,21667	50,00
8,23333	50,00
8,25000	50,00
8,26667	50,00
8,28333	49,99
8,30000	49,99
8,31667	50,00
8,33333	50,00
8,35000	49,99
8,36667	49,99
8,38333	49,99
8,40000	50,00
8,41667	49,99
8,43333	49,99
8,45000	50,00
8,46667	50,00
8,48333	50,00
8,50000	50,00
8,51667	50,00
8,53333	50,00
8,55000	50,00
8,56667	50,00
8,58333	50,00
8,60000	50,00
8,61667	50,00
8,63333	50,00
8,65000	50,00
8,66667	50,00
8,68333	50,00
8,70000	50,00
8,71667	50,00
8,73333	50,00
8,75000	50,00
8,76667	50,00
8,78333	49,99
8,80000	50,00
8,81667	50,00
8,83333	49,99
8,85000	49,99
8,86667	49,99
8,88333	50,00
8,90000	49,99
8,91667	50,00
8,93333	50,00
8,95000	50,00
8,96667	50,00
8,98333	50,00
9,00000	50,00
9,01667	50,00
9,03333	50,00
9,05000	50,00
9,06667	50,00
9,08333	50,00
9,10000	50,00
9,11667	50,00
9,13333	50,00
9,15000	50,00
9,16667	50,00
9,18333	50,00
9,20000	50,00
9,21667	50,00
9,23333	50,00
9,25000	50,00
9,26667	49,99
9,28333	49,99
9,30000	49,99
9,31667	49,99
9,33333	49,99
9,35000	49,99
9,36667	49,99
9,38333	49,99
9,40000	49,99
9,41667	49,99
9,43333	49,99
9,45000	50,00
9,46667	50,00
9,48333	50,00
9,50000	50,00
9,51667	50,00
9,53333	50,00
9,55000	50,00
9,56667	50,00
9,58333	50,00
9,60000	50,00
9,61667	50,00
9,63333	50,00
9,65000	50,00
9,66667	50,00
9,68333	50,00
9,70000	50,00
9,71667	50,00
9,73333	50,00
9,75000	50,00
9,76667	50,00
9,78333	50,00
9,80000	50,00
9,81667	50,00
9,83333	50,00
9,85000	50,00
9,86667	50,00
9,88333	50,00
9,90000	50,00
9,91667	50,00
9,93333	50,00
9,95000	50,00
9,96667	50,00
9,98333	50,00
10,00000	50,00
10,01667	50,00
10,03333	50,00
10,05000	50,00
10,06667	50,00
10,08333	50,00
10,10000	50,00
10,11667	50,00
10,13333	50,00
10,15000	50,00
10,16667	50,00
10,18333	50,00
10,20000	50,00
10,21667	50,00
10,23333	50,00
10,25000	50,00
10,26667	50,00
10,28333	50,00
10,30000	50,00
10,31667	50,00
10,33333	50,00
10,35000	50,00
10,36667	50,00
10,38333	50,00
10,40000	50,00
10,41667	50,00
10,43333	50,00
10,45000	50,00
10,46667	50,00
10,48333	50,00
10,50000	50,00
10,51667	50,00
10,53333	50,00
10,55000	50,00
10,56667	50,00
10,58333	50,00
10,60000	50,00
10,61667	50,00
10,63333	50,00
10,65000	50,00
10,66667	49,99
10,68333	49,99
10,70000	49,99
10,71667	49,99
10,73333	49,99
10,75000	49,99
10,76667	49,99
10,78333	49,99
10,80000	49,99
10,81667	49,99
10,83333	49,99
10,85000	49,99
10,86667	49,99
10,88333	49,99
10,90000	49,99
10,91667	49,99
10,93333	49,99
10,95000	49,99
10,96667	49,99
10,98333	49,99
11,00000	49,99
11,01667	49,99
11,03333	50,00
11,05000	50,00
11,06667	50,00
11,08333	50,00
11,10000	50,00
11,11667	50,00
11,13333	50,00
11,15000	50,00
11,16667	50,00
11,18333	50,00
11,20000	50,00
11,21667	50,00
11,23333	50,00
11,25000	50,00
11,26667	50,00
11,28333	50,00
11,30000	50,00
11,31667	50,00
11,33333	50,00
11,35000	50,00
11,36667	50,00
11,38333	50,00
11,40000	50,00
11,41667	50,00
11,43333	50,00
11,45000	50,00
11,46667	50,00
11,48333	50,00
11,50000	50,00
11,51667	50,00
11,53333	50,00
11,55000	50,00
11,56667	50,00
11,58333	50,00
11,60000	50,00
11,61667	50,00
11,63333	50,00
11,65000	50,00
11,66667	50,00
11,68333	50,00
11,70000	50,00
11,71667	50,00
11,73333	50,00
11,75000	50,00
11,76667	50,00
11,78333	49,99
11,80000	49,99
11,81667	49,99
11,83333	49,99
11,85000	49,99
11,86667	49,99
11,88333	49,99
11,90000	49,99
11,91667	49,99
11,93333	49,99
11,95000	49,99
11,96667	49,99
11,98333	49,99
12,00000	49,99
12,01667	49,99
12,03333	49,99
12,05000	49,99
12,06667	49,99
12,08333	49,99
12,10000	49,99
12,11667	49,99
12,13333	49,99
12,15000	49,99
12,16667	49,99
12,18333	49,99
12,20000	49,99
12,21667	49,99
12,23333	49,99
12,25000	50,00
12,26667	50,00
12,28333	50,00
12,30000	50,00
12,31667	50,00
12,33333	50,00
12,35000	50,00
12,36667	50,00
12,38333	50,00
12,40000	50,00
12,41667	50,00
12,43333	50,00
12,45000	50,00
12,46667	50,00
12,48333	50,00
12,50000	50,00
12,51667	50,00
12,53333	50,00
12,55000	50,00
12,56667	50,00
12,58333	50,00
12,60000	50,00
12,61667	50,00
12,63333	50,00
12,65000	50,00
12,66667	50,00
12,68333	50,00
12,70000	50,00
12,71667	50,00
12,73333	50,00
12,75000	50,00
12,76667	50,00
12,78333	50,00
12,80000	50,00
12,81667	50,00
12,83333	50,00
12,85000	50,00
12,86667	49,99
12,88333	49,99
12,90000	49,99
12,91667	49,99
12,93333	49,99
12,95000	49,99
12,96667	49,99
12,98333	49,99
13,00000	49,99
13,01667	49,99
13,03333	49,99
13,05000	49,99
13,06667	49,99
13,08333	49,99
13,10000	49,99
13,11667	49,99
13,13333	49,99
13,15000	49,99
13,16667	49,99
13,18333	49,99
13,20000	49,99
13,21667	49,99
13,23333	50,00
13,25000	50,00
13,26667	50,00
13,28333	50,00
13,30000	50,00
13,31667	50,00
13,33333	50,00
13,35000	50,00
13,36667	50,00
13,38333	50,00
13,40000	50,00
13,41667	50,00
13,43333	50,00
13,45000	50,00
13,46667	50,00
13,48333	50,00
13,50000	50,00
13,51667	50,00
13,53333	50,00
13,55000	50,00
13,56667	50,00
13,58333	50,00
13,60000	50,00
13,61667	50,00
13,63333	50,00
13,65000	50,00
13,66667	50,00
13,68333	50,00
13,70000	50,00
13,71667	50,00
13,73333	50,00
13,75000	50,00
13,76667	50,00
13,78333	50,00
13,80000	50,00
13,81667	50,00
13,83333	49,99
13,85000	49,99
13,86667	49,99
13,88333	49,99
13,90000	49,99
13,91667	49,99
13,93333	49,99
13,95000	49,99
13,96667	49,99
13,98333	49,99
14,00000	49,99
14,01667	49,99
14,03333	49,99
14,05000	49,99
14,06667	49,99
14,08333	49,99
14,10000	49,99
14,11667	49,99
14,13333	49,99
14,15000	49,99
14,16667	49,99
14,18333	49,99
14,20000	49,99
14,21667	49,99
14,23333	50,00
14,25000	50,00
14,26667	50,00
14,28333	50,00
14,30000	50,00
14,31667	50,00
14,33333	50,00
14,35000	50,00
14,36667	50,00
14,38333	50,00
14,40000	50,00
14,41667	50,00
14,43333	50,00
14,45000	50,00
14,46667	50,00
14,48333	50,00
14,50000	50,00
14,51667	50,00
14,53333	50,00
14,55000	50,00
14,56667	50,00
14,58333	50,00
14,60000	50,00
14,61667	50,00
14,63333	50,00
14,65000	50,00
14,66667	50,00
14,68333	50,00
14,70000	50,00
14,71667	50,00
14,73333	50,00
14,75000	50,00
14,76667	50,00
14,78333	50,00
14,80000	50,00
14,81667	50,00
14,83333	50,00
14,85000	50,00
14,86667	50,00
14,88333	50,00
14,90000	50,00
14,91667	50,00
14,93333	50,00
14,95000	50,00
14,96667	50,00
14,98333	50,00
15,00000	50,00
15,01667	50,00
15,03333	50,00
15,05000	50,00
15,06667	50,00
15,08333	50,00
15,10000	50,00
15,11667	50,00
15,13333	50,00
15,15000	50,00
15,16667	50,00
15,18333	50,00
15,20000	50,00
15,21667	50,00
15,23333	50,00
15,25000	50,00
15,26667	50,00
15,28333	50,00
15,30000	50,00
15,31667	50,00
15,33333	50,00
15,35000	50,00
15,36667	50,00
15,38333	50,00
15,40000	50,00
15,41667	50,00
15,43333	50,00
15,45000	50,00
15,46667	50,00
15,48333	50,00
15,50000	50,00
15,51667	50,00
15,53333	50,00
15,55000	50,00
15,56667	50,00
15,58333	50,00
15,60000	50,00
15,61667	50,00
15,63333	50,00
15,65000	50,00
15,66667	50,00
15,68333	50,00
15,70000	50,00
15,71667	50,00
15,73333	50,00
15,75000	50,00
15,76667	50,00
15,78333	50,00
15,80000	50,00
15,81667	50,00
15,83333	50,00
15,85000	50,00
15,86667	50,00
15,88333	50,00
15,90000	50,00
15,91667	50,00
15,93333	50,00
15,95000	49,99
15,96667	49,99
15,98333	49,99
16,00000	49,99
16,01667	49,99
16,03333	49,99
16,05000	49,99
16,06667	49,99
16,08333	49,99
16,10000	49,99
16,11667	49,99
16,13333	49,99
16,15000	49,99
16,16667	49,99
16,18333	49,99
16,20000	49,99
16,21667	49,99
16,23333	49,99
16,25000	49,99
16,26667	49,99
16,28333	49,99
16,30000	49,99
16,31667	49,99
16,33333	49,99
16,35000	50,00
16,36667	50,00
16,38333	50,00
16,40000	50,00
16,41667	50,00
16,43333	50,00
16,45000	50,00
16,46667	50,00
16,48333	50,00
16,50000	50,00
16,51667	50,00
16,53333	50,00
16,55000	50,00
16,56667	50,00
16,58333	50,00
16,60000	50,00
16,61667	50,00
16,63333	50,00
16,65000	50,00
16,66667	50,00
16,68333	50,00
16,70000	50,00
16,71667	50,00
16,73333	50,00
16,75000	50,00
16,76667	50,00
16,78333	50,00
16,80000	50,00
16,81667	50,00
16,83333	50,00
16,85000	50,00
16,86667	50,00
16,88333	50,00
16,90000	50,00
16,91667	50,00
16,93333	50,00
16,95000	50,00
16,96667	50,00
16,98333	50,00
17,00000	50,00
17,01667	50,00
17,03333	50,00
17,05000	50,00
17,06667	50,00
17,08333	50,00
17,10000	50,00
17,11667	50,00
17,13333	50,00
17,15000	50,00
17,16667	49,99
17,18333	49,99
17,20000	49,99
17,21667	49,99
17,23333	49,99
17,25000	49,99
17,26667	49,99
17,28333	49,99
17,30000	49,99
17,31667	49,99
17,33333	49,99
17,35000	49,99
17,36667	49,99
17,38333	49,99
17,40000	49,99
17,41667	49,99
17,43333	49,99
17,45000	50,00
17,46667	50,00
17,48333	50,00
17,50000	50,00
17,51667	50,00
17,53333	50,00
17,55000	50,00
17,56667	50,00
17,58333	50,00
17,60000	50,00
17,61667	50,00
17,63333	50,00
17,65000	50,00
17,66667	50,00
17,68333	50,00
17,70000	50,00
17,71667	50,00
17,73333	50,00
17,75000	50,00
17,76667	50,00
17,78333	50,00
17,80000	50,00
17,81667	50,00
17,83333	50,00
17,85000	50,00
17,86667	50,00
17,88333	50,00
17,90000	50,00
17,91667	50,00
17,93333	50,00
17,95000	50,00
17,96667	50,00
17,98333	50,00
18,00000	50,00
18,01667	50,00
18,03333	50,00
18,05000	50,00
18,06667	50,00
18,08333	50,00
18,10000	50,00
18,11667	50,00
18,13333	50,00
18,15000	50,00
18,16667	50,00
18,18333	50,00
18,20000	50,00
18,21667	50,00
18,23333	50,00
18,25000	50,00
18,26667	50,00
18,28333	50,00
18,30000	50,00
18,31667	50,00
18,33333	50,00
18,35000	50,00
18,36667	50,00
18,38333	49,99
18,40000	49,99
18,41667	49,99
18,43333	49,99
18,45000	49,99
18,46667	49,99
18,48333	49,99
18,50000	49,99
18,51667	49,99
18,53333	49,99
18,55000	49,99
18,56667	49,99
18,58333	49,99
18,60000	49,99
18,61667	49,99
18,63333	49,99
18,65000	49,99
18,66667	50,00
18,68333	50,00
18,70000	50,00
18,71667	50,00
18,73333	50,00
18,75000	50,00
18,76667	49,99
18,78333	49,99
18,80000	49,99
18,81667	49,99
18,83333	49,99
18,85000	49,99
18,86667	49,99
18,88333	49,99
18,90000	49,99
18,91667	49,99
18,93333	49,99
18,95000	50,00
18,96667	50,00
18,98333	50,00
19,00000	50,00
19,01667	50,00
19,03333	50,00
19,05000	50,00
19,06667	50,00
19,08333	50,00
19,10000	50,00
19,11667	50,00
19,13333	50,00
19,15000	50,00
19,16667	50,00
19,18333	50,00
19,20000	50,00
19,21667	50,00
19,23333	50,00
19,25000	50,00
19,26667	50,00
19,28333	50,00
19,30000	50,00
19,31667	50,00
19,33333	50,00
19,35000	50,00
19,36667	50,00
19,38333	50,00
19,40000	50,00
19,41667	50,00
19,43333	50,00
19,45000	50,00
19,46667	50,00
19,48333	50,00
19,50000	50,00
19,51667	50,00
19,53333	50,00
19,55000	50,00
19,56667	50,00
19,58333	50,00
19,60000	49,99
19,61667	49,99
19,63333	49,99
19,65000	49,99
19,66667	49,99
19,68333	49,99
19,70000	49,99
19,71667	49,99
19,73333	49,99
19,75000	49,99
19,76667	49,99
19,78333	49,99
19,80000	49,99
19,81667	49,99
19,83333	49,99
19,85000	49,99
19,86667	49,99
19,88333	49,99
19,90000	49,99
19,91667	49,99
19,93333	49,99
19,95000	49,99
19,96667	49,99
19,98333	50,00
20,00000	50,00
20,01667	50,00
20,03333	50,00
20,05000	50,00
20,06667	50,00
20,08333	50,00
20,10000	50,00
20,11667	50,00
20,13333	50,00
20,15000	50,00
20,16667	50,00
20,18333	50,00
20,20000	50,00
20,21667	50,00
20,23333	50,00
20,25000	50,00
20,26667	50,00
20,28333	50,00
20,30000	50,00
20,31667	50,00
20,33333	50,00
20,35000	50,00
20,36667	50,00
20,38333	50,00
20,40000	50,00
20,41667	50,00
20,43333	50,00
20,45000	50,00
20,46667	50,00
20,48333	50,00
20,50000	50,00
20,51667	50,00
20,53333	50,00
20,55000	50,00
20,56667	50,00
20,58333	50,00
20,60000	50,00
20,61667	50,00
20,63333	50,00
20,65000	50,00
20,66667	50,00
20,68333	50,00
20,70000	50,00
20,71667	50,00
20,73333	50,00
20,75000	50,00
20,76667	50,00
20,78333	50,00
20,80000	50,00
20,81667	50,00
20,83333	50,00
20,85000	50,00
20,86667	50,00
20,88333	50,00
20,90000	50,00
20,91667	50,00
20,93333	50,00
20,95000	50,00
20,96667	50,00
20,98333	50,00
21,00000	50,00
21,01667	50,00
21,03333	50,00
21,05000	50,00
21,06667	50,00
21,08333	50,00
21,10000	50,00
21,11667	50,00
21,13333	50,00
21,15000	50,00
21,16667	50,00
21,18333	50,00
21,20000	50,00
21,21667	50,00
21,23333	50,00
21,25000	50,00
21,26667	50,00
21,28333	50,00
21,30000	50,00
21,31667	49,99
21,33333	49,99
21,35000	49,99
21,36667	49,99
21,38333	49,99
21,40000	49,99
21,41667	49,99
21,43333	50,00
21,45000	50,00
21,46667	50,00
21,48333	50,00
21,50000	50,00
21,51667	50,00
21,53333	50,00
21,55000	50,00
21,56667	50,00
21,58333	50,00
21,60000	50,00
21,61667	50,00
21,63333	50,00
21,65000	50,00
21,66667	50,00
21,68333	50,00
21,70000	50,00
21,71667	50,00
21,73333	50,00
21,75000	50,00
21,76667	50,00
21,78333	50,00
21,80000	50,00
21,81667	50,00
21,83333	50,00
21,85000	50,00
21,86667	50,00
21,88333	50,00
21,90000	50,00
21,91667	50,00
21,93333	50,00
21,95000	50,00
21,96667	50,00
21,98333	50,00
22,00000	50,00
22,01667	50,00
22,03333	49,99
22,05000	49,99
22,06667	49,99
22,08333	49,99
22,10000	49,99
22,11667	49,99
22,13333	49,99
22,15000	49,99
22,16667	49,99
22,18333	49,99
22,20000	49,99
22,21667	50,00
22,23333	50,00
22,25000	50,00
22,26667	50,00
22,28333	50,00
22,30000	50,00
22,31667	50,00
22,33333	50,00
22,35000	50,00
22,36667	50,00
22,38333	50,00
22,40000	50,00
22,41667	50,00
22,43333	50,00
22,45000	50,00
22,46667	50,00
22,48333	50,00
22,50000	50,00
22,51667	50,00
22,53333	50,00
22,55000	50,00
22,56667	50,00
22,58333	50,00
22,60000	50,00
22,61667	50,00
22,63333	50,00
22,65000	50,00
22,66667	50,00
22,68333	50,00
22,70000	50,00
22,71667	50,00
22,73333	50,00
22,75000	50,00
22,76667	50,00
22,78333	50,00
22,80000	50,00
22,81667	50,00
22,83333	50,00
22,85000	50,00
22,86667	50,00
22,88333	50,00
22,90000	50,00
22,91667	50,00
22,93333	50,00
22,95000	50,00
22,96667	50,00
22,98333	50,00
23,00000	50,00
23,01667	50,00
23,03333	50,00
23,05000	50,00
23,06667	49,99
23,08333	49,99
23,10000	49,99
23,11667	49,99
23,13333	49,99
23,15000	49,99
23,16667	49,99
23,18333	49,99
23,20000	49,99
23,21667	49,99
23,23333	49,99
23,25000	49,99
23,26667	49,99
23,28333	49,99
23,30000	49,99
23,31667	49,99
23,33333	49,99
23,35000	49,99
23,36667	49,99
23,38333	49,99
23,40000	49,99
23,41667	49,99
23,43333	49,99
23,45000	49,99
23,46667	50,00
23,48333	50,00
23,50000	50,00
23,51667	50,00
23,53333	50,00
23,55000	50,00
23,56667	50,00
23,58333	50,00
23,60000	50,00
23,61667	50,00
23,63333	50,00
23,65000	50,00
23,66667	50,00
23,68333	50,00
23,70000	50,00
23,71667	50,00
23,73333	50,00
23,75000	50,00
23,76667	50,00
23,78333	50,00
23,80000	50,00
23,81667	50,00
23,83333	50,00
23,85000	50,00
23,86667	50,00
23,88333	50,00
23,90000	50,00
23,91667	50,00
23,93333	50,00
23,95000	50,00
23,96667	50,00
23,98333	50,00
24,00000	50,00
24,01667	50,00
24,03333	50,00
24,05000	50,00
24,06667	50,00
24,08333	50,00
24,10000	50,00
24,11667	50,00
24,13333	50,00
24,15000	50,00
24,16667	50,00
24,18333	50,00
24,20000	50,00
24,21667	50,00
24,23333	50,00
24,25000	50,00
24,26667	50,00
24,28333	50,00
24,30000	49,99
24,31667	49,99
24,33333	49,99
24,35000	49,99
24,36667	49,99
24,38333	49,99
24,40000	49,99
24,41667	49,99
24,43333	49,99
24,45000	49,99
24,46667	49,99
24,48333	49,99
24,50000	49,99
24,51667	49,99
24,53333	49,99
24,55000	49,99
24,56667	49,99
24,58333	49,99
24,60000	49,99
24,61667	49,99
24,63333	49,99
24,65000	49,99
24,66667	49,99
24,68333	49,99
24,70000	49,99
24,71667	49,99
24,73333	49,99
24,75000	49,99
24,76667	50,00
24,78333	50,00
24,80000	50,00
24,81667	50,00
24,83333	50,00
24,85000	50,00
24,86667	50,00
24,88333	50,00
24,90000	50,00
24,91667	50,00
24,93333	50,00
24,95000	50,00
24,96667	50,00
24,98333	50,00
25,00000	50,00
25,01667	50,00
25,03333	50,00
25,05000	50,00
25,06667	50,00
25,08333	50,00
25,10000	50,00
25,11667	50,00
25,13333	50,00
25,15000	50,00
25,16667	50,00
25,18333	50,00
25,20000	50,00
25,21667	50,00
25,23333	50,00
25,25000	50,00
25,26667	50,00
25,28333	50,00
25,30000	50,00
25,31667	50,00
25,33333	50,00
25,35000	50,00
25,36667	50,00
25,38333	50,00
25,40000	50,00
25,41667	50,00
25,43333	50,00
25,45000	50,00
25,46667	50,00
25,48333	50,00
25,50000	50,00
25,51667	50,00
25,53333	50,00
25,55000	50,00
25,56667	50,00
25,58333	50,00
25,60000	50,00
25,61667	50,00
25,63333	50,00
25,65000	50,00
25,66667	50,00
25,68333	50,00
25,70000	50,00
25,71667	50,00
25,73333	50,00
25,75000	50,00
25,76667	50,00
25,78333	50,00
25,80000	50,00
25,81667	50,00
25,83333	50,00
25,85000	50,00
25,86667	50,00
25,88333	50,00
25,90000	50,00
25,91667	50,00
25,93333	50,00
25,95000	50,00
25,96667	50,00
25,98333	50,00
26,00000	50,00
26,01667	50,00
26,03333	50,00
26,05000	50,00
26,06667	50,00
26,08333	50,00
26,10000	50,00
26,11667	50,00
26,13333	50,00
26,15000	50,00
26,16667	50,00
26,18333	50,00
26,20000	50,00
26,21667	50,00
26,23333	50,00
26,25000	50,00
26,26667	50,00
26,28333	50,00
26,30000	50,00
26,31667	50,00
26,33333	50,00
26,35000	50,00
26,36667	50,00
26,38333	50,00
26,40000	50,00
26,41667	50,00
26,43333	50,00
26,45000	50,00
26,46667	50,00
26,48333	50,00
26,50000	50,00
26,51667	49,99
26,53333	49,99
26,55000	49,99
26,56667	49,99
26,58333	49,99
26,60000	49,99
26,61667	49,99
26,63333	49,99
26,65000	49,99
26,66667	49,99
26,68333	50,00
26,70000	50,00
26,71667	50,00
26,73333	50,00
26,75000	50,00
26,76667	50,00
26,78333	50,00
26,80000	50,00
26,81667	50,00
26,83333	50,00
26,85000	50,00
26,86667	50,00
26,88333	50,00
26,90000	50,00
26,91667	50,00
26,93333	50,00
26,95000	50,00
26,96667	50,00
26,98333	50,00
27,00000	50,00
27,01667	50,00
27,03333	50,00
27,05000	50,00
27,06667	50,00
27,08333	50,00
27,10000	50,00
27,11667	50,00
27,13333	50,00
27,15000	50,00
27,16667	50,00
27,18333	50,00
27,20000	50,00
27,21667	50,00
27,23333	50,00
27,25000	50,00
27,26667	50,00
27,28333	50,00
27,30000	50,00
27,31667	50,00
27,33333	50,00
27,35000	50,00
27,36667	50,00
27,38333	50,00
27,40000	50,00
27,41667	50,00
27,43333	50,00
27,45000	50,00
27,46667	50,00
27,48333	50,00
27,50000	50,00
27,51667	50,00
27,53333	50,00
27,55000	50,00
27,56667	50,00
27,58333	50,00
27,60000	50,00
27,61667	50,00
27,63333	50,00
27,65000	50,00
27,66667	50,00
27,68333	50,00
27,70000	50,00
27,71667	50,00
27,73333	50,00
27,75000	50,00
27,76667	50,00
27,78333	50,00
27,80000	50,00
27,81667	50,00
27,83333	50,00
27,85000	50,00
27,86667	50,00
27,88333	49,99
27,90000	49,99
27,91667	49,99
27,93333	49,99
27,95000	49,99
27,96667	49,99
27,98333	49,99
28,00000	49,99
28,01667	49,99
28,03333	49,99
28,05000	49,99
28,06667	49,99
28,08333	49,99
28,10000	49,99
28,11667	49,99
28,13333	49,99
28,15000	49,99
28,16667	49,99
28,18333	49,99
28,20000	49,99
28,21667	49,99
28,23333	49,99
28,25000	49,99
28,26667	50,00
28,28333	50,00
28,30000	50,00
28,31667	50,00
28,33333	50,00
28,35000	50,00
28,36667	50,00
28,38333	50,00
28,40000	50,00
28,41667	50,00
28,43333	50,00
28,45000	50,00
28,46667	50,00
28,48333	50,00
28,50000	50,00
28,51667	50,00
28,53333	50,00
28,55000	50,00
28,56667	50,00
28,58333	50,00
28,60000	50,00
28,61667	50,00
28,63333	50,00
28,65000	50,00
28,66667	50,00
28,68333	50,00
28,70000	50,00
28,71667	50,00
28,73333	50,00
28,75000	49,99
28,76667	49,99
28,78333	49,99
28,80000	49,99
28,81667	50,00
28,83333	49,99
28,85000	50,00
28,86667	50,00
28,88333	50,00
28,90000	50,00
28,91667	50,00
28,93333	50,00
28,95000	50,00
28,96667	50,00
28,98333	50,00
29,00000	50,00
29,01667	50,00
29,03333	50,00
29,05000	50,00
29,06667	50,00
29,08333	50,00
29,10000	50,00
29,11667	50,00
29,13333	50,00
29,15000	50,00
29,16667	50,00
29,18333	50,00
29,20000	50,00
29,21667	50,00
29,23333	50,00
29,25000	50,00
29,26667	50,00
29,28333	50,00
29,30000	50,00
29,31667	50,00
29,33333	50,00
29,35000	50,00
29,36667	50,00
29,38333	50,00
29,40000	50,00
29,41667	50,00
29,43333	50,00
29,45000	50,00
29,46667	50,00
29,48333	50,00
29,50000	50,00
29,51667	50,00
29,53333	50,00
29,55000	50,00
29,56667	50,00
29,58333	50,00
29,60000	50,00
29,61667	50,00
29,63333	50,00
29,65000	50,00
29,66667	50,00
29,68333	49,99
29,70000	49,99
29,71667	49,99
29,73333	49,99
29,75000	49,99
29,76667	49,99
29,78333	49,99
29,80000	49,99
29,81667	49,99
29,83333	49,99
29,85000	49,99
29,86667	49,99
29,88333	49,99
29,90000	49,99
29,91667	49,99
29,93333	49,99
29,95000	49,99
29,96667	49,99
29,98333	49,99
30,00000	49,99
30,01667	49,99
30,03333	49,99
30,05000	49,99
30,06667	49,99
30,08333	49,99
30,10000	49,99
30,11667	49,99
30,13333	49,99
30,15000	49,99
30,16667	49,99
30,18333	49,99
30,20000	49,99
30,21667	49,99
30,23333	49,99
30,25000	49,99
30,26667	49,99
30,28333	49,99
30,30000	49,99
30,31667	49,99
30,33333	49,99
30,35000	49,99
30,36667	49,99
30,38333	49,99
30,40000	49,99
30,41667	49,99
30,43333	49,99
30,45000	49,99
30,46667	49,99
30,48333	49,99
30,50000	49,99
30,51667	49,99
30,53333	49,99
30,55000	49,99
30,56667	49,99
30,58333	49,99
30,60000	49,99
30,61667	49,99
30,63333	49,99
30,65000	49,99
30,66667	49,99
30,68333	50,00
30,70000	50,00
30,71667	50,00
30,73333	50,00
30,75000	50,00
30,76667	50,00
30,78333	50,00
30,80000	50,00
30,81667	50,00
30,83333	50,00
30,85000	50,00
30,86667	50,00
30,88333	50,00
30,90000	50,00
30,91667	50,00
30,93333	50,00
30,95000	50,00
30,96667	50,00
30,98333	50,00
31,00000	50,00
31,01667	50,00
31,03333	49,99
31,05000	49,99
31,06667	49,99
31,08333	49,99
31,10000	49,99
31,11667	49,99
31,13333	49,99
31,15000	49,99
31,16667	49,99
31,18333	49,99
31,20000	49,99
31,21667	49,99
31,23333	49,99
31,25000	49,99
31,26667	49,99
31,28333	49,99
31,30000	49,99
31,31667	49,99
31,33333	49,99
31,35000	49,99
31,36667	49,99
31,38333	49,99
31,40000	49,99
31,41667	49,99
31,43333	49,99
31,45000	49,99
31,46667	49,99
31,48333	49,99
31,50000	49,99
31,51667	49,99
31,53333	49,99
31,55000	49,99
31,56667	49,99
31,58333	49,99
31,60000	49,99
31,61667	49,99
31,63333	49,99
31,65000	49,99
31,66667	49,99
31,68333	49,99
31,70000	49,99
31,71667	49,99
31,73333	50,00
31,75000	50,00
31,76667	50,00
31,78333	50,00
31,80000	50,00
31,81667	50,00
31,83333	50,00
31,85000	50,00
31,86667	50,00
31,88333	50,00
31,90000	50,00
31,91667	50,00
31,93333	50,00
31,95000	50,00
31,96667	50,00
31,98333	50,00
32,00000	50,00

[LC Status Trace(PDA Optical Unit Temp.)]
Interval(msec)	1000
# of Points	1921
Start Time(min)	0,000
End Time(min)	32,000
Intensity Units	C
Intensity Multiplier	1
R.Time (min)	Intensity
0,00000	47,02
0,01667	47,02
0,03333	47,02
0,05000	47,02
0,06667	47,02
0,08333	47,02
0,10000	47,02
0,11667	47,02
0,13333	47,02
0,15000	47,02
0,16667	47,02
0,18333	47,02
0,20000	47,02
0,21667	47,02
0,23333	47,02
0,25000	47,02
0,26667	47,01
0,28333	47,01
0,30000	47,02
0,31667	47,02
0,33333	47,02
0,35000	47,02
0,36667	47,02
0,38333	47,02
0,40000	47,02
0,41667	47,02
0,43333	47,02
0,45000	47,02
0,46667	47,02
0,48333	47,02
0,50000	47,02
0,51667	47,02
0,53333	47,02
0,55000	47,02
0,56667	47,02
0,58333	47,02
0,60000	47,02
0,61667	47,02
0,63333	47,02
0,65000	47,02
0,66667	47,02
0,68333	47,02
0,70000	47,02
0,71667	47,02
0,73333	47,02
0,75000	47,02
0,76667	47,02
0,78333	47,02
0,80000	47,02
0,81667	47,02
0,83333	47,02
0,85000	47,02
0,86667	47,02
0,88333	47,02
0,90000	47,02
0,91667	47,02
0,93333	47,02
0,95000	47,02
0,96667	47,02
0,98333	47,02
1,00000	47,02
1,01667	47,02
1,03333	47,02
1,05000	47,02
1,06667	47,02
1,08333	47,02
1,10000	47,02
1,11667	47,02
1,13333	47,02
1,15000	47,02
1,16667	47,02
1,18333	47,02
1,20000	47,02
1,21667	47,02
1,23333	47,02
1,25000	47,02
1,26667	47,02
1,28333	47,02
1,30000	47,02
1,31667	47,02
1,33333	47,02
1,35000	47,02
1,36667	47,02
1,38333	47,02
1,40000	47,02
1,41667	47,02
1,43333	47,02
1,45000	47,02
1,46667	47,02
1,48333	47,02
1,50000	47,02
1,51667	47,02
1,53333	47,02
1,55000	47,02
1,56667	47,02
1,58333	47,02
1,60000	47,02
1,61667	47,02
1,63333	47,02
1,65000	47,02
1,66667	47,02
1,68333	47,02
1,70000	47,02
1,71667	47,02
1,73333	47,02
1,75000	47,02
1,76667	47,02
1,78333	47,02
1,80000	47,02
1,81667	47,02
1,83333	47,02
1,85000	47,02
1,86667	47,02
1,88333	47,02
1,90000	47,02
1,91667	47,02
1,93333	47,02
1,95000	47,02
1,96667	47,02
1,98333	47,02
2,00000	47,02
2,01667	47,02
2,03333	47,02
2,05000	47,02
2,06667	47,02
2,08333	47,02
2,10000	47,02
2,11667	47,02
2,13333	47,02
2,15000	47,02
2,16667	47,02
2,18333	47,02
2,20000	47,02
2,21667	47,02
2,23333	47,02
2,25000	47,02
2,26667	47,02
2,28333	47,02
2,30000	47,02
2,31667	47,02
2,33333	47,02
2,35000	47,02
2,36667	47,02
2,38333	47,02
2,40000	47,02
2,41667	47,02
2,43333	47,02
2,45000	47,02
2,46667	47,02
2,48333	47,02
2,50000	47,02
2,51667	47,02
2,53333	47,02
2,55000	47,02
2,56667	47,02
2,58333	47,02
2,60000	47,02
2,61667	47,02
2,63333	47,02
2,65000	47,02
2,66667	47,02
2,68333	47,02
2,70000	47,02
2,71667	47,02
2,73333	47,02
2,75000	47,02
2,76667	47,02
2,78333	47,02
2,80000	47,02
2,81667	47,02
2,83333	47,02
2,85000	47,02
2,86667	47,02
2,88333	47,02
2,90000	47,02
2,91667	47,02
2,93333	47,02
2,95000	47,02
2,96667	47,02
2,98333	47,02
3,00000	47,02
3,01667	47,02
3,03333	47,02
3,05000	47,02
3,06667	47,02
3,08333	47,02
3,10000	47,02
3,11667	47,02
3,13333	47,02
3,15000	47,02
3,16667	47,02
3,18333	47,02
3,20000	47,02
3,21667	47,02
3,23333	47,02
3,25000	47,02
3,26667	47,02
3,28333	47,02
3,30000	47,02
3,31667	47,02
3,33333	47,02
3,35000	47,02
3,36667	47,02
3,38333	47,02
3,40000	47,02
3,41667	47,02
3,43333	47,02
3,45000	47,02
3,46667	47,02
3,48333	47,02
3,50000	47,02
3,51667	47,02
3,53333	47,02
3,55000	47,02
3,56667	47,02
3,58333	47,02
3,60000	47,02
3,61667	47,02
3,63333	47,02
3,65000	47,02
3,66667	47,02
3,68333	47,02
3,70000	47,02
3,71667	47,02
3,73333	47,02
3,75000	47,02
3,76667	47,02
3,78333	47,02
3,80000	47,02
3,81667	47,02
3,83333	47,02
3,85000	47,02
3,86667	47,02
3,88333	47,02
3,90000	47,02
3,91667	47,02
3,93333	47,02
3,95000	47,02
3,96667	47,02
3,98333	47,02
4,00000	47,02
4,01667	47,02
4,03333	47,02
4,05000	47,02
4,06667	47,02
4,08333	47,02
4,10000	47,02
4,11667	47,02
4,13333	47,02
4,15000	47,02
4,16667	47,02
4,18333	47,02
4,20000	47,02
4,21667	47,02
4,23333	47,02
4,25000	47,02
4,26667	47,02
4,28333	47,02
4,30000	47,02
4,31667	47,02
4,33333	47,02
4,35000	47,02
4,36667	47,02
4,38333	47,02
4,40000	47,02
4,41667	47,02
4,43333	47,02
4,45000	47,02
4,46667	47,02
4,48333	47,02
4,50000	47,02
4,51667	47,02
4,53333	47,02
4,55000	47,02
4,56667	47,02
4,58333	47,02
4,60000	47,02
4,61667	47,02
4,63333	47,02
4,65000	47,02
4,66667	47,02
4,68333	47,02
4,70000	47,02
4,71667	47,02
4,73333	47,02
4,75000	47,02
4,76667	47,02
4,78333	47,02
4,80000	47,02
4,81667	47,02
4,83333	47,02
4,85000	47,02
4,86667	47,02
4,88333	47,02
4,90000	47,02
4,91667	47,02
4,93333	47,02
4,95000	47,02
4,96667	47,02
4,98333	47,02
5,00000	47,02
5,01667	47,02
5,03333	47,02
5,05000	47,02
5,06667	47,02
5,08333	47,02
5,10000	47,02
5,11667	47,02
5,13333	47,02
5,15000	47,02
5,16667	47,02
5,18333	47,02
5,20000	47,02
5,21667	47,02
5,23333	47,02
5,25000	47,02
5,26667	47,02
5,28333	47,02
5,30000	47,02
5,31667	47,02
5,33333	47,02
5,35000	47,02
5,36667	47,02
5,38333	47,02
5,40000	47,02
5,41667	47,02
5,43333	47,02
5,45000	47,02
5,46667	47,02
5,48333	47,02
5,50000	47,02
5,51667	47,02
5,53333	47,02
5,55000	47,02
5,56667	47,02
5,58333	47,02
5,60000	47,02
5,61667	47,02
5,63333	47,02
5,65000	47,02
5,66667	47,02
5,68333	47,02
5,70000	47,02
5,71667	47,02
5,73333	47,02
5,75000	47,02
5,76667	47,02
5,78333	47,02
5,80000	47,02
5,81667	47,02
5,83333	47,02
5,85000	47,02
5,86667	47,02
5,88333	47,02
5,90000	47,02
5,91667	47,02
5,93333	47,02
5,95000	47,02
5,96667	47,02
5,98333	47,02
6,00000	47,02
6,01667	47,02
6,03333	47,02
6,05000	47,03
6,06667	47,02
6,08333	47,03
6,10000	47,03
6,11667	47,03
6,13333	47,03
6,15000	47,03
6,16667	47,03
6,18333	47,03
6,20000	47,03
6,21667	47,03
6,23333	47,03
6,25000	47,03
6,26667	47,03
6,28333	47,03
6,30000	47,03
6,31667	47,03
6,33333	47,02
6,35000	47,03
6,36667	47,03
6,38333	47,03
6,40000	47,03
6,41667	47,03
6,43333	47,03
6,45000	47,03
6,46667	47,03
6,48333	47,03
6,50000	47,02
6,51667	47,03
6,53333	47,02
6,55000	47,02
6,56667	47,02
6,58333	47,03
6,60000	47,02
6,61667	47,02
6,63333	47,02
6,65000	47,03
6,66667	47,02
6,68333	47,03
6,70000	47,03
6,71667	47,03
6,73333	47,03
6,75000	47,03
6,76667	47,03
6,78333	47,03
6,80000	47,03
6,81667	47,03
6,83333	47,03
6,85000	47,03
6,86667	47,03
6,88333	47,03
6,90000	47,03
6,91667	47,03
6,93333	47,03
6,95000	47,03
6,96667	47,03
6,98333	47,03
7,00000	47,03
7,01667	47,03
7,03333	47,03
7,05000	47,03
7,06667	47,03
7,08333	47,03
7,10000	47,03
7,11667	47,03
7,13333	47,03
7,15000	47,03
7,16667	47,03
7,18333	47,03
7,20000	47,03
7,21667	47,03
7,23333	47,03
7,25000	47,03
7,26667	47,03
7,28333	47,03
7,30000	47,03
7,31667	47,03
7,33333	47,03
7,35000	47,03
7,36667	47,03
7,38333	47,03
7,40000	47,03
7,41667	47,03
7,43333	47,03
7,45000	47,03
7,46667	47,03
7,48333	47,03
7,50000	47,03
7,51667	47,03
7,53333	47,03
7,55000	47,03
7,56667	47,03
7,58333	47,03
7,60000	47,03
7,61667	47,03
7,63333	47,03
7,65000	47,03
7,66667	47,03
7,68333	47,03
7,70000	47,03
7,71667	47,03
7,73333	47,03
7,75000	47,03
7,76667	47,03
7,78333	47,03
7,80000	47,03
7,81667	47,03
7,83333	47,03
7,85000	47,03
7,86667	47,03
7,88333	47,03
7,90000	47,03
7,91667	47,03
7,93333	47,03
7,95000	47,03
7,96667	47,03
7,98333	47,03
8,00000	47,03
8,01667	47,03
8,03333	47,03
8,05000	47,03
8,06667	47,03
8,08333	47,03
8,10000	47,03
8,11667	47,03
8,13333	47,03
8,15000	47,03
8,16667	47,03
8,18333	47,03
8,20000	47,03
8,21667	47,03
8,23333	47,03
8,25000	47,03
8,26667	47,03
8,28333	47,03
8,30000	47,03
8,31667	47,03
8,33333	47,03
8,35000	47,03
8,36667	47,03
8,38333	47,03
8,40000	47,03
8,41667	47,03
8,43333	47,03
8,45000	47,03
8,46667	47,03
8,48333	47,03
8,50000	47,03
8,51667	47,03
8,53333	47,03
8,55000	47,03
8,56667	47,03
8,58333	47,03
8,60000	47,03
8,61667	47,03
8,63333	47,03
8,65000	47,03
8,66667	47,03
8,68333	47,03
8,70000	47,03
8,71667	47,03
8,73333	47,03
8,75000	47,03
8,76667	47,03
8,78333	47,03
8,80000	47,03
8,81667	47,03
8,83333	47,03
8,85000	47,03
8,86667	47,03
8,88333	47,03
8,90000	47,03
8,91667	47,03
8,93333	47,03
8,95000	47,03
8,96667	47,03
8,98333	47,03
9,00000	47,03
9,01667	47,03
9,03333	47,03
9,05000	47,03
9,06667	47,03
9,08333	47,03
9,10000	47,03
9,11667	47,03
9,13333	47,03
9,15000	47,03
9,16667	47,03
9,18333	47,03
9,20000	47,03
9,21667	47,03
9,23333	47,03
9,25000	47,03
9,26667	47,03
9,28333	47,03
9,30000	47,03
9,31667	47,03
9,33333	47,03
9,35000	47,03
9,36667	47,03
9,38333	47,03
9,40000	47,03
9,41667	47,03
9,43333	47,03
9,45000	47,03
9,46667	47,03
9,48333	47,03
9,50000	47,03
9,51667	47,03
9,53333	47,03
9,55000	47,03
9,56667	47,03
9,58333	47,03
9,60000	47,03
9,61667	47,03
9,63333	47,03
9,65000	47,03
9,66667	47,03
9,68333	47,03
9,70000	47,03
9,71667	47,03
9,73333	47,03
9,75000	47,03
9,76667	47,03
9,78333	47,03
9,80000	47,03
9,81667	47,03
9,83333	47,03
9,85000	47,03
9,86667	47,03
9,88333	47,03
9,90000	47,03
9,91667	47,03
9,93333	47,03
9,95000	47,03
9,96667	47,03
9,98333	47,03
10,00000	47,03
10,01667	47,03
10,03333	47,03
10,05000	47,03
10,06667	47,03
10,08333	47,03
10,10000	47,03
10,11667	47,03
10,13333	47,03
10,15000	47,03
10,16667	47,03
10,18333	47,03
10,20000	47,03
10,21667	47,03
10,23333	47,03
10,25000	47,03
10,26667	47,03
10,28333	47,03
10,30000	47,03
10,31667	47,03
10,33333	47,03
10,35000	47,03
10,36667	47,03
10,38333	47,03
10,40000	47,03
10,41667	47,03
10,43333	47,03
10,45000	47,03
10,46667	47,03
10,48333	47,03
10,50000	47,03
10,51667	47,03
10,53333	47,03
10,55000	47,03
10,56667	47,03
10,58333	47,03
10,60000	47,03
10,61667	47,03
10,63333	47,03
10,65000	47,03
10,66667	47,03
10,68333	47,03
10,70000	47,03
10,71667	47,03
10,73333	47,03
10,75000	47,03
10,76667	47,03
10,78333	47,03
10,80000	47,03
10,81667	47,03
10,83333	47,03
10,85000	47,03
10,86667	47,03
10,88333	47,03
10,90000	47,03
10,91667	47,03
10,93333	47,03
10,95000	47,03
10,96667	47,03
10,98333	47,03
11,00000	47,03
11,01667	47,03
11,03333	47,03
11,05000	47,03
11,06667	47,03
11,08333	47,03
11,10000	47,03
11,11667	47,03
11,13333	47,03
11,15000	47,03
11,16667	47,03
11,18333	47,03
11,20000	47,03
11,21667	47,03
11,23333	47,03
11,25000	47,03
11,26667	47,03
11,28333	47,03
11,30000	47,03
11,31667	47,03
11,33333	47,03
11,35000	47,03
11,36667	47,03
11,38333	47,03
11,40000	47,03
11,41667	47,03
11,43333	47,03
11,45000	47,03
11,46667	47,03
11,48333	47,03
11,50000	47,03
11,51667	47,03
11,53333	47,03
11,55000	47,03
11,56667	47,03
11,58333	47,03
11,60000	47,03
11,61667	47,03
11,63333	47,03
11,65000	47,03
11,66667	47,03
11,68333	47,03
11,70000	47,03
11,71667	47,03
11,73333	47,03
11,75000	47,03
11,76667	47,03
11,78333	47,03
11,80000	47,03
11,81667	47,03
11,83333	47,03
11,85000	47,03
11,86667	47,03
11,88333	47,03
11,90000	47,03
11,91667	47,03
11,93333	47,03
11,95000	47,03
11,96667	47,03
11,98333	47,03
12,00000	47,03
12,01667	47,03
12,03333	47,03
12,05000	47,03
12,06667	47,03
12,08333	47,03
12,10000	47,03
12,11667	47,03
12,13333	47,03
12,15000	47,03
12,16667	47,03
12,18333	47,03
12,20000	47,03
12,21667	47,03
12,23333	47,03
12,25000	47,03
12,26667	47,03
12,28333	47,03
12,30000	47,03
12,31667	47,03
12,33333	47,03
12,35000	47,03
12,36667	47,03
12,38333	47,03
12,40000	47,03
12,41667	47,03
12,43333	47,03
12,45000	47,03
12,46667	47,03
12,48333	47,03
12,50000	47,03
12,51667	47,03
12,53333	47,03
12,55000	47,03
12,56667	47,03
12,58333	47,03
12,60000	47,03
12,61667	47,03
12,63333	47,03
12,65000	47,03
12,66667	47,03
12,68333	47,03
12,70000	47,03
12,71667	47,03
12,73333	47,03
12,75000	47,03
12,76667	47,03
12,78333	47,03
12,80000	47,03
12,81667	47,03
12,83333	47,03
12,85000	47,03
12,86667	47,03
12,88333	47,03
12,90000	47,03
12,91667	47,03
12,93333	47,03
12,95000	47,03
12,96667	47,03
12,98333	47,03
13,00000	47,03
13,01667	47,03
13,03333	47,03
13,05000	47,03
13,06667	47,03
13,08333	47,03
13,10000	47,03
13,11667	47,03
13,13333	47,03
13,15000	47,03
13,16667	47,03
13,18333	47,03
13,20000	47,03
13,21667	47,03
13,23333	47,03
13,25000	47,03
13,26667	47,03
13,28333	47,03
13,30000	47,03
13,31667	47,03
13,33333	47,03
13,35000	47,03
13,36667	47,03
13,38333	47,03
13,40000	47,03
13,41667	47,03
13,43333	47,03
13,45000	47,03
13,46667	47,03
13,48333	47,03
13,50000	47,03
13,51667	47,03
13,53333	47,03
13,55000	47,03
13,56667	47,03
13,58333	47,03
13,60000	47,03
13,61667	47,03
13,63333	47,03
13,65000	47,03
13,66667	47,03
13,68333	47,03
13,70000	47,03
13,71667	47,03
13,73333	47,03
13,75000	47,03
13,76667	47,03
13,78333	47,03
13,80000	47,03
13,81667	47,03
13,83333	47,03
13,85000	47,03
13,86667	47,03
13,88333	47,03
13,90000	47,03
13,91667	47,03
13,93333	47,03
13,95000	47,03
13,96667	47,03
13,98333	47,03
14,00000	47,03
14,01667	47,03
14,03333	47,03
14,05000	47,03
14,06667	47,03
14,08333	47,03
14,10000	47,03
14,11667	47,03
14,13333	47,03
14,15000	47,03
14,16667	47,03
14,18333	47,03
14,20000	47,03
14,21667	47,03
14,23333	47,03
14,25000	47,03
14,26667	47,03
14,28333	47,03
14,30000	47,03
14,31667	47,03
14,33333	47,03
14,35000	47,03
14,36667	47,03
14,38333	47,03
14,40000	47,03
14,41667	47,03
14,43333	47,03
14,45000	47,03
14,46667	47,03
14,48333	47,03
14,50000	47,03
14,51667	47,03
14,53333	47,03
14,55000	47,03
14,56667	47,03
14,58333	47,03
14,60000	47,03
14,61667	47,03
14,63333	47,03
14,65000	47,03
14,66667	47,03
14,68333	47,03
14,70000	47,03
14,71667	47,03
14,73333	47,03
14,75000	47,03
14,76667	47,03
14,78333	47,04
14,80000	47,04
14,81667	47,04
14,83333	47,04
14,85000	47,04
14,86667	47,04
14,88333	47,04
14,90000	47,04
14,91667	47,04
14,93333	47,04
14,95000	47,04
14,96667	47,04
14,98333	47,03
15,00000	47,03
15,01667	47,03
15,03333	47,03
15,05000	47,03
15,06667	47,03
15,08333	47,03
15,10000	47,03
15,11667	47,03
15,13333	47,03
15,15000	47,03
15,16667	47,03
15,18333	47,03
15,20000	47,03
15,21667	47,03
15,23333	47,03
15,25000	47,04
15,26667	47,04
15,28333	47,04
15,30000	47,03
15,31667	47,04
15,33333	47,04
15,35000	47,04
15,36667	47,04
15,38333	47,04
15,40000	47,04
15,41667	47,04
15,43333	47,04
15,45000	47,04
15,46667	47,04
15,48333	47,04
15,50000	47,04
15,51667	47,04
15,53333	47,04
15,55000	47,04
15,56667	47,04
15,58333	47,04
15,60000	47,04
15,61667	47,04
15,63333	47,04
15,65000	47,04
15,66667	47,04
15,68333	47,04
15,70000	47,04
15,71667	47,04
15,73333	47,04
15,75000	47,04
15,76667	47,04
15,78333	47,04
15,80000	47,04
15,81667	47,04
15,83333	47,04
15,85000	47,04
15,86667	47,04
15,88333	47,03
15,90000	47,03
15,91667	47,03
15,93333	47,03
15,95000	47,03
15,96667	47,03
15,98333	47,03
16,00000	47,03
16,01667	47,03
16,03333	47,03
16,05000	47,03
16,06667	47,03
16,08333	47,03
16,10000	47,03
16,11667	47,04
16,13333	47,04
16,15000	47,04
16,16667	47,04
16,18333	47,04
16,20000	47,04
16,21667	47,04
16,23333	47,04
16,25000	47,04
16,26667	47,04
16,28333	47,04
16,30000	47,04
16,31667	47,04
16,33333	47,03
16,35000	47,03
16,36667	47,03
16,38333	47,03
16,40000	47,03
16,41667	47,03
16,43333	47,03
16,45000	47,03
16,46667	47,03
16,48333	47,03
16,50000	47,03
16,51667	47,03
16,53333	47,03
16,55000	47,03
16,56667	47,03
16,58333	47,03
16,60000	47,03
16,61667	47,03
16,63333	47,03
16,65000	47,03
16,66667	47,03
16,68333	47,03
16,70000	47,03
16,71667	47,03
16,73333	47,03
16,75000	47,03
16,76667	47,03
16,78333	47,03
16,80000	47,03
16,81667	47,03
16,83333	47,03
16,85000	47,03
16,86667	47,03
16,88333	47,03
16,90000	47,03
16,91667	47,03
16,93333	47,03
16,95000	47,03
16,96667	47,03
16,98333	47,03
17,00000	47,03
17,01667	47,03
17,03333	47,03
17,05000	47,03
17,06667	47,03
17,08333	47,03
17,10000	47,03
17,11667	47,03
17,13333	47,03
17,15000	47,03
17,16667	47,03
17,18333	47,03
17,20000	47,03
17,21667	47,03
17,23333	47,03
17,25000	47,03
17,26667	47,03
17,28333	47,03
17,30000	47,03
17,31667	47,03
17,33333	47,03
17,35000	47,03
17,36667	47,03
17,38333	47,03
17,40000	47,03
17,41667	47,03
17,43333	47,03
17,45000	47,03
17,46667	47,03
17,48333	47,03
17,50000	47,03
17,51667	47,03
17,53333	47,03
17,55000	47,03
17,56667	47,03
17,58333	47,03
17,60000	47,03
17,61667	47,03
17,63333	47,03
17,65000	47,03
17,66667	47,03
17,68333	47,03
17,70000	47,03
17,71667	47,03
17,73333	47,03
17,75000	47,03
17,76667	47,03
17,78333	47,03
17,80000	47,04
17,81667	47,04
17,83333	47,04
17,85000	47,04
17,86667	47,04
17,88333	47,04
17,90000	47,04
17,91667	47,04
17,93333	47,04
17,95000	47,04
17,96667	47,04
17,98333	47,04
18,00000	47,04
18,01667	47,04
18,03333	47,03
18,05000	47,03
18,06667	47,03
18,08333	47,03
18,10000	47,03
18,11667	47,03
18,13333	47,03
18,15000	47,03
18,16667	47,03
18,18333	47,03
18,20000	47,03
18,21667	47,03
18,23333	47,03
18,25000	47,03
18,26667	47,03
18,28333	47,03
18,30000	47,03
18,31667	47,03
18,33333	47,03
18,35000	47,03
18,36667	47,03
18,38333	47,03
18,40000	47,03
18,41667	47,03
18,43333	47,03
18,45000	47,03
18,46667	47,03
18,48333	47,03
18,50000	47,04
18,51667	47,03
18,53333	47,03
18,55000	47,03
18,56667	47,03
18,58333	47,03
18,60000	47,03
18,61667	47,03
18,63333	47,03
18,65000	47,03
18,66667	47,03
18,68333	47,03
18,70000	47,03
18,71667	47,03
18,73333	47,03
18,75000	47,03
18,76667	47,03
18,78333	47,03
18,80000	47,03
18,81667	47,03
18,83333	47,03
18,85000	47,03
18,86667	47,03
18,88333	47,04
18,90000	47,04
18,91667	47,04
18,93333	47,04
18,95000	47,04
18,96667	47,04
18,98333	47,04
19,00000	47,04
19,01667	47,04
19,03333	47,04
19,05000	47,04
19,06667	47,03
19,08333	47,04
19,10000	47,03
19,11667	47,03
19,13333	47,03
19,15000	47,03
19,16667	47,03
19,18333	47,03
19,20000	47,03
19,21667	47,03
19,23333	47,03
19,25000	47,03
19,26667	47,03
19,28333	47,03
19,30000	47,03
19,31667	47,03
19,33333	47,04
19,35000	47,03
19,36667	47,03
19,38333	47,04
19,40000	47,04
19,41667	47,04
19,43333	47,04
19,45000	47,04
19,46667	47,04
19,48333	47,04
19,50000	47,04
19,51667	47,04
19,53333	47,04
19,55000	47,04
19,56667	47,04
19,58333	47,04
19,60000	47,04
19,61667	47,03
19,63333	47,03
19,65000	47,03
19,66667	47,03
19,68333	47,03
19,70000	47,03
19,71667	47,03
19,73333	47,03
19,75000	47,03
19,76667	47,03
19,78333	47,03
19,80000	47,03
19,81667	47,03
19,83333	47,03
19,85000	47,03
19,86667	47,03
19,88333	47,03
19,90000	47,03
19,91667	47,03
19,93333	47,03
19,95000	47,03
19,96667	47,03
19,98333	47,03
20,00000	47,04
20,01667	47,04
20,03333	47,04
20,05000	47,04
20,06667	47,04
20,08333	47,04
20,10000	47,04
20,11667	47,04
20,13333	47,04
20,15000	47,04
20,16667	47,04
20,18333	47,04
20,20000	47,04
20,21667	47,04
20,23333	47,04
20,25000	47,04
20,26667	47,04
20,28333	47,04
20,30000	47,04
20,31667	47,04
20,33333	47,04
20,35000	47,04
20,36667	47,04
20,38333	47,04
20,40000	47,04
20,41667	47,04
20,43333	47,04
20,45000	47,04
20,46667	47,04
20,48333	47,04
20,50000	47,04
20,51667	47,04
20,53333	47,04
20,55000	47,04
20,56667	47,04
20,58333	47,04
20,60000	47,04
20,61667	47,04
20,63333	47,04
20,65000	47,04
20,66667	47,04
20,68333	47,04
20,70000	47,04
20,71667	47,04
20,73333	47,04
20,75000	47,04
20,76667	47,04
20,78333	47,04
20,80000	47,04
20,81667	47,04
20,83333	47,04
20,85000	47,04
20,86667	47,04
20,88333	47,04
20,90000	47,04
20,91667	47,04
20,93333	47,04
20,95000	47,04
20,96667	47,04
20,98333	47,04
21,00000	47,04
21,01667	47,04
21,03333	47,04
21,05000	47,04
21,06667	47,04
21,08333	47,04
21,10000	47,04
21,11667	47,04
21,13333	47,04
21,15000	47,04
21,16667	47,04
21,18333	47,04
21,20000	47,04
21,21667	47,04
21,23333	47,04
21,25000	47,04
21,26667	47,04
21,28333	47,04
21,30000	47,04
21,31667	47,04
21,33333	47,04
21,35000	47,04
21,36667	47,04
21,38333	47,04
21,40000	47,04
21,41667	47,04
21,43333	47,04
21,45000	47,04
21,46667	47,04
21,48333	47,04
21,50000	47,04
21,51667	47,04
21,53333	47,04
21,55000	47,04
21,56667	47,04
21,58333	47,04
21,60000	47,04
21,61667	47,04
21,63333	47,04
21,65000	47,04
21,66667	47,04
21,68333	47,04
21,70000	47,04
21,71667	47,04
21,73333	47,04
21,75000	47,04
21,76667	47,04
21,78333	47,04
21,80000	47,04
21,81667	47,04
21,83333	47,04
21,85000	47,04
21,86667	47,04
21,88333	47,04
21,90000	47,04
21,91667	47,04
21,93333	47,04
21,95000	47,04
21,96667	47,04
21,98333	47,04
22,00000	47,04
22,01667	47,04
22,03333	47,04
22,05000	47,04
22,06667	47,04
22,08333	47,04
22,10000	47,04
22,11667	47,04
22,13333	47,04
22,15000	47,04
22,16667	47,04
22,18333	47,04
22,20000	47,04
22,21667	47,04
22,23333	47,04
22,25000	47,04
22,26667	47,04
22,28333	47,04
22,30000	47,04
22,31667	47,04
22,33333	47,04
22,35000	47,04
22,36667	47,04
22,38333	47,04
22,40000	47,04
22,41667	47,04
22,43333	47,04
22,45000	47,04
22,46667	47,04
22,48333	47,04
22,50000	47,04
22,51667	47,04
22,53333	47,04
22,55000	47,04
22,56667	47,04
22,58333	47,04
22,60000	47,04
22,61667	47,04
22,63333	47,04
22,65000	47,04
22,66667	47,04
22,68333	47,04
22,70000	47,04
22,71667	47,04
22,73333	47,04
22,75000	47,04
22,76667	47,04
22,78333	47,04
22,80000	47,04
22,81667	47,04
22,83333	47,04
22,85000	47,04
22,86667	47,04
22,88333	47,04
22,90000	47,04
22,91667	47,04
22,93333	47,04
22,95000	47,04
22,96667	47,04
22,98333	47,04
23,00000	47,04
23,01667	47,04
23,03333	47,04
23,05000	47,04
23,06667	47,04
23,08333	47,04
23,10000	47,04
23,11667	47,04
23,13333	47,04
23,15000	47,04
23,16667	47,04
23,18333	47,04
23,20000	47,04
23,21667	47,04
23,23333	47,04
23,25000	47,04
23,26667	47,04
23,28333	47,04
23,30000	47,04
23,31667	47,04
23,33333	47,04
23,35000	47,04
23,36667	47,04
23,38333	47,04
23,40000	47,04
23,41667	47,04
23,43333	47,04
23,45000	47,04
23,46667	47,04
23,48333	47,04
23,50000	47,04
23,51667	47,04
23,53333	47,04
23,55000	47,04
23,56667	47,04
23,58333	47,04
23,60000	47,04
23,61667	47,04
23,63333	47,04
23,65000	47,04
23,66667	47,04
23,68333	47,04
23,70000	47,04
23,71667	47,04
23,73333	47,04
23,75000	47,04
23,76667	47,04
23,78333	47,04
23,80000	47,04
23,81667	47,04
23,83333	47,04
23,85000	47,04
23,86667	47,04
23,88333	47,04
23,90000	47,04
23,91667	47,04
23,93333	47,04
23,95000	47,04
23,96667	47,04
23,98333	47,04
24,00000	47,04
24,01667	47,04
24,03333	47,04
24,05000	47,04
24,06667	47,04
24,08333	47,04
24,10000	47,04
24,11667	47,04
24,13333	47,04
24,15000	47,04
24,16667	47,04
24,18333	47,04
24,20000	47,04
24,21667	47,04
24,23333	47,04
24,25000	47,04
24,26667	47,04
24,28333	47,04
24,30000	47,04
24,31667	47,04
24,33333	47,04
24,35000	47,04
24,36667	47,04
24,38333	47,04
24,40000	47,04
24,41667	47,04
24,43333	47,04
24,45000	47,04
24,46667	47,04
24,48333	47,04
24,50000	47,04
24,51667	47,04
24,53333	47,04
24,55000	47,04
24,56667	47,04
24,58333	47,04
24,60000	47,04
24,61667	47,04
24,63333	47,04
24,65000	47,04
24,66667	47,04
24,68333	47,04
24,70000	47,04
24,71667	47,04
24,73333	47,04
24,75000	47,04
24,76667	47,04
24,78333	47,04
24,80000	47,04
24,81667	47,04
24,83333	47,04
24,85000	47,04
24,86667	47,04
24,88333	47,04
24,90000	47,04
24,91667	47,04
24,93333	47,04
24,95000	47,04
24,96667	47,04
24,98333	47,04
25,00000	47,04
25,01667	47,04
25,03333	47,04
25,05000	47,04
25,06667	47,04
25,08333	47,04
25,10000	47,04
25,11667	47,04
25,13333	47,04
25,15000	47,04
25,16667	47,04
25,18333	47,04
25,20000	47,04
25,21667	47,04
25,23333	47,04
25,25000	47,04
25,26667	47,04
25,28333	47,04
25,30000	47,04
25,31667	47,04
25,33333	47,04
25,35000	47,04
25,36667	47,04
25,38333	47,04
25,40000	47,04
25,41667	47,04
25,43333	47,04
25,45000	47,04
25,46667	47,04
25,48333	47,04
25,50000	47,04
25,51667	47,04
25,53333	47,04
25,55000	47,04
25,56667	47,04
25,58333	47,04
25,60000	47,04
25,61667	47,04
25,63333	47,04
25,65000	47,04
25,66667	47,04
25,68333	47,04
25,70000	47,04
25,71667	47,04
25,73333	47,04
25,75000	47,04
25,76667	47,04
25,78333	47,04
25,80000	47,04
25,81667	47,04
25,83333	47,05
25,85000	47,04
25,86667	47,05
25,88333	47,05
25,90000	47,05
25,91667	47,05
25,93333	47,05
25,95000	47,05
25,96667	47,05
25,98333	47,05
26,00000	47,05
26,01667	47,05
26,03333	47,05
26,05000	47,05
26,06667	47,05
26,08333	47,05
26,10000	47,05
26,11667	47,05
26,13333	47,05
26,15000	47,05
26,16667	47,05
26,18333	47,05
26,20000	47,05
26,21667	47,05
26,23333	47,04
26,25000	47,04
26,26667	47,04
26,28333	47,04
26,30000	47,04
26,31667	47,04
26,33333	47,04
26,35000	47,04
26,36667	47,04
26,38333	47,04
26,40000	47,04
26,41667	47,04
26,43333	47,05
26,45000	47,05
26,46667	47,05
26,48333	47,05
26,50000	47,04
26,51667	47,05
26,53333	47,05
26,55000	47,05
26,56667	47,04
26,58333	47,04
26,60000	47,05
26,61667	47,04
26,63333	47,04
26,65000	47,04
26,66667	47,04
26,68333	47,04
26,70000	47,04
26,71667	47,04
26,73333	47,04
26,75000	47,04
26,76667	47,05
26,78333	47,05
26,80000	47,05
26,81667	47,05
26,83333	47,05
26,85000	47,05
26,86667	47,05
26,88333	47,05
26,90000	47,05
26,91667	47,05
26,93333	47,05
26,95000	47,05
26,96667	47,04
26,98333	47,04
27,00000	47,04
27,01667	47,04
27,03333	47,04
27,05000	47,04
27,06667	47,04
27,08333	47,04
27,10000	47,04
27,11667	47,04
27,13333	47,04
27,15000	47,05
27,16667	47,05
27,18333	47,04
27,20000	47,05
27,21667	47,05
27,23333	47,04
27,25000	47,04
27,26667	47,04
27,28333	47,05
27,30000	47,05
27,31667	47,05
27,33333	47,05
27,35000	47,05
27,36667	47,05
27,38333	47,05
27,40000	47,05
27,41667	47,05
27,43333	47,05
27,45000	47,05
27,46667	47,05
27,48333	47,05
27,50000	47,05
27,51667	47,05
27,53333	47,05
27,55000	47,05
27,56667	47,05
27,58333	47,05
27,60000	47,05
27,61667	47,05
27,63333	47,05
27,65000	47,05
27,66667	47,05
27,68333	47,05
27,70000	47,05
27,71667	47,05
27,73333	47,05
27,75000	47,05
27,76667	47,05
27,78333	47,05
27,80000	47,05
27,81667	47,05
27,83333	47,05
27,85000	47,05
27,86667	47,05
27,88333	47,05
27,90000	47,05
27,91667	47,05
27,93333	47,05
27,95000	47,05
27,96667	47,05
27,98333	47,05
28,00000	47,04
28,01667	47,04
28,03333	47,04
28,05000	47,05
28,06667	47,05
28,08333	47,05
28,10000	47,05
28,11667	47,04
28,13333	47,05
28,15000	47,05
28,16667	47,05
28,18333	47,05
28,20000	47,05
28,21667	47,05
28,23333	47,05
28,25000	47,05
28,26667	47,05
28,28333	47,05
28,30000	47,05
28,31667	47,05
28,33333	47,05
28,35000	47,05
28,36667	47,05
28,38333	47,05
28,40000	47,05
28,41667	47,05
28,43333	47,05
28,45000	47,05
28,46667	47,05
28,48333	47,05
28,50000	47,05
28,51667	47,05
28,53333	47,05
28,55000	47,05
28,56667	47,05
28,58333	47,05
28,60000	47,05
28,61667	47,05
28,63333	47,05
28,65000	47,05
28,66667	47,05
28,68333	47,05
28,70000	47,05
28,71667	47,05
28,73333	47,05
28,75000	47,05
28,76667	47,05
28,78333	47,05
28,80000	47,05
28,81667	47,05
28,83333	47,05
28,85000	47,05
28,86667	47,05
28,88333	47,05
28,90000	47,05
28,91667	47,05
28,93333	47,05
28,95000	47,05
28,96667	47,05
28,98333	47,05
29,00000	47,05
29,01667	47,05
29,03333	47,05
29,05000	47,05
29,06667	47,05
29,08333	47,05
29,10000	47,05
29,11667	47,05
29,13333	47,05
29,15000	47,05
29,16667	47,05
29,18333	47,05
29,20000	47,05
29,21667	47,05
29,23333	47,05
29,25000	47,05
29,26667	47,05
29,28333	47,05
29,30000	47,05
29,31667	47,05
29,33333	47,05
29,35000	47,05
29,36667	47,05
29,38333	47,05
29,40000	47,05
29,41667	47,05
29,43333	47,05
29,45000	47,05
29,46667	47,05
29,48333	47,05
29,50000	47,05
29,51667	47,05
29,53333	47,05
29,55000	47,05
29,56667	47,05
29,58333	47,05
29,60000	47,05
29,61667	47,05
29,63333	47,05
29,65000	47,05
29,66667	47,05
29,68333	47,05
29,70000	47,05
29,71667	47,04
29,73333	47,05
29,75000	47,05
29,76667	47,05
29,78333	47,05
29,80000	47,04
29,81667	47,04
29,83333	47,05
29,85000	47,05
29,86667	47,04
29,88333	47,04
29,90000	47,04
29,91667	47,04
29,93333	47,04
29,95000	47,04
29,96667	47,04
29,98333	47,04
30,00000	47,04
30,01667	47,04
30,03333	47,04
30,05000	47,04
30,06667	47,04
30,08333	47,04
30,10000	47,04
30,11667	47,04
30,13333	47,04
30,15000	47,04
30,16667	47,04
30,18333	47,04
30,20000	47,04
30,21667	47,04
30,23333	47,05
30,25000	47,04
30,26667	47,04
30,28333	47,04
30,30000	47,04
30,31667	47,04
30,33333	47,04
30,35000	47,05
30,36667	47,04
30,38333	47,05
30,40000	47,05
30,41667	47,05
30,43333	47,05
30,45000	47,05
30,46667	47,05
30,48333	47,05
30,50000	47,05
30,51667	47,05
30,53333	47,05
30,55000	47,05
30,56667	47,05
30,58333	47,05
30,60000	47,04
30,61667	47,04
30,63333	47,04
30,65000	47,04
30,66667	47,04
30,68333	47,04
30,70000	47,04
30,71667	47,04
30,73333	47,04
30,75000	47,04
30,76667	47,04
30,78333	47,04
30,80000	47,04
30,81667	47,05
30,83333	47,05
30,85000	47,05
30,86667	47,05
30,88333	47,05
30,90000	47,05
30,91667	47,05
30,93333	47,05
30,95000	47,05
30,96667	47,05
30,98333	47,05
31,00000	47,05
31,01667	47,05
31,03333	47,05
31,05000	47,05
31,06667	47,05
31,08333	47,05
31,10000	47,05
31,11667	47,05
31,13333	47,05
31,15000	47,05
31,16667	47,05
31,18333	47,05
31,20000	47,05
31,21667	47,05
31,23333	47,05
31,25000	47,05
31,26667	47,04
31,28333	47,04
31,30000	47,04
31,31667	47,04
31,33333	47,04
31,35000	47,04
31,36667	47,05
31,38333	47,04
31,40000	47,04
31,41667	47,04
31,43333	47,05
31,45000	47,04
31,46667	47,05
31,48333	47,05
31,50000	47,05
31,51667	47,05
31,53333	47,05
31,55000	47,05
31,56667	47,05
31,58333	47,05
31,60000	47,05
31,61667	47,05
31,63333	47,05
31,65000	47,05
31,66667	47,05
31,68333	47,05
31,70000	47,04
31,71667	47,04
31,73333	47,04
31,75000	47,04
31,76667	47,04
31,78333	47,04
31,80000	47,04
31,81667	47,04
31,83333	47,04
31,85000	47,04
31,86667	47,04
31,88333	47,05
31,90000	47,05
31,91667	47,05
31,93333	47,05
31,95000	47,05
31,96667	47,05
31,98333	47,05
32,00000	47,05

[LC Status Trace(PDA Lamp Housing Temp.)]
Interval(msec)	1000
# of Points	1921
Start Time(min)	0,000
End Time(min)	32,000
Intensity Units	C
Intensity Multiplier	1
R.Time (min)	Intensity
0,00000	54,02
0,01667	54,02
0,03333	54,02
0,05000	54,02
0,06667	54,02
0,08333	54,02
0,10000	54,02
0,11667	54,02
0,13333	54,02
0,15000	54,01
0,16667	54,02
0,18333	54,02
0,20000	54,02
0,21667	54,02
0,23333	54,02
0,25000	54,03
0,26667	54,03
0,28333	54,03
0,30000	54,03
0,31667	54,03
0,33333	54,03
0,35000	54,03
0,36667	54,03
0,38333	54,03
0,40000	54,03
0,41667	54,03
0,43333	54,03
0,45000	54,03
0,46667	54,03
0,48333	54,03
0,50000	54,03
0,51667	54,03
0,53333	54,03
0,55000	54,03
0,56667	54,03
0,58333	54,04
0,60000	54,03
0,61667	54,03
0,63333	54,03
0,65000	54,03
0,66667	54,03
0,68333	54,03
0,70000	54,03
0,71667	54,03
0,73333	54,02
0,75000	54,02
0,76667	54,01
0,78333	54,01
0,80000	54,01
0,81667	54,01
0,83333	54,01
0,85000	54,01
0,86667	54,02
0,88333	54,01
0,90000	54,01
0,91667	54,02
0,93333	54,02
0,95000	54,02
0,96667	54,02
0,98333	54,02
1,00000	54,03
1,01667	54,03
1,03333	54,02
1,05000	54,02
1,06667	54,03
1,08333	54,02
1,10000	54,03
1,11667	54,03
1,13333	54,02
1,15000	54,03
1,16667	54,03
1,18333	54,04
1,20000	54,04
1,21667	54,03
1,23333	54,03
1,25000	54,02
1,26667	54,02
1,28333	54,02
1,30000	54,02
1,31667	54,02
1,33333	54,03
1,35000	54,03
1,36667	54,03
1,38333	54,03
1,40000	54,03
1,41667	54,03
1,43333	54,03
1,45000	54,03
1,46667	54,02
1,48333	54,02
1,50000	54,02
1,51667	54,02
1,53333	54,02
1,55000	54,02
1,56667	54,02
1,58333	54,02
1,60000	54,02
1,61667	54,02
1,63333	54,02
1,65000	54,02
1,66667	54,02
1,68333	54,02
1,70000	54,02
1,71667	54,02
1,73333	54,02
1,75000	54,02
1,76667	54,01
1,78333	54,01
1,80000	54,00
1,81667	54,00
1,83333	54,00
1,85000	54,00
1,86667	54,00
1,88333	54,00
1,90000	54,00
1,91667	54,01
1,93333	54,01
1,95000	54,00
1,96667	54,00
1,98333	54,01
2,00000	54,01
2,01667	54,01
2,03333	54,01
2,05000	54,02
2,06667	54,02
2,08333	54,02
2,10000	54,01
2,11667	54,01
2,13333	54,00
2,15000	54,01
2,16667	54,01
2,18333	54,01
2,20000	54,01
2,21667	54,02
2,23333	54,02
2,25000	54,02
2,26667	54,02
2,28333	54,02
2,30000	54,02
2,31667	54,01
2,33333	54,01
2,35000	54,01
2,36667	54,02
2,38333	54,02
2,40000	54,02
2,41667	54,02
2,43333	54,02
2,45000	54,02
2,46667	54,02
2,48333	54,02
2,50000	54,02
2,51667	54,02
2,53333	54,02
2,55000	54,02
2,56667	54,02
2,58333	54,02
2,60000	54,03
2,61667	54,03
2,63333	54,03
2,65000	54,03
2,66667	54,03
2,68333	54,03
2,70000	54,03
2,71667	54,03
2,73333	54,03
2,75000	54,02
2,76667	54,02
2,78333	54,03
2,80000	54,02
2,81667	54,02
2,83333	54,03
2,85000	54,03
2,86667	54,02
2,88333	54,03
2,90000	54,03
2,91667	54,03
2,93333	54,02
2,95000	54,02
2,96667	54,02
2,98333	54,02
3,00000	54,03
3,01667	54,03
3,03333	54,03
3,05000	54,03
3,06667	54,03
3,08333	54,03
3,10000	54,03
3,11667	54,03
3,13333	54,03
3,15000	54,04
3,16667	54,04
3,18333	54,04
3,20000	54,04
3,21667	54,04
3,23333	54,04
3,25000	54,04
3,26667	54,03
3,28333	54,03
3,30000	54,03
3,31667	54,03
3,33333	54,03
3,35000	54,03
3,36667	54,03
3,38333	54,04
3,40000	54,04
3,41667	54,04
3,43333	54,04
3,45000	54,04
3,46667	54,04
3,48333	54,04
3,50000	54,04
3,51667	54,04
3,53333	54,04
3,55000	54,05
3,56667	54,05
3,58333	54,05
3,60000	54,05
3,61667	54,04
3,63333	54,04
3,65000	54,04
3,66667	54,04
3,68333	54,03
3,70000	54,03
3,71667	54,03
3,73333	54,03
3,75000	54,03
3,76667	54,03
3,78333	54,02
3,80000	54,02
3,81667	54,03
3,83333	54,03
3,85000	54,02
3,86667	54,02
3,88333	54,02
3,90000	54,02
3,91667	54,03
3,93333	54,03
3,95000	54,04
3,96667	54,04
3,98333	54,04
4,00000	54,03
4,01667	54,03
4,03333	54,03
4,05000	54,03
4,06667	54,03
4,08333	54,03
4,10000	54,04
4,11667	54,04
4,13333	54,03
4,15000	54,03
4,16667	54,03
4,18333	54,03
4,20000	54,03
4,21667	54,03
4,23333	54,03
4,25000	54,03
4,26667	54,03
4,28333	54,03
4,30000	54,04
4,31667	54,04
4,33333	54,04
4,35000	54,04
4,36667	54,04
4,38333	54,03
4,40000	54,03
4,41667	54,03
4,43333	54,03
4,45000	54,03
4,46667	54,03
4,48333	54,03
4,50000	54,03
4,51667	54,03
4,53333	54,03
4,55000	54,03
4,56667	54,03
4,58333	54,03
4,60000	54,03
4,61667	54,03
4,63333	54,03
4,65000	54,03
4,66667	54,03
4,68333	54,03
4,70000	54,03
4,71667	54,03
4,73333	54,03
4,75000	54,03
4,76667	54,04
4,78333	54,04
4,80000	54,04
4,81667	54,03
4,83333	54,03
4,85000	54,04
4,86667	54,04
4,88333	54,03
4,90000	54,03
4,91667	54,03
4,93333	54,03
4,95000	54,03
4,96667	54,03
4,98333	54,03
5,00000	54,03
5,01667	54,03
5,03333	54,03
5,05000	54,04
5,06667	54,04
5,08333	54,04
5,10000	54,04
5,11667	54,04
5,13333	54,04
5,15000	54,04
5,16667	54,03
5,18333	54,03
5,20000	54,03
5,21667	54,03
5,23333	54,02
5,25000	54,03
5,26667	54,03
5,28333	54,03
5,30000	54,03
5,31667	54,04
5,33333	54,04
5,35000	54,04
5,36667	54,04
5,38333	54,04
5,40000	54,04
5,41667	54,03
5,43333	54,03
5,45000	54,03
5,46667	54,03
5,48333	54,04
5,50000	54,03
5,51667	54,03
5,53333	54,03
5,55000	54,03
5,56667	54,03
5,58333	54,03
5,60000	54,03
5,61667	54,03
5,63333	54,03
5,65000	54,03
5,66667	54,03
5,68333	54,04
5,70000	54,04
5,71667	54,04
5,73333	54,04
5,75000	54,04
5,76667	54,04
5,78333	54,04
5,80000	54,03
5,81667	54,03
5,83333	54,03
5,85000	54,03
5,86667	54,04
5,88333	54,04
5,90000	54,04
5,91667	54,04
5,93333	54,04
5,95000	54,04
5,96667	54,03
5,98333	54,03
6,00000	54,03
6,01667	54,03
6,03333	54,04
6,05000	54,04
6,06667	54,05
6,08333	54,05
6,10000	54,04
6,11667	54,04
6,13333	54,04
6,15000	54,04
6,16667	54,04
6,18333	54,04
6,20000	54,04
6,21667	54,04
6,23333	54,04
6,25000	54,03
6,26667	54,04
6,28333	54,04
6,30000	54,04
6,31667	54,05
6,33333	54,05
6,35000	54,05
6,36667	54,05
6,38333	54,05
6,40000	54,05
6,41667	54,04
6,43333	54,03
6,45000	54,03
6,46667	54,03
6,48333	54,04
6,50000	54,04
6,51667	54,04
6,53333	54,04
6,55000	54,04
6,56667	54,04
6,58333	54,04
6,60000	54,05
6,61667	54,05
6,63333	54,05
6,65000	54,05
6,66667	54,05
6,68333	54,05
6,70000	54,05
6,71667	54,05
6,73333	54,05
6,75000	54,04
6,76667	54,04
6,78333	54,03
6,80000	54,03
6,81667	54,03
6,83333	54,03
6,85000	54,03
6,86667	54,03
6,88333	54,03
6,90000	54,03
6,91667	54,03
6,93333	54,04
6,95000	54,04
6,96667	54,04
6,98333	54,03
7,00000	54,04
7,01667	54,04
7,03333	54,04
7,05000	54,04
7,06667	54,04
7,08333	54,03
7,10000	54,03
7,11667	54,04
7,13333	54,04
7,15000	54,04
7,16667	54,04
7,18333	54,04
7,20000	54,03
7,21667	54,03
7,23333	54,03
7,25000	54,03
7,26667	54,02
7,28333	54,02
7,30000	54,02
7,31667	54,02
7,33333	54,02
7,35000	54,02
7,36667	54,02
7,38333	54,02
7,40000	54,02
7,41667	54,03
7,43333	54,03
7,45000	54,03
7,46667	54,04
7,48333	54,04
7,50000	54,04
7,51667	54,04
7,53333	54,04
7,55000	54,04
7,56667	54,04
7,58333	54,04
7,60000	54,04
7,61667	54,04
7,63333	54,04
7,65000	54,05
7,66667	54,04
7,68333	54,04
7,70000	54,05
7,71667	54,05
7,73333	54,05
7,75000	54,05
7,76667	54,06
7,78333	54,06
7,80000	54,06
7,81667	54,05
7,83333	54,05
7,85000	54,04
7,86667	54,04
7,88333	54,04
7,90000	54,04
7,91667	54,04
7,93333	54,05
7,95000	54,05
7,96667	54,05
7,98333	54,05
8,00000	54,05
8,01667	54,05
8,03333	54,04
8,05000	54,04
8,06667	54,04
8,08333	54,04
8,10000	54,04
8,11667	54,05
8,13333	54,04
8,15000	54,05
8,16667	54,04
8,18333	54,05
8,20000	54,05
8,21667	54,05
8,23333	54,05
8,25000	54,05
8,26667	54,05
8,28333	54,05
8,30000	54,05
8,31667	54,05
8,33333	54,05
8,35000	54,06
8,36667	54,06
8,38333	54,06
8,40000	54,05
8,41667	54,05
8,43333	54,05
8,45000	54,05
8,46667	54,04
8,48333	54,04
8,50000	54,04
8,51667	54,05
8,53333	54,04
8,55000	54,04
8,56667	54,04
8,58333	54,04
8,60000	54,05
8,61667	54,05
8,63333	54,06
8,65000	54,06
8,66667	54,06
8,68333	54,05
8,70000	54,05
8,71667	54,05
8,73333	54,05
8,75000	54,05
8,76667	54,05
8,78333	54,06
8,80000	54,06
8,81667	54,06
8,83333	54,05
8,85000	54,05
8,86667	54,05
8,88333	54,05
8,90000	54,06
8,91667	54,06
8,93333	54,06
8,95000	54,06
8,96667	54,06
8,98333	54,06
9,00000	54,06
9,01667	54,06
9,03333	54,06
9,05000	54,06
9,06667	54,05
9,08333	54,05
9,10000	54,05
9,11667	54,05
9,13333	54,04
9,15000	54,04
9,16667	54,04
9,18333	54,04
9,20000	54,04
9,21667	54,03
9,23333	54,04
9,25000	54,04
9,26667	54,04
9,28333	54,04
9,30000	54,04
9,31667	54,04
9,33333	54,04
9,35000	54,04
9,36667	54,04
9,38333	54,04
9,40000	54,03
9,41667	54,04
9,43333	54,04
9,45000	54,04
9,46667	54,05
9,48333	54,05
9,50000	54,05
9,51667	54,05
9,53333	54,06
9,55000	54,06
9,56667	54,05
9,58333	54,05
9,60000	54,05
9,61667	54,05
9,63333	54,05
9,65000	54,05
9,66667	54,05
9,68333	54,05
9,70000	54,04
9,71667	54,04
9,73333	54,04
9,75000	54,04
9,76667	54,04
9,78333	54,04
9,80000	54,04
9,81667	54,04
9,83333	54,04
9,85000	54,04
9,86667	54,04
9,88333	54,04
9,90000	54,05
9,91667	54,05
9,93333	54,04
9,95000	54,05
9,96667	54,05
9,98333	54,05
10,00000	54,05
10,01667	54,05
10,03333	54,05
10,05000	54,05
10,06667	54,05
10,08333	54,05
10,10000	54,04
10,11667	54,04
10,13333	54,04
10,15000	54,04
10,16667	54,04
10,18333	54,04
10,20000	54,04
10,21667	54,04
10,23333	54,03
10,25000	54,04
10,26667	54,04
10,28333	54,04
10,30000	54,04
10,31667	54,04
10,33333	54,03
10,35000	54,04
10,36667	54,04
10,38333	54,04
10,40000	54,04
10,41667	54,04
10,43333	54,04
10,45000	54,04
10,46667	54,05
10,48333	54,05
10,50000	54,05
10,51667	54,05
10,53333	54,05
10,55000	54,05
10,56667	54,05
10,58333	54,05
10,60000	54,05
10,61667	54,06
10,63333	54,06
10,65000	54,06
10,66667	54,06
10,68333	54,06
10,70000	54,06
10,71667	54,06
10,73333	54,06
10,75000	54,06
10,76667	54,06
10,78333	54,06
10,80000	54,06
10,81667	54,06
10,83333	54,06
10,85000	54,07
10,86667	54,07
10,88333	54,07
10,90000	54,07
10,91667	54,07
10,93333	54,07
10,95000	54,07
10,96667	54,06
10,98333	54,06
11,00000	54,06
11,01667	54,07
11,03333	54,07
11,05000	54,07
11,06667	54,06
11,08333	54,06
11,10000	54,06
11,11667	54,06
11,13333	54,06
11,15000	54,06
11,16667	54,06
11,18333	54,06
11,20000	54,06
11,21667	54,06
11,23333	54,06
11,25000	54,07
11,26667	54,07
11,28333	54,06
11,30000	54,06
11,31667	54,06
11,33333	54,06
11,35000	54,06
11,36667	54,06
11,38333	54,06
11,40000	54,06
11,41667	54,06
11,43333	54,06
11,45000	54,06
11,46667	54,06
11,48333	54,06
11,50000	54,06
11,51667	54,06
11,53333	54,06
11,55000	54,06
11,56667	54,05
11,58333	54,05
11,60000	54,06
11,61667	54,06
11,63333	54,06
11,65000	54,05
11,66667	54,05
11,68333	54,05
11,70000	54,06
11,71667	54,06
11,73333	54,06
11,75000	54,06
11,76667	54,07
11,78333	54,07
11,80000	54,07
11,81667	54,08
11,83333	54,08
11,85000	54,07
11,86667	54,07
11,88333	54,07
11,90000	54,07
11,91667	54,07
11,93333	54,07
11,95000	54,07
11,96667	54,07
11,98333	54,07
12,00000	54,07
12,01667	54,07
12,03333	54,07
12,05000	54,07
12,06667	54,07
12,08333	54,07
12,10000	54,07
12,11667	54,07
12,13333	54,07
12,15000	54,07
12,16667	54,07
12,18333	54,07
12,20000	54,07
12,21667	54,06
12,23333	54,07
12,25000	54,07
12,26667	54,07
12,28333	54,06
12,30000	54,06
12,31667	54,05
12,33333	54,05
12,35000	54,05
12,36667	54,05
12,38333	54,05
12,40000	54,05
12,41667	54,04
12,43333	54,04
12,45000	54,04
12,46667	54,04
12,48333	54,04
12,50000	54,05
12,51667	54,05
12,53333	54,05
12,55000	54,05
12,56667	54,06
12,58333	54,06
12,60000	54,06
12,61667	54,06
12,63333	54,06
12,65000	54,06
12,66667	54,06
12,68333	54,06
12,70000	54,06
12,71667	54,06
12,73333	54,05
12,75000	54,06
12,76667	54,06
12,78333	54,06
12,80000	54,06
12,81667	54,06
12,83333	54,06
12,85000	54,06
12,86667	54,06
12,88333	54,06
12,90000	54,06
12,91667	54,06
12,93333	54,06
12,95000	54,05
12,96667	54,05
12,98333	54,05
13,00000	54,05
13,01667	54,05
13,03333	54,05
13,05000	54,06
13,06667	54,06
13,08333	54,06
13,10000	54,06
13,11667	54,06
13,13333	54,06
13,15000	54,05
13,16667	54,05
13,18333	54,05
13,20000	54,05
13,21667	54,05
13,23333	54,05
13,25000	54,05
13,26667	54,05
13,28333	54,05
13,30000	54,05
13,31667	54,05
13,33333	54,06
13,35000	54,06
13,36667	54,05
13,38333	54,05
13,40000	54,05
13,41667	54,06
13,43333	54,06
13,45000	54,06
13,46667	54,06
13,48333	54,06
13,50000	54,06
13,51667	54,06
13,53333	54,06
13,55000	54,06
13,56667	54,07
13,58333	54,07
13,60000	54,06
13,61667	54,06
13,63333	54,06
13,65000	54,07
13,66667	54,06
13,68333	54,06
13,70000	54,06
13,71667	54,06
13,73333	54,07
13,75000	54,07
13,76667	54,06
13,78333	54,06
13,80000	54,06
13,81667	54,06
13,83333	54,06
13,85000	54,06
13,86667	54,06
13,88333	54,06
13,90000	54,06
13,91667	54,06
13,93333	54,06
13,95000	54,06
13,96667	54,06
13,98333	54,06
14,00000	54,06
14,01667	54,06
14,03333	54,06
14,05000	54,06
14,06667	54,06
14,08333	54,06
14,10000	54,06
14,11667	54,06
14,13333	54,07
14,15000	54,07
14,16667	54,07
14,18333	54,07
14,20000	54,07
14,21667	54,07
14,23333	54,08
14,25000	54,07
14,26667	54,07
14,28333	54,08
14,30000	54,07
14,31667	54,07
14,33333	54,07
14,35000	54,07
14,36667	54,07
14,38333	54,08
14,40000	54,08
14,41667	54,07
14,43333	54,07
14,45000	54,07
14,46667	54,07
14,48333	54,07
14,50000	54,08
14,51667	54,08
14,53333	54,07
14,55000	54,07
14,56667	54,07
14,58333	54,08
14,60000	54,08
14,61667	54,07
14,63333	54,07
14,65000	54,07
14,66667	54,08
14,68333	54,08
14,70000	54,08
14,71667	54,08
14,73333	54,08
14,75000	54,08
14,76667	54,08
14,78333	54,08
14,80000	54,08
14,81667	54,07
14,83333	54,08
14,85000	54,07
14,86667	54,06
14,88333	54,06
14,90000	54,06
14,91667	54,06
14,93333	54,06
14,95000	54,06
14,96667	54,06
14,98333	54,06
15,00000	54,06
15,01667	54,06
15,03333	54,06
15,05000	54,06
15,06667	54,06
15,08333	54,06
15,10000	54,06
15,11667	54,06
15,13333	54,07
15,15000	54,07
15,16667	54,07
15,18333	54,07
15,20000	54,07
15,21667	54,07
15,23333	54,06
15,25000	54,06
15,26667	54,06
15,28333	54,07
15,30000	54,06
15,31667	54,06
15,33333	54,07
15,35000	54,07
15,36667	54,07
15,38333	54,07
15,40000	54,07
15,41667	54,07
15,43333	54,07
15,45000	54,07
15,46667	54,08
15,48333	54,08
15,50000	54,08
15,51667	54,08
15,53333	54,08
15,55000	54,08
15,56667	54,08
15,58333	54,08
15,60000	54,08
15,61667	54,08
15,63333	54,08
15,65000	54,09
15,66667	54,09
15,68333	54,09
15,70000	54,09
15,71667	54,09
15,73333	54,09
15,75000	54,09
15,76667	54,08
15,78333	54,08
15,80000	54,07
15,81667	54,06
15,83333	54,07
15,85000	54,07
15,86667	54,07
15,88333	54,07
15,90000	54,08
15,91667	54,08
15,93333	54,07
15,95000	54,07
15,96667	54,07
15,98333	54,07
16,00000	54,07
16,01667	54,07
16,03333	54,07
16,05000	54,07
16,06667	54,06
16,08333	54,07
16,10000	54,07
16,11667	54,07
16,13333	54,07
16,15000	54,07
16,16667	54,06
16,18333	54,06
16,20000	54,06
16,21667	54,07
16,23333	54,06
16,25000	54,06
16,26667	54,06
16,28333	54,06
16,30000	54,06
16,31667	54,06
16,33333	54,06
16,35000	54,06
16,36667	54,06
16,38333	54,06
16,40000	54,07
16,41667	54,07
16,43333	54,07
16,45000	54,06
16,46667	54,06
16,48333	54,06
16,50000	54,06
16,51667	54,06
16,53333	54,06
16,55000	54,06
16,56667	54,05
16,58333	54,05
16,60000	54,06
16,61667	54,06
16,63333	54,07
16,65000	54,07
16,66667	54,07
16,68333	54,06
16,70000	54,06
16,71667	54,06
16,73333	54,06
16,75000	54,06
16,76667	54,07
16,78333	54,07
16,80000	54,07
16,81667	54,07
16,83333	54,07
16,85000	54,07
16,86667	54,07
16,88333	54,07
16,90000	54,07
16,91667	54,07
16,93333	54,07
16,95000	54,07
16,96667	54,07
16,98333	54,07
17,00000	54,07
17,01667	54,07
17,03333	54,07
17,05000	54,07
17,06667	54,07
17,08333	54,07
17,10000	54,07
17,11667	54,07
17,13333	54,07
17,15000	54,06
17,16667	54,06
17,18333	54,07
17,20000	54,07
17,21667	54,08
17,23333	54,08
17,25000	54,08
17,26667	54,08
17,28333	54,07
17,30000	54,08
17,31667	54,08
17,33333	54,08
17,35000	54,08
17,36667	54,08
17,38333	54,08
17,40000	54,08
17,41667	54,07
17,43333	54,07
17,45000	54,07
17,46667	54,07
17,48333	54,06
17,50000	54,06
17,51667	54,05
17,53333	54,06
17,55000	54,07
17,56667	54,07
17,58333	54,07
17,60000	54,06
17,61667	54,06
17,63333	54,05
17,65000	54,06
17,66667	54,06
17,68333	54,06
17,70000	54,06
17,71667	54,06
17,73333	54,06
17,75000	54,06
17,76667	54,06
17,78333	54,06
17,80000	54,07
17,81667	54,07
17,83333	54,07
17,85000	54,07
17,86667	54,08
17,88333	54,07
17,90000	54,07
17,91667	54,07
17,93333	54,07
17,95000	54,07
17,96667	54,07
17,98333	54,07
18,00000	54,07
18,01667	54,07
18,03333	54,06
18,05000	54,06
18,06667	54,07
18,08333	54,07
18,10000	54,07
18,11667	54,07
18,13333	54,06
18,15000	54,05
18,16667	54,06
18,18333	54,06
18,20000	54,06
18,21667	54,05
18,23333	54,06
18,25000	54,05
18,26667	54,05
18,28333	54,05
18,30000	54,06
18,31667	54,06
18,33333	54,06
18,35000	54,06
18,36667	54,06
18,38333	54,06
18,40000	54,06
18,41667	54,05
18,43333	54,05
18,45000	54,06
18,46667	54,07
18,48333	54,07
18,50000	54,07
18,51667	54,07
18,53333	54,07
18,55000	54,07
18,56667	54,07
18,58333	54,07
18,60000	54,07
18,61667	54,07
18,63333	54,07
18,65000	54,07
18,66667	54,07
18,68333	54,07
18,70000	54,07
18,71667	54,06
18,73333	54,06
18,75000	54,07
18,76667	54,07
18,78333	54,07
18,80000	54,07
18,81667	54,07
18,83333	54,07
18,85000	54,07
18,86667	54,07
18,88333	54,07
18,90000	54,07
18,91667	54,07
18,93333	54,07
18,95000	54,06
18,96667	54,06
18,98333	54,06
19,00000	54,06
19,01667	54,06
19,03333	54,06
19,05000	54,06
19,06667	54,06
19,08333	54,06
19,10000	54,06
19,11667	54,07
19,13333	54,07
19,15000	54,07
19,16667	54,07
19,18333	54,07
19,20000	54,07
19,21667	54,07
19,23333	54,07
19,25000	54,07
19,26667	54,07
19,28333	54,07
19,30000	54,07
19,31667	54,07
19,33333	54,07
19,35000	54,07
19,36667	54,07
19,38333	54,07
19,40000	54,07
19,41667	54,07
19,43333	54,08
19,45000	54,08
19,46667	54,08
19,48333	54,07
19,50000	54,07
19,51667	54,07
19,53333	54,07
19,55000	54,07
19,56667	54,07
19,58333	54,07
19,60000	54,07
19,61667	54,07
19,63333	54,07
19,65000	54,07
19,66667	54,07
19,68333	54,08
19,70000	54,08
19,71667	54,07
19,73333	54,08
19,75000	54,08
19,76667	54,08
19,78333	54,07
19,80000	54,08
19,81667	54,08
19,83333	54,08
19,85000	54,08
19,86667	54,08
19,88333	54,08
19,90000	54,08
19,91667	54,08
19,93333	54,07
19,95000	54,07
19,96667	54,08
19,98333	54,08
20,00000	54,07
20,01667	54,08
20,03333	54,08
20,05000	54,08
20,06667	54,08
20,08333	54,08
20,10000	54,08
20,11667	54,07
20,13333	54,07
20,15000	54,08
20,16667	54,08
20,18333	54,08
20,20000	54,08
20,21667	54,08
20,23333	54,08
20,25000	54,08
20,26667	54,08
20,28333	54,07
20,30000	54,07
20,31667	54,07
20,33333	54,07
20,35000	54,07
20,36667	54,06
20,38333	54,06
20,40000	54,06
20,41667	54,06
20,43333	54,07
20,45000	54,07
20,46667	54,07
20,48333	54,07
20,50000	54,08
20,51667	54,07
20,53333	54,07
20,55000	54,07
20,56667	54,06
20,58333	54,07
20,60000	54,07
20,61667	54,07
20,63333	54,08
20,65000	54,07
20,66667	54,07
20,68333	54,07
20,70000	54,07
20,71667	54,07
20,73333	54,07
20,75000	54,07
20,76667	54,07
20,78333	54,07
20,80000	54,07
20,81667	54,07
20,83333	54,07
20,85000	54,07
20,86667	54,07
20,88333	54,08
20,90000	54,08
20,91667	54,08
20,93333	54,08
20,95000	54,08
20,96667	54,09
20,98333	54,09
21,00000	54,09
21,01667	54,09
21,03333	54,08
21,05000	54,07
21,06667	54,07
21,08333	54,08
21,10000	54,08
21,11667	54,08
21,13333	54,08
21,15000	54,09
21,16667	54,09
21,18333	54,08
21,20000	54,08
21,21667	54,08
21,23333	54,08
21,25000	54,08
21,26667	54,08
21,28333	54,08
21,30000	54,08
21,31667	54,08
21,33333	54,09
21,35000	54,09
21,36667	54,09
21,38333	54,08
21,40000	54,09
21,41667	54,09
21,43333	54,08
21,45000	54,08
21,46667	54,08
21,48333	54,07
21,50000	54,07
21,51667	54,07
21,53333	54,07
21,55000	54,07
21,56667	54,07
21,58333	54,08
21,60000	54,08
21,61667	54,08
21,63333	54,08
21,65000	54,08
21,66667	54,09
21,68333	54,09
21,70000	54,09
21,71667	54,10
21,73333	54,09
21,75000	54,09
21,76667	54,09
21,78333	54,09
21,80000	54,09
21,81667	54,08
21,83333	54,09
21,85000	54,09
21,86667	54,09
21,88333	54,08
21,90000	54,08
21,91667	54,08
21,93333	54,08
21,95000	54,08
21,96667	54,08
21,98333	54,08
22,00000	54,08
22,01667	54,08
22,03333	54,08
22,05000	54,08
22,06667	54,08
22,08333	54,08
22,10000	54,08
22,11667	54,08
22,13333	54,08
22,15000	54,08
22,16667	54,08
22,18333	54,08
22,20000	54,08
22,21667	54,09
22,23333	54,09
22,25000	54,09
22,26667	54,08
22,28333	54,08
22,30000	54,07
22,31667	54,07
22,33333	54,08
22,35000	54,07
22,36667	54,07
22,38333	54,08
22,40000	54,08
22,41667	54,08
22,43333	54,08
22,45000	54,08
22,46667	54,08
22,48333	54,08
22,50000	54,08
22,51667	54,09
22,53333	54,09
22,55000	54,09
22,56667	54,09
22,58333	54,08
22,60000	54,08
22,61667	54,08
22,63333	54,08
22,65000	54,09
22,66667	54,09
22,68333	54,09
22,70000	54,08
22,71667	54,08
22,73333	54,09
22,75000	54,09
22,76667	54,08
22,78333	54,08
22,80000	54,08
22,81667	54,07
22,83333	54,07
22,85000	54,08
22,86667	54,08
22,88333	54,08
22,90000	54,08
22,91667	54,07
22,93333	54,08
22,95000	54,08
22,96667	54,08
22,98333	54,08
23,00000	54,08
23,01667	54,08
23,03333	54,09
23,05000	54,09
23,06667	54,09
23,08333	54,09
23,10000	54,09
23,11667	54,09
23,13333	54,09
23,15000	54,09
23,16667	54,09
23,18333	54,09
23,20000	54,08
23,21667	54,08
23,23333	54,07
23,25000	54,07
23,26667	54,07
23,28333	54,08
23,30000	54,08
23,31667	54,08
23,33333	54,08
23,35000	54,08
23,36667	54,08
23,38333	54,08
23,40000	54,08
23,41667	54,08
23,43333	54,08
23,45000	54,08
23,46667	54,08
23,48333	54,08
23,50000	54,08
23,51667	54,09
23,53333	54,09
23,55000	54,08
23,56667	54,09
23,58333	54,08
23,60000	54,08
23,61667	54,08
23,63333	54,08
23,65000	54,08
23,66667	54,09
23,68333	54,09
23,70000	54,09
23,71667	54,09
23,73333	54,08
23,75000	54,08
23,76667	54,08
23,78333	54,08
23,80000	54,08
23,81667	54,08
23,83333	54,09
23,85000	54,09
23,86667	54,09
23,88333	54,09
23,90000	54,09
23,91667	54,10
23,93333	54,10
23,95000	54,10
23,96667	54,10
23,98333	54,10
24,00000	54,10
24,01667	54,10
24,03333	54,10
24,05000	54,10
24,06667	54,09
24,08333	54,09
24,10000	54,09
24,11667	54,09
24,13333	54,09
24,15000	54,08
24,16667	54,08
24,18333	54,09
24,20000	54,09
24,21667	54,09
24,23333	54,09
24,25000	54,08
24,26667	54,08
24,28333	54,09
24,30000	54,09
24,31667	54,09
24,33333	54,09
24,35000	54,08
24,36667	54,08
24,38333	54,09
24,40000	54,09
24,41667	54,09
24,43333	54,09
24,45000	54,09
24,46667	54,09
24,48333	54,09
24,50000	54,09
24,51667	54,09
24,53333	54,09
24,55000	54,09
24,56667	54,09
24,58333	54,09
24,60000	54,09
24,61667	54,09
24,63333	54,09
24,65000	54,09
24,66667	54,09
24,68333	54,09
24,70000	54,09
24,71667	54,09
24,73333	54,09
24,75000	54,09
24,76667	54,09
24,78333	54,10
24,80000	54,10
24,81667	54,09
24,83333	54,09
24,85000	54,09
24,86667	54,09
24,88333	54,09
24,90000	54,09
24,91667	54,09
24,93333	54,10
24,95000	54,10
24,96667	54,10
24,98333	54,09
25,00000	54,10
25,01667	54,10
25,03333	54,09
25,05000	54,09
25,06667	54,09
25,08333	54,09
25,10000	54,09
25,11667	54,09
25,13333	54,09
25,15000	54,09
25,16667	54,09
25,18333	54,09
25,20000	54,09
25,21667	54,09
25,23333	54,09
25,25000	54,09
25,26667	54,09
25,28333	54,09
25,30000	54,09
25,31667	54,09
25,33333	54,09
25,35000	54,09
25,36667	54,09
25,38333	54,09
25,40000	54,09
25,41667	54,09
25,43333	54,09
25,45000	54,08
25,46667	54,09
25,48333	54,09
25,50000	54,09
25,51667	54,09
25,53333	54,09
25,55000	54,09
25,56667	54,09
25,58333	54,09
25,60000	54,09
25,61667	54,09
25,63333	54,09
25,65000	54,10
25,66667	54,10
25,68333	54,09
25,70000	54,09
25,71667	54,09
25,73333	54,10
25,75000	54,10
25,76667	54,10
25,78333	54,10
25,80000	54,10
25,81667	54,10
25,83333	54,10
25,85000	54,10
25,86667	54,10
25,88333	54,10
25,90000	54,10
25,91667	54,10
25,93333	54,10
25,95000	54,10
25,96667	54,10
25,98333	54,10
26,00000	54,11
26,01667	54,10
26,03333	54,10
26,05000	54,09
26,06667	54,09
26,08333	54,10
26,10000	54,10
26,11667	54,10
26,13333	54,10
26,15000	54,10
26,16667	54,10
26,18333	54,11
26,20000	54,11
26,21667	54,11
26,23333	54,10
26,25000	54,09
26,26667	54,09
26,28333	54,09
26,30000	54,09
26,31667	54,09
26,33333	54,10
26,35000	54,10
26,36667	54,10
26,38333	54,10
26,40000	54,10
26,41667	54,10
26,43333	54,10
26,45000	54,10
26,46667	54,10
26,48333	54,10
26,50000	54,10
26,51667	54,10
26,53333	54,10
26,55000	54,10
26,56667	54,09
26,58333	54,10
26,60000	54,10
26,61667	54,10
26,63333	54,10
26,65000	54,10
26,66667	54,10
26,68333	54,10
26,70000	54,10
26,71667	54,10
26,73333	54,10
26,75000	54,10
26,76667	54,10
26,78333	54,10
26,80000	54,10
26,81667	54,10
26,83333	54,11
26,85000	54,11
26,86667	54,11
26,88333	54,11
26,90000	54,11
26,91667	54,11
26,93333	54,11
26,95000	54,11
26,96667	54,11
26,98333	54,10
27,00000	54,10
27,01667	54,10
27,03333	54,10
27,05000	54,10
27,06667	54,10
27,08333	54,10
27,10000	54,10
27,11667	54,10
27,13333	54,10
27,15000	54,10
27,16667	54,11
27,18333	54,11
27,20000	54,11
27,21667	54,11
27,23333	54,11
27,25000	54,11
27,26667	54,11
27,28333	54,11
27,30000	54,11
27,31667	54,11
27,33333	54,11
27,35000	54,11
27,36667	54,11
27,38333	54,11
27,40000	54,11
27,41667	54,11
27,43333	54,11
27,45000	54,11
27,46667	54,10
27,48333	54,10
27,50000	54,10
27,51667	54,09
27,53333	54,09
27,55000	54,09
27,56667	54,09
27,58333	54,10
27,60000	54,09
27,61667	54,09
27,63333	54,10
27,65000	54,10
27,66667	54,09
27,68333	54,09
27,70000	54,09
27,71667	54,09
27,73333	54,10
27,75000	54,10
27,76667	54,10
27,78333	54,10
27,80000	54,10
27,81667	54,10
27,83333	54,10
27,85000	54,10
27,86667	54,10
27,88333	54,10
27,90000	54,10
27,91667	54,10
27,93333	54,10
27,95000	54,10
27,96667	54,10
27,98333	54,10
28,00000	54,10
28,01667	54,10
28,03333	54,10
28,05000	54,10
28,06667	54,10
28,08333	54,11
28,10000	54,11
28,11667	54,11
28,13333	54,11
28,15000	54,11
28,16667	54,11
28,18333	54,11
28,20000	54,11
28,21667	54,11
28,23333	54,11
28,25000	54,10
28,26667	54,11
28,28333	54,11
28,30000	54,12
28,31667	54,12
28,33333	54,12
28,35000	54,11
28,36667	54,12
28,38333	54,11
28,40000	54,11
28,41667	54,11
28,43333	54,11
28,45000	54,12
28,46667	54,12
28,48333	54,12
28,50000	54,12
28,51667	54,12
28,53333	54,12
28,55000	54,12
28,56667	54,13
28,58333	54,13
28,60000	54,13
28,61667	54,13
28,63333	54,13
28,65000	54,13
28,66667	54,13
28,68333	54,13
28,70000	54,13
28,71667	54,13
28,73333	54,13
28,75000	54,13
28,76667	54,13
28,78333	54,13
28,80000	54,13
28,81667	54,13
28,83333	54,13
28,85000	54,13
28,86667	54,13
28,88333	54,12
28,90000	54,12
28,91667	54,12
28,93333	54,12
28,95000	54,12
28,96667	54,12
28,98333	54,11
29,00000	54,11
29,01667	54,11
29,03333	54,12
29,05000	54,11
29,06667	54,11
29,08333	54,11
29,10000	54,11
29,11667	54,11
29,13333	54,11
29,15000	54,11
29,16667	54,12
29,18333	54,12
29,20000	54,12
29,21667	54,12
29,23333	54,12
29,25000	54,12
29,26667	54,11
29,28333	54,11
29,30000	54,11
29,31667	54,11
29,33333	54,12
29,35000	54,12
29,36667	54,11
29,38333	54,11
29,40000	54,11
29,41667	54,11
29,43333	54,12
29,45000	54,12
29,46667	54,12
29,48333	54,11
29,50000	54,11
29,51667	54,12
29,53333	54,12
29,55000	54,12
29,56667	54,12
29,58333	54,12
29,60000	54,12
29,61667	54,12
29,63333	54,11
29,65000	54,11
29,66667	54,11
29,68333	54,11
29,70000	54,11
29,71667	54,11
29,73333	54,12
29,75000	54,12
29,76667	54,12
29,78333	54,12
29,80000	54,12
29,81667	54,12
29,83333	54,12
29,85000	54,11
29,86667	54,11
29,88333	54,11
29,90000	54,11
29,91667	54,11
29,93333	54,11
29,95000	54,11
29,96667	54,11
29,98333	54,10
30,00000	54,11
30,01667	54,11
30,03333	54,11
30,05000	54,11
30,06667	54,12
30,08333	54,11
30,10000	54,12
30,11667	54,12
30,13333	54,12
30,15000	54,12
30,16667	54,12
30,18333	54,12
30,20000	54,12
30,21667	54,12
30,23333	54,12
30,25000	54,12
30,26667	54,12
30,28333	54,11
30,30000	54,11
30,31667	54,11
30,33333	54,11
30,35000	54,11
30,36667	54,11
30,38333	54,11
30,40000	54,10
30,41667	54,11
30,43333	54,11
30,45000	54,12
30,46667	54,12
30,48333	54,12
30,50000	54,11
30,51667	54,12
30,53333	54,12
30,55000	54,12
30,56667	54,12
30,58333	54,12
30,60000	54,12
30,61667	54,12
30,63333	54,12
30,65000	54,12
30,66667	54,12
30,68333	54,12
30,70000	54,12
30,71667	54,12
30,73333	54,12
30,75000	54,12
30,76667	54,13
30,78333	54,12
30,80000	54,12
30,81667	54,12
30,83333	54,12
30,85000	54,12
30,86667	54,12
30,88333	54,12
30,90000	54,13
30,91667	54,12
30,93333	54,12
30,95000	54,12
30,96667	54,12
30,98333	54,12
31,00000	54,12
31,01667	54,12
31,03333	54,11
31,05000	54,11
31,06667	54,11
31,08333	54,11
31,10000	54,12
31,11667	54,12
31,13333	54,12
31,15000	54,11
31,16667	54,11
31,18333	54,11
31,20000	54,11
31,21667	54,12
31,23333	54,12
31,25000	54,12
31,26667	54,12
31,28333	54,13
31,30000	54,13
31,31667	54,13
31,33333	54,13
31,35000	54,13
31,36667	54,13
31,38333	54,13
31,40000	54,13
31,41667	54,13
31,43333	54,13
31,45000	54,13
31,46667	54,13
31,48333	54,13
31,50000	54,13
31,51667	54,13
31,53333	54,13
31,55000	54,13
31,56667	54,13
31,58333	54,12
31,60000	54,12
31,61667	54,12
31,63333	54,12
31,65000	54,11
31,66667	54,11
31,68333	54,11
31,70000	54,11
31,71667	54,11
31,73333	54,11
31,75000	54,11
31,76667	54,12
31,78333	54,12
31,80000	54,12
31,81667	54,12
31,83333	54,12
31,85000	54,12
31,86667	54,12
31,88333	54,12
31,90000	54,11
31,91667	54,11
31,93333	54,11
31,95000	54,11
31,96667	54,12
31,98333	54,12
32,00000	54,12

[PDA Multi Chromatogram(Ch1)]
# of Points	      3001
Interval(msec)	640
Start Time(min)	0
End Time(min)	32
Intensity Units	mAU
Intensity Multiplier	1
Type	MultiChrom
Wavelength(nm)	215
Bandwidth(nm)	4
R.Time (min)	Intensity
0,00000	0
0,01067	0
0,02133	-327
0,03200	-648
0,04267	-969
0,05333	-1292
0,06400	-1612
0,07467	-1929
0,08533	-2247
0,09600	-2568
0,10667	-2887
0,11733	-3205
0,12800	-3521
0,13867	-3834
0,14933	-4148
0,16000	-4464
0,17067	-4781
0,18133	-5097
0,19200	-5414
0,20267	-5727
0,21333	-6036
0,22400	-6342
0,23467	-6646
0,24533	-6952
0,25600	-7254
0,26667	-7553
0,27733	-7851
0,28800	-8143
0,29867	-8434
0,30933	-8724
0,32000	-9013
0,33067	-9297
0,34133	-9577
0,35200	-9858
0,36267	-10139
0,37333	-10416
0,38400	-10689
0,39467	-10959
0,40533	-11229
0,41600	-11496
0,42667	-11761
0,43733	-12024
0,44800	-12284
0,45867	-12545
0,46933	-12807
0,48000	-13065
0,49067	-13319
0,50133	-13576
0,51200	-13834
0,52267	-14088
0,53333	-14341
0,54400	-14590
0,55467	-14840
0,56533	-15089
0,57600	-15340
0,58667	-15592
0,59733	-15843
0,60800	-16094
0,61867	-16342
0,62933	-16591
0,64000	-16839
0,65067	-17090
0,66133	-17347
0,67200	-17604
0,68267	-17862
0,69333	-18122
0,70400	-18383
0,71467	-18647
0,72533	-18912
0,73600	-19178
0,74667	-19448
0,75733	-19718
0,76800	-19991
0,77867	-20264
0,78933	-20535
0,80000	-20810
0,81067	-21086
0,82133	-21364
0,83200	-21641
0,84267	-21915
0,85333	-22189
0,86400	-22462
0,87467	-22734
0,88533	-23004
0,89600	-23273
0,90667	-23541
0,91733	-23809
0,92800	-24074
0,93867	-24334
0,94933	-24594
0,96000	-24852
0,97067	-25103
0,98133	-25349
0,99200	-25591
1,00267	-25829
1,01333	-26060
1,02400	-26284
1,03467	-26500
1,04533	-26705
1,05600	-26902
1,06667	-27086
1,07733	-27257
1,08800	-27416
1,09867	-27560
1,10933	-27689
1,12000	-27800
1,13067	-27892
1,14133	-27966
1,15200	-28025
1,16267	-28064
1,17333	-28079
1,18400	-28075
1,19467	-28052
1,20533	-28012
1,21600	-27952
1,22667	-27872
1,23733	-27773
1,24800	-27653
1,25867	-27515
1,26933	-27358
1,28000	-27182
1,29067	-26986
1,30133	-26776
1,31200	-26548
1,32267	-26300
1,33333	-26035
1,34400	-25753
1,35467	-25450
1,36533	-25131
1,37600	-24796
1,38667	-24445
1,39733	-24078
1,40800	-23695
1,41867	-23295
1,42933	-22878
1,44000	-22450
1,45067	-22006
1,46133	-21545
1,47200	-21067
1,48267	-20577
1,49333	-20077
1,50400	-19562
1,51467	-19032
1,52533	-18492
1,53600	-17941
1,54667	-17381
1,55733	-16813
1,56800	-16237
1,57867	-15654
1,58933	-15062
1,60000	-14465
1,61067	-13862
1,62133	-13253
1,63200	-12641
1,64267	-12027
1,65333	-11412
1,66400	-10800
1,67467	-10188
1,68533	-9573
1,69600	-8956
1,70667	-8341
1,71733	-7729
1,72800	-7118
1,73867	-6513
1,74933	-5912
1,76000	-5315
1,77067	-4721
1,78133	-4131
1,79200	-3546
1,80267	-2967
1,81333	-2395
1,82400	-1827
1,83467	-1268
1,84533	-715
1,85600	-170
1,86667	369
1,87733	902
1,88800	1427
1,89867	1946
1,90933	2456
1,92000	2957
1,93067	3449
1,94133	3935
1,95200	4412
1,96267	4882
1,97333	5340
1,98400	5789
1,99467	6233
2,00533	6669
2,01600	7095
2,02667	7512
2,03733	7924
2,04800	8326
2,05867	8719
2,06933	9104
2,08000	9479
2,09067	9844
2,10133	10199
2,11200	10546
2,12267	10885
2,13333	11214
2,14400	11534
2,15467	11847
2,16533	12150
2,17600	12447
2,18667	12738
2,19733	13021
2,20800	13298
2,21867	13569
2,22933	13832
2,24000	14090
2,25067	14342
2,26133	14586
2,27200	14825
2,28267	15063
2,29333	15295
2,30400	15520
2,31467	15743
2,32533	15962
2,33600	16175
2,34667	16385
2,35733	16590
2,36800	16787
2,37867	16979
2,38933	17169
2,40000	17355
2,41067	17535
2,42133	17714
2,43200	17890
2,44267	18064
2,45333	18234
2,46400	18400
2,47467	18566
2,48533	18730
2,49600	18889
2,50667	19046
2,51733	19204
2,52800	19357
2,53867	19509
2,54933	19660
2,56000	19809
2,57067	19955
2,58133	20095
2,59200	20230
2,60267	20365
2,61333	20499
2,62400	20630
2,63467	20756
2,64533	20879
2,65600	21001
2,66667	21123
2,67733	21243
2,68800	21358
2,69867	21471
2,70933	21581
2,72000	21690
2,73067	21800
2,74133	21909
2,75200	22017
2,76267	22124
2,77333	22229
2,78400	22332
2,79467	22435
2,80533	22538
2,81600	22637
2,82667	22734
2,83733	22830
2,84800	22925
2,85867	23018
2,86933	23112
2,88000	23200
2,89067	23284
2,90133	23368
2,91200	23453
2,92267	23536
2,93333	23617
2,94400	23696
2,95467	23776
2,96533	23853
2,97600	23930
2,98667	24008
2,99733	24083
3,00800	24158
3,01867	24235
3,02933	24310
3,04000	24384
3,05067	24461
3,06133	24540
3,07200	24617
3,08267	24692
3,09333	24766
3,10400	24843
3,11467	24919
3,12533	24991
3,13600	25064
3,14667	25138
3,15733	25209
3,16800	25278
3,17867	25347
3,18933	25413
3,20000	25478
3,21067	25547
3,22133	25615
3,23200	25683
3,24267	25749
3,25333	25814
3,26400	25882
3,27467	25950
3,28533	26015
3,29600	26081
3,30667	26146
3,31733	26211
3,32800	26274
3,33867	26336
3,34933	26397
3,36000	26459
3,37067	26518
3,38133	26579
3,39200	26637
3,40267	26691
3,41333	26750
3,42400	26811
3,43467	26870
3,44533	26930
3,45600	26989
3,46667	27047
3,47733	27104
3,48800	27163
3,49867	27222
3,50933	27280
3,52000	27341
3,53067	27400
3,54133	27458
3,55200	27516
3,56267	27570
3,57333	27601
3,58400	27572
3,59467	27414
3,60533	27034
3,61600	26353
3,62667	25324
3,63733	23941
3,64800	22255
3,65867	20366
3,66933	18427
3,68000	16646
3,69067	15330
3,70133	15056
3,71200	17053
3,72267	23354
3,73333	35717
3,74400	53503
3,75467	72859
3,76533	88918
3,77600	98867
3,78667	102797
3,79733	102408
3,80800	99576
3,81867	95638
3,82933	91229
3,84000	86414
3,85067	81043
3,86133	75159
3,87200	69099
3,88267	63273
3,89333	57990
3,90400	53425
3,91467	49648
3,92533	46655
3,93600	44407
3,94667	42839
3,95733	41876
3,96800	41439
3,97867	41446
3,98933	41806
4,00000	42403
4,01067	43115
4,02133	43824
4,03200	44439
4,04267	44916
4,05333	45268
4,06400	45488
4,07467	44185
4,08533	35502
4,09600	13627
4,10667	-19541
4,11733	-56770
4,12800	-91922
4,13867	-122252
4,14933	-146478
4,16000	-163693
4,17067	-174779
4,18133	-182633
4,19200	-190291
4,20267	-198795
4,21333	-207002
4,22400	-212181
4,23467	-207463
4,24533	-182950
4,25600	-108950
4,26667	156933
4,27733	635324
4,28800	1058131
4,29867	1281250
4,30933	1359266
4,32000	1334763
4,33067	1236460
4,34133	1090822
4,35200	921495
4,36267	746597
4,37333	578176
4,38400	425144
4,39467	293655
4,40533	186283
4,41600	102954
4,42667	41082
4,43733	-3773
4,44800	-36279
4,45867	-60340
4,46933	-78814
4,48000	-93610
4,49067	-105900
4,50133	-116346
4,51200	-125243
4,52267	-132651
4,53333	-138600
4,54400	-143216
4,55467	-146708
4,56533	-149318
4,57600	-151284
4,58667	-152808
4,59733	-154040
4,60800	-155079
4,61867	-155975
4,62933	-156752
4,64000	-157424
4,65067	-157999
4,66133	-158484
4,67200	-158888
4,68267	-159222
4,69333	-159497
4,70400	-159729
4,71467	-159933
4,72533	-160121
4,73600	-160300
4,74667	-160477
4,75733	-160654
4,76800	-160834
4,77867	-161020
4,78933	-161213
4,80000	-161413
4,81067	-161627
4,82133	-161855
4,83200	-162103
4,84267	-162373
4,85333	-162669
4,86400	-162993
4,87467	-163341
4,88533	-163709
4,89600	-164086
4,90667	-164465
4,91733	-164842
4,92800	-165217
4,93867	-165583
4,94933	-165938
4,96000	-166276
4,97067	-166588
4,98133	-166867
4,99200	-167106
5,00267	-167317
5,01333	-163869
5,02400	-45254
5,03467	445293
5,04533	1132124
5,05600	1633006
5,06667	1934787
5,07733	2110535
5,08800	2206176
5,09867	2247483
5,10933	2248050
5,12000	2219774
5,13067	2176148
5,14133	2130378
5,15200	2091751
5,16267	2062862
5,17333	2042688
5,18400	2029329
5,19467	2020763
5,20533	2015715
5,21600	2013139
5,22667	2012162
5,23733	2012692
5,24800	2014314
5,25867	2016687
5,26933	2019806
5,28000	2023459
5,29067	2027248
5,30133	2031110
5,31200	2035052
5,32267	2038888
5,33333	2042586
5,34400	2045885
5,35467	2048540
5,36533	2050636
5,37600	2052271
5,38667	2053311
5,39733	2053904
5,40800	2054066
5,41867	2053646
5,42933	2052879
5,44000	2052001
5,45067	2050926
5,46133	2049693
5,47200	2048329
5,48267	2046979
5,49333	2045684
5,50400	2044701
5,51467	2044058
5,52533	2043683
5,53600	2043859
5,54667	2044548
5,55733	2045631
5,56800	2047244
5,57867	2049629
5,58933	2052477
5,60000	2055457
5,61067	2058873
5,62133	2062833
5,63200	2067083
5,64267	2071377
5,65333	2075783
5,66400	2080407
5,67467	2084893
5,68533	2089246
5,69600	2093545
5,70667	2098038
5,71733	2106823
5,72800	2127658
5,73867	2165095
5,74933	2212211
5,76000	2254470
5,77067	2283995
5,78133	2300997
5,79200	2307998
5,80267	2308190
5,81333	2303992
5,82400	2296387
5,83467	2285409
5,84533	2270364
5,85600	2249944
5,86667	2223596
5,87733	2191331
5,88800	2153540
5,89867	2110947
5,90933	2063690
5,92000	2011976
5,93067	1956095
5,94133	1896280
5,95200	1832882
5,96267	1766613
5,97333	1698120
5,98400	1627999
5,99467	1556841
6,00533	1484924
6,01600	1412589
6,02667	1340187
6,03733	1267979
6,04800	1196444
6,05867	1126246
6,06933	1058043
6,08000	992515
6,09067	930264
6,10133	871748
6,11200	817180
6,12267	766546
6,13333	719747
6,14400	676575
6,15467	636774
6,16533	600067
6,17600	566194
6,18667	534932
6,19733	506057
6,20800	479374
6,21867	454721
6,22933	431940
6,24000	410887
6,25067	391431
6,26133	373454
6,27200	356842
6,28267	341492
6,29333	327298
6,30400	314166
6,31467	302009
6,32533	290745
6,33600	280301
6,34667	270597
6,35733	261574
6,36800	253174
6,37867	245342
6,38933	238027
6,40000	231193
6,41067	224796
6,42133	218792
6,43200	213149
6,44267	207839
6,45333	202837
6,46400	198117
6,47467	193660
6,48533	189445
6,49600	185450
6,50667	181659
6,51733	178060
6,52800	174635
6,53867	171373
6,54933	168267
6,56000	165308
6,57067	162481
6,58133	159774
6,59200	157184
6,60267	154707
6,61333	152330
6,62400	150047
6,63467	147855
6,64533	145751
6,65600	143724
6,66667	141776
6,67733	139903
6,68800	138100
6,69867	136363
6,70933	134688
6,72000	133079
6,73067	131529
6,74133	130032
6,75200	128589
6,76267	127195
6,77333	125851
6,78400	124557
6,79467	123307
6,80533	122101
6,81600	120946
6,82667	119837
6,83733	118772
6,84800	117754
6,85867	116789
6,86933	115883
6,88000	115045
6,89067	114272
6,90133	113549
6,91200	112853
6,92267	112163
6,93333	111469
6,94400	110772
6,95467	110082
6,96533	109400
6,97600	108717
6,98667	108033
6,99733	107348
7,00800	106661
7,01867	105985
7,02933	105326
7,04000	104684
7,05067	104059
7,06133	103448
7,07200	102839
7,08267	102218
7,09333	101581
7,10400	101225
7,11467	117683
7,12533	252171
7,13600	596952
7,14667	1014531
7,15733	1338550
7,16800	1559756
7,17867	1703616
7,18933	1794028
7,20000	1849424
7,21067	1882155
7,22133	1900052
7,23200	1908081
7,24267	1909164
7,25333	1904931
7,26400	1896200
7,27467	1883749
7,28533	1868004
7,29600	1848970
7,30667	1826662
7,31733	1800712
7,32800	1770521
7,33867	1735142
7,34933	1693198
7,36000	1642591
7,37067	1580760
7,38133	1505273
7,39200	1414332
7,40267	1308169
7,41333	1189680
7,42400	1063984
7,43467	937206
7,44533	815119
7,45600	702156
7,46667	601056
7,47733	512964
7,48800	437832
7,49867	374847
7,50933	322773
7,52000	280234
7,53067	245854
7,54133	218337
7,55200	196507
7,56267	179319
7,57333	165861
7,58400	155349
7,59467	147136
7,60533	140690
7,61600	135584
7,62667	131484
7,63733	128136
7,64800	125346
7,65867	122979
7,66933	120929
7,68000	119121
7,69067	117503
7,70133	116038
7,71200	114696
7,72267	113455
7,73333	112302
7,74400	111227
7,75467	110220
7,76533	109269
7,77600	108368
7,78667	107513
7,79733	106701
7,80800	105928
7,81867	105195
7,82933	104496
7,84000	103826
7,85067	103189
7,86133	102581
7,87200	102000
7,88267	101445
7,89333	100911
7,90400	100395
7,91467	99897
7,92533	99416
7,93600	98951
7,94667	98497
7,95733	98056
7,96800	97629
7,97867	97216
7,98933	96815
8,00000	96423
8,01067	96041
8,02133	95670
8,03200	95308
8,04267	94957
8,05333	94617
8,06400	94285
8,07467	93959
8,08533	93641
8,09600	93329
8,10667	93023
8,11733	92722
8,12800	92423
8,13867	92122
8,14933	91821
8,16000	91524
8,17067	91229
8,18133	90936
8,19200	90647
8,20267	90360
8,21333	90079
8,22400	89804
8,23467	89532
8,24533	89265
8,25600	89003
8,26667	88743
8,27733	88483
8,28800	88226
8,29867	87972
8,30933	87722
8,32000	87474
8,33067	87229
8,34133	86988
8,35200	86750
8,36267	86515
8,37333	86284
8,38400	86052
8,39467	85823
8,40533	85600
8,41600	85378
8,42667	85154
8,43733	84933
8,44800	84718
8,45867	84504
8,46933	84294
8,48000	84085
8,49067	83880
8,50133	83676
8,51200	83473
8,52267	83279
8,53333	83089
8,54400	82899
8,55467	82712
8,56533	82525
8,57600	82342
8,58667	82165
8,59733	81991
8,60800	81816
8,61867	81641
8,62933	81467
8,64000	81301
8,65067	81135
8,66133	80968
8,67200	80804
8,68267	80643
8,69333	80480
8,70400	80317
8,71467	80157
8,72533	79996
8,73600	79834
8,74667	79674
8,75733	79514
8,76800	79353
8,77867	79194
8,78933	79037
8,80000	78884
8,81067	78735
8,82133	78587
8,83200	78442
8,84267	78298
8,85333	78160
8,86400	78026
8,87467	77895
8,88533	77768
8,89600	77645
8,90667	77526
8,91733	77409
8,92800	77298
8,93867	77192
8,94933	77089
8,96000	76991
8,97067	76893
8,98133	76798
8,99200	76705
9,00267	76614
9,01333	76528
9,02400	76442
9,03467	76352
9,04533	76262
9,05600	76174
9,06667	76088
9,07733	76005
9,08800	75921
9,09867	75838
9,10933	75756
9,12000	75673
9,13067	75590
9,14133	75510
9,15200	75437
9,16267	75365
9,17333	75292
9,18400	75220
9,19467	75148
9,20533	75079
9,21600	75011
9,22667	74946
9,23733	74879
9,24800	74813
9,25867	74747
9,26933	74680
9,28000	74617
9,29067	74554
9,30133	74487
9,31200	74417
9,32267	74349
9,33333	74280
9,34400	74211
9,35467	74142
9,36533	74070
9,37600	73995
9,38667	73920
9,39733	73850
9,40800	73780
9,41867	73710
9,42933	73642
9,44000	73576
9,45067	73517
9,46133	73479
9,47200	73472
9,48267	73507
9,49333	73593
9,50400	73734
9,51467	73926
9,52533	74147
9,53600	74366
9,54667	74540
9,55733	74633
9,56800	74623
9,57867	74503
9,58933	74287
9,60000	74010
9,61067	73703
9,62133	73395
9,63200	73103
9,64267	72842
9,65333	72619
9,66400	72428
9,67467	72266
9,68533	72133
9,69600	72020
9,70667	71920
9,71733	71828
9,72800	71748
9,73867	71675
9,74933	71605
9,76000	71542
9,77067	71487
9,78133	71436
9,79200	71394
9,80267	71364
9,81333	71345
9,82400	71341
9,83467	71356
9,84533	71389
9,85600	71437
9,86667	71494
9,87733	71556
9,88800	71620
9,89867	71678
9,90933	71724
9,92000	71761
9,93067	71797
9,94133	71869
9,95200	72071
9,96267	72586
9,97333	73713
9,98400	75841
9,99467	79306
10,00533	84194
10,01600	90134
10,02667	96257
10,03733	101405
10,04800	104537
10,05867	105130
10,06933	103329
10,08000	99808
10,09067	95447
10,10133	91014
10,11200	87000
10,12267	83612
10,13333	80863
10,14400	78664
10,15467	76897
10,16533	75456
10,17600	74261
10,18667	73260
10,19733	72407
10,20800	71681
10,21867	71062
10,22933	70538
10,24000	70101
10,25067	69742
10,26133	69462
10,27200	69263
10,28267	69145
10,29333	69117
10,30400	69199
10,31467	69423
10,32533	69843
10,33600	70555
10,34667	71720
10,35733	73592
10,36800	76554
10,37867	81151
10,38933	88118
10,40000	98378
10,41067	113038
10,42133	133347
10,43200	160606
10,44267	196049
10,45333	240647
10,46400	294830
10,47467	358182
10,48533	429172
10,49600	505001
10,50667	581671
10,51733	654353
10,52800	717899
10,53867	767474
10,54933	799206
10,56000	810655
10,57067	801177
10,58133	772011
10,59200	726147
10,60267	667916
10,61333	602293
10,62400	534180
10,63467	467716
10,64533	405884
10,65600	350442
10,66667	302070
10,67733	260661
10,68800	225641
10,69867	196236
10,70933	171645
10,72000	151141
10,73067	134101
10,74133	120007
10,75200	108425
10,76267	98991
10,77333	91381
10,78400	85308
10,79467	80521
10,80533	76788
10,81600	73916
10,82667	71733
10,83733	70092
10,84800	68867
10,85867	67964
10,86933	67300
10,88000	66810
10,89067	66449
10,90133	66179
10,91200	65975
10,92267	65813
10,93333	65680
10,94400	65568
10,95467	65471
10,96533	65389
10,97600	65318
10,98667	65256
10,99733	65199
11,00800	65145
11,01867	65093
11,02933	65044
11,04000	64999
11,05067	64955
11,06133	64912
11,07200	64873
11,08267	64832
11,09333	64792
11,10400	64753
11,11467	64716
11,12533	64681
11,13600	64643
11,14667	64607
11,15733	64573
11,16800	64538
11,17867	64503
11,18933	64467
11,20000	64437
11,21067	64414
11,22133	64397
11,23200	64381
11,24267	64371
11,25333	64372
11,26400	64374
11,27467	64376
11,28533	64378
11,29600	64376
11,30667	64367
11,31733	64353
11,32800	64331
11,33867	64302
11,34933	64268
11,36000	64231
11,37067	64192
11,38133	64146
11,39200	64097
11,40267	64053
11,41333	64009
11,42400	63964
11,43467	63923
11,44533	63885
11,45600	63850
11,46667	63819
11,47733	63786
11,48800	63756
11,49867	63731
11,50933	63706
11,52000	63682
11,53067	63663
11,54133	63646
11,55200	63638
11,56267	63634
11,57333	63632
11,58400	63639
11,59467	63648
11,60533	63654
11,61600	63654
11,62667	63645
11,63733	63626
11,64800	63595
11,65867	63557
11,66933	63518
11,68000	63478
11,69067	63438
11,70133	63403
11,71200	63368
11,72267	63335
11,73333	63304
11,74400	63275
11,75467	63245
11,76533	63213
11,77600	63183
11,78667	63153
11,79733	63124
11,80800	63100
11,81867	63081
11,82933	63065
11,84000	63050
11,85067	63030
11,86133	63011
11,87200	62995
11,88267	62983
11,89333	62977
11,90400	62978
11,91467	62989
11,92533	63024
11,93600	63093
11,94667	63202
11,95733	63358
11,96800	63558
11,97867	63787
11,98933	64031
12,00000	64268
12,01067	64472
12,02133	64627
12,03200	64718
12,04267	64743
12,05333	64696
12,06400	64584
12,07467	64422
12,08533	64224
12,09600	64007
12,10667	63789
12,11733	63580
12,12800	63391
12,13867	63228
12,14933	63088
12,16000	62969
12,17067	62869
12,18133	62783
12,19200	62711
12,20267	62647
12,21333	62590
12,22400	62541
12,23467	62498
12,24533	62460
12,25600	62430
12,26667	62404
12,27733	62383
12,28800	62366
12,29867	62350
12,30933	62334
12,32000	62320
12,33067	62308
12,34133	62297
12,35200	62287
12,36267	62277
12,37333	62265
12,38400	62254
12,39467	62245
12,40533	62238
12,41600	62235
12,42667	62236
12,43733	62235
12,44800	62232
12,45867	62227
12,46933	62216
12,48000	62193
12,49067	62161
12,50133	62122
12,51200	62072
12,52267	62012
12,53333	61945
12,54400	61875
12,55467	61802
12,56533	61729
12,57600	61665
12,58667	61622
12,59733	61606
12,60800	61624
12,61867	61683
12,62933	61769
12,64000	61863
12,65067	61939
12,66133	61969
12,67200	61934
12,68267	61823
12,69333	61647
12,70400	61422
12,71467	61164
12,72533	60892
12,73600	60623
12,74667	60365
12,75733	60121
12,76800	59891
12,77867	59670
12,78933	59454
12,80000	59246
12,81067	59049
12,82133	58857
12,83200	58672
12,84267	58490
12,85333	58312
12,86400	58140
12,87467	57969
12,88533	57806
12,89600	57652
12,90667	57504
12,91733	57360
12,92800	57221
12,93867	57092
12,94933	56968
12,96000	56852
12,97067	56745
12,98133	56645
12,99200	56551
13,00267	56465
13,01333	56385
13,02400	56316
13,03467	56256
13,04533	56201
13,05600	56147
13,06667	56090
13,07733	56028
13,08800	55961
13,09867	55888
13,10933	55807
13,12000	55723
13,13067	55639
13,14133	55560
13,15200	55488
13,16267	55426
13,17333	55374
13,18400	55325
13,19467	55280
13,20533	55240
13,21600	55198
13,22667	55155
13,23733	55115
13,24800	55073
13,25867	55032
13,26933	54995
13,28000	54959
13,29067	54926
13,30133	54896
13,31200	54874
13,32267	54861
13,33333	54851
13,34400	54841
13,35467	54830
13,36533	54814
13,37600	54790
13,38667	54762
13,39733	54725
13,40800	54682
13,41867	54637
13,42933	54593
13,44000	54549
13,45067	54505
13,46133	54468
13,47200	54433
13,48267	54400
13,49333	54372
13,50400	54347
13,51467	54326
13,52533	54307
13,53600	54288
13,54667	54274
13,55733	54262
13,56800	54249
13,57867	54235
13,58933	54222
13,60000	54209
13,61067	54194
13,62133	54180
13,63200	54167
13,64267	54153
13,65333	54143
13,66400	54135
13,67467	54130
13,68533	54128
13,69600	54131
13,70667	54141
13,71733	54158
13,72800	54182
13,73867	54215
13,74933	54257
13,76000	54305
13,77067	54357
13,78133	54410
13,79200	54456
13,80267	54493
13,81333	54517
13,82400	54518
13,83467	54501
13,84533	54466
13,85600	54417
13,86667	54358
13,87733	54294
13,88800	54228
13,89867	54165
13,90933	54107
13,92000	54057
13,93067	54015
13,94133	53978
13,95200	53947
13,96267	53922
13,97333	53904
13,98400	53889
13,99467	53876
14,00533	53867
14,01600	53860
14,02667	53858
14,03733	53857
14,04800	53859
14,05867	53862
14,06933	53864
14,08000	53866
14,09067	53868
14,10133	53868
14,11200	53868
14,12267	53867
14,13333	53866
14,14400	53863
14,15467	53858
14,16533	53850
14,17600	53842
14,18667	53831
14,19733	53819
14,20800	53806
14,21867	53791
14,22933	53774
14,24000	53756
14,25067	53738
14,26133	53719
14,27200	53700
14,28267	53681
14,29333	53664
14,30400	53648
14,31467	53632
14,32533	53618
14,33600	53605
14,34667	53594
14,35733	53584
14,36800	53573
14,37867	53564
14,38933	53555
14,40000	53547
14,41067	53542
14,42133	53536
14,43200	53529
14,44267	53527
14,45333	53528
14,46400	53526
14,47467	53524
14,48533	53521
14,49600	53517
14,50667	53514
14,51733	53507
14,52800	53505
14,53867	53505
14,54933	53502
14,56000	53498
14,57067	53493
14,58133	53490
14,59200	53486
14,60267	53482
14,61333	53478
14,62400	53473
14,63467	53467
14,64533	53460
14,65600	53454
14,66667	53447
14,67733	53439
14,68800	53432
14,69867	53428
14,70933	53421
14,72000	53414
14,73067	53408
14,74133	53403
14,75200	53400
14,76267	53395
14,77333	53391
14,78400	53388
14,79467	53383
14,80533	53376
14,81600	53372
14,82667	53370
14,83733	53368
14,84800	53365
14,85867	53364
14,86933	53362
14,88000	53359
14,89067	53357
14,90133	53356
14,91200	53351
14,92267	53344
14,93333	53333
14,94400	53321
14,95467	53306
14,96533	53292
14,97600	53278
14,98667	53263
14,99733	53252
15,00800	53241
15,01867	53229
15,02933	53219
15,04000	53209
15,05067	53201
15,06133	53197
15,07200	53195
15,08267	53191
15,09333	53190
15,10400	53191
15,11467	53190
15,12533	53192
15,13600	53190
15,14667	53189
15,15733	53187
15,16800	53185
15,17867	53181
15,18933	53175
15,20000	53172
15,21067	53169
15,22133	53168
15,23200	53170
15,24267	53173
15,25333	53176
15,26400	53179
15,27467	53186
15,28533	53194
15,29600	53200
15,30667	53207
15,31733	53212
15,32800	53218
15,33867	53223
15,34933	53226
15,36000	53226
15,37067	53225
15,38133	53222
15,39200	53215
15,40267	53204
15,41333	53190
15,42400	53169
15,43467	53143
15,44533	53115
15,45600	53084
15,46667	53052
15,47733	53015
15,48800	52975
15,49867	52933
15,50933	52884
15,52000	52834
15,53067	52787
15,54133	52737
15,55200	52684
15,56267	52628
15,57333	52570
15,58400	52509
15,59467	52448
15,60533	52387
15,61600	52325
15,62667	52259
15,63733	52191
15,64800	52121
15,65867	52049
15,66933	51977
15,68000	51904
15,69067	51833
15,70133	51762
15,71200	51690
15,72267	51620
15,73333	51554
15,74400	51488
15,75467	51424
15,76533	51359
15,77600	51297
15,78667	51236
15,79733	51176
15,80800	51115
15,81867	51059
15,82933	51004
15,84000	50948
15,85067	50894
15,86133	50842
15,87200	50791
15,88267	50740
15,89333	50693
15,90400	50648
15,91467	50601
15,92533	50556
15,93600	50514
15,94667	50472
15,95733	50428
15,96800	50387
15,97867	50350
15,98933	50313
16,00000	50278
16,01067	50245
16,02133	50213
16,03200	50183
16,04267	50154
16,05333	50127
16,06400	50101
16,07467	50075
16,08533	50053
16,09600	50033
16,10667	50012
16,11733	49993
16,12800	49972
16,13867	49954
16,14933	49938
16,16000	49924
16,17067	49907
16,18133	49890
16,19200	49876
16,20267	49866
16,21333	49856
16,22400	49844
16,23467	49834
16,24533	49825
16,25600	49814
16,26667	49801
16,27733	49788
16,28800	49776
16,29867	49765
16,30933	49755
16,32000	49742
16,33067	49729
16,34133	49717
16,35200	49706
16,36267	49692
16,37333	49677
16,38400	49665
16,39467	49654
16,40533	49644
16,41600	49634
16,42667	49623
16,43733	49613
16,44800	49603
16,45867	49590
16,46933	49580
16,48000	49571
16,49067	49563
16,50133	49553
16,51200	49544
16,52267	49534
16,53333	49525
16,54400	49516
16,55467	49508
16,56533	49500
16,57600	49491
16,58667	49480
16,59733	49469
16,60800	49460
16,61867	49455
16,62933	49450
16,64000	49449
16,65067	49451
16,66133	49450
16,67200	49447
16,68267	49442
16,69333	49440
16,70400	49442
16,71467	49442
16,72533	49438
16,73600	49431
16,74667	49424
16,75733	49414
16,76800	49403
16,77867	49392
16,78933	49378
16,80000	49364
16,81067	49346
16,82133	49328
16,83200	49311
16,84267	49293
16,85333	49277
16,86400	49264
16,87467	49249
16,88533	49233
16,89600	49218
16,90667	49202
16,91733	49188
16,92800	49175
16,93867	49159
16,94933	49144
16,96000	49130
16,97067	49114
16,98133	49099
16,99200	49085
17,00267	49070
17,01333	49058
17,02400	49042
17,03467	49027
17,04533	49018
17,05600	49008
17,06667	48996
17,07733	48984
17,08800	48973
17,09867	48965
17,10933	48957
17,12000	48949
17,13067	48942
17,14133	48937
17,15200	48931
17,16267	48925
17,17333	48921
17,18400	48916
17,19467	48913
17,20533	48908
17,21600	48903
17,22667	48896
17,23733	48893
17,24800	48891
17,25867	48887
17,26933	48884
17,28000	48882
17,29067	48878
17,30133	48875
17,31200	48874
17,32267	48874
17,33333	48875
17,34400	48875
17,35467	48870
17,36533	48865
17,37600	48862
17,38667	48857
17,39733	48847
17,40800	48836
17,41867	48826
17,42933	48818
17,44000	48808
17,45067	48796
17,46133	48786
17,47200	48779
17,48267	48772
17,49333	48764
17,50400	48755
17,51467	48746
17,52533	48737
17,53600	48729
17,54667	48722
17,55733	48715
17,56800	48708
17,57867	48702
17,58933	48698
17,60000	48695
17,61067	48689
17,62133	48683
17,63200	48680
17,64267	48676
17,65333	48672
17,66400	48670
17,67467	48668
17,68533	48668
17,69600	48674
17,70667	48682
17,71733	48694
17,72800	48717
17,73867	48752
17,74933	48803
17,76000	48879
17,77067	48989
17,78133	49140
17,79200	49340
17,80267	49602
17,81333	49934
17,82400	50348
17,83467	50853
17,84533	51446
17,85600	52128
17,86667	52898
17,87733	53744
17,88800	54655
17,89867	55613
17,90933	56600
17,92000	57598
17,93067	58586
17,94133	59547
17,95200	60475
17,96267	61353
17,97333	62177
17,98400	62941
17,99467	63648
18,00533	64308
18,01600	64921
18,02667	65493
18,03733	66032
18,04800	66536
18,05867	67010
18,06933	67451
18,08000	67853
18,09067	68208
18,10133	68503
18,11200	68718
18,12267	68834
18,13333	68828
18,14400	68681
18,15467	68378
18,16533	67910
18,17600	67277
18,18667	66481
18,19733	65543
18,20800	64492
18,21867	63353
18,22933	62161
18,24000	60950
18,25067	59752
18,26133	58596
18,27200	57502
18,28267	56486
18,29333	55558
18,30400	54719
18,31467	53971
18,32533	53312
18,33600	52731
18,34667	52220
18,35733	51772
18,36800	51383
18,37867	51044
18,38933	50750
18,40000	50495
18,41067	50275
18,42133	50086
18,43200	49923
18,44267	49781
18,45333	49664
18,46400	49567
18,47467	49486
18,48533	49418
18,49600	49360
18,50667	49314
18,51733	49281
18,52800	49258
18,53867	49239
18,54933	49225
18,56000	49215
18,57067	49208
18,58133	49205
18,59200	49204
18,60267	49205
18,61333	49208
18,62400	49211
18,63467	49216
18,64533	49223
18,65600	49229
18,66667	49236
18,67733	49242
18,68800	49247
18,69867	49252
18,70933	49257
18,72000	49265
18,73067	49277
18,74133	49294
18,75200	49316
18,76267	49344
18,77333	49380
18,78400	49421
18,79467	49473
18,80533	49536
18,81600	49607
18,82667	49684
18,83733	49769
18,84800	49861
18,85867	49957
18,86933	50048
18,88000	50134
18,89067	50211
18,90133	50276
18,91200	50326
18,92267	50355
18,93333	50367
18,94400	50361
18,95467	50335
18,96533	50287
18,97600	50222
18,98667	50147
18,99733	50062
19,00800	49969
19,01867	49875
19,02933	49776
19,04000	49677
19,05067	49584
19,06133	49492
19,07200	49405
19,08267	49323
19,09333	49246
19,10400	49175
19,11467	49108
19,12533	49042
19,13600	48981
19,14667	48926
19,15733	48877
19,16800	48834
19,17867	48792
19,18933	48753
19,20000	48716
19,21067	48681
19,22133	48650
19,23200	48622
19,24267	48596
19,25333	48573
19,26400	48554
19,27467	48537
19,28533	48523
19,29600	48511
19,30667	48500
19,31733	48491
19,32800	48482
19,33867	48471
19,34933	48463
19,36000	48456
19,37067	48448
19,38133	48439
19,39200	48430
19,40267	48422
19,41333	48415
19,42400	48409
19,43467	48405
19,44533	48398
19,45600	48391
19,46667	48386
19,47733	48378
19,48800	48368
19,49867	48355
19,50933	48347
19,52000	48338
19,53067	48327
19,54133	48318
19,55200	48310
19,56267	48298
19,57333	48284
19,58400	48274
19,59467	48265
19,60533	48258
19,61600	48250
19,62667	48240
19,63733	48232
19,64800	48227
19,65867	48221
19,66933	48216
19,68000	48210
19,69067	48206
19,70133	48202
19,71200	48198
19,72267	48194
19,73333	48189
19,74400	48186
19,75467	48183
19,76533	48176
19,77600	48169
19,78667	48163
19,79733	48158
19,80800	48155
19,81867	48151
19,82933	48145
19,84000	48139
19,85067	48134
19,86133	48129
19,87200	48122
19,88267	48118
19,89333	48117
19,90400	48114
19,91467	48110
19,92533	48104
19,93600	48098
19,94667	48094
19,95733	48088
19,96800	48080
19,97867	48073
19,98933	48065
20,00000	48058
20,01067	48050
20,02133	48040
20,03200	48030
20,04267	48022
20,05333	48015
20,06400	48006
20,07467	47996
20,08533	47986
20,09600	47976
20,10667	47966
20,11733	47958
20,12800	47951
20,13867	47943
20,14933	47934
20,16000	47929
20,17067	47922
20,18133	47916
20,19200	47912
20,20267	47906
20,21333	47900
20,22400	47896
20,23467	47895
20,24533	47890
20,25600	47885
20,26667	47887
20,27733	47890
20,28800	47892
20,29867	47893
20,30933	47897
20,32000	47904
20,33067	47914
20,34133	47928
20,35200	47945
20,36267	47965
20,37333	47995
20,38400	48029
20,39467	48069
20,40533	48116
20,41600	48170
20,42667	48229
20,43733	48294
20,44800	48368
20,45867	48451
20,46933	48543
20,48000	48644
20,49067	48750
20,50133	48864
20,51200	48988
20,52267	49123
20,53333	49264
20,54400	49413
20,55467	49568
20,56533	49734
20,57600	49905
20,58667	50077
20,59733	50255
20,60800	50439
20,61867	50630
20,62933	50824
20,64000	51020
20,65067	51220
20,66133	51421
20,67200	51622
20,68267	51826
20,69333	52031
20,70400	52234
20,71467	52432
20,72533	52629
20,73600	52826
20,74667	53021
20,75733	53213
20,76800	53401
20,77867	53584
20,78933	53762
20,80000	53934
20,81067	54104
20,82133	54271
20,83200	54432
20,84267	54589
20,85333	54740
20,86400	54886
20,87467	55028
20,88533	55164
20,89600	55290
20,90667	55414
20,91733	55532
20,92800	55642
20,93867	55750
20,94933	55857
20,96000	55957
20,97067	56052
20,98133	56141
20,99200	56224
21,00267	56305
21,01333	56380
21,02400	56454
21,03467	56526
21,04533	56591
21,05600	56654
21,06667	56715
21,07733	56776
21,08800	56834
21,09867	56888
21,10933	56938
21,12000	56987
21,13067	57038
21,14133	57086
21,15200	57135
21,16267	57182
21,17333	57227
21,18400	57271
21,19467	57314
21,20533	57354
21,21600	57393
21,22667	57430
21,23733	57468
21,24800	57509
21,25867	57544
21,26933	57579
21,28000	57614
21,29067	57646
21,30133	57675
21,31200	57701
21,32267	57726
21,33333	57753
21,34400	57781
21,35467	57806
21,36533	57825
21,37600	57843
21,38667	57863
21,39733	57885
21,40800	57903
21,41867	57921
21,42933	57939
21,44000	57959
21,45067	57979
21,46133	57996
21,47200	58015
21,48267	58036
21,49333	58056
21,50400	58077
21,51467	58100
21,52533	58122
21,53600	58143
21,54667	58167
21,55733	58191
21,56800	58217
21,57867	58242
21,58933	58268
21,60000	58295
21,61067	58324
21,62133	58354
21,63200	58381
21,64267	58408
21,65333	58437
21,66400	58466
21,67467	58494
21,68533	58525
21,69600	58556
21,70667	58584
21,71733	58615
21,72800	58648
21,73867	58679
21,74933	58710
21,76000	58742
21,77067	58775
21,78133	58808
21,79200	58840
21,80267	58873
21,81333	58903
21,82400	58933
21,83467	58967
21,84533	59000
21,85600	59032
21,86667	59062
21,87733	59091
21,88800	59123
21,89867	59155
21,90933	59185
21,92000	59216
21,93067	59248
21,94133	59277
21,95200	59302
21,96267	59328
21,97333	59353
21,98400	59376
21,99467	59400
22,00533	59423
22,01600	59447
22,02667	59468
22,03733	59484
22,04800	59499
22,05867	59511
22,06933	59521
22,08000	59530
22,09067	59537
22,10133	59539
22,11200	59538
22,12267	59534
22,13333	59530
22,14400	59524
22,15467	59519
22,16533	59513
22,17600	59504
22,18667	59495
22,19733	59485
22,20800	59474
22,21867	59462
22,22933	59449
22,24000	59434
22,25067	59419
22,26133	59404
22,27200	59390
22,28267	59375
22,29333	59358
22,30400	59342
22,31467	59326
22,32533	59309
22,33600	59289
22,34667	59272
22,35733	59257
22,36800	59242
22,37867	59226
22,38933	59212
22,40000	59197
22,41067	59181
22,42133	59166
22,43200	59152
22,44267	59139
22,45333	59124
22,46400	59108
22,47467	59097
22,48533	59089
22,49600	59078
22,50667	59068
22,51733	59061
22,52800	59052
22,53867	59042
22,54933	59033
22,56000	59028
22,57067	59022
22,58133	59016
22,59200	59010
22,60267	59005
22,61333	59001
22,62400	59000
22,63467	58999
22,64533	59002
22,65600	59007
22,66667	59011
22,67733	59016
22,68800	59021
22,69867	59027
22,70933	59034
22,72000	59040
22,73067	59050
22,74133	59059
22,75200	59067
22,76267	59077
22,77333	59089
22,78400	59101
22,79467	59112
22,80533	59124
22,81600	59136
22,82667	59148
22,83733	59158
22,84800	59169
22,85867	59184
22,86933	59199
22,88000	59212
22,89067	59223
22,90133	59236
22,91200	59250
22,92267	59262
22,93333	59271
22,94400	59278
22,95467	59289
22,96533	59302
22,97600	59312
22,98667	59324
22,99733	59331
23,00800	59338
23,01867	59350
23,02933	59360
23,04000	59368
23,05067	59378
23,06133	59389
23,07200	59396
23,08267	59404
23,09333	59413
23,10400	59419
23,11467	59423
23,12533	59427
23,13600	59432
23,14667	59433
23,15733	59430
23,16800	59427
23,17867	59426
23,18933	59423
23,20000	59417
23,21067	59411
23,22133	59406
23,23200	59398
23,24267	59392
23,25333	59387
23,26400	59381
23,27467	59376
23,28533	59369
23,29600	59364
23,30667	59362
23,31733	59359
23,32800	59357
23,33867	59356
23,34933	59356
23,36000	59357
23,37067	59358
23,38133	59359
23,39200	59358
23,40267	59359
23,41333	59363
23,42400	59369
23,43467	59374
23,44533	59376
23,45600	59376
23,46667	59379
23,47733	59384
23,48800	59392
23,49867	59397
23,50933	59399
23,52000	59404
23,53067	59407
23,54133	59410
23,55200	59413
23,56267	59413
23,57333	59415
23,58400	59417
23,59467	59421
23,60533	59424
23,61600	59427
23,62667	59433
23,63733	59438
23,64800	59445
23,65867	59454
23,66933	59464
23,68000	59475
23,69067	59484
23,70133	59491
23,71200	59500
23,72267	59508
23,73333	59515
23,74400	59518
23,75467	59522
23,76533	59524
23,77600	59525
23,78667	59527
23,79733	59527
23,80800	59527
23,81867	59527
23,82933	59527
23,84000	59524
23,85067	59519
23,86133	59515
23,87200	59510
23,88267	59508
23,89333	59509
23,90400	59509
23,91467	59507
23,92533	59508
23,93600	59512
23,94667	59521
23,95733	59532
23,96800	59540
23,97867	59551
23,98933	59563
24,00000	59572
24,01067	59583
24,02133	59596
24,03200	59604
24,04267	59612
24,05333	59621
24,06400	59627
24,07467	59632
24,08533	59640
24,09600	59649
24,10667	59658
24,11733	59668
24,12800	59684
24,13867	59702
24,14933	59724
24,16000	59756
24,17067	59801
24,18133	59863
24,19200	59943
24,20267	60046
24,21333	60180
24,22400	60348
24,23467	60551
24,24533	60790
24,25600	61071
24,26667	61400
24,27733	61775
24,28800	62190
24,29867	62645
24,30933	63147
24,32000	63693
24,33067	64276
24,34133	64895
24,35200	65542
24,36267	66213
24,37333	66901
24,38400	67604
24,39467	68314
24,40533	69026
24,41600	69738
24,42667	70442
24,43733	71128
24,44800	71795
24,45867	72437
24,46933	73049
24,48000	73633
24,49067	74185
24,50133	74704
24,51200	75189
24,52267	75640
24,53333	76067
24,54400	76482
24,55467	76897
24,56533	77334
24,57600	77822
24,58667	78403
24,59733	79110
24,60800	79970
24,61867	80993
24,62933	82157
24,64000	83404
24,65067	84643
24,66133	85764
24,67200	86650
24,68267	87216
24,69333	87413
24,70400	87241
24,71467	86749
24,72533	86006
24,73600	85098
24,74667	84106
24,75733	83087
24,76800	82089
24,77867	81137
24,78933	80236
24,80000	79388
24,81067	78592
24,82133	77844
24,83200	77140
24,84267	76477
24,85333	75852
24,86400	75265
24,87467	74715
24,88533	74197
24,89600	73709
24,90667	73253
24,91733	72823
24,92800	72417
24,93867	72031
24,94933	71663
24,96000	71311
24,97067	70973
24,98133	70642
24,99200	70311
25,00267	69980
25,01333	69647
25,02400	69314
25,03467	68982
25,04533	68648
25,05600	68313
25,06667	67980
25,07733	67648
25,08800	67314
25,09867	66968
25,10933	66610
25,12000	66239
25,13067	65857
25,14133	65467
25,15200	65071
25,16267	64671
25,17333	64267
25,18400	63861
25,19467	63451
25,20533	63041
25,21600	62630
25,22667	62217
25,23733	61799
25,24800	61380
25,25867	60962
25,26933	60550
25,28000	60159
25,29067	59795
25,30133	59456
25,31200	59122
25,32267	58767
25,33333	58378
25,34400	57958
25,35467	57521
25,36533	57081
25,37600	56649
25,38667	56226
25,39733	55809
25,40800	55399
25,41867	55001
25,42933	54612
25,44000	54234
25,45067	53872
25,46133	53527
25,47200	53195
25,48267	52871
25,49333	52557
25,50400	52267
25,51467	52021
25,52533	51826
25,53600	51654
25,54667	51448
25,55733	51168
25,56800	50807
25,57867	50378
25,58933	49923
25,60000	49471
25,61067	49031
25,62133	48610
25,63200	48210
25,64267	47826
25,65333	47460
25,66400	47108
25,67467	46771
25,68533	46445
25,69600	46131
25,70667	45829
25,71733	45533
25,72800	45242
25,73867	44957
25,74933	44683
25,76000	44422
25,77067	44176
25,78133	43942
25,79200	43714
25,80267	43486
25,81333	43258
25,82400	43031
25,83467	42807
25,84533	42588
25,85600	42373
25,86667	42158
25,87733	41944
25,88800	41739
25,89867	41551
25,90933	41388
25,92000	41252
25,93067	41126
25,94133	40993
25,95200	40839
25,96267	40658
25,97333	40459
25,98400	40257
25,99467	40057
26,00533	39858
26,01600	39666
26,02667	39483
26,03733	39307
26,04800	39137
26,05867	38973
26,06933	38819
26,08000	38678
26,09067	38557
26,10133	38470
26,11200	38448
26,12267	38576
26,13333	39030
26,14400	40073
26,15467	41912
26,16533	44486
26,17600	47482
26,18667	50592
26,19733	53735
26,20800	57036
26,21867	60659
26,22933	64663
26,24000	68925
26,25067	73074
26,26133	76448
26,27200	78249
26,28267	77926
26,29333	75504
26,30400	71545
26,31467	66839
26,32533	62073
26,33600	57664
26,34667	53790
26,35733	50483
26,36800	47709
26,37867	45414
26,38933	43536
26,40000	42008
26,41067	40763
26,42133	39742
26,43200	38902
26,44267	38204
26,45333	37621
26,46400	37134
26,47467	36722
26,48533	36371
26,49600	36072
26,50667	35818
26,51733	35599
26,52800	35405
26,53867	35229
26,54933	35064
26,56000	34909
26,57067	34767
26,58133	34652
26,59200	34581
26,60267	34583
26,61333	34684
26,62400	34900
26,63467	35221
26,64533	35616
26,65600	36034
26,66667	36411
26,67733	36697
26,68800	36859
26,69867	36878
26,70933	36758
26,72000	36514
26,73067	36169
26,74133	35754
26,75200	35300
26,76267	34828
26,77333	34356
26,78400	33895
26,79467	33455
26,80533	33047
26,81600	32680
26,82667	32371
26,83733	32127
26,84800	31962
26,85867	31908
26,86933	32044
26,88000	32505
26,89067	33429
26,90133	34879
26,91200	36796
26,92267	38978
26,93333	41072
26,94400	42670
26,95467	43484
26,96533	43497
26,97600	42926
26,98667	42077
26,99733	41224
27,00800	40575
27,01867	40286
27,02933	40484
27,04000	41199
27,05067	42270
27,06133	43349
27,07200	44077
27,08267	44273
27,09333	44002
27,10400	43543
27,11467	43442
27,12533	44886
27,13600	50041
27,14667	61211
27,15733	78507
27,16800	98219
27,17867	114411
27,18933	122684
27,20000	122434
27,21067	116058
27,22133	106681
27,23200	96589
27,24267	86956
27,25333	78229
27,26400	70537
27,27467	63913
27,28533	58363
27,29600	53873
27,30667	50374
27,31733	47754
27,32800	45873
27,33867	44582
27,34933	43736
27,36000	43214
27,37067	42915
27,38133	42768
27,39200	42720
27,40267	42736
27,41333	42793
27,42400	42872
27,43467	42966
27,44533	43084
27,45600	43231
27,46667	43401
27,47733	43598
27,48800	43831
27,49867	44116
27,50933	44477
27,52000	44927
27,53067	45444
27,54133	45976
27,55200	46480
27,56267	46933
27,57333	47328
27,58400	47645
27,59467	47859
27,60533	47975
27,61600	48037
27,62667	48092
27,63733	48156
27,64800	48216
27,65867	48252
27,66933	48276
27,68000	48303
27,69067	48331
27,70133	48340
27,71200	48300
27,72267	48202
27,73333	48057
27,74400	47884
27,75467	47705
27,76533	47537
27,77600	47390
27,78667	47264
27,79733	47157
27,80800	47067
27,81867	46992
27,82933	46927
27,84000	46866
27,85067	46808
27,86133	46755
27,87200	46710
27,88267	46683
27,89333	46677
27,90400	46692
27,91467	46722
27,92533	46753
27,93600	46778
27,94667	46789
27,95733	46788
27,96800	46779
27,97867	46763
27,98933	46744
28,00000	46721
28,01067	46698
28,02133	46683
28,03200	46677
28,04267	46681
28,05333	46693
28,06400	46709
28,07467	46725
28,08533	46739
28,09600	46750
28,10667	46755
28,11733	46753
28,12800	46747
28,13867	46738
28,14933	46729
28,16000	46722
28,17067	46716
28,18133	46715
28,19200	46715
28,20267	46715
28,21333	46714
28,22400	46715
28,23467	46719
28,24533	46727
28,25600	46737
28,26667	46748
28,27733	46759
28,28800	46769
28,29867	46775
28,30933	46771
28,32000	46765
28,33067	46762
28,34133	46762
28,35200	46769
28,36267	46792
28,37333	46833
28,38400	46891
28,39467	46962
28,40533	47038
28,41600	47110
28,42667	47175
28,43733	47233
28,44800	47283
28,45867	47328
28,46933	47364
28,48000	47391
28,49067	47410
28,50133	47421
28,51200	47427
28,52267	47437
28,53333	47470
28,54400	47549
28,55467	47696
28,56533	47940
28,57600	48280
28,58667	48688
28,59733	49099
28,60800	49425
28,61867	49603
28,62933	49604
28,64000	49450
28,65067	49194
28,66133	48890
28,67200	48583
28,68267	48299
28,69333	48046
28,70400	47828
28,71467	47645
28,72533	47493
28,73600	47371
28,74667	47280
28,75733	47212
28,76800	47157
28,77867	47115
28,78933	47078
28,80000	47041
28,81067	47003
28,82133	46962
28,83200	46920
28,84267	46878
28,85333	46842
28,86400	46807
28,87467	46777
28,88533	46757
28,89600	46746
28,90667	46744
28,91733	46751
28,92800	46762
28,93867	46774
28,94933	46784
28,96000	46788
28,97067	46790
28,98133	46793
28,99200	46795
29,00267	46795
29,01333	46793
29,02400	46790
29,03467	46783
29,04533	46771
29,05600	46763
29,06667	46756
29,07733	46746
29,08800	46732
29,09867	46717
29,10933	46700
29,12000	46682
29,13067	46669
29,14133	46657
29,15200	46647
29,16267	46643
29,17333	46641
29,18400	46635
29,19467	46633
29,20533	46632
29,21600	46629
29,22667	46628
29,23733	46628
29,24800	46632
29,25867	46639
29,26933	46655
29,28000	46685
29,29067	46733
29,30133	46803
29,31200	46896
29,32267	47013
29,33333	47157
29,34400	47334
29,35467	47547
29,36533	47806
29,37600	48123
29,38667	48516
29,39733	49000
29,40800	49586
29,41867	50292
29,42933	51134
29,44000	52131
29,45067	53302
29,46133	54670
29,47200	56258
29,48267	58091
29,49333	60189
29,50400	62567
29,51467	65224
29,52533	68134
29,53600	71242
29,54667	74461
29,55733	77681
29,56800	80780
29,57867	83647
29,58933	86198
29,60000	88375
29,61067	90157
29,62133	91565
29,63200	92642
29,64267	93442
29,65333	94022
29,66400	94444
29,67467	94765
29,68533	95030
29,69600	95275
29,70667	95535
29,71733	95828
29,72800	96170
29,73867	96578
29,74933	97059
29,76000	97618
29,77067	98250
29,78133	98950
29,79200	99713
29,80267	100516
29,81333	101340
29,82400	102172
29,83467	102988
29,84533	103771
29,85600	104510
29,86667	105194
29,87733	105812
29,88800	106363
29,89867	106846
29,90933	107264
29,92000	107618
29,93067	107911
29,94133	108148
29,95200	108328
29,96267	108457
29,97333	108539
29,98400	108578
29,99467	108572
30,00533	108524
30,01600	108436
30,02667	108310
30,03733	108149
30,04800	107951
30,05867	107716
30,06933	107448
30,08000	107151
30,09067	106827
30,10133	106474
30,11200	106096
30,12267	105694
30,13333	105276
30,14400	104847
30,15467	104403
30,16533	103947
30,17600	103481
30,18667	103008
30,19733	102526
30,20800	102037
30,21867	101538
30,22933	101030
30,24000	100516
30,25067	99998
30,26133	99477
30,27200	98949
30,28267	98413
30,29333	97870
30,30400	97324
30,31467	96776
30,32533	96227
30,33600	95675
30,34667	95120
30,35733	94561
30,36800	94003
30,37867	93441
30,38933	92876
30,40000	92308
30,41067	91740
30,42133	91169
30,43200	90595
30,44267	90020
30,45333	89444
30,46400	88866
30,47467	88288
30,48533	87709
30,49600	87129
30,50667	86548
30,51733	85967
30,52800	85383
30,53867	84802
30,54933	84223
30,56000	83644
30,57067	83064
30,58133	82481
30,59200	81899
30,60267	81319
30,61333	80741
30,62400	80167
30,63467	79593
30,64533	79020
30,65600	78450
30,66667	77882
30,67733	77313
30,68800	76747
30,69867	76181
30,70933	75614
30,72000	75053
30,73067	74496
30,74133	73939
30,75200	73383
30,76267	72829
30,77333	72281
30,78400	71732
30,79467	71184
30,80533	70636
30,81600	70089
30,82667	69546
30,83733	68998
30,84800	68451
30,85867	67905
30,86933	67356
30,88000	66808
30,89067	66261
30,90133	65714
30,91200	65170
30,92267	64625
30,93333	64077
30,94400	63526
30,95467	62976
30,96533	62430
30,97600	61883
30,98667	61335
30,99733	60788
31,00800	60241
31,01867	59696
31,02933	59150
31,04000	58602
31,05067	58057
31,06133	57514
31,07200	56969
31,08267	56425
31,09333	55882
31,10400	55339
31,11467	54795
31,12533	54252
31,13600	53711
31,14667	53170
31,15733	52627
31,16800	52085
31,17867	51546
31,18933	51003
31,20000	50462
31,21067	49921
31,22133	49378
31,23200	48837
31,24267	48298
31,25333	47759
31,26400	47218
31,27467	46678
31,28533	46140
31,29600	45604
31,30667	45064
31,31733	44522
31,32800	43982
31,33867	43441
31,34933	42900
31,36000	42364
31,37067	41831
31,38133	41300
31,39200	40770
31,40267	40240
31,41333	39713
31,42400	39188
31,43467	38668
31,44533	38153
31,45600	37640
31,46667	37129
31,47733	36625
31,48800	36126
31,49867	35632
31,50933	35141
31,52000	34656
31,53067	34176
31,54133	33699
31,55200	33228
31,56267	32761
31,57333	32298
31,58400	31844
31,59467	31391
31,60533	30939
31,61600	30489
31,62667	30041
31,63733	29595
31,64800	29149
31,65867	28704
31,66933	28257
31,68000	27810
31,69067	27362
31,70133	26913
31,71200	26464
31,72267	26010
31,73333	25553
31,74400	25094
31,75467	24634
31,76533	24170
31,77600	23705
31,78667	23240
31,79733	22775
31,80800	22310
31,81867	21844
31,82933	21373
31,84000	20901
31,85067	20431
31,86133	19962
31,87200	19495
31,88267	19029
31,89333	18564
31,90400	18102
31,91467	17642
31,92533	17183
31,93600	16727
31,94667	16278
31,95733	15832
31,96800	15390
31,97867	14950
31,98933	14512
32,00000	14079


[Fraction Collection Report]
# of Fractions	0
