[Header]
Application Name	LabSolutions
Version	5.101
Data File Name	C:\Users\User\Desktop\Mervan_EnyzmeML\Kinetics\Kinetics\PEP\J4.lcd
Output Date	11.3.2026.
Output Time	14:13:31

[File Information]
Type	Data File
Generated	21.7.2022. 7:26:33
Generated by	System Administrator
Modified	22.7.2022. 8:17:08
Modified by	System Administrator

[Sample Information]
Operator Name	System Administrator
Acquired	21.7.2022. 7:26:49
Sample Type	0:Unknown
Level	0
Sample Name	
Sample ID	
ISTD Amount1	1
ISTD Amount2	1
ISTD Amount3	1
ISTD Amount4	1
ISTD Amount5	1
ISTD Amount6	1
ISTD Amount7	1
ISTD Amount8	1
ISTD Amount9	1
ISTD Amount10	1
ISTD Amount11	1
ISTD Amount12	1
ISTD Amount13	1
ISTD Amount14	1
ISTD Amount15	1
ISTD Amount16	1
ISTD Amount17	1
ISTD Amount18	1
ISTD Amount19	1
ISTD Amount20	1
ISTD Amount21	1
ISTD Amount22	1
ISTD Amount23	1
ISTD Amount24	1
ISTD Amount25	1
ISTD Amount26	1
ISTD Amount27	1
ISTD Amount28	1
ISTD Amount29	1
ISTD Amount30	1
ISTD Amount31	1
ISTD Amount32	1
Sample Amount	1
Dilution Factor	1
Vial#	23
Injection Volume	15

[Original Files]
Data File	C:\LabSolutions\Data\Project1\Mervan\Method development\2022-07-19 (PEP)\J4.lcd
Method File	C:\LabSolutions\Data\Project1\Mervan\Mervan Derivatization - Short - Isocratic.lcm
Batch File	C:\LabSolutions\Data\Project1\Mervan batch.lcb
Report Format File	c:\LabSolutions\System\DEFAULT.lsr

[File Description]


[Configuration]
Instrument Name	LC40_01
Instrument #	1
Line #	1
# of Detectors	1
Detector ID	PDA
Detector Name	PDA
# of Channels	1

[Peak Table(PDA-Ch1)]
# of Peaks	2
Peak#	R.Time	I.Time	F.Time	Area	Height	A/H	Conc.	Mark	ID#	Name	k'	Plate #	Plate Ht.	Tailing	Resolution	Sep.Factor	Area Ratio	Height Ratio	Conc. %	Norm Conc.
1	10,142	9,931	10,347	32936	4399	7,488	0,332	   			0,000	38767	3,869	0,950	0,000	0,000	0	0	0,000	0,000
2	10,639	10,357	11,061	9876902	977115	10,108	99,668	   			0,049	23745	6,317	1,155	2,062	0,000	0	0	0,000	0,000

[Compound Results(PDA)]
# of IDs	0

[Group Results(PDA)]
# of Groups	0

[LC Status Trace(Pump A Pressure)]
Interval(msec)	1000
# of Points	1921
Start Time(min)	0,000
End Time(min)	32,000
Intensity Units	bar
Intensity Multiplier	0,980665
R.Time (min)	Intensity
0,00000	78,4
0,01667	78,4
0,03333	76,7
0,05000	76,7
0,06667	77,0
0,08333	77,5
0,10000	78,4
0,11667	79,2
0,13333	79,4
0,15000	79,3
0,16667	79,3
0,18333	78,9
0,20000	78,9
0,21667	79,1
0,23333	79,1
0,25000	79,2
0,26667	79,3
0,28333	79,3
0,30000	79,3
0,31667	79,4
0,33333	79,4
0,35000	79,5
0,36667	79,4
0,38333	79,4
0,40000	79,4
0,41667	79,4
0,43333	79,5
0,45000	79,4
0,46667	79,4
0,48333	79,4
0,50000	79,3
0,51667	79,4
0,53333	79,4
0,55000	79,4
0,56667	79,4
0,58333	79,4
0,60000	79,5
0,61667	79,3
0,63333	79,4
0,65000	79,4
0,66667	79,4
0,68333	79,5
0,70000	79,4
0,71667	79,3
0,73333	79,4
0,75000	79,4
0,76667	79,4
0,78333	79,4
0,80000	79,4
0,81667	79,4
0,83333	79,3
0,85000	79,4
0,86667	79,4
0,88333	79,4
0,90000	79,4
0,91667	79,3
0,93333	79,4
0,95000	79,4
0,96667	79,4
0,98333	79,4
1,00000	79,4
1,01667	79,3
1,03333	79,3
1,05000	79,3
1,06667	79,3
1,08333	79,4
1,10000	79,4
1,11667	79,3
1,13333	79,4
1,15000	79,3
1,16667	79,4
1,18333	79,3
1,20000	79,3
1,21667	79,3
1,23333	79,3
1,25000	79,3
1,26667	79,3
1,28333	79,3
1,30000	79,3
1,31667	79,3
1,33333	79,3
1,35000	79,3
1,36667	79,3
1,38333	79,2
1,40000	79,3
1,41667	79,3
1,43333	79,3
1,45000	79,3
1,46667	79,3
1,48333	79,3
1,50000	79,3
1,51667	79,3
1,53333	79,3
1,55000	79,2
1,56667	79,2
1,58333	79,3
1,60000	79,3
1,61667	79,3
1,63333	79,2
1,65000	79,2
1,66667	79,3
1,68333	79,2
1,70000	79,2
1,71667	79,2
1,73333	79,2
1,75000	79,2
1,76667	79,2
1,78333	79,2
1,80000	79,2
1,81667	79,2
1,83333	79,2
1,85000	79,3
1,86667	79,3
1,88333	79,1
1,90000	79,2
1,91667	79,2
1,93333	79,2
1,95000	79,2
1,96667	79,1
1,98333	79,2
2,00000	79,2
2,01667	79,2
2,03333	79,1
2,05000	79,1
2,06667	79,2
2,08333	79,1
2,10000	79,2
2,11667	79,1
2,13333	79,1
2,15000	79,1
2,16667	79,2
2,18333	79,1
2,20000	79,1
2,21667	79,1
2,23333	79,1
2,25000	79,1
2,26667	79,1
2,28333	79,1
2,30000	79,1
2,31667	79,1
2,33333	79,1
2,35000	79,1
2,36667	79,1
2,38333	79,1
2,40000	79,1
2,41667	79,1
2,43333	79,1
2,45000	79,1
2,46667	79,1
2,48333	79,0
2,50000	79,1
2,51667	79,1
2,53333	79,2
2,55000	79,1
2,56667	79,1
2,58333	79,1
2,60000	79,2
2,61667	79,1
2,63333	79,1
2,65000	79,2
2,66667	79,2
2,68333	79,2
2,70000	79,1
2,71667	79,2
2,73333	79,2
2,75000	79,3
2,76667	79,1
2,78333	79,2
2,80000	79,2
2,81667	79,2
2,83333	79,1
2,85000	79,2
2,86667	79,2
2,88333	79,2
2,90000	79,2
2,91667	79,2
2,93333	79,2
2,95000	79,2
2,96667	79,2
2,98333	79,2
3,00000	79,2
3,01667	79,2
3,03333	79,2
3,05000	79,2
3,06667	79,2
3,08333	79,3
3,10000	79,3
3,11667	79,2
3,13333	79,2
3,15000	79,2
3,16667	79,2
3,18333	79,4
3,20000	79,3
3,21667	79,2
3,23333	79,3
3,25000	79,3
3,26667	79,3
3,28333	79,3
3,30000	79,3
3,31667	79,3
3,33333	79,3
3,35000	79,2
3,36667	79,3
3,38333	79,4
3,40000	79,3
3,41667	79,3
3,43333	79,3
3,45000	79,3
3,46667	79,4
3,48333	79,3
3,50000	79,4
3,51667	79,3
3,53333	79,3
3,55000	79,4
3,56667	79,3
3,58333	79,4
3,60000	79,4
3,61667	79,4
3,63333	79,4
3,65000	79,4
3,66667	79,4
3,68333	79,4
3,70000	79,4
3,71667	79,5
3,73333	79,5
3,75000	79,5
3,76667	79,5
3,78333	79,5
3,80000	79,4
3,81667	79,4
3,83333	79,5
3,85000	79,5
3,86667	79,6
3,88333	79,5
3,90000	79,5
3,91667	79,5
3,93333	79,4
3,95000	79,5
3,96667	79,5
3,98333	79,5
4,00000	79,4
4,01667	79,6
4,03333	79,5
4,05000	79,5
4,06667	79,5
4,08333	79,6
4,10000	79,5
4,11667	79,5
4,13333	79,5
4,15000	79,6
4,16667	79,5
4,18333	79,6
4,20000	79,6
4,21667	79,5
4,23333	79,6
4,25000	79,6
4,26667	79,6
4,28333	79,8
4,30000	80,1
4,31667	80,3
4,33333	80,3
4,35000	80,3
4,36667	80,4
4,38333	80,4
4,40000	80,5
4,41667	80,4
4,43333	80,3
4,45000	80,3
4,46667	80,3
4,48333	80,2
4,50000	80,3
4,51667	80,3
4,53333	80,2
4,55000	80,2
4,56667	80,2
4,58333	80,2
4,60000	80,1
4,61667	80,2
4,63333	80,0
4,65000	80,0
4,66667	80,1
4,68333	80,0
4,70000	79,9
4,71667	79,9
4,73333	79,8
4,75000	79,7
4,76667	79,7
4,78333	79,6
4,80000	79,5
4,81667	79,6
4,83333	79,5
4,85000	79,5
4,86667	79,5
4,88333	79,4
4,90000	79,3
4,91667	79,4
4,93333	79,4
4,95000	79,3
4,96667	79,3
4,98333	79,3
5,00000	79,3
5,01667	79,3
5,03333	79,4
5,05000	79,4
5,06667	79,4
5,08333	79,5
5,10000	79,5
5,11667	79,6
5,13333	79,6
5,15000	79,6
5,16667	79,6
5,18333	79,6
5,20000	79,7
5,21667	79,7
5,23333	79,8
5,25000	79,8
5,26667	79,7
5,28333	79,8
5,30000	79,8
5,31667	79,8
5,33333	79,8
5,35000	79,8
5,36667	79,8
5,38333	79,8
5,40000	79,9
5,41667	79,8
5,43333	79,7
5,45000	79,9
5,46667	79,8
5,48333	79,8
5,50000	79,9
5,51667	79,8
5,53333	79,8
5,55000	79,9
5,56667	79,9
5,58333	79,9
5,60000	79,9
5,61667	79,9
5,63333	79,9
5,65000	79,9
5,66667	79,9
5,68333	80,0
5,70000	80,0
5,71667	80,0
5,73333	80,0
5,75000	80,0
5,76667	79,9
5,78333	80,0
5,80000	80,0
5,81667	80,0
5,83333	80,0
5,85000	80,0
5,86667	80,0
5,88333	80,0
5,90000	80,0
5,91667	80,0
5,93333	80,0
5,95000	80,1
5,96667	80,1
5,98333	80,1
6,00000	80,0
6,01667	80,1
6,03333	80,0
6,05000	80,1
6,06667	80,1
6,08333	80,1
6,10000	80,1
6,11667	80,1
6,13333	80,1
6,15000	80,1
6,16667	80,0
6,18333	80,1
6,20000	80,0
6,21667	80,1
6,23333	80,2
6,25000	80,1
6,26667	80,1
6,28333	80,2
6,30000	80,1
6,31667	80,1
6,33333	80,1
6,35000	80,1
6,36667	80,1
6,38333	80,1
6,40000	80,2
6,41667	80,1
6,43333	80,1
6,45000	80,2
6,46667	80,1
6,48333	80,2
6,50000	80,2
6,51667	80,2
6,53333	80,1
6,55000	80,2
6,56667	80,2
6,58333	80,3
6,60000	80,2
6,61667	80,2
6,63333	80,3
6,65000	80,3
6,66667	80,3
6,68333	80,3
6,70000	80,2
6,71667	80,3
6,73333	80,3
6,75000	80,3
6,76667	80,3
6,78333	80,3
6,80000	80,3
6,81667	80,3
6,83333	80,2
6,85000	80,3
6,86667	80,3
6,88333	80,3
6,90000	80,3
6,91667	80,3
6,93333	80,3
6,95000	80,2
6,96667	80,3
6,98333	80,3
7,00000	80,3
7,01667	80,3
7,03333	80,3
7,05000	80,4
7,06667	80,4
7,08333	80,3
7,10000	80,3
7,11667	80,3
7,13333	80,3
7,15000	80,4
7,16667	80,4
7,18333	80,3
7,20000	80,3
7,21667	80,3
7,23333	80,3
7,25000	80,4
7,26667	80,4
7,28333	80,4
7,30000	80,3
7,31667	80,3
7,33333	80,4
7,35000	80,4
7,36667	80,4
7,38333	80,4
7,40000	80,4
7,41667	80,3
7,43333	80,4
7,45000	80,4
7,46667	80,4
7,48333	80,4
7,50000	80,4
7,51667	80,4
7,53333	80,4
7,55000	80,4
7,56667	80,4
7,58333	80,4
7,60000	80,4
7,61667	80,4
7,63333	80,4
7,65000	80,4
7,66667	80,5
7,68333	80,4
7,70000	80,4
7,71667	80,4
7,73333	80,5
7,75000	80,5
7,76667	80,5
7,78333	80,4
7,80000	80,4
7,81667	80,5
7,83333	80,4
7,85000	80,4
7,86667	80,4
7,88333	80,5
7,90000	80,5
7,91667	80,5
7,93333	80,4
7,95000	80,4
7,96667	80,4
7,98333	80,4
8,00000	80,4
8,01667	80,5
8,03333	80,5
8,05000	80,4
8,06667	80,4
8,08333	80,4
8,10000	80,4
8,11667	80,4
8,13333	80,4
8,15000	80,4
8,16667	80,4
8,18333	80,5
8,20000	80,4
8,21667	80,5
8,23333	80,4
8,25000	80,5
8,26667	80,5
8,28333	80,5
8,30000	80,5
8,31667	80,5
8,33333	80,5
8,35000	80,5
8,36667	80,5
8,38333	80,4
8,40000	80,5
8,41667	80,5
8,43333	80,5
8,45000	80,5
8,46667	80,5
8,48333	80,5
8,50000	80,5
8,51667	80,4
8,53333	80,5
8,55000	80,5
8,56667	80,4
8,58333	80,5
8,60000	80,5
8,61667	80,5
8,63333	80,4
8,65000	80,5
8,66667	80,5
8,68333	80,5
8,70000	80,4
8,71667	80,5
8,73333	80,5
8,75000	80,4
8,76667	80,4
8,78333	80,5
8,80000	80,5
8,81667	80,5
8,83333	80,4
8,85000	80,4
8,86667	80,5
8,88333	80,4
8,90000	80,4
8,91667	80,5
8,93333	80,5
8,95000	80,4
8,96667	80,4
8,98333	80,5
9,00000	80,5
9,01667	80,4
9,03333	80,4
9,05000	80,4
9,06667	80,4
9,08333	80,4
9,10000	80,4
9,11667	80,5
9,13333	80,4
9,15000	80,5
9,16667	80,4
9,18333	80,4
9,20000	80,4
9,21667	80,4
9,23333	80,4
9,25000	80,4
9,26667	80,4
9,28333	80,5
9,30000	80,4
9,31667	80,4
9,33333	80,4
9,35000	80,4
9,36667	80,4
9,38333	80,4
9,40000	80,5
9,41667	80,4
9,43333	80,4
9,45000	80,4
9,46667	80,4
9,48333	80,4
9,50000	80,4
9,51667	80,4
9,53333	80,4
9,55000	80,4
9,56667	80,4
9,58333	80,4
9,60000	80,4
9,61667	80,4
9,63333	80,3
9,65000	80,3
9,66667	80,4
9,68333	80,3
9,70000	80,3
9,71667	80,3
9,73333	80,4
9,75000	80,3
9,76667	80,3
9,78333	80,3
9,80000	80,4
9,81667	80,3
9,83333	80,3
9,85000	80,4
9,86667	80,3
9,88333	80,3
9,90000	80,3
9,91667	80,3
9,93333	80,3
9,95000	80,3
9,96667	80,3
9,98333	80,3
10,00000	80,3
10,01667	80,3
10,03333	80,3
10,05000	80,3
10,06667	80,3
10,08333	80,3
10,10000	80,3
10,11667	80,3
10,13333	80,2
10,15000	80,3
10,16667	80,4
10,18333	80,3
10,20000	80,2
10,21667	80,3
10,23333	80,2
10,25000	80,2
10,26667	80,2
10,28333	80,3
10,30000	80,2
10,31667	80,3
10,33333	80,3
10,35000	80,3
10,36667	80,3
10,38333	80,2
10,40000	80,2
10,41667	80,3
10,43333	80,3
10,45000	80,2
10,46667	80,2
10,48333	80,2
10,50000	80,3
10,51667	80,2
10,53333	80,2
10,55000	80,2
10,56667	80,2
10,58333	80,2
10,60000	80,2
10,61667	80,3
10,63333	80,2
10,65000	80,2
10,66667	80,2
10,68333	80,2
10,70000	80,2
10,71667	80,1
10,73333	80,2
10,75000	80,2
10,76667	80,2
10,78333	80,1
10,80000	80,1
10,81667	80,2
10,83333	80,2
10,85000	80,1
10,86667	80,2
10,88333	80,1
10,90000	80,2
10,91667	80,1
10,93333	80,1
10,95000	80,1
10,96667	80,1
10,98333	80,1
11,00000	80,1
11,01667	80,1
11,03333	80,1
11,05000	80,1
11,06667	80,1
11,08333	80,1
11,10000	80,1
11,11667	80,1
11,13333	80,1
11,15000	80,0
11,16667	80,1
11,18333	80,1
11,20000	80,1
11,21667	80,1
11,23333	80,1
11,25000	80,1
11,26667	80,1
11,28333	80,1
11,30000	80,1
11,31667	80,1
11,33333	80,1
11,35000	80,1
11,36667	80,1
11,38333	80,0
11,40000	80,0
11,41667	80,0
11,43333	80,0
11,45000	80,0
11,46667	80,0
11,48333	80,0
11,50000	80,1
11,51667	80,1
11,53333	80,0
11,55000	80,0
11,56667	80,0
11,58333	80,0
11,60000	80,0
11,61667	80,0
11,63333	80,0
11,65000	79,9
11,66667	79,9
11,68333	79,9
11,70000	80,0
11,71667	79,9
11,73333	79,9
11,75000	80,0
11,76667	80,0
11,78333	79,9
11,80000	80,0
11,81667	80,0
11,83333	80,0
11,85000	79,9
11,86667	80,0
11,88333	79,9
11,90000	80,0
11,91667	79,9
11,93333	79,9
11,95000	79,9
11,96667	79,9
11,98333	79,9
12,00000	79,9
12,01667	79,9
12,03333	80,0
12,05000	79,9
12,06667	79,9
12,08333	79,9
12,10000	79,9
12,11667	79,8
12,13333	79,9
12,15000	79,9
12,16667	79,9
12,18333	79,9
12,20000	79,9
12,21667	79,9
12,23333	79,9
12,25000	79,8
12,26667	79,9
12,28333	79,8
12,30000	79,9
12,31667	79,8
12,33333	79,8
12,35000	79,8
12,36667	79,9
12,38333	79,9
12,40000	79,8
12,41667	79,9
12,43333	79,9
12,45000	79,8
12,46667	79,8
12,48333	79,9
12,50000	79,8
12,51667	79,8
12,53333	79,8
12,55000	79,7
12,56667	79,8
12,58333	79,8
12,60000	79,8
12,61667	79,8
12,63333	79,8
12,65000	79,8
12,66667	79,8
12,68333	79,8
12,70000	79,8
12,71667	79,8
12,73333	79,8
12,75000	79,7
12,76667	79,8
12,78333	79,8
12,80000	79,7
12,81667	79,8
12,83333	79,8
12,85000	79,7
12,86667	79,8
12,88333	79,7
12,90000	79,8
12,91667	79,8
12,93333	79,7
12,95000	79,7
12,96667	79,7
12,98333	79,7
13,00000	79,8
13,01667	79,8
13,03333	79,8
13,05000	79,7
13,06667	79,7
13,08333	79,7
13,10000	79,7
13,11667	79,7
13,13333	79,7
13,15000	79,6
13,16667	79,7
13,18333	79,7
13,20000	79,7
13,21667	79,7
13,23333	79,7
13,25000	79,7
13,26667	79,7
13,28333	79,7
13,30000	79,7
13,31667	79,7
13,33333	79,7
13,35000	79,7
13,36667	79,7
13,38333	79,6
13,40000	79,7
13,41667	79,7
13,43333	79,7
13,45000	79,6
13,46667	79,7
13,48333	79,7
13,50000	79,7
13,51667	79,7
13,53333	79,7
13,55000	79,7
13,56667	79,7
13,58333	79,7
13,60000	79,7
13,61667	79,7
13,63333	79,7
13,65000	79,6
13,66667	79,6
13,68333	79,7
13,70000	79,7
13,71667	79,7
13,73333	79,6
13,75000	79,6
13,76667	79,7
13,78333	79,6
13,80000	79,7
13,81667	79,7
13,83333	79,7
13,85000	79,6
13,86667	79,7
13,88333	79,7
13,90000	79,7
13,91667	79,7
13,93333	79,6
13,95000	79,6
13,96667	79,7
13,98333	79,7
14,00000	79,6
14,01667	79,6
14,03333	79,7
14,05000	79,6
14,06667	79,6
14,08333	79,7
14,10000	79,7
14,11667	79,6
14,13333	79,6
14,15000	79,7
14,16667	79,7
14,18333	79,6
14,20000	79,6
14,21667	79,6
14,23333	79,6
14,25000	79,6
14,26667	79,6
14,28333	79,6
14,30000	79,6
14,31667	79,6
14,33333	79,6
14,35000	79,6
14,36667	79,6
14,38333	79,6
14,40000	79,6
14,41667	79,6
14,43333	79,6
14,45000	79,6
14,46667	79,6
14,48333	79,6
14,50000	79,6
14,51667	79,6
14,53333	79,6
14,55000	79,6
14,56667	79,6
14,58333	79,6
14,60000	79,6
14,61667	79,6
14,63333	79,6
14,65000	79,5
14,66667	79,6
14,68333	79,6
14,70000	79,6
14,71667	79,6
14,73333	79,6
14,75000	79,6
14,76667	79,6
14,78333	79,6
14,80000	79,6
14,81667	79,7
14,83333	79,6
14,85000	79,6
14,86667	79,6
14,88333	79,6
14,90000	79,6
14,91667	79,6
14,93333	79,5
14,95000	79,5
14,96667	79,5
14,98333	79,6
15,00000	79,6
15,01667	79,6
15,03333	79,6
15,05000	79,5
15,06667	79,5
15,08333	79,6
15,10000	79,6
15,11667	79,6
15,13333	79,6
15,15000	79,6
15,16667	79,6
15,18333	79,5
15,20000	79,6
15,21667	79,5
15,23333	79,6
15,25000	79,6
15,26667	79,5
15,28333	79,5
15,30000	79,5
15,31667	79,5
15,33333	79,5
15,35000	79,5
15,36667	79,6
15,38333	79,6
15,40000	79,6
15,41667	79,6
15,43333	79,6
15,45000	79,5
15,46667	79,5
15,48333	79,6
15,50000	79,6
15,51667	79,6
15,53333	79,6
15,55000	79,5
15,56667	79,6
15,58333	79,6
15,60000	79,6
15,61667	79,5
15,63333	79,6
15,65000	79,5
15,66667	79,5
15,68333	79,5
15,70000	79,6
15,71667	79,5
15,73333	79,5
15,75000	79,5
15,76667	79,6
15,78333	79,5
15,80000	79,5
15,81667	79,6
15,83333	79,5
15,85000	79,5
15,86667	79,5
15,88333	79,6
15,90000	79,5
15,91667	79,5
15,93333	79,5
15,95000	79,5
15,96667	79,5
15,98333	79,5
16,00000	79,5
16,01667	79,6
16,03333	79,6
16,05000	79,5
16,06667	79,5
16,08333	79,5
16,10000	79,6
16,11667	79,5
16,13333	79,5
16,15000	79,6
16,16667	79,5
16,18333	79,6
16,20000	79,5
16,21667	79,5
16,23333	79,6
16,25000	79,5
16,26667	79,6
16,28333	79,6
16,30000	79,6
16,31667	79,5
16,33333	79,5
16,35000	79,5
16,36667	79,5
16,38333	79,5
16,40000	79,5
16,41667	79,5
16,43333	79,6
16,45000	79,5
16,46667	79,5
16,48333	79,5
16,50000	79,5
16,51667	79,5
16,53333	79,5
16,55000	79,6
16,56667	79,5
16,58333	79,5
16,60000	79,5
16,61667	79,6
16,63333	79,5
16,65000	79,5
16,66667	79,5
16,68333	79,5
16,70000	79,5
16,71667	79,5
16,73333	79,5
16,75000	79,5
16,76667	79,5
16,78333	79,6
16,80000	79,5
16,81667	79,5
16,83333	79,5
16,85000	79,4
16,86667	79,4
16,88333	79,5
16,90000	79,5
16,91667	79,5
16,93333	79,5
16,95000	79,5
16,96667	79,5
16,98333	79,5
17,00000	79,5
17,01667	79,5
17,03333	79,5
17,05000	79,5
17,06667	79,5
17,08333	79,4
17,10000	79,5
17,11667	79,5
17,13333	79,4
17,15000	79,5
17,16667	79,5
17,18333	79,5
17,20000	79,5
17,21667	79,5
17,23333	79,5
17,25000	79,5
17,26667	79,4
17,28333	79,4
17,30000	79,5
17,31667	79,5
17,33333	79,4
17,35000	79,4
17,36667	79,5
17,38333	79,4
17,40000	79,5
17,41667	79,5
17,43333	79,4
17,45000	79,4
17,46667	79,5
17,48333	79,4
17,50000	79,5
17,51667	79,4
17,53333	79,5
17,55000	79,4
17,56667	79,4
17,58333	79,4
17,60000	79,4
17,61667	79,4
17,63333	79,4
17,65000	79,4
17,66667	79,5
17,68333	79,4
17,70000	79,4
17,71667	79,4
17,73333	79,4
17,75000	79,4
17,76667	79,4
17,78333	79,4
17,80000	79,4
17,81667	79,4
17,83333	79,4
17,85000	79,4
17,86667	79,4
17,88333	79,4
17,90000	79,4
17,91667	79,4
17,93333	79,3
17,95000	79,4
17,96667	79,4
17,98333	79,4
18,00000	79,4
18,01667	79,4
18,03333	79,3
18,05000	79,4
18,06667	79,4
18,08333	79,3
18,10000	79,3
18,11667	79,3
18,13333	79,3
18,15000	79,3
18,16667	79,3
18,18333	79,3
18,20000	79,3
18,21667	79,4
18,23333	79,3
18,25000	79,3
18,26667	79,3
18,28333	79,3
18,30000	79,2
18,31667	79,3
18,33333	79,3
18,35000	79,2
18,36667	79,3
18,38333	79,2
18,40000	79,3
18,41667	79,2
18,43333	79,2
18,45000	79,2
18,46667	79,3
18,48333	79,2
18,50000	79,2
18,51667	79,2
18,53333	79,2
18,55000	79,2
18,56667	79,2
18,58333	79,2
18,60000	79,2
18,61667	79,2
18,63333	79,2
18,65000	79,1
18,66667	79,1
18,68333	79,2
18,70000	79,2
18,71667	79,2
18,73333	79,1
18,75000	79,2
18,76667	79,2
18,78333	79,2
18,80000	79,1
18,81667	79,1
18,83333	79,1
18,85000	79,1
18,86667	79,1
18,88333	79,1
18,90000	79,1
18,91667	79,0
18,93333	79,1
18,95000	79,0
18,96667	79,1
18,98333	79,0
19,00000	79,1
19,01667	79,0
19,03333	79,0
19,05000	79,0
19,06667	79,0
19,08333	79,1
19,10000	79,0
19,11667	79,0
19,13333	79,0
19,15000	79,0
19,16667	79,0
19,18333	79,0
19,20000	79,0
19,21667	79,0
19,23333	78,9
19,25000	79,0
19,26667	78,9
19,28333	79,0
19,30000	78,9
19,31667	78,9
19,33333	78,9
19,35000	78,9
19,36667	78,9
19,38333	78,9
19,40000	78,9
19,41667	78,9
19,43333	78,9
19,45000	78,9
19,46667	78,9
19,48333	78,8
19,50000	78,8
19,51667	78,7
19,53333	78,8
19,55000	78,7
19,56667	78,8
19,58333	78,8
19,60000	78,8
19,61667	78,8
19,63333	78,8
19,65000	78,8
19,66667	78,8
19,68333	78,8
19,70000	78,8
19,71667	78,7
19,73333	78,7
19,75000	78,7
19,76667	78,7
19,78333	78,7
19,80000	78,7
19,81667	78,7
19,83333	78,7
19,85000	78,7
19,86667	78,7
19,88333	78,6
19,90000	78,6
19,91667	78,6
19,93333	78,6
19,95000	78,6
19,96667	78,6
19,98333	78,6
20,00000	78,6
20,01667	78,5
20,03333	78,6
20,05000	78,5
20,06667	78,6
20,08333	78,5
20,10000	78,5
20,11667	78,5
20,13333	78,5
20,15000	78,5
20,16667	78,6
20,18333	78,5
20,20000	78,5
20,21667	78,5
20,23333	78,5
20,25000	78,5
20,26667	78,5
20,28333	78,4
20,30000	78,5
20,31667	78,4
20,33333	78,4
20,35000	78,4
20,36667	78,4
20,38333	78,4
20,40000	78,4
20,41667	78,3
20,43333	78,4
20,45000	78,3
20,46667	78,3
20,48333	78,3
20,50000	78,3
20,51667	78,3
20,53333	78,3
20,55000	78,3
20,56667	78,3
20,58333	78,3
20,60000	78,3
20,61667	78,2
20,63333	78,2
20,65000	78,2
20,66667	78,2
20,68333	78,2
20,70000	78,1
20,71667	78,1
20,73333	78,1
20,75000	78,1
20,76667	78,1
20,78333	78,1
20,80000	78,1
20,81667	78,0
20,83333	78,1
20,85000	78,0
20,86667	78,0
20,88333	77,9
20,90000	77,9
20,91667	77,9
20,93333	77,9
20,95000	77,8
20,96667	77,8
20,98333	77,8
21,00000	77,8
21,01667	77,7
21,03333	77,7
21,05000	77,7
21,06667	77,7
21,08333	77,6
21,10000	77,5
21,11667	77,5
21,13333	77,5
21,15000	77,5
21,16667	77,5
21,18333	77,4
21,20000	77,3
21,21667	77,3
21,23333	77,3
21,25000	77,2
21,26667	77,2
21,28333	77,1
21,30000	77,1
21,31667	77,0
21,33333	77,0
21,35000	76,9
21,36667	76,9
21,38333	76,9
21,40000	76,8
21,41667	76,8
21,43333	76,7
21,45000	76,6
21,46667	76,7
21,48333	76,6
21,50000	76,6
21,51667	76,4
21,53333	76,4
21,55000	76,4
21,56667	76,4
21,58333	76,3
21,60000	76,2
21,61667	76,2
21,63333	76,1
21,65000	76,0
21,66667	76,1
21,68333	76,0
21,70000	75,9
21,71667	75,9
21,73333	75,8
21,75000	75,6
21,76667	75,6
21,78333	75,6
21,80000	75,5
21,81667	75,5
21,83333	75,4
21,85000	75,4
21,86667	75,4
21,88333	75,3
21,90000	75,2
21,91667	75,1
21,93333	75,1
21,95000	75,0
21,96667	75,0
21,98333	74,9
22,00000	74,8
22,01667	74,8
22,03333	74,7
22,05000	74,7
22,06667	74,7
22,08333	74,6
22,10000	74,5
22,11667	74,4
22,13333	74,4
22,15000	74,2
22,16667	74,2
22,18333	74,1
22,20000	74,0
22,21667	74,0
22,23333	74,0
22,25000	73,8
22,26667	73,8
22,28333	73,8
22,30000	73,6
22,31667	73,5
22,33333	73,5
22,35000	73,4
22,36667	73,4
22,38333	73,3
22,40000	73,2
22,41667	73,1
22,43333	73,0
22,45000	73,0
22,46667	72,9
22,48333	72,8
22,50000	72,8
22,51667	72,7
22,53333	72,6
22,55000	72,5
22,56667	72,5
22,58333	72,4
22,60000	72,3
22,61667	72,2
22,63333	72,1
22,65000	72,0
22,66667	72,0
22,68333	71,9
22,70000	71,8
22,71667	71,7
22,73333	71,6
22,75000	71,6
22,76667	71,6
22,78333	71,5
22,80000	71,4
22,81667	71,2
22,83333	71,2
22,85000	71,1
22,86667	71,0
22,88333	71,0
22,90000	70,9
22,91667	70,7
22,93333	70,6
22,95000	70,5
22,96667	70,5
22,98333	70,3
23,00000	70,3
23,01667	70,1
23,03333	70,0
23,05000	70,0
23,06667	69,9
23,08333	69,8
23,10000	69,6
23,11667	69,6
23,13333	69,4
23,15000	69,4
23,16667	69,3
23,18333	69,2
23,20000	69,1
23,21667	68,9
23,23333	68,8
23,25000	68,7
23,26667	68,6
23,28333	68,4
23,30000	68,4
23,31667	68,3
23,33333	68,2
23,35000	68,1
23,36667	68,0
23,38333	67,8
23,40000	67,7
23,41667	67,5
23,43333	67,4
23,45000	67,3
23,46667	67,3
23,48333	67,2
23,50000	66,9
23,51667	66,8
23,53333	66,7
23,55000	66,6
23,56667	66,6
23,58333	66,5
23,60000	66,3
23,61667	66,1
23,63333	66,1
23,65000	66,0
23,66667	65,9
23,68333	65,7
23,70000	65,6
23,71667	65,5
23,73333	65,4
23,75000	65,3
23,76667	65,3
23,78333	65,1
23,80000	65,0
23,81667	64,8
23,83333	64,8
23,85000	64,7
23,86667	64,6
23,88333	64,5
23,90000	64,3
23,91667	64,2
23,93333	64,2
23,95000	64,1
23,96667	64,1
23,98333	64,0
24,00000	63,8
24,01667	63,7
24,03333	63,6
24,05000	63,5
24,06667	63,5
24,08333	63,3
24,10000	63,3
24,11667	63,1
24,13333	63,0
24,15000	62,9
24,16667	62,9
24,18333	62,8
24,20000	62,7
24,21667	62,5
24,23333	62,5
24,25000	62,4
24,26667	62,3
24,28333	62,3
24,30000	62,1
24,31667	62,0
24,33333	61,9
24,35000	61,8
24,36667	61,8
24,38333	61,7
24,40000	61,5
24,41667	61,5
24,43333	61,3
24,45000	61,2
24,46667	61,2
24,48333	61,0
24,50000	60,9
24,51667	60,8
24,53333	60,7
24,55000	60,6
24,56667	60,6
24,58333	60,4
24,60000	60,3
24,61667	60,2
24,63333	60,1
24,65000	60,0
24,66667	60,0
24,68333	59,8
24,70000	59,7
24,71667	59,5
24,73333	59,5
24,75000	59,4
24,76667	59,3
24,78333	59,2
24,80000	59,1
24,81667	59,0
24,83333	58,9
24,85000	58,7
24,86667	58,7
24,88333	58,5
24,90000	58,4
24,91667	58,3
24,93333	58,2
24,95000	58,1
24,96667	58,1
24,98333	58,0
25,00000	57,8
25,01667	57,7
25,03333	57,6
25,05000	57,5
25,06667	57,5
25,08333	57,4
25,10000	57,2
25,11667	57,1
25,13333	57,0
25,15000	56,9
25,16667	56,9
25,18333	56,7
25,20000	56,6
25,21667	56,5
25,23333	56,4
25,25000	56,3
25,26667	56,3
25,28333	56,1
25,30000	56,0
25,31667	55,9
25,33333	55,8
25,35000	55,7
25,36667	55,7
25,38333	55,5
25,40000	55,4
25,41667	55,3
25,43333	55,2
25,45000	55,2
25,46667	55,1
25,48333	55,0
25,50000	54,9
25,51667	54,7
25,53333	54,6
25,55000	54,6
25,56667	54,5
25,58333	54,5
25,60000	54,3
25,61667	54,2
25,63333	54,1
25,65000	54,0
25,66667	54,0
25,68333	53,9
25,70000	53,8
25,71667	53,6
25,73333	53,6
25,75000	53,5
25,76667	53,5
25,78333	53,5
25,80000	53,3
25,81667	53,3
25,83333	53,2
25,85000	53,1
25,86667	53,1
25,88333	53,0
25,90000	52,9
25,91667	52,9
25,93333	52,8
25,95000	52,8
25,96667	52,8
25,98333	52,7
26,00000	52,6
26,01667	52,6
26,03333	52,6
26,05000	52,5
26,06667	52,6
26,08333	52,5
26,10000	52,5
26,11667	52,5
26,13333	52,4
26,15000	52,4
26,16667	52,4
26,18333	52,4
26,20000	52,3
26,21667	52,3
26,23333	52,3
26,25000	52,3
26,26667	52,4
26,28333	52,3
26,30000	52,3
26,31667	52,3
26,33333	52,3
26,35000	52,4
26,36667	52,4
26,38333	52,4
26,40000	52,4
26,41667	52,4
26,43333	52,5
26,45000	52,5
26,46667	52,5
26,48333	52,5
26,50000	52,6
26,51667	52,6
26,53333	52,6
26,55000	52,7
26,56667	52,7
26,58333	52,8
26,60000	52,8
26,61667	52,8
26,63333	52,9
26,65000	52,9
26,66667	53,0
26,68333	53,0
26,70000	53,1
26,71667	53,1
26,73333	53,2
26,75000	53,2
26,76667	53,2
26,78333	53,3
26,80000	53,4
26,81667	53,4
26,83333	53,4
26,85000	53,5
26,86667	53,6
26,88333	53,6
26,90000	53,7
26,91667	53,7
26,93333	53,8
26,95000	53,8
26,96667	53,9
26,98333	54,0
27,00000	54,0
27,01667	54,1
27,03333	54,2
27,05000	54,2
27,06667	54,3
27,08333	54,3
27,10000	54,4
27,11667	54,4
27,13333	54,6
27,15000	54,7
27,16667	54,7
27,18333	54,9
27,20000	54,9
27,21667	55,0
27,23333	55,1
27,25000	55,1
27,26667	55,1
27,28333	55,3
27,30000	55,4
27,31667	55,5
27,33333	55,6
27,35000	55,7
27,36667	55,7
27,38333	55,8
27,40000	55,9
27,41667	56,1
27,43333	56,2
27,45000	56,2
27,46667	56,3
27,48333	56,4
27,50000	56,5
27,51667	56,6
27,53333	56,7
27,55000	56,9
27,56667	56,9
27,58333	57,0
27,60000	57,2
27,61667	57,3
27,63333	57,4
27,65000	57,5
27,66667	57,6
27,68333	57,7
27,70000	57,8
27,71667	58,0
27,73333	58,1
27,75000	58,2
27,76667	58,2
27,78333	58,3
27,80000	58,5
27,81667	58,7
27,83333	58,8
27,85000	58,9
27,86667	59,0
27,88333	59,1
27,90000	59,2
27,91667	59,4
27,93333	59,6
27,95000	59,7
27,96667	59,7
27,98333	59,8
28,00000	60,0
28,01667	60,1
28,03333	60,2
28,05000	60,3
28,06667	60,3
28,08333	60,6
28,10000	60,7
28,11667	60,8
28,13333	60,9
28,15000	61,0
28,16667	61,1
28,18333	61,1
28,20000	61,3
28,21667	61,5
28,23333	61,6
28,25000	61,7
28,26667	61,7
28,28333	61,8
28,30000	62,0
28,31667	62,1
28,33333	62,2
28,35000	62,4
28,36667	62,4
28,38333	62,5
28,40000	62,6
28,41667	62,8
28,43333	62,9
28,45000	63,0
28,46667	63,0
28,48333	63,0
28,50000	63,3
28,51667	63,3
28,53333	63,5
28,55000	63,6
28,56667	63,6
28,58333	63,7
28,60000	63,9
28,61667	64,0
28,63333	64,0
28,65000	64,1
28,66667	64,2
28,68333	64,4
28,70000	64,5
28,71667	64,5
28,73333	64,7
28,75000	64,8
28,76667	64,8
28,78333	64,9
28,80000	65,1
28,81667	65,3
28,83333	65,3
28,85000	65,4
28,86667	65,5
28,88333	65,5
28,90000	65,7
28,91667	65,8
28,93333	65,9
28,95000	66,0
28,96667	66,0
28,98333	66,1
29,00000	66,3
29,01667	66,5
29,03333	66,5
29,05000	66,7
29,06667	66,6
29,08333	66,8
29,10000	66,8
29,11667	67,1
29,13333	67,1
29,15000	67,2
29,16667	67,2
29,18333	67,4
29,20000	67,4
29,21667	67,5
29,23333	67,6
29,25000	67,7
29,26667	67,7
29,28333	67,9
29,30000	68,0
29,31667	68,2
29,33333	68,1
29,35000	68,2
29,36667	68,3
29,38333	68,4
29,40000	68,5
29,41667	68,6
29,43333	68,7
29,45000	68,8
29,46667	68,8
29,48333	69,0
29,50000	69,0
29,51667	69,2
29,53333	69,2
29,55000	69,3
29,56667	69,3
29,58333	69,5
29,60000	69,6
29,61667	69,8
29,63333	69,9
29,65000	70,0
29,66667	70,1
29,68333	70,2
29,70000	70,4
29,71667	70,5
29,73333	70,6
29,75000	70,7
29,76667	70,8
29,78333	70,9
29,80000	71,1
29,81667	71,1
29,83333	71,2
29,85000	71,4
29,86667	71,4
29,88333	71,7
29,90000	71,7
29,91667	71,9
29,93333	72,0
29,95000	72,1
29,96667	72,2
29,98333	72,3
30,00000	72,5
30,01667	72,5
30,03333	72,7
30,05000	72,7
30,06667	72,8
30,08333	72,8
30,10000	73,0
30,11667	73,2
30,13333	73,2
30,15000	73,2
30,16667	73,3
30,18333	73,4
30,20000	73,5
30,21667	73,6
30,23333	73,8
30,25000	73,9
30,26667	73,9
30,28333	74,0
30,30000	74,0
30,31667	74,1
30,33333	74,1
30,35000	74,2
30,36667	74,3
30,38333	74,4
30,40000	74,5
30,41667	74,6
30,43333	74,6
30,45000	74,7
30,46667	74,7
30,48333	74,8
30,50000	74,9
30,51667	75,0
30,53333	75,0
30,55000	75,1
30,56667	75,1
30,58333	75,1
30,60000	75,2
30,61667	75,3
30,63333	75,4
30,65000	75,5
30,66667	75,5
30,68333	75,5
30,70000	75,6
30,71667	75,7
30,73333	75,7
30,75000	75,8
30,76667	75,8
30,78333	76,0
30,80000	76,0
30,81667	76,0
30,83333	76,0
30,85000	76,1
30,86667	76,1
30,88333	76,2
30,90000	76,2
30,91667	76,3
30,93333	76,3
30,95000	76,4
30,96667	76,4
30,98333	76,5
31,00000	76,5
31,01667	76,6
31,03333	76,7
31,05000	76,7
31,06667	76,7
31,08333	76,7
31,10000	76,8
31,11667	76,8
31,13333	76,9
31,15000	76,9
31,16667	77,0
31,18333	77,0
31,20000	77,0
31,21667	77,1
31,23333	77,2
31,25000	77,2
31,26667	77,2
31,28333	77,2
31,30000	77,3
31,31667	77,3
31,33333	77,4
31,35000	77,3
31,36667	77,4
31,38333	77,4
31,40000	77,4
31,41667	77,6
31,43333	77,5
31,45000	77,5
31,46667	77,5
31,48333	77,6
31,50000	77,7
31,51667	77,7
31,53333	77,7
31,55000	77,7
31,56667	77,7
31,58333	77,8
31,60000	77,9
31,61667	77,9
31,63333	77,9
31,65000	78,0
31,66667	78,0
31,68333	77,9
31,70000	77,9
31,71667	78,0
31,73333	78,0
31,75000	78,1
31,76667	78,1
31,78333	78,2
31,80000	78,1
31,81667	78,1
31,83333	78,1
31,85000	78,2
31,86667	78,2
31,88333	78,3
31,90000	78,3
31,91667	78,3
31,93333	78,3
31,95000	78,3
31,96667	78,4
31,98333	78,4
32,00000	78,4

[LC Status Trace(Pump A Degasser Pressure)]
Interval(msec)	1000
# of Points	1921
Start Time(min)	0,000
End Time(min)	32,000
Intensity Units	bar
Intensity Multiplier	0,980665
R.Time (min)	Intensity
0,00000	954,4
0,01667	954,4
0,03333	954,4
0,05000	954,4
0,06667	954,4
0,08333	955,4
0,10000	955,4
0,11667	954,4
0,13333	954,4
0,15000	954,4
0,16667	954,4
0,18333	954,4
0,20000	954,4
0,21667	954,4
0,23333	954,4
0,25000	954,4
0,26667	954,4
0,28333	953,4
0,30000	953,4
0,31667	954,4
0,33333	954,4
0,35000	954,4
0,36667	954,4
0,38333	954,4
0,40000	954,4
0,41667	954,4
0,43333	954,4
0,45000	954,4
0,46667	954,4
0,48333	954,4
0,50000	954,4
0,51667	953,4
0,53333	953,4
0,55000	953,4
0,56667	953,4
0,58333	954,4
0,60000	954,4
0,61667	954,4
0,63333	954,4
0,65000	954,4
0,66667	954,4
0,68333	954,4
0,70000	954,4
0,71667	953,4
0,73333	953,4
0,75000	953,4
0,76667	953,4
0,78333	954,4
0,80000	954,4
0,81667	954,4
0,83333	954,4
0,85000	954,4
0,86667	954,4
0,88333	954,4
0,90000	954,4
0,91667	953,4
0,93333	953,4
0,95000	953,4
0,96667	953,4
0,98333	954,4
1,00000	954,4
1,01667	954,4
1,03333	954,4
1,05000	954,4
1,06667	954,4
1,08333	954,4
1,10000	954,4
1,11667	954,4
1,13333	954,4
1,15000	954,4
1,16667	954,4
1,18333	955,4
1,20000	955,4
1,21667	954,4
1,23333	954,4
1,25000	954,4
1,26667	954,4
1,28333	955,4
1,30000	955,4
1,31667	954,4
1,33333	954,4
1,35000	954,4
1,36667	954,4
1,38333	954,4
1,40000	954,4
1,41667	955,4
1,43333	955,4
1,45000	955,4
1,46667	955,4
1,48333	954,4
1,50000	954,4
1,51667	954,4
1,53333	954,4
1,55000	954,4
1,56667	954,4
1,58333	954,4
1,60000	954,4
1,61667	953,4
1,63333	953,4
1,65000	953,4
1,66667	953,4
1,68333	954,4
1,70000	954,4
1,71667	955,4
1,73333	955,4
1,75000	955,4
1,76667	955,4
1,78333	954,4
1,80000	954,4
1,81667	954,4
1,83333	954,4
1,85000	954,4
1,86667	954,4
1,88333	954,4
1,90000	954,4
1,91667	953,4
1,93333	953,4
1,95000	953,4
1,96667	953,4
1,98333	954,4
2,00000	954,4
2,01667	955,4
2,03333	955,4
2,05000	955,4
2,06667	955,4
2,08333	954,4
2,10000	954,4
2,11667	954,4
2,13333	954,4
2,15000	954,4
2,16667	954,4
2,18333	954,4
2,20000	954,4
2,21667	953,4
2,23333	953,4
2,25000	953,4
2,26667	953,4
2,28333	955,4
2,30000	955,4
2,31667	955,4
2,33333	955,4
2,35000	955,4
2,36667	955,4
2,38333	954,4
2,40000	954,4
2,41667	954,4
2,43333	954,4
2,45000	954,4
2,46667	954,4
2,48333	954,4
2,50000	954,4
2,51667	953,4
2,53333	953,4
2,55000	953,4
2,56667	953,4
2,58333	955,4
2,60000	955,4
2,61667	955,4
2,63333	955,4
2,65000	955,4
2,66667	955,4
2,68333	954,4
2,70000	954,4
2,71667	955,4
2,73333	955,4
2,75000	955,4
2,76667	955,4
2,78333	954,4
2,80000	954,4
2,81667	953,4
2,83333	953,4
2,85000	953,4
2,86667	953,4
2,88333	954,4
2,90000	954,4
2,91667	955,4
2,93333	955,4
2,95000	955,4
2,96667	955,4
2,98333	954,4
3,00000	954,4
3,01667	954,4
3,03333	954,4
3,05000	954,4
3,06667	954,4
3,08333	954,4
3,10000	954,4
3,11667	953,4
3,13333	953,4
3,15000	953,4
3,16667	953,4
3,18333	954,4
3,20000	954,4
3,21667	955,4
3,23333	955,4
3,25000	955,4
3,26667	955,4
3,28333	954,4
3,30000	954,4
3,31667	954,4
3,33333	954,4
3,35000	954,4
3,36667	954,4
3,38333	954,4
3,40000	954,4
3,41667	954,4
3,43333	954,4
3,45000	954,4
3,46667	954,4
3,48333	953,4
3,50000	953,4
3,51667	955,4
3,53333	955,4
3,55000	955,4
3,56667	955,4
3,58333	955,4
3,60000	955,4
3,61667	954,4
3,63333	954,4
3,65000	954,4
3,66667	954,4
3,68333	954,4
3,70000	954,4
3,71667	954,4
3,73333	954,4
3,75000	954,4
3,76667	954,4
3,78333	953,4
3,80000	953,4
3,81667	955,4
3,83333	955,4
3,85000	955,4
3,86667	955,4
3,88333	955,4
3,90000	955,4
3,91667	954,4
3,93333	954,4
3,95000	954,4
3,96667	954,4
3,98333	954,4
4,00000	954,4
4,01667	954,4
4,03333	954,4
4,05000	954,4
4,06667	954,4
4,08333	953,4
4,10000	953,4
4,11667	954,4
4,13333	954,4
4,15000	954,4
4,16667	954,4
4,18333	955,4
4,20000	955,4
4,21667	954,4
4,23333	954,4
4,25000	954,4
4,26667	954,4
4,28333	954,4
4,30000	954,4
4,31667	954,4
4,33333	954,4
4,35000	954,4
4,36667	954,4
4,38333	953,4
4,40000	953,4
4,41667	954,4
4,43333	954,4
4,45000	954,4
4,46667	954,4
4,48333	955,4
4,50000	955,4
4,51667	954,4
4,53333	954,4
4,55000	954,4
4,56667	954,4
4,58333	954,4
4,60000	954,4
4,61667	954,4
4,63333	954,4
4,65000	954,4
4,66667	954,4
4,68333	953,4
4,70000	953,4
4,71667	954,4
4,73333	954,4
4,75000	954,4
4,76667	954,4
4,78333	955,4
4,80000	955,4
4,81667	954,4
4,83333	954,4
4,85000	954,4
4,86667	954,4
4,88333	954,4
4,90000	954,4
4,91667	954,4
4,93333	954,4
4,95000	954,4
4,96667	954,4
4,98333	953,4
5,00000	953,4
5,01667	954,4
5,03333	954,4
5,05000	954,4
5,06667	954,4
5,08333	955,4
5,10000	955,4
5,11667	954,4
5,13333	954,4
5,15000	954,4
5,16667	954,4
5,18333	954,4
5,20000	954,4
5,21667	954,4
5,23333	954,4
5,25000	954,4
5,26667	954,4
5,28333	953,4
5,30000	953,4
5,31667	955,4
5,33333	955,4
5,35000	955,4
5,36667	955,4
5,38333	954,4
5,40000	954,4
5,41667	954,4
5,43333	954,4
5,45000	954,4
5,46667	954,4
5,48333	954,4
5,50000	954,4
5,51667	953,4
5,53333	953,4
5,55000	953,4
5,56667	953,4
5,58333	954,4
5,60000	954,4
5,61667	955,4
5,63333	955,4
5,65000	955,4
5,66667	955,4
5,68333	954,4
5,70000	954,4
5,71667	954,4
5,73333	954,4
5,75000	954,4
5,76667	954,4
5,78333	954,4
5,80000	954,4
5,81667	954,4
5,83333	954,4
5,85000	954,4
5,86667	954,4
5,88333	955,4
5,90000	955,4
5,91667	955,4
5,93333	955,4
5,95000	955,4
5,96667	955,4
5,98333	954,4
6,00000	954,4
6,01667	954,4
6,03333	954,4
6,05000	954,4
6,06667	954,4
6,08333	954,4
6,10000	954,4
6,11667	954,4
6,13333	954,4
6,15000	954,4
6,16667	954,4
6,18333	955,4
6,20000	955,4
6,21667	955,4
6,23333	955,4
6,25000	955,4
6,26667	955,4
6,28333	954,4
6,30000	954,4
6,31667	954,4
6,33333	954,4
6,35000	954,4
6,36667	954,4
6,38333	954,4
6,40000	954,4
6,41667	953,4
6,43333	953,4
6,45000	953,4
6,46667	953,4
6,48333	953,4
6,50000	953,4
6,51667	955,4
6,53333	955,4
6,55000	955,4
6,56667	955,4
6,58333	955,4
6,60000	955,4
6,61667	954,4
6,63333	954,4
6,65000	954,4
6,66667	954,4
6,68333	954,4
6,70000	954,4
6,71667	954,4
6,73333	954,4
6,75000	954,4
6,76667	954,4
6,78333	953,4
6,80000	953,4
6,81667	954,4
6,83333	954,4
6,85000	954,4
6,86667	954,4
6,88333	954,4
6,90000	954,4
6,91667	954,4
6,93333	954,4
6,95000	954,4
6,96667	954,4
6,98333	954,4
7,00000	954,4
7,01667	954,4
7,03333	954,4
7,05000	954,4
7,06667	954,4
7,08333	953,4
7,10000	953,4
7,11667	953,4
7,13333	954,4
7,15000	954,4
7,16667	954,4
7,18333	955,4
7,20000	955,4
7,21667	954,4
7,23333	954,4
7,25000	954,4
7,26667	954,4
7,28333	954,4
7,30000	954,4
7,31667	954,4
7,33333	954,4
7,35000	954,4
7,36667	954,4
7,38333	953,4
7,40000	953,4
7,41667	954,4
7,43333	954,4
7,45000	954,4
7,46667	954,4
7,48333	954,4
7,50000	954,4
7,51667	954,4
7,53333	954,4
7,55000	954,4
7,56667	954,4
7,58333	954,4
7,60000	954,4
7,61667	953,4
7,63333	953,4
7,65000	953,4
7,66667	953,4
7,68333	954,4
7,70000	954,4
7,71667	955,4
7,73333	955,4
7,75000	955,4
7,76667	955,4
7,78333	954,4
7,80000	954,4
7,81667	954,4
7,83333	954,4
7,85000	954,4
7,86667	954,4
7,88333	954,4
7,90000	954,4
7,91667	954,4
7,93333	954,4
7,95000	954,4
7,96667	954,4
7,98333	954,4
8,00000	954,4
8,01667	955,4
8,03333	955,4
8,05000	955,4
8,06667	955,4
8,08333	955,4
8,10000	955,4
8,11667	954,4
8,13333	954,4
8,15000	954,4
8,16667	954,4
8,18333	954,4
8,20000	954,4
8,21667	954,4
8,23333	954,4
8,25000	954,4
8,26667	954,4
8,28333	953,4
8,30000	953,4
8,31667	955,4
8,33333	955,4
8,35000	955,4
8,36667	955,4
8,38333	954,4
8,40000	954,4
8,41667	954,4
8,43333	954,4
8,45000	954,4
8,46667	954,4
8,48333	954,4
8,50000	954,4
8,51667	953,4
8,53333	953,4
8,55000	953,4
8,56667	953,4
8,58333	954,4
8,60000	954,4
8,61667	955,4
8,63333	955,4
8,65000	955,4
8,66667	955,4
8,68333	955,4
8,70000	955,4
8,71667	954,4
8,73333	954,4
8,75000	954,4
8,76667	954,4
8,78333	954,4
8,80000	954,4
8,81667	953,4
8,83333	953,4
8,85000	953,4
8,86667	953,4
8,88333	954,4
8,90000	954,4
8,91667	955,4
8,93333	955,4
8,95000	955,4
8,96667	955,4
8,98333	954,4
9,00000	954,4
9,01667	954,4
9,03333	954,4
9,05000	954,4
9,06667	954,4
9,08333	954,4
9,10000	954,4
9,11667	953,4
9,13333	953,4
9,15000	953,4
9,16667	953,4
9,18333	955,4
9,20000	955,4
9,21667	954,4
9,23333	954,4
9,25000	954,4
9,26667	954,4
9,28333	954,4
9,30000	954,4
9,31667	954,4
9,33333	954,4
9,35000	954,4
9,36667	954,4
9,38333	953,4
9,40000	953,4
9,41667	955,4
9,43333	955,4
9,45000	955,4
9,46667	955,4
9,48333	955,4
9,50000	955,4
9,51667	954,4
9,53333	954,4
9,55000	954,4
9,56667	954,4
9,58333	954,4
9,60000	954,4
9,61667	954,4
9,63333	954,4
9,65000	954,4
9,66667	954,4
9,68333	953,4
9,70000	953,4
9,71667	954,4
9,73333	954,4
9,75000	954,4
9,76667	954,4
9,78333	955,4
9,80000	955,4
9,81667	955,4
9,83333	954,4
9,85000	954,4
9,86667	954,4
9,88333	955,4
9,90000	955,4
9,91667	954,4
9,93333	954,4
9,95000	954,4
9,96667	954,4
9,98333	953,4
10,00000	953,4
10,01667	954,4
10,03333	954,4
10,05000	954,4
10,06667	954,4
10,08333	955,4
10,10000	955,4
10,11667	954,4
10,13333	954,4
10,15000	954,4
10,16667	954,4
10,18333	954,4
10,20000	954,4
10,21667	953,4
10,23333	953,4
10,25000	953,4
10,26667	953,4
10,28333	954,4
10,30000	954,4
10,31667	955,4
10,33333	955,4
10,35000	955,4
10,36667	955,4
10,38333	955,4
10,40000	955,4
10,41667	954,4
10,43333	954,4
10,45000	954,4
10,46667	954,4
10,48333	954,4
10,50000	954,4
10,51667	954,4
10,53333	954,4
10,55000	954,4
10,56667	954,4
10,58333	953,4
10,60000	953,4
10,61667	954,4
10,63333	954,4
10,65000	954,4
10,66667	954,4
10,68333	955,4
10,70000	955,4
10,71667	954,4
10,73333	954,4
10,75000	954,4
10,76667	954,4
10,78333	954,4
10,80000	954,4
10,81667	953,4
10,83333	953,4
10,85000	953,4
10,86667	953,4
10,88333	954,4
10,90000	954,4
10,91667	955,4
10,93333	955,4
10,95000	955,4
10,96667	955,4
10,98333	954,4
11,00000	954,4
11,01667	954,4
11,03333	954,4
11,05000	954,4
11,06667	954,4
11,08333	954,4
11,10000	954,4
11,11667	953,4
11,13333	953,4
11,15000	953,4
11,16667	953,4
11,18333	954,4
11,20000	954,4
11,21667	955,4
11,23333	955,4
11,25000	955,4
11,26667	955,4
11,28333	954,4
11,30000	954,4
11,31667	954,4
11,33333	954,4
11,35000	954,4
11,36667	954,4
11,38333	954,4
11,40000	954,4
11,41667	954,4
11,43333	954,4
11,45000	954,4
11,46667	954,4
11,48333	954,4
11,50000	954,4
11,51667	954,4
11,53333	954,4
11,55000	954,4
11,56667	954,4
11,58333	954,4
11,60000	954,4
11,61667	954,4
11,63333	954,4
11,65000	954,4
11,66667	954,4
11,68333	953,4
11,70000	953,4
11,71667	954,4
11,73333	954,4
11,75000	954,4
11,76667	954,4
11,78333	955,4
11,80000	955,4
11,81667	955,4
11,83333	955,4
11,85000	955,4
11,86667	955,4
11,88333	954,4
11,90000	954,4
11,91667	954,4
11,93333	954,4
11,95000	954,4
11,96667	954,4
11,98333	953,4
12,00000	953,4
12,01667	954,4
12,03333	954,4
12,05000	954,4
12,06667	954,4
12,08333	954,4
12,10000	954,4
12,11667	954,4
12,13333	954,4
12,15000	954,4
12,16667	954,4
12,18333	955,4
12,20000	955,4
12,21667	954,4
12,23333	954,4
12,25000	954,4
12,26667	954,4
12,28333	953,4
12,30000	953,4
12,31667	955,4
12,33333	955,4
12,35000	955,4
12,36667	955,4
12,38333	954,4
12,40000	954,4
12,41667	954,4
12,43333	954,4
12,45000	954,4
12,46667	954,4
12,48333	954,4
12,50000	954,4
12,51667	953,4
12,53333	953,4
12,55000	953,4
12,56667	953,4
12,58333	954,4
12,60000	954,4
12,61667	955,4
12,63333	955,4
12,65000	955,4
12,66667	955,4
12,68333	954,4
12,70000	954,4
12,71667	954,4
12,73333	954,4
12,75000	954,4
12,76667	954,4
12,78333	954,4
12,80000	954,4
12,81667	953,4
12,83333	953,4
12,85000	953,4
12,86667	953,4
12,88333	954,4
12,90000	954,4
12,91667	955,4
12,93333	955,4
12,95000	955,4
12,96667	955,4
12,98333	954,4
13,00000	954,4
13,01667	955,4
13,03333	955,4
13,05000	955,4
13,06667	955,4
13,08333	954,4
13,10000	954,4
13,11667	953,4
13,13333	953,4
13,15000	953,4
13,16667	953,4
13,18333	954,4
13,20000	954,4
13,21667	955,4
13,23333	955,4
13,25000	955,4
13,26667	955,4
13,28333	954,4
13,30000	954,4
13,31667	954,4
13,33333	954,4
13,35000	954,4
13,36667	954,4
13,38333	954,4
13,40000	954,4
13,41667	953,4
13,43333	953,4
13,45000	953,4
13,46667	953,4
13,48333	954,4
13,50000	954,4
13,51667	955,4
13,53333	955,4
13,55000	955,4
13,56667	955,4
13,58333	954,4
13,60000	954,4
13,61667	955,4
13,63333	955,4
13,65000	955,4
13,66667	955,4
13,68333	954,4
13,70000	954,4
13,71667	953,4
13,73333	953,4
13,75000	953,4
13,76667	953,4
13,78333	955,4
13,80000	955,4
13,81667	954,4
13,83333	954,4
13,85000	954,4
13,86667	954,4
13,88333	954,4
13,90000	954,4
13,91667	954,4
13,93333	954,4
13,95000	954,4
13,96667	954,4
13,98333	953,4
14,00000	953,4
14,01667	954,4
14,03333	954,4
14,05000	954,4
14,06667	954,4
14,08333	955,4
14,10000	955,4
14,11667	954,4
14,13333	954,4
14,15000	954,4
14,16667	954,4
14,18333	954,4
14,20000	954,4
14,21667	954,4
14,23333	954,4
14,25000	954,4
14,26667	954,4
14,28333	953,4
14,30000	953,4
14,31667	954,4
14,33333	954,4
14,35000	954,4
14,36667	954,4
14,38333	954,4
14,40000	954,4
14,41667	954,4
14,43333	954,4
14,45000	954,4
14,46667	954,4
14,48333	954,4
14,50000	954,4
14,51667	953,4
14,53333	953,4
14,55000	953,4
14,56667	953,4
14,58333	954,4
14,60000	954,4
14,61667	955,4
14,63333	955,4
14,65000	955,4
14,66667	955,4
14,68333	955,4
14,70000	955,4
14,71667	954,4
14,73333	954,4
14,75000	954,4
14,76667	954,4
14,78333	954,4
14,80000	954,4
14,81667	954,4
14,83333	953,4
14,85000	953,4
14,86667	953,4
14,88333	953,4
14,90000	953,4
14,91667	955,4
14,93333	955,4
14,95000	955,4
14,96667	955,4
14,98333	955,4
15,00000	955,4
15,01667	954,4
15,03333	954,4
15,05000	954,4
15,06667	954,4
15,08333	954,4
15,10000	954,4
15,11667	954,4
15,13333	954,4
15,15000	954,4
15,16667	954,4
15,18333	953,4
15,20000	953,4
15,21667	953,4
15,23333	955,4
15,25000	955,4
15,26667	955,4
15,28333	954,4
15,30000	954,4
15,31667	954,4
15,33333	954,4
15,35000	954,4
15,36667	954,4
15,38333	954,4
15,40000	954,4
15,41667	954,4
15,43333	954,4
15,45000	954,4
15,46667	954,4
15,48333	954,4
15,50000	954,4
15,51667	955,4
15,53333	955,4
15,55000	955,4
15,56667	955,4
15,58333	954,4
15,60000	954,4
15,61667	954,4
15,63333	954,4
15,65000	954,4
15,66667	954,4
15,68333	954,4
15,70000	954,4
15,71667	953,4
15,73333	953,4
15,75000	953,4
15,76667	953,4
15,78333	954,4
15,80000	954,4
15,81667	955,4
15,83333	955,4
15,85000	955,4
15,86667	955,4
15,88333	954,4
15,90000	954,4
15,91667	954,4
15,93333	954,4
15,95000	954,4
15,96667	954,4
15,98333	954,4
16,00000	954,4
16,01667	953,4
16,03333	953,4
16,05000	953,4
16,06667	953,4
16,08333	954,4
16,10000	954,4
16,11667	955,4
16,13333	955,4
16,15000	955,4
16,16667	955,4
16,18333	954,4
16,20000	954,4
16,21667	954,4
16,23333	954,4
16,25000	954,4
16,26667	954,4
16,28333	954,4
16,30000	954,4
16,31667	953,4
16,33333	953,4
16,35000	953,4
16,36667	953,4
16,38333	955,4
16,40000	955,4
16,41667	955,4
16,43333	955,4
16,45000	955,4
16,46667	955,4
16,48333	954,4
16,50000	954,4
16,51667	954,4
16,53333	954,4
16,55000	954,4
16,56667	954,4
16,58333	954,4
16,60000	954,4
16,61667	954,4
16,63333	954,4
16,65000	954,4
16,66667	954,4
16,68333	955,4
16,70000	955,4
16,71667	954,4
16,73333	954,4
16,75000	954,4
16,76667	954,4
16,78333	954,4
16,80000	954,4
16,81667	954,4
16,83333	954,4
16,85000	954,4
16,86667	954,4
16,88333	953,4
16,90000	953,4
16,91667	954,4
16,93333	954,4
16,95000	954,4
16,96667	954,4
16,98333	955,4
17,00000	955,4
17,01667	954,4
17,03333	954,4
17,05000	954,4
17,06667	954,4
17,08333	954,4
17,10000	954,4
17,11667	954,4
17,13333	954,4
17,15000	954,4
17,16667	954,4
17,18333	953,4
17,20000	953,4
17,21667	955,4
17,23333	955,4
17,25000	955,4
17,26667	955,4
17,28333	955,4
17,30000	955,4
17,31667	954,4
17,33333	954,4
17,35000	954,4
17,36667	954,4
17,38333	954,4
17,40000	954,4
17,41667	953,4
17,43333	953,4
17,45000	953,4
17,46667	953,4
17,48333	954,4
17,50000	954,4
17,51667	954,4
17,53333	955,4
17,55000	955,4
17,56667	955,4
17,58333	954,4
17,60000	954,4
17,61667	954,4
17,63333	954,4
17,65000	954,4
17,66667	954,4
17,68333	954,4
17,70000	954,4
17,71667	954,4
17,73333	954,4
17,75000	954,4
17,76667	954,4
17,78333	955,4
17,80000	955,4
17,81667	954,4
17,83333	954,4
17,85000	954,4
17,86667	954,4
17,88333	954,4
17,90000	954,4
17,91667	954,4
17,93333	954,4
17,95000	954,4
17,96667	954,4
17,98333	953,4
18,00000	953,4
18,01667	955,4
18,03333	955,4
18,05000	955,4
18,06667	955,4
18,08333	955,4
18,10000	955,4
18,11667	954,4
18,13333	954,4
18,15000	954,4
18,16667	954,4
18,18333	955,4
18,20000	955,4
18,21667	954,4
18,23333	954,4
18,25000	954,4
18,26667	954,4
18,28333	953,4
18,30000	953,4
18,31667	955,4
18,33333	955,4
18,35000	955,4
18,36667	955,4
18,38333	954,4
18,40000	954,4
18,41667	954,4
18,43333	954,4
18,45000	954,4
18,46667	954,4
18,48333	954,4
18,50000	954,4
18,51667	953,4
18,53333	953,4
18,55000	953,4
18,56667	953,4
18,58333	954,4
18,60000	954,4
18,61667	955,4
18,63333	955,4
18,65000	955,4
18,66667	955,4
18,68333	954,4
18,70000	954,4
18,71667	954,4
18,73333	954,4
18,75000	954,4
18,76667	954,4
18,78333	954,4
18,80000	954,4
18,81667	953,4
18,83333	953,4
18,85000	953,4
18,86667	953,4
18,88333	954,4
18,90000	954,4
18,91667	955,4
18,93333	955,4
18,95000	955,4
18,96667	955,4
18,98333	954,4
19,00000	954,4
19,01667	954,4
19,03333	954,4
19,05000	954,4
19,06667	954,4
19,08333	954,4
19,10000	954,4
19,11667	954,4
19,13333	954,4
19,15000	954,4
19,16667	954,4
19,18333	954,4
19,20000	954,4
19,21667	955,4
19,23333	955,4
19,25000	955,4
19,26667	955,4
19,28333	954,4
19,30000	954,4
19,31667	954,4
19,33333	954,4
19,35000	954,4
19,36667	954,4
19,38333	953,4
19,40000	953,4
19,41667	954,4
19,43333	954,4
19,45000	954,4
19,46667	954,4
19,48333	955,4
19,50000	955,4
19,51667	954,4
19,53333	954,4
19,55000	954,4
19,56667	954,4
19,58333	954,4
19,60000	954,4
19,61667	954,4
19,63333	954,4
19,65000	954,4
19,66667	954,4
19,68333	953,4
19,70000	953,4
19,71667	954,4
19,73333	954,4
19,75000	954,4
19,76667	954,4
19,78333	955,4
19,80000	955,4
19,81667	955,4
19,83333	954,4
19,85000	954,4
19,86667	954,4
19,88333	955,4
19,90000	955,4
19,91667	953,4
19,93333	953,4
19,95000	953,4
19,96667	953,4
19,98333	954,4
20,00000	954,4
20,01667	955,4
20,03333	955,4
20,05000	955,4
20,06667	955,4
20,08333	954,4
20,10000	954,4
20,11667	954,4
20,13333	954,4
20,15000	954,4
20,16667	954,4
20,18333	954,4
20,20000	954,4
20,21667	954,4
20,23333	953,4
20,25000	953,4
20,26667	953,4
20,28333	954,4
20,30000	954,4
20,31667	954,4
20,33333	954,4
20,35000	954,4
20,36667	954,4
20,38333	954,4
20,40000	954,4
20,41667	954,4
20,43333	954,4
20,45000	954,4
20,46667	954,4
20,48333	954,4
20,50000	954,4
20,51667	954,4
20,53333	954,4
20,55000	954,4
20,56667	954,4
20,58333	955,4
20,60000	955,4
20,61667	955,4
20,63333	954,4
20,65000	954,4
20,66667	954,4
20,68333	954,4
20,70000	954,4
20,71667	954,4
20,73333	954,4
20,75000	954,4
20,76667	954,4
20,78333	953,4
20,80000	953,4
20,81667	954,4
20,83333	954,4
20,85000	954,4
20,86667	954,4
20,88333	954,4
20,90000	954,4
20,91667	954,4
20,93333	954,4
20,95000	954,4
20,96667	954,4
20,98333	954,4
21,00000	954,4
21,01667	953,4
21,03333	953,4
21,05000	953,4
21,06667	953,4
21,08333	954,4
21,10000	954,4
21,11667	954,4
21,13333	954,4
21,15000	954,4
21,16667	954,4
21,18333	954,4
21,20000	954,4
21,21667	953,4
21,23333	953,4
21,25000	953,4
21,26667	953,4
21,28333	955,4
21,30000	955,4
21,31667	954,4
21,33333	954,4
21,35000	954,4
21,36667	954,4
21,38333	955,4
21,40000	955,4
21,41667	954,4
21,43333	954,4
21,45000	954,4
21,46667	954,4
21,48333	953,4
21,50000	953,4
21,51667	955,4
21,53333	955,4
21,55000	955,4
21,56667	955,4
21,58333	955,4
21,60000	955,4
21,61667	954,4
21,63333	954,4
21,65000	954,4
21,66667	954,4
21,68333	954,4
21,70000	954,4
21,71667	954,4
21,73333	953,4
21,75000	953,4
21,76667	953,4
21,78333	955,4
21,80000	955,4
21,81667	954,4
21,83333	954,4
21,85000	954,4
21,86667	954,4
21,88333	954,4
21,90000	954,4
21,91667	954,4
21,93333	954,4
21,95000	954,4
21,96667	954,4
21,98333	954,4
22,00000	954,4
22,01667	955,4
22,03333	955,4
22,05000	955,4
22,06667	955,4
22,08333	954,4
22,10000	954,4
22,11667	954,4
22,13333	954,4
22,15000	954,4
22,16667	954,4
22,18333	953,4
22,20000	953,4
22,21667	954,4
22,23333	954,4
22,25000	954,4
22,26667	954,4
22,28333	955,4
22,30000	955,4
22,31667	954,4
22,33333	954,4
22,35000	954,4
22,36667	954,4
22,38333	954,4
22,40000	954,4
22,41667	954,4
22,43333	954,4
22,45000	954,4
22,46667	954,4
22,48333	955,4
22,50000	955,4
22,51667	955,4
22,53333	954,4
22,55000	954,4
22,56667	954,4
22,58333	954,4
22,60000	954,4
22,61667	953,4
22,63333	953,4
22,65000	953,4
22,66667	953,4
22,68333	954,4
22,70000	954,4
22,71667	955,4
22,73333	955,4
22,75000	955,4
22,76667	955,4
22,78333	954,4
22,80000	954,4
22,81667	954,4
22,83333	954,4
22,85000	954,4
22,86667	954,4
22,88333	953,4
22,90000	953,4
22,91667	953,4
22,93333	955,4
22,95000	955,4
22,96667	955,4
22,98333	954,4
23,00000	954,4
23,01667	954,4
23,03333	954,4
23,05000	954,4
23,06667	954,4
23,08333	954,4
23,10000	954,4
23,11667	955,4
23,13333	955,4
23,15000	955,4
23,16667	955,4
23,18333	954,4
23,20000	954,4
23,21667	954,4
23,23333	954,4
23,25000	954,4
23,26667	954,4
23,28333	953,4
23,30000	953,4
23,31667	953,4
23,33333	954,4
23,35000	954,4
23,36667	954,4
23,38333	955,4
23,40000	955,4
23,41667	954,4
23,43333	954,4
23,45000	954,4
23,46667	954,4
23,48333	954,4
23,50000	954,4
23,51667	953,4
23,53333	953,4
23,55000	953,4
23,56667	953,4
23,58333	955,4
23,60000	955,4
23,61667	954,4
23,63333	954,4
23,65000	954,4
23,66667	954,4
23,68333	954,4
23,70000	954,4
23,71667	953,4
23,73333	953,4
23,75000	953,4
23,76667	953,4
23,78333	954,4
23,80000	954,4
23,81667	955,4
23,83333	955,4
23,85000	955,4
23,86667	955,4
23,88333	954,4
23,90000	954,4
23,91667	954,4
23,93333	954,4
23,95000	954,4
23,96667	954,4
23,98333	953,4
24,00000	953,4
24,01667	955,4
24,03333	955,4
24,05000	955,4
24,06667	955,4
24,08333	954,4
24,10000	954,4
24,11667	954,4
24,13333	954,4
24,15000	954,4
24,16667	954,4
24,18333	954,4
24,20000	954,4
24,21667	954,4
24,23333	954,4
24,25000	954,4
24,26667	954,4
24,28333	955,4
24,30000	955,4
24,31667	954,4
24,33333	954,4
24,35000	954,4
24,36667	954,4
24,38333	954,4
24,40000	954,4
24,41667	954,4
24,43333	953,4
24,45000	953,4
24,46667	953,4
24,48333	955,4
24,50000	955,4
24,51667	954,4
24,53333	954,4
24,55000	954,4
24,56667	954,4
24,58333	954,4
24,60000	954,4
24,61667	954,4
24,63333	954,4
24,65000	954,4
24,66667	954,4
24,68333	955,4
24,70000	955,4
24,71667	954,4
24,73333	954,4
24,75000	954,4
24,76667	954,4
24,78333	954,4
24,80000	954,4
24,81667	954,4
24,83333	954,4
24,85000	954,4
24,86667	954,4
24,88333	953,4
24,90000	953,4
24,91667	954,4
24,93333	954,4
24,95000	954,4
24,96667	954,4
24,98333	954,4
25,00000	954,4
25,01667	954,4
25,03333	954,4
25,05000	954,4
25,06667	954,4
25,08333	953,4
25,10000	953,4
25,11667	955,4
25,13333	955,4
25,15000	955,4
25,16667	955,4
25,18333	954,4
25,20000	954,4
25,21667	954,4
25,23333	954,4
25,25000	954,4
25,26667	954,4
25,28333	954,4
25,30000	954,4
25,31667	954,4
25,33333	954,4
25,35000	954,4
25,36667	954,4
25,38333	955,4
25,40000	955,4
25,41667	954,4
25,43333	954,4
25,45000	954,4
25,46667	954,4
25,48333	954,4
25,50000	954,4
25,51667	953,4
25,53333	953,4
25,55000	953,4
25,56667	953,4
25,58333	955,4
25,60000	955,4
25,61667	955,4
25,63333	955,4
25,65000	955,4
25,66667	955,4
25,68333	954,4
25,70000	954,4
25,71667	954,4
25,73333	954,4
25,75000	954,4
25,76667	954,4
25,78333	954,4
25,80000	954,4
25,81667	955,4
25,83333	955,4
25,85000	955,4
25,86667	955,4
25,88333	954,4
25,90000	954,4
25,91667	954,4
25,93333	954,4
25,95000	954,4
25,96667	954,4
25,98333	954,4
26,00000	954,4
26,01667	954,4
26,03333	954,4
26,05000	954,4
26,06667	954,4
26,08333	955,4
26,10000	955,4
26,11667	954,4
26,13333	954,4
26,15000	954,4
26,16667	954,4
26,18333	954,4
26,20000	954,4
26,21667	954,4
26,23333	954,4
26,25000	954,4
26,26667	954,4
26,28333	953,4
26,30000	953,4
26,31667	955,4
26,33333	955,4
26,35000	955,4
26,36667	955,4
26,38333	954,4
26,40000	954,4
26,41667	954,4
26,43333	954,4
26,45000	954,4
26,46667	954,4
26,48333	954,4
26,50000	954,4
26,51667	953,4
26,53333	953,4
26,55000	953,4
26,56667	953,4
26,58333	954,4
26,60000	954,4
26,61667	955,4
26,63333	955,4
26,65000	955,4
26,66667	955,4
26,68333	954,4
26,70000	954,4
26,71667	954,4
26,73333	954,4
26,75000	954,4
26,76667	954,4
26,78333	954,4
26,80000	954,4
26,81667	954,4
26,83333	954,4
26,85000	954,4
26,86667	954,4
26,88333	955,4
26,90000	955,4
26,91667	955,4
26,93333	955,4
26,95000	955,4
26,96667	955,4
26,98333	954,4
27,00000	954,4
27,01667	955,4
27,03333	955,4
27,05000	955,4
27,06667	955,4
27,08333	954,4
27,10000	954,4
27,11667	954,4
27,13333	954,4
27,15000	954,4
27,16667	954,4
27,18333	954,4
27,20000	954,4
27,21667	955,4
27,23333	955,4
27,25000	955,4
27,26667	955,4
27,28333	955,4
27,30000	955,4
27,31667	954,4
27,33333	954,4
27,35000	954,4
27,36667	954,4
27,38333	954,4
27,40000	954,4
27,41667	954,4
27,43333	954,4
27,45000	954,4
27,46667	954,4
27,48333	953,4
27,50000	953,4
27,51667	953,4
27,53333	954,4
27,55000	954,4
27,56667	954,4
27,58333	955,4
27,60000	955,4
27,61667	954,4
27,63333	954,4
27,65000	954,4
27,66667	954,4
27,68333	954,4
27,70000	954,4
27,71667	954,4
27,73333	954,4
27,75000	954,4
27,76667	954,4
27,78333	954,4
27,80000	954,4
27,81667	953,4
27,83333	953,4
27,85000	953,4
27,86667	953,4
27,88333	954,4
27,90000	954,4
27,91667	954,4
27,93333	955,4
27,95000	955,4
27,96667	955,4
27,98333	954,4
28,00000	954,4
28,01667	954,4
28,03333	954,4
28,05000	954,4
28,06667	954,4
28,08333	954,4
28,10000	954,4
28,11667	953,4
28,13333	953,4
28,15000	953,4
28,16667	953,4
28,18333	954,4
28,20000	954,4
28,21667	955,4
28,23333	955,4
28,25000	955,4
28,26667	955,4
28,28333	954,4
28,30000	954,4
28,31667	954,4
28,33333	955,4
28,35000	955,4
28,36667	955,4
28,38333	955,4
28,40000	955,4
28,41667	954,4
28,43333	954,4
28,45000	954,4
28,46667	954,4
28,48333	953,4
28,50000	953,4
28,51667	954,4
28,53333	954,4
28,55000	954,4
28,56667	954,4
28,58333	954,4
28,60000	954,4
28,61667	954,4
28,63333	954,4
28,65000	954,4
28,66667	954,4
28,68333	954,4
28,70000	954,4
28,71667	954,4
28,73333	954,4
28,75000	954,4
28,76667	954,4
28,78333	954,4
28,80000	954,4
28,81667	953,4
28,83333	953,4
28,85000	953,4
28,86667	953,4
28,88333	954,4
28,90000	954,4
28,91667	955,4
28,93333	955,4
28,95000	955,4
28,96667	955,4
28,98333	954,4
29,00000	954,4
29,01667	954,4
29,03333	954,4
29,05000	954,4
29,06667	954,4
29,08333	954,4
29,10000	954,4
29,11667	954,4
29,13333	954,4
29,15000	954,4
29,16667	954,4
29,18333	953,4
29,20000	953,4
29,21667	954,4
29,23333	954,4
29,25000	954,4
29,26667	954,4
29,28333	955,4
29,30000	955,4
29,31667	954,4
29,33333	954,4
29,35000	954,4
29,36667	954,4
29,38333	954,4
29,40000	954,4
29,41667	954,4
29,43333	954,4
29,45000	954,4
29,46667	954,4
29,48333	954,4
29,50000	954,4
29,51667	953,4
29,53333	953,4
29,55000	953,4
29,56667	953,4
29,58333	954,4
29,60000	954,4
29,61667	955,4
29,63333	955,4
29,65000	955,4
29,66667	955,4
29,68333	954,4
29,70000	954,4
29,71667	954,4
29,73333	954,4
29,75000	954,4
29,76667	954,4
29,78333	954,4
29,80000	954,4
29,81667	954,4
29,83333	953,4
29,85000	953,4
29,86667	953,4
29,88333	954,4
29,90000	954,4
29,91667	954,4
29,93333	954,4
29,95000	954,4
29,96667	954,4
29,98333	955,4
30,00000	955,4
30,01667	954,4
30,03333	954,4
30,05000	954,4
30,06667	954,4
30,08333	954,4
30,10000	954,4
30,11667	954,4
30,13333	954,4
30,15000	954,4
30,16667	954,4
30,18333	953,4
30,20000	953,4
30,21667	953,4
30,23333	953,4
30,25000	953,4
30,26667	953,4
30,28333	955,4
30,30000	955,4
30,31667	954,4
30,33333	954,4
30,35000	954,4
30,36667	954,4
30,38333	954,4
30,40000	954,4
30,41667	954,4
30,43333	954,4
30,45000	954,4
30,46667	954,4
30,48333	954,4
30,50000	954,4
30,51667	953,4
30,53333	953,4
30,55000	953,4
30,56667	953,4
30,58333	955,4
30,60000	955,4
30,61667	955,4
30,63333	955,4
30,65000	955,4
30,66667	955,4
30,68333	954,4
30,70000	954,4
30,71667	954,4
30,73333	954,4
30,75000	954,4
30,76667	954,4
30,78333	954,4
30,80000	954,4
30,81667	953,4
30,83333	953,4
30,85000	953,4
30,86667	953,4
30,88333	954,4
30,90000	954,4
30,91667	955,4
30,93333	955,4
30,95000	955,4
30,96667	955,4
30,98333	954,4
31,00000	954,4
31,01667	954,4
31,03333	954,4
31,05000	954,4
31,06667	954,4
31,08333	954,4
31,10000	954,4
31,11667	954,4
31,13333	954,4
31,15000	954,4
31,16667	954,4
31,18333	955,4
31,20000	955,4
31,21667	955,4
31,23333	955,4
31,25000	955,4
31,26667	955,4
31,28333	954,4
31,30000	954,4
31,31667	954,4
31,33333	954,4
31,35000	954,4
31,36667	954,4
31,38333	954,4
31,40000	954,4
31,41667	954,4
31,43333	953,4
31,45000	953,4
31,46667	953,4
31,48333	954,4
31,50000	954,4
31,51667	955,4
31,53333	955,4
31,55000	955,4
31,56667	955,4
31,58333	954,4
31,60000	954,4
31,61667	954,4
31,63333	954,4
31,65000	954,4
31,66667	954,4
31,68333	954,4
31,70000	954,4
31,71667	953,4
31,73333	953,4
31,75000	953,4
31,76667	953,4
31,78333	953,4
31,80000	953,4
31,81667	955,4
31,83333	955,4
31,85000	955,4
31,86667	955,4
31,88333	954,4
31,90000	954,4
31,91667	954,4
31,93333	954,4
31,95000	954,4
31,96667	954,4
31,98333	954,4
32,00000	954,4

[LC Status Trace(Pump B Pressure)]
Interval(msec)	1000
# of Points	1921
Start Time(min)	0,000
End Time(min)	32,000
Intensity Units	bar
Intensity Multiplier	0,980665
R.Time (min)	Intensity
0,00000	78,3
0,01667	78,3
0,03333	76,5
0,05000	76,6
0,06667	77,1
0,08333	77,1
0,10000	78,4
0,11667	78,9
0,13333	79,2
0,15000	79,2
0,16667	79,0
0,18333	79,0
0,20000	78,7
0,21667	78,9
0,23333	78,9
0,25000	79,0
0,26667	79,1
0,28333	79,1
0,30000	79,1
0,31667	79,2
0,33333	79,2
0,35000	79,2
0,36667	79,3
0,38333	79,3
0,40000	79,1
0,41667	79,1
0,43333	79,2
0,45000	79,2
0,46667	79,2
0,48333	79,2
0,50000	79,1
0,51667	79,2
0,53333	79,2
0,55000	79,2
0,56667	79,2
0,58333	79,2
0,60000	79,2
0,61667	79,1
0,63333	79,2
0,65000	79,2
0,66667	79,2
0,68333	79,2
0,70000	79,2
0,71667	79,1
0,73333	79,2
0,75000	79,2
0,76667	79,2
0,78333	79,2
0,80000	79,2
0,81667	79,2
0,83333	79,1
0,85000	79,3
0,86667	79,2
0,88333	79,2
0,90000	79,2
0,91667	79,1
0,93333	79,2
0,95000	79,2
0,96667	79,2
0,98333	79,2
1,00000	79,1
1,01667	79,1
1,03333	79,1
1,05000	79,2
1,06667	79,1
1,08333	79,1
1,10000	79,1
1,11667	79,1
1,13333	79,2
1,15000	79,2
1,16667	79,2
1,18333	79,2
1,20000	79,1
1,21667	79,1
1,23333	79,2
1,25000	79,1
1,26667	79,2
1,28333	79,2
1,30000	79,1
1,31667	79,1
1,33333	79,2
1,35000	79,1
1,36667	79,1
1,38333	79,1
1,40000	79,1
1,41667	79,1
1,43333	79,2
1,45000	79,1
1,46667	79,1
1,48333	79,1
1,50000	79,1
1,51667	79,1
1,53333	79,1
1,55000	79,1
1,56667	79,0
1,58333	79,0
1,60000	79,1
1,61667	79,1
1,63333	79,0
1,65000	79,1
1,66667	79,1
1,68333	79,1
1,70000	79,1
1,71667	79,0
1,73333	79,0
1,75000	79,0
1,76667	79,1
1,78333	79,1
1,80000	79,0
1,81667	79,1
1,83333	79,0
1,85000	79,0
1,86667	79,0
1,88333	79,0
1,90000	79,0
1,91667	79,0
1,93333	79,0
1,95000	78,9
1,96667	79,0
1,98333	79,0
2,00000	79,0
2,01667	79,0
2,03333	79,0
2,05000	78,9
2,06667	79,0
2,08333	79,0
2,10000	79,0
2,11667	78,9
2,13333	78,9
2,15000	79,0
2,16667	79,0
2,18333	79,0
2,20000	78,9
2,21667	78,9
2,23333	78,9
2,25000	78,9
2,26667	78,9
2,28333	78,9
2,30000	79,0
2,31667	79,0
2,33333	78,9
2,35000	78,9
2,36667	78,9
2,38333	78,9
2,40000	78,9
2,41667	78,9
2,43333	78,9
2,45000	79,0
2,46667	79,0
2,48333	79,0
2,50000	78,9
2,51667	78,9
2,53333	78,9
2,55000	78,9
2,56667	78,9
2,58333	78,9
2,60000	78,9
2,61667	78,9
2,63333	79,0
2,65000	78,9
2,66667	78,9
2,68333	78,9
2,70000	78,9
2,71667	79,0
2,73333	79,0
2,75000	78,9
2,76667	78,9
2,78333	78,9
2,80000	79,0
2,81667	79,0
2,83333	79,0
2,85000	79,0
2,86667	79,1
2,88333	79,1
2,90000	78,9
2,91667	79,0
2,93333	79,0
2,95000	79,0
2,96667	79,0
2,98333	79,0
3,00000	79,0
3,01667	79,0
3,03333	78,9
3,05000	79,1
3,06667	79,0
3,08333	79,0
3,10000	79,0
3,11667	79,0
3,13333	79,1
3,15000	79,0
3,16667	79,1
3,18333	79,1
3,20000	79,0
3,21667	79,0
3,23333	79,0
3,25000	79,1
3,26667	79,1
3,28333	79,1
3,30000	79,1
3,31667	79,1
3,33333	79,2
3,35000	79,0
3,36667	79,1
3,38333	79,1
3,40000	79,1
3,41667	79,1
3,43333	79,2
3,45000	79,2
3,46667	79,1
3,48333	79,1
3,50000	79,1
3,51667	79,1
3,53333	79,1
3,55000	79,1
3,56667	79,2
3,58333	79,2
3,60000	79,2
3,61667	79,2
3,63333	79,2
3,65000	79,1
3,66667	79,2
3,68333	79,2
3,70000	79,2
3,71667	79,2
3,73333	79,2
3,75000	79,3
3,76667	79,2
3,78333	79,2
3,80000	79,2
3,81667	79,2
3,83333	79,2
3,85000	79,2
3,86667	79,3
3,88333	79,3
3,90000	79,2
3,91667	79,2
3,93333	79,2
3,95000	79,4
3,96667	79,3
3,98333	79,3
4,00000	79,2
4,01667	79,3
4,03333	79,3
4,05000	79,3
4,06667	79,3
4,08333	79,3
4,10000	79,3
4,11667	79,3
4,13333	79,3
4,15000	79,3
4,16667	79,3
4,18333	79,3
4,20000	79,3
4,21667	79,3
4,23333	79,3
4,25000	79,4
4,26667	79,5
4,28333	79,5
4,30000	80,0
4,31667	80,0
4,33333	80,1
4,35000	80,1
4,36667	80,1
4,38333	80,1
4,40000	80,2
4,41667	80,2
4,43333	80,1
4,45000	80,1
4,46667	80,1
4,48333	80,1
4,50000	80,1
4,51667	80,1
4,53333	80,0
4,55000	80,0
4,56667	80,0
4,58333	80,0
4,60000	79,9
4,61667	79,9
4,63333	79,8
4,65000	79,8
4,66667	79,7
4,68333	79,7
4,70000	79,6
4,71667	79,6
4,73333	79,6
4,75000	79,4
4,76667	79,4
4,78333	79,4
4,80000	79,4
4,81667	79,4
4,83333	79,3
4,85000	79,3
4,86667	79,2
4,88333	79,2
4,90000	79,1
4,91667	79,2
4,93333	79,1
4,95000	79,1
4,96667	79,1
4,98333	79,1
5,00000	79,0
5,01667	79,1
5,03333	79,1
5,05000	79,1
5,06667	79,1
5,08333	79,1
5,10000	79,3
5,11667	79,3
5,13333	79,4
5,15000	79,4
5,16667	79,4
5,18333	79,4
5,20000	79,5
5,21667	79,5
5,23333	79,5
5,25000	79,5
5,26667	79,5
5,28333	79,5
5,30000	79,6
5,31667	79,6
5,33333	79,5
5,35000	79,6
5,36667	79,5
5,38333	79,5
5,40000	79,6
5,41667	79,6
5,43333	79,5
5,45000	79,6
5,46667	79,5
5,48333	79,5
5,50000	79,6
5,51667	79,6
5,53333	79,6
5,55000	79,6
5,56667	79,6
5,58333	79,6
5,60000	79,6
5,61667	79,6
5,63333	79,6
5,65000	79,7
5,66667	79,6
5,68333	79,6
5,70000	79,7
5,71667	79,7
5,73333	79,7
5,75000	79,8
5,76667	79,8
5,78333	79,8
5,80000	79,7
5,81667	79,8
5,83333	79,8
5,85000	79,8
5,86667	79,7
5,88333	79,7
5,90000	79,7
5,91667	79,7
5,93333	79,8
5,95000	79,8
5,96667	79,8
5,98333	79,8
6,00000	79,8
6,01667	79,8
6,03333	79,7
6,05000	79,8
6,06667	79,8
6,08333	79,8
6,10000	79,8
6,11667	79,9
6,13333	79,9
6,15000	79,8
6,16667	79,9
6,18333	79,9
6,20000	79,8
6,21667	79,9
6,23333	79,9
6,25000	79,8
6,26667	79,9
6,28333	79,9
6,30000	79,9
6,31667	79,9
6,33333	79,9
6,35000	79,9
6,36667	79,9
6,38333	79,9
6,40000	79,9
6,41667	79,8
6,43333	79,9
6,45000	79,8
6,46667	79,9
6,48333	79,9
6,50000	79,9
6,51667	79,9
6,53333	79,9
6,55000	80,0
6,56667	80,0
6,58333	80,0
6,60000	80,0
6,61667	79,9
6,63333	80,0
6,65000	80,0
6,66667	79,9
6,68333	79,9
6,70000	80,0
6,71667	80,0
6,73333	80,0
6,75000	80,0
6,76667	80,0
6,78333	80,0
6,80000	80,0
6,81667	80,0
6,83333	80,0
6,85000	80,0
6,86667	80,0
6,88333	80,0
6,90000	80,0
6,91667	80,0
6,93333	80,0
6,95000	80,0
6,96667	80,1
6,98333	80,1
7,00000	80,0
7,01667	80,0
7,03333	80,1
7,05000	80,1
7,06667	80,1
7,08333	80,1
7,10000	80,1
7,11667	80,1
7,13333	80,0
7,15000	80,0
7,16667	80,0
7,18333	80,0
7,20000	80,1
7,21667	80,2
7,23333	80,1
7,25000	80,1
7,26667	80,0
7,28333	80,0
7,30000	80,1
7,31667	80,1
7,33333	80,1
7,35000	80,1
7,36667	80,2
7,38333	80,2
7,40000	80,2
7,41667	80,1
7,43333	80,1
7,45000	80,1
7,46667	80,1
7,48333	80,1
7,50000	80,1
7,51667	80,1
7,53333	80,1
7,55000	80,1
7,56667	80,1
7,58333	80,1
7,60000	80,2
7,61667	80,1
7,63333	80,1
7,65000	80,1
7,66667	80,2
7,68333	80,2
7,70000	80,2
7,71667	80,1
7,73333	80,2
7,75000	80,2
7,76667	80,2
7,78333	80,2
7,80000	80,1
7,81667	80,2
7,83333	80,1
7,85000	80,1
7,86667	80,2
7,88333	80,2
7,90000	80,2
7,91667	80,2
7,93333	80,2
7,95000	80,2
7,96667	80,2
7,98333	80,2
8,00000	80,2
8,01667	80,1
8,03333	80,2
8,05000	80,1
8,06667	80,1
8,08333	80,1
8,10000	80,2
8,11667	80,1
8,13333	80,2
8,15000	80,1
8,16667	80,2
8,18333	80,2
8,20000	80,1
8,21667	80,2
8,23333	80,1
8,25000	80,3
8,26667	80,2
8,28333	80,2
8,30000	80,2
8,31667	80,2
8,33333	80,3
8,35000	80,2
8,36667	80,2
8,38333	80,2
8,40000	80,3
8,41667	80,1
8,43333	80,2
8,45000	80,1
8,46667	80,2
8,48333	80,2
8,50000	80,2
8,51667	80,2
8,53333	80,2
8,55000	80,2
8,56667	80,2
8,58333	80,2
8,60000	80,2
8,61667	80,2
8,63333	80,1
8,65000	80,2
8,66667	80,2
8,68333	80,2
8,70000	80,1
8,71667	80,2
8,73333	80,1
8,75000	80,2
8,76667	80,2
8,78333	80,2
8,80000	80,1
8,81667	80,2
8,83333	80,2
8,85000	80,2
8,86667	80,2
8,88333	80,2
8,90000	80,2
8,91667	80,2
8,93333	80,2
8,95000	80,1
8,96667	80,2
8,98333	80,2
9,00000	80,2
9,01667	80,1
9,03333	80,1
9,05000	80,1
9,06667	80,1
9,08333	80,1
9,10000	80,2
9,11667	80,2
9,13333	80,1
9,15000	80,2
9,16667	80,1
9,18333	80,1
9,20000	80,1
9,21667	80,1
9,23333	80,2
9,25000	80,1
9,26667	80,1
9,28333	80,1
9,30000	80,1
9,31667	80,1
9,33333	80,1
9,35000	80,2
9,36667	80,2
9,38333	80,2
9,40000	80,1
9,41667	80,2
9,43333	80,1
9,45000	80,1
9,46667	80,2
9,48333	80,2
9,50000	80,1
9,51667	80,1
9,53333	80,1
9,55000	80,1
9,56667	80,1
9,58333	80,1
9,60000	80,1
9,61667	80,1
9,63333	80,1
9,65000	80,0
9,66667	80,1
9,68333	80,1
9,70000	80,0
9,71667	80,0
9,73333	80,1
9,75000	80,1
9,76667	80,0
9,78333	80,0
9,80000	80,1
9,81667	80,1
9,83333	80,0
9,85000	80,0
9,86667	80,1
9,88333	80,1
9,90000	80,0
9,91667	80,0
9,93333	80,0
9,95000	80,1
9,96667	80,0
9,98333	80,0
10,00000	80,1
10,01667	80,0
10,03333	80,0
10,05000	80,0
10,06667	80,0
10,08333	80,0
10,10000	80,0
10,11667	80,1
10,13333	79,9
10,15000	80,0
10,16667	79,9
10,18333	79,9
10,20000	79,9
10,21667	80,0
10,23333	80,0
10,25000	79,9
10,26667	79,9
10,28333	79,9
10,30000	79,9
10,31667	80,0
10,33333	79,9
10,35000	80,0
10,36667	79,9
10,38333	79,9
10,40000	79,9
10,41667	80,0
10,43333	79,9
10,45000	79,9
10,46667	79,9
10,48333	79,9
10,50000	79,9
10,51667	79,9
10,53333	79,9
10,55000	79,9
10,56667	79,9
10,58333	79,9
10,60000	79,9
10,61667	79,9
10,63333	79,9
10,65000	79,9
10,66667	79,9
10,68333	79,9
10,70000	80,0
10,71667	79,9
10,73333	79,9
10,75000	79,9
10,76667	79,9
10,78333	79,9
10,80000	79,8
10,81667	79,9
10,83333	79,8
10,85000	79,8
10,86667	79,8
10,88333	79,8
10,90000	79,9
10,91667	79,8
10,93333	79,8
10,95000	79,8
10,96667	79,9
10,98333	79,9
11,00000	79,8
11,01667	79,8
11,03333	79,8
11,05000	79,9
11,06667	79,8
11,08333	79,8
11,10000	79,8
11,11667	79,8
11,13333	79,8
11,15000	79,8
11,16667	79,8
11,18333	79,8
11,20000	79,8
11,21667	79,8
11,23333	79,8
11,25000	79,8
11,26667	79,8
11,28333	79,8
11,30000	79,8
11,31667	79,8
11,33333	79,8
11,35000	79,8
11,36667	79,8
11,38333	79,8
11,40000	79,7
11,41667	79,7
11,43333	79,7
11,45000	79,8
11,46667	79,7
11,48333	79,7
11,50000	79,7
11,51667	79,7
11,53333	79,7
11,55000	79,8
11,56667	79,8
11,58333	79,8
11,60000	79,7
11,61667	79,7
11,63333	79,7
11,65000	79,7
11,66667	79,7
11,68333	79,7
11,70000	79,7
11,71667	79,7
11,73333	79,7
11,75000	79,7
11,76667	79,7
11,78333	79,7
11,80000	79,7
11,81667	79,7
11,83333	79,7
11,85000	79,6
11,86667	79,7
11,88333	79,7
11,90000	79,7
11,91667	79,6
11,93333	79,7
11,95000	79,6
11,96667	79,7
11,98333	79,7
12,00000	79,6
12,01667	79,6
12,03333	79,7
12,05000	79,6
12,06667	79,6
12,08333	79,6
12,10000	79,6
12,11667	79,6
12,13333	79,6
12,15000	79,6
12,16667	79,6
12,18333	79,6
12,20000	79,6
12,21667	79,6
12,23333	79,6
12,25000	79,5
12,26667	79,6
12,28333	79,6
12,30000	79,6
12,31667	79,5
12,33333	79,6
12,35000	79,6
12,36667	79,6
12,38333	79,6
12,40000	79,5
12,41667	79,5
12,43333	79,6
12,45000	79,6
12,46667	79,6
12,48333	79,6
12,50000	79,6
12,51667	79,5
12,53333	79,5
12,55000	79,5
12,56667	79,6
12,58333	79,6
12,60000	79,5
12,61667	79,5
12,63333	79,5
12,65000	79,5
12,66667	79,5
12,68333	79,5
12,70000	79,5
12,71667	79,5
12,73333	79,5
12,75000	79,5
12,76667	79,5
12,78333	79,5
12,80000	79,5
12,81667	79,5
12,83333	79,5
12,85000	79,5
12,86667	79,5
12,88333	79,5
12,90000	79,5
12,91667	79,4
12,93333	79,4
12,95000	79,4
12,96667	79,5
12,98333	79,5
13,00000	79,5
13,01667	79,4
13,03333	79,5
13,05000	79,5
13,06667	79,4
13,08333	79,4
13,10000	79,5
13,11667	79,4
13,13333	79,4
13,15000	79,4
13,16667	79,5
13,18333	79,5
13,20000	79,4
13,21667	79,4
13,23333	79,5
13,25000	79,4
13,26667	79,4
13,28333	79,4
13,30000	79,4
13,31667	79,4
13,33333	79,5
13,35000	79,4
13,36667	79,4
13,38333	79,4
13,40000	79,4
13,41667	79,4
13,43333	79,4
13,45000	79,3
13,46667	79,4
13,48333	79,4
13,50000	79,4
13,51667	79,3
13,53333	79,4
13,55000	79,4
13,56667	79,4
13,58333	79,4
13,60000	79,4
13,61667	79,4
13,63333	79,4
13,65000	79,3
13,66667	79,4
13,68333	79,4
13,70000	79,4
13,71667	79,4
13,73333	79,4
13,75000	79,4
13,76667	79,4
13,78333	79,4
13,80000	79,4
13,81667	79,3
13,83333	79,5
13,85000	79,3
13,86667	79,4
13,88333	79,4
13,90000	79,4
13,91667	79,3
13,93333	79,3
13,95000	79,4
13,96667	79,3
13,98333	79,3
14,00000	79,3
14,01667	79,3
14,03333	79,3
14,05000	79,3
14,06667	79,3
14,08333	79,3
14,10000	79,4
14,11667	79,3
14,13333	79,3
14,15000	79,3
14,16667	79,4
14,18333	79,4
14,20000	79,3
14,21667	79,3
14,23333	79,4
14,25000	79,3
14,26667	79,4
14,28333	79,4
14,30000	79,3
14,31667	79,3
14,33333	79,3
14,35000	79,3
14,36667	79,3
14,38333	79,3
14,40000	79,3
14,41667	79,3
14,43333	79,3
14,45000	79,3
14,46667	79,3
14,48333	79,3
14,50000	79,4
14,51667	79,3
14,53333	79,3
14,55000	79,3
14,56667	79,4
14,58333	79,4
14,60000	79,3
14,61667	79,3
14,63333	79,3
14,65000	79,3
14,66667	79,3
14,68333	79,3
14,70000	79,3
14,71667	79,3
14,73333	79,3
14,75000	79,2
14,76667	79,3
14,78333	79,3
14,80000	79,3
14,81667	79,3
14,83333	79,3
14,85000	79,2
14,86667	79,3
14,88333	79,3
14,90000	79,3
14,91667	79,2
14,93333	79,3
14,95000	79,3
14,96667	79,3
14,98333	79,3
15,00000	79,3
15,01667	79,2
15,03333	79,3
15,05000	79,3
15,06667	79,3
15,08333	79,3
15,10000	79,3
15,11667	79,3
15,13333	79,3
15,15000	79,2
15,16667	79,4
15,18333	79,4
15,20000	79,3
15,21667	79,2
15,23333	79,3
15,25000	79,2
15,26667	79,2
15,28333	79,2
15,30000	79,3
15,31667	79,2
15,33333	79,3
15,35000	79,3
15,36667	79,3
15,38333	79,3
15,40000	79,3
15,41667	79,2
15,43333	79,3
15,45000	79,2
15,46667	79,3
15,48333	79,3
15,50000	79,3
15,51667	79,2
15,53333	79,3
15,55000	79,2
15,56667	79,3
15,58333	79,3
15,60000	79,3
15,61667	79,2
15,63333	79,3
15,65000	79,2
15,66667	79,3
15,68333	79,3
15,70000	79,2
15,71667	79,2
15,73333	79,2
15,75000	79,2
15,76667	79,2
15,78333	79,2
15,80000	79,2
15,81667	79,2
15,83333	79,3
15,85000	79,1
15,86667	79,2
15,88333	79,2
15,90000	79,3
15,91667	79,2
15,93333	79,2
15,95000	79,3
15,96667	79,2
15,98333	79,2
16,00000	79,2
16,01667	79,2
16,03333	79,2
16,05000	79,2
16,06667	79,2
16,08333	79,2
16,10000	79,3
16,11667	79,2
16,13333	79,2
16,15000	79,2
16,16667	79,3
16,18333	79,3
16,20000	79,2
16,21667	79,2
16,23333	79,3
16,25000	79,2
16,26667	79,3
16,28333	79,3
16,30000	79,3
16,31667	79,2
16,33333	79,2
16,35000	79,2
16,36667	79,2
16,38333	79,2
16,40000	79,2
16,41667	79,2
16,43333	79,3
16,45000	79,2
16,46667	79,2
16,48333	79,2
16,50000	79,2
16,51667	79,2
16,53333	79,2
16,55000	79,2
16,56667	79,2
16,58333	79,2
16,60000	79,2
16,61667	79,3
16,63333	79,2
16,65000	79,2
16,66667	79,3
16,68333	79,3
16,70000	79,2
16,71667	79,2
16,73333	79,1
16,75000	79,2
16,76667	79,2
16,78333	79,2
16,80000	79,2
16,81667	79,2
16,83333	79,1
16,85000	79,2
16,86667	79,2
16,88333	79,2
16,90000	79,2
16,91667	79,2
16,93333	79,2
16,95000	79,2
16,96667	79,2
16,98333	79,2
17,00000	79,2
17,01667	79,2
17,03333	79,2
17,05000	79,2
17,06667	79,2
17,08333	79,2
17,10000	79,1
17,11667	79,3
17,13333	79,2
17,15000	79,2
17,16667	79,2
17,18333	79,2
17,20000	79,3
17,21667	79,2
17,23333	79,2
17,25000	79,2
17,26667	79,1
17,28333	79,1
17,30000	79,1
17,31667	79,1
17,33333	79,1
17,35000	79,1
17,36667	79,1
17,38333	79,1
17,40000	79,1
17,41667	79,2
17,43333	79,1
17,45000	79,1
17,46667	79,1
17,48333	79,1
17,50000	79,1
17,51667	79,1
17,53333	79,1
17,55000	79,0
17,56667	79,1
17,58333	79,1
17,60000	79,1
17,61667	79,1
17,63333	79,1
17,65000	79,1
17,66667	79,1
17,68333	79,1
17,70000	79,1
17,71667	79,1
17,73333	79,1
17,75000	79,1
17,76667	79,1
17,78333	79,1
17,80000	79,1
17,81667	79,1
17,83333	79,1
17,85000	79,1
17,86667	79,1
17,88333	79,1
17,90000	79,0
17,91667	79,1
17,93333	79,1
17,95000	79,1
17,96667	79,1
17,98333	79,1
18,00000	79,1
18,01667	79,0
18,03333	79,0
18,05000	79,0
18,06667	79,0
18,08333	79,0
18,10000	79,0
18,11667	79,0
18,13333	79,0
18,15000	79,0
18,16667	79,0
18,18333	79,0
18,20000	79,0
18,21667	79,0
18,23333	79,0
18,25000	78,9
18,26667	78,9
18,28333	78,9
18,30000	78,9
18,31667	78,9
18,33333	78,9
18,35000	78,9
18,36667	79,0
18,38333	79,0
18,40000	79,0
18,41667	78,9
18,43333	78,9
18,45000	78,9
18,46667	78,9
18,48333	78,9
18,50000	78,9
18,51667	78,8
18,53333	78,9
18,55000	78,9
18,56667	78,9
18,58333	78,9
18,60000	78,8
18,61667	78,9
18,63333	78,9
18,65000	78,8
18,66667	78,9
18,68333	78,9
18,70000	78,8
18,71667	78,8
18,73333	78,9
18,75000	78,8
18,76667	78,8
18,78333	78,8
18,80000	78,8
18,81667	78,8
18,83333	78,8
18,85000	78,8
18,86667	78,7
18,88333	78,7
18,90000	78,8
18,91667	78,8
18,93333	78,7
18,95000	78,7
18,96667	78,7
18,98333	78,7
19,00000	78,7
19,01667	78,7
19,03333	78,7
19,05000	78,7
19,06667	78,7
19,08333	78,7
19,10000	78,7
19,11667	78,7
19,13333	78,7
19,15000	78,7
19,16667	78,6
19,18333	78,6
19,20000	78,7
19,21667	78,6
19,23333	78,6
19,25000	78,6
19,26667	78,6
19,28333	78,6
19,30000	78,6
19,31667	78,6
19,33333	78,6
19,35000	78,6
19,36667	78,5
19,38333	78,5
19,40000	78,5
19,41667	78,5
19,43333	78,5
19,45000	78,5
19,46667	78,5
19,48333	78,5
19,50000	78,5
19,51667	78,5
19,53333	78,4
19,55000	78,4
19,56667	78,5
19,58333	78,5
19,60000	78,5
19,61667	78,5
19,63333	78,4
19,65000	78,4
19,66667	78,4
19,68333	78,4
19,70000	78,4
19,71667	78,4
19,73333	78,4
19,75000	78,3
19,76667	78,4
19,78333	78,4
19,80000	78,3
19,81667	78,4
19,83333	78,3
19,85000	78,3
19,86667	78,3
19,88333	78,3
19,90000	78,2
19,91667	78,3
19,93333	78,2
19,95000	78,2
19,96667	78,3
19,98333	78,3
20,00000	78,2
20,01667	78,3
20,03333	78,2
20,05000	78,2
20,06667	78,2
20,08333	78,2
20,10000	78,1
20,11667	78,2
20,13333	78,2
20,15000	78,2
20,16667	78,1
20,18333	78,1
20,20000	78,1
20,21667	78,1
20,23333	78,1
20,25000	78,1
20,26667	78,1
20,28333	78,1
20,30000	78,1
20,31667	78,1
20,33333	78,1
20,35000	78,0
20,36667	78,1
20,38333	78,1
20,40000	78,0
20,41667	78,0
20,43333	78,0
20,45000	77,9
20,46667	78,0
20,48333	78,0
20,50000	77,9
20,51667	77,9
20,53333	77,9
20,55000	77,9
20,56667	77,9
20,58333	77,9
20,60000	77,9
20,61667	77,8
20,63333	77,8
20,65000	77,8
20,66667	77,8
20,68333	77,8
20,70000	77,7
20,71667	77,7
20,73333	77,7
20,75000	77,7
20,76667	77,7
20,78333	77,7
20,80000	77,7
20,81667	77,6
20,83333	77,6
20,85000	77,6
20,86667	77,6
20,88333	77,6
20,90000	77,5
20,91667	77,5
20,93333	77,5
20,95000	77,4
20,96667	77,4
20,98333	77,4
21,00000	77,4
21,01667	77,3
21,03333	77,3
21,05000	77,3
21,06667	77,2
21,08333	77,2
21,10000	77,1
21,11667	77,1
21,13333	77,1
21,15000	77,0
21,16667	77,0
21,18333	77,0
21,20000	76,9
21,21667	76,9
21,23333	76,8
21,25000	76,8
21,26667	76,7
21,28333	76,7
21,30000	76,6
21,31667	76,6
21,33333	76,5
21,35000	76,5
21,36667	76,4
21,38333	76,4
21,40000	76,3
21,41667	76,3
21,43333	76,3
21,45000	76,3
21,46667	76,2
21,48333	76,2
21,50000	76,1
21,51667	76,0
21,53333	76,0
21,55000	75,9
21,56667	75,8
21,58333	75,8
21,60000	75,8
21,61667	75,7
21,63333	75,6
21,65000	75,6
21,66667	75,6
21,68333	75,6
21,70000	75,4
21,71667	75,4
21,73333	75,3
21,75000	75,2
21,76667	75,2
21,78333	75,2
21,80000	75,1
21,81667	75,0
21,83333	75,0
21,85000	74,9
21,86667	74,8
21,88333	74,8
21,90000	74,8
21,91667	74,7
21,93333	74,6
21,95000	74,6
21,96667	74,5
21,98333	74,5
22,00000	74,3
22,01667	74,3
22,03333	74,2
22,05000	74,2
22,06667	74,1
22,08333	74,1
22,10000	74,0
22,11667	73,9
22,13333	73,9
22,15000	73,8
22,16667	73,7
22,18333	73,7
22,20000	73,6
22,21667	73,5
22,23333	73,5
22,25000	73,3
22,26667	73,3
22,28333	73,3
22,30000	73,1
22,31667	73,1
22,33333	73,0
22,35000	72,9
22,36667	72,9
22,38333	72,9
22,40000	72,7
22,41667	72,6
22,43333	72,6
22,45000	72,5
22,46667	72,4
22,48333	72,4
22,50000	72,3
22,51667	72,2
22,53333	72,1
22,55000	72,0
22,56667	71,9
22,58333	71,9
22,60000	71,7
22,61667	71,7
22,63333	71,6
22,65000	71,5
22,66667	71,4
22,68333	71,4
22,70000	71,2
22,71667	71,2
22,73333	71,1
22,75000	71,0
22,76667	71,0
22,78333	71,0
22,80000	70,8
22,81667	70,7
22,83333	70,6
22,85000	70,6
22,86667	70,4
22,88333	70,4
22,90000	70,3
22,91667	70,2
22,93333	70,1
22,95000	70,0
22,96667	69,9
22,98333	69,9
23,00000	69,7
23,01667	69,6
23,03333	69,5
23,05000	69,4
23,06667	69,3
23,08333	69,3
23,10000	69,1
23,11667	69,0
23,13333	68,9
23,15000	68,8
23,16667	68,7
23,18333	68,7
23,20000	68,5
23,21667	68,3
23,23333	68,3
23,25000	68,2
23,26667	68,0
23,28333	68,0
23,30000	67,8
23,31667	67,7
23,33333	67,6
23,35000	67,5
23,36667	67,3
23,38333	67,3
23,40000	67,1
23,41667	67,0
23,43333	66,9
23,45000	66,7
23,46667	66,6
23,48333	66,6
23,50000	66,4
23,51667	66,3
23,53333	66,2
23,55000	66,0
23,56667	66,0
23,58333	66,0
23,60000	65,7
23,61667	65,6
23,63333	65,5
23,65000	65,4
23,66667	65,3
23,68333	65,3
23,70000	65,1
23,71667	65,0
23,73333	64,9
23,75000	64,7
23,76667	64,7
23,78333	64,7
23,80000	64,4
23,81667	64,3
23,83333	64,2
23,85000	64,1
23,86667	64,0
23,88333	64,0
23,90000	63,8
23,91667	63,7
23,93333	63,6
23,95000	63,5
23,96667	63,5
23,98333	63,5
24,00000	63,2
24,01667	63,2
24,03333	63,1
24,05000	63,0
24,06667	62,9
24,08333	62,9
24,10000	62,7
24,11667	62,6
24,13333	62,5
24,15000	62,4
24,16667	62,3
24,18333	62,3
24,20000	62,1
24,21667	62,0
24,23333	62,0
24,25000	61,8
24,26667	61,8
24,28333	61,8
24,30000	61,6
24,31667	61,5
24,33333	61,4
24,35000	61,3
24,36667	61,2
24,38333	61,2
24,40000	61,0
24,41667	60,9
24,43333	60,9
24,45000	60,7
24,46667	60,6
24,48333	60,6
24,50000	60,4
24,51667	60,3
24,53333	60,2
24,55000	60,1
24,56667	60,0
24,58333	60,0
24,60000	59,8
24,61667	59,7
24,63333	59,6
24,65000	59,5
24,66667	59,4
24,68333	59,4
24,70000	59,2
24,71667	59,0
24,73333	58,9
24,75000	58,8
24,76667	58,7
24,78333	58,7
24,80000	58,5
24,81667	58,4
24,83333	58,4
24,85000	58,2
24,86667	58,1
24,88333	58,1
24,90000	57,9
24,91667	57,8
24,93333	57,7
24,95000	57,6
24,96667	57,5
24,98333	57,5
25,00000	57,3
25,01667	57,2
25,03333	57,1
25,05000	57,0
25,06667	56,9
25,08333	56,9
25,10000	56,7
25,11667	56,6
25,13333	56,4
25,15000	56,4
25,16667	56,3
25,18333	56,3
25,20000	56,1
25,21667	56,0
25,23333	55,9
25,25000	55,8
25,26667	55,7
25,28333	55,7
25,30000	55,5
25,31667	55,4
25,33333	55,3
25,35000	55,2
25,36667	55,1
25,38333	55,1
25,40000	55,0
25,41667	54,8
25,43333	54,7
25,45000	54,6
25,46667	54,6
25,48333	54,6
25,50000	54,3
25,51667	54,3
25,53333	54,2
25,55000	54,1
25,56667	54,0
25,58333	54,0
25,60000	53,8
25,61667	53,8
25,63333	53,7
25,65000	53,6
25,66667	53,5
25,68333	53,5
25,70000	53,3
25,71667	53,3
25,73333	53,2
25,75000	53,1
25,76667	53,0
25,78333	53,0
25,80000	52,9
25,81667	52,8
25,83333	52,8
25,85000	52,7
25,86667	52,6
25,88333	52,6
25,90000	52,5
25,91667	52,5
25,93333	52,4
25,95000	52,4
25,96667	52,3
25,98333	52,3
26,00000	52,3
26,01667	52,2
26,03333	52,2
26,05000	52,2
26,06667	52,1
26,08333	52,1
26,10000	52,1
26,11667	52,1
26,13333	52,0
26,15000	52,0
26,16667	52,0
26,18333	52,0
26,20000	51,9
26,21667	52,0
26,23333	52,0
26,25000	52,0
26,26667	51,9
26,28333	51,9
26,30000	52,0
26,31667	51,9
26,33333	51,9
26,35000	52,0
26,36667	52,0
26,38333	52,0
26,40000	52,0
26,41667	52,0
26,43333	52,1
26,45000	52,1
26,46667	52,1
26,48333	52,1
26,50000	52,2
26,51667	52,2
26,53333	52,3
26,55000	52,3
26,56667	52,3
26,58333	52,3
26,60000	52,5
26,61667	52,5
26,63333	52,5
26,65000	52,6
26,66667	52,6
26,68333	52,6
26,70000	52,7
26,71667	52,8
26,73333	52,8
26,75000	52,8
26,76667	52,9
26,78333	52,9
26,80000	53,0
26,81667	53,1
26,83333	53,1
26,85000	53,1
26,86667	53,2
26,88333	53,2
26,90000	53,4
26,91667	53,4
26,93333	53,4
26,95000	53,5
26,96667	53,6
26,98333	53,6
27,00000	53,7
27,01667	53,8
27,03333	53,9
27,05000	53,9
27,06667	54,0
27,08333	54,0
27,10000	54,1
27,11667	54,1
27,13333	54,3
27,15000	54,3
27,16667	54,4
27,18333	54,4
27,20000	54,6
27,21667	54,7
27,23333	54,8
27,25000	54,8
27,26667	54,9
27,28333	54,9
27,30000	55,1
27,31667	55,2
27,33333	55,3
27,35000	55,4
27,36667	55,4
27,38333	55,4
27,40000	55,6
27,41667	55,8
27,43333	55,9
27,45000	55,9
27,46667	56,1
27,48333	56,1
27,50000	56,2
27,51667	56,4
27,53333	56,4
27,55000	56,6
27,56667	56,7
27,58333	56,7
27,60000	56,9
27,61667	57,0
27,63333	57,0
27,65000	57,3
27,66667	57,3
27,68333	57,3
27,70000	57,6
27,71667	57,7
27,73333	57,8
27,75000	57,9
27,76667	58,1
27,78333	58,1
27,80000	58,3
27,81667	58,4
27,83333	58,5
27,85000	58,7
27,86667	58,8
27,88333	58,8
27,90000	59,0
27,91667	59,2
27,93333	59,2
27,95000	59,4
27,96667	59,6
27,98333	59,6
28,00000	59,8
28,01667	59,8
28,03333	59,9
28,05000	60,1
28,06667	60,2
28,08333	60,2
28,10000	60,4
28,11667	60,5
28,13333	60,6
28,15000	60,9
28,16667	60,9
28,18333	60,9
28,20000	61,1
28,21667	61,2
28,23333	61,3
28,25000	61,5
28,26667	61,5
28,28333	61,5
28,30000	61,8
28,31667	61,8
28,33333	61,9
28,35000	62,1
28,36667	62,2
28,38333	62,2
28,40000	62,4
28,41667	62,5
28,43333	62,6
28,45000	62,7
28,46667	62,8
28,48333	62,8
28,50000	63,0
28,51667	63,2
28,53333	63,3
28,55000	63,4
28,56667	63,4
28,58333	63,4
28,60000	63,7
28,61667	63,7
28,63333	63,9
28,65000	64,0
28,66667	64,1
28,68333	64,1
28,70000	64,3
28,71667	64,4
28,73333	64,5
28,75000	64,6
28,76667	64,7
28,78333	64,7
28,80000	64,9
28,81667	65,0
28,83333	65,1
28,85000	65,3
28,86667	65,3
28,88333	65,3
28,90000	65,6
28,91667	65,6
28,93333	65,7
28,95000	65,8
28,96667	65,8
28,98333	65,8
29,00000	66,2
29,01667	66,2
29,03333	66,3
29,05000	66,5
29,06667	66,5
29,08333	66,5
29,10000	66,7
29,11667	66,8
29,13333	66,9
29,15000	67,0
29,16667	67,1
29,18333	67,1
29,20000	67,2
29,21667	67,3
29,23333	67,4
29,25000	67,5
29,26667	67,7
29,28333	67,7
29,30000	67,8
29,31667	68,0
29,33333	67,9
29,35000	68,1
29,36667	68,2
29,38333	68,2
29,40000	68,3
29,41667	68,4
29,43333	68,5
29,45000	68,6
29,46667	68,6
29,48333	68,6
29,50000	68,8
29,51667	68,9
29,53333	69,0
29,55000	69,1
29,56667	69,3
29,58333	69,3
29,60000	69,5
29,61667	69,6
29,63333	69,7
29,65000	69,8
29,66667	70,0
29,68333	70,0
29,70000	70,2
29,71667	70,2
29,73333	70,4
29,75000	70,6
29,76667	70,7
29,78333	70,7
29,80000	70,9
29,81667	71,0
29,83333	71,1
29,85000	71,2
29,86667	71,4
29,88333	71,4
29,90000	71,7
29,91667	71,7
29,93333	71,8
29,95000	71,9
29,96667	72,0
29,98333	72,0
30,00000	72,3
30,01667	72,4
30,03333	72,4
30,05000	72,5
30,06667	72,6
30,08333	72,6
30,10000	72,8
30,11667	72,9
30,13333	73,0
30,15000	73,1
30,16667	73,2
30,18333	73,2
30,20000	73,3
30,21667	73,5
30,23333	73,5
30,25000	73,7
30,26667	73,7
30,28333	73,7
30,30000	73,9
30,31667	73,9
30,33333	73,9
30,35000	74,1
30,36667	74,2
30,38333	74,2
30,40000	74,3
30,41667	74,4
30,43333	74,4
30,45000	74,5
30,46667	74,5
30,48333	74,5
30,50000	74,8
30,51667	74,8
30,53333	74,9
30,55000	74,9
30,56667	75,0
30,58333	75,0
30,60000	75,1
30,61667	75,2
30,63333	75,2
30,65000	75,3
30,66667	75,3
30,68333	75,3
30,70000	75,4
30,71667	75,5
30,73333	75,6
30,75000	75,7
30,76667	75,7
30,78333	75,7
30,80000	75,8
30,81667	75,8
30,83333	75,8
30,85000	75,9
30,86667	76,0
30,88333	76,0
30,90000	76,0
30,91667	76,1
30,93333	76,1
30,95000	76,2
30,96667	76,2
30,98333	76,2
31,00000	76,4
31,01667	76,4
31,03333	76,4
31,05000	76,5
31,06667	76,4
31,08333	76,4
31,10000	76,6
31,11667	76,7
31,13333	76,7
31,15000	76,7
31,16667	76,8
31,18333	76,8
31,20000	76,8
31,21667	76,9
31,23333	77,0
31,25000	77,0
31,26667	77,0
31,28333	77,0
31,30000	77,1
31,31667	77,1
31,33333	77,1
31,35000	77,2
31,36667	77,2
31,38333	77,2
31,40000	77,3
31,41667	77,3
31,43333	77,3
31,45000	77,3
31,46667	77,5
31,48333	77,5
31,50000	77,5
31,51667	77,5
31,53333	77,5
31,55000	77,6
31,56667	77,5
31,58333	77,5
31,60000	77,7
31,61667	77,7
31,63333	77,8
31,65000	77,7
31,66667	77,8
31,68333	77,8
31,70000	77,7
31,71667	77,8
31,73333	77,9
31,75000	77,9
31,76667	77,9
31,78333	77,9
31,80000	77,9
31,81667	77,9
31,83333	78,0
31,85000	78,0
31,86667	78,1
31,88333	78,1
31,90000	78,1
31,91667	78,1
31,93333	78,1
31,95000	78,1
31,96667	78,2
31,98333	78,2
32,00000	78,2

[LC Status Trace(Pump B Degasser Pressure)]
Interval(msec)	1000
# of Points	1921
Start Time(min)	0,000
End Time(min)	32,000
Intensity Units	bar
Intensity Multiplier	0,980665
R.Time (min)	Intensity
0,00000	0,00
0,01667	0,00
0,03333	0,00
0,05000	0,00
0,06667	0,00
0,08333	0,00
0,10000	0,00
0,11667	0,00
0,13333	0,00
0,15000	0,00
0,16667	0,00
0,18333	0,00
0,20000	0,00
0,21667	0,00
0,23333	0,00
0,25000	0,00
0,26667	0,00
0,28333	0,00
0,30000	0,00
0,31667	0,00
0,33333	0,00
0,35000	0,00
0,36667	0,00
0,38333	0,00
0,40000	0,00
0,41667	0,00
0,43333	0,00
0,45000	0,00
0,46667	0,00
0,48333	0,00
0,50000	0,00
0,51667	0,00
0,53333	0,00
0,55000	0,00
0,56667	0,00
0,58333	0,00
0,60000	0,00
0,61667	0,00
0,63333	0,00
0,65000	0,00
0,66667	0,00
0,68333	0,00
0,70000	0,00
0,71667	0,00
0,73333	0,00
0,75000	0,00
0,76667	0,00
0,78333	0,00
0,80000	0,00
0,81667	0,00
0,83333	0,00
0,85000	0,00
0,86667	0,00
0,88333	0,00
0,90000	0,00
0,91667	0,00
0,93333	0,00
0,95000	0,00
0,96667	0,00
0,98333	0,00
1,00000	0,00
1,01667	0,00
1,03333	0,00
1,05000	0,00
1,06667	0,00
1,08333	0,00
1,10000	0,00
1,11667	0,00
1,13333	0,00
1,15000	0,00
1,16667	0,00
1,18333	0,00
1,20000	0,00
1,21667	0,00
1,23333	0,00
1,25000	0,00
1,26667	0,00
1,28333	0,00
1,30000	0,00
1,31667	0,00
1,33333	0,00
1,35000	0,00
1,36667	0,00
1,38333	0,00
1,40000	0,00
1,41667	0,00
1,43333	0,00
1,45000	0,00
1,46667	0,00
1,48333	0,00
1,50000	0,00
1,51667	0,00
1,53333	0,00
1,55000	0,00
1,56667	0,00
1,58333	0,00
1,60000	0,00
1,61667	0,00
1,63333	0,00
1,65000	0,00
1,66667	0,00
1,68333	0,00
1,70000	0,00
1,71667	0,00
1,73333	0,00
1,75000	0,00
1,76667	0,00
1,78333	0,00
1,80000	0,00
1,81667	0,00
1,83333	0,00
1,85000	0,00
1,86667	0,00
1,88333	0,00
1,90000	0,00
1,91667	0,00
1,93333	0,00
1,95000	0,00
1,96667	0,00
1,98333	0,00
2,00000	0,00
2,01667	0,00
2,03333	0,00
2,05000	0,00
2,06667	0,00
2,08333	0,00
2,10000	0,00
2,11667	0,00
2,13333	0,00
2,15000	0,00
2,16667	0,00
2,18333	0,00
2,20000	0,00
2,21667	0,00
2,23333	0,00
2,25000	0,00
2,26667	0,00
2,28333	0,00
2,30000	0,00
2,31667	0,00
2,33333	0,00
2,35000	0,00
2,36667	0,00
2,38333	0,00
2,40000	0,00
2,41667	0,00
2,43333	0,00
2,45000	0,00
2,46667	0,00
2,48333	0,00
2,50000	0,00
2,51667	0,00
2,53333	0,00
2,55000	0,00
2,56667	0,00
2,58333	0,00
2,60000	0,00
2,61667	0,00
2,63333	0,00
2,65000	0,00
2,66667	0,00
2,68333	0,00
2,70000	0,00
2,71667	0,00
2,73333	0,00
2,75000	0,00
2,76667	0,00
2,78333	0,00
2,80000	0,00
2,81667	0,00
2,83333	0,00
2,85000	0,00
2,86667	0,00
2,88333	0,00
2,90000	0,00
2,91667	0,00
2,93333	0,00
2,95000	0,00
2,96667	0,00
2,98333	0,00
3,00000	0,00
3,01667	0,00
3,03333	0,00
3,05000	0,00
3,06667	0,00
3,08333	0,00
3,10000	0,00
3,11667	0,00
3,13333	0,00
3,15000	0,00
3,16667	0,00
3,18333	0,00
3,20000	0,00
3,21667	0,00
3,23333	0,00
3,25000	0,00
3,26667	0,00
3,28333	0,00
3,30000	0,00
3,31667	0,00
3,33333	0,00
3,35000	0,00
3,36667	0,00
3,38333	0,00
3,40000	0,00
3,41667	0,00
3,43333	0,00
3,45000	0,00
3,46667	0,00
3,48333	0,00
3,50000	0,00
3,51667	0,00
3,53333	0,00
3,55000	0,00
3,56667	0,00
3,58333	0,00
3,60000	0,00
3,61667	0,00
3,63333	0,00
3,65000	0,00
3,66667	0,00
3,68333	0,00
3,70000	0,00
3,71667	0,00
3,73333	0,00
3,75000	0,00
3,76667	0,00
3,78333	0,00
3,80000	0,00
3,81667	0,00
3,83333	0,00
3,85000	0,00
3,86667	0,00
3,88333	0,00
3,90000	0,00
3,91667	0,00
3,93333	0,00
3,95000	0,00
3,96667	0,00
3,98333	0,00
4,00000	0,00
4,01667	0,00
4,03333	0,00
4,05000	0,00
4,06667	0,00
4,08333	0,00
4,10000	0,00
4,11667	0,00
4,13333	0,00
4,15000	0,00
4,16667	0,00
4,18333	0,00
4,20000	0,00
4,21667	0,00
4,23333	0,00
4,25000	0,00
4,26667	0,00
4,28333	0,00
4,30000	0,00
4,31667	0,00
4,33333	0,00
4,35000	0,00
4,36667	0,00
4,38333	0,00
4,40000	0,00
4,41667	0,00
4,43333	0,00
4,45000	0,00
4,46667	0,00
4,48333	0,00
4,50000	0,00
4,51667	0,00
4,53333	0,00
4,55000	0,00
4,56667	0,00
4,58333	0,00
4,60000	0,00
4,61667	0,00
4,63333	0,00
4,65000	0,00
4,66667	0,00
4,68333	0,00
4,70000	0,00
4,71667	0,00
4,73333	0,00
4,75000	0,00
4,76667	0,00
4,78333	0,00
4,80000	0,00
4,81667	0,00
4,83333	0,00
4,85000	0,00
4,86667	0,00
4,88333	0,00
4,90000	0,00
4,91667	0,00
4,93333	0,00
4,95000	0,00
4,96667	0,00
4,98333	0,00
5,00000	0,00
5,01667	0,00
5,03333	0,00
5,05000	0,00
5,06667	0,00
5,08333	0,00
5,10000	0,00
5,11667	0,00
5,13333	0,00
5,15000	0,00
5,16667	0,00
5,18333	0,00
5,20000	0,00
5,21667	0,00
5,23333	0,00
5,25000	0,00
5,26667	0,00
5,28333	0,00
5,30000	0,00
5,31667	0,00
5,33333	0,00
5,35000	0,00
5,36667	0,00
5,38333	0,00
5,40000	0,00
5,41667	0,00
5,43333	0,00
5,45000	0,00
5,46667	0,00
5,48333	0,00
5,50000	0,00
5,51667	0,00
5,53333	0,00
5,55000	0,00
5,56667	0,00
5,58333	0,00
5,60000	0,00
5,61667	0,00
5,63333	0,00
5,65000	0,00
5,66667	0,00
5,68333	0,00
5,70000	0,00
5,71667	0,00
5,73333	0,00
5,75000	0,00
5,76667	0,00
5,78333	0,00
5,80000	0,00
5,81667	0,00
5,83333	0,00
5,85000	0,00
5,86667	0,00
5,88333	0,00
5,90000	0,00
5,91667	0,00
5,93333	0,00
5,95000	0,00
5,96667	0,00
5,98333	0,00
6,00000	0,00
6,01667	0,00
6,03333	0,00
6,05000	0,00
6,06667	0,00
6,08333	0,00
6,10000	0,00
6,11667	0,00
6,13333	0,00
6,15000	0,00
6,16667	0,00
6,18333	0,00
6,20000	0,00
6,21667	0,00
6,23333	0,00
6,25000	0,00
6,26667	0,00
6,28333	0,00
6,30000	0,00
6,31667	0,00
6,33333	0,00
6,35000	0,00
6,36667	0,00
6,38333	0,00
6,40000	0,00
6,41667	0,00
6,43333	0,00
6,45000	0,00
6,46667	0,00
6,48333	0,00
6,50000	0,00
6,51667	0,00
6,53333	0,00
6,55000	0,00
6,56667	0,00
6,58333	0,00
6,60000	0,00
6,61667	0,00
6,63333	0,00
6,65000	0,00
6,66667	0,00
6,68333	0,00
6,70000	0,00
6,71667	0,00
6,73333	0,00
6,75000	0,00
6,76667	0,00
6,78333	0,00
6,80000	0,00
6,81667	0,00
6,83333	0,00
6,85000	0,00
6,86667	0,00
6,88333	0,00
6,90000	0,00
6,91667	0,00
6,93333	0,00
6,95000	0,00
6,96667	0,00
6,98333	0,00
7,00000	0,00
7,01667	0,00
7,03333	0,00
7,05000	0,00
7,06667	0,00
7,08333	0,00
7,10000	0,00
7,11667	0,00
7,13333	0,00
7,15000	0,00
7,16667	0,00
7,18333	0,00
7,20000	0,00
7,21667	0,00
7,23333	0,00
7,25000	0,00
7,26667	0,00
7,28333	0,00
7,30000	0,00
7,31667	0,00
7,33333	0,00
7,35000	0,00
7,36667	0,00
7,38333	0,00
7,40000	0,00
7,41667	0,00
7,43333	0,00
7,45000	0,00
7,46667	0,00
7,48333	0,00
7,50000	0,00
7,51667	0,00
7,53333	0,00
7,55000	0,00
7,56667	0,00
7,58333	0,00
7,60000	0,00
7,61667	0,00
7,63333	0,00
7,65000	0,00
7,66667	0,00
7,68333	0,00
7,70000	0,00
7,71667	0,00
7,73333	0,00
7,75000	0,00
7,76667	0,00
7,78333	0,00
7,80000	0,00
7,81667	0,00
7,83333	0,00
7,85000	0,00
7,86667	0,00
7,88333	0,00
7,90000	0,00
7,91667	0,00
7,93333	0,00
7,95000	0,00
7,96667	0,00
7,98333	0,00
8,00000	0,00
8,01667	0,00
8,03333	0,00
8,05000	0,00
8,06667	0,00
8,08333	0,00
8,10000	0,00
8,11667	0,00
8,13333	0,00
8,15000	0,00
8,16667	0,00
8,18333	0,00
8,20000	0,00
8,21667	0,00
8,23333	0,00
8,25000	0,00
8,26667	0,00
8,28333	0,00
8,30000	0,00
8,31667	0,00
8,33333	0,00
8,35000	0,00
8,36667	0,00
8,38333	0,00
8,40000	0,00
8,41667	0,00
8,43333	0,00
8,45000	0,00
8,46667	0,00
8,48333	0,00
8,50000	0,00
8,51667	0,00
8,53333	0,00
8,55000	0,00
8,56667	0,00
8,58333	0,00
8,60000	0,00
8,61667	0,00
8,63333	0,00
8,65000	0,00
8,66667	0,00
8,68333	0,00
8,70000	0,00
8,71667	0,00
8,73333	0,00
8,75000	0,00
8,76667	0,00
8,78333	0,00
8,80000	0,00
8,81667	0,00
8,83333	0,00
8,85000	0,00
8,86667	0,00
8,88333	0,00
8,90000	0,00
8,91667	0,00
8,93333	0,00
8,95000	0,00
8,96667	0,00
8,98333	0,00
9,00000	0,00
9,01667	0,00
9,03333	0,00
9,05000	0,00
9,06667	0,00
9,08333	0,00
9,10000	0,00
9,11667	0,00
9,13333	0,00
9,15000	0,00
9,16667	0,00
9,18333	0,00
9,20000	0,00
9,21667	0,00
9,23333	0,00
9,25000	0,00
9,26667	0,00
9,28333	0,00
9,30000	0,00
9,31667	0,00
9,33333	0,00
9,35000	0,00
9,36667	0,00
9,38333	0,00
9,40000	0,00
9,41667	0,00
9,43333	0,00
9,45000	0,00
9,46667	0,00
9,48333	0,00
9,50000	0,00
9,51667	0,00
9,53333	0,00
9,55000	0,00
9,56667	0,00
9,58333	0,00
9,60000	0,00
9,61667	0,00
9,63333	0,00
9,65000	0,00
9,66667	0,00
9,68333	0,00
9,70000	0,00
9,71667	0,00
9,73333	0,00
9,75000	0,00
9,76667	0,00
9,78333	0,00
9,80000	0,00
9,81667	0,00
9,83333	0,00
9,85000	0,00
9,86667	0,00
9,88333	0,00
9,90000	0,00
9,91667	0,00
9,93333	0,00
9,95000	0,00
9,96667	0,00
9,98333	0,00
10,00000	0,00
10,01667	0,00
10,03333	0,00
10,05000	0,00
10,06667	0,00
10,08333	0,00
10,10000	0,00
10,11667	0,00
10,13333	0,00
10,15000	0,00
10,16667	0,00
10,18333	0,00
10,20000	0,00
10,21667	0,00
10,23333	0,00
10,25000	0,00
10,26667	0,00
10,28333	0,00
10,30000	0,00
10,31667	0,00
10,33333	0,00
10,35000	0,00
10,36667	0,00
10,38333	0,00
10,40000	0,00
10,41667	0,00
10,43333	0,00
10,45000	0,00
10,46667	0,00
10,48333	0,00
10,50000	0,00
10,51667	0,00
10,53333	0,00
10,55000	0,00
10,56667	0,00
10,58333	0,00
10,60000	0,00
10,61667	0,00
10,63333	0,00
10,65000	0,00
10,66667	0,00
10,68333	0,00
10,70000	0,00
10,71667	0,00
10,73333	0,00
10,75000	0,00
10,76667	0,00
10,78333	0,00
10,80000	0,00
10,81667	0,00
10,83333	0,00
10,85000	0,00
10,86667	0,00
10,88333	0,00
10,90000	0,00
10,91667	0,00
10,93333	0,00
10,95000	0,00
10,96667	0,00
10,98333	0,00
11,00000	0,00
11,01667	0,00
11,03333	0,00
11,05000	0,00
11,06667	0,00
11,08333	0,00
11,10000	0,00
11,11667	0,00
11,13333	0,00
11,15000	0,00
11,16667	0,00
11,18333	0,00
11,20000	0,00
11,21667	0,00
11,23333	0,00
11,25000	0,00
11,26667	0,00
11,28333	0,00
11,30000	0,00
11,31667	0,00
11,33333	0,00
11,35000	0,00
11,36667	0,00
11,38333	0,00
11,40000	0,00
11,41667	0,00
11,43333	0,00
11,45000	0,00
11,46667	0,00
11,48333	0,00
11,50000	0,00
11,51667	0,00
11,53333	0,00
11,55000	0,00
11,56667	0,00
11,58333	0,00
11,60000	0,00
11,61667	0,00
11,63333	0,00
11,65000	0,00
11,66667	0,00
11,68333	0,00
11,70000	0,00
11,71667	0,00
11,73333	0,00
11,75000	0,00
11,76667	0,00
11,78333	0,00
11,80000	0,00
11,81667	0,00
11,83333	0,00
11,85000	0,00
11,86667	0,00
11,88333	0,00
11,90000	0,00
11,91667	0,00
11,93333	0,00
11,95000	0,00
11,96667	0,00
11,98333	0,00
12,00000	0,00
12,01667	0,00
12,03333	0,00
12,05000	0,00
12,06667	0,00
12,08333	0,00
12,10000	0,00
12,11667	0,00
12,13333	0,00
12,15000	0,00
12,16667	0,00
12,18333	0,00
12,20000	0,00
12,21667	0,00
12,23333	0,00
12,25000	0,00
12,26667	0,00
12,28333	0,00
12,30000	0,00
12,31667	0,00
12,33333	0,00
12,35000	0,00
12,36667	0,00
12,38333	0,00
12,40000	0,00
12,41667	0,00
12,43333	0,00
12,45000	0,00
12,46667	0,00
12,48333	0,00
12,50000	0,00
12,51667	0,00
12,53333	0,00
12,55000	0,00
12,56667	0,00
12,58333	0,00
12,60000	0,00
12,61667	0,00
12,63333	0,00
12,65000	0,00
12,66667	0,00
12,68333	0,00
12,70000	0,00
12,71667	0,00
12,73333	0,00
12,75000	0,00
12,76667	0,00
12,78333	0,00
12,80000	0,00
12,81667	0,00
12,83333	0,00
12,85000	0,00
12,86667	0,00
12,88333	0,00
12,90000	0,00
12,91667	0,00
12,93333	0,00
12,95000	0,00
12,96667	0,00
12,98333	0,00
13,00000	0,00
13,01667	0,00
13,03333	0,00
13,05000	0,00
13,06667	0,00
13,08333	0,00
13,10000	0,00
13,11667	0,00
13,13333	0,00
13,15000	0,00
13,16667	0,00
13,18333	0,00
13,20000	0,00
13,21667	0,00
13,23333	0,00
13,25000	0,00
13,26667	0,00
13,28333	0,00
13,30000	0,00
13,31667	0,00
13,33333	0,00
13,35000	0,00
13,36667	0,00
13,38333	0,00
13,40000	0,00
13,41667	0,00
13,43333	0,00
13,45000	0,00
13,46667	0,00
13,48333	0,00
13,50000	0,00
13,51667	0,00
13,53333	0,00
13,55000	0,00
13,56667	0,00
13,58333	0,00
13,60000	0,00
13,61667	0,00
13,63333	0,00
13,65000	0,00
13,66667	0,00
13,68333	0,00
13,70000	0,00
13,71667	0,00
13,73333	0,00
13,75000	0,00
13,76667	0,00
13,78333	0,00
13,80000	0,00
13,81667	0,00
13,83333	0,00
13,85000	0,00
13,86667	0,00
13,88333	0,00
13,90000	0,00
13,91667	0,00
13,93333	0,00
13,95000	0,00
13,96667	0,00
13,98333	0,00
14,00000	0,00
14,01667	0,00
14,03333	0,00
14,05000	0,00
14,06667	0,00
14,08333	0,00
14,10000	0,00
14,11667	0,00
14,13333	0,00
14,15000	0,00
14,16667	0,00
14,18333	0,00
14,20000	0,00
14,21667	0,00
14,23333	0,00
14,25000	0,00
14,26667	0,00
14,28333	0,00
14,30000	0,00
14,31667	0,00
14,33333	0,00
14,35000	0,00
14,36667	0,00
14,38333	0,00
14,40000	0,00
14,41667	0,00
14,43333	0,00
14,45000	0,00
14,46667	0,00
14,48333	0,00
14,50000	0,00
14,51667	0,00
14,53333	0,00
14,55000	0,00
14,56667	0,00
14,58333	0,00
14,60000	0,00
14,61667	0,00
14,63333	0,00
14,65000	0,00
14,66667	0,00
14,68333	0,00
14,70000	0,00
14,71667	0,00
14,73333	0,00
14,75000	0,00
14,76667	0,00
14,78333	0,00
14,80000	0,00
14,81667	0,00
14,83333	0,00
14,85000	0,00
14,86667	0,00
14,88333	0,00
14,90000	0,00
14,91667	0,00
14,93333	0,00
14,95000	0,00
14,96667	0,00
14,98333	0,00
15,00000	0,00
15,01667	0,00
15,03333	0,00
15,05000	0,00
15,06667	0,00
15,08333	0,00
15,10000	0,00
15,11667	0,00
15,13333	0,00
15,15000	0,00
15,16667	0,00
15,18333	0,00
15,20000	0,00
15,21667	0,00
15,23333	0,00
15,25000	0,00
15,26667	0,00
15,28333	0,00
15,30000	0,00
15,31667	0,00
15,33333	0,00
15,35000	0,00
15,36667	0,00
15,38333	0,00
15,40000	0,00
15,41667	0,00
15,43333	0,00
15,45000	0,00
15,46667	0,00
15,48333	0,00
15,50000	0,00
15,51667	0,00
15,53333	0,00
15,55000	0,00
15,56667	0,00
15,58333	0,00
15,60000	0,00
15,61667	0,00
15,63333	0,00
15,65000	0,00
15,66667	0,00
15,68333	0,00
15,70000	0,00
15,71667	0,00
15,73333	0,00
15,75000	0,00
15,76667	0,00
15,78333	0,00
15,80000	0,00
15,81667	0,00
15,83333	0,00
15,85000	0,00
15,86667	0,00
15,88333	0,00
15,90000	0,00
15,91667	0,00
15,93333	0,00
15,95000	0,00
15,96667	0,00
15,98333	0,00
16,00000	0,00
16,01667	0,00
16,03333	0,00
16,05000	0,00
16,06667	0,00
16,08333	0,00
16,10000	0,00
16,11667	0,00
16,13333	0,00
16,15000	0,00
16,16667	0,00
16,18333	0,00
16,20000	0,00
16,21667	0,00
16,23333	0,00
16,25000	0,00
16,26667	0,00
16,28333	0,00
16,30000	0,00
16,31667	0,00
16,33333	0,00
16,35000	0,00
16,36667	0,00
16,38333	0,00
16,40000	0,00
16,41667	0,00
16,43333	0,00
16,45000	0,00
16,46667	0,00
16,48333	0,00
16,50000	0,00
16,51667	0,00
16,53333	0,00
16,55000	0,00
16,56667	0,00
16,58333	0,00
16,60000	0,00
16,61667	0,00
16,63333	0,00
16,65000	0,00
16,66667	0,00
16,68333	0,00
16,70000	0,00
16,71667	0,00
16,73333	0,00
16,75000	0,00
16,76667	0,00
16,78333	0,00
16,80000	0,00
16,81667	0,00
16,83333	0,00
16,85000	0,00
16,86667	0,00
16,88333	0,00
16,90000	0,00
16,91667	0,00
16,93333	0,00
16,95000	0,00
16,96667	0,00
16,98333	0,00
17,00000	0,00
17,01667	0,00
17,03333	0,00
17,05000	0,00
17,06667	0,00
17,08333	0,00
17,10000	0,00
17,11667	0,00
17,13333	0,00
17,15000	0,00
17,16667	0,00
17,18333	0,00
17,20000	0,00
17,21667	0,00
17,23333	0,00
17,25000	0,00
17,26667	0,00
17,28333	0,00
17,30000	0,00
17,31667	0,00
17,33333	0,00
17,35000	0,00
17,36667	0,00
17,38333	0,00
17,40000	0,00
17,41667	0,00
17,43333	0,00
17,45000	0,00
17,46667	0,00
17,48333	0,00
17,50000	0,00
17,51667	0,00
17,53333	0,00
17,55000	0,00
17,56667	0,00
17,58333	0,00
17,60000	0,00
17,61667	0,00
17,63333	0,00
17,65000	0,00
17,66667	0,00
17,68333	0,00
17,70000	0,00
17,71667	0,00
17,73333	0,00
17,75000	0,00
17,76667	0,00
17,78333	0,00
17,80000	0,00
17,81667	0,00
17,83333	0,00
17,85000	0,00
17,86667	0,00
17,88333	0,00
17,90000	0,00
17,91667	0,00
17,93333	0,00
17,95000	0,00
17,96667	0,00
17,98333	0,00
18,00000	0,00
18,01667	0,00
18,03333	0,00
18,05000	0,00
18,06667	0,00
18,08333	0,00
18,10000	0,00
18,11667	0,00
18,13333	0,00
18,15000	0,00
18,16667	0,00
18,18333	0,00
18,20000	0,00
18,21667	0,00
18,23333	0,00
18,25000	0,00
18,26667	0,00
18,28333	0,00
18,30000	0,00
18,31667	0,00
18,33333	0,00
18,35000	0,00
18,36667	0,00
18,38333	0,00
18,40000	0,00
18,41667	0,00
18,43333	0,00
18,45000	0,00
18,46667	0,00
18,48333	0,00
18,50000	0,00
18,51667	0,00
18,53333	0,00
18,55000	0,00
18,56667	0,00
18,58333	0,00
18,60000	0,00
18,61667	0,00
18,63333	0,00
18,65000	0,00
18,66667	0,00
18,68333	0,00
18,70000	0,00
18,71667	0,00
18,73333	0,00
18,75000	0,00
18,76667	0,00
18,78333	0,00
18,80000	0,00
18,81667	0,00
18,83333	0,00
18,85000	0,00
18,86667	0,00
18,88333	0,00
18,90000	0,00
18,91667	0,00
18,93333	0,00
18,95000	0,00
18,96667	0,00
18,98333	0,00
19,00000	0,00
19,01667	0,00
19,03333	0,00
19,05000	0,00
19,06667	0,00
19,08333	0,00
19,10000	0,00
19,11667	0,00
19,13333	0,00
19,15000	0,00
19,16667	0,00
19,18333	0,00
19,20000	0,00
19,21667	0,00
19,23333	0,00
19,25000	0,00
19,26667	0,00
19,28333	0,00
19,30000	0,00
19,31667	0,00
19,33333	0,00
19,35000	0,00
19,36667	0,00
19,38333	0,00
19,40000	0,00
19,41667	0,00
19,43333	0,00
19,45000	0,00
19,46667	0,00
19,48333	0,00
19,50000	0,00
19,51667	0,00
19,53333	0,00
19,55000	0,00
19,56667	0,00
19,58333	0,00
19,60000	0,00
19,61667	0,00
19,63333	0,00
19,65000	0,00
19,66667	0,00
19,68333	0,00
19,70000	0,00
19,71667	0,00
19,73333	0,00
19,75000	0,00
19,76667	0,00
19,78333	0,00
19,80000	0,00
19,81667	0,00
19,83333	0,00
19,85000	0,00
19,86667	0,00
19,88333	0,00
19,90000	0,00
19,91667	0,00
19,93333	0,00
19,95000	0,00
19,96667	0,00
19,98333	0,00
20,00000	0,00
20,01667	0,00
20,03333	0,00
20,05000	0,00
20,06667	0,00
20,08333	0,00
20,10000	0,00
20,11667	0,00
20,13333	0,00
20,15000	0,00
20,16667	0,00
20,18333	0,00
20,20000	0,00
20,21667	0,00
20,23333	0,00
20,25000	0,00
20,26667	0,00
20,28333	0,00
20,30000	0,00
20,31667	0,00
20,33333	0,00
20,35000	0,00
20,36667	0,00
20,38333	0,00
20,40000	0,00
20,41667	0,00
20,43333	0,00
20,45000	0,00
20,46667	0,00
20,48333	0,00
20,50000	0,00
20,51667	0,00
20,53333	0,00
20,55000	0,00
20,56667	0,00
20,58333	0,00
20,60000	0,00
20,61667	0,00
20,63333	0,00
20,65000	0,00
20,66667	0,00
20,68333	0,00
20,70000	0,00
20,71667	0,00
20,73333	0,00
20,75000	0,00
20,76667	0,00
20,78333	0,00
20,80000	0,00
20,81667	0,00
20,83333	0,00
20,85000	0,00
20,86667	0,00
20,88333	0,00
20,90000	0,00
20,91667	0,00
20,93333	0,00
20,95000	0,00
20,96667	0,00
20,98333	0,00
21,00000	0,00
21,01667	0,00
21,03333	0,00
21,05000	0,00
21,06667	0,00
21,08333	0,00
21,10000	0,00
21,11667	0,00
21,13333	0,00
21,15000	0,00
21,16667	0,00
21,18333	0,00
21,20000	0,00
21,21667	0,00
21,23333	0,00
21,25000	0,00
21,26667	0,00
21,28333	0,00
21,30000	0,00
21,31667	0,00
21,33333	0,00
21,35000	0,00
21,36667	0,00
21,38333	0,00
21,40000	0,00
21,41667	0,00
21,43333	0,00
21,45000	0,00
21,46667	0,00
21,48333	0,00
21,50000	0,00
21,51667	0,00
21,53333	0,00
21,55000	0,00
21,56667	0,00
21,58333	0,00
21,60000	0,00
21,61667	0,00
21,63333	0,00
21,65000	0,00
21,66667	0,00
21,68333	0,00
21,70000	0,00
21,71667	0,00
21,73333	0,00
21,75000	0,00
21,76667	0,00
21,78333	0,00
21,80000	0,00
21,81667	0,00
21,83333	0,00
21,85000	0,00
21,86667	0,00
21,88333	0,00
21,90000	0,00
21,91667	0,00
21,93333	0,00
21,95000	0,00
21,96667	0,00
21,98333	0,00
22,00000	0,00
22,01667	0,00
22,03333	0,00
22,05000	0,00
22,06667	0,00
22,08333	0,00
22,10000	0,00
22,11667	0,00
22,13333	0,00
22,15000	0,00
22,16667	0,00
22,18333	0,00
22,20000	0,00
22,21667	0,00
22,23333	0,00
22,25000	0,00
22,26667	0,00
22,28333	0,00
22,30000	0,00
22,31667	0,00
22,33333	0,00
22,35000	0,00
22,36667	0,00
22,38333	0,00
22,40000	0,00
22,41667	0,00
22,43333	0,00
22,45000	0,00
22,46667	0,00
22,48333	0,00
22,50000	0,00
22,51667	0,00
22,53333	0,00
22,55000	0,00
22,56667	0,00
22,58333	0,00
22,60000	0,00
22,61667	0,00
22,63333	0,00
22,65000	0,00
22,66667	0,00
22,68333	0,00
22,70000	0,00
22,71667	0,00
22,73333	0,00
22,75000	0,00
22,76667	0,00
22,78333	0,00
22,80000	0,00
22,81667	0,00
22,83333	0,00
22,85000	0,00
22,86667	0,00
22,88333	0,00
22,90000	0,00
22,91667	0,00
22,93333	0,00
22,95000	0,00
22,96667	0,00
22,98333	0,00
23,00000	0,00
23,01667	0,00
23,03333	0,00
23,05000	0,00
23,06667	0,00
23,08333	0,00
23,10000	0,00
23,11667	0,00
23,13333	0,00
23,15000	0,00
23,16667	0,00
23,18333	0,00
23,20000	0,00
23,21667	0,00
23,23333	0,00
23,25000	0,00
23,26667	0,00
23,28333	0,00
23,30000	0,00
23,31667	0,00
23,33333	0,00
23,35000	0,00
23,36667	0,00
23,38333	0,00
23,40000	0,00
23,41667	0,00
23,43333	0,00
23,45000	0,00
23,46667	0,00
23,48333	0,00
23,50000	0,00
23,51667	0,00
23,53333	0,00
23,55000	0,00
23,56667	0,00
23,58333	0,00
23,60000	0,00
23,61667	0,00
23,63333	0,00
23,65000	0,00
23,66667	0,00
23,68333	0,00
23,70000	0,00
23,71667	0,00
23,73333	0,00
23,75000	0,00
23,76667	0,00
23,78333	0,00
23,80000	0,00
23,81667	0,00
23,83333	0,00
23,85000	0,00
23,86667	0,00
23,88333	0,00
23,90000	0,00
23,91667	0,00
23,93333	0,00
23,95000	0,00
23,96667	0,00
23,98333	0,00
24,00000	0,00
24,01667	0,00
24,03333	0,00
24,05000	0,00
24,06667	0,00
24,08333	0,00
24,10000	0,00
24,11667	0,00
24,13333	0,00
24,15000	0,00
24,16667	0,00
24,18333	0,00
24,20000	0,00
24,21667	0,00
24,23333	0,00
24,25000	0,00
24,26667	0,00
24,28333	0,00
24,30000	0,00
24,31667	0,00
24,33333	0,00
24,35000	0,00
24,36667	0,00
24,38333	0,00
24,40000	0,00
24,41667	0,00
24,43333	0,00
24,45000	0,00
24,46667	0,00
24,48333	0,00
24,50000	0,00
24,51667	0,00
24,53333	0,00
24,55000	0,00
24,56667	0,00
24,58333	0,00
24,60000	0,00
24,61667	0,00
24,63333	0,00
24,65000	0,00
24,66667	0,00
24,68333	0,00
24,70000	0,00
24,71667	0,00
24,73333	0,00
24,75000	0,00
24,76667	0,00
24,78333	0,00
24,80000	0,00
24,81667	0,00
24,83333	0,00
24,85000	0,00
24,86667	0,00
24,88333	0,00
24,90000	0,00
24,91667	0,00
24,93333	0,00
24,95000	0,00
24,96667	0,00
24,98333	0,00
25,00000	0,00
25,01667	0,00
25,03333	0,00
25,05000	0,00
25,06667	0,00
25,08333	0,00
25,10000	0,00
25,11667	0,00
25,13333	0,00
25,15000	0,00
25,16667	0,00
25,18333	0,00
25,20000	0,00
25,21667	0,00
25,23333	0,00
25,25000	0,00
25,26667	0,00
25,28333	0,00
25,30000	0,00
25,31667	0,00
25,33333	0,00
25,35000	0,00
25,36667	0,00
25,38333	0,00
25,40000	0,00
25,41667	0,00
25,43333	0,00
25,45000	0,00
25,46667	0,00
25,48333	0,00
25,50000	0,00
25,51667	0,00
25,53333	0,00
25,55000	0,00
25,56667	0,00
25,58333	0,00
25,60000	0,00
25,61667	0,00
25,63333	0,00
25,65000	0,00
25,66667	0,00
25,68333	0,00
25,70000	0,00
25,71667	0,00
25,73333	0,00
25,75000	0,00
25,76667	0,00
25,78333	0,00
25,80000	0,00
25,81667	0,00
25,83333	0,00
25,85000	0,00
25,86667	0,00
25,88333	0,00
25,90000	0,00
25,91667	0,00
25,93333	0,00
25,95000	0,00
25,96667	0,00
25,98333	0,00
26,00000	0,00
26,01667	0,00
26,03333	0,00
26,05000	0,00
26,06667	0,00
26,08333	0,00
26,10000	0,00
26,11667	0,00
26,13333	0,00
26,15000	0,00
26,16667	0,00
26,18333	0,00
26,20000	0,00
26,21667	0,00
26,23333	0,00
26,25000	0,00
26,26667	0,00
26,28333	0,00
26,30000	0,00
26,31667	0,00
26,33333	0,00
26,35000	0,00
26,36667	0,00
26,38333	0,00
26,40000	0,00
26,41667	0,00
26,43333	0,00
26,45000	0,00
26,46667	0,00
26,48333	0,00
26,50000	0,00
26,51667	0,00
26,53333	0,00
26,55000	0,00
26,56667	0,00
26,58333	0,00
26,60000	0,00
26,61667	0,00
26,63333	0,00
26,65000	0,00
26,66667	0,00
26,68333	0,00
26,70000	0,00
26,71667	0,00
26,73333	0,00
26,75000	0,00
26,76667	0,00
26,78333	0,00
26,80000	0,00
26,81667	0,00
26,83333	0,00
26,85000	0,00
26,86667	0,00
26,88333	0,00
26,90000	0,00
26,91667	0,00
26,93333	0,00
26,95000	0,00
26,96667	0,00
26,98333	0,00
27,00000	0,00
27,01667	0,00
27,03333	0,00
27,05000	0,00
27,06667	0,00
27,08333	0,00
27,10000	0,00
27,11667	0,00
27,13333	0,00
27,15000	0,00
27,16667	0,00
27,18333	0,00
27,20000	0,00
27,21667	0,00
27,23333	0,00
27,25000	0,00
27,26667	0,00
27,28333	0,00
27,30000	0,00
27,31667	0,00
27,33333	0,00
27,35000	0,00
27,36667	0,00
27,38333	0,00
27,40000	0,00
27,41667	0,00
27,43333	0,00
27,45000	0,00
27,46667	0,00
27,48333	0,00
27,50000	0,00
27,51667	0,00
27,53333	0,00
27,55000	0,00
27,56667	0,00
27,58333	0,00
27,60000	0,00
27,61667	0,00
27,63333	0,00
27,65000	0,00
27,66667	0,00
27,68333	0,00
27,70000	0,00
27,71667	0,00
27,73333	0,00
27,75000	0,00
27,76667	0,00
27,78333	0,00
27,80000	0,00
27,81667	0,00
27,83333	0,00
27,85000	0,00
27,86667	0,00
27,88333	0,00
27,90000	0,00
27,91667	0,00
27,93333	0,00
27,95000	0,00
27,96667	0,00
27,98333	0,00
28,00000	0,00
28,01667	0,00
28,03333	0,00
28,05000	0,00
28,06667	0,00
28,08333	0,00
28,10000	0,00
28,11667	0,00
28,13333	0,00
28,15000	0,00
28,16667	0,00
28,18333	0,00
28,20000	0,00
28,21667	0,00
28,23333	0,00
28,25000	0,00
28,26667	0,00
28,28333	0,00
28,30000	0,00
28,31667	0,00
28,33333	0,00
28,35000	0,00
28,36667	0,00
28,38333	0,00
28,40000	0,00
28,41667	0,00
28,43333	0,00
28,45000	0,00
28,46667	0,00
28,48333	0,00
28,50000	0,00
28,51667	0,00
28,53333	0,00
28,55000	0,00
28,56667	0,00
28,58333	0,00
28,60000	0,00
28,61667	0,00
28,63333	0,00
28,65000	0,00
28,66667	0,00
28,68333	0,00
28,70000	0,00
28,71667	0,00
28,73333	0,00
28,75000	0,00
28,76667	0,00
28,78333	0,00
28,80000	0,00
28,81667	0,00
28,83333	0,00
28,85000	0,00
28,86667	0,00
28,88333	0,00
28,90000	0,00
28,91667	0,00
28,93333	0,00
28,95000	0,00
28,96667	0,00
28,98333	0,00
29,00000	0,00
29,01667	0,00
29,03333	0,00
29,05000	0,00
29,06667	0,00
29,08333	0,00
29,10000	0,00
29,11667	0,00
29,13333	0,00
29,15000	0,00
29,16667	0,00
29,18333	0,00
29,20000	0,00
29,21667	0,00
29,23333	0,00
29,25000	0,00
29,26667	0,00
29,28333	0,00
29,30000	0,00
29,31667	0,00
29,33333	0,00
29,35000	0,00
29,36667	0,00
29,38333	0,00
29,40000	0,00
29,41667	0,00
29,43333	0,00
29,45000	0,00
29,46667	0,00
29,48333	0,00
29,50000	0,00
29,51667	0,00
29,53333	0,00
29,55000	0,00
29,56667	0,00
29,58333	0,00
29,60000	0,00
29,61667	0,00
29,63333	0,00
29,65000	0,00
29,66667	0,00
29,68333	0,00
29,70000	0,00
29,71667	0,00
29,73333	0,00
29,75000	0,00
29,76667	0,00
29,78333	0,00
29,80000	0,00
29,81667	0,00
29,83333	0,00
29,85000	0,00
29,86667	0,00
29,88333	0,00
29,90000	0,00
29,91667	0,00
29,93333	0,00
29,95000	0,00
29,96667	0,00
29,98333	0,00
30,00000	0,00
30,01667	0,00
30,03333	0,00
30,05000	0,00
30,06667	0,00
30,08333	0,00
30,10000	0,00
30,11667	0,00
30,13333	0,00
30,15000	0,00
30,16667	0,00
30,18333	0,00
30,20000	0,00
30,21667	0,00
30,23333	0,00
30,25000	0,00
30,26667	0,00
30,28333	0,00
30,30000	0,00
30,31667	0,00
30,33333	0,00
30,35000	0,00
30,36667	0,00
30,38333	0,00
30,40000	0,00
30,41667	0,00
30,43333	0,00
30,45000	0,00
30,46667	0,00
30,48333	0,00
30,50000	0,00
30,51667	0,00
30,53333	0,00
30,55000	0,00
30,56667	0,00
30,58333	0,00
30,60000	0,00
30,61667	0,00
30,63333	0,00
30,65000	0,00
30,66667	0,00
30,68333	0,00
30,70000	0,00
30,71667	0,00
30,73333	0,00
30,75000	0,00
30,76667	0,00
30,78333	0,00
30,80000	0,00
30,81667	0,00
30,83333	0,00
30,85000	0,00
30,86667	0,00
30,88333	0,00
30,90000	0,00
30,91667	0,00
30,93333	0,00
30,95000	0,00
30,96667	0,00
30,98333	0,00
31,00000	0,00
31,01667	0,00
31,03333	0,00
31,05000	0,00
31,06667	0,00
31,08333	0,00
31,10000	0,00
31,11667	0,00
31,13333	0,00
31,15000	0,00
31,16667	0,00
31,18333	0,00
31,20000	0,00
31,21667	0,00
31,23333	0,00
31,25000	0,00
31,26667	0,00
31,28333	0,00
31,30000	0,00
31,31667	0,00
31,33333	0,00
31,35000	0,00
31,36667	0,00
31,38333	0,00
31,40000	0,00
31,41667	0,00
31,43333	0,00
31,45000	0,00
31,46667	0,00
31,48333	0,00
31,50000	0,00
31,51667	0,00
31,53333	0,00
31,55000	0,00
31,56667	0,00
31,58333	0,00
31,60000	0,00
31,61667	0,00
31,63333	0,00
31,65000	0,00
31,66667	0,00
31,68333	0,00
31,70000	0,00
31,71667	0,00
31,73333	0,00
31,75000	0,00
31,76667	0,00
31,78333	0,00
31,80000	0,00
31,81667	0,00
31,83333	0,00
31,85000	0,00
31,86667	0,00
31,88333	0,00
31,90000	0,00
31,91667	0,00
31,93333	0,00
31,95000	0,00
31,96667	0,00
31,98333	0,00
32,00000	0,00

[LC Status Trace(Sample Cooler Temp.)]
Interval(msec)	1000
# of Points	1921
Start Time(min)	0,000
End Time(min)	32,000
Intensity Units	C
Intensity Multiplier	1
R.Time (min)	Intensity
0,00000	3,97
0,01667	3,97
0,03333	3,97
0,05000	3,97
0,06667	4,01
0,08333	4,01
0,10000	4,01
0,11667	4,00
0,13333	4,01
0,15000	4,01
0,16667	4,00
0,18333	4,01
0,20000	4,01
0,21667	4,00
0,23333	4,01
0,25000	4,01
0,26667	4,00
0,28333	4,01
0,30000	4,01
0,31667	4,00
0,33333	4,01
0,35000	4,01
0,36667	4,00
0,38333	4,01
0,40000	4,01
0,41667	4,00
0,43333	4,01
0,45000	4,01
0,46667	4,00
0,48333	4,01
0,50000	4,01
0,51667	4,00
0,53333	4,01
0,55000	4,01
0,56667	4,00
0,58333	4,01
0,60000	4,01
0,61667	4,00
0,63333	4,01
0,65000	4,01
0,66667	4,00
0,68333	4,01
0,70000	4,01
0,71667	4,00
0,73333	4,01
0,75000	4,01
0,76667	4,00
0,78333	4,01
0,80000	4,01
0,81667	4,00
0,83333	4,01
0,85000	4,02
0,86667	4,00
0,88333	4,01
0,90000	4,01
0,91667	4,00
0,93333	4,01
0,95000	4,01
0,96667	4,00
0,98333	4,01
1,00000	4,01
1,01667	4,00
1,03333	4,01
1,05000	4,02
1,06667	4,00
1,08333	4,01
1,10000	4,01
1,11667	4,00
1,13333	4,01
1,15000	4,01
1,16667	4,00
1,18333	4,01
1,20000	4,01
1,21667	4,00
1,23333	4,01
1,25000	4,01
1,26667	4,00
1,28333	4,01
1,30000	4,01
1,31667	4,00
1,33333	4,01
1,35000	4,01
1,36667	4,00
1,38333	4,01
1,40000	4,01
1,41667	4,00
1,43333	4,01
1,45000	4,01
1,46667	4,00
1,48333	4,01
1,50000	4,01
1,51667	4,00
1,53333	4,01
1,55000	4,01
1,56667	4,00
1,58333	4,01
1,60000	4,01
1,61667	4,00
1,63333	4,01
1,65000	4,01
1,66667	4,00
1,68333	4,01
1,70000	4,01
1,71667	4,00
1,73333	4,01
1,75000	4,01
1,76667	4,00
1,78333	4,01
1,80000	4,01
1,81667	4,00
1,83333	4,01
1,85000	4,01
1,86667	4,00
1,88333	4,01
1,90000	4,01
1,91667	4,00
1,93333	4,01
1,95000	4,01
1,96667	4,00
1,98333	4,01
2,00000	4,01
2,01667	4,00
2,03333	4,01
2,05000	4,01
2,06667	4,00
2,08333	4,01
2,10000	4,01
2,11667	4,00
2,13333	4,01
2,15000	4,01
2,16667	4,00
2,18333	4,01
2,20000	4,01
2,21667	4,00
2,23333	4,01
2,25000	4,01
2,26667	4,00
2,28333	4,01
2,30000	4,01
2,31667	4,00
2,33333	4,01
2,35000	4,01
2,36667	4,00
2,38333	4,01
2,40000	4,01
2,41667	4,00
2,43333	4,01
2,45000	4,01
2,46667	4,00
2,48333	4,01
2,50000	4,01
2,51667	4,00
2,53333	4,01
2,55000	4,01
2,56667	4,00
2,58333	4,01
2,60000	4,01
2,61667	4,00
2,63333	4,01
2,65000	4,01
2,66667	4,00
2,68333	4,01
2,70000	4,01
2,71667	4,00
2,73333	4,01
2,75000	4,01
2,76667	3,99
2,78333	4,00
2,80000	4,01
2,81667	4,00
2,83333	4,01
2,85000	4,00
2,86667	3,99
2,88333	4,00
2,90000	4,01
2,91667	3,99
2,93333	4,01
2,95000	4,00
2,96667	3,99
2,98333	4,00
3,00000	4,00
3,01667	3,99
3,03333	4,01
3,05000	4,00
3,06667	3,99
3,08333	4,00
3,10000	4,00
3,11667	3,99
3,13333	4,00
3,15000	4,00
3,16667	3,99
3,18333	4,00
3,20000	4,00
3,21667	3,99
3,23333	4,00
3,25000	4,00
3,26667	3,99
3,28333	4,00
3,30000	4,00
3,31667	3,99
3,33333	4,00
3,35000	4,00
3,36667	3,99
3,38333	4,00
3,40000	4,00
3,41667	3,99
3,43333	4,00
3,45000	4,00
3,46667	3,99
3,48333	4,00
3,50000	4,00
3,51667	3,99
3,53333	4,00
3,55000	4,00
3,56667	3,99
3,58333	4,00
3,60000	4,00
3,61667	3,99
3,63333	4,00
3,65000	4,00
3,66667	3,99
3,68333	4,00
3,70000	4,00
3,71667	3,99
3,73333	4,00
3,75000	4,00
3,76667	3,99
3,78333	4,00
3,80000	4,00
3,81667	3,99
3,83333	4,00
3,85000	4,00
3,86667	3,99
3,88333	4,00
3,90000	4,00
3,91667	3,99
3,93333	4,00
3,95000	4,00
3,96667	3,99
3,98333	4,00
4,00000	4,00
4,01667	3,99
4,03333	4,00
4,05000	4,00
4,06667	3,99
4,08333	4,00
4,10000	4,00
4,11667	3,99
4,13333	4,00
4,15000	4,00
4,16667	3,99
4,18333	4,00
4,20000	4,00
4,21667	3,99
4,23333	4,00
4,25000	4,00
4,26667	3,99
4,28333	4,00
4,30000	4,00
4,31667	3,99
4,33333	4,00
4,35000	4,00
4,36667	3,99
4,38333	4,00
4,40000	4,00
4,41667	3,99
4,43333	4,00
4,45000	4,00
4,46667	3,99
4,48333	4,00
4,50000	4,00
4,51667	3,99
4,53333	4,00
4,55000	4,00
4,56667	3,99
4,58333	4,00
4,60000	4,00
4,61667	3,99
4,63333	4,00
4,65000	4,00
4,66667	3,99
4,68333	4,00
4,70000	4,00
4,71667	3,99
4,73333	4,00
4,75000	4,00
4,76667	3,99
4,78333	4,00
4,80000	4,00
4,81667	3,99
4,83333	4,00
4,85000	4,00
4,86667	3,99
4,88333	4,00
4,90000	4,00
4,91667	3,99
4,93333	4,00
4,95000	4,00
4,96667	3,99
4,98333	4,00
5,00000	4,00
5,01667	3,99
5,03333	4,00
5,05000	4,00
5,06667	3,99
5,08333	4,00
5,10000	4,00
5,11667	3,99
5,13333	4,00
5,15000	4,00
5,16667	3,99
5,18333	4,00
5,20000	4,00
5,21667	3,99
5,23333	4,00
5,25000	4,00
5,26667	3,99
5,28333	4,00
5,30000	4,00
5,31667	3,99
5,33333	4,00
5,35000	4,00
5,36667	3,99
5,38333	4,00
5,40000	4,00
5,41667	3,99
5,43333	4,00
5,45000	4,00
5,46667	3,99
5,48333	4,00
5,50000	4,00
5,51667	3,99
5,53333	4,00
5,55000	4,00
5,56667	3,99
5,58333	4,00
5,60000	4,00
5,61667	3,99
5,63333	4,00
5,65000	4,00
5,66667	3,99
5,68333	4,00
5,70000	4,00
5,71667	3,99
5,73333	4,00
5,75000	4,00
5,76667	3,99
5,78333	4,00
5,80000	4,00
5,81667	3,99
5,83333	4,00
5,85000	4,00
5,86667	3,99
5,88333	4,00
5,90000	4,00
5,91667	3,99
5,93333	4,00
5,95000	4,00
5,96667	3,99
5,98333	4,00
6,00000	4,00
6,01667	3,99
6,03333	4,00
6,05000	4,00
6,06667	3,99
6,08333	4,00
6,10000	4,00
6,11667	3,99
6,13333	4,00
6,15000	4,00
6,16667	3,99
6,18333	4,00
6,20000	4,00
6,21667	3,99
6,23333	4,00
6,25000	4,00
6,26667	3,99
6,28333	4,00
6,30000	4,00
6,31667	3,99
6,33333	4,00
6,35000	4,00
6,36667	3,99
6,38333	4,00
6,40000	4,00
6,41667	3,99
6,43333	4,00
6,45000	4,00
6,46667	3,99
6,48333	4,00
6,50000	4,00
6,51667	3,99
6,53333	4,00
6,55000	4,00
6,56667	3,99
6,58333	4,00
6,60000	4,00
6,61667	3,99
6,63333	4,00
6,65000	4,00
6,66667	3,99
6,68333	4,00
6,70000	4,00
6,71667	3,99
6,73333	4,00
6,75000	4,00
6,76667	3,99
6,78333	4,00
6,80000	4,00
6,81667	3,99
6,83333	4,00
6,85000	4,00
6,86667	3,99
6,88333	4,00
6,90000	4,00
6,91667	3,99
6,93333	4,00
6,95000	4,00
6,96667	3,99
6,98333	4,00
7,00000	4,00
7,01667	3,99
7,03333	4,00
7,05000	4,00
7,06667	3,99
7,08333	4,00
7,10000	4,00
7,11667	3,99
7,13333	4,00
7,15000	4,00
7,16667	3,99
7,18333	4,00
7,20000	4,00
7,21667	3,99
7,23333	4,00
7,25000	4,00
7,26667	3,99
7,28333	4,00
7,30000	4,00
7,31667	3,99
7,33333	4,00
7,35000	4,00
7,36667	3,99
7,38333	4,00
7,40000	4,00
7,41667	3,99
7,43333	4,00
7,45000	4,00
7,46667	3,99
7,48333	4,00
7,50000	4,00
7,51667	3,99
7,53333	4,00
7,55000	4,00
7,56667	3,99
7,58333	4,00
7,60000	4,00
7,61667	3,99
7,63333	4,00
7,65000	4,00
7,66667	3,99
7,68333	4,00
7,70000	4,00
7,71667	3,99
7,73333	4,00
7,75000	4,00
7,76667	3,99
7,78333	4,00
7,80000	4,00
7,81667	3,99
7,83333	4,00
7,85000	4,00
7,86667	3,99
7,88333	4,00
7,90000	4,00
7,91667	3,99
7,93333	4,00
7,95000	4,00
7,96667	3,99
7,98333	4,00
8,00000	4,00
8,01667	3,99
8,03333	4,00
8,05000	4,00
8,06667	3,99
8,08333	4,00
8,10000	4,00
8,11667	3,99
8,13333	4,00
8,15000	4,00
8,16667	3,99
8,18333	4,00
8,20000	4,00
8,21667	3,99
8,23333	4,00
8,25000	4,00
8,26667	3,99
8,28333	4,00
8,30000	4,00
8,31667	3,99
8,33333	4,00
8,35000	4,00
8,36667	3,99
8,38333	4,00
8,40000	4,00
8,41667	3,99
8,43333	4,00
8,45000	4,00
8,46667	3,99
8,48333	4,00
8,50000	4,00
8,51667	3,99
8,53333	4,00
8,55000	4,00
8,56667	3,99
8,58333	4,00
8,60000	4,00
8,61667	3,99
8,63333	4,00
8,65000	4,00
8,66667	3,99
8,68333	4,00
8,70000	4,00
8,71667	3,99
8,73333	4,00
8,75000	4,00
8,76667	3,99
8,78333	4,00
8,80000	4,00
8,81667	3,99
8,83333	4,00
8,85000	4,00
8,86667	3,99
8,88333	4,00
8,90000	4,00
8,91667	3,99
8,93333	4,00
8,95000	4,00
8,96667	3,99
8,98333	4,00
9,00000	4,00
9,01667	3,99
9,03333	4,00
9,05000	4,00
9,06667	3,99
9,08333	4,00
9,10000	4,00
9,11667	3,99
9,13333	4,00
9,15000	4,00
9,16667	3,99
9,18333	4,00
9,20000	4,00
9,21667	3,99
9,23333	4,00
9,25000	4,00
9,26667	3,99
9,28333	4,00
9,30000	4,00
9,31667	3,99
9,33333	4,00
9,35000	4,00
9,36667	3,99
9,38333	4,00
9,40000	4,00
9,41667	3,99
9,43333	4,00
9,45000	4,00
9,46667	3,99
9,48333	4,00
9,50000	4,00
9,51667	3,99
9,53333	4,00
9,55000	4,00
9,56667	3,99
9,58333	4,00
9,60000	4,00
9,61667	3,99
9,63333	4,00
9,65000	4,00
9,66667	3,99
9,68333	4,00
9,70000	4,00
9,71667	3,99
9,73333	4,00
9,75000	4,00
9,76667	3,99
9,78333	4,00
9,80000	4,00
9,81667	3,99
9,83333	4,00
9,85000	4,00
9,86667	3,99
9,88333	4,00
9,90000	4,00
9,91667	3,99
9,93333	4,00
9,95000	4,00
9,96667	3,99
9,98333	4,00
10,00000	4,00
10,01667	3,99
10,03333	4,00
10,05000	4,00
10,06667	3,99
10,08333	4,00
10,10000	4,00
10,11667	3,99
10,13333	4,00
10,15000	4,00
10,16667	3,99
10,18333	4,00
10,20000	4,00
10,21667	3,99
10,23333	4,00
10,25000	4,00
10,26667	3,99
10,28333	4,00
10,30000	4,00
10,31667	3,99
10,33333	4,00
10,35000	4,00
10,36667	3,99
10,38333	4,00
10,40000	4,00
10,41667	3,99
10,43333	4,00
10,45000	4,00
10,46667	3,99
10,48333	4,00
10,50000	4,00
10,51667	3,99
10,53333	4,00
10,55000	4,00
10,56667	3,99
10,58333	4,00
10,60000	4,00
10,61667	3,99
10,63333	4,00
10,65000	4,00
10,66667	3,99
10,68333	4,00
10,70000	4,00
10,71667	3,99
10,73333	4,00
10,75000	4,00
10,76667	3,99
10,78333	4,00
10,80000	4,00
10,81667	3,99
10,83333	4,00
10,85000	4,00
10,86667	3,99
10,88333	4,00
10,90000	4,00
10,91667	3,99
10,93333	4,00
10,95000	4,00
10,96667	3,99
10,98333	4,00
11,00000	4,00
11,01667	3,99
11,03333	4,00
11,05000	4,00
11,06667	3,99
11,08333	4,00
11,10000	4,00
11,11667	3,99
11,13333	4,00
11,15000	4,00
11,16667	3,99
11,18333	4,00
11,20000	4,00
11,21667	3,99
11,23333	4,00
11,25000	4,00
11,26667	3,99
11,28333	4,00
11,30000	4,00
11,31667	3,99
11,33333	4,00
11,35000	4,00
11,36667	3,99
11,38333	4,00
11,40000	4,00
11,41667	3,99
11,43333	4,00
11,45000	4,00
11,46667	3,99
11,48333	4,00
11,50000	4,00
11,51667	3,99
11,53333	4,00
11,55000	4,00
11,56667	3,99
11,58333	4,00
11,60000	4,00
11,61667	3,99
11,63333	4,00
11,65000	4,00
11,66667	3,99
11,68333	4,00
11,70000	4,00
11,71667	3,99
11,73333	4,00
11,75000	4,00
11,76667	3,99
11,78333	4,00
11,80000	4,00
11,81667	3,99
11,83333	4,00
11,85000	4,00
11,86667	3,99
11,88333	4,00
11,90000	4,00
11,91667	3,99
11,93333	4,00
11,95000	4,00
11,96667	3,99
11,98333	4,00
12,00000	4,00
12,01667	3,99
12,03333	4,00
12,05000	4,00
12,06667	3,99
12,08333	4,00
12,10000	4,00
12,11667	3,99
12,13333	4,00
12,15000	4,00
12,16667	3,99
12,18333	4,00
12,20000	4,00
12,21667	3,99
12,23333	4,00
12,25000	4,00
12,26667	3,99
12,28333	4,00
12,30000	4,00
12,31667	3,99
12,33333	4,00
12,35000	4,00
12,36667	3,99
12,38333	4,00
12,40000	4,00
12,41667	3,99
12,43333	4,00
12,45000	4,00
12,46667	3,99
12,48333	4,00
12,50000	4,00
12,51667	3,99
12,53333	4,00
12,55000	4,00
12,56667	3,99
12,58333	4,00
12,60000	4,00
12,61667	3,99
12,63333	4,00
12,65000	4,00
12,66667	3,99
12,68333	4,00
12,70000	4,00
12,71667	3,99
12,73333	4,00
12,75000	4,00
12,76667	3,99
12,78333	4,00
12,80000	4,00
12,81667	3,99
12,83333	4,00
12,85000	4,00
12,86667	3,99
12,88333	4,00
12,90000	4,00
12,91667	3,99
12,93333	4,00
12,95000	4,00
12,96667	3,99
12,98333	4,00
13,00000	4,00
13,01667	3,99
13,03333	4,00
13,05000	4,00
13,06667	3,99
13,08333	4,00
13,10000	4,00
13,11667	3,99
13,13333	4,00
13,15000	4,00
13,16667	3,99
13,18333	4,00
13,20000	4,00
13,21667	3,99
13,23333	4,00
13,25000	4,00
13,26667	3,99
13,28333	4,00
13,30000	4,00
13,31667	3,99
13,33333	4,00
13,35000	4,00
13,36667	3,99
13,38333	4,00
13,40000	4,00
13,41667	3,99
13,43333	4,00
13,45000	4,00
13,46667	3,99
13,48333	4,00
13,50000	4,00
13,51667	3,99
13,53333	4,00
13,55000	4,00
13,56667	3,99
13,58333	4,00
13,60000	4,00
13,61667	3,99
13,63333	4,00
13,65000	4,00
13,66667	3,99
13,68333	4,00
13,70000	4,00
13,71667	3,99
13,73333	4,00
13,75000	4,00
13,76667	3,99
13,78333	4,00
13,80000	4,00
13,81667	3,99
13,83333	4,00
13,85000	4,00
13,86667	3,99
13,88333	4,00
13,90000	4,00
13,91667	3,99
13,93333	4,00
13,95000	4,00
13,96667	3,99
13,98333	4,00
14,00000	4,00
14,01667	3,99
14,03333	4,00
14,05000	4,00
14,06667	3,99
14,08333	4,00
14,10000	4,00
14,11667	3,99
14,13333	4,00
14,15000	4,00
14,16667	3,99
14,18333	4,00
14,20000	4,00
14,21667	3,99
14,23333	4,00
14,25000	4,00
14,26667	3,99
14,28333	4,00
14,30000	4,00
14,31667	3,99
14,33333	4,00
14,35000	4,00
14,36667	3,99
14,38333	4,00
14,40000	4,00
14,41667	3,99
14,43333	4,00
14,45000	4,00
14,46667	3,99
14,48333	4,00
14,50000	4,00
14,51667	3,99
14,53333	4,00
14,55000	4,01
14,56667	3,99
14,58333	4,00
14,60000	4,00
14,61667	3,99
14,63333	4,01
14,65000	4,01
14,66667	3,99
14,68333	4,00
14,70000	4,01
14,71667	3,99
14,73333	4,01
14,75000	4,01
14,76667	3,99
14,78333	4,00
14,80000	4,00
14,81667	3,99
14,83333	4,01
14,85000	4,01
14,86667	3,99
14,88333	4,00
14,90000	4,01
14,91667	4,00
14,93333	4,01
14,95000	4,01
14,96667	3,99
14,98333	4,01
15,00000	4,01
15,01667	4,00
15,03333	4,00
15,05000	4,01
15,06667	3,99
15,08333	4,01
15,10000	4,01
15,11667	4,00
15,13333	4,01
15,15000	4,00
15,16667	3,99
15,18333	4,01
15,20000	4,01
15,21667	3,99
15,23333	4,01
15,25000	4,01
15,26667	4,00
15,28333	4,01
15,30000	4,01
15,31667	4,00
15,33333	4,01
15,35000	4,01
15,36667	4,00
15,38333	4,01
15,40000	4,01
15,41667	4,00
15,43333	4,01
15,45000	4,01
15,46667	4,00
15,48333	4,01
15,50000	4,01
15,51667	4,00
15,53333	4,01
15,55000	4,01
15,56667	4,00
15,58333	4,01
15,60000	4,01
15,61667	4,00
15,63333	4,01
15,65000	4,01
15,66667	4,00
15,68333	4,01
15,70000	4,01
15,71667	3,99
15,73333	4,01
15,75000	4,01
15,76667	4,00
15,78333	4,01
15,80000	4,01
15,81667	3,99
15,83333	4,01
15,85000	4,01
15,86667	4,00
15,88333	4,01
15,90000	4,01
15,91667	4,00
15,93333	4,01
15,95000	4,01
15,96667	3,99
15,98333	4,01
16,00000	4,01
16,01667	3,99
16,03333	4,01
16,05000	4,01
16,06667	3,99
16,08333	4,01
16,10000	4,01
16,11667	4,00
16,13333	4,01
16,15000	4,01
16,16667	4,00
16,18333	4,00
16,20000	4,01
16,21667	3,99
16,23333	4,01
16,25000	4,00
16,26667	3,99
16,28333	4,00
16,30000	4,01
16,31667	3,99
16,33333	4,01
16,35000	4,01
16,36667	3,99
16,38333	4,00
16,40000	4,00
16,41667	3,99
16,43333	4,00
16,45000	4,00
16,46667	3,99
16,48333	4,00
16,50000	4,01
16,51667	3,99
16,53333	4,00
16,55000	4,00
16,56667	3,99
16,58333	4,00
16,60000	4,00
16,61667	3,99
16,63333	4,00
16,65000	4,00
16,66667	3,99
16,68333	4,00
16,70000	4,00
16,71667	3,99
16,73333	4,00
16,75000	4,00
16,76667	3,99
16,78333	4,00
16,80000	4,00
16,81667	3,99
16,83333	4,00
16,85000	4,00
16,86667	3,99
16,88333	4,00
16,90000	4,00
16,91667	3,99
16,93333	4,00
16,95000	4,00
16,96667	3,99
16,98333	4,00
17,00000	4,00
17,01667	3,99
17,03333	4,00
17,05000	4,00
17,06667	3,99
17,08333	4,00
17,10000	4,00
17,11667	3,99
17,13333	4,00
17,15000	4,00
17,16667	3,99
17,18333	4,00
17,20000	4,00
17,21667	3,99
17,23333	4,00
17,25000	4,00
17,26667	3,99
17,28333	4,00
17,30000	4,00
17,31667	3,99
17,33333	4,00
17,35000	4,00
17,36667	3,99
17,38333	4,00
17,40000	4,00
17,41667	3,99
17,43333	4,00
17,45000	4,00
17,46667	3,99
17,48333	4,00
17,50000	4,00
17,51667	3,99
17,53333	4,00
17,55000	4,00
17,56667	3,99
17,58333	4,00
17,60000	4,00
17,61667	3,99
17,63333	4,00
17,65000	4,00
17,66667	3,99
17,68333	4,00
17,70000	4,00
17,71667	3,99
17,73333	4,00
17,75000	4,00
17,76667	3,99
17,78333	4,00
17,80000	4,00
17,81667	3,99
17,83333	4,00
17,85000	4,00
17,86667	3,99
17,88333	4,00
17,90000	4,00
17,91667	3,99
17,93333	4,00
17,95000	4,00
17,96667	3,99
17,98333	4,00
18,00000	4,00
18,01667	3,99
18,03333	4,00
18,05000	4,00
18,06667	3,99
18,08333	4,00
18,10000	4,00
18,11667	3,99
18,13333	4,00
18,15000	4,00
18,16667	3,99
18,18333	4,00
18,20000	4,00
18,21667	3,99
18,23333	4,00
18,25000	4,00
18,26667	3,99
18,28333	4,00
18,30000	4,00
18,31667	3,99
18,33333	4,00
18,35000	4,00
18,36667	3,99
18,38333	4,00
18,40000	4,00
18,41667	3,99
18,43333	4,00
18,45000	4,00
18,46667	3,99
18,48333	4,00
18,50000	4,00
18,51667	3,99
18,53333	4,00
18,55000	4,00
18,56667	3,99
18,58333	4,00
18,60000	4,00
18,61667	3,99
18,63333	4,00
18,65000	4,00
18,66667	3,99
18,68333	4,00
18,70000	4,00
18,71667	3,99
18,73333	4,00
18,75000	4,00
18,76667	3,99
18,78333	4,00
18,80000	4,00
18,81667	3,99
18,83333	4,00
18,85000	4,00
18,86667	3,99
18,88333	4,00
18,90000	4,00
18,91667	3,99
18,93333	4,00
18,95000	4,00
18,96667	3,99
18,98333	4,00
19,00000	4,00
19,01667	3,99
19,03333	4,00
19,05000	4,00
19,06667	3,99
19,08333	4,00
19,10000	4,00
19,11667	3,99
19,13333	4,00
19,15000	4,00
19,16667	3,99
19,18333	4,00
19,20000	4,00
19,21667	3,99
19,23333	4,00
19,25000	4,00
19,26667	3,99
19,28333	4,00
19,30000	4,00
19,31667	3,99
19,33333	4,00
19,35000	4,00
19,36667	3,99
19,38333	4,00
19,40000	4,00
19,41667	3,99
19,43333	4,00
19,45000	4,00
19,46667	3,99
19,48333	4,00
19,50000	4,00
19,51667	3,99
19,53333	4,00
19,55000	4,00
19,56667	3,99
19,58333	4,00
19,60000	4,00
19,61667	3,99
19,63333	4,00
19,65000	4,00
19,66667	3,99
19,68333	4,00
19,70000	4,00
19,71667	3,99
19,73333	4,00
19,75000	4,00
19,76667	3,99
19,78333	4,00
19,80000	4,00
19,81667	3,99
19,83333	4,00
19,85000	4,00
19,86667	3,99
19,88333	4,00
19,90000	4,00
19,91667	3,99
19,93333	4,00
19,95000	4,00
19,96667	3,99
19,98333	4,00
20,00000	4,00
20,01667	3,99
20,03333	4,00
20,05000	4,00
20,06667	3,99
20,08333	4,00
20,10000	4,00
20,11667	3,99
20,13333	4,00
20,15000	4,00
20,16667	3,99
20,18333	4,00
20,20000	4,00
20,21667	3,99
20,23333	4,00
20,25000	4,00
20,26667	3,99
20,28333	4,00
20,30000	4,00
20,31667	3,99
20,33333	4,00
20,35000	4,00
20,36667	3,99
20,38333	4,00
20,40000	4,00
20,41667	3,99
20,43333	4,00
20,45000	4,00
20,46667	3,99
20,48333	4,00
20,50000	4,00
20,51667	3,99
20,53333	4,00
20,55000	4,00
20,56667	3,99
20,58333	4,00
20,60000	4,00
20,61667	3,99
20,63333	4,00
20,65000	4,00
20,66667	3,99
20,68333	4,00
20,70000	4,00
20,71667	3,99
20,73333	4,00
20,75000	4,00
20,76667	3,99
20,78333	4,00
20,80000	4,00
20,81667	3,99
20,83333	4,00
20,85000	4,00
20,86667	3,99
20,88333	4,00
20,90000	4,00
20,91667	3,99
20,93333	4,00
20,95000	4,00
20,96667	3,99
20,98333	4,00
21,00000	4,00
21,01667	3,99
21,03333	4,00
21,05000	4,00
21,06667	3,99
21,08333	4,00
21,10000	4,00
21,11667	3,99
21,13333	4,00
21,15000	4,00
21,16667	3,99
21,18333	4,00
21,20000	4,00
21,21667	3,99
21,23333	4,00
21,25000	4,00
21,26667	3,99
21,28333	4,00
21,30000	4,00
21,31667	3,99
21,33333	4,00
21,35000	4,00
21,36667	3,99
21,38333	4,00
21,40000	4,00
21,41667	3,99
21,43333	4,00
21,45000	4,00
21,46667	3,99
21,48333	4,00
21,50000	4,00
21,51667	3,99
21,53333	4,00
21,55000	4,00
21,56667	3,99
21,58333	4,00
21,60000	4,00
21,61667	3,99
21,63333	4,00
21,65000	4,00
21,66667	3,99
21,68333	4,00
21,70000	4,00
21,71667	3,99
21,73333	4,00
21,75000	4,00
21,76667	3,99
21,78333	4,00
21,80000	4,00
21,81667	3,99
21,83333	4,00
21,85000	4,00
21,86667	3,99
21,88333	4,00
21,90000	4,00
21,91667	3,99
21,93333	4,00
21,95000	4,00
21,96667	3,99
21,98333	4,00
22,00000	4,00
22,01667	3,99
22,03333	4,00
22,05000	4,00
22,06667	3,99
22,08333	4,00
22,10000	4,00
22,11667	3,99
22,13333	4,00
22,15000	4,00
22,16667	3,99
22,18333	4,00
22,20000	4,00
22,21667	3,99
22,23333	4,00
22,25000	4,00
22,26667	3,99
22,28333	4,00
22,30000	4,00
22,31667	3,99
22,33333	4,00
22,35000	4,00
22,36667	3,99
22,38333	4,00
22,40000	4,00
22,41667	3,99
22,43333	4,00
22,45000	4,00
22,46667	3,99
22,48333	4,00
22,50000	4,00
22,51667	3,99
22,53333	4,00
22,55000	4,00
22,56667	3,99
22,58333	4,00
22,60000	4,00
22,61667	3,99
22,63333	4,00
22,65000	4,00
22,66667	3,99
22,68333	4,00
22,70000	4,00
22,71667	3,99
22,73333	4,00
22,75000	4,00
22,76667	3,99
22,78333	4,00
22,80000	4,00
22,81667	3,99
22,83333	4,00
22,85000	4,00
22,86667	3,99
22,88333	4,00
22,90000	4,00
22,91667	3,99
22,93333	4,00
22,95000	4,00
22,96667	3,99
22,98333	4,00
23,00000	4,00
23,01667	3,99
23,03333	4,00
23,05000	4,00
23,06667	3,99
23,08333	4,00
23,10000	4,00
23,11667	3,99
23,13333	4,00
23,15000	4,00
23,16667	3,99
23,18333	4,00
23,20000	4,00
23,21667	3,99
23,23333	4,00
23,25000	4,00
23,26667	3,99
23,28333	4,00
23,30000	4,00
23,31667	3,99
23,33333	4,00
23,35000	4,00
23,36667	3,99
23,38333	4,00
23,40000	4,00
23,41667	3,99
23,43333	4,00
23,45000	4,00
23,46667	3,99
23,48333	4,00
23,50000	4,00
23,51667	3,99
23,53333	4,00
23,55000	4,00
23,56667	3,99
23,58333	4,00
23,60000	4,00
23,61667	3,99
23,63333	4,00
23,65000	4,00
23,66667	3,99
23,68333	4,00
23,70000	4,00
23,71667	3,99
23,73333	4,00
23,75000	4,00
23,76667	3,99
23,78333	4,00
23,80000	4,00
23,81667	3,99
23,83333	4,00
23,85000	4,00
23,86667	3,99
23,88333	4,00
23,90000	4,00
23,91667	3,99
23,93333	4,00
23,95000	4,00
23,96667	3,99
23,98333	4,00
24,00000	4,00
24,01667	3,99
24,03333	4,00
24,05000	4,00
24,06667	3,99
24,08333	4,00
24,10000	4,00
24,11667	3,99
24,13333	4,00
24,15000	4,00
24,16667	3,99
24,18333	4,00
24,20000	4,00
24,21667	3,99
24,23333	4,00
24,25000	4,00
24,26667	3,99
24,28333	4,00
24,30000	4,00
24,31667	3,99
24,33333	4,00
24,35000	4,00
24,36667	3,99
24,38333	4,00
24,40000	4,00
24,41667	3,99
24,43333	4,00
24,45000	4,00
24,46667	3,99
24,48333	4,00
24,50000	4,00
24,51667	3,99
24,53333	4,00
24,55000	4,00
24,56667	3,99
24,58333	4,00
24,60000	4,00
24,61667	3,99
24,63333	4,00
24,65000	4,00
24,66667	3,99
24,68333	4,00
24,70000	4,00
24,71667	3,99
24,73333	4,00
24,75000	4,00
24,76667	3,99
24,78333	4,00
24,80000	4,00
24,81667	3,99
24,83333	4,00
24,85000	4,00
24,86667	3,99
24,88333	4,00
24,90000	4,00
24,91667	3,99
24,93333	4,00
24,95000	4,00
24,96667	3,99
24,98333	4,00
25,00000	4,00
25,01667	3,99
25,03333	4,00
25,05000	4,00
25,06667	3,99
25,08333	4,00
25,10000	4,00
25,11667	3,99
25,13333	4,00
25,15000	4,00
25,16667	3,99
25,18333	4,00
25,20000	4,00
25,21667	3,99
25,23333	4,00
25,25000	4,00
25,26667	3,99
25,28333	4,00
25,30000	4,00
25,31667	3,99
25,33333	4,00
25,35000	4,00
25,36667	3,99
25,38333	4,00
25,40000	4,00
25,41667	3,99
25,43333	4,00
25,45000	4,00
25,46667	3,99
25,48333	4,00
25,50000	4,00
25,51667	3,99
25,53333	4,00
25,55000	4,00
25,56667	3,99
25,58333	4,00
25,60000	4,00
25,61667	3,99
25,63333	4,00
25,65000	4,00
25,66667	3,99
25,68333	4,00
25,70000	4,00
25,71667	3,99
25,73333	4,00
25,75000	4,00
25,76667	3,99
25,78333	4,00
25,80000	4,00
25,81667	3,99
25,83333	4,00
25,85000	4,00
25,86667	3,99
25,88333	4,01
25,90000	4,00
25,91667	3,99
25,93333	4,00
25,95000	4,00
25,96667	3,99
25,98333	4,01
26,00000	4,00
26,01667	3,99
26,03333	4,00
26,05000	4,00
26,06667	3,99
26,08333	4,00
26,10000	4,00
26,11667	3,99
26,13333	4,00
26,15000	4,00
26,16667	3,99
26,18333	4,00
26,20000	4,00
26,21667	3,99
26,23333	4,01
26,25000	4,01
26,26667	3,99
26,28333	4,01
26,30000	4,00
26,31667	3,99
26,33333	4,01
26,35000	4,01
26,36667	3,99
26,38333	4,01
26,40000	4,00
26,41667	3,99
26,43333	4,00
26,45000	4,00
26,46667	3,99
26,48333	4,00
26,50000	4,00
26,51667	4,00
26,53333	4,01
26,55000	4,01
26,56667	3,99
26,58333	4,00
26,60000	4,01
26,61667	4,00
26,63333	4,00
26,65000	4,01
26,66667	3,99
26,68333	4,00
26,70000	4,00
26,71667	3,99
26,73333	4,01
26,75000	4,00
26,76667	4,00
26,78333	4,01
26,80000	4,01
26,81667	3,99
26,83333	4,01
26,85000	4,01
26,86667	3,99
26,88333	4,01
26,90000	4,01
26,91667	4,00
26,93333	4,01
26,95000	4,00
26,96667	4,00
26,98333	4,01
27,00000	4,01
27,01667	3,99
27,03333	4,01
27,05000	4,01
27,06667	3,99
27,08333	4,01
27,10000	4,01
27,11667	3,99
27,13333	4,01
27,15000	4,00
27,16667	3,99
27,18333	4,01
27,20000	4,01
27,21667	3,99
27,23333	4,01
27,25000	4,01
27,26667	3,99
27,28333	4,01
27,30000	4,00
27,31667	3,99
27,33333	4,00
27,35000	4,00
27,36667	4,00
27,38333	4,01
27,40000	4,01
27,41667	3,99
27,43333	4,01
27,45000	4,01
27,46667	3,99
27,48333	4,01
27,50000	4,01
27,51667	4,00
27,53333	4,00
27,55000	4,01
27,56667	4,00
27,58333	4,01
27,60000	4,01
27,61667	3,99
27,63333	4,01
27,65000	4,01
27,66667	3,99
27,68333	4,00
27,70000	4,01
27,71667	4,00
27,73333	4,01
27,75000	4,01
27,76667	3,99
27,78333	4,00
27,80000	4,01
27,81667	3,99
27,83333	4,01
27,85000	4,01
27,86667	3,99
27,88333	4,01
27,90000	4,00
27,91667	4,00
27,93333	4,01
27,95000	4,01
27,96667	3,99
27,98333	4,01
28,00000	4,00
28,01667	3,99
28,03333	4,01
28,05000	4,01
28,06667	3,99
28,08333	4,00
28,10000	4,00
28,11667	4,00
28,13333	4,01
28,15000	4,01
28,16667	3,99
28,18333	4,01
28,20000	4,01
28,21667	4,00
28,23333	4,01
28,25000	4,01
28,26667	3,99
28,28333	4,01
28,30000	4,01
28,31667	4,00
28,33333	4,01
28,35000	4,01
28,36667	3,99
28,38333	4,01
28,40000	4,01
28,41667	3,99
28,43333	4,01
28,45000	4,01
28,46667	3,99
28,48333	4,01
28,50000	4,01
28,51667	3,99
28,53333	4,01
28,55000	4,01
28,56667	4,00
28,58333	4,01
28,60000	4,01
28,61667	3,99
28,63333	4,01
28,65000	4,01
28,66667	3,99
28,68333	4,01
28,70000	4,01
28,71667	3,99
28,73333	4,01
28,75000	4,01
28,76667	3,99
28,78333	4,01
28,80000	4,01
28,81667	4,00
28,83333	4,00
28,85000	4,01
28,86667	4,00
28,88333	4,01
28,90000	4,01
28,91667	3,99
28,93333	4,01
28,95000	4,01
28,96667	3,99
28,98333	4,01
29,00000	4,01
29,01667	4,00
29,03333	4,01
29,05000	4,01
29,06667	4,00
29,08333	4,01
29,10000	4,01
29,11667	3,99
29,13333	4,00
29,15000	4,00
29,16667	3,99
29,18333	4,01
29,20000	4,00
29,21667	3,99
29,23333	4,01
29,25000	4,01
29,26667	3,99
29,28333	4,00
29,30000	4,00
29,31667	3,99
29,33333	4,00
29,35000	4,00
29,36667	3,99
29,38333	4,00
29,40000	4,00
29,41667	3,99
29,43333	4,00
29,45000	4,00
29,46667	3,99
29,48333	4,00
29,50000	4,00
29,51667	3,99
29,53333	4,00
29,55000	4,00
29,56667	3,99
29,58333	4,00
29,60000	4,00
29,61667	3,99
29,63333	4,00
29,65000	4,00
29,66667	3,99
29,68333	4,00
29,70000	4,00
29,71667	3,99
29,73333	4,00
29,75000	4,00
29,76667	3,99
29,78333	4,00
29,80000	4,00
29,81667	3,99
29,83333	4,00
29,85000	4,00
29,86667	3,99
29,88333	4,00
29,90000	4,00
29,91667	3,99
29,93333	4,00
29,95000	4,00
29,96667	3,99
29,98333	4,00
30,00000	4,00
30,01667	3,99
30,03333	4,00
30,05000	4,00
30,06667	3,99
30,08333	4,00
30,10000	4,00
30,11667	3,99
30,13333	4,00
30,15000	4,00
30,16667	3,99
30,18333	4,00
30,20000	4,00
30,21667	3,99
30,23333	4,00
30,25000	4,00
30,26667	3,99
30,28333	4,00
30,30000	4,00
30,31667	3,99
30,33333	4,00
30,35000	4,00
30,36667	3,99
30,38333	4,00
30,40000	4,00
30,41667	3,99
30,43333	4,00
30,45000	4,00
30,46667	3,99
30,48333	4,00
30,50000	4,00
30,51667	3,99
30,53333	4,00
30,55000	4,00
30,56667	3,99
30,58333	4,00
30,60000	4,00
30,61667	3,99
30,63333	4,00
30,65000	4,00
30,66667	3,99
30,68333	4,00
30,70000	4,00
30,71667	3,99
30,73333	4,00
30,75000	4,00
30,76667	3,99
30,78333	4,00
30,80000	4,00
30,81667	3,99
30,83333	4,00
30,85000	4,00
30,86667	3,99
30,88333	4,00
30,90000	4,00
30,91667	3,99
30,93333	4,00
30,95000	4,00
30,96667	3,99
30,98333	4,00
31,00000	4,00
31,01667	3,99
31,03333	4,00
31,05000	4,00
31,06667	3,99
31,08333	4,00
31,10000	4,00
31,11667	3,99
31,13333	4,00
31,15000	4,00
31,16667	3,99
31,18333	4,00
31,20000	4,00
31,21667	3,99
31,23333	4,00
31,25000	4,00
31,26667	3,99
31,28333	4,00
31,30000	4,00
31,31667	3,99
31,33333	4,00
31,35000	4,00
31,36667	3,99
31,38333	4,00
31,40000	4,00
31,41667	3,99
31,43333	4,00
31,45000	4,00
31,46667	3,99
31,48333	4,00
31,50000	4,00
31,51667	3,99
31,53333	4,00
31,55000	4,00
31,56667	3,99
31,58333	4,00
31,60000	4,00
31,61667	3,99
31,63333	4,00
31,65000	4,00
31,66667	3,99
31,68333	4,00
31,70000	4,00
31,71667	3,99
31,73333	4,00
31,75000	4,00
31,76667	3,99
31,78333	4,00
31,80000	4,00
31,81667	3,99
31,83333	4,00
31,85000	4,00
31,86667	3,99
31,88333	4,00
31,90000	4,00
31,91667	3,99
31,93333	4,00
31,95000	4,00
31,96667	3,99
31,98333	4,00
32,00000	4,00

[LC Status Trace(Oven Temp.)]
Interval(msec)	1000
# of Points	1921
Start Time(min)	0,000
End Time(min)	32,000
Intensity Units	C
Intensity Multiplier	1
R.Time (min)	Intensity
0,00000	50,00
0,01667	50,00
0,03333	50,00
0,05000	50,00
0,06667	50,00
0,08333	50,00
0,10000	50,00
0,11667	50,00
0,13333	50,00
0,15000	50,00
0,16667	50,00
0,18333	50,00
0,20000	50,00
0,21667	50,00
0,23333	50,00
0,25000	50,00
0,26667	50,00
0,28333	50,00
0,30000	50,00
0,31667	50,00
0,33333	50,00
0,35000	50,00
0,36667	50,00
0,38333	50,00
0,40000	50,00
0,41667	50,00
0,43333	50,00
0,45000	50,00
0,46667	50,00
0,48333	50,00
0,50000	50,00
0,51667	50,00
0,53333	50,00
0,55000	50,00
0,56667	50,00
0,58333	50,00
0,60000	50,00
0,61667	50,00
0,63333	50,00
0,65000	50,00
0,66667	50,00
0,68333	50,00
0,70000	50,00
0,71667	50,00
0,73333	50,00
0,75000	50,00
0,76667	50,00
0,78333	50,00
0,80000	50,00
0,81667	50,00
0,83333	50,00
0,85000	50,00
0,86667	50,00
0,88333	50,00
0,90000	50,00
0,91667	50,00
0,93333	50,00
0,95000	50,00
0,96667	50,00
0,98333	49,99
1,00000	49,99
1,01667	49,99
1,03333	49,99
1,05000	49,99
1,06667	49,99
1,08333	49,99
1,10000	49,99
1,11667	49,99
1,13333	49,99
1,15000	49,99
1,16667	49,99
1,18333	49,99
1,20000	49,99
1,21667	49,99
1,23333	49,99
1,25000	49,99
1,26667	49,99
1,28333	49,99
1,30000	49,99
1,31667	49,99
1,33333	49,99
1,35000	49,99
1,36667	49,99
1,38333	49,99
1,40000	49,99
1,41667	49,99
1,43333	49,99
1,45000	49,99
1,46667	49,99
1,48333	49,99
1,50000	49,99
1,51667	49,99
1,53333	49,99
1,55000	49,99
1,56667	49,99
1,58333	49,99
1,60000	49,99
1,61667	49,99
1,63333	49,99
1,65000	49,99
1,66667	49,99
1,68333	49,99
1,70000	49,99
1,71667	49,99
1,73333	49,99
1,75000	49,99
1,76667	49,99
1,78333	49,99
1,80000	49,99
1,81667	49,99
1,83333	50,00
1,85000	50,00
1,86667	50,00
1,88333	50,00
1,90000	50,00
1,91667	50,00
1,93333	50,00
1,95000	50,00
1,96667	50,00
1,98333	50,00
2,00000	50,00
2,01667	50,00
2,03333	50,00
2,05000	50,00
2,06667	50,00
2,08333	50,00
2,10000	50,00
2,11667	50,00
2,13333	50,00
2,15000	50,00
2,16667	50,00
2,18333	50,00
2,20000	50,00
2,21667	50,00
2,23333	50,00
2,25000	50,00
2,26667	50,00
2,28333	50,00
2,30000	50,00
2,31667	50,00
2,33333	50,00
2,35000	50,00
2,36667	50,00
2,38333	50,00
2,40000	50,00
2,41667	50,00
2,43333	50,00
2,45000	50,00
2,46667	50,00
2,48333	50,00
2,50000	50,00
2,51667	50,00
2,53333	50,00
2,55000	50,00
2,56667	50,00
2,58333	50,00
2,60000	50,00
2,61667	50,00
2,63333	50,00
2,65000	50,00
2,66667	50,00
2,68333	50,00
2,70000	50,00
2,71667	50,00
2,73333	50,00
2,75000	50,00
2,76667	50,00
2,78333	50,00
2,80000	50,00
2,81667	50,00
2,83333	50,00
2,85000	50,00
2,86667	49,99
2,88333	49,99
2,90000	49,99
2,91667	49,99
2,93333	49,99
2,95000	49,99
2,96667	49,99
2,98333	49,99
3,00000	49,99
3,01667	49,99
3,03333	49,99
3,05000	49,99
3,06667	49,99
3,08333	49,99
3,10000	49,99
3,11667	49,99
3,13333	49,99
3,15000	49,99
3,16667	49,99
3,18333	49,99
3,20000	49,99
3,21667	49,99
3,23333	49,99
3,25000	49,99
3,26667	49,99
3,28333	49,99
3,30000	49,99
3,31667	49,99
3,33333	49,99
3,35000	49,99
3,36667	49,99
3,38333	49,99
3,40000	49,99
3,41667	49,99
3,43333	49,99
3,45000	49,99
3,46667	49,99
3,48333	49,99
3,50000	49,99
3,51667	49,99
3,53333	49,99
3,55000	49,99
3,56667	49,99
3,58333	49,99
3,60000	49,99
3,61667	49,99
3,63333	49,99
3,65000	49,99
3,66667	49,99
3,68333	49,99
3,70000	49,99
3,71667	49,99
3,73333	49,99
3,75000	49,99
3,76667	49,99
3,78333	49,99
3,80000	49,99
3,81667	49,99
3,83333	49,99
3,85000	49,99
3,86667	49,99
3,88333	49,99
3,90000	50,00
3,91667	50,00
3,93333	50,00
3,95000	50,00
3,96667	50,00
3,98333	50,00
4,00000	50,00
4,01667	50,00
4,03333	50,00
4,05000	50,00
4,06667	50,00
4,08333	50,00
4,10000	50,00
4,11667	50,00
4,13333	50,00
4,15000	50,00
4,16667	50,00
4,18333	50,00
4,20000	50,00
4,21667	50,00
4,23333	50,00
4,25000	50,00
4,26667	49,99
4,28333	49,99
4,30000	49,99
4,31667	49,99
4,33333	50,00
4,35000	50,00
4,36667	50,00
4,38333	50,00
4,40000	50,00
4,41667	50,00
4,43333	50,00
4,45000	50,00
4,46667	50,00
4,48333	50,00
4,50000	50,00
4,51667	50,00
4,53333	50,00
4,55000	50,00
4,56667	50,00
4,58333	50,00
4,60000	50,00
4,61667	50,00
4,63333	50,00
4,65000	50,00
4,66667	50,00
4,68333	50,00
4,70000	50,00
4,71667	50,00
4,73333	50,00
4,75000	50,00
4,76667	50,00
4,78333	50,00
4,80000	50,00
4,81667	50,00
4,83333	50,00
4,85000	50,00
4,86667	49,99
4,88333	49,99
4,90000	49,99
4,91667	49,99
4,93333	49,99
4,95000	49,99
4,96667	49,99
4,98333	49,99
5,00000	49,99
5,01667	49,99
5,03333	49,99
5,05000	49,99
5,06667	49,99
5,08333	49,99
5,10000	49,99
5,11667	49,99
5,13333	49,99
5,15000	49,99
5,16667	49,99
5,18333	49,99
5,20000	49,99
5,21667	49,99
5,23333	49,99
5,25000	49,99
5,26667	49,99
5,28333	49,99
5,30000	49,99
5,31667	49,99
5,33333	49,99
5,35000	49,99
5,36667	49,99
5,38333	49,99
5,40000	49,99
5,41667	49,99
5,43333	49,99
5,45000	49,99
5,46667	49,99
5,48333	49,99
5,50000	49,99
5,51667	50,00
5,53333	50,00
5,55000	50,00
5,56667	50,00
5,58333	50,00
5,60000	50,00
5,61667	50,00
5,63333	50,00
5,65000	50,00
5,66667	50,00
5,68333	50,00
5,70000	50,00
5,71667	50,00
5,73333	50,00
5,75000	50,00
5,76667	50,00
5,78333	50,00
5,80000	50,00
5,81667	50,00
5,83333	50,00
5,85000	50,00
5,86667	50,00
5,88333	50,00
5,90000	50,00
5,91667	50,00
5,93333	50,00
5,95000	50,00
5,96667	50,00
5,98333	50,00
6,00000	50,00
6,01667	50,00
6,03333	50,00
6,05000	50,00
6,06667	50,00
6,08333	50,00
6,10000	50,00
6,11667	50,00
6,13333	50,00
6,15000	50,00
6,16667	50,00
6,18333	50,00
6,20000	50,00
6,21667	50,00
6,23333	50,00
6,25000	50,00
6,26667	50,00
6,28333	50,00
6,30000	50,00
6,31667	50,00
6,33333	50,00
6,35000	50,00
6,36667	50,00
6,38333	50,00
6,40000	50,00
6,41667	50,00
6,43333	50,00
6,45000	50,00
6,46667	50,00
6,48333	50,00
6,50000	50,00
6,51667	50,00
6,53333	50,00
6,55000	50,00
6,56667	50,00
6,58333	50,00
6,60000	50,00
6,61667	50,00
6,63333	50,00
6,65000	50,00
6,66667	50,00
6,68333	50,00
6,70000	50,00
6,71667	50,00
6,73333	50,00
6,75000	49,99
6,76667	49,99
6,78333	49,99
6,80000	49,99
6,81667	49,99
6,83333	49,99
6,85000	49,99
6,86667	49,99
6,88333	49,99
6,90000	49,99
6,91667	49,99
6,93333	49,99
6,95000	49,99
6,96667	49,99
6,98333	49,99
7,00000	49,99
7,01667	49,99
7,03333	49,99
7,05000	49,99
7,06667	49,99
7,08333	49,99
7,10000	49,99
7,11667	49,99
7,13333	49,99
7,15000	49,99
7,16667	49,99
7,18333	49,99
7,20000	49,99
7,21667	49,99
7,23333	49,99
7,25000	49,99
7,26667	49,99
7,28333	49,99
7,30000	49,99
7,31667	49,99
7,33333	49,99
7,35000	49,99
7,36667	49,99
7,38333	49,99
7,40000	49,99
7,41667	49,99
7,43333	49,99
7,45000	49,99
7,46667	49,99
7,48333	49,99
7,50000	49,99
7,51667	49,99
7,53333	49,99
7,55000	49,99
7,56667	49,99
7,58333	49,99
7,60000	49,99
7,61667	49,99
7,63333	49,99
7,65000	49,99
7,66667	49,99
7,68333	49,99
7,70000	49,99
7,71667	49,99
7,73333	49,99
7,75000	49,99
7,76667	49,99
7,78333	49,99
7,80000	49,99
7,81667	49,99
7,83333	50,00
7,85000	50,00
7,86667	50,00
7,88333	50,00
7,90000	50,00
7,91667	50,00
7,93333	50,00
7,95000	50,00
7,96667	50,00
7,98333	50,00
8,00000	50,00
8,01667	50,00
8,03333	50,00
8,05000	50,00
8,06667	50,00
8,08333	50,00
8,10000	50,00
8,11667	50,00
8,13333	50,00
8,15000	50,00
8,16667	50,00
8,18333	50,00
8,20000	50,00
8,21667	50,00
8,23333	50,00
8,25000	50,00
8,26667	50,00
8,28333	50,00
8,30000	50,00
8,31667	50,00
8,33333	50,00
8,35000	50,00
8,36667	50,00
8,38333	50,00
8,40000	50,00
8,41667	50,00
8,43333	50,00
8,45000	50,00
8,46667	50,00
8,48333	50,00
8,50000	50,00
8,51667	50,00
8,53333	50,00
8,55000	50,00
8,56667	50,00
8,58333	50,00
8,60000	50,00
8,61667	50,00
8,63333	50,00
8,65000	50,00
8,66667	50,00
8,68333	50,00
8,70000	50,00
8,71667	50,00
8,73333	50,00
8,75000	50,00
8,76667	50,00
8,78333	50,00
8,80000	50,00
8,81667	50,00
8,83333	50,00
8,85000	50,00
8,86667	50,00
8,88333	50,00
8,90000	50,00
8,91667	50,00
8,93333	50,00
8,95000	50,00
8,96667	50,00
8,98333	50,00
9,00000	50,00
9,01667	50,00
9,03333	50,00
9,05000	50,00
9,06667	50,00
9,08333	50,00
9,10000	49,99
9,11667	49,99
9,13333	49,99
9,15000	49,99
9,16667	49,99
9,18333	49,99
9,20000	49,99
9,21667	49,99
9,23333	49,99
9,25000	49,99
9,26667	49,99
9,28333	49,99
9,30000	49,99
9,31667	49,99
9,33333	49,99
9,35000	49,99
9,36667	49,99
9,38333	49,99
9,40000	49,99
9,41667	49,99
9,43333	49,99
9,45000	49,99
9,46667	49,99
9,48333	49,99
9,50000	49,99
9,51667	49,99
9,53333	49,99
9,55000	49,99
9,56667	49,99
9,58333	49,99
9,60000	49,99
9,61667	49,99
9,63333	49,99
9,65000	49,99
9,66667	49,99
9,68333	49,99
9,70000	49,99
9,71667	49,99
9,73333	49,99
9,75000	49,99
9,76667	49,99
9,78333	49,99
9,80000	49,99
9,81667	49,99
9,83333	49,99
9,85000	49,99
9,86667	49,99
9,88333	49,99
9,90000	49,99
9,91667	49,99
9,93333	49,99
9,95000	49,99
9,96667	49,99
9,98333	49,99
10,00000	49,99
10,01667	49,99
10,03333	49,99
10,05000	49,99
10,06667	49,99
10,08333	49,99
10,10000	49,99
10,11667	49,99
10,13333	49,99
10,15000	49,99
10,16667	49,99
10,18333	49,99
10,20000	49,99
10,21667	49,99
10,23333	49,99
10,25000	49,99
10,26667	49,99
10,28333	49,99
10,30000	49,99
10,31667	49,99
10,33333	49,99
10,35000	49,99
10,36667	49,99
10,38333	49,99
10,40000	49,99
10,41667	49,99
10,43333	49,99
10,45000	49,99
10,46667	49,99
10,48333	49,99
10,50000	49,99
10,51667	49,99
10,53333	49,99
10,55000	49,99
10,56667	49,99
10,58333	49,99
10,60000	49,99
10,61667	49,99
10,63333	49,99
10,65000	49,99
10,66667	49,99
10,68333	49,99
10,70000	50,00
10,71667	50,00
10,73333	50,00
10,75000	50,00
10,76667	50,00
10,78333	50,00
10,80000	50,00
10,81667	50,00
10,83333	50,00
10,85000	50,00
10,86667	50,00
10,88333	50,00
10,90000	50,00
10,91667	50,00
10,93333	50,00
10,95000	50,00
10,96667	50,00
10,98333	50,00
11,00000	50,00
11,01667	50,00
11,03333	50,00
11,05000	50,00
11,06667	50,00
11,08333	50,00
11,10000	50,00
11,11667	50,00
11,13333	50,00
11,15000	50,00
11,16667	50,00
11,18333	50,00
11,20000	50,00
11,21667	50,00
11,23333	50,00
11,25000	50,00
11,26667	50,00
11,28333	50,00
11,30000	50,00
11,31667	50,00
11,33333	50,00
11,35000	50,00
11,36667	50,00
11,38333	50,00
11,40000	50,00
11,41667	50,00
11,43333	50,00
11,45000	50,00
11,46667	50,00
11,48333	50,00
11,50000	50,00
11,51667	50,00
11,53333	50,00
11,55000	50,00
11,56667	50,00
11,58333	50,00
11,60000	50,00
11,61667	50,00
11,63333	50,00
11,65000	50,00
11,66667	50,00
11,68333	50,00
11,70000	50,00
11,71667	50,00
11,73333	50,00
11,75000	50,00
11,76667	50,00
11,78333	50,00
11,80000	50,00
11,81667	50,00
11,83333	50,00
11,85000	50,00
11,86667	50,00
11,88333	50,00
11,90000	50,00
11,91667	50,00
11,93333	50,00
11,95000	50,00
11,96667	50,00
11,98333	50,00
12,00000	50,00
12,01667	50,00
12,03333	50,00
12,05000	50,00
12,06667	50,00
12,08333	50,00
12,10000	50,00
12,11667	50,00
12,13333	50,00
12,15000	49,99
12,16667	49,99
12,18333	49,99
12,20000	50,00
12,21667	49,99
12,23333	49,99
12,25000	49,99
12,26667	49,99
12,28333	49,99
12,30000	49,99
12,31667	49,99
12,33333	49,99
12,35000	49,99
12,36667	49,99
12,38333	49,99
12,40000	49,99
12,41667	49,99
12,43333	49,99
12,45000	49,99
12,46667	49,99
12,48333	49,99
12,50000	49,99
12,51667	49,99
12,53333	49,99
12,55000	49,99
12,56667	49,99
12,58333	49,99
12,60000	49,99
12,61667	49,99
12,63333	49,99
12,65000	49,99
12,66667	49,99
12,68333	49,99
12,70000	49,99
12,71667	49,99
12,73333	49,99
12,75000	49,99
12,76667	49,99
12,78333	49,99
12,80000	49,99
12,81667	49,99
12,83333	49,99
12,85000	49,99
12,86667	49,99
12,88333	49,99
12,90000	49,99
12,91667	49,99
12,93333	49,99
12,95000	49,99
12,96667	49,99
12,98333	49,99
13,00000	49,99
13,01667	49,99
13,03333	49,99
13,05000	49,99
13,06667	49,99
13,08333	49,99
13,10000	49,99
13,11667	49,99
13,13333	49,99
13,15000	49,99
13,16667	49,99
13,18333	49,99
13,20000	49,99
13,21667	49,99
13,23333	49,99
13,25000	49,99
13,26667	49,99
13,28333	49,99
13,30000	49,99
13,31667	49,99
13,33333	49,99
13,35000	49,99
13,36667	50,00
13,38333	50,00
13,40000	50,00
13,41667	50,00
13,43333	50,00
13,45000	50,00
13,46667	50,00
13,48333	50,00
13,50000	50,00
13,51667	50,00
13,53333	50,00
13,55000	50,00
13,56667	50,00
13,58333	50,00
13,60000	50,00
13,61667	50,00
13,63333	50,00
13,65000	50,00
13,66667	50,00
13,68333	50,00
13,70000	50,00
13,71667	50,00
13,73333	50,00
13,75000	50,00
13,76667	50,00
13,78333	50,00
13,80000	50,00
13,81667	50,00
13,83333	50,00
13,85000	50,00
13,86667	49,99
13,88333	49,99
13,90000	49,99
13,91667	49,99
13,93333	49,99
13,95000	49,99
13,96667	49,99
13,98333	49,99
14,00000	50,00
14,01667	50,00
14,03333	50,00
14,05000	50,00
14,06667	50,00
14,08333	50,00
14,10000	50,00
14,11667	50,00
14,13333	50,00
14,15000	50,00
14,16667	50,00
14,18333	50,00
14,20000	50,00
14,21667	50,00
14,23333	50,00
14,25000	50,00
14,26667	50,00
14,28333	50,00
14,30000	49,99
14,31667	49,99
14,33333	49,99
14,35000	49,99
14,36667	49,99
14,38333	49,99
14,40000	49,99
14,41667	49,99
14,43333	49,99
14,45000	49,99
14,46667	49,99
14,48333	49,99
14,50000	49,99
14,51667	49,99
14,53333	49,99
14,55000	49,99
14,56667	49,99
14,58333	49,99
14,60000	49,99
14,61667	49,99
14,63333	49,99
14,65000	49,99
14,66667	49,99
14,68333	49,99
14,70000	49,99
14,71667	49,99
14,73333	49,99
14,75000	49,99
14,76667	49,99
14,78333	49,99
14,80000	49,99
14,81667	49,99
14,83333	49,99
14,85000	49,99
14,86667	49,99
14,88333	49,99
14,90000	49,99
14,91667	49,99
14,93333	49,99
14,95000	49,99
14,96667	49,99
14,98333	49,99
15,00000	49,99
15,01667	49,99
15,03333	49,99
15,05000	49,99
15,06667	49,99
15,08333	49,99
15,10000	49,99
15,11667	49,99
15,13333	49,99
15,15000	49,99
15,16667	49,99
15,18333	49,99
15,20000	49,99
15,21667	49,99
15,23333	49,99
15,25000	49,99
15,26667	49,99
15,28333	49,99
15,30000	49,99
15,31667	49,99
15,33333	49,99
15,35000	49,99
15,36667	49,99
15,38333	49,99
15,40000	49,99
15,41667	49,99
15,43333	50,00
15,45000	50,00
15,46667	50,00
15,48333	50,00
15,50000	50,00
15,51667	50,00
15,53333	50,00
15,55000	50,00
15,56667	50,00
15,58333	50,00
15,60000	50,00
15,61667	50,00
15,63333	50,00
15,65000	50,00
15,66667	50,00
15,68333	50,00
15,70000	50,00
15,71667	50,00
15,73333	50,00
15,75000	50,00
15,76667	50,00
15,78333	50,00
15,80000	50,00
15,81667	50,00
15,83333	50,00
15,85000	50,00
15,86667	50,00
15,88333	50,00
15,90000	50,00
15,91667	50,00
15,93333	50,00
15,95000	49,99
15,96667	49,99
15,98333	49,99
16,00000	49,99
16,01667	49,99
16,03333	49,99
16,05000	49,99
16,06667	49,99
16,08333	49,99
16,10000	49,99
16,11667	49,99
16,13333	49,99
16,15000	49,99
16,16667	49,99
16,18333	49,99
16,20000	49,99
16,21667	49,99
16,23333	49,99
16,25000	49,99
16,26667	49,99
16,28333	49,99
16,30000	49,99
16,31667	49,99
16,33333	49,99
16,35000	49,99
16,36667	49,99
16,38333	49,99
16,40000	49,99
16,41667	50,00
16,43333	50,00
16,45000	50,00
16,46667	50,00
16,48333	50,00
16,50000	50,00
16,51667	50,00
16,53333	50,00
16,55000	50,00
16,56667	50,00
16,58333	50,00
16,60000	50,00
16,61667	50,00
16,63333	50,00
16,65000	50,00
16,66667	50,00
16,68333	50,00
16,70000	50,00
16,71667	50,00
16,73333	50,00
16,75000	50,00
16,76667	50,00
16,78333	50,00
16,80000	50,00
16,81667	50,00
16,83333	49,99
16,85000	49,99
16,86667	49,99
16,88333	49,99
16,90000	49,99
16,91667	49,99
16,93333	49,99
16,95000	49,99
16,96667	49,99
16,98333	49,99
17,00000	49,99
17,01667	49,99
17,03333	49,99
17,05000	49,99
17,06667	49,99
17,08333	49,99
17,10000	49,99
17,11667	49,99
17,13333	49,99
17,15000	49,99
17,16667	49,99
17,18333	49,99
17,20000	49,99
17,21667	50,00
17,23333	50,00
17,25000	50,00
17,26667	50,00
17,28333	50,00
17,30000	50,00
17,31667	50,00
17,33333	50,00
17,35000	50,00
17,36667	50,00
17,38333	50,00
17,40000	50,00
17,41667	50,00
17,43333	50,00
17,45000	50,00
17,46667	50,00
17,48333	50,00
17,50000	50,00
17,51667	50,00
17,53333	50,00
17,55000	50,00
17,56667	50,00
17,58333	50,00
17,60000	50,00
17,61667	50,00
17,63333	50,00
17,65000	50,00
17,66667	50,00
17,68333	50,00
17,70000	50,00
17,71667	50,00
17,73333	50,00
17,75000	50,00
17,76667	50,00
17,78333	50,00
17,80000	50,00
17,81667	50,00
17,83333	50,00
17,85000	50,00
17,86667	50,00
17,88333	50,00
17,90000	50,00
17,91667	50,00
17,93333	50,00
17,95000	50,00
17,96667	50,00
17,98333	50,00
18,00000	50,00
18,01667	50,00
18,03333	50,00
18,05000	50,00
18,06667	50,00
18,08333	50,00
18,10000	50,00
18,11667	50,00
18,13333	50,00
18,15000	50,00
18,16667	50,00
18,18333	50,00
18,20000	50,00
18,21667	50,00
18,23333	50,00
18,25000	50,00
18,26667	50,00
18,28333	50,00
18,30000	49,99
18,31667	49,99
18,33333	49,99
18,35000	49,99
18,36667	49,99
18,38333	49,99
18,40000	49,99
18,41667	49,99
18,43333	49,99
18,45000	49,99
18,46667	49,99
18,48333	49,99
18,50000	49,99
18,51667	49,99
18,53333	49,99
18,55000	49,99
18,56667	49,99
18,58333	49,99
18,60000	49,99
18,61667	49,99
18,63333	49,99
18,65000	49,99
18,66667	49,99
18,68333	49,99
18,70000	50,00
18,71667	50,00
18,73333	50,00
18,75000	50,00
18,76667	50,00
18,78333	50,00
18,80000	50,00
18,81667	50,00
18,83333	50,00
18,85000	50,00
18,86667	50,00
18,88333	50,00
18,90000	50,00
18,91667	50,00
18,93333	50,00
18,95000	50,00
18,96667	50,00
18,98333	50,00
19,00000	50,00
19,01667	50,00
19,03333	50,00
19,05000	50,00
19,06667	50,00
19,08333	50,00
19,10000	50,00
19,11667	50,00
19,13333	50,00
19,15000	50,00
19,16667	50,00
19,18333	50,00
19,20000	50,00
19,21667	50,00
19,23333	50,00
19,25000	50,00
19,26667	50,00
19,28333	50,00
19,30000	50,00
19,31667	50,00
19,33333	50,00
19,35000	50,00
19,36667	50,00
19,38333	50,00
19,40000	50,00
19,41667	50,00
19,43333	50,00
19,45000	50,00
19,46667	50,00
19,48333	50,00
19,50000	50,00
19,51667	50,00
19,53333	50,00
19,55000	50,00
19,56667	50,00
19,58333	50,00
19,60000	50,00
19,61667	50,00
19,63333	50,00
19,65000	50,00
19,66667	50,00
19,68333	50,00
19,70000	50,00
19,71667	50,00
19,73333	50,00
19,75000	50,00
19,76667	50,00
19,78333	50,00
19,80000	50,00
19,81667	50,00
19,83333	50,00
19,85000	50,00
19,86667	50,00
19,88333	50,00
19,90000	50,00
19,91667	50,00
19,93333	50,00
19,95000	50,00
19,96667	50,00
19,98333	50,00
20,00000	50,00
20,01667	50,00
20,03333	50,00
20,05000	50,00
20,06667	50,00
20,08333	50,00
20,10000	50,00
20,11667	50,00
20,13333	50,00
20,15000	50,00
20,16667	50,00
20,18333	50,00
20,20000	50,00
20,21667	49,99
20,23333	49,99
20,25000	49,99
20,26667	49,99
20,28333	49,99
20,30000	49,99
20,31667	49,99
20,33333	49,99
20,35000	49,99
20,36667	49,99
20,38333	49,99
20,40000	49,99
20,41667	49,99
20,43333	49,99
20,45000	49,99
20,46667	49,99
20,48333	49,99
20,50000	49,99
20,51667	49,99
20,53333	49,99
20,55000	49,99
20,56667	49,99
20,58333	49,99
20,60000	49,99
20,61667	49,99
20,63333	49,99
20,65000	49,99
20,66667	49,99
20,68333	49,99
20,70000	49,99
20,71667	49,99
20,73333	49,99
20,75000	49,99
20,76667	49,99
20,78333	49,99
20,80000	49,99
20,81667	49,99
20,83333	49,99
20,85000	49,99
20,86667	49,99
20,88333	49,99
20,90000	49,99
20,91667	49,99
20,93333	49,99
20,95000	49,99
20,96667	49,99
20,98333	49,99
21,00000	49,99
21,01667	49,99
21,03333	49,99
21,05000	49,99
21,06667	49,99
21,08333	49,99
21,10000	49,99
21,11667	49,99
21,13333	49,99
21,15000	49,99
21,16667	49,99
21,18333	49,99
21,20000	49,99
21,21667	49,99
21,23333	49,99
21,25000	49,99
21,26667	49,99
21,28333	49,99
21,30000	49,99
21,31667	50,00
21,33333	50,00
21,35000	50,00
21,36667	50,00
21,38333	50,00
21,40000	50,00
21,41667	50,00
21,43333	50,00
21,45000	50,00
21,46667	50,00
21,48333	50,00
21,50000	50,00
21,51667	50,00
21,53333	50,00
21,55000	50,00
21,56667	50,00
21,58333	50,00
21,60000	50,00
21,61667	50,00
21,63333	50,00
21,65000	50,00
21,66667	50,00
21,68333	50,00
21,70000	50,00
21,71667	50,00
21,73333	50,00
21,75000	50,00
21,76667	50,00
21,78333	50,00
21,80000	50,00
21,81667	50,00
21,83333	50,00
21,85000	50,00
21,86667	50,00
21,88333	50,00
21,90000	50,00
21,91667	50,00
21,93333	50,00
21,95000	50,00
21,96667	50,00
21,98333	50,00
22,00000	50,00
22,01667	50,00
22,03333	50,00
22,05000	50,00
22,06667	50,00
22,08333	50,00
22,10000	50,00
22,11667	50,00
22,13333	50,00
22,15000	50,00
22,16667	50,00
22,18333	50,00
22,20000	50,00
22,21667	50,00
22,23333	50,00
22,25000	50,00
22,26667	50,00
22,28333	50,00
22,30000	50,00
22,31667	50,00
22,33333	50,00
22,35000	50,00
22,36667	50,00
22,38333	50,00
22,40000	50,00
22,41667	50,00
22,43333	50,00
22,45000	50,00
22,46667	50,00
22,48333	50,00
22,50000	50,00
22,51667	50,00
22,53333	50,00
22,55000	50,00
22,56667	50,00
22,58333	50,00
22,60000	50,00
22,61667	50,00
22,63333	50,00
22,65000	50,00
22,66667	50,00
22,68333	50,00
22,70000	50,00
22,71667	50,00
22,73333	50,00
22,75000	50,00
22,76667	50,00
22,78333	50,00
22,80000	50,00
22,81667	50,00
22,83333	50,00
22,85000	50,00
22,86667	50,00
22,88333	50,00
22,90000	50,00
22,91667	49,99
22,93333	49,99
22,95000	49,99
22,96667	49,99
22,98333	49,99
23,00000	50,00
23,01667	50,00
23,03333	50,00
23,05000	50,00
23,06667	50,00
23,08333	50,00
23,10000	50,00
23,11667	50,00
23,13333	50,00
23,15000	50,00
23,16667	50,00
23,18333	50,00
23,20000	50,00
23,21667	50,00
23,23333	50,00
23,25000	50,00
23,26667	50,00
23,28333	50,00
23,30000	50,00
23,31667	50,00
23,33333	50,00
23,35000	50,00
23,36667	50,00
23,38333	50,00
23,40000	50,00
23,41667	50,00
23,43333	50,00
23,45000	50,00
23,46667	50,00
23,48333	50,00
23,50000	50,00
23,51667	50,00
23,53333	50,00
23,55000	50,00
23,56667	50,00
23,58333	50,00
23,60000	50,00
23,61667	50,00
23,63333	50,00
23,65000	50,00
23,66667	50,00
23,68333	50,00
23,70000	50,00
23,71667	50,00
23,73333	50,00
23,75000	50,00
23,76667	50,00
23,78333	50,00
23,80000	50,00
23,81667	50,00
23,83333	50,00
23,85000	50,00
23,86667	50,00
23,88333	50,00
23,90000	50,00
23,91667	50,00
23,93333	50,00
23,95000	50,00
23,96667	50,00
23,98333	50,00
24,00000	50,00
24,01667	49,99
24,03333	49,99
24,05000	49,99
24,06667	49,99
24,08333	49,99
24,10000	49,99
24,11667	49,99
24,13333	49,99
24,15000	49,99
24,16667	49,99
24,18333	49,99
24,20000	49,99
24,21667	49,99
24,23333	49,99
24,25000	49,99
24,26667	49,99
24,28333	49,99
24,30000	49,99
24,31667	49,99
24,33333	49,99
24,35000	49,99
24,36667	49,99
24,38333	49,99
24,40000	49,99
24,41667	49,99
24,43333	49,99
24,45000	49,99
24,46667	49,99
24,48333	49,99
24,50000	49,99
24,51667	49,99
24,53333	49,99
24,55000	49,99
24,56667	49,99
24,58333	49,99
24,60000	49,99
24,61667	49,99
24,63333	49,99
24,65000	49,99
24,66667	49,99
24,68333	49,99
24,70000	50,00
24,71667	50,00
24,73333	50,00
24,75000	50,00
24,76667	50,00
24,78333	50,00
24,80000	50,00
24,81667	50,00
24,83333	50,00
24,85000	50,00
24,86667	50,00
24,88333	50,00
24,90000	50,00
24,91667	50,00
24,93333	50,00
24,95000	50,00
24,96667	50,00
24,98333	50,00
25,00000	50,00
25,01667	50,00
25,03333	50,00
25,05000	50,00
25,06667	50,00
25,08333	50,00
25,10000	50,00
25,11667	50,00
25,13333	50,00
25,15000	50,00
25,16667	50,00
25,18333	50,00
25,20000	50,00
25,21667	50,00
25,23333	50,00
25,25000	50,00
25,26667	50,00
25,28333	50,00
25,30000	50,00
25,31667	50,00
25,33333	50,00
25,35000	50,00
25,36667	50,00
25,38333	50,00
25,40000	50,00
25,41667	50,00
25,43333	50,00
25,45000	50,00
25,46667	50,00
25,48333	50,00
25,50000	50,00
25,51667	50,00
25,53333	50,00
25,55000	50,00
25,56667	50,00
25,58333	50,00
25,60000	50,00
25,61667	50,00
25,63333	50,00
25,65000	50,00
25,66667	50,00
25,68333	50,00
25,70000	50,00
25,71667	50,00
25,73333	50,00
25,75000	50,00
25,76667	50,00
25,78333	50,00
25,80000	50,00
25,81667	50,00
25,83333	50,00
25,85000	50,00
25,86667	50,00
25,88333	50,00
25,90000	50,00
25,91667	50,00
25,93333	50,00
25,95000	50,00
25,96667	50,00
25,98333	50,00
26,00000	50,00
26,01667	50,00
26,03333	50,00
26,05000	50,00
26,06667	50,00
26,08333	50,00
26,10000	50,00
26,11667	50,00
26,13333	50,00
26,15000	50,00
26,16667	50,00
26,18333	50,00
26,20000	50,00
26,21667	50,00
26,23333	50,00
26,25000	50,00
26,26667	50,00
26,28333	50,00
26,30000	50,00
26,31667	50,00
26,33333	50,00
26,35000	50,00
26,36667	49,99
26,38333	49,99
26,40000	49,99
26,41667	49,99
26,43333	49,99
26,45000	49,99
26,46667	49,99
26,48333	49,99
26,50000	49,99
26,51667	49,99
26,53333	49,99
26,55000	49,99
26,56667	49,99
26,58333	49,99
26,60000	49,99
26,61667	49,99
26,63333	49,99
26,65000	49,99
26,66667	49,99
26,68333	49,99
26,70000	49,99
26,71667	49,99
26,73333	49,99
26,75000	49,99
26,76667	49,99
26,78333	49,99
26,80000	49,99
26,81667	49,99
26,83333	49,99
26,85000	49,99
26,86667	49,99
26,88333	49,99
26,90000	49,99
26,91667	49,99
26,93333	49,99
26,95000	49,99
26,96667	49,99
26,98333	49,99
27,00000	49,99
27,01667	49,99
27,03333	49,99
27,05000	49,99
27,06667	49,99
27,08333	49,99
27,10000	49,99
27,11667	49,99
27,13333	49,99
27,15000	49,99
27,16667	49,99
27,18333	49,99
27,20000	49,99
27,21667	49,99
27,23333	49,99
27,25000	49,99
27,26667	49,99
27,28333	49,99
27,30000	49,99
27,31667	49,99
27,33333	49,99
27,35000	49,99
27,36667	49,99
27,38333	49,99
27,40000	49,99
27,41667	49,99
27,43333	49,99
27,45000	49,99
27,46667	49,99
27,48333	49,99
27,50000	49,99
27,51667	49,99
27,53333	49,99
27,55000	49,99
27,56667	49,99
27,58333	49,99
27,60000	49,99
27,61667	49,99
27,63333	49,99
27,65000	49,99
27,66667	49,99
27,68333	49,99
27,70000	49,99
27,71667	49,99
27,73333	49,99
27,75000	49,99
27,76667	49,99
27,78333	49,99
27,80000	49,99
27,81667	49,99
27,83333	49,99
27,85000	49,99
27,86667	49,99
27,88333	49,99
27,90000	49,99
27,91667	49,99
27,93333	49,99
27,95000	49,99
27,96667	49,99
27,98333	49,99
28,00000	49,99
28,01667	49,99
28,03333	49,99
28,05000	49,99
28,06667	49,99
28,08333	49,99
28,10000	49,99
28,11667	49,99
28,13333	49,99
28,15000	49,99
28,16667	49,99
28,18333	49,99
28,20000	49,99
28,21667	49,99
28,23333	49,99
28,25000	49,99
28,26667	49,99
28,28333	49,99
28,30000	49,99
28,31667	49,99
28,33333	49,99
28,35000	49,99
28,36667	49,99
28,38333	49,99
28,40000	49,99
28,41667	49,99
28,43333	49,99
28,45000	49,99
28,46667	49,99
28,48333	49,99
28,50000	49,99
28,51667	49,99
28,53333	49,99
28,55000	49,99
28,56667	49,99
28,58333	49,99
28,60000	49,99
28,61667	49,99
28,63333	49,99
28,65000	49,99
28,66667	49,99
28,68333	49,99
28,70000	49,99
28,71667	49,99
28,73333	49,99
28,75000	49,99
28,76667	49,99
28,78333	49,99
28,80000	49,99
28,81667	49,99
28,83333	49,99
28,85000	49,99
28,86667	49,99
28,88333	49,99
28,90000	49,99
28,91667	49,99
28,93333	49,99
28,95000	49,99
28,96667	49,99
28,98333	49,99
29,00000	49,99
29,01667	49,99
29,03333	49,99
29,05000	49,99
29,06667	49,99
29,08333	49,99
29,10000	49,99
29,11667	49,99
29,13333	49,99
29,15000	49,99
29,16667	49,99
29,18333	49,99
29,20000	49,99
29,21667	49,99
29,23333	49,99
29,25000	49,99
29,26667	49,99
29,28333	49,99
29,30000	49,99
29,31667	49,99
29,33333	49,99
29,35000	49,99
29,36667	49,99
29,38333	49,99
29,40000	49,99
29,41667	49,99
29,43333	49,99
29,45000	49,99
29,46667	49,99
29,48333	49,99
29,50000	49,99
29,51667	49,99
29,53333	49,99
29,55000	49,99
29,56667	49,99
29,58333	49,99
29,60000	49,99
29,61667	49,99
29,63333	49,99
29,65000	49,99
29,66667	49,99
29,68333	49,99
29,70000	50,00
29,71667	50,00
29,73333	50,00
29,75000	50,00
29,76667	50,00
29,78333	50,00
29,80000	50,00
29,81667	50,00
29,83333	50,00
29,85000	50,00
29,86667	50,00
29,88333	50,00
29,90000	50,00
29,91667	49,99
29,93333	49,99
29,95000	49,99
29,96667	49,99
29,98333	49,99
30,00000	49,99
30,01667	49,99
30,03333	49,99
30,05000	49,99
30,06667	49,99
30,08333	50,00
30,10000	50,00
30,11667	50,00
30,13333	50,00
30,15000	50,00
30,16667	50,00
30,18333	50,00
30,20000	50,00
30,21667	50,00
30,23333	50,00
30,25000	50,00
30,26667	50,00
30,28333	50,00
30,30000	50,00
30,31667	50,00
30,33333	50,00
30,35000	50,00
30,36667	50,00
30,38333	50,00
30,40000	50,00
30,41667	50,00
30,43333	50,00
30,45000	50,00
30,46667	50,00
30,48333	50,00
30,50000	50,00
30,51667	50,00
30,53333	50,00
30,55000	50,00
30,56667	50,00
30,58333	50,00
30,60000	50,00
30,61667	50,00
30,63333	50,00
30,65000	50,00
30,66667	50,00
30,68333	50,00
30,70000	50,00
30,71667	50,00
30,73333	50,00
30,75000	50,00
30,76667	50,00
30,78333	50,00
30,80000	50,00
30,81667	50,00
30,83333	50,00
30,85000	50,00
30,86667	50,00
30,88333	50,00
30,90000	49,99
30,91667	49,99
30,93333	49,99
30,95000	49,99
30,96667	49,99
30,98333	49,99
31,00000	49,99
31,01667	49,99
31,03333	49,99
31,05000	49,99
31,06667	49,99
31,08333	49,99
31,10000	49,99
31,11667	50,00
31,13333	50,00
31,15000	50,00
31,16667	50,00
31,18333	50,00
31,20000	50,00
31,21667	50,00
31,23333	50,00
31,25000	50,00
31,26667	50,00
31,28333	50,00
31,30000	50,00
31,31667	50,00
31,33333	50,00
31,35000	50,00
31,36667	50,00
31,38333	50,00
31,40000	50,00
31,41667	50,00
31,43333	50,00
31,45000	50,00
31,46667	50,00
31,48333	50,00
31,50000	50,00
31,51667	50,00
31,53333	50,00
31,55000	50,00
31,56667	50,00
31,58333	50,00
31,60000	50,00
31,61667	50,00
31,63333	50,00
31,65000	50,00
31,66667	50,00
31,68333	50,00
31,70000	50,00
31,71667	50,00
31,73333	50,00
31,75000	50,00
31,76667	50,00
31,78333	50,00
31,80000	50,00
31,81667	50,00
31,83333	50,00
31,85000	49,99
31,86667	49,99
31,88333	49,99
31,90000	49,99
31,91667	49,99
31,93333	49,99
31,95000	49,99
31,96667	49,99
31,98333	49,99
32,00000	49,99

[LC Status Trace(Room Temp.)]
Interval(msec)	1000
# of Points	1921
Start Time(min)	0,000
End Time(min)	32,000
Intensity Units	C
Intensity Multiplier	1
R.Time (min)	Intensity
0,00000	28,46
0,01667	28,46
0,03333	28,46
0,05000	28,46
0,06667	28,45
0,08333	28,45
0,10000	28,45
0,11667	28,45
0,13333	28,45
0,15000	28,45
0,16667	28,45
0,18333	28,45
0,20000	28,46
0,21667	28,46
0,23333	28,46
0,25000	28,47
0,26667	28,47
0,28333	28,47
0,30000	28,47
0,31667	28,46
0,33333	28,46
0,35000	28,46
0,36667	28,46
0,38333	28,45
0,40000	28,45
0,41667	28,45
0,43333	28,45
0,45000	28,45
0,46667	28,45
0,48333	28,45
0,50000	28,44
0,51667	28,44
0,53333	28,44
0,55000	28,44
0,56667	28,44
0,58333	28,44
0,60000	28,44
0,61667	28,44
0,63333	28,44
0,65000	28,44
0,66667	28,45
0,68333	28,45
0,70000	28,45
0,71667	28,45
0,73333	28,45
0,75000	28,44
0,76667	28,44
0,78333	28,44
0,80000	28,43
0,81667	28,42
0,83333	28,42
0,85000	28,41
0,86667	28,41
0,88333	28,40
0,90000	28,39
0,91667	28,39
0,93333	28,38
0,95000	28,38
0,96667	28,38
0,98333	28,38
1,00000	28,38
1,01667	28,38
1,03333	28,38
1,05000	28,39
1,06667	28,39
1,08333	28,39
1,10000	28,40
1,11667	28,40
1,13333	28,40
1,15000	28,40
1,16667	28,40
1,18333	28,40
1,20000	28,41
1,21667	28,41
1,23333	28,41
1,25000	28,41
1,26667	28,41
1,28333	28,41
1,30000	28,41
1,31667	28,41
1,33333	28,41
1,35000	28,41
1,36667	28,41
1,38333	28,42
1,40000	28,42
1,41667	28,42
1,43333	28,42
1,45000	28,42
1,46667	28,41
1,48333	28,41
1,50000	28,41
1,51667	28,41
1,53333	28,41
1,55000	28,41
1,56667	28,41
1,58333	28,41
1,60000	28,41
1,61667	28,41
1,63333	28,41
1,65000	28,41
1,66667	28,41
1,68333	28,41
1,70000	28,41
1,71667	28,41
1,73333	28,41
1,75000	28,42
1,76667	28,42
1,78333	28,42
1,80000	28,42
1,81667	28,42
1,83333	28,42
1,85000	28,42
1,86667	28,41
1,88333	28,41
1,90000	28,41
1,91667	28,41
1,93333	28,41
1,95000	28,42
1,96667	28,42
1,98333	28,42
2,00000	28,42
2,01667	28,42
2,03333	28,42
2,05000	28,42
2,06667	28,42
2,08333	28,42
2,10000	28,42
2,11667	28,42
2,13333	28,43
2,15000	28,43
2,16667	28,43
2,18333	28,43
2,20000	28,43
2,21667	28,43
2,23333	28,43
2,25000	28,43
2,26667	28,43
2,28333	28,43
2,30000	28,43
2,31667	28,43
2,33333	28,43
2,35000	28,43
2,36667	28,42
2,38333	28,42
2,40000	28,42
2,41667	28,41
2,43333	28,41
2,45000	28,41
2,46667	28,41
2,48333	28,41
2,50000	28,40
2,51667	28,40
2,53333	28,40
2,55000	28,41
2,56667	28,41
2,58333	28,41
2,60000	28,41
2,61667	28,41
2,63333	28,41
2,65000	28,41
2,66667	28,41
2,68333	28,41
2,70000	28,42
2,71667	28,42
2,73333	28,42
2,75000	28,42
2,76667	28,42
2,78333	28,42
2,80000	28,42
2,81667	28,42
2,83333	28,42
2,85000	28,42
2,86667	28,42
2,88333	28,42
2,90000	28,42
2,91667	28,42
2,93333	28,42
2,95000	28,41
2,96667	28,41
2,98333	28,41
3,00000	28,41
3,01667	28,41
3,03333	28,41
3,05000	28,41
3,06667	28,42
3,08333	28,42
3,10000	28,42
3,11667	28,41
3,13333	28,41
3,15000	28,41
3,16667	28,41
3,18333	28,41
3,20000	28,41
3,21667	28,41
3,23333	28,41
3,25000	28,41
3,26667	28,41
3,28333	28,41
3,30000	28,41
3,31667	28,41
3,33333	28,41
3,35000	28,41
3,36667	28,41
3,38333	28,41
3,40000	28,42
3,41667	28,42
3,43333	28,42
3,45000	28,42
3,46667	28,42
3,48333	28,42
3,50000	28,42
3,51667	28,42
3,53333	28,42
3,55000	28,42
3,56667	28,42
3,58333	28,42
3,60000	28,42
3,61667	28,42
3,63333	28,42
3,65000	28,42
3,66667	28,41
3,68333	28,41
3,70000	28,41
3,71667	28,41
3,73333	28,42
3,75000	28,42
3,76667	28,42
3,78333	28,42
3,80000	28,42
3,81667	28,42
3,83333	28,42
3,85000	28,42
3,86667	28,43
3,88333	28,43
3,90000	28,43
3,91667	28,43
3,93333	28,43
3,95000	28,44
3,96667	28,44
3,98333	28,44
4,00000	28,45
4,01667	28,45
4,03333	28,46
4,05000	28,46
4,06667	28,47
4,08333	28,47
4,10000	28,47
4,11667	28,47
4,13333	28,48
4,15000	28,48
4,16667	28,48
4,18333	28,48
4,20000	28,48
4,21667	28,48
4,23333	28,49
4,25000	28,49
4,26667	28,49
4,28333	28,49
4,30000	28,50
4,31667	28,50
4,33333	28,50
4,35000	28,50
4,36667	28,51
4,38333	28,51
4,40000	28,51
4,41667	28,51
4,43333	28,51
4,45000	28,51
4,46667	28,51
4,48333	28,51
4,50000	28,51
4,51667	28,51
4,53333	28,51
4,55000	28,51
4,56667	28,51
4,58333	28,51
4,60000	28,51
4,61667	28,51
4,63333	28,51
4,65000	28,51
4,66667	28,51
4,68333	28,51
4,70000	28,51
4,71667	28,51
4,73333	28,51
4,75000	28,51
4,76667	28,51
4,78333	28,51
4,80000	28,51
4,81667	28,51
4,83333	28,51
4,85000	28,51
4,86667	28,51
4,88333	28,51
4,90000	28,52
4,91667	28,52
4,93333	28,52
4,95000	28,52
4,96667	28,52
4,98333	28,52
5,00000	28,52
5,01667	28,52
5,03333	28,51
5,05000	28,51
5,06667	28,51
5,08333	28,51
5,10000	28,51
5,11667	28,50
5,13333	28,50
5,15000	28,50
5,16667	28,50
5,18333	28,50
5,20000	28,51
5,21667	28,51
5,23333	28,51
5,25000	28,51
5,26667	28,51
5,28333	28,51
5,30000	28,51
5,31667	28,51
5,33333	28,51
5,35000	28,51
5,36667	28,51
5,38333	28,51
5,40000	28,51
5,41667	28,51
5,43333	28,51
5,45000	28,51
5,46667	28,51
5,48333	28,51
5,50000	28,51
5,51667	28,50
5,53333	28,50
5,55000	28,50
5,56667	28,50
5,58333	28,50
5,60000	28,50
5,61667	28,50
5,63333	28,50
5,65000	28,50
5,66667	28,50
5,68333	28,50
5,70000	28,50
5,71667	28,50
5,73333	28,50
5,75000	28,50
5,76667	28,50
5,78333	28,50
5,80000	28,50
5,81667	28,50
5,83333	28,50
5,85000	28,50
5,86667	28,50
5,88333	28,50
5,90000	28,50
5,91667	28,50
5,93333	28,50
5,95000	28,50
5,96667	28,50
5,98333	28,49
6,00000	28,49
6,01667	28,49
6,03333	28,49
6,05000	28,49
6,06667	28,49
6,08333	28,49
6,10000	28,48
6,11667	28,48
6,13333	28,48
6,15000	28,48
6,16667	28,47
6,18333	28,47
6,20000	28,48
6,21667	28,48
6,23333	28,48
6,25000	28,48
6,26667	28,48
6,28333	28,49
6,30000	28,48
6,31667	28,48
6,33333	28,48
6,35000	28,48
6,36667	28,48
6,38333	28,48
6,40000	28,48
6,41667	28,48
6,43333	28,48
6,45000	28,49
6,46667	28,49
6,48333	28,49
6,50000	28,49
6,51667	28,49
6,53333	28,49
6,55000	28,49
6,56667	28,49
6,58333	28,49
6,60000	28,49
6,61667	28,49
6,63333	28,49
6,65000	28,50
6,66667	28,50
6,68333	28,50
6,70000	28,50
6,71667	28,50
6,73333	28,50
6,75000	28,50
6,76667	28,50
6,78333	28,50
6,80000	28,50
6,81667	28,50
6,83333	28,50
6,85000	28,50
6,86667	28,50
6,88333	28,50
6,90000	28,50
6,91667	28,49
6,93333	28,49
6,95000	28,49
6,96667	28,49
6,98333	28,49
7,00000	28,50
7,01667	28,50
7,03333	28,50
7,05000	28,50
7,06667	28,50
7,08333	28,50
7,10000	28,50
7,11667	28,50
7,13333	28,50
7,15000	28,49
7,16667	28,49
7,18333	28,49
7,20000	28,49
7,21667	28,48
7,23333	28,47
7,25000	28,47
7,26667	28,46
7,28333	28,46
7,30000	28,46
7,31667	28,46
7,33333	28,46
7,35000	28,46
7,36667	28,46
7,38333	28,46
7,40000	28,45
7,41667	28,45
7,43333	28,45
7,45000	28,45
7,46667	28,45
7,48333	28,45
7,50000	28,46
7,51667	28,46
7,53333	28,46
7,55000	28,46
7,56667	28,46
7,58333	28,46
7,60000	28,47
7,61667	28,47
7,63333	28,47
7,65000	28,48
7,66667	28,48
7,68333	28,48
7,70000	28,48
7,71667	28,48
7,73333	28,48
7,75000	28,48
7,76667	28,48
7,78333	28,48
7,80000	28,48
7,81667	28,49
7,83333	28,49
7,85000	28,49
7,86667	28,49
7,88333	28,49
7,90000	28,49
7,91667	28,50
7,93333	28,50
7,95000	28,50
7,96667	28,50
7,98333	28,50
8,00000	28,51
8,01667	28,51
8,03333	28,51
8,05000	28,51
8,06667	28,51
8,08333	28,50
8,10000	28,50
8,11667	28,50
8,13333	28,50
8,15000	28,49
8,16667	28,49
8,18333	28,49
8,20000	28,49
8,21667	28,49
8,23333	28,49
8,25000	28,49
8,26667	28,49
8,28333	28,49
8,30000	28,49
8,31667	28,49
8,33333	28,49
8,35000	28,49
8,36667	28,49
8,38333	28,49
8,40000	28,49
8,41667	28,49
8,43333	28,49
8,45000	28,49
8,46667	28,49
8,48333	28,48
8,50000	28,47
8,51667	28,47
8,53333	28,47
8,55000	28,46
8,56667	28,46
8,58333	28,46
8,60000	28,46
8,61667	28,45
8,63333	28,44
8,65000	28,44
8,66667	28,44
8,68333	28,44
8,70000	28,44
8,71667	28,43
8,73333	28,43
8,75000	28,43
8,76667	28,43
8,78333	28,43
8,80000	28,43
8,81667	28,43
8,83333	28,43
8,85000	28,42
8,86667	28,42
8,88333	28,42
8,90000	28,42
8,91667	28,42
8,93333	28,42
8,95000	28,43
8,96667	28,43
8,98333	28,43
9,00000	28,43
9,01667	28,43
9,03333	28,44
9,05000	28,44
9,06667	28,44
9,08333	28,45
9,10000	28,45
9,11667	28,45
9,13333	28,45
9,15000	28,45
9,16667	28,46
9,18333	28,46
9,20000	28,46
9,21667	28,47
9,23333	28,47
9,25000	28,47
9,26667	28,48
9,28333	28,48
9,30000	28,48
9,31667	28,48
9,33333	28,48
9,35000	28,49
9,36667	28,49
9,38333	28,49
9,40000	28,49
9,41667	28,49
9,43333	28,49
9,45000	28,49
9,46667	28,49
9,48333	28,49
9,50000	28,49
9,51667	28,49
9,53333	28,49
9,55000	28,48
9,56667	28,48
9,58333	28,48
9,60000	28,48
9,61667	28,48
9,63333	28,48
9,65000	28,48
9,66667	28,48
9,68333	28,48
9,70000	28,48
9,71667	28,48
9,73333	28,48
9,75000	28,48
9,76667	28,47
9,78333	28,47
9,80000	28,47
9,81667	28,47
9,83333	28,47
9,85000	28,47
9,86667	28,47
9,88333	28,47
9,90000	28,47
9,91667	28,47
9,93333	28,46
9,95000	28,46
9,96667	28,46
9,98333	28,47
10,00000	28,47
10,01667	28,47
10,03333	28,46
10,05000	28,46
10,06667	28,46
10,08333	28,46
10,10000	28,46
10,11667	28,45
10,13333	28,45
10,15000	28,45
10,16667	28,45
10,18333	28,45
10,20000	28,46
10,21667	28,46
10,23333	28,46
10,25000	28,47
10,26667	28,47
10,28333	28,47
10,30000	28,47
10,31667	28,48
10,33333	28,48
10,35000	28,48
10,36667	28,48
10,38333	28,49
10,40000	28,49
10,41667	28,49
10,43333	28,49
10,45000	28,49
10,46667	28,49
10,48333	28,49
10,50000	28,49
10,51667	28,49
10,53333	28,49
10,55000	28,48
10,56667	28,48
10,58333	28,48
10,60000	28,48
10,61667	28,48
10,63333	28,48
10,65000	28,48
10,66667	28,48
10,68333	28,48
10,70000	28,48
10,71667	28,48
10,73333	28,48
10,75000	28,48
10,76667	28,48
10,78333	28,48
10,80000	28,48
10,81667	28,48
10,83333	28,48
10,85000	28,48
10,86667	28,48
10,88333	28,48
10,90000	28,48
10,91667	28,49
10,93333	28,49
10,95000	28,49
10,96667	28,49
10,98333	28,49
11,00000	28,49
11,01667	28,49
11,03333	28,49
11,05000	28,49
11,06667	28,49
11,08333	28,49
11,10000	28,49
11,11667	28,49
11,13333	28,49
11,15000	28,49
11,16667	28,49
11,18333	28,49
11,20000	28,50
11,21667	28,50
11,23333	28,50
11,25000	28,49
11,26667	28,49
11,28333	28,49
11,30000	28,48
11,31667	28,48
11,33333	28,48
11,35000	28,48
11,36667	28,48
11,38333	28,48
11,40000	28,48
11,41667	28,48
11,43333	28,47
11,45000	28,47
11,46667	28,47
11,48333	28,47
11,50000	28,47
11,51667	28,48
11,53333	28,48
11,55000	28,48
11,56667	28,48
11,58333	28,48
11,60000	28,48
11,61667	28,48
11,63333	28,48
11,65000	28,49
11,66667	28,49
11,68333	28,49
11,70000	28,49
11,71667	28,49
11,73333	28,49
11,75000	28,49
11,76667	28,49
11,78333	28,49
11,80000	28,48
11,81667	28,48
11,83333	28,48
11,85000	28,48
11,86667	28,48
11,88333	28,48
11,90000	28,48
11,91667	28,48
11,93333	28,48
11,95000	28,48
11,96667	28,48
11,98333	28,48
12,00000	28,48
12,01667	28,48
12,03333	28,48
12,05000	28,48
12,06667	28,48
12,08333	28,48
12,10000	28,48
12,11667	28,47
12,13333	28,47
12,15000	28,47
12,16667	28,47
12,18333	28,47
12,20000	28,47
12,21667	28,47
12,23333	28,47
12,25000	28,47
12,26667	28,47
12,28333	28,47
12,30000	28,47
12,31667	28,47
12,33333	28,47
12,35000	28,48
12,36667	28,48
12,38333	28,48
12,40000	28,48
12,41667	28,48
12,43333	28,49
12,45000	28,49
12,46667	28,49
12,48333	28,49
12,50000	28,49
12,51667	28,48
12,53333	28,48
12,55000	28,48
12,56667	28,48
12,58333	28,48
12,60000	28,47
12,61667	28,47
12,63333	28,47
12,65000	28,47
12,66667	28,47
12,68333	28,47
12,70000	28,47
12,71667	28,48
12,73333	28,48
12,75000	28,48
12,76667	28,49
12,78333	28,49
12,80000	28,49
12,81667	28,49
12,83333	28,49
12,85000	28,49
12,86667	28,49
12,88333	28,49
12,90000	28,50
12,91667	28,50
12,93333	28,50
12,95000	28,50
12,96667	28,50
12,98333	28,50
13,00000	28,50
13,01667	28,50
13,03333	28,51
13,05000	28,51
13,06667	28,51
13,08333	28,52
13,10000	28,52
13,11667	28,52
13,13333	28,52
13,15000	28,52
13,16667	28,52
13,18333	28,52
13,20000	28,52
13,21667	28,52
13,23333	28,52
13,25000	28,52
13,26667	28,52
13,28333	28,52
13,30000	28,52
13,31667	28,52
13,33333	28,52
13,35000	28,52
13,36667	28,52
13,38333	28,52
13,40000	28,52
13,41667	28,52
13,43333	28,52
13,45000	28,52
13,46667	28,52
13,48333	28,52
13,50000	28,51
13,51667	28,51
13,53333	28,51
13,55000	28,51
13,56667	28,51
13,58333	28,51
13,60000	28,51
13,61667	28,51
13,63333	28,51
13,65000	28,51
13,66667	28,51
13,68333	28,51
13,70000	28,51
13,71667	28,51
13,73333	28,51
13,75000	28,51
13,76667	28,50
13,78333	28,50
13,80000	28,50
13,81667	28,50
13,83333	28,50
13,85000	28,50
13,86667	28,50
13,88333	28,51
13,90000	28,51
13,91667	28,51
13,93333	28,50
13,95000	28,50
13,96667	28,50
13,98333	28,50
14,00000	28,50
14,01667	28,49
14,03333	28,49
14,05000	28,49
14,06667	28,49
14,08333	28,50
14,10000	28,50
14,11667	28,50
14,13333	28,50
14,15000	28,50
14,16667	28,51
14,18333	28,51
14,20000	28,51
14,21667	28,51
14,23333	28,51
14,25000	28,51
14,26667	28,51
14,28333	28,51
14,30000	28,52
14,31667	28,52
14,33333	28,52
14,35000	28,52
14,36667	28,52
14,38333	28,52
14,40000	28,52
14,41667	28,52
14,43333	28,52
14,45000	28,52
14,46667	28,52
14,48333	28,52
14,50000	28,52
14,51667	28,52
14,53333	28,52
14,55000	28,53
14,56667	28,53
14,58333	28,53
14,60000	28,53
14,61667	28,53
14,63333	28,53
14,65000	28,53
14,66667	28,53
14,68333	28,53
14,70000	28,53
14,71667	28,53
14,73333	28,53
14,75000	28,53
14,76667	28,53
14,78333	28,53
14,80000	28,53
14,81667	28,53
14,83333	28,53
14,85000	28,53
14,86667	28,53
14,88333	28,53
14,90000	28,53
14,91667	28,53
14,93333	28,53
14,95000	28,53
14,96667	28,53
14,98333	28,53
15,00000	28,53
15,01667	28,52
15,03333	28,52
15,05000	28,52
15,06667	28,52
15,08333	28,52
15,10000	28,52
15,11667	28,52
15,13333	28,52
15,15000	28,52
15,16667	28,52
15,18333	28,52
15,20000	28,52
15,21667	28,52
15,23333	28,52
15,25000	28,52
15,26667	28,52
15,28333	28,52
15,30000	28,51
15,31667	28,51
15,33333	28,51
15,35000	28,51
15,36667	28,51
15,38333	28,51
15,40000	28,51
15,41667	28,51
15,43333	28,51
15,45000	28,51
15,46667	28,51
15,48333	28,51
15,50000	28,51
15,51667	28,51
15,53333	28,51
15,55000	28,51
15,56667	28,51
15,58333	28,51
15,60000	28,51
15,61667	28,51
15,63333	28,51
15,65000	28,50
15,66667	28,50
15,68333	28,50
15,70000	28,49
15,71667	28,49
15,73333	28,49
15,75000	28,49
15,76667	28,49
15,78333	28,49
15,80000	28,49
15,81667	28,48
15,83333	28,49
15,85000	28,49
15,86667	28,49
15,88333	28,49
15,90000	28,49
15,91667	28,50
15,93333	28,50
15,95000	28,51
15,96667	28,51
15,98333	28,51
16,00000	28,51
16,01667	28,52
16,03333	28,52
16,05000	28,52
16,06667	28,52
16,08333	28,52
16,10000	28,52
16,11667	28,52
16,13333	28,52
16,15000	28,52
16,16667	28,52
16,18333	28,52
16,20000	28,52
16,21667	28,52
16,23333	28,52
16,25000	28,52
16,26667	28,52
16,28333	28,52
16,30000	28,52
16,31667	28,51
16,33333	28,51
16,35000	28,51
16,36667	28,51
16,38333	28,51
16,40000	28,51
16,41667	28,51
16,43333	28,51
16,45000	28,51
16,46667	28,51
16,48333	28,51
16,50000	28,50
16,51667	28,50
16,53333	28,50
16,55000	28,50
16,56667	28,50
16,58333	28,50
16,60000	28,49
16,61667	28,49
16,63333	28,49
16,65000	28,50
16,66667	28,50
16,68333	28,50
16,70000	28,50
16,71667	28,50
16,73333	28,50
16,75000	28,50
16,76667	28,51
16,78333	28,51
16,80000	28,51
16,81667	28,51
16,83333	28,51
16,85000	28,51
16,86667	28,51
16,88333	28,51
16,90000	28,51
16,91667	28,51
16,93333	28,51
16,95000	28,50
16,96667	28,50
16,98333	28,50
17,00000	28,49
17,01667	28,49
17,03333	28,49
17,05000	28,49
17,06667	28,49
17,08333	28,49
17,10000	28,49
17,11667	28,49
17,13333	28,50
17,15000	28,50
17,16667	28,50
17,18333	28,50
17,20000	28,50
17,21667	28,50
17,23333	28,51
17,25000	28,51
17,26667	28,51
17,28333	28,52
17,30000	28,52
17,31667	28,52
17,33333	28,52
17,35000	28,52
17,36667	28,52
17,38333	28,52
17,40000	28,52
17,41667	28,52
17,43333	28,52
17,45000	28,52
17,46667	28,53
17,48333	28,53
17,50000	28,53
17,51667	28,53
17,53333	28,53
17,55000	28,53
17,56667	28,53
17,58333	28,53
17,60000	28,54
17,61667	28,54
17,63333	28,54
17,65000	28,54
17,66667	28,54
17,68333	28,54
17,70000	28,54
17,71667	28,54
17,73333	28,54
17,75000	28,54
17,76667	28,54
17,78333	28,54
17,80000	28,54
17,81667	28,54
17,83333	28,54
17,85000	28,54
17,86667	28,55
17,88333	28,55
17,90000	28,55
17,91667	28,55
17,93333	28,55
17,95000	28,55
17,96667	28,56
17,98333	28,56
18,00000	28,56
18,01667	28,56
18,03333	28,56
18,05000	28,57
18,06667	28,57
18,08333	28,57
18,10000	28,57
18,11667	28,57
18,13333	28,57
18,15000	28,57
18,16667	28,57
18,18333	28,57
18,20000	28,57
18,21667	28,56
18,23333	28,56
18,25000	28,56
18,26667	28,55
18,28333	28,55
18,30000	28,55
18,31667	28,55
18,33333	28,55
18,35000	28,55
18,36667	28,55
18,38333	28,55
18,40000	28,55
18,41667	28,55
18,43333	28,55
18,45000	28,55
18,46667	28,55
18,48333	28,54
18,50000	28,54
18,51667	28,54
18,53333	28,54
18,55000	28,54
18,56667	28,54
18,58333	28,54
18,60000	28,54
18,61667	28,54
18,63333	28,54
18,65000	28,53
18,66667	28,53
18,68333	28,53
18,70000	28,54
18,71667	28,54
18,73333	28,54
18,75000	28,54
18,76667	28,54
18,78333	28,54
18,80000	28,54
18,81667	28,54
18,83333	28,54
18,85000	28,54
18,86667	28,54
18,88333	28,54
18,90000	28,54
18,91667	28,54
18,93333	28,55
18,95000	28,55
18,96667	28,55
18,98333	28,55
19,00000	28,55
19,01667	28,55
19,03333	28,55
19,05000	28,55
19,06667	28,55
19,08333	28,55
19,10000	28,56
19,11667	28,56
19,13333	28,56
19,15000	28,56
19,16667	28,57
19,18333	28,57
19,20000	28,58
19,21667	28,58
19,23333	28,58
19,25000	28,58
19,26667	28,58
19,28333	28,58
19,30000	28,58
19,31667	28,58
19,33333	28,58
19,35000	28,58
19,36667	28,58
19,38333	28,57
19,40000	28,57
19,41667	28,57
19,43333	28,57
19,45000	28,57
19,46667	28,58
19,48333	28,58
19,50000	28,58
19,51667	28,58
19,53333	28,58
19,55000	28,58
19,56667	28,58
19,58333	28,58
19,60000	28,58
19,61667	28,58
19,63333	28,58
19,65000	28,58
19,66667	28,58
19,68333	28,58
19,70000	28,58
19,71667	28,58
19,73333	28,58
19,75000	28,57
19,76667	28,57
19,78333	28,57
19,80000	28,57
19,81667	28,57
19,83333	28,56
19,85000	28,56
19,86667	28,56
19,88333	28,55
19,90000	28,54
19,91667	28,54
19,93333	28,54
19,95000	28,54
19,96667	28,54
19,98333	28,55
20,00000	28,55
20,01667	28,55
20,03333	28,55
20,05000	28,56
20,06667	28,56
20,08333	28,56
20,10000	28,57
20,11667	28,57
20,13333	28,57
20,15000	28,57
20,16667	28,57
20,18333	28,57
20,20000	28,57
20,21667	28,57
20,23333	28,57
20,25000	28,56
20,26667	28,56
20,28333	28,56
20,30000	28,55
20,31667	28,55
20,33333	28,55
20,35000	28,55
20,36667	28,55
20,38333	28,55
20,40000	28,55
20,41667	28,55
20,43333	28,55
20,45000	28,55
20,46667	28,54
20,48333	28,54
20,50000	28,54
20,51667	28,54
20,53333	28,54
20,55000	28,53
20,56667	28,53
20,58333	28,53
20,60000	28,53
20,61667	28,53
20,63333	28,53
20,65000	28,53
20,66667	28,53
20,68333	28,53
20,70000	28,53
20,71667	28,53
20,73333	28,53
20,75000	28,53
20,76667	28,53
20,78333	28,54
20,80000	28,54
20,81667	28,54
20,83333	28,54
20,85000	28,54
20,86667	28,54
20,88333	28,54
20,90000	28,55
20,91667	28,55
20,93333	28,55
20,95000	28,55
20,96667	28,55
20,98333	28,55
21,00000	28,55
21,01667	28,55
21,03333	28,55
21,05000	28,54
21,06667	28,53
21,08333	28,53
21,10000	28,53
21,11667	28,53
21,13333	28,52
21,15000	28,52
21,16667	28,52
21,18333	28,52
21,20000	28,52
21,21667	28,52
21,23333	28,52
21,25000	28,53
21,26667	28,53
21,28333	28,53
21,30000	28,53
21,31667	28,53
21,33333	28,53
21,35000	28,54
21,36667	28,54
21,38333	28,54
21,40000	28,54
21,41667	28,54
21,43333	28,54
21,45000	28,54
21,46667	28,54
21,48333	28,54
21,50000	28,54
21,51667	28,54
21,53333	28,54
21,55000	28,54
21,56667	28,54
21,58333	28,54
21,60000	28,54
21,61667	28,54
21,63333	28,54
21,65000	28,54
21,66667	28,54
21,68333	28,54
21,70000	28,54
21,71667	28,54
21,73333	28,54
21,75000	28,54
21,76667	28,54
21,78333	28,54
21,80000	28,54
21,81667	28,53
21,83333	28,53
21,85000	28,53
21,86667	28,53
21,88333	28,53
21,90000	28,53
21,91667	28,52
21,93333	28,52
21,95000	28,52
21,96667	28,52
21,98333	28,52
22,00000	28,51
22,01667	28,52
22,03333	28,52
22,05000	28,52
22,06667	28,53
22,08333	28,53
22,10000	28,53
22,11667	28,53
22,13333	28,54
22,15000	28,54
22,16667	28,54
22,18333	28,54
22,20000	28,54
22,21667	28,54
22,23333	28,54
22,25000	28,54
22,26667	28,54
22,28333	28,54
22,30000	28,54
22,31667	28,54
22,33333	28,55
22,35000	28,55
22,36667	28,55
22,38333	28,55
22,40000	28,55
22,41667	28,56
22,43333	28,56
22,45000	28,56
22,46667	28,57
22,48333	28,57
22,50000	28,56
22,51667	28,56
22,53333	28,56
22,55000	28,56
22,56667	28,56
22,58333	28,56
22,60000	28,55
22,61667	28,55
22,63333	28,55
22,65000	28,55
22,66667	28,55
22,68333	28,55
22,70000	28,55
22,71667	28,54
22,73333	28,54
22,75000	28,54
22,76667	28,54
22,78333	28,54
22,80000	28,54
22,81667	28,54
22,83333	28,54
22,85000	28,54
22,86667	28,54
22,88333	28,54
22,90000	28,54
22,91667	28,54
22,93333	28,54
22,95000	28,54
22,96667	28,54
22,98333	28,54
23,00000	28,54
23,01667	28,54
23,03333	28,54
23,05000	28,54
23,06667	28,53
23,08333	28,53
23,10000	28,53
23,11667	28,53
23,13333	28,53
23,15000	28,53
23,16667	28,53
23,18333	28,53
23,20000	28,53
23,21667	28,53
23,23333	28,53
23,25000	28,53
23,26667	28,53
23,28333	28,53
23,30000	28,53
23,31667	28,53
23,33333	28,54
23,35000	28,54
23,36667	28,54
23,38333	28,53
23,40000	28,53
23,41667	28,53
23,43333	28,53
23,45000	28,53
23,46667	28,53
23,48333	28,53
23,50000	28,53
23,51667	28,53
23,53333	28,54
23,55000	28,54
23,56667	28,54
23,58333	28,54
23,60000	28,54
23,61667	28,53
23,63333	28,53
23,65000	28,53
23,66667	28,52
23,68333	28,52
23,70000	28,52
23,71667	28,52
23,73333	28,53
23,75000	28,53
23,76667	28,53
23,78333	28,53
23,80000	28,54
23,81667	28,54
23,83333	28,54
23,85000	28,55
23,86667	28,55
23,88333	28,55
23,90000	28,56
23,91667	28,56
23,93333	28,56
23,95000	28,56
23,96667	28,56
23,98333	28,56
24,00000	28,56
24,01667	28,56
24,03333	28,56
24,05000	28,56
24,06667	28,56
24,08333	28,56
24,10000	28,56
24,11667	28,55
24,13333	28,55
24,15000	28,55
24,16667	28,55
24,18333	28,55
24,20000	28,55
24,21667	28,55
24,23333	28,55
24,25000	28,54
24,26667	28,54
24,28333	28,54
24,30000	28,53
24,31667	28,53
24,33333	28,53
24,35000	28,52
24,36667	28,52
24,38333	28,52
24,40000	28,52
24,41667	28,52
24,43333	28,52
24,45000	28,53
24,46667	28,53
24,48333	28,53
24,50000	28,54
24,51667	28,54
24,53333	28,54
24,55000	28,55
24,56667	28,55
24,58333	28,55
24,60000	28,55
24,61667	28,56
24,63333	28,56
24,65000	28,56
24,66667	28,56
24,68333	28,56
24,70000	28,56
24,71667	28,57
24,73333	28,57
24,75000	28,57
24,76667	28,57
24,78333	28,57
24,80000	28,57
24,81667	28,57
24,83333	28,57
24,85000	28,58
24,86667	28,58
24,88333	28,58
24,90000	28,58
24,91667	28,58
24,93333	28,59
24,95000	28,59
24,96667	28,59
24,98333	28,60
25,00000	28,60
25,01667	28,60
25,03333	28,60
25,05000	28,60
25,06667	28,60
25,08333	28,60
25,10000	28,60
25,11667	28,60
25,13333	28,60
25,15000	28,61
25,16667	28,60
25,18333	28,60
25,20000	28,60
25,21667	28,60
25,23333	28,60
25,25000	28,60
25,26667	28,60
25,28333	28,60
25,30000	28,60
25,31667	28,60
25,33333	28,60
25,35000	28,60
25,36667	28,60
25,38333	28,59
25,40000	28,59
25,41667	28,59
25,43333	28,59
25,45000	28,59
25,46667	28,59
25,48333	28,58
25,50000	28,58
25,51667	28,57
25,53333	28,57
25,55000	28,57
25,56667	28,57
25,58333	28,57
25,60000	28,57
25,61667	28,57
25,63333	28,57
25,65000	28,57
25,66667	28,57
25,68333	28,57
25,70000	28,56
25,71667	28,56
25,73333	28,56
25,75000	28,56
25,76667	28,56
25,78333	28,56
25,80000	28,56
25,81667	28,56
25,83333	28,56
25,85000	28,56
25,86667	28,56
25,88333	28,56
25,90000	28,56
25,91667	28,56
25,93333	28,57
25,95000	28,57
25,96667	28,57
25,98333	28,57
26,00000	28,57
26,01667	28,57
26,03333	28,57
26,05000	28,57
26,06667	28,57
26,08333	28,57
26,10000	28,57
26,11667	28,58
26,13333	28,58
26,15000	28,58
26,16667	28,57
26,18333	28,57
26,20000	28,57
26,21667	28,57
26,23333	28,57
26,25000	28,57
26,26667	28,57
26,28333	28,57
26,30000	28,57
26,31667	28,57
26,33333	28,57
26,35000	28,57
26,36667	28,57
26,38333	28,57
26,40000	28,57
26,41667	28,57
26,43333	28,57
26,45000	28,57
26,46667	28,57
26,48333	28,56
26,50000	28,56
26,51667	28,56
26,53333	28,56
26,55000	28,56
26,56667	28,56
26,58333	28,56
26,60000	28,56
26,61667	28,56
26,63333	28,57
26,65000	28,57
26,66667	28,57
26,68333	28,57
26,70000	28,57
26,71667	28,57
26,73333	28,57
26,75000	28,57
26,76667	28,57
26,78333	28,57
26,80000	28,58
26,81667	28,58
26,83333	28,58
26,85000	28,58
26,86667	28,58
26,88333	28,58
26,90000	28,58
26,91667	28,59
26,93333	28,59
26,95000	28,59
26,96667	28,59
26,98333	28,59
27,00000	28,59
27,01667	28,59
27,03333	28,59
27,05000	28,59
27,06667	28,59
27,08333	28,59
27,10000	28,58
27,11667	28,58
27,13333	28,58
27,15000	28,58
27,16667	28,58
27,18333	28,58
27,20000	28,57
27,21667	28,57
27,23333	28,57
27,25000	28,57
27,26667	28,56
27,28333	28,56
27,30000	28,56
27,31667	28,55
27,33333	28,55
27,35000	28,55
27,36667	28,55
27,38333	28,54
27,40000	28,54
27,41667	28,54
27,43333	28,54
27,45000	28,54
27,46667	28,54
27,48333	28,54
27,50000	28,55
27,51667	28,55
27,53333	28,55
27,55000	28,55
27,56667	28,55
27,58333	28,55
27,60000	28,55
27,61667	28,55
27,63333	28,55
27,65000	28,56
27,66667	28,56
27,68333	28,56
27,70000	28,56
27,71667	28,55
27,73333	28,55
27,75000	28,55
27,76667	28,55
27,78333	28,55
27,80000	28,55
27,81667	28,56
27,83333	28,56
27,85000	28,56
27,86667	28,56
27,88333	28,56
27,90000	28,56
27,91667	28,56
27,93333	28,56
27,95000	28,57
27,96667	28,57
27,98333	28,57
28,00000	28,57
28,01667	28,57
28,03333	28,57
28,05000	28,58
28,06667	28,58
28,08333	28,58
28,10000	28,58
28,11667	28,58
28,13333	28,58
28,15000	28,58
28,16667	28,58
28,18333	28,58
28,20000	28,58
28,21667	28,57
28,23333	28,57
28,25000	28,57
28,26667	28,57
28,28333	28,57
28,30000	28,57
28,31667	28,57
28,33333	28,57
28,35000	28,57
28,36667	28,57
28,38333	28,57
28,40000	28,57
28,41667	28,57
28,43333	28,57
28,45000	28,57
28,46667	28,57
28,48333	28,57
28,50000	28,57
28,51667	28,57
28,53333	28,57
28,55000	28,57
28,56667	28,57
28,58333	28,56
28,60000	28,56
28,61667	28,56
28,63333	28,56
28,65000	28,56
28,66667	28,56
28,68333	28,56
28,70000	28,56
28,71667	28,56
28,73333	28,56
28,75000	28,55
28,76667	28,55
28,78333	28,55
28,80000	28,55
28,81667	28,55
28,83333	28,55
28,85000	28,54
28,86667	28,54
28,88333	28,54
28,90000	28,54
28,91667	28,54
28,93333	28,54
28,95000	28,54
28,96667	28,54
28,98333	28,54
29,00000	28,54
29,01667	28,54
29,03333	28,54
29,05000	28,54
29,06667	28,54
29,08333	28,54
29,10000	28,54
29,11667	28,54
29,13333	28,54
29,15000	28,55
29,16667	28,55
29,18333	28,55
29,20000	28,55
29,21667	28,55
29,23333	28,56
29,25000	28,56
29,26667	28,56
29,28333	28,56
29,30000	28,56
29,31667	28,55
29,33333	28,55
29,35000	28,55
29,36667	28,54
29,38333	28,54
29,40000	28,53
29,41667	28,52
29,43333	28,52
29,45000	28,52
29,46667	28,51
29,48333	28,51
29,50000	28,51
29,51667	28,50
29,53333	28,50
29,55000	28,50
29,56667	28,50
29,58333	28,50
29,60000	28,50
29,61667	28,50
29,63333	28,51
29,65000	28,51
29,66667	28,51
29,68333	28,52
29,70000	28,52
29,71667	28,52
29,73333	28,52
29,75000	28,52
29,76667	28,53
29,78333	28,53
29,80000	28,53
29,81667	28,54
29,83333	28,54
29,85000	28,54
29,86667	28,54
29,88333	28,54
29,90000	28,54
29,91667	28,54
29,93333	28,54
29,95000	28,54
29,96667	28,54
29,98333	28,54
30,00000	28,54
30,01667	28,54
30,03333	28,54
30,05000	28,54
30,06667	28,54
30,08333	28,54
30,10000	28,54
30,11667	28,54
30,13333	28,54
30,15000	28,54
30,16667	28,54
30,18333	28,54
30,20000	28,54
30,21667	28,54
30,23333	28,54
30,25000	28,54
30,26667	28,54
30,28333	28,54
30,30000	28,55
30,31667	28,55
30,33333	28,55
30,35000	28,56
30,36667	28,56
30,38333	28,56
30,40000	28,56
30,41667	28,57
30,43333	28,57
30,45000	28,57
30,46667	28,57
30,48333	28,57
30,50000	28,57
30,51667	28,57
30,53333	28,58
30,55000	28,58
30,56667	28,58
30,58333	28,58
30,60000	28,59
30,61667	28,59
30,63333	28,59
30,65000	28,59
30,66667	28,59
30,68333	28,59
30,70000	28,59
30,71667	28,60
30,73333	28,60
30,75000	28,60
30,76667	28,60
30,78333	28,60
30,80000	28,60
30,81667	28,60
30,83333	28,60
30,85000	28,60
30,86667	28,60
30,88333	28,60
30,90000	28,61
30,91667	28,61
30,93333	28,61
30,95000	28,61
30,96667	28,61
30,98333	28,61
31,00000	28,61
31,01667	28,61
31,03333	28,61
31,05000	28,61
31,06667	28,62
31,08333	28,62
31,10000	28,62
31,11667	28,62
31,13333	28,62
31,15000	28,62
31,16667	28,62
31,18333	28,62
31,20000	28,62
31,21667	28,62
31,23333	28,63
31,25000	28,63
31,26667	28,63
31,28333	28,63
31,30000	28,63
31,31667	28,63
31,33333	28,63
31,35000	28,63
31,36667	28,62
31,38333	28,62
31,40000	28,63
31,41667	28,63
31,43333	28,63
31,45000	28,63
31,46667	28,62
31,48333	28,62
31,50000	28,62
31,51667	28,62
31,53333	28,62
31,55000	28,61
31,56667	28,61
31,58333	28,61
31,60000	28,61
31,61667	28,61
31,63333	28,61
31,65000	28,62
31,66667	28,62
31,68333	28,62
31,70000	28,62
31,71667	28,62
31,73333	28,62
31,75000	28,62
31,76667	28,62
31,78333	28,62
31,80000	28,63
31,81667	28,63
31,83333	28,63
31,85000	28,63
31,86667	28,63
31,88333	28,63
31,90000	28,63
31,91667	28,63
31,93333	28,63
31,95000	28,63
31,96667	28,63
31,98333	28,62
32,00000	28,62

[LC Status Trace(PDA Cell Temp.)]
Interval(msec)	1000
# of Points	1921
Start Time(min)	0,000
End Time(min)	32,000
Intensity Units	C
Intensity Multiplier	1
R.Time (min)	Intensity
0,00000	49,99
0,01667	49,99
0,03333	49,99
0,05000	49,99
0,06667	49,99
0,08333	49,99
0,10000	49,99
0,11667	49,99
0,13333	49,99
0,15000	49,99
0,16667	50,00
0,18333	50,00
0,20000	50,00
0,21667	50,00
0,23333	50,00
0,25000	50,00
0,26667	50,00
0,28333	50,00
0,30000	50,00
0,31667	50,00
0,33333	50,00
0,35000	50,00
0,36667	50,00
0,38333	50,00
0,40000	50,00
0,41667	50,00
0,43333	50,00
0,45000	50,00
0,46667	50,00
0,48333	50,00
0,50000	50,00
0,51667	50,00
0,53333	50,00
0,55000	49,99
0,56667	49,99
0,58333	49,99
0,60000	49,99
0,61667	49,99
0,63333	49,99
0,65000	49,99
0,66667	49,99
0,68333	49,99
0,70000	49,99
0,71667	49,99
0,73333	49,99
0,75000	49,99
0,76667	49,99
0,78333	49,99
0,80000	49,99
0,81667	49,99
0,83333	49,99
0,85000	49,99
0,86667	49,99
0,88333	49,99
0,90000	49,99
0,91667	49,99
0,93333	49,99
0,95000	49,99
0,96667	49,99
0,98333	49,99
1,00000	49,99
1,01667	49,99
1,03333	49,99
1,05000	49,99
1,06667	49,99
1,08333	49,99
1,10000	49,99
1,11667	49,99
1,13333	49,99
1,15000	49,99
1,16667	49,99
1,18333	49,99
1,20000	49,99
1,21667	49,99
1,23333	49,99
1,25000	49,99
1,26667	49,99
1,28333	49,99
1,30000	50,00
1,31667	50,00
1,33333	50,00
1,35000	50,00
1,36667	50,00
1,38333	50,00
1,40000	50,00
1,41667	50,00
1,43333	50,00
1,45000	50,00
1,46667	50,00
1,48333	50,00
1,50000	50,00
1,51667	50,00
1,53333	50,00
1,55000	50,00
1,56667	50,00
1,58333	50,00
1,60000	50,00
1,61667	50,00
1,63333	50,00
1,65000	50,00
1,66667	50,00
1,68333	50,00
1,70000	50,00
1,71667	50,00
1,73333	50,00
1,75000	50,00
1,76667	50,00
1,78333	50,00
1,80000	50,00
1,81667	50,00
1,83333	50,00
1,85000	49,99
1,86667	49,99
1,88333	49,99
1,90000	49,99
1,91667	49,99
1,93333	49,99
1,95000	49,99
1,96667	49,99
1,98333	49,99
2,00000	49,99
2,01667	49,99
2,03333	49,99
2,05000	49,99
2,06667	49,99
2,08333	49,99
2,10000	49,99
2,11667	49,99
2,13333	49,99
2,15000	49,99
2,16667	49,99
2,18333	49,99
2,20000	49,99
2,21667	49,99
2,23333	49,99
2,25000	49,99
2,26667	49,99
2,28333	49,99
2,30000	50,00
2,31667	50,00
2,33333	50,00
2,35000	50,00
2,36667	50,00
2,38333	50,00
2,40000	50,00
2,41667	50,00
2,43333	50,00
2,45000	50,00
2,46667	50,00
2,48333	50,00
2,50000	50,00
2,51667	50,00
2,53333	50,00
2,55000	50,00
2,56667	50,00
2,58333	50,00
2,60000	50,00
2,61667	50,00
2,63333	50,00
2,65000	50,00
2,66667	50,00
2,68333	50,00
2,70000	50,00
2,71667	50,00
2,73333	50,00
2,75000	50,00
2,76667	50,00
2,78333	50,00
2,80000	50,00
2,81667	49,99
2,83333	49,99
2,85000	49,99
2,86667	49,99
2,88333	49,99
2,90000	49,99
2,91667	49,99
2,93333	49,99
2,95000	49,99
2,96667	49,99
2,98333	49,99
3,00000	49,99
3,01667	49,99
3,03333	49,99
3,05000	50,00
3,06667	50,00
3,08333	50,00
3,10000	50,00
3,11667	50,00
3,13333	50,00
3,15000	50,00
3,16667	50,00
3,18333	50,00
3,20000	50,00
3,21667	50,00
3,23333	50,00
3,25000	50,00
3,26667	50,00
3,28333	50,00
3,30000	50,00
3,31667	50,00
3,33333	50,00
3,35000	50,00
3,36667	50,00
3,38333	50,00
3,40000	50,00
3,41667	50,00
3,43333	50,00
3,45000	50,00
3,46667	50,00
3,48333	50,00
3,50000	50,00
3,51667	50,00
3,53333	50,00
3,55000	50,00
3,56667	50,00
3,58333	50,00
3,60000	50,00
3,61667	50,00
3,63333	50,00
3,65000	50,00
3,66667	50,00
3,68333	50,00
3,70000	50,00
3,71667	50,00
3,73333	50,00
3,75000	49,99
3,76667	49,99
3,78333	49,99
3,80000	49,99
3,81667	49,99
3,83333	49,99
3,85000	49,99
3,86667	49,99
3,88333	49,99
3,90000	49,99
3,91667	49,99
3,93333	49,99
3,95000	49,99
3,96667	49,99
3,98333	49,99
4,00000	49,99
4,01667	49,99
4,03333	49,99
4,05000	49,99
4,06667	49,99
4,08333	49,99
4,10000	50,00
4,11667	50,00
4,13333	50,00
4,15000	50,00
4,16667	50,00
4,18333	50,00
4,20000	50,00
4,21667	50,00
4,23333	50,00
4,25000	50,00
4,26667	50,00
4,28333	50,00
4,30000	50,00
4,31667	50,00
4,33333	50,00
4,35000	50,00
4,36667	50,00
4,38333	50,00
4,40000	50,00
4,41667	50,00
4,43333	50,00
4,45000	50,00
4,46667	50,00
4,48333	50,00
4,50000	50,00
4,51667	50,00
4,53333	50,00
4,55000	50,00
4,56667	50,00
4,58333	50,00
4,60000	50,00
4,61667	49,99
4,63333	49,99
4,65000	49,99
4,66667	49,99
4,68333	49,99
4,70000	49,99
4,71667	49,99
4,73333	49,99
4,75000	49,99
4,76667	49,99
4,78333	49,99
4,80000	49,99
4,81667	49,99
4,83333	49,99
4,85000	49,99
4,86667	49,99
4,88333	49,99
4,90000	49,99
4,91667	49,99
4,93333	49,99
4,95000	49,99
4,96667	49,99
4,98333	49,99
5,00000	49,99
5,01667	49,99
5,03333	49,99
5,05000	49,99
5,06667	49,99
5,08333	49,99
5,10000	49,99
5,11667	49,99
5,13333	49,99
5,15000	49,99
5,16667	49,99
5,18333	50,00
5,20000	50,00
5,21667	50,00
5,23333	50,00
5,25000	50,00
5,26667	50,00
5,28333	50,00
5,30000	50,00
5,31667	50,00
5,33333	50,00
5,35000	50,00
5,36667	50,00
5,38333	50,00
5,40000	50,00
5,41667	50,00
5,43333	50,00
5,45000	50,00
5,46667	50,00
5,48333	50,00
5,50000	50,00
5,51667	50,00
5,53333	50,00
5,55000	50,00
5,56667	50,00
5,58333	50,00
5,60000	50,00
5,61667	50,00
5,63333	50,00
5,65000	50,00
5,66667	50,00
5,68333	50,00
5,70000	50,00
5,71667	50,00
5,73333	50,00
5,75000	50,00
5,76667	50,00
5,78333	50,00
5,80000	50,00
5,81667	50,00
5,83333	50,00
5,85000	50,00
5,86667	49,99
5,88333	49,99
5,90000	49,99
5,91667	49,99
5,93333	49,99
5,95000	49,99
5,96667	49,99
5,98333	49,99
6,00000	49,99
6,01667	49,99
6,03333	49,99
6,05000	49,99
6,06667	49,99
6,08333	49,99
6,10000	49,99
6,11667	49,99
6,13333	49,99
6,15000	49,99
6,16667	49,99
6,18333	50,00
6,20000	50,00
6,21667	50,00
6,23333	50,00
6,25000	50,00
6,26667	50,00
6,28333	50,00
6,30000	50,00
6,31667	50,00
6,33333	50,00
6,35000	50,00
6,36667	50,00
6,38333	50,00
6,40000	50,00
6,41667	50,00
6,43333	50,00
6,45000	50,00
6,46667	50,00
6,48333	50,00
6,50000	50,00
6,51667	50,00
6,53333	50,00
6,55000	50,00
6,56667	50,00
6,58333	50,00
6,60000	50,00
6,61667	50,00
6,63333	50,00
6,65000	50,00
6,66667	50,00
6,68333	50,00
6,70000	50,00
6,71667	50,00
6,73333	50,00
6,75000	50,00
6,76667	50,00
6,78333	50,00
6,80000	50,00
6,81667	50,00
6,83333	50,00
6,85000	50,00
6,86667	50,00
6,88333	50,00
6,90000	50,00
6,91667	50,00
6,93333	50,00
6,95000	50,00
6,96667	50,00
6,98333	50,00
7,00000	50,00
7,01667	50,00
7,03333	50,00
7,05000	50,00
7,06667	50,00
7,08333	50,00
7,10000	50,00
7,11667	50,00
7,13333	50,00
7,15000	50,00
7,16667	50,00
7,18333	50,00
7,20000	50,00
7,21667	50,00
7,23333	50,00
7,25000	50,00
7,26667	50,00
7,28333	50,00
7,30000	50,00
7,31667	50,00
7,33333	50,00
7,35000	50,00
7,36667	50,00
7,38333	50,00
7,40000	50,00
7,41667	50,00
7,43333	50,00
7,45000	50,00
7,46667	50,00
7,48333	50,00
7,50000	50,00
7,51667	50,00
7,53333	50,00
7,55000	50,00
7,56667	50,00
7,58333	50,00
7,60000	50,00
7,61667	50,00
7,63333	50,00
7,65000	50,00
7,66667	50,00
7,68333	49,99
7,70000	49,99
7,71667	49,99
7,73333	49,99
7,75000	49,99
7,76667	49,99
7,78333	49,99
7,80000	49,99
7,81667	49,99
7,83333	49,99
7,85000	49,99
7,86667	49,99
7,88333	49,99
7,90000	49,99
7,91667	49,99
7,93333	49,99
7,95000	49,99
7,96667	49,99
7,98333	49,99
8,00000	49,99
8,01667	49,99
8,03333	49,99
8,05000	49,99
8,06667	50,00
8,08333	50,00
8,10000	50,00
8,11667	50,00
8,13333	50,00
8,15000	50,00
8,16667	50,00
8,18333	50,00
8,20000	50,00
8,21667	50,00
8,23333	50,00
8,25000	50,00
8,26667	50,00
8,28333	50,00
8,30000	50,00
8,31667	50,00
8,33333	50,00
8,35000	50,00
8,36667	50,00
8,38333	50,00
8,40000	50,00
8,41667	50,00
8,43333	50,00
8,45000	50,00
8,46667	50,00
8,48333	50,00
8,50000	50,00
8,51667	50,00
8,53333	50,00
8,55000	50,00
8,56667	50,00
8,58333	50,00
8,60000	50,00
8,61667	50,00
8,63333	50,00
8,65000	50,00
8,66667	50,00
8,68333	50,00
8,70000	50,00
8,71667	50,00
8,73333	50,00
8,75000	50,00
8,76667	50,00
8,78333	50,00
8,80000	50,00
8,81667	50,00
8,83333	50,00
8,85000	50,00
8,86667	50,00
8,88333	50,00
8,90000	50,00
8,91667	50,00
8,93333	50,00
8,95000	50,00
8,96667	50,00
8,98333	50,00
9,00000	50,00
9,01667	50,00
9,03333	50,00
9,05000	50,00
9,06667	50,00
9,08333	50,00
9,10000	50,00
9,11667	50,00
9,13333	50,00
9,15000	50,00
9,16667	50,00
9,18333	50,00
9,20000	50,00
9,21667	50,00
9,23333	50,00
9,25000	50,00
9,26667	50,00
9,28333	50,00
9,30000	50,00
9,31667	50,00
9,33333	50,00
9,35000	50,00
9,36667	50,00
9,38333	50,00
9,40000	50,00
9,41667	50,00
9,43333	50,00
9,45000	50,00
9,46667	50,00
9,48333	50,00
9,50000	50,00
9,51667	50,00
9,53333	50,00
9,55000	50,00
9,56667	49,99
9,58333	50,00
9,60000	49,99
9,61667	49,99
9,63333	49,99
9,65000	49,99
9,66667	49,99
9,68333	49,99
9,70000	49,99
9,71667	49,99
9,73333	49,99
9,75000	49,99
9,76667	49,99
9,78333	49,99
9,80000	49,99
9,81667	49,99
9,83333	50,00
9,85000	50,00
9,86667	50,00
9,88333	50,00
9,90000	50,00
9,91667	50,00
9,93333	50,00
9,95000	50,00
9,96667	50,00
9,98333	50,00
10,00000	50,00
10,01667	50,00
10,03333	50,00
10,05000	50,00
10,06667	50,00
10,08333	50,00
10,10000	50,00
10,11667	50,00
10,13333	50,00
10,15000	50,00
10,16667	50,00
10,18333	50,00
10,20000	50,00
10,21667	50,00
10,23333	50,00
10,25000	50,00
10,26667	50,00
10,28333	50,00
10,30000	50,00
10,31667	50,00
10,33333	50,00
10,35000	50,00
10,36667	50,00
10,38333	50,00
10,40000	50,00
10,41667	50,00
10,43333	50,00
10,45000	50,00
10,46667	50,00
10,48333	50,00
10,50000	50,00
10,51667	50,00
10,53333	50,00
10,55000	50,00
10,56667	50,00
10,58333	50,00
10,60000	50,00
10,61667	50,00
10,63333	50,00
10,65000	50,00
10,66667	50,00
10,68333	50,00
10,70000	50,00
10,71667	50,00
10,73333	50,00
10,75000	50,00
10,76667	50,00
10,78333	50,00
10,80000	50,00
10,81667	50,00
10,83333	50,00
10,85000	50,00
10,86667	50,00
10,88333	50,00
10,90000	50,00
10,91667	50,00
10,93333	50,00
10,95000	50,00
10,96667	50,00
10,98333	50,00
11,00000	50,00
11,01667	50,00
11,03333	50,00
11,05000	50,00
11,06667	50,00
11,08333	50,00
11,10000	50,00
11,11667	50,00
11,13333	50,00
11,15000	50,00
11,16667	50,00
11,18333	50,00
11,20000	50,00
11,21667	50,00
11,23333	50,00
11,25000	50,00
11,26667	50,00
11,28333	50,00
11,30000	50,00
11,31667	50,00
11,33333	50,00
11,35000	50,00
11,36667	50,00
11,38333	50,00
11,40000	50,00
11,41667	50,00
11,43333	50,00
11,45000	50,00
11,46667	50,00
11,48333	50,00
11,50000	50,00
11,51667	50,00
11,53333	50,00
11,55000	50,00
11,56667	50,00
11,58333	49,99
11,60000	49,99
11,61667	49,99
11,63333	49,99
11,65000	49,99
11,66667	49,99
11,68333	49,99
11,70000	49,99
11,71667	49,99
11,73333	49,99
11,75000	49,99
11,76667	49,99
11,78333	49,99
11,80000	49,99
11,81667	49,99
11,83333	49,99
11,85000	49,99
11,86667	49,99
11,88333	49,99
11,90000	49,99
11,91667	49,99
11,93333	50,00
11,95000	50,00
11,96667	50,00
11,98333	50,00
12,00000	50,00
12,01667	50,00
12,03333	50,00
12,05000	50,00
12,06667	50,00
12,08333	50,00
12,10000	50,00
12,11667	50,00
12,13333	50,00
12,15000	50,00
12,16667	50,00
12,18333	50,00
12,20000	50,00
12,21667	50,00
12,23333	50,00
12,25000	50,00
12,26667	50,00
12,28333	50,00
12,30000	50,00
12,31667	50,00
12,33333	50,00
12,35000	50,00
12,36667	49,99
12,38333	49,99
12,40000	49,99
12,41667	49,99
12,43333	49,99
12,45000	49,99
12,46667	49,99
12,48333	49,99
12,50000	49,99
12,51667	49,99
12,53333	49,99
12,55000	49,99
12,56667	49,99
12,58333	49,99
12,60000	49,99
12,61667	49,99
12,63333	49,99
12,65000	49,99
12,66667	49,99
12,68333	49,99
12,70000	49,99
12,71667	49,99
12,73333	49,99
12,75000	49,99
12,76667	49,99
12,78333	49,99
12,80000	49,99
12,81667	49,99
12,83333	49,99
12,85000	49,99
12,86667	49,99
12,88333	49,99
12,90000	49,99
12,91667	49,99
12,93333	50,00
12,95000	50,00
12,96667	50,00
12,98333	50,00
13,00000	50,00
13,01667	50,00
13,03333	50,00
13,05000	50,00
13,06667	50,00
13,08333	50,00
13,10000	50,00
13,11667	50,00
13,13333	50,00
13,15000	50,00
13,16667	50,00
13,18333	50,00
13,20000	50,00
13,21667	50,00
13,23333	50,00
13,25000	50,00
13,26667	50,00
13,28333	50,00
13,30000	50,00
13,31667	50,00
13,33333	50,00
13,35000	50,00
13,36667	50,00
13,38333	50,00
13,40000	50,00
13,41667	50,00
13,43333	50,00
13,45000	50,00
13,46667	50,00
13,48333	50,00
13,50000	50,00
13,51667	50,00
13,53333	50,00
13,55000	50,00
13,56667	50,00
13,58333	50,00
13,60000	50,00
13,61667	50,00
13,63333	50,00
13,65000	50,00
13,66667	50,00
13,68333	50,00
13,70000	50,00
13,71667	50,00
13,73333	50,00
13,75000	50,00
13,76667	50,00
13,78333	50,00
13,80000	50,00
13,81667	50,00
13,83333	50,00
13,85000	50,00
13,86667	50,00
13,88333	50,00
13,90000	50,00
13,91667	50,00
13,93333	50,00
13,95000	50,00
13,96667	50,00
13,98333	50,00
14,00000	50,00
14,01667	50,00
14,03333	50,00
14,05000	50,00
14,06667	50,00
14,08333	50,00
14,10000	50,00
14,11667	50,00
14,13333	50,00
14,15000	50,00
14,16667	50,00
14,18333	50,00
14,20000	50,00
14,21667	50,00
14,23333	50,00
14,25000	50,00
14,26667	50,00
14,28333	50,00
14,30000	50,00
14,31667	50,00
14,33333	50,00
14,35000	50,00
14,36667	50,00
14,38333	50,00
14,40000	50,00
14,41667	50,00
14,43333	50,00
14,45000	50,00
14,46667	50,00
14,48333	50,00
14,50000	50,00
14,51667	50,00
14,53333	50,00
14,55000	50,00
14,56667	50,00
14,58333	50,00
14,60000	50,00
14,61667	50,00
14,63333	50,00
14,65000	50,00
14,66667	50,00
14,68333	50,00
14,70000	50,00
14,71667	50,00
14,73333	50,00
14,75000	50,00
14,76667	50,00
14,78333	50,00
14,80000	50,00
14,81667	50,00
14,83333	50,00
14,85000	50,00
14,86667	50,00
14,88333	50,00
14,90000	50,00
14,91667	50,00
14,93333	50,00
14,95000	50,00
14,96667	50,00
14,98333	50,00
15,00000	50,00
15,01667	50,00
15,03333	50,00
15,05000	49,99
15,06667	49,99
15,08333	49,99
15,10000	49,99
15,11667	49,99
15,13333	49,99
15,15000	49,99
15,16667	49,99
15,18333	49,99
15,20000	49,99
15,21667	49,99
15,23333	49,99
15,25000	49,99
15,26667	49,99
15,28333	50,00
15,30000	50,00
15,31667	50,00
15,33333	50,00
15,35000	50,00
15,36667	50,00
15,38333	50,00
15,40000	50,00
15,41667	50,00
15,43333	50,00
15,45000	50,00
15,46667	50,00
15,48333	50,00
15,50000	50,00
15,51667	50,00
15,53333	50,00
15,55000	50,00
15,56667	50,00
15,58333	50,00
15,60000	50,00
15,61667	50,00
15,63333	50,00
15,65000	50,00
15,66667	49,99
15,68333	49,99
15,70000	49,99
15,71667	49,99
15,73333	49,99
15,75000	49,99
15,76667	49,99
15,78333	49,99
15,80000	49,99
15,81667	49,99
15,83333	49,99
15,85000	49,99
15,86667	49,99
15,88333	49,99
15,90000	49,99
15,91667	49,99
15,93333	49,99
15,95000	49,99
15,96667	49,99
15,98333	49,99
16,00000	49,99
16,01667	49,99
16,03333	49,99
16,05000	49,99
16,06667	49,99
16,08333	49,99
16,10000	49,99
16,11667	49,99
16,13333	49,99
16,15000	49,99
16,16667	49,99
16,18333	49,99
16,20000	49,99
16,21667	49,99
16,23333	49,99
16,25000	50,00
16,26667	50,00
16,28333	50,00
16,30000	50,00
16,31667	50,00
16,33333	50,00
16,35000	50,00
16,36667	50,00
16,38333	50,00
16,40000	50,00
16,41667	50,00
16,43333	50,00
16,45000	50,00
16,46667	50,00
16,48333	50,00
16,50000	50,00
16,51667	50,00
16,53333	50,00
16,55000	50,00
16,56667	50,00
16,58333	50,00
16,60000	50,00
16,61667	50,00
16,63333	50,00
16,65000	50,00
16,66667	50,00
16,68333	50,00
16,70000	50,00
16,71667	50,00
16,73333	50,00
16,75000	50,00
16,76667	50,00
16,78333	50,00
16,80000	50,00
16,81667	50,00
16,83333	50,00
16,85000	50,00
16,86667	50,00
16,88333	50,00
16,90000	50,00
16,91667	50,00
16,93333	50,00
16,95000	50,00
16,96667	50,00
16,98333	50,00
17,00000	50,00
17,01667	50,00
17,03333	50,00
17,05000	50,00
17,06667	50,00
17,08333	50,00
17,10000	50,00
17,11667	50,00
17,13333	49,99
17,15000	49,99
17,16667	49,99
17,18333	49,99
17,20000	49,99
17,21667	49,99
17,23333	49,99
17,25000	49,99
17,26667	49,99
17,28333	49,99
17,30000	49,99
17,31667	49,99
17,33333	49,99
17,35000	49,99
17,36667	49,99
17,38333	49,99
17,40000	49,99
17,41667	49,99
17,43333	49,99
17,45000	49,99
17,46667	49,99
17,48333	49,99
17,50000	49,99
17,51667	49,99
17,53333	50,00
17,55000	50,00
17,56667	50,00
17,58333	50,00
17,60000	50,00
17,61667	50,00
17,63333	50,00
17,65000	50,00
17,66667	50,00
17,68333	50,00
17,70000	50,00
17,71667	50,00
17,73333	50,00
17,75000	50,00
17,76667	50,00
17,78333	50,00
17,80000	50,00
17,81667	50,00
17,83333	50,00
17,85000	50,00
17,86667	50,00
17,88333	50,00
17,90000	50,00
17,91667	50,00
17,93333	50,00
17,95000	50,00
17,96667	50,00
17,98333	50,00
18,00000	50,00
18,01667	50,00
18,03333	50,00
18,05000	50,00
18,06667	50,00
18,08333	50,00
18,10000	50,00
18,11667	50,00
18,13333	49,99
18,15000	49,99
18,16667	49,99
18,18333	49,99
18,20000	49,99
18,21667	49,99
18,23333	49,99
18,25000	49,99
18,26667	49,99
18,28333	49,99
18,30000	49,99
18,31667	49,99
18,33333	49,99
18,35000	49,99
18,36667	49,99
18,38333	49,99
18,40000	49,99
18,41667	49,99
18,43333	49,99
18,45000	50,00
18,46667	50,00
18,48333	50,00
18,50000	50,00
18,51667	50,00
18,53333	50,00
18,55000	50,00
18,56667	50,00
18,58333	50,00
18,60000	50,00
18,61667	50,00
18,63333	50,00
18,65000	50,00
18,66667	50,00
18,68333	50,00
18,70000	50,00
18,71667	50,00
18,73333	50,00
18,75000	50,00
18,76667	50,00
18,78333	50,00
18,80000	50,00
18,81667	50,00
18,83333	50,00
18,85000	50,00
18,86667	50,00
18,88333	50,00
18,90000	50,00
18,91667	50,00
18,93333	50,00
18,95000	50,00
18,96667	50,00
18,98333	50,00
19,00000	50,00
19,01667	50,00
19,03333	50,00
19,05000	50,00
19,06667	50,00
19,08333	49,99
19,10000	49,99
19,11667	49,99
19,13333	49,99
19,15000	49,99
19,16667	49,99
19,18333	49,99
19,20000	49,99
19,21667	49,99
19,23333	49,99
19,25000	49,99
19,26667	49,99
19,28333	49,99
19,30000	49,99
19,31667	49,99
19,33333	49,99
19,35000	49,99
19,36667	49,99
19,38333	49,99
19,40000	49,99
19,41667	49,99
19,43333	49,99
19,45000	50,00
19,46667	50,00
19,48333	50,00
19,50000	50,00
19,51667	50,00
19,53333	50,00
19,55000	50,00
19,56667	50,00
19,58333	50,00
19,60000	50,00
19,61667	50,00
19,63333	50,00
19,65000	50,00
19,66667	50,00
19,68333	50,00
19,70000	50,00
19,71667	49,99
19,73333	49,99
19,75000	49,99
19,76667	49,99
19,78333	49,99
19,80000	49,99
19,81667	49,99
19,83333	49,99
19,85000	49,99
19,86667	49,99
19,88333	49,99
19,90000	49,99
19,91667	49,99
19,93333	49,99
19,95000	50,00
19,96667	50,00
19,98333	50,00
20,00000	50,00
20,01667	50,00
20,03333	50,00
20,05000	50,00
20,06667	50,00
20,08333	50,00
20,10000	50,00
20,11667	50,00
20,13333	50,00
20,15000	50,00
20,16667	50,00
20,18333	50,00
20,20000	50,00
20,21667	50,00
20,23333	50,00
20,25000	50,00
20,26667	50,00
20,28333	50,00
20,30000	50,00
20,31667	50,00
20,33333	50,00
20,35000	50,00
20,36667	50,00
20,38333	50,00
20,40000	50,00
20,41667	50,00
20,43333	50,00
20,45000	50,00
20,46667	49,99
20,48333	49,99
20,50000	49,99
20,51667	49,99
20,53333	49,99
20,55000	49,99
20,56667	49,99
20,58333	49,99
20,60000	49,99
20,61667	49,99
20,63333	49,99
20,65000	49,99
20,66667	49,99
20,68333	49,99
20,70000	49,99
20,71667	49,99
20,73333	49,99
20,75000	49,99
20,76667	49,99
20,78333	49,99
20,80000	49,99
20,81667	49,99
20,83333	49,99
20,85000	49,99
20,86667	49,99
20,88333	49,99
20,90000	49,99
20,91667	49,99
20,93333	49,99
20,95000	49,99
20,96667	49,99
20,98333	50,00
21,00000	50,00
21,01667	50,00
21,03333	50,00
21,05000	50,00
21,06667	50,00
21,08333	50,00
21,10000	50,00
21,11667	50,00
21,13333	50,00
21,15000	50,00
21,16667	50,00
21,18333	50,00
21,20000	50,00
21,21667	50,00
21,23333	50,00
21,25000	50,00
21,26667	50,00
21,28333	50,00
21,30000	50,00
21,31667	50,00
21,33333	50,00
21,35000	50,00
21,36667	50,00
21,38333	50,00
21,40000	50,00
21,41667	50,00
21,43333	50,00
21,45000	50,00
21,46667	50,00
21,48333	50,00
21,50000	50,00
21,51667	50,00
21,53333	50,00
21,55000	50,00
21,56667	50,00
21,58333	50,00
21,60000	50,00
21,61667	50,00
21,63333	50,00
21,65000	50,00
21,66667	50,00
21,68333	50,00
21,70000	50,00
21,71667	50,00
21,73333	50,00
21,75000	50,00
21,76667	50,00
21,78333	50,00
21,80000	50,00
21,81667	50,00
21,83333	50,00
21,85000	50,00
21,86667	50,00
21,88333	50,00
21,90000	50,00
21,91667	50,00
21,93333	50,00
21,95000	50,00
21,96667	50,00
21,98333	50,00
22,00000	50,00
22,01667	50,00
22,03333	50,00
22,05000	50,00
22,06667	50,00
22,08333	50,00
22,10000	50,00
22,11667	50,00
22,13333	50,00
22,15000	50,00
22,16667	50,00
22,18333	50,00
22,20000	50,00
22,21667	50,00
22,23333	50,00
22,25000	50,00
22,26667	50,00
22,28333	50,00
22,30000	50,00
22,31667	50,00
22,33333	50,00
22,35000	50,00
22,36667	50,00
22,38333	50,00
22,40000	50,00
22,41667	49,99
22,43333	49,99
22,45000	49,99
22,46667	49,99
22,48333	49,99
22,50000	49,99
22,51667	49,99
22,53333	49,99
22,55000	49,99
22,56667	49,99
22,58333	49,99
22,60000	49,99
22,61667	49,99
22,63333	49,99
22,65000	49,99
22,66667	49,99
22,68333	49,99
22,70000	50,00
22,71667	50,00
22,73333	50,00
22,75000	50,00
22,76667	50,00
22,78333	50,00
22,80000	50,00
22,81667	50,00
22,83333	50,00
22,85000	50,00
22,86667	50,00
22,88333	50,00
22,90000	50,00
22,91667	50,00
22,93333	50,00
22,95000	50,00
22,96667	50,00
22,98333	50,00
23,00000	50,00
23,01667	50,00
23,03333	50,00
23,05000	50,00
23,06667	50,00
23,08333	50,00
23,10000	50,00
23,11667	50,00
23,13333	50,00
23,15000	50,00
23,16667	50,00
23,18333	50,00
23,20000	50,00
23,21667	50,00
23,23333	50,00
23,25000	50,00
23,26667	50,00
23,28333	50,00
23,30000	50,00
23,31667	50,00
23,33333	50,00
23,35000	50,00
23,36667	50,00
23,38333	50,00
23,40000	50,00
23,41667	50,00
23,43333	50,00
23,45000	50,00
23,46667	49,99
23,48333	49,99
23,50000	49,99
23,51667	49,99
23,53333	49,99
23,55000	49,99
23,56667	49,99
23,58333	49,99
23,60000	49,99
23,61667	49,99
23,63333	49,99
23,65000	49,99
23,66667	49,99
23,68333	49,99
23,70000	49,99
23,71667	49,99
23,73333	49,99
23,75000	49,99
23,76667	49,99
23,78333	49,99
23,80000	49,99
23,81667	50,00
23,83333	50,00
23,85000	50,00
23,86667	50,00
23,88333	50,00
23,90000	50,00
23,91667	50,00
23,93333	50,00
23,95000	50,00
23,96667	50,00
23,98333	50,00
24,00000	50,00
24,01667	50,00
24,03333	50,00
24,05000	50,00
24,06667	50,00
24,08333	50,00
24,10000	50,00
24,11667	50,00
24,13333	50,00
24,15000	50,00
24,16667	50,00
24,18333	50,00
24,20000	50,00
24,21667	50,00
24,23333	50,00
24,25000	50,00
24,26667	50,00
24,28333	50,00
24,30000	50,00
24,31667	50,00
24,33333	50,00
24,35000	50,00
24,36667	50,00
24,38333	50,00
24,40000	50,00
24,41667	50,00
24,43333	50,00
24,45000	50,00
24,46667	50,00
24,48333	50,00
24,50000	50,00
24,51667	50,00
24,53333	50,00
24,55000	50,00
24,56667	50,00
24,58333	50,00
24,60000	50,00
24,61667	50,00
24,63333	50,00
24,65000	50,00
24,66667	50,00
24,68333	50,00
24,70000	50,00
24,71667	50,00
24,73333	50,00
24,75000	50,00
24,76667	50,00
24,78333	50,00
24,80000	50,00
24,81667	50,00
24,83333	50,00
24,85000	50,00
24,86667	50,00
24,88333	50,00
24,90000	50,00
24,91667	50,00
24,93333	50,00
24,95000	50,00
24,96667	50,00
24,98333	50,00
25,00000	50,00
25,01667	50,00
25,03333	50,00
25,05000	50,00
25,06667	50,00
25,08333	50,00
25,10000	50,00
25,11667	50,00
25,13333	50,00
25,15000	50,00
25,16667	50,00
25,18333	50,00
25,20000	50,00
25,21667	50,00
25,23333	50,00
25,25000	50,00
25,26667	50,00
25,28333	50,00
25,30000	50,00
25,31667	50,00
25,33333	50,00
25,35000	50,00
25,36667	50,00
25,38333	50,00
25,40000	50,00
25,41667	50,00
25,43333	50,00
25,45000	50,00
25,46667	50,00
25,48333	50,00
25,50000	50,00
25,51667	50,00
25,53333	50,00
25,55000	50,00
25,56667	50,00
25,58333	50,00
25,60000	50,00
25,61667	50,00
25,63333	50,00
25,65000	50,00
25,66667	50,00
25,68333	50,00
25,70000	50,00
25,71667	50,00
25,73333	50,00
25,75000	50,00
25,76667	50,00
25,78333	50,00
25,80000	50,00
25,81667	50,00
25,83333	50,00
25,85000	50,00
25,86667	50,00
25,88333	50,00
25,90000	50,00
25,91667	50,00
25,93333	50,00
25,95000	50,00
25,96667	50,00
25,98333	50,00
26,00000	50,00
26,01667	50,00
26,03333	50,00
26,05000	50,00
26,06667	50,00
26,08333	50,00
26,10000	50,00
26,11667	50,00
26,13333	50,00
26,15000	50,00
26,16667	50,00
26,18333	50,00
26,20000	50,00
26,21667	50,00
26,23333	50,00
26,25000	50,00
26,26667	50,00
26,28333	50,00
26,30000	50,00
26,31667	50,00
26,33333	50,00
26,35000	50,00
26,36667	50,00
26,38333	50,00
26,40000	50,00
26,41667	50,00
26,43333	50,00
26,45000	50,00
26,46667	50,00
26,48333	50,00
26,50000	50,00
26,51667	50,00
26,53333	50,00
26,55000	50,00
26,56667	50,00
26,58333	50,00
26,60000	50,00
26,61667	50,00
26,63333	50,00
26,65000	50,00
26,66667	50,00
26,68333	50,00
26,70000	50,00
26,71667	50,00
26,73333	50,00
26,75000	50,00
26,76667	50,00
26,78333	50,00
26,80000	50,00
26,81667	50,00
26,83333	50,00
26,85000	50,00
26,86667	50,00
26,88333	50,00
26,90000	50,00
26,91667	50,00
26,93333	50,00
26,95000	50,00
26,96667	50,00
26,98333	50,00
27,00000	50,00
27,01667	50,00
27,03333	50,00
27,05000	50,00
27,06667	50,00
27,08333	50,00
27,10000	50,00
27,11667	50,00
27,13333	50,00
27,15000	50,00
27,16667	50,00
27,18333	50,00
27,20000	50,00
27,21667	50,00
27,23333	50,00
27,25000	50,00
27,26667	50,00
27,28333	50,00
27,30000	50,00
27,31667	50,00
27,33333	50,00
27,35000	50,00
27,36667	50,00
27,38333	50,00
27,40000	50,00
27,41667	50,00
27,43333	50,00
27,45000	50,00
27,46667	50,00
27,48333	50,00
27,50000	50,00
27,51667	50,00
27,53333	50,00
27,55000	50,00
27,56667	50,00
27,58333	50,00
27,60000	50,00
27,61667	50,00
27,63333	50,00
27,65000	50,00
27,66667	50,00
27,68333	50,00
27,70000	50,00
27,71667	50,00
27,73333	50,00
27,75000	50,00
27,76667	50,00
27,78333	50,00
27,80000	50,00
27,81667	50,00
27,83333	50,00
27,85000	50,00
27,86667	50,00
27,88333	50,00
27,90000	50,00
27,91667	50,00
27,93333	50,00
27,95000	50,00
27,96667	50,00
27,98333	50,00
28,00000	50,00
28,01667	50,00
28,03333	50,00
28,05000	50,00
28,06667	50,00
28,08333	50,00
28,10000	50,00
28,11667	50,00
28,13333	50,00
28,15000	50,00
28,16667	50,00
28,18333	50,00
28,20000	50,00
28,21667	49,99
28,23333	50,00
28,25000	49,99
28,26667	49,99
28,28333	49,99
28,30000	49,99
28,31667	49,99
28,33333	49,99
28,35000	49,99
28,36667	49,99
28,38333	49,99
28,40000	49,99
28,41667	50,00
28,43333	50,00
28,45000	50,00
28,46667	50,00
28,48333	50,00
28,50000	50,00
28,51667	50,00
28,53333	50,00
28,55000	50,00
28,56667	50,00
28,58333	50,00
28,60000	50,00
28,61667	50,00
28,63333	50,00
28,65000	50,00
28,66667	50,00
28,68333	50,00
28,70000	50,00
28,71667	50,00
28,73333	50,00
28,75000	50,00
28,76667	50,00
28,78333	50,00
28,80000	50,00
28,81667	50,00
28,83333	50,00
28,85000	50,00
28,86667	50,00
28,88333	50,00
28,90000	50,00
28,91667	50,00
28,93333	50,00
28,95000	50,00
28,96667	49,99
28,98333	49,99
29,00000	49,99
29,01667	49,99
29,03333	49,99
29,05000	49,99
29,06667	49,99
29,08333	49,99
29,10000	49,99
29,11667	50,00
29,13333	50,00
29,15000	50,00
29,16667	50,00
29,18333	50,00
29,20000	50,00
29,21667	50,00
29,23333	50,00
29,25000	50,00
29,26667	50,00
29,28333	50,00
29,30000	50,00
29,31667	50,00
29,33333	50,00
29,35000	50,00
29,36667	50,00
29,38333	50,00
29,40000	50,00
29,41667	50,00
29,43333	50,00
29,45000	50,00
29,46667	50,00
29,48333	50,00
29,50000	49,99
29,51667	49,99
29,53333	49,99
29,55000	49,99
29,56667	49,99
29,58333	49,99
29,60000	49,99
29,61667	49,99
29,63333	49,99
29,65000	49,99
29,66667	49,99
29,68333	49,99
29,70000	49,99
29,71667	49,99
29,73333	49,99
29,75000	49,99
29,76667	49,99
29,78333	49,99
29,80000	49,99
29,81667	49,99
29,83333	49,99
29,85000	49,99
29,86667	49,99
29,88333	49,99
29,90000	49,99
29,91667	49,99
29,93333	49,99
29,95000	49,99
29,96667	49,99
29,98333	49,99
30,00000	49,99
30,01667	49,99
30,03333	49,99
30,05000	49,99
30,06667	49,99
30,08333	49,99
30,10000	49,99
30,11667	49,99
30,13333	49,99
30,15000	49,99
30,16667	49,99
30,18333	49,99
30,20000	49,99
30,21667	49,99
30,23333	49,99
30,25000	49,99
30,26667	49,99
30,28333	49,99
30,30000	49,99
30,31667	49,99
30,33333	49,99
30,35000	49,99
30,36667	49,99
30,38333	49,99
30,40000	49,99
30,41667	49,99
30,43333	49,99
30,45000	49,99
30,46667	49,99
30,48333	49,99
30,50000	49,99
30,51667	49,99
30,53333	49,99
30,55000	49,99
30,56667	49,99
30,58333	49,99
30,60000	49,99
30,61667	49,99
30,63333	49,99
30,65000	49,99
30,66667	49,99
30,68333	49,99
30,70000	49,99
30,71667	49,99
30,73333	49,99
30,75000	49,99
30,76667	50,00
30,78333	50,00
30,80000	50,00
30,81667	50,00
30,83333	50,00
30,85000	50,00
30,86667	50,00
30,88333	50,00
30,90000	50,00
30,91667	50,00
30,93333	50,00
30,95000	49,99
30,96667	49,99
30,98333	49,99
31,00000	49,99
31,01667	49,99
31,03333	49,99
31,05000	49,99
31,06667	49,99
31,08333	49,99
31,10000	49,99
31,11667	49,99
31,13333	49,99
31,15000	49,99
31,16667	49,99
31,18333	49,99
31,20000	49,99
31,21667	49,99
31,23333	49,99
31,25000	49,99
31,26667	49,99
31,28333	49,99
31,30000	49,99
31,31667	49,99
31,33333	49,99
31,35000	49,99
31,36667	49,99
31,38333	49,99
31,40000	49,99
31,41667	49,99
31,43333	49,99
31,45000	49,99
31,46667	49,99
31,48333	49,99
31,50000	49,99
31,51667	49,99
31,53333	49,99
31,55000	49,99
31,56667	49,99
31,58333	49,99
31,60000	49,99
31,61667	49,99
31,63333	49,99
31,65000	49,99
31,66667	49,99
31,68333	49,99
31,70000	49,99
31,71667	49,99
31,73333	49,99
31,75000	49,99
31,76667	49,99
31,78333	49,99
31,80000	49,99
31,81667	49,99
31,83333	49,99
31,85000	49,99
31,86667	49,99
31,88333	49,99
31,90000	49,99
31,91667	49,99
31,93333	49,99
31,95000	49,99
31,96667	49,99
31,98333	49,99
32,00000	49,99

[LC Status Trace(PDA Optical Unit Temp.)]
Interval(msec)	1000
# of Points	1921
Start Time(min)	0,000
End Time(min)	32,000
Intensity Units	C
Intensity Multiplier	1
R.Time (min)	Intensity
0,00000	47,01
0,01667	47,01
0,03333	47,01
0,05000	47,01
0,06667	47,01
0,08333	47,01
0,10000	47,01
0,11667	47,01
0,13333	47,01
0,15000	47,01
0,16667	47,01
0,18333	47,01
0,20000	47,01
0,21667	47,01
0,23333	47,01
0,25000	47,01
0,26667	47,01
0,28333	47,01
0,30000	47,01
0,31667	47,01
0,33333	47,01
0,35000	47,01
0,36667	47,01
0,38333	47,01
0,40000	47,01
0,41667	47,01
0,43333	47,01
0,45000	47,01
0,46667	47,01
0,48333	47,01
0,50000	47,01
0,51667	47,01
0,53333	47,01
0,55000	47,01
0,56667	47,01
0,58333	47,01
0,60000	47,01
0,61667	47,01
0,63333	47,01
0,65000	47,01
0,66667	47,01
0,68333	47,01
0,70000	47,01
0,71667	47,01
0,73333	47,01
0,75000	47,01
0,76667	47,01
0,78333	47,01
0,80000	47,01
0,81667	47,01
0,83333	47,01
0,85000	47,01
0,86667	47,01
0,88333	47,01
0,90000	47,01
0,91667	47,01
0,93333	47,01
0,95000	47,01
0,96667	47,01
0,98333	47,01
1,00000	47,01
1,01667	47,01
1,03333	47,01
1,05000	47,01
1,06667	47,01
1,08333	47,01
1,10000	47,01
1,11667	47,01
1,13333	47,01
1,15000	47,01
1,16667	47,01
1,18333	47,01
1,20000	47,01
1,21667	47,01
1,23333	47,01
1,25000	47,01
1,26667	47,01
1,28333	47,01
1,30000	47,01
1,31667	47,01
1,33333	47,01
1,35000	47,01
1,36667	47,01
1,38333	47,01
1,40000	47,01
1,41667	47,01
1,43333	47,01
1,45000	47,01
1,46667	47,01
1,48333	47,01
1,50000	47,01
1,51667	47,01
1,53333	47,01
1,55000	47,01
1,56667	47,01
1,58333	47,01
1,60000	47,01
1,61667	47,01
1,63333	47,01
1,65000	47,01
1,66667	47,01
1,68333	47,01
1,70000	47,01
1,71667	47,01
1,73333	47,01
1,75000	47,01
1,76667	47,01
1,78333	47,01
1,80000	47,01
1,81667	47,01
1,83333	47,01
1,85000	47,01
1,86667	47,01
1,88333	47,01
1,90000	47,01
1,91667	47,01
1,93333	47,01
1,95000	47,01
1,96667	47,01
1,98333	47,01
2,00000	47,01
2,01667	47,01
2,03333	47,01
2,05000	47,01
2,06667	47,01
2,08333	47,01
2,10000	47,01
2,11667	47,01
2,13333	47,01
2,15000	47,01
2,16667	47,01
2,18333	47,01
2,20000	47,01
2,21667	47,01
2,23333	47,01
2,25000	47,01
2,26667	47,01
2,28333	47,01
2,30000	47,01
2,31667	47,01
2,33333	47,01
2,35000	47,01
2,36667	47,01
2,38333	47,01
2,40000	47,01
2,41667	47,01
2,43333	47,01
2,45000	47,01
2,46667	47,01
2,48333	47,01
2,50000	47,01
2,51667	47,01
2,53333	47,01
2,55000	47,01
2,56667	47,01
2,58333	47,01
2,60000	47,01
2,61667	47,01
2,63333	47,01
2,65000	47,01
2,66667	47,01
2,68333	47,01
2,70000	47,01
2,71667	47,01
2,73333	47,01
2,75000	47,01
2,76667	47,01
2,78333	47,01
2,80000	47,01
2,81667	47,01
2,83333	47,01
2,85000	47,01
2,86667	47,01
2,88333	47,01
2,90000	47,01
2,91667	47,01
2,93333	47,01
2,95000	47,01
2,96667	47,01
2,98333	47,01
3,00000	47,01
3,01667	47,01
3,03333	47,01
3,05000	47,01
3,06667	47,01
3,08333	47,01
3,10000	47,01
3,11667	47,01
3,13333	47,01
3,15000	47,01
3,16667	47,01
3,18333	47,01
3,20000	47,01
3,21667	47,01
3,23333	47,01
3,25000	47,01
3,26667	47,01
3,28333	47,01
3,30000	47,01
3,31667	47,01
3,33333	47,01
3,35000	47,01
3,36667	47,01
3,38333	47,01
3,40000	47,01
3,41667	47,01
3,43333	47,01
3,45000	47,01
3,46667	47,01
3,48333	47,01
3,50000	47,01
3,51667	47,01
3,53333	47,01
3,55000	47,01
3,56667	47,01
3,58333	47,01
3,60000	47,01
3,61667	47,01
3,63333	47,01
3,65000	47,01
3,66667	47,01
3,68333	47,01
3,70000	47,01
3,71667	47,01
3,73333	47,01
3,75000	47,01
3,76667	47,01
3,78333	47,01
3,80000	47,01
3,81667	47,01
3,83333	47,01
3,85000	47,01
3,86667	47,01
3,88333	47,01
3,90000	47,01
3,91667	47,01
3,93333	47,01
3,95000	47,01
3,96667	47,01
3,98333	47,01
4,00000	47,01
4,01667	47,01
4,03333	47,01
4,05000	47,01
4,06667	47,01
4,08333	47,01
4,10000	47,01
4,11667	47,01
4,13333	47,01
4,15000	47,01
4,16667	47,01
4,18333	47,01
4,20000	47,01
4,21667	47,01
4,23333	47,01
4,25000	47,01
4,26667	47,01
4,28333	47,01
4,30000	47,01
4,31667	47,01
4,33333	47,01
4,35000	47,01
4,36667	47,01
4,38333	47,01
4,40000	47,01
4,41667	47,01
4,43333	47,01
4,45000	47,01
4,46667	47,01
4,48333	47,01
4,50000	47,01
4,51667	47,01
4,53333	47,01
4,55000	47,01
4,56667	47,01
4,58333	47,01
4,60000	47,01
4,61667	47,01
4,63333	47,01
4,65000	47,01
4,66667	47,01
4,68333	47,01
4,70000	47,01
4,71667	47,01
4,73333	47,01
4,75000	47,01
4,76667	47,01
4,78333	47,01
4,80000	47,01
4,81667	47,01
4,83333	47,01
4,85000	47,01
4,86667	47,01
4,88333	47,01
4,90000	47,01
4,91667	47,01
4,93333	47,01
4,95000	47,01
4,96667	47,01
4,98333	47,01
5,00000	47,01
5,01667	47,01
5,03333	47,01
5,05000	47,01
5,06667	47,01
5,08333	47,01
5,10000	47,01
5,11667	47,01
5,13333	47,01
5,15000	47,01
5,16667	47,01
5,18333	47,01
5,20000	47,01
5,21667	47,01
5,23333	47,01
5,25000	47,01
5,26667	47,01
5,28333	47,01
5,30000	47,01
5,31667	47,01
5,33333	47,01
5,35000	47,01
5,36667	47,01
5,38333	47,01
5,40000	47,01
5,41667	47,01
5,43333	47,01
5,45000	47,01
5,46667	47,01
5,48333	47,01
5,50000	47,01
5,51667	47,01
5,53333	47,01
5,55000	47,01
5,56667	47,01
5,58333	47,01
5,60000	47,01
5,61667	47,01
5,63333	47,01
5,65000	47,01
5,66667	47,01
5,68333	47,01
5,70000	47,01
5,71667	47,01
5,73333	47,01
5,75000	47,01
5,76667	47,01
5,78333	47,01
5,80000	47,01
5,81667	47,01
5,83333	47,01
5,85000	47,01
5,86667	47,01
5,88333	47,01
5,90000	47,01
5,91667	47,01
5,93333	47,01
5,95000	47,01
5,96667	47,01
5,98333	47,01
6,00000	47,01
6,01667	47,01
6,03333	47,01
6,05000	47,01
6,06667	47,01
6,08333	47,01
6,10000	47,01
6,11667	47,01
6,13333	47,01
6,15000	47,01
6,16667	47,01
6,18333	47,01
6,20000	47,01
6,21667	47,01
6,23333	47,01
6,25000	47,01
6,26667	47,01
6,28333	47,01
6,30000	47,01
6,31667	47,01
6,33333	47,01
6,35000	47,01
6,36667	47,01
6,38333	47,01
6,40000	47,01
6,41667	47,01
6,43333	47,01
6,45000	47,01
6,46667	47,01
6,48333	47,01
6,50000	47,01
6,51667	47,01
6,53333	47,01
6,55000	47,01
6,56667	47,01
6,58333	47,01
6,60000	47,01
6,61667	47,01
6,63333	47,01
6,65000	47,01
6,66667	47,01
6,68333	47,01
6,70000	47,01
6,71667	47,01
6,73333	47,01
6,75000	47,01
6,76667	47,01
6,78333	47,01
6,80000	47,01
6,81667	47,01
6,83333	47,01
6,85000	47,01
6,86667	47,01
6,88333	47,01
6,90000	47,01
6,91667	47,01
6,93333	47,01
6,95000	47,01
6,96667	47,01
6,98333	47,01
7,00000	47,01
7,01667	47,01
7,03333	47,01
7,05000	47,01
7,06667	47,01
7,08333	47,01
7,10000	47,01
7,11667	47,01
7,13333	47,01
7,15000	47,01
7,16667	47,01
7,18333	47,01
7,20000	47,01
7,21667	47,01
7,23333	47,01
7,25000	47,01
7,26667	47,01
7,28333	47,01
7,30000	47,01
7,31667	47,01
7,33333	47,01
7,35000	47,01
7,36667	47,01
7,38333	47,01
7,40000	47,01
7,41667	47,01
7,43333	47,01
7,45000	47,01
7,46667	47,01
7,48333	47,01
7,50000	47,01
7,51667	47,01
7,53333	47,01
7,55000	47,01
7,56667	47,01
7,58333	47,01
7,60000	47,01
7,61667	47,01
7,63333	47,01
7,65000	47,01
7,66667	47,01
7,68333	47,01
7,70000	47,01
7,71667	47,01
7,73333	47,01
7,75000	47,01
7,76667	47,01
7,78333	47,01
7,80000	47,01
7,81667	47,01
7,83333	47,01
7,85000	47,01
7,86667	47,01
7,88333	47,01
7,90000	47,01
7,91667	47,01
7,93333	47,01
7,95000	47,01
7,96667	47,01
7,98333	47,01
8,00000	47,01
8,01667	47,01
8,03333	47,01
8,05000	47,01
8,06667	47,01
8,08333	47,01
8,10000	47,01
8,11667	47,01
8,13333	47,01
8,15000	47,01
8,16667	47,01
8,18333	47,01
8,20000	47,01
8,21667	47,01
8,23333	47,01
8,25000	47,01
8,26667	47,01
8,28333	47,01
8,30000	47,01
8,31667	47,01
8,33333	47,01
8,35000	47,01
8,36667	47,01
8,38333	47,01
8,40000	47,01
8,41667	47,01
8,43333	47,01
8,45000	47,01
8,46667	47,01
8,48333	47,01
8,50000	47,01
8,51667	47,01
8,53333	47,01
8,55000	47,01
8,56667	47,01
8,58333	47,01
8,60000	47,01
8,61667	47,01
8,63333	47,01
8,65000	47,01
8,66667	47,01
8,68333	47,01
8,70000	47,01
8,71667	47,01
8,73333	47,01
8,75000	47,01
8,76667	47,01
8,78333	47,01
8,80000	47,01
8,81667	47,01
8,83333	47,01
8,85000	47,01
8,86667	47,01
8,88333	47,01
8,90000	47,01
8,91667	47,01
8,93333	47,02
8,95000	47,02
8,96667	47,02
8,98333	47,02
9,00000	47,02
9,01667	47,02
9,03333	47,02
9,05000	47,02
9,06667	47,02
9,08333	47,02
9,10000	47,02
9,11667	47,02
9,13333	47,02
9,15000	47,02
9,16667	47,02
9,18333	47,01
9,20000	47,01
9,21667	47,01
9,23333	47,01
9,25000	47,01
9,26667	47,01
9,28333	47,01
9,30000	47,01
9,31667	47,01
9,33333	47,01
9,35000	47,01
9,36667	47,01
9,38333	47,02
9,40000	47,01
9,41667	47,01
9,43333	47,02
9,45000	47,02
9,46667	47,02
9,48333	47,02
9,50000	47,02
9,51667	47,02
9,53333	47,02
9,55000	47,02
9,56667	47,01
9,58333	47,02
9,60000	47,01
9,61667	47,01
9,63333	47,01
9,65000	47,01
9,66667	47,01
9,68333	47,01
9,70000	47,01
9,71667	47,01
9,73333	47,01
9,75000	47,01
9,76667	47,01
9,78333	47,01
9,80000	47,01
9,81667	47,01
9,83333	47,01
9,85000	47,01
9,86667	47,01
9,88333	47,01
9,90000	47,01
9,91667	47,01
9,93333	47,01
9,95000	47,01
9,96667	47,01
9,98333	47,01
10,00000	47,01
10,01667	47,01
10,03333	47,02
10,05000	47,01
10,06667	47,01
10,08333	47,02
10,10000	47,01
10,11667	47,01
10,13333	47,01
10,15000	47,02
10,16667	47,01
10,18333	47,01
10,20000	47,02
10,21667	47,01
10,23333	47,02
10,25000	47,02
10,26667	47,02
10,28333	47,02
10,30000	47,02
10,31667	47,02
10,33333	47,02
10,35000	47,02
10,36667	47,02
10,38333	47,02
10,40000	47,02
10,41667	47,02
10,43333	47,02
10,45000	47,02
10,46667	47,02
10,48333	47,02
10,50000	47,01
10,51667	47,02
10,53333	47,02
10,55000	47,02
10,56667	47,01
10,58333	47,02
10,60000	47,01
10,61667	47,01
10,63333	47,01
10,65000	47,01
10,66667	47,01
10,68333	47,01
10,70000	47,01
10,71667	47,01
10,73333	47,01
10,75000	47,01
10,76667	47,01
10,78333	47,01
10,80000	47,01
10,81667	47,01
10,83333	47,01
10,85000	47,02
10,86667	47,01
10,88333	47,01
10,90000	47,01
10,91667	47,01
10,93333	47,01
10,95000	47,01
10,96667	47,01
10,98333	47,01
11,00000	47,01
11,01667	47,01
11,03333	47,01
11,05000	47,01
11,06667	47,01
11,08333	47,01
11,10000	47,01
11,11667	47,01
11,13333	47,01
11,15000	47,01
11,16667	47,01
11,18333	47,01
11,20000	47,01
11,21667	47,01
11,23333	47,01
11,25000	47,01
11,26667	47,01
11,28333	47,01
11,30000	47,01
11,31667	47,01
11,33333	47,01
11,35000	47,01
11,36667	47,01
11,38333	47,01
11,40000	47,01
11,41667	47,01
11,43333	47,01
11,45000	47,01
11,46667	47,01
11,48333	47,01
11,50000	47,02
11,51667	47,01
11,53333	47,02
11,55000	47,02
11,56667	47,02
11,58333	47,01
11,60000	47,01
11,61667	47,01
11,63333	47,02
11,65000	47,01
11,66667	47,01
11,68333	47,01
11,70000	47,01
11,71667	47,01
11,73333	47,01
11,75000	47,01
11,76667	47,01
11,78333	47,01
11,80000	47,01
11,81667	47,01
11,83333	47,01
11,85000	47,01
11,86667	47,01
11,88333	47,01
11,90000	47,01
11,91667	47,01
11,93333	47,01
11,95000	47,01
11,96667	47,01
11,98333	47,01
12,00000	47,01
12,01667	47,01
12,03333	47,01
12,05000	47,01
12,06667	47,01
12,08333	47,01
12,10000	47,01
12,11667	47,01
12,13333	47,01
12,15000	47,01
12,16667	47,01
12,18333	47,01
12,20000	47,01
12,21667	47,01
12,23333	47,01
12,25000	47,01
12,26667	47,01
12,28333	47,01
12,30000	47,01
12,31667	47,01
12,33333	47,01
12,35000	47,01
12,36667	47,01
12,38333	47,01
12,40000	47,01
12,41667	47,01
12,43333	47,01
12,45000	47,01
12,46667	47,01
12,48333	47,01
12,50000	47,01
12,51667	47,01
12,53333	47,01
12,55000	47,01
12,56667	47,01
12,58333	47,01
12,60000	47,01
12,61667	47,01
12,63333	47,01
12,65000	47,01
12,66667	47,01
12,68333	47,01
12,70000	47,01
12,71667	47,01
12,73333	47,01
12,75000	47,01
12,76667	47,01
12,78333	47,01
12,80000	47,01
12,81667	47,01
12,83333	47,01
12,85000	47,01
12,86667	47,01
12,88333	47,01
12,90000	47,01
12,91667	47,01
12,93333	47,01
12,95000	47,01
12,96667	47,01
12,98333	47,01
13,00000	47,01
13,01667	47,01
13,03333	47,01
13,05000	47,01
13,06667	47,01
13,08333	47,01
13,10000	47,01
13,11667	47,01
13,13333	47,01
13,15000	47,01
13,16667	47,01
13,18333	47,01
13,20000	47,01
13,21667	47,01
13,23333	47,01
13,25000	47,01
13,26667	47,01
13,28333	47,01
13,30000	47,01
13,31667	47,01
13,33333	47,01
13,35000	47,01
13,36667	47,01
13,38333	47,01
13,40000	47,01
13,41667	47,01
13,43333	47,01
13,45000	47,01
13,46667	47,01
13,48333	47,01
13,50000	47,01
13,51667	47,01
13,53333	47,01
13,55000	47,01
13,56667	47,01
13,58333	47,01
13,60000	47,01
13,61667	47,01
13,63333	47,01
13,65000	47,01
13,66667	47,01
13,68333	47,01
13,70000	47,01
13,71667	47,01
13,73333	47,01
13,75000	47,01
13,76667	47,01
13,78333	47,01
13,80000	47,01
13,81667	47,01
13,83333	47,01
13,85000	47,01
13,86667	47,01
13,88333	47,01
13,90000	47,01
13,91667	47,01
13,93333	47,01
13,95000	47,01
13,96667	47,01
13,98333	47,01
14,00000	47,01
14,01667	47,01
14,03333	47,01
14,05000	47,01
14,06667	47,01
14,08333	47,01
14,10000	47,01
14,11667	47,01
14,13333	47,01
14,15000	47,01
14,16667	47,01
14,18333	47,01
14,20000	47,01
14,21667	47,01
14,23333	47,01
14,25000	47,01
14,26667	47,01
14,28333	47,01
14,30000	47,01
14,31667	47,01
14,33333	47,01
14,35000	47,01
14,36667	47,01
14,38333	47,01
14,40000	47,01
14,41667	47,01
14,43333	47,01
14,45000	47,01
14,46667	47,01
14,48333	47,01
14,50000	47,01
14,51667	47,01
14,53333	47,01
14,55000	47,01
14,56667	47,01
14,58333	47,01
14,60000	47,01
14,61667	47,01
14,63333	47,01
14,65000	47,01
14,66667	47,01
14,68333	47,01
14,70000	47,01
14,71667	47,01
14,73333	47,01
14,75000	47,01
14,76667	47,01
14,78333	47,01
14,80000	47,01
14,81667	47,01
14,83333	47,01
14,85000	47,01
14,86667	47,01
14,88333	47,01
14,90000	47,01
14,91667	47,01
14,93333	47,01
14,95000	47,01
14,96667	47,01
14,98333	47,01
15,00000	47,01
15,01667	47,01
15,03333	47,01
15,05000	47,01
15,06667	47,01
15,08333	47,01
15,10000	47,01
15,11667	47,01
15,13333	47,01
15,15000	47,01
15,16667	47,01
15,18333	47,01
15,20000	47,01
15,21667	47,01
15,23333	47,01
15,25000	47,01
15,26667	47,01
15,28333	47,01
15,30000	47,01
15,31667	47,01
15,33333	47,01
15,35000	47,01
15,36667	47,01
15,38333	47,01
15,40000	47,01
15,41667	47,01
15,43333	47,01
15,45000	47,01
15,46667	47,01
15,48333	47,01
15,50000	47,01
15,51667	47,01
15,53333	47,01
15,55000	47,01
15,56667	47,01
15,58333	47,01
15,60000	47,01
15,61667	47,01
15,63333	47,01
15,65000	47,01
15,66667	47,01
15,68333	47,01
15,70000	47,01
15,71667	47,01
15,73333	47,01
15,75000	47,01
15,76667	47,01
15,78333	47,01
15,80000	47,01
15,81667	47,01
15,83333	47,01
15,85000	47,01
15,86667	47,01
15,88333	47,01
15,90000	47,01
15,91667	47,01
15,93333	47,01
15,95000	47,01
15,96667	47,01
15,98333	47,01
16,00000	47,01
16,01667	47,01
16,03333	47,01
16,05000	47,01
16,06667	47,01
16,08333	47,01
16,10000	47,01
16,11667	47,01
16,13333	47,01
16,15000	47,01
16,16667	47,01
16,18333	47,01
16,20000	47,01
16,21667	47,01
16,23333	47,01
16,25000	47,01
16,26667	47,01
16,28333	47,01
16,30000	47,01
16,31667	47,01
16,33333	47,01
16,35000	47,01
16,36667	47,01
16,38333	47,01
16,40000	47,01
16,41667	47,01
16,43333	47,01
16,45000	47,01
16,46667	47,01
16,48333	47,01
16,50000	47,01
16,51667	47,01
16,53333	47,01
16,55000	47,01
16,56667	47,01
16,58333	47,01
16,60000	47,01
16,61667	47,01
16,63333	47,01
16,65000	47,01
16,66667	47,01
16,68333	47,01
16,70000	47,01
16,71667	47,01
16,73333	47,01
16,75000	47,01
16,76667	47,01
16,78333	47,01
16,80000	47,01
16,81667	47,01
16,83333	47,01
16,85000	47,01
16,86667	47,01
16,88333	47,01
16,90000	47,01
16,91667	47,01
16,93333	47,01
16,95000	47,01
16,96667	47,01
16,98333	47,01
17,00000	47,01
17,01667	47,01
17,03333	47,01
17,05000	47,01
17,06667	47,01
17,08333	47,01
17,10000	47,01
17,11667	47,00
17,13333	47,00
17,15000	47,00
17,16667	47,00
17,18333	47,00
17,20000	47,00
17,21667	47,00
17,23333	47,00
17,25000	47,00
17,26667	47,00
17,28333	47,00
17,30000	47,00
17,31667	47,00
17,33333	47,01
17,35000	47,01
17,36667	47,01
17,38333	47,01
17,40000	47,01
17,41667	47,01
17,43333	47,01
17,45000	47,01
17,46667	47,01
17,48333	47,01
17,50000	47,01
17,51667	47,01
17,53333	47,01
17,55000	47,01
17,56667	47,01
17,58333	47,01
17,60000	47,01
17,61667	47,01
17,63333	47,01
17,65000	47,01
17,66667	47,01
17,68333	47,01
17,70000	47,01
17,71667	47,01
17,73333	47,01
17,75000	47,01
17,76667	47,00
17,78333	47,01
17,80000	47,00
17,81667	47,00
17,83333	47,00
17,85000	47,00
17,86667	47,01
17,88333	47,00
17,90000	47,01
17,91667	47,01
17,93333	47,01
17,95000	47,01
17,96667	47,01
17,98333	47,01
18,00000	47,01
18,01667	47,01
18,03333	47,01
18,05000	47,01
18,06667	47,01
18,08333	47,01
18,10000	47,01
18,11667	47,01
18,13333	47,01
18,15000	47,01
18,16667	47,00
18,18333	47,01
18,20000	47,01
18,21667	47,01
18,23333	47,01
18,25000	47,01
18,26667	47,01
18,28333	47,01
18,30000	47,01
18,31667	47,00
18,33333	47,00
18,35000	47,01
18,36667	47,00
18,38333	47,01
18,40000	47,01
18,41667	47,01
18,43333	47,01
18,45000	47,01
18,46667	47,01
18,48333	47,01
18,50000	47,01
18,51667	47,01
18,53333	47,01
18,55000	47,01
18,56667	47,01
18,58333	47,01
18,60000	47,01
18,61667	47,01
18,63333	47,01
18,65000	47,01
18,66667	47,01
18,68333	47,01
18,70000	47,01
18,71667	47,01
18,73333	47,01
18,75000	47,01
18,76667	47,01
18,78333	47,01
18,80000	47,01
18,81667	47,01
18,83333	47,01
18,85000	47,01
18,86667	47,01
18,88333	47,01
18,90000	47,01
18,91667	47,01
18,93333	47,01
18,95000	47,01
18,96667	47,01
18,98333	47,01
19,00000	47,01
19,01667	47,01
19,03333	47,01
19,05000	47,01
19,06667	47,01
19,08333	47,01
19,10000	47,01
19,11667	47,01
19,13333	47,01
19,15000	47,01
19,16667	47,01
19,18333	47,01
19,20000	47,01
19,21667	47,01
19,23333	47,00
19,25000	47,00
19,26667	47,01
19,28333	47,00
19,30000	47,00
19,31667	47,00
19,33333	47,00
19,35000	47,00
19,36667	47,00
19,38333	47,00
19,40000	47,00
19,41667	47,01
19,43333	47,01
19,45000	47,01
19,46667	47,01
19,48333	47,01
19,50000	47,01
19,51667	47,01
19,53333	47,01
19,55000	47,01
19,56667	47,01
19,58333	47,01
19,60000	47,01
19,61667	47,01
19,63333	47,01
19,65000	47,01
19,66667	47,01
19,68333	47,01
19,70000	47,01
19,71667	47,01
19,73333	47,01
19,75000	47,01
19,76667	47,00
19,78333	47,01
19,80000	47,01
19,81667	47,01
19,83333	47,01
19,85000	47,01
19,86667	47,01
19,88333	47,01
19,90000	47,01
19,91667	47,01
19,93333	47,01
19,95000	47,01
19,96667	47,01
19,98333	47,01
20,00000	47,01
20,01667	47,01
20,03333	47,01
20,05000	47,01
20,06667	47,01
20,08333	47,01
20,10000	47,01
20,11667	47,01
20,13333	47,01
20,15000	47,01
20,16667	47,01
20,18333	47,01
20,20000	47,01
20,21667	47,01
20,23333	47,01
20,25000	47,01
20,26667	47,01
20,28333	47,01
20,30000	47,01
20,31667	47,01
20,33333	47,01
20,35000	47,01
20,36667	47,01
20,38333	47,01
20,40000	47,01
20,41667	47,00
20,43333	47,00
20,45000	47,00
20,46667	47,00
20,48333	47,00
20,50000	47,00
20,51667	47,01
20,53333	47,00
20,55000	47,00
20,56667	47,00
20,58333	47,00
20,60000	47,00
20,61667	47,00
20,63333	47,00
20,65000	47,01
20,66667	47,01
20,68333	47,01
20,70000	47,01
20,71667	47,01
20,73333	47,01
20,75000	47,01
20,76667	47,01
20,78333	47,01
20,80000	47,01
20,81667	47,01
20,83333	47,00
20,85000	47,01
20,86667	47,00
20,88333	47,01
20,90000	47,00
20,91667	47,00
20,93333	47,00
20,95000	47,00
20,96667	47,00
20,98333	47,01
21,00000	47,00
21,01667	47,01
21,03333	47,01
21,05000	47,00
21,06667	47,00
21,08333	47,00
21,10000	47,00
21,11667	47,00
21,13333	47,00
21,15000	47,00
21,16667	47,00
21,18333	47,00
21,20000	47,00
21,21667	47,00
21,23333	47,00
21,25000	47,00
21,26667	47,01
21,28333	47,01
21,30000	47,00
21,31667	47,01
21,33333	47,01
21,35000	47,01
21,36667	47,01
21,38333	47,01
21,40000	47,01
21,41667	47,01
21,43333	47,01
21,45000	47,01
21,46667	47,01
21,48333	47,01
21,50000	47,01
21,51667	47,01
21,53333	47,01
21,55000	47,01
21,56667	47,01
21,58333	47,01
21,60000	47,01
21,61667	47,01
21,63333	47,01
21,65000	47,01
21,66667	47,01
21,68333	47,01
21,70000	47,01
21,71667	47,01
21,73333	47,01
21,75000	47,01
21,76667	47,01
21,78333	47,01
21,80000	47,01
21,81667	47,01
21,83333	47,01
21,85000	47,01
21,86667	47,00
21,88333	47,01
21,90000	47,01
21,91667	47,01
21,93333	47,01
21,95000	47,01
21,96667	47,01
21,98333	47,01
22,00000	47,01
22,01667	47,01
22,03333	47,01
22,05000	47,01
22,06667	47,00
22,08333	47,01
22,10000	47,01
22,11667	47,00
22,13333	47,01
22,15000	47,00
22,16667	47,00
22,18333	47,00
22,20000	47,01
22,21667	47,00
22,23333	47,00
22,25000	47,00
22,26667	47,01
22,28333	47,01
22,30000	47,01
22,31667	47,01
22,33333	47,01
22,35000	47,01
22,36667	47,01
22,38333	47,01
22,40000	47,01
22,41667	47,01
22,43333	47,01
22,45000	47,01
22,46667	47,01
22,48333	47,01
22,50000	47,01
22,51667	47,01
22,53333	47,01
22,55000	47,00
22,56667	47,00
22,58333	47,00
22,60000	47,00
22,61667	47,00
22,63333	47,00
22,65000	47,00
22,66667	47,00
22,68333	47,01
22,70000	47,00
22,71667	47,00
22,73333	47,00
22,75000	47,01
22,76667	47,01
22,78333	47,01
22,80000	47,01
22,81667	47,01
22,83333	47,01
22,85000	47,01
22,86667	47,01
22,88333	47,01
22,90000	47,01
22,91667	47,01
22,93333	47,01
22,95000	47,01
22,96667	47,01
22,98333	47,01
23,00000	47,01
23,01667	47,01
23,03333	47,01
23,05000	47,01
23,06667	47,01
23,08333	47,01
23,10000	47,01
23,11667	47,01
23,13333	47,01
23,15000	47,01
23,16667	47,01
23,18333	47,01
23,20000	47,01
23,21667	47,01
23,23333	47,00
23,25000	47,00
23,26667	47,00
23,28333	47,01
23,30000	47,00
23,31667	47,00
23,33333	47,01
23,35000	47,00
23,36667	47,00
23,38333	47,00
23,40000	47,00
23,41667	47,00
23,43333	47,00
23,45000	47,00
23,46667	47,00
23,48333	47,00
23,50000	47,01
23,51667	47,01
23,53333	47,00
23,55000	47,01
23,56667	47,00
23,58333	47,00
23,60000	47,00
23,61667	47,00
23,63333	47,01
23,65000	47,00
23,66667	47,00
23,68333	47,01
23,70000	47,00
23,71667	47,01
23,73333	47,01
23,75000	47,01
23,76667	47,01
23,78333	47,01
23,80000	47,01
23,81667	47,01
23,83333	47,01
23,85000	47,01
23,86667	47,01
23,88333	47,01
23,90000	47,01
23,91667	47,00
23,93333	47,01
23,95000	47,00
23,96667	47,00
23,98333	47,00
24,00000	47,00
24,01667	47,00
24,03333	47,00
24,05000	47,00
24,06667	47,00
24,08333	47,00
24,10000	47,01
24,11667	47,01
24,13333	47,01
24,15000	47,01
24,16667	47,01
24,18333	47,01
24,20000	47,01
24,21667	47,01
24,23333	47,01
24,25000	47,01
24,26667	47,01
24,28333	47,01
24,30000	47,01
24,31667	47,01
24,33333	47,01
24,35000	47,01
24,36667	47,01
24,38333	47,01
24,40000	47,01
24,41667	47,01
24,43333	47,01
24,45000	47,01
24,46667	47,01
24,48333	47,01
24,50000	47,01
24,51667	47,01
24,53333	47,01
24,55000	47,01
24,56667	47,01
24,58333	47,01
24,60000	47,01
24,61667	47,01
24,63333	47,01
24,65000	47,01
24,66667	47,01
24,68333	47,01
24,70000	47,01
24,71667	47,01
24,73333	47,01
24,75000	47,01
24,76667	47,01
24,78333	47,01
24,80000	47,01
24,81667	47,01
24,83333	47,01
24,85000	47,01
24,86667	47,01
24,88333	47,01
24,90000	47,01
24,91667	47,01
24,93333	47,01
24,95000	47,01
24,96667	47,01
24,98333	47,01
25,00000	47,01
25,01667	47,01
25,03333	47,01
25,05000	47,01
25,06667	47,01
25,08333	47,01
25,10000	47,01
25,11667	47,01
25,13333	47,01
25,15000	47,01
25,16667	47,01
25,18333	47,01
25,20000	47,01
25,21667	47,01
25,23333	47,01
25,25000	47,01
25,26667	47,01
25,28333	47,01
25,30000	47,01
25,31667	47,01
25,33333	47,01
25,35000	47,01
25,36667	47,01
25,38333	47,01
25,40000	47,01
25,41667	47,01
25,43333	47,01
25,45000	47,01
25,46667	47,00
25,48333	47,01
25,50000	47,00
25,51667	47,01
25,53333	47,01
25,55000	47,01
25,56667	47,01
25,58333	47,01
25,60000	47,01
25,61667	47,01
25,63333	47,01
25,65000	47,01
25,66667	47,01
25,68333	47,01
25,70000	47,01
25,71667	47,01
25,73333	47,01
25,75000	47,00
25,76667	47,01
25,78333	47,00
25,80000	47,00
25,81667	47,00
25,83333	47,00
25,85000	47,00
25,86667	47,00
25,88333	47,00
25,90000	47,00
25,91667	47,00
25,93333	47,01
25,95000	47,01
25,96667	47,01
25,98333	47,01
26,00000	47,01
26,01667	47,01
26,03333	47,01
26,05000	47,01
26,06667	47,01
26,08333	47,01
26,10000	47,01
26,11667	47,01
26,13333	47,01
26,15000	47,01
26,16667	47,01
26,18333	47,01
26,20000	47,01
26,21667	47,01
26,23333	47,01
26,25000	47,00
26,26667	47,00
26,28333	47,00
26,30000	47,00
26,31667	47,00
26,33333	47,00
26,35000	47,00
26,36667	47,00
26,38333	47,00
26,40000	47,00
26,41667	47,00
26,43333	47,00
26,45000	47,00
26,46667	47,00
26,48333	47,00
26,50000	47,00
26,51667	47,00
26,53333	47,01
26,55000	47,00
26,56667	47,01
26,58333	47,01
26,60000	47,01
26,61667	47,01
26,63333	47,01
26,65000	47,01
26,66667	47,01
26,68333	47,01
26,70000	47,01
26,71667	47,00
26,73333	47,01
26,75000	47,00
26,76667	47,00
26,78333	47,00
26,80000	47,00
26,81667	47,00
26,83333	47,00
26,85000	47,00
26,86667	47,00
26,88333	47,00
26,90000	47,01
26,91667	47,01
26,93333	47,01
26,95000	47,01
26,96667	47,01
26,98333	47,01
27,00000	47,01
27,01667	47,01
27,03333	47,01
27,05000	47,01
27,06667	47,01
27,08333	47,01
27,10000	47,01
27,11667	47,01
27,13333	47,01
27,15000	47,00
27,16667	47,00
27,18333	47,00
27,20000	47,00
27,21667	47,00
27,23333	47,00
27,25000	47,00
27,26667	47,00
27,28333	47,00
27,30000	47,00
27,31667	47,00
27,33333	47,00
27,35000	47,00
27,36667	47,00
27,38333	47,01
27,40000	47,01
27,41667	47,01
27,43333	47,01
27,45000	47,01
27,46667	47,01
27,48333	47,01
27,50000	47,01
27,51667	47,01
27,53333	47,01
27,55000	47,01
27,56667	47,01
27,58333	47,01
27,60000	47,01
27,61667	47,01
27,63333	47,01
27,65000	47,01
27,66667	47,01
27,68333	47,01
27,70000	47,01
27,71667	47,01
27,73333	47,01
27,75000	47,01
27,76667	47,01
27,78333	47,01
27,80000	47,01
27,81667	47,01
27,83333	47,01
27,85000	47,00
27,86667	47,00
27,88333	47,01
27,90000	47,00
27,91667	47,00
27,93333	47,00
27,95000	47,00
27,96667	47,00
27,98333	47,00
28,00000	47,00
28,01667	47,00
28,03333	47,00
28,05000	47,01
28,06667	47,01
28,08333	47,01
28,10000	47,01
28,11667	47,01
28,13333	47,01
28,15000	47,01
28,16667	47,01
28,18333	47,01
28,20000	47,01
28,21667	47,01
28,23333	47,01
28,25000	47,01
28,26667	47,01
28,28333	47,01
28,30000	47,01
28,31667	47,01
28,33333	47,01
28,35000	47,01
28,36667	47,01
28,38333	47,01
28,40000	47,01
28,41667	47,01
28,43333	47,01
28,45000	47,01
28,46667	47,01
28,48333	47,01
28,50000	47,01
28,51667	47,01
28,53333	47,01
28,55000	47,00
28,56667	47,01
28,58333	47,00
28,60000	47,01
28,61667	47,01
28,63333	47,00
28,65000	47,00
28,66667	47,00
28,68333	47,01
28,70000	47,01
28,71667	47,01
28,73333	47,00
28,75000	47,01
28,76667	47,01
28,78333	47,01
28,80000	47,01
28,81667	47,01
28,83333	47,00
28,85000	47,00
28,86667	47,01
28,88333	47,00
28,90000	47,01
28,91667	47,00
28,93333	47,00
28,95000	47,01
28,96667	47,01
28,98333	47,01
29,00000	47,01
29,01667	47,01
29,03333	47,01
29,05000	47,01
29,06667	47,01
29,08333	47,01
29,10000	47,01
29,11667	47,01
29,13333	47,01
29,15000	47,01
29,16667	47,01
29,18333	47,01
29,20000	47,01
29,21667	47,01
29,23333	47,01
29,25000	47,01
29,26667	47,01
29,28333	47,01
29,30000	47,01
29,31667	47,01
29,33333	47,01
29,35000	47,01
29,36667	47,01
29,38333	47,01
29,40000	47,01
29,41667	47,01
29,43333	47,01
29,45000	47,01
29,46667	47,00
29,48333	47,00
29,50000	47,00
29,51667	47,00
29,53333	47,00
29,55000	47,00
29,56667	47,00
29,58333	47,00
29,60000	47,00
29,61667	47,00
29,63333	47,00
29,65000	47,00
29,66667	47,00
29,68333	47,00
29,70000	47,00
29,71667	47,00
29,73333	47,00
29,75000	47,00
29,76667	47,00
29,78333	47,00
29,80000	47,00
29,81667	47,00
29,83333	47,00
29,85000	47,01
29,86667	47,00
29,88333	47,00
29,90000	47,01
29,91667	47,01
29,93333	47,01
29,95000	47,01
29,96667	47,01
29,98333	47,01
30,00000	47,01
30,01667	47,01
30,03333	47,01
30,05000	47,01
30,06667	47,01
30,08333	47,01
30,10000	47,00
30,11667	47,01
30,13333	47,00
30,15000	47,00
30,16667	47,00
30,18333	47,00
30,20000	47,00
30,21667	47,00
30,23333	47,00
30,25000	47,00
30,26667	47,01
30,28333	47,00
30,30000	47,00
30,31667	47,00
30,33333	47,00
30,35000	47,00
30,36667	47,01
30,38333	47,01
30,40000	47,01
30,41667	47,01
30,43333	47,01
30,45000	47,01
30,46667	47,01
30,48333	47,01
30,50000	47,01
30,51667	47,01
30,53333	47,01
30,55000	47,01
30,56667	47,01
30,58333	47,01
30,60000	47,01
30,61667	47,01
30,63333	47,01
30,65000	47,01
30,66667	47,01
30,68333	47,01
30,70000	47,01
30,71667	47,01
30,73333	47,01
30,75000	47,01
30,76667	47,01
30,78333	47,01
30,80000	47,01
30,81667	47,01
30,83333	47,01
30,85000	47,01
30,86667	47,01
30,88333	47,01
30,90000	47,01
30,91667	47,01
30,93333	47,01
30,95000	47,01
30,96667	47,01
30,98333	47,01
31,00000	47,01
31,01667	47,01
31,03333	47,01
31,05000	47,01
31,06667	47,01
31,08333	47,01
31,10000	47,01
31,11667	47,01
31,13333	47,01
31,15000	47,01
31,16667	47,01
31,18333	47,01
31,20000	47,01
31,21667	47,01
31,23333	47,01
31,25000	47,01
31,26667	47,01
31,28333	47,01
31,30000	47,01
31,31667	47,01
31,33333	47,01
31,35000	47,01
31,36667	47,01
31,38333	47,01
31,40000	47,01
31,41667	47,01
31,43333	47,01
31,45000	47,01
31,46667	47,01
31,48333	47,01
31,50000	47,01
31,51667	47,01
31,53333	47,01
31,55000	47,01
31,56667	47,01
31,58333	47,01
31,60000	47,01
31,61667	47,01
31,63333	47,01
31,65000	47,01
31,66667	47,01
31,68333	47,01
31,70000	47,01
31,71667	47,01
31,73333	47,01
31,75000	47,01
31,76667	47,01
31,78333	47,01
31,80000	47,01
31,81667	47,01
31,83333	47,01
31,85000	47,01
31,86667	47,01
31,88333	47,01
31,90000	47,01
31,91667	47,01
31,93333	47,01
31,95000	47,01
31,96667	47,01
31,98333	47,01
32,00000	47,01

[LC Status Trace(PDA Lamp Housing Temp.)]
Interval(msec)	1000
# of Points	1921
Start Time(min)	0,000
End Time(min)	32,000
Intensity Units	C
Intensity Multiplier	1
R.Time (min)	Intensity
0,00000	53,41
0,01667	53,41
0,03333	53,42
0,05000	53,42
0,06667	53,42
0,08333	53,42
0,10000	53,42
0,11667	53,42
0,13333	53,43
0,15000	53,43
0,16667	53,42
0,18333	53,42
0,20000	53,42
0,21667	53,42
0,23333	53,42
0,25000	53,43
0,26667	53,43
0,28333	53,43
0,30000	53,43
0,31667	53,43
0,33333	53,43
0,35000	53,42
0,36667	53,42
0,38333	53,42
0,40000	53,43
0,41667	53,43
0,43333	53,43
0,45000	53,43
0,46667	53,43
0,48333	53,44
0,50000	53,44
0,51667	53,43
0,53333	53,43
0,55000	53,43
0,56667	53,43
0,58333	53,42
0,60000	53,43
0,61667	53,43
0,63333	53,44
0,65000	53,43
0,66667	53,42
0,68333	53,42
0,70000	53,43
0,71667	53,42
0,73333	53,42
0,75000	53,42
0,76667	53,42
0,78333	53,42
0,80000	53,42
0,81667	53,43
0,83333	53,43
0,85000	53,43
0,86667	53,43
0,88333	53,43
0,90000	53,43
0,91667	53,43
0,93333	53,42
0,95000	53,42
0,96667	53,42
0,98333	53,42
1,00000	53,42
1,01667	53,43
1,03333	53,43
1,05000	53,43
1,06667	53,43
1,08333	53,43
1,10000	53,43
1,11667	53,43
1,13333	53,42
1,15000	53,42
1,16667	53,42
1,18333	53,43
1,20000	53,43
1,21667	53,43
1,23333	53,42
1,25000	53,42
1,26667	53,43
1,28333	53,43
1,30000	53,43
1,31667	53,43
1,33333	53,43
1,35000	53,43
1,36667	53,44
1,38333	53,43
1,40000	53,43
1,41667	53,44
1,43333	53,44
1,45000	53,43
1,46667	53,43
1,48333	53,43
1,50000	53,44
1,51667	53,44
1,53333	53,43
1,55000	53,43
1,56667	53,43
1,58333	53,42
1,60000	53,41
1,61667	53,41
1,63333	53,41
1,65000	53,42
1,66667	53,43
1,68333	53,43
1,70000	53,43
1,71667	53,43
1,73333	53,42
1,75000	53,42
1,76667	53,42
1,78333	53,42
1,80000	53,42
1,81667	53,42
1,83333	53,42
1,85000	53,43
1,86667	53,44
1,88333	53,44
1,90000	53,44
1,91667	53,43
1,93333	53,43
1,95000	53,43
1,96667	53,43
1,98333	53,43
2,00000	53,43
2,01667	53,42
2,03333	53,42
2,05000	53,42
2,06667	53,42
2,08333	53,42
2,10000	53,42
2,11667	53,42
2,13333	53,42
2,15000	53,42
2,16667	53,43
2,18333	53,43
2,20000	53,43
2,21667	53,43
2,23333	53,43
2,25000	53,43
2,26667	53,43
2,28333	53,43
2,30000	53,43
2,31667	53,43
2,33333	53,43
2,35000	53,43
2,36667	53,42
2,38333	53,42
2,40000	53,42
2,41667	53,43
2,43333	53,43
2,45000	53,43
2,46667	53,42
2,48333	53,43
2,50000	53,43
2,51667	53,43
2,53333	53,43
2,55000	53,43
2,56667	53,44
2,58333	53,45
2,60000	53,44
2,61667	53,44
2,63333	53,44
2,65000	53,43
2,66667	53,43
2,68333	53,43
2,70000	53,43
2,71667	53,43
2,73333	53,42
2,75000	53,42
2,76667	53,42
2,78333	53,42
2,80000	53,42
2,81667	53,43
2,83333	53,43
2,85000	53,43
2,86667	53,43
2,88333	53,43
2,90000	53,43
2,91667	53,43
2,93333	53,43
2,95000	53,42
2,96667	53,43
2,98333	53,43
3,00000	53,43
3,01667	53,43
3,03333	53,42
3,05000	53,42
3,06667	53,42
3,08333	53,43
3,10000	53,43
3,11667	53,44
3,13333	53,44
3,15000	53,44
3,16667	53,44
3,18333	53,43
3,20000	53,43
3,21667	53,42
3,23333	53,42
3,25000	53,42
3,26667	53,43
3,28333	53,42
3,30000	53,42
3,31667	53,42
3,33333	53,42
3,35000	53,42
3,36667	53,42
3,38333	53,42
3,40000	53,42
3,41667	53,42
3,43333	53,42
3,45000	53,42
3,46667	53,43
3,48333	53,43
3,50000	53,42
3,51667	53,41
3,53333	53,42
3,55000	53,43
3,56667	53,43
3,58333	53,42
3,60000	53,41
3,61667	53,41
3,63333	53,41
3,65000	53,42
3,66667	53,43
3,68333	53,44
3,70000	53,43
3,71667	53,43
3,73333	53,43
3,75000	53,42
3,76667	53,43
3,78333	53,42
3,80000	53,42
3,81667	53,42
3,83333	53,42
3,85000	53,42
3,86667	53,43
3,88333	53,43
3,90000	53,43
3,91667	53,43
3,93333	53,43
3,95000	53,43
3,96667	53,43
3,98333	53,42
4,00000	53,42
4,01667	53,42
4,03333	53,42
4,05000	53,42
4,06667	53,42
4,08333	53,42
4,10000	53,42
4,11667	53,42
4,13333	53,42
4,15000	53,43
4,16667	53,42
4,18333	53,43
4,20000	53,43
4,21667	53,43
4,23333	53,43
4,25000	53,43
4,26667	53,43
4,28333	53,43
4,30000	53,42
4,31667	53,43
4,33333	53,43
4,35000	53,43
4,36667	53,44
4,38333	53,44
4,40000	53,44
4,41667	53,44
4,43333	53,44
4,45000	53,43
4,46667	53,43
4,48333	53,44
4,50000	53,43
4,51667	53,43
4,53333	53,43
4,55000	53,43
4,56667	53,43
4,58333	53,43
4,60000	53,42
4,61667	53,42
4,63333	53,41
4,65000	53,41
4,66667	53,42
4,68333	53,43
4,70000	53,42
4,71667	53,42
4,73333	53,42
4,75000	53,42
4,76667	53,42
4,78333	53,42
4,80000	53,41
4,81667	53,41
4,83333	53,41
4,85000	53,41
4,86667	53,41
4,88333	53,41
4,90000	53,42
4,91667	53,42
4,93333	53,42
4,95000	53,42
4,96667	53,41
4,98333	53,41
5,00000	53,42
5,01667	53,42
5,03333	53,42
5,05000	53,41
5,06667	53,42
5,08333	53,42
5,10000	53,43
5,11667	53,43
5,13333	53,43
5,15000	53,43
5,16667	53,43
5,18333	53,43
5,20000	53,43
5,21667	53,43
5,23333	53,42
5,25000	53,42
5,26667	53,43
5,28333	53,43
5,30000	53,42
5,31667	53,42
5,33333	53,42
5,35000	53,42
5,36667	53,42
5,38333	53,42
5,40000	53,43
5,41667	53,42
5,43333	53,43
5,45000	53,43
5,46667	53,42
5,48333	53,42
5,50000	53,42
5,51667	53,42
5,53333	53,41
5,55000	53,41
5,56667	53,42
5,58333	53,42
5,60000	53,42
5,61667	53,42
5,63333	53,41
5,65000	53,41
5,66667	53,41
5,68333	53,41
5,70000	53,41
5,71667	53,41
5,73333	53,42
5,75000	53,42
5,76667	53,42
5,78333	53,42
5,80000	53,41
5,81667	53,41
5,83333	53,42
5,85000	53,42
5,86667	53,42
5,88333	53,41
5,90000	53,42
5,91667	53,43
5,93333	53,42
5,95000	53,43
5,96667	53,43
5,98333	53,42
6,00000	53,43
6,01667	53,43
6,03333	53,43
6,05000	53,43
6,06667	53,42
6,08333	53,42
6,10000	53,42
6,11667	53,42
6,13333	53,42
6,15000	53,42
6,16667	53,43
6,18333	53,42
6,20000	53,43
6,21667	53,43
6,23333	53,43
6,25000	53,43
6,26667	53,43
6,28333	53,43
6,30000	53,43
6,31667	53,43
6,33333	53,43
6,35000	53,43
6,36667	53,43
6,38333	53,42
6,40000	53,42
6,41667	53,42
6,43333	53,42
6,45000	53,41
6,46667	53,42
6,48333	53,43
6,50000	53,43
6,51667	53,43
6,53333	53,43
6,55000	53,43
6,56667	53,43
6,58333	53,44
6,60000	53,44
6,61667	53,43
6,63333	53,43
6,65000	53,43
6,66667	53,43
6,68333	53,43
6,70000	53,42
6,71667	53,41
6,73333	53,41
6,75000	53,41
6,76667	53,41
6,78333	53,42
6,80000	53,43
6,81667	53,43
6,83333	53,43
6,85000	53,43
6,86667	53,43
6,88333	53,43
6,90000	53,43
6,91667	53,42
6,93333	53,42
6,95000	53,42
6,96667	53,42
6,98333	53,43
7,00000	53,43
7,01667	53,42
7,03333	53,42
7,05000	53,42
7,06667	53,42
7,08333	53,43
7,10000	53,43
7,11667	53,43
7,13333	53,43
7,15000	53,43
7,16667	53,44
7,18333	53,43
7,20000	53,43
7,21667	53,43
7,23333	53,42
7,25000	53,42
7,26667	53,42
7,28333	53,42
7,30000	53,42
7,31667	53,42
7,33333	53,42
7,35000	53,42
7,36667	53,42
7,38333	53,42
7,40000	53,43
7,41667	53,44
7,43333	53,43
7,45000	53,43
7,46667	53,43
7,48333	53,43
7,50000	53,43
7,51667	53,43
7,53333	53,43
7,55000	53,42
7,56667	53,42
7,58333	53,43
7,60000	53,43
7,61667	53,43
7,63333	53,43
7,65000	53,43
7,66667	53,43
7,68333	53,43
7,70000	53,43
7,71667	53,43
7,73333	53,44
7,75000	53,44
7,76667	53,44
7,78333	53,44
7,80000	53,43
7,81667	53,43
7,83333	53,43
7,85000	53,43
7,86667	53,42
7,88333	53,42
7,90000	53,42
7,91667	53,42
7,93333	53,43
7,95000	53,44
7,96667	53,44
7,98333	53,44
8,00000	53,43
8,01667	53,43
8,03333	53,43
8,05000	53,43
8,06667	53,43
8,08333	53,43
8,10000	53,43
8,11667	53,43
8,13333	53,43
8,15000	53,43
8,16667	53,43
8,18333	53,43
8,20000	53,43
8,21667	53,43
8,23333	53,42
8,25000	53,42
8,26667	53,42
8,28333	53,42
8,30000	53,42
8,31667	53,43
8,33333	53,44
8,35000	53,44
8,36667	53,43
8,38333	53,42
8,40000	53,42
8,41667	53,42
8,43333	53,42
8,45000	53,42
8,46667	53,42
8,48333	53,42
8,50000	53,41
8,51667	53,41
8,53333	53,42
8,55000	53,42
8,56667	53,42
8,58333	53,43
8,60000	53,43
8,61667	53,43
8,63333	53,44
8,65000	53,43
8,66667	53,43
8,68333	53,43
8,70000	53,42
8,71667	53,42
8,73333	53,42
8,75000	53,43
8,76667	53,43
8,78333	53,43
8,80000	53,43
8,81667	53,42
8,83333	53,42
8,85000	53,41
8,86667	53,41
8,88333	53,41
8,90000	53,42
8,91667	53,42
8,93333	53,42
8,95000	53,43
8,96667	53,43
8,98333	53,43
9,00000	53,42
9,01667	53,42
9,03333	53,42
9,05000	53,41
9,06667	53,41
9,08333	53,41
9,10000	53,41
9,11667	53,41
9,13333	53,41
9,15000	53,42
9,16667	53,42
9,18333	53,43
9,20000	53,43
9,21667	53,43
9,23333	53,43
9,25000	53,43
9,26667	53,43
9,28333	53,43
9,30000	53,42
9,31667	53,42
9,33333	53,42
9,35000	53,43
9,36667	53,43
9,38333	53,43
9,40000	53,43
9,41667	53,43
9,43333	53,42
9,45000	53,42
9,46667	53,42
9,48333	53,42
9,50000	53,43
9,51667	53,43
9,53333	53,42
9,55000	53,42
9,56667	53,41
9,58333	53,42
9,60000	53,42
9,61667	53,42
9,63333	53,42
9,65000	53,43
9,66667	53,43
9,68333	53,43
9,70000	53,43
9,71667	53,42
9,73333	53,41
9,75000	53,41
9,76667	53,40
9,78333	53,41
9,80000	53,41
9,81667	53,41
9,83333	53,41
9,85000	53,41
9,86667	53,41
9,88333	53,41
9,90000	53,40
9,91667	53,41
9,93333	53,42
9,95000	53,42
9,96667	53,42
9,98333	53,41
10,00000	53,42
10,01667	53,42
10,03333	53,42
10,05000	53,42
10,06667	53,43
10,08333	53,43
10,10000	53,42
10,11667	53,42
10,13333	53,42
10,15000	53,42
10,16667	53,42
10,18333	53,43
10,20000	53,43
10,21667	53,43
10,23333	53,43
10,25000	53,43
10,26667	53,43
10,28333	53,43
10,30000	53,42
10,31667	53,42
10,33333	53,42
10,35000	53,42
10,36667	53,42
10,38333	53,43
10,40000	53,43
10,41667	53,43
10,43333	53,43
10,45000	53,43
10,46667	53,43
10,48333	53,43
10,50000	53,43
10,51667	53,44
10,53333	53,43
10,55000	53,42
10,56667	53,42
10,58333	53,42
10,60000	53,43
10,61667	53,43
10,63333	53,43
10,65000	53,43
10,66667	53,42
10,68333	53,42
10,70000	53,42
10,71667	53,43
10,73333	53,43
10,75000	53,42
10,76667	53,42
10,78333	53,42
10,80000	53,42
10,81667	53,42
10,83333	53,42
10,85000	53,43
10,86667	53,44
10,88333	53,44
10,90000	53,44
10,91667	53,43
10,93333	53,43
10,95000	53,43
10,96667	53,43
10,98333	53,43
11,00000	53,43
11,01667	53,43
11,03333	53,42
11,05000	53,43
11,06667	53,43
11,08333	53,43
11,10000	53,43
11,11667	53,43
11,13333	53,43
11,15000	53,42
11,16667	53,43
11,18333	53,42
11,20000	53,43
11,21667	53,43
11,23333	53,43
11,25000	53,43
11,26667	53,43
11,28333	53,43
11,30000	53,43
11,31667	53,43
11,33333	53,43
11,35000	53,43
11,36667	53,42
11,38333	53,42
11,40000	53,41
11,41667	53,41
11,43333	53,42
11,45000	53,42
11,46667	53,42
11,48333	53,42
11,50000	53,41
11,51667	53,42
11,53333	53,42
11,55000	53,42
11,56667	53,42
11,58333	53,42
11,60000	53,42
11,61667	53,42
11,63333	53,42
11,65000	53,42
11,66667	53,43
11,68333	53,42
11,70000	53,42
11,71667	53,42
11,73333	53,43
11,75000	53,42
11,76667	53,42
11,78333	53,42
11,80000	53,42
11,81667	53,42
11,83333	53,42
11,85000	53,42
11,86667	53,42
11,88333	53,41
11,90000	53,42
11,91667	53,42
11,93333	53,43
11,95000	53,43
11,96667	53,42
11,98333	53,42
12,00000	53,43
12,01667	53,42
12,03333	53,42
12,05000	53,43
12,06667	53,42
12,08333	53,42
12,10000	53,42
12,11667	53,42
12,13333	53,42
12,15000	53,42
12,16667	53,42
12,18333	53,42
12,20000	53,41
12,21667	53,40
12,23333	53,42
12,25000	53,42
12,26667	53,43
12,28333	53,43
12,30000	53,43
12,31667	53,43
12,33333	53,43
12,35000	53,43
12,36667	53,43
12,38333	53,43
12,40000	53,42
12,41667	53,42
12,43333	53,42
12,45000	53,42
12,46667	53,41
12,48333	53,41
12,50000	53,41
12,51667	53,42
12,53333	53,42
12,55000	53,42
12,56667	53,42
12,58333	53,42
12,60000	53,42
12,61667	53,42
12,63333	53,43
12,65000	53,43
12,66667	53,43
12,68333	53,43
12,70000	53,43
12,71667	53,44
12,73333	53,44
12,75000	53,43
12,76667	53,43
12,78333	53,43
12,80000	53,43
12,81667	53,43
12,83333	53,42
12,85000	53,43
12,86667	53,42
12,88333	53,42
12,90000	53,42
12,91667	53,41
12,93333	53,41
12,95000	53,42
12,96667	53,42
12,98333	53,41
13,00000	53,42
13,01667	53,41
13,03333	53,42
13,05000	53,43
13,06667	53,44
13,08333	53,44
13,10000	53,44
13,11667	53,44
13,13333	53,43
13,15000	53,42
13,16667	53,42
13,18333	53,41
13,20000	53,41
13,21667	53,42
13,23333	53,42
13,25000	53,42
13,26667	53,42
13,28333	53,41
13,30000	53,41
13,31667	53,40
13,33333	53,41
13,35000	53,41
13,36667	53,41
13,38333	53,42
13,40000	53,42
13,41667	53,42
13,43333	53,42
13,45000	53,43
13,46667	53,43
13,48333	53,43
13,50000	53,43
13,51667	53,43
13,53333	53,44
13,55000	53,43
13,56667	53,43
13,58333	53,43
13,60000	53,43
13,61667	53,42
13,63333	53,42
13,65000	53,42
13,66667	53,42
13,68333	53,41
13,70000	53,42
13,71667	53,42
13,73333	53,42
13,75000	53,42
13,76667	53,42
13,78333	53,42
13,80000	53,42
13,81667	53,42
13,83333	53,42
13,85000	53,42
13,86667	53,42
13,88333	53,42
13,90000	53,42
13,91667	53,42
13,93333	53,42
13,95000	53,42
13,96667	53,41
13,98333	53,41
14,00000	53,41
14,01667	53,42
14,03333	53,42
14,05000	53,42
14,06667	53,41
14,08333	53,41
14,10000	53,41
14,11667	53,41
14,13333	53,41
14,15000	53,42
14,16667	53,42
14,18333	53,42
14,20000	53,42
14,21667	53,42
14,23333	53,42
14,25000	53,41
14,26667	53,41
14,28333	53,41
14,30000	53,41
14,31667	53,42
14,33333	53,42
14,35000	53,42
14,36667	53,42
14,38333	53,42
14,40000	53,42
14,41667	53,43
14,43333	53,43
14,45000	53,42
14,46667	53,42
14,48333	53,42
14,50000	53,42
14,51667	53,42
14,53333	53,42
14,55000	53,42
14,56667	53,42
14,58333	53,42
14,60000	53,42
14,61667	53,41
14,63333	53,41
14,65000	53,41
14,66667	53,41
14,68333	53,41
14,70000	53,41
14,71667	53,40
14,73333	53,41
14,75000	53,41
14,76667	53,41
14,78333	53,42
14,80000	53,41
14,81667	53,41
14,83333	53,41
14,85000	53,40
14,86667	53,40
14,88333	53,40
14,90000	53,40
14,91667	53,40
14,93333	53,40
14,95000	53,41
14,96667	53,41
14,98333	53,41
15,00000	53,40
15,01667	53,40
15,03333	53,40
15,05000	53,41
15,06667	53,41
15,08333	53,41
15,10000	53,42
15,11667	53,41
15,13333	53,41
15,15000	53,41
15,16667	53,42
15,18333	53,42
15,20000	53,42
15,21667	53,42
15,23333	53,42
15,25000	53,42
15,26667	53,42
15,28333	53,42
15,30000	53,42
15,31667	53,42
15,33333	53,42
15,35000	53,42
15,36667	53,41
15,38333	53,41
15,40000	53,41
15,41667	53,41
15,43333	53,42
15,45000	53,42
15,46667	53,42
15,48333	53,42
15,50000	53,42
15,51667	53,43
15,53333	53,43
15,55000	53,42
15,56667	53,42
15,58333	53,42
15,60000	53,42
15,61667	53,42
15,63333	53,41
15,65000	53,41
15,66667	53,41
15,68333	53,41
15,70000	53,41
15,71667	53,41
15,73333	53,41
15,75000	53,41
15,76667	53,41
15,78333	53,40
15,80000	53,41
15,81667	53,41
15,83333	53,41
15,85000	53,41
15,86667	53,41
15,88333	53,41
15,90000	53,41
15,91667	53,41
15,93333	53,42
15,95000	53,42
15,96667	53,43
15,98333	53,43
16,00000	53,43
16,01667	53,42
16,03333	53,42
16,05000	53,42
16,06667	53,42
16,08333	53,42
16,10000	53,42
16,11667	53,42
16,13333	53,42
16,15000	53,42
16,16667	53,42
16,18333	53,43
16,20000	53,43
16,21667	53,42
16,23333	53,42
16,25000	53,42
16,26667	53,41
16,28333	53,41
16,30000	53,41
16,31667	53,42
16,33333	53,42
16,35000	53,42
16,36667	53,42
16,38333	53,42
16,40000	53,41
16,41667	53,41
16,43333	53,40
16,45000	53,41
16,46667	53,41
16,48333	53,41
16,50000	53,41
16,51667	53,42
16,53333	53,42
16,55000	53,42
16,56667	53,42
16,58333	53,42
16,60000	53,41
16,61667	53,41
16,63333	53,41
16,65000	53,42
16,66667	53,42
16,68333	53,42
16,70000	53,42
16,71667	53,42
16,73333	53,42
16,75000	53,42
16,76667	53,43
16,78333	53,42
16,80000	53,42
16,81667	53,42
16,83333	53,42
16,85000	53,42
16,86667	53,42
16,88333	53,41
16,90000	53,41
16,91667	53,41
16,93333	53,41
16,95000	53,41
16,96667	53,41
16,98333	53,42
17,00000	53,42
17,01667	53,42
17,03333	53,42
17,05000	53,42
17,06667	53,41
17,08333	53,40
17,10000	53,40
17,11667	53,41
17,13333	53,41
17,15000	53,41
17,16667	53,42
17,18333	53,43
17,20000	53,43
17,21667	53,43
17,23333	53,42
17,25000	53,43
17,26667	53,43
17,28333	53,43
17,30000	53,43
17,31667	53,43
17,33333	53,42
17,35000	53,42
17,36667	53,42
17,38333	53,43
17,40000	53,43
17,41667	53,43
17,43333	53,43
17,45000	53,43
17,46667	53,43
17,48333	53,43
17,50000	53,43
17,51667	53,43
17,53333	53,43
17,55000	53,43
17,56667	53,42
17,58333	53,42
17,60000	53,43
17,61667	53,43
17,63333	53,44
17,65000	53,44
17,66667	53,43
17,68333	53,42
17,70000	53,42
17,71667	53,41
17,73333	53,42
17,75000	53,42
17,76667	53,42
17,78333	53,42
17,80000	53,42
17,81667	53,42
17,83333	53,42
17,85000	53,42
17,86667	53,43
17,88333	53,42
17,90000	53,42
17,91667	53,41
17,93333	53,41
17,95000	53,42
17,96667	53,41
17,98333	53,42
18,00000	53,42
18,01667	53,42
18,03333	53,41
18,05000	53,41
18,06667	53,42
18,08333	53,42
18,10000	53,41
18,11667	53,41
18,13333	53,41
18,15000	53,41
18,16667	53,42
18,18333	53,42
18,20000	53,41
18,21667	53,42
18,23333	53,42
18,25000	53,42
18,26667	53,43
18,28333	53,43
18,30000	53,43
18,31667	53,44
18,33333	53,44
18,35000	53,43
18,36667	53,42
18,38333	53,42
18,40000	53,42
18,41667	53,42
18,43333	53,43
18,45000	53,43
18,46667	53,43
18,48333	53,43
18,50000	53,44
18,51667	53,43
18,53333	53,43
18,55000	53,43
18,56667	53,44
18,58333	53,44
18,60000	53,43
18,61667	53,43
18,63333	53,43
18,65000	53,43
18,66667	53,43
18,68333	53,43
18,70000	53,43
18,71667	53,43
18,73333	53,43
18,75000	53,43
18,76667	53,43
18,78333	53,43
18,80000	53,43
18,81667	53,42
18,83333	53,42
18,85000	53,42
18,86667	53,42
18,88333	53,42
18,90000	53,41
18,91667	53,40
18,93333	53,40
18,95000	53,41
18,96667	53,41
18,98333	53,42
19,00000	53,42
19,01667	53,42
19,03333	53,42
19,05000	53,42
19,06667	53,42
19,08333	53,42
19,10000	53,42
19,11667	53,42
19,13333	53,42
19,15000	53,43
19,16667	53,43
19,18333	53,43
19,20000	53,43
19,21667	53,43
19,23333	53,43
19,25000	53,43
19,26667	53,43
19,28333	53,44
19,30000	53,43
19,31667	53,43
19,33333	53,43
19,35000	53,43
19,36667	53,43
19,38333	53,43
19,40000	53,43
19,41667	53,43
19,43333	53,43
19,45000	53,43
19,46667	53,42
19,48333	53,42
19,50000	53,42
19,51667	53,42
19,53333	53,43
19,55000	53,44
19,56667	53,43
19,58333	53,43
19,60000	53,43
19,61667	53,42
19,63333	53,42
19,65000	53,42
19,66667	53,43
19,68333	53,42
19,70000	53,42
19,71667	53,42
19,73333	53,42
19,75000	53,43
19,76667	53,43
19,78333	53,43
19,80000	53,43
19,81667	53,43
19,83333	53,43
19,85000	53,43
19,86667	53,44
19,88333	53,43
19,90000	53,43
19,91667	53,43
19,93333	53,43
19,95000	53,43
19,96667	53,43
19,98333	53,43
20,00000	53,43
20,01667	53,43
20,03333	53,43
20,05000	53,44
20,06667	53,44
20,08333	53,44
20,10000	53,44
20,11667	53,44
20,13333	53,44
20,15000	53,44
20,16667	53,43
20,18333	53,43
20,20000	53,43
20,21667	53,43
20,23333	53,43
20,25000	53,43
20,26667	53,43
20,28333	53,43
20,30000	53,43
20,31667	53,42
20,33333	53,42
20,35000	53,42
20,36667	53,42
20,38333	53,43
20,40000	53,43
20,41667	53,43
20,43333	53,43
20,45000	53,43
20,46667	53,43
20,48333	53,43
20,50000	53,42
20,51667	53,42
20,53333	53,42
20,55000	53,42
20,56667	53,43
20,58333	53,43
20,60000	53,43
20,61667	53,42
20,63333	53,42
20,65000	53,42
20,66667	53,42
20,68333	53,43
20,70000	53,43
20,71667	53,43
20,73333	53,43
20,75000	53,42
20,76667	53,42
20,78333	53,43
20,80000	53,42
20,81667	53,42
20,83333	53,43
20,85000	53,43
20,86667	53,43
20,88333	53,43
20,90000	53,43
20,91667	53,42
20,93333	53,42
20,95000	53,42
20,96667	53,41
20,98333	53,42
21,00000	53,42
21,01667	53,42
21,03333	53,43
21,05000	53,43
21,06667	53,43
21,08333	53,43
21,10000	53,43
21,11667	53,42
21,13333	53,42
21,15000	53,42
21,16667	53,42
21,18333	53,42
21,20000	53,42
21,21667	53,42
21,23333	53,43
21,25000	53,43
21,26667	53,42
21,28333	53,42
21,30000	53,42
21,31667	53,42
21,33333	53,42
21,35000	53,42
21,36667	53,43
21,38333	53,44
21,40000	53,44
21,41667	53,43
21,43333	53,43
21,45000	53,43
21,46667	53,43
21,48333	53,43
21,50000	53,42
21,51667	53,42
21,53333	53,42
21,55000	53,42
21,56667	53,43
21,58333	53,43
21,60000	53,43
21,61667	53,43
21,63333	53,43
21,65000	53,42
21,66667	53,42
21,68333	53,43
21,70000	53,43
21,71667	53,44
21,73333	53,44
21,75000	53,44
21,76667	53,44
21,78333	53,44
21,80000	53,44
21,81667	53,44
21,83333	53,44
21,85000	53,43
21,86667	53,42
21,88333	53,42
21,90000	53,42
21,91667	53,42
21,93333	53,42
21,95000	53,42
21,96667	53,42
21,98333	53,42
22,00000	53,42
22,01667	53,43
22,03333	53,43
22,05000	53,43
22,06667	53,42
22,08333	53,41
22,10000	53,41
22,11667	53,41
22,13333	53,41
22,15000	53,42
22,16667	53,42
22,18333	53,42
22,20000	53,43
22,21667	53,43
22,23333	53,43
22,25000	53,43
22,26667	53,43
22,28333	53,43
22,30000	53,44
22,31667	53,44
22,33333	53,44
22,35000	53,43
22,36667	53,43
22,38333	53,43
22,40000	53,42
22,41667	53,42
22,43333	53,42
22,45000	53,42
22,46667	53,42
22,48333	53,41
22,50000	53,41
22,51667	53,42
22,53333	53,42
22,55000	53,41
22,56667	53,42
22,58333	53,43
22,60000	53,43
22,61667	53,43
22,63333	53,43
22,65000	53,43
22,66667	53,43
22,68333	53,43
22,70000	53,43
22,71667	53,43
22,73333	53,43
22,75000	53,43
22,76667	53,43
22,78333	53,43
22,80000	53,44
22,81667	53,45
22,83333	53,44
22,85000	53,44
22,86667	53,44
22,88333	53,44
22,90000	53,44
22,91667	53,43
22,93333	53,43
22,95000	53,43
22,96667	53,42
22,98333	53,43
23,00000	53,44
23,01667	53,44
23,03333	53,43
23,05000	53,43
23,06667	53,43
23,08333	53,43
23,10000	53,43
23,11667	53,42
23,13333	53,42
23,15000	53,42
23,16667	53,42
23,18333	53,43
23,20000	53,42
23,21667	53,42
23,23333	53,42
23,25000	53,41
23,26667	53,41
23,28333	53,41
23,30000	53,41
23,31667	53,42
23,33333	53,42
23,35000	53,42
23,36667	53,42
23,38333	53,43
23,40000	53,42
23,41667	53,42
23,43333	53,42
23,45000	53,42
23,46667	53,42
23,48333	53,42
23,50000	53,43
23,51667	53,42
23,53333	53,42
23,55000	53,42
23,56667	53,42
23,58333	53,41
23,60000	53,40
23,61667	53,41
23,63333	53,42
23,65000	53,42
23,66667	53,41
23,68333	53,41
23,70000	53,41
23,71667	53,42
23,73333	53,43
23,75000	53,43
23,76667	53,43
23,78333	53,44
23,80000	53,44
23,81667	53,43
23,83333	53,43
23,85000	53,42
23,86667	53,41
23,88333	53,41
23,90000	53,41
23,91667	53,41
23,93333	53,42
23,95000	53,42
23,96667	53,42
23,98333	53,42
24,00000	53,42
24,01667	53,42
24,03333	53,42
24,05000	53,42
24,06667	53,42
24,08333	53,42
24,10000	53,42
24,11667	53,42
24,13333	53,41
24,15000	53,41
24,16667	53,41
24,18333	53,42
24,20000	53,43
24,21667	53,44
24,23333	53,44
24,25000	53,43
24,26667	53,43
24,28333	53,43
24,30000	53,43
24,31667	53,43
24,33333	53,43
24,35000	53,43
24,36667	53,42
24,38333	53,42
24,40000	53,42
24,41667	53,42
24,43333	53,42
24,45000	53,42
24,46667	53,42
24,48333	53,42
24,50000	53,43
24,51667	53,43
24,53333	53,44
24,55000	53,44
24,56667	53,44
24,58333	53,44
24,60000	53,45
24,61667	53,45
24,63333	53,45
24,65000	53,45
24,66667	53,44
24,68333	53,44
24,70000	53,44
24,71667	53,44
24,73333	53,44
24,75000	53,44
24,76667	53,44
24,78333	53,44
24,80000	53,44
24,81667	53,44
24,83333	53,43
24,85000	53,42
24,86667	53,41
24,88333	53,42
24,90000	53,43
24,91667	53,43
24,93333	53,43
24,95000	53,42
24,96667	53,42
24,98333	53,42
25,00000	53,42
25,01667	53,42
25,03333	53,43
25,05000	53,44
25,06667	53,44
25,08333	53,44
25,10000	53,44
25,11667	53,44
25,13333	53,44
25,15000	53,44
25,16667	53,43
25,18333	53,43
25,20000	53,43
25,21667	53,43
25,23333	53,43
25,25000	53,43
25,26667	53,43
25,28333	53,42
25,30000	53,42
25,31667	53,42
25,33333	53,43
25,35000	53,43
25,36667	53,44
25,38333	53,44
25,40000	53,44
25,41667	53,43
25,43333	53,42
25,45000	53,43
25,46667	53,43
25,48333	53,42
25,50000	53,43
25,51667	53,43
25,53333	53,42
25,55000	53,42
25,56667	53,43
25,58333	53,43
25,60000	53,43
25,61667	53,42
25,63333	53,42
25,65000	53,42
25,66667	53,42
25,68333	53,43
25,70000	53,43
25,71667	53,43
25,73333	53,42
25,75000	53,42
25,76667	53,42
25,78333	53,42
25,80000	53,43
25,81667	53,43
25,83333	53,43
25,85000	53,43
25,86667	53,43
25,88333	53,42
25,90000	53,42
25,91667	53,42
25,93333	53,43
25,95000	53,43
25,96667	53,42
25,98333	53,42
26,00000	53,42
26,01667	53,42
26,03333	53,43
26,05000	53,43
26,06667	53,43
26,08333	53,43
26,10000	53,44
26,11667	53,44
26,13333	53,44
26,15000	53,44
26,16667	53,44
26,18333	53,45
26,20000	53,45
26,21667	53,45
26,23333	53,44
26,25000	53,44
26,26667	53,43
26,28333	53,43
26,30000	53,43
26,31667	53,43
26,33333	53,43
26,35000	53,44
26,36667	53,45
26,38333	53,45
26,40000	53,44
26,41667	53,44
26,43333	53,44
26,45000	53,44
26,46667	53,45
26,48333	53,45
26,50000	53,44
26,51667	53,43
26,53333	53,43
26,55000	53,43
26,56667	53,43
26,58333	53,44
26,60000	53,44
26,61667	53,43
26,63333	53,43
26,65000	53,43
26,66667	53,43
26,68333	53,44
26,70000	53,44
26,71667	53,44
26,73333	53,44
26,75000	53,45
26,76667	53,45
26,78333	53,45
26,80000	53,44
26,81667	53,43
26,83333	53,43
26,85000	53,41
26,86667	53,41
26,88333	53,42
26,90000	53,42
26,91667	53,42
26,93333	53,43
26,95000	53,43
26,96667	53,43
26,98333	53,43
27,00000	53,43
27,01667	53,44
27,03333	53,44
27,05000	53,44
27,06667	53,43
27,08333	53,43
27,10000	53,43
27,11667	53,43
27,13333	53,43
27,15000	53,44
27,16667	53,44
27,18333	53,44
27,20000	53,44
27,21667	53,43
27,23333	53,44
27,25000	53,44
27,26667	53,44
27,28333	53,44
27,30000	53,43
27,31667	53,43
27,33333	53,43
27,35000	53,44
27,36667	53,44
27,38333	53,44
27,40000	53,43
27,41667	53,43
27,43333	53,43
27,45000	53,44
27,46667	53,43
27,48333	53,43
27,50000	53,43
27,51667	53,44
27,53333	53,45
27,55000	53,45
27,56667	53,45
27,58333	53,45
27,60000	53,45
27,61667	53,45
27,63333	53,45
27,65000	53,46
27,66667	53,46
27,68333	53,45
27,70000	53,45
27,71667	53,45
27,73333	53,45
27,75000	53,45
27,76667	53,44
27,78333	53,44
27,80000	53,44
27,81667	53,45
27,83333	53,45
27,85000	53,45
27,86667	53,45
27,88333	53,45
27,90000	53,44
27,91667	53,44
27,93333	53,44
27,95000	53,45
27,96667	53,45
27,98333	53,45
28,00000	53,45
28,01667	53,45
28,03333	53,45
28,05000	53,45
28,06667	53,46
28,08333	53,45
28,10000	53,45
28,11667	53,44
28,13333	53,44
28,15000	53,44
28,16667	53,43
28,18333	53,43
28,20000	53,44
28,21667	53,44
28,23333	53,44
28,25000	53,44
28,26667	53,44
28,28333	53,45
28,30000	53,44
28,31667	53,44
28,33333	53,43
28,35000	53,43
28,36667	53,43
28,38333	53,43
28,40000	53,44
28,41667	53,43
28,43333	53,43
28,45000	53,43
28,46667	53,43
28,48333	53,43
28,50000	53,43
28,51667	53,44
28,53333	53,44
28,55000	53,44
28,56667	53,44
28,58333	53,45
28,60000	53,44
28,61667	53,45
28,63333	53,45
28,65000	53,45
28,66667	53,45
28,68333	53,45
28,70000	53,45
28,71667	53,45
28,73333	53,45
28,75000	53,45
28,76667	53,45
28,78333	53,45
28,80000	53,44
28,81667	53,44
28,83333	53,43
28,85000	53,43
28,86667	53,43
28,88333	53,43
28,90000	53,43
28,91667	53,43
28,93333	53,43
28,95000	53,43
28,96667	53,43
28,98333	53,43
29,00000	53,44
29,01667	53,44
29,03333	53,44
29,05000	53,45
29,06667	53,45
29,08333	53,44
29,10000	53,45
29,11667	53,45
29,13333	53,44
29,15000	53,45
29,16667	53,44
29,18333	53,43
29,20000	53,42
29,21667	53,43
29,23333	53,43
29,25000	53,43
29,26667	53,44
29,28333	53,44
29,30000	53,44
29,31667	53,44
29,33333	53,44
29,35000	53,43
29,36667	53,43
29,38333	53,44
29,40000	53,44
29,41667	53,45
29,43333	53,45
29,45000	53,45
29,46667	53,45
29,48333	53,44
29,50000	53,44
29,51667	53,44
29,53333	53,44
29,55000	53,44
29,56667	53,44
29,58333	53,44
29,60000	53,44
29,61667	53,44
29,63333	53,44
29,65000	53,44
29,66667	53,45
29,68333	53,46
29,70000	53,46
29,71667	53,46
29,73333	53,45
29,75000	53,45
29,76667	53,44
29,78333	53,44
29,80000	53,44
29,81667	53,44
29,83333	53,44
29,85000	53,43
29,86667	53,43
29,88333	53,43
29,90000	53,43
29,91667	53,43
29,93333	53,42
29,95000	53,43
29,96667	53,43
29,98333	53,43
30,00000	53,43
30,01667	53,43
30,03333	53,44
30,05000	53,44
30,06667	53,44
30,08333	53,44
30,10000	53,45
30,11667	53,45
30,13333	53,45
30,15000	53,45
30,16667	53,45
30,18333	53,46
30,20000	53,46
30,21667	53,46
30,23333	53,45
30,25000	53,45
30,26667	53,45
30,28333	53,45
30,30000	53,45
30,31667	53,45
30,33333	53,45
30,35000	53,45
30,36667	53,45
30,38333	53,44
30,40000	53,44
30,41667	53,45
30,43333	53,45
30,45000	53,45
30,46667	53,45
30,48333	53,45
30,50000	53,44
30,51667	53,44
30,53333	53,45
30,55000	53,45
30,56667	53,44
30,58333	53,44
30,60000	53,44
30,61667	53,44
30,63333	53,44
30,65000	53,43
30,66667	53,43
30,68333	53,43
30,70000	53,44
30,71667	53,43
30,73333	53,43
30,75000	53,44
30,76667	53,44
30,78333	53,45
30,80000	53,45
30,81667	53,44
30,83333	53,44
30,85000	53,44
30,86667	53,45
30,88333	53,45
30,90000	53,45
30,91667	53,44
30,93333	53,44
30,95000	53,45
30,96667	53,44
30,98333	53,44
31,00000	53,45
31,01667	53,44
31,03333	53,44
31,05000	53,44
31,06667	53,44
31,08333	53,44
31,10000	53,44
31,11667	53,44
31,13333	53,45
31,15000	53,45
31,16667	53,45
31,18333	53,45
31,20000	53,45
31,21667	53,44
31,23333	53,43
31,25000	53,43
31,26667	53,43
31,28333	53,43
31,30000	53,43
31,31667	53,43
31,33333	53,44
31,35000	53,43
31,36667	53,43
31,38333	53,44
31,40000	53,44
31,41667	53,44
31,43333	53,44
31,45000	53,44
31,46667	53,44
31,48333	53,43
31,50000	53,44
31,51667	53,44
31,53333	53,45
31,55000	53,45
31,56667	53,45
31,58333	53,44
31,60000	53,44
31,61667	53,44
31,63333	53,44
31,65000	53,45
31,66667	53,45
31,68333	53,45
31,70000	53,43
31,71667	53,43
31,73333	53,43
31,75000	53,43
31,76667	53,43
31,78333	53,44
31,80000	53,44
31,81667	53,44
31,83333	53,44
31,85000	53,45
31,86667	53,45
31,88333	53,45
31,90000	53,45
31,91667	53,45
31,93333	53,44
31,95000	53,44
31,96667	53,45
31,98333	53,44
32,00000	53,44

[PDA Multi Chromatogram(Ch1)]
# of Points	      3001
Interval(msec)	640
Start Time(min)	0
End Time(min)	32
Intensity Units	mAU
Intensity Multiplier	1
Type	MultiChrom
Wavelength(nm)	215
Bandwidth(nm)	4
R.Time (min)	Intensity
0,00000	0
0,01067	0
0,02133	-360
0,03200	-715
0,04267	-1066
0,05333	-1416
0,06400	-1765
0,07467	-2111
0,08533	-2459
0,09600	-2807
0,10667	-3150
0,11733	-3492
0,12800	-3834
0,13867	-4178
0,14933	-4521
0,16000	-4863
0,17067	-5204
0,18133	-5543
0,19200	-5879
0,20267	-6214
0,21333	-6546
0,22400	-6875
0,23467	-7200
0,24533	-7521
0,25600	-7839
0,26667	-8159
0,27733	-8476
0,28800	-8786
0,29867	-9095
0,30933	-9403
0,32000	-9707
0,33067	-10011
0,34133	-10312
0,35200	-10609
0,36267	-10905
0,37333	-11199
0,38400	-11491
0,39467	-11781
0,40533	-12068
0,41600	-12356
0,42667	-12641
0,43733	-12922
0,44800	-13201
0,45867	-13479
0,46933	-13757
0,48000	-14035
0,49067	-14311
0,50133	-14584
0,51200	-14856
0,52267	-15126
0,53333	-15393
0,54400	-15661
0,55467	-15928
0,56533	-16196
0,57600	-16463
0,58667	-16726
0,59733	-16992
0,60800	-17259
0,61867	-17529
0,62933	-17800
0,64000	-18071
0,65067	-18342
0,66133	-18617
0,67200	-18895
0,68267	-19172
0,69333	-19452
0,70400	-19736
0,71467	-20022
0,72533	-20312
0,73600	-20601
0,74667	-20892
0,75733	-21184
0,76800	-21477
0,77867	-21774
0,78933	-22073
0,80000	-22370
0,81067	-22667
0,82133	-22965
0,83200	-23263
0,84267	-23561
0,85333	-23858
0,86400	-24156
0,87467	-24454
0,88533	-24751
0,89600	-25048
0,90667	-25342
0,91733	-25634
0,92800	-25924
0,93867	-26209
0,94933	-26492
0,96000	-26773
0,97067	-27049
0,98133	-27320
0,99200	-27583
1,00267	-27839
1,01333	-28089
1,02400	-28330
1,03467	-28565
1,04533	-28788
1,05600	-28997
1,06667	-29194
1,07733	-29379
1,08800	-29549
1,09867	-29704
1,10933	-29839
1,12000	-29958
1,13067	-30059
1,14133	-30144
1,15200	-30212
1,16267	-30255
1,17333	-30277
1,18400	-30280
1,19467	-30263
1,20533	-30227
1,21600	-30170
1,22667	-30091
1,23733	-29992
1,24800	-29874
1,25867	-29737
1,26933	-29580
1,28000	-29403
1,29067	-29206
1,30133	-28990
1,31200	-28756
1,32267	-28503
1,33333	-28230
1,34400	-27939
1,35467	-27631
1,36533	-27305
1,37600	-26961
1,38667	-26598
1,39733	-26219
1,40800	-25824
1,41867	-25413
1,42933	-24985
1,44000	-24540
1,45067	-24081
1,46133	-23604
1,47200	-23111
1,48267	-22606
1,49333	-22086
1,50400	-21552
1,51467	-21006
1,52533	-20451
1,53600	-19884
1,54667	-19305
1,55733	-18716
1,56800	-18119
1,57867	-17514
1,58933	-16901
1,60000	-16282
1,61067	-15655
1,62133	-15022
1,63200	-14389
1,64267	-13753
1,65333	-13114
1,66400	-12473
1,67467	-11830
1,68533	-11189
1,69600	-10549
1,70667	-9913
1,71733	-9278
1,72800	-8645
1,73867	-8017
1,74933	-7394
1,76000	-6775
1,77067	-6161
1,78133	-5551
1,79200	-4945
1,80267	-4344
1,81333	-3747
1,82400	-3156
1,83467	-2574
1,84533	-2000
1,85600	-1433
1,86667	-870
1,87733	-316
1,88800	233
1,89867	777
1,90933	1311
1,92000	1837
1,93067	2356
1,94133	2865
1,95200	3364
1,96267	3855
1,97333	4337
1,98400	4812
1,99467	5276
2,00533	5729
2,01600	6173
2,02667	6608
2,03733	7032
2,04800	7450
2,05867	7860
2,06933	8260
2,08000	8652
2,09067	9034
2,10133	9404
2,11200	9765
2,12267	10118
2,13333	10461
2,14400	10795
2,15467	11121
2,16533	11442
2,17600	11754
2,18667	12057
2,19733	12354
2,20800	12644
2,21867	12925
2,22933	13199
2,24000	13466
2,25067	13727
2,26133	13983
2,27200	14232
2,28267	14477
2,29333	14717
2,30400	14952
2,31467	15180
2,32533	15403
2,33600	15621
2,34667	15835
2,35733	16045
2,36800	16251
2,37867	16453
2,38933	16650
2,40000	16843
2,41067	17033
2,42133	17221
2,43200	17406
2,44267	17587
2,45333	17763
2,46400	17937
2,47467	18106
2,48533	18272
2,49600	18434
2,50667	18590
2,51733	18743
2,52800	18892
2,53867	19041
2,54933	19186
2,56000	19330
2,57067	19472
2,58133	19611
2,59200	19747
2,60267	19880
2,61333	20012
2,62400	20141
2,63467	20271
2,64533	20397
2,65600	20520
2,66667	20643
2,67733	20761
2,68800	20875
2,69867	20990
2,70933	21103
2,72000	21213
2,73067	21322
2,74133	21428
2,75200	21530
2,76267	21631
2,77333	21728
2,78400	21822
2,79467	21914
2,80533	22004
2,81600	22092
2,82667	22179
2,83733	22265
2,84800	22351
2,85867	22434
2,86933	22518
2,88000	22604
2,89067	22686
2,90133	22767
2,91200	22849
2,92267	22929
2,93333	23008
2,94400	23086
2,95467	23161
2,96533	23238
2,97600	23315
2,98667	23389
2,99733	23462
3,00800	23535
3,01867	23607
3,02933	23675
3,04000	23742
3,05067	23812
3,06133	23882
3,07200	23950
3,08267	24019
3,09333	24088
3,10400	24158
3,11467	24224
3,12533	24287
3,13600	24353
3,14667	24418
3,15733	24486
3,16800	24554
3,17867	24619
3,18933	24683
3,20000	24748
3,21067	24811
3,22133	24873
3,23200	24936
3,24267	24995
3,25333	25050
3,26400	25106
3,27467	25163
3,28533	25218
3,29600	25270
3,30667	25322
3,31733	25371
3,32800	25421
3,33867	25472
3,34933	25526
3,36000	25579
3,37067	25632
3,38133	25683
3,39200	25733
3,40267	25786
3,41333	25838
3,42400	25892
3,43467	25945
3,44533	25999
3,45600	26053
3,46667	26103
3,47733	26156
3,48800	26209
3,49867	26260
3,50933	26313
3,52000	26364
3,53067	26413
3,54133	26456
3,55200	26482
3,56267	26454
3,57333	26306
3,58400	25958
3,59467	25334
3,60533	24384
3,61600	23106
3,62667	21550
3,63733	19798
3,64800	17972
3,65867	16230
3,66933	14751
3,68000	13721
3,69067	13267
3,70133	13406
3,71200	14061
3,72267	15096
3,73333	16381
3,74400	17823
3,75467	19407
3,76533	21185
3,77600	23237
3,78667	25605
3,79733	28206
3,80800	30758
3,81867	32822
3,82933	34012
3,84000	34239
3,85067	33706
3,86133	32733
3,87200	31594
3,88267	30476
3,89333	29492
3,90400	28697
3,91467	28097
3,92533	27674
3,93600	27394
3,94667	27222
3,95733	27125
3,96800	27081
3,97867	27076
3,98933	27095
4,00000	27135
4,01067	27197
4,02133	27277
4,03200	27375
4,04267	27494
4,05333	27623
4,06400	27328
4,07467	22889
4,08533	7475
4,09600	-21280
4,10667	-58540
4,11733	-97276
4,12800	-132609
4,13867	-162561
4,14933	-186541
4,16000	-204584
4,17067	-217339
4,18133	-225979
4,19200	-231779
4,20267	-234691
4,21333	-229033
4,22400	-205300
4,23467	-140340
4,24533	116485
4,25600	617529
4,26667	1077329
4,27733	1318347
4,28800	1399713
4,29867	1367952
4,30933	1253653
4,32000	1086431
4,33067	893283
4,34133	696309
4,35200	511934
4,36267	350362
4,37333	216638
4,38400	111654
4,39467	33093
4,40533	-23659
4,41600	-64037
4,42667	-92680
4,43733	-113020
4,44800	-127455
4,45867	-137651
4,46933	-144808
4,48000	-149801
4,49067	-153258
4,50133	-155601
4,51200	-157101
4,52267	-157944
4,53333	-158304
4,54400	-158375
4,55467	-158348
4,56533	-158374
4,57600	-158523
4,58667	-158793
4,59733	-159141
4,60800	-159515
4,61867	-159870
4,62933	-160175
4,64000	-160415
4,65067	-160584
4,66133	-160691
4,67200	-160746
4,68267	-160758
4,69333	-160744
4,70400	-160715
4,71467	-160684
4,72533	-160660
4,73600	-160651
4,74667	-160662
4,75733	-160694
4,76800	-160745
4,77867	-160817
4,78933	-160912
4,80000	-161033
4,81067	-161178
4,82133	-161347
4,83200	-161539
4,84267	-161761
4,85333	-162015
4,86400	-162302
4,87467	-162617
4,88533	-162953
4,89600	-163301
4,90667	-163653
4,91733	-164004
4,92800	-164348
4,93867	-164680
4,94933	-164994
4,96000	-165283
4,97067	-165554
4,98133	-165816
4,99200	-166092
5,00267	-166396
5,01333	-143089
5,02400	104445
5,03467	718960
5,04533	1369430
5,05600	1785624
5,06667	2034014
5,07733	2178381
5,08800	2255687
5,09867	2284863
5,10933	2276002
5,12000	2238918
5,13067	2187596
5,14133	2136844
5,15200	2095295
5,16267	2065153
5,17333	2044968
5,18400	2031998
5,19467	2024191
5,20533	2019980
5,21600	2017979
5,22667	2017668
5,23733	2018642
5,24800	2020407
5,25867	2022648
5,26933	2025209
5,28000	2028263
5,29067	2031474
5,30133	2034655
5,31200	2037810
5,32267	2040544
5,33333	2043142
5,34400	2045409
5,35467	2047032
5,36533	2048432
5,37600	2049574
5,38667	2050231
5,39733	2050377
5,40800	2050133
5,41867	2049679
5,42933	2049133
5,44000	2048175
5,45067	2047141
5,46133	2046233
5,47200	2045232
5,48267	2044605
5,49333	2044059
5,50400	2043484
5,51467	2043346
5,52533	2043589
5,53600	2044213
5,54667	2045231
5,55733	2046856
5,56800	2048893
5,57867	2051294
5,58933	2054329
5,60000	2058111
5,61067	2063266
5,62133	2074557
5,63200	2101175
5,64267	2147051
5,65333	2202660
5,66400	2252168
5,67467	2286511
5,68533	2305432
5,69600	2312730
5,70667	2312504
5,71733	2308199
5,72800	2300927
5,73867	2290340
5,74933	2275651
5,76000	2255385
5,77067	2229060
5,78133	2196385
5,79200	2157611
5,80267	2113668
5,81333	2065283
5,82400	2012833
5,83467	1956024
5,84533	1894790
5,85600	1829328
5,86667	1760167
5,87733	1688184
5,88800	1614481
5,89867	1540250
5,90933	1466287
5,92000	1392851
5,93067	1319928
5,94133	1247540
5,95200	1175899
5,96267	1105494
5,97333	1037114
5,98400	971498
5,99467	909219
6,00533	850727
6,01600	796224
6,02667	745739
6,03733	699173
6,04800	656326
6,05867	616958
6,06933	580822
6,08000	547664
6,09067	517220
6,10133	489261
6,11200	463564
6,12267	439929
6,13333	418180
6,14400	398158
6,15467	379716
6,16533	362715
6,17600	347028
6,18667	332545
6,19733	319161
6,20800	306780
6,21867	295311
6,22933	284668
6,24000	274780
6,25067	265582
6,26133	257015
6,27200	249018
6,28267	241543
6,29333	234541
6,30400	227970
6,31467	221805
6,32533	216008
6,33600	210546
6,34667	205393
6,35733	200524
6,36800	195918
6,37867	191558
6,38933	187424
6,40000	183498
6,41067	179764
6,42133	176212
6,43200	172828
6,44267	169600
6,45333	166517
6,46400	163572
6,47467	160752
6,48533	158054
6,49600	155472
6,50667	152997
6,51733	150625
6,52800	148347
6,53867	146161
6,54933	144062
6,56000	142042
6,57067	140099
6,58133	138229
6,59200	136428
6,60267	134692
6,61333	133016
6,62400	131401
6,63467	129843
6,64533	128335
6,65600	126877
6,66667	125466
6,67733	124102
6,68800	122780
6,69867	121500
6,70933	120262
6,72000	119065
6,73067	117905
6,74133	116779
6,75200	115692
6,76267	114638
6,77333	113618
6,78400	112631
6,79467	111675
6,80533	110749
6,81600	109849
6,82667	108978
6,83733	108137
6,84800	107320
6,85867	106531
6,86933	105770
6,88000	105042
6,89067	104348
6,90133	103692
6,91200	103075
6,92267	102495
6,93333	101937
6,94400	101390
6,95467	100855
6,96533	100326
6,97600	99802
6,98667	99290
6,99733	98790
7,00800	98299
7,01867	97816
7,02933	97339
7,04000	96862
7,05067	96385
7,06133	95909
7,07200	95437
7,08267	94969
7,09333	94505
7,10400	94045
7,11467	93589
7,12533	93925
7,13600	119885
7,14667	276046
7,15733	626169
7,16800	1028807
7,17867	1340926
7,18933	1555278
7,20000	1695534
7,21067	1784311
7,22133	1839002
7,23200	1871642
7,24267	1889745
7,25333	1897829
7,26400	1898866
7,27467	1894474
7,28533	1885618
7,29600	1873159
7,30667	1857345
7,31733	1838113
7,32800	1815413
7,33867	1789092
7,34933	1758422
7,36000	1722389
7,37067	1679593
7,38133	1627938
7,39200	1565114
7,40267	1488897
7,41333	1397975
7,42400	1292900
7,43467	1176489
7,44533	1053531
7,45600	929676
7,46667	810241
7,47733	699362
7,48800	599672
7,49867	512347
7,50933	437428
7,52000	374221
7,53067	321627
7,54133	278377
7,55200	243176
7,56267	214792
7,57333	192104
7,58400	174111
7,59467	159931
7,60533	148801
7,61600	140081
7,62667	133244
7,63733	127862
7,64800	123590
7,65867	120152
7,66933	117340
7,68000	114998
7,69067	113010
7,70133	111285
7,71200	109762
7,72267	108395
7,73333	107149
7,74400	105999
7,75467	104928
7,76533	103923
7,77600	102975
7,78667	102078
7,79733	101224
7,80800	100412
7,81867	99637
7,82933	98895
7,84000	98188
7,85067	97510
7,86133	96861
7,87200	96239
7,88267	95642
7,89333	95073
7,90400	94527
7,91467	94002
7,92533	93499
7,93600	93023
7,94667	92564
7,95733	92119
7,96800	91697
7,97867	91291
7,98933	90898
8,00000	90518
8,01067	90150
8,02133	89795
8,03200	89450
8,04267	89116
8,05333	88792
8,06400	88474
8,07467	88159
8,08533	87851
8,09600	87548
8,10667	87251
8,11733	86961
8,12800	86676
8,13867	86393
8,14933	86117
8,16000	85850
8,17067	85588
8,18133	85327
8,19200	85065
8,20267	84807
8,21333	84551
8,22400	84293
8,23467	84037
8,24533	83784
8,25600	83534
8,26667	83289
8,27733	83049
8,28800	82812
8,29867	82580
8,30933	82350
8,32000	82125
8,33067	81907
8,34133	81694
8,35200	81482
8,36267	81275
8,37333	81070
8,38400	80867
8,39467	80668
8,40533	80472
8,41600	80275
8,42667	80078
8,43733	79883
8,44800	79694
8,45867	79505
8,46933	79317
8,48000	79132
8,49067	78953
8,50133	78778
8,51200	78603
8,52267	78431
8,53333	78261
8,54400	78094
8,55467	77928
8,56533	77766
8,57600	77607
8,58667	77449
8,59733	77292
8,60800	77138
8,61867	76986
8,62933	76835
8,64000	76686
8,65067	76538
8,66133	76389
8,67200	76240
8,68267	76093
8,69333	75948
8,70400	75804
8,71467	75657
8,72533	75506
8,73600	75356
8,74667	75210
8,75733	75067
8,76800	74925
8,77867	74786
8,78933	74650
8,80000	74520
8,81067	74397
8,82133	74273
8,83200	74152
8,84267	74034
8,85333	73920
8,86400	73810
8,87467	73706
8,88533	73606
8,89600	73508
8,90667	73413
8,91733	73320
8,92800	73228
8,93867	73137
8,94933	73052
8,96000	72969
8,97067	72886
8,98133	72805
8,99200	72724
9,00267	72646
9,01333	72571
9,02400	72498
9,03467	72422
9,04533	72347
9,05600	72274
9,06667	72201
9,07733	72132
9,08800	72063
9,09867	71995
9,10933	71926
9,12000	71859
9,13067	71794
9,14133	71731
9,15200	71670
9,16267	71609
9,17333	71551
9,18400	71496
9,19467	71443
9,20533	71394
9,21600	71347
9,22667	71301
9,23733	71257
9,24800	71210
9,25867	71166
9,26933	71124
9,28000	71077
9,29067	71027
9,30133	70977
9,31200	70927
9,32267	70875
9,33333	70820
9,34400	70758
9,35467	70692
9,36533	70622
9,37600	70547
9,38667	70471
9,39733	70392
9,40800	70312
9,41867	70233
9,42933	70153
9,44000	70072
9,45067	69990
9,46133	69909
9,47200	69829
9,48267	69751
9,49333	69672
9,50400	69595
9,51467	69518
9,52533	69439
9,53600	69359
9,54667	69279
9,55733	69198
9,56800	69118
9,57867	69037
9,58933	68956
9,60000	68881
9,61067	68811
9,62133	68749
9,63200	68693
9,64267	68645
9,65333	68606
9,66400	68568
9,67467	68528
9,68533	68480
9,69600	68422
9,70667	68353
9,71733	68273
9,72800	68188
9,73867	68099
9,74933	68010
9,76000	67925
9,77067	67850
9,78133	67782
9,79200	67721
9,80267	67669
9,81333	67622
9,82400	67577
9,83467	67538
9,84533	67502
9,85600	67468
9,86667	67435
9,87733	67405
9,88800	67381
9,89867	67361
9,90933	67345
9,92000	67333
9,93067	67328
9,94133	67333
9,95200	67345
9,96267	67366
9,97333	67398
9,98400	67440
9,99467	67488
10,00533	67543
10,01600	67600
10,02667	67653
10,03733	67706
10,04800	67770
10,05867	67866
10,06933	68032
10,08000	68318
10,09067	68755
10,10133	69328
10,11200	69961
10,12267	70532
10,13333	70905
10,14400	70989
10,15467	70776
10,16533	70327
10,17600	69744
10,18667	69132
10,19733	68567
10,20800	68081
10,21867	67681
10,22933	67354
10,24000	67092
10,25067	66878
10,26133	66695
10,27200	66537
10,28267	66400
10,29333	66278
10,30400	66171
10,31467	66076
10,32533	65991
10,33600	65923
10,34667	65874
10,35733	65851
10,36800	65869
10,37867	65948
10,38933	66121
10,40000	66445
10,41067	67010
10,42133	67976
10,43200	69595
10,44267	72255
10,45333	76541
10,46400	83302
10,47467	93673
10,48533	109104
10,49600	131355
10,50667	162387
10,51733	204196
10,52800	258524
10,53867	326431
10,54933	407792
10,56000	500882
10,57067	602105
10,58133	706097
10,59200	806282
10,60267	895672
10,61333	967845
10,62400	1017644
10,63467	1041713
10,64533	1038728
10,65600	1009468
10,66667	956951
10,67733	886123
10,68800	803181
10,69867	714627
10,70933	626307
10,72000	542725
10,73067	466756
10,74133	399756
10,75200	341910
10,76267	292655
10,77333	251063
10,78400	216114
10,79467	186846
10,80533	162424
10,81600	142143
10,82667	125408
10,83733	111714
10,84800	100619
10,85867	91736
10,86933	84708
10,88000	79217
10,89067	74981
10,90133	71757
10,91200	69336
10,92267	67543
10,93333	66224
10,94400	65261
10,95467	64565
10,96533	64061
10,97600	63700
10,98667	63438
10,99733	63242
11,00800	63096
11,01867	62985
11,02933	62898
11,04000	62827
11,05067	62768
11,06133	62715
11,07200	62668
11,08267	62624
11,09333	62586
11,10400	62553
11,11467	62520
11,12533	62489
11,13600	62460
11,14667	62430
11,15733	62399
11,16800	62371
11,17867	62345
11,18933	62317
11,20000	62288
11,21067	62262
11,22133	62235
11,23200	62207
11,24267	62179
11,25333	62153
11,26400	62130
11,27467	62100
11,28533	62072
11,29600	62045
11,30667	62020
11,31733	61997
11,32800	61975
11,33867	61954
11,34933	61936
11,36000	61918
11,37067	61898
11,38133	61884
11,39200	61874
11,40267	61864
11,41333	61856
11,42400	61853
11,43467	61853
11,44533	61849
11,45600	61844
11,46667	61837
11,47733	61821
11,48800	61796
11,49867	61766
11,50933	61735
11,52000	61705
11,53067	61672
11,54133	61639
11,55200	61611
11,56267	61582
11,57333	61556
11,58400	61533
11,59467	61509
11,60533	61486
11,61600	61465
11,62667	61444
11,63733	61423
11,64800	61404
11,65867	61385
11,66933	61363
11,68000	61339
11,69067	61316
11,70133	61293
11,71200	61269
11,72267	61247
11,73333	61227
11,74400	61207
11,75467	61187
11,76533	61165
11,77600	61143
11,78667	61123
11,79733	61106
11,80800	61087
11,81867	61070
11,82933	61054
11,84000	61035
11,85067	61015
11,86133	60995
11,87200	60976
11,88267	60959
11,89333	60944
11,90400	60928
11,91467	60912
11,92533	60898
11,93600	60885
11,94667	60871
11,95733	60858
11,96800	60849
11,97867	60841
11,98933	60834
12,00000	60833
12,01067	60832
12,02133	60829
12,03200	60829
12,04267	60832
12,05333	60838
12,06400	60849
12,07467	60863
12,08533	60877
12,09600	60891
12,10667	60899
12,11733	60906
12,12800	60909
12,13867	60906
12,14933	60903
12,16000	60896
12,17067	60882
12,18133	60867
12,19200	60852
12,20267	60837
12,21333	60825
12,22400	60816
12,23467	60807
12,24533	60799
12,25600	60792
12,26667	60786
12,27733	60783
12,28800	60778
12,29867	60772
12,30933	60771
12,32000	60768
12,33067	60764
12,34133	60759
12,35200	60750
12,36267	60738
12,37333	60726
12,38400	60713
12,39467	60694
12,40533	60672
12,41600	60648
12,42667	60619
12,43733	60588
12,44800	60550
12,45867	60507
12,46933	60457
12,48000	60402
12,49067	60343
12,50133	60279
12,51200	60209
12,52267	60134
12,53333	60055
12,54400	59970
12,55467	59876
12,56533	59777
12,57600	59671
12,58667	59563
12,59733	59452
12,60800	59334
12,61867	59213
12,62933	59091
12,64000	58965
12,65067	58837
12,66133	58705
12,67200	58575
12,68267	58440
12,69333	58299
12,70400	58156
12,71467	58010
12,72533	57862
12,73600	57710
12,74667	57558
12,75733	57407
12,76800	57262
12,77867	57121
12,78933	56982
12,80000	56844
12,81067	56715
12,82133	56596
12,83200	56483
12,84267	56376
12,85333	56274
12,86400	56182
12,87467	56095
12,88533	56009
12,89600	55924
12,90667	55837
12,91733	55745
12,92800	55649
12,93867	55552
12,94933	55450
12,96000	55346
12,97067	55241
12,98133	55136
12,99200	55027
13,00267	54922
13,01333	54826
13,02400	54736
13,03467	54650
13,04533	54570
13,05600	54494
13,06667	54418
13,07733	54347
13,08800	54284
13,09867	54225
13,10933	54167
13,12000	54111
13,13067	54060
13,14133	54015
13,15200	53969
13,16267	53923
13,17333	53884
13,18400	53847
13,19467	53811
13,20533	53779
13,21600	53748
13,22667	53719
13,23733	53694
13,24800	53668
13,25867	53642
13,26933	53617
13,28000	53594
13,29067	53572
13,30133	53549
13,31200	53527
13,32267	53505
13,33333	53481
13,34400	53460
13,35467	53438
13,36533	53416
13,37600	53395
13,38667	53374
13,39733	53353
13,40800	53334
13,41867	53315
13,42933	53298
13,44000	53281
13,45067	53267
13,46133	53255
13,47200	53242
13,48267	53225
13,49333	53208
13,50400	53191
13,51467	53175
13,52533	53157
13,53600	53139
13,54667	53121
13,55733	53103
13,56800	53084
13,57867	53064
13,58933	53043
13,60000	53026
13,61067	53009
13,62133	52993
13,63200	52978
13,64267	52963
13,65333	52948
13,66400	52934
13,67467	52922
13,68533	52910
13,69600	52897
13,70667	52885
13,71733	52875
13,72800	52868
13,73867	52862
13,74933	52853
13,76000	52843
13,77067	52836
13,78133	52833
13,79200	52829
13,80267	52826
13,81333	52825
13,82400	52825
13,83467	52823
13,84533	52818
13,85600	52814
13,86667	52812
13,87733	52814
13,88800	52813
13,89867	52810
13,90933	52809
13,92000	52806
13,93067	52803
13,94133	52798
13,95200	52793
13,96267	52787
13,97333	52775
13,98400	52764
13,99467	52754
14,00533	52740
14,01600	52728
14,02667	52716
14,03733	52703
14,04800	52692
14,05867	52681
14,06933	52667
14,08000	52654
14,09067	52643
14,10133	52631
14,11200	52617
14,12267	52603
14,13333	52587
14,14400	52570
14,15467	52553
14,16533	52539
14,17600	52526
14,18667	52517
14,19733	52509
14,20800	52499
14,21867	52490
14,22933	52484
14,24000	52479
14,25067	52477
14,26133	52475
14,27200	52471
14,28267	52470
14,29333	52466
14,30400	52463
14,31467	52460
14,32533	52458
14,33600	52457
14,34667	52457
14,35733	52456
14,36800	52453
14,37867	52453
14,38933	52454
14,40000	52457
14,41067	52457
14,42133	52460
14,43200	52465
14,44267	52469
14,45333	52473
14,46400	52478
14,47467	52481
14,48533	52484
14,49600	52489
14,50667	52493
14,51733	52496
14,52800	52497
14,53867	52500
14,54933	52503
14,56000	52503
14,57067	52501
14,58133	52499
14,59200	52499
14,60267	52498
14,61333	52495
14,62400	52490
14,63467	52485
14,64533	52481
14,65600	52479
14,66667	52478
14,67733	52475
14,68800	52471
14,69867	52467
14,70933	52465
14,72000	52464
14,73067	52460
14,74133	52457
14,75200	52454
14,76267	52451
14,77333	52447
14,78400	52443
14,79467	52439
14,80533	52433
14,81600	52429
14,82667	52423
14,83733	52416
14,84800	52407
14,85867	52399
14,86933	52394
14,88000	52389
14,89067	52381
14,90133	52373
14,91200	52364
14,92267	52358
14,93333	52353
14,94400	52347
14,95467	52338
14,96533	52327
14,97600	52319
14,98667	52314
14,99733	52308
15,00800	52300
15,01867	52292
15,02933	52285
15,04000	52277
15,05067	52270
15,06133	52264
15,07200	52256
15,08267	52249
15,09333	52244
15,10400	52237
15,11467	52231
15,12533	52231
15,13600	52231
15,14667	52228
15,15733	52226
15,16800	52228
15,17867	52229
15,18933	52231
15,20000	52236
15,21067	52241
15,22133	52245
15,23200	52255
15,24267	52266
15,25333	52273
15,26400	52279
15,27467	52288
15,28533	52296
15,29600	52304
15,30667	52312
15,31733	52319
15,32800	52324
15,33867	52332
15,34933	52338
15,36000	52341
15,37067	52343
15,38133	52343
15,39200	52342
15,40267	52340
15,41333	52333
15,42400	52320
15,43467	52306
15,44533	52290
15,45600	52270
15,46667	52243
15,47733	52210
15,48800	52172
15,49867	52130
15,50933	52083
15,52000	52035
15,53067	51986
15,54133	51928
15,55200	51866
15,56267	51804
15,57333	51738
15,58400	51669
15,59467	51598
15,60533	51526
15,61600	51455
15,62667	51381
15,63733	51308
15,64800	51235
15,65867	51163
15,66933	51091
15,68000	51018
15,69067	50945
15,70133	50876
15,71200	50807
15,72267	50736
15,73333	50667
15,74400	50598
15,75467	50533
15,76533	50471
15,77600	50410
15,78667	50349
15,79733	50292
15,80800	50237
15,81867	50184
15,82933	50131
15,84000	50080
15,85067	50033
15,86133	49989
15,87200	49951
15,88267	49911
15,89333	49869
15,90400	49828
15,91467	49792
15,92533	49757
15,93600	49724
15,94667	49696
15,95733	49668
15,96800	49639
15,97867	49612
15,98933	49587
16,00000	49563
16,01067	49542
16,02133	49519
16,03200	49497
16,04267	49474
16,05333	49453
16,06400	49435
16,07467	49416
16,08533	49396
16,09600	49376
16,10667	49355
16,11733	49338
16,12800	49320
16,13867	49300
16,14933	49282
16,16000	49266
16,17067	49251
16,18133	49234
16,19200	49217
16,20267	49202
16,21333	49187
16,22400	49173
16,23467	49159
16,24533	49145
16,25600	49130
16,26667	49117
16,27733	49102
16,28800	49088
16,29867	49075
16,30933	49064
16,32000	49054
16,33067	49041
16,34133	49029
16,35200	49022
16,36267	49010
16,37333	48996
16,38400	48984
16,39467	48974
16,40533	48965
16,41600	48952
16,42667	48940
16,43733	48931
16,44800	48921
16,45867	48910
16,46933	48900
16,48000	48887
16,49067	48874
16,50133	48860
16,51200	48847
16,52267	48838
16,53333	48825
16,54400	48811
16,55467	48799
16,56533	48787
16,57600	48773
16,58667	48758
16,59733	48746
16,60800	48733
16,61867	48720
16,62933	48710
16,64000	48699
16,65067	48687
16,66133	48675
16,67200	48663
16,68267	48652
16,69333	48641
16,70400	48629
16,71467	48617
16,72533	48608
16,73600	48598
16,74667	48592
16,75733	48586
16,76800	48581
16,77867	48577
16,78933	48575
16,80000	48572
16,81067	48569
16,82133	48564
16,83200	48557
16,84267	48553
16,85333	48548
16,86400	48544
16,87467	48543
16,88533	48542
16,89600	48540
16,90667	48542
16,91733	48544
16,92800	48544
16,93867	48546
16,94933	48548
16,96000	48552
16,97067	48559
16,98133	48564
16,99200	48567
17,00267	48570
17,01333	48572
17,02400	48569
17,03467	48564
17,04533	48559
17,05600	48554
17,06667	48548
17,07733	48540
17,08800	48531
17,09867	48520
17,10933	48508
17,12000	48495
17,13067	48482
17,14133	48471
17,15200	48460
17,16267	48447
17,17333	48437
17,18400	48428
17,19467	48419
17,20533	48409
17,21600	48401
17,22667	48394
17,23733	48386
17,24800	48377
17,25867	48369
17,26933	48360
17,28000	48349
17,29067	48339
17,30133	48333
17,31200	48325
17,32267	48314
17,33333	48305
17,34400	48294
17,35467	48281
17,36533	48269
17,37600	48257
17,38667	48246
17,39733	48236
17,40800	48225
17,41867	48213
17,42933	48205
17,44000	48197
17,45067	48189
17,46133	48180
17,47200	48170
17,48267	48161
17,49333	48153
17,50400	48145
17,51467	48135
17,52533	48126
17,53600	48117
17,54667	48106
17,55733	48097
17,56800	48089
17,57867	48084
17,58933	48082
17,60000	48080
17,61067	48078
17,62133	48075
17,63200	48073
17,64267	48070
17,65333	48065
17,66400	48062
17,67467	48062
17,68533	48066
17,69600	48066
17,70667	48064
17,71733	48062
17,72800	48059
17,73867	48060
17,74933	48062
17,76000	48063
17,77067	48060
17,78133	48059
17,79200	48059
17,80267	48058
17,81333	48057
17,82400	48053
17,83467	48049
17,84533	48045
17,85600	48039
17,86667	48033
17,87733	48025
17,88800	48018
17,89867	48012
17,90933	48008
17,92000	48001
17,93067	47994
17,94133	47988
17,95200	47982
17,96267	47974
17,97333	47966
17,98400	47959
17,99467	47956
18,00533	47953
18,01600	47948
18,02667	47946
18,03733	47944
18,04800	47942
18,05867	47940
18,06933	47941
18,08000	47942
18,09067	47943
18,10133	47945
18,11200	47950
18,12267	47956
18,13333	47967
18,14400	47983
18,15467	47998
18,16533	48013
18,17600	48033
18,18667	48055
18,19733	48074
18,20800	48095
18,21867	48115
18,22933	48134
18,24000	48151
18,25067	48165
18,26133	48177
18,27200	48193
18,28267	48205
18,29333	48214
18,30400	48223
18,31467	48231
18,32533	48235
18,33600	48240
18,34667	48244
18,35733	48244
18,36800	48241
18,37867	48237
18,38933	48233
18,40000	48227
18,41067	48217
18,42133	48202
18,43200	48180
18,44267	48156
18,45333	48131
18,46400	48104
18,47467	48074
18,48533	48040
18,49600	48004
18,50667	47970
18,51733	47937
18,52800	47901
18,53867	47866
18,54933	47834
18,56000	47805
18,57067	47779
18,58133	47754
18,59200	47732
18,60267	47712
18,61333	47694
18,62400	47678
18,63467	47663
18,64533	47651
18,65600	47642
18,66667	47635
18,67733	47630
18,68800	47628
18,69867	47625
18,70933	47626
18,72000	47625
18,73067	47626
18,74133	47629
18,75200	47631
18,76267	47637
18,77333	47643
18,78400	47651
18,79467	47660
18,80533	47668
18,81600	47677
18,82667	47691
18,83733	47705
18,84800	47715
18,85867	47723
18,86933	47733
18,88000	47743
18,89067	47754
18,90133	47763
18,91200	47773
18,92267	47785
18,93333	47796
18,94400	47806
18,95467	47815
18,96533	47825
18,97600	47831
18,98667	47833
18,99733	47837
19,00800	47841
19,01867	47845
19,02933	47848
19,04000	47852
19,05067	47853
19,06133	47853
19,07200	47855
19,08267	47860
19,09333	47862
19,10400	47868
19,11467	47879
19,12533	47897
19,13600	47922
19,14667	47954
19,15733	47993
19,16800	48042
19,17867	48101
19,18933	48166
19,20000	48234
19,21067	48309
19,22133	48389
19,23200	48467
19,24267	48544
19,25333	48617
19,26400	48680
19,27467	48728
19,28533	48762
19,29600	48782
19,30667	48785
19,31733	48772
19,32800	48739
19,33867	48694
19,34933	48637
19,36000	48570
19,37067	48495
19,38133	48414
19,39200	48331
19,40267	48249
19,41333	48167
19,42400	48087
19,43467	48010
19,44533	47940
19,45600	47874
19,46667	47811
19,47733	47755
19,48800	47704
19,49867	47657
19,50933	47615
19,52000	47574
19,53067	47536
19,54133	47502
19,55200	47474
19,56267	47450
19,57333	47427
19,58400	47405
19,59467	47384
19,60533	47365
19,61600	47349
19,62667	47336
19,63733	47324
19,64800	47312
19,65867	47303
19,66933	47295
19,68000	47287
19,69067	47281
19,70133	47275
19,71200	47271
19,72267	47268
19,73333	47265
19,74400	47262
19,75467	47257
19,76533	47254
19,77600	47251
19,78667	47249
19,79733	47246
19,80800	47241
19,81867	47239
19,82933	47240
19,84000	47242
19,85067	47243
19,86133	47244
19,87200	47241
19,88267	47238
19,89333	47236
19,90400	47232
19,91467	47227
19,92533	47222
19,93600	47219
19,94667	47216
19,95733	47212
19,96800	47205
19,97867	47201
19,98933	47197
20,00000	47191
20,01067	47186
20,02133	47181
20,03200	47177
20,04267	47170
20,05333	47166
20,06400	47162
20,07467	47156
20,08533	47152
20,09600	47146
20,10667	47140
20,11733	47133
20,12800	47127
20,13867	47123
20,14933	47118
20,16000	47112
20,17067	47107
20,18133	47105
20,19200	47101
20,20267	47097
20,21333	47094
20,22400	47090
20,23467	47090
20,24533	47091
20,25600	47090
20,26667	47089
20,27733	47091
20,28800	47097
20,29867	47106
20,30933	47117
20,32000	47132
20,33067	47151
20,34133	47173
20,35200	47199
20,36267	47233
20,37333	47270
20,38400	47316
20,39467	47368
20,40533	47426
20,41600	47491
20,42667	47566
20,43733	47651
20,44800	47743
20,45867	47844
20,46933	47958
20,48000	48079
20,49067	48209
20,50133	48345
20,51200	48490
20,52267	48646
20,53333	48811
20,54400	48984
20,55467	49163
20,56533	49349
20,57600	49543
20,58667	49740
20,59733	49941
20,60800	50148
20,61867	50360
20,62933	50571
20,64000	50784
20,65067	50998
20,66133	51213
20,67200	51427
20,68267	51638
20,69333	51848
20,70400	52054
20,71467	52258
20,72533	52458
20,73600	52654
20,74667	52847
20,75733	53032
20,76800	53212
20,77867	53389
20,78933	53560
20,80000	53725
20,81067	53883
20,82133	54035
20,83200	54183
20,84267	54326
20,85333	54462
20,86400	54592
20,87467	54719
20,88533	54840
20,89600	54954
20,90667	55067
20,91733	55174
20,92800	55276
20,93867	55374
20,94933	55468
20,96000	55554
20,97067	55636
20,98133	55717
20,99200	55793
21,00267	55868
21,01333	55942
21,02400	56011
21,03467	56079
21,04533	56143
21,05600	56204
21,06667	56262
21,07733	56316
21,08800	56373
21,09867	56428
21,10933	56479
21,12000	56527
21,13067	56572
21,14133	56614
21,15200	56657
21,16267	56697
21,17333	56735
21,18400	56770
21,19467	56804
21,20533	56837
21,21600	56870
21,22667	56898
21,23733	56925
21,24800	56948
21,25867	56972
21,26933	56997
21,28000	57021
21,29067	57044
21,30133	57066
21,31200	57089
21,32267	57108
21,33333	57126
21,34400	57145
21,35467	57166
21,36533	57187
21,37600	57206
21,38667	57224
21,39733	57245
21,40800	57266
21,41867	57284
21,42933	57303
21,44000	57326
21,45067	57348
21,46133	57372
21,47200	57398
21,48267	57423
21,49333	57450
21,50400	57476
21,51467	57503
21,52533	57531
21,53600	57559
21,54667	57589
21,55733	57618
21,56800	57647
21,57867	57678
21,58933	57708
21,60000	57736
21,61067	57765
21,62133	57794
21,63200	57820
21,64267	57851
21,65333	57882
21,66400	57909
21,67467	57936
21,68533	57962
21,69600	57986
21,70667	58010
21,71733	58033
21,72800	58056
21,73867	58077
21,74933	58097
21,76000	58117
21,77067	58134
21,78133	58152
21,79200	58171
21,80267	58187
21,81333	58203
21,82400	58220
21,83467	58237
21,84533	58255
21,85600	58272
21,86667	58289
21,87733	58305
21,88800	58325
21,89867	58344
21,90933	58361
21,92000	58377
21,93067	58393
21,94133	58411
21,95200	58428
21,96267	58441
21,97333	58455
21,98400	58471
21,99467	58487
22,00533	58501
22,01600	58514
22,02667	58527
22,03733	58540
22,04800	58556
22,05867	58571
22,06933	58583
22,08000	58597
22,09067	58615
22,10133	58634
22,11200	58654
22,12267	58674
22,13333	58694
22,14400	58717
22,15467	58741
22,16533	58767
22,17600	58796
22,18667	58826
22,19733	58853
22,20800	58879
22,21867	58905
22,22933	58931
22,24000	58959
22,25067	58989
22,26133	59016
22,27200	59041
22,28267	59065
22,29333	59090
22,30400	59115
22,31467	59137
22,32533	59160
22,33600	59186
22,34667	59208
22,35733	59227
22,36800	59247
22,37867	59267
22,38933	59286
22,40000	59299
22,41067	59311
22,42133	59322
22,43200	59329
22,44267	59335
22,45333	59341
22,46400	59342
22,47467	59340
22,48533	59336
22,49600	59332
22,50667	59327
22,51733	59319
22,52800	59308
22,53867	59295
22,54933	59280
22,56000	59264
22,57067	59246
22,58133	59227
22,59200	59211
22,60267	59196
22,61333	59181
22,62400	59167
22,63467	59151
22,64533	59134
22,65600	59118
22,66667	59102
22,67733	59089
22,68800	59080
22,69867	59069
22,70933	59059
22,72000	59050
22,73067	59046
22,74133	59044
22,75200	59043
22,76267	59044
22,77333	59046
22,78400	59049
22,79467	59055
22,80533	59061
22,81600	59068
22,82667	59076
22,83733	59082
22,84800	59088
22,85867	59097
22,86933	59105
22,88000	59110
22,89067	59115
22,90133	59118
22,91200	59122
22,92267	59125
22,93333	59129
22,94400	59131
22,95467	59130
22,96533	59131
22,97600	59133
22,98667	59134
22,99733	59133
23,00800	59133
23,01867	59129
23,02933	59126
23,04000	59123
23,05067	59117
23,06133	59114
23,07200	59114
23,08267	59113
23,09333	59112
23,10400	59112
23,11467	59115
23,12533	59116
23,13600	59121
23,14667	59126
23,15733	59131
23,16800	59138
23,17867	59148
23,18933	59159
23,20000	59169
23,21067	59176
23,22133	59181
23,23200	59186
23,24267	59194
23,25333	59202
23,26400	59212
23,27467	59221
23,28533	59229
23,29600	59238
23,30667	59250
23,31733	59262
23,32800	59269
23,33867	59274
23,34933	59283
23,36000	59292
23,37067	59300
23,38133	59309
23,39200	59315
23,40267	59321
23,41333	59327
23,42400	59332
23,43467	59337
23,44533	59341
23,45600	59342
23,46667	59345
23,47733	59349
23,48800	59352
23,49867	59356
23,50933	59358
23,52000	59359
23,53067	59362
23,54133	59367
23,55200	59371
23,56267	59373
23,57333	59374
23,58400	59378
23,59467	59388
23,60533	59400
23,61600	59411
23,62667	59421
23,63733	59435
23,64800	59451
23,65867	59466
23,66933	59481
23,68000	59497
23,69067	59514
23,70133	59535
23,71200	59553
23,72267	59567
23,73333	59583
23,74400	59595
23,75467	59606
23,76533	59618
23,77600	59626
23,78667	59630
23,79733	59633
23,80800	59636
23,81867	59640
23,82933	59644
23,84000	59647
23,85067	59647
23,86133	59649
23,87200	59650
23,88267	59653
23,89333	59658
23,90400	59662
23,91467	59666
23,92533	59669
23,93600	59675
23,94667	59684
23,95733	59691
23,96800	59699
23,97867	59708
23,98933	59718
24,00000	59729
24,01067	59738
24,02133	59750
24,03200	59763
24,04267	59775
24,05333	59787
24,06400	59801
24,07467	59816
24,08533	59833
24,09600	59852
24,10667	59875
24,11733	59906
24,12800	59943
24,13867	59991
24,14933	60053
24,16000	60133
24,17067	60240
24,18133	60374
24,19200	60540
24,20267	60741
24,21333	60979
24,22400	61260
24,23467	61586
24,24533	61953
24,25600	62364
24,26667	62820
24,27733	63318
24,28800	63858
24,29867	64435
24,30933	65047
24,32000	65692
24,33067	66363
24,34133	67054
24,35200	67762
24,36267	68481
24,37333	69201
24,38400	69914
24,39467	70619
24,40533	71309
24,41600	71980
24,42667	72632
24,43733	73255
24,44800	73844
24,45867	74403
24,46933	74927
24,48000	75416
24,49067	75869
24,50133	76286
24,51200	76668
24,52267	77013
24,53333	77320
24,54400	77590
24,55467	77823
24,56533	78019
24,57600	78183
24,58667	78318
24,59733	78424
24,60800	78497
24,61867	78545
24,62933	78566
24,64000	78562
24,65067	78535
24,66133	78486
24,67200	78412
24,68267	78311
24,69333	78183
24,70400	78031
24,71467	77863
24,72533	77684
24,73600	77512
24,74667	77375
24,75733	77313
24,76800	77384
24,77867	77642
24,78933	78126
24,80000	78836
24,81067	79722
24,82133	80660
24,83200	81497
24,84267	82081
24,85333	82297
24,86400	82106
24,87467	81544
24,88533	80696
24,89600	79667
24,90667	78561
24,91733	77455
24,92800	76386
24,93867	75376
24,94933	74429
24,96000	73542
24,97067	72712
24,98133	71933
24,99200	71204
25,00267	70524
25,01333	69889
25,02400	69299
25,03467	68748
25,04533	68228
25,05600	67739
25,06667	67281
25,07733	66847
25,08800	66429
25,09867	66027
25,10933	65641
25,12000	65264
25,13067	64889
25,14133	64520
25,15200	64154
25,16267	63790
25,17333	63428
25,18400	63069
25,19467	62712
25,20533	62354
25,21600	61999
25,22667	61651
25,23733	61307
25,24800	60969
25,25867	60638
25,26933	60315
25,28000	60010
25,29067	59734
25,30133	59478
25,31200	59217
25,32267	58934
25,33333	58621
25,34400	58281
25,35467	57931
25,36533	57574
25,37600	57213
25,38667	56854
25,39733	56495
25,40800	56134
25,41867	55771
25,42933	55409
25,44000	55045
25,45067	54680
25,46133	54314
25,47200	53948
25,48267	53589
25,49333	53240
25,50400	52907
25,51467	52593
25,52533	52288
25,53600	51978
25,54667	51655
25,55733	51315
25,56800	50970
25,57867	50629
25,58933	50303
25,60000	49989
25,61067	49681
25,62133	49373
25,63200	49065
25,64267	48754
25,65333	48442
25,66400	48131
25,67467	47826
25,68533	47529
25,69600	47239
25,70667	46955
25,71733	46676
25,72800	46402
25,73867	46134
25,74933	45875
25,76000	45627
25,77067	45382
25,78133	45142
25,79200	44911
25,80267	44687
25,81333	44473
25,82400	44259
25,83467	44047
25,84533	43843
25,85600	43648
25,86667	43466
25,87733	43294
25,88800	43128
25,89867	42965
25,90933	42803
25,92000	42644
25,93067	42492
25,94133	42358
25,95200	42246
25,96267	42148
25,97333	42048
25,98400	41930
25,99467	41787
26,00533	41625
26,01600	41458
26,02667	41290
26,03733	41121
26,04800	40959
26,05867	40807
26,06933	40667
26,08000	40537
26,09067	40415
26,10133	40302
26,11200	40198
26,12267	40103
26,13333	40025
26,14400	39980
26,15467	39993
26,16533	40095
26,17600	40333
26,18667	40770
26,19733	41491
26,20800	42615
26,21867	44258
26,22933	46515
26,24000	49406
26,25067	52865
26,26133	56756
26,27200	60906
26,28267	65119
26,29333	69140
26,30400	72559
26,31467	74806
26,32533	75371
26,33600	74074
26,34667	71202
26,35733	67366
26,36800	63213
26,37867	59222
26,38933	55650
26,40000	52589
26,41067	50032
26,42133	47921
26,43200	46189
26,44267	44776
26,45333	43621
26,46400	42674
26,47467	41889
26,48533	41230
26,49600	40672
26,50667	40193
26,51733	39774
26,52800	39399
26,53867	39060
26,54933	38748
26,56000	38459
26,57067	38187
26,58133	37925
26,59200	37675
26,60267	37436
26,61333	37215
26,62400	37020
26,63467	36862
26,64533	36768
26,65600	36773
26,66667	36917
26,67733	37236
26,68800	37742
26,69867	38394
26,70933	39115
26,72000	39808
26,73067	40387
26,74133	40795
26,75200	41010
26,76267	41036
26,77333	40901
26,78400	40640
26,79467	40292
26,80533	39891
26,81600	39464
26,82667	39035
26,83733	38633
26,84800	38279
26,85867	37995
26,86933	37798
26,88000	37705
26,89067	37749
26,90133	38003
26,91200	38547
26,92267	39418
26,93333	40600
26,94400	42065
26,95467	43759
26,96533	45551
26,97600	47174
26,98667	48325
26,99733	48834
27,00800	48753
27,01867	48289
27,02933	47685
27,04000	47144
27,05067	46814
27,06133	46826
27,07200	47258
27,08267	48067
27,09333	49042
27,10400	49869
27,11467	50306
27,12533	50315
27,13600	50124
27,14667	50359
27,15733	52385
27,16800	58370
27,17867	70100
27,18933	86836
27,20000	104501
27,21067	117800
27,22133	123505
27,23200	121831
27,24267	115235
27,25333	106421
27,26400	97226
27,27467	88553
27,28533	80743
27,29600	73895
27,30667	68031
27,31733	63150
27,32800	59216
27,33867	56157
27,34933	53870
27,36000	52226
27,37067	51093
27,38133	50350
27,39200	49892
27,40267	49634
27,41333	49514
27,42400	49484
27,43467	49514
27,44533	49587
27,45600	49685
27,46667	49803
27,47733	49942
27,48800	50092
27,49867	50253
27,50933	50422
27,52000	50601
27,53067	50809
27,54133	51069
27,55200	51402
27,56267	51801
27,57333	52236
27,58400	52672
27,59467	53095
27,60533	53501
27,61600	53854
27,62667	54116
27,63733	54269
27,64800	54331
27,65867	54344
27,66933	54344
27,68000	54335
27,69067	54304
27,70133	54250
27,71200	54197
27,72267	54169
27,73333	54162
27,74400	54148
27,75467	54086
27,76533	53953
27,77600	53756
27,78667	53527
27,79733	53297
27,80800	53087
27,81867	52909
27,82933	52768
27,84000	52661
27,85067	52588
27,86133	52544
27,87200	52520
27,88267	52515
27,89333	52522
27,90400	52528
27,91467	52532
27,92533	52535
27,93600	52542
27,94667	52559
27,95733	52587
27,96800	52620
27,97867	52651
27,98933	52677
28,00000	52693
28,01067	52701
28,02133	52703
28,03200	52700
28,04267	52689
28,05333	52672
28,06400	52652
28,07467	52630
28,08533	52608
28,09600	52590
28,10667	52574
28,11733	52563
28,12800	52561
28,13867	52565
28,14933	52571
28,16000	52577
28,17067	52580
28,18133	52581
28,19200	52581
28,20267	52582
28,21333	52585
28,22400	52589
28,23467	52594
28,24533	52599
28,25600	52603
28,26667	52604
28,27733	52605
28,28800	52605
28,29867	52605
28,30933	52607
28,32000	52611
28,33067	52616
28,34133	52622
28,35200	52625
28,36267	52627
28,37333	52623
28,38400	52617
28,39467	52617
28,40533	52625
28,41600	52640
28,42667	52664
28,43733	52700
28,44800	52749
28,45867	52806
28,46933	52866
28,48000	52919
28,49067	52966
28,50133	53007
28,51200	53042
28,52267	53067
28,53333	53080
28,54400	53078
28,55467	53064
28,56533	53042
28,57600	53013
28,58667	52986
28,59733	52964
28,60800	52953
28,61867	52958
28,62933	52986
28,64000	53040
28,65067	53119
28,66133	53218
28,67200	53324
28,68267	53414
28,69333	53475
28,70400	53493
28,71467	53471
28,72533	53417
28,73600	53342
28,74667	53256
28,75733	53166
28,76800	53075
28,77867	52990
28,78933	52915
28,80000	52850
28,81067	52797
28,82133	52757
28,83200	52726
28,84267	52701
28,85333	52681
28,86400	52660
28,87467	52637
28,88533	52617
28,89600	52601
28,90667	52587
28,91733	52572
28,92800	52556
28,93867	52540
28,94933	52527
28,96000	52521
28,97067	52520
28,98133	52528
28,99200	52539
29,00267	52547
29,01333	52547
29,02400	52541
29,03467	52530
29,04533	52514
29,05600	52496
29,06667	52480
29,07733	52467
29,08800	52459
29,09867	52451
29,10933	52440
29,12000	52431
29,13067	52421
29,14133	52406
29,15200	52388
29,16267	52371
29,17333	52356
29,18400	52344
29,19467	52339
29,20533	52341
29,21600	52357
29,22667	52386
29,23733	52425
29,24800	52475
29,25867	52532
29,26933	52592
29,28000	52655
29,29067	52725
29,30133	52804
29,31200	52901
29,32267	53027
29,33333	53185
29,34400	53388
29,35467	53646
29,36533	53973
29,37600	54391
29,38667	54912
29,39733	55554
29,40800	56336
29,41867	57282
29,42933	58407
29,44000	59733
29,45067	61280
29,46133	63071
29,47200	65126
29,48267	67459
29,49333	70069
29,50400	72938
29,51467	76021
29,52533	79240
29,53600	82492
29,54667	85653
29,55733	88606
29,56800	91251
29,57867	93526
29,58933	95409
29,60000	96911
29,61067	98072
29,62133	98948
29,63200	99595
29,64267	100071
29,65333	100431
29,66400	100720
29,67467	100976
29,68533	101230
29,69600	101510
29,70667	101832
29,71733	102206
29,72800	102644
29,73867	103156
29,74933	103738
29,76000	104382
29,77067	105079
29,78133	105817
29,79200	106577
29,80267	107341
29,81333	108092
29,82400	108811
29,83467	109485
29,84533	110110
29,85600	110678
29,86667	111183
29,87733	111630
29,88800	112013
29,89867	112335
29,90933	112597
29,92000	112808
29,93067	112969
29,94133	113082
29,95200	113149
29,96267	113172
29,97333	113148
29,98400	113081
29,99467	112977
30,00533	112836
30,01600	112657
30,02667	112441
30,03733	112186
30,04800	111893
30,05867	111570
30,06933	111217
30,08000	110838
30,09067	110434
30,10133	110007
30,11200	109564
30,12267	109104
30,13333	108629
30,14400	108143
30,15467	107649
30,16533	107146
30,17600	106635
30,18667	106120
30,19733	105598
30,20800	105073
30,21867	104546
30,22933	104012
30,24000	103472
30,25067	102930
30,26133	102385
30,27200	101838
30,28267	101289
30,29333	100741
30,30400	100188
30,31467	99630
30,32533	99072
30,33600	98512
30,34667	97952
30,35733	97388
30,36800	96820
30,37867	96251
30,38933	95678
30,40000	95101
30,41067	94519
30,42133	93935
30,43200	93352
30,44267	92763
30,45333	92176
30,46400	91592
30,47467	91003
30,48533	90414
30,49600	89826
30,50667	89239
30,51733	88652
30,52800	88062
30,53867	87474
30,54933	86887
30,56000	86297
30,57067	85709
30,58133	85124
30,59200	84538
30,60267	83952
30,61333	83369
30,62400	82789
30,63467	82207
30,64533	81627
30,65600	81048
30,66667	80470
30,67733	79892
30,68800	79318
30,69867	78748
30,70933	78177
30,72000	77607
30,73067	77041
30,74133	76475
30,75200	75910
30,76267	75346
30,77333	74784
30,78400	74222
30,79467	73663
30,80533	73102
30,81600	72540
30,82667	71979
30,83733	71417
30,84800	70855
30,85867	70294
30,86933	69729
30,88000	69168
30,89067	68605
30,90133	68039
30,91200	67475
30,92267	66913
30,93333	66347
30,94400	65779
30,95467	65212
30,96533	64646
30,97600	64081
30,98667	63514
30,99733	62949
31,00800	62382
31,01867	61815
31,02933	61250
31,04000	60683
31,05067	60117
31,06133	59553
31,07200	58990
31,08267	58428
31,09333	57866
31,10400	57305
31,11467	56742
31,12533	56176
31,13600	55613
31,14667	55050
31,15733	54487
31,16800	53926
31,17867	53365
31,18933	52801
31,20000	52240
31,21067	51679
31,22133	51117
31,23200	50558
31,24267	49997
31,25333	49434
31,26400	48871
31,27467	48310
31,28533	47749
31,29600	47185
31,30667	46623
31,31733	46062
31,32800	45503
31,33867	44944
31,34933	44385
31,36000	43828
31,37067	43275
31,38133	42726
31,39200	42177
31,40267	41629
31,41333	41086
31,42400	40545
31,43467	40009
31,44533	39479
31,45600	38952
31,46667	38428
31,47733	37909
31,48800	37395
31,49867	36885
31,50933	36381
31,52000	35880
31,53067	35385
31,54133	34894
31,55200	34405
31,56267	33919
31,57333	33438
31,58400	32960
31,59467	32483
31,60533	32005
31,61600	31529
31,62667	31056
31,63733	30585
31,64800	30111
31,65867	29637
31,66933	29165
31,68000	28690
31,69067	28212
31,70133	27735
31,71200	27256
31,72267	26774
31,73333	26289
31,74400	25803
31,75467	25315
31,76533	24827
31,77600	24337
31,78667	23845
31,79733	23354
31,80800	22863
31,81867	22372
31,82933	21886
31,84000	21401
31,85067	20915
31,86133	20427
31,87200	19938
31,88267	19455
31,89333	18975
31,90400	18496
31,91467	18018
31,92533	17544
31,93600	17074
31,94667	16609
31,95733	16146
31,96800	15684
31,97867	15226
31,98933	14773
32,00000	14323


[Fraction Collection Report]
# of Fractions	0
