[Header]
Application Name	LabSolutions
Version	5.101
Data File Name	C:\Users\User\Desktop\Mervan_EnyzmeML\Kinetics\Kinetics\ManNAc\A (3).lcd
Output Date	11.3.2026.
Output Time	14:07:36

[File Information]
Type	Data File
Generated	25.7.2022. 14:18:59
Generated by	System Administrator
Modified	28.7.2022. 8:58:43
Modified by	System Administrator

[Sample Information]
Operator Name	System Administrator
Acquired	25.7.2022. 14:19:15
Sample Type	0:Unknown
Level	0
Sample Name	
Sample ID	
ISTD Amount1	1
ISTD Amount2	1
ISTD Amount3	1
ISTD Amount4	1
ISTD Amount5	1
ISTD Amount6	1
ISTD Amount7	1
ISTD Amount8	1
ISTD Amount9	1
ISTD Amount10	1
ISTD Amount11	1
ISTD Amount12	1
ISTD Amount13	1
ISTD Amount14	1
ISTD Amount15	1
ISTD Amount16	1
ISTD Amount17	1
ISTD Amount18	1
ISTD Amount19	1
ISTD Amount20	1
ISTD Amount21	1
ISTD Amount22	1
ISTD Amount23	1
ISTD Amount24	1
ISTD Amount25	1
ISTD Amount26	1
ISTD Amount27	1
ISTD Amount28	1
ISTD Amount29	1
ISTD Amount30	1
ISTD Amount31	1
ISTD Amount32	1
Sample Amount	1
Dilution Factor	1
Vial#	3
Injection Volume	15

[Original Files]
Data File	C:\LabSolutions\Data\Project1\Mervan\Method development\2022-07-25 (ManNAc)\A2.lcd
Method File	C:\LabSolutions\Data\Project1\Mervan\Mervan Derivatization - Short - Isocratic.lcm
Batch File	C:\LabSolutions\Data\Project1\Mervan batch.lcb
Report Format File	c:\LabSolutions\System\DEFAULT.lsr

[File Description]


[Configuration]
Instrument Name	LC40_01
Instrument #	1
Line #	1
# of Detectors	1
Detector ID	PDA
Detector Name	PDA
# of Channels	1

[Peak Table(PDA-Ch1)]
# of Peaks	2
Peak#	R.Time	I.Time	F.Time	Area	Height	A/H	Conc.	Mark	ID#	Name	k'	Plate #	Plate Ht.	Tailing	Resolution	Sep.Factor	Area Ratio	Height Ratio	Conc. %	Norm Conc.
1	10,045	9,899	10,283	15159	1579	9,601	60,723	   			0,000	21156	7,090	1,151	0,000	0,000	0	0	0,000	0,000
2	10,620	10,475	11,008	9806	1028	9,537	39,277	   			0,057	24459	6,133	1,297	2,100	0,000	0	0	0,000	0,000

[Compound Results(PDA)]
# of IDs	0

[Group Results(PDA)]
# of Groups	0

[LC Status Trace(Pump A Pressure)]
Interval(msec)	1000
# of Points	1921
Start Time(min)	0,000
End Time(min)	32,000
Intensity Units	bar
Intensity Multiplier	0,980665
R.Time (min)	Intensity
0,00000	81,6
0,01667	81,6
0,03333	79,8
0,05000	80,0
0,06667	80,4
0,08333	80,8
0,10000	81,6
0,11667	82,2
0,13333	82,5
0,15000	82,4
0,16667	82,2
0,18333	81,9
0,20000	81,9
0,21667	82,2
0,23333	82,3
0,25000	82,5
0,26667	82,5
0,28333	82,6
0,30000	82,6
0,31667	82,6
0,33333	82,6
0,35000	82,6
0,36667	82,7
0,38333	82,7
0,40000	82,7
0,41667	82,6
0,43333	82,6
0,45000	82,6
0,46667	82,7
0,48333	82,7
0,50000	82,7
0,51667	82,6
0,53333	82,5
0,55000	82,6
0,56667	82,6
0,58333	82,6
0,60000	82,6
0,61667	82,6
0,63333	82,6
0,65000	82,6
0,66667	82,7
0,68333	82,6
0,70000	82,6
0,71667	82,6
0,73333	82,6
0,75000	82,6
0,76667	82,6
0,78333	82,6
0,80000	82,6
0,81667	82,7
0,83333	82,5
0,85000	82,6
0,86667	82,6
0,88333	82,6
0,90000	82,6
0,91667	82,6
0,93333	82,5
0,95000	82,5
0,96667	82,5
0,98333	82,5
1,00000	82,6
1,01667	82,6
1,03333	82,5
1,05000	82,5
1,06667	82,5
1,08333	82,5
1,10000	82,6
1,11667	82,5
1,13333	82,5
1,15000	82,5
1,16667	82,5
1,18333	82,5
1,20000	82,5
1,21667	82,5
1,23333	82,5
1,25000	82,5
1,26667	82,5
1,28333	82,5
1,30000	82,5
1,31667	82,5
1,33333	82,5
1,35000	82,5
1,36667	82,5
1,38333	82,5
1,40000	82,5
1,41667	82,5
1,43333	82,5
1,45000	82,5
1,46667	82,5
1,48333	82,4
1,50000	82,6
1,51667	82,5
1,53333	82,5
1,55000	82,5
1,56667	82,4
1,58333	82,5
1,60000	82,5
1,61667	82,5
1,63333	82,5
1,65000	82,4
1,66667	82,4
1,68333	82,4
1,70000	82,4
1,71667	82,4
1,73333	82,4
1,75000	82,4
1,76667	82,5
1,78333	82,4
1,80000	82,4
1,81667	82,3
1,83333	82,4
1,85000	82,4
1,86667	82,4
1,88333	82,4
1,90000	82,4
1,91667	82,4
1,93333	82,4
1,95000	82,4
1,96667	82,4
1,98333	82,3
2,00000	82,4
2,01667	82,4
2,03333	82,4
2,05000	82,3
2,06667	82,3
2,08333	82,4
2,10000	82,3
2,11667	82,3
2,13333	82,3
2,15000	82,3
2,16667	82,3
2,18333	82,3
2,20000	82,2
2,21667	82,3
2,23333	82,4
2,25000	82,4
2,26667	82,3
2,28333	82,3
2,30000	82,3
2,31667	82,3
2,33333	82,3
2,35000	82,3
2,36667	82,3
2,38333	82,3
2,40000	82,3
2,41667	82,3
2,43333	82,3
2,45000	82,3
2,46667	82,3
2,48333	82,4
2,50000	82,3
2,51667	82,3
2,53333	82,4
2,55000	82,4
2,56667	82,3
2,58333	82,3
2,60000	82,3
2,61667	82,3
2,63333	82,3
2,65000	82,4
2,66667	82,4
2,68333	82,4
2,70000	82,3
2,71667	82,3
2,73333	82,4
2,75000	82,3
2,76667	82,3
2,78333	82,3
2,80000	82,4
2,81667	82,4
2,83333	82,3
2,85000	82,3
2,86667	82,4
2,88333	82,4
2,90000	82,3
2,91667	82,3
2,93333	82,3
2,95000	82,4
2,96667	82,4
2,98333	82,4
3,00000	82,4
3,01667	82,4
3,03333	82,4
3,05000	82,4
3,06667	82,4
3,08333	82,4
3,10000	82,3
3,11667	82,4
3,13333	82,4
3,15000	82,4
3,16667	82,4
3,18333	82,4
3,20000	82,5
3,21667	82,5
3,23333	82,4
3,25000	82,5
3,26667	82,4
3,28333	82,5
3,30000	82,4
3,31667	82,5
3,33333	82,5
3,35000	82,5
3,36667	82,4
3,38333	82,5
3,40000	82,5
3,41667	82,4
3,43333	82,5
3,45000	82,5
3,46667	82,5
3,48333	82,4
3,50000	82,5
3,51667	82,5
3,53333	82,4
3,55000	82,5
3,56667	82,6
3,58333	82,6
3,60000	82,5
3,61667	82,5
3,63333	82,6
3,65000	82,5
3,66667	82,5
3,68333	82,6
3,70000	82,6
3,71667	82,5
3,73333	82,5
3,75000	82,6
3,76667	82,5
3,78333	82,6
3,80000	82,6
3,81667	82,6
3,83333	82,5
3,85000	82,6
3,86667	82,6
3,88333	82,6
3,90000	82,6
3,91667	82,7
3,93333	82,6
3,95000	82,5
3,96667	82,6
3,98333	82,6
4,00000	82,6
4,01667	82,7
4,03333	82,7
4,05000	82,7
4,06667	82,6
4,08333	82,7
4,10000	82,7
4,11667	82,7
4,13333	82,7
4,15000	82,7
4,16667	82,6
4,18333	82,7
4,20000	82,7
4,21667	82,7
4,23333	82,7
4,25000	82,8
4,26667	82,8
4,28333	83,0
4,30000	83,2
4,31667	83,3
4,33333	83,3
4,35000	83,5
4,36667	83,5
4,38333	83,5
4,40000	83,5
4,41667	83,5
4,43333	83,4
4,45000	83,5
4,46667	83,5
4,48333	83,6
4,50000	83,4
4,51667	83,5
4,53333	83,4
4,55000	83,4
4,56667	83,3
4,58333	83,3
4,60000	83,2
4,61667	83,2
4,63333	83,2
4,65000	83,1
4,66667	83,1
4,68333	83,1
4,70000	83,0
4,71667	83,0
4,73333	82,9
4,75000	82,8
4,76667	82,8
4,78333	82,8
4,80000	82,7
4,81667	82,7
4,83333	82,7
4,85000	82,6
4,86667	82,6
4,88333	82,5
4,90000	82,5
4,91667	82,5
4,93333	82,5
4,95000	82,5
4,96667	82,4
4,98333	82,5
5,00000	82,4
5,01667	82,4
5,03333	82,4
5,05000	82,4
5,06667	82,6
5,08333	82,6
5,10000	82,6
5,11667	82,7
5,13333	82,7
5,15000	82,7
5,16667	82,8
5,18333	82,8
5,20000	82,7
5,21667	82,8
5,23333	82,8
5,25000	82,7
5,26667	82,9
5,28333	82,9
5,30000	82,8
5,31667	82,8
5,33333	82,9
5,35000	82,8
5,36667	82,9
5,38333	82,9
5,40000	82,9
5,41667	82,9
5,43333	82,9
5,45000	82,9
5,46667	82,9
5,48333	82,9
5,50000	82,9
5,51667	82,9
5,53333	82,9
5,55000	83,0
5,56667	83,0
5,58333	82,9
5,60000	82,9
5,61667	82,9
5,63333	83,0
5,65000	83,0
5,66667	83,0
5,68333	82,9
5,70000	83,0
5,71667	82,9
5,73333	83,0
5,75000	83,0
5,76667	83,0
5,78333	83,0
5,80000	83,0
5,81667	83,1
5,83333	83,1
5,85000	83,0
5,86667	83,1
5,88333	83,1
5,90000	83,1
5,91667	83,1
5,93333	83,2
5,95000	83,1
5,96667	83,1
5,98333	83,1
6,00000	83,2
6,01667	83,1
6,03333	83,1
6,05000	83,1
6,06667	83,1
6,08333	83,1
6,10000	83,1
6,11667	83,0
6,13333	83,1
6,15000	83,1
6,16667	83,1
6,18333	83,2
6,20000	83,1
6,21667	83,2
6,23333	83,2
6,25000	83,1
6,26667	83,2
6,28333	83,2
6,30000	83,1
6,31667	83,2
6,33333	83,1
6,35000	83,2
6,36667	83,2
6,38333	83,2
6,40000	83,2
6,41667	83,2
6,43333	83,2
6,45000	83,3
6,46667	83,2
6,48333	83,2
6,50000	83,2
6,51667	83,2
6,53333	83,2
6,55000	83,2
6,56667	83,2
6,58333	83,2
6,60000	83,3
6,61667	83,3
6,63333	83,2
6,65000	83,3
6,66667	83,2
6,68333	83,3
6,70000	83,3
6,71667	83,3
6,73333	83,3
6,75000	83,3
6,76667	83,4
6,78333	83,4
6,80000	83,3
6,81667	83,3
6,83333	83,3
6,85000	83,3
6,86667	83,3
6,88333	83,3
6,90000	83,3
6,91667	83,2
6,93333	83,2
6,95000	83,2
6,96667	83,3
6,98333	83,3
7,00000	83,3
7,01667	83,3
7,03333	83,2
7,05000	83,3
7,06667	83,3
7,08333	83,3
7,10000	83,3
7,11667	83,3
7,13333	83,5
7,15000	83,4
7,16667	83,4
7,18333	83,4
7,20000	83,4
7,21667	83,4
7,23333	83,4
7,25000	83,4
7,26667	83,4
7,28333	83,4
7,30000	83,4
7,31667	83,4
7,33333	83,4
7,35000	83,5
7,36667	83,5
7,38333	83,4
7,40000	83,4
7,41667	83,5
7,43333	83,4
7,45000	83,4
7,46667	83,4
7,48333	83,5
7,50000	83,4
7,51667	83,4
7,53333	83,4
7,55000	83,5
7,56667	83,5
7,58333	83,4
7,60000	83,4
7,61667	83,4
7,63333	83,5
7,65000	83,4
7,66667	83,4
7,68333	83,4
7,70000	83,4
7,71667	83,5
7,73333	83,5
7,75000	83,4
7,76667	83,4
7,78333	83,5
7,80000	83,4
7,81667	83,5
7,83333	83,4
7,85000	83,5
7,86667	83,5
7,88333	83,4
7,90000	83,5
7,91667	83,4
7,93333	83,5
7,95000	83,4
7,96667	83,5
7,98333	83,4
8,00000	83,5
8,01667	83,4
8,03333	83,4
8,05000	83,5
8,06667	83,4
8,08333	83,5
8,10000	83,4
8,11667	83,5
8,13333	83,4
8,15000	83,5
8,16667	83,4
8,18333	83,4
8,20000	83,4
8,21667	83,5
8,23333	83,4
8,25000	83,4
8,26667	83,4
8,28333	83,4
8,30000	83,5
8,31667	83,4
8,33333	83,4
8,35000	83,5
8,36667	83,5
8,38333	83,4
8,40000	83,4
8,41667	83,4
8,43333	83,5
8,45000	83,5
8,46667	83,4
8,48333	83,4
8,50000	83,5
8,51667	83,4
8,53333	83,4
8,55000	83,4
8,56667	83,5
8,58333	83,5
8,60000	83,4
8,61667	83,4
8,63333	83,4
8,65000	83,5
8,66667	83,4
8,68333	83,4
8,70000	83,4
8,71667	83,4
8,73333	83,4
8,75000	83,5
8,76667	83,4
8,78333	83,5
8,80000	83,5
8,81667	83,4
8,83333	83,4
8,85000	83,4
8,86667	83,4
8,88333	83,4
8,90000	83,4
8,91667	83,4
8,93333	83,5
8,95000	83,3
8,96667	83,4
8,98333	83,4
9,00000	83,4
9,01667	83,4
9,03333	83,4
9,05000	83,4
9,06667	83,5
9,08333	83,4
9,10000	83,4
9,11667	83,4
9,13333	83,4
9,15000	83,5
9,16667	83,4
9,18333	83,4
9,20000	83,4
9,21667	83,4
9,23333	83,4
9,25000	83,4
9,26667	83,4
9,28333	83,4
9,30000	83,4
9,31667	83,4
9,33333	83,4
9,35000	83,4
9,36667	83,4
9,38333	83,4
9,40000	83,4
9,41667	83,4
9,43333	83,4
9,45000	83,4
9,46667	83,4
9,48333	83,3
9,50000	83,4
9,51667	83,4
9,53333	83,4
9,55000	83,3
9,56667	83,4
9,58333	83,3
9,60000	83,4
9,61667	83,3
9,63333	83,3
9,65000	83,3
9,66667	83,3
9,68333	83,3
9,70000	83,4
9,71667	83,3
9,73333	83,3
9,75000	83,3
9,76667	83,3
9,78333	83,3
9,80000	83,3
9,81667	83,3
9,83333	83,3
9,85000	83,4
9,86667	83,3
9,88333	83,3
9,90000	83,3
9,91667	83,4
9,93333	83,3
9,95000	83,3
9,96667	83,3
9,98333	83,4
10,00000	83,3
10,01667	83,3
10,03333	83,3
10,05000	83,4
10,06667	83,3
10,08333	83,3
10,10000	83,3
10,11667	83,3
10,13333	83,3
10,15000	83,3
10,16667	83,3
10,18333	83,3
10,20000	83,2
10,21667	83,3
10,23333	83,2
10,25000	83,3
10,26667	83,2
10,28333	83,2
10,30000	83,2
10,31667	83,2
10,33333	83,2
10,35000	83,2
10,36667	83,3
10,38333	83,2
10,40000	83,2
10,41667	83,2
10,43333	83,2
10,45000	83,2
10,46667	83,3
10,48333	83,2
10,50000	83,2
10,51667	83,2
10,53333	83,2
10,55000	83,2
10,56667	83,2
10,58333	83,2
10,60000	83,2
10,61667	83,2
10,63333	83,2
10,65000	83,2
10,66667	83,2
10,68333	83,2
10,70000	83,2
10,71667	83,1
10,73333	83,2
10,75000	83,2
10,76667	83,2
10,78333	83,2
10,80000	83,2
10,81667	83,1
10,83333	83,2
10,85000	83,1
10,86667	83,2
10,88333	83,1
10,90000	83,1
10,91667	83,1
10,93333	83,1
10,95000	83,1
10,96667	83,1
10,98333	83,1
11,00000	83,1
11,01667	83,1
11,03333	83,2
11,05000	83,1
11,06667	83,1
11,08333	83,0
11,10000	83,1
11,11667	83,0
11,13333	83,0
11,15000	83,1
11,16667	83,0
11,18333	83,1
11,20000	83,1
11,21667	83,1
11,23333	83,0
11,25000	83,0
11,26667	83,1
11,28333	83,0
11,30000	83,0
11,31667	83,0
11,33333	83,0
11,35000	83,0
11,36667	83,0
11,38333	83,0
11,40000	83,0
11,41667	83,0
11,43333	83,0
11,45000	83,0
11,46667	83,0
11,48333	83,0
11,50000	83,0
11,51667	83,0
11,53333	83,0
11,55000	83,0
11,56667	83,0
11,58333	83,0
11,60000	83,0
11,61667	83,0
11,63333	83,0
11,65000	83,0
11,66667	83,0
11,68333	82,9
11,70000	83,0
11,71667	82,9
11,73333	83,0
11,75000	82,9
11,76667	82,9
11,78333	82,9
11,80000	82,9
11,81667	83,0
11,83333	82,9
11,85000	82,9
11,86667	82,9
11,88333	82,9
11,90000	82,9
11,91667	82,9
11,93333	83,0
11,95000	82,8
11,96667	82,9
11,98333	82,8
12,00000	82,9
12,01667	82,9
12,03333	82,8
12,05000	82,9
12,06667	82,9
12,08333	82,9
12,10000	82,8
12,11667	82,9
12,13333	82,9
12,15000	82,8
12,16667	82,8
12,18333	82,8
12,20000	82,8
12,21667	82,8
12,23333	82,8
12,25000	82,8
12,26667	82,9
12,28333	82,8
12,30000	82,8
12,31667	82,8
12,33333	82,8
12,35000	82,8
12,36667	82,8
12,38333	82,8
12,40000	82,8
12,41667	82,8
12,43333	82,8
12,45000	82,8
12,46667	82,8
12,48333	82,8
12,50000	82,7
12,51667	82,7
12,53333	82,8
12,55000	82,7
12,56667	82,8
12,58333	82,7
12,60000	82,8
12,61667	82,7
12,63333	82,7
12,65000	82,7
12,66667	82,8
12,68333	82,7
12,70000	82,7
12,71667	82,8
12,73333	82,7
12,75000	82,7
12,76667	82,7
12,78333	82,7
12,80000	82,7
12,81667	82,7
12,83333	82,8
12,85000	82,7
12,86667	82,7
12,88333	82,7
12,90000	82,7
12,91667	82,6
12,93333	82,7
12,95000	82,7
12,96667	82,7
12,98333	82,7
13,00000	82,7
13,01667	82,7
13,03333	82,7
13,05000	82,7
13,06667	82,7
13,08333	82,7
13,10000	82,7
13,11667	82,7
13,13333	82,7
13,15000	82,7
13,16667	82,7
13,18333	82,6
13,20000	82,6
13,21667	82,6
13,23333	82,6
13,25000	82,6
13,26667	82,7
13,28333	82,6
13,30000	82,6
13,31667	82,6
13,33333	82,7
13,35000	82,6
13,36667	82,6
13,38333	82,7
13,40000	82,6
13,41667	82,6
13,43333	82,6
13,45000	82,6
13,46667	82,6
13,48333	82,6
13,50000	82,7
13,51667	82,6
13,53333	82,6
13,55000	82,6
13,56667	82,6
13,58333	82,6
13,60000	82,6
13,61667	82,7
13,63333	82,6
13,65000	82,6
13,66667	82,6
13,68333	82,7
13,70000	82,6
13,71667	82,6
13,73333	82,6
13,75000	82,6
13,76667	82,6
13,78333	82,6
13,80000	82,6
13,81667	82,5
13,83333	82,6
13,85000	82,6
13,86667	82,6
13,88333	82,6
13,90000	82,6
13,91667	82,5
13,93333	82,6
13,95000	82,6
13,96667	82,6
13,98333	82,5
14,00000	82,6
14,01667	82,6
14,03333	82,6
14,05000	82,6
14,06667	82,6
14,08333	82,5
14,10000	82,5
14,11667	82,6
14,13333	82,5
14,15000	82,5
14,16667	82,6
14,18333	82,5
14,20000	82,6
14,21667	82,5
14,23333	82,6
14,25000	82,6
14,26667	82,5
14,28333	82,6
14,30000	82,5
14,31667	82,6
14,33333	82,6
14,35000	82,6
14,36667	82,6
14,38333	82,5
14,40000	82,6
14,41667	82,5
14,43333	82,5
14,45000	82,5
14,46667	82,6
14,48333	82,5
14,50000	82,5
14,51667	82,5
14,53333	82,5
14,55000	82,5
14,56667	82,5
14,58333	82,5
14,60000	82,5
14,61667	82,5
14,63333	82,5
14,65000	82,5
14,66667	82,5
14,68333	82,5
14,70000	82,5
14,71667	82,5
14,73333	82,5
14,75000	82,5
14,76667	82,5
14,78333	82,5
14,80000	82,5
14,81667	82,5
14,83333	82,5
14,85000	82,5
14,86667	82,5
14,88333	82,5
14,90000	82,5
14,91667	82,5
14,93333	82,5
14,95000	82,5
14,96667	82,5
14,98333	82,4
15,00000	82,5
15,01667	82,5
15,03333	82,5
15,05000	82,4
15,06667	82,5
15,08333	82,4
15,10000	82,5
15,11667	82,4
15,13333	82,5
15,15000	82,4
15,16667	82,5
15,18333	82,5
15,20000	82,5
15,21667	82,5
15,23333	82,5
15,25000	82,4
15,26667	82,5
15,28333	82,4
15,30000	82,4
15,31667	82,4
15,33333	82,5
15,35000	82,4
15,36667	82,4
15,38333	82,4
15,40000	82,5
15,41667	82,4
15,43333	82,4
15,45000	82,4
15,46667	82,5
15,48333	82,4
15,50000	82,5
15,51667	82,4
15,53333	82,5
15,55000	82,4
15,56667	82,5
15,58333	82,4
15,60000	82,5
15,61667	82,5
15,63333	82,4
15,65000	82,4
15,66667	82,5
15,68333	82,4
15,70000	82,5
15,71667	82,4
15,73333	82,5
15,75000	82,4
15,76667	82,5
15,78333	82,4
15,80000	82,5
15,81667	82,4
15,83333	82,4
15,85000	82,4
15,86667	82,4
15,88333	82,4
15,90000	82,4
15,91667	82,4
15,93333	82,4
15,95000	82,4
15,96667	82,5
15,98333	82,4
16,00000	82,4
16,01667	82,4
16,03333	82,4
16,05000	82,4
16,06667	82,5
16,08333	82,4
16,10000	82,4
16,11667	82,4
16,13333	82,4
16,15000	82,4
16,16667	82,4
16,18333	82,4
16,20000	82,4
16,21667	82,4
16,23333	82,5
16,25000	82,4
16,26667	82,4
16,28333	82,5
16,30000	82,4
16,31667	82,4
16,33333	82,5
16,35000	82,5
16,36667	82,4
16,38333	82,4
16,40000	82,5
16,41667	82,4
16,43333	82,4
16,45000	82,4
16,46667	82,4
16,48333	82,5
16,50000	82,4
16,51667	82,4
16,53333	82,4
16,55000	82,4
16,56667	82,4
16,58333	82,4
16,60000	82,4
16,61667	82,4
16,63333	82,4
16,65000	82,4
16,66667	82,4
16,68333	82,5
16,70000	82,4
16,71667	82,5
16,73333	82,4
16,75000	82,4
16,76667	82,5
16,78333	82,4
16,80000	82,4
16,81667	82,4
16,83333	82,4
16,85000	82,3
16,86667	82,4
16,88333	82,3
16,90000	82,4
16,91667	82,4
16,93333	82,4
16,95000	82,4
16,96667	82,4
16,98333	82,3
17,00000	82,4
17,01667	82,4
17,03333	82,3
17,05000	82,4
17,06667	82,3
17,08333	82,4
17,10000	82,3
17,11667	82,3
17,13333	82,3
17,15000	82,4
17,16667	82,3
17,18333	82,3
17,20000	82,3
17,21667	82,3
17,23333	82,3
17,25000	82,3
17,26667	82,4
17,28333	82,3
17,30000	82,4
17,31667	82,4
17,33333	82,4
17,35000	82,4
17,36667	82,3
17,38333	82,4
17,40000	82,3
17,41667	82,4
17,43333	82,3
17,45000	82,4
17,46667	82,3
17,48333	82,3
17,50000	82,4
17,51667	82,2
17,53333	82,3
17,55000	82,3
17,56667	82,3
17,58333	82,3
17,60000	82,3
17,61667	82,3
17,63333	82,3
17,65000	82,3
17,66667	82,3
17,68333	82,4
17,70000	82,3
17,71667	82,3
17,73333	82,3
17,75000	82,2
17,76667	82,3
17,78333	82,2
17,80000	82,3
17,81667	82,3
17,83333	82,2
17,85000	82,3
17,86667	82,2
17,88333	82,2
17,90000	82,2
17,91667	82,2
17,93333	82,2
17,95000	82,2
17,96667	82,2
17,98333	82,1
18,00000	82,2
18,01667	82,2
18,03333	82,2
18,05000	82,2
18,06667	82,2
18,08333	82,2
18,10000	82,2
18,11667	82,2
18,13333	82,2
18,15000	82,1
18,16667	82,2
18,18333	82,2
18,20000	82,2
18,21667	82,1
18,23333	82,1
18,25000	82,2
18,26667	82,1
18,28333	82,1
18,30000	82,1
18,31667	82,1
18,33333	82,1
18,35000	82,1
18,36667	82,1
18,38333	82,1
18,40000	82,0
18,41667	82,1
18,43333	82,1
18,45000	82,1
18,46667	82,0
18,48333	82,0
18,50000	82,1
18,51667	82,1
18,53333	82,0
18,55000	82,1
18,56667	82,0
18,58333	82,1
18,60000	82,0
18,61667	82,0
18,63333	82,0
18,65000	82,0
18,66667	82,0
18,68333	82,0
18,70000	82,0
18,71667	82,0
18,73333	82,0
18,75000	82,0
18,76667	82,0
18,78333	81,9
18,80000	82,0
18,81667	82,0
18,83333	82,0
18,85000	81,9
18,86667	81,9
18,88333	81,9
18,90000	81,9
18,91667	81,9
18,93333	81,9
18,95000	81,9
18,96667	81,9
18,98333	81,9
19,00000	81,8
19,01667	81,9
19,03333	81,8
19,05000	81,9
19,06667	81,9
19,08333	81,8
19,10000	81,8
19,11667	81,8
19,13333	81,8
19,15000	81,8
19,16667	81,8
19,18333	81,7
19,20000	81,8
19,21667	81,8
19,23333	81,7
19,25000	81,8
19,26667	81,7
19,28333	81,7
19,30000	81,8
19,31667	81,7
19,33333	81,7
19,35000	81,7
19,36667	81,7
19,38333	81,7
19,40000	81,7
19,41667	81,6
19,43333	81,7
19,45000	81,7
19,46667	81,6
19,48333	81,7
19,50000	81,6
19,51667	81,6
19,53333	81,6
19,55000	81,6
19,56667	81,6
19,58333	81,7
19,60000	81,6
19,61667	81,6
19,63333	81,6
19,65000	81,5
19,66667	81,5
19,68333	81,5
19,70000	81,5
19,71667	81,5
19,73333	81,5
19,75000	81,5
19,76667	81,5
19,78333	81,5
19,80000	81,5
19,81667	81,4
19,83333	81,5
19,85000	81,5
19,86667	81,4
19,88333	81,5
19,90000	81,4
19,91667	81,4
19,93333	81,4
19,95000	81,4
19,96667	81,4
19,98333	81,4
20,00000	81,3
20,01667	81,3
20,03333	81,4
20,05000	81,3
20,06667	81,3
20,08333	81,4
20,10000	81,3
20,11667	81,2
20,13333	81,3
20,15000	81,3
20,16667	81,2
20,18333	81,3
20,20000	81,2
20,21667	81,2
20,23333	81,2
20,25000	81,2
20,26667	81,2
20,28333	81,1
20,30000	81,1
20,31667	81,2
20,33333	81,2
20,35000	81,1
20,36667	81,1
20,38333	81,1
20,40000	81,1
20,41667	81,1
20,43333	81,1
20,45000	81,0
20,46667	81,0
20,48333	81,0
20,50000	81,1
20,51667	81,0
20,53333	81,0
20,55000	81,0
20,56667	81,0
20,58333	81,0
20,60000	81,0
20,61667	80,9
20,63333	80,9
20,65000	80,8
20,66667	80,9
20,68333	80,9
20,70000	80,8
20,71667	80,8
20,73333	80,8
20,75000	80,8
20,76667	80,8
20,78333	80,7
20,80000	80,7
20,81667	80,7
20,83333	80,7
20,85000	80,6
20,86667	80,6
20,88333	80,6
20,90000	80,6
20,91667	80,5
20,93333	80,5
20,95000	80,5
20,96667	80,4
20,98333	80,4
21,00000	80,3
21,01667	80,3
21,03333	80,3
21,05000	80,3
21,06667	80,2
21,08333	80,2
21,10000	80,2
21,11667	80,1
21,13333	80,0
21,15000	80,0
21,16667	80,1
21,18333	79,9
21,20000	79,8
21,21667	79,8
21,23333	79,8
21,25000	79,7
21,26667	79,7
21,28333	79,6
21,30000	79,6
21,31667	79,5
21,33333	79,5
21,35000	79,4
21,36667	79,4
21,38333	79,3
21,40000	79,2
21,41667	79,2
21,43333	79,2
21,45000	79,1
21,46667	79,1
21,48333	78,9
21,50000	79,0
21,51667	78,9
21,53333	78,8
21,55000	78,7
21,56667	78,6
21,58333	78,6
21,60000	78,6
21,61667	78,5
21,63333	78,5
21,65000	78,4
21,66667	78,3
21,68333	78,3
21,70000	78,2
21,71667	78,1
21,73333	78,1
21,75000	78,0
21,76667	77,9
21,78333	77,8
21,80000	77,8
21,81667	77,7
21,83333	77,7
21,85000	77,6
21,86667	77,5
21,88333	77,5
21,90000	77,4
21,91667	77,3
21,93333	77,2
21,95000	77,2
21,96667	77,2
21,98333	77,0
22,00000	77,0
22,01667	76,9
22,03333	76,8
22,05000	76,7
22,06667	76,7
22,08333	76,6
22,10000	76,5
22,11667	76,5
22,13333	76,4
22,15000	76,3
22,16667	76,2
22,18333	76,1
22,20000	76,1
22,21667	75,9
22,23333	75,9
22,25000	75,8
22,26667	75,8
22,28333	75,7
22,30000	75,6
22,31667	75,5
22,33333	75,4
22,35000	75,4
22,36667	75,2
22,38333	75,2
22,40000	75,1
22,41667	75,0
22,43333	74,9
22,45000	74,8
22,46667	74,8
22,48333	74,7
22,50000	74,6
22,51667	74,6
22,53333	74,4
22,55000	74,3
22,56667	74,3
22,58333	74,2
22,60000	74,1
22,61667	74,0
22,63333	73,9
22,65000	73,8
22,66667	73,8
22,68333	73,6
22,70000	73,6
22,71667	73,5
22,73333	73,4
22,75000	73,3
22,76667	73,2
22,78333	73,1
22,80000	73,0
22,81667	72,9
22,83333	72,9
22,85000	72,8
22,86667	72,7
22,88333	72,6
22,90000	72,5
22,91667	72,4
22,93333	72,3
22,95000	72,2
22,96667	72,1
22,98333	72,0
23,00000	71,8
23,01667	71,8
23,03333	71,7
23,05000	71,6
23,06667	71,6
23,08333	71,4
23,10000	71,2
23,11667	71,2
23,13333	71,1
23,15000	70,9
23,16667	70,8
23,18333	70,7
23,20000	70,6
23,21667	70,5
23,23333	70,3
23,25000	70,2
23,26667	70,1
23,28333	70,0
23,30000	69,8
23,31667	69,7
23,33333	69,6
23,35000	69,4
23,36667	69,3
23,38333	69,2
23,40000	69,0
23,41667	68,9
23,43333	68,8
23,45000	68,6
23,46667	68,6
23,48333	68,4
23,50000	68,3
23,51667	68,2
23,53333	68,0
23,55000	67,9
23,56667	67,8
23,58333	67,7
23,60000	67,6
23,61667	67,5
23,63333	67,3
23,65000	67,2
23,66667	67,1
23,68333	67,0
23,70000	66,9
23,71667	66,8
23,73333	66,7
23,75000	66,6
23,76667	66,4
23,78333	66,3
23,80000	66,2
23,81667	66,1
23,83333	66,0
23,85000	65,9
23,86667	65,8
23,88333	65,6
23,90000	65,6
23,91667	65,5
23,93333	65,3
23,95000	65,3
23,96667	65,2
23,98333	65,0
24,00000	65,0
24,01667	64,9
24,03333	64,8
24,05000	64,7
24,06667	64,6
24,08333	64,5
24,10000	64,4
24,11667	64,3
24,13333	64,2
24,15000	64,1
24,16667	64,0
24,18333	63,9
24,20000	63,8
24,21667	63,8
24,23333	63,6
24,25000	63,6
24,26667	63,5
24,28333	63,3
24,30000	63,3
24,31667	63,2
24,33333	63,1
24,35000	63,0
24,36667	62,8
24,38333	62,8
24,40000	62,7
24,41667	62,6
24,43333	62,5
24,45000	62,4
24,46667	62,3
24,48333	62,2
24,50000	62,1
24,51667	62,0
24,53333	61,9
24,55000	61,8
24,56667	61,7
24,58333	61,6
24,60000	61,5
24,61667	61,3
24,63333	61,3
24,65000	61,2
24,66667	61,1
24,68333	61,0
24,70000	60,9
24,71667	60,7
24,73333	60,7
24,75000	60,6
24,76667	60,4
24,78333	60,3
24,80000	60,2
24,81667	60,1
24,83333	60,0
24,85000	59,9
24,86667	59,8
24,88333	59,7
24,90000	59,6
24,91667	59,5
24,93333	59,4
24,95000	59,3
24,96667	59,2
24,98333	59,1
25,00000	59,0
25,01667	58,9
25,03333	58,8
25,05000	58,7
25,06667	58,6
25,08333	58,5
25,10000	58,4
25,11667	58,3
25,13333	58,2
25,15000	58,1
25,16667	58,0
25,18333	57,9
25,20000	57,8
25,21667	57,7
25,23333	57,6
25,25000	57,5
25,26667	57,4
25,28333	57,2
25,30000	57,2
25,31667	57,1
25,33333	57,0
25,35000	56,8
25,36667	56,8
25,38333	56,6
25,40000	56,6
25,41667	56,4
25,43333	56,4
25,45000	56,3
25,46667	56,2
25,48333	56,0
25,50000	56,0
25,51667	55,9
25,53333	55,8
25,55000	55,7
25,56667	55,6
25,58333	55,6
25,60000	55,4
25,61667	55,3
25,63333	55,3
25,65000	55,1
25,66667	55,1
25,68333	55,0
25,70000	54,9
25,71667	54,9
25,73333	54,8
25,75000	54,7
25,76667	54,7
25,78333	54,5
25,80000	54,5
25,81667	54,4
25,83333	54,4
25,85000	54,3
25,86667	54,2
25,88333	54,2
25,90000	54,1
25,91667	54,0
25,93333	54,0
25,95000	53,9
25,96667	53,9
25,98333	53,9
26,00000	53,9
26,01667	53,9
26,03333	53,8
26,05000	53,7
26,06667	53,7
26,08333	53,7
26,10000	53,7
26,11667	53,7
26,13333	53,7
26,15000	53,7
26,16667	53,7
26,18333	53,6
26,20000	53,7
26,21667	53,7
26,23333	53,6
26,25000	53,6
26,26667	53,7
26,28333	53,7
26,30000	53,7
26,31667	53,6
26,33333	53,7
26,35000	53,7
26,36667	53,8
26,38333	53,7
26,40000	53,8
26,41667	53,8
26,43333	53,9
26,45000	53,9
26,46667	53,9
26,48333	54,0
26,50000	54,0
26,51667	54,1
26,53333	54,2
26,55000	54,3
26,56667	54,2
26,58333	54,3
26,60000	54,4
26,61667	54,5
26,63333	54,5
26,65000	54,6
26,66667	54,7
26,68333	54,7
26,70000	54,7
26,71667	54,8
26,73333	54,9
26,75000	55,0
26,76667	54,9
26,78333	55,1
26,80000	55,1
26,81667	55,1
26,83333	55,2
26,85000	55,3
26,86667	55,4
26,88333	55,4
26,90000	55,5
26,91667	55,6
26,93333	55,7
26,95000	55,7
26,96667	55,7
26,98333	55,9
27,00000	55,9
27,01667	56,0
27,03333	56,1
27,05000	56,2
27,06667	56,2
27,08333	56,3
27,10000	56,5
27,11667	56,5
27,13333	56,6
27,15000	56,7
27,16667	56,8
27,18333	56,9
27,20000	57,0
27,21667	57,0
27,23333	57,1
27,25000	57,2
27,26667	57,3
27,28333	57,5
27,30000	57,5
27,31667	57,7
27,33333	57,8
27,35000	57,8
27,36667	57,9
27,38333	58,1
27,40000	58,2
27,41667	58,3
27,43333	58,4
27,45000	58,5
27,46667	58,7
27,48333	58,7
27,50000	58,9
27,51667	58,9
27,53333	59,1
27,55000	59,2
27,56667	59,3
27,58333	59,5
27,60000	59,6
27,61667	59,7
27,63333	59,8
27,65000	60,0
27,66667	60,1
27,68333	60,3
27,70000	60,3
27,71667	60,5
27,73333	60,6
27,75000	60,8
27,76667	60,8
27,78333	61,0
27,80000	61,2
27,81667	61,3
27,83333	61,5
27,85000	61,5
27,86667	61,7
27,88333	61,8
27,90000	62,0
27,91667	62,1
27,93333	62,3
27,95000	62,4
27,96667	62,5
27,98333	62,6
28,00000	62,7
28,01667	62,9
28,03333	62,9
28,05000	63,1
28,06667	63,1
28,08333	63,4
28,10000	63,6
28,11667	63,7
28,13333	63,8
28,15000	63,9
28,16667	64,0
28,18333	64,1
28,20000	64,2
28,21667	64,3
28,23333	64,4
28,25000	64,5
28,26667	64,7
28,28333	64,8
28,30000	64,9
28,31667	65,0
28,33333	65,1
28,35000	65,2
28,36667	65,4
28,38333	65,4
28,40000	65,6
28,41667	65,7
28,43333	65,7
28,45000	65,9
28,46667	65,9
28,48333	66,1
28,50000	66,2
28,51667	66,3
28,53333	66,5
28,55000	66,5
28,56667	66,7
28,58333	66,8
28,60000	66,8
28,61667	66,9
28,63333	67,0
28,65000	67,1
28,66667	67,2
28,68333	67,3
28,70000	67,5
28,71667	67,6
28,73333	67,7
28,75000	67,7
28,76667	67,9
28,78333	68,0
28,80000	68,1
28,81667	68,1
28,83333	68,3
28,85000	68,4
28,86667	68,4
28,88333	68,6
28,90000	68,7
28,91667	68,8
28,93333	68,9
28,95000	69,0
28,96667	69,1
28,98333	69,2
29,00000	69,3
29,01667	69,3
29,03333	69,4
29,05000	69,6
29,06667	69,7
29,08333	69,8
29,10000	69,9
29,11667	69,9
29,13333	70,0
29,15000	70,0
29,16667	70,2
29,18333	70,3
29,20000	70,4
29,21667	70,5
29,23333	70,6
29,25000	70,6
29,26667	70,6
29,28333	70,8
29,30000	70,9
29,31667	71,0
29,33333	71,0
29,35000	71,2
29,36667	71,2
29,38333	71,2
29,40000	71,3
29,41667	71,4
29,43333	71,5
29,45000	71,5
29,46667	71,6
29,48333	71,7
29,50000	71,8
29,51667	71,8
29,53333	71,9
29,55000	72,1
29,56667	72,2
29,58333	72,3
29,60000	72,4
29,61667	72,5
29,63333	72,6
29,65000	72,7
29,66667	72,7
29,68333	72,9
29,70000	73,0
29,71667	73,2
29,73333	73,3
29,75000	73,4
29,76667	73,5
29,78333	73,6
29,80000	73,8
29,81667	73,9
29,83333	74,0
29,85000	74,1
29,86667	74,3
29,88333	74,3
29,90000	74,4
29,91667	74,5
29,93333	74,6
29,95000	74,8
29,96667	74,9
29,98333	75,0
30,00000	75,0
30,01667	75,1
30,03333	75,3
30,05000	75,4
30,06667	75,4
30,08333	75,6
30,10000	75,8
30,11667	75,8
30,13333	75,8
30,15000	75,9
30,16667	76,0
30,18333	76,2
30,20000	76,2
30,21667	76,3
30,23333	76,4
30,25000	76,4
30,26667	76,5
30,28333	76,6
30,30000	76,7
30,31667	76,8
30,33333	76,9
30,35000	77,0
30,36667	77,0
30,38333	77,0
30,40000	77,1
30,41667	77,3
30,43333	77,3
30,45000	77,4
30,46667	77,5
30,48333	77,5
30,50000	77,6
30,51667	77,6
30,53333	77,7
30,55000	77,8
30,56667	77,8
30,58333	77,9
30,60000	78,0
30,61667	78,0
30,63333	78,0
30,65000	78,2
30,66667	78,2
30,68333	78,3
30,70000	78,3
30,71667	78,3
30,73333	78,5
30,75000	78,4
30,76667	78,4
30,78333	78,6
30,80000	78,6
30,81667	78,7
30,83333	78,8
30,85000	78,8
30,86667	78,8
30,88333	78,9
30,90000	78,9
30,91667	79,0
30,93333	79,0
30,95000	79,1
30,96667	79,1
30,98333	79,2
31,00000	79,2
31,01667	79,2
31,03333	79,3
31,05000	79,4
31,06667	79,4
31,08333	79,5
31,10000	79,5
31,11667	79,6
31,13333	79,5
31,15000	79,6
31,16667	79,6
31,18333	79,6
31,20000	79,8
31,21667	79,8
31,23333	79,8
31,25000	79,8
31,26667	79,8
31,28333	79,9
31,30000	80,0
31,31667	80,0
31,33333	80,0
31,35000	80,1
31,36667	80,0
31,38333	80,1
31,40000	80,1
31,41667	80,2
31,43333	80,2
31,45000	80,3
31,46667	80,3
31,48333	80,2
31,50000	80,3
31,51667	80,3
31,53333	80,4
31,55000	80,4
31,56667	80,4
31,58333	80,5
31,60000	80,5
31,61667	80,5
31,63333	80,6
31,65000	80,6
31,66667	80,7
31,68333	80,6
31,70000	80,7
31,71667	80,7
31,73333	80,7
31,75000	80,7
31,76667	80,8
31,78333	80,8
31,80000	80,9
31,81667	80,9
31,83333	80,9
31,85000	80,9
31,86667	80,9
31,88333	80,9
31,90000	81,0
31,91667	81,0
31,93333	81,0
31,95000	81,0
31,96667	81,0
31,98333	81,0
32,00000	81,0

[LC Status Trace(Pump A Degasser Pressure)]
Interval(msec)	1000
# of Points	1921
Start Time(min)	0,000
End Time(min)	32,000
Intensity Units	bar
Intensity Multiplier	0,980665
R.Time (min)	Intensity
0,00000	954,4
0,01667	954,4
0,03333	954,4
0,05000	954,4
0,06667	953,4
0,08333	953,4
0,10000	953,4
0,11667	952,4
0,13333	952,4
0,15000	952,4
0,16667	954,4
0,18333	954,4
0,20000	954,4
0,21667	953,4
0,23333	953,4
0,25000	953,4
0,26667	952,4
0,28333	952,4
0,30000	952,4
0,31667	954,4
0,33333	954,4
0,35000	954,4
0,36667	954,4
0,38333	953,4
0,40000	953,4
0,41667	952,4
0,43333	952,4
0,45000	952,4
0,46667	954,4
0,48333	954,4
0,50000	954,4
0,51667	953,4
0,53333	953,4
0,55000	953,4
0,56667	954,4
0,58333	954,4
0,60000	954,4
0,61667	953,4
0,63333	953,4
0,65000	953,4
0,66667	953,4
0,68333	953,4
0,70000	953,4
0,71667	953,4
0,73333	953,4
0,75000	953,4
0,76667	952,4
0,78333	952,4
0,80000	952,4
0,81667	954,4
0,83333	954,4
0,85000	954,4
0,86667	953,4
0,88333	953,4
0,90000	953,4
0,91667	953,4
0,93333	953,4
0,95000	953,4
0,96667	953,4
0,98333	953,4
1,00000	953,4
1,01667	952,4
1,03333	952,4
1,05000	952,4
1,06667	954,4
1,08333	954,4
1,10000	954,4
1,11667	953,4
1,13333	953,4
1,15000	953,4
1,16667	953,4
1,18333	953,4
1,20000	953,4
1,21667	953,4
1,23333	953,4
1,25000	953,4
1,26667	952,4
1,28333	952,4
1,30000	952,4
1,31667	954,4
1,33333	954,4
1,35000	954,4
1,36667	954,4
1,38333	954,4
1,40000	954,4
1,41667	953,4
1,43333	953,4
1,45000	953,4
1,46667	954,4
1,48333	954,4
1,50000	954,4
1,51667	954,4
1,53333	954,4
1,55000	954,4
1,56667	953,4
1,58333	953,4
1,60000	953,4
1,61667	954,4
1,63333	954,4
1,65000	954,4
1,66667	953,4
1,68333	953,4
1,70000	953,4
1,71667	952,4
1,73333	952,4
1,75000	952,4
1,76667	954,4
1,78333	954,4
1,80000	954,4
1,81667	953,4
1,83333	953,4
1,85000	953,4
1,86667	953,4
1,88333	953,4
1,90000	953,4
1,91667	954,4
1,93333	954,4
1,95000	954,4
1,96667	953,4
1,98333	953,4
2,00000	953,4
2,01667	953,4
2,03333	953,4
2,05000	953,4
2,06667	953,4
2,08333	953,4
2,10000	953,4
2,11667	953,4
2,13333	953,4
2,15000	953,4
2,16667	953,4
2,18333	953,4
2,20000	953,4
2,21667	953,4
2,23333	953,4
2,25000	953,4
2,26667	953,4
2,28333	953,4
2,30000	953,4
2,31667	953,4
2,33333	953,4
2,35000	953,4
2,36667	953,4
2,38333	953,4
2,40000	953,4
2,41667	954,4
2,43333	954,4
2,45000	954,4
2,46667	954,4
2,48333	954,4
2,50000	954,4
2,51667	952,4
2,53333	952,4
2,55000	952,4
2,56667	954,4
2,58333	954,4
2,60000	954,4
2,61667	953,4
2,63333	953,4
2,65000	953,4
2,66667	952,4
2,68333	952,4
2,70000	952,4
2,71667	954,4
2,73333	954,4
2,75000	954,4
2,76667	953,4
2,78333	953,4
2,80000	953,4
2,81667	952,4
2,83333	952,4
2,85000	952,4
2,86667	954,4
2,88333	954,4
2,90000	954,4
2,91667	953,4
2,93333	953,4
2,95000	953,4
2,96667	953,4
2,98333	953,4
3,00000	953,4
3,01667	953,4
3,03333	953,4
3,05000	953,4
3,06667	953,4
3,08333	953,4
3,10000	953,4
3,11667	953,4
3,13333	953,4
3,15000	953,4
3,16667	953,4
3,18333	953,4
3,20000	953,4
3,21667	953,4
3,23333	953,4
3,25000	953,4
3,26667	953,4
3,28333	953,4
3,30000	953,4
3,31667	952,4
3,33333	952,4
3,35000	952,4
3,36667	954,4
3,38333	954,4
3,40000	954,4
3,41667	953,4
3,43333	953,4
3,45000	953,4
3,46667	953,4
3,48333	953,4
3,50000	953,4
3,51667	954,4
3,53333	954,4
3,55000	954,4
3,56667	953,4
3,58333	953,4
3,60000	953,4
3,61667	952,4
3,63333	952,4
3,65000	952,4
3,66667	954,4
3,68333	954,4
3,70000	954,4
3,71667	953,4
3,73333	953,4
3,75000	953,4
3,76667	953,4
3,78333	953,4
3,80000	953,4
3,81667	954,4
3,83333	954,4
3,85000	954,4
3,86667	953,4
3,88333	953,4
3,90000	953,4
3,91667	953,4
3,93333	953,4
3,95000	953,4
3,96667	953,4
3,98333	953,4
4,00000	953,4
4,01667	953,4
4,03333	953,4
4,05000	953,4
4,06667	953,4
4,08333	953,4
4,10000	953,4
4,11667	953,4
4,13333	953,4
4,15000	953,4
4,16667	953,4
4,18333	953,4
4,20000	953,4
4,21667	953,4
4,23333	953,4
4,25000	953,4
4,26667	953,4
4,28333	953,4
4,30000	953,4
4,31667	953,4
4,33333	953,4
4,35000	953,4
4,36667	953,4
4,38333	953,4
4,40000	953,4
4,41667	953,4
4,43333	953,4
4,45000	953,4
4,46667	954,4
4,48333	954,4
4,50000	954,4
4,51667	953,4
4,53333	953,4
4,55000	953,4
4,56667	952,4
4,58333	952,4
4,60000	952,4
4,61667	954,4
4,63333	954,4
4,65000	954,4
4,66667	953,4
4,68333	953,4
4,70000	953,4
4,71667	953,4
4,73333	953,4
4,75000	953,4
4,76667	953,4
4,78333	953,4
4,80000	953,4
4,81667	953,4
4,83333	953,4
4,85000	953,4
4,86667	953,4
4,88333	953,4
4,90000	953,4
4,91667	953,4
4,93333	953,4
4,95000	953,4
4,96667	953,4
4,98333	954,4
5,00000	954,4
5,01667	953,4
5,03333	953,4
5,05000	953,4
5,06667	952,4
5,08333	952,4
5,10000	952,4
5,11667	953,4
5,13333	953,4
5,15000	953,4
5,16667	953,4
5,18333	953,4
5,20000	953,4
5,21667	952,4
5,23333	952,4
5,25000	952,4
5,26667	954,4
5,28333	954,4
5,30000	954,4
5,31667	954,4
5,33333	954,4
5,35000	954,4
5,36667	954,4
5,38333	952,4
5,40000	952,4
5,41667	954,4
5,43333	954,4
5,45000	954,4
5,46667	953,4
5,48333	953,4
5,50000	953,4
5,51667	952,4
5,53333	952,4
5,55000	952,4
5,56667	954,4
5,58333	954,4
5,60000	954,4
5,61667	953,4
5,63333	953,4
5,65000	953,4
5,66667	953,4
5,68333	953,4
5,70000	953,4
5,71667	954,4
5,73333	954,4
5,75000	954,4
5,76667	953,4
5,78333	953,4
5,80000	953,4
5,81667	953,4
5,83333	953,4
5,85000	953,4
5,86667	954,4
5,88333	954,4
5,90000	954,4
5,91667	953,4
5,93333	953,4
5,95000	953,4
5,96667	953,4
5,98333	953,4
6,00000	953,4
6,01667	954,4
6,03333	954,4
6,05000	954,4
6,06667	953,4
6,08333	953,4
6,10000	953,4
6,11667	953,4
6,13333	953,4
6,15000	953,4
6,16667	953,4
6,18333	954,4
6,20000	954,4
6,21667	953,4
6,23333	953,4
6,25000	953,4
6,26667	953,4
6,28333	953,4
6,30000	953,4
6,31667	953,4
6,33333	953,4
6,35000	953,4
6,36667	953,4
6,38333	953,4
6,40000	953,4
6,41667	953,4
6,43333	953,4
6,45000	953,4
6,46667	953,4
6,48333	953,4
6,50000	953,4
6,51667	953,4
6,53333	953,4
6,55000	953,4
6,56667	953,4
6,58333	953,4
6,60000	953,4
6,61667	953,4
6,63333	953,4
6,65000	953,4
6,66667	953,4
6,68333	953,4
6,70000	953,4
6,71667	953,4
6,73333	953,4
6,75000	953,4
6,76667	953,4
6,78333	953,4
6,80000	953,4
6,81667	954,4
6,83333	954,4
6,85000	954,4
6,86667	953,4
6,88333	953,4
6,90000	953,4
6,91667	952,4
6,93333	952,4
6,95000	952,4
6,96667	953,4
6,98333	953,4
7,00000	953,4
7,01667	953,4
7,03333	953,4
7,05000	953,4
7,06667	952,4
7,08333	952,4
7,10000	952,4
7,11667	954,4
7,13333	954,4
7,15000	954,4
7,16667	953,4
7,18333	953,4
7,20000	953,4
7,21667	952,4
7,23333	952,4
7,25000	952,4
7,26667	954,4
7,28333	954,4
7,30000	954,4
7,31667	953,4
7,33333	953,4
7,35000	953,4
7,36667	952,4
7,38333	952,4
7,40000	952,4
7,41667	954,4
7,43333	954,4
7,45000	954,4
7,46667	953,4
7,48333	953,4
7,50000	953,4
7,51667	952,4
7,53333	952,4
7,55000	952,4
7,56667	954,4
7,58333	954,4
7,60000	954,4
7,61667	953,4
7,63333	953,4
7,65000	953,4
7,66667	952,4
7,68333	952,4
7,70000	952,4
7,71667	954,4
7,73333	954,4
7,75000	954,4
7,76667	953,4
7,78333	953,4
7,80000	953,4
7,81667	953,4
7,83333	953,4
7,85000	953,4
7,86667	954,4
7,88333	954,4
7,90000	954,4
7,91667	953,4
7,93333	953,4
7,95000	953,4
7,96667	953,4
7,98333	953,4
8,00000	953,4
8,01667	953,4
8,03333	953,4
8,05000	953,4
8,06667	953,4
8,08333	953,4
8,10000	953,4
8,11667	953,4
8,13333	953,4
8,15000	953,4
8,16667	954,4
8,18333	954,4
8,20000	954,4
8,21667	953,4
8,23333	953,4
8,25000	953,4
8,26667	953,4
8,28333	953,4
8,30000	953,4
8,31667	953,4
8,33333	953,4
8,35000	953,4
8,36667	953,4
8,38333	953,4
8,40000	953,4
8,41667	953,4
8,43333	953,4
8,45000	953,4
8,46667	953,4
8,48333	953,4
8,50000	953,4
8,51667	953,4
8,53333	953,4
8,55000	953,4
8,56667	953,4
8,58333	953,4
8,60000	953,4
8,61667	953,4
8,63333	953,4
8,65000	953,4
8,66667	953,4
8,68333	953,4
8,70000	953,4
8,71667	953,4
8,73333	953,4
8,75000	953,4
8,76667	953,4
8,78333	953,4
8,80000	953,4
8,81667	953,4
8,83333	953,4
8,85000	953,4
8,86667	953,4
8,88333	953,4
8,90000	953,4
8,91667	953,4
8,93333	953,4
8,95000	953,4
8,96667	953,4
8,98333	953,4
9,00000	953,4
9,01667	953,4
9,03333	953,4
9,05000	953,4
9,06667	953,4
9,08333	953,4
9,10000	953,4
9,11667	953,4
9,13333	953,4
9,15000	953,4
9,16667	953,4
9,18333	953,4
9,20000	953,4
9,21667	952,4
9,23333	952,4
9,25000	952,4
9,26667	953,4
9,28333	953,4
9,30000	953,4
9,31667	953,4
9,33333	953,4
9,35000	953,4
9,36667	953,4
9,38333	953,4
9,40000	953,4
9,41667	953,4
9,43333	953,4
9,45000	953,4
9,46667	953,4
9,48333	953,4
9,50000	953,4
9,51667	953,4
9,53333	953,4
9,55000	953,4
9,56667	954,4
9,58333	954,4
9,60000	954,4
9,61667	953,4
9,63333	953,4
9,65000	953,4
9,66667	952,4
9,68333	952,4
9,70000	952,4
9,71667	954,4
9,73333	954,4
9,75000	954,4
9,76667	953,4
9,78333	953,4
9,80000	953,4
9,81667	952,4
9,83333	952,4
9,85000	952,4
9,86667	954,4
9,88333	954,4
9,90000	954,4
9,91667	953,4
9,93333	953,4
9,95000	953,4
9,96667	952,4
9,98333	952,4
10,00000	952,4
10,01667	954,4
10,03333	954,4
10,05000	954,4
10,06667	953,4
10,08333	953,4
10,10000	953,4
10,11667	952,4
10,13333	952,4
10,15000	952,4
10,16667	954,4
10,18333	954,4
10,20000	954,4
10,21667	953,4
10,23333	953,4
10,25000	953,4
10,26667	952,4
10,28333	952,4
10,30000	952,4
10,31667	954,4
10,33333	954,4
10,35000	954,4
10,36667	954,4
10,38333	953,4
10,40000	953,4
10,41667	952,4
10,43333	952,4
10,45000	952,4
10,46667	954,4
10,48333	954,4
10,50000	954,4
10,51667	953,4
10,53333	953,4
10,55000	953,4
10,56667	953,4
10,58333	953,4
10,60000	953,4
10,61667	954,4
10,63333	954,4
10,65000	954,4
10,66667	953,4
10,68333	953,4
10,70000	953,4
10,71667	952,4
10,73333	952,4
10,75000	952,4
10,76667	952,4
10,78333	954,4
10,80000	954,4
10,81667	953,4
10,83333	953,4
10,85000	953,4
10,86667	953,4
10,88333	953,4
10,90000	953,4
10,91667	953,4
10,93333	953,4
10,95000	953,4
10,96667	953,4
10,98333	953,4
11,00000	953,4
11,01667	952,4
11,03333	952,4
11,05000	952,4
11,06667	954,4
11,08333	954,4
11,10000	954,4
11,11667	953,4
11,13333	953,4
11,15000	953,4
11,16667	953,4
11,18333	952,4
11,20000	952,4
11,21667	954,4
11,23333	954,4
11,25000	954,4
11,26667	953,4
11,28333	953,4
11,30000	953,4
11,31667	952,4
11,33333	952,4
11,35000	952,4
11,36667	954,4
11,38333	954,4
11,40000	954,4
11,41667	954,4
11,43333	954,4
11,45000	954,4
11,46667	952,4
11,48333	952,4
11,50000	952,4
11,51667	954,4
11,53333	954,4
11,55000	954,4
11,56667	954,4
11,58333	953,4
11,60000	953,4
11,61667	952,4
11,63333	952,4
11,65000	952,4
11,66667	954,4
11,68333	954,4
11,70000	954,4
11,71667	954,4
11,73333	954,4
11,75000	954,4
11,76667	952,4
11,78333	952,4
11,80000	952,4
11,81667	954,4
11,83333	954,4
11,85000	954,4
11,86667	953,4
11,88333	953,4
11,90000	953,4
11,91667	953,4
11,93333	953,4
11,95000	953,4
11,96667	954,4
11,98333	954,4
12,00000	954,4
12,01667	954,4
12,03333	954,4
12,05000	954,4
12,06667	952,4
12,08333	952,4
12,10000	952,4
12,11667	954,4
12,13333	954,4
12,15000	954,4
12,16667	953,4
12,18333	953,4
12,20000	953,4
12,21667	953,4
12,23333	953,4
12,25000	953,4
12,26667	954,4
12,28333	954,4
12,30000	954,4
12,31667	953,4
12,33333	953,4
12,35000	953,4
12,36667	952,4
12,38333	952,4
12,40000	952,4
12,41667	954,4
12,43333	954,4
12,45000	954,4
12,46667	953,4
12,48333	953,4
12,50000	953,4
12,51667	952,4
12,53333	952,4
12,55000	952,4
12,56667	954,4
12,58333	954,4
12,60000	954,4
12,61667	953,4
12,63333	953,4
12,65000	953,4
12,66667	952,4
12,68333	952,4
12,70000	952,4
12,71667	954,4
12,73333	954,4
12,75000	954,4
12,76667	953,4
12,78333	953,4
12,80000	953,4
12,81667	952,4
12,83333	952,4
12,85000	952,4
12,86667	954,4
12,88333	954,4
12,90000	954,4
12,91667	954,4
12,93333	954,4
12,95000	954,4
12,96667	952,4
12,98333	952,4
13,00000	952,4
13,01667	954,4
13,03333	954,4
13,05000	954,4
13,06667	954,4
13,08333	953,4
13,10000	953,4
13,11667	952,4
13,13333	952,4
13,15000	952,4
13,16667	954,4
13,18333	954,4
13,20000	954,4
13,21667	953,4
13,23333	953,4
13,25000	953,4
13,26667	952,4
13,28333	952,4
13,30000	952,4
13,31667	954,4
13,33333	954,4
13,35000	954,4
13,36667	953,4
13,38333	953,4
13,40000	953,4
13,41667	952,4
13,43333	952,4
13,45000	952,4
13,46667	952,4
13,48333	954,4
13,50000	954,4
13,51667	953,4
13,53333	953,4
13,55000	953,4
13,56667	953,4
13,58333	953,4
13,60000	953,4
13,61667	954,4
13,63333	954,4
13,65000	954,4
13,66667	953,4
13,68333	953,4
13,70000	953,4
13,71667	953,4
13,73333	953,4
13,75000	953,4
13,76667	953,4
13,78333	953,4
13,80000	953,4
13,81667	953,4
13,83333	953,4
13,85000	953,4
13,86667	953,4
13,88333	953,4
13,90000	953,4
13,91667	953,4
13,93333	953,4
13,95000	953,4
13,96667	953,4
13,98333	953,4
14,00000	953,4
14,01667	953,4
14,03333	953,4
14,05000	953,4
14,06667	953,4
14,08333	953,4
14,10000	953,4
14,11667	953,4
14,13333	953,4
14,15000	953,4
14,16667	953,4
14,18333	953,4
14,20000	953,4
14,21667	954,4
14,23333	954,4
14,25000	954,4
14,26667	954,4
14,28333	953,4
14,30000	953,4
14,31667	952,4
14,33333	952,4
14,35000	952,4
14,36667	954,4
14,38333	954,4
14,40000	954,4
14,41667	953,4
14,43333	953,4
14,45000	953,4
14,46667	952,4
14,48333	952,4
14,50000	952,4
14,51667	954,4
14,53333	954,4
14,55000	954,4
14,56667	954,4
14,58333	954,4
14,60000	954,4
14,61667	952,4
14,63333	952,4
14,65000	952,4
14,66667	954,4
14,68333	954,4
14,70000	954,4
14,71667	953,4
14,73333	953,4
14,75000	953,4
14,76667	953,4
14,78333	953,4
14,80000	953,4
14,81667	953,4
14,83333	953,4
14,85000	953,4
14,86667	953,4
14,88333	953,4
14,90000	953,4
14,91667	953,4
14,93333	953,4
14,95000	953,4
14,96667	953,4
14,98333	952,4
15,00000	952,4
15,01667	954,4
15,03333	954,4
15,05000	954,4
15,06667	953,4
15,08333	953,4
15,10000	953,4
15,11667	952,4
15,13333	952,4
15,15000	952,4
15,16667	954,4
15,18333	954,4
15,20000	954,4
15,21667	953,4
15,23333	953,4
15,25000	953,4
15,26667	952,4
15,28333	952,4
15,30000	952,4
15,31667	954,4
15,33333	954,4
15,35000	954,4
15,36667	954,4
15,38333	953,4
15,40000	953,4
15,41667	953,4
15,43333	953,4
15,45000	953,4
15,46667	953,4
15,48333	953,4
15,50000	953,4
15,51667	953,4
15,53333	953,4
15,55000	953,4
15,56667	953,4
15,58333	953,4
15,60000	953,4
15,61667	953,4
15,63333	953,4
15,65000	953,4
15,66667	953,4
15,68333	953,4
15,70000	953,4
15,71667	953,4
15,73333	953,4
15,75000	953,4
15,76667	953,4
15,78333	953,4
15,80000	953,4
15,81667	953,4
15,83333	953,4
15,85000	953,4
15,86667	953,4
15,88333	953,4
15,90000	953,4
15,91667	953,4
15,93333	953,4
15,95000	953,4
15,96667	953,4
15,98333	953,4
16,00000	953,4
16,01667	953,4
16,03333	953,4
16,05000	953,4
16,06667	953,4
16,08333	953,4
16,10000	953,4
16,11667	953,4
16,13333	953,4
16,15000	953,4
16,16667	953,4
16,18333	953,4
16,20000	953,4
16,21667	953,4
16,23333	953,4
16,25000	953,4
16,26667	953,4
16,28333	953,4
16,30000	953,4
16,31667	953,4
16,33333	953,4
16,35000	953,4
16,36667	953,4
16,38333	953,4
16,40000	953,4
16,41667	953,4
16,43333	953,4
16,45000	953,4
16,46667	953,4
16,48333	953,4
16,50000	953,4
16,51667	953,4
16,53333	953,4
16,55000	953,4
16,56667	953,4
16,58333	953,4
16,60000	953,4
16,61667	952,4
16,63333	952,4
16,65000	952,4
16,66667	953,4
16,68333	953,4
16,70000	953,4
16,71667	953,4
16,73333	953,4
16,75000	953,4
16,76667	953,4
16,78333	953,4
16,80000	953,4
16,81667	954,4
16,83333	954,4
16,85000	954,4
16,86667	953,4
16,88333	953,4
16,90000	953,4
16,91667	952,4
16,93333	952,4
16,95000	952,4
16,96667	952,4
16,98333	954,4
17,00000	954,4
17,01667	953,4
17,03333	953,4
17,05000	953,4
17,06667	953,4
17,08333	953,4
17,10000	953,4
17,11667	953,4
17,13333	953,4
17,15000	953,4
17,16667	953,4
17,18333	953,4
17,20000	953,4
17,21667	953,4
17,23333	953,4
17,25000	953,4
17,26667	954,4
17,28333	954,4
17,30000	954,4
17,31667	953,4
17,33333	953,4
17,35000	953,4
17,36667	953,4
17,38333	953,4
17,40000	953,4
17,41667	953,4
17,43333	953,4
17,45000	953,4
17,46667	953,4
17,48333	953,4
17,50000	953,4
17,51667	953,4
17,53333	953,4
17,55000	953,4
17,56667	953,4
17,58333	953,4
17,60000	953,4
17,61667	953,4
17,63333	953,4
17,65000	953,4
17,66667	953,4
17,68333	952,4
17,70000	952,4
17,71667	953,4
17,73333	953,4
17,75000	953,4
17,76667	953,4
17,78333	953,4
17,80000	953,4
17,81667	953,4
17,83333	953,4
17,85000	953,4
17,86667	953,4
17,88333	953,4
17,90000	953,4
17,91667	953,4
17,93333	953,4
17,95000	953,4
17,96667	953,4
17,98333	953,4
18,00000	953,4
18,01667	953,4
18,03333	953,4
18,05000	953,4
18,06667	953,4
18,08333	953,4
18,10000	953,4
18,11667	953,4
18,13333	953,4
18,15000	953,4
18,16667	953,4
18,18333	953,4
18,20000	953,4
18,21667	953,4
18,23333	953,4
18,25000	953,4
18,26667	954,4
18,28333	954,4
18,30000	954,4
18,31667	953,4
18,33333	953,4
18,35000	953,4
18,36667	953,4
18,38333	953,4
18,40000	953,4
18,41667	954,4
18,43333	954,4
18,45000	954,4
18,46667	954,4
18,48333	953,4
18,50000	953,4
18,51667	953,4
18,53333	953,4
18,55000	953,4
18,56667	954,4
18,58333	954,4
18,60000	954,4
18,61667	953,4
18,63333	953,4
18,65000	953,4
18,66667	953,4
18,68333	953,4
18,70000	953,4
18,71667	953,4
18,73333	953,4
18,75000	953,4
18,76667	953,4
18,78333	953,4
18,80000	953,4
18,81667	953,4
18,83333	953,4
18,85000	953,4
18,86667	953,4
18,88333	954,4
18,90000	954,4
18,91667	953,4
18,93333	953,4
18,95000	953,4
18,96667	953,4
18,98333	953,4
19,00000	953,4
19,01667	954,4
19,03333	954,4
19,05000	954,4
19,06667	953,4
19,08333	953,4
19,10000	953,4
19,11667	952,4
19,13333	952,4
19,15000	952,4
19,16667	953,4
19,18333	953,4
19,20000	953,4
19,21667	953,4
19,23333	953,4
19,25000	953,4
19,26667	953,4
19,28333	953,4
19,30000	953,4
19,31667	954,4
19,33333	954,4
19,35000	954,4
19,36667	953,4
19,38333	953,4
19,40000	953,4
19,41667	952,4
19,43333	952,4
19,45000	952,4
19,46667	953,4
19,48333	953,4
19,50000	953,4
19,51667	953,4
19,53333	953,4
19,55000	953,4
19,56667	953,4
19,58333	953,4
19,60000	953,4
19,61667	953,4
19,63333	953,4
19,65000	953,4
19,66667	953,4
19,68333	953,4
19,70000	953,4
19,71667	954,4
19,73333	954,4
19,75000	954,4
19,76667	953,4
19,78333	953,4
19,80000	953,4
19,81667	952,4
19,83333	952,4
19,85000	952,4
19,86667	954,4
19,88333	954,4
19,90000	954,4
19,91667	953,4
19,93333	953,4
19,95000	953,4
19,96667	953,4
19,98333	953,4
20,00000	953,4
20,01667	953,4
20,03333	953,4
20,05000	953,4
20,06667	954,4
20,08333	954,4
20,10000	954,4
20,11667	953,4
20,13333	953,4
20,15000	953,4
20,16667	953,4
20,18333	953,4
20,20000	953,4
20,21667	953,4
20,23333	953,4
20,25000	953,4
20,26667	953,4
20,28333	953,4
20,30000	953,4
20,31667	953,4
20,33333	953,4
20,35000	953,4
20,36667	953,4
20,38333	953,4
20,40000	953,4
20,41667	954,4
20,43333	954,4
20,45000	954,4
20,46667	953,4
20,48333	953,4
20,50000	953,4
20,51667	953,4
20,53333	953,4
20,55000	953,4
20,56667	954,4
20,58333	954,4
20,60000	954,4
20,61667	953,4
20,63333	953,4
20,65000	953,4
20,66667	952,4
20,68333	952,4
20,70000	952,4
20,71667	954,4
20,73333	954,4
20,75000	954,4
20,76667	954,4
20,78333	953,4
20,80000	953,4
20,81667	953,4
20,83333	953,4
20,85000	953,4
20,86667	953,4
20,88333	953,4
20,90000	953,4
20,91667	953,4
20,93333	953,4
20,95000	953,4
20,96667	953,4
20,98333	953,4
21,00000	953,4
21,01667	953,4
21,03333	953,4
21,05000	953,4
21,06667	952,4
21,08333	952,4
21,10000	952,4
21,11667	953,4
21,13333	953,4
21,15000	953,4
21,16667	953,4
21,18333	953,4
21,20000	953,4
21,21667	953,4
21,23333	953,4
21,25000	953,4
21,26667	953,4
21,28333	953,4
21,30000	953,4
21,31667	953,4
21,33333	953,4
21,35000	953,4
21,36667	954,4
21,38333	954,4
21,40000	954,4
21,41667	953,4
21,43333	953,4
21,45000	953,4
21,46667	952,4
21,48333	952,4
21,50000	952,4
21,51667	954,4
21,53333	954,4
21,55000	954,4
21,56667	954,4
21,58333	953,4
21,60000	953,4
21,61667	953,4
21,63333	953,4
21,65000	953,4
21,66667	953,4
21,68333	953,4
21,70000	953,4
21,71667	953,4
21,73333	953,4
21,75000	953,4
21,76667	954,4
21,78333	954,4
21,80000	954,4
21,81667	953,4
21,83333	953,4
21,85000	953,4
21,86667	952,4
21,88333	952,4
21,90000	952,4
21,91667	954,4
21,93333	954,4
21,95000	954,4
21,96667	954,4
21,98333	953,4
22,00000	953,4
22,01667	953,4
22,03333	953,4
22,05000	953,4
22,06667	953,4
22,08333	953,4
22,10000	953,4
22,11667	952,4
22,13333	952,4
22,15000	952,4
22,16667	954,4
22,18333	954,4
22,20000	954,4
22,21667	953,4
22,23333	953,4
22,25000	953,4
22,26667	953,4
22,28333	953,4
22,30000	953,4
22,31667	953,4
22,33333	953,4
22,35000	953,4
22,36667	953,4
22,38333	952,4
22,40000	952,4
22,41667	954,4
22,43333	954,4
22,45000	954,4
22,46667	953,4
22,48333	953,4
22,50000	953,4
22,51667	953,4
22,53333	953,4
22,55000	953,4
22,56667	953,4
22,58333	953,4
22,60000	953,4
22,61667	952,4
22,63333	952,4
22,65000	952,4
22,66667	952,4
22,68333	954,4
22,70000	954,4
22,71667	953,4
22,73333	953,4
22,75000	953,4
22,76667	953,4
22,78333	953,4
22,80000	953,4
22,81667	953,4
22,83333	953,4
22,85000	953,4
22,86667	953,4
22,88333	953,4
22,90000	953,4
22,91667	954,4
22,93333	954,4
22,95000	954,4
22,96667	953,4
22,98333	953,4
23,00000	953,4
23,01667	952,4
23,03333	952,4
23,05000	952,4
23,06667	952,4
23,08333	954,4
23,10000	954,4
23,11667	954,4
23,13333	954,4
23,15000	954,4
23,16667	953,4
23,18333	953,4
23,20000	953,4
23,21667	953,4
23,23333	953,4
23,25000	953,4
23,26667	953,4
23,28333	953,4
23,30000	953,4
23,31667	954,4
23,33333	954,4
23,35000	954,4
23,36667	953,4
23,38333	953,4
23,40000	953,4
23,41667	952,4
23,43333	952,4
23,45000	952,4
23,46667	952,4
23,48333	953,4
23,50000	953,4
23,51667	953,4
23,53333	953,4
23,55000	953,4
23,56667	954,4
23,58333	954,4
23,60000	954,4
23,61667	953,4
23,63333	953,4
23,65000	953,4
23,66667	953,4
23,68333	953,4
23,70000	953,4
23,71667	953,4
23,73333	953,4
23,75000	953,4
23,76667	952,4
23,78333	952,4
23,80000	952,4
23,81667	954,4
23,83333	954,4
23,85000	954,4
23,86667	954,4
23,88333	954,4
23,90000	954,4
23,91667	953,4
23,93333	953,4
23,95000	953,4
23,96667	953,4
23,98333	953,4
24,00000	953,4
24,01667	952,4
24,03333	952,4
24,05000	952,4
24,06667	954,4
24,08333	954,4
24,10000	954,4
24,11667	953,4
24,13333	953,4
24,15000	953,4
24,16667	953,4
24,18333	953,4
24,20000	953,4
24,21667	953,4
24,23333	953,4
24,25000	953,4
24,26667	953,4
24,28333	953,4
24,30000	953,4
24,31667	954,4
24,33333	954,4
24,35000	954,4
24,36667	953,4
24,38333	953,4
24,40000	953,4
24,41667	953,4
24,43333	953,4
24,45000	953,4
24,46667	953,4
24,48333	953,4
24,50000	953,4
24,51667	953,4
24,53333	953,4
24,55000	953,4
24,56667	954,4
24,58333	954,4
24,60000	954,4
24,61667	953,4
24,63333	953,4
24,65000	953,4
24,66667	953,4
24,68333	953,4
24,70000	953,4
24,71667	953,4
24,73333	953,4
24,75000	953,4
24,76667	952,4
24,78333	952,4
24,80000	952,4
24,81667	954,4
24,83333	954,4
24,85000	954,4
24,86667	953,4
24,88333	953,4
24,90000	953,4
24,91667	953,4
24,93333	953,4
24,95000	953,4
24,96667	953,4
24,98333	953,4
25,00000	953,4
25,01667	952,4
25,03333	952,4
25,05000	952,4
25,06667	952,4
25,08333	954,4
25,10000	954,4
25,11667	953,4
25,13333	953,4
25,15000	953,4
25,16667	953,4
25,18333	953,4
25,20000	953,4
25,21667	953,4
25,23333	953,4
25,25000	953,4
25,26667	953,4
25,28333	953,4
25,30000	953,4
25,31667	953,4
25,33333	953,4
25,35000	953,4
25,36667	953,4
25,38333	953,4
25,40000	953,4
25,41667	953,4
25,43333	953,4
25,45000	953,4
25,46667	954,4
25,48333	954,4
25,50000	954,4
25,51667	953,4
25,53333	953,4
25,55000	953,4
25,56667	952,4
25,58333	952,4
25,60000	952,4
25,61667	953,4
25,63333	953,4
25,65000	953,4
25,66667	953,4
25,68333	953,4
25,70000	953,4
25,71667	953,4
25,73333	953,4
25,75000	953,4
25,76667	953,4
25,78333	953,4
25,80000	953,4
25,81667	953,4
25,83333	953,4
25,85000	953,4
25,86667	953,4
25,88333	953,4
25,90000	953,4
25,91667	953,4
25,93333	953,4
25,95000	953,4
25,96667	954,4
25,98333	954,4
26,00000	954,4
26,01667	953,4
26,03333	953,4
26,05000	953,4
26,06667	953,4
26,08333	953,4
26,10000	953,4
26,11667	954,4
26,13333	954,4
26,15000	954,4
26,16667	954,4
26,18333	953,4
26,20000	953,4
26,21667	954,4
26,23333	954,4
26,25000	954,4
26,26667	953,4
26,28333	953,4
26,30000	953,4
26,31667	952,4
26,33333	952,4
26,35000	952,4
26,36667	954,4
26,38333	954,4
26,40000	954,4
26,41667	953,4
26,43333	953,4
26,45000	953,4
26,46667	952,4
26,48333	952,4
26,50000	952,4
26,51667	954,4
26,53333	954,4
26,55000	954,4
26,56667	954,4
26,58333	954,4
26,60000	954,4
26,61667	952,4
26,63333	952,4
26,65000	952,4
26,66667	954,4
26,68333	954,4
26,70000	954,4
26,71667	953,4
26,73333	953,4
26,75000	953,4
26,76667	953,4
26,78333	953,4
26,80000	953,4
26,81667	954,4
26,83333	954,4
26,85000	954,4
26,86667	953,4
26,88333	953,4
26,90000	953,4
26,91667	953,4
26,93333	953,4
26,95000	953,4
26,96667	953,4
26,98333	954,4
27,00000	954,4
27,01667	953,4
27,03333	953,4
27,05000	953,4
27,06667	953,4
27,08333	953,4
27,10000	953,4
27,11667	953,4
27,13333	953,4
27,15000	953,4
27,16667	954,4
27,18333	954,4
27,20000	954,4
27,21667	953,4
27,23333	953,4
27,25000	953,4
27,26667	953,4
27,28333	953,4
27,30000	953,4
27,31667	954,4
27,33333	954,4
27,35000	954,4
27,36667	954,4
27,38333	953,4
27,40000	953,4
27,41667	953,4
27,43333	953,4
27,45000	953,4
27,46667	954,4
27,48333	954,4
27,50000	954,4
27,51667	953,4
27,53333	953,4
27,55000	953,4
27,56667	953,4
27,58333	953,4
27,60000	953,4
27,61667	953,4
27,63333	953,4
27,65000	953,4
27,66667	953,4
27,68333	953,4
27,70000	953,4
27,71667	953,4
27,73333	953,4
27,75000	953,4
27,76667	952,4
27,78333	952,4
27,80000	952,4
27,81667	954,4
27,83333	954,4
27,85000	954,4
27,86667	953,4
27,88333	953,4
27,90000	953,4
27,91667	953,4
27,93333	953,4
27,95000	953,4
27,96667	953,4
27,98333	953,4
28,00000	953,4
28,01667	953,4
28,03333	953,4
28,05000	953,4
28,06667	953,4
28,08333	953,4
28,10000	953,4
28,11667	953,4
28,13333	953,4
28,15000	953,4
28,16667	954,4
28,18333	954,4
28,20000	954,4
28,21667	953,4
28,23333	953,4
28,25000	953,4
28,26667	952,4
28,28333	952,4
28,30000	952,4
28,31667	954,4
28,33333	954,4
28,35000	954,4
28,36667	953,4
28,38333	953,4
28,40000	953,4
28,41667	953,4
28,43333	953,4
28,45000	953,4
28,46667	953,4
28,48333	954,4
28,50000	954,4
28,51667	953,4
28,53333	953,4
28,55000	953,4
28,56667	953,4
28,58333	953,4
28,60000	953,4
28,61667	952,4
28,63333	952,4
28,65000	952,4
28,66667	954,4
28,68333	954,4
28,70000	954,4
28,71667	953,4
28,73333	953,4
28,75000	953,4
28,76667	953,4
28,78333	953,4
28,80000	953,4
28,81667	952,4
28,83333	952,4
28,85000	952,4
28,86667	952,4
28,88333	954,4
28,90000	954,4
28,91667	953,4
28,93333	953,4
28,95000	953,4
28,96667	952,4
28,98333	952,4
29,00000	952,4
29,01667	953,4
29,03333	953,4
29,05000	953,4
29,06667	953,4
29,08333	953,4
29,10000	953,4
29,11667	953,4
29,13333	953,4
29,15000	953,4
29,16667	953,4
29,18333	953,4
29,20000	953,4
29,21667	954,4
29,23333	954,4
29,25000	954,4
29,26667	953,4
29,28333	953,4
29,30000	953,4
29,31667	952,4
29,33333	952,4
29,35000	952,4
29,36667	954,4
29,38333	954,4
29,40000	954,4
29,41667	953,4
29,43333	953,4
29,45000	953,4
29,46667	952,4
29,48333	952,4
29,50000	952,4
29,51667	954,4
29,53333	954,4
29,55000	954,4
29,56667	953,4
29,58333	953,4
29,60000	953,4
29,61667	953,4
29,63333	953,4
29,65000	953,4
29,66667	953,4
29,68333	953,4
29,70000	953,4
29,71667	953,4
29,73333	953,4
29,75000	953,4
29,76667	953,4
29,78333	953,4
29,80000	953,4
29,81667	953,4
29,83333	953,4
29,85000	953,4
29,86667	953,4
29,88333	953,4
29,90000	953,4
29,91667	953,4
29,93333	953,4
29,95000	953,4
29,96667	952,4
29,98333	952,4
30,00000	952,4
30,01667	954,4
30,03333	954,4
30,05000	954,4
30,06667	953,4
30,08333	953,4
30,10000	953,4
30,11667	953,4
30,13333	953,4
30,15000	953,4
30,16667	954,4
30,18333	954,4
30,20000	954,4
30,21667	953,4
30,23333	953,4
30,25000	953,4
30,26667	953,4
30,28333	953,4
30,30000	953,4
30,31667	953,4
30,33333	953,4
30,35000	953,4
30,36667	953,4
30,38333	953,4
30,40000	953,4
30,41667	953,4
30,43333	953,4
30,45000	953,4
30,46667	953,4
30,48333	952,4
30,50000	952,4
30,51667	954,4
30,53333	954,4
30,55000	954,4
30,56667	953,4
30,58333	953,4
30,60000	953,4
30,61667	952,4
30,63333	952,4
30,65000	952,4
30,66667	954,4
30,68333	954,4
30,70000	954,4
30,71667	953,4
30,73333	953,4
30,75000	953,4
30,76667	953,4
30,78333	953,4
30,80000	953,4
30,81667	953,4
30,83333	953,4
30,85000	953,4
30,86667	953,4
30,88333	953,4
30,90000	953,4
30,91667	953,4
30,93333	953,4
30,95000	953,4
30,96667	952,4
30,98333	952,4
31,00000	952,4
31,01667	953,4
31,03333	953,4
31,05000	953,4
31,06667	953,4
31,08333	953,4
31,10000	953,4
31,11667	953,4
31,13333	953,4
31,15000	953,4
31,16667	953,4
31,18333	953,4
31,20000	953,4
31,21667	953,4
31,23333	953,4
31,25000	953,4
31,26667	953,4
31,28333	953,4
31,30000	953,4
31,31667	953,4
31,33333	953,4
31,35000	953,4
31,36667	953,4
31,38333	953,4
31,40000	953,4
31,41667	953,4
31,43333	953,4
31,45000	953,4
31,46667	953,4
31,48333	953,4
31,50000	953,4
31,51667	953,4
31,53333	953,4
31,55000	953,4
31,56667	953,4
31,58333	953,4
31,60000	953,4
31,61667	954,4
31,63333	954,4
31,65000	954,4
31,66667	953,4
31,68333	953,4
31,70000	953,4
31,71667	952,4
31,73333	952,4
31,75000	952,4
31,76667	954,4
31,78333	954,4
31,80000	954,4
31,81667	953,4
31,83333	953,4
31,85000	953,4
31,86667	952,4
31,88333	952,4
31,90000	952,4
31,91667	954,4
31,93333	954,4
31,95000	954,4
31,96667	954,4
31,98333	953,4
32,00000	953,4

[LC Status Trace(Pump B Pressure)]
Interval(msec)	1000
# of Points	1921
Start Time(min)	0,000
End Time(min)	32,000
Intensity Units	bar
Intensity Multiplier	0,980665
R.Time (min)	Intensity
0,00000	81,4
0,01667	81,4
0,03333	79,6
0,05000	79,7
0,06667	80,3
0,08333	80,4
0,10000	81,3
0,11667	81,9
0,13333	82,2
0,15000	82,2
0,16667	81,9
0,18333	81,7
0,20000	81,7
0,21667	81,9
0,23333	82,1
0,25000	82,2
0,26667	82,3
0,28333	82,3
0,30000	82,3
0,31667	82,3
0,33333	82,4
0,35000	82,4
0,36667	82,4
0,38333	82,4
0,40000	82,4
0,41667	82,4
0,43333	82,4
0,45000	82,4
0,46667	82,5
0,48333	82,4
0,50000	82,4
0,51667	82,4
0,53333	82,3
0,55000	82,3
0,56667	82,3
0,58333	82,4
0,60000	82,4
0,61667	82,4
0,63333	82,3
0,65000	82,4
0,66667	82,4
0,68333	82,4
0,70000	82,4
0,71667	82,4
0,73333	82,4
0,75000	82,3
0,76667	82,3
0,78333	82,4
0,80000	82,4
0,81667	82,3
0,83333	82,3
0,85000	82,3
0,86667	82,4
0,88333	82,4
0,90000	82,4
0,91667	82,4
0,93333	82,3
0,95000	82,3
0,96667	82,3
0,98333	82,3
1,00000	82,3
1,01667	82,3
1,03333	82,2
1,05000	82,3
1,06667	82,3
1,08333	82,3
1,10000	82,3
1,11667	82,3
1,13333	82,2
1,15000	82,3
1,16667	82,2
1,18333	82,3
1,20000	82,3
1,21667	82,3
1,23333	82,2
1,25000	82,3
1,26667	82,3
1,28333	82,3
1,30000	82,2
1,31667	82,2
1,33333	82,3
1,35000	82,3
1,36667	82,3
1,38333	82,3
1,40000	82,2
1,41667	82,3
1,43333	82,3
1,45000	82,3
1,46667	82,3
1,48333	82,2
1,50000	82,2
1,51667	82,3
1,53333	82,3
1,55000	82,3
1,56667	82,2
1,58333	82,2
1,60000	82,2
1,61667	82,2
1,63333	82,3
1,65000	82,2
1,66667	82,2
1,68333	82,2
1,70000	82,2
1,71667	82,2
1,73333	82,3
1,75000	82,1
1,76667	82,2
1,78333	82,2
1,80000	82,2
1,81667	82,1
1,83333	82,1
1,85000	82,3
1,86667	82,1
1,88333	82,2
1,90000	82,1
1,91667	82,1
1,93333	82,1
1,95000	82,2
1,96667	82,1
1,98333	82,1
2,00000	82,1
2,01667	82,2
2,03333	82,1
2,05000	82,1
2,06667	82,1
2,08333	82,1
2,10000	82,1
2,11667	82,1
2,13333	82,0
2,15000	82,1
2,16667	82,1
2,18333	82,1
2,20000	82,0
2,21667	82,1
2,23333	82,1
2,25000	82,1
2,26667	82,0
2,28333	82,0
2,30000	82,0
2,31667	82,1
2,33333	82,0
2,35000	82,0
2,36667	82,1
2,38333	82,1
2,40000	82,1
2,41667	82,1
2,43333	82,1
2,45000	82,1
2,46667	82,1
2,48333	82,1
2,50000	82,1
2,51667	82,1
2,53333	82,1
2,55000	82,1
2,56667	82,1
2,58333	82,1
2,60000	82,1
2,61667	82,1
2,63333	82,1
2,65000	82,1
2,66667	82,1
2,68333	82,1
2,70000	82,0
2,71667	82,0
2,73333	82,1
2,75000	82,1
2,76667	82,0
2,78333	82,0
2,80000	82,1
2,81667	82,1
2,83333	82,1
2,85000	82,1
2,86667	82,1
2,88333	82,1
2,90000	82,1
2,91667	82,1
2,93333	82,1
2,95000	82,1
2,96667	82,1
2,98333	82,1
3,00000	82,1
3,01667	82,1
3,03333	82,1
3,05000	82,1
3,06667	82,2
3,08333	82,2
3,10000	82,1
3,11667	82,1
3,13333	82,1
3,15000	82,1
3,16667	82,1
3,18333	82,1
3,20000	82,2
3,21667	82,2
3,23333	82,1
3,25000	82,2
3,26667	82,2
3,28333	82,2
3,30000	82,1
3,31667	82,2
3,33333	82,2
3,35000	82,3
3,36667	82,3
3,38333	82,2
3,40000	82,2
3,41667	82,1
3,43333	82,2
3,45000	82,2
3,46667	82,2
3,48333	82,2
3,50000	82,2
3,51667	82,2
3,53333	82,2
3,55000	82,2
3,56667	82,3
3,58333	82,3
3,60000	82,2
3,61667	82,2
3,63333	82,3
3,65000	82,3
3,66667	82,3
3,68333	82,4
3,70000	82,3
3,71667	82,2
3,73333	82,3
3,75000	82,3
3,76667	82,2
3,78333	82,2
3,80000	82,3
3,81667	82,4
3,83333	82,3
3,85000	82,4
3,86667	82,4
3,88333	82,3
3,90000	82,3
3,91667	82,4
3,93333	82,4
3,95000	82,3
3,96667	82,4
3,98333	82,4
4,00000	82,3
4,01667	82,3
4,03333	82,4
4,05000	82,4
4,06667	82,4
4,08333	82,4
4,10000	82,4
4,11667	82,4
4,13333	82,5
4,15000	82,4
4,16667	82,4
4,18333	82,4
4,20000	82,4
4,21667	82,4
4,23333	82,4
4,25000	82,5
4,26667	82,6
4,28333	82,7
4,30000	82,9
4,31667	83,0
4,33333	83,1
4,35000	83,2
4,36667	83,2
4,38333	83,2
4,40000	83,2
4,41667	83,2
4,43333	83,2
4,45000	83,2
4,46667	83,2
4,48333	83,2
4,50000	83,1
4,51667	83,2
4,53333	83,1
4,55000	83,1
4,56667	83,1
4,58333	83,1
4,60000	82,9
4,61667	83,0
4,63333	82,9
4,65000	82,8
4,66667	82,8
4,68333	82,8
4,70000	82,7
4,71667	82,7
4,73333	82,6
4,75000	82,5
4,76667	82,5
4,78333	82,5
4,80000	82,4
4,81667	82,4
4,83333	82,4
4,85000	82,3
4,86667	82,3
4,88333	82,3
4,90000	82,2
4,91667	82,2
4,93333	82,2
4,95000	82,1
4,96667	82,2
4,98333	82,2
5,00000	82,1
5,01667	82,1
5,03333	82,1
5,05000	82,2
5,06667	82,3
5,08333	82,3
5,10000	82,3
5,11667	82,3
5,13333	82,4
5,15000	82,4
5,16667	82,5
5,18333	82,4
5,20000	82,5
5,21667	82,5
5,23333	82,5
5,25000	82,5
5,26667	82,6
5,28333	82,5
5,30000	82,5
5,31667	82,6
5,33333	82,6
5,35000	82,5
5,36667	82,6
5,38333	82,6
5,40000	82,6
5,41667	82,6
5,43333	82,6
5,45000	82,6
5,46667	82,7
5,48333	82,6
5,50000	82,7
5,51667	82,7
5,53333	82,6
5,55000	82,7
5,56667	82,6
5,58333	82,6
5,60000	82,7
5,61667	82,6
5,63333	82,7
5,65000	82,7
5,66667	82,7
5,68333	82,7
5,70000	82,7
5,71667	82,6
5,73333	82,7
5,75000	82,7
5,76667	82,8
5,78333	82,7
5,80000	82,8
5,81667	82,7
5,83333	82,8
5,85000	82,8
5,86667	82,8
5,88333	82,8
5,90000	82,7
5,91667	82,8
5,93333	82,9
5,95000	82,8
5,96667	82,8
5,98333	82,8
6,00000	82,8
6,01667	82,8
6,03333	82,8
6,05000	82,8
6,06667	82,8
6,08333	82,8
6,10000	82,8
6,11667	82,8
6,13333	82,8
6,15000	82,9
6,16667	82,8
6,18333	82,9
6,20000	82,8
6,21667	82,9
6,23333	82,8
6,25000	82,8
6,26667	82,9
6,28333	82,9
6,30000	82,8
6,31667	82,9
6,33333	82,8
6,35000	82,9
6,36667	82,9
6,38333	82,9
6,40000	82,9
6,41667	82,9
6,43333	82,9
6,45000	82,9
6,46667	82,9
6,48333	82,9
6,50000	82,8
6,51667	82,9
6,53333	82,9
6,55000	82,9
6,56667	82,9
6,58333	82,9
6,60000	82,9
6,61667	82,9
6,63333	82,9
6,65000	82,9
6,66667	82,9
6,68333	83,0
6,70000	83,0
6,71667	83,0
6,73333	83,0
6,75000	82,9
6,76667	83,0
6,78333	83,0
6,80000	83,0
6,81667	83,0
6,83333	82,9
6,85000	83,0
6,86667	82,9
6,88333	83,0
6,90000	82,9
6,91667	82,9
6,93333	82,9
6,95000	83,0
6,96667	83,0
6,98333	83,0
7,00000	82,9
7,01667	83,0
7,03333	82,9
7,05000	83,0
7,06667	82,9
7,08333	83,0
7,10000	83,1
7,11667	83,0
7,13333	83,1
7,15000	83,0
7,16667	83,1
7,18333	83,1
7,20000	83,1
7,21667	83,1
7,23333	83,1
7,25000	83,1
7,26667	83,1
7,28333	83,1
7,30000	83,1
7,31667	83,1
7,33333	83,2
7,35000	83,2
7,36667	83,2
7,38333	83,0
7,40000	83,1
7,41667	83,1
7,43333	83,1
7,45000	83,1
7,46667	83,1
7,48333	83,1
7,50000	83,1
7,51667	83,1
7,53333	83,2
7,55000	83,1
7,56667	83,1
7,58333	83,1
7,60000	83,1
7,61667	83,1
7,63333	83,2
7,65000	83,1
7,66667	83,1
7,68333	83,1
7,70000	83,1
7,71667	83,2
7,73333	83,1
7,75000	83,1
7,76667	83,1
7,78333	83,2
7,80000	83,1
7,81667	83,1
7,83333	83,1
7,85000	83,1
7,86667	83,1
7,88333	83,1
7,90000	83,1
7,91667	83,1
7,93333	83,1
7,95000	83,1
7,96667	83,2
7,98333	83,1
8,00000	83,1
8,01667	83,1
8,03333	83,1
8,05000	83,2
8,06667	83,2
8,08333	83,1
8,10000	83,1
8,11667	83,2
8,13333	83,1
8,15000	83,1
8,16667	83,1
8,18333	83,1
8,20000	83,2
8,21667	83,1
8,23333	83,1
8,25000	83,1
8,26667	83,1
8,28333	83,1
8,30000	83,1
8,31667	83,1
8,33333	83,1
8,35000	83,1
8,36667	83,2
8,38333	83,1
8,40000	83,1
8,41667	83,1
8,43333	83,2
8,45000	83,1
8,46667	83,1
8,48333	83,1
8,50000	83,2
8,51667	83,1
8,53333	83,1
8,55000	83,1
8,56667	83,1
8,58333	83,1
8,60000	83,1
8,61667	83,1
8,63333	83,1
8,65000	83,1
8,66667	83,1
8,68333	83,1
8,70000	83,1
8,71667	83,1
8,73333	83,1
8,75000	83,1
8,76667	83,0
8,78333	83,1
8,80000	83,1
8,81667	83,1
8,83333	83,1
8,85000	83,1
8,86667	83,1
8,88333	83,0
8,90000	83,0
8,91667	83,1
8,93333	83,1
8,95000	83,1
8,96667	83,1
8,98333	83,1
9,00000	83,1
9,01667	83,1
9,03333	83,1
9,05000	83,1
9,06667	83,1
9,08333	83,1
9,10000	83,1
9,11667	83,1
9,13333	83,1
9,15000	83,1
9,16667	83,1
9,18333	83,1
9,20000	83,0
9,21667	83,1
9,23333	83,0
9,25000	83,1
9,26667	83,0
9,28333	83,1
9,30000	83,1
9,31667	83,1
9,33333	83,1
9,35000	83,0
9,36667	83,0
9,38333	83,0
9,40000	83,1
9,41667	83,0
9,43333	83,0
9,45000	83,1
9,46667	83,0
9,48333	83,0
9,50000	83,0
9,51667	83,0
9,53333	83,0
9,55000	83,0
9,56667	83,0
9,58333	83,0
9,60000	83,0
9,61667	82,9
9,63333	83,0
9,65000	83,0
9,66667	83,0
9,68333	82,9
9,70000	83,0
9,71667	83,0
9,73333	83,0
9,75000	83,0
9,76667	83,0
9,78333	83,0
9,80000	83,0
9,81667	82,9
9,83333	83,0
9,85000	83,0
9,86667	83,0
9,88333	83,0
9,90000	83,0
9,91667	83,0
9,93333	83,0
9,95000	83,0
9,96667	83,0
9,98333	83,0
10,00000	82,9
10,01667	83,0
10,03333	82,9
10,05000	83,0
10,06667	83,0
10,08333	83,0
10,10000	82,9
10,11667	83,0
10,13333	82,9
10,15000	83,0
10,16667	82,9
10,18333	83,0
10,20000	82,9
10,21667	83,0
10,23333	82,8
10,25000	82,9
10,26667	82,9
10,28333	82,9
10,30000	82,9
10,31667	82,9
10,33333	82,9
10,35000	82,9
10,36667	82,8
10,38333	82,9
10,40000	82,9
10,41667	82,9
10,43333	82,9
10,45000	82,9
10,46667	82,8
10,48333	82,9
10,50000	82,9
10,51667	82,9
10,53333	82,9
10,55000	82,8
10,56667	82,8
10,58333	82,8
10,60000	82,9
10,61667	82,8
10,63333	82,8
10,65000	82,8
10,66667	82,8
10,68333	82,9
10,70000	82,8
10,71667	82,8
10,73333	82,8
10,75000	82,8
10,76667	82,8
10,78333	82,8
10,80000	82,9
10,81667	82,8
10,83333	82,8
10,85000	82,8
10,86667	82,8
10,88333	82,8
10,90000	82,8
10,91667	82,8
10,93333	82,8
10,95000	82,8
10,96667	82,8
10,98333	82,8
11,00000	82,8
11,01667	82,7
11,03333	82,7
11,05000	82,7
11,06667	82,7
11,08333	82,7
11,10000	82,7
11,11667	82,7
11,13333	82,7
11,15000	82,6
11,16667	82,7
11,18333	82,7
11,20000	82,7
11,21667	82,7
11,23333	82,7
11,25000	82,7
11,26667	82,7
11,28333	82,6
11,30000	82,7
11,31667	82,6
11,33333	82,7
11,35000	82,6
11,36667	82,7
11,38333	82,6
11,40000	82,7
11,41667	82,6
11,43333	82,7
11,45000	82,6
11,46667	82,6
11,48333	82,6
11,50000	82,6
11,51667	82,6
11,53333	82,7
11,55000	82,6
11,56667	82,6
11,58333	82,7
11,60000	82,7
11,61667	82,6
11,63333	82,6
11,65000	82,6
11,66667	82,6
11,68333	82,6
11,70000	82,7
11,71667	82,5
11,73333	82,6
11,75000	82,6
11,76667	82,5
11,78333	82,5
11,80000	82,6
11,81667	82,6
11,83333	82,6
11,85000	82,5
11,86667	82,6
11,88333	82,6
11,90000	82,6
11,91667	82,5
11,93333	82,5
11,95000	82,5
11,96667	82,6
11,98333	82,5
12,00000	82,6
12,01667	82,5
12,03333	82,5
12,05000	82,5
12,06667	82,5
12,08333	82,5
12,10000	82,5
12,11667	82,5
12,13333	82,6
12,15000	82,5
12,16667	82,5
12,18333	82,4
12,20000	82,5
12,21667	82,5
12,23333	82,5
12,25000	82,5
12,26667	82,5
12,28333	82,4
12,30000	82,5
12,31667	82,5
12,33333	82,5
12,35000	82,4
12,36667	82,4
12,38333	82,4
12,40000	82,5
12,41667	82,4
12,43333	82,5
12,45000	82,4
12,46667	82,4
12,48333	82,5
12,50000	82,4
12,51667	82,4
12,53333	82,4
12,55000	82,4
12,56667	82,4
12,58333	82,4
12,60000	82,5
12,61667	82,4
12,63333	82,4
12,65000	82,4
12,66667	82,4
12,68333	82,3
12,70000	82,4
12,71667	82,3
12,73333	82,4
12,75000	82,4
12,76667	82,3
12,78333	82,4
12,80000	82,4
12,81667	82,4
12,83333	82,4
12,85000	82,3
12,86667	82,4
12,88333	82,3
12,90000	82,3
12,91667	82,3
12,93333	82,4
12,95000	82,3
12,96667	82,3
12,98333	82,3
13,00000	82,4
13,01667	82,3
13,03333	82,4
13,05000	82,3
13,06667	82,3
13,08333	82,3
13,10000	82,4
13,11667	82,3
13,13333	82,3
13,15000	82,3
13,16667	82,3
13,18333	82,3
13,20000	82,3
13,21667	82,2
13,23333	82,3
13,25000	82,2
13,26667	82,3
13,28333	82,2
13,30000	82,3
13,31667	82,2
13,33333	82,3
13,35000	82,2
13,36667	82,3
13,38333	82,3
13,40000	82,3
13,41667	82,3
13,43333	82,3
13,45000	82,3
13,46667	82,2
13,48333	82,3
13,50000	82,3
13,51667	82,3
13,53333	82,3
13,55000	82,2
13,56667	82,3
13,58333	82,2
13,60000	82,3
13,61667	82,2
13,63333	82,2
13,65000	82,2
13,66667	82,2
13,68333	82,3
13,70000	82,3
13,71667	82,2
13,73333	82,3
13,75000	82,2
13,76667	82,3
13,78333	82,2
13,80000	82,2
13,81667	82,2
13,83333	82,2
13,85000	82,2
13,86667	82,2
13,88333	82,2
13,90000	82,3
13,91667	82,1
13,93333	82,3
13,95000	82,2
13,96667	82,2
13,98333	82,2
14,00000	82,3
14,01667	82,2
14,03333	82,2
14,05000	82,2
14,06667	82,2
14,08333	82,2
14,10000	82,2
14,11667	82,2
14,13333	82,2
14,15000	82,1
14,16667	82,2
14,18333	82,1
14,20000	82,3
14,21667	82,2
14,23333	82,2
14,25000	82,2
14,26667	82,3
14,28333	82,2
14,30000	82,2
14,31667	82,2
14,33333	82,3
14,35000	82,2
14,36667	82,2
14,38333	82,2
14,40000	82,2
14,41667	82,1
14,43333	82,2
14,45000	82,1
14,46667	82,2
14,48333	82,2
14,50000	82,2
14,51667	82,1
14,53333	82,2
14,55000	82,2
14,56667	82,2
14,58333	82,1
14,60000	82,3
14,61667	82,1
14,63333	82,2
14,65000	82,1
14,66667	82,2
14,68333	82,1
14,70000	82,2
14,71667	82,2
14,73333	82,2
14,75000	82,1
14,76667	82,2
14,78333	82,1
14,80000	82,2
14,81667	82,1
14,83333	82,2
14,85000	82,1
14,86667	82,2
14,88333	82,1
14,90000	82,2
14,91667	82,1
14,93333	82,2
14,95000	82,2
14,96667	82,1
14,98333	82,1
15,00000	82,2
15,01667	82,1
15,03333	82,1
15,05000	82,1
15,06667	82,2
15,08333	82,1
15,10000	82,1
15,11667	82,1
15,13333	82,2
15,15000	82,1
15,16667	82,2
15,18333	82,1
15,20000	82,1
15,21667	82,1
15,23333	82,1
15,25000	82,1
15,26667	82,2
15,28333	82,1
15,30000	82,1
15,31667	82,1
15,33333	82,2
15,35000	82,1
15,36667	82,1
15,38333	82,1
15,40000	82,1
15,41667	82,1
15,43333	82,1
15,45000	82,1
15,46667	82,1
15,48333	82,1
15,50000	82,1
15,51667	82,0
15,53333	82,1
15,55000	82,1
15,56667	82,1
15,58333	82,1
15,60000	82,1
15,61667	82,1
15,63333	82,1
15,65000	82,1
15,66667	82,1
15,68333	82,1
15,70000	82,1
15,71667	82,1
15,73333	82,2
15,75000	82,1
15,76667	82,2
15,78333	82,1
15,80000	82,2
15,81667	82,0
15,83333	82,1
15,85000	82,0
15,86667	82,1
15,88333	82,1
15,90000	82,1
15,91667	82,0
15,93333	82,1
15,95000	82,1
15,96667	82,1
15,98333	82,0
16,00000	82,1
16,01667	82,0
16,03333	82,1
16,05000	82,1
16,06667	82,1
16,08333	82,0
16,10000	82,1
16,11667	82,1
16,13333	82,1
16,15000	82,0
16,16667	82,1
16,18333	82,0
16,20000	82,1
16,21667	82,0
16,23333	82,1
16,25000	82,0
16,26667	82,1
16,28333	82,1
16,30000	82,1
16,31667	82,1
16,33333	82,1
16,35000	82,1
16,36667	82,0
16,38333	82,1
16,40000	82,1
16,41667	82,1
16,43333	82,1
16,45000	82,1
16,46667	82,1
16,48333	82,2
16,50000	82,0
16,51667	82,1
16,53333	82,1
16,55000	82,0
16,56667	82,0
16,58333	82,0
16,60000	82,0
16,61667	82,1
16,63333	82,0
16,65000	82,1
16,66667	82,1
16,68333	82,1
16,70000	82,0
16,71667	82,1
16,73333	82,1
16,75000	82,1
16,76667	82,1
16,78333	82,1
16,80000	82,1
16,81667	82,0
16,83333	82,1
16,85000	82,0
16,86667	82,0
16,88333	82,0
16,90000	82,0
16,91667	82,0
16,93333	82,0
16,95000	82,0
16,96667	82,0
16,98333	82,0
17,00000	82,0
17,01667	82,0
17,03333	82,0
17,05000	82,0
17,06667	82,0
17,08333	82,0
17,10000	81,9
17,11667	82,0
17,13333	82,0
17,15000	82,0
17,16667	82,0
17,18333	82,0
17,20000	82,0
17,21667	82,0
17,23333	82,0
17,25000	82,0
17,26667	82,0
17,28333	82,0
17,30000	82,0
17,31667	82,0
17,33333	82,0
17,35000	82,0
17,36667	82,0
17,38333	82,0
17,40000	81,9
17,41667	82,0
17,43333	81,9
17,45000	82,0
17,46667	81,9
17,48333	81,9
17,50000	82,0
17,51667	81,9
17,53333	81,9
17,55000	81,9
17,56667	81,9
17,58333	81,9
17,60000	82,0
17,61667	81,9
17,63333	81,9
17,65000	81,9
17,66667	82,0
17,68333	81,9
17,70000	81,9
17,71667	81,9
17,73333	81,9
17,75000	81,9
17,76667	81,9
17,78333	81,9
17,80000	81,9
17,81667	81,9
17,83333	81,9
17,85000	81,9
17,86667	81,8
17,88333	81,8
17,90000	81,8
17,91667	81,8
17,93333	81,9
17,95000	81,8
17,96667	81,9
17,98333	81,8
18,00000	81,8
18,01667	81,8
18,03333	81,9
18,05000	81,8
18,06667	81,9
18,08333	81,8
18,10000	81,8
18,11667	81,8
18,13333	81,8
18,15000	81,8
18,16667	81,8
18,18333	81,8
18,20000	81,8
18,21667	81,8
18,23333	81,7
18,25000	81,9
18,26667	81,7
18,28333	81,8
18,30000	81,8
18,31667	81,8
18,33333	81,8
18,35000	81,7
18,36667	81,7
18,38333	81,8
18,40000	81,7
18,41667	81,7
18,43333	81,7
18,45000	81,7
18,46667	81,7
18,48333	81,7
18,50000	81,7
18,51667	81,7
18,53333	81,7
18,55000	81,7
18,56667	81,7
18,58333	81,7
18,60000	81,7
18,61667	81,7
18,63333	81,7
18,65000	81,6
18,66667	81,6
18,68333	81,6
18,70000	81,6
18,71667	81,6
18,73333	81,6
18,75000	81,6
18,76667	81,6
18,78333	81,6
18,80000	81,6
18,81667	81,6
18,83333	81,6
18,85000	81,6
18,86667	81,6
18,88333	81,6
18,90000	81,5
18,91667	81,5
18,93333	81,5
18,95000	81,5
18,96667	81,5
18,98333	81,5
19,00000	81,4
19,01667	81,5
19,03333	81,5
19,05000	81,5
19,06667	81,4
19,08333	81,4
19,10000	81,4
19,11667	81,5
19,13333	81,4
19,15000	81,4
19,16667	81,4
19,18333	81,4
19,20000	81,4
19,21667	81,4
19,23333	81,3
19,25000	81,4
19,26667	81,4
19,28333	81,4
19,30000	81,4
19,31667	81,3
19,33333	81,4
19,35000	81,3
19,36667	81,3
19,38333	81,3
19,40000	81,3
19,41667	81,3
19,43333	81,3
19,45000	81,3
19,46667	81,3
19,48333	81,3
19,50000	81,3
19,51667	81,2
19,53333	81,3
19,55000	81,2
19,56667	81,2
19,58333	81,3
19,60000	81,2
19,61667	81,2
19,63333	81,3
19,65000	81,2
19,66667	81,1
19,68333	81,1
19,70000	81,1
19,71667	81,2
19,73333	81,2
19,75000	81,1
19,76667	81,1
19,78333	81,1
19,80000	81,0
19,81667	81,1
19,83333	81,1
19,85000	81,1
19,86667	81,1
19,88333	81,1
19,90000	81,0
19,91667	81,0
19,93333	81,0
19,95000	81,0
19,96667	81,0
19,98333	81,0
20,00000	80,9
20,01667	81,0
20,03333	81,0
20,05000	80,9
20,06667	80,9
20,08333	81,0
20,10000	80,9
20,11667	80,9
20,13333	80,9
20,15000	80,9
20,16667	80,9
20,18333	80,9
20,20000	80,9
20,21667	80,8
20,23333	80,8
20,25000	80,8
20,26667	80,8
20,28333	80,7
20,30000	80,7
20,31667	80,7
20,33333	80,8
20,35000	80,7
20,36667	80,7
20,38333	80,7
20,40000	80,7
20,41667	80,7
20,43333	80,7
20,45000	80,6
20,46667	80,7
20,48333	80,6
20,50000	80,6
20,51667	80,6
20,53333	80,6
20,55000	80,6
20,56667	80,6
20,58333	80,6
20,60000	80,5
20,61667	80,5
20,63333	80,5
20,65000	80,4
20,66667	80,5
20,68333	80,4
20,70000	80,4
20,71667	80,4
20,73333	80,4
20,75000	80,4
20,76667	80,3
20,78333	80,3
20,80000	80,3
20,81667	80,3
20,83333	80,2
20,85000	80,2
20,86667	80,2
20,88333	80,2
20,90000	80,1
20,91667	80,1
20,93333	80,1
20,95000	80,0
20,96667	80,0
20,98333	79,9
21,00000	79,9
21,01667	79,9
21,03333	79,8
21,05000	79,8
21,06667	79,7
21,08333	79,8
21,10000	79,8
21,11667	79,7
21,13333	79,6
21,15000	79,6
21,16667	79,5
21,18333	79,5
21,20000	79,4
21,21667	79,4
21,23333	79,4
21,25000	79,3
21,26667	79,2
21,28333	79,2
21,30000	79,1
21,31667	79,1
21,33333	79,1
21,35000	79,0
21,36667	78,8
21,38333	78,8
21,40000	78,8
21,41667	78,7
21,43333	78,8
21,45000	78,6
21,46667	78,5
21,48333	78,5
21,50000	78,5
21,51667	78,4
21,53333	78,4
21,55000	78,3
21,56667	78,2
21,58333	78,1
21,60000	78,1
21,61667	78,1
21,63333	78,1
21,65000	77,9
21,66667	77,8
21,68333	77,8
21,70000	77,7
21,71667	77,7
21,73333	77,6
21,75000	77,5
21,76667	77,4
21,78333	77,3
21,80000	77,3
21,81667	77,2
21,83333	77,2
21,85000	77,1
21,86667	77,0
21,88333	77,0
21,90000	76,9
21,91667	76,9
21,93333	76,8
21,95000	76,7
21,96667	76,6
21,98333	76,5
22,00000	76,5
22,01667	76,4
22,03333	76,3
22,05000	76,2
22,06667	76,2
22,08333	76,1
22,10000	76,1
22,11667	75,9
22,13333	75,9
22,15000	75,9
22,16667	75,6
22,18333	75,7
22,20000	75,6
22,21667	75,5
22,23333	75,4
22,25000	75,3
22,26667	75,2
22,28333	75,2
22,30000	75,1
22,31667	75,0
22,33333	74,9
22,35000	74,9
22,36667	74,7
22,38333	74,7
22,40000	74,6
22,41667	74,5
22,43333	74,4
22,45000	74,3
22,46667	74,2
22,48333	74,2
22,50000	74,1
22,51667	74,1
22,53333	74,0
22,55000	73,8
22,56667	73,7
22,58333	73,7
22,60000	73,6
22,61667	73,5
22,63333	73,4
22,65000	73,3
22,66667	73,2
22,68333	73,2
22,70000	73,1
22,71667	73,0
22,73333	72,9
22,75000	72,8
22,76667	72,6
22,78333	72,6
22,80000	72,5
22,81667	72,4
22,83333	72,3
22,85000	72,3
22,86667	72,1
22,88333	72,1
22,90000	72,0
22,91667	71,8
22,93333	71,8
22,95000	71,7
22,96667	71,5
22,98333	71,5
23,00000	71,3
23,01667	71,2
23,03333	71,2
23,05000	71,1
23,06667	70,9
23,08333	70,9
23,10000	70,7
23,11667	70,6
23,13333	70,5
23,15000	70,4
23,16667	70,2
23,18333	70,2
23,20000	70,1
23,21667	69,9
23,23333	69,8
23,25000	69,7
23,26667	69,5
23,28333	69,5
23,30000	69,3
23,31667	69,2
23,33333	69,1
23,35000	69,0
23,36667	68,8
23,38333	68,7
23,40000	68,6
23,41667	68,5
23,43333	68,3
23,45000	68,2
23,46667	68,0
23,48333	67,9
23,50000	67,8
23,51667	67,7
23,53333	67,6
23,55000	67,4
23,56667	67,2
23,58333	67,2
23,60000	67,0
23,61667	67,0
23,63333	66,9
23,65000	66,7
23,66667	66,5
23,68333	66,5
23,70000	66,4
23,71667	66,3
23,73333	66,2
23,75000	66,1
23,76667	65,9
23,78333	65,9
23,80000	65,7
23,81667	65,6
23,83333	65,5
23,85000	65,4
23,86667	65,3
23,88333	65,2
23,90000	65,1
23,91667	65,0
23,93333	64,9
23,95000	64,8
23,96667	64,7
23,98333	64,6
24,00000	64,5
24,01667	64,4
24,03333	64,3
24,05000	64,3
24,06667	64,1
24,08333	64,0
24,10000	64,0
24,11667	63,9
24,13333	63,7
24,15000	63,7
24,16667	63,5
24,18333	63,5
24,20000	63,4
24,21667	63,3
24,23333	63,2
24,25000	63,1
24,26667	62,9
24,28333	62,9
24,30000	62,8
24,31667	62,7
24,33333	62,6
24,35000	62,6
24,36667	62,4
24,38333	62,3
24,40000	62,2
24,41667	62,1
24,43333	62,0
24,45000	62,0
24,46667	61,8
24,48333	61,8
24,50000	61,7
24,51667	61,6
24,53333	61,5
24,55000	61,4
24,56667	61,2
24,58333	61,2
24,60000	61,0
24,61667	60,9
24,63333	60,8
24,65000	60,7
24,66667	60,6
24,68333	60,5
24,70000	60,5
24,71667	60,3
24,73333	60,2
24,75000	60,2
24,76667	60,0
24,78333	59,9
24,80000	59,8
24,81667	59,7
24,83333	59,6
24,85000	59,5
24,86667	59,4
24,88333	59,3
24,90000	59,2
24,91667	59,1
24,93333	59,0
24,95000	58,9
24,96667	58,8
24,98333	58,7
25,00000	58,6
25,01667	58,5
25,03333	58,4
25,05000	58,3
25,06667	58,1
25,08333	58,1
25,10000	58,0
25,11667	57,9
25,13333	57,8
25,15000	57,7
25,16667	57,6
25,18333	57,5
25,20000	57,4
25,21667	57,3
25,23333	57,2
25,25000	57,1
25,26667	57,0
25,28333	56,9
25,30000	56,8
25,31667	56,8
25,33333	56,6
25,35000	56,5
25,36667	56,3
25,38333	56,3
25,40000	56,2
25,41667	56,1
25,43333	56,0
25,45000	55,9
25,46667	55,8
25,48333	55,7
25,50000	55,6
25,51667	55,5
25,53333	55,5
25,55000	55,4
25,56667	55,2
25,58333	55,3
25,60000	55,1
25,61667	55,0
25,63333	55,0
25,65000	54,8
25,66667	54,8
25,68333	54,7
25,70000	54,6
25,71667	54,5
25,73333	54,5
25,75000	54,4
25,76667	54,2
25,78333	54,3
25,80000	54,2
25,81667	54,1
25,83333	54,1
25,85000	54,0
25,86667	53,9
25,88333	53,8
25,90000	53,8
25,91667	53,7
25,93333	53,7
25,95000	53,7
25,96667	53,6
25,98333	53,6
26,00000	53,6
26,01667	53,6
26,03333	53,5
26,05000	53,5
26,06667	53,5
26,08333	53,5
26,10000	53,5
26,11667	53,4
26,13333	53,4
26,15000	53,4
26,16667	53,4
26,18333	53,4
26,20000	53,4
26,21667	53,3
26,23333	53,4
26,25000	53,4
26,26667	53,3
26,28333	53,4
26,30000	53,4
26,31667	53,4
26,33333	53,4
26,35000	53,5
26,36667	53,5
26,38333	53,5
26,40000	53,5
26,41667	53,5
26,43333	53,6
26,45000	53,7
26,46667	53,8
26,48333	53,8
26,50000	53,8
26,51667	53,9
26,53333	54,0
26,55000	54,0
26,56667	54,0
26,58333	54,0
26,60000	54,1
26,61667	54,3
26,63333	54,3
26,65000	54,3
26,66667	54,5
26,68333	54,4
26,70000	54,5
26,71667	54,6
26,73333	54,6
26,75000	54,7
26,76667	54,8
26,78333	54,8
26,80000	54,9
26,81667	54,9
26,83333	55,0
26,85000	55,0
26,86667	55,2
26,88333	55,2
26,90000	55,2
26,91667	55,4
26,93333	55,5
26,95000	55,4
26,96667	55,6
26,98333	55,6
27,00000	55,7
27,01667	55,7
27,03333	55,9
27,05000	56,0
27,06667	56,1
27,08333	56,1
27,10000	56,2
27,11667	56,3
27,13333	56,3
27,15000	56,5
27,16667	56,6
27,18333	56,7
27,20000	56,8
27,21667	56,8
27,23333	56,9
27,25000	57,0
27,26667	57,2
27,28333	57,2
27,30000	57,3
27,31667	57,4
27,33333	57,5
27,35000	57,6
27,36667	57,8
27,38333	57,8
27,40000	58,1
27,41667	58,1
27,43333	58,2
27,45000	58,3
27,46667	58,5
27,48333	58,6
27,50000	58,7
27,51667	58,7
27,53333	58,9
27,55000	59,0
27,56667	59,2
27,58333	59,3
27,60000	59,3
27,61667	59,5
27,63333	59,6
27,65000	59,7
27,66667	60,0
27,68333	60,0
27,70000	60,1
27,71667	60,3
27,73333	60,4
27,75000	60,6
27,76667	60,8
27,78333	60,8
27,80000	61,0
27,81667	61,1
27,83333	61,3
27,85000	61,3
27,86667	61,6
27,88333	61,7
27,90000	61,8
27,91667	61,9
27,93333	62,1
27,95000	62,2
27,96667	62,4
27,98333	62,5
28,00000	62,5
28,01667	62,7
28,03333	62,8
28,05000	62,9
28,06667	63,1
28,08333	63,2
28,10000	63,4
28,11667	63,5
28,13333	63,6
28,15000	63,6
28,16667	63,9
28,18333	63,9
28,20000	64,0
28,21667	64,1
28,23333	64,3
28,25000	64,4
28,26667	64,5
28,28333	64,6
28,30000	64,8
28,31667	64,8
28,33333	64,9
28,35000	65,0
28,36667	65,2
28,38333	65,3
28,40000	65,4
28,41667	65,5
28,43333	65,6
28,45000	65,7
28,46667	65,8
28,48333	65,9
28,50000	66,0
28,51667	66,2
28,53333	66,3
28,55000	66,3
28,56667	66,5
28,58333	66,6
28,60000	66,6
28,61667	66,8
28,63333	66,9
28,65000	67,0
28,66667	67,1
28,68333	67,2
28,70000	67,3
28,71667	67,4
28,73333	67,6
28,75000	67,6
28,76667	67,8
28,78333	67,8
28,80000	68,0
28,81667	68,0
28,83333	68,1
28,85000	68,3
28,86667	68,4
28,88333	68,5
28,90000	68,5
28,91667	68,6
28,93333	68,7
28,95000	68,8
28,96667	69,0
28,98333	69,0
29,00000	69,1
29,01667	69,2
29,03333	69,3
29,05000	69,5
29,06667	69,6
29,08333	69,7
29,10000	69,7
29,11667	69,8
29,13333	69,8
29,15000	69,9
29,16667	70,1
29,18333	70,1
29,20000	70,2
29,21667	70,3
29,23333	70,4
29,25000	70,6
29,26667	70,5
29,28333	70,6
29,30000	70,7
29,31667	70,8
29,33333	70,9
29,35000	71,0
29,36667	71,1
29,38333	71,1
29,40000	71,1
29,41667	71,2
29,43333	71,3
29,45000	71,4
29,46667	71,5
29,48333	71,6
29,50000	71,6
29,51667	71,7
29,53333	71,8
29,55000	71,9
29,56667	72,1
29,58333	72,1
29,60000	72,3
29,61667	72,3
29,63333	72,4
29,65000	72,5
29,66667	72,7
29,68333	72,8
29,70000	72,9
29,71667	73,0
29,73333	73,1
29,75000	73,2
29,76667	73,3
29,78333	73,4
29,80000	73,6
29,81667	73,7
29,83333	73,8
29,85000	73,9
29,86667	74,2
29,88333	74,1
29,90000	74,2
29,91667	74,3
29,93333	74,5
29,95000	74,5
29,96667	74,7
29,98333	74,8
30,00000	74,8
30,01667	75,0
30,03333	75,1
30,05000	75,2
30,06667	75,5
30,08333	75,4
30,10000	75,5
30,11667	75,6
30,13333	75,6
30,15000	75,7
30,16667	75,9
30,18333	75,9
30,20000	76,1
30,21667	76,1
30,23333	76,2
30,25000	76,2
30,26667	76,4
30,28333	76,4
30,30000	76,5
30,31667	76,6
30,33333	76,7
30,35000	76,8
30,36667	76,8
30,38333	76,9
30,40000	76,9
30,41667	77,0
30,43333	77,1
30,45000	77,2
30,46667	77,3
30,48333	77,3
30,50000	77,3
30,51667	77,4
30,53333	77,5
30,55000	77,6
30,56667	77,7
30,58333	77,8
30,60000	77,8
30,61667	77,9
30,63333	77,8
30,65000	77,9
30,66667	78,0
30,68333	78,0
30,70000	78,1
30,71667	78,1
30,73333	78,2
30,75000	78,2
30,76667	78,4
30,78333	78,4
30,80000	78,4
30,81667	78,5
30,83333	78,5
30,85000	78,6
30,86667	78,6
30,88333	78,6
30,90000	78,8
30,91667	78,8
30,93333	78,8
30,95000	78,9
30,96667	79,0
30,98333	79,0
31,00000	79,0
31,01667	79,0
31,03333	79,1
31,05000	79,2
31,06667	79,2
31,08333	79,3
31,10000	79,3
31,11667	79,3
31,13333	79,3
31,15000	79,4
31,16667	79,5
31,18333	79,5
31,20000	79,5
31,21667	79,6
31,23333	79,6
31,25000	79,6
31,26667	79,7
31,28333	79,8
31,30000	79,7
31,31667	79,8
31,33333	79,9
31,35000	79,8
31,36667	79,8
31,38333	79,9
31,40000	79,9
31,41667	80,0
31,43333	80,0
31,45000	80,1
31,46667	80,1
31,48333	80,0
31,50000	80,1
31,51667	80,1
31,53333	80,2
31,55000	80,2
31,56667	80,3
31,58333	80,3
31,60000	80,3
31,61667	80,3
31,63333	80,3
31,65000	80,4
31,66667	80,4
31,68333	80,5
31,70000	80,5
31,71667	80,6
31,73333	80,5
31,75000	80,6
31,76667	80,6
31,78333	80,6
31,80000	80,6
31,81667	80,6
31,83333	80,7
31,85000	80,7
31,86667	80,6
31,88333	80,7
31,90000	80,7
31,91667	80,8
31,93333	80,8
31,95000	80,8
31,96667	80,9
31,98333	80,8
32,00000	80,8

[LC Status Trace(Pump B Degasser Pressure)]
Interval(msec)	1000
# of Points	1921
Start Time(min)	0,000
End Time(min)	32,000
Intensity Units	bar
Intensity Multiplier	0,980665
R.Time (min)	Intensity
0,00000	0,00
0,01667	0,00
0,03333	0,00
0,05000	0,00
0,06667	0,00
0,08333	0,00
0,10000	0,00
0,11667	0,00
0,13333	0,00
0,15000	0,00
0,16667	0,00
0,18333	0,00
0,20000	0,00
0,21667	0,00
0,23333	0,00
0,25000	0,00
0,26667	0,00
0,28333	0,00
0,30000	0,00
0,31667	0,00
0,33333	0,00
0,35000	0,00
0,36667	0,00
0,38333	0,00
0,40000	0,00
0,41667	0,00
0,43333	0,00
0,45000	0,00
0,46667	0,00
0,48333	0,00
0,50000	0,00
0,51667	0,00
0,53333	0,00
0,55000	0,00
0,56667	0,00
0,58333	0,00
0,60000	0,00
0,61667	0,00
0,63333	0,00
0,65000	0,00
0,66667	0,00
0,68333	0,00
0,70000	0,00
0,71667	0,00
0,73333	0,00
0,75000	0,00
0,76667	0,00
0,78333	0,00
0,80000	0,00
0,81667	0,00
0,83333	0,00
0,85000	0,00
0,86667	0,00
0,88333	0,00
0,90000	0,00
0,91667	0,00
0,93333	0,00
0,95000	0,00
0,96667	0,00
0,98333	0,00
1,00000	0,00
1,01667	0,00
1,03333	0,00
1,05000	0,00
1,06667	0,00
1,08333	0,00
1,10000	0,00
1,11667	0,00
1,13333	0,00
1,15000	0,00
1,16667	0,00
1,18333	0,00
1,20000	0,00
1,21667	0,00
1,23333	0,00
1,25000	0,00
1,26667	0,00
1,28333	0,00
1,30000	0,00
1,31667	0,00
1,33333	0,00
1,35000	0,00
1,36667	0,00
1,38333	0,00
1,40000	0,00
1,41667	0,00
1,43333	0,00
1,45000	0,00
1,46667	0,00
1,48333	0,00
1,50000	0,00
1,51667	0,00
1,53333	0,00
1,55000	0,00
1,56667	0,00
1,58333	0,00
1,60000	0,00
1,61667	0,00
1,63333	0,00
1,65000	0,00
1,66667	0,00
1,68333	0,00
1,70000	0,00
1,71667	0,00
1,73333	0,00
1,75000	0,00
1,76667	0,00
1,78333	0,00
1,80000	0,00
1,81667	0,00
1,83333	0,00
1,85000	0,00
1,86667	0,00
1,88333	0,00
1,90000	0,00
1,91667	0,00
1,93333	0,00
1,95000	0,00
1,96667	0,00
1,98333	0,00
2,00000	0,00
2,01667	0,00
2,03333	0,00
2,05000	0,00
2,06667	0,00
2,08333	0,00
2,10000	0,00
2,11667	0,00
2,13333	0,00
2,15000	0,00
2,16667	0,00
2,18333	0,00
2,20000	0,00
2,21667	0,00
2,23333	0,00
2,25000	0,00
2,26667	0,00
2,28333	0,00
2,30000	0,00
2,31667	0,00
2,33333	0,00
2,35000	0,00
2,36667	0,00
2,38333	0,00
2,40000	0,00
2,41667	0,00
2,43333	0,00
2,45000	0,00
2,46667	0,00
2,48333	0,00
2,50000	0,00
2,51667	0,00
2,53333	0,00
2,55000	0,00
2,56667	0,00
2,58333	0,00
2,60000	0,00
2,61667	0,00
2,63333	0,00
2,65000	0,00
2,66667	0,00
2,68333	0,00
2,70000	0,00
2,71667	0,00
2,73333	0,00
2,75000	0,00
2,76667	0,00
2,78333	0,00
2,80000	0,00
2,81667	0,00
2,83333	0,00
2,85000	0,00
2,86667	0,00
2,88333	0,00
2,90000	0,00
2,91667	0,00
2,93333	0,00
2,95000	0,00
2,96667	0,00
2,98333	0,00
3,00000	0,00
3,01667	0,00
3,03333	0,00
3,05000	0,00
3,06667	0,00
3,08333	0,00
3,10000	0,00
3,11667	0,00
3,13333	0,00
3,15000	0,00
3,16667	0,00
3,18333	0,00
3,20000	0,00
3,21667	0,00
3,23333	0,00
3,25000	0,00
3,26667	0,00
3,28333	0,00
3,30000	0,00
3,31667	0,00
3,33333	0,00
3,35000	0,00
3,36667	0,00
3,38333	0,00
3,40000	0,00
3,41667	0,00
3,43333	0,00
3,45000	0,00
3,46667	0,00
3,48333	0,00
3,50000	0,00
3,51667	0,00
3,53333	0,00
3,55000	0,00
3,56667	0,00
3,58333	0,00
3,60000	0,00
3,61667	0,00
3,63333	0,00
3,65000	0,00
3,66667	0,00
3,68333	0,00
3,70000	0,00
3,71667	0,00
3,73333	0,00
3,75000	0,00
3,76667	0,00
3,78333	0,00
3,80000	0,00
3,81667	0,00
3,83333	0,00
3,85000	0,00
3,86667	0,00
3,88333	0,00
3,90000	0,00
3,91667	0,00
3,93333	0,00
3,95000	0,00
3,96667	0,00
3,98333	0,00
4,00000	0,00
4,01667	0,00
4,03333	0,00
4,05000	0,00
4,06667	0,00
4,08333	0,00
4,10000	0,00
4,11667	0,00
4,13333	0,00
4,15000	0,00
4,16667	0,00
4,18333	0,00
4,20000	0,00
4,21667	0,00
4,23333	0,00
4,25000	0,00
4,26667	0,00
4,28333	0,00
4,30000	0,00
4,31667	0,00
4,33333	0,00
4,35000	0,00
4,36667	0,00
4,38333	0,00
4,40000	0,00
4,41667	0,00
4,43333	0,00
4,45000	0,00
4,46667	0,00
4,48333	0,00
4,50000	0,00
4,51667	0,00
4,53333	0,00
4,55000	0,00
4,56667	0,00
4,58333	0,00
4,60000	0,00
4,61667	0,00
4,63333	0,00
4,65000	0,00
4,66667	0,00
4,68333	0,00
4,70000	0,00
4,71667	0,00
4,73333	0,00
4,75000	0,00
4,76667	0,00
4,78333	0,00
4,80000	0,00
4,81667	0,00
4,83333	0,00
4,85000	0,00
4,86667	0,00
4,88333	0,00
4,90000	0,00
4,91667	0,00
4,93333	0,00
4,95000	0,00
4,96667	0,00
4,98333	0,00
5,00000	0,00
5,01667	0,00
5,03333	0,00
5,05000	0,00
5,06667	0,00
5,08333	0,00
5,10000	0,00
5,11667	0,00
5,13333	0,00
5,15000	0,00
5,16667	0,00
5,18333	0,00
5,20000	0,00
5,21667	0,00
5,23333	0,00
5,25000	0,00
5,26667	0,00
5,28333	0,00
5,30000	0,00
5,31667	0,00
5,33333	0,00
5,35000	0,00
5,36667	0,00
5,38333	0,00
5,40000	0,00
5,41667	0,00
5,43333	0,00
5,45000	0,00
5,46667	0,00
5,48333	0,00
5,50000	0,00
5,51667	0,00
5,53333	0,00
5,55000	0,00
5,56667	0,00
5,58333	0,00
5,60000	0,00
5,61667	0,00
5,63333	0,00
5,65000	0,00
5,66667	0,00
5,68333	0,00
5,70000	0,00
5,71667	0,00
5,73333	0,00
5,75000	0,00
5,76667	0,00
5,78333	0,00
5,80000	0,00
5,81667	0,00
5,83333	0,00
5,85000	0,00
5,86667	0,00
5,88333	0,00
5,90000	0,00
5,91667	0,00
5,93333	0,00
5,95000	0,00
5,96667	0,00
5,98333	0,00
6,00000	0,00
6,01667	0,00
6,03333	0,00
6,05000	0,00
6,06667	0,00
6,08333	0,00
6,10000	0,00
6,11667	0,00
6,13333	0,00
6,15000	0,00
6,16667	0,00
6,18333	0,00
6,20000	0,00
6,21667	0,00
6,23333	0,00
6,25000	0,00
6,26667	0,00
6,28333	0,00
6,30000	0,00
6,31667	0,00
6,33333	0,00
6,35000	0,00
6,36667	0,00
6,38333	0,00
6,40000	0,00
6,41667	0,00
6,43333	0,00
6,45000	0,00
6,46667	0,00
6,48333	0,00
6,50000	0,00
6,51667	0,00
6,53333	0,00
6,55000	0,00
6,56667	0,00
6,58333	0,00
6,60000	0,00
6,61667	0,00
6,63333	0,00
6,65000	0,00
6,66667	0,00
6,68333	0,00
6,70000	0,00
6,71667	0,00
6,73333	0,00
6,75000	0,00
6,76667	0,00
6,78333	0,00
6,80000	0,00
6,81667	0,00
6,83333	0,00
6,85000	0,00
6,86667	0,00
6,88333	0,00
6,90000	0,00
6,91667	0,00
6,93333	0,00
6,95000	0,00
6,96667	0,00
6,98333	0,00
7,00000	0,00
7,01667	0,00
7,03333	0,00
7,05000	0,00
7,06667	0,00
7,08333	0,00
7,10000	0,00
7,11667	0,00
7,13333	0,00
7,15000	0,00
7,16667	0,00
7,18333	0,00
7,20000	0,00
7,21667	0,00
7,23333	0,00
7,25000	0,00
7,26667	0,00
7,28333	0,00
7,30000	0,00
7,31667	0,00
7,33333	0,00
7,35000	0,00
7,36667	0,00
7,38333	0,00
7,40000	0,00
7,41667	0,00
7,43333	0,00
7,45000	0,00
7,46667	0,00
7,48333	0,00
7,50000	0,00
7,51667	0,00
7,53333	0,00
7,55000	0,00
7,56667	0,00
7,58333	0,00
7,60000	0,00
7,61667	0,00
7,63333	0,00
7,65000	0,00
7,66667	0,00
7,68333	0,00
7,70000	0,00
7,71667	0,00
7,73333	0,00
7,75000	0,00
7,76667	0,00
7,78333	0,00
7,80000	0,00
7,81667	0,00
7,83333	0,00
7,85000	0,00
7,86667	0,00
7,88333	0,00
7,90000	0,00
7,91667	0,00
7,93333	0,00
7,95000	0,00
7,96667	0,00
7,98333	0,00
8,00000	0,00
8,01667	0,00
8,03333	0,00
8,05000	0,00
8,06667	0,00
8,08333	0,00
8,10000	0,00
8,11667	0,00
8,13333	0,00
8,15000	0,00
8,16667	0,00
8,18333	0,00
8,20000	0,00
8,21667	0,00
8,23333	0,00
8,25000	0,00
8,26667	0,00
8,28333	0,00
8,30000	0,00
8,31667	0,00
8,33333	0,00
8,35000	0,00
8,36667	0,00
8,38333	0,00
8,40000	0,00
8,41667	0,00
8,43333	0,00
8,45000	0,00
8,46667	0,00
8,48333	0,00
8,50000	0,00
8,51667	0,00
8,53333	0,00
8,55000	0,00
8,56667	0,00
8,58333	0,00
8,60000	0,00
8,61667	0,00
8,63333	0,00
8,65000	0,00
8,66667	0,00
8,68333	0,00
8,70000	0,00
8,71667	0,00
8,73333	0,00
8,75000	0,00
8,76667	0,00
8,78333	0,00
8,80000	0,00
8,81667	0,00
8,83333	0,00
8,85000	0,00
8,86667	0,00
8,88333	0,00
8,90000	0,00
8,91667	0,00
8,93333	0,00
8,95000	0,00
8,96667	0,00
8,98333	0,00
9,00000	0,00
9,01667	0,00
9,03333	0,00
9,05000	0,00
9,06667	0,00
9,08333	0,00
9,10000	0,00
9,11667	0,00
9,13333	0,00
9,15000	0,00
9,16667	0,00
9,18333	0,00
9,20000	0,00
9,21667	0,00
9,23333	0,00
9,25000	0,00
9,26667	0,00
9,28333	0,00
9,30000	0,00
9,31667	0,00
9,33333	0,00
9,35000	0,00
9,36667	0,00
9,38333	0,00
9,40000	0,00
9,41667	0,00
9,43333	0,00
9,45000	0,00
9,46667	0,00
9,48333	0,00
9,50000	0,00
9,51667	0,00
9,53333	0,00
9,55000	0,00
9,56667	0,00
9,58333	0,00
9,60000	0,00
9,61667	0,00
9,63333	0,00
9,65000	0,00
9,66667	0,00
9,68333	0,00
9,70000	0,00
9,71667	0,00
9,73333	0,00
9,75000	0,00
9,76667	0,00
9,78333	0,00
9,80000	0,00
9,81667	0,00
9,83333	0,00
9,85000	0,00
9,86667	0,00
9,88333	0,00
9,90000	0,00
9,91667	0,00
9,93333	0,00
9,95000	0,00
9,96667	0,00
9,98333	0,00
10,00000	0,00
10,01667	0,00
10,03333	0,00
10,05000	0,00
10,06667	0,00
10,08333	0,00
10,10000	0,00
10,11667	0,00
10,13333	0,00
10,15000	0,00
10,16667	0,00
10,18333	0,00
10,20000	0,00
10,21667	0,00
10,23333	0,00
10,25000	0,00
10,26667	0,00
10,28333	0,00
10,30000	0,00
10,31667	0,00
10,33333	0,00
10,35000	0,00
10,36667	0,00
10,38333	0,00
10,40000	0,00
10,41667	0,00
10,43333	0,00
10,45000	0,00
10,46667	0,00
10,48333	0,00
10,50000	0,00
10,51667	0,00
10,53333	0,00
10,55000	0,00
10,56667	0,00
10,58333	0,00
10,60000	0,00
10,61667	0,00
10,63333	0,00
10,65000	0,00
10,66667	0,00
10,68333	0,00
10,70000	0,00
10,71667	0,00
10,73333	0,00
10,75000	0,00
10,76667	0,00
10,78333	0,00
10,80000	0,00
10,81667	0,00
10,83333	0,00
10,85000	0,00
10,86667	0,00
10,88333	0,00
10,90000	0,00
10,91667	0,00
10,93333	0,00
10,95000	0,00
10,96667	0,00
10,98333	0,00
11,00000	0,00
11,01667	0,00
11,03333	0,00
11,05000	0,00
11,06667	0,00
11,08333	0,00
11,10000	0,00
11,11667	0,00
11,13333	0,00
11,15000	0,00
11,16667	0,00
11,18333	0,00
11,20000	0,00
11,21667	0,00
11,23333	0,00
11,25000	0,00
11,26667	0,00
11,28333	0,00
11,30000	0,00
11,31667	0,00
11,33333	0,00
11,35000	0,00
11,36667	0,00
11,38333	0,00
11,40000	0,00
11,41667	0,00
11,43333	0,00
11,45000	0,00
11,46667	0,00
11,48333	0,00
11,50000	0,00
11,51667	0,00
11,53333	0,00
11,55000	0,00
11,56667	0,00
11,58333	0,00
11,60000	0,00
11,61667	0,00
11,63333	0,00
11,65000	0,00
11,66667	0,00
11,68333	0,00
11,70000	0,00
11,71667	0,00
11,73333	0,00
11,75000	0,00
11,76667	0,00
11,78333	0,00
11,80000	0,00
11,81667	0,00
11,83333	0,00
11,85000	0,00
11,86667	0,00
11,88333	0,00
11,90000	0,00
11,91667	0,00
11,93333	0,00
11,95000	0,00
11,96667	0,00
11,98333	0,00
12,00000	0,00
12,01667	0,00
12,03333	0,00
12,05000	0,00
12,06667	0,00
12,08333	0,00
12,10000	0,00
12,11667	0,00
12,13333	0,00
12,15000	0,00
12,16667	0,00
12,18333	0,00
12,20000	0,00
12,21667	0,00
12,23333	0,00
12,25000	0,00
12,26667	0,00
12,28333	0,00
12,30000	0,00
12,31667	0,00
12,33333	0,00
12,35000	0,00
12,36667	0,00
12,38333	0,00
12,40000	0,00
12,41667	0,00
12,43333	0,00
12,45000	0,00
12,46667	0,00
12,48333	0,00
12,50000	0,00
12,51667	0,00
12,53333	0,00
12,55000	0,00
12,56667	0,00
12,58333	0,00
12,60000	0,00
12,61667	0,00
12,63333	0,00
12,65000	0,00
12,66667	0,00
12,68333	0,00
12,70000	0,00
12,71667	0,00
12,73333	0,00
12,75000	0,00
12,76667	0,00
12,78333	0,00
12,80000	0,00
12,81667	0,00
12,83333	0,00
12,85000	0,00
12,86667	0,00
12,88333	0,00
12,90000	0,00
12,91667	0,00
12,93333	0,00
12,95000	0,00
12,96667	0,00
12,98333	0,00
13,00000	0,00
13,01667	0,00
13,03333	0,00
13,05000	0,00
13,06667	0,00
13,08333	0,00
13,10000	0,00
13,11667	0,00
13,13333	0,00
13,15000	0,00
13,16667	0,00
13,18333	0,00
13,20000	0,00
13,21667	0,00
13,23333	0,00
13,25000	0,00
13,26667	0,00
13,28333	0,00
13,30000	0,00
13,31667	0,00
13,33333	0,00
13,35000	0,00
13,36667	0,00
13,38333	0,00
13,40000	0,00
13,41667	0,00
13,43333	0,00
13,45000	0,00
13,46667	0,00
13,48333	0,00
13,50000	0,00
13,51667	0,00
13,53333	0,00
13,55000	0,00
13,56667	0,00
13,58333	0,00
13,60000	0,00
13,61667	0,00
13,63333	0,00
13,65000	0,00
13,66667	0,00
13,68333	0,00
13,70000	0,00
13,71667	0,00
13,73333	0,00
13,75000	0,00
13,76667	0,00
13,78333	0,00
13,80000	0,00
13,81667	0,00
13,83333	0,00
13,85000	0,00
13,86667	0,00
13,88333	0,00
13,90000	0,00
13,91667	0,00
13,93333	0,00
13,95000	0,00
13,96667	0,00
13,98333	0,00
14,00000	0,00
14,01667	0,00
14,03333	0,00
14,05000	0,00
14,06667	0,00
14,08333	0,00
14,10000	0,00
14,11667	0,00
14,13333	0,00
14,15000	0,00
14,16667	0,00
14,18333	0,00
14,20000	0,00
14,21667	0,00
14,23333	0,00
14,25000	0,00
14,26667	0,00
14,28333	0,00
14,30000	0,00
14,31667	0,00
14,33333	0,00
14,35000	0,00
14,36667	0,00
14,38333	0,00
14,40000	0,00
14,41667	0,00
14,43333	0,00
14,45000	0,00
14,46667	0,00
14,48333	0,00
14,50000	0,00
14,51667	0,00
14,53333	0,00
14,55000	0,00
14,56667	0,00
14,58333	0,00
14,60000	0,00
14,61667	0,00
14,63333	0,00
14,65000	0,00
14,66667	0,00
14,68333	0,00
14,70000	0,00
14,71667	0,00
14,73333	0,00
14,75000	0,00
14,76667	0,00
14,78333	0,00
14,80000	0,00
14,81667	0,00
14,83333	0,00
14,85000	0,00
14,86667	0,00
14,88333	0,00
14,90000	0,00
14,91667	0,00
14,93333	0,00
14,95000	0,00
14,96667	0,00
14,98333	0,00
15,00000	0,00
15,01667	0,00
15,03333	0,00
15,05000	0,00
15,06667	0,00
15,08333	0,00
15,10000	0,00
15,11667	0,00
15,13333	0,00
15,15000	0,00
15,16667	0,00
15,18333	0,00
15,20000	0,00
15,21667	0,00
15,23333	0,00
15,25000	0,00
15,26667	0,00
15,28333	0,00
15,30000	0,00
15,31667	0,00
15,33333	0,00
15,35000	0,00
15,36667	0,00
15,38333	0,00
15,40000	0,00
15,41667	0,00
15,43333	0,00
15,45000	0,00
15,46667	0,00
15,48333	0,00
15,50000	0,00
15,51667	0,00
15,53333	0,00
15,55000	0,00
15,56667	0,00
15,58333	0,00
15,60000	0,00
15,61667	0,00
15,63333	0,00
15,65000	0,00
15,66667	0,00
15,68333	0,00
15,70000	0,00
15,71667	0,00
15,73333	0,00
15,75000	0,00
15,76667	0,00
15,78333	0,00
15,80000	0,00
15,81667	0,00
15,83333	0,00
15,85000	0,00
15,86667	0,00
15,88333	0,00
15,90000	0,00
15,91667	0,00
15,93333	0,00
15,95000	0,00
15,96667	0,00
15,98333	0,00
16,00000	0,00
16,01667	0,00
16,03333	0,00
16,05000	0,00
16,06667	0,00
16,08333	0,00
16,10000	0,00
16,11667	0,00
16,13333	0,00
16,15000	0,00
16,16667	0,00
16,18333	0,00
16,20000	0,00
16,21667	0,00
16,23333	0,00
16,25000	0,00
16,26667	0,00
16,28333	0,00
16,30000	0,00
16,31667	0,00
16,33333	0,00
16,35000	0,00
16,36667	0,00
16,38333	0,00
16,40000	0,00
16,41667	0,00
16,43333	0,00
16,45000	0,00
16,46667	0,00
16,48333	0,00
16,50000	0,00
16,51667	0,00
16,53333	0,00
16,55000	0,00
16,56667	0,00
16,58333	0,00
16,60000	0,00
16,61667	0,00
16,63333	0,00
16,65000	0,00
16,66667	0,00
16,68333	0,00
16,70000	0,00
16,71667	0,00
16,73333	0,00
16,75000	0,00
16,76667	0,00
16,78333	0,00
16,80000	0,00
16,81667	0,00
16,83333	0,00
16,85000	0,00
16,86667	0,00
16,88333	0,00
16,90000	0,00
16,91667	0,00
16,93333	0,00
16,95000	0,00
16,96667	0,00
16,98333	0,00
17,00000	0,00
17,01667	0,00
17,03333	0,00
17,05000	0,00
17,06667	0,00
17,08333	0,00
17,10000	0,00
17,11667	0,00
17,13333	0,00
17,15000	0,00
17,16667	0,00
17,18333	0,00
17,20000	0,00
17,21667	0,00
17,23333	0,00
17,25000	0,00
17,26667	0,00
17,28333	0,00
17,30000	0,00
17,31667	0,00
17,33333	0,00
17,35000	0,00
17,36667	0,00
17,38333	0,00
17,40000	0,00
17,41667	0,00
17,43333	0,00
17,45000	0,00
17,46667	0,00
17,48333	0,00
17,50000	0,00
17,51667	0,00
17,53333	0,00
17,55000	0,00
17,56667	0,00
17,58333	0,00
17,60000	0,00
17,61667	0,00
17,63333	0,00
17,65000	0,00
17,66667	0,00
17,68333	0,00
17,70000	0,00
17,71667	0,00
17,73333	0,00
17,75000	0,00
17,76667	0,00
17,78333	0,00
17,80000	0,00
17,81667	0,00
17,83333	0,00
17,85000	0,00
17,86667	0,00
17,88333	0,00
17,90000	0,00
17,91667	0,00
17,93333	0,00
17,95000	0,00
17,96667	0,00
17,98333	0,00
18,00000	0,00
18,01667	0,00
18,03333	0,00
18,05000	0,00
18,06667	0,00
18,08333	0,00
18,10000	0,00
18,11667	0,00
18,13333	0,00
18,15000	0,00
18,16667	0,00
18,18333	0,00
18,20000	0,00
18,21667	0,00
18,23333	0,00
18,25000	0,00
18,26667	0,00
18,28333	0,00
18,30000	0,00
18,31667	0,00
18,33333	0,00
18,35000	0,00
18,36667	0,00
18,38333	0,00
18,40000	0,00
18,41667	0,00
18,43333	0,00
18,45000	0,00
18,46667	0,00
18,48333	0,00
18,50000	0,00
18,51667	0,00
18,53333	0,00
18,55000	0,00
18,56667	0,00
18,58333	0,00
18,60000	0,00
18,61667	0,00
18,63333	0,00
18,65000	0,00
18,66667	0,00
18,68333	0,00
18,70000	0,00
18,71667	0,00
18,73333	0,00
18,75000	0,00
18,76667	0,00
18,78333	0,00
18,80000	0,00
18,81667	0,00
18,83333	0,00
18,85000	0,00
18,86667	0,00
18,88333	0,00
18,90000	0,00
18,91667	0,00
18,93333	0,00
18,95000	0,00
18,96667	0,00
18,98333	0,00
19,00000	0,00
19,01667	0,00
19,03333	0,00
19,05000	0,00
19,06667	0,00
19,08333	0,00
19,10000	0,00
19,11667	0,00
19,13333	0,00
19,15000	0,00
19,16667	0,00
19,18333	0,00
19,20000	0,00
19,21667	0,00
19,23333	0,00
19,25000	0,00
19,26667	0,00
19,28333	0,00
19,30000	0,00
19,31667	0,00
19,33333	0,00
19,35000	0,00
19,36667	0,00
19,38333	0,00
19,40000	0,00
19,41667	0,00
19,43333	0,00
19,45000	0,00
19,46667	0,00
19,48333	0,00
19,50000	0,00
19,51667	0,00
19,53333	0,00
19,55000	0,00
19,56667	0,00
19,58333	0,00
19,60000	0,00
19,61667	0,00
19,63333	0,00
19,65000	0,00
19,66667	0,00
19,68333	0,00
19,70000	0,00
19,71667	0,00
19,73333	0,00
19,75000	0,00
19,76667	0,00
19,78333	0,00
19,80000	0,00
19,81667	0,00
19,83333	0,00
19,85000	0,00
19,86667	0,00
19,88333	0,00
19,90000	0,00
19,91667	0,00
19,93333	0,00
19,95000	0,00
19,96667	0,00
19,98333	0,00
20,00000	0,00
20,01667	0,00
20,03333	0,00
20,05000	0,00
20,06667	0,00
20,08333	0,00
20,10000	0,00
20,11667	0,00
20,13333	0,00
20,15000	0,00
20,16667	0,00
20,18333	0,00
20,20000	0,00
20,21667	0,00
20,23333	0,00
20,25000	0,00
20,26667	0,00
20,28333	0,00
20,30000	0,00
20,31667	0,00
20,33333	0,00
20,35000	0,00
20,36667	0,00
20,38333	0,00
20,40000	0,00
20,41667	0,00
20,43333	0,00
20,45000	0,00
20,46667	0,00
20,48333	0,00
20,50000	0,00
20,51667	0,00
20,53333	0,00
20,55000	0,00
20,56667	0,00
20,58333	0,00
20,60000	0,00
20,61667	0,00
20,63333	0,00
20,65000	0,00
20,66667	0,00
20,68333	0,00
20,70000	0,00
20,71667	0,00
20,73333	0,00
20,75000	0,00
20,76667	0,00
20,78333	0,00
20,80000	0,00
20,81667	0,00
20,83333	0,00
20,85000	0,00
20,86667	0,00
20,88333	0,00
20,90000	0,00
20,91667	0,00
20,93333	0,00
20,95000	0,00
20,96667	0,00
20,98333	0,00
21,00000	0,00
21,01667	0,00
21,03333	0,00
21,05000	0,00
21,06667	0,00
21,08333	0,00
21,10000	0,00
21,11667	0,00
21,13333	0,00
21,15000	0,00
21,16667	0,00
21,18333	0,00
21,20000	0,00
21,21667	0,00
21,23333	0,00
21,25000	0,00
21,26667	0,00
21,28333	0,00
21,30000	0,00
21,31667	0,00
21,33333	0,00
21,35000	0,00
21,36667	0,00
21,38333	0,00
21,40000	0,00
21,41667	0,00
21,43333	0,00
21,45000	0,00
21,46667	0,00
21,48333	0,00
21,50000	0,00
21,51667	0,00
21,53333	0,00
21,55000	0,00
21,56667	0,00
21,58333	0,00
21,60000	0,00
21,61667	0,00
21,63333	0,00
21,65000	0,00
21,66667	0,00
21,68333	0,00
21,70000	0,00
21,71667	0,00
21,73333	0,00
21,75000	0,00
21,76667	0,00
21,78333	0,00
21,80000	0,00
21,81667	0,00
21,83333	0,00
21,85000	0,00
21,86667	0,00
21,88333	0,00
21,90000	0,00
21,91667	0,00
21,93333	0,00
21,95000	0,00
21,96667	0,00
21,98333	0,00
22,00000	0,00
22,01667	0,00
22,03333	0,00
22,05000	0,00
22,06667	0,00
22,08333	0,00
22,10000	0,00
22,11667	0,00
22,13333	0,00
22,15000	0,00
22,16667	0,00
22,18333	0,00
22,20000	0,00
22,21667	0,00
22,23333	0,00
22,25000	0,00
22,26667	0,00
22,28333	0,00
22,30000	0,00
22,31667	0,00
22,33333	0,00
22,35000	0,00
22,36667	0,00
22,38333	0,00
22,40000	0,00
22,41667	0,00
22,43333	0,00
22,45000	0,00
22,46667	0,00
22,48333	0,00
22,50000	0,00
22,51667	0,00
22,53333	0,00
22,55000	0,00
22,56667	0,00
22,58333	0,00
22,60000	0,00
22,61667	0,00
22,63333	0,00
22,65000	0,00
22,66667	0,00
22,68333	0,00
22,70000	0,00
22,71667	0,00
22,73333	0,00
22,75000	0,00
22,76667	0,00
22,78333	0,00
22,80000	0,00
22,81667	0,00
22,83333	0,00
22,85000	0,00
22,86667	0,00
22,88333	0,00
22,90000	0,00
22,91667	0,00
22,93333	0,00
22,95000	0,00
22,96667	0,00
22,98333	0,00
23,00000	0,00
23,01667	0,00
23,03333	0,00
23,05000	0,00
23,06667	0,00
23,08333	0,00
23,10000	0,00
23,11667	0,00
23,13333	0,00
23,15000	0,00
23,16667	0,00
23,18333	0,00
23,20000	0,00
23,21667	0,00
23,23333	0,00
23,25000	0,00
23,26667	0,00
23,28333	0,00
23,30000	0,00
23,31667	0,00
23,33333	0,00
23,35000	0,00
23,36667	0,00
23,38333	0,00
23,40000	0,00
23,41667	0,00
23,43333	0,00
23,45000	0,00
23,46667	0,00
23,48333	0,00
23,50000	0,00
23,51667	0,00
23,53333	0,00
23,55000	0,00
23,56667	0,00
23,58333	0,00
23,60000	0,00
23,61667	0,00
23,63333	0,00
23,65000	0,00
23,66667	0,00
23,68333	0,00
23,70000	0,00
23,71667	0,00
23,73333	0,00
23,75000	0,00
23,76667	0,00
23,78333	0,00
23,80000	0,00
23,81667	0,00
23,83333	0,00
23,85000	0,00
23,86667	0,00
23,88333	0,00
23,90000	0,00
23,91667	0,00
23,93333	0,00
23,95000	0,00
23,96667	0,00
23,98333	0,00
24,00000	0,00
24,01667	0,00
24,03333	0,00
24,05000	0,00
24,06667	0,00
24,08333	0,00
24,10000	0,00
24,11667	0,00
24,13333	0,00
24,15000	0,00
24,16667	0,00
24,18333	0,00
24,20000	0,00
24,21667	0,00
24,23333	0,00
24,25000	0,00
24,26667	0,00
24,28333	0,00
24,30000	0,00
24,31667	0,00
24,33333	0,00
24,35000	0,00
24,36667	0,00
24,38333	0,00
24,40000	0,00
24,41667	0,00
24,43333	0,00
24,45000	0,00
24,46667	0,00
24,48333	0,00
24,50000	0,00
24,51667	0,00
24,53333	0,00
24,55000	0,00
24,56667	0,00
24,58333	0,00
24,60000	0,00
24,61667	0,00
24,63333	0,00
24,65000	0,00
24,66667	0,00
24,68333	0,00
24,70000	0,00
24,71667	0,00
24,73333	0,00
24,75000	0,00
24,76667	0,00
24,78333	0,00
24,80000	0,00
24,81667	0,00
24,83333	0,00
24,85000	0,00
24,86667	0,00
24,88333	0,00
24,90000	0,00
24,91667	0,00
24,93333	0,00
24,95000	0,00
24,96667	0,00
24,98333	0,00
25,00000	0,00
25,01667	0,00
25,03333	0,00
25,05000	0,00
25,06667	0,00
25,08333	0,00
25,10000	0,00
25,11667	0,00
25,13333	0,00
25,15000	0,00
25,16667	0,00
25,18333	0,00
25,20000	0,00
25,21667	0,00
25,23333	0,00
25,25000	0,00
25,26667	0,00
25,28333	0,00
25,30000	0,00
25,31667	0,00
25,33333	0,00
25,35000	0,00
25,36667	0,00
25,38333	0,00
25,40000	0,00
25,41667	0,00
25,43333	0,00
25,45000	0,00
25,46667	0,00
25,48333	0,00
25,50000	0,00
25,51667	0,00
25,53333	0,00
25,55000	0,00
25,56667	0,00
25,58333	0,00
25,60000	0,00
25,61667	0,00
25,63333	0,00
25,65000	0,00
25,66667	0,00
25,68333	0,00
25,70000	0,00
25,71667	0,00
25,73333	0,00
25,75000	0,00
25,76667	0,00
25,78333	0,00
25,80000	0,00
25,81667	0,00
25,83333	0,00
25,85000	0,00
25,86667	0,00
25,88333	0,00
25,90000	0,00
25,91667	0,00
25,93333	0,00
25,95000	0,00
25,96667	0,00
25,98333	0,00
26,00000	0,00
26,01667	0,00
26,03333	0,00
26,05000	0,00
26,06667	0,00
26,08333	0,00
26,10000	0,00
26,11667	0,00
26,13333	0,00
26,15000	0,00
26,16667	0,00
26,18333	0,00
26,20000	0,00
26,21667	0,00
26,23333	0,00
26,25000	0,00
26,26667	0,00
26,28333	0,00
26,30000	0,00
26,31667	0,00
26,33333	0,00
26,35000	0,00
26,36667	0,00
26,38333	0,00
26,40000	0,00
26,41667	0,00
26,43333	0,00
26,45000	0,00
26,46667	0,00
26,48333	0,00
26,50000	0,00
26,51667	0,00
26,53333	0,00
26,55000	0,00
26,56667	0,00
26,58333	0,00
26,60000	0,00
26,61667	0,00
26,63333	0,00
26,65000	0,00
26,66667	0,00
26,68333	0,00
26,70000	0,00
26,71667	0,00
26,73333	0,00
26,75000	0,00
26,76667	0,00
26,78333	0,00
26,80000	0,00
26,81667	0,00
26,83333	0,00
26,85000	0,00
26,86667	0,00
26,88333	0,00
26,90000	0,00
26,91667	0,00
26,93333	0,00
26,95000	0,00
26,96667	0,00
26,98333	0,00
27,00000	0,00
27,01667	0,00
27,03333	0,00
27,05000	0,00
27,06667	0,00
27,08333	0,00
27,10000	0,00
27,11667	0,00
27,13333	0,00
27,15000	0,00
27,16667	0,00
27,18333	0,00
27,20000	0,00
27,21667	0,00
27,23333	0,00
27,25000	0,00
27,26667	0,00
27,28333	0,00
27,30000	0,00
27,31667	0,00
27,33333	0,00
27,35000	0,00
27,36667	0,00
27,38333	0,00
27,40000	0,00
27,41667	0,00
27,43333	0,00
27,45000	0,00
27,46667	0,00
27,48333	0,00
27,50000	0,00
27,51667	0,00
27,53333	0,00
27,55000	0,00
27,56667	0,00
27,58333	0,00
27,60000	0,00
27,61667	0,00
27,63333	0,00
27,65000	0,00
27,66667	0,00
27,68333	0,00
27,70000	0,00
27,71667	0,00
27,73333	0,00
27,75000	0,00
27,76667	0,00
27,78333	0,00
27,80000	0,00
27,81667	0,00
27,83333	0,00
27,85000	0,00
27,86667	0,00
27,88333	0,00
27,90000	0,00
27,91667	0,00
27,93333	0,00
27,95000	0,00
27,96667	0,00
27,98333	0,00
28,00000	0,00
28,01667	0,00
28,03333	0,00
28,05000	0,00
28,06667	0,00
28,08333	0,00
28,10000	0,00
28,11667	0,00
28,13333	0,00
28,15000	0,00
28,16667	0,00
28,18333	0,00
28,20000	0,00
28,21667	0,00
28,23333	0,00
28,25000	0,00
28,26667	0,00
28,28333	0,00
28,30000	0,00
28,31667	0,00
28,33333	0,00
28,35000	0,00
28,36667	0,00
28,38333	0,00
28,40000	0,00
28,41667	0,00
28,43333	0,00
28,45000	0,00
28,46667	0,00
28,48333	0,00
28,50000	0,00
28,51667	0,00
28,53333	0,00
28,55000	0,00
28,56667	0,00
28,58333	0,00
28,60000	0,00
28,61667	0,00
28,63333	0,00
28,65000	0,00
28,66667	0,00
28,68333	0,00
28,70000	0,00
28,71667	0,00
28,73333	0,00
28,75000	0,00
28,76667	0,00
28,78333	0,00
28,80000	0,00
28,81667	0,00
28,83333	0,00
28,85000	0,00
28,86667	0,00
28,88333	0,00
28,90000	0,00
28,91667	0,00
28,93333	0,00
28,95000	0,00
28,96667	0,00
28,98333	0,00
29,00000	0,00
29,01667	0,00
29,03333	0,00
29,05000	0,00
29,06667	0,00
29,08333	0,00
29,10000	0,00
29,11667	0,00
29,13333	0,00
29,15000	0,00
29,16667	0,00
29,18333	0,00
29,20000	0,00
29,21667	0,00
29,23333	0,00
29,25000	0,00
29,26667	0,00
29,28333	0,00
29,30000	0,00
29,31667	0,00
29,33333	0,00
29,35000	0,00
29,36667	0,00
29,38333	0,00
29,40000	0,00
29,41667	0,00
29,43333	0,00
29,45000	0,00
29,46667	0,00
29,48333	0,00
29,50000	0,00
29,51667	0,00
29,53333	0,00
29,55000	0,00
29,56667	0,00
29,58333	0,00
29,60000	0,00
29,61667	0,00
29,63333	0,00
29,65000	0,00
29,66667	0,00
29,68333	0,00
29,70000	0,00
29,71667	0,00
29,73333	0,00
29,75000	0,00
29,76667	0,00
29,78333	0,00
29,80000	0,00
29,81667	0,00
29,83333	0,00
29,85000	0,00
29,86667	0,00
29,88333	0,00
29,90000	0,00
29,91667	0,00
29,93333	0,00
29,95000	0,00
29,96667	0,00
29,98333	0,00
30,00000	0,00
30,01667	0,00
30,03333	0,00
30,05000	0,00
30,06667	0,00
30,08333	0,00
30,10000	0,00
30,11667	0,00
30,13333	0,00
30,15000	0,00
30,16667	0,00
30,18333	0,00
30,20000	0,00
30,21667	0,00
30,23333	0,00
30,25000	0,00
30,26667	0,00
30,28333	0,00
30,30000	0,00
30,31667	0,00
30,33333	0,00
30,35000	0,00
30,36667	0,00
30,38333	0,00
30,40000	0,00
30,41667	0,00
30,43333	0,00
30,45000	0,00
30,46667	0,00
30,48333	0,00
30,50000	0,00
30,51667	0,00
30,53333	0,00
30,55000	0,00
30,56667	0,00
30,58333	0,00
30,60000	0,00
30,61667	0,00
30,63333	0,00
30,65000	0,00
30,66667	0,00
30,68333	0,00
30,70000	0,00
30,71667	0,00
30,73333	0,00
30,75000	0,00
30,76667	0,00
30,78333	0,00
30,80000	0,00
30,81667	0,00
30,83333	0,00
30,85000	0,00
30,86667	0,00
30,88333	0,00
30,90000	0,00
30,91667	0,00
30,93333	0,00
30,95000	0,00
30,96667	0,00
30,98333	0,00
31,00000	0,00
31,01667	0,00
31,03333	0,00
31,05000	0,00
31,06667	0,00
31,08333	0,00
31,10000	0,00
31,11667	0,00
31,13333	0,00
31,15000	0,00
31,16667	0,00
31,18333	0,00
31,20000	0,00
31,21667	0,00
31,23333	0,00
31,25000	0,00
31,26667	0,00
31,28333	0,00
31,30000	0,00
31,31667	0,00
31,33333	0,00
31,35000	0,00
31,36667	0,00
31,38333	0,00
31,40000	0,00
31,41667	0,00
31,43333	0,00
31,45000	0,00
31,46667	0,00
31,48333	0,00
31,50000	0,00
31,51667	0,00
31,53333	0,00
31,55000	0,00
31,56667	0,00
31,58333	0,00
31,60000	0,00
31,61667	0,00
31,63333	0,00
31,65000	0,00
31,66667	0,00
31,68333	0,00
31,70000	0,00
31,71667	0,00
31,73333	0,00
31,75000	0,00
31,76667	0,00
31,78333	0,00
31,80000	0,00
31,81667	0,00
31,83333	0,00
31,85000	0,00
31,86667	0,00
31,88333	0,00
31,90000	0,00
31,91667	0,00
31,93333	0,00
31,95000	0,00
31,96667	0,00
31,98333	0,00
32,00000	0,00

[LC Status Trace(Sample Cooler Temp.)]
Interval(msec)	1000
# of Points	1921
Start Time(min)	0,000
End Time(min)	32,000
Intensity Units	C
Intensity Multiplier	1
R.Time (min)	Intensity
0,00000	4,02
0,01667	4,02
0,03333	4,02
0,05000	4,02
0,06667	4,03
0,08333	4,05
0,10000	4,05
0,11667	4,03
0,13333	4,05
0,15000	4,05
0,16667	4,03
0,18333	4,05
0,20000	4,05
0,21667	4,04
0,23333	4,05
0,25000	4,05
0,26667	4,04
0,28333	4,05
0,30000	4,05
0,31667	4,04
0,33333	4,05
0,35000	4,05
0,36667	4,04
0,38333	4,05
0,40000	4,05
0,41667	4,04
0,43333	4,05
0,45000	4,05
0,46667	4,04
0,48333	4,05
0,50000	4,05
0,51667	4,04
0,53333	4,05
0,55000	4,05
0,56667	4,04
0,58333	4,05
0,60000	4,05
0,61667	4,04
0,63333	4,05
0,65000	4,05
0,66667	4,04
0,68333	4,05
0,70000	4,05
0,71667	4,04
0,73333	4,05
0,75000	4,05
0,76667	4,04
0,78333	4,04
0,80000	4,05
0,81667	4,04
0,83333	4,05
0,85000	4,05
0,86667	4,04
0,88333	4,06
0,90000	4,05
0,91667	4,04
0,93333	4,05
0,95000	4,06
0,96667	4,04
0,98333	4,06
1,00000	4,06
1,01667	4,06
1,03333	4,06
1,05000	4,06
1,06667	4,04
1,08333	4,06
1,10000	4,06
1,11667	4,04
1,13333	4,06
1,15000	4,06
1,16667	4,05
1,18333	4,06
1,20000	4,06
1,21667	4,06
1,23333	4,06
1,25000	4,06
1,26667	4,05
1,28333	4,06
1,30000	4,06
1,31667	4,05
1,33333	4,06
1,35000	4,06
1,36667	4,05
1,38333	4,06
1,40000	4,06
1,41667	4,05
1,43333	4,06
1,45000	4,06
1,46667	4,05
1,48333	4,06
1,50000	4,06
1,51667	4,05
1,53333	4,06
1,55000	4,06
1,56667	4,05
1,58333	4,06
1,60000	4,06
1,61667	4,05
1,63333	4,06
1,65000	4,06
1,66667	4,05
1,68333	4,06
1,70000	4,06
1,71667	4,05
1,73333	4,06
1,75000	4,06
1,76667	4,05
1,78333	4,06
1,80000	4,06
1,81667	4,05
1,83333	4,06
1,85000	4,06
1,86667	4,05
1,88333	4,06
1,90000	4,06
1,91667	4,05
1,93333	4,06
1,95000	4,06
1,96667	4,05
1,98333	4,06
2,00000	4,06
2,01667	4,05
2,03333	4,06
2,05000	4,06
2,06667	4,05
2,08333	4,06
2,10000	4,06
2,11667	4,05
2,13333	4,06
2,15000	4,06
2,16667	4,05
2,18333	4,06
2,20000	4,06
2,21667	4,05
2,23333	4,06
2,25000	4,06
2,26667	4,05
2,28333	4,06
2,30000	4,06
2,31667	4,05
2,33333	4,06
2,35000	4,06
2,36667	4,05
2,38333	4,07
2,40000	4,06
2,41667	4,05
2,43333	4,06
2,45000	4,06
2,46667	4,05
2,48333	4,07
2,50000	4,06
2,51667	4,05
2,53333	4,06
2,55000	4,07
2,56667	4,05
2,58333	4,07
2,60000	4,06
2,61667	4,05
2,63333	4,07
2,65000	4,07
2,66667	4,05
2,68333	4,07
2,70000	4,07
2,71667	4,05
2,73333	4,07
2,75000	4,07
2,76667	4,06
2,78333	4,07
2,80000	4,07
2,81667	4,05
2,83333	4,07
2,85000	4,07
2,86667	4,06
2,88333	4,07
2,90000	4,07
2,91667	4,06
2,93333	4,07
2,95000	4,07
2,96667	4,06
2,98333	4,07
3,00000	4,07
3,01667	4,06
3,03333	4,07
3,05000	4,07
3,06667	4,06
3,08333	4,07
3,10000	4,07
3,11667	4,06
3,13333	4,07
3,15000	4,07
3,16667	4,06
3,18333	4,07
3,20000	4,07
3,21667	4,06
3,23333	4,07
3,25000	4,07
3,26667	4,06
3,28333	4,07
3,30000	4,07
3,31667	4,06
3,33333	4,07
3,35000	4,07
3,36667	4,06
3,38333	4,07
3,40000	4,07
3,41667	4,06
3,43333	4,07
3,45000	4,07
3,46667	4,06
3,48333	4,07
3,50000	4,07
3,51667	4,06
3,53333	4,07
3,55000	4,07
3,56667	4,06
3,58333	4,07
3,60000	4,07
3,61667	4,06
3,63333	4,07
3,65000	4,07
3,66667	4,06
3,68333	4,07
3,70000	4,07
3,71667	4,06
3,73333	4,07
3,75000	4,07
3,76667	4,06
3,78333	4,07
3,80000	4,07
3,81667	4,06
3,83333	4,07
3,85000	4,07
3,86667	4,06
3,88333	4,07
3,90000	4,07
3,91667	4,07
3,93333	4,07
3,95000	4,07
3,96667	4,06
3,98333	4,07
4,00000	4,07
4,01667	4,06
4,03333	4,07
4,05000	4,07
4,06667	4,06
4,08333	4,07
4,10000	4,07
4,11667	4,06
4,13333	4,07
4,15000	4,07
4,16667	4,06
4,18333	4,07
4,20000	4,07
4,21667	4,06
4,23333	4,07
4,25000	4,07
4,26667	4,06
4,28333	4,07
4,30000	4,07
4,31667	4,06
4,33333	4,07
4,35000	4,07
4,36667	4,06
4,38333	4,07
4,40000	4,07
4,41667	4,06
4,43333	4,07
4,45000	4,07
4,46667	4,06
4,48333	4,07
4,50000	4,07
4,51667	4,06
4,53333	4,07
4,55000	4,07
4,56667	4,06
4,58333	4,07
4,60000	4,07
4,61667	4,06
4,63333	4,07
4,65000	4,07
4,66667	4,06
4,68333	4,07
4,70000	4,07
4,71667	4,06
4,73333	4,07
4,75000	4,07
4,76667	4,06
4,78333	4,07
4,80000	4,07
4,81667	4,06
4,83333	4,07
4,85000	4,07
4,86667	4,06
4,88333	4,07
4,90000	4,07
4,91667	4,06
4,93333	4,07
4,95000	4,07
4,96667	4,06
4,98333	4,08
5,00000	4,08
5,01667	4,06
5,03333	4,07
5,05000	4,08
5,06667	4,06
5,08333	4,08
5,10000	4,08
5,11667	4,06
5,13333	4,08
5,15000	4,08
5,16667	4,07
5,18333	4,08
5,20000	4,08
5,21667	4,07
5,23333	4,08
5,25000	4,08
5,26667	4,07
5,28333	4,08
5,30000	4,08
5,31667	4,07
5,33333	4,08
5,35000	4,08
5,36667	4,07
5,38333	4,08
5,40000	4,08
5,41667	4,07
5,43333	4,08
5,45000	4,08
5,46667	4,07
5,48333	4,08
5,50000	4,08
5,51667	4,07
5,53333	4,08
5,55000	4,08
5,56667	4,07
5,58333	4,08
5,60000	4,08
5,61667	4,07
5,63333	4,08
5,65000	4,08
5,66667	4,07
5,68333	4,08
5,70000	4,08
5,71667	4,07
5,73333	4,08
5,75000	4,08
5,76667	4,07
5,78333	4,08
5,80000	4,08
5,81667	4,07
5,83333	4,08
5,85000	4,08
5,86667	4,07
5,88333	4,08
5,90000	4,08
5,91667	4,07
5,93333	4,08
5,95000	4,08
5,96667	4,07
5,98333	4,08
6,00000	4,08
6,01667	4,07
6,03333	4,08
6,05000	4,08
6,06667	4,07
6,08333	4,08
6,10000	4,08
6,11667	4,07
6,13333	4,08
6,15000	4,08
6,16667	4,07
6,18333	4,08
6,20000	4,08
6,21667	4,08
6,23333	4,08
6,25000	4,08
6,26667	4,07
6,28333	4,08
6,30000	4,08
6,31667	4,07
6,33333	4,08
6,35000	4,08
6,36667	4,07
6,38333	4,08
6,40000	4,08
6,41667	4,07
6,43333	4,08
6,45000	4,08
6,46667	4,07
6,48333	4,08
6,50000	4,08
6,51667	4,07
6,53333	4,08
6,55000	4,08
6,56667	4,07
6,58333	4,08
6,60000	4,08
6,61667	4,08
6,63333	4,08
6,65000	4,08
6,66667	4,07
6,68333	4,08
6,70000	4,08
6,71667	4,07
6,73333	4,08
6,75000	4,08
6,76667	4,07
6,78333	4,08
6,80000	4,08
6,81667	4,08
6,83333	4,07
6,85000	4,09
6,86667	4,09
6,88333	4,11
6,90000	4,12
6,91667	4,11
6,93333	4,13
6,95000	4,13
6,96667	4,13
6,98333	4,15
7,00000	4,15
7,01667	4,14
7,03333	4,16
7,05000	4,17
7,06667	4,16
7,08333	4,16
7,10000	4,17
7,11667	4,16
7,13333	4,17
7,15000	4,17
7,16667	4,16
7,18333	4,16
7,20000	4,16
7,21667	4,15
7,23333	4,16
7,25000	4,16
7,26667	4,15
7,28333	4,16
7,30000	4,16
7,31667	4,15
7,33333	4,16
7,35000	4,16
7,36667	4,15
7,38333	4,16
7,40000	4,17
7,41667	4,16
7,43333	4,17
7,45000	4,17
7,46667	4,16
7,48333	4,17
7,50000	4,17
7,51667	4,16
7,53333	4,18
7,55000	4,18
7,56667	4,17
7,58333	4,18
7,60000	4,18
7,61667	4,17
7,63333	4,18
7,65000	4,18
7,66667	4,17
7,68333	4,19
7,70000	4,19
7,71667	4,18
7,73333	4,19
7,75000	4,19
7,76667	4,18
7,78333	4,19
7,80000	4,19
7,81667	4,19
7,83333	4,20
7,85000	4,20
7,86667	4,19
7,88333	4,20
7,90000	4,20
7,91667	4,19
7,93333	4,20
7,95000	4,21
7,96667	4,19
7,98333	4,21
8,00000	4,21
8,01667	4,20
8,03333	4,21
8,05000	4,21
8,06667	4,20
8,08333	4,21
8,10000	4,21
8,11667	4,20
8,13333	4,22
8,15000	4,22
8,16667	4,21
8,18333	4,22
8,20000	4,22
8,21667	4,21
8,23333	4,22
8,25000	4,22
8,26667	4,21
8,28333	4,22
8,30000	4,22
8,31667	4,21
8,33333	4,22
8,35000	4,23
8,36667	4,22
8,38333	4,23
8,40000	4,23
8,41667	4,22
8,43333	4,23
8,45000	4,23
8,46667	4,22
8,48333	4,23
8,50000	4,23
8,51667	4,22
8,53333	4,23
8,55000	4,23
8,56667	4,22
8,58333	4,24
8,60000	4,24
8,61667	4,22
8,63333	4,24
8,65000	4,24
8,66667	4,23
8,68333	4,24
8,70000	4,24
8,71667	4,23
8,73333	4,24
8,75000	4,24
8,76667	4,23
8,78333	4,24
8,80000	4,24
8,81667	4,23
8,83333	4,24
8,85000	4,24
8,86667	4,23
8,88333	4,24
8,90000	4,24
8,91667	4,24
8,93333	4,24
8,95000	4,24
8,96667	4,23
8,98333	4,25
9,00000	4,25
9,01667	4,23
9,03333	4,25
9,05000	4,25
9,06667	4,24
9,08333	4,25
9,10000	4,25
9,11667	4,24
9,13333	4,25
9,15000	4,25
9,16667	4,24
9,18333	4,25
9,20000	4,25
9,21667	4,24
9,23333	4,25
9,25000	4,25
9,26667	4,24
9,28333	4,25
9,30000	4,25
9,31667	4,25
9,33333	4,25
9,35000	4,25
9,36667	4,24
9,38333	4,25
9,40000	4,25
9,41667	4,24
9,43333	4,25
9,45000	4,25
9,46667	4,24
9,48333	4,25
9,50000	4,25
9,51667	4,24
9,53333	4,25
9,55000	4,25
9,56667	4,24
9,58333	4,25
9,60000	4,25
9,61667	4,24
9,63333	4,25
9,65000	4,25
9,66667	4,24
9,68333	4,25
9,70000	4,25
9,71667	4,24
9,73333	4,25
9,75000	4,25
9,76667	4,24
9,78333	4,25
9,80000	4,25
9,81667	4,24
9,83333	4,25
9,85000	4,25
9,86667	4,24
9,88333	4,26
9,90000	4,25
9,91667	4,24
9,93333	4,25
9,95000	4,25
9,96667	4,24
9,98333	4,25
10,00000	4,25
10,01667	4,24
10,03333	4,25
10,05000	4,25
10,06667	4,24
10,08333	4,25
10,10000	4,25
10,11667	4,24
10,13333	4,25
10,15000	4,25
10,16667	4,24
10,18333	4,25
10,20000	4,25
10,21667	4,24
10,23333	4,25
10,25000	4,25
10,26667	4,24
10,28333	4,25
10,30000	4,25
10,31667	4,24
10,33333	4,25
10,35000	4,25
10,36667	4,24
10,38333	4,25
10,40000	4,25
10,41667	4,24
10,43333	4,25
10,45000	4,25
10,46667	4,24
10,48333	4,25
10,50000	4,25
10,51667	4,24
10,53333	4,25
10,55000	4,25
10,56667	4,24
10,58333	4,25
10,60000	4,25
10,61667	4,24
10,63333	4,25
10,65000	4,25
10,66667	4,24
10,68333	4,25
10,70000	4,25
10,71667	4,24
10,73333	4,25
10,75000	4,25
10,76667	4,24
10,78333	4,25
10,80000	4,25
10,81667	4,24
10,83333	4,25
10,85000	4,25
10,86667	4,24
10,88333	4,25
10,90000	4,25
10,91667	4,24
10,93333	4,25
10,95000	4,25
10,96667	4,24
10,98333	4,25
11,00000	4,25
11,01667	4,24
11,03333	4,25
11,05000	4,25
11,06667	4,24
11,08333	4,25
11,10000	4,25
11,11667	4,24
11,13333	4,25
11,15000	4,25
11,16667	4,24
11,18333	4,25
11,20000	4,25
11,21667	4,24
11,23333	4,25
11,25000	4,25
11,26667	4,24
11,28333	4,25
11,30000	4,25
11,31667	4,24
11,33333	4,25
11,35000	4,25
11,36667	4,24
11,38333	4,25
11,40000	4,25
11,41667	4,24
11,43333	4,25
11,45000	4,25
11,46667	4,24
11,48333	4,25
11,50000	4,25
11,51667	4,24
11,53333	4,25
11,55000	4,25
11,56667	4,24
11,58333	4,25
11,60000	4,25
11,61667	4,25
11,63333	4,25
11,65000	4,25
11,66667	4,24
11,68333	4,25
11,70000	4,25
11,71667	4,24
11,73333	4,25
11,75000	4,25
11,76667	4,24
11,78333	4,25
11,80000	4,25
11,81667	4,24
11,83333	4,25
11,85000	4,25
11,86667	4,23
11,88333	4,25
11,90000	4,25
11,91667	4,23
11,93333	4,25
11,95000	4,25
11,96667	4,23
11,98333	4,25
12,00000	4,25
12,01667	4,25
12,03333	4,25
12,05000	4,25
12,06667	4,23
12,08333	4,24
12,10000	4,24
12,11667	4,23
12,13333	4,24
12,15000	4,24
12,16667	4,23
12,18333	4,24
12,20000	4,24
12,21667	4,23
12,23333	4,24
12,25000	4,24
12,26667	4,23
12,28333	4,24
12,30000	4,24
12,31667	4,23
12,33333	4,24
12,35000	4,24
12,36667	4,23
12,38333	4,24
12,40000	4,24
12,41667	4,23
12,43333	4,24
12,45000	4,24
12,46667	4,23
12,48333	4,24
12,50000	4,24
12,51667	4,23
12,53333	4,24
12,55000	4,24
12,56667	4,23
12,58333	4,24
12,60000	4,24
12,61667	4,23
12,63333	4,24
12,65000	4,24
12,66667	4,23
12,68333	4,24
12,70000	4,24
12,71667	4,23
12,73333	4,24
12,75000	4,24
12,76667	4,23
12,78333	4,24
12,80000	4,24
12,81667	4,23
12,83333	4,24
12,85000	4,24
12,86667	4,23
12,88333	4,24
12,90000	4,24
12,91667	4,23
12,93333	4,24
12,95000	4,24
12,96667	4,23
12,98333	4,24
13,00000	4,24
13,01667	4,22
13,03333	4,24
13,05000	4,24
13,06667	4,22
13,08333	4,24
13,10000	4,24
13,11667	4,22
13,13333	4,24
13,15000	4,24
13,16667	4,24
13,18333	4,25
13,20000	4,25
13,21667	4,25
13,23333	4,26
13,25000	4,26
13,26667	4,25
13,28333	4,26
13,30000	4,26
13,31667	4,25
13,33333	4,26
13,35000	4,26
13,36667	4,25
13,38333	4,26
13,40000	4,26
13,41667	4,25
13,43333	4,26
13,45000	4,26
13,46667	4,25
13,48333	4,26
13,50000	4,26
13,51667	4,25
13,53333	4,26
13,55000	4,26
13,56667	4,25
13,58333	4,26
13,60000	4,26
13,61667	4,25
13,63333	4,26
13,65000	4,26
13,66667	4,25
13,68333	4,26
13,70000	4,26
13,71667	4,25
13,73333	4,26
13,75000	4,26
13,76667	4,25
13,78333	4,26
13,80000	4,26
13,81667	4,25
13,83333	4,26
13,85000	4,26
13,86667	4,25
13,88333	4,26
13,90000	4,26
13,91667	4,25
13,93333	4,26
13,95000	4,26
13,96667	4,24
13,98333	4,26
14,00000	4,26
14,01667	4,24
14,03333	4,26
14,05000	4,25
14,06667	4,24
14,08333	4,24
14,10000	4,26
14,11667	4,25
14,13333	4,27
14,15000	4,27
14,16667	4,27
14,18333	4,29
14,20000	4,29
14,21667	4,27
14,23333	4,29
14,25000	4,29
14,26667	4,28
14,28333	4,29
14,30000	4,29
14,31667	4,29
14,33333	4,29
14,35000	4,29
14,36667	4,28
14,38333	4,29
14,40000	4,29
14,41667	4,28
14,43333	4,30
14,45000	4,30
14,46667	4,29
14,48333	4,30
14,50000	4,30
14,51667	4,29
14,53333	4,30
14,55000	4,31
14,56667	4,30
14,58333	4,31
14,60000	4,31
14,61667	4,30
14,63333	4,31
14,65000	4,31
14,66667	4,30
14,68333	4,32
14,70000	4,32
14,71667	4,32
14,73333	4,32
14,75000	4,32
14,76667	4,31
14,78333	4,33
14,80000	4,33
14,81667	4,32
14,83333	4,33
14,85000	4,33
14,86667	4,32
14,88333	4,33
14,90000	4,34
14,91667	4,33
14,93333	4,34
14,95000	4,34
14,96667	4,33
14,98333	4,34
15,00000	4,34
15,01667	4,33
15,03333	4,35
15,05000	4,35
15,06667	4,34
15,08333	4,35
15,10000	4,35
15,11667	4,34
15,13333	4,36
15,15000	4,36
15,16667	4,35
15,18333	4,36
15,20000	4,36
15,21667	4,35
15,23333	4,36
15,25000	4,36
15,26667	4,35
15,28333	4,37
15,30000	4,37
15,31667	4,36
15,33333	4,37
15,35000	4,37
15,36667	4,36
15,38333	4,38
15,40000	4,38
15,41667	4,37
15,43333	4,38
15,45000	4,38
15,46667	4,37
15,48333	4,38
15,50000	4,38
15,51667	4,37
15,53333	4,39
15,55000	4,39
15,56667	4,38
15,58333	4,39
15,60000	4,39
15,61667	4,38
15,63333	4,39
15,65000	4,39
15,66667	4,38
15,68333	4,40
15,70000	4,40
15,71667	4,39
15,73333	4,40
15,75000	4,40
15,76667	4,39
15,78333	4,40
15,80000	4,40
15,81667	4,39
15,83333	4,40
15,85000	4,41
15,86667	4,39
15,88333	4,41
15,90000	4,41
15,91667	4,40
15,93333	4,41
15,95000	4,41
15,96667	4,40
15,98333	4,41
16,00000	4,41
16,01667	4,40
16,03333	4,42
16,05000	4,42
16,06667	4,41
16,08333	4,42
16,10000	4,42
16,11667	4,41
16,13333	4,42
16,15000	4,42
16,16667	4,41
16,18333	4,42
16,20000	4,42
16,21667	4,41
16,23333	4,43
16,25000	4,43
16,26667	4,42
16,28333	4,43
16,30000	4,43
16,31667	4,42
16,33333	4,43
16,35000	4,43
16,36667	4,42
16,38333	4,43
16,40000	4,43
16,41667	4,42
16,43333	4,44
16,45000	4,44
16,46667	4,43
16,48333	4,44
16,50000	4,44
16,51667	4,43
16,53333	4,44
16,55000	4,44
16,56667	4,43
16,58333	4,44
16,60000	4,45
16,61667	4,44
16,63333	4,45
16,65000	4,45
16,66667	4,44
16,68333	4,45
16,70000	4,45
16,71667	4,44
16,73333	4,45
16,75000	4,45
16,76667	4,44
16,78333	4,45
16,80000	4,46
16,81667	4,44
16,83333	4,46
16,85000	4,46
16,86667	4,45
16,88333	4,46
16,90000	4,46
16,91667	4,45
16,93333	4,46
16,95000	4,46
16,96667	4,45
16,98333	4,46
17,00000	4,46
17,01667	4,46
17,03333	4,46
17,05000	4,46
17,06667	4,45
17,08333	4,47
17,10000	4,47
17,11667	4,46
17,13333	4,47
17,15000	4,47
17,16667	4,46
17,18333	4,47
17,20000	4,47
17,21667	4,46
17,23333	4,47
17,25000	4,47
17,26667	4,46
17,28333	4,48
17,30000	4,48
17,31667	4,46
17,33333	4,48
17,35000	4,48
17,36667	4,47
17,38333	4,48
17,40000	4,48
17,41667	4,48
17,43333	4,48
17,45000	4,48
17,46667	4,47
17,48333	4,48
17,50000	4,48
17,51667	4,47
17,53333	4,48
17,55000	4,49
17,56667	4,48
17,58333	4,49
17,60000	4,49
17,61667	4,48
17,63333	4,49
17,65000	4,49
17,66667	4,48
17,68333	4,49
17,70000	4,49
17,71667	4,48
17,73333	4,49
17,75000	4,49
17,76667	4,48
17,78333	4,49
17,80000	4,49
17,81667	4,48
17,83333	4,49
17,85000	4,50
17,86667	4,48
17,88333	4,50
17,90000	4,50
17,91667	4,49
17,93333	4,50
17,95000	4,50
17,96667	4,49
17,98333	4,50
18,00000	4,50
18,01667	4,49
18,03333	4,50
18,05000	4,50
18,06667	4,49
18,08333	4,50
18,10000	4,50
18,11667	4,49
18,13333	4,50
18,15000	4,50
18,16667	4,49
18,18333	4,50
18,20000	4,51
18,21667	4,49
18,23333	4,51
18,25000	4,51
18,26667	4,50
18,28333	4,51
18,30000	4,51
18,31667	4,50
18,33333	4,51
18,35000	4,51
18,36667	4,50
18,38333	4,51
18,40000	4,51
18,41667	4,50
18,43333	4,51
18,45000	4,51
18,46667	4,50
18,48333	4,51
18,50000	4,51
18,51667	4,50
18,53333	4,51
18,55000	4,51
18,56667	4,50
18,58333	4,52
18,60000	4,52
18,61667	4,50
18,63333	4,52
18,65000	4,52
18,66667	4,51
18,68333	4,52
18,70000	4,52
18,71667	4,51
18,73333	4,52
18,75000	4,52
18,76667	4,51
18,78333	4,52
18,80000	4,52
18,81667	4,51
18,83333	4,52
18,85000	4,52
18,86667	4,51
18,88333	4,52
18,90000	4,52
18,91667	4,51
18,93333	4,52
18,95000	4,52
18,96667	4,51
18,98333	4,52
19,00000	4,52
19,01667	4,51
19,03333	4,52
19,05000	4,52
19,06667	4,51
19,08333	4,52
19,10000	4,52
19,11667	4,51
19,13333	4,53
19,15000	4,53
19,16667	4,51
19,18333	4,53
19,20000	4,53
19,21667	4,51
19,23333	4,53
19,25000	4,53
19,26667	4,52
19,28333	4,53
19,30000	4,53
19,31667	4,52
19,33333	4,53
19,35000	4,53
19,36667	4,52
19,38333	4,53
19,40000	4,53
19,41667	4,52
19,43333	4,53
19,45000	4,53
19,46667	4,52
19,48333	4,53
19,50000	4,53
19,51667	4,52
19,53333	4,53
19,55000	4,53
19,56667	4,52
19,58333	4,53
19,60000	4,53
19,61667	4,52
19,63333	4,53
19,65000	4,53
19,66667	4,52
19,68333	4,53
19,70000	4,54
19,71667	4,54
19,73333	4,53
19,75000	4,53
19,76667	4,52
19,78333	4,54
19,80000	4,54
19,81667	4,52
19,83333	4,54
19,85000	4,54
19,86667	4,52
19,88333	4,54
19,90000	4,54
19,91667	4,52
19,93333	4,54
19,95000	4,54
19,96667	4,52
19,98333	4,54
20,00000	4,54
20,01667	4,53
20,03333	4,54
20,05000	4,54
20,06667	4,53
20,08333	4,54
20,10000	4,54
20,11667	4,54
20,13333	4,54
20,15000	4,54
20,16667	4,53
20,18333	4,54
20,20000	4,54
20,21667	4,53
20,23333	4,54
20,25000	4,54
20,26667	4,53
20,28333	4,54
20,30000	4,54
20,31667	4,53
20,33333	4,54
20,35000	4,54
20,36667	4,53
20,38333	4,54
20,40000	4,54
20,41667	4,53
20,43333	4,54
20,45000	4,54
20,46667	4,53
20,48333	4,54
20,50000	4,54
20,51667	4,53
20,53333	4,54
20,55000	4,54
20,56667	4,53
20,58333	4,54
20,60000	4,54
20,61667	4,53
20,63333	4,54
20,65000	4,54
20,66667	4,53
20,68333	4,54
20,70000	4,54
20,71667	4,53
20,73333	4,54
20,75000	4,54
20,76667	4,53
20,78333	4,54
20,80000	4,54
20,81667	4,53
20,83333	4,54
20,85000	4,54
20,86667	4,53
20,88333	4,54
20,90000	4,54
20,91667	4,53
20,93333	4,54
20,95000	4,54
20,96667	4,53
20,98333	4,54
21,00000	4,54
21,01667	4,53
21,03333	4,55
21,05000	4,54
21,06667	4,53
21,08333	4,54
21,10000	4,54
21,11667	4,53
21,13333	4,54
21,15000	4,54
21,16667	4,53
21,18333	4,54
21,20000	4,55
21,21667	4,53
21,23333	4,55
21,25000	4,55
21,26667	4,53
21,28333	4,55
21,30000	4,55
21,31667	4,54
21,33333	4,55
21,35000	4,55
21,36667	4,53
21,38333	4,55
21,40000	4,55
21,41667	4,53
21,43333	4,55
21,45000	4,55
21,46667	4,53
21,48333	4,55
21,50000	4,55
21,51667	4,53
21,53333	4,55
21,55000	4,55
21,56667	4,54
21,58333	4,55
21,60000	4,55
21,61667	4,53
21,63333	4,55
21,65000	4,55
21,66667	4,54
21,68333	4,55
21,70000	4,55
21,71667	4,53
21,73333	4,55
21,75000	4,55
21,76667	4,54
21,78333	4,55
21,80000	4,55
21,81667	4,54
21,83333	4,55
21,85000	4,55
21,86667	4,54
21,88333	4,55
21,90000	4,55
21,91667	4,54
21,93333	4,55
21,95000	4,55
21,96667	4,54
21,98333	4,55
22,00000	4,55
22,01667	4,54
22,03333	4,55
22,05000	4,55
22,06667	4,54
22,08333	4,55
22,10000	4,55
22,11667	4,54
22,13333	4,55
22,15000	4,55
22,16667	4,54
22,18333	4,55
22,20000	4,55
22,21667	4,54
22,23333	4,55
22,25000	4,55
22,26667	4,54
22,28333	4,55
22,30000	4,55
22,31667	4,54
22,33333	4,55
22,35000	4,55
22,36667	4,54
22,38333	4,55
22,40000	4,55
22,41667	4,55
22,43333	4,55
22,45000	4,55
22,46667	4,54
22,48333	4,55
22,50000	4,55
22,51667	4,54
22,53333	4,55
22,55000	4,55
22,56667	4,54
22,58333	4,55
22,60000	4,55
22,61667	4,54
22,63333	4,55
22,65000	4,55
22,66667	4,54
22,68333	4,55
22,70000	4,55
22,71667	4,54
22,73333	4,55
22,75000	4,55
22,76667	4,54
22,78333	4,55
22,80000	4,55
22,81667	4,55
22,83333	4,55
22,85000	4,55
22,86667	4,54
22,88333	4,55
22,90000	4,55
22,91667	4,54
22,93333	4,55
22,95000	4,55
22,96667	4,54
22,98333	4,55
23,00000	4,55
23,01667	4,54
23,03333	4,55
23,05000	4,55
23,06667	4,54
23,08333	4,55
23,10000	4,55
23,11667	4,54
23,13333	4,55
23,15000	4,55
23,16667	4,54
23,18333	4,55
23,20000	4,55
23,21667	4,54
23,23333	4,55
23,25000	4,55
23,26667	4,54
23,28333	4,55
23,30000	4,55
23,31667	4,54
23,33333	4,55
23,35000	4,55
23,36667	4,54
23,38333	4,55
23,40000	4,55
23,41667	4,53
23,43333	4,55
23,45000	4,55
23,46667	4,54
23,48333	4,55
23,50000	4,55
23,51667	4,53
23,53333	4,55
23,55000	4,55
23,56667	4,54
23,58333	4,55
23,60000	4,55
23,61667	4,53
23,63333	4,55
23,65000	4,55
23,66667	4,54
23,68333	4,55
23,70000	4,55
23,71667	4,54
23,73333	4,55
23,75000	4,55
23,76667	4,55
23,78333	4,55
23,80000	4,55
23,81667	4,54
23,83333	4,55
23,85000	4,55
23,86667	4,54
23,88333	4,55
23,90000	4,55
23,91667	4,54
23,93333	4,55
23,95000	4,55
23,96667	4,53
23,98333	4,55
24,00000	4,55
24,01667	4,54
24,03333	4,55
24,05000	4,55
24,06667	4,53
24,08333	4,55
24,10000	4,55
24,11667	4,53
24,13333	4,55
24,15000	4,55
24,16667	4,55
24,18333	4,55
24,20000	4,55
24,21667	4,53
24,23333	4,55
24,25000	4,55
24,26667	4,53
24,28333	4,55
24,30000	4,55
24,31667	4,53
24,33333	4,55
24,35000	4,55
24,36667	4,53
24,38333	4,55
24,40000	4,55
24,41667	4,53
24,43333	4,54
24,45000	4,55
24,46667	4,53
24,48333	4,54
24,50000	4,54
24,51667	4,53
24,53333	4,54
24,55000	4,54
24,56667	4,53
24,58333	4,54
24,60000	4,54
24,61667	4,53
24,63333	4,54
24,65000	4,54
24,66667	4,53
24,68333	4,54
24,70000	4,54
24,71667	4,53
24,73333	4,54
24,75000	4,54
24,76667	4,53
24,78333	4,54
24,80000	4,54
24,81667	4,53
24,83333	4,54
24,85000	4,54
24,86667	4,53
24,88333	4,54
24,90000	4,54
24,91667	4,53
24,93333	4,54
24,95000	4,54
24,96667	4,53
24,98333	4,54
25,00000	4,54
25,01667	4,53
25,03333	4,54
25,05000	4,54
25,06667	4,53
25,08333	4,54
25,10000	4,54
25,11667	4,54
25,13333	4,54
25,15000	4,54
25,16667	4,53
25,18333	4,54
25,20000	4,54
25,21667	4,53
25,23333	4,54
25,25000	4,54
25,26667	4,53
25,28333	4,54
25,30000	4,54
25,31667	4,53
25,33333	4,54
25,35000	4,54
25,36667	4,53
25,38333	4,54
25,40000	4,54
25,41667	4,52
25,43333	4,54
25,45000	4,54
25,46667	4,52
25,48333	4,54
25,50000	4,54
25,51667	4,54
25,53333	4,54
25,55000	4,54
25,56667	4,52
25,58333	4,54
25,60000	4,54
25,61667	4,52
25,63333	4,54
25,65000	4,54
25,66667	4,52
25,68333	4,54
25,70000	4,54
25,71667	4,52
25,73333	4,54
25,75000	4,53
25,76667	4,52
25,78333	4,54
25,80000	4,54
25,81667	4,52
25,83333	4,53
25,85000	4,53
25,86667	4,52
25,88333	4,53
25,90000	4,53
25,91667	4,52
25,93333	4,53
25,95000	4,53
25,96667	4,52
25,98333	4,53
26,00000	4,53
26,01667	4,52
26,03333	4,53
26,05000	4,53
26,06667	4,52
26,08333	4,53
26,10000	4,53
26,11667	4,52
26,13333	4,53
26,15000	4,53
26,16667	4,52
26,18333	4,53
26,20000	4,53
26,21667	4,52
26,23333	4,53
26,25000	4,53
26,26667	4,52
26,28333	4,53
26,30000	4,53
26,31667	4,52
26,33333	4,53
26,35000	4,53
26,36667	4,52
26,38333	4,53
26,40000	4,53
26,41667	4,51
26,43333	4,53
26,45000	4,53
26,46667	4,53
26,48333	4,53
26,50000	4,52
26,51667	4,51
26,53333	4,53
26,55000	4,53
26,56667	4,51
26,58333	4,53
26,60000	4,52
26,61667	4,51
26,63333	4,52
26,65000	4,52
26,66667	4,51
26,68333	4,52
26,70000	4,52
26,71667	4,51
26,73333	4,52
26,75000	4,52
26,76667	4,51
26,78333	4,52
26,80000	4,52
26,81667	4,51
26,83333	4,52
26,85000	4,52
26,86667	4,52
26,88333	4,52
26,90000	4,52
26,91667	4,51
26,93333	4,52
26,95000	4,52
26,96667	4,51
26,98333	4,52
27,00000	4,52
27,01667	4,51
27,03333	4,52
27,05000	4,52
27,06667	4,51
27,08333	4,52
27,10000	4,52
27,11667	4,51
27,13333	4,52
27,15000	4,52
27,16667	4,51
27,18333	4,52
27,20000	4,52
27,21667	4,51
27,23333	4,52
27,25000	4,52
27,26667	4,51
27,28333	4,52
27,30000	4,52
27,31667	4,51
27,33333	4,52
27,35000	4,52
27,36667	4,51
27,38333	4,52
27,40000	4,52
27,41667	4,51
27,43333	4,52
27,45000	4,52
27,46667	4,51
27,48333	4,52
27,50000	4,52
27,51667	4,51
27,53333	4,52
27,55000	4,52
27,56667	4,50
27,58333	4,52
27,60000	4,52
27,61667	4,50
27,63333	4,52
27,65000	4,52
27,66667	4,50
27,68333	4,52
27,70000	4,51
27,71667	4,50
27,73333	4,51
27,75000	4,51
27,76667	4,50
27,78333	4,51
27,80000	4,51
27,81667	4,51
27,83333	4,51
27,85000	4,51
27,86667	4,50
27,88333	4,51
27,90000	4,51
27,91667	4,50
27,93333	4,51
27,95000	4,51
27,96667	4,50
27,98333	4,51
28,00000	4,51
28,01667	4,50
28,03333	4,51
28,05000	4,51
28,06667	4,50
28,08333	4,51
28,10000	4,51
28,11667	4,50
28,13333	4,51
28,15000	4,51
28,16667	4,50
28,18333	4,51
28,20000	4,51
28,21667	4,51
28,23333	4,51
28,25000	4,51
28,26667	4,50
28,28333	4,51
28,30000	4,51
28,31667	4,50
28,33333	4,51
28,35000	4,51
28,36667	4,50
28,38333	4,51
28,40000	4,51
28,41667	4,50
28,43333	4,51
28,45000	4,51
28,46667	4,50
28,48333	4,51
28,50000	4,51
28,51667	4,50
28,53333	4,51
28,55000	4,51
28,56667	4,50
28,58333	4,51
28,60000	4,51
28,61667	4,50
28,63333	4,51
28,65000	4,51
28,66667	4,49
28,68333	4,51
28,70000	4,51
28,71667	4,49
28,73333	4,51
28,75000	4,50
28,76667	4,49
28,78333	4,51
28,80000	4,51
28,81667	4,49
28,83333	4,50
28,85000	4,50
28,86667	4,49
28,88333	4,51
28,90000	4,50
28,91667	4,49
28,93333	4,50
28,95000	4,50
28,96667	4,49
28,98333	4,50
29,00000	4,50
29,01667	4,49
29,03333	4,50
29,05000	4,50
29,06667	4,49
29,08333	4,50
29,10000	4,50
29,11667	4,49
29,13333	4,50
29,15000	4,50
29,16667	4,50
29,18333	4,50
29,20000	4,50
29,21667	4,49
29,23333	4,50
29,25000	4,50
29,26667	4,49
29,28333	4,50
29,30000	4,50
29,31667	4,49
29,33333	4,50
29,35000	4,50
29,36667	4,49
29,38333	4,50
29,40000	4,50
29,41667	4,49
29,43333	4,50
29,45000	4,50
29,46667	4,49
29,48333	4,50
29,50000	4,50
29,51667	4,49
29,53333	4,50
29,55000	4,50
29,56667	4,50
29,58333	4,50
29,60000	4,50
29,61667	4,49
29,63333	4,50
29,65000	4,50
29,66667	4,49
29,68333	4,50
29,70000	4,50
29,71667	4,49
29,73333	4,50
29,75000	4,50
29,76667	4,49
29,78333	4,50
29,80000	4,50
29,81667	4,49
29,83333	4,50
29,85000	4,50
29,86667	4,49
29,88333	4,50
29,90000	4,50
29,91667	4,49
29,93333	4,50
29,95000	4,50
29,96667	4,48
29,98333	4,50
30,00000	4,50
30,01667	4,49
30,03333	4,50
30,05000	4,50
30,06667	4,48
30,08333	4,49
30,10000	4,50
30,11667	4,48
30,13333	4,49
30,15000	4,49
30,16667	4,48
30,18333	4,49
30,20000	4,49
30,21667	4,48
30,23333	4,49
30,25000	4,49
30,26667	4,48
30,28333	4,49
30,30000	4,49
30,31667	4,48
30,33333	4,49
30,35000	4,49
30,36667	4,48
30,38333	4,49
30,40000	4,49
30,41667	4,48
30,43333	4,49
30,45000	4,49
30,46667	4,48
30,48333	4,49
30,50000	4,49
30,51667	4,49
30,53333	4,49
30,55000	4,49
30,56667	4,48
30,58333	4,49
30,60000	4,49
30,61667	4,48
30,63333	4,49
30,65000	4,49
30,66667	4,48
30,68333	4,49
30,70000	4,49
30,71667	4,48
30,73333	4,49
30,75000	4,49
30,76667	4,48
30,78333	4,49
30,80000	4,49
30,81667	4,48
30,83333	4,49
30,85000	4,49
30,86667	4,48
30,88333	4,49
30,90000	4,49
30,91667	4,49
30,93333	4,49
30,95000	4,49
30,96667	4,48
30,98333	4,49
31,00000	4,49
31,01667	4,48
31,03333	4,49
31,05000	4,49
31,06667	4,48
31,08333	4,49
31,10000	4,49
31,11667	4,47
31,13333	4,49
31,15000	4,49
31,16667	4,47
31,18333	4,49
31,20000	4,49
31,21667	4,48
31,23333	4,49
31,25000	4,49
31,26667	4,47
31,28333	4,49
31,30000	4,49
31,31667	4,47
31,33333	4,49
31,35000	4,48
31,36667	4,47
31,38333	4,48
31,40000	4,48
31,41667	4,47
31,43333	4,48
31,45000	4,48
31,46667	4,47
31,48333	4,48
31,50000	4,48
31,51667	4,47
31,53333	4,48
31,55000	4,48
31,56667	4,47
31,58333	4,48
31,60000	4,48
31,61667	4,47
31,63333	4,48
31,65000	4,48
31,66667	4,47
31,68333	4,48
31,70000	4,48
31,71667	4,47
31,73333	4,48
31,75000	4,48
31,76667	4,47
31,78333	4,48
31,80000	4,48
31,81667	4,47
31,83333	4,48
31,85000	4,48
31,86667	4,48
31,88333	4,48
31,90000	4,48
31,91667	4,47
31,93333	4,48
31,95000	4,48
31,96667	4,47
31,98333	4,48
32,00000	4,48

[LC Status Trace(Oven Temp.)]
Interval(msec)	1000
# of Points	1921
Start Time(min)	0,000
End Time(min)	32,000
Intensity Units	C
Intensity Multiplier	1
R.Time (min)	Intensity
0,00000	50,00
0,01667	50,00
0,03333	50,00
0,05000	50,00
0,06667	50,00
0,08333	50,00
0,10000	50,00
0,11667	50,00
0,13333	50,00
0,15000	50,00
0,16667	50,00
0,18333	50,00
0,20000	50,00
0,21667	50,00
0,23333	50,00
0,25000	50,00
0,26667	50,00
0,28333	50,00
0,30000	50,00
0,31667	50,00
0,33333	50,00
0,35000	50,00
0,36667	50,00
0,38333	50,00
0,40000	50,00
0,41667	50,00
0,43333	50,00
0,45000	50,00
0,46667	50,00
0,48333	50,00
0,50000	50,00
0,51667	50,00
0,53333	50,00
0,55000	50,00
0,56667	50,00
0,58333	50,00
0,60000	50,00
0,61667	50,00
0,63333	50,00
0,65000	50,00
0,66667	50,00
0,68333	50,00
0,70000	50,00
0,71667	50,00
0,73333	50,00
0,75000	50,00
0,76667	50,00
0,78333	50,00
0,80000	50,00
0,81667	50,00
0,83333	50,00
0,85000	50,00
0,86667	50,00
0,88333	50,00
0,90000	50,00
0,91667	50,00
0,93333	50,00
0,95000	50,00
0,96667	50,00
0,98333	50,00
1,00000	50,00
1,01667	50,00
1,03333	50,00
1,05000	50,00
1,06667	50,00
1,08333	50,00
1,10000	50,00
1,11667	50,00
1,13333	50,00
1,15000	50,00
1,16667	50,00
1,18333	50,00
1,20000	49,99
1,21667	49,99
1,23333	49,99
1,25000	49,99
1,26667	49,99
1,28333	49,99
1,30000	49,99
1,31667	49,99
1,33333	49,99
1,35000	49,99
1,36667	49,99
1,38333	49,99
1,40000	49,99
1,41667	49,99
1,43333	49,99
1,45000	49,99
1,46667	49,99
1,48333	49,99
1,50000	49,99
1,51667	49,99
1,53333	49,99
1,55000	49,99
1,56667	49,99
1,58333	49,99
1,60000	49,99
1,61667	49,99
1,63333	49,99
1,65000	49,99
1,66667	49,99
1,68333	49,99
1,70000	49,99
1,71667	49,99
1,73333	49,99
1,75000	49,99
1,76667	49,99
1,78333	49,99
1,80000	49,99
1,81667	49,99
1,83333	49,99
1,85000	49,99
1,86667	49,99
1,88333	49,99
1,90000	49,99
1,91667	49,99
1,93333	49,99
1,95000	50,00
1,96667	50,00
1,98333	50,00
2,00000	50,00
2,01667	50,00
2,03333	50,00
2,05000	50,00
2,06667	50,00
2,08333	50,00
2,10000	50,00
2,11667	50,00
2,13333	50,00
2,15000	50,00
2,16667	50,00
2,18333	50,00
2,20000	50,00
2,21667	50,00
2,23333	50,00
2,25000	50,00
2,26667	50,00
2,28333	50,00
2,30000	50,00
2,31667	50,00
2,33333	50,00
2,35000	50,00
2,36667	50,00
2,38333	50,00
2,40000	50,00
2,41667	50,00
2,43333	50,00
2,45000	50,00
2,46667	50,00
2,48333	50,00
2,50000	50,00
2,51667	50,00
2,53333	50,00
2,55000	50,00
2,56667	50,00
2,58333	50,00
2,60000	50,00
2,61667	50,00
2,63333	50,00
2,65000	50,00
2,66667	50,00
2,68333	50,00
2,70000	50,00
2,71667	50,00
2,73333	49,99
2,75000	49,99
2,76667	49,99
2,78333	49,99
2,80000	49,99
2,81667	49,99
2,83333	49,99
2,85000	49,99
2,86667	49,99
2,88333	49,99
2,90000	49,99
2,91667	49,99
2,93333	49,99
2,95000	49,99
2,96667	49,99
2,98333	49,99
3,00000	49,99
3,01667	49,99
3,03333	50,00
3,05000	50,00
3,06667	50,00
3,08333	50,00
3,10000	50,00
3,11667	50,00
3,13333	50,00
3,15000	50,00
3,16667	50,00
3,18333	50,00
3,20000	50,00
3,21667	50,00
3,23333	50,00
3,25000	50,00
3,26667	50,00
3,28333	50,00
3,30000	50,00
3,31667	50,00
3,33333	50,00
3,35000	49,99
3,36667	49,99
3,38333	49,99
3,40000	49,99
3,41667	49,99
3,43333	49,99
3,45000	49,99
3,46667	49,99
3,48333	49,99
3,50000	49,99
3,51667	49,99
3,53333	49,99
3,55000	49,99
3,56667	49,99
3,58333	49,99
3,60000	49,99
3,61667	49,99
3,63333	49,99
3,65000	49,99
3,66667	49,99
3,68333	49,99
3,70000	49,99
3,71667	49,99
3,73333	49,99
3,75000	49,99
3,76667	49,99
3,78333	49,99
3,80000	49,99
3,81667	49,99
3,83333	49,99
3,85000	49,99
3,86667	49,99
3,88333	49,99
3,90000	49,99
3,91667	49,99
3,93333	49,99
3,95000	49,99
3,96667	49,99
3,98333	49,99
4,00000	49,99
4,01667	49,99
4,03333	49,99
4,05000	49,99
4,06667	49,99
4,08333	49,99
4,10000	49,99
4,11667	49,99
4,13333	49,99
4,15000	49,99
4,16667	50,00
4,18333	50,00
4,20000	50,00
4,21667	50,00
4,23333	50,00
4,25000	50,00
4,26667	50,00
4,28333	50,00
4,30000	50,00
4,31667	50,00
4,33333	50,00
4,35000	50,00
4,36667	50,00
4,38333	50,00
4,40000	50,00
4,41667	50,00
4,43333	50,00
4,45000	50,00
4,46667	50,00
4,48333	50,00
4,50000	50,00
4,51667	50,00
4,53333	50,00
4,55000	50,00
4,56667	50,00
4,58333	50,00
4,60000	50,00
4,61667	50,00
4,63333	50,00
4,65000	50,00
4,66667	50,00
4,68333	50,00
4,70000	50,00
4,71667	50,00
4,73333	50,00
4,75000	50,00
4,76667	50,00
4,78333	50,00
4,80000	50,00
4,81667	50,00
4,83333	50,00
4,85000	50,00
4,86667	50,00
4,88333	50,00
4,90000	50,00
4,91667	50,00
4,93333	50,00
4,95000	50,00
4,96667	50,00
4,98333	50,00
5,00000	50,00
5,01667	50,00
5,03333	50,00
5,05000	50,00
5,06667	50,00
5,08333	50,00
5,10000	50,00
5,11667	50,00
5,13333	50,00
5,15000	50,00
5,16667	50,00
5,18333	50,00
5,20000	50,00
5,21667	50,00
5,23333	50,00
5,25000	50,00
5,26667	50,00
5,28333	50,00
5,30000	49,99
5,31667	49,99
5,33333	49,99
5,35000	49,99
5,36667	49,99
5,38333	49,99
5,40000	49,99
5,41667	49,99
5,43333	49,99
5,45000	49,99
5,46667	49,99
5,48333	49,99
5,50000	49,99
5,51667	49,99
5,53333	49,99
5,55000	49,99
5,56667	49,99
5,58333	49,99
5,60000	49,99
5,61667	49,99
5,63333	49,99
5,65000	49,99
5,66667	49,99
5,68333	49,99
5,70000	49,99
5,71667	49,99
5,73333	49,99
5,75000	49,99
5,76667	49,99
5,78333	49,99
5,80000	49,99
5,81667	49,99
5,83333	49,99
5,85000	49,99
5,86667	49,99
5,88333	49,99
5,90000	49,99
5,91667	49,99
5,93333	50,00
5,95000	50,00
5,96667	50,00
5,98333	50,00
6,00000	50,00
6,01667	50,00
6,03333	50,00
6,05000	50,00
6,06667	50,00
6,08333	50,00
6,10000	50,00
6,11667	50,00
6,13333	50,00
6,15000	50,00
6,16667	50,00
6,18333	50,00
6,20000	50,00
6,21667	50,00
6,23333	50,00
6,25000	50,00
6,26667	50,00
6,28333	50,00
6,30000	50,00
6,31667	50,00
6,33333	50,00
6,35000	50,00
6,36667	50,00
6,38333	50,00
6,40000	50,00
6,41667	50,00
6,43333	50,00
6,45000	50,00
6,46667	50,00
6,48333	50,00
6,50000	50,00
6,51667	50,00
6,53333	50,00
6,55000	50,00
6,56667	50,00
6,58333	50,00
6,60000	50,00
6,61667	50,00
6,63333	50,00
6,65000	49,99
6,66667	49,99
6,68333	49,99
6,70000	49,99
6,71667	49,99
6,73333	49,99
6,75000	49,99
6,76667	49,99
6,78333	49,99
6,80000	49,99
6,81667	49,99
6,83333	49,99
6,85000	49,99
6,86667	49,99
6,88333	49,99
6,90000	49,99
6,91667	49,99
6,93333	49,99
6,95000	49,99
6,96667	49,99
6,98333	49,99
7,00000	49,99
7,01667	49,99
7,03333	49,99
7,05000	49,99
7,06667	49,99
7,08333	49,99
7,10000	49,99
7,11667	49,99
7,13333	49,99
7,15000	49,99
7,16667	49,99
7,18333	49,99
7,20000	50,00
7,21667	50,00
7,23333	50,00
7,25000	50,00
7,26667	50,00
7,28333	50,00
7,30000	50,00
7,31667	50,00
7,33333	50,00
7,35000	50,00
7,36667	50,00
7,38333	50,00
7,40000	50,00
7,41667	50,00
7,43333	50,00
7,45000	50,00
7,46667	50,00
7,48333	50,00
7,50000	50,00
7,51667	50,00
7,53333	50,00
7,55000	50,00
7,56667	50,00
7,58333	50,00
7,60000	50,00
7,61667	50,00
7,63333	50,00
7,65000	50,00
7,66667	50,00
7,68333	50,00
7,70000	50,00
7,71667	50,00
7,73333	50,00
7,75000	50,00
7,76667	50,00
7,78333	50,00
7,80000	50,00
7,81667	50,00
7,83333	50,00
7,85000	50,00
7,86667	50,00
7,88333	50,00
7,90000	50,00
7,91667	50,00
7,93333	50,00
7,95000	50,00
7,96667	50,00
7,98333	50,00
8,00000	50,00
8,01667	50,00
8,03333	50,00
8,05000	50,00
8,06667	50,00
8,08333	50,00
8,10000	50,00
8,11667	50,00
8,13333	50,00
8,15000	50,00
8,16667	50,00
8,18333	50,00
8,20000	50,00
8,21667	50,00
8,23333	50,00
8,25000	50,00
8,26667	50,00
8,28333	50,00
8,30000	50,00
8,31667	50,00
8,33333	50,00
8,35000	49,99
8,36667	49,99
8,38333	49,99
8,40000	49,99
8,41667	49,99
8,43333	49,99
8,45000	49,99
8,46667	49,99
8,48333	49,99
8,50000	49,99
8,51667	49,99
8,53333	49,99
8,55000	49,99
8,56667	49,99
8,58333	49,99
8,60000	49,99
8,61667	49,99
8,63333	49,99
8,65000	49,99
8,66667	49,99
8,68333	49,99
8,70000	49,99
8,71667	49,99
8,73333	49,99
8,75000	49,99
8,76667	49,99
8,78333	49,99
8,80000	49,99
8,81667	49,99
8,83333	49,99
8,85000	49,99
8,86667	49,99
8,88333	49,99
8,90000	49,99
8,91667	49,99
8,93333	49,99
8,95000	49,99
8,96667	49,99
8,98333	49,99
9,00000	49,99
9,01667	49,99
9,03333	50,00
9,05000	50,00
9,06667	50,00
9,08333	50,00
9,10000	50,00
9,11667	50,00
9,13333	50,00
9,15000	50,00
9,16667	50,00
9,18333	50,00
9,20000	50,00
9,21667	50,00
9,23333	50,00
9,25000	50,00
9,26667	50,00
9,28333	50,00
9,30000	50,00
9,31667	50,00
9,33333	50,00
9,35000	50,00
9,36667	50,00
9,38333	50,00
9,40000	50,00
9,41667	50,00
9,43333	50,00
9,45000	50,00
9,46667	50,00
9,48333	50,00
9,50000	50,00
9,51667	50,00
9,53333	50,00
9,55000	50,00
9,56667	50,00
9,58333	50,00
9,60000	50,00
9,61667	50,00
9,63333	50,00
9,65000	50,00
9,66667	50,00
9,68333	50,00
9,70000	49,99
9,71667	49,99
9,73333	49,99
9,75000	49,99
9,76667	49,99
9,78333	49,99
9,80000	49,99
9,81667	49,99
9,83333	49,99
9,85000	49,99
9,86667	49,99
9,88333	49,99
9,90000	49,99
9,91667	49,99
9,93333	49,99
9,95000	49,99
9,96667	49,99
9,98333	49,99
10,00000	49,99
10,01667	49,99
10,03333	49,99
10,05000	49,99
10,06667	49,99
10,08333	49,99
10,10000	49,99
10,11667	49,99
10,13333	49,99
10,15000	49,99
10,16667	49,99
10,18333	49,99
10,20000	49,99
10,21667	49,99
10,23333	49,99
10,25000	49,99
10,26667	49,99
10,28333	49,99
10,30000	49,99
10,31667	49,99
10,33333	49,99
10,35000	49,99
10,36667	49,99
10,38333	49,99
10,40000	49,99
10,41667	49,99
10,43333	49,99
10,45000	49,99
10,46667	49,99
10,48333	49,99
10,50000	49,99
10,51667	49,99
10,53333	49,99
10,55000	49,99
10,56667	49,99
10,58333	49,99
10,60000	50,00
10,61667	50,00
10,63333	50,00
10,65000	50,00
10,66667	50,00
10,68333	50,00
10,70000	50,00
10,71667	50,00
10,73333	50,00
10,75000	50,00
10,76667	50,00
10,78333	50,00
10,80000	50,00
10,81667	50,00
10,83333	50,00
10,85000	50,00
10,86667	50,00
10,88333	50,00
10,90000	50,00
10,91667	50,00
10,93333	50,00
10,95000	50,00
10,96667	50,00
10,98333	50,00
11,00000	50,00
11,01667	50,00
11,03333	50,00
11,05000	50,00
11,06667	50,00
11,08333	50,00
11,10000	50,00
11,11667	50,00
11,13333	50,00
11,15000	50,00
11,16667	50,00
11,18333	50,00
11,20000	50,00
11,21667	50,00
11,23333	50,00
11,25000	50,00
11,26667	50,00
11,28333	50,00
11,30000	50,00
11,31667	50,00
11,33333	50,00
11,35000	50,00
11,36667	50,00
11,38333	50,00
11,40000	50,00
11,41667	50,00
11,43333	50,00
11,45000	50,00
11,46667	50,00
11,48333	50,00
11,50000	50,00
11,51667	50,00
11,53333	50,00
11,55000	50,00
11,56667	50,00
11,58333	50,00
11,60000	50,00
11,61667	50,00
11,63333	50,00
11,65000	50,00
11,66667	50,00
11,68333	49,99
11,70000	49,99
11,71667	49,99
11,73333	49,99
11,75000	49,99
11,76667	49,99
11,78333	49,99
11,80000	49,99
11,81667	49,99
11,83333	49,99
11,85000	49,99
11,86667	49,99
11,88333	49,99
11,90000	49,99
11,91667	49,99
11,93333	49,99
11,95000	49,99
11,96667	49,99
11,98333	49,99
12,00000	49,99
12,01667	49,99
12,03333	49,99
12,05000	49,99
12,06667	49,99
12,08333	49,99
12,10000	49,99
12,11667	49,99
12,13333	49,99
12,15000	49,99
12,16667	49,99
12,18333	49,99
12,20000	49,99
12,21667	49,99
12,23333	49,99
12,25000	49,99
12,26667	49,99
12,28333	49,99
12,30000	49,99
12,31667	49,99
12,33333	49,99
12,35000	49,99
12,36667	49,99
12,38333	49,99
12,40000	49,99
12,41667	49,99
12,43333	49,99
12,45000	49,99
12,46667	49,99
12,48333	49,99
12,50000	49,99
12,51667	49,99
12,53333	49,99
12,55000	49,99
12,56667	49,99
12,58333	49,99
12,60000	49,99
12,61667	49,99
12,63333	49,99
12,65000	49,99
12,66667	49,99
12,68333	49,99
12,70000	49,99
12,71667	50,00
12,73333	50,00
12,75000	50,00
12,76667	50,00
12,78333	50,00
12,80000	50,00
12,81667	50,00
12,83333	50,00
12,85000	50,00
12,86667	50,00
12,88333	50,00
12,90000	50,00
12,91667	50,00
12,93333	50,00
12,95000	50,00
12,96667	50,00
12,98333	50,00
13,00000	50,00
13,01667	50,00
13,03333	50,00
13,05000	50,00
13,06667	50,00
13,08333	50,00
13,10000	50,00
13,11667	50,00
13,13333	50,00
13,15000	50,00
13,16667	50,00
13,18333	50,00
13,20000	50,00
13,21667	50,00
13,23333	50,00
13,25000	50,00
13,26667	50,00
13,28333	50,00
13,30000	50,00
13,31667	50,00
13,33333	50,00
13,35000	50,00
13,36667	50,00
13,38333	50,00
13,40000	50,00
13,41667	50,00
13,43333	50,00
13,45000	50,00
13,46667	50,00
13,48333	50,00
13,50000	50,00
13,51667	50,00
13,53333	50,00
13,55000	50,00
13,56667	50,00
13,58333	50,00
13,60000	50,00
13,61667	50,00
13,63333	50,00
13,65000	50,00
13,66667	50,00
13,68333	50,00
13,70000	50,00
13,71667	50,00
13,73333	50,00
13,75000	50,00
13,76667	50,00
13,78333	50,00
13,80000	50,00
13,81667	50,00
13,83333	50,00
13,85000	50,00
13,86667	50,00
13,88333	50,00
13,90000	50,00
13,91667	50,00
13,93333	50,00
13,95000	50,00
13,96667	50,00
13,98333	50,00
14,00000	50,00
14,01667	50,00
14,03333	50,00
14,05000	50,00
14,06667	50,00
14,08333	50,00
14,10000	50,00
14,11667	50,00
14,13333	50,00
14,15000	50,00
14,16667	50,00
14,18333	50,00
14,20000	49,99
14,21667	49,99
14,23333	49,99
14,25000	49,99
14,26667	49,99
14,28333	49,99
14,30000	49,99
14,31667	49,99
14,33333	49,99
14,35000	49,99
14,36667	49,99
14,38333	49,99
14,40000	49,99
14,41667	49,99
14,43333	49,99
14,45000	49,99
14,46667	49,99
14,48333	49,99
14,50000	49,99
14,51667	49,99
14,53333	49,99
14,55000	49,99
14,56667	49,99
14,58333	49,99
14,60000	49,99
14,61667	49,99
14,63333	49,99
14,65000	49,99
14,66667	49,99
14,68333	49,99
14,70000	49,99
14,71667	49,99
14,73333	49,99
14,75000	49,99
14,76667	49,99
14,78333	49,99
14,80000	49,99
14,81667	49,99
14,83333	49,99
14,85000	49,99
14,86667	49,99
14,88333	49,99
14,90000	49,99
14,91667	49,99
14,93333	49,99
14,95000	49,99
14,96667	49,99
14,98333	49,99
15,00000	49,99
15,01667	49,99
15,03333	49,99
15,05000	49,99
15,06667	49,99
15,08333	49,99
15,10000	49,99
15,11667	49,99
15,13333	49,99
15,15000	49,99
15,16667	49,99
15,18333	49,99
15,20000	49,99
15,21667	49,99
15,23333	50,00
15,25000	50,00
15,26667	50,00
15,28333	50,00
15,30000	50,00
15,31667	50,00
15,33333	50,00
15,35000	50,00
15,36667	50,00
15,38333	50,00
15,40000	50,00
15,41667	50,00
15,43333	50,00
15,45000	50,00
15,46667	50,00
15,48333	50,00
15,50000	50,00
15,51667	50,00
15,53333	50,00
15,55000	50,00
15,56667	50,00
15,58333	50,00
15,60000	50,00
15,61667	50,00
15,63333	50,00
15,65000	50,00
15,66667	50,00
15,68333	50,00
15,70000	50,00
15,71667	50,00
15,73333	50,00
15,75000	50,00
15,76667	50,00
15,78333	50,00
15,80000	50,00
15,81667	50,00
15,83333	50,00
15,85000	50,00
15,86667	49,99
15,88333	49,99
15,90000	49,99
15,91667	49,99
15,93333	49,99
15,95000	49,99
15,96667	49,99
15,98333	49,99
16,00000	49,99
16,01667	49,99
16,03333	49,99
16,05000	49,99
16,06667	49,99
16,08333	49,99
16,10000	49,99
16,11667	49,99
16,13333	49,99
16,15000	49,99
16,16667	49,99
16,18333	49,99
16,20000	49,99
16,21667	50,00
16,23333	50,00
16,25000	50,00
16,26667	50,00
16,28333	50,00
16,30000	50,00
16,31667	50,00
16,33333	50,00
16,35000	50,00
16,36667	50,00
16,38333	50,00
16,40000	50,00
16,41667	50,00
16,43333	50,00
16,45000	50,00
16,46667	50,00
16,48333	50,00
16,50000	50,00
16,51667	50,00
16,53333	50,00
16,55000	50,00
16,56667	50,00
16,58333	50,00
16,60000	50,00
16,61667	50,00
16,63333	50,00
16,65000	50,00
16,66667	50,00
16,68333	50,00
16,70000	50,00
16,71667	50,00
16,73333	50,00
16,75000	50,00
16,76667	50,00
16,78333	50,00
16,80000	50,00
16,81667	50,00
16,83333	50,00
16,85000	50,00
16,86667	50,00
16,88333	50,00
16,90000	50,00
16,91667	50,00
16,93333	50,00
16,95000	50,00
16,96667	50,00
16,98333	50,00
17,00000	50,00
17,01667	49,99
17,03333	49,99
17,05000	49,99
17,06667	49,99
17,08333	49,99
17,10000	49,99
17,11667	49,99
17,13333	49,99
17,15000	49,99
17,16667	49,99
17,18333	49,99
17,20000	49,99
17,21667	49,99
17,23333	49,99
17,25000	49,99
17,26667	49,99
17,28333	49,99
17,30000	49,99
17,31667	49,99
17,33333	49,99
17,35000	49,99
17,36667	49,99
17,38333	49,99
17,40000	49,99
17,41667	49,99
17,43333	49,99
17,45000	49,99
17,46667	49,99
17,48333	49,99
17,50000	49,99
17,51667	49,99
17,53333	49,99
17,55000	49,99
17,56667	49,99
17,58333	49,99
17,60000	49,99
17,61667	49,99
17,63333	49,99
17,65000	49,99
17,66667	49,99
17,68333	49,99
17,70000	49,99
17,71667	50,00
17,73333	50,00
17,75000	50,00
17,76667	50,00
17,78333	50,00
17,80000	50,00
17,81667	50,00
17,83333	50,00
17,85000	50,00
17,86667	50,00
17,88333	50,00
17,90000	50,00
17,91667	50,00
17,93333	50,00
17,95000	50,00
17,96667	50,00
17,98333	50,00
18,00000	50,00
18,01667	50,00
18,03333	50,00
18,05000	50,00
18,06667	50,00
18,08333	50,00
18,10000	50,00
18,11667	50,00
18,13333	50,00
18,15000	50,00
18,16667	50,00
18,18333	50,00
18,20000	50,00
18,21667	50,00
18,23333	50,00
18,25000	50,00
18,26667	50,00
18,28333	50,00
18,30000	50,00
18,31667	50,00
18,33333	50,00
18,35000	50,00
18,36667	50,00
18,38333	50,00
18,40000	50,00
18,41667	50,00
18,43333	50,00
18,45000	50,00
18,46667	50,00
18,48333	50,00
18,50000	50,00
18,51667	50,00
18,53333	50,00
18,55000	50,00
18,56667	50,00
18,58333	50,00
18,60000	50,00
18,61667	50,00
18,63333	50,00
18,65000	50,00
18,66667	50,00
18,68333	50,00
18,70000	50,00
18,71667	50,00
18,73333	50,00
18,75000	50,00
18,76667	50,00
18,78333	50,00
18,80000	50,00
18,81667	50,00
18,83333	50,00
18,85000	50,00
18,86667	50,00
18,88333	50,00
18,90000	50,00
18,91667	50,00
18,93333	50,00
18,95000	50,00
18,96667	50,00
18,98333	50,00
19,00000	50,00
19,01667	50,00
19,03333	50,00
19,05000	50,00
19,06667	50,00
19,08333	50,00
19,10000	50,00
19,11667	50,00
19,13333	50,00
19,15000	50,00
19,16667	50,00
19,18333	50,00
19,20000	50,00
19,21667	50,00
19,23333	50,00
19,25000	50,00
19,26667	50,00
19,28333	50,00
19,30000	50,00
19,31667	50,00
19,33333	50,00
19,35000	50,00
19,36667	50,00
19,38333	50,00
19,40000	50,00
19,41667	50,00
19,43333	50,00
19,45000	50,00
19,46667	50,00
19,48333	50,00
19,50000	49,99
19,51667	49,99
19,53333	49,99
19,55000	49,99
19,56667	49,99
19,58333	49,99
19,60000	49,99
19,61667	49,99
19,63333	49,99
19,65000	49,99
19,66667	49,99
19,68333	49,99
19,70000	49,99
19,71667	49,99
19,73333	49,99
19,75000	49,99
19,76667	49,99
19,78333	49,99
19,80000	49,99
19,81667	49,99
19,83333	49,99
19,85000	49,99
19,86667	49,99
19,88333	49,99
19,90000	49,99
19,91667	49,99
19,93333	49,99
19,95000	49,99
19,96667	49,99
19,98333	49,99
20,00000	49,99
20,01667	49,99
20,03333	49,99
20,05000	49,99
20,06667	49,99
20,08333	49,99
20,10000	49,99
20,11667	49,99
20,13333	49,99
20,15000	49,99
20,16667	49,99
20,18333	49,99
20,20000	49,99
20,21667	49,99
20,23333	49,99
20,25000	49,99
20,26667	49,99
20,28333	49,99
20,30000	49,99
20,31667	49,99
20,33333	49,99
20,35000	49,99
20,36667	49,99
20,38333	49,99
20,40000	49,99
20,41667	49,99
20,43333	49,99
20,45000	49,99
20,46667	49,99
20,48333	49,99
20,50000	49,99
20,51667	49,99
20,53333	49,99
20,55000	49,99
20,56667	49,99
20,58333	49,99
20,60000	49,99
20,61667	49,99
20,63333	49,99
20,65000	49,99
20,66667	49,99
20,68333	49,99
20,70000	49,99
20,71667	49,99
20,73333	49,99
20,75000	49,99
20,76667	49,99
20,78333	49,99
20,80000	49,99
20,81667	49,99
20,83333	49,99
20,85000	49,99
20,86667	49,99
20,88333	49,99
20,90000	49,99
20,91667	49,99
20,93333	50,00
20,95000	50,00
20,96667	50,00
20,98333	50,00
21,00000	50,00
21,01667	50,00
21,03333	50,00
21,05000	50,00
21,06667	50,00
21,08333	50,00
21,10000	50,00
21,11667	50,00
21,13333	50,00
21,15000	50,00
21,16667	50,00
21,18333	50,00
21,20000	50,00
21,21667	50,00
21,23333	50,00
21,25000	50,00
21,26667	50,00
21,28333	50,00
21,30000	50,00
21,31667	50,00
21,33333	50,00
21,35000	50,00
21,36667	50,00
21,38333	50,00
21,40000	50,00
21,41667	50,00
21,43333	50,00
21,45000	50,00
21,46667	50,00
21,48333	50,00
21,50000	50,00
21,51667	50,00
21,53333	50,00
21,55000	50,00
21,56667	50,00
21,58333	50,00
21,60000	50,00
21,61667	50,00
21,63333	50,00
21,65000	50,00
21,66667	50,00
21,68333	50,00
21,70000	50,00
21,71667	50,00
21,73333	50,00
21,75000	50,00
21,76667	50,00
21,78333	50,00
21,80000	50,00
21,81667	50,00
21,83333	50,00
21,85000	50,00
21,86667	50,00
21,88333	50,00
21,90000	50,00
21,91667	50,00
21,93333	50,00
21,95000	50,00
21,96667	50,00
21,98333	50,00
22,00000	50,00
22,01667	50,00
22,03333	50,00
22,05000	50,00
22,06667	50,00
22,08333	50,00
22,10000	50,00
22,11667	50,00
22,13333	50,00
22,15000	50,00
22,16667	50,00
22,18333	50,00
22,20000	50,00
22,21667	50,00
22,23333	50,00
22,25000	50,00
22,26667	50,00
22,28333	50,00
22,30000	50,00
22,31667	50,00
22,33333	50,00
22,35000	50,00
22,36667	50,00
22,38333	50,00
22,40000	50,00
22,41667	50,00
22,43333	50,00
22,45000	50,00
22,46667	50,00
22,48333	50,00
22,50000	50,00
22,51667	50,00
22,53333	50,00
22,55000	50,00
22,56667	50,00
22,58333	50,00
22,60000	50,00
22,61667	50,00
22,63333	50,00
22,65000	50,00
22,66667	50,00
22,68333	50,00
22,70000	50,00
22,71667	50,00
22,73333	50,00
22,75000	50,00
22,76667	50,00
22,78333	50,00
22,80000	50,00
22,81667	50,00
22,83333	50,00
22,85000	50,00
22,86667	50,00
22,88333	50,00
22,90000	50,00
22,91667	50,00
22,93333	50,00
22,95000	50,00
22,96667	50,00
22,98333	49,99
23,00000	49,99
23,01667	49,99
23,03333	49,99
23,05000	49,99
23,06667	49,99
23,08333	49,99
23,10000	49,99
23,11667	49,99
23,13333	49,99
23,15000	49,99
23,16667	49,99
23,18333	49,99
23,20000	49,99
23,21667	49,99
23,23333	49,99
23,25000	49,99
23,26667	49,99
23,28333	49,99
23,30000	49,99
23,31667	49,99
23,33333	49,99
23,35000	49,99
23,36667	49,99
23,38333	49,99
23,40000	49,99
23,41667	50,00
23,43333	50,00
23,45000	50,00
23,46667	50,00
23,48333	50,00
23,50000	50,00
23,51667	50,00
23,53333	50,00
23,55000	50,00
23,56667	50,00
23,58333	50,00
23,60000	50,00
23,61667	50,00
23,63333	50,00
23,65000	50,00
23,66667	50,00
23,68333	50,00
23,70000	50,00
23,71667	50,00
23,73333	50,00
23,75000	50,00
23,76667	50,00
23,78333	50,00
23,80000	50,00
23,81667	50,00
23,83333	50,00
23,85000	50,00
23,86667	50,00
23,88333	50,00
23,90000	50,00
23,91667	50,00
23,93333	50,00
23,95000	50,00
23,96667	50,00
23,98333	50,00
24,00000	50,00
24,01667	50,00
24,03333	50,00
24,05000	50,00
24,06667	49,99
24,08333	49,99
24,10000	49,99
24,11667	49,99
24,13333	49,99
24,15000	49,99
24,16667	49,99
24,18333	50,00
24,20000	50,00
24,21667	50,00
24,23333	50,00
24,25000	50,00
24,26667	50,00
24,28333	50,00
24,30000	50,00
24,31667	50,00
24,33333	50,00
24,35000	50,00
24,36667	50,00
24,38333	50,00
24,40000	50,00
24,41667	50,00
24,43333	50,00
24,45000	50,00
24,46667	49,99
24,48333	49,99
24,50000	49,99
24,51667	49,99
24,53333	49,99
24,55000	49,99
24,56667	49,99
24,58333	49,99
24,60000	49,99
24,61667	49,99
24,63333	49,99
24,65000	49,99
24,66667	49,99
24,68333	49,99
24,70000	49,99
24,71667	49,99
24,73333	49,99
24,75000	49,99
24,76667	49,99
24,78333	49,99
24,80000	49,99
24,81667	49,99
24,83333	49,99
24,85000	49,99
24,86667	49,99
24,88333	49,99
24,90000	49,99
24,91667	49,99
24,93333	49,99
24,95000	49,99
24,96667	49,99
24,98333	49,99
25,00000	49,99
25,01667	49,99
25,03333	49,99
25,05000	49,99
25,06667	49,99
25,08333	49,99
25,10000	49,99
25,11667	49,99
25,13333	49,99
25,15000	49,99
25,16667	49,99
25,18333	49,99
25,20000	49,99
25,21667	49,99
25,23333	49,99
25,25000	49,99
25,26667	49,99
25,28333	49,99
25,30000	49,99
25,31667	49,99
25,33333	49,99
25,35000	49,99
25,36667	49,99
25,38333	49,99
25,40000	49,99
25,41667	49,99
25,43333	49,99
25,45000	49,99
25,46667	49,99
25,48333	49,99
25,50000	50,00
25,51667	50,00
25,53333	50,00
25,55000	50,00
25,56667	50,00
25,58333	50,00
25,60000	50,00
25,61667	50,00
25,63333	50,00
25,65000	50,00
25,66667	50,00
25,68333	50,00
25,70000	50,00
25,71667	50,00
25,73333	50,00
25,75000	50,00
25,76667	50,00
25,78333	50,00
25,80000	50,00
25,81667	50,00
25,83333	50,00
25,85000	50,00
25,86667	50,00
25,88333	50,00
25,90000	49,99
25,91667	49,99
25,93333	49,99
25,95000	49,99
25,96667	49,99
25,98333	49,99
26,00000	49,99
26,01667	49,99
26,03333	49,99
26,05000	49,99
26,06667	49,99
26,08333	49,99
26,10000	49,99
26,11667	49,99
26,13333	49,99
26,15000	49,99
26,16667	49,99
26,18333	49,99
26,20000	49,99
26,21667	49,99
26,23333	49,99
26,25000	49,99
26,26667	49,99
26,28333	49,99
26,30000	49,99
26,31667	49,99
26,33333	49,99
26,35000	49,99
26,36667	49,99
26,38333	49,99
26,40000	49,99
26,41667	49,99
26,43333	49,99
26,45000	49,99
26,46667	49,99
26,48333	49,99
26,50000	49,99
26,51667	49,99
26,53333	49,99
26,55000	49,99
26,56667	49,99
26,58333	49,99
26,60000	49,99
26,61667	50,00
26,63333	50,00
26,65000	50,00
26,66667	50,00
26,68333	50,00
26,70000	50,00
26,71667	50,00
26,73333	50,00
26,75000	50,00
26,76667	50,00
26,78333	50,00
26,80000	50,00
26,81667	50,00
26,83333	50,00
26,85000	50,00
26,86667	50,00
26,88333	50,00
26,90000	50,00
26,91667	50,00
26,93333	50,00
26,95000	50,00
26,96667	50,00
26,98333	50,00
27,00000	50,00
27,01667	50,00
27,03333	50,00
27,05000	50,00
27,06667	50,00
27,08333	50,00
27,10000	50,00
27,11667	49,99
27,13333	49,99
27,15000	49,99
27,16667	49,99
27,18333	49,99
27,20000	49,99
27,21667	49,99
27,23333	49,99
27,25000	49,99
27,26667	49,99
27,28333	49,99
27,30000	49,99
27,31667	49,99
27,33333	49,99
27,35000	49,99
27,36667	49,99
27,38333	49,99
27,40000	49,99
27,41667	49,99
27,43333	49,99
27,45000	49,99
27,46667	49,99
27,48333	49,99
27,50000	49,99
27,51667	49,99
27,53333	49,99
27,55000	49,99
27,56667	49,99
27,58333	49,99
27,60000	49,99
27,61667	49,99
27,63333	49,99
27,65000	49,99
27,66667	49,99
27,68333	49,99
27,70000	49,99
27,71667	49,99
27,73333	49,99
27,75000	49,99
27,76667	49,99
27,78333	49,99
27,80000	49,99
27,81667	49,99
27,83333	49,99
27,85000	49,99
27,86667	49,99
27,88333	49,99
27,90000	49,99
27,91667	49,99
27,93333	49,99
27,95000	49,99
27,96667	49,99
27,98333	49,99
28,00000	49,99
28,01667	49,99
28,03333	49,99
28,05000	49,99
28,06667	49,99
28,08333	49,99
28,10000	49,99
28,11667	49,99
28,13333	49,99
28,15000	49,99
28,16667	49,99
28,18333	49,99
28,20000	49,99
28,21667	49,99
28,23333	49,99
28,25000	49,99
28,26667	49,99
28,28333	49,99
28,30000	49,99
28,31667	49,99
28,33333	49,99
28,35000	49,99
28,36667	49,99
28,38333	49,99
28,40000	49,99
28,41667	49,99
28,43333	49,99
28,45000	49,99
28,46667	49,99
28,48333	49,99
28,50000	49,99
28,51667	49,99
28,53333	49,99
28,55000	49,99
28,56667	49,99
28,58333	49,99
28,60000	49,99
28,61667	49,99
28,63333	49,99
28,65000	49,99
28,66667	49,99
28,68333	49,99
28,70000	49,99
28,71667	49,99
28,73333	49,99
28,75000	49,99
28,76667	49,99
28,78333	49,99
28,80000	49,99
28,81667	49,99
28,83333	49,99
28,85000	49,99
28,86667	49,99
28,88333	49,99
28,90000	49,99
28,91667	49,99
28,93333	49,99
28,95000	49,99
28,96667	49,99
28,98333	49,99
29,00000	49,99
29,01667	49,99
29,03333	49,99
29,05000	49,99
29,06667	49,99
29,08333	49,99
29,10000	49,99
29,11667	49,99
29,13333	49,99
29,15000	49,99
29,16667	49,99
29,18333	49,99
29,20000	49,99
29,21667	49,99
29,23333	49,99
29,25000	49,99
29,26667	49,99
29,28333	49,99
29,30000	49,99
29,31667	49,99
29,33333	49,99
29,35000	49,99
29,36667	49,99
29,38333	49,99
29,40000	49,99
29,41667	49,99
29,43333	49,99
29,45000	49,99
29,46667	49,99
29,48333	49,99
29,50000	49,99
29,51667	49,99
29,53333	49,99
29,55000	49,99
29,56667	49,99
29,58333	49,99
29,60000	49,99
29,61667	49,99
29,63333	49,99
29,65000	49,99
29,66667	49,99
29,68333	49,99
29,70000	49,99
29,71667	49,99
29,73333	49,99
29,75000	49,99
29,76667	49,99
29,78333	49,99
29,80000	49,99
29,81667	49,99
29,83333	49,99
29,85000	49,99
29,86667	49,99
29,88333	49,99
29,90000	49,99
29,91667	49,99
29,93333	49,99
29,95000	49,99
29,96667	49,99
29,98333	49,99
30,00000	50,00
30,01667	50,00
30,03333	50,00
30,05000	50,00
30,06667	50,00
30,08333	50,00
30,10000	50,00
30,11667	50,00
30,13333	50,00
30,15000	50,00
30,16667	50,00
30,18333	50,00
30,20000	50,00
30,21667	50,00
30,23333	50,00
30,25000	50,00
30,26667	50,00
30,28333	50,00
30,30000	50,00
30,31667	50,00
30,33333	50,00
30,35000	50,00
30,36667	50,00
30,38333	50,00
30,40000	50,00
30,41667	50,00
30,43333	50,00
30,45000	50,00
30,46667	50,00
30,48333	50,00
30,50000	50,00
30,51667	50,00
30,53333	50,00
30,55000	50,00
30,56667	50,00
30,58333	50,00
30,60000	50,00
30,61667	50,00
30,63333	50,00
30,65000	50,00
30,66667	50,00
30,68333	50,00
30,70000	50,00
30,71667	50,00
30,73333	50,00
30,75000	50,00
30,76667	50,00
30,78333	50,00
30,80000	50,00
30,81667	50,00
30,83333	50,00
30,85000	50,00
30,86667	50,00
30,88333	50,00
30,90000	50,00
30,91667	50,00
30,93333	50,00
30,95000	50,00
30,96667	50,00
30,98333	50,00
31,00000	50,00
31,01667	50,00
31,03333	50,00
31,05000	50,00
31,06667	50,00
31,08333	50,00
31,10000	50,00
31,11667	50,00
31,13333	50,00
31,15000	50,00
31,16667	50,00
31,18333	50,00
31,20000	50,00
31,21667	49,99
31,23333	49,99
31,25000	49,99
31,26667	49,99
31,28333	49,99
31,30000	49,99
31,31667	49,99
31,33333	49,99
31,35000	49,99
31,36667	49,99
31,38333	49,99
31,40000	49,99
31,41667	49,99
31,43333	49,99
31,45000	49,99
31,46667	49,99
31,48333	49,99
31,50000	49,99
31,51667	49,99
31,53333	49,99
31,55000	49,99
31,56667	49,99
31,58333	49,99
31,60000	49,99
31,61667	49,99
31,63333	49,99
31,65000	49,99
31,66667	49,99
31,68333	49,99
31,70000	49,99
31,71667	49,99
31,73333	49,99
31,75000	49,99
31,76667	49,99
31,78333	49,99
31,80000	49,99
31,81667	49,99
31,83333	49,99
31,85000	49,99
31,86667	49,99
31,88333	49,99
31,90000	49,99
31,91667	49,99
31,93333	50,00
31,95000	50,00
31,96667	50,00
31,98333	50,00
32,00000	50,00

[LC Status Trace(Room Temp.)]
Interval(msec)	1000
# of Points	1921
Start Time(min)	0,000
End Time(min)	32,000
Intensity Units	C
Intensity Multiplier	1
R.Time (min)	Intensity
0,00000	31,89
0,01667	31,89
0,03333	31,89
0,05000	31,89
0,06667	31,88
0,08333	31,88
0,10000	31,88
0,11667	31,88
0,13333	31,88
0,15000	31,88
0,16667	31,88
0,18333	31,88
0,20000	31,88
0,21667	31,88
0,23333	31,88
0,25000	31,88
0,26667	31,88
0,28333	31,88
0,30000	31,88
0,31667	31,88
0,33333	31,89
0,35000	31,89
0,36667	31,89
0,38333	31,89
0,40000	31,89
0,41667	31,89
0,43333	31,90
0,45000	31,90
0,46667	31,90
0,48333	31,90
0,50000	31,90
0,51667	31,91
0,53333	31,91
0,55000	31,91
0,56667	31,91
0,58333	31,91
0,60000	31,90
0,61667	31,90
0,63333	31,90
0,65000	31,90
0,66667	31,90
0,68333	31,90
0,70000	31,90
0,71667	31,89
0,73333	31,89
0,75000	31,89
0,76667	31,89
0,78333	31,89
0,80000	31,89
0,81667	31,89
0,83333	31,89
0,85000	31,89
0,86667	31,89
0,88333	31,89
0,90000	31,89
0,91667	31,90
0,93333	31,90
0,95000	31,90
0,96667	31,90
0,98333	31,90
1,00000	31,90
1,01667	31,90
1,03333	31,90
1,05000	31,89
1,06667	31,89
1,08333	31,89
1,10000	31,89
1,11667	31,89
1,13333	31,89
1,15000	31,89
1,16667	31,89
1,18333	31,89
1,20000	31,89
1,21667	31,89
1,23333	31,89
1,25000	31,89
1,26667	31,89
1,28333	31,88
1,30000	31,88
1,31667	31,88
1,33333	31,88
1,35000	31,88
1,36667	31,88
1,38333	31,88
1,40000	31,87
1,41667	31,87
1,43333	31,87
1,45000	31,87
1,46667	31,87
1,48333	31,87
1,50000	31,87
1,51667	31,87
1,53333	31,87
1,55000	31,88
1,56667	31,88
1,58333	31,88
1,60000	31,88
1,61667	31,88
1,63333	31,88
1,65000	31,89
1,66667	31,89
1,68333	31,89
1,70000	31,89
1,71667	31,89
1,73333	31,89
1,75000	31,90
1,76667	31,90
1,78333	31,90
1,80000	31,91
1,81667	31,92
1,83333	31,92
1,85000	31,92
1,86667	31,92
1,88333	31,92
1,90000	31,92
1,91667	31,93
1,93333	31,93
1,95000	31,93
1,96667	31,93
1,98333	31,93
2,00000	31,93
2,01667	31,93
2,03333	31,93
2,05000	31,92
2,06667	31,92
2,08333	31,92
2,10000	31,92
2,11667	31,92
2,13333	31,92
2,15000	31,92
2,16667	31,92
2,18333	31,92
2,20000	31,92
2,21667	31,92
2,23333	31,92
2,25000	31,91
2,26667	31,91
2,28333	31,91
2,30000	31,91
2,31667	31,91
2,33333	31,92
2,35000	31,92
2,36667	31,92
2,38333	31,92
2,40000	31,93
2,41667	31,93
2,43333	31,93
2,45000	31,94
2,46667	31,94
2,48333	31,94
2,50000	31,94
2,51667	31,94
2,53333	31,94
2,55000	31,94
2,56667	31,94
2,58333	31,95
2,60000	31,95
2,61667	31,95
2,63333	31,95
2,65000	31,95
2,66667	31,95
2,68333	31,95
2,70000	31,95
2,71667	31,95
2,73333	31,95
2,75000	31,95
2,76667	31,95
2,78333	31,95
2,80000	31,95
2,81667	31,94
2,83333	31,94
2,85000	31,94
2,86667	31,94
2,88333	31,94
2,90000	31,94
2,91667	31,94
2,93333	31,94
2,95000	31,94
2,96667	31,94
2,98333	31,94
3,00000	31,94
3,01667	31,94
3,03333	31,94
3,05000	31,94
3,06667	31,93
3,08333	31,93
3,10000	31,93
3,11667	31,93
3,13333	31,93
3,15000	31,93
3,16667	31,93
3,18333	31,93
3,20000	31,93
3,21667	31,93
3,23333	31,93
3,25000	31,92
3,26667	31,92
3,28333	31,92
3,30000	31,91
3,31667	31,91
3,33333	31,91
3,35000	31,91
3,36667	31,91
3,38333	31,91
3,40000	31,91
3,41667	31,91
3,43333	31,91
3,45000	31,91
3,46667	31,91
3,48333	31,91
3,50000	31,91
3,51667	31,91
3,53333	31,92
3,55000	31,92
3,56667	31,92
3,58333	31,92
3,60000	31,93
3,61667	31,93
3,63333	31,93
3,65000	31,94
3,66667	31,94
3,68333	31,94
3,70000	31,94
3,71667	31,95
3,73333	31,95
3,75000	31,95
3,76667	31,95
3,78333	31,95
3,80000	31,95
3,81667	31,95
3,83333	31,95
3,85000	31,96
3,86667	31,96
3,88333	31,96
3,90000	31,96
3,91667	31,96
3,93333	31,96
3,95000	31,96
3,96667	31,96
3,98333	31,96
4,00000	31,96
4,01667	31,96
4,03333	31,96
4,05000	31,95
4,06667	31,95
4,08333	31,95
4,10000	31,95
4,11667	31,95
4,13333	31,95
4,15000	31,95
4,16667	31,95
4,18333	31,95
4,20000	31,95
4,21667	31,95
4,23333	31,95
4,25000	31,95
4,26667	31,95
4,28333	31,95
4,30000	31,96
4,31667	31,96
4,33333	31,96
4,35000	31,96
4,36667	31,96
4,38333	31,96
4,40000	31,96
4,41667	31,96
4,43333	31,96
4,45000	31,96
4,46667	31,96
4,48333	31,97
4,50000	31,97
4,51667	31,97
4,53333	31,97
4,55000	31,98
4,56667	31,98
4,58333	31,98
4,60000	31,97
4,61667	31,97
4,63333	31,97
4,65000	31,97
4,66667	31,97
4,68333	31,97
4,70000	31,97
4,71667	31,97
4,73333	31,97
4,75000	31,97
4,76667	31,97
4,78333	31,97
4,80000	31,97
4,81667	31,97
4,83333	31,97
4,85000	31,97
4,86667	31,97
4,88333	31,97
4,90000	31,97
4,91667	31,98
4,93333	31,98
4,95000	31,98
4,96667	31,98
4,98333	31,98
5,00000	31,98
5,01667	31,99
5,03333	31,99
5,05000	31,99
5,06667	31,99
5,08333	31,99
5,10000	31,99
5,11667	31,99
5,13333	31,99
5,15000	31,99
5,16667	31,99
5,18333	31,99
5,20000	31,99
5,21667	31,99
5,23333	31,99
5,25000	31,99
5,26667	31,99
5,28333	31,99
5,30000	31,99
5,31667	31,99
5,33333	31,99
5,35000	31,99
5,36667	31,99
5,38333	31,99
5,40000	31,99
5,41667	32,00
5,43333	32,00
5,45000	32,00
5,46667	32,00
5,48333	32,00
5,50000	32,00
5,51667	32,00
5,53333	32,00
5,55000	32,00
5,56667	31,99
5,58333	31,99
5,60000	31,99
5,61667	31,99
5,63333	31,99
5,65000	31,99
5,66667	31,99
5,68333	31,99
5,70000	31,99
5,71667	31,99
5,73333	31,99
5,75000	31,99
5,76667	31,99
5,78333	31,99
5,80000	31,99
5,81667	31,99
5,83333	31,98
5,85000	31,98
5,86667	31,98
5,88333	31,98
5,90000	31,97
5,91667	31,97
5,93333	31,97
5,95000	31,97
5,96667	31,97
5,98333	31,97
6,00000	31,97
6,01667	31,97
6,03333	31,97
6,05000	31,98
6,06667	31,98
6,08333	31,97
6,10000	31,97
6,11667	31,97
6,13333	31,97
6,15000	31,97
6,16667	31,97
6,18333	31,97
6,20000	31,97
6,21667	31,98
6,23333	31,98
6,25000	31,98
6,26667	31,98
6,28333	31,98
6,30000	31,98
6,31667	31,99
6,33333	31,99
6,35000	31,99
6,36667	31,99
6,38333	31,99
6,40000	31,98
6,41667	31,98
6,43333	31,98
6,45000	31,98
6,46667	31,98
6,48333	31,98
6,50000	31,98
6,51667	31,97
6,53333	31,97
6,55000	31,97
6,56667	31,96
6,58333	31,96
6,60000	31,96
6,61667	31,96
6,63333	31,96
6,65000	31,96
6,66667	31,96
6,68333	31,96
6,70000	31,96
6,71667	31,96
6,73333	31,96
6,75000	31,96
6,76667	31,97
6,78333	31,97
6,80000	31,97
6,81667	31,97
6,83333	31,97
6,85000	31,97
6,86667	31,97
6,88333	31,97
6,90000	31,97
6,91667	31,97
6,93333	31,97
6,95000	31,97
6,96667	31,97
6,98333	31,97
7,00000	31,97
7,01667	31,97
7,03333	31,97
7,05000	31,97
7,06667	31,97
7,08333	31,97
7,10000	31,97
7,11667	31,96
7,13333	31,96
7,15000	31,96
7,16667	31,95
7,18333	31,95
7,20000	31,95
7,21667	31,94
7,23333	31,94
7,25000	31,94
7,26667	31,94
7,28333	31,93
7,30000	31,93
7,31667	31,93
7,33333	31,93
7,35000	31,93
7,36667	31,93
7,38333	31,93
7,40000	31,93
7,41667	31,93
7,43333	31,93
7,45000	31,93
7,46667	31,94
7,48333	31,94
7,50000	31,94
7,51667	31,94
7,53333	31,94
7,55000	31,94
7,56667	31,95
7,58333	31,95
7,60000	31,95
7,61667	31,95
7,63333	31,95
7,65000	31,95
7,66667	31,95
7,68333	31,95
7,70000	31,95
7,71667	31,95
7,73333	31,95
7,75000	31,95
7,76667	31,96
7,78333	31,96
7,80000	31,96
7,81667	31,96
7,83333	31,96
7,85000	31,96
7,86667	31,95
7,88333	31,95
7,90000	31,95
7,91667	31,95
7,93333	31,95
7,95000	31,95
7,96667	31,94
7,98333	31,94
8,00000	31,94
8,01667	31,94
8,03333	31,94
8,05000	31,94
8,06667	31,94
8,08333	31,95
8,10000	31,95
8,11667	31,95
8,13333	31,95
8,15000	31,95
8,16667	31,95
8,18333	31,95
8,20000	31,95
8,21667	31,95
8,23333	31,95
8,25000	31,95
8,26667	31,95
8,28333	31,95
8,30000	31,94
8,31667	31,94
8,33333	31,94
8,35000	31,94
8,36667	31,94
8,38333	31,94
8,40000	31,94
8,41667	31,94
8,43333	31,94
8,45000	31,94
8,46667	31,94
8,48333	31,94
8,50000	31,94
8,51667	31,94
8,53333	31,94
8,55000	31,94
8,56667	31,94
8,58333	31,94
8,60000	31,95
8,61667	31,95
8,63333	31,95
8,65000	31,96
8,66667	31,96
8,68333	31,96
8,70000	31,96
8,71667	31,95
8,73333	31,95
8,75000	31,95
8,76667	31,95
8,78333	31,95
8,80000	31,95
8,81667	31,94
8,83333	31,94
8,85000	31,94
8,86667	31,94
8,88333	31,94
8,90000	31,94
8,91667	31,95
8,93333	31,95
8,95000	31,95
8,96667	31,95
8,98333	31,95
9,00000	31,95
9,01667	31,95
9,03333	31,95
9,05000	31,94
9,06667	31,94
9,08333	31,94
9,10000	31,93
9,11667	31,93
9,13333	31,93
9,15000	31,92
9,16667	31,92
9,18333	31,92
9,20000	31,92
9,21667	31,92
9,23333	31,93
9,25000	31,93
9,26667	31,93
9,28333	31,93
9,30000	31,93
9,31667	31,93
9,33333	31,93
9,35000	31,93
9,36667	31,92
9,38333	31,92
9,40000	31,92
9,41667	31,92
9,43333	31,92
9,45000	31,92
9,46667	31,91
9,48333	31,91
9,50000	31,91
9,51667	31,91
9,53333	31,91
9,55000	31,91
9,56667	31,91
9,58333	31,91
9,60000	31,91
9,61667	31,91
9,63333	31,91
9,65000	31,92
9,66667	31,92
9,68333	31,92
9,70000	31,92
9,71667	31,92
9,73333	31,93
9,75000	31,93
9,76667	31,93
9,78333	31,93
9,80000	31,93
9,81667	31,93
9,83333	31,93
9,85000	31,93
9,86667	31,93
9,88333	31,93
9,90000	31,93
9,91667	31,93
9,93333	31,93
9,95000	31,93
9,96667	31,92
9,98333	31,92
10,00000	31,92
10,01667	31,92
10,03333	31,92
10,05000	31,92
10,06667	31,91
10,08333	31,91
10,10000	31,91
10,11667	31,91
10,13333	31,91
10,15000	31,91
10,16667	31,91
10,18333	31,91
10,20000	31,91
10,21667	31,91
10,23333	31,91
10,25000	31,91
10,26667	31,90
10,28333	31,90
10,30000	31,90
10,31667	31,90
10,33333	31,90
10,35000	31,91
10,36667	31,91
10,38333	31,91
10,40000	31,91
10,41667	31,92
10,43333	31,92
10,45000	31,92
10,46667	31,92
10,48333	31,92
10,50000	31,93
10,51667	31,93
10,53333	31,93
10,55000	31,93
10,56667	31,93
10,58333	31,93
10,60000	31,93
10,61667	31,93
10,63333	31,94
10,65000	31,94
10,66667	31,94
10,68333	31,95
10,70000	31,95
10,71667	31,95
10,73333	31,95
10,75000	31,95
10,76667	31,95
10,78333	31,95
10,80000	31,95
10,81667	31,94
10,83333	31,94
10,85000	31,94
10,86667	31,95
10,88333	31,95
10,90000	31,95
10,91667	31,95
10,93333	31,95
10,95000	31,96
10,96667	31,96
10,98333	31,96
11,00000	31,96
11,01667	31,97
11,03333	31,97
11,05000	31,97
11,06667	31,97
11,08333	31,97
11,10000	31,97
11,11667	31,97
11,13333	31,97
11,15000	31,97
11,16667	31,97
11,18333	31,96
11,20000	31,96
11,21667	31,96
11,23333	31,95
11,25000	31,95
11,26667	31,94
11,28333	31,94
11,30000	31,94
11,31667	31,93
11,33333	31,93
11,35000	31,93
11,36667	31,94
11,38333	31,94
11,40000	31,94
11,41667	31,94
11,43333	31,94
11,45000	31,95
11,46667	31,95
11,48333	31,95
11,50000	31,95
11,51667	31,95
11,53333	31,96
11,55000	31,96
11,56667	31,96
11,58333	31,97
11,60000	31,97
11,61667	31,97
11,63333	31,98
11,65000	31,98
11,66667	31,98
11,68333	31,98
11,70000	31,98
11,71667	31,98
11,73333	31,98
11,75000	31,98
11,76667	31,98
11,78333	31,98
11,80000	31,99
11,81667	31,99
11,83333	31,99
11,85000	31,99
11,86667	31,99
11,88333	31,99
11,90000	31,99
11,91667	32,00
11,93333	32,00
11,95000	32,00
11,96667	32,00
11,98333	31,99
12,00000	31,99
12,01667	31,99
12,03333	31,99
12,05000	31,99
12,06667	31,99
12,08333	31,99
12,10000	31,99
12,11667	31,98
12,13333	31,98
12,15000	31,98
12,16667	31,98
12,18333	31,98
12,20000	31,99
12,21667	31,99
12,23333	31,99
12,25000	31,99
12,26667	31,99
12,28333	31,99
12,30000	31,99
12,31667	31,99
12,33333	31,99
12,35000	31,99
12,36667	31,99
12,38333	31,99
12,40000	31,99
12,41667	31,99
12,43333	31,99
12,45000	31,99
12,46667	31,99
12,48333	31,99
12,50000	32,00
12,51667	32,00
12,53333	32,00
12,55000	32,00
12,56667	32,00
12,58333	32,00
12,60000	32,00
12,61667	32,00
12,63333	32,00
12,65000	31,99
12,66667	31,99
12,68333	31,99
12,70000	31,99
12,71667	31,99
12,73333	31,99
12,75000	31,98
12,76667	31,98
12,78333	31,98
12,80000	31,98
12,81667	31,98
12,83333	31,97
12,85000	31,97
12,86667	31,97
12,88333	31,96
12,90000	31,96
12,91667	31,96
12,93333	31,96
12,95000	31,96
12,96667	31,96
12,98333	31,96
13,00000	31,96
13,01667	31,96
13,03333	31,96
13,05000	31,97
13,06667	31,97
13,08333	31,97
13,10000	31,97
13,11667	31,97
13,13333	31,97
13,15000	31,97
13,16667	31,97
13,18333	31,97
13,20000	31,97
13,21667	31,98
13,23333	31,98
13,25000	31,98
13,26667	31,98
13,28333	31,98
13,30000	31,98
13,31667	31,98
13,33333	31,98
13,35000	31,98
13,36667	31,98
13,38333	31,99
13,40000	31,99
13,41667	31,99
13,43333	31,99
13,45000	31,99
13,46667	31,99
13,48333	31,99
13,50000	31,98
13,51667	31,98
13,53333	31,98
13,55000	31,98
13,56667	31,98
13,58333	31,98
13,60000	31,98
13,61667	31,98
13,63333	31,98
13,65000	31,98
13,66667	31,98
13,68333	31,98
13,70000	31,98
13,71667	31,97
13,73333	31,97
13,75000	31,97
13,76667	31,97
13,78333	31,97
13,80000	31,97
13,81667	31,97
13,83333	31,98
13,85000	31,98
13,86667	31,98
13,88333	31,98
13,90000	31,98
13,91667	31,98
13,93333	31,98
13,95000	31,98
13,96667	31,97
13,98333	31,97
14,00000	31,97
14,01667	31,96
14,03333	31,96
14,05000	31,95
14,06667	31,95
14,08333	31,95
14,10000	31,94
14,11667	31,94
14,13333	31,94
14,15000	31,94
14,16667	31,94
14,18333	31,93
14,20000	31,93
14,21667	31,93
14,23333	31,92
14,25000	31,92
14,26667	31,92
14,28333	31,92
14,30000	31,92
14,31667	31,91
14,33333	31,91
14,35000	31,91
14,36667	31,91
14,38333	31,91
14,40000	31,91
14,41667	31,91
14,43333	31,91
14,45000	31,92
14,46667	31,92
14,48333	31,93
14,50000	31,93
14,51667	31,93
14,53333	31,93
14,55000	31,93
14,56667	31,93
14,58333	31,93
14,60000	31,93
14,61667	31,93
14,63333	31,93
14,65000	31,92
14,66667	31,92
14,68333	31,92
14,70000	31,91
14,71667	31,91
14,73333	31,91
14,75000	31,90
14,76667	31,90
14,78333	31,90
14,80000	31,91
14,81667	31,91
14,83333	31,91
14,85000	31,91
14,86667	31,91
14,88333	31,91
14,90000	31,90
14,91667	31,90
14,93333	31,90
14,95000	31,89
14,96667	31,89
14,98333	31,89
15,00000	31,89
15,01667	31,89
15,03333	31,89
15,05000	31,89
15,06667	31,88
15,08333	31,88
15,10000	31,88
15,11667	31,88
15,13333	31,88
15,15000	31,88
15,16667	31,87
15,18333	31,87
15,20000	31,87
15,21667	31,86
15,23333	31,86
15,25000	31,85
15,26667	31,85
15,28333	31,85
15,30000	31,85
15,31667	31,85
15,33333	31,85
15,35000	31,85
15,36667	31,84
15,38333	31,84
15,40000	31,84
15,41667	31,84
15,43333	31,84
15,45000	31,84
15,46667	31,84
15,48333	31,84
15,50000	31,84
15,51667	31,85
15,53333	31,85
15,55000	31,85
15,56667	31,85
15,58333	31,85
15,60000	31,85
15,61667	31,85
15,63333	31,84
15,65000	31,84
15,66667	31,84
15,68333	31,84
15,70000	31,84
15,71667	31,84
15,73333	31,84
15,75000	31,85
15,76667	31,85
15,78333	31,85
15,80000	31,85
15,81667	31,86
15,83333	31,87
15,85000	31,87
15,86667	31,87
15,88333	31,87
15,90000	31,88
15,91667	31,88
15,93333	31,88
15,95000	31,88
15,96667	31,88
15,98333	31,88
16,00000	31,89
16,01667	31,89
16,03333	31,89
16,05000	31,89
16,06667	31,89
16,08333	31,89
16,10000	31,89
16,11667	31,89
16,13333	31,89
16,15000	31,89
16,16667	31,89
16,18333	31,89
16,20000	31,89
16,21667	31,89
16,23333	31,90
16,25000	31,90
16,26667	31,90
16,28333	31,90
16,30000	31,90
16,31667	31,90
16,33333	31,90
16,35000	31,90
16,36667	31,91
16,38333	31,91
16,40000	31,91
16,41667	31,91
16,43333	31,91
16,45000	31,91
16,46667	31,91
16,48333	31,91
16,50000	31,91
16,51667	31,90
16,53333	31,90
16,55000	31,90
16,56667	31,90
16,58333	31,89
16,60000	31,89
16,61667	31,88
16,63333	31,88
16,65000	31,88
16,66667	31,87
16,68333	31,87
16,70000	31,87
16,71667	31,87
16,73333	31,87
16,75000	31,87
16,76667	31,87
16,78333	31,87
16,80000	31,87
16,81667	31,87
16,83333	31,87
16,85000	31,87
16,86667	31,87
16,88333	31,87
16,90000	31,87
16,91667	31,87
16,93333	31,87
16,95000	31,87
16,96667	31,88
16,98333	31,88
17,00000	31,88
17,01667	31,88
17,03333	31,88
17,05000	31,88
17,06667	31,88
17,08333	31,88
17,10000	31,88
17,11667	31,88
17,13333	31,88
17,15000	31,88
17,16667	31,88
17,18333	31,89
17,20000	31,89
17,21667	31,89
17,23333	31,89
17,25000	31,89
17,26667	31,90
17,28333	31,90
17,30000	31,90
17,31667	31,90
17,33333	31,90
17,35000	31,90
17,36667	31,90
17,38333	31,90
17,40000	31,89
17,41667	31,89
17,43333	31,89
17,45000	31,89
17,46667	31,88
17,48333	31,88
17,50000	31,88
17,51667	31,88
17,53333	31,88
17,55000	31,88
17,56667	31,88
17,58333	31,88
17,60000	31,88
17,61667	31,88
17,63333	31,88
17,65000	31,89
17,66667	31,89
17,68333	31,89
17,70000	31,90
17,71667	31,90
17,73333	31,90
17,75000	31,90
17,76667	31,91
17,78333	31,91
17,80000	31,91
17,81667	31,91
17,83333	31,91
17,85000	31,91
17,86667	31,91
17,88333	31,91
17,90000	31,91
17,91667	31,91
17,93333	31,91
17,95000	31,91
17,96667	31,91
17,98333	31,91
18,00000	31,92
18,01667	31,92
18,03333	31,92
18,05000	31,92
18,06667	31,92
18,08333	31,92
18,10000	31,92
18,11667	31,92
18,13333	31,92
18,15000	31,92
18,16667	31,92
18,18333	31,92
18,20000	31,93
18,21667	31,93
18,23333	31,94
18,25000	31,94
18,26667	31,95
18,28333	31,95
18,30000	31,95
18,31667	31,95
18,33333	31,96
18,35000	31,96
18,36667	31,96
18,38333	31,97
18,40000	31,97
18,41667	31,97
18,43333	31,97
18,45000	31,97
18,46667	31,97
18,48333	31,97
18,50000	31,97
18,51667	31,96
18,53333	31,96
18,55000	31,96
18,56667	31,96
18,58333	31,96
18,60000	31,96
18,61667	31,96
18,63333	31,96
18,65000	31,96
18,66667	31,96
18,68333	31,96
18,70000	31,96
18,71667	31,97
18,73333	31,97
18,75000	31,97
18,76667	31,98
18,78333	31,98
18,80000	31,98
18,81667	31,99
18,83333	31,99
18,85000	31,99
18,86667	31,99
18,88333	31,99
18,90000	31,99
18,91667	31,99
18,93333	31,99
18,95000	32,00
18,96667	32,00
18,98333	32,00
19,00000	32,00
19,01667	32,00
19,03333	32,00
19,05000	32,01
19,06667	32,01
19,08333	32,01
19,10000	32,01
19,11667	32,02
19,13333	32,02
19,15000	32,02
19,16667	32,02
19,18333	32,02
19,20000	32,02
19,21667	32,01
19,23333	32,01
19,25000	32,01
19,26667	32,01
19,28333	32,01
19,30000	32,01
19,31667	32,01
19,33333	32,01
19,35000	32,01
19,36667	32,01
19,38333	32,01
19,40000	32,01
19,41667	32,01
19,43333	32,01
19,45000	32,01
19,46667	32,00
19,48333	32,00
19,50000	32,00
19,51667	32,00
19,53333	32,00
19,55000	32,00
19,56667	32,00
19,58333	31,99
19,60000	31,99
19,61667	31,99
19,63333	31,99
19,65000	31,99
19,66667	31,98
19,68333	31,98
19,70000	31,98
19,71667	31,98
19,73333	31,98
19,75000	31,98
19,76667	31,99
19,78333	31,99
19,80000	31,99
19,81667	31,99
19,83333	31,99
19,85000	31,99
19,86667	32,00
19,88333	32,00
19,90000	32,00
19,91667	32,00
19,93333	32,00
19,95000	32,00
19,96667	32,00
19,98333	32,00
20,00000	32,01
20,01667	32,01
20,03333	32,01
20,05000	32,01
20,06667	32,01
20,08333	32,01
20,10000	32,01
20,11667	32,01
20,13333	32,02
20,15000	32,02
20,16667	32,02
20,18333	32,02
20,20000	32,02
20,21667	32,02
20,23333	32,02
20,25000	32,02
20,26667	32,02
20,28333	32,02
20,30000	32,02
20,31667	32,02
20,33333	32,02
20,35000	32,03
20,36667	32,03
20,38333	32,03
20,40000	32,03
20,41667	32,03
20,43333	32,03
20,45000	32,03
20,46667	32,03
20,48333	32,03
20,50000	32,03
20,51667	32,03
20,53333	32,03
20,55000	32,03
20,56667	32,04
20,58333	32,04
20,60000	32,04
20,61667	32,04
20,63333	32,04
20,65000	32,04
20,66667	32,04
20,68333	32,04
20,70000	32,04
20,71667	32,04
20,73333	32,04
20,75000	32,04
20,76667	32,04
20,78333	32,04
20,80000	32,05
20,81667	32,05
20,83333	32,05
20,85000	32,05
20,86667	32,05
20,88333	32,05
20,90000	32,05
20,91667	32,05
20,93333	32,05
20,95000	32,06
20,96667	32,06
20,98333	32,06
21,00000	32,06
21,01667	32,06
21,03333	32,06
21,05000	32,06
21,06667	32,06
21,08333	32,06
21,10000	32,06
21,11667	32,05
21,13333	32,05
21,15000	32,04
21,16667	32,04
21,18333	32,04
21,20000	32,04
21,21667	32,04
21,23333	32,04
21,25000	32,03
21,26667	32,03
21,28333	32,03
21,30000	32,03
21,31667	32,03
21,33333	32,03
21,35000	32,04
21,36667	32,04
21,38333	32,04
21,40000	32,05
21,41667	32,05
21,43333	32,05
21,45000	32,05
21,46667	32,06
21,48333	32,06
21,50000	32,06
21,51667	32,06
21,53333	32,06
21,55000	32,06
21,56667	32,06
21,58333	32,05
21,60000	32,05
21,61667	32,04
21,63333	32,04
21,65000	32,04
21,66667	32,04
21,68333	32,04
21,70000	32,04
21,71667	32,03
21,73333	32,03
21,75000	32,03
21,76667	32,03
21,78333	32,03
21,80000	32,02
21,81667	32,02
21,83333	32,02
21,85000	32,02
21,86667	32,01
21,88333	32,01
21,90000	32,01
21,91667	32,01
21,93333	32,01
21,95000	32,01
21,96667	32,01
21,98333	32,01
22,00000	32,01
22,01667	32,01
22,03333	32,01
22,05000	32,01
22,06667	32,00
22,08333	32,00
22,10000	32,00
22,11667	32,00
22,13333	32,00
22,15000	32,00
22,16667	32,00
22,18333	32,00
22,20000	32,00
22,21667	32,00
22,23333	32,00
22,25000	32,00
22,26667	32,00
22,28333	32,00
22,30000	32,00
22,31667	32,00
22,33333	32,00
22,35000	32,00
22,36667	32,00
22,38333	32,00
22,40000	32,00
22,41667	32,00
22,43333	32,01
22,45000	32,01
22,46667	32,01
22,48333	32,01
22,50000	32,01
22,51667	32,01
22,53333	32,01
22,55000	32,01
22,56667	32,01
22,58333	32,01
22,60000	32,01
22,61667	32,01
22,63333	32,01
22,65000	32,01
22,66667	32,01
22,68333	32,01
22,70000	32,01
22,71667	32,01
22,73333	32,01
22,75000	32,01
22,76667	32,01
22,78333	32,02
22,80000	32,02
22,81667	32,02
22,83333	32,02
22,85000	32,02
22,86667	32,02
22,88333	32,02
22,90000	32,02
22,91667	32,03
22,93333	32,03
22,95000	32,03
22,96667	32,03
22,98333	32,03
23,00000	32,03
23,01667	32,03
23,03333	32,03
23,05000	32,04
23,06667	32,04
23,08333	32,04
23,10000	32,04
23,11667	32,04
23,13333	32,04
23,15000	32,05
23,16667	32,05
23,18333	32,05
23,20000	32,05
23,21667	32,05
23,23333	32,05
23,25000	32,05
23,26667	32,05
23,28333	32,05
23,30000	32,05
23,31667	32,05
23,33333	32,05
23,35000	32,05
23,36667	32,04
23,38333	32,04
23,40000	32,04
23,41667	32,03
23,43333	32,03
23,45000	32,03
23,46667	32,03
23,48333	32,03
23,50000	32,02
23,51667	32,02
23,53333	32,02
23,55000	32,02
23,56667	32,02
23,58333	32,02
23,60000	32,02
23,61667	32,02
23,63333	32,02
23,65000	32,02
23,66667	32,02
23,68333	32,02
23,70000	32,02
23,71667	32,03
23,73333	32,03
23,75000	32,03
23,76667	32,03
23,78333	32,03
23,80000	32,03
23,81667	32,03
23,83333	32,03
23,85000	32,03
23,86667	32,03
23,88333	32,03
23,90000	32,03
23,91667	32,03
23,93333	32,03
23,95000	32,03
23,96667	32,04
23,98333	32,04
24,00000	32,04
24,01667	32,03
24,03333	32,03
24,05000	32,03
24,06667	32,03
24,08333	32,03
24,10000	32,03
24,11667	32,03
24,13333	32,03
24,15000	32,03
24,16667	32,04
24,18333	32,04
24,20000	32,04
24,21667	32,04
24,23333	32,04
24,25000	32,04
24,26667	32,04
24,28333	32,04
24,30000	32,03
24,31667	32,03
24,33333	32,03
24,35000	32,03
24,36667	32,03
24,38333	32,03
24,40000	32,03
24,41667	32,03
24,43333	32,03
24,45000	32,03
24,46667	32,03
24,48333	32,03
24,50000	32,04
24,51667	32,04
24,53333	32,04
24,55000	32,05
24,56667	32,05
24,58333	32,05
24,60000	32,05
24,61667	32,06
24,63333	32,06
24,65000	32,06
24,66667	32,06
24,68333	32,06
24,70000	32,06
24,71667	32,06
24,73333	32,06
24,75000	32,06
24,76667	32,06
24,78333	32,06
24,80000	32,05
24,81667	32,05
24,83333	32,04
24,85000	32,04
24,86667	32,04
24,88333	32,04
24,90000	32,03
24,91667	32,03
24,93333	32,03
24,95000	32,03
24,96667	32,03
24,98333	32,03
25,00000	32,03
25,01667	32,03
25,03333	32,03
25,05000	32,03
25,06667	32,03
25,08333	32,04
25,10000	32,04
25,11667	32,04
25,13333	32,04
25,15000	32,04
25,16667	32,04
25,18333	32,04
25,20000	32,04
25,21667	32,04
25,23333	32,04
25,25000	32,04
25,26667	32,04
25,28333	32,03
25,30000	32,03
25,31667	32,03
25,33333	32,03
25,35000	32,03
25,36667	32,04
25,38333	32,04
25,40000	32,04
25,41667	32,05
25,43333	32,05
25,45000	32,05
25,46667	32,05
25,48333	32,05
25,50000	32,06
25,51667	32,06
25,53333	32,06
25,55000	32,05
25,56667	32,05
25,58333	32,05
25,60000	32,05
25,61667	32,05
25,63333	32,05
25,65000	32,05
25,66667	32,05
25,68333	32,05
25,70000	32,05
25,71667	32,05
25,73333	32,05
25,75000	32,05
25,76667	32,05
25,78333	32,05
25,80000	32,05
25,81667	32,04
25,83333	32,04
25,85000	32,03
25,86667	32,03
25,88333	32,03
25,90000	32,02
25,91667	32,02
25,93333	32,02
25,95000	32,02
25,96667	32,02
25,98333	32,02
26,00000	32,02
26,01667	32,02
26,03333	32,03
26,05000	32,03
26,06667	32,03
26,08333	32,03
26,10000	32,03
26,11667	32,03
26,13333	32,03
26,15000	32,03
26,16667	32,04
26,18333	32,04
26,20000	32,04
26,21667	32,04
26,23333	32,04
26,25000	32,04
26,26667	32,04
26,28333	32,04
26,30000	32,04
26,31667	32,04
26,33333	32,04
26,35000	32,04
26,36667	32,04
26,38333	32,04
26,40000	32,05
26,41667	32,05
26,43333	32,05
26,45000	32,05
26,46667	32,06
26,48333	32,06
26,50000	32,07
26,51667	32,07
26,53333	32,07
26,55000	32,07
26,56667	32,08
26,58333	32,08
26,60000	32,08
26,61667	32,08
26,63333	32,08
26,65000	32,08
26,66667	32,08
26,68333	32,08
26,70000	32,08
26,71667	32,08
26,73333	32,08
26,75000	32,09
26,76667	32,09
26,78333	32,09
26,80000	32,08
26,81667	32,08
26,83333	32,08
26,85000	32,08
26,86667	32,08
26,88333	32,08
26,90000	32,07
26,91667	32,07
26,93333	32,07
26,95000	32,07
26,96667	32,07
26,98333	32,07
27,00000	32,07
27,01667	32,08
27,03333	32,08
27,05000	32,08
27,06667	32,08
27,08333	32,08
27,10000	32,08
27,11667	32,08
27,13333	32,08
27,15000	32,08
27,16667	32,08
27,18333	32,08
27,20000	32,08
27,21667	32,07
27,23333	32,07
27,25000	32,07
27,26667	32,08
27,28333	32,08
27,30000	32,08
27,31667	32,08
27,33333	32,08
27,35000	32,08
27,36667	32,08
27,38333	32,08
27,40000	32,08
27,41667	32,08
27,43333	32,08
27,45000	32,08
27,46667	32,07
27,48333	32,07
27,50000	32,07
27,51667	32,07
27,53333	32,07
27,55000	32,07
27,56667	32,07
27,58333	32,07
27,60000	32,06
27,61667	32,06
27,63333	32,06
27,65000	32,06
27,66667	32,06
27,68333	32,06
27,70000	32,06
27,71667	32,06
27,73333	32,06
27,75000	32,06
27,76667	32,06
27,78333	32,06
27,80000	32,06
27,81667	32,06
27,83333	32,06
27,85000	32,06
27,86667	32,06
27,88333	32,06
27,90000	32,06
27,91667	32,06
27,93333	32,06
27,95000	32,06
27,96667	32,06
27,98333	32,07
28,00000	32,07
28,01667	32,07
28,03333	32,07
28,05000	32,07
28,06667	32,07
28,08333	32,07
28,10000	32,06
28,11667	32,06
28,13333	32,06
28,15000	32,06
28,16667	32,05
28,18333	32,05
28,20000	32,05
28,21667	32,05
28,23333	32,05
28,25000	32,05
28,26667	32,05
28,28333	32,05
28,30000	32,06
28,31667	32,06
28,33333	32,06
28,35000	32,06
28,36667	32,06
28,38333	32,06
28,40000	32,06
28,41667	32,06
28,43333	32,06
28,45000	32,06
28,46667	32,06
28,48333	32,06
28,50000	32,06
28,51667	32,05
28,53333	32,05
28,55000	32,05
28,56667	32,04
28,58333	32,04
28,60000	32,04
28,61667	32,04
28,63333	32,04
28,65000	32,03
28,66667	32,03
28,68333	32,03
28,70000	32,03
28,71667	32,03
28,73333	32,04
28,75000	32,04
28,76667	32,04
28,78333	32,04
28,80000	32,04
28,81667	32,05
28,83333	32,05
28,85000	32,05
28,86667	32,06
28,88333	32,06
28,90000	32,06
28,91667	32,07
28,93333	32,07
28,95000	32,07
28,96667	32,07
28,98333	32,07
29,00000	32,06
29,01667	32,06
29,03333	32,06
29,05000	32,06
29,06667	32,05
29,08333	32,05
29,10000	32,05
29,11667	32,05
29,13333	32,04
29,15000	32,04
29,16667	32,04
29,18333	32,04
29,20000	32,04
29,21667	32,04
29,23333	32,04
29,25000	32,03
29,26667	32,03
29,28333	32,03
29,30000	32,03
29,31667	32,03
29,33333	32,03
29,35000	32,03
29,36667	32,02
29,38333	32,02
29,40000	32,03
29,41667	32,03
29,43333	32,03
29,45000	32,03
29,46667	32,03
29,48333	32,03
29,50000	32,03
29,51667	32,03
29,53333	32,04
29,55000	32,04
29,56667	32,04
29,58333	32,04
29,60000	32,04
29,61667	32,04
29,63333	32,04
29,65000	32,04
29,66667	32,04
29,68333	32,04
29,70000	32,04
29,71667	32,04
29,73333	32,04
29,75000	32,04
29,76667	32,04
29,78333	32,04
29,80000	32,04
29,81667	32,04
29,83333	32,04
29,85000	32,04
29,86667	32,04
29,88333	32,04
29,90000	32,04
29,91667	32,04
29,93333	32,04
29,95000	32,03
29,96667	32,03
29,98333	32,03
30,00000	32,04
30,01667	32,04
30,03333	32,04
30,05000	32,04
30,06667	32,04
30,08333	32,05
30,10000	32,05
30,11667	32,05
30,13333	32,06
30,15000	32,06
30,16667	32,06
30,18333	32,06
30,20000	32,06
30,21667	32,06
30,23333	32,06
30,25000	32,06
30,26667	32,06
30,28333	32,06
30,30000	32,06
30,31667	32,06
30,33333	32,06
30,35000	32,07
30,36667	32,07
30,38333	32,07
30,40000	32,07
30,41667	32,07
30,43333	32,07
30,45000	32,07
30,46667	32,07
30,48333	32,07
30,50000	32,08
30,51667	32,08
30,53333	32,08
30,55000	32,08
30,56667	32,08
30,58333	32,08
30,60000	32,08
30,61667	32,08
30,63333	32,08
30,65000	32,08
30,66667	32,08
30,68333	32,08
30,70000	32,08
30,71667	32,08
30,73333	32,08
30,75000	32,08
30,76667	32,08
30,78333	32,08
30,80000	32,08
30,81667	32,08
30,83333	32,08
30,85000	32,08
30,86667	32,09
30,88333	32,09
30,90000	32,09
30,91667	32,09
30,93333	32,09
30,95000	32,09
30,96667	32,09
30,98333	32,09
31,00000	32,09
31,01667	32,09
31,03333	32,09
31,05000	32,09
31,06667	32,09
31,08333	32,09
31,10000	32,08
31,11667	32,07
31,13333	32,07
31,15000	32,07
31,16667	32,07
31,18333	32,06
31,20000	32,06
31,21667	32,06
31,23333	32,06
31,25000	32,05
31,26667	32,05
31,28333	32,05
31,30000	32,05
31,31667	32,05
31,33333	32,05
31,35000	32,05
31,36667	32,05
31,38333	32,05
31,40000	32,05
31,41667	32,05
31,43333	32,05
31,45000	32,06
31,46667	32,06
31,48333	32,06
31,50000	32,06
31,51667	32,06
31,53333	32,06
31,55000	32,06
31,56667	32,06
31,58333	32,06
31,60000	32,06
31,61667	32,06
31,63333	32,06
31,65000	32,07
31,66667	32,07
31,68333	32,07
31,70000	32,07
31,71667	32,07
31,73333	32,07
31,75000	32,07
31,76667	32,07
31,78333	32,07
31,80000	32,08
31,81667	32,08
31,83333	32,08
31,85000	32,08
31,86667	32,08
31,88333	32,08
31,90000	32,08
31,91667	32,08
31,93333	32,08
31,95000	32,08
31,96667	32,08
31,98333	32,08
32,00000	32,08

[LC Status Trace(PDA Cell Temp.)]
Interval(msec)	1000
# of Points	1921
Start Time(min)	0,000
End Time(min)	32,000
Intensity Units	C
Intensity Multiplier	1
R.Time (min)	Intensity
0,00000	50,00
0,01667	50,00
0,03333	50,00
0,05000	50,00
0,06667	50,00
0,08333	50,00
0,10000	50,00
0,11667	50,00
0,13333	50,00
0,15000	50,00
0,16667	50,00
0,18333	50,00
0,20000	50,00
0,21667	50,00
0,23333	50,00
0,25000	50,00
0,26667	50,00
0,28333	50,00
0,30000	50,00
0,31667	50,00
0,33333	50,00
0,35000	50,00
0,36667	50,00
0,38333	49,99
0,40000	49,99
0,41667	49,99
0,43333	49,99
0,45000	49,99
0,46667	49,99
0,48333	49,99
0,50000	49,99
0,51667	49,99
0,53333	49,99
0,55000	49,99
0,56667	49,99
0,58333	49,99
0,60000	49,99
0,61667	49,99
0,63333	49,99
0,65000	49,99
0,66667	49,99
0,68333	49,99
0,70000	49,99
0,71667	49,99
0,73333	49,99
0,75000	49,99
0,76667	49,99
0,78333	49,99
0,80000	49,99
0,81667	49,99
0,83333	49,99
0,85000	49,99
0,86667	49,99
0,88333	49,99
0,90000	49,99
0,91667	49,99
0,93333	49,99
0,95000	49,99
0,96667	49,99
0,98333	49,99
1,00000	49,99
1,01667	49,99
1,03333	49,99
1,05000	49,99
1,06667	49,99
1,08333	49,99
1,10000	49,99
1,11667	49,99
1,13333	49,99
1,15000	49,99
1,16667	49,99
1,18333	49,99
1,20000	49,99
1,21667	49,99
1,23333	49,99
1,25000	49,99
1,26667	49,99
1,28333	49,99
1,30000	49,99
1,31667	49,99
1,33333	49,99
1,35000	49,99
1,36667	49,99
1,38333	49,99
1,40000	49,99
1,41667	49,99
1,43333	49,99
1,45000	49,99
1,46667	49,99
1,48333	49,99
1,50000	49,99
1,51667	49,99
1,53333	49,99
1,55000	49,99
1,56667	49,99
1,58333	49,99
1,60000	49,99
1,61667	49,99
1,63333	49,99
1,65000	49,99
1,66667	49,99
1,68333	49,99
1,70000	49,99
1,71667	49,99
1,73333	49,99
1,75000	49,99
1,76667	49,99
1,78333	50,00
1,80000	49,99
1,81667	49,99
1,83333	49,99
1,85000	50,00
1,86667	50,00
1,88333	49,99
1,90000	49,99
1,91667	49,99
1,93333	49,99
1,95000	49,99
1,96667	49,99
1,98333	49,99
2,00000	50,00
2,01667	50,00
2,03333	50,00
2,05000	50,00
2,06667	50,00
2,08333	50,00
2,10000	50,00
2,11667	50,00
2,13333	50,00
2,15000	50,00
2,16667	50,00
2,18333	50,00
2,20000	50,00
2,21667	50,00
2,23333	50,00
2,25000	50,00
2,26667	50,00
2,28333	50,00
2,30000	50,00
2,31667	50,00
2,33333	50,00
2,35000	50,00
2,36667	50,00
2,38333	50,00
2,40000	50,00
2,41667	50,00
2,43333	50,00
2,45000	50,00
2,46667	50,00
2,48333	50,00
2,50000	50,00
2,51667	50,00
2,53333	50,00
2,55000	50,00
2,56667	50,00
2,58333	50,00
2,60000	50,00
2,61667	50,00
2,63333	50,00
2,65000	50,00
2,66667	50,00
2,68333	50,00
2,70000	50,00
2,71667	50,00
2,73333	50,00
2,75000	50,00
2,76667	50,00
2,78333	50,00
2,80000	50,00
2,81667	50,00
2,83333	50,00
2,85000	50,00
2,86667	50,00
2,88333	50,00
2,90000	50,00
2,91667	50,00
2,93333	50,00
2,95000	50,00
2,96667	50,00
2,98333	50,00
3,00000	50,00
3,01667	50,00
3,03333	50,00
3,05000	50,00
3,06667	50,00
3,08333	50,00
3,10000	50,00
3,11667	50,00
3,13333	50,00
3,15000	50,00
3,16667	50,00
3,18333	50,00
3,20000	50,00
3,21667	50,00
3,23333	50,00
3,25000	50,00
3,26667	50,00
3,28333	50,00
3,30000	50,00
3,31667	50,00
3,33333	50,00
3,35000	50,00
3,36667	50,00
3,38333	50,00
3,40000	50,00
3,41667	50,00
3,43333	50,00
3,45000	50,00
3,46667	50,00
3,48333	50,00
3,50000	50,00
3,51667	50,00
3,53333	50,00
3,55000	50,00
3,56667	50,00
3,58333	50,00
3,60000	50,00
3,61667	50,00
3,63333	50,00
3,65000	50,00
3,66667	50,00
3,68333	50,00
3,70000	50,00
3,71667	50,00
3,73333	50,00
3,75000	50,00
3,76667	49,99
3,78333	50,00
3,80000	49,99
3,81667	49,99
3,83333	49,99
3,85000	49,99
3,86667	49,99
3,88333	49,99
3,90000	49,99
3,91667	50,00
3,93333	49,99
3,95000	50,00
3,96667	50,00
3,98333	50,00
4,00000	50,00
4,01667	50,00
4,03333	50,00
4,05000	50,00
4,06667	50,00
4,08333	50,00
4,10000	50,00
4,11667	50,00
4,13333	50,00
4,15000	50,00
4,16667	50,00
4,18333	50,00
4,20000	50,00
4,21667	50,00
4,23333	50,00
4,25000	50,00
4,26667	50,00
4,28333	50,00
4,30000	50,00
4,31667	50,00
4,33333	50,00
4,35000	50,00
4,36667	50,00
4,38333	50,00
4,40000	50,00
4,41667	50,00
4,43333	50,00
4,45000	50,00
4,46667	50,00
4,48333	50,00
4,50000	50,00
4,51667	50,00
4,53333	50,00
4,55000	50,00
4,56667	50,00
4,58333	50,00
4,60000	50,00
4,61667	50,00
4,63333	50,00
4,65000	50,00
4,66667	50,00
4,68333	50,00
4,70000	50,00
4,71667	50,00
4,73333	50,00
4,75000	50,00
4,76667	50,00
4,78333	50,00
4,80000	50,00
4,81667	50,00
4,83333	50,00
4,85000	50,00
4,86667	50,00
4,88333	50,00
4,90000	50,00
4,91667	50,00
4,93333	50,00
4,95000	50,00
4,96667	50,00
4,98333	50,00
5,00000	50,00
5,01667	50,00
5,03333	50,00
5,05000	50,00
5,06667	50,00
5,08333	50,00
5,10000	50,00
5,11667	50,00
5,13333	50,00
5,15000	50,00
5,16667	50,00
5,18333	50,00
5,20000	50,00
5,21667	50,00
5,23333	50,00
5,25000	50,00
5,26667	50,00
5,28333	50,00
5,30000	50,00
5,31667	50,00
5,33333	50,00
5,35000	50,00
5,36667	50,00
5,38333	50,00
5,40000	50,00
5,41667	50,00
5,43333	50,00
5,45000	50,00
5,46667	50,00
5,48333	50,00
5,50000	50,00
5,51667	50,00
5,53333	50,00
5,55000	50,00
5,56667	50,00
5,58333	50,00
5,60000	50,00
5,61667	50,00
5,63333	50,00
5,65000	50,00
5,66667	50,00
5,68333	50,00
5,70000	50,00
5,71667	50,00
5,73333	50,00
5,75000	50,00
5,76667	50,00
5,78333	50,00
5,80000	50,00
5,81667	50,00
5,83333	50,00
5,85000	50,00
5,86667	50,00
5,88333	50,00
5,90000	50,00
5,91667	50,00
5,93333	50,00
5,95000	50,00
5,96667	50,00
5,98333	50,00
6,00000	50,00
6,01667	50,00
6,03333	50,00
6,05000	50,00
6,06667	50,00
6,08333	49,99
6,10000	49,99
6,11667	49,99
6,13333	49,99
6,15000	49,99
6,16667	49,99
6,18333	49,99
6,20000	49,99
6,21667	49,99
6,23333	49,99
6,25000	49,99
6,26667	49,99
6,28333	49,99
6,30000	49,99
6,31667	50,00
6,33333	50,00
6,35000	50,00
6,36667	50,00
6,38333	50,00
6,40000	50,00
6,41667	50,00
6,43333	50,00
6,45000	50,00
6,46667	50,00
6,48333	50,00
6,50000	50,00
6,51667	50,00
6,53333	50,00
6,55000	50,00
6,56667	50,00
6,58333	49,99
6,60000	49,99
6,61667	49,99
6,63333	49,99
6,65000	49,99
6,66667	49,99
6,68333	49,99
6,70000	49,99
6,71667	49,99
6,73333	49,99
6,75000	49,99
6,76667	49,99
6,78333	49,99
6,80000	50,00
6,81667	49,99
6,83333	50,00
6,85000	49,99
6,86667	50,00
6,88333	50,00
6,90000	50,00
6,91667	50,00
6,93333	50,00
6,95000	50,00
6,96667	50,00
6,98333	50,00
7,00000	50,00
7,01667	50,00
7,03333	50,00
7,05000	50,00
7,06667	50,00
7,08333	50,00
7,10000	50,00
7,11667	50,00
7,13333	50,00
7,15000	50,00
7,16667	50,00
7,18333	50,00
7,20000	50,00
7,21667	50,00
7,23333	50,00
7,25000	50,00
7,26667	50,00
7,28333	50,00
7,30000	50,00
7,31667	50,00
7,33333	50,00
7,35000	50,00
7,36667	49,99
7,38333	49,99
7,40000	49,99
7,41667	49,99
7,43333	49,99
7,45000	49,99
7,46667	49,99
7,48333	49,99
7,50000	49,99
7,51667	49,99
7,53333	49,99
7,55000	49,99
7,56667	49,99
7,58333	49,99
7,60000	49,99
7,61667	49,99
7,63333	49,99
7,65000	49,99
7,66667	49,99
7,68333	49,99
7,70000	49,99
7,71667	49,99
7,73333	49,99
7,75000	49,99
7,76667	50,00
7,78333	50,00
7,80000	50,00
7,81667	50,00
7,83333	50,00
7,85000	50,00
7,86667	50,00
7,88333	50,00
7,90000	50,00
7,91667	50,00
7,93333	50,00
7,95000	50,00
7,96667	50,00
7,98333	50,00
8,00000	50,00
8,01667	50,00
8,03333	50,00
8,05000	50,00
8,06667	50,00
8,08333	50,00
8,10000	50,00
8,11667	50,00
8,13333	50,00
8,15000	50,00
8,16667	50,00
8,18333	50,00
8,20000	50,00
8,21667	50,00
8,23333	50,00
8,25000	50,00
8,26667	49,99
8,28333	50,00
8,30000	50,00
8,31667	50,00
8,33333	50,00
8,35000	50,00
8,36667	50,00
8,38333	50,00
8,40000	50,00
8,41667	50,00
8,43333	50,00
8,45000	50,00
8,46667	50,00
8,48333	50,00
8,50000	50,00
8,51667	50,00
8,53333	50,00
8,55000	50,00
8,56667	50,00
8,58333	50,00
8,60000	50,00
8,61667	50,00
8,63333	50,00
8,65000	50,00
8,66667	50,00
8,68333	50,00
8,70000	50,00
8,71667	50,00
8,73333	50,00
8,75000	50,00
8,76667	50,00
8,78333	50,00
8,80000	50,00
8,81667	50,00
8,83333	50,00
8,85000	50,00
8,86667	50,00
8,88333	50,00
8,90000	50,00
8,91667	50,00
8,93333	50,00
8,95000	50,00
8,96667	50,00
8,98333	50,00
9,00000	50,00
9,01667	50,00
9,03333	50,00
9,05000	50,00
9,06667	50,00
9,08333	50,00
9,10000	50,00
9,11667	50,00
9,13333	50,00
9,15000	50,00
9,16667	50,00
9,18333	50,00
9,20000	50,00
9,21667	50,00
9,23333	50,00
9,25000	50,00
9,26667	50,00
9,28333	50,00
9,30000	50,00
9,31667	50,00
9,33333	50,00
9,35000	50,00
9,36667	50,00
9,38333	50,00
9,40000	49,99
9,41667	49,99
9,43333	49,99
9,45000	49,99
9,46667	49,99
9,48333	49,99
9,50000	49,99
9,51667	49,99
9,53333	49,99
9,55000	49,99
9,56667	49,99
9,58333	49,99
9,60000	49,99
9,61667	49,99
9,63333	49,99
9,65000	49,99
9,66667	49,99
9,68333	49,99
9,70000	50,00
9,71667	50,00
9,73333	50,00
9,75000	50,00
9,76667	50,00
9,78333	50,00
9,80000	50,00
9,81667	50,00
9,83333	50,00
9,85000	50,00
9,86667	50,00
9,88333	50,00
9,90000	50,00
9,91667	50,00
9,93333	50,00
9,95000	50,00
9,96667	50,00
9,98333	50,00
10,00000	50,00
10,01667	50,00
10,03333	50,00
10,05000	50,00
10,06667	50,00
10,08333	50,00
10,10000	50,00
10,11667	50,00
10,13333	50,00
10,15000	50,00
10,16667	50,00
10,18333	50,00
10,20000	50,00
10,21667	49,99
10,23333	49,99
10,25000	49,99
10,26667	49,99
10,28333	49,99
10,30000	49,99
10,31667	49,99
10,33333	49,99
10,35000	49,99
10,36667	49,99
10,38333	49,99
10,40000	49,99
10,41667	49,99
10,43333	50,00
10,45000	50,00
10,46667	50,00
10,48333	50,00
10,50000	50,00
10,51667	50,00
10,53333	50,00
10,55000	50,00
10,56667	50,00
10,58333	50,00
10,60000	50,00
10,61667	50,00
10,63333	50,00
10,65000	50,00
10,66667	50,00
10,68333	50,00
10,70000	50,00
10,71667	50,00
10,73333	50,00
10,75000	50,00
10,76667	50,00
10,78333	50,00
10,80000	50,00
10,81667	50,00
10,83333	50,00
10,85000	50,00
10,86667	50,00
10,88333	50,00
10,90000	50,00
10,91667	50,00
10,93333	50,00
10,95000	50,00
10,96667	50,00
10,98333	50,00
11,00000	50,00
11,01667	50,00
11,03333	50,00
11,05000	50,00
11,06667	50,00
11,08333	50,00
11,10000	50,00
11,11667	50,00
11,13333	50,00
11,15000	50,00
11,16667	50,00
11,18333	50,00
11,20000	50,00
11,21667	50,00
11,23333	50,00
11,25000	50,00
11,26667	50,00
11,28333	50,00
11,30000	50,00
11,31667	50,00
11,33333	50,00
11,35000	50,00
11,36667	50,00
11,38333	50,00
11,40000	50,00
11,41667	50,00
11,43333	50,00
11,45000	50,00
11,46667	50,00
11,48333	49,99
11,50000	49,99
11,51667	49,99
11,53333	49,99
11,55000	49,99
11,56667	49,99
11,58333	49,99
11,60000	49,99
11,61667	49,99
11,63333	49,99
11,65000	49,99
11,66667	49,99
11,68333	50,00
11,70000	50,00
11,71667	50,00
11,73333	50,00
11,75000	50,00
11,76667	50,00
11,78333	50,00
11,80000	50,00
11,81667	50,00
11,83333	50,00
11,85000	50,00
11,86667	50,00
11,88333	50,00
11,90000	50,00
11,91667	50,00
11,93333	50,00
11,95000	50,00
11,96667	50,00
11,98333	50,00
12,00000	50,00
12,01667	50,00
12,03333	50,00
12,05000	50,00
12,06667	50,00
12,08333	50,00
12,10000	50,00
12,11667	50,00
12,13333	50,00
12,15000	50,00
12,16667	50,00
12,18333	50,00
12,20000	50,00
12,21667	50,00
12,23333	50,00
12,25000	50,00
12,26667	50,00
12,28333	50,00
12,30000	50,00
12,31667	50,00
12,33333	50,00
12,35000	50,00
12,36667	50,00
12,38333	50,00
12,40000	50,00
12,41667	50,00
12,43333	50,00
12,45000	50,00
12,46667	50,00
12,48333	50,00
12,50000	50,00
12,51667	50,00
12,53333	50,00
12,55000	50,00
12,56667	50,00
12,58333	50,00
12,60000	50,00
12,61667	50,00
12,63333	50,00
12,65000	50,00
12,66667	50,00
12,68333	50,00
12,70000	50,00
12,71667	50,00
12,73333	50,00
12,75000	50,00
12,76667	50,00
12,78333	50,00
12,80000	50,00
12,81667	50,00
12,83333	50,00
12,85000	49,99
12,86667	49,99
12,88333	49,99
12,90000	49,99
12,91667	49,99
12,93333	49,99
12,95000	49,99
12,96667	49,99
12,98333	49,99
13,00000	49,99
13,01667	49,99
13,03333	49,99
13,05000	49,99
13,06667	49,99
13,08333	49,99
13,10000	49,99
13,11667	49,99
13,13333	49,99
13,15000	49,99
13,16667	49,99
13,18333	49,99
13,20000	49,99
13,21667	49,99
13,23333	50,00
13,25000	50,00
13,26667	50,00
13,28333	50,00
13,30000	50,00
13,31667	50,00
13,33333	50,00
13,35000	50,00
13,36667	50,00
13,38333	50,00
13,40000	50,00
13,41667	50,00
13,43333	50,00
13,45000	50,00
13,46667	50,00
13,48333	50,00
13,50000	50,00
13,51667	50,00
13,53333	50,00
13,55000	50,00
13,56667	50,00
13,58333	50,00
13,60000	50,00
13,61667	50,00
13,63333	50,00
13,65000	50,00
13,66667	50,00
13,68333	50,00
13,70000	50,00
13,71667	50,00
13,73333	50,00
13,75000	50,00
13,76667	50,00
13,78333	50,00
13,80000	50,00
13,81667	50,00
13,83333	50,00
13,85000	50,00
13,86667	50,00
13,88333	50,00
13,90000	50,00
13,91667	50,00
13,93333	50,00
13,95000	50,00
13,96667	50,00
13,98333	50,00
14,00000	50,00
14,01667	50,00
14,03333	50,00
14,05000	50,00
14,06667	50,00
14,08333	50,00
14,10000	50,00
14,11667	50,00
14,13333	50,00
14,15000	50,00
14,16667	50,00
14,18333	50,00
14,20000	50,00
14,21667	50,00
14,23333	50,00
14,25000	50,00
14,26667	50,00
14,28333	50,00
14,30000	50,00
14,31667	50,00
14,33333	50,00
14,35000	50,00
14,36667	50,00
14,38333	50,00
14,40000	50,00
14,41667	50,00
14,43333	50,00
14,45000	50,00
14,46667	49,99
14,48333	49,99
14,50000	49,99
14,51667	49,99
14,53333	49,99
14,55000	49,99
14,56667	49,99
14,58333	49,99
14,60000	49,99
14,61667	49,99
14,63333	49,99
14,65000	49,99
14,66667	49,99
14,68333	49,99
14,70000	49,99
14,71667	49,99
14,73333	49,99
14,75000	49,99
14,76667	49,99
14,78333	49,99
14,80000	49,99
14,81667	49,99
14,83333	49,99
14,85000	49,99
14,86667	49,99
14,88333	49,99
14,90000	49,99
14,91667	49,99
14,93333	49,99
14,95000	49,99
14,96667	49,99
14,98333	50,00
15,00000	50,00
15,01667	50,00
15,03333	50,00
15,05000	50,00
15,06667	50,00
15,08333	50,00
15,10000	50,00
15,11667	50,00
15,13333	50,00
15,15000	50,00
15,16667	50,00
15,18333	50,00
15,20000	50,00
15,21667	50,00
15,23333	50,00
15,25000	50,00
15,26667	50,00
15,28333	50,00
15,30000	50,00
15,31667	49,99
15,33333	49,99
15,35000	49,99
15,36667	49,99
15,38333	49,99
15,40000	49,99
15,41667	49,99
15,43333	49,99
15,45000	49,99
15,46667	49,99
15,48333	49,99
15,50000	49,99
15,51667	50,00
15,53333	50,00
15,55000	50,00
15,56667	50,00
15,58333	50,00
15,60000	50,00
15,61667	50,00
15,63333	50,00
15,65000	50,00
15,66667	50,00
15,68333	50,00
15,70000	50,00
15,71667	50,00
15,73333	50,00
15,75000	50,00
15,76667	50,00
15,78333	50,00
15,80000	50,00
15,81667	50,00
15,83333	50,00
15,85000	50,00
15,86667	50,00
15,88333	50,00
15,90000	50,00
15,91667	50,00
15,93333	50,00
15,95000	50,00
15,96667	50,00
15,98333	50,00
16,00000	50,00
16,01667	50,00
16,03333	50,00
16,05000	50,00
16,06667	50,00
16,08333	50,00
16,10000	50,00
16,11667	50,00
16,13333	50,00
16,15000	50,00
16,16667	50,00
16,18333	50,00
16,20000	50,00
16,21667	50,00
16,23333	50,00
16,25000	50,00
16,26667	50,00
16,28333	50,00
16,30000	50,00
16,31667	50,00
16,33333	50,00
16,35000	50,00
16,36667	50,00
16,38333	50,00
16,40000	50,00
16,41667	50,00
16,43333	50,00
16,45000	50,00
16,46667	50,00
16,48333	50,00
16,50000	50,00
16,51667	50,00
16,53333	50,00
16,55000	50,00
16,56667	50,00
16,58333	50,00
16,60000	50,00
16,61667	49,99
16,63333	49,99
16,65000	49,99
16,66667	49,99
16,68333	49,99
16,70000	49,99
16,71667	49,99
16,73333	49,99
16,75000	49,99
16,76667	49,99
16,78333	49,99
16,80000	49,99
16,81667	49,99
16,83333	49,99
16,85000	49,99
16,86667	49,99
16,88333	49,99
16,90000	50,00
16,91667	50,00
16,93333	50,00
16,95000	50,00
16,96667	50,00
16,98333	50,00
17,00000	50,00
17,01667	50,00
17,03333	50,00
17,05000	50,00
17,06667	50,00
17,08333	50,00
17,10000	50,00
17,11667	50,00
17,13333	50,00
17,15000	50,00
17,16667	50,00
17,18333	50,00
17,20000	50,00
17,21667	50,00
17,23333	50,00
17,25000	50,00
17,26667	50,00
17,28333	50,00
17,30000	50,00
17,31667	50,00
17,33333	50,00
17,35000	50,00
17,36667	50,00
17,38333	50,00
17,40000	50,00
17,41667	50,00
17,43333	50,00
17,45000	50,00
17,46667	50,00
17,48333	50,00
17,50000	50,00
17,51667	50,00
17,53333	50,00
17,55000	50,00
17,56667	50,00
17,58333	50,00
17,60000	50,00
17,61667	50,00
17,63333	50,00
17,65000	50,00
17,66667	50,00
17,68333	50,00
17,70000	50,00
17,71667	50,00
17,73333	50,00
17,75000	50,00
17,76667	50,00
17,78333	50,00
17,80000	49,99
17,81667	49,99
17,83333	49,99
17,85000	49,99
17,86667	49,99
17,88333	49,99
17,90000	49,99
17,91667	49,99
17,93333	49,99
17,95000	49,99
17,96667	49,99
17,98333	49,99
18,00000	49,99
18,01667	49,99
18,03333	49,99
18,05000	49,99
18,06667	50,00
18,08333	50,00
18,10000	50,00
18,11667	50,00
18,13333	50,00
18,15000	50,00
18,16667	50,00
18,18333	50,00
18,20000	50,00
18,21667	50,00
18,23333	50,00
18,25000	50,00
18,26667	50,00
18,28333	50,00
18,30000	50,00
18,31667	50,00
18,33333	50,00
18,35000	50,00
18,36667	50,00
18,38333	50,00
18,40000	50,00
18,41667	50,00
18,43333	50,00
18,45000	50,00
18,46667	50,00
18,48333	50,00
18,50000	50,00
18,51667	50,00
18,53333	50,00
18,55000	50,00
18,56667	50,00
18,58333	50,00
18,60000	49,99
18,61667	49,99
18,63333	49,99
18,65000	49,99
18,66667	49,99
18,68333	49,99
18,70000	49,99
18,71667	49,99
18,73333	49,99
18,75000	49,99
18,76667	49,99
18,78333	49,99
18,80000	49,99
18,81667	49,99
18,83333	49,99
18,85000	49,99
18,86667	49,99
18,88333	49,99
18,90000	49,99
18,91667	49,99
18,93333	49,99
18,95000	49,99
18,96667	49,99
18,98333	49,99
19,00000	49,99
19,01667	49,99
19,03333	49,99
19,05000	49,99
19,06667	50,00
19,08333	50,00
19,10000	50,00
19,11667	50,00
19,13333	50,00
19,15000	50,00
19,16667	50,00
19,18333	50,00
19,20000	50,00
19,21667	50,00
19,23333	50,00
19,25000	50,00
19,26667	50,00
19,28333	50,00
19,30000	50,00
19,31667	50,00
19,33333	50,00
19,35000	50,00
19,36667	50,00
19,38333	50,00
19,40000	50,00
19,41667	50,00
19,43333	50,00
19,45000	50,00
19,46667	50,00
19,48333	50,00
19,50000	50,00
19,51667	50,00
19,53333	50,00
19,55000	50,00
19,56667	50,00
19,58333	49,99
19,60000	49,99
19,61667	49,99
19,63333	49,99
19,65000	49,99
19,66667	49,99
19,68333	49,99
19,70000	49,99
19,71667	49,99
19,73333	49,99
19,75000	49,99
19,76667	49,99
19,78333	49,99
19,80000	49,99
19,81667	49,99
19,83333	49,99
19,85000	49,99
19,86667	49,99
19,88333	49,99
19,90000	49,99
19,91667	49,99
19,93333	49,99
19,95000	49,99
19,96667	49,99
19,98333	49,99
20,00000	49,99
20,01667	49,99
20,03333	50,00
20,05000	50,00
20,06667	50,00
20,08333	50,00
20,10000	50,00
20,11667	50,00
20,13333	50,00
20,15000	50,00
20,16667	50,00
20,18333	50,00
20,20000	50,00
20,21667	50,00
20,23333	50,00
20,25000	50,00
20,26667	50,00
20,28333	50,00
20,30000	50,00
20,31667	50,00
20,33333	50,00
20,35000	50,00
20,36667	50,00
20,38333	50,00
20,40000	50,00
20,41667	50,00
20,43333	50,00
20,45000	50,00
20,46667	50,00
20,48333	50,00
20,50000	50,00
20,51667	50,00
20,53333	50,00
20,55000	50,00
20,56667	50,00
20,58333	50,00
20,60000	50,00
20,61667	50,00
20,63333	50,00
20,65000	50,00
20,66667	50,00
20,68333	49,99
20,70000	49,99
20,71667	49,99
20,73333	49,99
20,75000	49,99
20,76667	49,99
20,78333	49,99
20,80000	49,99
20,81667	49,99
20,83333	49,99
20,85000	49,99
20,86667	49,99
20,88333	49,99
20,90000	49,99
20,91667	49,99
20,93333	50,00
20,95000	50,00
20,96667	50,00
20,98333	50,00
21,00000	50,00
21,01667	50,00
21,03333	50,00
21,05000	50,00
21,06667	50,00
21,08333	50,00
21,10000	50,00
21,11667	50,00
21,13333	50,00
21,15000	50,00
21,16667	50,00
21,18333	50,00
21,20000	50,00
21,21667	50,00
21,23333	50,00
21,25000	50,00
21,26667	50,00
21,28333	50,00
21,30000	50,00
21,31667	50,00
21,33333	50,00
21,35000	50,00
21,36667	50,00
21,38333	50,00
21,40000	50,00
21,41667	50,00
21,43333	50,00
21,45000	50,00
21,46667	50,00
21,48333	50,00
21,50000	50,00
21,51667	50,00
21,53333	50,00
21,55000	50,00
21,56667	50,00
21,58333	49,99
21,60000	49,99
21,61667	49,99
21,63333	49,99
21,65000	49,99
21,66667	49,99
21,68333	49,99
21,70000	49,99
21,71667	49,99
21,73333	49,99
21,75000	49,99
21,76667	49,99
21,78333	49,99
21,80000	50,00
21,81667	50,00
21,83333	50,00
21,85000	50,00
21,86667	50,00
21,88333	50,00
21,90000	50,00
21,91667	50,00
21,93333	50,00
21,95000	50,00
21,96667	50,00
21,98333	50,00
22,00000	50,00
22,01667	50,00
22,03333	50,00
22,05000	50,00
22,06667	50,00
22,08333	50,00
22,10000	50,00
22,11667	50,00
22,13333	50,00
22,15000	50,00
22,16667	50,00
22,18333	50,00
22,20000	50,00
22,21667	50,00
22,23333	50,00
22,25000	50,00
22,26667	50,00
22,28333	50,00
22,30000	50,00
22,31667	49,99
22,33333	49,99
22,35000	49,99
22,36667	49,99
22,38333	49,99
22,40000	49,99
22,41667	49,99
22,43333	49,99
22,45000	49,99
22,46667	49,99
22,48333	49,99
22,50000	49,99
22,51667	49,99
22,53333	49,99
22,55000	49,99
22,56667	49,99
22,58333	49,99
22,60000	50,00
22,61667	49,99
22,63333	49,99
22,65000	49,99
22,66667	50,00
22,68333	50,00
22,70000	50,00
22,71667	50,00
22,73333	50,00
22,75000	50,00
22,76667	50,00
22,78333	50,00
22,80000	50,00
22,81667	50,00
22,83333	50,00
22,85000	50,00
22,86667	50,00
22,88333	50,00
22,90000	50,00
22,91667	50,00
22,93333	50,00
22,95000	50,00
22,96667	50,00
22,98333	50,00
23,00000	50,00
23,01667	50,00
23,03333	50,00
23,05000	50,00
23,06667	50,00
23,08333	50,00
23,10000	50,00
23,11667	50,00
23,13333	50,00
23,15000	49,99
23,16667	49,99
23,18333	49,99
23,20000	49,99
23,21667	49,99
23,23333	49,99
23,25000	49,99
23,26667	49,99
23,28333	49,99
23,30000	49,99
23,31667	49,99
23,33333	49,99
23,35000	49,99
23,36667	49,99
23,38333	49,99
23,40000	49,99
23,41667	49,99
23,43333	49,99
23,45000	49,99
23,46667	49,99
23,48333	49,99
23,50000	49,99
23,51667	49,99
23,53333	49,99
23,55000	49,99
23,56667	49,99
23,58333	49,99
23,60000	49,99
23,61667	49,99
23,63333	49,99
23,65000	49,99
23,66667	49,99
23,68333	49,99
23,70000	49,99
23,71667	49,99
23,73333	50,00
23,75000	50,00
23,76667	50,00
23,78333	50,00
23,80000	50,00
23,81667	50,00
23,83333	50,00
23,85000	50,00
23,86667	50,00
23,88333	50,00
23,90000	50,00
23,91667	50,00
23,93333	50,00
23,95000	50,00
23,96667	50,00
23,98333	50,00
24,00000	50,00
24,01667	50,00
24,03333	50,00
24,05000	50,00
24,06667	50,00
24,08333	50,00
24,10000	50,00
24,11667	50,00
24,13333	50,00
24,15000	50,00
24,16667	50,00
24,18333	50,00
24,20000	50,00
24,21667	50,00
24,23333	50,00
24,25000	50,00
24,26667	50,00
24,28333	50,00
24,30000	50,00
24,31667	50,00
24,33333	50,00
24,35000	50,00
24,36667	50,00
24,38333	50,00
24,40000	50,00
24,41667	50,00
24,43333	50,00
24,45000	50,00
24,46667	50,00
24,48333	50,00
24,50000	50,00
24,51667	50,00
24,53333	50,00
24,55000	50,00
24,56667	50,00
24,58333	50,00
24,60000	50,00
24,61667	50,00
24,63333	50,00
24,65000	50,00
24,66667	50,00
24,68333	50,00
24,70000	50,00
24,71667	50,00
24,73333	50,00
24,75000	50,00
24,76667	50,00
24,78333	50,00
24,80000	50,00
24,81667	50,00
24,83333	50,00
24,85000	50,00
24,86667	50,00
24,88333	50,00
24,90000	50,00
24,91667	50,00
24,93333	50,00
24,95000	50,00
24,96667	50,00
24,98333	50,00
25,00000	50,00
25,01667	50,00
25,03333	50,00
25,05000	50,00
25,06667	50,00
25,08333	50,00
25,10000	50,00
25,11667	50,00
25,13333	50,00
25,15000	50,00
25,16667	50,00
25,18333	50,00
25,20000	50,00
25,21667	50,00
25,23333	50,00
25,25000	50,00
25,26667	50,00
25,28333	50,00
25,30000	50,00
25,31667	50,00
25,33333	50,00
25,35000	50,00
25,36667	50,00
25,38333	50,00
25,40000	50,00
25,41667	50,00
25,43333	50,00
25,45000	50,00
25,46667	50,00
25,48333	50,00
25,50000	50,00
25,51667	50,00
25,53333	50,00
25,55000	50,00
25,56667	50,00
25,58333	50,00
25,60000	50,00
25,61667	50,00
25,63333	50,00
25,65000	50,00
25,66667	50,00
25,68333	50,00
25,70000	50,00
25,71667	50,00
25,73333	50,00
25,75000	50,00
25,76667	50,00
25,78333	50,00
25,80000	50,00
25,81667	50,00
25,83333	50,00
25,85000	50,00
25,86667	50,00
25,88333	50,00
25,90000	50,00
25,91667	50,00
25,93333	50,00
25,95000	50,00
25,96667	50,00
25,98333	50,00
26,00000	50,00
26,01667	50,00
26,03333	50,00
26,05000	50,00
26,06667	50,00
26,08333	50,00
26,10000	50,00
26,11667	50,00
26,13333	50,00
26,15000	50,00
26,16667	50,00
26,18333	50,00
26,20000	50,00
26,21667	50,00
26,23333	50,00
26,25000	50,00
26,26667	50,00
26,28333	50,00
26,30000	50,00
26,31667	50,00
26,33333	50,00
26,35000	50,00
26,36667	50,00
26,38333	50,00
26,40000	50,00
26,41667	50,00
26,43333	50,00
26,45000	50,00
26,46667	50,00
26,48333	50,00
26,50000	50,00
26,51667	50,00
26,53333	50,00
26,55000	50,00
26,56667	50,00
26,58333	50,00
26,60000	50,00
26,61667	50,00
26,63333	50,00
26,65000	50,00
26,66667	50,00
26,68333	50,00
26,70000	50,00
26,71667	50,00
26,73333	50,00
26,75000	50,00
26,76667	50,00
26,78333	50,00
26,80000	50,00
26,81667	50,00
26,83333	50,00
26,85000	50,00
26,86667	50,00
26,88333	50,00
26,90000	50,00
26,91667	50,00
26,93333	50,00
26,95000	50,00
26,96667	50,00
26,98333	50,00
27,00000	50,00
27,01667	50,00
27,03333	50,00
27,05000	50,00
27,06667	50,00
27,08333	50,00
27,10000	50,00
27,11667	50,00
27,13333	50,00
27,15000	50,00
27,16667	50,00
27,18333	50,00
27,20000	50,00
27,21667	50,00
27,23333	50,00
27,25000	50,00
27,26667	50,00
27,28333	50,00
27,30000	50,00
27,31667	50,00
27,33333	50,00
27,35000	50,00
27,36667	50,00
27,38333	50,00
27,40000	50,00
27,41667	50,00
27,43333	50,00
27,45000	50,00
27,46667	50,00
27,48333	50,00
27,50000	50,00
27,51667	50,00
27,53333	50,00
27,55000	50,00
27,56667	50,00
27,58333	50,00
27,60000	50,00
27,61667	50,00
27,63333	50,00
27,65000	50,00
27,66667	50,00
27,68333	50,00
27,70000	50,00
27,71667	50,00
27,73333	50,00
27,75000	50,00
27,76667	50,00
27,78333	50,00
27,80000	50,00
27,81667	50,00
27,83333	50,00
27,85000	50,00
27,86667	50,00
27,88333	50,00
27,90000	50,00
27,91667	50,00
27,93333	50,00
27,95000	50,00
27,96667	49,99
27,98333	49,99
28,00000	49,99
28,01667	49,99
28,03333	49,99
28,05000	49,99
28,06667	49,99
28,08333	49,99
28,10000	49,99
28,11667	49,99
28,13333	49,99
28,15000	49,99
28,16667	49,99
28,18333	49,99
28,20000	49,99
28,21667	49,99
28,23333	49,99
28,25000	49,99
28,26667	49,99
28,28333	49,99
28,30000	49,99
28,31667	49,99
28,33333	49,99
28,35000	49,99
28,36667	49,99
28,38333	49,99
28,40000	49,99
28,41667	49,99
28,43333	49,99
28,45000	49,99
28,46667	49,99
28,48333	49,99
28,50000	49,99
28,51667	49,99
28,53333	49,99
28,55000	49,99
28,56667	49,99
28,58333	49,99
28,60000	49,99
28,61667	49,99
28,63333	49,99
28,65000	50,00
28,66667	50,00
28,68333	50,00
28,70000	50,00
28,71667	50,00
28,73333	50,00
28,75000	50,00
28,76667	50,00
28,78333	50,00
28,80000	50,00
28,81667	50,00
28,83333	50,00
28,85000	50,00
28,86667	50,00
28,88333	49,99
28,90000	49,99
28,91667	49,99
28,93333	49,99
28,95000	49,99
28,96667	49,99
28,98333	49,99
29,00000	49,99
29,01667	49,99
29,03333	50,00
29,05000	50,00
29,06667	50,00
29,08333	50,00
29,10000	50,00
29,11667	50,00
29,13333	50,00
29,15000	50,00
29,16667	50,00
29,18333	50,00
29,20000	50,00
29,21667	50,00
29,23333	50,00
29,25000	50,00
29,26667	49,99
29,28333	49,99
29,30000	49,99
29,31667	49,99
29,33333	49,99
29,35000	49,99
29,36667	49,99
29,38333	49,99
29,40000	49,99
29,41667	49,99
29,43333	50,00
29,45000	50,00
29,46667	50,00
29,48333	50,00
29,50000	50,00
29,51667	50,00
29,53333	50,00
29,55000	50,00
29,56667	50,00
29,58333	50,00
29,60000	50,00
29,61667	50,00
29,63333	50,00
29,65000	50,00
29,66667	50,00
29,68333	50,00
29,70000	50,00
29,71667	50,00
29,73333	49,99
29,75000	49,99
29,76667	49,99
29,78333	49,99
29,80000	49,99
29,81667	49,99
29,83333	49,99
29,85000	49,99
29,86667	49,99
29,88333	49,99
29,90000	49,99
29,91667	49,99
29,93333	49,99
29,95000	49,99
29,96667	49,99
29,98333	49,99
30,00000	49,99
30,01667	49,99
30,03333	49,99
30,05000	49,99
30,06667	49,99
30,08333	49,99
30,10000	49,99
30,11667	49,99
30,13333	49,99
30,15000	49,99
30,16667	49,99
30,18333	49,99
30,20000	49,99
30,21667	49,99
30,23333	49,99
30,25000	49,99
30,26667	49,99
30,28333	49,99
30,30000	49,99
30,31667	49,99
30,33333	49,99
30,35000	49,99
30,36667	49,99
30,38333	49,99
30,40000	49,99
30,41667	49,99
30,43333	49,99
30,45000	49,99
30,46667	49,99
30,48333	49,99
30,50000	49,99
30,51667	49,99
30,53333	49,99
30,55000	49,99
30,56667	49,99
30,58333	49,99
30,60000	49,99
30,61667	49,99
30,63333	49,99
30,65000	49,99
30,66667	49,99
30,68333	49,99
30,70000	49,99
30,71667	49,99
30,73333	49,99
30,75000	49,99
30,76667	49,99
30,78333	49,99
30,80000	49,99
30,81667	49,99
30,83333	49,99
30,85000	49,99
30,86667	49,99
30,88333	49,99
30,90000	49,99
30,91667	50,00
30,93333	50,00
30,95000	50,00
30,96667	50,00
30,98333	50,00
31,00000	50,00
31,01667	50,00
31,03333	49,99
31,05000	49,99
31,06667	49,99
31,08333	49,99
31,10000	49,99
31,11667	49,99
31,13333	49,99
31,15000	49,99
31,16667	49,99
31,18333	49,99
31,20000	49,99
31,21667	49,99
31,23333	49,99
31,25000	49,99
31,26667	49,99
31,28333	49,99
31,30000	49,99
31,31667	49,99
31,33333	49,99
31,35000	49,99
31,36667	49,99
31,38333	49,99
31,40000	49,99
31,41667	49,99
31,43333	49,99
31,45000	49,99
31,46667	49,99
31,48333	49,99
31,50000	49,99
31,51667	49,99
31,53333	49,99
31,55000	49,99
31,56667	49,99
31,58333	49,99
31,60000	49,99
31,61667	49,99
31,63333	49,99
31,65000	49,99
31,66667	49,99
31,68333	49,99
31,70000	49,99
31,71667	49,99
31,73333	49,99
31,75000	49,99
31,76667	49,99
31,78333	49,99
31,80000	49,99
31,81667	49,99
31,83333	49,99
31,85000	49,99
31,86667	49,99
31,88333	49,99
31,90000	49,99
31,91667	50,00
31,93333	50,00
31,95000	50,00
31,96667	50,00
31,98333	50,00
32,00000	50,00

[LC Status Trace(PDA Optical Unit Temp.)]
Interval(msec)	1000
# of Points	1921
Start Time(min)	0,000
End Time(min)	32,000
Intensity Units	C
Intensity Multiplier	1
R.Time (min)	Intensity
0,00000	47,05
0,01667	47,05
0,03333	47,05
0,05000	47,05
0,06667	47,05
0,08333	47,05
0,10000	47,05
0,11667	47,05
0,13333	47,05
0,15000	47,05
0,16667	47,05
0,18333	47,05
0,20000	47,05
0,21667	47,05
0,23333	47,05
0,25000	47,05
0,26667	47,05
0,28333	47,05
0,30000	47,05
0,31667	47,06
0,33333	47,06
0,35000	47,06
0,36667	47,06
0,38333	47,06
0,40000	47,06
0,41667	47,06
0,43333	47,06
0,45000	47,06
0,46667	47,06
0,48333	47,06
0,50000	47,06
0,51667	47,06
0,53333	47,06
0,55000	47,06
0,56667	47,06
0,58333	47,06
0,60000	47,06
0,61667	47,06
0,63333	47,06
0,65000	47,06
0,66667	47,06
0,68333	47,06
0,70000	47,06
0,71667	47,06
0,73333	47,06
0,75000	47,06
0,76667	47,06
0,78333	47,06
0,80000	47,06
0,81667	47,06
0,83333	47,06
0,85000	47,06
0,86667	47,06
0,88333	47,06
0,90000	47,06
0,91667	47,06
0,93333	47,06
0,95000	47,06
0,96667	47,06
0,98333	47,06
1,00000	47,06
1,01667	47,06
1,03333	47,06
1,05000	47,06
1,06667	47,06
1,08333	47,06
1,10000	47,06
1,11667	47,06
1,13333	47,06
1,15000	47,06
1,16667	47,06
1,18333	47,06
1,20000	47,06
1,21667	47,06
1,23333	47,06
1,25000	47,06
1,26667	47,06
1,28333	47,06
1,30000	47,06
1,31667	47,06
1,33333	47,06
1,35000	47,06
1,36667	47,06
1,38333	47,06
1,40000	47,06
1,41667	47,06
1,43333	47,06
1,45000	47,06
1,46667	47,06
1,48333	47,06
1,50000	47,06
1,51667	47,06
1,53333	47,06
1,55000	47,06
1,56667	47,06
1,58333	47,06
1,60000	47,06
1,61667	47,06
1,63333	47,06
1,65000	47,06
1,66667	47,06
1,68333	47,06
1,70000	47,06
1,71667	47,06
1,73333	47,06
1,75000	47,06
1,76667	47,06
1,78333	47,06
1,80000	47,06
1,81667	47,06
1,83333	47,06
1,85000	47,06
1,86667	47,06
1,88333	47,06
1,90000	47,06
1,91667	47,06
1,93333	47,06
1,95000	47,06
1,96667	47,06
1,98333	47,06
2,00000	47,06
2,01667	47,06
2,03333	47,06
2,05000	47,06
2,06667	47,06
2,08333	47,06
2,10000	47,06
2,11667	47,06
2,13333	47,06
2,15000	47,06
2,16667	47,06
2,18333	47,06
2,20000	47,06
2,21667	47,06
2,23333	47,06
2,25000	47,06
2,26667	47,06
2,28333	47,06
2,30000	47,06
2,31667	47,06
2,33333	47,06
2,35000	47,06
2,36667	47,06
2,38333	47,06
2,40000	47,06
2,41667	47,06
2,43333	47,06
2,45000	47,06
2,46667	47,06
2,48333	47,06
2,50000	47,06
2,51667	47,06
2,53333	47,06
2,55000	47,06
2,56667	47,06
2,58333	47,06
2,60000	47,06
2,61667	47,06
2,63333	47,06
2,65000	47,06
2,66667	47,06
2,68333	47,06
2,70000	47,06
2,71667	47,06
2,73333	47,06
2,75000	47,06
2,76667	47,06
2,78333	47,06
2,80000	47,06
2,81667	47,06
2,83333	47,06
2,85000	47,06
2,86667	47,06
2,88333	47,06
2,90000	47,06
2,91667	47,06
2,93333	47,06
2,95000	47,06
2,96667	47,06
2,98333	47,06
3,00000	47,06
3,01667	47,06
3,03333	47,06
3,05000	47,06
3,06667	47,06
3,08333	47,06
3,10000	47,06
3,11667	47,06
3,13333	47,06
3,15000	47,06
3,16667	47,06
3,18333	47,06
3,20000	47,06
3,21667	47,06
3,23333	47,06
3,25000	47,06
3,26667	47,06
3,28333	47,06
3,30000	47,06
3,31667	47,06
3,33333	47,06
3,35000	47,06
3,36667	47,06
3,38333	47,06
3,40000	47,06
3,41667	47,06
3,43333	47,06
3,45000	47,06
3,46667	47,06
3,48333	47,06
3,50000	47,06
3,51667	47,06
3,53333	47,06
3,55000	47,06
3,56667	47,06
3,58333	47,06
3,60000	47,06
3,61667	47,06
3,63333	47,06
3,65000	47,06
3,66667	47,06
3,68333	47,06
3,70000	47,06
3,71667	47,06
3,73333	47,06
3,75000	47,06
3,76667	47,06
3,78333	47,06
3,80000	47,06
3,81667	47,06
3,83333	47,06
3,85000	47,06
3,86667	47,06
3,88333	47,06
3,90000	47,06
3,91667	47,06
3,93333	47,06
3,95000	47,06
3,96667	47,06
3,98333	47,06
4,00000	47,06
4,01667	47,06
4,03333	47,06
4,05000	47,06
4,06667	47,06
4,08333	47,06
4,10000	47,06
4,11667	47,06
4,13333	47,06
4,15000	47,06
4,16667	47,06
4,18333	47,06
4,20000	47,06
4,21667	47,06
4,23333	47,06
4,25000	47,06
4,26667	47,06
4,28333	47,06
4,30000	47,06
4,31667	47,06
4,33333	47,06
4,35000	47,06
4,36667	47,06
4,38333	47,06
4,40000	47,06
4,41667	47,06
4,43333	47,06
4,45000	47,06
4,46667	47,06
4,48333	47,06
4,50000	47,06
4,51667	47,06
4,53333	47,06
4,55000	47,06
4,56667	47,06
4,58333	47,06
4,60000	47,06
4,61667	47,06
4,63333	47,06
4,65000	47,06
4,66667	47,06
4,68333	47,06
4,70000	47,06
4,71667	47,06
4,73333	47,06
4,75000	47,06
4,76667	47,06
4,78333	47,06
4,80000	47,06
4,81667	47,06
4,83333	47,06
4,85000	47,06
4,86667	47,06
4,88333	47,06
4,90000	47,06
4,91667	47,06
4,93333	47,06
4,95000	47,06
4,96667	47,06
4,98333	47,06
5,00000	47,06
5,01667	47,06
5,03333	47,06
5,05000	47,06
5,06667	47,06
5,08333	47,06
5,10000	47,06
5,11667	47,06
5,13333	47,06
5,15000	47,06
5,16667	47,06
5,18333	47,06
5,20000	47,06
5,21667	47,06
5,23333	47,06
5,25000	47,06
5,26667	47,06
5,28333	47,06
5,30000	47,06
5,31667	47,06
5,33333	47,06
5,35000	47,06
5,36667	47,06
5,38333	47,06
5,40000	47,06
5,41667	47,06
5,43333	47,06
5,45000	47,06
5,46667	47,06
5,48333	47,06
5,50000	47,06
5,51667	47,06
5,53333	47,06
5,55000	47,06
5,56667	47,06
5,58333	47,06
5,60000	47,06
5,61667	47,06
5,63333	47,06
5,65000	47,06
5,66667	47,06
5,68333	47,06
5,70000	47,06
5,71667	47,06
5,73333	47,06
5,75000	47,06
5,76667	47,06
5,78333	47,06
5,80000	47,06
5,81667	47,06
5,83333	47,06
5,85000	47,06
5,86667	47,06
5,88333	47,06
5,90000	47,06
5,91667	47,06
5,93333	47,05
5,95000	47,05
5,96667	47,05
5,98333	47,05
6,00000	47,05
6,01667	47,05
6,03333	47,05
6,05000	47,05
6,06667	47,05
6,08333	47,05
6,10000	47,05
6,11667	47,05
6,13333	47,06
6,15000	47,05
6,16667	47,05
6,18333	47,05
6,20000	47,05
6,21667	47,05
6,23333	47,05
6,25000	47,06
6,26667	47,06
6,28333	47,05
6,30000	47,06
6,31667	47,06
6,33333	47,05
6,35000	47,05
6,36667	47,05
6,38333	47,05
6,40000	47,05
6,41667	47,05
6,43333	47,05
6,45000	47,05
6,46667	47,05
6,48333	47,05
6,50000	47,05
6,51667	47,05
6,53333	47,05
6,55000	47,05
6,56667	47,05
6,58333	47,05
6,60000	47,05
6,61667	47,05
6,63333	47,05
6,65000	47,05
6,66667	47,05
6,68333	47,05
6,70000	47,05
6,71667	47,05
6,73333	47,05
6,75000	47,05
6,76667	47,05
6,78333	47,05
6,80000	47,05
6,81667	47,05
6,83333	47,05
6,85000	47,05
6,86667	47,05
6,88333	47,05
6,90000	47,05
6,91667	47,05
6,93333	47,05
6,95000	47,05
6,96667	47,05
6,98333	47,05
7,00000	47,05
7,01667	47,05
7,03333	47,05
7,05000	47,05
7,06667	47,05
7,08333	47,05
7,10000	47,05
7,11667	47,05
7,13333	47,05
7,15000	47,05
7,16667	47,05
7,18333	47,05
7,20000	47,05
7,21667	47,05
7,23333	47,05
7,25000	47,05
7,26667	47,05
7,28333	47,05
7,30000	47,05
7,31667	47,05
7,33333	47,05
7,35000	47,05
7,36667	47,05
7,38333	47,05
7,40000	47,05
7,41667	47,05
7,43333	47,05
7,45000	47,05
7,46667	47,05
7,48333	47,05
7,50000	47,05
7,51667	47,05
7,53333	47,05
7,55000	47,05
7,56667	47,05
7,58333	47,05
7,60000	47,05
7,61667	47,05
7,63333	47,05
7,65000	47,05
7,66667	47,05
7,68333	47,05
7,70000	47,05
7,71667	47,05
7,73333	47,05
7,75000	47,05
7,76667	47,05
7,78333	47,05
7,80000	47,05
7,81667	47,05
7,83333	47,05
7,85000	47,05
7,86667	47,05
7,88333	47,05
7,90000	47,05
7,91667	47,05
7,93333	47,05
7,95000	47,05
7,96667	47,05
7,98333	47,05
8,00000	47,05
8,01667	47,05
8,03333	47,05
8,05000	47,05
8,06667	47,05
8,08333	47,05
8,10000	47,05
8,11667	47,05
8,13333	47,05
8,15000	47,05
8,16667	47,05
8,18333	47,05
8,20000	47,05
8,21667	47,05
8,23333	47,05
8,25000	47,05
8,26667	47,05
8,28333	47,05
8,30000	47,05
8,31667	47,05
8,33333	47,05
8,35000	47,05
8,36667	47,05
8,38333	47,05
8,40000	47,05
8,41667	47,05
8,43333	47,05
8,45000	47,05
8,46667	47,05
8,48333	47,05
8,50000	47,05
8,51667	47,05
8,53333	47,05
8,55000	47,05
8,56667	47,05
8,58333	47,05
8,60000	47,05
8,61667	47,05
8,63333	47,05
8,65000	47,05
8,66667	47,05
8,68333	47,05
8,70000	47,05
8,71667	47,05
8,73333	47,05
8,75000	47,05
8,76667	47,05
8,78333	47,05
8,80000	47,05
8,81667	47,05
8,83333	47,05
8,85000	47,05
8,86667	47,05
8,88333	47,05
8,90000	47,05
8,91667	47,05
8,93333	47,05
8,95000	47,05
8,96667	47,05
8,98333	47,05
9,00000	47,05
9,01667	47,05
9,03333	47,05
9,05000	47,05
9,06667	47,05
9,08333	47,05
9,10000	47,05
9,11667	47,05
9,13333	47,05
9,15000	47,05
9,16667	47,05
9,18333	47,05
9,20000	47,05
9,21667	47,04
9,23333	47,04
9,25000	47,04
9,26667	47,04
9,28333	47,04
9,30000	47,04
9,31667	47,04
9,33333	47,04
9,35000	47,04
9,36667	47,04
9,38333	47,04
9,40000	47,04
9,41667	47,04
9,43333	47,04
9,45000	47,04
9,46667	47,04
9,48333	47,04
9,50000	47,04
9,51667	47,04
9,53333	47,04
9,55000	47,04
9,56667	47,04
9,58333	47,04
9,60000	47,04
9,61667	47,04
9,63333	47,04
9,65000	47,04
9,66667	47,04
9,68333	47,04
9,70000	47,04
9,71667	47,04
9,73333	47,04
9,75000	47,04
9,76667	47,04
9,78333	47,04
9,80000	47,04
9,81667	47,04
9,83333	47,04
9,85000	47,04
9,86667	47,04
9,88333	47,04
9,90000	47,04
9,91667	47,04
9,93333	47,04
9,95000	47,04
9,96667	47,04
9,98333	47,04
10,00000	47,04
10,01667	47,04
10,03333	47,04
10,05000	47,04
10,06667	47,04
10,08333	47,04
10,10000	47,04
10,11667	47,04
10,13333	47,04
10,15000	47,04
10,16667	47,04
10,18333	47,04
10,20000	47,04
10,21667	47,04
10,23333	47,04
10,25000	47,04
10,26667	47,04
10,28333	47,04
10,30000	47,04
10,31667	47,04
10,33333	47,04
10,35000	47,04
10,36667	47,04
10,38333	47,04
10,40000	47,04
10,41667	47,04
10,43333	47,04
10,45000	47,04
10,46667	47,04
10,48333	47,04
10,50000	47,04
10,51667	47,04
10,53333	47,04
10,55000	47,04
10,56667	47,04
10,58333	47,04
10,60000	47,04
10,61667	47,04
10,63333	47,04
10,65000	47,04
10,66667	47,04
10,68333	47,04
10,70000	47,04
10,71667	47,04
10,73333	47,04
10,75000	47,04
10,76667	47,04
10,78333	47,04
10,80000	47,04
10,81667	47,04
10,83333	47,04
10,85000	47,04
10,86667	47,04
10,88333	47,04
10,90000	47,04
10,91667	47,04
10,93333	47,04
10,95000	47,04
10,96667	47,04
10,98333	47,04
11,00000	47,04
11,01667	47,04
11,03333	47,04
11,05000	47,04
11,06667	47,04
11,08333	47,04
11,10000	47,04
11,11667	47,04
11,13333	47,04
11,15000	47,04
11,16667	47,04
11,18333	47,04
11,20000	47,04
11,21667	47,04
11,23333	47,04
11,25000	47,04
11,26667	47,04
11,28333	47,04
11,30000	47,04
11,31667	47,04
11,33333	47,04
11,35000	47,04
11,36667	47,04
11,38333	47,04
11,40000	47,04
11,41667	47,04
11,43333	47,04
11,45000	47,04
11,46667	47,04
11,48333	47,04
11,50000	47,04
11,51667	47,04
11,53333	47,04
11,55000	47,04
11,56667	47,04
11,58333	47,04
11,60000	47,04
11,61667	47,04
11,63333	47,04
11,65000	47,04
11,66667	47,04
11,68333	47,04
11,70000	47,04
11,71667	47,04
11,73333	47,04
11,75000	47,04
11,76667	47,04
11,78333	47,04
11,80000	47,04
11,81667	47,04
11,83333	47,04
11,85000	47,04
11,86667	47,04
11,88333	47,04
11,90000	47,04
11,91667	47,04
11,93333	47,04
11,95000	47,04
11,96667	47,04
11,98333	47,04
12,00000	47,04
12,01667	47,04
12,03333	47,04
12,05000	47,04
12,06667	47,04
12,08333	47,04
12,10000	47,04
12,11667	47,04
12,13333	47,04
12,15000	47,04
12,16667	47,04
12,18333	47,04
12,20000	47,04
12,21667	47,04
12,23333	47,04
12,25000	47,04
12,26667	47,04
12,28333	47,04
12,30000	47,04
12,31667	47,04
12,33333	47,04
12,35000	47,04
12,36667	47,04
12,38333	47,03
12,40000	47,03
12,41667	47,03
12,43333	47,03
12,45000	47,03
12,46667	47,03
12,48333	47,03
12,50000	47,03
12,51667	47,03
12,53333	47,03
12,55000	47,03
12,56667	47,03
12,58333	47,03
12,60000	47,03
12,61667	47,03
12,63333	47,03
12,65000	47,03
12,66667	47,03
12,68333	47,03
12,70000	47,03
12,71667	47,03
12,73333	47,03
12,75000	47,03
12,76667	47,03
12,78333	47,03
12,80000	47,03
12,81667	47,03
12,83333	47,03
12,85000	47,03
12,86667	47,03
12,88333	47,03
12,90000	47,03
12,91667	47,03
12,93333	47,03
12,95000	47,03
12,96667	47,03
12,98333	47,03
13,00000	47,03
13,01667	47,03
13,03333	47,03
13,05000	47,03
13,06667	47,03
13,08333	47,03
13,10000	47,03
13,11667	47,03
13,13333	47,03
13,15000	47,03
13,16667	47,03
13,18333	47,03
13,20000	47,03
13,21667	47,03
13,23333	47,03
13,25000	47,03
13,26667	47,03
13,28333	47,03
13,30000	47,03
13,31667	47,03
13,33333	47,03
13,35000	47,03
13,36667	47,03
13,38333	47,03
13,40000	47,03
13,41667	47,03
13,43333	47,03
13,45000	47,03
13,46667	47,03
13,48333	47,03
13,50000	47,03
13,51667	47,03
13,53333	47,03
13,55000	47,03
13,56667	47,03
13,58333	47,03
13,60000	47,03
13,61667	47,03
13,63333	47,03
13,65000	47,03
13,66667	47,03
13,68333	47,03
13,70000	47,03
13,71667	47,03
13,73333	47,03
13,75000	47,03
13,76667	47,03
13,78333	47,03
13,80000	47,03
13,81667	47,03
13,83333	47,03
13,85000	47,03
13,86667	47,03
13,88333	47,03
13,90000	47,03
13,91667	47,03
13,93333	47,03
13,95000	47,03
13,96667	47,03
13,98333	47,03
14,00000	47,03
14,01667	47,03
14,03333	47,03
14,05000	47,03
14,06667	47,03
14,08333	47,03
14,10000	47,03
14,11667	47,03
14,13333	47,03
14,15000	47,03
14,16667	47,03
14,18333	47,03
14,20000	47,03
14,21667	47,03
14,23333	47,03
14,25000	47,03
14,26667	47,03
14,28333	47,03
14,30000	47,03
14,31667	47,03
14,33333	47,03
14,35000	47,03
14,36667	47,03
14,38333	47,03
14,40000	47,03
14,41667	47,03
14,43333	47,03
14,45000	47,03
14,46667	47,03
14,48333	47,03
14,50000	47,03
14,51667	47,03
14,53333	47,03
14,55000	47,03
14,56667	47,03
14,58333	47,03
14,60000	47,03
14,61667	47,03
14,63333	47,03
14,65000	47,03
14,66667	47,03
14,68333	47,03
14,70000	47,03
14,71667	47,03
14,73333	47,03
14,75000	47,03
14,76667	47,03
14,78333	47,03
14,80000	47,03
14,81667	47,03
14,83333	47,03
14,85000	47,03
14,86667	47,03
14,88333	47,03
14,90000	47,03
14,91667	47,03
14,93333	47,03
14,95000	47,03
14,96667	47,03
14,98333	47,03
15,00000	47,03
15,01667	47,03
15,03333	47,03
15,05000	47,03
15,06667	47,03
15,08333	47,03
15,10000	47,03
15,11667	47,03
15,13333	47,03
15,15000	47,02
15,16667	47,02
15,18333	47,02
15,20000	47,02
15,21667	47,02
15,23333	47,02
15,25000	47,02
15,26667	47,02
15,28333	47,02
15,30000	47,02
15,31667	47,02
15,33333	47,02
15,35000	47,02
15,36667	47,02
15,38333	47,02
15,40000	47,02
15,41667	47,02
15,43333	47,02
15,45000	47,02
15,46667	47,02
15,48333	47,02
15,50000	47,02
15,51667	47,02
15,53333	47,02
15,55000	47,02
15,56667	47,02
15,58333	47,02
15,60000	47,02
15,61667	47,02
15,63333	47,02
15,65000	47,02
15,66667	47,02
15,68333	47,02
15,70000	47,02
15,71667	47,02
15,73333	47,02
15,75000	47,02
15,76667	47,02
15,78333	47,02
15,80000	47,02
15,81667	47,02
15,83333	47,02
15,85000	47,02
15,86667	47,02
15,88333	47,02
15,90000	47,02
15,91667	47,02
15,93333	47,02
15,95000	47,02
15,96667	47,02
15,98333	47,02
16,00000	47,02
16,01667	47,02
16,03333	47,02
16,05000	47,02
16,06667	47,02
16,08333	47,02
16,10000	47,02
16,11667	47,02
16,13333	47,02
16,15000	47,02
16,16667	47,02
16,18333	47,02
16,20000	47,02
16,21667	47,02
16,23333	47,02
16,25000	47,02
16,26667	47,02
16,28333	47,02
16,30000	47,02
16,31667	47,02
16,33333	47,02
16,35000	47,02
16,36667	47,02
16,38333	47,02
16,40000	47,02
16,41667	47,02
16,43333	47,02
16,45000	47,02
16,46667	47,02
16,48333	47,02
16,50000	47,02
16,51667	47,02
16,53333	47,02
16,55000	47,02
16,56667	47,02
16,58333	47,02
16,60000	47,02
16,61667	47,02
16,63333	47,02
16,65000	47,02
16,66667	47,02
16,68333	47,02
16,70000	47,02
16,71667	47,02
16,73333	47,02
16,75000	47,02
16,76667	47,02
16,78333	47,02
16,80000	47,02
16,81667	47,02
16,83333	47,02
16,85000	47,02
16,86667	47,02
16,88333	47,02
16,90000	47,02
16,91667	47,02
16,93333	47,02
16,95000	47,02
16,96667	47,02
16,98333	47,02
17,00000	47,02
17,01667	47,02
17,03333	47,02
17,05000	47,02
17,06667	47,02
17,08333	47,02
17,10000	47,02
17,11667	47,02
17,13333	47,02
17,15000	47,02
17,16667	47,02
17,18333	47,02
17,20000	47,02
17,21667	47,02
17,23333	47,02
17,25000	47,02
17,26667	47,02
17,28333	47,02
17,30000	47,02
17,31667	47,02
17,33333	47,02
17,35000	47,02
17,36667	47,02
17,38333	47,02
17,40000	47,02
17,41667	47,02
17,43333	47,02
17,45000	47,02
17,46667	47,02
17,48333	47,02
17,50000	47,02
17,51667	47,02
17,53333	47,02
17,55000	47,02
17,56667	47,02
17,58333	47,02
17,60000	47,02
17,61667	47,02
17,63333	47,02
17,65000	47,02
17,66667	47,02
17,68333	47,02
17,70000	47,02
17,71667	47,02
17,73333	47,02
17,75000	47,02
17,76667	47,02
17,78333	47,02
17,80000	47,02
17,81667	47,02
17,83333	47,02
17,85000	47,02
17,86667	47,02
17,88333	47,02
17,90000	47,02
17,91667	47,02
17,93333	47,02
17,95000	47,02
17,96667	47,02
17,98333	47,02
18,00000	47,02
18,01667	47,02
18,03333	47,02
18,05000	47,02
18,06667	47,02
18,08333	47,02
18,10000	47,02
18,11667	47,02
18,13333	47,02
18,15000	47,02
18,16667	47,02
18,18333	47,02
18,20000	47,02
18,21667	47,02
18,23333	47,02
18,25000	47,02
18,26667	47,02
18,28333	47,02
18,30000	47,02
18,31667	47,02
18,33333	47,02
18,35000	47,02
18,36667	47,02
18,38333	47,02
18,40000	47,02
18,41667	47,02
18,43333	47,02
18,45000	47,02
18,46667	47,02
18,48333	47,02
18,50000	47,02
18,51667	47,02
18,53333	47,02
18,55000	47,02
18,56667	47,02
18,58333	47,02
18,60000	47,02
18,61667	47,02
18,63333	47,02
18,65000	47,02
18,66667	47,01
18,68333	47,02
18,70000	47,01
18,71667	47,01
18,73333	47,01
18,75000	47,01
18,76667	47,01
18,78333	47,01
18,80000	47,01
18,81667	47,01
18,83333	47,01
18,85000	47,01
18,86667	47,01
18,88333	47,01
18,90000	47,01
18,91667	47,01
18,93333	47,01
18,95000	47,01
18,96667	47,01
18,98333	47,01
19,00000	47,02
19,01667	47,01
19,03333	47,02
19,05000	47,02
19,06667	47,02
19,08333	47,02
19,10000	47,02
19,11667	47,02
19,13333	47,02
19,15000	47,02
19,16667	47,02
19,18333	47,02
19,20000	47,02
19,21667	47,01
19,23333	47,01
19,25000	47,01
19,26667	47,01
19,28333	47,01
19,30000	47,01
19,31667	47,01
19,33333	47,01
19,35000	47,01
19,36667	47,01
19,38333	47,01
19,40000	47,01
19,41667	47,01
19,43333	47,01
19,45000	47,01
19,46667	47,01
19,48333	47,01
19,50000	47,01
19,51667	47,01
19,53333	47,01
19,55000	47,01
19,56667	47,01
19,58333	47,01
19,60000	47,01
19,61667	47,01
19,63333	47,01
19,65000	47,01
19,66667	47,01
19,68333	47,01
19,70000	47,01
19,71667	47,01
19,73333	47,01
19,75000	47,01
19,76667	47,01
19,78333	47,02
19,80000	47,01
19,81667	47,01
19,83333	47,02
19,85000	47,01
19,86667	47,02
19,88333	47,01
19,90000	47,01
19,91667	47,01
19,93333	47,01
19,95000	47,01
19,96667	47,01
19,98333	47,01
20,00000	47,01
20,01667	47,01
20,03333	47,01
20,05000	47,01
20,06667	47,01
20,08333	47,01
20,10000	47,01
20,11667	47,01
20,13333	47,01
20,15000	47,01
20,16667	47,01
20,18333	47,01
20,20000	47,01
20,21667	47,01
20,23333	47,01
20,25000	47,01
20,26667	47,01
20,28333	47,01
20,30000	47,01
20,31667	47,01
20,33333	47,01
20,35000	47,01
20,36667	47,01
20,38333	47,01
20,40000	47,01
20,41667	47,01
20,43333	47,01
20,45000	47,01
20,46667	47,01
20,48333	47,01
20,50000	47,01
20,51667	47,01
20,53333	47,01
20,55000	47,01
20,56667	47,01
20,58333	47,01
20,60000	47,01
20,61667	47,01
20,63333	47,01
20,65000	47,01
20,66667	47,01
20,68333	47,01
20,70000	47,01
20,71667	47,01
20,73333	47,01
20,75000	47,01
20,76667	47,01
20,78333	47,01
20,80000	47,01
20,81667	47,01
20,83333	47,01
20,85000	47,01
20,86667	47,01
20,88333	47,01
20,90000	47,01
20,91667	47,01
20,93333	47,01
20,95000	47,01
20,96667	47,01
20,98333	47,01
21,00000	47,01
21,01667	47,01
21,03333	47,01
21,05000	47,01
21,06667	47,01
21,08333	47,01
21,10000	47,01
21,11667	47,01
21,13333	47,01
21,15000	47,01
21,16667	47,01
21,18333	47,01
21,20000	47,01
21,21667	47,01
21,23333	47,01
21,25000	47,01
21,26667	47,01
21,28333	47,01
21,30000	47,01
21,31667	47,01
21,33333	47,01
21,35000	47,01
21,36667	47,01
21,38333	47,01
21,40000	47,01
21,41667	47,01
21,43333	47,01
21,45000	47,01
21,46667	47,01
21,48333	47,01
21,50000	47,01
21,51667	47,01
21,53333	47,01
21,55000	47,01
21,56667	47,01
21,58333	47,01
21,60000	47,01
21,61667	47,01
21,63333	47,01
21,65000	47,01
21,66667	47,01
21,68333	47,01
21,70000	47,01
21,71667	47,01
21,73333	47,01
21,75000	47,01
21,76667	47,01
21,78333	47,01
21,80000	47,01
21,81667	47,01
21,83333	47,01
21,85000	47,01
21,86667	47,01
21,88333	47,01
21,90000	47,01
21,91667	47,01
21,93333	47,01
21,95000	47,01
21,96667	47,01
21,98333	47,01
22,00000	47,01
22,01667	47,01
22,03333	47,01
22,05000	47,01
22,06667	47,01
22,08333	47,01
22,10000	47,01
22,11667	47,01
22,13333	47,01
22,15000	47,01
22,16667	47,01
22,18333	47,01
22,20000	47,01
22,21667	47,01
22,23333	47,01
22,25000	47,01
22,26667	47,01
22,28333	47,01
22,30000	47,01
22,31667	47,01
22,33333	47,01
22,35000	47,01
22,36667	47,01
22,38333	47,01
22,40000	47,01
22,41667	47,01
22,43333	47,01
22,45000	47,01
22,46667	47,01
22,48333	47,01
22,50000	47,01
22,51667	47,01
22,53333	47,01
22,55000	47,01
22,56667	47,01
22,58333	47,01
22,60000	47,01
22,61667	47,01
22,63333	47,01
22,65000	47,01
22,66667	47,01
22,68333	47,01
22,70000	47,01
22,71667	47,01
22,73333	47,01
22,75000	47,01
22,76667	47,01
22,78333	47,01
22,80000	47,01
22,81667	47,01
22,83333	47,01
22,85000	47,01
22,86667	47,01
22,88333	47,01
22,90000	47,01
22,91667	47,01
22,93333	47,01
22,95000	47,01
22,96667	47,01
22,98333	47,01
23,00000	47,01
23,01667	47,01
23,03333	47,01
23,05000	47,01
23,06667	47,01
23,08333	47,01
23,10000	47,01
23,11667	47,01
23,13333	47,01
23,15000	47,01
23,16667	47,01
23,18333	47,01
23,20000	47,01
23,21667	47,01
23,23333	47,01
23,25000	47,01
23,26667	47,01
23,28333	47,01
23,30000	47,01
23,31667	47,01
23,33333	47,01
23,35000	47,01
23,36667	47,01
23,38333	47,01
23,40000	47,01
23,41667	47,01
23,43333	47,01
23,45000	47,01
23,46667	47,01
23,48333	47,01
23,50000	47,01
23,51667	47,01
23,53333	47,01
23,55000	47,01
23,56667	47,01
23,58333	47,01
23,60000	47,01
23,61667	47,01
23,63333	47,01
23,65000	47,01
23,66667	47,01
23,68333	47,01
23,70000	47,01
23,71667	47,01
23,73333	47,01
23,75000	47,01
23,76667	47,01
23,78333	47,01
23,80000	47,01
23,81667	47,01
23,83333	47,01
23,85000	47,01
23,86667	47,01
23,88333	47,01
23,90000	47,01
23,91667	47,01
23,93333	47,01
23,95000	47,01
23,96667	47,01
23,98333	47,01
24,00000	47,01
24,01667	47,01
24,03333	47,01
24,05000	47,01
24,06667	47,01
24,08333	47,01
24,10000	47,01
24,11667	47,01
24,13333	47,01
24,15000	47,01
24,16667	47,01
24,18333	47,01
24,20000	47,01
24,21667	47,01
24,23333	47,01
24,25000	47,01
24,26667	47,01
24,28333	47,01
24,30000	47,01
24,31667	47,01
24,33333	47,01
24,35000	47,01
24,36667	47,01
24,38333	47,01
24,40000	47,01
24,41667	47,01
24,43333	47,01
24,45000	47,01
24,46667	47,01
24,48333	47,01
24,50000	47,01
24,51667	47,01
24,53333	47,01
24,55000	47,01
24,56667	47,01
24,58333	47,01
24,60000	47,01
24,61667	47,01
24,63333	47,01
24,65000	47,01
24,66667	47,01
24,68333	47,01
24,70000	47,01
24,71667	47,01
24,73333	47,01
24,75000	47,01
24,76667	47,01
24,78333	47,01
24,80000	47,01
24,81667	47,01
24,83333	47,01
24,85000	47,01
24,86667	47,01
24,88333	47,01
24,90000	47,01
24,91667	47,01
24,93333	47,01
24,95000	47,01
24,96667	47,01
24,98333	47,01
25,00000	47,01
25,01667	47,01
25,03333	47,01
25,05000	47,01
25,06667	47,01
25,08333	47,01
25,10000	47,01
25,11667	47,01
25,13333	47,01
25,15000	47,01
25,16667	47,01
25,18333	47,01
25,20000	47,01
25,21667	47,01
25,23333	47,01
25,25000	47,01
25,26667	47,01
25,28333	47,01
25,30000	47,01
25,31667	47,01
25,33333	47,01
25,35000	47,01
25,36667	47,01
25,38333	47,01
25,40000	47,01
25,41667	47,01
25,43333	47,01
25,45000	47,01
25,46667	47,01
25,48333	47,01
25,50000	47,01
25,51667	47,01
25,53333	47,01
25,55000	47,01
25,56667	47,01
25,58333	47,01
25,60000	47,00
25,61667	47,01
25,63333	47,00
25,65000	47,00
25,66667	47,00
25,68333	47,00
25,70000	47,00
25,71667	47,00
25,73333	47,00
25,75000	47,00
25,76667	47,00
25,78333	47,00
25,80000	47,00
25,81667	47,00
25,83333	47,00
25,85000	47,00
25,86667	47,00
25,88333	47,00
25,90000	47,00
25,91667	47,00
25,93333	47,00
25,95000	47,00
25,96667	47,00
25,98333	47,00
26,00000	47,00
26,01667	47,00
26,03333	47,01
26,05000	47,01
26,06667	47,00
26,08333	47,01
26,10000	47,00
26,11667	47,00
26,13333	47,00
26,15000	47,00
26,16667	47,00
26,18333	47,00
26,20000	47,00
26,21667	47,00
26,23333	47,00
26,25000	47,00
26,26667	47,00
26,28333	47,00
26,30000	47,00
26,31667	47,00
26,33333	47,00
26,35000	47,00
26,36667	47,00
26,38333	47,00
26,40000	47,00
26,41667	47,00
26,43333	47,00
26,45000	47,00
26,46667	47,00
26,48333	47,00
26,50000	47,00
26,51667	47,00
26,53333	47,00
26,55000	47,00
26,56667	47,00
26,58333	47,00
26,60000	47,00
26,61667	47,00
26,63333	47,00
26,65000	47,00
26,66667	47,00
26,68333	47,00
26,70000	47,00
26,71667	47,00
26,73333	47,00
26,75000	47,00
26,76667	47,00
26,78333	47,00
26,80000	47,00
26,81667	47,00
26,83333	47,00
26,85000	47,00
26,86667	47,00
26,88333	47,00
26,90000	47,00
26,91667	47,00
26,93333	47,00
26,95000	47,00
26,96667	47,00
26,98333	47,00
27,00000	47,00
27,01667	47,00
27,03333	47,00
27,05000	47,00
27,06667	47,00
27,08333	47,00
27,10000	47,00
27,11667	47,00
27,13333	47,00
27,15000	47,00
27,16667	47,00
27,18333	47,00
27,20000	47,00
27,21667	47,00
27,23333	47,00
27,25000	47,00
27,26667	47,00
27,28333	47,00
27,30000	47,00
27,31667	47,00
27,33333	47,00
27,35000	47,00
27,36667	47,00
27,38333	47,00
27,40000	47,00
27,41667	47,00
27,43333	47,00
27,45000	47,00
27,46667	47,00
27,48333	47,00
27,50000	47,00
27,51667	47,00
27,53333	47,00
27,55000	47,00
27,56667	47,00
27,58333	47,00
27,60000	47,00
27,61667	47,00
27,63333	47,00
27,65000	47,00
27,66667	47,00
27,68333	47,00
27,70000	47,00
27,71667	47,00
27,73333	47,00
27,75000	47,00
27,76667	47,00
27,78333	47,00
27,80000	47,00
27,81667	47,00
27,83333	47,00
27,85000	47,00
27,86667	47,00
27,88333	47,00
27,90000	47,00
27,91667	47,00
27,93333	47,00
27,95000	47,00
27,96667	47,00
27,98333	47,00
28,00000	47,00
28,01667	47,00
28,03333	47,00
28,05000	47,00
28,06667	47,00
28,08333	47,00
28,10000	47,00
28,11667	47,00
28,13333	47,00
28,15000	47,00
28,16667	47,00
28,18333	47,00
28,20000	47,00
28,21667	47,00
28,23333	47,00
28,25000	47,00
28,26667	47,00
28,28333	47,00
28,30000	47,00
28,31667	47,00
28,33333	47,00
28,35000	47,00
28,36667	47,00
28,38333	47,00
28,40000	47,00
28,41667	47,00
28,43333	47,00
28,45000	47,00
28,46667	47,00
28,48333	47,00
28,50000	47,00
28,51667	47,00
28,53333	47,00
28,55000	47,00
28,56667	47,00
28,58333	47,00
28,60000	47,00
28,61667	47,00
28,63333	47,00
28,65000	47,00
28,66667	47,00
28,68333	47,00
28,70000	47,00
28,71667	47,00
28,73333	47,00
28,75000	47,00
28,76667	47,00
28,78333	47,00
28,80000	47,00
28,81667	47,00
28,83333	47,00
28,85000	47,00
28,86667	47,00
28,88333	47,00
28,90000	47,00
28,91667	47,00
28,93333	47,00
28,95000	47,00
28,96667	47,00
28,98333	47,00
29,00000	47,00
29,01667	47,00
29,03333	47,00
29,05000	47,00
29,06667	47,00
29,08333	47,00
29,10000	47,00
29,11667	47,00
29,13333	47,00
29,15000	47,00
29,16667	47,00
29,18333	47,00
29,20000	47,00
29,21667	47,00
29,23333	47,00
29,25000	47,00
29,26667	47,00
29,28333	47,00
29,30000	47,00
29,31667	47,00
29,33333	47,00
29,35000	47,00
29,36667	47,00
29,38333	47,00
29,40000	47,00
29,41667	47,00
29,43333	47,00
29,45000	47,00
29,46667	47,00
29,48333	47,00
29,50000	47,00
29,51667	47,00
29,53333	47,00
29,55000	47,00
29,56667	47,00
29,58333	47,00
29,60000	47,00
29,61667	47,00
29,63333	47,00
29,65000	47,00
29,66667	47,00
29,68333	47,00
29,70000	47,00
29,71667	47,00
29,73333	47,00
29,75000	47,00
29,76667	47,00
29,78333	47,00
29,80000	47,00
29,81667	47,00
29,83333	47,00
29,85000	47,00
29,86667	47,00
29,88333	47,00
29,90000	47,00
29,91667	47,00
29,93333	47,00
29,95000	47,00
29,96667	47,00
29,98333	47,00
30,00000	47,00
30,01667	47,00
30,03333	47,00
30,05000	47,00
30,06667	47,00
30,08333	47,00
30,10000	47,00
30,11667	47,00
30,13333	47,00
30,15000	47,00
30,16667	47,00
30,18333	46,99
30,20000	46,99
30,21667	46,99
30,23333	46,99
30,25000	46,99
30,26667	46,99
30,28333	46,99
30,30000	46,99
30,31667	46,99
30,33333	46,99
30,35000	46,99
30,36667	46,99
30,38333	46,99
30,40000	46,99
30,41667	46,99
30,43333	46,99
30,45000	46,99
30,46667	46,99
30,48333	46,99
30,50000	46,99
30,51667	46,99
30,53333	46,99
30,55000	46,99
30,56667	46,99
30,58333	46,99
30,60000	46,99
30,61667	46,99
30,63333	46,99
30,65000	46,99
30,66667	46,99
30,68333	46,99
30,70000	46,99
30,71667	46,99
30,73333	46,99
30,75000	46,99
30,76667	46,99
30,78333	46,99
30,80000	46,99
30,81667	46,99
30,83333	46,99
30,85000	46,99
30,86667	46,99
30,88333	46,99
30,90000	46,99
30,91667	46,99
30,93333	46,99
30,95000	46,99
30,96667	46,99
30,98333	46,99
31,00000	46,99
31,01667	46,99
31,03333	46,99
31,05000	46,99
31,06667	46,99
31,08333	46,99
31,10000	46,99
31,11667	46,99
31,13333	46,99
31,15000	46,99
31,16667	46,99
31,18333	46,99
31,20000	46,99
31,21667	46,99
31,23333	46,99
31,25000	46,99
31,26667	46,99
31,28333	46,99
31,30000	46,99
31,31667	46,99
31,33333	46,99
31,35000	46,99
31,36667	46,99
31,38333	46,99
31,40000	46,99
31,41667	46,99
31,43333	46,99
31,45000	46,99
31,46667	46,99
31,48333	46,99
31,50000	46,99
31,51667	46,99
31,53333	46,99
31,55000	46,99
31,56667	46,99
31,58333	46,99
31,60000	46,99
31,61667	46,99
31,63333	46,99
31,65000	47,00
31,66667	47,00
31,68333	47,00
31,70000	47,00
31,71667	47,00
31,73333	47,00
31,75000	47,00
31,76667	47,00
31,78333	47,00
31,80000	47,00
31,81667	47,00
31,83333	47,00
31,85000	47,00
31,86667	47,00
31,88333	47,00
31,90000	47,00
31,91667	47,00
31,93333	46,99
31,95000	47,00
31,96667	47,00
31,98333	47,00
32,00000	46,99

[LC Status Trace(PDA Lamp Housing Temp.)]
Interval(msec)	1000
# of Points	1921
Start Time(min)	0,000
End Time(min)	32,000
Intensity Units	C
Intensity Multiplier	1
R.Time (min)	Intensity
0,00000	54,41
0,01667	54,41
0,03333	54,40
0,05000	54,40
0,06667	54,40
0,08333	54,40
0,10000	54,41
0,11667	54,41
0,13333	54,41
0,15000	54,41
0,16667	54,41
0,18333	54,41
0,20000	54,41
0,21667	54,41
0,23333	54,41
0,25000	54,41
0,26667	54,40
0,28333	54,40
0,30000	54,40
0,31667	54,40
0,33333	54,40
0,35000	54,40
0,36667	54,40
0,38333	54,41
0,40000	54,42
0,41667	54,41
0,43333	54,41
0,45000	54,41
0,46667	54,41
0,48333	54,41
0,50000	54,42
0,51667	54,41
0,53333	54,41
0,55000	54,41
0,56667	54,41
0,58333	54,41
0,60000	54,41
0,61667	54,41
0,63333	54,40
0,65000	54,40
0,66667	54,40
0,68333	54,40
0,70000	54,39
0,71667	54,40
0,73333	54,40
0,75000	54,40
0,76667	54,40
0,78333	54,40
0,80000	54,40
0,81667	54,40
0,83333	54,40
0,85000	54,41
0,86667	54,41
0,88333	54,41
0,90000	54,40
0,91667	54,40
0,93333	54,41
0,95000	54,40
0,96667	54,41
0,98333	54,40
1,00000	54,40
1,01667	54,40
1,03333	54,40
1,05000	54,40
1,06667	54,40
1,08333	54,40
1,10000	54,41
1,11667	54,41
1,13333	54,41
1,15000	54,41
1,16667	54,41
1,18333	54,41
1,20000	54,41
1,21667	54,40
1,23333	54,40
1,25000	54,40
1,26667	54,40
1,28333	54,40
1,30000	54,41
1,31667	54,40
1,33333	54,40
1,35000	54,40
1,36667	54,40
1,38333	54,40
1,40000	54,40
1,41667	54,40
1,43333	54,40
1,45000	54,40
1,46667	54,40
1,48333	54,40
1,50000	54,40
1,51667	54,40
1,53333	54,40
1,55000	54,41
1,56667	54,41
1,58333	54,41
1,60000	54,41
1,61667	54,41
1,63333	54,41
1,65000	54,39
1,66667	54,40
1,68333	54,40
1,70000	54,40
1,71667	54,40
1,73333	54,40
1,75000	54,41
1,76667	54,41
1,78333	54,40
1,80000	54,40
1,81667	54,40
1,83333	54,41
1,85000	54,41
1,86667	54,41
1,88333	54,41
1,90000	54,41
1,91667	54,41
1,93333	54,40
1,95000	54,41
1,96667	54,41
1,98333	54,40
2,00000	54,40
2,01667	54,40
2,03333	54,41
2,05000	54,41
2,06667	54,41
2,08333	54,41
2,10000	54,41
2,11667	54,41
2,13333	54,41
2,15000	54,42
2,16667	54,42
2,18333	54,41
2,20000	54,41
2,21667	54,41
2,23333	54,41
2,25000	54,41
2,26667	54,41
2,28333	54,41
2,30000	54,41
2,31667	54,41
2,33333	54,40
2,35000	54,40
2,36667	54,40
2,38333	54,40
2,40000	54,40
2,41667	54,40
2,43333	54,40
2,45000	54,41
2,46667	54,41
2,48333	54,41
2,50000	54,40
2,51667	54,40
2,53333	54,40
2,55000	54,40
2,56667	54,41
2,58333	54,41
2,60000	54,41
2,61667	54,41
2,63333	54,41
2,65000	54,41
2,66667	54,41
2,68333	54,42
2,70000	54,41
2,71667	54,41
2,73333	54,41
2,75000	54,42
2,76667	54,42
2,78333	54,42
2,80000	54,41
2,81667	54,42
2,83333	54,42
2,85000	54,41
2,86667	54,41
2,88333	54,41
2,90000	54,40
2,91667	54,40
2,93333	54,40
2,95000	54,40
2,96667	54,40
2,98333	54,40
3,00000	54,41
3,01667	54,40
3,03333	54,40
3,05000	54,39
3,06667	54,39
3,08333	54,40
3,10000	54,40
3,11667	54,40
3,13333	54,40
3,15000	54,40
3,16667	54,40
3,18333	54,40
3,20000	54,40
3,21667	54,40
3,23333	54,40
3,25000	54,40
3,26667	54,40
3,28333	54,40
3,30000	54,40
3,31667	54,41
3,33333	54,41
3,35000	54,40
3,36667	54,40
3,38333	54,40
3,40000	54,40
3,41667	54,40
3,43333	54,40
3,45000	54,40
3,46667	54,40
3,48333	54,40
3,50000	54,40
3,51667	54,40
3,53333	54,40
3,55000	54,40
3,56667	54,40
3,58333	54,41
3,60000	54,41
3,61667	54,41
3,63333	54,41
3,65000	54,41
3,66667	54,41
3,68333	54,41
3,70000	54,42
3,71667	54,42
3,73333	54,42
3,75000	54,41
3,76667	54,41
3,78333	54,41
3,80000	54,41
3,81667	54,40
3,83333	54,41
3,85000	54,40
3,86667	54,40
3,88333	54,40
3,90000	54,41
3,91667	54,40
3,93333	54,40
3,95000	54,40
3,96667	54,40
3,98333	54,40
4,00000	54,40
4,01667	54,40
4,03333	54,40
4,05000	54,40
4,06667	54,40
4,08333	54,40
4,10000	54,40
4,11667	54,40
4,13333	54,40
4,15000	54,40
4,16667	54,40
4,18333	54,40
4,20000	54,40
4,21667	54,40
4,23333	54,40
4,25000	54,40
4,26667	54,40
4,28333	54,40
4,30000	54,40
4,31667	54,40
4,33333	54,40
4,35000	54,40
4,36667	54,40
4,38333	54,41
4,40000	54,41
4,41667	54,41
4,43333	54,40
4,45000	54,40
4,46667	54,40
4,48333	54,40
4,50000	54,40
4,51667	54,40
4,53333	54,39
4,55000	54,39
4,56667	54,40
4,58333	54,40
4,60000	54,41
4,61667	54,41
4,63333	54,42
4,65000	54,42
4,66667	54,41
4,68333	54,41
4,70000	54,41
4,71667	54,40
4,73333	54,41
4,75000	54,40
4,76667	54,41
4,78333	54,41
4,80000	54,41
4,81667	54,41
4,83333	54,41
4,85000	54,42
4,86667	54,42
4,88333	54,42
4,90000	54,42
4,91667	54,42
4,93333	54,42
4,95000	54,42
4,96667	54,42
4,98333	54,42
5,00000	54,41
5,01667	54,41
5,03333	54,41
5,05000	54,40
5,06667	54,40
5,08333	54,40
5,10000	54,40
5,11667	54,40
5,13333	54,39
5,15000	54,39
5,16667	54,39
5,18333	54,39
5,20000	54,39
5,21667	54,39
5,23333	54,39
5,25000	54,39
5,26667	54,39
5,28333	54,39
5,30000	54,39
5,31667	54,39
5,33333	54,40
5,35000	54,40
5,36667	54,39
5,38333	54,40
5,40000	54,40
5,41667	54,40
5,43333	54,40
5,45000	54,40
5,46667	54,40
5,48333	54,39
5,50000	54,40
5,51667	54,39
5,53333	54,39
5,55000	54,39
5,56667	54,39
5,58333	54,39
5,60000	54,39
5,61667	54,39
5,63333	54,40
5,65000	54,40
5,66667	54,41
5,68333	54,41
5,70000	54,41
5,71667	54,41
5,73333	54,41
5,75000	54,42
5,76667	54,41
5,78333	54,41
5,80000	54,40
5,81667	54,40
5,83333	54,41
5,85000	54,41
5,86667	54,41
5,88333	54,41
5,90000	54,40
5,91667	54,40
5,93333	54,39
5,95000	54,39
5,96667	54,40
5,98333	54,40
6,00000	54,40
6,01667	54,39
6,03333	54,39
6,05000	54,39
6,06667	54,39
6,08333	54,39
6,10000	54,39
6,11667	54,39
6,13333	54,39
6,15000	54,39
6,16667	54,39
6,18333	54,38
6,20000	54,38
6,21667	54,38
6,23333	54,38
6,25000	54,39
6,26667	54,39
6,28333	54,39
6,30000	54,39
6,31667	54,39
6,33333	54,40
6,35000	54,40
6,36667	54,40
6,38333	54,40
6,40000	54,40
6,41667	54,40
6,43333	54,40
6,45000	54,40
6,46667	54,39
6,48333	54,39
6,50000	54,39
6,51667	54,39
6,53333	54,39
6,55000	54,40
6,56667	54,39
6,58333	54,39
6,60000	54,40
6,61667	54,40
6,63333	54,40
6,65000	54,40
6,66667	54,40
6,68333	54,40
6,70000	54,40
6,71667	54,40
6,73333	54,40
6,75000	54,39
6,76667	54,40
6,78333	54,40
6,80000	54,40
6,81667	54,40
6,83333	54,39
6,85000	54,39
6,86667	54,39
6,88333	54,39
6,90000	54,38
6,91667	54,38
6,93333	54,39
6,95000	54,39
6,96667	54,39
6,98333	54,39
7,00000	54,39
7,01667	54,39
7,03333	54,39
7,05000	54,39
7,06667	54,39
7,08333	54,39
7,10000	54,39
7,11667	54,39
7,13333	54,39
7,15000	54,39
7,16667	54,40
7,18333	54,40
7,20000	54,40
7,21667	54,40
7,23333	54,40
7,25000	54,40
7,26667	54,40
7,28333	54,40
7,30000	54,40
7,31667	54,40
7,33333	54,39
7,35000	54,39
7,36667	54,39
7,38333	54,40
7,40000	54,40
7,41667	54,40
7,43333	54,39
7,45000	54,39
7,46667	54,39
7,48333	54,39
7,50000	54,39
7,51667	54,40
7,53333	54,40
7,55000	54,40
7,56667	54,40
7,58333	54,39
7,60000	54,39
7,61667	54,39
7,63333	54,39
7,65000	54,39
7,66667	54,38
7,68333	54,38
7,70000	54,38
7,71667	54,39
7,73333	54,39
7,75000	54,39
7,76667	54,39
7,78333	54,39
7,80000	54,40
7,81667	54,40
7,83333	54,40
7,85000	54,40
7,86667	54,40
7,88333	54,40
7,90000	54,39
7,91667	54,39
7,93333	54,39
7,95000	54,39
7,96667	54,39
7,98333	54,39
8,00000	54,38
8,01667	54,38
8,03333	54,38
8,05000	54,39
8,06667	54,39
8,08333	54,38
8,10000	54,38
8,11667	54,38
8,13333	54,38
8,15000	54,38
8,16667	54,39
8,18333	54,39
8,20000	54,39
8,21667	54,39
8,23333	54,39
8,25000	54,39
8,26667	54,38
8,28333	54,39
8,30000	54,39
8,31667	54,39
8,33333	54,39
8,35000	54,39
8,36667	54,40
8,38333	54,40
8,40000	54,40
8,41667	54,40
8,43333	54,39
8,45000	54,39
8,46667	54,39
8,48333	54,39
8,50000	54,39
8,51667	54,39
8,53333	54,39
8,55000	54,39
8,56667	54,39
8,58333	54,39
8,60000	54,39
8,61667	54,39
8,63333	54,39
8,65000	54,39
8,66667	54,39
8,68333	54,39
8,70000	54,38
8,71667	54,39
8,73333	54,39
8,75000	54,39
8,76667	54,38
8,78333	54,38
8,80000	54,39
8,81667	54,39
8,83333	54,38
8,85000	54,38
8,86667	54,39
8,88333	54,39
8,90000	54,39
8,91667	54,39
8,93333	54,39
8,95000	54,38
8,96667	54,38
8,98333	54,37
9,00000	54,37
9,01667	54,37
9,03333	54,37
9,05000	54,37
9,06667	54,37
9,08333	54,37
9,10000	54,37
9,11667	54,37
9,13333	54,37
9,15000	54,37
9,16667	54,38
9,18333	54,38
9,20000	54,37
9,21667	54,37
9,23333	54,38
9,25000	54,38
9,26667	54,37
9,28333	54,36
9,30000	54,37
9,31667	54,37
9,33333	54,37
9,35000	54,38
9,36667	54,38
9,38333	54,38
9,40000	54,38
9,41667	54,38
9,43333	54,38
9,45000	54,38
9,46667	54,38
9,48333	54,38
9,50000	54,38
9,51667	54,39
9,53333	54,39
9,55000	54,39
9,56667	54,39
9,58333	54,39
9,60000	54,39
9,61667	54,39
9,63333	54,39
9,65000	54,38
9,66667	54,39
9,68333	54,39
9,70000	54,39
9,71667	54,39
9,73333	54,38
9,75000	54,38
9,76667	54,38
9,78333	54,38
9,80000	54,38
9,81667	54,38
9,83333	54,39
9,85000	54,38
9,86667	54,38
9,88333	54,38
9,90000	54,38
9,91667	54,38
9,93333	54,38
9,95000	54,38
9,96667	54,38
9,98333	54,38
10,00000	54,38
10,01667	54,38
10,03333	54,37
10,05000	54,38
10,06667	54,38
10,08333	54,38
10,10000	54,39
10,11667	54,39
10,13333	54,39
10,15000	54,39
10,16667	54,38
10,18333	54,38
10,20000	54,38
10,21667	54,38
10,23333	54,38
10,25000	54,38
10,26667	54,37
10,28333	54,37
10,30000	54,37
10,31667	54,38
10,33333	54,38
10,35000	54,38
10,36667	54,38
10,38333	54,38
10,40000	54,38
10,41667	54,38
10,43333	54,38
10,45000	54,38
10,46667	54,38
10,48333	54,38
10,50000	54,38
10,51667	54,38
10,53333	54,38
10,55000	54,38
10,56667	54,37
10,58333	54,37
10,60000	54,38
10,61667	54,38
10,63333	54,37
10,65000	54,37
10,66667	54,38
10,68333	54,38
10,70000	54,38
10,71667	54,38
10,73333	54,38
10,75000	54,39
10,76667	54,38
10,78333	54,38
10,80000	54,38
10,81667	54,39
10,83333	54,38
10,85000	54,37
10,86667	54,37
10,88333	54,38
10,90000	54,38
10,91667	54,38
10,93333	54,38
10,95000	54,38
10,96667	54,39
10,98333	54,38
11,00000	54,38
11,01667	54,38
11,03333	54,38
11,05000	54,38
11,06667	54,38
11,08333	54,38
11,10000	54,38
11,11667	54,39
11,13333	54,39
11,15000	54,39
11,16667	54,39
11,18333	54,39
11,20000	54,39
11,21667	54,39
11,23333	54,38
11,25000	54,38
11,26667	54,38
11,28333	54,38
11,30000	54,37
11,31667	54,37
11,33333	54,37
11,35000	54,38
11,36667	54,38
11,38333	54,37
11,40000	54,37
11,41667	54,36
11,43333	54,37
11,45000	54,37
11,46667	54,37
11,48333	54,37
11,50000	54,38
11,51667	54,37
11,53333	54,38
11,55000	54,38
11,56667	54,38
11,58333	54,39
11,60000	54,39
11,61667	54,39
11,63333	54,39
11,65000	54,38
11,66667	54,38
11,68333	54,38
11,70000	54,38
11,71667	54,38
11,73333	54,38
11,75000	54,38
11,76667	54,38
11,78333	54,38
11,80000	54,38
11,81667	54,38
11,83333	54,38
11,85000	54,38
11,86667	54,37
11,88333	54,37
11,90000	54,37
11,91667	54,37
11,93333	54,37
11,95000	54,37
11,96667	54,38
11,98333	54,38
12,00000	54,38
12,01667	54,38
12,03333	54,38
12,05000	54,38
12,06667	54,37
12,08333	54,38
12,10000	54,38
12,11667	54,37
12,13333	54,37
12,15000	54,37
12,16667	54,37
12,18333	54,37
12,20000	54,36
12,21667	54,36
12,23333	54,36
12,25000	54,37
12,26667	54,37
12,28333	54,37
12,30000	54,37
12,31667	54,37
12,33333	54,37
12,35000	54,37
12,36667	54,37
12,38333	54,37
12,40000	54,37
12,41667	54,37
12,43333	54,38
12,45000	54,39
12,46667	54,38
12,48333	54,38
12,50000	54,38
12,51667	54,37
12,53333	54,37
12,55000	54,38
12,56667	54,38
12,58333	54,38
12,60000	54,38
12,61667	54,37
12,63333	54,37
12,65000	54,37
12,66667	54,37
12,68333	54,37
12,70000	54,37
12,71667	54,37
12,73333	54,37
12,75000	54,37
12,76667	54,37
12,78333	54,38
12,80000	54,38
12,81667	54,38
12,83333	54,38
12,85000	54,38
12,86667	54,38
12,88333	54,38
12,90000	54,39
12,91667	54,38
12,93333	54,38
12,95000	54,38
12,96667	54,38
12,98333	54,38
13,00000	54,39
13,01667	54,38
13,03333	54,38
13,05000	54,38
13,06667	54,38
13,08333	54,38
13,10000	54,37
13,11667	54,37
13,13333	54,38
13,15000	54,38
13,16667	54,38
13,18333	54,38
13,20000	54,38
13,21667	54,38
13,23333	54,37
13,25000	54,37
13,26667	54,36
13,28333	54,36
13,30000	54,37
13,31667	54,37
13,33333	54,37
13,35000	54,37
13,36667	54,37
13,38333	54,37
13,40000	54,37
13,41667	54,37
13,43333	54,37
13,45000	54,37
13,46667	54,37
13,48333	54,37
13,50000	54,37
13,51667	54,37
13,53333	54,37
13,55000	54,38
13,56667	54,38
13,58333	54,37
13,60000	54,37
13,61667	54,37
13,63333	54,36
13,65000	54,36
13,66667	54,36
13,68333	54,36
13,70000	54,37
13,71667	54,37
13,73333	54,37
13,75000	54,36
13,76667	54,36
13,78333	54,36
13,80000	54,36
13,81667	54,36
13,83333	54,36
13,85000	54,36
13,86667	54,36
13,88333	54,36
13,90000	54,36
13,91667	54,36
13,93333	54,37
13,95000	54,36
13,96667	54,36
13,98333	54,36
14,00000	54,36
14,01667	54,36
14,03333	54,36
14,05000	54,36
14,06667	54,36
14,08333	54,36
14,10000	54,36
14,11667	54,36
14,13333	54,36
14,15000	54,36
14,16667	54,36
14,18333	54,36
14,20000	54,37
14,21667	54,37
14,23333	54,37
14,25000	54,37
14,26667	54,37
14,28333	54,37
14,30000	54,37
14,31667	54,37
14,33333	54,37
14,35000	54,38
14,36667	54,37
14,38333	54,37
14,40000	54,38
14,41667	54,37
14,43333	54,37
14,45000	54,37
14,46667	54,37
14,48333	54,37
14,50000	54,37
14,51667	54,37
14,53333	54,36
14,55000	54,36
14,56667	54,36
14,58333	54,37
14,60000	54,37
14,61667	54,36
14,63333	54,36
14,65000	54,36
14,66667	54,36
14,68333	54,36
14,70000	54,36
14,71667	54,36
14,73333	54,36
14,75000	54,36
14,76667	54,36
14,78333	54,36
14,80000	54,36
14,81667	54,36
14,83333	54,36
14,85000	54,36
14,86667	54,36
14,88333	54,36
14,90000	54,36
14,91667	54,36
14,93333	54,36
14,95000	54,36
14,96667	54,36
14,98333	54,35
15,00000	54,35
15,01667	54,35
15,03333	54,36
15,05000	54,36
15,06667	54,36
15,08333	54,36
15,10000	54,36
15,11667	54,37
15,13333	54,36
15,15000	54,36
15,16667	54,36
15,18333	54,36
15,20000	54,36
15,21667	54,36
15,23333	54,36
15,25000	54,36
15,26667	54,36
15,28333	54,36
15,30000	54,35
15,31667	54,36
15,33333	54,36
15,35000	54,36
15,36667	54,36
15,38333	54,36
15,40000	54,36
15,41667	54,36
15,43333	54,36
15,45000	54,35
15,46667	54,35
15,48333	54,35
15,50000	54,35
15,51667	54,35
15,53333	54,35
15,55000	54,35
15,56667	54,35
15,58333	54,34
15,60000	54,34
15,61667	54,35
15,63333	54,34
15,65000	54,35
15,66667	54,35
15,68333	54,35
15,70000	54,35
15,71667	54,35
15,73333	54,35
15,75000	54,35
15,76667	54,35
15,78333	54,35
15,80000	54,36
15,81667	54,36
15,83333	54,36
15,85000	54,36
15,86667	54,36
15,88333	54,36
15,90000	54,36
15,91667	54,35
15,93333	54,35
15,95000	54,35
15,96667	54,35
15,98333	54,35
16,00000	54,35
16,01667	54,35
16,03333	54,35
16,05000	54,35
16,06667	54,35
16,08333	54,34
16,10000	54,35
16,11667	54,34
16,13333	54,35
16,15000	54,35
16,16667	54,34
16,18333	54,34
16,20000	54,35
16,21667	54,35
16,23333	54,35
16,25000	54,35
16,26667	54,35
16,28333	54,36
16,30000	54,36
16,31667	54,36
16,33333	54,37
16,35000	54,37
16,36667	54,37
16,38333	54,36
16,40000	54,36
16,41667	54,36
16,43333	54,36
16,45000	54,35
16,46667	54,35
16,48333	54,35
16,50000	54,35
16,51667	54,35
16,53333	54,35
16,55000	54,35
16,56667	54,35
16,58333	54,35
16,60000	54,35
16,61667	54,35
16,63333	54,35
16,65000	54,35
16,66667	54,35
16,68333	54,35
16,70000	54,35
16,71667	54,36
16,73333	54,35
16,75000	54,34
16,76667	54,34
16,78333	54,34
16,80000	54,34
16,81667	54,34
16,83333	54,34
16,85000	54,34
16,86667	54,35
16,88333	54,34
16,90000	54,34
16,91667	54,33
16,93333	54,33
16,95000	54,34
16,96667	54,33
16,98333	54,33
17,00000	54,33
17,01667	54,33
17,03333	54,34
17,05000	54,34
17,06667	54,34
17,08333	54,34
17,10000	54,35
17,11667	54,35
17,13333	54,35
17,15000	54,35
17,16667	54,36
17,18333	54,36
17,20000	54,36
17,21667	54,36
17,23333	54,36
17,25000	54,35
17,26667	54,35
17,28333	54,36
17,30000	54,35
17,31667	54,35
17,33333	54,35
17,35000	54,35
17,36667	54,36
17,38333	54,36
17,40000	54,36
17,41667	54,35
17,43333	54,35
17,45000	54,35
17,46667	54,34
17,48333	54,34
17,50000	54,35
17,51667	54,35
17,53333	54,35
17,55000	54,35
17,56667	54,36
17,58333	54,36
17,60000	54,36
17,61667	54,36
17,63333	54,35
17,65000	54,36
17,66667	54,36
17,68333	54,36
17,70000	54,36
17,71667	54,35
17,73333	54,35
17,75000	54,35
17,76667	54,35
17,78333	54,34
17,80000	54,35
17,81667	54,35
17,83333	54,35
17,85000	54,35
17,86667	54,35
17,88333	54,35
17,90000	54,35
17,91667	54,35
17,93333	54,35
17,95000	54,35
17,96667	54,34
17,98333	54,34
18,00000	54,35
18,01667	54,35
18,03333	54,35
18,05000	54,35
18,06667	54,35
18,08333	54,35
18,10000	54,35
18,11667	54,35
18,13333	54,35
18,15000	54,36
18,16667	54,36
18,18333	54,36
18,20000	54,36
18,21667	54,36
18,23333	54,36
18,25000	54,36
18,26667	54,35
18,28333	54,35
18,30000	54,36
18,31667	54,35
18,33333	54,35
18,35000	54,35
18,36667	54,35
18,38333	54,35
18,40000	54,35
18,41667	54,36
18,43333	54,36
18,45000	54,35
18,46667	54,36
18,48333	54,36
18,50000	54,35
18,51667	54,36
18,53333	54,35
18,55000	54,36
18,56667	54,36
18,58333	54,35
18,60000	54,35
18,61667	54,35
18,63333	54,35
18,65000	54,35
18,66667	54,35
18,68333	54,35
18,70000	54,34
18,71667	54,34
18,73333	54,35
18,75000	54,35
18,76667	54,35
18,78333	54,35
18,80000	54,35
18,81667	54,35
18,83333	54,35
18,85000	54,35
18,86667	54,35
18,88333	54,35
18,90000	54,35
18,91667	54,34
18,93333	54,34
18,95000	54,34
18,96667	54,34
18,98333	54,34
19,00000	54,34
19,01667	54,34
19,03333	54,34
19,05000	54,34
19,06667	54,34
19,08333	54,34
19,10000	54,34
19,11667	54,34
19,13333	54,34
19,15000	54,34
19,16667	54,34
19,18333	54,34
19,20000	54,34
19,21667	54,34
19,23333	54,34
19,25000	54,34
19,26667	54,34
19,28333	54,34
19,30000	54,34
19,31667	54,34
19,33333	54,34
19,35000	54,35
19,36667	54,35
19,38333	54,35
19,40000	54,35
19,41667	54,35
19,43333	54,34
19,45000	54,35
19,46667	54,35
19,48333	54,34
19,50000	54,34
19,51667	54,34
19,53333	54,34
19,55000	54,34
19,56667	54,34
19,58333	54,34
19,60000	54,34
19,61667	54,34
19,63333	54,34
19,65000	54,35
19,66667	54,35
19,68333	54,35
19,70000	54,35
19,71667	54,35
19,73333	54,35
19,75000	54,35
19,76667	54,35
19,78333	54,35
19,80000	54,34
19,81667	54,34
19,83333	54,34
19,85000	54,34
19,86667	54,34
19,88333	54,34
19,90000	54,34
19,91667	54,34
19,93333	54,34
19,95000	54,34
19,96667	54,34
19,98333	54,34
20,00000	54,34
20,01667	54,34
20,03333	54,34
20,05000	54,34
20,06667	54,34
20,08333	54,34
20,10000	54,35
20,11667	54,35
20,13333	54,35
20,15000	54,35
20,16667	54,35
20,18333	54,35
20,20000	54,35
20,21667	54,34
20,23333	54,34
20,25000	54,33
20,26667	54,33
20,28333	54,33
20,30000	54,34
20,31667	54,34
20,33333	54,34
20,35000	54,34
20,36667	54,34
20,38333	54,34
20,40000	54,34
20,41667	54,34
20,43333	54,34
20,45000	54,35
20,46667	54,34
20,48333	54,35
20,50000	54,35
20,51667	54,35
20,53333	54,35
20,55000	54,35
20,56667	54,34
20,58333	54,34
20,60000	54,34
20,61667	54,33
20,63333	54,34
20,65000	54,34
20,66667	54,34
20,68333	54,34
20,70000	54,34
20,71667	54,34
20,73333	54,34
20,75000	54,34
20,76667	54,34
20,78333	54,35
20,80000	54,35
20,81667	54,35
20,83333	54,34
20,85000	54,34
20,86667	54,34
20,88333	54,34
20,90000	54,34
20,91667	54,34
20,93333	54,35
20,95000	54,34
20,96667	54,34
20,98333	54,34
21,00000	54,34
21,01667	54,34
21,03333	54,33
21,05000	54,33
21,06667	54,34
21,08333	54,34
21,10000	54,34
21,11667	54,34
21,13333	54,34
21,15000	54,34
21,16667	54,34
21,18333	54,34
21,20000	54,34
21,21667	54,34
21,23333	54,34
21,25000	54,34
21,26667	54,34
21,28333	54,34
21,30000	54,33
21,31667	54,33
21,33333	54,34
21,35000	54,34
21,36667	54,34
21,38333	54,33
21,40000	54,33
21,41667	54,34
21,43333	54,34
21,45000	54,34
21,46667	54,34
21,48333	54,34
21,50000	54,34
21,51667	54,34
21,53333	54,34
21,55000	54,34
21,56667	54,34
21,58333	54,34
21,60000	54,35
21,61667	54,35
21,63333	54,35
21,65000	54,34
21,66667	54,34
21,68333	54,34
21,70000	54,35
21,71667	54,34
21,73333	54,34
21,75000	54,34
21,76667	54,34
21,78333	54,34
21,80000	54,34
21,81667	54,33
21,83333	54,33
21,85000	54,33
21,86667	54,33
21,88333	54,33
21,90000	54,33
21,91667	54,33
21,93333	54,33
21,95000	54,33
21,96667	54,33
21,98333	54,34
22,00000	54,33
22,01667	54,34
22,03333	54,33
22,05000	54,33
22,06667	54,33
22,08333	54,34
22,10000	54,34
22,11667	54,34
22,13333	54,34
22,15000	54,34
22,16667	54,34
22,18333	54,33
22,20000	54,33
22,21667	54,33
22,23333	54,33
22,25000	54,33
22,26667	54,33
22,28333	54,33
22,30000	54,33
22,31667	54,33
22,33333	54,33
22,35000	54,33
22,36667	54,33
22,38333	54,33
22,40000	54,33
22,41667	54,34
22,43333	54,34
22,45000	54,33
22,46667	54,33
22,48333	54,33
22,50000	54,33
22,51667	54,33
22,53333	54,33
22,55000	54,33
22,56667	54,34
22,58333	54,34
22,60000	54,34
22,61667	54,34
22,63333	54,34
22,65000	54,34
22,66667	54,34
22,68333	54,34
22,70000	54,34
22,71667	54,34
22,73333	54,34
22,75000	54,35
22,76667	54,35
22,78333	54,34
22,80000	54,34
22,81667	54,34
22,83333	54,34
22,85000	54,35
22,86667	54,34
22,88333	54,34
22,90000	54,34
22,91667	54,34
22,93333	54,34
22,95000	54,35
22,96667	54,35
22,98333	54,35
23,00000	54,34
23,01667	54,34
23,03333	54,34
23,05000	54,33
23,06667	54,33
23,08333	54,33
23,10000	54,33
23,11667	54,33
23,13333	54,33
23,15000	54,33
23,16667	54,33
23,18333	54,33
23,20000	54,33
23,21667	54,33
23,23333	54,33
23,25000	54,33
23,26667	54,34
23,28333	54,34
23,30000	54,34
23,31667	54,34
23,33333	54,34
23,35000	54,34
23,36667	54,33
23,38333	54,33
23,40000	54,33
23,41667	54,32
23,43333	54,33
23,45000	54,33
23,46667	54,33
23,48333	54,33
23,50000	54,33
23,51667	54,33
23,53333	54,33
23,55000	54,33
23,56667	54,32
23,58333	54,33
23,60000	54,33
23,61667	54,33
23,63333	54,33
23,65000	54,33
23,66667	54,32
23,68333	54,33
23,70000	54,33
23,71667	54,33
23,73333	54,32
23,75000	54,33
23,76667	54,33
23,78333	54,33
23,80000	54,33
23,81667	54,34
23,83333	54,34
23,85000	54,35
23,86667	54,34
23,88333	54,34
23,90000	54,34
23,91667	54,34
23,93333	54,33
23,95000	54,33
23,96667	54,33
23,98333	54,33
24,00000	54,33
24,01667	54,33
24,03333	54,33
24,05000	54,33
24,06667	54,34
24,08333	54,34
24,10000	54,34
24,11667	54,34
24,13333	54,34
24,15000	54,34
24,16667	54,35
24,18333	54,34
24,20000	54,34
24,21667	54,34
24,23333	54,34
24,25000	54,34
24,26667	54,34
24,28333	54,34
24,30000	54,34
24,31667	54,33
24,33333	54,33
24,35000	54,33
24,36667	54,33
24,38333	54,33
24,40000	54,33
24,41667	54,33
24,43333	54,33
24,45000	54,33
24,46667	54,33
24,48333	54,33
24,50000	54,33
24,51667	54,33
24,53333	54,33
24,55000	54,33
24,56667	54,33
24,58333	54,34
24,60000	54,34
24,61667	54,34
24,63333	54,34
24,65000	54,34
24,66667	54,34
24,68333	54,33
24,70000	54,33
24,71667	54,33
24,73333	54,33
24,75000	54,33
24,76667	54,33
24,78333	54,33
24,80000	54,33
24,81667	54,33
24,83333	54,33
24,85000	54,33
24,86667	54,33
24,88333	54,33
24,90000	54,33
24,91667	54,33
24,93333	54,33
24,95000	54,33
24,96667	54,33
24,98333	54,33
25,00000	54,33
25,01667	54,33
25,03333	54,33
25,05000	54,33
25,06667	54,33
25,08333	54,33
25,10000	54,33
25,11667	54,33
25,13333	54,34
25,15000	54,34
25,16667	54,34
25,18333	54,34
25,20000	54,34
25,21667	54,34
25,23333	54,34
25,25000	54,33
25,26667	54,33
25,28333	54,32
25,30000	54,32
25,31667	54,32
25,33333	54,32
25,35000	54,32
25,36667	54,32
25,38333	54,32
25,40000	54,32
25,41667	54,32
25,43333	54,32
25,45000	54,33
25,46667	54,32
25,48333	54,32
25,50000	54,32
25,51667	54,32
25,53333	54,31
25,55000	54,32
25,56667	54,32
25,58333	54,32
25,60000	54,32
25,61667	54,32
25,63333	54,32
25,65000	54,32
25,66667	54,32
25,68333	54,32
25,70000	54,33
25,71667	54,33
25,73333	54,34
25,75000	54,34
25,76667	54,34
25,78333	54,34
25,80000	54,34
25,81667	54,34
25,83333	54,34
25,85000	54,33
25,86667	54,33
25,88333	54,33
25,90000	54,32
25,91667	54,32
25,93333	54,32
25,95000	54,32
25,96667	54,33
25,98333	54,33
26,00000	54,32
26,01667	54,32
26,03333	54,32
26,05000	54,32
26,06667	54,32
26,08333	54,33
26,10000	54,33
26,11667	54,33
26,13333	54,33
26,15000	54,33
26,16667	54,33
26,18333	54,33
26,20000	54,33
26,21667	54,32
26,23333	54,32
26,25000	54,32
26,26667	54,32
26,28333	54,32
26,30000	54,32
26,31667	54,32
26,33333	54,31
26,35000	54,31
26,36667	54,31
26,38333	54,31
26,40000	54,31
26,41667	54,31
26,43333	54,31
26,45000	54,31
26,46667	54,31
26,48333	54,31
26,50000	54,31
26,51667	54,31
26,53333	54,30
26,55000	54,31
26,56667	54,31
26,58333	54,31
26,60000	54,31
26,61667	54,32
26,63333	54,32
26,65000	54,32
26,66667	54,31
26,68333	54,31
26,70000	54,31
26,71667	54,31
26,73333	54,31
26,75000	54,31
26,76667	54,31
26,78333	54,31
26,80000	54,31
26,81667	54,32
26,83333	54,32
26,85000	54,31
26,86667	54,31
26,88333	54,31
26,90000	54,31
26,91667	54,31
26,93333	54,31
26,95000	54,31
26,96667	54,31
26,98333	54,31
27,00000	54,31
27,01667	54,32
27,03333	54,32
27,05000	54,32
27,06667	54,32
27,08333	54,32
27,10000	54,32
27,11667	54,32
27,13333	54,32
27,15000	54,31
27,16667	54,31
27,18333	54,31
27,20000	54,31
27,21667	54,31
27,23333	54,30
27,25000	54,30
27,26667	54,30
27,28333	54,30
27,30000	54,30
27,31667	54,31
27,33333	54,31
27,35000	54,31
27,36667	54,31
27,38333	54,31
27,40000	54,31
27,41667	54,31
27,43333	54,31
27,45000	54,31
27,46667	54,31
27,48333	54,32
27,50000	54,32
27,51667	54,31
27,53333	54,31
27,55000	54,31
27,56667	54,31
27,58333	54,31
27,60000	54,31
27,61667	54,32
27,63333	54,31
27,65000	54,31
27,66667	54,31
27,68333	54,31
27,70000	54,31
27,71667	54,31
27,73333	54,31
27,75000	54,30
27,76667	54,30
27,78333	54,30
27,80000	54,31
27,81667	54,31
27,83333	54,30
27,85000	54,30
27,86667	54,30
27,88333	54,30
27,90000	54,31
27,91667	54,31
27,93333	54,31
27,95000	54,30
27,96667	54,30
27,98333	54,30
28,00000	54,30
28,01667	54,30
28,03333	54,30
28,05000	54,30
28,06667	54,30
28,08333	54,30
28,10000	54,30
28,11667	54,30
28,13333	54,30
28,15000	54,30
28,16667	54,29
28,18333	54,29
28,20000	54,29
28,21667	54,30
28,23333	54,30
28,25000	54,30
28,26667	54,30
28,28333	54,30
28,30000	54,30
28,31667	54,30
28,33333	54,30
28,35000	54,30
28,36667	54,30
28,38333	54,31
28,40000	54,31
28,41667	54,30
28,43333	54,30
28,45000	54,30
28,46667	54,31
28,48333	54,31
28,50000	54,31
28,51667	54,31
28,53333	54,31
28,55000	54,31
28,56667	54,30
28,58333	54,30
28,60000	54,31
28,61667	54,31
28,63333	54,31
28,65000	54,31
28,66667	54,31
28,68333	54,31
28,70000	54,31
28,71667	54,31
28,73333	54,31
28,75000	54,31
28,76667	54,31
28,78333	54,31
28,80000	54,31
28,81667	54,30
28,83333	54,30
28,85000	54,30
28,86667	54,30
28,88333	54,30
28,90000	54,30
28,91667	54,30
28,93333	54,30
28,95000	54,30
28,96667	54,30
28,98333	54,30
29,00000	54,30
29,01667	54,30
29,03333	54,30
29,05000	54,30
29,06667	54,30
29,08333	54,30
29,10000	54,31
29,11667	54,31
29,13333	54,31
29,15000	54,32
29,16667	54,32
29,18333	54,32
29,20000	54,32
29,21667	54,32
29,23333	54,32
29,25000	54,32
29,26667	54,32
29,28333	54,32
29,30000	54,32
29,31667	54,31
29,33333	54,31
29,35000	54,31
29,36667	54,31
29,38333	54,31
29,40000	54,32
29,41667	54,32
29,43333	54,31
29,45000	54,31
29,46667	54,30
29,48333	54,30
29,50000	54,31
29,51667	54,31
29,53333	54,31
29,55000	54,31
29,56667	54,31
29,58333	54,30
29,60000	54,31
29,61667	54,31
29,63333	54,31
29,65000	54,32
29,66667	54,31
29,68333	54,31
29,70000	54,31
29,71667	54,30
29,73333	54,30
29,75000	54,30
29,76667	54,30
29,78333	54,30
29,80000	54,30
29,81667	54,30
29,83333	54,30
29,85000	54,30
29,86667	54,30
29,88333	54,31
29,90000	54,30
29,91667	54,30
29,93333	54,30
29,95000	54,29
29,96667	54,30
29,98333	54,30
30,00000	54,30
30,01667	54,30
30,03333	54,30
30,05000	54,30
30,06667	54,31
30,08333	54,31
30,10000	54,31
30,11667	54,31
30,13333	54,32
30,15000	54,32
30,16667	54,32
30,18333	54,32
30,20000	54,32
30,21667	54,33
30,23333	54,33
30,25000	54,32
30,26667	54,32
30,28333	54,32
30,30000	54,32
30,31667	54,32
30,33333	54,31
30,35000	54,31
30,36667	54,31
30,38333	54,31
30,40000	54,31
30,41667	54,31
30,43333	54,31
30,45000	54,31
30,46667	54,31
30,48333	54,32
30,50000	54,31
30,51667	54,31
30,53333	54,30
30,55000	54,30
30,56667	54,30
30,58333	54,30
30,60000	54,31
30,61667	54,31
30,63333	54,31
30,65000	54,31
30,66667	54,30
30,68333	54,30
30,70000	54,30
30,71667	54,30
30,73333	54,30
30,75000	54,31
30,76667	54,31
30,78333	54,31
30,80000	54,31
30,81667	54,31
30,83333	54,31
30,85000	54,31
30,86667	54,31
30,88333	54,31
30,90000	54,31
30,91667	54,31
30,93333	54,31
30,95000	54,31
30,96667	54,31
30,98333	54,31
31,00000	54,31
31,01667	54,31
31,03333	54,32
31,05000	54,32
31,06667	54,32
31,08333	54,32
31,10000	54,31
31,11667	54,32
31,13333	54,32
31,15000	54,32
31,16667	54,32
31,18333	54,32
31,20000	54,32
31,21667	54,31
31,23333	54,31
31,25000	54,31
31,26667	54,31
31,28333	54,31
31,30000	54,31
31,31667	54,31
31,33333	54,31
31,35000	54,31
31,36667	54,31
31,38333	54,31
31,40000	54,32
31,41667	54,32
31,43333	54,32
31,45000	54,31
31,46667	54,32
31,48333	54,32
31,50000	54,32
31,51667	54,32
31,53333	54,32
31,55000	54,32
31,56667	54,32
31,58333	54,33
31,60000	54,33
31,61667	54,32
31,63333	54,32
31,65000	54,32
31,66667	54,31
31,68333	54,31
31,70000	54,31
31,71667	54,31
31,73333	54,30
31,75000	54,30
31,76667	54,30
31,78333	54,30
31,80000	54,30
31,81667	54,30
31,83333	54,30
31,85000	54,30
31,86667	54,30
31,88333	54,30
31,90000	54,30
31,91667	54,30
31,93333	54,30
31,95000	54,30
31,96667	54,30
31,98333	54,30
32,00000	54,31

[PDA Multi Chromatogram(Ch1)]
# of Points	      3001
Interval(msec)	640
Start Time(min)	0
End Time(min)	32
Intensity Units	mAU
Intensity Multiplier	1
Type	MultiChrom
Wavelength(nm)	215
Bandwidth(nm)	4
R.Time (min)	Intensity
0,00000	0
0,01067	0
0,02133	-338
0,03200	-677
0,04267	-1014
0,05333	-1347
0,06400	-1683
0,07467	-2019
0,08533	-2350
0,09600	-2681
0,10667	-3012
0,11733	-3341
0,12800	-3666
0,13867	-3991
0,14933	-4316
0,16000	-4642
0,17067	-4969
0,18133	-5296
0,19200	-5620
0,20267	-5944
0,21333	-6266
0,22400	-6584
0,23467	-6899
0,24533	-7214
0,25600	-7525
0,26667	-7834
0,27733	-8142
0,28800	-8448
0,29867	-8749
0,30933	-9047
0,32000	-9342
0,33067	-9637
0,34133	-9929
0,35200	-10218
0,36267	-10507
0,37333	-10792
0,38400	-11073
0,39467	-11354
0,40533	-11633
0,41600	-11910
0,42667	-12186
0,43733	-12458
0,44800	-12729
0,45867	-13000
0,46933	-13272
0,48000	-13542
0,49067	-13809
0,50133	-14076
0,51200	-14340
0,52267	-14603
0,53333	-14865
0,54400	-15126
0,55467	-15388
0,56533	-15649
0,57600	-15907
0,58667	-16165
0,59733	-16421
0,60800	-16678
0,61867	-16937
0,62933	-17194
0,64000	-17452
0,65067	-17712
0,66133	-17973
0,67200	-18236
0,68267	-18501
0,69333	-18767
0,70400	-19035
0,71467	-19307
0,72533	-19581
0,73600	-19857
0,74667	-20135
0,75733	-20415
0,76800	-20696
0,77867	-20979
0,78933	-21262
0,80000	-21547
0,81067	-21831
0,82133	-22118
0,83200	-22401
0,84267	-22682
0,85333	-22964
0,86400	-23247
0,87467	-23530
0,88533	-23813
0,89600	-24094
0,90667	-24374
0,91733	-24651
0,92800	-24924
0,93867	-25196
0,94933	-25467
0,96000	-25733
0,97067	-25994
0,98133	-26254
0,99200	-26512
1,00267	-26764
1,01333	-27012
1,02400	-27250
1,03467	-27478
1,04533	-27698
1,05600	-27911
1,06667	-28116
1,07733	-28306
1,08800	-28480
1,09867	-28641
1,10933	-28788
1,12000	-28922
1,13067	-29038
1,14133	-29135
1,15200	-29215
1,16267	-29274
1,17333	-29314
1,18400	-29336
1,19467	-29338
1,20533	-29318
1,21600	-29280
1,22667	-29222
1,23733	-29144
1,24800	-29046
1,25867	-28929
1,26933	-28791
1,28000	-28632
1,29067	-28455
1,30133	-28263
1,31200	-28050
1,32267	-27817
1,33333	-27565
1,34400	-27294
1,35467	-27003
1,36533	-26696
1,37600	-26372
1,38667	-26031
1,39733	-25671
1,40800	-25293
1,41867	-24900
1,42933	-24490
1,44000	-24064
1,45067	-23622
1,46133	-23162
1,47200	-22688
1,48267	-22200
1,49333	-21699
1,50400	-21184
1,51467	-20657
1,52533	-20114
1,53600	-19560
1,54667	-18996
1,55733	-18423
1,56800	-17839
1,57867	-17245
1,58933	-16643
1,60000	-16033
1,61067	-15416
1,62133	-14796
1,63200	-14172
1,64267	-13544
1,65333	-12911
1,66400	-12277
1,67467	-11644
1,68533	-11011
1,69600	-10380
1,70667	-9748
1,71733	-9119
1,72800	-8493
1,73867	-7866
1,74933	-7246
1,76000	-6631
1,77067	-6017
1,78133	-5409
1,79200	-4808
1,80267	-4210
1,81333	-3618
1,82400	-3030
1,83467	-2448
1,84533	-1873
1,85600	-1308
1,86667	-750
1,87733	-199
1,88800	348
1,89867	888
1,90933	1418
1,92000	1938
1,93067	2450
1,94133	2956
1,95200	3454
1,96267	3941
1,97333	4419
1,98400	4890
1,99467	5352
2,00533	5802
2,01600	6244
2,02667	6678
2,03733	7102
2,04800	7517
2,05867	7921
2,06933	8315
2,08000	8700
2,09067	9078
2,10133	9446
2,11200	9804
2,12267	10153
2,13333	10494
2,14400	10827
2,15467	11153
2,16533	11467
2,17600	11773
2,18667	12073
2,19733	12364
2,20800	12647
2,21867	12924
2,22933	13198
2,24000	13465
2,25067	13725
2,26133	13979
2,27200	14227
2,28267	14467
2,29333	14703
2,30400	14934
2,31467	15161
2,32533	15385
2,33600	15602
2,34667	15814
2,35733	16022
2,36800	16225
2,37867	16425
2,38933	16621
2,40000	16815
2,41067	17006
2,42133	17191
2,43200	17369
2,44267	17543
2,45333	17714
2,46400	17884
2,47467	18049
2,48533	18209
2,49600	18366
2,50667	18523
2,51733	18676
2,52800	18827
2,53867	18978
2,54933	19122
2,56000	19265
2,57067	19408
2,58133	19550
2,59200	19690
2,60267	19827
2,61333	19960
2,62400	20092
2,63467	20223
2,64533	20349
2,65600	20476
2,66667	20598
2,67733	20714
2,68800	20831
2,69867	20945
2,70933	21058
2,72000	21167
2,73067	21273
2,74133	21379
2,75200	21483
2,76267	21585
2,77333	21684
2,78400	21780
2,79467	21875
2,80533	21969
2,81600	22058
2,82667	22147
2,83733	22235
2,84800	22319
2,85867	22404
2,86933	22489
2,88000	22572
2,89067	22653
2,90133	22734
2,91200	22813
2,92267	22889
2,93333	22965
2,94400	23039
2,95467	23111
2,96533	23180
2,97600	23249
2,98667	23320
2,99733	23391
3,00800	23459
3,01867	23529
3,02933	23598
3,04000	23662
3,05067	23729
3,06133	23797
3,07200	23867
3,08267	23935
3,09333	24002
3,10400	24069
3,11467	24135
3,12533	24203
3,13600	24269
3,14667	24337
3,15733	24403
3,16800	24467
3,17867	24530
3,18933	24592
3,20000	24654
3,21067	24715
3,22133	24774
3,23200	24830
3,24267	24885
3,25333	24940
3,26400	24995
3,27467	25051
3,28533	25108
3,29600	25164
3,30667	25218
3,31733	25272
3,32800	25328
3,33867	25385
3,34933	25442
3,36000	25497
3,37067	25550
3,38133	25604
3,39200	25660
3,40267	25715
3,41333	25767
3,42400	25819
3,43467	25869
3,44533	25914
3,45600	25962
3,46667	26014
3,47733	26064
3,48800	26111
3,49867	26164
3,50933	26213
3,52000	26261
3,53067	26314
3,54133	26367
3,55200	26416
3,56267	26452
3,57333	26448
3,58400	26348
3,59467	26062
3,60533	25489
3,61600	24554
3,62667	23214
3,63733	21485
3,64800	19425
3,65867	17138
3,66933	14789
3,68000	12613
3,69067	10982
3,70133	10683
3,71200	13688
3,72267	23699
3,73333	44321
3,74400	74661
3,75467	107368
3,76533	133199
3,77600	147361
3,78667	150734
3,79733	146849
3,80800	139132
3,81867	129906
3,82933	120361
3,84000	110789
3,85067	101069
3,86133	91249
3,87200	81693
3,88267	72846
3,89333	65019
3,90400	58359
3,91467	52880
3,92533	48510
3,93600	45131
3,94667	42599
3,95733	40776
3,96800	39536
3,97867	38779
3,98933	38440
4,00000	38464
4,01067	38810
4,02133	39438
4,03200	40295
4,04267	41316
4,05333	42433
4,06400	43577
4,07467	44450
4,08533	42016
4,09600	29303
4,10667	3483
4,11733	-30218
4,12800	-64488
4,13867	-94214
4,14933	-117740
4,16000	-135267
4,17067	-146531
4,18133	-151898
4,19200	-154898
4,20267	-160114
4,21333	-169438
4,22400	-179446
4,23467	-179995
4,24533	-158038
4,25600	-73317
4,26667	224053
4,27733	719443
4,28800	1133811
4,29867	1349373
4,30933	1421682
4,32000	1389991
4,33067	1282937
4,34133	1128536
4,35200	951994
4,36267	772553
4,37333	601973
4,38400	447143
4,39467	313387
4,40533	203646
4,41600	117949
4,42667	54202
4,43733	8331
4,44800	-24492
4,45867	-48519
4,46933	-66915
4,48000	-81779
4,49067	-94425
4,50133	-105642
4,51200	-115788
4,52267	-124868
4,53333	-132668
4,54400	-139003
4,55467	-143889
4,56533	-147527
4,57600	-150206
4,58667	-152212
4,59733	-153775
4,60800	-155052
4,61867	-156129
4,62933	-157044
4,64000	-157820
4,65067	-158470
4,66133	-159003
4,67200	-159431
4,68267	-159770
4,69333	-160034
4,70400	-160245
4,71467	-160419
4,72533	-160566
4,73600	-160702
4,74667	-160836
4,75733	-160974
4,76800	-161117
4,77867	-161268
4,78933	-161427
4,80000	-161598
4,81067	-161782
4,82133	-161981
4,83200	-162195
4,84267	-162430
4,85333	-162691
4,86400	-162983
4,87467	-163302
4,88533	-163642
4,89600	-163997
4,90667	-164361
4,91733	-164727
4,92800	-165086
4,93867	-165436
4,94933	-165774
4,96000	-166094
4,97067	-166392
4,98133	-166664
4,99200	-166917
5,00267	-167165
5,01333	-167397
5,02400	-134773
5,03467	153563
5,04533	789704
5,05600	1416173
5,06667	1809572
5,07733	2043462
5,08800	2177694
5,09867	2247084
5,10933	2270100
5,12000	2257342
5,13067	2219933
5,14133	2172198
5,15200	2126646
5,16267	2089943
5,17333	2063376
5,18400	2045207
5,19467	2033273
5,20533	2025675
5,21600	2020964
5,22667	2018449
5,23733	2017655
5,24800	2018165
5,25867	2019509
5,26933	2021587
5,28000	2024277
5,29067	2027142
5,30133	2030287
5,31200	2033587
5,32267	2036893
5,33333	2040128
5,34400	2043098
5,35467	2045815
5,36533	2048168
5,37600	2050230
5,38667	2051905
5,39733	2053218
5,40800	2054212
5,41867	2054659
5,42933	2054673
5,44000	2054324
5,45067	2054038
5,46133	2053723
5,47200	2052905
5,48267	2052001
5,49333	2051131
5,50400	2050062
5,51467	2049181
5,52533	2048668
5,53600	2048306
5,54667	2048336
5,55733	2048698
5,56800	2049335
5,57867	2050399
5,58933	2051824
5,60000	2053812
5,61067	2056381
5,62133	2059325
5,63200	2062476
5,64267	2065936
5,65333	2069568
5,66400	2073522
5,67467	2077705
5,68533	2081941
5,69600	2086220
5,70667	2090346
5,71733	2094596
5,72800	2098808
5,73867	2102668
5,74933	2106200
5,76000	2109289
5,77067	2111980
5,78133	2114430
5,79200	2118079
5,80267	2129541
5,81333	2156675
5,82400	2199636
5,83467	2246692
5,84533	2284218
5,85600	2307621
5,86667	2318622
5,87733	2320915
5,88800	2316951
5,89867	2308481
5,90933	2296029
5,92000	2278534
5,93067	2255341
5,94133	2225871
5,95200	2190037
5,96267	2148185
5,97333	2100637
5,98400	2048029
5,99467	1990583
6,00533	1928446
6,01600	1862410
6,02667	1793223
6,03733	1721306
6,04800	1647286
6,05867	1572148
6,06933	1496500
6,08000	1420667
6,09067	1344996
6,10133	1269863
6,11200	1195670
6,12267	1122914
6,13333	1052292
6,14400	984461
6,15467	920020
6,16533	859475
6,17600	803113
6,18667	750964
6,19733	702945
6,20800	658888
6,21867	618535
6,22933	581594
6,24000	547782
6,25067	516819
6,26133	488450
6,27200	462441
6,28267	438574
6,29333	416663
6,30400	396530
6,31467	378021
6,32533	360992
6,33600	345303
6,34667	330834
6,35733	317480
6,36800	305138
6,37867	293716
6,38933	283135
6,40000	273316
6,41067	264187
6,42133	255692
6,43200	247774
6,44267	240383
6,45333	233477
6,46400	227012
6,47467	220949
6,48533	215256
6,49600	209906
6,50667	204865
6,51733	200105
6,52800	195605
6,53867	191350
6,54933	187319
6,56000	183494
6,57067	179858
6,58133	176397
6,59200	173103
6,60267	169962
6,61333	166966
6,62400	164101
6,63467	161362
6,64533	158743
6,65600	156231
6,66667	153821
6,67733	151511
6,68800	149290
6,69867	147153
6,70933	145099
6,72000	143123
6,73067	141216
6,74133	139379
6,75200	137612
6,76267	135906
6,77333	134259
6,78400	132672
6,79467	131141
6,80533	129665
6,81600	128238
6,82667	126858
6,83733	125527
6,84800	124240
6,85867	122995
6,86933	121793
6,88000	120632
6,89067	119511
6,90133	118434
6,91200	117399
6,92267	116410
6,93333	115481
6,94400	114620
6,95467	113831
6,96533	113110
6,97600	112435
6,98667	111779
6,99733	111136
7,00800	110500
7,01867	109866
7,02933	109233
7,04000	108599
7,05067	107960
7,06133	107306
7,07200	106637
7,08267	105961
7,09333	105279
7,10400	104599
7,11467	103927
7,12533	103252
7,13600	102577
7,14667	101907
7,15733	103471
7,16800	158000
7,17867	411794
7,18933	837468
7,20000	1224362
7,21067	1495510
7,22133	1674372
7,23200	1788306
7,24267	1858772
7,25333	1901396
7,26400	1926331
7,27467	1939507
7,28533	1944567
7,29600	1943709
7,30667	1938295
7,31733	1929230
7,32800	1917048
7,33867	1902099
7,34933	1884649
7,36000	1864567
7,37067	1841787
7,38133	1815948
7,39200	1786323
7,40267	1751926
7,41333	1711386
7,42400	1662733
7,43467	1603495
7,44533	1531056
7,45600	1443405
7,46667	1340295
7,47733	1223973
7,48800	1099223
7,49867	972073
7,50933	848464
7,52000	733168
7,53067	629253
7,54133	538148
7,55200	460010
7,56267	394156
7,57333	339441
7,58400	294532
7,59467	258070
7,60533	228754
7,61600	205388
7,62667	186896
7,63733	172337
7,64800	160907
7,65867	151925
7,66933	144840
7,68000	139204
7,69067	134657
7,70133	130932
7,71200	127829
7,72267	125191
7,73333	122908
7,74400	120898
7,75467	119108
7,76533	117492
7,77600	116016
7,78667	114659
7,79733	113400
7,80800	112232
7,81867	111145
7,82933	110124
7,84000	109164
7,85067	108255
7,86133	107396
7,87200	106582
7,88267	105804
7,89333	105068
7,90400	104373
7,91467	103706
7,92533	103067
7,93600	102455
7,94667	101868
7,95733	101306
7,96800	100762
7,97867	100237
7,98933	99728
8,00000	99237
8,01067	98762
8,02133	98298
8,03200	97847
8,04267	97413
8,05333	96992
8,06400	96584
8,07467	96188
8,08533	95799
8,09600	95416
8,10667	95044
8,11733	94681
8,12800	94326
8,13867	93978
8,14933	93635
8,16000	93298
8,17067	92967
8,18133	92639
8,19200	92311
8,20267	91983
8,21333	91658
8,22400	91337
8,23467	91021
8,24533	90711
8,25600	90407
8,26667	90107
8,27733	89812
8,28800	89521
8,29867	89235
8,30933	88952
8,32000	88673
8,33067	88395
8,34133	88121
8,35200	87852
8,36267	87586
8,37333	87326
8,38400	87070
8,39467	86819
8,40533	86570
8,41600	86322
8,42667	86076
8,43733	85836
8,44800	85598
8,45867	85363
8,46933	85133
8,48000	84901
8,49067	84674
8,50133	84454
8,51200	84234
8,52267	84016
8,53333	83804
8,54400	83595
8,55467	83390
8,56533	83188
8,57600	82987
8,58667	82789
8,59733	82597
8,60800	82405
8,61867	82218
8,62933	82034
8,64000	81852
8,65067	81672
8,66133	81490
8,67200	81309
8,68267	81130
8,69333	80956
8,70400	80783
8,71467	80610
8,72533	80436
8,73600	80262
8,74667	80089
8,75733	79916
8,76800	79745
8,77867	79576
8,78933	79405
8,80000	79233
8,81067	79068
8,82133	78906
8,83200	78742
8,84267	78584
8,85333	78433
8,86400	78283
8,87467	78135
8,88533	77993
8,89600	77853
8,90667	77717
8,91733	77588
8,92800	77461
8,93867	77339
8,94933	77220
8,96000	77103
8,97067	76991
8,98133	76881
8,99200	76776
9,00267	76672
9,01333	76571
9,02400	76472
9,03467	76373
9,04533	76276
9,05600	76181
9,06667	76086
9,07733	75989
9,08800	75896
9,09867	75805
9,10933	75717
9,12000	75629
9,13067	75543
9,14133	75459
9,15200	75375
9,16267	75292
9,17333	75212
9,18400	75136
9,19467	75060
9,20533	74988
9,21600	74917
9,22667	74847
9,23733	74780
9,24800	74713
9,25867	74644
9,26933	74574
9,28000	74505
9,29067	74435
9,30133	74364
9,31200	74290
9,32267	74215
9,33333	74143
9,34400	74069
9,35467	73992
9,36533	73911
9,37600	73825
9,38667	73739
9,39733	73654
9,40800	73568
9,41867	73481
9,42933	73394
9,44000	73307
9,45067	73221
9,46133	73138
9,47200	73051
9,48267	72960
9,49333	72871
9,50400	72781
9,51467	72692
9,52533	72600
9,53600	72506
9,54667	72411
9,55733	72314
9,56800	72217
9,57867	72119
9,58933	72019
9,60000	71912
9,61067	71801
9,62133	71692
9,63200	71581
9,64267	71472
9,65333	71368
9,66400	71265
9,67467	71168
9,68533	71078
9,69600	70994
9,70667	70911
9,71733	70832
9,72800	70760
9,73867	70693
9,74933	70634
9,76000	70578
9,77067	70527
9,78133	70479
9,79200	70433
9,80267	70387
9,81333	70338
9,82400	70291
9,83467	70244
9,84533	70196
9,85600	70151
9,86667	70113
9,87733	70083
9,88800	70064
9,89867	70057
9,90933	70065
9,92000	70091
9,93067	70136
9,94133	70197
9,95200	70274
9,96267	70359
9,97333	70449
9,98400	70537
9,99467	70615
10,00533	70684
10,01600	70746
10,02667	70791
10,03733	70821
10,04800	70830
10,05867	70804
10,06933	70731
10,08000	70606
10,09067	70431
10,10133	70222
10,11200	69990
10,12267	69755
10,13333	69531
10,14400	69323
10,15467	69138
10,16533	68975
10,17600	68830
10,18667	68702
10,19733	68584
10,20800	68476
10,21867	68381
10,22933	68294
10,24000	68211
10,25067	68137
10,26133	68070
10,27200	68006
10,28267	67946
10,29333	67890
10,30400	67837
10,31467	67787
10,32533	67741
10,33600	67699
10,34667	67657
10,35733	67615
10,36800	67576
10,37867	67538
10,38933	67501
10,40000	67468
10,41067	67437
10,42133	67405
10,43200	67380
10,44267	67358
10,45333	67339
10,46400	67327
10,47467	67323
10,48533	67326
10,49600	67337
10,50667	67356
10,51733	67387
10,52800	67429
10,53867	67482
10,54933	67545
10,56000	67615
10,57067	67687
10,58133	67760
10,59200	67829
10,60267	67883
10,61333	67915
10,62400	67921
10,63467	67893
10,64533	67833
10,65600	67750
10,66667	67647
10,67733	67525
10,68800	67394
10,69867	67263
10,70933	67135
10,72000	67018
10,73067	66915
10,74133	66820
10,75200	66736
10,76267	66661
10,77333	66591
10,78400	66530
10,79467	66477
10,80533	66428
10,81600	66382
10,82667	66338
10,83733	66297
10,84800	66257
10,85867	66221
10,86933	66187
10,88000	66152
10,89067	66118
10,90133	66084
10,91200	66049
10,92267	66017
10,93333	65986
10,94400	65953
10,95467	65918
10,96533	65883
10,97600	65850
10,98667	65816
10,99733	65782
11,00800	65749
11,01867	65720
11,02933	65692
11,04000	65665
11,05067	65639
11,06133	65615
11,07200	65595
11,08267	65577
11,09333	65559
11,10400	65542
11,11467	65524
11,12533	65505
11,13600	65483
11,14667	65460
11,15733	65437
11,16800	65411
11,17867	65386
11,18933	65359
11,20000	65331
11,21067	65302
11,22133	65272
11,23200	65245
11,24267	65224
11,25333	65200
11,26400	65180
11,27467	65167
11,28533	65159
11,29600	65154
11,30667	65148
11,31733	65143
11,32800	65141
11,33867	65139
11,34933	65132
11,36000	65121
11,37067	65104
11,38133	65082
11,39200	65052
11,40267	65016
11,41333	64976
11,42400	64932
11,43467	64889
11,44533	64844
11,45600	64796
11,46667	64752
11,47733	64713
11,48800	64678
11,49867	64645
11,50933	64613
11,52000	64584
11,53067	64554
11,54133	64529
11,55200	64506
11,56267	64481
11,57333	64459
11,58400	64442
11,59467	64429
11,60533	64424
11,61600	64427
11,62667	64434
11,63733	64442
11,64800	64444
11,65867	64438
11,66933	64425
11,68000	64403
11,69067	64370
11,70133	64333
11,71200	64294
11,72267	64254
11,73333	64216
11,74400	64181
11,75467	64150
11,76533	64119
11,77600	64088
11,78667	64055
11,79733	64023
11,80800	63994
11,81867	63968
11,82933	63941
11,84000	63917
11,85067	63895
11,86133	63875
11,87200	63858
11,88267	63841
11,89333	63819
11,90400	63796
11,91467	63773
11,92533	63757
11,93600	63747
11,94667	63744
11,95733	63760
11,96800	63799
11,97867	63867
11,98933	63965
12,00000	64086
12,01067	64221
12,02133	64355
12,03200	64467
12,04267	64538
12,05333	64557
12,06400	64524
12,07467	64445
12,08533	64334
12,09600	64206
12,10667	64076
12,11733	63956
12,12800	63851
12,13867	63762
12,14933	63688
12,16000	63624
12,17067	63568
12,18133	63520
12,19200	63483
12,20267	63452
12,21333	63425
12,22400	63401
12,23467	63383
12,24533	63367
12,25600	63351
12,26667	63337
12,27733	63323
12,28800	63313
12,29867	63304
12,30933	63293
12,32000	63284
12,33067	63277
12,34133	63271
12,35200	63263
12,36267	63255
12,37333	63249
12,38400	63242
12,39467	63232
12,40533	63216
12,41600	63198
12,42667	63179
12,43733	63158
12,44800	63134
12,45867	63106
12,46933	63074
12,48000	63039
12,49067	62999
12,50133	62958
12,51200	62915
12,52267	62869
12,53333	62821
12,54400	62768
12,55467	62706
12,56533	62641
12,57600	62570
12,58667	62497
12,59733	62426
12,60800	62363
12,61867	62324
12,62933	62319
12,64000	62356
12,65067	62439
12,66133	62562
12,67200	62703
12,68267	62826
12,69333	62898
12,70400	62888
12,71467	62783
12,72533	62590
12,73600	62324
12,74667	62011
12,75733	61681
12,76800	61355
12,77867	61043
12,78933	60753
12,80000	60484
12,81067	60233
12,82133	59995
12,83200	59773
12,84267	59564
12,85333	59367
12,86400	59184
12,87467	59014
12,88533	58857
12,89600	58708
12,90667	58566
12,91733	58429
12,92800	58296
12,93867	58166
12,94933	58042
12,96000	57919
12,97067	57798
12,98133	57681
12,99200	57571
13,00267	57470
13,01333	57375
13,02400	57291
13,03467	57219
13,04533	57159
13,05600	57111
13,06667	57072
13,07733	57043
13,08800	57017
13,09867	56988
13,10933	56948
13,12000	56895
13,13067	56827
13,14133	56748
13,15200	56661
13,16267	56575
13,17333	56492
13,18400	56414
13,19467	56344
13,20533	56283
13,21600	56231
13,22667	56189
13,23733	56150
13,24800	56115
13,25867	56080
13,26933	56041
13,28000	56001
13,29067	55961
13,30133	55920
13,31200	55878
13,32267	55835
13,33333	55792
13,34400	55752
13,35467	55714
13,36533	55681
13,37600	55653
13,38667	55632
13,39733	55618
13,40800	55613
13,41867	55615
13,42933	55617
13,44000	55614
13,45067	55605
13,46133	55586
13,47200	55559
13,48267	55521
13,49333	55479
13,50400	55434
13,51467	55388
13,52533	55343
13,53600	55300
13,54667	55262
13,55733	55229
13,56800	55201
13,57867	55178
13,58933	55154
13,60000	55132
13,61067	55115
13,62133	55095
13,63200	55076
13,64267	55055
13,65333	55033
13,66400	55011
13,67467	54988
13,68533	54961
13,69600	54936
13,70667	54916
13,71733	54900
13,72800	54886
13,73867	54875
13,74933	54872
13,76000	54874
13,77067	54884
13,78133	54898
13,79200	54922
13,80267	54957
13,81333	54998
13,82400	55040
13,83467	55083
13,84533	55127
13,85600	55166
13,86667	55195
13,87733	55207
13,88800	55205
13,89867	55187
13,90933	55153
13,92000	55107
13,93067	55052
13,94133	54990
13,95200	54926
13,96267	54865
13,97333	54809
13,98400	54759
13,99467	54716
14,00533	54682
14,01600	54651
14,02667	54625
14,03733	54608
14,04800	54593
14,05867	54580
14,06933	54572
14,08000	54567
14,09067	54565
14,10133	54564
14,11200	54563
14,12267	54565
14,13333	54570
14,14400	54576
14,15467	54578
14,16533	54577
14,17600	54576
14,18667	54574
14,19733	54573
14,20800	54569
14,21867	54562
14,22933	54553
14,24000	54542
14,25067	54529
14,26133	54514
14,27200	54499
14,28267	54484
14,29333	54471
14,30400	54457
14,31467	54444
14,32533	54430
14,33600	54414
14,34667	54401
14,35733	54391
14,36800	54379
14,37867	54364
14,38933	54353
14,40000	54343
14,41067	54333
14,42133	54324
14,43200	54318
14,44267	54313
14,45333	54307
14,46400	54301
14,47467	54295
14,48533	54289
14,49600	54283
14,50667	54278
14,51733	54275
14,52800	54271
14,53867	54265
14,54933	54259
14,56000	54252
14,57067	54244
14,58133	54233
14,59200	54222
14,60267	54211
14,61333	54198
14,62400	54185
14,63467	54175
14,64533	54166
14,65600	54155
14,66667	54145
14,67733	54138
14,68800	54131
14,69867	54124
14,70933	54118
14,72000	54111
14,73067	54104
14,74133	54101
14,75200	54098
14,76267	54094
14,77333	54089
14,78400	54083
14,79467	54081
14,80533	54080
14,81600	54079
14,82667	54079
14,83733	54078
14,84800	54077
14,85867	54078
14,86933	54078
14,88000	54077
14,89067	54076
14,90133	54075
14,91200	54073
14,92267	54074
14,93333	54076
14,94400	54081
14,95467	54089
14,96533	54096
14,97600	54105
14,98667	54112
14,99733	54120
15,00800	54128
15,01867	54131
15,02933	54127
15,04000	54119
15,05067	54109
15,06133	54098
15,07200	54084
15,08267	54066
15,09333	54047
15,10400	54031
15,11467	54016
15,12533	54004
15,13600	53995
15,14667	53986
15,15733	53978
15,16800	53974
15,17867	53972
15,18933	53969
15,20000	53964
15,21067	53961
15,22133	53958
15,23200	53956
15,24267	53952
15,25333	53950
15,26400	53951
15,27467	53949
15,28533	53945
15,29600	53943
15,30667	53942
15,31733	53941
15,32800	53938
15,33867	53937
15,34933	53938
15,36000	53935
15,37067	53931
15,38133	53927
15,39200	53921
15,40267	53914
15,41333	53904
15,42400	53893
15,43467	53877
15,44533	53863
15,45600	53846
15,46667	53825
15,47733	53800
15,48800	53769
15,49867	53736
15,50933	53700
15,52000	53662
15,53067	53618
15,54133	53570
15,55200	53518
15,56267	53464
15,57333	53409
15,58400	53351
15,59467	53290
15,60533	53223
15,61600	53153
15,62667	53081
15,63733	53011
15,64800	52939
15,65867	52865
15,66933	52792
15,68000	52715
15,69067	52640
15,70133	52565
15,71200	52492
15,72267	52419
15,73333	52347
15,74400	52276
15,75467	52207
15,76533	52141
15,77600	52075
15,78667	52013
15,79733	51953
15,80800	51893
15,81867	51834
15,82933	51779
15,84000	51726
15,85067	51673
15,86133	51623
15,87200	51574
15,88267	51526
15,89333	51481
15,90400	51435
15,91467	51393
15,92533	51354
15,93600	51317
15,94667	51280
15,95733	51243
15,96800	51205
15,97867	51169
15,98933	51137
16,00000	51107
16,01067	51077
16,02133	51046
16,03200	51015
16,04267	50983
16,05333	50953
16,06400	50925
16,07467	50897
16,08533	50870
16,09600	50845
16,10667	50821
16,11733	50796
16,12800	50771
16,13867	50750
16,14933	50730
16,16000	50707
16,17067	50687
16,18133	50668
16,19200	50649
16,20267	50632
16,21333	50616
16,22400	50600
16,23467	50586
16,24533	50571
16,25600	50557
16,26667	50545
16,27733	50533
16,28800	50520
16,29867	50507
16,30933	50496
16,32000	50488
16,33067	50479
16,34133	50467
16,35200	50456
16,36267	50449
16,37333	50440
16,38400	50432
16,39467	50425
16,40533	50416
16,41600	50406
16,42667	50396
16,43733	50386
16,44800	50375
16,45867	50366
16,46933	50359
16,48000	50353
16,49067	50345
16,50133	50337
16,51200	50328
16,52267	50318
16,53333	50308
16,54400	50299
16,55467	50292
16,56533	50281
16,57600	50271
16,58667	50263
16,59733	50256
16,60800	50246
16,61867	50233
16,62933	50221
16,64000	50210
16,65067	50199
16,66133	50189
16,67200	50176
16,68267	50159
16,69333	50146
16,70400	50137
16,71467	50125
16,72533	50110
16,73600	50096
16,74667	50083
16,75733	50072
16,76800	50063
16,77867	50053
16,78933	50044
16,80000	50035
16,81067	50029
16,82133	50025
16,83200	50022
16,84267	50018
16,85333	50015
16,86400	50014
16,87467	50014
16,88533	50012
16,89600	50011
16,90667	50009
16,91733	50005
16,92800	50001
16,93867	49993
16,94933	49987
16,96000	49979
16,97067	49967
16,98133	49954
16,99200	49939
17,00267	49923
17,01333	49906
17,02400	49891
17,03467	49878
17,04533	49866
17,05600	49852
17,06667	49837
17,07733	49824
17,08800	49812
17,09867	49801
17,10933	49788
17,12000	49779
17,13067	49771
17,14133	49761
17,15200	49752
17,16267	49745
17,17333	49735
17,18400	49727
17,19467	49722
17,20533	49717
17,21600	49710
17,22667	49706
17,23733	49702
17,24800	49700
17,25867	49697
17,26933	49692
17,28000	49685
17,29067	49678
17,30133	49672
17,31200	49665
17,32267	49657
17,33333	49650
17,34400	49641
17,35467	49632
17,36533	49624
17,37600	49615
17,38667	49605
17,39733	49596
17,40800	49587
17,41867	49578
17,42933	49570
17,44000	49564
17,45067	49557
17,46133	49550
17,47200	49544
17,48267	49538
17,49333	49533
17,50400	49527
17,51467	49519
17,52533	49514
17,53600	49506
17,54667	49497
17,55733	49492
17,56800	49486
17,57867	49478
17,58933	49468
17,60000	49458
17,61067	49451
17,62133	49443
17,63200	49434
17,64267	49425
17,65333	49420
17,66400	49415
17,67467	49408
17,68533	49402
17,69600	49398
17,70667	49394
17,71733	49387
17,72800	49381
17,73867	49376
17,74933	49369
17,76000	49365
17,77067	49361
17,78133	49354
17,79200	49346
17,80267	49342
17,81333	49338
17,82400	49333
17,83467	49329
17,84533	49326
17,85600	49322
17,86667	49323
17,87733	49328
17,88800	49332
17,89867	49340
17,90933	49354
17,92000	49373
17,93067	49399
17,94133	49441
17,95200	49504
17,96267	49588
17,97333	49705
17,98400	49860
17,99467	50061
18,00533	50315
18,01600	50626
18,02667	51000
18,03733	51442
18,04800	51952
18,05867	52523
18,06933	53150
18,08000	53823
18,09067	54532
18,10133	55265
18,11200	56008
18,12267	56744
18,13333	57467
18,14400	58163
18,15467	58827
18,16533	59448
18,17600	60028
18,18667	60570
18,19733	61074
18,20800	61538
18,21867	61968
18,22933	62369
18,24000	62747
18,25067	63101
18,26133	63429
18,27200	63727
18,28267	63992
18,29333	64212
18,30400	64374
18,31467	64466
18,32533	64472
18,33600	64378
18,34667	64170
18,35733	63845
18,36800	63395
18,37867	62825
18,38933	62151
18,40000	61392
18,41067	60564
18,42133	59687
18,43200	58789
18,44267	57895
18,45333	57025
18,46400	56194
18,47467	55418
18,48533	54703
18,49600	54052
18,50667	53469
18,51733	52951
18,52800	52490
18,53867	52084
18,54933	51729
18,56000	51421
18,57067	51149
18,58133	50910
18,59200	50701
18,60267	50520
18,61333	50366
18,62400	50234
18,63467	50124
18,64533	50029
18,65600	49949
18,66667	49885
18,67733	49832
18,68800	49790
18,69867	49758
18,70933	49737
18,72000	49724
18,73067	49715
18,74133	49714
18,75200	49714
18,76267	49717
18,77333	49722
18,78400	49731
18,79467	49743
18,80533	49757
18,81600	49769
18,82667	49781
18,83733	49792
18,84800	49803
18,85867	49817
18,86933	49826
18,88000	49835
18,89067	49844
18,90133	49850
18,91200	49858
18,92267	49866
18,93333	49872
18,94400	49876
18,95467	49877
18,96533	49881
18,97600	49885
18,98667	49893
18,99733	49901
19,00800	49910
19,01867	49926
19,02933	49946
19,04000	49971
19,05067	49999
19,06133	50031
19,07200	50070
19,08267	50111
19,09333	50154
19,10400	50197
19,11467	50240
19,12533	50279
19,13600	50311
19,14667	50334
19,15733	50352
19,16800	50364
19,17867	50365
19,18933	50354
19,20000	50331
19,21067	50299
19,22133	50260
19,23200	50213
19,24267	50165
19,25333	50114
19,26400	50055
19,27467	49994
19,28533	49932
19,29600	49872
19,30667	49812
19,31733	49752
19,32800	49697
19,33867	49645
19,34933	49594
19,36000	49546
19,37067	49501
19,38133	49459
19,39200	49422
19,40267	49387
19,41333	49351
19,42400	49319
19,43467	49289
19,44533	49262
19,45600	49238
19,46667	49216
19,47733	49193
19,48800	49171
19,49867	49151
19,50933	49132
19,52000	49118
19,53067	49106
19,54133	49093
19,55200	49083
19,56267	49073
19,57333	49066
19,58400	49058
19,59467	49049
19,60533	49041
19,61600	49035
19,62667	49030
19,63733	49024
19,64800	49018
19,65867	49016
19,66933	49014
19,68000	49010
19,69067	49006
19,70133	49003
19,71200	49002
19,72267	49000
19,73333	48999
19,74400	48994
19,75467	48992
19,76533	48993
19,77600	48990
19,78667	48988
19,79733	48987
19,80800	48986
19,81867	48983
19,82933	48979
19,84000	48973
19,85067	48966
19,86133	48963
19,87200	48961
19,88267	48958
19,89333	48951
19,90400	48946
19,91467	48940
19,92533	48932
19,93600	48924
19,94667	48916
19,95733	48905
19,96800	48894
19,97867	48883
19,98933	48872
20,00000	48863
20,01067	48853
20,02133	48846
20,03200	48838
20,04267	48830
20,05333	48823
20,06400	48817
20,07467	48812
20,08533	48807
20,09600	48802
20,10667	48795
20,11733	48787
20,12800	48779
20,13867	48773
20,14933	48769
20,16000	48766
20,17067	48762
20,18133	48756
20,19200	48750
20,20267	48746
20,21333	48745
20,22400	48740
20,23467	48735
20,24533	48729
20,25600	48724
20,26667	48720
20,27733	48716
20,28800	48714
20,29867	48713
20,30933	48712
20,32000	48711
20,33067	48713
20,34133	48722
20,35200	48734
20,36267	48747
20,37333	48766
20,38400	48787
20,39467	48812
20,40533	48844
20,41600	48882
20,42667	48927
20,43733	48980
20,44800	49042
20,45867	49113
20,46933	49191
20,48000	49277
20,49067	49371
20,50133	49476
20,51200	49588
20,52267	49709
20,53333	49838
20,54400	49977
20,55467	50127
20,56533	50285
20,57600	50449
20,58667	50622
20,59733	50800
20,60800	50985
20,61867	51175
20,62933	51369
20,64000	51567
20,65067	51767
20,66133	51970
20,67200	52175
20,68267	52382
20,69333	52589
20,70400	52797
20,71467	53002
20,72533	53207
20,73600	53411
20,74667	53612
20,75733	53809
20,76800	54004
20,77867	54195
20,78933	54380
20,80000	54560
20,81067	54737
20,82133	54910
20,83200	55078
20,84267	55240
20,85333	55398
20,86400	55552
20,87467	55701
20,88533	55844
20,89600	55981
20,90667	56113
20,91733	56241
20,92800	56362
20,93867	56479
20,94933	56592
20,96000	56696
20,97067	56794
20,98133	56889
20,99200	56983
21,00267	57071
21,01333	57154
21,02400	57236
21,03467	57315
21,04533	57391
21,05600	57464
21,06667	57531
21,07733	57596
21,08800	57660
21,09867	57721
21,10933	57779
21,12000	57834
21,13067	57887
21,14133	57939
21,15200	57991
21,16267	58043
21,17333	58092
21,18400	58138
21,19467	58180
21,20533	58223
21,21600	58266
21,22667	58308
21,23733	58347
21,24800	58384
21,25867	58419
21,26933	58450
21,28000	58480
21,29067	58511
21,30133	58540
21,31200	58570
21,32267	58601
21,33333	58627
21,34400	58650
21,35467	58674
21,36533	58696
21,37600	58719
21,38667	58741
21,39733	58761
21,40800	58782
21,41867	58801
21,42933	58820
21,44000	58836
21,45067	58853
21,46133	58874
21,47200	58896
21,48267	58919
21,49333	58939
21,50400	58961
21,51467	58981
21,52533	58999
21,53600	59022
21,54667	59048
21,55733	59074
21,56800	59101
21,57867	59127
21,58933	59151
21,60000	59175
21,61067	59201
21,62133	59230
21,63200	59257
21,64267	59280
21,65333	59305
21,66400	59329
21,67467	59349
21,68533	59371
21,69600	59391
21,70667	59410
21,71733	59428
21,72800	59448
21,73867	59470
21,74933	59490
21,76000	59508
21,77067	59524
21,78133	59545
21,79200	59565
21,80267	59584
21,81333	59605
21,82400	59627
21,83467	59649
21,84533	59672
21,85600	59694
21,86667	59714
21,87733	59738
21,88800	59762
21,89867	59785
21,90933	59806
21,92000	59828
21,93067	59854
21,94133	59877
21,95200	59899
21,96267	59922
21,97333	59943
21,98400	59963
21,99467	59983
22,00533	60003
22,01600	60022
22,02667	60040
22,03733	60059
22,04800	60078
22,05867	60093
22,06933	60109
22,08000	60129
22,09067	60149
22,10133	60170
22,11200	60190
22,12267	60212
22,13333	60234
22,14400	60257
22,15467	60283
22,16533	60310
22,17600	60335
22,18667	60359
22,19733	60383
22,20800	60408
22,21867	60433
22,22933	60456
22,24000	60474
22,25067	60489
22,26133	60505
22,27200	60519
22,28267	60529
22,29333	60540
22,30400	60549
22,31467	60555
22,32533	60558
22,33600	60562
22,34667	60565
22,35733	60570
22,36800	60576
22,37867	60581
22,38933	60583
22,40000	60583
22,41067	60582
22,42133	60583
22,43200	60582
22,44267	60577
22,45333	60570
22,46400	60561
22,47467	60551
22,48533	60538
22,49600	60526
22,50667	60513
22,51733	60496
22,52800	60477
22,53867	60455
22,54933	60434
22,56000	60412
22,57067	60392
22,58133	60374
22,59200	60352
22,60267	60327
22,61333	60305
22,62400	60287
22,63467	60269
22,64533	60252
22,65600	60236
22,66667	60224
22,67733	60215
22,68800	60206
22,69867	60196
22,70933	60188
22,72000	60186
22,73067	60187
22,74133	60188
22,75200	60190
22,76267	60196
22,77333	60204
22,78400	60213
22,79467	60224
22,80533	60233
22,81600	60242
22,82667	60253
22,83733	60266
22,84800	60280
22,85867	60291
22,86933	60300
22,88000	60314
22,89067	60328
22,90133	60337
22,91200	60348
22,92267	60361
22,93333	60374
22,94400	60383
22,95467	60393
22,96533	60403
22,97600	60413
22,98667	60423
22,99733	60431
23,00800	60439
23,01867	60447
23,02933	60453
23,04000	60461
23,05067	60469
23,06133	60478
23,07200	60486
23,08267	60491
23,09333	60498
23,10400	60507
23,11467	60515
23,12533	60526
23,13600	60536
23,14667	60546
23,15733	60555
23,16800	60560
23,17867	60563
23,18933	60566
23,20000	60568
23,21067	60571
23,22133	60574
23,23200	60576
23,24267	60580
23,25333	60583
23,26400	60584
23,27467	60586
23,28533	60583
23,29600	60580
23,30667	60579
23,31733	60575
23,32800	60569
23,33867	60565
23,34933	60559
23,36000	60555
23,37067	60553
23,38133	60549
23,39200	60545
23,40267	60541
23,41333	60540
23,42400	60536
23,43467	60533
23,44533	60533
23,45600	60534
23,46667	60537
23,47733	60540
23,48800	60544
23,49867	60549
23,50933	60552
23,52000	60557
23,53067	60564
23,54133	60572
23,55200	60578
23,56267	60584
23,57333	60592
23,58400	60600
23,59467	60608
23,60533	60617
23,61600	60627
23,62667	60633
23,63733	60640
23,64800	60651
23,65867	60661
23,66933	60671
23,68000	60684
23,69067	60694
23,70133	60706
23,71200	60717
23,72267	60729
23,73333	60742
23,74400	60753
23,75467	60761
23,76533	60771
23,77600	60781
23,78667	60788
23,79733	60794
23,80800	60797
23,81867	60800
23,82933	60803
23,84000	60802
23,85067	60800
23,86133	60800
23,87200	60801
23,88267	60802
23,89333	60801
23,90400	60801
23,91467	60803
23,92533	60803
23,93600	60802
23,94667	60801
23,95733	60800
23,96800	60797
23,97867	60794
23,98933	60794
24,00000	60794
24,01067	60794
24,02133	60795
24,03200	60795
24,04267	60801
24,05333	60807
24,06400	60814
24,07467	60825
24,08533	60836
24,09600	60850
24,10667	60866
24,11733	60882
24,12800	60900
24,13867	60926
24,14933	60953
24,16000	60984
24,17067	61030
24,18133	61088
24,19200	61163
24,20267	61261
24,21333	61384
24,22400	61534
24,23467	61719
24,24533	61937
24,25600	62197
24,26667	62501
24,27733	62846
24,28800	63239
24,29867	63680
24,30933	64162
24,32000	64686
24,33067	65251
24,34133	65855
24,35200	66493
24,36267	67161
24,37333	67853
24,38400	68563
24,39467	69292
24,40533	70033
24,41600	70775
24,42667	71509
24,43733	72235
24,44800	72944
24,45867	73631
24,46933	74293
24,48000	74927
24,49067	75529
24,50133	76098
24,51200	76630
24,52267	77124
24,53333	77580
24,54400	77996
24,55467	78371
24,56533	78709
24,57600	79009
24,58667	79270
24,59733	79496
24,60800	79689
24,61867	79850
24,62933	79977
24,64000	80073
24,65067	80144
24,66133	80190
24,67200	80210
24,68267	80210
24,69333	80197
24,70400	80180
24,71467	80178
24,72533	80213
24,73600	80314
24,74667	80511
24,75733	80826
24,76800	81264
24,77867	81792
24,78933	82355
24,80000	82868
24,81067	83242
24,82133	83399
24,83200	83298
24,84267	82941
24,85333	82367
24,86400	81643
24,87467	80829
24,88533	79977
24,89600	79129
24,90667	78309
24,91733	77531
24,92800	76797
24,93867	76106
24,94933	75456
24,96000	74845
24,97067	74270
24,98133	73725
24,99200	73212
25,00267	72730
25,01333	72273
25,02400	71842
25,03467	71436
25,04533	71047
25,05600	70668
25,06667	70297
25,07733	69930
25,08800	69567
25,09867	69205
25,10933	68840
25,12000	68473
25,13067	68103
25,14133	67728
25,15200	67347
25,16267	66966
25,17333	66581
25,18400	66186
25,19467	65783
25,20533	65371
25,21600	64947
25,22667	64515
25,23733	64082
25,24800	63649
25,25867	63211
25,26933	62771
25,28000	62334
25,29067	61898
25,30133	61466
25,31200	61043
25,32267	60640
25,33333	60279
25,34400	59961
25,35467	59665
25,36533	59364
25,37600	59035
25,38667	58664
25,39733	58251
25,40800	57807
25,41867	57345
25,42933	56876
25,44000	56413
25,45067	55961
25,46133	55524
25,47200	55100
25,48267	54691
25,49333	54304
25,50400	53943
25,51467	53601
25,52533	53281
25,53600	52976
25,54667	52681
25,55733	52397
25,56800	52130
25,57867	51883
25,58933	51644
25,60000	51388
25,61067	51093
25,62133	50753
25,63200	50379
25,64267	49989
25,65333	49599
25,66400	49217
25,67467	48847
25,68533	48489
25,69600	48143
25,70667	47810
25,71733	47489
25,72800	47178
25,73867	46881
25,74933	46593
25,76000	46309
25,77067	46034
25,78133	45764
25,79200	45500
25,80267	45246
25,81333	45002
25,82400	44764
25,83467	44535
25,84533	44311
25,85600	44094
25,86667	43890
25,87733	43706
25,88800	43542
25,89867	43388
25,90933	43228
25,92000	43053
25,93067	42865
25,94133	42673
25,95200	42492
25,96267	42337
25,97333	42207
25,98400	42087
25,99467	41954
26,00533	41790
26,01600	41601
26,02667	41399
26,03733	41195
26,04800	40996
26,05867	40805
26,06933	40623
26,08000	40449
26,09067	40287
26,10133	40139
26,11200	40007
26,12267	39890
26,13333	39789
26,14400	39717
26,15467	39698
26,16533	39789
26,17600	40098
26,18667	40795
26,19733	42026
26,20800	43796
26,21867	45943
26,22933	48264
26,24000	50674
26,25067	53202
26,26133	55882
26,27200	58622
26,28267	61190
26,29333	63286
26,30400	64647
26,31467	65098
26,32533	64552
26,33600	63039
26,34667	60737
26,35733	57944
26,36800	54984
26,37867	52130
26,38933	49558
26,40000	47347
26,41067	45508
26,42133	44019
26,43200	42835
26,44267	41892
26,45333	41133
26,46400	40509
26,47467	39987
26,48533	39533
26,49600	39130
26,50667	38768
26,51733	38437
26,52800	38132
26,53867	37848
26,54933	37580
26,56000	37333
26,57067	37098
26,58133	36869
26,59200	36647
26,60267	36431
26,61333	36221
26,62400	36025
26,63467	35849
26,64533	35707
26,65600	35626
26,66667	35642
26,67733	35785
26,68800	36069
26,69867	36479
26,70933	36971
26,72000	37480
26,73067	37933
26,74133	38275
26,75200	38473
26,76267	38514
26,77333	38411
26,78400	38191
26,79467	37887
26,80533	37532
26,81600	37151
26,82667	36762
26,83733	36376
26,84800	36004
26,85867	35660
26,86933	35364
26,88000	35129
26,89067	34973
26,90133	34946
26,91200	35150
26,92267	35714
26,93333	36697
26,94400	37989
26,95467	39349
26,96533	40550
26,97600	41470
26,98667	42065
26,99733	42334
27,00800	42318
27,01867	42088
27,02933	41752
27,04000	41411
27,05067	41138
27,06133	40985
27,07200	41002
27,08267	41224
27,09333	41649
27,10400	42189
27,11467	42701
27,12533	43068
27,13600	43263
27,14667	43410
27,15733	43967
27,16800	46203
27,17867	52620
27,18933	66076
27,20000	87089
27,21067	111636
27,22133	132642
27,23200	144379
27,24267	145553
27,25333	138721
27,26400	127657
27,27467	115320
27,28533	103330
27,29600	92360
27,30667	82630
27,31733	74213
27,32800	67126
27,33867	61346
27,34933	56794
27,36000	53336
27,37067	50802
27,38133	49012
27,39200	47801
27,40267	47017
27,41333	46530
27,42400	46251
27,43467	46116
27,44533	46078
27,45600	46100
27,46667	46164
27,47733	46261
27,48800	46388
27,49867	46541
27,50933	46714
27,52000	46907
27,53067	47123
27,54133	47381
27,55200	47707
27,56267	48120
27,57333	48605
27,58400	49110
27,59467	49588
27,60533	50017
27,61600	50395
27,62667	50710
27,63733	50931
27,64800	51054
27,65867	51109
27,66933	51142
27,68000	51184
27,69067	51220
27,70133	51215
27,71200	51156
27,72267	51058
27,73333	50944
27,74400	50824
27,75467	50687
27,76533	50520
27,77600	50326
27,78667	50121
27,79733	49929
27,80800	49771
27,81867	49659
27,82933	49593
27,84000	49569
27,85067	49577
27,86133	49601
27,87200	49632
27,88267	49656
27,89333	49667
27,90400	49660
27,91467	49636
27,92533	49609
27,93600	49589
27,94667	49586
27,95733	49602
27,96800	49639
27,97867	49687
27,98933	49733
28,00000	49762
28,01067	49766
28,02133	49745
28,03200	49705
28,04267	49654
28,05333	49598
28,06400	49543
28,07467	49499
28,08533	49474
28,09600	49463
28,10667	49463
28,11733	49470
28,12800	49478
28,13867	49487
28,14933	49489
28,16000	49479
28,17067	49458
28,18133	49427
28,19200	49389
28,20267	49355
28,21333	49321
28,22400	49290
28,23467	49267
28,24533	49249
28,25600	49234
28,26667	49219
28,27733	49209
28,28800	49199
28,29867	49192
28,30933	49188
28,32000	49186
28,33067	49185
28,34133	49183
28,35200	49179
28,36267	49174
28,37333	49166
28,38400	49159
28,39467	49160
28,40533	49169
28,41600	49197
28,42667	49250
28,43733	49324
28,44800	49416
28,45867	49517
28,46933	49623
28,48000	49723
28,49067	49808
28,50133	49876
28,51200	49923
28,52267	49949
28,53333	49958
28,54400	49951
28,55467	49933
28,56533	49914
28,57600	49903
28,58667	49908
28,59733	49947
28,60800	50024
28,61867	50147
28,62933	50329
28,64000	50563
28,65067	50824
28,66133	51075
28,67200	51272
28,68267	51386
28,69333	51400
28,70400	51324
28,71467	51183
28,72533	51003
28,73600	50805
28,74667	50611
28,75733	50431
28,76800	50266
28,77867	50122
28,78933	50002
28,80000	49907
28,81067	49838
28,82133	49791
28,83200	49759
28,84267	49738
28,85333	49718
28,86400	49698
28,87467	49673
28,88533	49645
28,89600	49607
28,90667	49566
28,91733	49527
28,92800	49492
28,93867	49463
28,94933	49438
28,96000	49424
28,97067	49421
28,98133	49426
28,99200	49439
29,00267	49455
29,01333	49470
29,02400	49484
29,03467	49500
29,04533	49517
29,05600	49530
29,06667	49539
29,07733	49545
29,08800	49544
29,09867	49537
29,10933	49524
29,12000	49507
29,13067	49485
29,14133	49463
29,15200	49439
29,16267	49413
29,17333	49389
29,18400	49366
29,19467	49348
29,20533	49336
29,21600	49329
29,22667	49327
29,23733	49330
29,24800	49339
29,25867	49354
29,26933	49373
29,28000	49396
29,29067	49426
29,30133	49465
29,31200	49518
29,32267	49593
29,33333	49689
29,34400	49811
29,35467	49967
29,36533	50170
29,37600	50430
29,38667	50753
29,39733	51148
29,40800	51628
29,41867	52212
29,42933	52917
29,44000	53768
29,45067	54791
29,46133	56013
29,47200	57461
29,48267	59157
29,49333	61112
29,50400	63334
29,51467	65826
29,52533	68574
29,53600	71546
29,54667	74682
29,55733	77904
29,56800	81109
29,57867	84178
29,58933	87003
29,60000	89501
29,61067	91625
29,62133	93362
29,63200	94734
29,64267	95780
29,65333	96555
29,66400	97119
29,67467	97531
29,68533	97842
29,69600	98100
29,70667	98341
29,71733	98593
29,72800	98880
29,73867	99217
29,74933	99619
29,76000	100096
29,77067	100649
29,78133	101274
29,79200	101965
29,80267	102709
29,81333	103492
29,82400	104292
29,83467	105088
29,84533	105867
29,85600	106610
29,86667	107305
29,87733	107944
29,88800	108522
29,89867	109029
29,90933	109468
29,92000	109844
29,93067	110159
29,94133	110413
29,95200	110615
29,96267	110763
29,97333	110863
29,98400	110915
29,99467	110920
30,00533	110881
30,01600	110800
30,02667	110680
30,03733	110524
30,04800	110330
30,05867	110101
30,06933	109836
30,08000	109538
30,09067	109208
30,10133	108847
30,11200	108464
30,12267	108059
30,13333	107631
30,14400	107190
30,15467	106737
30,16533	106269
30,17600	105789
30,18667	105303
30,19733	104811
30,20800	104316
30,21867	103814
30,22933	103302
30,24000	102787
30,25067	102269
30,26133	101745
30,27200	101216
30,28267	100682
30,29333	100147
30,30400	99608
30,31467	99065
30,32533	98521
30,33600	97972
30,34667	97420
30,35733	96866
30,36800	96311
30,37867	95750
30,38933	95184
30,40000	94618
30,41067	94048
30,42133	93476
30,43200	92900
30,44267	92323
30,45333	91749
30,46400	91171
30,47467	90587
30,48533	89997
30,49600	89409
30,50667	88823
30,51733	88238
30,52800	87655
30,53867	87069
30,54933	86483
30,56000	85898
30,57067	85313
30,58133	84728
30,59200	84143
30,60267	83559
30,61333	82978
30,62400	82398
30,63467	81818
30,64533	81236
30,65600	80656
30,66667	80083
30,67733	79511
30,68800	78940
30,69867	78369
30,70933	77798
30,72000	77231
30,73067	76665
30,74133	76103
30,75200	75540
30,76267	74978
30,77333	74420
30,78400	73864
30,79467	73309
30,80533	72755
30,81600	72202
30,82667	71649
30,83733	71094
30,84800	70540
30,85867	69987
30,86933	69433
30,88000	68879
30,89067	68325
30,90133	67770
30,91200	67213
30,92267	66657
30,93333	66098
30,94400	65541
30,95467	64985
30,96533	64428
30,97600	63873
30,98667	63316
30,99733	62758
31,00800	62202
31,01867	61648
31,02933	61094
31,04000	60538
31,05067	59981
31,06133	59427
31,07200	58873
31,08267	58320
31,09333	57767
31,10400	57211
31,11467	56654
31,12533	56097
31,13600	55542
31,14667	54986
31,15733	54429
31,16800	53874
31,17867	53320
31,18933	52766
31,20000	52213
31,21067	51662
31,22133	51109
31,23200	50557
31,24267	50003
31,25333	49448
31,26400	48895
31,27467	48344
31,28533	47793
31,29600	47242
31,30667	46695
31,31733	46143
31,32800	45588
31,33867	45035
31,34933	44486
31,36000	43938
31,37067	43389
31,38133	42843
31,39200	42301
31,40267	41761
31,41333	41222
31,42400	40686
31,43467	40153
31,44533	39621
31,45600	39096
31,46667	38575
31,47733	38054
31,48800	37540
31,49867	37029
31,50933	36524
31,52000	36027
31,53067	35534
31,54133	35043
31,55200	34558
31,56267	34079
31,57333	33602
31,58400	33128
31,59467	32661
31,60533	32196
31,61600	31732
31,62667	31272
31,63733	30811
31,64800	30348
31,65867	29889
31,66933	29429
31,68000	28966
31,69067	28507
31,70133	28045
31,71200	27581
31,72267	27119
31,73333	26655
31,74400	26186
31,75467	25716
31,76533	25248
31,77600	24776
31,78667	24299
31,79733	23821
31,80800	23343
31,81867	22863
31,82933	22382
31,84000	21901
31,85067	21421
31,86133	20941
31,87200	20461
31,88267	19983
31,89333	19509
31,90400	19035
31,91467	18562
31,92533	18091
31,93600	17622
31,94667	17155
31,95733	16692
31,96800	16233
31,97867	15776
31,98933	15325
32,00000	14877


[Fraction Collection Report]
# of Fractions	0
